<COLLADA xmlns="http://www.collada.org/2005/11/COLLADASchema" version="1.4.1">
  <asset>
    <created>2026-09-25T14:22:25.843331</created>
    <modified>2026-09-25T14:22:25.843333</modified>
    <up_axis>Y_UP</up_axis>
  </asset>
  <library_effects>
    <effect id="79c98cb1d07343faaac3db758d7b4c35" name="79c98cb1d07343faaac3db758d7b4c35">
      <profile_COMMON>
        <technique sid="common">
          <phong>
            <ambient>
              <color>0.0 0.0 0.0 1.0</color>
            </ambient>
            <diffuse>
              <color>0.3137254901960784 0.27450980392156865 0.23529411764705882 1.0</color>
            </diffuse>
            <specular>
              <color>1.0 1.0 1.0 1.0</color>
            </specular>
            <shininess>
              <float>14.326531172011677</float>
            </shininess>
            <reflective>
              <color>0.0 0.0 0.0 1.0</color>
            </reflective>
            <reflectivity>
              <float>0.0</float>
            </reflectivity>
            <transparent>
              <color>0.0 0.0 0.0 1.0</color>
            </transparent>
            <transparency>
              <float>1.0</float>
            </transparency>
          </phong>
        </technique>
        <extra>
          <technique profile="GOOGLEEARTH">
            <double_sided>0</double_sided>
          </technique>
        </extra>
      </profile_COMMON>
    </effect>
  </library_effects>
  <library_geometries>
    <geometry id="8e67a5f6292644e2853ab7f8e05a0255" name="f945c0989cc7448399273780c21793ff">
      <mesh>
        <source id="verts-array">
          <float_array count="3717" id="verts-array-array">0.0015 0.025 0.005280009 0.0045 0.025 0.005280009 0.0014 0.02500167 0.005280009 0.001500001 0.025 -0.005319991 0.0014 0.02500167 -0.005319991 0.004500001 0.025 -0.005319991 0.005999328 0.025 -0.003864896 0.005999664 0.025 -0.003819959 0.005999664 0.02 -0.003819959 0.005999328 0.02 -0.003864896 0.0045 0.025 0.005280009 0.004500001 0.025 -0.005319991 0.0014 0.02500167 -0.005319991 0.0014 0.02500167 0.005280009 0.005999328 0.025 0.003824914 0.005999328 0.02 0.003824914 0.005999664 0.02 0.003779977 0.005999664 0.025 0.003779977 0.005999664 0.02 -0.003819959 0.005999664 0.025 -0.003819959 0.005999832 0.025 -0.003842429 0.005999328 0.02 -0.003864896 0.005999328 0.025 -0.003864896 0.005999328 0.02 0.003824914 0.005999328 0.025 0.003824914 0.005999832 0.025 0.003802448 0.005999664 0.02 0.003779977 0.005999664 0.025 0.003779977 -0.001499999 0.0372491 -0.008368247 -0.001499999 0.03790789 -0.007902521 -0.001499999 0.038419 -0.007388363 -0.001499999 0.03652953 -0.008711843 -0.001499999 0.03875402 -0.006918483 -0.001499999 0.03902534 -0.006350213 -0.001499999 0.03911035 -0.00606692 -0.001499999 0.03917837 -0.005516326 -0.0015 0.03917837 0.005476343 -0.0015 0.03910723 0.006039711 -0.0015 0.03900855 0.006355845 -0.0015 0.03870647 0.006955361 -0.0015 0.0384352 0.007328734 -0.0015 0.03789764 0.007871174 -0.0015 0.03733666 0.008275821 -0.0015 0.03661653 0.00863795 -0.001499999 0.03567404 -0.009008352 -0.001499999 0.03231912 -0.009801663 -0.0015 0.03652953 0.00867186 -0.0015 0.03343173 0.00954351 -0.0015 0.028 0.010414 -0.001499999 0.02839151 -0.01040513 -0.001499999 0.028 -0.01045398 -0.001340547 0.02703496 0.01052752 -0.001431971 0.02736475 -0.01052975 -0.001261683 0.02685635 0.0105473 -0.001329559 0.02700321 -0.01057108 -0.001260013 0.0268575 -0.01058712 -0.001054582 0.02642707 -0.01063448 -0.001126889 0.02655105 0.0105811 -0.0008291241 0.02610919 0.01062827 -0.0008360984 0.02611781 -0.01066734 -0.0006131292 0.02588663 0.0106513 -0.0006092802 0.0258907 -0.0106908 -0.0003851475 0.02566629 -0.01071398 -0.0004596325 0.02572847 0.01066766 -2.618584e-05 0.02541722 0.01069909 -7.769817e-05 0.02544836 -0.01073596 0.0003552753 0.02523534 0.01071711 0.0003573799 0.02523968 -0.01075665 0.0014 0.02500167 -0.005319991 0.0004976497 0.02517241 -0.01076332 0.0008562282 0.02506989 -0.01077336 0.001500001 0.025 -0.01078016 0.001500001 0.025 -0.005319991 0.0014 0.02500167 0.005280009 0.004500001 0.025 -0.005319991 0.0004540351 0.02518825 0.01072178 0.0009689094 0.02504738 0.01073557 0.005886677 0.025 -0.01078016 0.0015 0.025 0.01074018 0.0015 0.025 0.005280009 0.0045 0.025 0.005280009 0.005886676 0.025 0.01074018 0.005999328 0.025 -0.003864896 0.006640609 0.025 -0.01069764 0.007107056 0.025 -0.01055945 0.007725878 0.025 -0.01025509 0.008123777 0.025 -0.009966937 0.008606512 0.025 -0.00947358 0.008887521 0.025 -0.009067148 0.009179381 0.025 -0.008440017 0.009309194 0.025 -0.007965264 0.009377337 0.025 -0.007275181 0.005999832 0.025 -0.003842429 0.005999664 0.025 -0.003819959 0.009377336 0.025 0.0072352 0.005999664 0.025 0.003779977 0.005999832 0.025 0.003802448 0.005999328 0.025 0.003824914 0.009375994 0.025 0.007332587 0.006572943 0.025 0.01067195 0.009289099 0.025 0.008019283 0.007039649 0.025 0.0105439 0.009148869 0.025 0.008483727 0.00766466 0.025 0.0102523 0.008840901 0.025 0.0091037 0.008062647 0.025 0.009976993 0.008556659 0.025 0.009494392 -0.009493281 0.02009108 -0.007839157 -0.009498279 0.02002336 -0.00778354 -0.009499999 0.02 -0.007720952 -0.009466575 0.02044911 -0.007952311 -0.0095 0.02 0.007681045 -0.009496953 0.02004135 0.007762912 -0.009486564 0.02018177 0.007841634 -0.009446738 0.02071024 0.007951262 -0.009402245 0.02127848 -0.008033776 -0.009361846 0.02177123 0.008006618 -0.009180154 0.0237027 -0.00802841 -0.009083933 0.02455723 0.007980284 -0.008918867 0.02578015 -0.008037006 -0.008912061 0.02577911 0.008004538 -0.008886268 0.02603932 -0.008038078 -0.008778222 0.02673062 0.008023425 -0.008493014 0.02827459 -0.008157096 -0.008367704 0.02885611 0.008161382 -0.008173608 0.02960037 0.008225664 -0.008173419 0.02960065 -0.008267007 -0.007989674 0.03036305 -0.0083302 -0.00783754 0.03088903 0.008336961 -0.007419636 0.03215273 -0.00848708 -0.007293161 0.03247732 0.008478237 -0.007280996 0.03247194 -0.008521377 -0.006925236 0.03329106 -0.008609384 -0.006456178 0.03408111 -0.007950623 -0.007286787 0.03249592 0.008479892 -0.006925236 0.03329106 0.008569402 -0.006425836 0.03412486 0.007869719 -0.006388071 0.03417162 0.007821147 -0.006385274 0.0341697 -0.007859187 -0.005900888 0.03477487 0.007194565 -0.005900846 0.03477492 -0.007234493 -0.005670873 0.0350075 0.007027502 -0.005670872 0.0350075 -0.007067485 -0.001669603 0.03632643 -0.008787215 -0.001499999 0.03652953 -0.008711843 -0.001499999 0.03567404 -0.009008352 -0.002233308 0.03567009 -0.008994455 -0.001499999 0.03231912 -0.009801663 -0.002837971 0.03496607 -0.009216754 -0.00452079 0.03311512 -0.009648557 -0.004646105 0.03231679 -0.009788378 -0.004952265 0.0303664 -0.01012998 -0.001499999 0.02839151 -0.01040513 -0.005213363 0.02838974 -0.01039187 -0.001499999 0.028 -0.01045398 -0.005364927 0.02724231 -0.01054389 -0.001431971 0.02736475 -0.01052975 -0.001329559 0.02700321 -0.01057108 -0.005034448 0.0332086 -0.009589544 -0.00452079 0.03311512 -0.009648557 -0.005775514 0.02338838 -0.01092976 -0.001054582 0.02642707 -0.01063448 -0.0008360984 0.02611781 -0.01066734 -0.006263702 0.02997327 -0.009954845 -0.005023397 0.02982789 -0.01020133 -0.005702302 0.03329951 -0.009393654 -0.005737824 0.0333014 -0.009375341 -0.00634749 0.03333394 -0.009061041 -0.006704917 0.02660604 -0.01037989 -0.005446117 0.02648023 -0.01062019 -0.00688694 0.0300169 -0.009627781 -0.006918158 0.03329159 -0.008614917 -0.007332786 0.02664655 -0.01005312 -0.007419636 0.03215273 -0.00848708 -0.006925236 0.03329106 -0.008609384 -0.007445259 0.03003253 -0.009173102 -0.007701504 0.03126778 -0.008409507 -0.007901103 0.03001826 -0.008615595 -0.007989674 0.03036305 -0.0083302 -0.008077428 0.02999894 -0.008300019 -0.00842594 0.02855289 -0.008180163 -0.007894515 0.02666504 -0.009596365 -0.008351871 0.0266596 -0.009034742 -0.008679601 0.02663131 -0.008406441 -0.008493014 0.02827459 -0.008157096 -0.008786225 0.02660798 -0.008068357 -0.008886268 0.02603932 -0.008038078 -0.009035191 0.02326077 -0.008726045 -0.009180154 0.0237027 -0.00802841 -0.009224755 0.02321586 -0.008029488 -0.009402245 0.02127848 -0.008033776 -0.009256269 0.02002257 -0.008992917 -0.009466575 0.02044911 -0.007952311 -0.008707534 0.0232879 -0.009357244 -0.009274255 0.02002193 -0.008956619 -0.009414188 0.02001281 -0.008490263 -0.008967345 0.02003283 -0.009576025 -0.009493281 0.02009108 -0.007839157 -0.008930175 0.0200335 -0.009627159 -0.009498904 0.02000098 -0.007807514 -0.009498279 0.02002336 -0.00778354 -0.009499999 0.02 -0.007720952 -0.008681081 0.02003797 -0.009969836 -0.008248616 0.02329759 -0.009920961 -0.008462325 0.02003913 -0.01018355 -0.008186762 0.0200406 -0.01045277 -0.007683929 0.02328865 -0.01037857 -0.007903785 0.02003928 -0.01064853 -0.007786003 0.02003873 -0.01073001 -0.007052203 0.02326224 -0.01070475 -0.007269273 0.02003184 -0.01097116 -0.007159887 0.02003038 -0.01102221 -0.006688867 0.02002028 -0.01115153 -0.005789924 0.02317347 -0.01094817 -0.006002703 0.02000005 -0.01121999 -0.006002703 0.02000005 -0.01121999 -0.0003851475 0.02566629 -0.01071398 -7.769817e-05 0.02544836 -0.01073596 0.0004976497 0.02517241 -0.01076332 0.0008562282 0.02506989 -0.01077336 0.001500001 0.025 -0.01078016 0.00600169 0.02000002 -0.01121999 0.005886677 0.025 -0.01078016 0.006689099 0.02001251 -0.01115149 0.00600169 0.02000002 -0.01121999 0.006640609 0.025 -0.01069764 0.007159514 0.02001753 -0.01102234 0.007107056 0.025 -0.01055945 0.007265567 0.02001787 -0.01097286 0.007147606 0.025 -0.01053951 0.007785785 0.02001957 -0.01073014 0.007725878 0.025 -0.01025509 0.007896617 0.02001907 -0.01065347 0.007777595 0.025 -0.01021764 0.00818684 0.02001776 -0.01045271 0.008123777 0.025 -0.009966937 0.008452797 0.02001432 -0.01019287 0.00833152 0.025 -0.009754621 0.008681035 0.02001137 -0.009969892 0.008606512 0.025 -0.00947358 0.008922417 0.02000075 -0.00964359 0.008795432 0.025 -0.009200339 0.008939303 0.02000001 -0.009620762 0.009228909 0.01999694 -0.009070602 0.008887521 0.025 -0.009067148 0.009246674 0.01999633 -0.00901265 0.009119242 0.025 -0.00856924 0.00943117 0.01999001 -0.008410825 0.009179381 0.025 -0.008440017 0.009309194 0.025 -0.007965264 0.009499942 0.02000201 -0.007726995 0.009489659 0.02039766 -0.007681196 0.009421272 0.02347048 -0.007415785 0.009377337 0.025 -0.007275181 0.009377336 0.025 0.0072352 0.009438911 0.02248684 0.007457898 0.009421272 0.02347048 -0.007415785 0.009443162 0.02248693 -0.007500738 0.009489659 0.02039766 -0.007681196 0.009476183 0.02096562 0.007592698 0.009498375 0.02006029 0.007683662 0.009499946 0.02000132 0.007687471 0.009499942 0.02000201 -0.007726995 0.009476183 0.02096562 0.007592698 0.009375994 0.025 0.007332587 0.009289099 0.025 0.008019283 0.009498375 0.02006029 0.007683662 0.009148869 0.025 0.008483727 0.009445659 0.01998938 0.00829463 0.009499946 0.02000132 0.007687471 0.009285184 0.01999339 0.008887555 0.009245374 0.01999477 0.008971276 0.009124979 0.025 0.008531819 0.008840901 0.025 0.0091037 0.009010325 0.0200029 0.009465612 0.008798308 0.025 0.009162242 0.008913865 0.02000522 0.00959701 0.008556659 0.025 0.009494392 0.008605882 0.02001263 0.01001655 0.008331635 0.025 0.009714218 0.008453907 0.02001412 0.01015308 0.008062647 0.025 0.009976993 0.008044649 0.02001813 0.01052074 0.007776042 0.025 0.01017525 0.007893563 0.02001776 0.01060697 0.00766466 0.025 0.0102523 0.007404677 0.02001657 0.010886 0.00714539 0.025 0.01049456 0.007266237 0.02001515 0.01093118 0.007039649 0.025 0.0105439 0.006755995 0.0200099 0.0110977 0.006572943 0.025 0.01067195 0.006001689 0.02000002 0.01118001 0.005886676 0.025 0.01074018 0.006001689 0.02000002 0.01118001 0.0015 0.025 0.01074018 0.0009689094 0.02504738 0.01073557 -0.006002703 0.02000005 0.01118001 0.0004540351 0.02518825 0.01072178 -2.618584e-05 0.02541722 0.01069909 -0.0004596325 0.02572847 0.01066766 -0.005974916 0.0206174 0.01112771 -0.0008291241 0.02610919 0.01062827 -0.006688868 0.02002028 0.01111155 -0.006002703 0.02000005 0.01118001 -0.007159888 0.02003038 0.01098223 -0.007269254 0.02003184 0.01093119 -0.005725289 0.02393963 0.01084002 -0.001126889 0.02655105 0.0105811 -0.001340547 0.02703496 0.01052752 -0.007052012 0.02326421 0.0106646 -0.007786004 0.02003873 0.01069003 -0.005348362 0.02737772 0.01048826 -0.001425974 0.02755199 0.0104667 -0.006704085 0.02661289 0.01033917 -0.005446009 0.02648704 0.01057939 -0.005325215 0.02755173 0.01046493 -0.0015 0.028 0.010414 -0.004933945 0.03049316 0.01007052 -0.0015 0.03343173 0.00954351 -0.0015 0.03652953 0.00867186 -0.002674894 0.03515204 0.009124872 -0.003985006 0.03369137 0.009487915 -0.004226637 0.03343149 0.00954233 -0.00452079 0.03311512 0.009608574 -0.00452079 0.03311512 0.009608574 -0.00519319 0.03323366 0.009515563 -0.006262975 0.02997827 0.009914136 -0.005736941 0.0332997 0.009330289 -0.005021822 0.02983253 0.0101591 -0.005841956 0.03331245 0.009294507 -0.006353087 0.03332964 0.009007925 -0.007331937 0.02665342 0.01001241 -0.006886198 0.0300219 0.009587083 -0.006445243 0.03333274 0.008956254 -0.006918198 0.03329168 0.008575074 -0.006925236 0.03329106 0.008569402 -0.007286787 0.03249592 0.008479892 -0.007444507 0.03003751 0.009132421 -0.007702587 0.03128278 0.008371984 -0.007683727 0.02329063 0.01033843 -0.00790376 0.02003928 0.01060856 -0.008186763 0.0200406 0.01041278 -0.007893655 0.02667191 0.00955567 -0.007900351 0.03002322 0.008574937 -0.00783754 0.03088903 0.008336961 -0.008068534 0.03000329 0.008260462 -0.008367704 0.02885611 0.008161382 -0.00824841 0.02329958 0.009880836 -0.008462294 0.02003913 0.0101436 -0.008681082 0.02003797 0.009929853 -0.00835101 0.02666647 0.008994066 -0.00842692 0.02854952 0.008141482 -0.008707328 0.0232899 0.009317133 -0.008930144 0.0200335 0.00958722 -0.008967346 0.02003283 0.009536043 -0.009256242 0.02002257 0.008952992 -0.008678746 0.02663817 0.008365787 -0.008778222 0.02673062 0.008023425 -0.008794487 0.02661498 0.00802113 -0.009083933 0.02455723 0.007980284 -0.009034991 0.02326277 0.00868595 -0.009217569 0.02321758 0.007992947 -0.009361846 0.02177123 0.008006618 -0.009446738 0.02071024 0.007951262 -0.009274256 0.02002193 0.008916636 -0.009414188 0.02001281 0.00845028 -0.009486564 0.02018177 0.007841634 -0.009496953 0.02004135 0.007762912 -0.009498908 0.02000098 0.007767398 -0.0095 0.02 0.007681045 0.00928367 0.0135 0.008891419 0.008474873 0.0135 0.01015488 0.00721141 0.0135 0.01096368 0.009500001 0.0135 0.00768001 0.006 0.0135 0.01118001 -0.0095 0.0135 0.007680009 -0.006 0.0135 0.01118001 -0.007339392 0.0135 0.01091359 -0.008474873 0.0135 0.01015488 -0.009233578 0.0135 0.009019402 0.009500001 0.0135 -0.00771999 -0.009499999 0.0135 -0.007720154 -0.005999999 0.0135 -0.01121999 -0.009233577 0.0135 -0.009059384 -0.007339391 0.0135 -0.01095357 -0.008474873 0.0135 -0.01019486 0.006000001 0.0135 -0.01121999 0.007211411 0.0135 -0.01100366 0.009283671 0.0135 -0.0089314 0.008474873 0.0135 -0.01019486 0.009432448 0.01013869 -0.007035658 0.009399129 0.01006232 -0.006885769 0.009497969 0.0100826 -0.007600747 0.009499986 0.01049442 -0.007709556 0.009475759 0.01007817 -0.007922529 0.009500001 0.0105 -0.00771999 0.009494061 0.0135 -0.007923792 0.009448424 0.01007272 -0.00831864 0.009137466 0.0135 -0.009271219 0.00928921 0.01003956 -0.008916278 0.00912185 0.01000237 -0.009263697 0.008985642 0.009972112 -0.009546448 0.0082833 0.0135 -0.01037264 0.008554009 0.009867709 -0.01011312 0.008271313 0.009791795 -0.01035885 0.007067027 0.0135 -0.01105338 0.008014264 0.009722767 -0.01058229 0.007478783 0.009562446 -0.01089225 0.007061871 0.009422447 -0.01103865 0.006000001 0.0135 -0.01121999 0.006829347 0.009344365 -0.01112031 0.006116848 0.009073963 -0.01121804 0.006000001 0.009026281 -0.01121999 0.00600169 0.02000002 -0.01121999 0.006689099 0.02001251 -0.01115149 0.007211411 0.0135 -0.01100366 0.007159514 0.02001753 -0.01102234 0.007209291 0.02001769 -0.01099912 0.007785785 0.02001957 -0.01073014 0.008474873 0.0135 -0.01019486 0.00818684 0.02001776 -0.01045271 0.008463099 0.02001419 -0.01018281 0.008681035 0.02001137 -0.009969892 0.008939303 0.02000001 -0.009620762 0.009283671 0.0135 -0.0089314 0.009228909 0.01999694 -0.009070602 0.009272622 0.01999544 -0.008928014 0.00943117 0.01999001 -0.008410825 0.009500001 0.0135 -0.00771999 0.009499942 0.02000201 -0.007726995 0.009500001 0.0135 0.00768001 0.009499942 0.02000201 -0.007726995 0.009499946 0.02000132 0.007687471 0.009499946 0.02000132 0.007687471 0.009445659 0.01998938 0.00829463 0.00928367 0.0135 0.008891419 0.009285184 0.01999339 0.008887555 0.009283354 0.01999346 0.008891405 0.009010325 0.0200029 0.009465612 0.008474873 0.0135 0.01015488 0.008605882 0.02001263 0.01001655 0.008464613 0.02001401 0.01014346 0.008044649 0.02001813 0.01052074 0.00721141 0.0135 0.01096368 0.007404677 0.02001657 0.010886 0.007207079 0.02001454 0.01095049 0.006755995 0.0200099 0.0110977 0.006 0.0135 0.01118001 0.006001689 0.02000002 0.01118001 0.006707108 0.009300341 0.01110784 0.00729352 0.009501568 0.01092471 0.006 0.009026281 0.01118001 0.00729562 0.0135 0.01093137 0.007369257 0.009527558 0.01090105 0.007995825 0.009717488 0.01055519 0.008539213 0.009863945 0.01008882 0.008612469 0.0135 0.01000917 0.008604994 0.00987989 0.01000341 0.008977532 0.009970194 0.009519654 0.009291593 0.01004003 0.008869719 0.009378132 0.0135 0.008595556 0.009360745 0.0100544 0.008591238 0.009500001 0.0105 0.00768001 0.009465776 0.01007622 0.008168262 0.009494278 0.01039317 0.007479951 0.009494278 0.01039317 0.007479951 0.009492818 0.01008156 0.00745593 0.009477068 0.01028707 0.007280009 0.009477068 0.01007835 0.007280009 0.009477068 0.01028707 0.007280009 0.009499986 0.01049442 -0.007709556 0.009432448 0.01013869 -0.007035658 0.009423243 0.01011759 -0.006994248 0.00942388 0.01011732 0.007280009 0.009399129 0.01006232 -0.006885769 0.00937971 0.01002449 -0.006812448 0.009201399 0.009797636 -0.006393989 0.009207107 0.009792894 0.007280009 0.009169867 0.00975752 -0.00631999 0.008882685 0.009576121 0.007280009 0.008882686 0.009576121 -0.00631999 0.0085 0.009500002 0.007280009 0.0085 0.009500002 -0.00631999 -0.0085 0.009500002 0.007280008 -0.0085 0.009500002 -0.006319991 -0.008882684 0.009576121 0.007280008 -0.008882683 0.009576121 -0.006319991 -0.009169865 0.00975752 -0.006319991 -0.009207007 0.00979297 -0.006389057 -0.009207106 0.009792894 0.007280008 -0.009399128 0.01006232 -0.00688577 -0.009423879 0.01011732 0.007280008 -0.009423241 0.01011759 -0.006994248 -0.009432445 0.01013869 -0.007035659 -0.009499984 0.01049442 -0.007709557 -0.0095 0.0105 0.007280008 -0.009499999 0.0105 -0.007719991 -0.009499999 0.0135 -0.007720154 -0.0095 0.0135 0.007680009 -0.009499999 0.02 -0.007720952 -0.0095 0.02 0.007681045 -0.009498908 0.02000098 0.007767398 -0.0095 0.02 0.007681045 -0.009414188 0.02001281 0.00845028 -0.009233578 0.0135 0.009019402 -0.009274256 0.02002193 0.008916636 -0.009225355 0.02002367 0.009015325 -0.008967346 0.02003283 0.009536043 -0.008474873 0.0135 0.01015488 -0.008681082 0.02003797 0.009929853 -0.008463091 0.02003913 0.01014282 -0.008186763 0.0200406 0.01041278 -0.007786004 0.02003873 0.01069003 -0.007339392 0.0135 0.01091359 -0.007333593 0.02003269 0.01090116 -0.007159888 0.02003038 0.01098223 -0.006688868 0.02002028 0.01111155 -0.006 0.0135 0.01118001 -0.006002703 0.02000005 0.01118001 0.006001689 0.02000002 0.01118001 -0.006002703 0.02000005 0.01118001 -0.00887142 0.009945437 0.009681244 -0.008470975 0.009846076 0.01015156 -0.008433483 0.009836774 0.01019559 -0.009211346 0.01002274 0.009071862 -0.00721141 0.0135 0.01096368 -0.009283669 0.0135 0.008891418 -0.007854755 0.009676748 0.01064815 -0.009269902 0.01003513 0.008887055 -0.009426923 0.01006835 0.008391479 -0.0095 0.01008301 0.007680009 -0.0095 0.01008301 0.007280008 -0.00940833 0.009664752 0.007280008 -0.00940833 0.009664752 0.007680009 -0.009150125 0.00932318 0.007280008 -0.009426923 0.01006835 0.008391479 -0.009432966 0.009777158 0.007680009 -0.009150125 0.00932318 0.007680009 -0.008772727 0.009120915 0.007280008 -0.009380585 0.009758216 0.008372512 -0.009424101 0.01006775 0.008400391 -0.008772727 0.009120915 0.007680009 -0.006962725 0.008411407 0.007280008 -0.009176806 0.009712774 0.009027114 -0.00887142 0.009945437 0.009681244 -0.008748103 0.009113901 0.008046863 -0.0085983 0.009069753 0.008640495 -0.009048699 0.009268821 0.007680009 -0.008748103 0.009113901 0.008046863 -0.00836872 0.008997111 0.009102874 -0.009001276 0.00923837 0.008261094 -0.0085983 0.009069753 0.008640495 -0.00923411 0.00946527 0.00832388 -0.009279228 0.009493966 0.007680009 -0.008838649 0.009194916 0.008810317 -0.0085791 0.009063677 0.008679166 -0.009049625 0.009420672 0.008932604 -0.008753791 0.009343093 0.009488748 -0.008237075 0.009009931 0.009739256 -0.008051558 0.008885696 0.00949541 -0.008003815 0.008868923 0.009554501 -0.008003815 0.008868923 0.009554501 -0.007552597 0.008687928 0.009895745 -0.007042647 0.008451649 0.010108 -0.00696384 0.008409332 0.01011846 -0.0065 0.008160255 0.01018001 -0.005085357 0.00717153 0.007280008 -0.005090815 0.007163811 0.01018001 -0.005001701 0.007100798 0.01018001 -0.003722222 0.005785395 0.007280008 -0.00646194 0.008226178 0.01056269 -0.007042647 0.008451649 0.010108 -0.006463448 0.008223565 0.01054753 -0.003722222 0.005785395 0.01018001 -0.007391904 0.00868191 0.01033145 -0.00731124 0.008576099 0.009996203 -0.007409562 0.008891813 0.01062894 -0.007910526 0.009079541 0.01034801 -0.00836781 0.009230399 0.009964159 -0.008422407 0.009520305 0.01013519 -0.008849717 0.009634063 0.009624879 -0.008855047 0.009941375 0.009700475 -0.008433483 0.009836774 0.01019559 -0.008395492 0.00982627 0.0102253 -0.007915409 0.009368826 0.010546 -0.007853414 0.009676331 0.01064881 -0.007227298 0.009481205 0.01095777 -0.007210985 0.009475457 0.0109621 -0.006557517 0.0092452 0.01113532 -0.006 0.009026281 0.01118001 -0.007359124 0.009181286 0.01084466 -0.004351871 0.007860877 0.01118001 -0.007392428 0.009030048 0.01075004 -0.006268281 0.008561604 0.01100107 -0.006353553 0.008413908 0.01088712 -0.006191342 0.008694867 0.01110389 -0.004952236 0.007158655 0.01056269 -0.00481137 0.00732342 0.01088712 -0.003663017 0.005833239 0.01056269 -0.003557191 0.005490188 0.01018001 -0.003557191 0.005490188 0.007280008 -0.003494416 0.005969489 0.01088712 -0.0035 0.005156856 0.01018001 -0.0035 0.005156856 0.007280008 -0.003485424 0.005515562 0.01056269 -0.0035 -0.0004999991 0.01018001 -0.0035 -0.0004999991 0.007280008 -0.00342388 0.005156856 0.01056269 -0.003288924 -0.001697069 0.01018001 -0.00342388 -0.0004999991 0.01056269 -0.003153391 -0.002018592 0.007280008 -0.003115817 -0.001996899 0.01018001 -0.002681155 -0.002749755 0.01018001 -0.002182214 -0.003236409 0.007280008 -0.003217394 -0.001671034 0.01056269 -0.002148734 -0.003196509 0.01018001 -0.00175 -0.003531089 0.01018001 -0.000778823 -0.003912248 0.007280008 -0.002622844 -0.002700826 0.01056269 -0.0007699273 -0.003887806 0.01018001 -0.0006077685 -0.003946827 0.01018001 -0.00171194 -0.003465165 0.01056269 0.0006077687 -0.003946827 0.01018001 0.0007788234 -0.003912248 0.007280008 -0.0005945507 -0.003871862 0.01056269 0.0007699275 -0.003887806 0.01018001 0.00175 -0.003531089 0.01018001 0.002182215 -0.003236409 0.007280009 0.0005945509 -0.003871862 0.01056269 0.002148736 -0.003196509 0.01018001 0.002681155 -0.002749755 0.01018001 0.003153391 -0.002018592 0.007280009 0.00171194 -0.003465165 0.01056269 0.003115817 -0.001996899 0.01018001 0.003288925 -0.001697069 0.01018001 0.0035 -0.0004999991 0.007280009 0.002622844 -0.002700826 0.01056269 0.000556908 -0.003658383 0.01088712 0.001603554 -0.003277434 0.01088712 0.003217394 -0.001671034 0.01056269 -0.0005569079 -0.003658383 0.01088712 0.0035 -0.0004999991 0.01018001 -0.001603553 -0.003277434 0.01088712 0.0035 0.005156856 0.01018001 0.0035 0.005156856 0.007280009 -0.002456786 -0.002561488 0.01088712 0.003557191 0.005490188 0.01018001 0.003557191 0.005490188 0.007280009 0.003423879 0.005156856 0.01056269 0.003722223 0.005785395 0.01018001 0.003722223 0.005785395 0.007280009 0.003485424 0.005515562 0.01056269 0.003423879 -0.0004999991 0.01056269 0.003207106 0.005156856 0.01088712 0.003663018 0.005833239 0.01056269 0.0050017 0.007100798 0.01018001 0.005095176 0.00717973 0.007280009 0.005101226 0.007171173 0.01018001 0.0065 0.008160255 0.01018001 0.004952235 0.007158655 0.01056269 0.006987342 0.008423897 0.007280009 0.003281049 0.005587819 0.01088712 0.003494416 0.005969489 0.01088712 0.008743447 0.009112567 0.007280009 0.008762985 0.009118148 0.007911405 0.008638321 0.009081797 0.008527094 0.008380047 0.009000838 0.00908478 0.008044573 0.008884031 0.009513996 0.007653386 0.008730579 0.009834195 0.007206741 0.008531497 0.0100561 0.006988907 0.008420816 0.01010724 0.006736705 0.00829267 0.01016644 0.006464134 0.008222377 0.01054063 0.00646194 0.008226178 0.01056269 0.006977701 0.00848724 0.01046796 0.007206741 0.008531497 0.0100561 0.00481137 0.00732342 0.01088712 0.007486186 0.008720309 0.01028129 0.007395072 0.008615441 0.00996253 0.006939534 0.008689873 0.01079061 0.0079626 0.00891024 0.009980494 0.007811509 0.008792606 0.009704767 0.008044573 0.008884031 0.009513996 0.007517924 0.008931347 0.01057512 0.008058648 0.009127619 0.01023611 0.00838563 0.009057152 0.009565304 0.008179352 0.008930959 0.009341556 0.008538447 0.009279093 0.009772683 0.008721517 0.009159881 0.009054194 0.008469433 0.009028857 0.008891772 0.008638321 0.009081797 0.008527094 0.008919514 0.009384796 0.009204562 0.008948167 0.009222456 0.00846835 0.008668739 0.009090666 0.008376872 0.008762985 0.009118148 0.007911405 0.00917683 0.009449073 0.008554425 0.009048367 0.009248422 0.007837423 0.00876016 0.009117341 0.007820052 0.008743447 0.009112567 0.007280009 0.009007599 0.009230826 0.007280009 0.009023688 0.00924522 0.007280009 0.009258376 0.009455166 0.007280009 0.009290653 0.009475715 0.0078546 0.009420721 0.009748131 0.007280009 0.009445083 0.009770298 0.007867927 0.009423933 0.009766949 0.007280009 0.009477068 0.01007835 0.007280009 0.009492818 0.01008156 0.00745593 0.009476912 0.01007842 0.007874952 0.009465776 0.01007622 0.008168262 0.009319296 0.009743098 0.008621141 0.009344737 0.01005108 0.008655703 0.009291593 0.01004003 0.008869719 0.009034716 0.009677704 0.009320689 0.009044334 0.009985048 0.009381412 0.008977532 0.009970194 0.009519654 0.008612746 0.009570726 0.009931445 0.008596343 0.009877793 0.01001464 0.008539213 0.009863945 0.01008882 0.008080617 0.00941831 0.01042849 0.008028409 0.009726269 0.01052723 0.007995825 0.009717488 0.01055519 0.007479896 0.009221938 0.01079005 0.007384396 0.009532146 0.0108927 0.007369257 0.009527558 0.01090105 0.006836249 0.008981664 0.01101658 0.006707108 0.009300341 0.01110784 0.006694742 0.009295548 0.0111091 0.00618491 0.008706007 0.01110645 0.006191342 0.008694867 0.01110389 0.006353553 0.008413908 0.01088712 0.004600549 0.007570007 0.01110389 0.00435187 0.007860877 0.01118001 0.003242087 0.006173403 0.01110389 0.002944445 0.006413934 0.01118001 0.00297518 0.00569596 0.01110389 0.002614382 0.005823522 0.01118001 -0.002614381 0.005823522 0.01118001 0.0025 0.005156856 0.01118001 0.002882684 0.005156856 0.01110389 0.003207106 -0.0004999991 0.01088712 0.002882684 -0.0004999991 0.01110389 0.003013695 -0.001596895 0.01088712 0.002708837 -0.001485935 0.01110389 0.002456786 -0.002561488 0.01088712 0.002208264 -0.002352952 0.01110389 0.001441342 -0.002996476 0.01110389 0.0005005726 -0.003338887 0.01110389 0.00125 -0.002665062 0.01118001 -0.0005005724 -0.003338887 0.01110389 0.0004341205 -0.002962018 0.01118001 -0.0004341204 -0.002962018 0.01118001 -0.001441342 -0.002996476 0.01110389 -0.00125 -0.002665062 0.01118001 0.001915112 -0.002106968 0.01118001 -0.001915111 -0.002106968 0.01118001 -0.002208264 -0.002352952 0.01110389 -0.002349231 -0.001355049 0.01118001 -0.002708837 -0.001485935 0.01110389 0.002349232 -0.001355049 0.01118001 -0.0025 -0.0004999991 0.01118001 0.0025 -0.0004999991 0.01118001 -0.003013694 -0.001596895 0.01088712 -0.0025 0.005156856 0.01118001 -0.003207107 -0.0004999991 0.01088712 -0.002882683 -0.0004999991 0.01110389 -0.003207107 0.005156856 0.01088712 -0.002882683 0.005156856 0.01110389 -0.003281048 0.005587819 0.01088712 -0.002975179 0.00569596 0.01110389 -0.002944444 0.006413934 0.01118001 -0.003242087 0.006173403 0.01110389 -0.00460055 0.007570007 0.01110389 -0.006089116 0.008871928 0.01114456 -0.006557517 0.0092452 0.01113532 -0.007312404 0.00933736 0.01091018 -0.007227298 0.009481205 0.01095777 -0.007254826 0.009489784 0.01094419 0.00942388 0.01011732 0.007280009 0.009477068 0.01028707 0.007280009 0.009477068 0.01007835 0.007280009 0.009207107 0.009792894 0.007280009 0.009420721 0.009748131 0.007280009 0.009258376 0.009455166 0.007280009 0.008882685 0.009576121 0.007280009 0.009007599 0.009230826 0.007280009 0.008743447 0.009112567 0.007280009 0.0085 0.009500002 0.007280009 0.006987342 0.008423897 0.007280009 -0.003557191 0.005490188 0.007280008 0.005095176 0.00717973 0.007280009 0.003722223 0.005785395 0.007280009 0.003557191 0.005490188 0.007280009 -0.0035 0.005156856 0.007280008 0.0035 0.005156856 0.007280009 -0.003722222 0.005785395 0.007280008 -0.0035 -0.0004999991 0.007280008 -0.005085357 0.00717153 0.007280008 0.0035 -0.0004999991 0.007280009 -0.006962725 0.008411407 0.007280008 -0.003153391 -0.002018592 0.007280008 -0.0085 0.009500002 0.007280008 -0.002182214 -0.003236409 0.007280008 -0.008772727 0.009120915 0.007280008 -0.000778823 -0.003912248 0.007280008 -0.008882684 0.009576121 0.007280008 0.003153391 -0.002018592 0.007280009 -0.009150125 0.00932318 0.007280008 0.002182215 -0.003236409 0.007280009 0.0007788234 -0.003912248 0.007280008 -0.009207106 0.009792894 0.007280008 -0.00940833 0.009664752 0.007280008 -0.0095 0.01008301 0.007280008 -0.009423879 0.01011732 0.007280008 -0.0095 0.0105 0.007280008 0.009067332 0.00952368 -0.00631999 0.009169867 0.00975752 -0.00631999 0.008882686 0.009576121 -0.00631999 0.008829042 0.009245713 -0.00631999 0.0085 0.009500002 -0.00631999 0.008756494 0.009189224 -0.00631999 0.008382938 0.009001787 -0.00631999 0.007011493 0.008436069 -0.00631999 -0.005102471 0.007064863 -0.006319991 0.00538889 0.007415449 -0.00631999 0.005102473 0.007064863 -0.00631999 -0.005388888 0.007415449 -0.006319991 -0.004999999 0.006623905 -0.006319991 -0.0070115 0.008436073 -0.006319991 0.005 0.006623905 -0.00631999 -0.0085 0.009500002 -0.006319991 -0.004999999 -0.0004999991 -0.006319991 -0.008382937 0.009001787 -0.006319991 0.005 -0.0004999991 -0.00631999 -0.008767525 0.009197258 -0.006319991 -0.004504844 -0.002669418 -0.006319991 -0.008882683 0.009576121 -0.006319991 -0.003117448 -0.004409156 -0.006319991 -0.009014469 0.00944378 -0.006319991 -0.009169865 0.00975752 -0.006319991 -0.001112604 -0.005374639 -0.006319991 0.004504845 -0.002669418 -0.00631999 0.003117449 -0.004409156 -0.00631999 0.001112606 -0.005374639 -0.006319991 0.00729562 0.0135 0.01093137 0.008612469 0.0135 0.01000917 0.009378132 0.0135 0.008595556 0.006 0.0135 0.01118001 0.009500001 0.0135 0.00768001 -0.0095 0.0135 0.007680009 -0.006 0.0135 0.01118001 -0.00721141 0.0135 0.01096368 0.009500001 0.0135 -0.00771999 -0.009283669 0.0135 0.008891418 -0.008474873 0.0135 0.01015488 -0.009499999 0.0135 -0.007720154 -0.005999999 0.0135 -0.01121999 -0.009494061 0.0135 -0.007923792 0.006000001 0.0135 -0.01121999 -0.007067025 0.0135 -0.01105338 0.009494061 0.0135 -0.007923792 -0.008283298 0.0135 -0.01037264 -0.009137465 0.0135 -0.00927122 0.007067027 0.0135 -0.01105338 0.0082833 0.0135 -0.01037264 0.009137466 0.0135 -0.009271219 -0.009496115 0.01008235 -0.007555145 -0.009399128 0.01006232 -0.00688577 -0.009432445 0.01013869 -0.007035659 -0.009499984 0.01049442 -0.007709557 -0.009475531 0.01007811 -0.007922755 -0.009494061 0.0135 -0.007923792 -0.009455858 0.01007405 -0.008274101 -0.009499999 0.0135 -0.007720154 -0.009137465 0.0135 -0.00927122 -0.009271162 0.01003532 -0.008964781 -0.009120641 0.01000172 -0.009262723 -0.008942901 0.009962037 -0.009614544 -0.008283298 0.0135 -0.01037264 -0.008550309 0.009866729 -0.01011706 -0.008271309 0.009791737 -0.0103588 -0.007067025 0.0135 -0.01105338 -0.008009599 0.009721392 -0.01058557 -0.007384145 0.00953233 -0.01093467 -0.007061621 0.009421793 -0.01103622 -0.005999999 0.0135 -0.01121999 -0.006707457 0.009300411 -0.01114775 -0.005999999 0.009026281 -0.01121999 -0.006002703 0.02000005 -0.01121999 0.00600169 0.02000002 -0.01121999 -0.006688867 0.02002028 -0.01115153 -0.006002703 0.02000005 -0.01121999 -0.007339391 0.0135 -0.01095357 -0.007159887 0.02003038 -0.01102221 -0.007333592 0.02003269 -0.01094115 -0.007786003 0.02003873 -0.01073001 -0.008474873 0.0135 -0.01019486 -0.008186762 0.0200406 -0.01045277 -0.00846309 0.02003913 -0.0101828 -0.008681081 0.02003797 -0.009969836 -0.008967345 0.02003283 -0.009576025 -0.009233577 0.0135 -0.009059384 -0.009225355 0.02002367 -0.009055308 -0.009274255 0.02002193 -0.008956619 -0.009414188 0.02001281 -0.008490263 -0.009498904 0.02000098 -0.007807514 -0.009499999 0.02 -0.007720952 -0.006707457 0.009300411 -0.01114775 -0.006180304 0.008713983 -0.01114826 -0.006989712 0.009050399 -0.01101856 -0.006859378 0.009352477 -0.01109991 -0.007384145 0.00953233 -0.01093467 -0.006191341 0.008694867 -0.01114387 -0.007775701 0.009329685 -0.01067611 -0.00769645 0.009626733 -0.01076035 -0.008009599 0.009721392 -0.01058557 -0.004777777 0.008206994 -0.01121999 -0.00847594 0.009540712 -0.01012409 -0.00844847 0.009839356 -0.0102053 -0.008550309 0.009866729 -0.01011706 -0.008942901 0.009962037 -0.009614544 -0.009023369 0.009682033 -0.009386493 -0.009028727 0.009981197 -0.009444658 -0.009271162 0.01003532 -0.008964781 -0.007785687 0.009038009 -0.01047286 -0.009360803 0.009759151 -0.008510747 -0.009385448 0.01005928 -0.008537402 -0.009455858 0.01007405 -0.008274101 -0.008417063 0.009248314 -0.009956696 -0.00891165 0.009388129 -0.009269793 -0.009449242 0.009778127 -0.007567342 -0.009495773 0.01008228 -0.007561249 -0.009496115 0.01008235 -0.007555145 -0.009399128 0.01006232 -0.00688577 -0.009216996 0.009463926 -0.008455265 -0.009278083 0.009740939 -0.006636439 -0.009294649 0.009915841 -0.006615648 -0.009206573 0.009792361 -0.006387933 -0.009148979 0.00971535 -0.006319991 -0.009169865 0.00975752 -0.006319991 -0.009142105 0.009446066 -0.006712437 -0.009014469 0.00944378 -0.006319991 -0.008981615 0.009410983 -0.006319991 -0.009297089 0.009482507 -0.007578055 -0.008919751 0.009217612 -0.006811085 -0.008767525 0.009197258 -0.006319991 -0.008709176 0.009167603 -0.006319991 -0.008638485 0.009081846 -0.006873467 -0.008382937 0.009001787 -0.006319991 -0.008647203 0.009084388 -0.006916483 -0.008762921 0.00911813 -0.007487447 -0.0070115 0.008436073 -0.006319991 -0.008638485 0.009081846 -0.006873467 -0.009056264 0.009253129 -0.007591941 -0.008759293 0.009117094 -0.007606262 -0.008743626 0.009112618 -0.008119348 -0.008985725 0.009235015 -0.008383307 -0.00869675 0.009098813 -0.00830374 -0.008606434 0.009072215 -0.008659014 -0.008606434 0.009072215 -0.008659014 -0.008330227 0.008984333 -0.009202363 -0.008716647 0.0091612 -0.00911778 -0.008459551 0.009025481 -0.008947959 -0.008330227 0.008984333 -0.009202363 -0.008280479 0.009025294 -0.009735893 -0.008083243 0.008896223 -0.009490172 -0.007951126 0.008849092 -0.009644131 -0.007723702 0.008821339 -0.01019738 -0.007494516 0.008662757 -0.009967957 -0.007600767 0.008706117 -0.009892604 -0.0070564 0.008458485 -0.01014392 -0.007494516 0.008662757 -0.009967957 -0.007012188 0.008434787 -0.01014996 -0.006499999 0.008160255 -0.01021999 -0.005388888 0.007415449 -0.006319991 -0.007101183 0.008550237 -0.01048183 -0.007059645 0.008459997 -0.01014261 -0.006463218 0.008223963 -0.01058981 -0.006461939 0.008226178 -0.01060267 -0.007078457 0.008757703 -0.01079699 -0.006353553 0.008413908 -0.0109271 -0.005011639 0.007904083 -0.01114387 -0.005209898 0.007647288 -0.0109271 -0.00534237 0.007475702 -0.01060267 -0.004548413 0.007337074 -0.01114387 -0.005388888 0.007415449 -0.01021999 -0.005102471 0.007064863 -0.006319991 -0.004839592 0.007194017 -0.0109271 -0.005034151 0.007098429 -0.01060267 -0.005102471 0.007064863 -0.01021999 -0.004999999 0.006623905 -0.006319991 -0.004707106 0.006623905 -0.0109271 -0.004999999 0.006623905 -0.01021999 -0.004923879 0.006623905 -0.01060267 -0.004999999 -0.0004999991 -0.01021999 -0.004999999 -0.0004999991 -0.006319991 -0.004923879 -0.0004999991 -0.01060267 -0.004382682 0.006623905 -0.01114387 -0.004707106 -0.0004999991 -0.0109271 -0.004755282 -0.002045084 -0.01021999 -0.004504844 -0.002669418 -0.006319991 -0.004682887 -0.002021562 -0.01060267 -0.004451116 -0.002642042 -0.01021999 -0.004045084 -0.003438926 -0.01021999 -0.003117448 -0.004409156 -0.006319991 -0.003983501 -0.003394184 -0.01060267 -0.003096151 -0.004387858 -0.01021999 -0.002938925 -0.004545085 -0.01021999 -0.002894183 -0.0044835 -0.01060267 -0.001545084 -0.005255282 -0.01021999 -0.001112604 -0.005374639 -0.006319991 -0.001521562 -0.005182887 -0.01060267 -0.001104745 -0.005325024 -0.01021999 7.894434e-10 -0.0055 -0.01021999 0.001112606 -0.005374639 -0.006319991 8.025421e-10 -0.005423878 -0.01060267 0.001104748 -0.005325024 -0.01021999 0.001545086 -0.005255282 -0.01021999 0.003117449 -0.004409156 -0.00631999 0.001521563 -0.005182887 -0.01060267 8.136466e-10 -0.005207106 -0.0109271 0.001454577 -0.004976724 -0.0109271 0.002894185 -0.0044835 -0.01060267 -0.001454575 -0.004976724 -0.0109271 0.002938928 -0.004545085 -0.01021999 0.003096152 -0.004387858 -0.01021999 0.004045086 -0.003438926 -0.01021999 0.004504845 -0.002669418 -0.00631999 0.004451118 -0.002642042 -0.01021999 0.004755283 -0.002045084 -0.01021999 0.005 -0.0004999991 -0.00631999 0.003983503 -0.003394184 -0.01060267 0.005 -0.0004999991 -0.01021999 0.005 0.006623905 -0.00631999 0.004682889 -0.002021562 -0.01060267 0.00492388 -0.0004999991 -0.01060267 0.005 0.006623905 -0.01021999 0.005102473 0.007064863 -0.00631999 0.004707108 -0.0004999991 -0.0109271 0.005102473 0.007064863 -0.01021999 0.00538889 0.007415449 -0.00631999 0.00492388 0.006623905 -0.01060267 0.005034152 0.007098429 -0.01060267 0.00538889 0.007415449 -0.01021999 0.005342371 0.007475702 -0.01060267 0.006500001 0.008160255 -0.01021999 0.007011493 0.008436069 -0.00631999 0.00646194 0.008226178 -0.01060267 0.007011971 0.00843518 -0.01015179 0.007042556 0.008451603 -0.01014771 0.00646322 0.008223963 -0.01058981 0.007551277 0.008687361 -0.009936464 0.007101185 0.008550237 -0.01048183 0.007059203 0.008459318 -0.0101408 0.007551277 0.008687361 -0.009936464 0.008002575 0.00886846 -0.009595698 0.007723704 0.008821339 -0.01019738 0.007603032 0.00870813 -0.009897383 0.008371592 0.008998057 -0.009138439 0.008606419 0.00907221 -0.008659059 0.00875272 0.009115221 -0.008051868 0.008280481 0.009025294 -0.009735893 0.008085435 0.00889756 -0.009493025 0.008371592 0.008998057 -0.009138439 0.008616983 0.009075397 -0.006810335 0.008382938 0.009001787 -0.00631999 0.008756406 0.009116273 -0.007420068 0.008710529 0.009166161 -0.00631999 0.008616983 0.009075397 -0.006810335 0.008919752 0.009217612 -0.006811085 0.008641604 0.009082615 -0.006918013 0.008756494 0.009189224 -0.00631999 0.008829042 0.009245713 -0.00631999 0.008974024 0.009414835 -0.00631999 0.009056265 0.009253129 -0.00759194 0.008755317 0.009115963 -0.007606533 0.009142107 0.009446066 -0.006712437 0.009067332 0.00952368 -0.00631999 0.009151001 0.009714494 -0.00631999 0.009297092 0.009482507 -0.007578054 0.008985726 0.009235015 -0.008383306 0.008692272 0.00909745 -0.008302744 0.008606419 0.00907221 -0.008659059 0.009278084 0.009740939 -0.006636439 0.009169867 0.00975752 -0.00631999 0.00929576 0.009917684 -0.006615433 0.00937971 0.01002449 -0.006812448 0.009449243 0.009778127 -0.007567341 0.009399129 0.01006232 -0.006885769 0.009492588 0.01008149 -0.007561832 0.009497969 0.0100826 -0.007600747 0.009448424 0.01007272 -0.00831864 0.009216998 0.009463926 -0.008455265 0.009360803 0.009759151 -0.008510747 0.009389811 0.01006051 -0.00853865 0.00928921 0.01003956 -0.008916278 0.008716648 0.0091612 -0.009117779 0.008463635 0.009027123 -0.008950542 0.008911652 0.009388129 -0.009269793 0.008417065 0.009248314 -0.009956695 0.009023371 0.009682033 -0.009386493 0.009033366 0.009982715 -0.009447377 0.008985642 0.009972112 -0.009546448 0.008475942 0.009540712 -0.01012409 0.008554009 0.009867709 -0.01011312 0.008448245 0.009839308 -0.01020505 0.008014264 0.009722767 -0.01058229 0.007785688 0.009038009 -0.01047286 0.007775703 0.009329685 -0.01067611 0.00769841 0.009628202 -0.01076512 0.007478783 0.009562446 -0.01089225 0.007078459 0.008757703 -0.01079699 0.006989714 0.009050399 -0.01101856 0.006861264 0.009355082 -0.0111091 0.006829347 0.009344365 -0.01112031 0.006353554 0.008413908 -0.0109271 0.006180306 0.008713983 -0.01114826 0.006116848 0.009073963 -0.01121804 0.006191342 0.008694867 -0.01114387 0.0052099 0.007647288 -0.0109271 0.00501164 0.007904083 -0.01114387 0.004839594 0.007194017 -0.0109271 0.004777778 0.008206994 -0.01121999 0.004548415 0.007337074 -0.01114387 0.004707108 0.006623905 -0.0109271 0.004204946 0.007505822 -0.01121999 0.004382685 0.006623905 -0.01114387 0.004382685 -0.0004999991 -0.01114387 -0.004204944 0.007505822 -0.01121999 0.004000001 0.006623905 -0.01121999 -0.003999999 0.006623905 -0.01121999 0.004000001 -0.0004999991 -0.01121999 -0.003999999 -0.0004999991 -0.01121999 -0.004382682 -0.0004999991 -0.01114387 -0.003804225 -0.001736067 -0.01121999 -0.004168178 -0.001854323 -0.01114387 -0.004476724 -0.001954574 -0.0109271 -0.003236067 -0.00285114 -0.01121999 -0.003545664 -0.003076076 -0.01114387 -0.003808128 -0.003266767 -0.0109271 -0.00235114 -0.003736068 -0.01121999 -0.002576076 -0.004045664 -0.01114387 -0.002766767 -0.004308129 -0.0109271 -0.001236067 -0.004304226 -0.01121999 -0.001354323 -0.004668179 -0.01114387 8.236719e-10 -0.004499999 -0.01121999 8.210664e-10 -0.004882682 -0.01114387 0.001354324 -0.004668179 -0.01114387 0.001236068 -0.004304226 -0.01121999 0.002351142 -0.003736068 -0.01121999 0.002576078 -0.004045664 -0.01114387 0.003236068 -0.00285114 -0.01121999 0.003804227 -0.001736067 -0.01121999 0.003545666 -0.003076076 -0.01114387 0.002766768 -0.004308129 -0.0109271 0.004168181 -0.001854323 -0.01114387 0.003808131 -0.003266767 -0.0109271 0.004476726 -0.001954574 -0.0109271 -0.001499999 0.0372491 -0.008368247 -0.001499999 0.03652953 -0.008711843 -0.001669603 0.03632643 -0.008787215 -0.003171314 0.03574206 -0.00885672 -0.002597515 0.03524604 -0.009128354 -0.001499999 0.037262 -0.008359126 -0.002837971 0.03496607 -0.009216754 -0.001694024 0.03740141 -0.008227911 -0.001499999 0.03761158 -0.008111998 -0.004652351 0.03414449 -0.009286258 -0.004068403 0.0336127 -0.009532477 -0.00452079 0.03311512 -0.009648557 -0.005034448 0.0332086 -0.009589544 -0.005481429 0.03326944 -0.009458439 -0.00522087 0.03459144 -0.008722417 -0.005702302 0.03329951 -0.009393654 -0.00634749 0.03333394 -0.009061041 -0.006448089 0.03332648 -0.008982397 -0.006925236 0.03329106 -0.008609384 -0.006591206 0.03385368 -0.008140262 -0.003729639 0.03613833 -0.008297141 -0.004146016 0.03633595 -0.007541731 -0.006456178 0.03408111 -0.007950623 -0.005900846 0.03477492 -0.007234493 -0.005670872 0.0350075 -0.007067485 -0.002237293 0.03771703 -0.007682874 -0.001499999 0.03790789 -0.007902521 -0.001499999 0.038419 -0.007388363 -0.001499999 0.03849803 -0.007277532 -0.002658795 0.03784345 -0.006976406 -0.001499999 0.03875402 -0.006918483 -0.001499999 0.03902138 -0.006358525 -0.002909879 0.03776849 -0.006200414 -0.001499999 0.03902534 -0.006350213 -0.001499999 0.03911035 -0.00606692 -0.001499999 0.03917837 -0.005516326 -0.003271047 0.03740732 -0.006375656 -0.0015 0.03917837 0.005476343 -0.004366103 0.03631226 -0.006700903 -0.005369777 0.03530859 -0.006999009 -0.0017954 0.03888296 0.005650418 -0.0015 0.03910723 0.006039711 -0.005670873 0.0350075 0.007027502 -0.0015 0.03902014 0.006318719 -0.003566937 0.03711143 0.006443672 -0.002655201 0.03784711 0.006934782 -0.0015 0.03900855 0.006355845 -0.002908133 0.03777024 0.006148674 -0.0015 0.03870647 0.006955361 -0.0015 0.03850102 0.007238147 -0.004143195 0.0363388 0.007500864 -0.004362385 0.03631599 0.006664404 -0.002233684 0.03772088 0.007641101 -0.0015 0.0384352 0.007328734 -0.0015 0.03789764 0.007871174 -0.0015 0.03761455 0.008075373 -0.001690454 0.03740549 0.008186082 -0.0015 0.03733666 0.008275821 -0.0015 0.03726674 0.008310984 -0.003726807 0.03614129 0.008256204 -0.003168505 0.03574515 0.00881577 -0.0015 0.03661653 0.00863795 -0.0015 0.03652953 0.00867186 -0.002592328 0.03524885 0.009093037 -0.002674894 0.03515204 0.009124872 -0.005632046 0.03483693 0.007899524 -0.005818383 0.03485831 0.007134642 -0.005900888 0.03477487 0.007194565 -0.006425836 0.03412486 0.007869719 -0.006589944 0.03385087 0.008099641 -0.005219338 0.03459301 0.008682069 -0.006925236 0.03329106 0.008569402 -0.006445243 0.03333274 0.008956254 -0.005841956 0.03331245 0.009294507 -0.005480521 0.03326856 0.00941766 -0.004650826 0.0341461 0.009245909 -0.00519319 0.03323366 0.009515563 -0.003985006 0.03369137 0.009487915 -0.00452079 0.03311512 0.009608574 -0.004059827 0.0336109 0.009504763</float_array>
          <technique_common>
            <accessor count="1239" source="#verts-array-array" stride="3">
              <param type="float" name="X"/>
              <param type="float" name="Y"/>
              <param type="float" name="Z"/>
            </accessor>
          </technique_common>
        </source>
        <source id="normals-array">
          <float_array count="3717" id="normals-array-array">0 0 1 0 0 1 0 0 1 0 0 -1 0 0 -1 0 0 -1 0.9999719 0 -0.007491824 0.9999719 0 -0.007491824 0.9999719 0 -0.007491824 0.9999719 0 -0.007491824 0.0005371626 0.9999999 1.393599e-11 0.0005371626 0.9999999 2.359772e-11 0.0005371626 0.9999999 2.146059e-11 0.0005371627 0.9999999 1.179886e-11 0.9999719 0 0.007491824 0.9999719 0 0.007491824 0.9999719 0 0.007491824 0.9999719 0 0.007491824 -0.9999723 6.70041e-05 0.007449047 -0.9999722 0 -0.007460005 -0.9999719 1.922614e-07 0.007491621 -0.9999716 6.70041e-05 0.007534601 -0.9997482 0 0.02244157 -0.9999716 6.700445e-05 -0.007534601 -0.9997482 0 -0.0224418 -0.9999719 1.922624e-07 -0.007491775 -0.9999723 6.700445e-05 -0.007449046 -0.9999722 0 0.007459927 1 0 0 1 0 0 1 0 0 1 -1.327025e-08 3.496502e-08 1 0 0 1 0 0 1 -2.079053e-07 2.028669e-07 1 -4.222074e-08 7.142862e-08 1 -1.315664e-08 2.639956e-08 1 0 0 1 0 0 1 0 0 1 -3.338207e-07 -1.339264e-07 1 1.610346e-08 5.722306e-08 1 3.440243e-08 6.421715e-08 1 9.14544e-09 3.493099e-08 1 -9.359347e-09 3.348564e-08 1 2.426804e-08 3.620614e-08 1 9.70964e-09 2.929572e-08 1 6.367891e-09 2.972274e-08 0.9960293 0.08902637 3.53697e-08 1 2.18946e-08 3.955398e-08 0.9982897 0.05844383 -0.001387077 0.9555069 0.294966 0.001256924 0.9806017 0.1960019 -0.00187131 0.9149439 0.4035783 0.001475644 0.9337795 0.3578486 -0.0005126275 0.9024841 0.4307232 9.474664e-05 0.8601353 0.510066 2.656114e-05 0.873044 0.4876414 0.0001258468 0.7734895 0.6338091 -0.0001817346 0.7621673 0.6473801 0.0001212748 0.7174945 0.6965642 0.0002707081 0.7075675 0.7066457 0.0002624864 0.6423933 0.7663751 1.832541e-05 0.6503326 0.7596496 5.619954e-05 0.5061856 0.8624246 -1.554367e-05 0.5049407 0.863154 1.716437e-05 0.41712 0.9086343 0.01986249 0.4191997 0.9076867 -0.01940323 0.1538803 0.9880895 -0.0003001084 0.3601579 0.932394 -0.03045789 0.1962219 0.9805323 -0.007299493 0.05333441 0.9985764 0.000825478 0.008325105 0.9999653 3.549962e-10 0.1517191 0.9884236 0.0004168229 0 1 0 0.3546386 0.9345346 0.02960631 0.1803686 0.9835807 0.006010205 0 1 0 0.04393653 0.9990341 -0.0006530532 0.008325124 0.9999653 1.774985e-10 0 1 0 0 1 0 0 1 0 0 1 0 0 1 0 0 1 0 0 1 0 0 1 0 0 1 0 0 1 0 0 1 0 0 1 0 0 1 0 0 1 0 0 1 0 0 1 0 0 1 0 0 1 0 0 1 0 0 1 0 0 1 0 0 1 0 0 1 0 0 1 0 0 1 0 0 1 0 0 1 0 -0.9972152 0.07457355 0.0007908828 -0.9972839 0.0736536 7.810634e-05 -0.9972414 0.0742262 0.0001429717 -0.9971075 0.07600387 3.460814e-05 -0.9972762 0.07375694 -4.273647e-05 -0.9972654 0.07390355 -0.0002157673 -0.9972121 0.0746196 -1.438081e-05 -0.9969822 0.07763061 3.617042e-05 -0.9964308 0.08441306 -0.0001599345 -0.9959912 0.08945028 0.0003338846 -0.9941609 0.1079069 -0.0004353232 -0.992841 0.1194428 0.0005045623 -0.9921384 0.1251451 -0.0001052431 -0.9902635 0.1392043 0.0005482611 -0.988823 0.149094 -0.000190306 -0.9862753 0.165108 0.0006575926 -0.978679 0.2053953 -0.0003663256 -0.974742 0.2233335 -0.0004736019 -0.9678255 0.2516222 -0.0002552407 -0.9721641 0.234301 -7.174879e-06 -0.9627007 0.2705682 -0.0004340553 -0.9569215 0.2903456 0.0007989286 -0.9352194 0.3540678 -0.0007746183 -0.943937 0.3300385 -0.007586114 -0.9172565 0.3982963 -0.0007824504 -0.8959979 0.4440543 0.001854354 -0.8411732 0.5407537 0.003613755 -0.9289649 0.3699963 -0.01126513 -0.8920831 0.4518561 -0.003719904 -0.8363758 0.5481565 8.819052e-05 -0.7781091 0.6281291 -0.0002364906 -0.7805986 0.6250327 -0.0001582773 -0.7569938 0.653422 -0.0001419237 -0.7587772 0.6513503 -2.373691e-07 -0.711086 0.703105 1.111692e-07 -0.7110811 0.7031099 -4.69845e-08 0.01383704 0.3242134 -0.9458828 0.02774027 0.3273569 -0.9444935 -0.01604526 0.2743751 -0.9614889 0.005124012 0.2597289 -0.965668 0.007960175 0.1885287 -0.9820354 0.04532279 0.2373371 -0.9703695 0.001222157 0.1933535 -0.9811284 -0.004286809 0.1731689 -0.9848828 -0.08785059 0.160444 -0.9831277 0.0002976791 0.134508 -0.9909125 -0.0031732 0.1314849 -0.9913131 -0.001933995 0.1220915 -0.992517 -0.09295399 0.126491 -0.9876029 -3.41095e-05 0.1157805 -0.9932748 -0.002693016 0.107584 -0.9941923 -0.1685426 0.1919252 -0.9668289 -0.07906808 0.1840067 -0.9797396 -0.09053508 0.09854798 -0.9910054 -0.00517964 0.1046865 -0.9944918 -0.004239514 0.09774728 -0.9952022 -0.3184916 0.1808789 -0.9305084 -0.1754725 0.1520491 -0.9726718 -0.3454095 0.2125174 -0.9140726 -0.437561 0.2209099 -0.8716302 -0.5240861 0.2259058 -0.8211579 -0.3185471 0.1401251 -0.9374928 -0.1749863 0.1165293 -0.9776506 -0.5326536 0.2004743 -0.822247 -0.6219644 0.213062 -0.7535018 -0.5372826 0.1559567 -0.8288576 -0.7097339 0.2244843 -0.6677458 -0.6138683 0.1841385 -0.7676319 -0.6905553 0.2025262 -0.6943461 -0.7852881 0.2045439 -0.5843666 -0.8121053 0.1912073 -0.5512937 -0.8377479 0.2040473 -0.5065009 -0.8647603 0.1692255 -0.4728133 -0.8699694 0.1730397 -0.4617473 -0.6966362 0.160692 -0.6991968 -0.8263516 0.1576222 -0.5406462 -0.9144805 0.1501492 -0.37574 -0.8725033 0.1686521 -0.4585786 -0.9456962 0.1510525 -0.2878226 -0.9414714 0.1320065 -0.3101706 -0.9263447 0.1081197 -0.3608262 -0.9572599 0.1089467 -0.2679254 -0.9625342 0.08874816 -0.256226 -0.9649266 0.0794559 -0.2502069 -0.9167713 0.1560206 -0.3676792 -0.9793325 0.06486942 -0.1915721 -0.8321128 0.1221733 -0.5409824 -0.7951218 0.4881233 -0.3598847 -0.9521485 0.1850262 -0.2432663 -0.8515987 0.1025244 -0.5140705 -0.9930979 0.02846329 -0.1137818 -0.8051698 0.1035145 -0.5839404 -0.9975362 0.03719323 -0.05948323 -0.9987553 0.04670082 -0.0175186 -0.999086 0.0409763 -0.01216661 -0.7532866 0.1041622 -0.6493917 -0.7010528 0.1269626 -0.7017161 -0.6953888 0.1029237 -0.7112251 -0.6317643 0.1056106 -0.7679325 -0.5405623 0.1246552 -0.8320177 -0.5653712 0.1062103 -0.8179699 -0.4948091 0.1052151 -0.8626087 -0.3234396 0.1178963 -0.9388756 -0.4195506 0.1025733 -0.9019179 -0.3406784 0.1031463 -0.9345047 -0.181535 0.09979038 -0.9783082 -0.1755291 0.1038162 -0.978985 -0.09619253 0.091347 -0.9911623 0.00177451 0.08743545 -0.9961686 -0.005839164 0.09468866 -0.9954898 -0.003874186 0.09267102 -0.9956892 -0.002431193 0.09097954 -0.9958498 -0.001190565 0.08935406 -0.9959992 -0.0001876696 0.08790736 -0.9961286 -3.834329e-10 0.08762792 -0.9961533 0.05314598 0.08941646 -0.9945754 0.1800145 0.09009528 -0.9795293 0.09715976 0.08943091 -0.9912427 0.1962135 0.09171485 -0.9762626 0.3422273 0.08951931 -0.9353431 0.3635624 0.0902113 -0.9271916 0.420984 0.08839531 -0.9027507 0.4389019 0.08928062 -0.8940884 0.4948084 0.08715524 -0.8646205 0.5154411 0.08779564 -0.8524156 0.5671692 0.08509495 -0.8191935 0.5840093 0.08532212 -0.8072504 0.6329476 0.08217944 -0.7698206 0.6525771 0.08250193 -0.7532175 0.6974571 0.07893795 -0.7122656 0.7121988 0.07932122 -0.6974819 0.7512785 0.07561014 -0.6556399 0.7710159 0.07564001 -0.6323078 0.8033526 0.07184467 -0.591154 0.8235152 0.06387389 -0.5636869 0.8444232 0.06896511 -0.5312186 0.9230252 0.06511803 -0.3791889 0.8655729 0.05859127 -0.4973436 0.9532316 0.05793973 -0.2966354 0.9077279 0.05163919 -0.4163694 0.9782746 0.04219623 -0.2029736 0.9375692 0.04511046 -0.3448608 0.9830657 0.04142084 -0.178511 0.9946238 0.03328501 -0.09805881 0.996505 0.03437547 -0.07613182 0.9932216 0.03270977 -0.1115385 0.9984063 0.0326812 -0.04600912 0.9996646 0.02506898 0.006500876 0.9997003 0.02448194 2.775969e-05 0.9996775 0.02539013 0.0004935633 0.9997529 0.02222549 0.0002842083 0.9997044 0.0243112 0.0001198468 0.9996999 0.02449716 -2.889524e-05 0.9996714 0.02563246 -4.280366e-06 0.9996459 0.02660911 1.713673e-05 0.9996624 0.02598119 9.325803e-07 0.9937851 0.03475536 0.1057505 0.9972933 0.02911943 0.06751423 0.9769881 0.02665433 0.2116216 0.9866642 0.06773472 0.1480057 0.9334901 0.04125709 0.3562218 0.5702031 0.8089463 0.1430882 0.9954505 0.03229691 0.08963969 0.2454797 0.9645302 0.09706264 0.9381971 0.1292356 0.3210676 0.8939499 0.06049163 0.4440657 0.8548457 0.06531211 0.5147555 0.8561573 0.06611876 0.5124675 0.8066385 0.06980319 0.5869087 0.8047819 0.06979616 0.5894528 0.7566842 0.07562488 0.649392 0.7374433 0.0762397 0.6710923 0.6961355 0.08070471 0.7133597 0.6673141 0.08003274 0.7404638 0.6357369 0.08367733 0.767357 0.5815067 0.08320438 0.8092756 0.5660133 0.0858994 0.8199086 0.4943658 0.08544752 0.865044 0.4979941 0.08859154 0.8626433 0.4008804 0.0880867 0.9118858 0.4200223 0.0910238 0.9029374 0.3090494 0.08901788 0.9468708 0.3442038 0.09062032 0.9345115 0.207688 0.0885934 0.974175 0.1809783 0.09077851 0.9792886 0.1061719 0.08850661 0.990401 0.04874864 0.08863639 0.9948704 -2.968552e-05 0.08764548 0.9961517 -0.0006672707 0.0870317 0.9962053 -0.0007156039 0.088247 0.9960984 0.002015288 0.08655681 0.9962449 -0.002375681 0.09091158 0.9958561 -0.003888295 0.09268369 0.995688 -0.005483619 0.09494582 0.9954673 -0.0847189 0.09974009 0.9914003 -0.003694921 0.09848214 0.995132 -0.2146921 0.231019 0.9489666 -0.09630965 0.08832493 0.9914248 -0.3397787 0.4863934 0.804967 -0.3371998 0.1705524 0.9258554 -0.0913696 0.1011573 0.9906658 -0.004171681 0.1059386 0.9943639 -0.002212858 0.1101023 0.9939178 -0.3210827 0.1130568 0.9402787 -0.4948036 0.1052235 0.8626108 -0.09278513 0.1287056 0.9873327 -6.802867e-05 0.1170537 0.9931256 -0.3188432 0.1405428 0.9373296 -0.1747088 0.1191533 0.9773839 -0.001281594 0.1324652 0.9911868 0.003807472 0.132293 0.9912033 -0.08424086 0.1625624 0.9830956 0.01585871 0.2079336 0.9780144 0.0535226 0.2704714 0.9612391 0.03289472 0.2574751 0.9657249 0.0006621963 0.2154361 0.9765177 -0.0004420565 0.2053341 0.9786918 0.002078281 0.1822263 0.9832544 -0.1019494 0.1881649 0.9768318 -0.2004082 0.1978072 0.9595358 -0.3185745 0.1814815 0.9303627 -0.2923355 0.2102873 0.932909 -0.1739477 0.1535683 0.972707 -0.3856936 0.2154258 0.8971244 -0.4692034 0.2220532 0.8547166 -0.537269 0.1560164 0.8288552 -0.5321507 0.2011347 0.8224114 -0.5481792 0.2264147 0.8051311 -0.6298601 0.2172247 0.7457142 -0.6254337 0.1994655 0.7543515 -0.6895969 0.2266803 0.6878024 -0.690236 0.2021372 0.6947768 -0.7684583 0.2117453 0.6038507 -0.5405522 0.1246803 0.8320205 -0.5653687 0.1062203 0.8179704 -0.6317658 0.1056209 0.7679298 -0.6966196 0.1607532 0.6991993 -0.8168453 0.1940045 0.543255 -0.7959124 0.2134553 0.5665336 -0.8710039 0.1879454 0.4539039 -0.8681811 0.1722435 0.4653964 -0.7010411 0.1269903 0.7017227 -0.695388 0.1029358 0.7112241 -0.7532856 0.1041729 0.6493912 -0.8263066 0.1573417 0.5407966 -0.9012974 0.1508573 0.4060851 -0.832101 0.122203 0.5409938 -0.8051688 0.1035251 0.5839398 -0.8515977 0.1025357 0.5140698 -0.9112599 0.1497747 0.3836314 -0.9123208 0.1466786 0.3823038 -0.9389173 0.1451931 0.3120148 -0.9428959 0.1265125 0.3081265 -0.948242 0.1233487 0.2926129 -0.9273096 0.1094651 0.3579306 -0.9638653 0.09848838 0.247515 -0.9620606 0.0853056 0.2591569 -0.9746147 0.07269358 0.2117589 -0.8650114 0.3224284 0.3844415 -0.9645699 0.1207742 0.2345605 -0.9918109 0.02575646 0.1250906 -0.9954521 0.04152107 0.08573841 -0.9959501 0.05604108 0.0703046 -0.9986913 0.04970123 0.0120607 0 -1 0 0 -1 0 0 -1 0 0 -1 0 0 -1 0 0 -1 0 0 -1 0 0 -1 0 0 -1 0 0 -1 0 0 -1 0 0 -1 0 0 -1 0 0 -1 0 0 -1 0 0 -1 0 0 -1 0 0 -1 0 0 -1 0 0 -1 0 0.9826417 -0.1349165 0.1273298 0.9767034 -0.1705954 0.1301832 0.9992704 -0.002934407 0.03807857 0.9997527 -0.02214601 0.002021364 0.9971942 -0.01176107 -0.07392798 0.9986056 -0.01372488 -0.05097443 0.9903738 0.007428256 -0.1382194 0.9849309 0.006367218 -0.1728309 0.8959411 0.01413472 -0.4439479 0.9384177 0.005716916 -0.3454554 0.9011125 -0.004955544 -0.4335569 0.8445221 0.006556302 -0.5354805 0.647861 0.004083165 -0.7617477 0.7260616 0.004982843 -0.6876116 0.633631 0.02736493 -0.7731513 0.3262593 -0.001188506 -0.9452796 0.5752461 0.04237797 -0.8168819 0.4077984 0.005280845 -0.9130567 0.3112033 0.01928587 -0.9501476 0.08202004 -0.002234414 -0.9966282 0.2198712 0.02048562 -0.9753138 0.06289371 0.00122002 -0.9980195 0.04946147 -0.07913086 -0.9956364 0.09916654 -2.56389e-05 -0.9950709 0.1835472 -0.0008241149 -0.9830106 0.3632972 -0.009778635 -0.931622 0.3449147 5.574159e-05 -0.938634 0.4228211 0.0007690337 -0.9062128 0.4998477 -0.003925513 -0.8661044 0.7069675 -0.01184374 -0.7071468 0.6333894 -0.002621764 -0.7738288 0.6988376 0.002586656 -0.7152757 0.7547373 -0.001230159 -0.656026 0.8460249 -0.004379387 -0.5331254 0.9316634 -0.009921928 -0.3631871 0.9238316 -0.0004149192 -0.3827988 0.9560861 0.001779164 -0.2930805 0.9804599 0.0003027013 -0.1967189 0.9987441 -0.001932407 -0.05006459 0.9949812 -9.882304e-05 -0.1000619 0.9971176 -0.001980357 0.07584554 1 8.878424e-06 -6.138045e-08 1 8.452108e-06 -2.41293e-07 0.9960268 -9.37854e-05 0.08905407 0.9844859 -0.0005807339 0.175463 0.9316085 -0.00985262 0.3633298 0.9377886 -1.195398e-05 0.3472067 0.903135 4.496456e-05 0.4293568 0.8573814 -0.002567193 0.5146751 0.7069486 -0.01139028 0.7071732 0.7419127 -0.0006824028 0.6704962 0.6683041 0.002357104 0.7438845 0.5834414 -0.00173105 0.8121534 0.3633612 -0.009363858 0.9316013 0.4072965 -0.001192985 0.9132952 0.310234 0.002131079 0.9506578 0.2105353 0.0005354935 0.9775861 0.09033033 -0.001420871 0.9959108 0.1084698 -2.804995e-05 0.9940997 0.1852809 0.01431016 0.9825814 0.2823057 0.01513809 0.9592051 0.08071775 -0.06861233 0.9943727 0.3868811 0.00431806 0.9221195 0.3771072 -7.873488e-05 0.9261696 0.5648749 0.02253202 0.8248689 0.7046996 0.01854002 0.7092635 0.7442933 0.01130569 0.6677571 0.7925171 -0.002607383 0.6098441 0.8516317 0.01542121 0.5239138 0.9342104 0.01311748 0.3564812 0.95252 0.006944306 0.3043968 0.9775749 0.02245146 0.2093878 0.9979919 -0.01833959 0.06062906 0.967764 0.1547576 0.1987033 0.9996811 -0.02294629 -0.01054066 0.9975261 -0.07029635 -0.0001184711 0.9995913 -0.003105028 -0.02841962 0.9961517 0.001327738 -0.08763631 0.996016 0 -0.08917523 0.9774191 -0.2113096 -0.0004893356 0.9995891 -0.02864137 0.001132103 0.9746732 -0.2236328 -0.0007200039 0.9175046 -0.3977237 0.001045956 0.9019652 -0.4318086 -0.0002810962 0.9123076 -0.4095055 -4.031371e-06 0.8728284 -0.488027 0.000478994 0.7876767 -0.6160877 0.001160978 0.7073731 -0.7068404 5.039743e-05 0.6989479 -0.7151725 -0.0003346891 0.3824944 -0.9239577 0.0003217915 0.3707877 -0.9287176 1.872161e-08 0.0980161 -0.9951848 6.589544e-09 0.09801587 -0.9951849 0 -0.0980161 -0.9951848 0 -0.09801634 -0.9951848 -6.58956e-09 -0.3826855 -0.9238787 1.673121e-06 -0.3707875 -0.9287177 -2.539138e-08 -0.6373101 -0.7706009 0.003179271 -0.7914785 -0.6111963 0.0009713326 -0.7069467 -0.7072667 0.0003492319 -0.9007664 -0.434304 -3.541306e-05 -0.9239565 -0.3824974 0.0003963024 -0.9165631 -0.3998902 -4.866052e-05 -0.9752757 -0.2209913 0.0002536002 -0.9995011 -0.03158552 4.677348e-05 -0.9988018 -0.04893801 1.793365e-05 -0.9985774 -0.0138324 -0.05149611 -1 5.014402e-10 -6.11801e-08 -0.9960218 0.0009978885 0.08910417 -1 -3.089025e-12 -6.047302e-08 -1 9.642841e-12 -6.046765e-08 -0.9976185 -0.0007596163 0.06896874 -0.9999201 -2.015568e-06 0.01263908 -0.9783531 -0.00205047 0.2069322 -0.9238233 -0.009686052 0.3826966 -0.9302154 -1.887014e-05 0.3670141 -0.8960445 0.00140682 0.4439619 -0.8540093 -0.002474417 0.5202519 -0.7061679 -0.0008772205 0.7080439 -0.7578974 -0.001450375 0.6523721 -0.6988246 0.0025783 0.7152885 -0.6336934 -0.002589197 0.77358 -0.5006647 -0.003039829 0.865636 -0.3828988 -0.009515304 0.9237413 -0.4228814 0.002098912 0.9061826 -0.3444161 -0.000400929 0.938817 -0.184896 -0.00206963 0.9827559 -0.09147771 -0.001899683 0.9958053 -0.09927711 -4.071589e-05 0.9950598 -1.511597e-07 2.791027e-07 1 -3.103255e-07 5.729879e-07 1 -0.8214916 0.0156938 0.5700046 -0.7615425 -0.001402093 0.6481135 -0.6717816 0.01629398 0.74057 -0.9147006 -0.07043907 0.3979462 -0.3630216 0.003399676 0.9317745 -0.9305785 0.01198873 0.3658961 -0.5421789 -0.06985842 0.8373541 -0.9533645 -0.004168173 0.3017925 -0.9788887 -0.0002203131 0.2043941 -0.9930748 -0.1064876 0.04962639 -0.9941865 -0.1076714 0 -0.9083296 -0.418255 0 -0.9102719 -0.4129722 0.02930827 -0.6501255 -0.7598268 0 -0.9692387 -0.1645356 0.1830418 -0.9755531 -0.2051784 0.07872689 -0.6543367 -0.7561291 0.01059836 -0.4194023 -0.9078005 0 -0.9378162 -0.3008256 0.1732187 -0.9450116 -0.157085 0.2868402 -0.4202369 -0.9073967 0.005676795 -0.4597163 -0.8879582 0.01382521 -0.8867364 -0.3052905 0.3471256 -0.8258291 -0.1582496 0.5412609 -0.3605759 -0.9326116 0.01485384 -0.3550523 -0.9345022 0.02536711 -0.4674117 -0.8840369 -0.002266632 -0.4417056 -0.8970848 0.0116188 -0.4018635 -0.9132367 0.06711547 -0.5623174 -0.8243051 0.06572814 -0.4240954 -0.9037664 0.05787437 -0.7923052 -0.5956795 0.131979 -0.7973878 -0.6027695 0.02901117 -0.5582172 -0.8178534 0.1396759 -0.4226714 -0.9037378 0.06787362 -0.7625205 -0.5951925 0.2535909 -0.7110324 -0.6067509 0.3553679 -0.5334295 -0.808833 0.2474714 -0.4485043 -0.8869057 0.1106446 -0.4462333 -0.8876186 0.1140576 -0.3710613 -0.9284543 0.01691607 -0.4322998 -0.8977661 0.08445694 -0.4507996 -0.8926252 -3.788364e-05 -0.4730033 -0.8810602 -0.0008297737 -0.5286452 -0.8425713 0.1029949 -0.6380774 -0.7699466 0.006283061 -0.5773466 -0.8164927 -0.003260017 -0.6471332 -0.756037 0.09811568 -0.8006536 -0.5991265 0.001120373 -0.5244819 -0.7624911 0.3788485 -0.470303 -0.8662735 0.1684792 -0.5169629 -0.8268574 0.2214863 -0.7979788 -0.5945414 0.09874438 -0.4956715 -0.8017436 0.3339415 -0.4693257 -0.8682054 0.1610986 -0.5058086 -0.6218779 0.5978508 -0.5895455 -0.6006504 0.5400511 -0.6560845 -0.5927574 0.4671101 -0.7106331 -0.30267 0.635131 -0.8106241 -0.3027602 0.5012232 -0.7678835 -0.1655451 0.6188293 -0.7109927 -0.1586426 0.6850707 -0.6404609 -0.1589999 0.7513514 -0.5961841 -0.3030613 0.7434503 -0.4932963 -0.1733958 0.852404 -0.3337382 -6.57845e-05 0.9426658 -0.2449638 0.0112467 0.969467 -0.1531812 0.009692843 0.9881506 -0.07284598 -0.07098324 0.994814 -0.4378345 -0.315249 0.8419733 -0.06000097 -0.07018068 0.9957282 -0.4780755 -0.4664023 0.7442531 -0.3629078 -0.4291168 0.8271376 -0.4088797 -0.5676551 0.7145523 -0.2544372 -0.2803345 0.925567 -0.5992572 -0.7009267 0.386772 -0.4557343 -0.5330539 0.7128533 -0.7391277 -0.5503849 0.388287 -0.9381716 -0.3316938 0.09906244 -0.9428091 -0.3333332 -3.851853e-08 -0.5605811 -0.4176652 0.7150557 -0.9915407 -0.08489548 0.09818297 -0.9963932 -0.08485684 0 -0.8680253 -0.3068938 0.3903181 -0.991523 -0.08629005 0.09713968 -0.9943674 -0.1056972 -0.007852667 -0.9193977 -0.07902494 0.3853088 -0.935978 -0.3379326 0.09872568 -0.922408 -0.08011834 0.3778155 -0.9018715 -0.4315261 -0.02032456 -0.8659284 -0.4999442 0.014959 -0.7624518 -0.639057 0.101358 -0.6226833 -0.7821429 -0.02276216 -0.8710206 -0.3170256 0.3752571 -0.6426852 -0.7659199 0.0179577 -0.4960745 -0.8624453 0.1004898 -0.2182792 -0.9757645 -0.01542089 -0.7100629 -0.595813 0.3752566 -0.3420065 -0.9396548 0.008968803 -0.1695243 -0.980836 0.09603283 -0.4634599 -0.8027362 0.3752592 0.1695241 -0.980836 0.0960327 0.2182791 -0.9757645 -0.01542086 -0.1609584 -0.9128383 0.375258 0.3420065 -0.9396548 0.008968824 0.4960745 -0.8624453 0.1004897 0.6226832 -0.7821429 -0.02276203 0.1609581 -0.9128383 0.3752581 0.642685 -0.76592 0.0179576 0.7624517 -0.639057 0.1013585 0.9018715 -0.4315259 -0.02032445 0.4634605 -0.8027358 0.3752593 0.8659279 -0.4999451 0.01495927 0.9359778 -0.3379328 0.09872677 0.9943674 -0.105697 -0.00785268 0.7100625 -0.5958133 0.375257 0.1246097 -0.7066963 0.6964573 0.3587994 -0.6214585 0.696457 0.8710203 -0.3170255 0.3752577 -0.1246096 -0.7066965 0.6964571 0.991523 -0.08628996 0.09714034 -0.3587993 -0.6214587 0.6964568 0.9915406 -0.08489557 0.09818349 0.9963931 -0.0848578 7.354694e-08 -0.5497125 -0.461264 0.6964565 0.9381713 -0.3316943 0.09906322 0.9428087 -0.3333342 8.554163e-08 0.919397 -0.07902489 0.3853105 0.7979782 -0.594542 0.09874523 0.8005308 -0.5992903 0.001251329 0.8680247 -0.3068944 0.3903189 0.9224074 -0.08011811 0.3778169 0.7004262 -0.05985985 0.7112102 0.7391272 -0.5503848 0.3882879 0.6471846 -0.7559985 0.09807325 0.6371048 -0.7707485 0.006658603 0.5773473 -0.8164907 -0.003613517 0.5324257 -0.8403515 0.1016478 0.5992571 -0.7009265 0.3867724 0.4580937 -0.8888 0.01359157 0.6564445 -0.2320888 0.7177851 0.5605809 -0.4176645 0.7150562 0.3650864 -0.9309686 -0.003067832 0.3613889 -0.9323729 0.008874615 0.354803 -0.9346492 0.02336123 0.3954047 -0.9165428 0.06003733 0.3672449 -0.929955 0.01774496 0.4265014 -0.9009317 0.08011603 0.4341724 -0.9008296 0.0006024806 0.452755 -0.8916341 -0.001222319 0.477571 -0.8732489 0.09675961 0.4743275 -0.8593007 0.1913521 0.497664 -0.7749133 0.3896665 0.4821377 -0.8025406 0.3513857 0.4661355 -0.8696811 0.162396 0.455734 -0.5330535 0.7128538 0.501133 -0.8046912 0.3183359 0.4650431 -0.8718108 0.1538861 0.4434732 -0.5988343 0.6668801 0.5199742 -0.8088035 0.2747065 0.451851 -0.8827185 0.1289909 0.4394564 -0.8903619 0.1188854 0.5302807 -0.5938219 0.6051264 0.6123541 -0.5915445 0.5244974 0.5372864 -0.8138597 0.2212595 0.438424 -0.8932338 0.0995878 0.6849512 -0.5923593 0.4242078 0.5515037 -0.8189 0.1588913 0.4261587 -0.9022091 0.06638865 0.4219015 -0.905017 0.05425208 0.7433658 -0.5946098 0.3063437 0.5616072 -0.8224819 0.09011635 0.4180423 -0.907897 0.0310426 0.4180087 -0.9083037 0.01591146 0.7830798 -0.5969566 0.1744386 0.565012 -0.8248042 0.02143485 0.4132917 -0.9105918 -0.003551179 0.4086096 -0.9126978 -0.004576935 0.5385231 -0.8424938 -0.01403474 0.6665302 -0.745051 -0.02522922 0.7798551 -0.6253997 -0.02648218 0.7992563 -0.5994335 0.04322958 0.9427148 -0.3321204 -0.03138116 0.9504135 -0.3062445 0.05411513 0.9832381 -0.1773206 -0.04243007 0.9821955 -0.1675939 -0.08487777 0.9852146 -0.1673977 -0.03647321 0.993941 -0.1035158 0.03695718 0.9762851 -0.1666751 0.1381551 0.9210268 -0.3083771 0.2379352 0.9663107 -0.1061363 0.2344756 0.930164 -0.1621628 0.3293906 0.8548288 -0.3075286 0.417964 0.8994069 -0.1116443 0.4226142 0.8481177 -0.1577069 0.5057914 0.7563221 -0.3069776 0.5777037 0.79728 -0.1178055 0.5920021 0.7348933 -0.1541074 0.6604413 0.6325567 -0.3071711 0.7109979 0.6652329 -0.1233325 0.7363792 0.5959221 -0.1511963 0.7886802 0.4922739 -0.3090878 0.8137144 0.5082675 -0.1254461 0.8520137 0.4353493 -0.1512571 0.8874639 0.3402022 -0.3137824 0.8864553 0.2534658 -0.169979 0.9522931 0.1860602 -0.1872722 0.9645262 0.1761227 -0.1357022 0.9749696 0.2325586 -0.2918891 0.9277485 0.3932007 -0.5809925 0.7126296 0.2422962 -0.283404 0.9278872 0.06000111 -0.07018132 0.9957281 0.2955672 -0.2206802 0.9294839 0.07197862 -0.05398344 0.9959442 0.3435577 -0.1214659 0.9312433 0.08249235 -0.02916545 0.9961648 -0.08249235 -0.02916548 0.9961648 0.09275324 -0.0075091 0.9956608 0.3733483 -0.03133966 0.9271617 0.7109224 -0.06240849 0.7004959 0.3915023 -0.03512589 0.9195065 0.6743222 -0.2454334 0.6964567 0.3766912 -0.1371043 0.9161365 0.5497123 -0.4612643 0.6964565 0.3070814 -0.2576719 0.9161366 0.2004331 -0.347161 0.9161363 0.06960969 -0.3947759 0.9161367 0.05438961 -0.09420559 0.9940659 -0.06960943 -0.3947757 0.9161368 0.01888931 -0.1071268 0.9940659 -0.01888935 -0.1071268 0.9940659 -0.2004335 -0.3471609 0.9161363 -0.05438952 -0.09420557 0.9940659 0.08332985 -0.06992211 0.9940659 -0.08332979 -0.06992195 0.9940659 -0.3070812 -0.2576719 0.9161366 -0.1022189 -0.03720464 0.994066 -0.3766916 -0.1371044 0.9161363 0.1022189 -0.03720456 0.994066 -0.1033915 -0.009583567 0.9945946 0.1033914 -0.009583576 0.9945946 -0.6743223 -0.2454334 0.6964567 -0.09275341 -0.007509094 0.9956608 -0.7109226 -0.06240891 0.7004956 -0.3915015 -0.03512581 0.9195068 -0.7004262 -0.05985937 0.7112103 -0.3733476 -0.03133952 0.927162 -0.6564447 -0.2320882 0.7177851 -0.3435575 -0.1214659 0.9312434 -0.07197862 -0.05398349 0.9959442 -0.295567 -0.2206802 0.9294839 -0.2422965 -0.2834043 0.9278871 -0.1934705 -0.148469 0.9698073 -0.2906758 -0.3273575 0.8990799 -0.4050405 -0.1665324 0.8990045 -0.3615057 -0.09307041 0.927713 -0.4496497 -0.02934456 0.8927228 0 0 -1 0 0 -1 0 0 -1 0 0 -1 0 0 -1 0 0 -1 0 0 -1 0 0 -1 0 0 -1 1.840328e-08 -1.162467e-08 -1 1.35204e-07 -1.916867e-07 -1 9.847069e-08 1.268495e-08 -1 1.495531e-07 -2.146536e-07 -1 1.325561e-07 -1.138464e-07 -1 1.317388e-07 -5.230602e-08 -1 1.319522e-07 1.116078e-08 -1 1.330461e-07 -1.199932e-08 -1 6.123814e-08 4.922632e-08 -1 1.330461e-07 1.40155e-08 -1 5.564624e-08 7.53063e-08 -1 1.586937e-07 8.67511e-09 -1 5.074934e-08 7.274951e-08 -1 1.269528e-07 5.706341e-08 -1 1.011274e-08 1.428084e-08 -1 1.06265e-07 1.196831e-07 -1 0 0 -1 1.156802e-07 2.118503e-07 -1 0 0 -1 2.858292e-07 -1.017181e-07 -1 0 0 -1 3.524714e-07 -1.662509e-07 -1 0 1.378025e-06 -1 0 0 -1 0 0 -1 0 0 -1 0 0 -1 0 0 -1 0 0 1 0 0 1 0 0 1 0 0 1 -1.50682e-08 1.291729e-08 1 0 0 1 0 0 1 -8.534639e-08 1.218282e-07 1 -7.310353e-08 -2.983662e-08 1 -9.31389e-08 1.307279e-07 1 -9.193703e-08 5.429651e-08 1 -5.580742e-08 -7.494149e-08 1 -9.215792e-08 -1.076775e-08 1 -5.086714e-08 -7.313057e-08 1 -9.313226e-08 1.155452e-08 1 -1.018501e-08 -1.424944e-08 1 -9.313226e-08 -9.810847e-09 1 0 0 1 -1.110856e-07 -6.072589e-09 1 0 0 1 -8.886695e-08 -3.99444e-08 1 0 0 1 -7.43855e-08 -8.377819e-08 1 0 0 1 0 0 1 -8.097616e-08 -1.482952e-07 1 -2.000804e-07 7.120268e-08 1 -2.467302e-07 1.163761e-07 1 0 -9.646183e-07 1 0 1 0 0 1 0 0 1 0 0 1 0 0 1 0 0 1 0 0 1 0 0 1 0 0 1 0 0 1 0 0 1 0 0 1 0 0 1 0 0 1 0 0 1 0 0 1 0 0 1 0 0 1 0 0 1 0 0 1 0 0 1 0 0 1 0 -0.9986341 0.00145172 0.05222836 -0.9779276 -0.1577872 0.1369702 -0.9834671 -0.1220535 0.1337737 -0.9997242 -0.02347076 0.0007835908 -0.9979067 -0.01429862 -0.06306881 -0.9903235 0.006940518 -0.1386046 -0.9860227 0.005458712 -0.1665218 -0.9939945 -0.004758978 -0.1093262 -0.896414 0.01450996 -0.4429801 -0.9346537 0.004621505 -0.3555294 -0.8927944 -0.005387595 -0.4504322 -0.8363149 0.006181172 -0.5482145 -0.6473412 0.004922858 -0.7621844 -0.7213797 0.004298377 -0.6925265 -0.6325763 0.02711315 -0.7740234 -0.3260983 -0.001568515 -0.9453346 -0.5686161 0.04012 -0.8216241 -0.3834032 0.003011091 -0.9235761 -0.2838153 0.01470367 -0.9587662 -0.08667149 -0.002854779 -0.9962329 -0.1863189 0.01448739 -0.9823825 -0.08016312 -0.06983263 -0.9943326 -2.327439e-07 5.730205e-07 -1 -7.355852e-08 2.790991e-07 -1 -0.1848963 -0.00206957 -0.9827558 -0.09927577 -4.072247e-05 -0.99506 -0.3828986 -0.009515321 -0.9237414 -0.3444175 -0.0004008018 -0.9388165 -0.4228817 0.002099011 -0.9061825 -0.5006641 -0.003039825 -0.8656363 -0.7069567 -0.009379264 -0.7071946 -0.6336936 -0.0025892 -0.7735798 -0.6988244 0.002578399 -0.7152886 -0.7578971 -0.001450336 -0.6523725 -0.8540096 -0.002474423 -0.5202514 -0.9238192 -0.009685058 -0.3827065 -0.8960445 0.00140682 -0.4439619 -0.930215 -1.885463e-05 -0.3670149 -0.978351 -0.002049914 -0.2069422 -0.9976178 -0.0007590055 -0.06897873 -0.9999201 -1.553106e-06 -0.01264096 -0.2581913 -0.1691677 -0.9511675 -0.1878266 -0.1355756 -0.9728003 -0.3748666 -0.3069414 -0.8747926 -0.3323274 -0.1088967 -0.9368565 -0.4456424 -0.1763824 -0.8776628 -0.2369872 -0.2904116 -0.9270913 -0.557549 -0.3010973 -0.7736146 -0.5089492 -0.1064521 -0.8541889 -0.617266 -0.1767056 -0.7666537 -0.05953797 -0.06631143 -0.9960211 -0.7198565 -0.3051169 -0.6234664 -0.6694461 -0.1369541 -0.7301271 -0.7476383 -0.1566193 -0.6453738 -0.8330844 -0.1765682 -0.5242081 -0.8517297 -0.305035 -0.4260401 -0.8925176 -0.1014264 -0.43946 -0.9221537 -0.1936925 -0.334837 -0.5732439 -0.5835233 -0.5752321 -0.9295115 -0.3074732 -0.2036383 -0.9624819 -0.1013849 -0.2516935 -0.9746645 -0.1834661 -0.1279428 -0.6705452 -0.5832615 -0.4584486 -0.7471386 -0.5860315 -0.3136096 -0.9491467 -0.3125498 0.03785605 -0.9872409 -0.1499612 -0.05354532 -0.9871418 -0.1538337 0.04343102 -0.9618976 -0.2040028 0.1820323 -0.7945971 -0.5890342 -0.1471534 -0.9155097 -0.3146444 0.2506808 -0.9462784 -0.1250722 0.2981848 -0.8929411 -0.322575 0.3140088 -0.8589828 -0.4226544 0.288984 -0.8679976 -0.4299252 0.2484846 -0.7848378 -0.5909747 0.1864899 -0.7751145 -0.5808099 0.2487114 -0.6842186 -0.7003317 0.2034216 -0.8068794 -0.5900427 0.02819932 -0.5653023 -0.8183563 0.103568 -0.5593895 -0.8170764 0.1395331 -0.44498 -0.8910249 0.08981866 -0.4289933 -0.9012488 0.06095304 -0.4066502 -0.9118749 0.05585567 -0.4284284 -0.9029555 0.03347286 -0.3968099 -0.9178226 0.01197982 -0.4507624 -0.8926411 -0.002268249 -0.3767524 -0.9259154 0.02717218 -0.5743953 -0.818444 0.0148162 -0.4166483 -0.9090551 -0.004792427 -0.3920583 -0.9197575 -0.01834205 -0.5716505 -0.8168243 -0.07754884 -0.4174217 -0.907912 -0.03814399 -0.4300398 -0.9005905 -0.06326631 -0.3438485 -0.9387934 -0.02085952 -0.349444 -0.9367783 -0.01831031 -0.5582431 -0.813078 -0.1651326 -0.4280776 -0.9008773 -0.07189993 -0.4343713 -0.8952229 -0.09948667 -0.5381491 -0.8073188 -0.2421403 -0.4449397 -0.8888132 -0.1097255 -0.4119213 -0.9081576 -0.07463646 -0.5135885 -0.8019741 -0.3050646 -0.4069119 -0.9134628 -0.002884681 -0.4604405 -0.8757108 -0.1453449 -0.4674152 -0.8792419 -0.09196048 -0.4590517 -0.8749703 -0.1539433 -0.472376 -0.8813971 0.0003807146 -0.5158301 -0.8507537 -0.1006851 -0.6643947 -0.7473713 -0.003985407 -0.4889885 -0.7976392 -0.3530749 -0.4721794 -0.8645266 -0.1721637 -0.4725577 -0.8594513 -0.1950197 -0.4895707 -0.7797433 -0.3902831 -0.4639657 -0.5888439 -0.6618147 -0.3909873 -0.582484 -0.7126299 -0.2470868 -0.2723981 -0.929918 -0.4707324 -0.5165464 -0.7152558 -0.6211167 -0.6808102 -0.3882159 -0.3213112 -0.1578614 -0.9337231 -0.6702083 -0.7355946 -0.09859725 -0.8975274 -0.4409587 0 -0.6214622 -0.3053268 -0.7214986 -0.8253086 -0.4054775 -0.393006 -0.8930802 -0.438774 -0.0994238 -0.9934901 -0.1139182 0 -0.6975004 -0.08049202 -0.7120493 -0.9886075 -0.1141807 -0.09807117 -0.9164794 -0.1064594 -0.3856576 -0.9922201 -0.07771858 -0.09725814 -0.9945418 -0.1038314 0.0102746 -0.9228293 -0.07215025 -0.3783919 -0.3700064 -0.04171203 -0.9280923 -0.7106916 -0.05608697 -0.7012643 -0.9472774 -0.3050097 -0.09815556 -0.9011966 -0.4327556 0.02381656 -0.8812764 -0.286344 -0.3759775 -0.8909 -0.4539362 -0.01545964 -0.8042323 -0.5859807 -0.09918141 -0.6209748 -0.7835664 0.02034721 -0.7496583 -0.5446589 -0.3759775 -0.7070865 -0.7070849 -0.007722682 -0.5827055 -0.8069607 -0.09627397 -0.544659 -0.7496584 -0.3759773 -0.3112047 -0.9454394 -0.09641592 -0.2257575 -0.9739439 0.02160733 -0.2863443 -0.8812763 -0.3759774 -0.1564209 -0.9876065 -0.01287915 -1.070434e-07 -0.9950355 -0.09952091 0.2257576 -0.9739438 0.02160732 5.31041e-08 -0.926629 -0.375977 0.156421 -0.9876065 -0.01287913 0.311205 -0.9454393 -0.09641596 0.6209747 -0.7835665 0.02034727 0.2863442 -0.8812764 -0.3759773 1.202657e-07 -0.7165818 -0.6975031 0.2214356 -0.6815092 -0.6975037 0.5446589 -0.7496582 -0.3759778 -0.221436 -0.6815092 -0.6975036 0.5827059 -0.8069604 -0.09627414 0.7070877 -0.7070837 -0.007722596 0.8042324 -0.5859806 -0.09918162 0.9011967 -0.4327555 0.02381653 0.8909003 -0.4539357 -0.01545964 0.9472777 -0.3050093 -0.09815456 0.9945419 -0.1038313 0.01027454 0.7496582 -0.5446589 -0.3759778 0.9922201 -0.0777186 -0.09725757 0.9934901 -0.1139187 0 0.8812768 -0.286344 -0.3759764 0.9228297 -0.07215021 -0.3783909 0.9886075 -0.1141809 -0.09807082 0.897527 -0.4409595 0 0.7106922 -0.05608692 -0.7012638 0.8930798 -0.4387745 -0.09942484 0.6643946 -0.7473714 -0.003985338 0.91648 -0.1064592 -0.3856564 0.8253094 -0.4054768 -0.3930051 0.6702078 -0.7355949 -0.09859814 0.6211163 -0.6808105 -0.3882159 0.5182745 -0.8490377 -0.1025991 0.4507519 -0.8926464 -0.002258354 0.4895705 -0.7797411 -0.3902876 0.4730594 -0.8810305 0.0002632114 0.4652211 -0.8800591 -0.09521141 0.4758546 -0.8583922 -0.1916382 0.4039846 -0.9147599 -0.003265027 0.4872474 -0.7992399 -0.3518601 0.4722022 -0.8644792 -0.1723391 0.4591169 -0.8752556 -0.1521159 0.4100352 -0.909134 -0.0731196 0.5133676 -0.8022495 -0.3047121 0.4608528 -0.8755461 -0.1450304 0.347783 -0.9373809 -0.01908059 0.3439054 -0.9387736 -0.02081538 0.3928592 -0.9194498 -0.01654441 0.5378137 -0.8076177 -0.2418885 0.4464689 -0.888187 -0.1085788 0.4329864 -0.8962792 -0.09594959 0.3775432 -0.9255244 0.02942463 0.404668 -0.9127393 0.05613183 0.3982027 -0.917168 0.0154098 0.4420053 -0.892743 0.08741443 0.4292352 -0.9008449 0.06508129 0.5679751 -0.8164914 0.1036636 0.4249389 -0.9044847 0.03652998 0.5140165 -0.8490893 0.1217968 0.6763917 -0.7175923 0.1659987 0.7220407 -0.6557667 0.2205159 0.5744303 -0.8184224 0.01464836 0.4147694 -0.9099261 -0.0009049021 0.781522 -0.5948961 0.1879416 0.82143 -0.5090289 0.2571816 0.8677113 -0.4041002 0.2894481 0.8068804 -0.5900413 0.0281993 0.5711597 -0.817177 -0.07744819 0.4160858 -0.9086167 -0.03589219 0.4301138 -0.9006079 -0.06250978 0.9140907 -0.3144323 0.2560676 0.8899411 -0.3236881 0.3212956 0.9357235 -0.1324336 0.3269295 0.9586425 -0.2126677 0.1891481 0.9494059 -0.3116193 0.03901237 0.9702506 -0.189693 0.1504337 0.9810001 -0.1425576 0.1315909 0.9875472 -0.155259 0.02539958 0.9742812 -0.1810281 -0.1341824 0.794598 -0.5890329 -0.1471539 0.9283589 -0.3124208 -0.201353 0.9613904 -0.1156604 -0.2497022 0.9238001 -0.1966647 -0.3285064 0.558269 -0.8129884 -0.1654861 0.4298324 -0.900087 -0.07132612 0.7471388 -0.5860314 -0.3136094 0.670545 -0.5832607 -0.4584499 0.8503471 -0.3076006 -0.4269563 0.8996863 -0.1151679 -0.4210712 0.8436212 -0.1665317 -0.510461 0.7209167 -0.3040192 -0.6227772 0.7530793 -0.1583592 -0.6385875 0.6704719 -0.1355862 -0.7294407 0.6207629 -0.1793363 -0.7632116 0.5732442 -0.5835228 -0.5752323 0.5589847 -0.3061437 -0.7705921 0.5234001 -0.116168 -0.8441311 0.4600559 -0.177318 -0.870004 0.463966 -0.588843 -0.6618153 0.3737876 -0.3098748 -0.8742199 0.3647299 -0.1205994 -0.9232702 0.2862456 -0.1602636 -0.9446581 0.3909873 -0.5824837 -0.7126301 0.1901321 -0.1414624 -0.9715134 0.145885 -0.1634121 -0.9757121 0.2369844 -0.2904035 -0.9270945 0.4707326 -0.5165466 -0.7152555 0.2470867 -0.2723976 -0.9299181 0.621463 -0.3053271 -0.7214978 0.05953796 -0.0663114 -0.9960211 0.321311 -0.1578612 -0.9337232 0.6975008 -0.0804922 -0.7120489 0.07527734 -0.03698401 -0.9964765 0.3700065 -0.04171193 -0.9280923 0.3906642 -0.03143642 -0.9199963 -0.07527739 -0.03698407 -0.9964765 0.0909393 -0.009750363 -0.9958087 -0.09093951 -0.009750395 -0.9958087 0.1028571 -0.008524269 -0.9946596 -0.1028573 -0.008524282 -0.9946596 -0.3906641 -0.03143642 -0.9199964 -0.1024352 -0.03328323 -0.9941827 -0.3795469 -0.1233223 -0.9169165 -0.6815094 -0.2214356 -0.6975036 -0.08713663 -0.06330842 -0.9941827 -0.3228621 -0.234573 -0.9169163 -0.5797264 -0.4211955 -0.6975039 -0.06330857 -0.0871369 -0.9941827 -0.2345728 -0.3228615 -0.9169166 -0.4211963 -0.5797276 -0.6975024 -0.03328319 -0.1024352 -0.9941827 -0.1233222 -0.379547 -0.9169164 2.11737e-08 -0.1077069 -0.9941827 -8.942412e-08 -0.3990786 -0.9169167 0.1233222 -0.3795469 -0.9169165 0.03328314 -0.1024352 -0.9941827 0.06330858 -0.08713679 -0.9941827 0.2345729 -0.3228618 -0.9169165 0.08713657 -0.06330843 -0.9941827 0.102435 -0.03328319 -0.9941827 0.3228616 -0.2345728 -0.9169166 0.4211964 -0.5797272 -0.6975026 0.3795469 -0.1233224 -0.9169164 0.5797266 -0.4211959 -0.6975035 0.6815096 -0.2214357 -0.6975034 -0.2334039 0.5247693 -0.8186207 -0.1141936 0.4280755 -0.8964994 -0.1204742 0.4210392 -0.8990061 -0.2349947 0.4805324 -0.844906 -0.1056722 0.3808037 -0.9185978 -0.2066581 0.5354744 -0.818877 -0.1197678 0.3665463 -0.9226589 -0.2498758 0.5880714 -0.7692425 -0.2926187 0.599231 -0.7451821 -0.2404437 0.4317719 -0.8693445 -0.1078041 0.3177727 -0.9420185 -0.07298232 0.3227976 -0.94365 -0.1396614 0.3563999 -0.9238365 -0.2305048 0.4667802 -0.8538055 -0.4671564 0.6087137 -0.6412741 -0.2766249 0.5222148 -0.8067034 -0.4632082 0.5924833 -0.6590916 -0.5186347 0.6607764 -0.5425795 -0.4636885 0.7133989 -0.5254093 -0.5517576 0.6763402 -0.4879831 -0.4539011 0.6353372 -0.6247563 -0.6191772 0.7132879 -0.3283901 -0.6181114 0.6986255 -0.3603619 -0.6715618 0.7232782 -0.1608519 -0.6847716 0.725083 -0.0730925 -0.4499306 0.6761507 -0.5834232 -0.367083 0.6007619 -0.7101656 -0.4484938 0.7027608 -0.5522504 -0.5109738 0.7071454 -0.488724 -0.6095017 0.7319592 -0.3045382 -0.550745 0.726972 -0.4101118 -0.6287789 0.7126195 -0.3111441 -0.6664624 0.7315943 -0.1435185 -0.6570527 0.7053414 -0.2660362 -0.6750364 0.7235835 -0.1440586 -0.6984256 0.7148788 -0.03390993 -0.6900271 0.7192932 -0.08049752 -0.696957 0.7163562 0.03293532 -0.6748134 0.721243 -0.1563186 -0.6941713 0.714661 -0.08594047 -0.6942281 0.7166172 0.06713534 -0.7277833 0.6645535 0.1694112 -0.6790376 0.7249784 0.1153872 -0.6720643 0.7173467 0.1836937 -0.6908346 0.7183736 0.08177338 -0.6100181 0.7320231 0.3033483 -0.6093448 0.7434579 0.2756253 -0.6670471 0.7311373 0.1431311 -0.544947 0.7223504 0.425726 -0.5108646 0.7035886 0.4939437 -0.6188241 0.7141019 0.3272846 -0.6760774 0.7197941 0.1575306 -0.4503432 0.6759985 0.5832812 -0.4456727 0.7011405 0.5565769 -0.3673154 0.6037403 0.7075147 -0.3034598 0.5985514 0.7413827 -0.2610772 0.5794828 0.7720352 -0.223152 0.4849803 0.8455751 -0.1950819 0.466685 0.8626403 -0.4522695 0.6360079 0.6252569 -0.2354044 0.4813402 0.8443319 -0.1215086 0.4165216 0.9009691 -0.09264663 0.3669011 0.925635 -0.1043964 0.3899298 0.9149077 -0.1177016 0.3738924 0.9199732 -0.6188901 0.7027408 0.3508993 -0.6341125 0.7530545 0.1755282 -0.6447745 0.7427547 0.180503 -0.6376761 0.6971389 0.3276682 -0.5595464 0.6756837 0.4799577 -0.4632681 0.6039464 0.6485611 -0.4753197 0.7149602 0.5127408 -0.4884334 0.6449274 0.5877937 -0.3187536 0.5306054 0.7854005 -0.262903 0.4756195 0.8394451 -0.2436524 0.43288 0.8678989 -0.1796988 0.3755171 0.9092278 -0.1192592 0.3247189 0.9382616 -0.09549838 0.3195762 0.942736 -0.1268366 0.3148784 0.940619</float_array>
          <technique_common>
            <accessor count="1239" source="#normals-array-array" stride="3">
              <param type="float" name="X"/>
              <param type="float" name="Y"/>
              <param type="float" name="Z"/>
            </accessor>
          </technique_common>
        </source>
        <source id="texcoords-array">
          <float_array count="2478" id="texcoords-array-array">0 1 0 1 0 1 0 1 0 1 0 1 0 1 0 1 0 1 0 1 0 1 0 1 0 1 0 1 0 1 0 1 0 1 0 1 0 1 0 1 0 1 0 1 0 1 0 1 0 1 0 1 0 1 0 1 0 1 0 1 0 1 0 1 0 1 0 1 0 1 0 1 0 1 0 1 0 1 0 1 0 1 0 1 0 1 0 1 0 1 0 1 0 1 0 1 0 1 0 1 0 1 0 1 0 1 0 1 0 1 0 1 0 1 0 1 0 1 0 1 0 1 0 1 0 1 0 1 0 1 0 1 0 1 0 1 0 1 0 1 0 1 0 1 0 1 0 1 0 1 0 1 0 1 0 1 0 1 0 1 0 1 0 1 0 1 0 1 0 1 0 1 0 1 0 1 0 1 0 1 0 1 0 1 0 1 0 1 0 1 0 1 0 1 0 1 0 1 0 1 0 1 0 1 0 1 0 1 0 1 0 1 0 1 0 1 0 1 0 1 0 1 0 1 0 1 0 1 0 1 0 1 0 1 0 1 0 1 0 1 0 1 0 1 0 1 0 1 0 1 0 1 0 1 0 1 0 1 0 1 0 1 0 1 0 1 0 1 0 1 0 1 0 1 0 1 0 1 0 1 0 1 0 1 0 1 0 1 0 1 0 1 0 1 0 1 0 1 0 1 0 1 0 1 0 1 0 1 0 1 0 1 0 1 0 1 0 1 0 1 0 1 0 1 0 1 0 1 0 1 0 1 0 1 0 1 0 1 0 1 0 1 0 1 0 1 0 1 0 1 0 1 0 1 0 1 0 1 0 1 0 1 0 1 0 1 0 1 0 1 0 1 0 1 0 1 0 1 0 1 0 1 0 1 0 1 0 1 0 1 0 1 0 1 0 1 0 1 0 1 0 1 0 1 0 1 0 1 0 1 0 1 0 1 0 1 0 1 0 1 0 1 0 1 0 1 0 1 0 1 0 1 0 1 0 1 0 1 0 1 0 1 0 1 0 1 0 1 0 1 0 1 0 1 0 1 0 1 0 1 0 1 0 1 0 1 0 1 0 1 0 1 0 1 0 1 0 1 0 1 0 1 0 1 0 1 0 1 0 1 0 1 0 1 0 1 0 1 0 1 0 1 0 1 0 1 0 1 0 1 0 1 0 1 0 1 0 1 0 1 0 1 0 1 0 1 0 1 0 1 0 1 0 1 0 1 0 1 0 1 0 1 0 1 0 1 0 1 0 1 0 1 0 1 0 1 0 1 0 1 0 1 0 1 0 1 0 1 0 1 0 1 0 1 0 1 0 1 0 1 0 1 0 1 0 1 0 1 0 1 0 1 0 1 0 1 0 1 0 1 0 1 0 1 0 1 0 1 0 1 0 1 0 1 0 1 0 1 0 1 0 1 0 1 0 1 0 1 0 1 0 1 0 1 0 1 0 1 0 1 0 1 0 1 0 1 0 1 0 1 0 1 0 1 0 1 0 1 0 1 0 1 0 1 0 1 0 1 0 1 0 1 0 1 0 1 0 1 0 1 0 1 0 1 0 1 0 1 0 1 0 1 0 1 0 1 0 1 0 1 0 1 0 1 0 1 0 1 0 1 0 1 0 1 0 1 0 1 0 1 0 1 0 1 0 1 0 1 0 1 0 1 0 1 0 1 0 1 0 1 0 1 0 1 0 1 0 1 0 1 0 1 0 1 0 1 0 1 0 1 0 1 0 1 0 1 0 1 0 1 0 1 0 1 0 1 0 1 0 1 0 1 0 1 0 1 0 1 0 1 0 1 0 1 0 1 0 1 0 1 0 1 0 1 0 1 0 1 0 1 0 1 0 1 0 1 0 1 0 1 0 1 0 1 0 1 0 1 0 1 0 1 0 1 0 1 0 1 0 1 0 1 0 1 0 1 0 1 0 1 0 1 0 1 0 1 0 1 0 1 0 1 0 1 0 1 0 1 0 1 0 1 0 1 0 1 0 1 0 1 0 1 0 1 0 1 0 1 0 1 0 1 0 1 0 1 0 1 0 1 0 1 0 1 0 1 0 1 0 1 0 1 0 1 0 1 0 1 0 1 0 1 0 1 0 1 0 1 0 1 0 1 0 1 0 1 0 1 0 1 0 1 0 1 0 1 0 1 0 1 0 1 0 1 0 1 0 1 0 1 0 1 0 1 0 1 0 1 0 1 0 1 0 1 0 1 0 1 0 1 0 1 0 1 0 1 0 1 0 1 0 1 0 1 0 1 0 1 0 1 0 1 0 1 0 1 0 1 0 1 0 1 0 1 0 1 0 1 0 1 0 1 0 1 0 1 0 1 0 1 0 1 0 1 0 1 0 1 0 1 0 1 0 1 0 1 0 1 0 1 0 1 0 1 0 1 0 1 0 1 0 1 0 1 0 1 0 1 0 1 0 1 0 1 0 1 0 1 0 1 0 1 0 1 0 1 0 1 0 1 0 1 0 1 0 1 0 1 0 1 0 1 0 1 0 1 0 1 0 1 0 1 0 1 0 1 0 1 0 1 0 1 0 1 0 1 0 1 0 1 0 1 0 1 0 1 0 1 0 1 0 1 0 1 0 1 0 1 0 1 0 1 0 1 0 1 0 1 0 1 0 1 0 1 0 1 0 1 0 1 0 1 0 1 0 1 0 1 0 1 0 1 0 1 0 1 0 1 0 1 0 1 0 1 0 1 0 1 0 1 0 1 0 1 0 1 0 1 0 1 0 1 0 1 0 1 0 1 0 1 0 1 0 1 0 1 0 1 0 1 0 1 0 1 0 1 0 1 0 1 0 1 0 1 0 1 0 1 0 1 0 1 0 1 0 1 0 1 0 1 0 1 0 1 0 1 0 1 0 1 0 1 0 1 0 1 0 1 0 1 0 1 0 1 0 1 0 1 0 1 0 1 0 1 0 1 0 1 0 1 0 1 0 1 0 1 0 1 0 1 0 1 0 1 0 1 0 1 0 1 0 1 0 1 0 1 0 1 0 1 0 1 0 1 0 1 0 1 0 1 0 1 0 1 0 1 0 1 0 1 0 1 0 1 0 1 0 1 0 1 0 1 0 1 0 1 0 1 0 1 0 1 0 1 0 1 0 1 0 1 0 1 0 1 0 1 0 1 0 1 0 1 0 1 0 1 0 1 0 1 0 1 0 1 0 1 0 1 0 1 0 1 0 1 0 1 0 1 0 1 0 1 0 1 0 1 0 1 0 1 0 1 0 1 0 1 0 1 0 1 0 1 0 1 0 1 0 1 0 1 0 1 0 1 0 1 0 1 0 1 0 1 0 1 0 1 0 1 0 1 0 1 0 1 0 1 0 1 0 1 0 1 0 1 0 1 0 1 0 1 0 1 0 1 0 1 0 1 0 1 0 1 0 1 0 1 0 1 0 1 0 1 0 1 0 1 0 1 0 1 0 1 0 1 0 1 0 1 0 1 0 1 0 1 0 1 0 1 0 1 0 1 0 1 0 1 0 1 0 1 0 1 0 1 0 1 0 1 0 1 0 1 0 1 0 1 0 1 0 1 0 1 0 1 0 1 0 1 0 1 0 1 0 1 0 1 0 1 0 1 0 1 0 1 0 1 0 1 0 1 0 1 0 1 0 1 0 1 0 1 0 1 0 1 0 1 0 1 0 1 0 1 0 1 0 1 0 1 0 1 0 1 0 1 0 1 0 1 0 1 0 1 0 1 0 1 0 1 0 1 0 1 0 1 0 1 0 1 0 1 0 1 0 1 0 1 0 1 0 1 0 1 0 1 0 1 0 1 0 1 0 1 0 1 0 1 0 1 0 1 0 1 0 1 0 1 0 1 0 1 0 1 0 1 0 1 0 1 0 1 0 1 0 1 0 1 0 1 0 1 0 1 0 1 0 1 0 1 0 1 0 1 0 1 0 1 0 1 0 1 0 1 0 1 0 1 0 1 0 1 0 1 0 1 0 1 0 1 0 1 0 1 0 1 0 1 0 1 0 1 0 1 0 1 0 1 0 1 0 1 0 1 0 1 0 1 0 1 0 1 0 1 0 1 0 1 0 1 0 1 0 1 0 1 0 1 0 1 0 1 0 1 0 1 0 1 0 1 0 1 0 1 0 1 0 1 0 1 0 1 0 1 0 1 0 1 0 1 0 1 0 1 0 1 0 1 0 1 0 1 0 1 0 1 0 1 0 1 0 1 0 1 0 1 0 1 0 1 0 1 0 1 0 1 0 1 0 1 0 1 0 1 0 1 0 1 0 1 0 1 0 1 0 1 0 1 0 1 0 1 0 1 0 1 0 1 0 1 0 1 0 1 0 1 0 1 0 1 0 1 0 1 0 1 0 1 0 1 0 1 0 1 0 1 0 1 0 1 0 1 0 1 0 1 0 1 0 1 0 1 0 1 0 1 0 1 0 1 0 1 0 1 0 1 0 1 0 1 0 1 0 1 0 1 0 1 0 1 0 1 0 1 0 1 0 1 0 1 0 1 0 1 0 1 0 1 0 1 0 1 0 1 0 1 0 1 0 1 0 1 0 1 0 1 0 1 0 1 0 1 0 1 0 1 0 1 0 1 0 1 0 1 0 1 0 1 0 1 0 1 0 1 0 1 0 1 0 1 0 1 0 1 0 1 0 1 0 1 0 1 0 1 0 1 0 1 0 1 0 1 0 1 0 1 0 1 0 1 0 1 0 1 0 1 0 1 0 1 0 1 0 1 0 1 0 1 0 1 0 1 0 1 0 1 0 1 0 1 0 1 0 1 0 1 0 1 0 1 0 1 0 1 0 1 0 1 0 1 0 1 0 1 0 1 0 1 0 1 0 1 0 1 0 1 0 1 0 1 0 1 0 1 0 1 0 1 0 1 0 1 0 1 0 1 0 1 0 1 0 1 0 1 0 1 0 1 0 1 0 1 0 1 0 1 0 1 0 1 0 1 0 1 0 1 0 1 0 1 0 1 0 1 0 1 0 1 0 1 0 1 0 1 0 1 0 1 0 1 0 1 0 1 0 1 0 1 0 1 0 1 0 1 0 1 0 1 0 1 0 1 0 1 0 1 0 1 0 1 0 1 0 1 0 1 0 1 0 1 0 1 0 1 0 1 0 1 0 1 0 1 0 1 0 1 0 1 0 1 0 1 0 1 0 1 0 1 0 1 0 1 0 1 0 1 0 1 0 1 0 1 0 1 0 1 0 1 0 1 0 1 0 1 0 1 0 1 0 1 0 1 0 1 0 1 0 1 0 1 0 1 0 1 0 1 0 1 0 1 0 1 0 1 0 1 0 1 0 1 0 1 0 1 0 1 0 1 0 1 0 1 0 1 0 1 0 1 0 1 0 1 0 1 0 1 0 1 0 1 0 1 0 1 0 1 0 1 0 1 0 1 0 1 0 1 0 1 0 1 0 1 0 1 0 1 0 1 0 1 0 1 0 1 0 1 0 1 0 1 0 1 0 1 0 1 0 1 0 1 0 1 0 1 0 1 0 1 0 1 0 1 0 1 0 1 0 1 0 1 0 1 0 1 0 1 0 1 0 1 0 1 0 1 0 1 0 1 0 1 0 1 0 1 0 1 0 1 0 1</float_array>
          <technique_common>
            <accessor count="1239" source="#texcoords-array-array" stride="2">
              <param type="float" name="S"/>
              <param type="float" name="T"/>
            </accessor>
          </technique_common>
        </source>
        <vertices id="verts-array-vertices">
          <input semantic="POSITION" source="#verts-array"/>
        </vertices>
        <triangles count="1556" material="material0">
          <input offset="0" semantic="VERTEX" source="#verts-array-vertices"/>
          <input offset="1" semantic="NORMAL" source="#normals-array"/>
          <input offset="2" semantic="TEXCOORD" source="#texcoords-array"/>
          <p>0 0 0 1 1 1 2 2 2 3 3 3 4 4 4 5 5 5 6 6 6 7 7 7 8 8 8 8 8 8 9 9 9 6 6 6 10 10 10 11 11 11 12 12 12 12 12 12 13 13 13 10 10 10 14 14 14 15 15 15 16 16 16 16 16 16 17 17 17 14 14 14 18 18 18 19 19 19 20 20 20 20 20 20 21 21 21 18 18 18 20 20 20 22 22 22 21 21 21 23 23 23 24 24 24 25 25 25 25 25 25 26 26 26 23 23 23 25 25 25 27 27 27 26 26 26 28 28 28 29 29 29 30 30 30 30 30 30 31 31 31 28 28 28 31 31 31 30 30 30 32 32 32 32 32 32 33 33 33 31 31 31 31 31 31 33 33 33 34 34 34 34 34 34 35 35 35 31 31 31 31 31 31 35 35 35 36 36 36 36 36 36 37 37 37 38 38 38 38 38 38 39 39 39 36 36 36 39 39 39 40 40 40 36 36 36 36 36 36 40 40 40 41 41 41 41 41 41 42 42 42 36 36 36 42 42 42 43 43 43 36 36 36 36 36 36 43 43 43 31 31 31 43 43 43 44 44 44 31 31 31 43 43 43 45 45 45 44 44 44 45 45 45 43 43 43 46 46 46 45 45 45 46 46 46 47 47 47 47 47 47 48 48 48 45 45 45 48 48 48 49 49 49 45 45 45 48 48 48 50 50 50 49 49 49 50 50 50 48 48 48 51 51 51 51 51 51 52 52 52 50 50 50 51 51 51 53 53 53 52 52 52 53 53 53 54 54 54 52 52 52 53 53 53 55 55 55 54 54 54 56 56 56 55 55 55 53 53 53 53 53 53 57 57 57 56 56 56 57 57 57 58 58 58 56 56 56 58 58 58 59 59 59 56 56 56 58 58 58 60 60 60 59 59 59 60 60 60 61 61 61 59 59 59 62 62 62 61 61 61 60 60 60 60 60 60 63 63 63 62 62 62 63 63 63 64 64 64 62 62 62 64 64 64 65 65 65 62 62 62 64 64 64 66 66 66 65 65 65 66 66 66 67 67 67 65 65 65 68 68 68 67 67 67 66 66 66 69 69 69 67 67 67 68 68 68 68 68 68 70 70 70 69 69 69 71 71 71 70 70 70 68 68 68 68 68 68 72 72 72 71 71 71 66 66 66 73 73 73 68 68 68 71 71 71 72 72 72 74 74 74 73 73 73 66 66 66 75 75 75 75 75 75 76 76 76 73 73 73 74 74 74 77 77 77 71 71 71 73 73 73 76 76 76 78 78 78 78 78 78 79 79 79 73 73 73 80 80 80 79 79 79 78 78 78 78 78 78 81 81 81 80 80 80 82 82 82 77 77 77 74 74 74 83 83 83 77 77 77 82 82 82 82 82 82 84 84 84 83 83 83 85 85 85 84 84 84 82 82 82 82 82 82 86 86 86 85 85 85 87 87 87 86 86 86 82 82 82 82 82 82 88 88 88 87 87 87 82 82 82 89 89 89 88 88 88 82 82 82 90 90 90 89 89 89 82 82 82 91 91 91 90 90 90 82 82 82 92 92 92 91 91 91 91 91 91 92 92 92 93 93 93 74 74 74 93 93 93 82 82 82 93 93 93 74 74 74 80 80 80 94 94 94 91 91 91 93 93 93 80 80 80 95 95 95 93 93 93 93 93 93 95 95 95 94 94 94 95 95 95 96 96 96 94 94 94 97 97 97 95 95 95 80 80 80 94 94 94 96 96 96 97 97 97 80 80 80 81 81 81 97 97 97 98 98 98 94 94 94 97 97 97 97 97 97 81 81 81 99 99 99 100 100 100 98 98 98 97 97 97 97 97 97 99 99 99 101 101 101 102 102 102 100 100 100 97 97 97 101 101 101 103 103 103 97 97 97 104 104 104 102 102 102 97 97 97 103 103 103 105 105 105 97 97 97 106 106 106 104 104 104 97 97 97 105 105 105 106 106 106 97 97 97 107 107 107 108 108 108 109 109 109 109 109 109 110 110 110 107 107 107 110 110 110 109 109 109 111 111 111 111 111 111 112 112 112 113 113 113 111 111 111 113 113 113 110 110 110 113 113 113 114 114 114 110 110 110 114 114 114 115 115 115 110 110 110 114 114 114 116 116 116 115 115 115 117 117 117 115 115 115 116 116 116 116 116 116 118 118 118 117 117 117 119 119 119 117 117 117 118 118 118 118 118 118 120 120 120 119 119 119 121 121 121 119 119 119 120 120 120 120 120 120 122 122 122 121 121 121 123 123 123 121 121 121 122 122 122 122 122 122 124 124 124 123 123 123 124 124 124 125 125 125 123 123 123 125 125 125 126 126 126 123 123 123 127 127 127 126 126 126 125 125 125 125 125 125 128 128 128 127 127 127 129 129 129 127 127 127 128 128 128 128 128 128 130 130 130 129 129 129 130 130 130 131 131 131 129 129 129 132 132 132 131 131 131 130 130 130 133 133 133 132 132 132 130 130 130 130 130 130 134 134 134 133 133 133 133 133 133 134 134 134 135 135 135 135 135 135 136 136 136 133 133 133 133 133 133 136 136 136 137 137 137 137 137 137 138 138 138 133 133 133 138 138 138 137 137 137 139 139 139 140 140 140 138 138 138 139 139 139 140 140 140 139 139 139 141 141 141 141 141 141 142 142 142 140 140 140 143 143 143 144 144 144 145 145 145 145 145 145 146 146 146 143 143 143 146 146 146 145 145 145 147 147 147 147 147 147 148 148 148 146 146 146 149 149 149 148 148 148 147 147 147 147 147 147 150 150 150 149 149 149 151 151 151 150 150 150 147 147 147 147 147 147 152 152 152 151 151 151 152 152 152 153 153 153 151 151 151 153 153 153 152 152 152 154 154 154 154 154 154 155 155 155 153 153 153 154 154 154 156 156 156 155 155 155 155 155 155 156 156 156 157 157 157 158 158 158 159 159 159 151 151 151 157 157 157 160 160 160 155 155 155 157 157 157 161 161 161 160 160 160 160 160 160 161 161 161 162 162 162 151 151 151 163 163 163 158 158 158 151 151 151 164 164 164 163 163 163 163 163 163 164 164 164 155 155 155 165 165 165 158 158 158 163 163 163 163 163 163 166 166 166 165 165 165 167 167 167 166 166 166 163 163 163 155 155 155 168 168 168 163 163 163 155 155 155 169 169 169 168 168 168 168 168 168 169 169 169 160 160 160 163 163 163 170 170 170 167 167 167 171 171 171 167 167 167 170 170 170 163 163 163 168 168 168 172 172 172 172 172 172 170 170 170 163 163 163 173 173 173 174 174 174 171 171 171 170 170 170 175 175 175 171 171 171 171 171 171 175 175 175 173 173 173 175 175 175 170 170 170 172 172 172 176 176 176 173 173 173 175 175 175 175 175 175 177 177 177 176 176 176 178 178 178 176 176 176 177 177 177 177 177 177 179 179 179 178 178 178 180 180 180 179 179 179 177 177 177 177 177 177 175 175 175 181 181 181 172 172 172 181 181 181 175 175 175 177 177 177 182 182 182 180 180 180 181 181 181 182 182 182 177 177 177 182 182 182 183 183 183 180 180 180 184 184 184 180 180 180 183 183 183 183 183 183 185 185 185 184 184 184 186 186 186 185 185 185 183 183 183 186 186 186 183 183 183 187 187 187 187 187 187 188 188 188 186 186 186 187 187 187 189 189 189 188 188 188 190 190 190 189 189 189 187 187 187 187 187 187 191 191 191 190 190 190 191 191 191 192 192 192 190 190 190 193 193 193 187 187 187 183 183 183 191 191 191 187 187 187 193 193 193 183 183 183 182 182 182 193 193 193 192 192 192 191 191 191 194 194 194 192 192 192 194 194 194 195 195 195 193 193 193 196 196 196 191 191 191 195 195 195 197 197 197 192 192 192 193 193 193 198 198 198 196 196 196 197 197 197 195 195 195 199 199 199 199 199 199 200 200 200 197 197 197 199 199 199 201 201 201 200 200 200 202 202 202 198 198 198 193 193 193 193 193 193 203 203 203 202 202 202 203 203 203 193 193 193 182 182 182 203 203 203 204 204 204 202 202 202 182 182 182 181 181 181 203 203 203 205 205 205 204 204 204 203 203 203 206 206 206 203 203 203 181 181 181 203 203 203 206 206 206 205 205 205 181 181 181 172 172 172 206 206 206 206 206 206 207 207 207 205 205 205 208 208 208 207 207 207 206 206 206 209 209 209 206 206 206 172 172 172 208 208 208 206 206 206 209 209 209 172 172 172 168 168 168 209 209 209 209 209 209 210 210 210 208 208 208 211 211 211 210 210 210 209 209 209 160 160 160 209 209 209 168 168 168 209 209 209 212 212 212 211 211 211 160 160 160 213 213 213 209 209 209 212 212 212 209 209 209 213 213 213 213 213 213 214 214 214 212 212 212 162 162 162 215 215 215 160 160 160 215 215 215 162 162 162 216 216 216 216 216 216 217 217 217 215 215 215 215 215 215 217 217 217 218 218 218 218 218 218 219 219 219 215 215 215 215 215 215 219 219 219 220 220 220 220 220 220 221 221 221 215 215 215 220 220 220 222 222 222 221 221 221 223 223 223 224 224 224 222 222 222 222 222 222 225 225 225 223 223 223 226 226 226 223 223 223 225 225 225 225 225 225 227 227 227 226 226 226 227 227 227 228 228 228 226 226 226 227 227 227 229 229 229 228 228 228 230 230 230 228 228 228 229 229 229 229 229 229 231 231 231 230 230 230 231 231 231 232 232 232 230 230 230 231 231 231 233 233 233 232 232 232 234 234 234 232 232 232 233 233 233 234 234 234 233 233 233 235 235 235 235 235 235 236 236 236 234 234 234 235 235 235 237 237 237 236 236 236 238 238 238 236 236 236 237 237 237 238 238 238 237 237 237 239 239 239 239 239 239 240 240 240 238 238 238 239 239 239 241 241 241 240 240 240 242 242 242 240 240 240 241 241 241 243 243 243 242 242 242 241 241 241 241 241 241 244 244 244 243 243 243 245 245 245 243 243 243 244 244 244 244 244 244 246 246 246 245 245 245 247 247 247 245 245 245 246 246 246 246 246 246 248 248 248 247 247 247 247 247 247 248 248 248 249 249 249 249 249 249 250 250 250 247 247 247 251 251 251 250 250 250 249 249 249 249 249 249 252 252 252 251 251 251 249 249 249 253 253 253 252 252 252 253 253 253 254 254 254 255 255 255 255 255 255 256 256 256 253 253 253 255 255 255 257 257 257 256 256 256 258 258 258 257 257 257 255 255 255 255 255 255 259 259 259 258 258 258 258 258 258 259 259 259 260 260 260 260 260 260 261 261 261 258 258 258 261 261 261 262 262 262 258 258 258 263 263 263 254 254 254 264 264 264 263 263 263 264 264 264 265 265 265 265 265 265 266 266 266 263 263 263 266 266 266 265 265 265 267 267 267 268 268 268 269 269 269 266 266 266 266 266 266 270 270 270 268 268 268 266 266 266 271 271 271 270 270 270 267 267 267 271 271 271 266 266 266 267 267 267 272 272 272 271 271 271 271 271 271 272 272 272 273 273 273 273 273 273 274 274 274 271 271 271 274 274 274 273 273 273 275 275 275 275 275 275 276 276 276 274 274 274 276 276 276 275 275 275 277 277 277 278 278 278 276 276 276 277 277 277 277 277 277 279 279 279 278 278 278 279 279 279 280 280 280 278 278 278 280 280 280 279 279 279 281 281 281 282 282 282 280 280 280 281 281 281 281 281 281 283 283 283 282 282 282 283 283 283 284 284 284 282 282 282 284 284 284 283 283 283 285 285 285 286 286 286 284 284 284 285 285 285 285 285 285 287 287 287 286 286 286 287 287 287 288 288 288 286 286 286 288 288 288 287 287 287 289 289 289 290 290 290 288 288 288 289 289 289 289 289 289 291 291 291 290 290 290 292 292 292 290 290 290 291 291 291 291 291 291 293 293 293 292 292 292 294 294 294 293 293 293 295 295 295 294 294 294 295 295 295 296 296 296 296 296 296 297 297 297 294 294 294 297 297 297 296 296 296 298 298 298 297 297 297 298 298 298 299 299 299 297 297 297 299 299 299 300 300 300 301 301 301 297 297 297 300 300 300 300 300 300 302 302 302 301 301 301 303 303 303 304 304 304 301 301 301 305 305 305 303 303 303 301 301 301 301 301 301 306 306 306 305 305 305 307 307 307 301 301 301 302 302 302 302 302 302 308 308 308 307 307 307 308 308 308 309 309 309 307 307 307 310 310 310 306 306 306 301 301 301 301 301 301 307 307 307 310 310 310 311 311 311 306 306 306 310 310 310 312 312 312 307 307 307 309 309 309 312 312 312 309 309 309 313 313 313 314 314 314 310 310 310 307 307 307 307 307 307 315 315 315 314 314 314 314 314 314 315 315 315 312 312 312 313 313 313 316 316 316 312 312 312 316 316 316 313 313 313 317 317 317 318 318 318 316 316 316 317 317 317 318 318 318 317 317 317 319 319 319 319 319 319 320 320 320 321 321 321 319 319 319 321 321 321 322 322 322 322 322 322 323 323 323 319 319 319 319 319 319 323 323 323 324 324 324 319 319 319 324 324 324 318 318 318 318 318 318 325 325 325 326 326 326 326 326 326 327 327 327 318 318 318 326 326 326 328 328 328 327 327 327 327 327 327 329 329 329 318 318 318 312 312 312 329 329 329 327 327 327 327 327 327 314 314 314 312 312 312 327 327 327 328 328 328 330 330 330 327 327 327 330 330 330 331 331 331 332 332 332 314 314 314 327 327 327 310 310 310 314 314 314 332 332 332 331 331 331 333 333 333 327 327 327 327 327 327 333 333 333 332 332 332 333 333 333 331 331 331 334 334 334 333 333 333 334 334 334 335 335 335 335 335 335 336 336 336 337 337 337 335 335 335 338 338 338 333 333 333 337 337 337 338 338 338 335 335 335 332 332 332 333 333 333 338 338 338 338 338 338 337 337 337 339 339 339 332 332 332 340 340 340 310 310 310 310 310 310 340 340 340 311 311 311 340 340 340 341 341 341 311 311 311 342 342 342 341 341 341 340 340 340 338 338 338 343 343 343 332 332 332 340 340 340 332 332 332 343 343 343 339 339 339 344 344 344 338 338 338 343 343 343 338 338 338 344 344 344 344 344 344 339 339 339 345 345 345 345 345 345 346 346 346 344 344 344 344 344 344 346 346 346 347 347 347 342 342 342 340 340 340 348 348 348 343 343 343 348 348 348 340 340 340 348 348 348 349 349 349 342 342 342 350 350 350 349 349 349 348 348 348 344 344 344 351 351 351 343 343 343 347 347 347 351 351 351 344 344 344 348 348 348 343 343 343 351 351 351 351 351 351 347 347 347 352 352 352 350 350 350 348 348 348 353 353 353 351 351 351 353 353 353 348 348 348 353 353 353 354 354 354 350 350 350 355 355 355 354 354 354 353 353 353 356 356 356 355 355 355 353 353 353 352 352 352 357 357 357 351 351 351 353 353 353 351 351 351 357 357 357 357 357 357 352 352 352 358 358 358 358 358 358 359 359 359 357 357 357 357 357 357 359 359 359 360 360 360 357 357 357 361 361 361 353 353 353 360 360 360 361 361 361 357 357 357 353 353 353 361 361 361 356 356 356 360 360 360 362 362 362 361 361 361 361 361 361 362 362 362 363 363 363 363 363 363 356 356 356 361 361 361 363 363 363 364 364 364 356 356 356 365 365 365 356 356 356 364 364 364 366 366 366 365 365 365 364 364 364 364 364 364 367 367 367 366 366 366 366 366 366 367 367 367 368 368 368 368 368 368 369 369 369 366 366 366 368 368 368 370 370 370 369 369 369 371 371 371 372 372 372 373 373 373 373 373 373 374 374 374 371 371 371 373 373 373 375 375 375 374 374 374 376 376 376 374 374 374 375 375 375 375 375 375 377 377 377 376 376 376 376 376 376 377 377 377 378 378 378 378 378 378 379 379 379 376 376 376 379 379 379 380 380 380 376 376 376 381 381 381 374 374 374 376 376 376 376 376 376 382 382 382 381 381 381 381 381 381 382 382 382 383 383 383 383 383 383 382 382 382 384 384 384 385 385 385 383 383 383 384 384 384 384 384 384 386 386 386 385 385 385 383 383 383 387 387 387 381 381 381 381 381 381 387 387 387 388 388 388 389 389 389 381 381 381 388 388 388 388 388 388 390 390 390 389 389 389 391 391 391 392 392 392 393 393 393 393 393 393 394 394 394 391 391 391 394 394 394 393 393 393 395 395 395 395 395 395 396 396 396 394 394 394 396 396 396 395 395 395 397 397 397 397 397 397 395 395 395 398 398 398 399 399 399 397 397 397 398 398 398 398 398 398 400 400 400 399 399 399 400 400 400 401 401 401 399 399 399 399 399 399 401 401 401 402 402 402 402 402 402 403 403 403 399 399 399 402 402 402 404 404 404 403 403 403 404 404 404 405 405 405 403 403 403 406 406 406 403 403 403 405 405 405 405 405 405 407 407 407 406 406 406 407 407 407 408 408 408 406 406 406 408 408 408 409 409 409 406 406 406 410 410 410 406 406 406 409 409 409 409 409 409 411 411 411 410 410 410 410 410 410 411 411 411 412 412 412 412 412 412 413 413 413 410 410 410 410 410 410 414 414 414 415 415 415 415 415 415 416 416 416 410 410 410 415 415 415 417 417 417 416 416 416 417 417 417 418 418 418 416 416 416 416 416 416 418 418 418 419 419 419 420 420 420 416 416 416 419 419 419 419 419 419 421 421 421 420 420 420 421 421 421 422 422 422 420 420 420 420 420 420 422 422 422 423 423 423 423 423 423 424 424 424 420 420 420 425 425 425 420 420 420 424 424 424 424 424 424 426 426 426 425 425 425 426 426 426 427 427 427 425 425 425 425 425 425 427 427 427 428 428 428 429 429 429 425 425 425 428 428 428 428 428 428 430 430 430 429 429 429 397 397 397 429 429 429 396 396 396 396 396 396 429 429 429 431 431 431 431 431 431 429 429 429 432 432 432 432 432 432 433 433 433 431 431 431 431 431 431 434 434 434 435 435 435 436 436 436 431 431 431 435 435 435 435 435 435 437 437 437 436 436 436 437 437 437 438 438 438 436 436 436 436 436 436 438 438 438 439 439 439 440 440 440 436 436 436 439 439 439 439 439 439 441 441 441 440 440 440 441 441 441 442 442 442 440 440 440 440 440 440 442 442 442 443 443 443 444 444 444 440 440 440 443 443 443 443 443 443 445 445 445 444 444 444 445 445 445 446 446 446 444 444 444 444 444 444 446 446 446 447 447 447 448 448 448 444 444 444 447 447 447 447 447 447 449 449 449 448 448 448 448 448 448 450 450 450 451 451 451 448 448 448 452 452 452 450 450 450 451 451 451 453 453 453 448 448 448 453 453 453 451 451 451 454 454 454 453 453 453 454 454 454 455 455 455 453 453 453 455 455 455 456 456 456 456 456 456 457 457 457 453 453 453 456 456 456 458 458 458 457 457 457 457 457 457 458 458 458 459 459 459 457 457 457 459 459 459 460 460 460 460 460 460 461 461 461 457 457 457 460 460 460 462 462 462 461 461 461 461 461 461 462 462 462 463 463 463 463 463 463 431 431 431 461 461 461 463 463 463 462 462 462 464 464 464 431 431 431 463 463 463 396 396 396 465 465 465 463 463 463 464 464 464 396 396 396 463 463 463 466 466 466 464 464 464 467 467 467 465 465 465 468 468 468 465 465 465 467 467 467 467 467 467 469 469 469 468 468 468 466 466 466 470 470 470 396 396 396 471 471 471 396 396 396 470 470 470 472 472 472 471 471 471 470 470 470 473 473 473 472 472 472 470 470 470 470 470 470 474 474 474 473 473 473 475 475 475 473 473 473 474 474 474 474 474 474 476 476 476 475 475 475 477 477 477 476 476 476 474 474 474 474 474 474 478 478 478 477 477 477 479 479 479 477 477 477 478 478 478 479 479 479 478 478 478 480 480 480 480 480 480 481 481 481 479 479 479 481 481 481 480 480 480 482 482 482 482 482 482 483 483 483 481 481 481 483 483 483 482 482 482 484 484 484 484 484 484 485 485 485 483 483 483 485 485 485 484 484 484 486 486 486 486 486 486 487 487 487 485 485 485 488 488 488 487 487 487 486 486 486 489 489 489 488 488 488 486 486 486 489 489 489 486 486 486 490 490 490 491 491 491 489 489 489 490 490 490 491 491 491 490 490 490 492 492 492 492 492 492 493 493 493 491 491 491 494 494 494 493 493 493 492 492 492 492 492 492 495 495 495 494 494 494 495 495 495 492 492 492 496 496 496 496 496 496 497 497 497 495 495 495 498 498 498 497 497 497 496 496 496 496 496 496 499 499 499 498 498 498 500 500 500 498 498 498 499 499 499 499 499 499 501 501 501 500 500 500 502 502 502 503 503 503 499 499 499 504 504 504 502 502 502 499 499 499 499 499 499 505 505 505 504 504 504 506 506 506 504 504 504 505 505 505 505 505 505 507 507 507 506 506 506 508 508 508 507 507 507 505 505 505 508 508 508 505 505 505 509 509 509 509 509 509 510 510 510 508 508 508 509 509 509 511 511 511 510 510 510 512 512 512 511 511 511 509 509 509 513 513 513 512 512 512 509 509 509 509 509 509 514 514 514 513 513 513 514 514 514 515 515 515 513 513 513 516 516 516 515 515 515 514 514 514 517 517 517 516 516 516 514 514 514 517 517 517 514 514 514 518 518 518 518 518 518 519 519 519 517 517 517 520 520 520 521 521 521 518 518 518 518 518 518 448 448 448 520 520 520 522 522 522 523 523 523 509 509 509 509 509 509 523 523 523 524 524 524 525 525 525 522 522 522 509 509 509 524 524 524 526 526 526 509 509 509 509 509 509 527 527 527 525 525 525 524 524 524 528 528 528 526 526 526 527 527 527 529 529 529 525 525 525 530 530 530 529 529 529 527 527 527 530 530 530 527 527 527 499 499 499 499 499 499 531 531 531 530 530 530 531 531 531 499 499 499 496 496 496 496 496 496 532 532 532 531 531 531 531 531 531 532 532 532 533 533 533 533 533 533 534 534 534 531 531 531 534 534 534 533 533 533 535 535 535 536 536 536 531 531 531 537 537 537 535 535 535 538 538 538 534 534 534 538 538 538 535 535 535 539 539 539 537 537 537 540 540 540 536 536 536 540 540 540 537 537 537 534 534 534 540 540 540 541 541 541 536 536 536 539 539 539 542 542 542 538 538 538 542 542 542 539 539 539 543 543 543 541 541 541 540 540 540 544 544 544 544 544 544 525 525 525 541 541 541 545 545 545 525 525 525 544 544 544 546 546 546 542 542 542 543 543 543 547 547 547 546 546 546 543 543 543 548 548 548 542 542 542 549 549 549 550 550 550 547 547 547 543 543 543 549 549 549 551 551 551 548 548 548 538 538 538 548 548 548 551 551 551 551 551 551 549 549 549 552 552 552 551 551 551 553 553 553 538 538 538 553 553 553 554 554 554 538 538 538 534 534 534 554 554 554 553 553 553 553 553 553 540 540 540 534 534 534 552 552 552 555 555 555 551 551 551 553 553 553 551 551 551 555 555 555 552 552 552 556 556 556 555 555 555 555 555 555 556 556 556 550 550 550 540 540 540 553 553 553 557 557 557 555 555 555 557 557 557 553 553 553 557 557 557 544 544 544 540 540 540 558 558 558 557 557 557 555 555 555 544 544 544 557 557 557 558 558 558 559 559 559 555 555 555 550 550 550 555 555 555 559 559 559 558 558 558 550 550 550 560 560 560 559 559 559 559 559 559 560 560 560 561 561 561 562 562 562 550 550 550 543 543 543 559 559 559 561 561 561 563 563 563 543 543 543 563 563 563 562 562 562 543 543 543 564 564 564 563 563 563 543 543 543 565 565 565 564 564 564 566 566 566 565 565 565 543 543 543 566 566 566 543 543 543 567 567 567 567 567 567 568 568 568 566 566 566 569 569 569 568 568 568 567 567 567 569 569 569 567 567 567 570 570 570 571 571 571 566 566 566 569 569 569 572 572 572 566 566 566 573 573 573 570 570 570 574 574 574 569 569 569 573 573 573 575 575 575 572 572 572 575 575 575 576 576 576 572 572 572 563 563 563 576 576 576 575 575 575 563 563 563 575 575 575 559 559 559 577 577 577 575 575 575 573 573 573 573 573 573 571 571 571 577 577 577 559 559 559 575 575 575 578 578 578 575 575 575 577 577 577 578 578 578 578 578 578 579 579 579 559 559 559 559 559 559 579 579 579 558 558 558 580 580 580 579 579 579 578 578 578 581 581 581 558 558 558 579 579 579 579 579 579 580 580 580 581 581 581 558 558 558 581 581 581 544 544 544 544 544 544 581 581 581 545 545 545 581 581 581 582 582 582 545 545 545 583 583 583 582 582 582 581 581 581 581 581 581 580 580 580 583 583 583 580 580 580 584 584 584 583 583 583 584 584 584 580 580 580 585 585 585 578 578 578 585 585 585 580 580 580 585 585 585 578 578 578 577 577 577 585 585 585 528 528 528 584 584 584 585 585 585 586 586 586 528 528 528 528 528 528 587 587 587 526 526 526 587 587 587 588 588 588 526 526 526 518 518 518 526 526 526 588 588 588 588 588 588 589 589 589 518 518 518 589 589 589 590 590 590 518 518 518 448 448 448 518 518 518 590 590 590 586 586 586 585 585 585 591 591 591 590 590 590 592 592 592 448 448 448 593 593 593 591 591 591 585 585 585 577 577 577 593 593 593 585 585 585 591 591 591 593 593 593 594 594 594 593 593 593 577 577 577 595 595 595 595 595 595 594 594 594 593 593 593 571 571 571 595 595 595 577 577 577 594 594 594 596 596 596 591 591 591 595 595 595 571 571 571 597 597 597 569 569 569 597 597 597 571 571 571 597 597 597 569 569 569 574 574 574 597 597 597 598 598 598 595 595 595 596 596 596 595 595 595 598 598 598 574 574 574 599 599 599 597 597 597 598 598 598 597 597 597 599 599 599 599 599 599 574 574 574 600 600 600 600 600 600 574 574 574 570 570 570 570 570 570 601 601 601 600 600 600 599 599 599 602 602 602 598 598 598 603 603 603 600 600 600 601 601 601 601 601 601 604 604 604 603 603 603 600 600 600 605 605 605 599 599 599 605 605 605 600 600 600 603 603 603 602 602 602 599 599 599 605 605 605 606 606 606 603 603 603 604 604 604 604 604 604 607 607 607 606 606 606 603 603 603 608 608 608 605 605 605 609 609 609 606 606 606 607 607 607 603 603 603 606 606 606 610 610 610 610 610 610 606 606 606 609 609 609 610 610 610 608 608 608 603 603 603 607 607 607 611 611 611 609 609 609 611 611 611 612 612 612 609 609 609 613 613 613 612 612 612 611 611 611 611 611 611 614 614 614 613 613 613 609 609 609 615 615 615 610 610 610 615 615 615 609 609 609 613 613 613 614 614 614 616 616 616 613 613 613 617 617 617 616 616 616 614 614 614 617 617 617 614 614 614 618 618 618 613 613 613 619 619 619 615 615 615 619 619 619 613 613 613 617 617 617 618 618 618 620 620 620 617 617 617 621 621 621 620 620 620 618 618 618 617 617 617 622 622 622 619 619 619 622 622 622 617 617 617 621 621 621 623 623 623 621 621 621 618 618 618 618 618 618 624 624 624 623 623 623 621 621 621 625 625 625 622 622 622 625 625 625 621 621 621 623 623 623 624 624 624 626 626 626 623 623 623 627 627 627 626 626 626 624 624 624 624 624 624 628 628 628 627 627 627 623 623 623 629 629 629 625 625 625 629 629 629 623 623 623 627 627 627 628 628 628 630 630 630 627 627 627 631 631 631 630 630 630 628 628 628 631 631 631 628 628 628 632 632 632 627 627 627 633 633 633 629 629 629 633 633 633 627 627 627 631 631 631 632 632 632 634 634 634 631 631 631 635 635 635 634 634 634 632 632 632 635 635 635 632 632 632 636 636 636 631 631 631 637 637 637 633 633 633 637 637 637 631 631 631 635 635 635 638 638 638 629 629 629 633 633 633 639 639 639 633 633 633 637 637 637 633 633 633 639 639 639 638 638 638 635 635 635 640 640 640 637 637 637 629 629 629 638 638 638 641 641 641 641 641 641 625 625 625 629 629 629 640 640 640 635 635 635 642 642 642 636 636 636 642 642 642 635 635 635 625 625 625 641 641 641 643 643 643 643 643 643 622 622 622 625 625 625 644 644 644 642 642 642 636 636 636 636 636 636 645 645 645 644 644 644 622 622 622 643 643 643 646 646 646 646 646 646 619 619 619 622 622 622 647 647 647 644 644 644 645 645 645 645 645 645 648 648 648 647 647 647 642 642 642 644 644 644 649 649 649 649 649 649 644 644 644 647 647 647 650 650 650 647 647 647 648 648 648 648 648 648 651 651 651 650 650 650 647 647 647 652 652 652 649 649 649 652 652 652 647 647 647 650 650 650 649 649 649 653 653 653 642 642 642 642 642 642 653 653 653 640 640 640 654 654 654 649 649 649 652 652 652 653 653 653 649 649 649 654 654 654 650 650 650 655 655 655 652 652 652 656 656 656 650 650 650 651 651 651 655 655 655 650 650 650 656 656 656 651 651 651 657 657 657 656 656 656 657 657 657 658 658 658 656 656 656 659 659 659 658 658 658 657 657 657 656 656 656 660 660 660 655 655 655 660 660 660 656 656 656 659 659 659 657 657 657 661 661 661 659 659 659 662 662 662 652 652 652 655 655 655 652 652 652 662 662 662 654 654 654 663 663 663 655 655 655 660 660 660 655 655 655 663 663 663 662 662 662 661 661 661 664 664 664 665 665 665 661 661 661 665 665 665 666 666 666 666 666 666 667 667 667 661 661 661 667 667 667 668 668 668 661 661 661 668 668 668 669 669 669 661 661 661 669 669 669 670 670 670 661 661 661 670 670 670 671 671 671 661 661 661 661 661 661 671 671 671 672 672 672 672 672 672 659 659 659 661 661 661 673 673 673 659 659 659 672 672 672 659 659 659 674 674 674 660 660 660 672 672 672 675 675 675 673 673 673 674 674 674 673 673 673 675 675 675 675 675 675 672 672 672 676 676 676 677 677 677 660 660 660 674 674 674 660 660 660 677 677 677 663 663 663 676 676 676 678 678 678 675 675 675 676 676 676 679 679 679 678 678 678 678 678 678 679 679 679 669 669 669 674 674 674 675 675 675 680 680 680 669 669 669 681 681 681 678 678 678 669 669 669 682 682 682 681 681 681 681 681 681 682 682 682 683 683 683 675 675 675 678 678 678 684 684 684 684 684 684 680 680 680 675 675 675 678 678 678 681 681 681 685 685 685 685 685 685 684 684 684 678 678 678 683 683 683 686 686 686 681 681 681 683 683 683 687 687 687 686 686 686 686 686 686 687 687 687 667 667 667 688 688 688 685 685 685 681 681 681 681 681 681 686 686 686 688 688 688 667 667 667 689 689 689 686 686 686 667 667 667 690 690 690 689 689 689 689 689 689 690 690 690 691 691 691 692 692 692 688 688 688 686 686 686 686 686 686 689 689 689 692 692 692 691 691 691 693 693 693 689 689 689 691 691 691 694 694 694 693 693 693 693 693 693 694 694 694 695 695 695 696 696 696 692 692 692 689 689 689 689 689 689 693 693 693 696 696 696 695 695 695 697 697 697 693 693 693 695 695 695 698 698 698 697 697 697 698 698 698 699 699 699 700 700 700 700 700 700 697 697 697 698 698 698 700 700 700 701 701 701 697 697 697 697 697 697 701 701 701 702 702 702 693 693 693 697 697 697 703 703 703 702 702 702 703 703 703 697 697 697 703 703 703 696 696 696 693 693 693 703 703 703 702 702 702 704 704 704 704 704 704 705 705 705 703 703 703 696 696 696 703 703 703 705 705 705 704 704 704 706 706 706 705 705 705 706 706 706 707 707 707 708 708 708 705 705 705 706 706 706 708 708 708 708 708 708 709 709 709 705 705 705 705 705 705 709 709 709 710 710 710 705 705 705 711 711 711 696 696 696 711 711 711 705 705 705 710 710 710 692 692 692 696 696 696 711 711 711 710 710 710 712 712 712 711 711 711 711 711 711 712 712 712 713 713 713 711 711 711 714 714 714 692 692 692 714 714 714 711 711 711 713 713 713 688 688 688 692 692 692 714 714 714 713 713 713 715 715 715 714 714 714 714 714 714 715 715 715 716 716 716 714 714 714 717 717 717 688 688 688 717 717 717 714 714 714 716 716 716 716 716 716 718 718 718 717 717 717 685 685 685 688 688 688 717 717 717 717 717 717 718 718 718 719 719 719 717 717 717 720 720 720 685 685 685 720 720 720 717 717 717 719 719 719 719 719 719 721 721 721 720 720 720 684 684 684 685 685 685 720 720 720 720 720 720 721 721 721 722 722 722 720 720 720 723 723 723 684 684 684 723 723 723 720 720 720 722 722 722 722 722 722 724 724 724 723 723 723 680 680 680 684 684 684 723 723 723 723 723 723 724 724 724 725 725 725 726 726 726 723 723 723 725 725 725 723 723 723 726 726 726 680 680 680 725 725 725 727 727 727 726 726 726 727 727 727 728 728 728 726 726 726 729 729 729 726 726 726 728 728 728 728 728 728 452 452 452 729 729 729 726 726 726 729 729 729 730 730 730 731 731 731 680 680 680 726 726 726 726 726 726 730 730 730 731 731 731 680 680 680 731 731 731 674 674 674 674 674 674 731 731 731 677 677 677 731 731 731 730 730 730 732 732 732 732 732 732 677 677 677 731 731 731 733 733 733 732 732 732 730 730 730 730 730 730 452 452 452 733 733 733 677 677 677 732 732 732 734 734 734 734 734 734 663 663 663 677 677 677 732 732 732 733 733 733 735 735 735 735 735 735 734 734 734 732 732 732 663 663 663 734 734 734 736 736 736 736 736 736 662 662 662 663 663 663 734 734 734 735 735 735 737 737 737 737 737 737 736 736 736 734 734 734 738 738 738 735 735 735 733 733 733 738 738 738 737 737 737 735 735 735 733 733 733 452 452 452 738 738 738 736 736 736 737 737 737 739 739 739 739 739 739 737 737 737 738 738 738 662 662 662 736 736 736 740 740 740 739 739 739 740 740 740 736 736 736 740 740 740 654 654 654 662 662 662 741 741 741 654 654 654 740 740 740 654 654 654 741 741 741 653 653 653 742 742 742 740 740 740 739 739 739 740 740 740 742 742 742 741 741 741 653 653 653 741 741 741 743 743 743 743 743 743 640 640 640 653 653 653 741 741 741 742 742 742 744 744 744 744 744 744 743 743 743 741 741 741 640 640 640 743 743 743 745 745 745 745 745 745 637 637 637 640 640 640 637 637 637 745 745 745 639 639 639 746 746 746 745 745 745 743 743 743 743 743 743 744 744 744 746 746 746 747 747 747 639 639 639 745 745 745 745 745 745 746 746 746 747 747 747 639 639 639 747 747 747 748 748 748 748 748 748 638 638 638 639 639 639 749 749 749 747 747 747 746 746 746 638 638 638 748 748 748 750 750 750 750 750 750 641 641 641 638 638 638 751 751 751 748 748 748 747 747 747 747 747 747 749 749 749 751 751 751 752 752 752 750 750 750 748 748 748 748 748 748 751 751 751 752 752 752 641 641 641 750 750 750 753 753 753 753 753 753 643 643 643 641 641 641 750 750 750 752 752 752 754 754 754 754 754 754 753 753 753 750 750 750 755 755 755 752 752 752 751 751 751 755 755 755 754 754 754 752 752 752 751 751 751 749 749 749 755 755 755 746 746 746 755 755 755 749 749 749 755 755 755 746 746 746 744 744 744 753 753 753 754 754 754 756 756 756 755 755 755 756 756 756 754 754 754 643 643 643 753 753 753 757 757 757 756 756 756 757 757 757 753 753 753 757 757 757 646 646 646 643 643 643 757 757 757 756 756 756 758 758 758 758 758 758 756 756 756 755 755 755 646 646 646 757 757 757 759 759 759 758 758 758 759 759 759 757 757 757 744 744 744 760 760 760 755 755 755 760 760 760 744 744 744 742 742 742 755 755 755 761 761 761 758 758 758 755 755 755 760 760 760 761 761 761 759 759 759 758 758 758 761 761 761 742 742 742 762 762 762 760 760 760 760 760 760 762 762 762 761 761 761 739 739 739 762 762 762 742 742 742 761 761 761 762 762 762 739 739 739 759 759 759 763 763 763 646 646 646 619 619 619 646 646 646 763 763 763 763 763 763 615 615 615 619 619 619 739 739 739 764 764 764 761 761 761 739 739 739 738 738 738 764 764 764 615 615 615 763 763 763 765 765 765 765 765 765 610 610 610 615 615 615 608 608 608 610 610 610 765 765 765 763 763 763 759 759 759 766 766 766 766 766 766 765 765 765 763 763 763 761 761 761 766 766 766 759 759 759 765 765 765 767 767 767 608 608 608 767 767 767 765 765 765 766 766 766 768 768 768 766 766 766 761 761 761 766 766 766 768 768 768 767 767 767 761 761 761 764 764 764 768 768 768 768 768 768 764 764 764 738 738 738 608 608 608 767 767 767 769 769 769 769 769 769 605 605 605 608 608 608 767 767 767 768 768 768 770 770 770 770 770 770 769 769 769 767 767 767 738 738 738 770 770 770 768 768 768 605 605 605 769 769 769 602 602 602 770 770 770 738 738 738 771 771 771 771 771 771 738 738 738 452 452 452 452 452 452 448 448 448 771 771 771 592 592 592 771 771 771 448 448 448 769 769 769 770 770 770 772 772 772 771 771 771 772 772 772 770 770 770 772 772 772 602 602 602 769 769 769 772 772 772 771 771 771 592 592 592 602 602 602 772 772 772 773 773 773 592 592 592 773 773 773 772 772 772 773 773 773 598 598 598 602 602 602 773 773 773 592 592 592 590 590 590 598 598 598 773 773 773 596 596 596 590 590 590 596 596 596 773 773 773 774 774 774 590 590 590 775 775 775 596 596 596 774 774 774 776 776 776 776 776 776 774 774 774 775 775 775 776 776 776 591 591 591 596 596 596 775 775 775 777 777 777 776 776 776 591 591 591 776 776 776 586 586 586 777 777 777 778 778 778 776 776 776 776 776 776 778 778 778 586 586 586 779 779 779 780 780 780 781 781 781 782 782 782 779 779 779 781 781 781 781 781 781 783 783 783 782 782 782 782 782 782 783 783 783 784 784 784 784 784 784 785 785 785 782 782 782 784 784 784 786 786 786 785 785 785 785 785 785 786 786 786 787 787 787 787 787 787 788 788 788 785 785 785 788 788 788 787 787 787 789 789 789 789 789 789 790 790 790 788 788 788 789 789 789 791 791 791 790 790 790 791 791 791 792 792 792 790 790 790 792 792 792 793 793 793 790 790 790 794 794 794 790 790 790 793 793 793 794 794 794 793 793 793 795 795 795 788 788 788 790 790 790 796 796 796 797 797 797 794 794 794 795 795 795 788 788 788 796 796 796 798 798 798 795 795 795 799 799 799 797 797 797 788 788 788 798 798 798 800 800 800 801 801 801 797 797 797 799 799 799 802 802 802 788 788 788 800 800 800 803 803 803 801 801 801 799 799 799 800 800 800 804 804 804 802 802 802 799 799 799 805 805 805 803 803 803 806 806 806 802 802 802 804 804 804 805 805 805 799 799 799 807 807 807 804 804 804 808 808 808 806 806 806 805 805 805 807 807 807 809 809 809 809 809 809 810 810 810 805 805 805 811 811 811 806 806 806 808 808 808 808 808 808 812 812 812 811 811 811 811 811 811 812 812 812 813 813 813 813 813 813 814 814 814 811 811 811 813 813 813 815 815 815 814 814 814 816 816 816 817 817 817 818 818 818 818 818 818 819 819 819 816 816 816 819 819 819 818 818 818 820 820 820 820 820 820 821 821 821 819 819 819 820 820 820 822 822 822 821 821 821 823 823 823 822 822 822 820 820 820 820 820 820 824 824 824 823 823 823 824 824 824 825 825 825 823 823 823 824 824 824 826 826 826 825 825 825 827 827 827 824 824 824 820 820 820 826 826 826 824 824 824 828 828 828 829 829 829 827 827 827 820 820 820 830 830 830 826 826 826 828 828 828 829 829 829 820 820 820 831 831 831 830 830 830 828 828 828 832 832 832 831 831 831 833 833 833 829 829 829 832 832 832 834 834 834 830 830 830 835 835 835 833 833 833 831 831 831 834 834 834 832 832 832 836 836 836 835 835 835 831 831 831 837 837 837 834 834 834 836 836 836 838 838 838 837 837 837 839 839 839 835 835 835 837 837 837 840 840 840 839 839 839 838 838 838 841 841 841 834 834 834 842 842 842 834 834 834 841 841 841 841 841 841 843 843 843 842 842 842 841 841 841 844 844 844 843 843 843 845 845 845 846 846 846 847 847 847 847 847 847 848 848 848 845 845 845 847 847 847 849 849 849 848 848 848 848 848 848 849 849 849 850 850 850 850 850 850 851 851 851 848 848 848 852 852 852 851 851 851 850 850 850 850 850 850 849 849 849 853 853 853 852 852 852 850 850 850 854 854 854 854 854 854 855 855 855 852 852 852 853 853 853 856 856 856 850 850 850 857 857 857 856 856 856 853 853 853 858 858 858 856 856 856 857 857 857 853 853 853 859 859 859 857 857 857 858 858 858 857 857 857 860 860 860 859 859 859 853 853 853 861 861 861 858 858 858 860 860 860 862 862 862 862 862 862 863 863 863 858 858 858 864 864 864 859 859 859 861 861 861 865 865 865 864 864 864 861 861 861 861 861 861 866 866 866 865 865 865 867 867 867 868 868 868 869 869 869 869 869 869 870 870 870 867 867 867 871 871 871 867 867 867 870 870 870 870 870 870 497 497 497 871 871 871 872 872 872 871 871 871 497 497 497 873 873 873 871 871 871 872 872 872 497 497 497 874 874 874 872 872 872 873 873 873 872 872 872 875 875 875 875 875 875 876 876 876 873 873 873 875 875 875 877 877 877 876 876 876 878 878 878 877 877 877 875 875 875 875 875 875 879 879 879 878 878 878 879 879 879 880 880 880 878 878 878 879 879 879 881 881 881 880 880 880 881 881 881 879 879 879 882 882 882 882 882 882 883 883 883 881 881 881 882 882 882 884 884 884 883 883 883 882 882 882 885 885 885 884 884 884 885 885 885 882 882 882 886 886 886 886 886 886 887 887 887 885 885 885 886 886 886 888 888 888 887 887 887 886 886 886 889 889 889 890 890 890 890 890 890 410 410 410 886 886 886 888 888 888 886 886 886 410 410 410 891 891 891 892 892 892 886 886 886 886 886 886 893 893 893 891 891 891 893 893 893 894 894 894 891 891 891 893 893 893 895 895 895 894 894 894 896 896 896 895 895 895 893 893 893 896 896 896 893 893 893 897 897 897 897 897 897 898 898 898 896 896 896 897 897 897 899 899 899 898 898 898 900 900 900 899 899 899 897 897 897 901 901 901 900 900 900 897 897 897 897 897 897 902 902 902 901 901 901 902 902 902 903 903 903 901 901 901 904 904 904 903 903 903 902 902 902 902 902 902 905 905 905 904 904 904 905 905 905 902 902 902 874 874 874 874 874 874 906 906 906 905 905 905 874 874 874 907 907 907 906 906 906 908 908 908 888 888 888 909 909 909 909 909 909 910 910 910 908 908 908 910 910 910 911 911 911 908 908 908 912 912 912 911 911 911 910 910 910 910 910 910 909 909 909 913 913 913 910 910 910 914 914 914 912 912 912 914 914 914 915 915 915 912 912 912 916 916 916 915 915 915 914 914 914 913 913 913 888 888 888 917 917 917 410 410 410 917 917 917 888 888 888 916 916 916 914 914 914 918 918 918 918 918 918 919 919 919 916 916 916 920 920 920 919 919 919 918 918 918 921 921 921 920 920 920 918 918 918 918 918 918 922 922 922 921 921 921 922 922 922 923 923 923 921 921 921 924 924 924 923 923 923 922 922 922 918 918 918 914 914 914 925 925 925 922 922 922 926 926 926 924 924 924 926 926 926 927 927 927 924 924 924 928 928 928 927 927 927 926 926 926 922 922 922 918 918 918 929 929 929 925 925 925 929 929 929 918 918 918 926 926 926 922 922 922 930 930 930 929 929 929 930 930 930 922 922 922 928 928 928 926 926 926 931 931 931 931 931 931 932 932 932 928 928 928 933 933 933 932 932 932 931 931 931 934 934 934 933 933 933 931 931 931 930 930 930 935 935 935 926 926 926 931 931 931 926 926 926 935 935 935 934 934 934 931 931 931 936 936 936 936 936 936 937 937 937 934 934 934 938 938 938 937 937 937 936 936 936 939 939 939 940 940 940 938 938 938 938 938 938 936 936 936 939 939 939 939 939 939 936 936 936 941 941 941 941 941 941 936 936 936 931 931 931 941 941 941 942 942 942 939 939 939 941 941 941 943 943 943 942 942 942 931 931 931 944 944 944 941 941 941 935 935 935 944 944 944 931 931 931 943 943 943 941 941 941 945 945 945 945 945 945 941 941 941 944 944 944 945 945 945 946 946 946 943 943 943 945 945 945 947 947 947 946 946 946 947 947 947 945 945 945 948 948 948 948 948 948 949 949 949 947 947 947 945 945 945 950 950 950 948 948 948 951 951 951 950 950 950 945 945 945 952 952 952 949 949 949 953 953 953 953 953 953 951 951 951 952 952 952 945 945 945 954 954 954 951 951 951 944 944 944 954 954 954 945 945 945 954 954 954 955 955 955 951 951 951 956 956 956 955 955 955 954 954 954 951 951 951 956 956 956 952 952 952 957 957 957 954 954 954 944 944 944 954 954 954 957 957 957 956 956 956 944 944 944 935 935 935 957 957 957 957 957 957 958 958 958 956 956 956 959 959 959 958 958 958 957 957 957 952 952 952 956 956 956 960 960 960 952 952 952 960 960 960 961 961 961 957 957 957 962 962 962 959 959 959 962 962 962 957 957 957 935 935 935 962 962 962 963 963 963 959 959 959 935 935 935 930 930 930 962 962 962 964 964 964 963 963 963 962 962 962 965 965 965 962 962 962 930 930 930 964 964 964 962 962 962 965 965 965 965 965 965 966 966 966 964 964 964 930 930 930 929 929 929 965 965 965 967 967 967 966 966 966 965 965 965 952 952 952 961 961 961 967 967 967 968 968 968 965 965 965 929 929 929 967 967 967 965 965 965 968 968 968 929 929 929 925 925 925 968 968 968 967 967 967 969 969 969 952 952 952 968 968 968 970 970 970 967 967 967 969 969 969 971 971 971 952 952 952 972 972 972 970 970 970 968 968 968 971 971 971 973 973 973 952 952 952 952 952 952 973 973 973 974 974 974 975 975 975 952 952 952 974 974 974 972 972 972 968 968 968 976 976 976 976 976 976 968 968 968 925 925 925 976 976 976 977 977 977 972 972 972 971 971 971 977 977 977 976 976 976 974 974 974 971 971 971 976 976 976 976 976 976 978 978 978 974 974 974 979 979 979 978 978 978 976 976 976 925 925 925 980 980 980 976 976 976 979 979 979 976 976 976 980 980 980 980 980 980 925 925 925 914 914 914 914 914 914 910 910 910 980 980 980 981 981 981 980 980 980 910 910 910 980 980 980 981 981 981 979 979 979 910 910 910 913 913 913 981 981 981 981 981 981 913 913 913 982 982 982 917 917 917 982 982 982 913 913 913 979 979 979 981 981 981 983 983 983 982 982 982 983 983 983 981 981 981 983 983 983 984 984 984 979 979 979 974 974 974 979 979 979 984 984 984 983 983 983 982 982 982 985 985 985 984 984 984 986 986 986 974 974 974 974 974 974 986 986 986 975 975 975 987 987 987 975 975 975 986 986 986 984 984 984 983 983 983 988 988 988 985 985 985 988 988 988 983 983 983 986 986 986 984 984 984 989 989 989 988 988 988 989 989 989 984 984 984 986 986 986 990 990 990 987 987 987 989 989 989 990 990 990 986 986 986 991 991 991 987 987 987 990 990 990 989 989 989 988 988 988 992 992 992 990 990 990 993 993 993 991 991 991 990 990 990 989 989 989 994 994 994 994 994 994 993 993 993 990 990 990 992 992 992 994 994 994 989 989 989 991 991 991 993 993 993 995 995 995 995 995 995 993 993 993 994 994 994 995 995 995 996 996 996 991 991 991 997 997 997 994 994 994 992 992 992 994 994 994 997 997 997 995 995 995 998 998 998 992 992 992 988 988 988 988 988 988 985 985 985 998 998 998 992 992 992 999 999 999 997 997 997 999 999 999 992 992 992 998 998 998 996 996 996 995 995 995 1000 1000 1000 1000 1000 1000 1001 1001 1001 996 996 996 995 995 995 997 997 997 1002 1002 1002 1002 1002 1002 1000 1000 1000 995 995 995 1000 1000 1000 1003 1003 1003 1001 1001 1001 1001 1001 1001 1003 1003 1003 1004 1004 1004 1005 1005 1005 1001 1001 1001 1004 1004 1004 1000 1000 1000 1002 1002 1002 1006 1006 1006 1006 1006 1006 1004 1004 1004 1000 1000 1000 1004 1004 1004 1007 1007 1007 1005 1005 1005 1005 1005 1005 1007 1007 1007 1008 1008 1008 1004 1004 1004 1006 1006 1006 1009 1009 1009 1009 1009 1009 1008 1008 1008 1004 1004 1004 1005 1005 1005 1008 1008 1008 1010 1010 1010 1010 1010 1010 1011 1011 1011 1005 1005 1005 1008 1008 1008 1009 1009 1009 1012 1012 1012 1012 1012 1012 1010 1010 1010 1008 1008 1008 1010 1010 1010 1013 1013 1013 1011 1011 1011 1011 1011 1011 1013 1013 1013 1014 1014 1014 1014 1014 1014 1015 1015 1015 1011 1011 1011 1010 1010 1010 1012 1012 1012 1016 1016 1016 1016 1016 1016 1014 1014 1014 1010 1010 1010 1014 1014 1014 1017 1017 1017 1015 1015 1015 1015 1015 1015 1017 1017 1017 1018 1018 1018 1019 1019 1019 1015 1015 1015 1018 1018 1018 1014 1014 1014 1016 1016 1016 1020 1020 1020 1020 1020 1020 1018 1018 1018 1014 1014 1014 1021 1021 1021 1016 1016 1016 1012 1012 1012 1022 1022 1022 1020 1020 1020 1016 1016 1016 1016 1016 1016 1021 1021 1021 1022 1022 1022 1018 1018 1018 1020 1020 1020 1023 1023 1023 1012 1012 1012 1024 1024 1024 1021 1021 1021 1024 1024 1024 1012 1012 1012 1009 1009 1009 1023 1023 1023 1025 1025 1025 1018 1018 1018 1018 1018 1018 1025 1025 1025 1019 1019 1019 1025 1025 1025 1026 1026 1026 1019 1019 1019 1019 1019 1019 1026 1026 1026 1027 1027 1027 1027 1027 1027 1028 1028 1028 1019 1019 1019 1027 1027 1027 1029 1029 1029 1028 1028 1028 1028 1028 1028 1029 1029 1029 1030 1030 1030 1031 1031 1031 1028 1028 1028 1030 1030 1030 1032 1032 1032 1027 1027 1027 1025 1025 1025 1025 1025 1025 1023 1023 1023 1032 1032 1032 1030 1030 1030 1033 1033 1033 1031 1031 1031 1034 1034 1034 1031 1031 1031 1033 1033 1033 1035 1035 1035 1030 1030 1030 1027 1027 1027 1027 1027 1027 1032 1032 1032 1035 1035 1035 1036 1036 1036 1033 1033 1033 1030 1030 1030 1030 1030 1030 1035 1035 1035 1036 1036 1036 1033 1033 1033 1037 1037 1037 1034 1034 1034 1037 1037 1037 1033 1033 1033 1036 1036 1036 1038 1038 1038 1034 1034 1034 1037 1037 1037 1039 1039 1039 1036 1036 1036 1035 1035 1035 1037 1037 1037 1040 1040 1040 1038 1038 1038 1041 1041 1041 1038 1038 1038 1040 1040 1040 1036 1036 1036 1042 1042 1042 1037 1037 1037 1042 1042 1042 1036 1036 1036 1039 1039 1039 1043 1043 1043 1040 1040 1040 1037 1037 1037 1037 1037 1037 1042 1042 1042 1043 1043 1043 1040 1040 1040 1044 1044 1044 1041 1041 1041 1040 1040 1040 1043 1043 1043 1045 1045 1045 1045 1045 1045 1044 1044 1044 1040 1040 1040 1041 1041 1041 1044 1044 1044 1046 1046 1046 1046 1046 1046 1047 1047 1047 1041 1041 1041 1044 1044 1044 1045 1045 1045 1048 1048 1048 1048 1048 1048 1046 1046 1046 1044 1044 1044 1046 1046 1046 1049 1049 1049 1047 1047 1047 1047 1047 1047 1049 1049 1049 1050 1050 1050 1050 1050 1050 1046 1046 1046 1051 1051 1051 1047 1047 1047 1050 1050 1050 1052 1052 1052 1051 1051 1051 1053 1053 1053 1050 1050 1050 1053 1053 1053 1051 1051 1051 1048 1048 1048 1053 1053 1053 1054 1054 1054 1050 1050 1050 1055 1055 1055 1054 1054 1054 1053 1053 1053 1047 1047 1047 1052 1052 1052 1056 1056 1056 1053 1053 1053 1057 1057 1057 1055 1055 1055 1057 1057 1057 1058 1058 1058 1055 1055 1055 1056 1056 1056 1058 1058 1058 1057 1057 1057 1056 1056 1056 1059 1059 1059 1047 1047 1047 1059 1059 1059 1060 1060 1060 1047 1047 1047 1047 1047 1047 1060 1060 1060 1061 1061 1061 1057 1057 1057 1062 1062 1062 1056 1056 1056 1062 1062 1062 1063 1063 1063 1056 1056 1056 1064 1064 1064 1063 1063 1063 1062 1062 1062 1065 1065 1065 1066 1066 1066 1047 1047 1047 1067 1067 1067 1065 1065 1065 1047 1047 1047 1061 1061 1061 1067 1067 1067 1047 1047 1047 1068 1068 1068 1066 1066 1066 1069 1069 1069 1069 1069 1069 1070 1070 1070 1068 1068 1068 1069 1069 1069 1071 1071 1071 1070 1070 1070 1070 1070 1070 1071 1071 1071 1067 1067 1067 1072 1072 1072 1068 1068 1068 1070 1070 1070 1073 1073 1073 1072 1072 1072 1070 1070 1070 1074 1074 1074 1073 1073 1073 1070 1070 1070 1067 1067 1067 1075 1075 1075 1070 1070 1070 1067 1067 1067 1076 1076 1076 1075 1075 1075 1075 1075 1075 1076 1076 1076 1061 1061 1061 1070 1070 1070 1077 1077 1077 1074 1074 1074 1078 1078 1078 1074 1074 1074 1077 1077 1077 1079 1079 1079 1078 1078 1078 1077 1077 1077 1070 1070 1070 1075 1075 1075 1080 1080 1080 1080 1080 1080 1077 1077 1077 1070 1070 1070 1061 1061 1061 1081 1081 1081 1075 1075 1075 1080 1080 1080 1075 1075 1075 1081 1081 1081 1061 1061 1061 1082 1082 1082 1081 1081 1081 1081 1081 1081 1082 1082 1082 1083 1083 1083 1077 1077 1077 1084 1084 1084 1079 1079 1079 1085 1085 1085 1079 1079 1079 1084 1084 1084 1084 1084 1084 1086 1086 1086 1085 1085 1085 1087 1087 1087 1086 1086 1086 1084 1084 1084 1088 1088 1088 1084 1084 1084 1077 1077 1077 1084 1084 1084 1088 1088 1088 1087 1087 1087 1077 1077 1077 1080 1080 1080 1088 1088 1088 1089 1089 1089 1087 1087 1087 1088 1088 1088 1088 1088 1088 1090 1090 1090 1089 1089 1089 1091 1091 1091 1090 1090 1090 1088 1088 1088 1092 1092 1092 1091 1091 1091 1088 1088 1088 1088 1088 1088 1080 1080 1080 1093 1093 1093 1081 1081 1081 1093 1093 1093 1080 1080 1080 1088 1088 1088 1094 1094 1094 1092 1092 1092 1093 1093 1093 1094 1094 1094 1088 1088 1088 1094 1094 1094 1095 1095 1095 1092 1092 1092 1096 1096 1096 1095 1095 1095 1094 1094 1094 1093 1093 1093 1081 1081 1081 1097 1097 1097 1083 1083 1083 1097 1097 1097 1081 1081 1081 1083 1083 1083 1098 1098 1098 1097 1097 1097 1097 1097 1097 1098 1098 1098 1064 1064 1064 1062 1062 1062 1097 1097 1097 1064 1064 1064 1097 1097 1097 1099 1099 1099 1093 1093 1093 1099 1099 1099 1097 1097 1097 1062 1062 1062 1094 1094 1094 1093 1093 1093 1099 1099 1099 1062 1062 1062 1100 1100 1100 1099 1099 1099 1100 1100 1100 1062 1062 1062 1057 1057 1057 1099 1099 1099 1101 1101 1101 1094 1094 1094 1101 1101 1101 1099 1099 1099 1100 1100 1100 1096 1096 1096 1094 1094 1094 1101 1101 1101 1101 1101 1101 1102 1102 1102 1096 1096 1096 1103 1103 1103 1102 1102 1102 1101 1101 1101 1103 1103 1103 1101 1101 1101 1104 1104 1104 1100 1100 1100 1104 1104 1104 1101 1101 1101 1104 1104 1104 1105 1105 1105 1103 1103 1103 1104 1104 1104 1106 1106 1106 1105 1105 1105 1107 1107 1107 1106 1106 1106 1104 1104 1104 1057 1057 1057 1108 1108 1108 1100 1100 1100 1104 1104 1104 1100 1100 1100 1108 1108 1108 1108 1108 1108 1057 1057 1057 1053 1053 1053 1104 1104 1104 1109 1109 1109 1107 1107 1107 1108 1108 1108 1109 1109 1109 1104 1104 1104 1109 1109 1109 1110 1110 1110 1107 1107 1107 1111 1111 1111 1110 1110 1110 1109 1109 1109 1053 1053 1053 1112 1112 1112 1108 1108 1108 1109 1109 1109 1108 1108 1108 1112 1112 1112 1112 1112 1112 1053 1053 1053 1048 1048 1048 1111 1111 1111 1109 1109 1109 1113 1113 1113 1112 1112 1112 1113 1113 1113 1109 1109 1109 1113 1113 1113 1114 1114 1114 1111 1111 1111 1115 1115 1115 1114 1114 1114 1113 1113 1113 1048 1048 1048 1116 1116 1116 1112 1112 1112 1113 1113 1113 1112 1112 1112 1116 1116 1116 1116 1116 1116 1048 1048 1048 1045 1045 1045 1115 1115 1115 1113 1113 1113 1117 1117 1117 1117 1117 1117 1118 1118 1118 1115 1115 1115 1117 1117 1117 413 413 413 1118 1118 1118 1119 1119 1119 1117 1117 1117 1113 1113 1113 1116 1116 1116 1119 1119 1119 1113 1113 1113 1045 1045 1045 1120 1120 1120 1116 1116 1116 1119 1119 1119 1116 1116 1116 1120 1120 1120 1120 1120 1120 1045 1045 1045 1043 1043 1043 413 413 413 1119 1119 1119 1121 1121 1121 1120 1120 1120 1121 1121 1121 1119 1119 1119 1043 1043 1043 1122 1122 1122 1120 1120 1120 1121 1121 1121 1120 1120 1120 1122 1122 1122 1122 1122 1122 1043 1043 1043 1042 1042 1042 1121 1121 1121 1123 1123 1123 413 413 413 410 410 410 413 413 413 1123 1123 1123 1122 1122 1122 1124 1124 1124 1121 1121 1121 1123 1123 1123 1121 1121 1121 1124 1124 1124 1042 1042 1042 1125 1125 1125 1122 1122 1122 1124 1124 1124 1122 1122 1122 1125 1125 1125 1039 1039 1039 1125 1125 1125 1042 1042 1042 1124 1124 1124 1126 1126 1126 1123 1123 1123 1125 1125 1125 1127 1127 1127 1124 1124 1124 1126 1126 1126 1124 1124 1124 1127 1127 1127 1125 1125 1125 1039 1039 1039 1128 1128 1128 1128 1128 1128 1127 1127 1127 1125 1125 1125 1123 1123 1123 1126 1126 1126 1129 1129 1129 1123 1123 1123 1129 1129 1129 410 410 410 410 410 410 1129 1129 1129 917 917 917 982 982 982 917 917 917 1129 1129 1129 1129 1129 1129 985 985 985 982 982 982 1127 1127 1127 1130 1130 1130 1126 1126 1126 1129 1129 1129 1126 1126 1126 1130 1130 1130 985 985 985 1129 1129 1129 1131 1131 1131 1131 1131 1131 1129 1129 1129 1130 1130 1130 1131 1131 1131 998 998 998 985 985 985 1132 1132 1132 1130 1130 1130 1127 1127 1127 1127 1127 1127 1128 1128 1128 1132 1132 1132 1133 1133 1133 1131 1131 1131 1130 1130 1130 1130 1130 1130 1132 1132 1132 1133 1133 1133 1134 1134 1134 998 998 998 1131 1131 1131 1131 1131 1131 1133 1133 1133 1134 1134 1134 998 998 998 1134 1134 1134 999 999 999 1134 1134 1134 1133 1133 1133 1135 1135 1135 1135 1135 1135 1133 1133 1133 1132 1132 1132 999 999 999 1134 1134 1134 1136 1136 1136 1135 1135 1135 1136 1136 1136 1134 1134 1134 1136 1136 1136 1137 1137 1137 999 999 999 997 997 997 999 999 999 1137 1137 1137 1137 1137 1137 1002 1002 1002 997 997 997 1136 1136 1136 1135 1135 1135 1138 1138 1138 1138 1138 1138 1135 1135 1135 1132 1132 1132 1137 1137 1137 1136 1136 1136 1139 1139 1139 1138 1138 1138 1139 1139 1139 1136 1136 1136 1002 1002 1002 1137 1137 1137 1140 1140 1140 1139 1139 1139 1140 1140 1140 1137 1137 1137 1140 1140 1140 1006 1006 1006 1002 1002 1002 1139 1139 1139 1138 1138 1138 1141 1141 1141 1132 1132 1132 1141 1141 1141 1138 1138 1138 1140 1140 1140 1139 1139 1139 1142 1142 1142 1141 1141 1141 1142 1142 1142 1139 1139 1139 1006 1006 1006 1140 1140 1140 1143 1143 1143 1142 1142 1142 1143 1143 1143 1140 1140 1140 1143 1143 1143 1009 1009 1009 1006 1006 1006 1009 1009 1009 1143 1143 1143 1024 1024 1024 1142 1142 1142 1141 1141 1141 1144 1144 1144 1144 1144 1144 1141 1141 1141 1132 1132 1132 1143 1143 1143 1142 1142 1142 1145 1145 1145 1144 1144 1144 1145 1145 1145 1142 1142 1142 1145 1145 1145 1024 1024 1024 1143 1143 1143 1145 1145 1145 1144 1144 1144 1146 1146 1146 1132 1132 1132 1146 1146 1146 1144 1144 1144 1024 1024 1024 1145 1145 1145 1147 1147 1147 1146 1146 1146 1147 1147 1147 1145 1145 1145 1147 1147 1147 1021 1021 1021 1024 1024 1024 1021 1021 1021 1147 1147 1147 1148 1148 1148 1148 1148 1148 1022 1022 1022 1021 1021 1021 1147 1147 1147 1146 1146 1146 1149 1149 1149 1149 1149 1149 1148 1148 1148 1147 1147 1147 1150 1150 1150 1149 1149 1149 1146 1146 1146 1148 1148 1148 1149 1149 1149 1150 1150 1150 1022 1022 1022 1148 1148 1148 1151 1151 1151 1150 1150 1150 1151 1151 1151 1148 1148 1148 1146 1146 1146 1152 1152 1152 1150 1150 1150 1151 1151 1151 1150 1150 1150 1152 1152 1152 1146 1146 1146 1153 1153 1153 1152 1152 1152 1146 1146 1146 1132 1132 1132 1153 1153 1153 1152 1152 1152 1154 1154 1154 1151 1151 1151 1154 1154 1154 1152 1152 1152 1153 1153 1153 1151 1151 1151 1155 1155 1155 1022 1022 1022 1155 1155 1155 1151 1151 1151 1154 1154 1154 1020 1020 1020 1022 1022 1022 1155 1155 1155 1155 1155 1155 1023 1023 1023 1020 1020 1020 1156 1156 1156 1153 1153 1153 1132 1132 1132 1153 1153 1153 1156 1156 1156 1154 1154 1154 1132 1132 1132 1128 1128 1128 1156 1156 1156 1154 1154 1154 1157 1157 1157 1155 1155 1155 1023 1023 1023 1155 1155 1155 1157 1157 1157 1157 1157 1157 1154 1154 1154 1156 1156 1156 1157 1157 1157 1032 1032 1032 1023 1023 1023 1158 1158 1158 1156 1156 1156 1128 1128 1128 1156 1156 1156 1158 1158 1158 1157 1157 1157 1032 1032 1032 1157 1157 1157 1158 1158 1158 1128 1128 1128 1039 1039 1039 1158 1158 1158 1158 1158 1158 1035 1035 1035 1032 1032 1032 1035 1035 1035 1158 1158 1158 1039 1039 1039 1159 1159 1159 1160 1160 1160 1161 1161 1161 1161 1161 1161 1162 1162 1162 1159 1159 1159 1161 1161 1161 1163 1163 1163 1162 1162 1162 1164 1164 1164 1159 1159 1159 1162 1162 1162 1162 1162 1162 1163 1163 1163 1165 1165 1165 1162 1162 1162 1166 1166 1166 1164 1164 1164 1164 1164 1164 1166 1166 1166 1167 1167 1167 1168 1168 1168 1162 1162 1162 1165 1165 1165 1165 1165 1165 1169 1169 1169 1168 1168 1168 1168 1168 1168 1169 1169 1169 1170 1170 1170 1170 1170 1170 1171 1171 1171 1168 1168 1168 1171 1171 1171 1172 1172 1172 1168 1168 1168 1173 1173 1173 1168 1168 1168 1172 1172 1172 1162 1162 1162 1168 1168 1168 1173 1173 1173 1172 1172 1172 1174 1174 1174 1173 1173 1173 1174 1174 1174 1175 1175 1175 1173 1173 1173 1175 1175 1175 1176 1176 1176 1173 1173 1173 1176 1176 1176 1177 1177 1177 1178 1178 1178 1178 1178 1178 1173 1173 1173 1176 1176 1176 1173 1173 1173 1179 1179 1179 1162 1162 1162 1166 1166 1166 1162 1162 1162 1179 1179 1179 1173 1173 1173 1178 1178 1178 1180 1180 1180 1180 1180 1180 1179 1179 1179 1173 1173 1173 1180 1180 1180 1178 1178 1178 1181 1181 1181 1180 1180 1180 1181 1181 1181 1182 1182 1182 1180 1180 1180 1182 1182 1182 1183 1183 1183 1179 1179 1179 1184 1184 1184 1166 1166 1166 1184 1184 1184 1179 1179 1179 1180 1180 1180 1167 1167 1167 1166 1166 1166 1184 1184 1184 1184 1184 1184 1185 1185 1185 1167 1167 1167 1184 1184 1184 1186 1186 1186 1185 1185 1185 1184 1184 1184 1187 1187 1187 1186 1186 1186 1187 1187 1187 1184 1184 1184 1188 1188 1188 1180 1180 1180 1188 1188 1188 1184 1184 1184 1188 1188 1188 1189 1189 1189 1187 1187 1187 1188 1188 1188 1190 1190 1190 1189 1189 1189 1190 1190 1190 1188 1188 1188 1191 1191 1191 1191 1191 1191 1192 1192 1192 1190 1190 1190 1193 1193 1193 1192 1192 1192 1191 1191 1191 1191 1191 1191 1194 1194 1194 1193 1193 1193 1195 1195 1195 1191 1191 1191 1188 1188 1188 1195 1195 1195 1188 1188 1188 1180 1180 1180 1196 1196 1196 1194 1194 1194 1195 1195 1195 1180 1180 1180 1197 1197 1197 1195 1195 1195 1198 1198 1198 1197 1197 1197 1180 1180 1180 1183 1183 1183 1198 1198 1198 1180 1180 1180 1195 1195 1195 1199 1199 1199 1196 1196 1196 1195 1195 1195 1198 1198 1198 1199 1199 1199 1200 1200 1200 1196 1196 1196 1199 1199 1199 1198 1198 1198 1183 1183 1183 1201 1201 1201 1199 1199 1199 1202 1202 1202 1200 1200 1200 1203 1203 1203 1199 1199 1199 1198 1198 1198 1198 1198 1198 1201 1201 1201 1203 1203 1203 1204 1204 1204 1202 1202 1202 1199 1199 1199 1205 1205 1205 1202 1202 1202 1204 1204 1204 1199 1199 1199 1206 1206 1206 1204 1204 1204 1204 1204 1204 1206 1206 1206 1203 1203 1203 1204 1204 1204 1207 1207 1207 1205 1205 1205 1208 1208 1208 1207 1207 1207 1204 1204 1204 1209 1209 1209 1204 1204 1204 1203 1203 1203 1203 1203 1203 1210 1210 1210 1209 1209 1209 1209 1209 1209 1210 1210 1210 1201 1201 1201 1204 1204 1204 1211 1211 1211 1208 1208 1208 1211 1211 1211 1204 1204 1204 1209 1209 1209 1212 1212 1212 1208 1208 1208 1211 1211 1211 1213 1213 1213 1212 1212 1212 1211 1211 1211 1214 1214 1214 1213 1213 1213 1211 1211 1211 1211 1211 1211 1215 1215 1215 1214 1214 1214 1216 1216 1216 1214 1214 1214 1215 1215 1215 1215 1215 1215 1217 1217 1217 1216 1216 1216 1215 1215 1215 1211 1211 1211 1218 1218 1218 1209 1209 1209 1218 1218 1218 1211 1211 1211 1217 1217 1217 1215 1215 1215 1219 1219 1219 1218 1218 1218 1219 1219 1219 1215 1215 1215 1219 1219 1219 1220 1220 1220 1217 1217 1217 1221 1221 1221 1220 1220 1220 1219 1219 1219 1219 1219 1219 1222 1222 1222 1221 1221 1221 1223 1223 1223 1222 1222 1222 1219 1219 1219 1218 1218 1218 1209 1209 1209 1224 1224 1224 1201 1201 1201 1224 1224 1224 1209 1209 1209 1201 1201 1201 1225 1225 1225 1224 1224 1224 1224 1224 1224 1225 1225 1225 1226 1226 1226 1226 1226 1226 1227 1227 1227 1224 1224 1224 1227 1227 1227 1228 1228 1228 1224 1224 1224 1224 1224 1224 1229 1229 1229 1218 1218 1218 1229 1229 1229 1224 1224 1224 1228 1228 1228 1219 1219 1219 1218 1218 1218 1229 1229 1229 1228 1228 1228 1230 1230 1230 1231 1231 1231 1228 1228 1228 1231 1231 1231 1229 1229 1229 1229 1229 1229 1231 1231 1231 1232 1232 1232 1229 1229 1229 1232 1232 1232 1233 1233 1233 1229 1229 1229 1234 1234 1234 1219 1219 1219 1233 1233 1233 1234 1234 1234 1229 1229 1229 1223 1223 1223 1219 1219 1219 1234 1234 1234 1234 1234 1234 1233 1233 1233 1235 1235 1235 1234 1234 1234 1236 1236 1236 1223 1223 1223 1234 1234 1234 1235 1235 1235 1237 1237 1237 1234 1234 1234 1238 1238 1238 1236 1236 1236 1237 1237 1237 1238 1238 1238 1234 1234 1234</p>
        </triangles>
      </mesh>
    </geometry>
  </library_geometries>
  <library_materials>
    <material id="9dc9b5354924463e958b3ef916da5e6a" name="pbrmaterial">
      <instance_effect url="#79c98cb1d07343faaac3db758d7b4c35"/>
    </material>
  </library_materials>
  <library_visual_scenes>
    <visual_scene id="scene">
      <node id="node0" name="node0">
        <instance_geometry url="#8e67a5f6292644e2853ab7f8e05a0255">
          <bind_material>
            <technique_common>
              <instance_material symbol="material0" target="#9dc9b5354924463e958b3ef916da5e6a"/>
            </technique_common>
          </bind_material>
        </instance_geometry>
      </node>
    </visual_scene>
  </library_visual_scenes>
  <scene>
    <instance_visual_scene url="#scene"/>
  </scene>
</COLLADA>
