<COLLADA xmlns="http://www.collada.org/2005/11/COLLADASchema" version="1.4.1">
  <asset>
    <created>2026-09-25T14:22:25.804703</created>
    <modified>2026-09-25T14:22:25.804705</modified>
    <up_axis>Y_UP</up_axis>
  </asset>
  <library_effects>
    <effect id="efbcda0d0eb5410586c5c155c61e405c" name="efbcda0d0eb5410586c5c155c61e405c">
      <profile_COMMON>
        <technique sid="common">
          <phong>
            <ambient>
              <color>0.0 0.0 0.0 1.0</color>
            </ambient>
            <diffuse>
              <color>1.0 1.0 1.0 1.0</color>
            </diffuse>
            <specular>
              <color>1.0 1.0 1.0 1.0</color>
            </specular>
            <shininess>
              <float>0.0</float>
            </shininess>
            <reflective>
              <color>0.0 0.0 0.0 1.0</color>
            </reflective>
            <reflectivity>
              <float>0.0</float>
            </reflectivity>
            <transparent>
              <color>0.0 0.0 0.0 1.0</color>
            </transparent>
            <transparency>
              <float>1.0</float>
            </transparency>
          </phong>
        </technique>
        <extra>
          <technique profile="GOOGLEEARTH">
            <double_sided>0</double_sided>
          </technique>
        </extra>
      </profile_COMMON>
    </effect>
  </library_effects>
  <library_geometries>
    <geometry id="42c2ec3e34df4460a16acb16e31a142b" name="5a81fbeea7904e38b418f38618c28f56">
      <mesh>
        <source id="verts-array">
          <float_array count="6573" id="verts-array-array">-0.0063 -0.00216943 0.00448485 -0.0063 -0.003909168 0.003097455 -0.0063 -0.004874651 0.001092611 -0.0063 -1.128821e-08 0.004980005 -0.0063 -0.004874651 -0.001132598 -0.0063 -0.003909168 -0.003137443 -0.0063 -0.00216943 -0.004524838 -0.0063 -1.128821e-08 -0.005019994 -0.0063 0.007123892 0.004980005 -0.0063 0.007123892 -0.005019994 -0.0063 0.007564851 0.005082478 -0.0063 0.007564851 -0.005122466 -0.0063 0.007915437 0.005368894 -0.0063 0.008936061 0.006991506 -0.0063 0.009501774 0.008362942 -0.0063 0.009697246 0.00874753 -0.0063 0.009943768 0.008994475 -0.0063 0.007915437 -0.005408882 -0.0063 0.01007611 0.008862689 -0.0063 0.01025751 0.009149872 -0.0063 0.009999989 0.008480005 -0.0063 0.008936056 -0.007031486 -0.0063 0.009999989 -0.008519993 -0.0063 0.009501774 -0.008402932 -0.0063 0.009689212 -0.008776486 -0.0063 0.0097457 -0.008849035 -0.0063 0.01007611 -0.008902675 -0.0063 0.01002367 -0.009087323 -0.0063 0.01025751 -0.00918986 0.007299998 0.01061731 -0.009443873 0.007299998 0.01078706 -0.00949706 0.007299998 0.01057834 -0.00949706 0.007299998 0.01029288 -0.0092271 0.007299998 0.01024812 -0.009440714 0.007299998 0.009955153 -0.009278369 0.007299998 0.01007611 -0.008902675 0.007299998 0.009730813 -0.009027591 0.007299998 0.009612555 -0.008763441 0.007299998 0.009999989 -0.008519993 0.007299998 0.008923885 -0.007007335 0.007299998 0.005990176 0.003537197 0.007299998 0.007679717 -0.005115169 0.007299998 0.006285382 -0.003742216 0.007299998 0.005990176 -0.003577185 0.007299998 0.005656844 -0.003519994 0.007299998 0.005656844 0.003480006 0.007299998 0.006285382 0.003702228 0.007299998 -1.128821e-08 -0.003519994 0.007299998 0.007671518 0.005065362 0.007299998 -1.128821e-08 0.003480006 0.007299998 0.008911394 0.006942731 0.007299998 -0.001518604 0.003133397 0.007299998 0.009999989 0.008480005 0.007299998 -0.002736421 0.00216222 0.007299998 0.009620903 0.008752733 0.007299998 -0.001518604 -0.003173385 0.007299998 0.01007611 0.008862689 0.007299998 -0.002736421 -0.002202208 0.007299998 0.009823168 0.009130131 0.007299998 -0.00341226 -0.0007988171 0.007299998 -0.00341226 0.0007588292 0.007299998 0.01029288 0.009187112 0.007299998 0.01016474 0.009388334 0.007299998 0.01058299 0.009480005 0.007299998 0.01061731 0.009403884 0.007299998 0.01099999 0.009480005 0.01098109 0.01399999 0.007198375 0.0112 0.01399999 0.005980006 0.0112 0.01399999 0.007680005 0.01016318 0.01399999 0.008466514 0.01093358 0.01399999 0.009019397 0.01017487 0.01399999 0.01015488 0.008887391 0.01399999 0.009272436 0.009039389 0.01399999 0.01091358 0.007699998 0.01399999 0.009480005 0.007699998 0.01399999 0.01118001 -0.0077 0.01399999 0.009480005 -0.01165 0.01399999 0.01118001 -0.007903801 0.01399999 0.009474066 -0.009251229 0.01399999 0.00911747 -0.01035265 0.01399999 0.008263304 -0.01203268 0.01399999 0.01110388 -0.01235711 0.01399999 0.01088711 -0.01257388 0.01399999 0.01056269 -0.01265 0.01399999 0.01018 -0.01103338 0.01399999 0.007047031 -0.0112 0.01399999 0.005980006 -0.01265 0.01399999 -0.01021999 -0.0112 0.01399999 -0.006019993 -0.01103338 0.01399999 -0.007087019 -0.01035265 0.01399999 -0.008303293 -0.01257388 0.01399999 -0.01060268 -0.01235711 0.01399999 -0.0109271 -0.01203268 0.01399999 -0.01114387 -0.01165 0.01399999 -0.01121999 -0.009251229 0.01399999 -0.009157459 -0.007903801 0.01399999 -0.009514054 -0.0077 0.01399999 -0.009519992 0.007699998 0.01399999 -0.01121999 0.007699998 0.01399999 -0.009519992 0.008615544 0.01399999 -0.009398124 0.009039389 0.01399999 -0.01095357 0.01017487 0.01399999 -0.01019487 0.01002916 0.01399999 -0.008632463 0.01093358 0.01399999 -0.009059384 0.0112 0.01399999 -0.007719992 0.01095136 0.01399999 -0.007315613 0.0112 0.01399999 -0.006019993 -0.007015668 0.01063868 -0.009452439 -0.006865779 0.0105623 -0.009419122 -0.007580756 0.01058258 -0.009517961 -0.007689565 0.01099441 -0.009519977 -0.007902538 0.01057816 -0.009495754 -0.0077 0.01099999 -0.009519992 -0.007903801 0.01399999 -0.009514054 -0.008298649 0.01057271 -0.009468416 -0.009251229 0.01399999 -0.009157459 -0.008896288 0.01053954 -0.009309202 -0.009243706 0.01050236 -0.009141843 -0.009526457 0.0104721 -0.009005634 -0.01035265 0.01399999 -0.008303293 -0.01009312 0.0103677 -0.008574001 -0.01033886 0.01029178 -0.008291305 -0.01103338 0.01399999 -0.007087019 -0.0105623 0.01022276 -0.008034257 -0.01087226 0.01006243 -0.007498776 -0.01101866 0.009922435 -0.007081863 -0.0112 0.01399999 -0.006019993 -0.01110032 0.009844352 -0.006849339 -0.01119805 0.00957395 -0.006136841 -0.0112 0.009526268 -0.006019993 -0.0077 0.01399999 -0.009519992 0.007699998 0.01099999 -0.009519992 0.007699998 0.01399999 -0.009519992 0.008615544 0.01399999 -0.009398124 0.00749994 0.01089316 -0.00951427 0.007299998 0.01078706 -0.00949706 -0.007689565 0.01099441 -0.009519977 -0.007015668 0.01063868 -0.009452439 -0.006974258 0.01061758 -0.009443234 0.007299998 0.01061731 -0.009443873 -0.006865779 0.0105623 -0.009419122 -0.006792458 0.01052448 -0.009399703 -0.006373999 0.01029762 -0.009221392 0.007299998 0.01029288 -0.0092271 -0.0063 0.01025751 -0.00918986 0.007299998 0.01007611 -0.008902675 -0.0063 0.01007611 -0.008902675 0.007299998 0.009999989 -0.008519993 -0.0063 0.009999989 -0.008519993 -0.0063 0.009999989 0.008480005 0.007299998 0.009999989 0.008480005 0.007299998 0.01007611 0.008862689 -0.0063 0.01007611 0.008862689 -0.0063 0.01025751 0.009149872 -0.006369066 0.01029296 0.009187013 0.007299998 0.01029288 0.009187112 -0.006865779 0.0105623 0.009379134 0.007299998 0.01061731 0.009403884 -0.006974258 0.01061758 0.009403246 -0.007015668 0.01063868 0.009412452 -0.007689565 0.01099441 0.00947999 0.007299998 0.01099999 0.009480005 -0.0077 0.01099999 0.009480005 -0.0077 0.01399999 0.009480005 -0.007903801 0.01399999 0.009474066 0.007699998 0.01399999 0.009480005 -0.007902764 0.0105781 0.009455537 -0.007689565 0.01099441 0.00947999 -0.008254109 0.01057404 0.009435864 -0.007535154 0.01058234 0.009476121 -0.007015668 0.01063868 0.009412452 -0.006865779 0.0105623 0.009379134 -0.009251229 0.01399999 0.00911747 -0.008944789 0.01053531 0.009251166 -0.009242731 0.0105017 0.009100648 -0.009594553 0.01046203 0.008922907 -0.01035265 0.01399999 0.008263304 -0.01009707 0.01036672 0.008530314 -0.01033881 0.01029173 0.008251315 -0.01103338 0.01399999 0.007047031 -0.01056557 0.01022138 0.007989605 -0.01091468 0.01003232 0.007364152 -0.01101623 0.00992178 0.007041628 -0.0112 0.01399999 0.005980006 -0.01112775 0.009800398 0.006687463 -0.0112 0.009526268 0.005980006 -0.0112 0.008706982 0.004757783 -0.01112388 0.009194855 0.006171347 -0.01112775 0.009800398 0.006687463 -0.01112827 0.009213971 0.00616031 -0.01099857 0.009550387 0.006969718 -0.01107992 0.009852465 0.006839384 -0.01091468 0.01003232 0.007364152 -0.01112388 0.008404071 0.004991645 -0.01065612 0.009829673 0.007755707 -0.01074036 0.01012672 0.007676457 -0.01056557 0.01022138 0.007989605 -0.01090711 0.008913896 0.006333559 -0.010777 0.009257691 0.007058464 -0.0101041 0.0100407 0.008455946 -0.01018531 0.01033934 0.008428476 -0.01009707 0.01036672 0.008530314 -0.009594553 0.01046203 0.008922907 -0.01045287 0.009537997 0.007765693 -0.009366502 0.01018202 0.009003376 -0.009424667 0.01048119 0.009008733 -0.008944789 0.01053531 0.009251166 -0.009936705 0.009748301 0.00839707 -0.008490756 0.01025914 0.00934081 -0.008517412 0.01055927 0.009365453 -0.008254109 0.01057404 0.009435864 -0.009249802 0.009888117 0.008891656 -0.007547351 0.01027812 0.009429248 -0.007541257 0.01058227 0.009475779 -0.007535154 0.01058234 0.009476121 -0.006865779 0.0105623 0.009379134 -0.008435274 0.009963913 0.009197001 -0.006616449 0.01024093 0.009258089 -0.006595656 0.01041583 0.009274654 -0.006367942 0.01029235 0.009186578 -0.0063 0.01021534 0.009128985 -0.0063 0.01025751 0.009149872 -0.006692446 0.009946054 0.009122112 -0.0063 0.009943768 0.008994475 -0.0063 0.009910971 0.008961621 -0.007558064 0.009982494 0.009277095 -0.006791094 0.009717599 0.008899757 -0.0063 0.009697246 0.00874753 -0.0063 0.00966759 0.008689182 -0.006853476 0.009581833 0.008618491 -0.0063 0.009501774 0.008362942 -0.006896492 0.009584376 0.008627209 -0.007467456 0.009618117 0.008742927 -0.0063 0.008936061 0.006991506 -0.006853476 0.009581833 0.008618491 -0.00757195 0.009753116 0.00903627 -0.007586272 0.009617082 0.008739299 -0.008099357 0.009612606 0.008723632 -0.008363315 0.009735003 0.008965731 -0.00828375 0.009598801 0.008676756 -0.008639023 0.009572203 0.00858644 -0.008639023 0.009572203 0.00858644 -0.009097789 0.009661188 0.008696653 -0.008927967 0.009525469 0.008439558 -0.00918237 0.009484321 0.008310232 -0.009715901 0.009525282 0.008260486 -0.009470182 0.009396211 0.008063249 -0.009624139 0.00934908 0.007931131 -0.01017738 0.009321327 0.007703708 -0.009947966 0.009162745 0.007474522 -0.009872613 0.009206105 0.007580773 -0.01012392 0.008958473 0.007036406 -0.009947966 0.009162745 0.007474522 -0.01012997 0.008934775 0.006992194 -0.0102 0.008660243 0.006480006 -0.0063 0.007915437 0.005368894 -0.01046184 0.009050225 0.00708119 -0.01012262 0.008959985 0.007039651 -0.01056982 0.00872395 0.006443224 -0.01058268 0.008726165 0.006441945 -0.0102 0.007915437 0.005368894 -0.0063 0.007564851 0.005082478 -0.01058268 0.007975689 0.005322376 -0.01090711 0.008147275 0.005189904 -0.0102 0.007564851 0.005082478 -0.0063 0.007123892 0.004980005 -0.01058268 0.007598416 0.005014158 -0.01090711 0.007694005 0.004819599 -0.0102 0.007123892 0.004980005 -0.0063 -1.128821e-08 0.004980005 -0.01058268 0.007123892 0.004903886 -0.0102 -1.128821e-08 0.004980005 -0.01090711 0.007123892 0.004687112 -0.01058268 -1.128821e-08 0.004903886 -0.0102 -0.001545097 0.004735288 -0.0063 -0.00216943 0.00448485 -0.01058268 -0.001521574 0.004662893 -0.0102 -0.002142055 0.004431123 -0.0102 -0.002938938 0.00402509 -0.0063 -0.003909168 0.003097455 -0.01058268 -0.002894196 0.003963508 -0.0102 -0.00388787 0.003076157 -0.0102 -0.004045097 0.002918932 -0.01058268 -0.003983513 0.00287419 -0.0102 -0.004755294 0.001525091 -0.0063 -0.004874651 0.001092611 -0.01058268 -0.004682899 0.001501568 -0.0102 -0.004825037 0.001084752 -0.0102 -0.005000011 -1.999398e-05 -0.0063 -0.004874651 -0.001132598 -0.01058268 -0.004923891 -1.999398e-05 -0.0102 -0.004825037 -0.001124741 -0.0102 -0.004755294 -0.001565079 -0.0063 -0.003909168 -0.003137443 -0.01058268 -0.004682899 -0.001541556 -0.01090711 -0.004707118 -1.999398e-05 -0.01090711 -0.004476736 -0.00147457 -0.01058268 -0.003983513 -0.002914178 -0.01090711 -0.004476736 0.001434582 -0.0102 -0.004045097 -0.00295892 -0.0102 -0.00388787 -0.003116145 -0.0102 -0.002938938 -0.004065078 -0.0063 -0.00216943 -0.004524838 -0.0102 -0.002142055 -0.004471111 -0.0102 -0.001545097 -0.004775276 -0.0063 -1.128821e-08 -0.005019994 -0.01058268 -0.002894196 -0.004003496 -0.0102 -1.128821e-08 -0.005019994 -0.0063 0.007123892 -0.005019994 -0.01058268 -0.001521574 -0.004702881 -0.01058268 -1.128821e-08 -0.004943873 -0.0102 0.007123892 -0.005019994 -0.0063 0.007564851 -0.005122466 -0.01090711 -1.128821e-08 -0.0047271 -0.0102 0.007564851 -0.005122466 -0.0063 0.007915437 -0.005408882 -0.01058268 0.007123892 -0.004943873 -0.01058268 0.007598416 -0.005054145 -0.0102 0.007915437 -0.005408882 -0.01058268 0.007975689 -0.005362364 -0.0102 0.008660243 -0.006519993 -0.0063 0.008936056 -0.007031486 -0.01058268 0.008726165 -0.006481933 -0.01013179 0.008935167 -0.007031963 -0.01012772 0.008951591 -0.007062549 -0.01056982 0.00872395 -0.006483211 -0.009916473 0.009187348 -0.007571268 -0.01046184 0.009050225 -0.007121178 -0.01012081 0.008959306 -0.007079195 -0.009916473 0.009187348 -0.007571268 -0.009575708 0.009368448 -0.008022567 -0.01017738 0.009321327 -0.007743696 -0.009877393 0.009208118 -0.007623024 -0.009118448 0.009498045 -0.008391584 -0.008639069 0.009572198 -0.008626412 -0.008031878 0.009615209 -0.008772713 -0.009715901 0.009525282 -0.008300474 -0.009473034 0.009397547 -0.008105427 -0.009118448 0.009498045 -0.008391584 -0.006790345 0.009575386 -0.008636976 -0.0063 0.009501774 -0.008402932 -0.007400077 0.009616261 -0.008776398 -0.0063 0.009666149 -0.008730521 -0.006790345 0.009575386 -0.008636976 -0.006791094 0.009717599 -0.008939745 -0.006898023 0.009582603 -0.008661597 -0.0063 0.009689212 -0.008776486 -0.0063 0.0097457 -0.008849035 -0.0063 0.009914822 -0.008994015 -0.00757195 0.009753116 -0.009076258 -0.007586543 0.00961595 -0.008775311 -0.006692446 0.009946054 -0.0091621 -0.0063 0.01002367 -0.009087323 -0.0063 0.01021448 -0.009170994 -0.007558064 0.009982494 -0.009317082 -0.008363315 0.009735003 -0.009005718 -0.008282755 0.009597437 -0.008712265 -0.008639069 0.009572198 -0.008626412 -0.006616449 0.01024093 -0.009298078 -0.0063 0.01025751 -0.00918986 -0.006595443 0.01041767 -0.009315751 -0.006792458 0.01052448 -0.009399703 -0.007547351 0.01027812 -0.009469234 -0.006865779 0.0105623 -0.009419122 -0.007541842 0.01058148 -0.009512582 -0.007580756 0.01058258 -0.009517961 -0.008298649 0.01057271 -0.009468416 -0.008435274 0.009963913 -0.009236989 -0.008490756 0.01025914 -0.009380798 -0.008518661 0.0105605 -0.009409804 -0.008896288 0.01053954 -0.009309202 -0.009097789 0.009661188 -0.008736641 -0.008930551 0.00952711 -0.008483627 -0.009249802 0.009888117 -0.008931643 -0.009936705 0.009748301 -0.008437057 -0.009366502 0.01018202 -0.009043363 -0.009427386 0.0104827 -0.009053358 -0.009526457 0.0104721 -0.009005634 -0.0101041 0.0100407 -0.008495933 -0.01009312 0.0103677 -0.008574001 -0.01018506 0.0103393 -0.008468238 -0.0105623 0.01022276 -0.008034257 -0.01045287 0.009537997 -0.00780568 -0.01065612 0.009829673 -0.007795696 -0.01074513 0.01012819 -0.007718403 -0.01087226 0.01006243 -0.007498776 -0.010777 0.009257691 -0.007098451 -0.01099857 0.009550387 -0.007009707 -0.01108911 0.00985507 -0.006881256 -0.01110032 0.009844352 -0.006849339 -0.01090711 0.008913896 -0.006373547 -0.01112827 0.009213971 -0.006200299 -0.01119805 0.00957395 -0.006136841 -0.01112388 0.009194855 -0.006211335 -0.01090711 0.008147275 -0.005229892 -0.01112388 0.008404071 -0.005031633 -0.01090711 0.007694005 -0.004859586 -0.0112 0.008706982 -0.004797771 -0.01112388 0.007837062 -0.004568408 -0.01090711 0.007123892 -0.0047271 -0.0112 0.00800581 -0.004224939 -0.01112388 0.007123892 -0.004402678 -0.01112388 -1.128821e-08 -0.004402678 -0.0112 0.00800581 0.004184951 -0.0112 0.007123892 -0.004019993 -0.01112388 0.007837062 0.00452842 -0.0112 0.007123892 0.003980006 -0.01112388 0.007123892 0.004362689 -0.0112 -1.128821e-08 -0.004019993 -0.01090711 -1.128821e-08 0.004687112 -0.01112388 -1.128821e-08 0.004362689 -0.01090711 -0.001454587 0.00445673 -0.01112388 -0.001354335 0.004148185 -0.01090711 -0.002766779 0.003788135 -0.01112388 -0.002576088 0.003525671 -0.0112 -0.001236079 0.003784232 -0.01090711 -0.003808141 0.002746774 -0.0112 -0.002351153 0.003216074 -0.0112 -1.128821e-08 0.003980006 -0.0112 -0.003236081 0.002331147 -0.01112388 -0.003545677 0.002556082 -0.0112 -0.003804237 0.001216074 -0.01112388 -0.004168191 0.001334329 -0.0112 -0.004000011 -1.999398e-05 -0.01112388 -0.004382695 -1.999398e-05 -0.0112 -0.003804237 -0.001256062 -0.01112388 -0.004168191 -0.001374318 -0.0112 -0.003236081 -0.002371134 -0.01112388 -0.003545677 -0.002596071 -0.0112 -0.002351153 -0.003256062 -0.0112 -0.001236079 -0.00382422 -0.01112388 -0.002576088 -0.003565659 -0.01090711 -0.003808141 -0.002786761 -0.01112388 -0.001354335 -0.004188173 -0.01090711 -0.002766779 -0.003828123 -0.01090711 -0.001454587 -0.004496718 -0.01243129 0.0342187 -0.009919483 -0.01252613 0.03412385 -0.009813295 -0.01259208 0.03405791 -0.009670478 -0.01233372 0.03431627 -0.009970791 -0.01264224 0.03400775 -0.009409951 -0.01218524 0.03446475 -0.009980962 -0.01201056 0.03463943 -0.009914768 -0.01265 0.03399999 -0.009219993 -0.01194592 0.03470407 -0.009870912 -0.01171589 0.0349341 -0.009624147 -0.0116822 0.03496779 -0.009574324 -0.01165 0.03499999 -0.009522769 -0.01121806 0.03543193 -0.008406853 -0.01115 0.03549999 -0.007719992 -0.01265 0.03399999 0.009180005 -0.01115 0.03549999 0.007680005 -0.01121725 0.03543274 0.008362821 -0.01165 0.03499999 0.009482781 -0.0116822 0.03496779 0.009534338 -0.01171589 0.0349341 0.00958416 -0.01194592 0.03470407 0.009830925 -0.01201056 0.03463943 0.009874781 -0.01264224 0.03400775 0.009369963 -0.01218524 0.03446475 0.009940973 -0.01233372 0.03431627 0.009930803 -0.01259208 0.03405791 0.009630492 -0.01243129 0.0342187 0.009879495 -0.01252613 0.03412385 0.009773307 0.007475918 0.01058155 -0.009512813 0.007299998 0.01057834 -0.00949706 0.007299998 0.01078706 -0.00949706 0.00749994 0.01089316 -0.00951427 0.00818825 0.01057621 -0.00948577 0.008611227 0.01055439 -0.009380737 0.008889709 0.01054002 -0.009311587 0.01002916 0.01399999 -0.008632463 0.009539644 0.01047018 -0.008997526 0.0100234 0.01037988 -0.008624987 0.01010881 0.01036393 -0.008559207 0.01095136 0.01399999 -0.007315613 0.01057518 0.01021748 -0.008015819 0.01092104 0.01002754 -0.00738925 0.0109447 0.01000156 -0.007313513 0.0112 0.01399999 -0.006019993 0.01112782 0.009800328 -0.006727102 0.0112 0.009526268 -0.006019993 0.0112 0.006913922 0.00292445 0.0112 0.008360865 0.004331877 0.0112 0.00632351 0.002594388 0.01112388 0.00667339 0.003222093 0.0112 0.008360865 -0.004371864 0.01112388 0.006195948 0.002955185 0.01112388 0.009194855 -0.006211335 0.01112909 0.009795535 -0.006714735 0.01112644 0.009205995 -0.006204903 0.01103657 0.009481652 -0.006856243 0.01112782 0.009800328 -0.006727102 0.01092104 0.01002754 -0.00738925 0.01112388 0.008069995 -0.004620543 0.01081004 0.009721926 -0.007499889 0.01091269 0.01003213 -0.007404388 0.01057518 0.01021748 -0.008015819 0.01090711 0.008913896 -0.006373547 0.0108106 0.009189861 -0.006959527 0.01044847 0.009918298 -0.008100609 0.01054722 0.01022626 -0.008048402 0.01010881 0.01036393 -0.008559207 0.01059511 0.009431334 -0.007537917 0.009951433 0.01007071 -0.00863274 0.01003463 0.01037778 -0.008616336 0.009539644 0.01047018 -0.008997526 0.0102561 0.009627607 -0.008078641 0.009340676 0.01017769 -0.009054708 0.0094014 0.01048504 -0.009064328 0.008889709 0.01054002 -0.009311587 0.009792669 0.009779081 -0.00855844 0.00864113 0.01024309 -0.009339287 0.008675693 0.01055106 -0.009364731 0.00818825 0.01057621 -0.00948577 0.009224551 0.009884783 -0.008939508 0.007887916 0.01027029 -0.009465076 0.007894941 0.01057841 -0.009496906 0.007475918 0.01058155 -0.009512813 0.007299998 0.01026694 -0.009443926 0.007299998 0.01057834 -0.00949706 0.007299998 0.01024812 -0.009440714 0.008574415 0.009949061 -0.009196823 0.007874589 0.009975702 -0.009310646 0.007299998 0.009955153 -0.009278369 0.009074181 0.009659869 -0.00874151 0.007857411 0.00974841 -0.009068359 0.007299998 0.009745208 -0.009043681 0.007299998 0.009730813 -0.009027591 0.008488339 0.009722444 -0.00896816 0.007840041 0.009617329 -0.008780152 0.007299998 0.009612555 -0.008763441 0.007931394 0.009618136 -0.00878298 0.008396861 0.009590654 -0.008688732 0.008547083 0.009581785 -0.008658316 0.008911761 0.009528844 -0.008489425 0.00910477 0.009500825 -0.008400041 0.009585293 0.00955714 -0.008405622 0.009361544 0.009430947 -0.008199344 0.009533985 0.009384018 -0.008064566 0.01000048 0.009410228 -0.007982592 0.009724754 0.009292594 -0.007831501 0.009854184 0.009230566 -0.007673379 0.01030128 0.009220296 -0.007506181 0.00998252 0.009115429 -0.007415065 0.01007608 0.009031485 -0.007226733 0.01048795 0.008987228 -0.006997694 0.01018643 0.008792658 -0.006756698 0.01058268 0.008726165 -0.006481933 0.01056062 0.008722365 -0.006484127 0.0102 0.008660243 -0.006519993 0.01090711 0.007823408 -0.004831364 0.01058268 0.007658643 -0.004972229 0.007299998 0.008923885 -0.007007335 0.01012722 0.008920803 -0.0070089 0.01007608 0.009031485 -0.007226733 0.009533985 0.009384018 -0.008064566 0.008547083 0.009581785 -0.008658316 0.007931394 0.009618136 -0.00878298 0.007299998 0.009612555 -0.008763441 0.007299998 0.007679717 -0.005115169 0.0102 0.007671161 -0.005121219 0.0102 0.007600785 -0.005021694 0.007299998 0.006285382 -0.003742216 0.0102 0.006285382 -0.003742216 0.007299998 0.005990176 -0.003577185 0.01058268 0.006333227 -0.003683011 0.0102 0.005990176 -0.003577185 0.007299998 0.005656844 -0.003519994 0.01058268 0.00601555 -0.003505417 0.01090711 0.006469477 -0.00351441 0.01090711 0.006087807 -0.003301042 0.01112388 0.00667339 -0.003262081 0.01112388 0.006195948 -0.002995173 0.0112 0.006913922 -0.002964438 0.0112 0.00632351 -0.002634376 0.0112 0.005656844 0.002480006 0.0112 0.005656844 -0.002519993 0.01112388 0.005656844 -0.002902677 0.01090711 0.005656844 -0.003227101 0.01112388 -1.128821e-08 -0.002902677 0.01058268 0.005656844 -0.003443873 0.01090711 -1.128821e-08 -0.003227101 0.0102 0.005656844 -0.003519994 0.01058268 -1.128821e-08 -0.003443873 0.0102 -1.128821e-08 -0.003519994 0.007299998 -1.128821e-08 -0.003519994 0.0102 -0.001197082 -0.003308917 0.007299998 -0.001518604 -0.003173385 0.01058268 -0.001171047 -0.003237388 0.0102 -0.001496911 -0.003135811 0.0102 -0.002249767 -0.002701149 0.007299998 -0.002736421 -0.002202208 0.01058268 -0.002200838 -0.002642838 0.0102 -0.002696521 -0.002168729 0.0102 -0.003031102 -0.001769994 0.007299998 -0.00341226 -0.0007988171 0.01058268 -0.002965177 -0.001731934 0.0102 -0.003387818 -0.0007899213 0.0102 -0.003446839 -0.0006277625 0.007299998 -0.00341226 0.0007588292 0.01058268 -0.003371874 -0.0006145444 0.01090711 -0.002777447 -0.001623547 0.01090711 -0.003158395 -0.000576902 0.01058268 -0.003371874 0.0005745564 0.01090711 -0.002061501 -0.00247678 0.0102 -0.003446839 0.0005877746 0.0102 -0.003387818 0.0007499332 0.0102 -0.003031102 0.001730006 0.007299998 -0.002736421 0.00216222 0.0102 -0.002696521 0.002128741 0.0102 -0.002249767 0.002661161 0.007299998 -0.001518604 0.003133397 0.01058268 -0.002965177 0.001691946 0.0102 -0.001496911 0.003095823 0.0102 -0.001197082 0.00326893 0.007299998 -1.128821e-08 0.003480006 0.01058268 -0.002200838 0.00260285 0.0102 -1.128821e-08 0.003480006 0.007299998 0.005656844 0.003480006 0.01058268 -0.001171047 0.0031974 0.01058268 -1.128821e-08 0.003403885 0.0102 0.005656844 0.003480006 0.007299998 0.005990176 0.003537197 0.01090711 -1.128821e-08 0.003187113 0.0102 0.005990176 0.003537197 0.007299998 0.006285382 0.003702228 0.01058268 0.005656844 0.003403885 0.01058268 0.00601555 0.003465429 0.0102 0.006285382 0.003702228 0.01058268 0.006333227 0.003643023 0.0102 0.007600785 0.004981706 0.007299998 0.007671518 0.005065362 0.01058268 0.007658643 0.004932241 0.0102 0.007663799 0.00507082 0.0102 0.008660243 0.006480006 0.01058268 0.008726165 0.006441945 0.007299998 0.008911394 0.006942731 0.01090711 0.008913896 0.006333559 0.01013844 0.008909319 0.006943846 0.01012799 0.008951637 0.007022652 0.01090711 0.007823408 0.004791376 0.01112388 0.009194855 0.006171347 0.009915733 0.009187916 0.007532602 0.01112388 0.008069995 0.004580556 0.0112 0.009526268 0.005980006 0.01090711 0.006469477 0.003474422 0.01090711 0.006087807 0.003261054 0.01090711 0.005656844 0.003187113 0.01112388 0.005656844 0.002862689 0.01112388 -1.128821e-08 0.002862689 0.01090711 -0.001096907 0.0029937 0.0112 -1.128821e-08 0.002480006 0.01112388 -0.0009859476 0.002688842 0.01090711 -0.002061501 0.002436792 0.01090711 -0.002777447 0.001583559 0.01112388 -0.001852964 0.00218827 0.0112 -0.0008550614 0.002329237 0.01090711 -0.003158395 0.0005369142 0.01112388 -0.002496488 0.001421347 0.0112 -0.00160698 0.001895117 0.0112 -0.002165075 0.001230006 0.01112388 -0.002838899 0.0004805787 0.0112 -0.00246203 0.0004141265 0.01112388 -0.002838899 -0.0005205666 0.0112 -0.00246203 -0.0004541144 0.01112388 -0.002496488 -0.001461335 0.0112 -0.002165075 -0.001269994 0.01112388 -0.001852964 -0.002228257 0.01090711 -0.001096907 -0.003033688 0.0112 -0.00160698 -0.001935105 0.01112388 -0.0009859476 -0.00272883 0.0112 -0.0008550614 -0.002369225 0.0112 -1.128821e-08 -0.002519993 -0.00715 0.03523356 0.009019397 -0.00715 0.03447486 0.01015488 -0.00715 0.03333938 0.01091358 -0.007150001 0.03199999 0.01118001 -0.00715 0.03549999 0.007680005 -0.00715 0.03199999 -0.01121999 -0.00715 0.01649999 0.01118001 -0.00715 0.01649999 -0.01121999 -0.00715 0.03549999 -0.007719992 -0.00715 0.03331649 -0.01096296 -0.00715 0.03446317 -0.0102065 -0.00715 0.0352304 -0.009067 -0.00715 0.01676641 0.009019396 -0.00715 0.01752512 0.01015488 -0.00715 0.0186606 0.01091358 -0.00715 0.01999999 0.01118001 -0.00715 0.01649999 0.007680004 -0.00715 0.03199999 0.01118001 -0.00715 0.03549999 0.007680005 -0.00715 0.03333938 0.01091358 -0.00715 0.03447486 0.01015488 -0.00715 0.03523356 0.009019397 -0.00715 0.03549999 -0.007719992 -0.00715 0.03523356 -0.009059384 -0.00715 0.03447486 -0.01019487 -0.00715 0.03333938 -0.01095357 -0.00715 0.03199999 -0.01121999 -0.00715 0.01999999 -0.01121999 -0.00715 0.01649999 -0.007719992 -0.00715 0.0186606 -0.01095357 -0.00715 0.01752512 -0.01019487 -0.00715 0.01676641 -0.009059384 0.0112 0.01649999 -0.007719992 0.01093358 0.01649999 -0.009059384 0.01017487 0.01649999 -0.01019487 0.009039389 0.01649999 -0.01095357 0.007699998 0.01649999 -0.01121999 0.007699998 0.01649999 0.01118001 -0.00715 0.01649999 -0.01121999 -0.00715 0.01649999 0.01118001 0.0112 0.01649999 0.007680005 0.01093358 0.01649999 0.009019397 0.01017487 0.01649999 0.01015488 0.009039389 0.01649999 0.01091358 0.009358064 0.01679288 -0.0058271 0.008779309 0.01661121 -0.005578324 0.008778927 0.0166111 -0.01021999 0.01025414 0.01715586 -0.006058917 0.01025414 0.01715586 -0.01021999 0.01092624 0.01749999 -0.006119993 0.01162258 0.0179307 -0.01021999 0.01162258 0.0179307 -0.006119993 0.008759125 0.01668182 -0.01059614 0.01226708 0.01864924 -0.01021999 0.01226708 0.01864924 -0.006119993 0.01157985 0.0179937 -0.01060268 0.0125 0.01958594 -0.01021999 0.0125 0.01958594 -0.006119993 0.0125 0.03241404 -0.006119993 0.01220219 0.01868363 -0.01059614 0.01158061 0.01799258 -0.01059587 0.01242656 0.01958594 -0.01059614 0.0125 0.03241404 -0.01021999 0.01226981 0.03334557 -0.006119993 0.01242656 0.03241404 -0.01059614 0.01226845 0.03334523 -0.01021999 0.01226708 0.03335074 -0.01021999 0.01162258 0.03406927 -0.006119993 0.01220219 0.03331635 -0.01059614 0.01242274 0.03241404 -0.01060193 0.01242274 0.01958594 -0.01060193 0.01221043 0.03241404 -0.01092376 0.01221043 0.01958594 -0.01092376 0.01201124 0.01878486 -0.01092376 0.01220659 0.03241404 -0.01092634 0.01220659 0.01958594 -0.01092634 0.01188486 0.03241404 -0.01114297 0.01188486 0.01958594 -0.01114297 0.01145818 0.01817311 -0.0109271 0.01188259 0.03241404 -0.01114342 0.01188259 0.01958594 -0.01114342 0.0115 0.01958594 -0.01121999 0.01172358 0.01893734 -0.01114297 0.01127716 0.01844002 -0.01114259 0.01127608 0.01844161 -0.01114387 0.0115 0.03241404 -0.01121999 0.01138354 0.01911759 -0.01121999 0.01106129 0.01875832 -0.01121999 -0.003158637 0.03201042 -0.01121999 -0.002636241 0.03303821 -0.01121999 -0.002457108 0.03346151 -0.01121999 0.009833199 0.01806295 -0.01121999 0.009994285 0.01771582 -0.01114387 0.01013085 0.01742154 -0.0109271 0.008612451 0.01720564 -0.01114342 0.008509293 0.01757406 -0.01121999 0.008613064 0.01720346 -0.01114297 0.007970025 0.01749999 -0.01121999 -0.003164214 0.03199999 -0.01121999 0.007970025 0.01711513 -0.01114297 0.008700849 0.01688994 -0.01092376 0.007970025 0.01678956 -0.01092376 0.0102221 0.01722491 -0.01060268 0.008758095 0.0166855 -0.01060193 0.007970025 0.01657343 -0.01059614 0.007970025 0.01649999 -0.01021999 0.008779309 0.01661121 -0.005578324 0.008601006 0.0165671 -0.005480146 0.007979512 0.0165 -0.00512547 0.007970025 0.01649999 -0.005119993 -0.001948838 0.01649999 -0.01021999 -0.001774198 0.01657611 -0.01060268 0.007970025 0.01657725 -0.01060193 -0.002457108 0.01649999 -0.009181513 -0.001714467 0.01679288 -0.0109271 -0.002636241 0.01649999 -0.008758211 0.007970025 0.01679339 -0.01092634 0.007970025 0.0171174 -0.01114342 -0.001774198 0.0171173 -0.01114387 -0.003158637 0.01649999 -0.007730428 -0.001948838 0.01749999 -0.01121999 -0.002457108 0.01853847 -0.01121999 -0.002943453 0.01958368 -0.01121999 -0.003158637 0.01998955 -0.01121999 -0.003164214 0.01999999 -0.01121999 -0.003164214 0.01649999 -0.007719992 -0.00715 0.03199999 -0.01121999 -0.00715 0.01999999 -0.01121999 -0.003164214 0.01933647 -0.01115652 -0.003158637 0.01998955 -0.01121999 -0.002943453 0.01958368 -0.01121999 -0.002819019 0.01931626 -0.01121999 -0.00715 0.0186606 -0.01095357 -0.00279922 0.01927371 -0.01121999 -0.003164214 0.01866645 -0.01095599 -0.003164214 0.01866089 -0.01095303 -0.003164214 0.01805813 -0.0106319 -0.002781532 0.01863745 -0.01102637 -0.002465551 0.01855662 -0.01121999 -0.00715 0.01752512 -0.01019487 -0.002457108 0.01853847 -0.01121999 -0.003164214 0.01752512 -0.01019487 -0.002781532 0.0180159 -0.01069523 -0.002457108 0.01789563 -0.01087558 -0.001948838 0.01749999 -0.01121999 -0.002781532 0.01747129 -0.01024869 -0.003164214 0.01708809 -0.009661853 -0.00715 0.01676641 -0.009059384 -0.003164214 0.01676696 -0.009059095 -0.003164214 0.01676399 -0.009053528 -0.00715 0.01649999 -0.007719992 -0.002781532 0.01702476 -0.009704086 -0.002457108 0.01731801 -0.01040197 -0.001774198 0.0171173 -0.01114387 -0.001714467 0.01679288 -0.0109271 -0.001774198 0.01657611 -0.01060268 -0.001948838 0.01649999 -0.01021999 -0.002457108 0.01684441 -0.009824356 -0.002457108 0.01649999 -0.009181513 -0.002781532 0.01669361 -0.009082531 -0.002465032 0.01649999 -0.009162788 -0.002636241 0.01649999 -0.008758211 -0.002793334 0.01649999 -0.008449139 -0.003164214 0.01656346 -0.008383514 -0.002817037 0.01649999 -0.008402507 -0.003158637 0.01649999 -0.007730428 -0.00715 0.01649999 0.007680004 -0.003164214 0.01649999 0.007680005 -0.003164214 0.01656346 0.008343526 -0.00715 0.01676641 0.009019396 -0.003158637 0.01649999 0.00769044 -0.002943453 0.01649999 0.008096313 -0.002819019 0.01649999 0.008363738 -0.00279922 0.01649999 0.008406286 -0.003164214 0.01676399 0.00901354 -0.003164214 0.01676696 0.009019107 -0.003164214 0.01708809 0.009621866 -0.002781532 0.01669361 0.009042543 -0.002465551 0.01649999 0.009123378 -0.00715 0.01752512 0.01015488 -0.002457108 0.01649999 0.009141524 -0.003164214 0.01752512 0.01015488 -0.002781532 0.01702476 0.009664099 -0.002457108 0.01684441 0.009784368 -0.001948838 0.01649999 0.01018 -0.002781532 0.01747129 0.0102087 -0.003164214 0.01805813 0.01059191 -0.00715 0.0186606 0.01091358 -0.003164214 0.01866089 0.01091304 -0.003164214 0.01866645 0.010916 -0.00715 0.01999999 0.01118001 -0.002781532 0.0180159 0.01065524 -0.002457108 0.01731801 0.01036198 -0.001776353 0.01657343 0.01055615 -0.001714467 0.01679288 0.01088711 -0.001773487 0.01711513 0.01110298 -0.001948838 0.01749999 0.01118001 -0.002457108 0.01789563 0.01083559 -0.002457108 0.01853847 0.01118001 -0.002781532 0.01863745 0.01098638 -0.002465032 0.01855719 0.01118001 -0.002636241 0.01896177 0.01118001 -0.002793334 0.01927084 0.01118001 -0.003164214 0.01933647 0.01111654 -0.002817037 0.01931748 0.01118001 -0.003158637 0.01998955 0.01118001 -0.003164214 0.01999999 0.01118001 -0.00715 0.03199999 0.01118001 -0.003164214 0.03199999 0.01118001 -0.003164214 0.03266351 0.01111654 0.00810256 0.03449999 0.01118001 -0.00715 0.03333938 0.01091358 -0.003158637 0.03201042 0.01118001 -0.002943453 0.0324163 0.01118001 -0.002819019 0.03268372 0.01118001 -0.003158637 0.03201042 0.01118001 -0.00279922 0.03272627 0.01118001 -0.002943453 0.0324163 0.01118001 -0.002457108 0.03346151 0.01118001 -0.001948838 0.03449999 0.01118001 -0.001773487 0.03488485 0.01110298 -0.003164214 0.03333353 0.010916 -0.002781532 0.03336253 0.01098638 -0.002465551 0.03344336 0.01118001 -0.002457108 0.03346151 0.01118001 -0.003164214 0.03333909 0.01091304 -0.003164214 0.03394185 0.01059191 -0.002781532 0.03398408 0.01065524 -0.002457108 0.03410435 0.01083559 -0.001948838 0.03449999 0.01118001 -0.003164214 0.03447486 0.01015488 -0.002781532 0.03452869 0.0102087 -0.002457108 0.03468197 0.01036198 -0.001773487 0.03488485 0.01110298 -0.001715191 0.03520647 0.01088643 -0.001714476 0.03521042 0.01088377 -0.001776353 0.03542655 0.01055615 -0.001948838 0.03549999 0.01018 -0.002457108 0.03515557 0.009784368 -0.002457108 0.03549999 0.009141524 -0.002781532 0.03497522 0.009664099 -0.002781532 0.03530637 0.009042543 -0.002465032 0.03549999 0.009122801 -0.002636241 0.03549999 0.008718223 -0.002793334 0.03549999 0.008409151 -0.003164214 0.03491189 0.009621866 -0.003164214 0.03523599 0.00901354 -0.00715 0.03447486 0.01015488 -0.003164214 0.03543652 0.008343526 -0.002817037 0.03549999 0.008362519 -0.003158637 0.03549999 0.00769044 -0.003164214 0.03549999 0.007680005 -0.00715 0.03549999 0.007680005 -0.00715 0.03523356 0.009019397 -0.003164214 0.03523302 0.009019107 -0.01115 0.03549999 0.007680005 -0.01121725 0.03543274 0.008362821 -0.01146385 0.03518614 0.00900102 -0.01165 0.03499999 0.009482781 -0.01165 0.03444423 0.01012851 -0.01165 0.03422945 0.01037807 -0.0116822 0.03496779 0.009534338 -0.01171589 0.0349341 0.00958416 -0.01194592 0.03470407 0.009830925 -0.01201056 0.03463943 0.009874781 -0.01203186 0.03461812 0.009882852 -0.01165 0.03332719 0.01089219 -0.01165 0.03318464 0.01097342 -0.007150001 0.03199999 0.01118001 -0.01203268 0.03418096 0.01031939 -0.01218524 0.03446475 0.009940973 -0.01233372 0.03431627 0.009930803 -0.01165 0.03199999 0.01118001 -0.00715 0.01649999 0.01118001 -0.01203268 0.03315887 0.0109018 -0.01203268 0.03199999 0.01110388 -0.01165 0.01399999 0.01118001 0.007699998 0.01399999 0.01118001 0.007699998 0.01649999 0.01118001 -0.01203268 0.01399999 0.01110388 0.009039389 0.01399999 0.01091358 0.009039389 0.01649999 0.01091358 0.01017487 0.01399999 0.01015488 0.01017487 0.01649999 0.01015488 0.01093358 0.01399999 0.009019397 0.01093358 0.01649999 0.009019397 0.0112 0.01399999 0.007680005 0.0112 0.01649999 0.007680005 0.0112 0.01399999 0.005980006 -0.01235711 0.03199999 0.01088711 -0.01235711 0.01399999 0.01088711 -0.01235711 0.0330855 0.01069782 -0.01257388 0.03199999 0.01056269 -0.01257388 0.01399999 0.01056269 -0.01235711 0.03404288 0.01015228 -0.01243129 0.0342187 0.009879495 -0.01257388 0.0329757 0.01039254 -0.01265 0.03199999 0.01018 -0.01265 0.01399999 0.01018 -0.01265 0.01399999 -0.01021999 -0.01257388 0.03383622 0.009902191 -0.01252613 0.03412385 0.009773307 -0.01257137 0.03407862 0.009675339 -0.01259208 0.03405791 0.009630492 -0.01265 0.03284617 0.01003245 -0.01265 0.03359246 0.009607191 -0.01264224 0.03400775 0.009369963 -0.01265 0.03399999 0.009180005 -0.01265 0.03199999 -0.01021999 -0.01265 0.03359246 -0.009647179 -0.01265 0.03399999 -0.009219993 -0.01264224 0.03400775 -0.009409951 -0.01259208 0.03405791 -0.009670478 -0.01265 0.03284617 -0.01007244 -0.01257388 0.03199999 -0.01060268 -0.01257388 0.01399999 -0.01060268 -0.01257388 0.0329757 -0.01043253 -0.01235711 0.03199999 -0.0109271 -0.01235711 0.01399999 -0.0109271 -0.01257388 0.03383622 -0.00994218 -0.01257137 0.03407862 -0.009715327 -0.01252613 0.03412385 -0.009813295 -0.01243129 0.0342187 -0.009919483 -0.01235711 0.0330855 -0.01073781 -0.01203268 0.03199999 -0.01114387 -0.01203268 0.01399999 -0.01114387 -0.01235711 0.03404288 -0.01019227 -0.01233372 0.03431627 -0.009970791 -0.01203268 0.03315887 -0.01094178 -0.01165 0.03199999 -0.01121999 -0.01165 0.01399999 -0.01121999 -0.01203268 0.03418096 -0.01035937 -0.01218524 0.03446475 -0.009980962 -0.01203186 0.03461812 -0.009922841 -0.00715 0.01649999 -0.01121999 0.007699998 0.01399999 -0.01121999 0.007699998 0.01649999 -0.01121999 0.009039389 0.01649999 -0.01095357 0.009039389 0.01399999 -0.01095357 0.01017487 0.01649999 -0.01019487 0.01017487 0.01399999 -0.01019487 0.01093358 0.01649999 -0.009059384 0.01093358 0.01399999 -0.009059384 0.0112 0.01649999 -0.007719992 0.0112 0.01399999 -0.007719992 0.01115531 0.009745187 0.006537522 0.01098019 0.009977962 0.007198134 0.01098109 0.01399999 0.007198375 0.01097776 0.009981193 0.007207303 0.01066814 0.01017674 0.00783476 0.01021558 0.01033676 0.008413488 0.01016318 0.01399999 0.008466514 0.01015903 0.01034871 0.008461641 0.009701233 0.01044543 0.008851426 0.009091851 0.01052273 0.009191351 0.008887391 0.01399999 0.009272436 0.008882697 0.01053675 0.009257621 0.008411467 0.01056833 0.00940693 0.007699998 0.01058299 0.009480005 0.007299998 0.01058299 0.009480005 0.007299998 0.01016474 0.009388334 0.007699998 0.01016474 0.009388334 0.007299998 0.009823168 0.009130131 0.008411467 0.01056833 0.00940693 0.007699998 0.01027715 0.009412971 0.007699998 0.009823168 0.009130131 0.007299998 0.009620903 0.008752733 0.008392501 0.0102582 0.00936059 0.00842038 0.01056774 0.009404105 0.007699998 0.009620903 0.008752733 0.008066852 0.009613888 0.008728108 0.008660485 0.00956974 0.008578305 0.009122862 0.009497098 0.008348726 0.00957449 0.00936891 0.007983821 0.007699998 0.009768809 0.009028705 0.008066852 0.009613888 0.008728108 0.008281083 0.009738358 0.008981282 0.008660485 0.00956974 0.008578305 0.008343869 0.009965258 0.009214115 0.007699998 0.009993954 0.009259232 0.008830306 0.009694903 0.008818654 0.008699154 0.009563665 0.008559105 0.008952593 0.009920659 0.009029631 0.009047105 0.01021276 0.00915681 0.009701233 0.01044543 0.008851426 0.009508738 0.009843081 0.008733796 0.009644869 0.01013405 0.008829721 0.009720464 0.01044136 0.008835051 0.01021558 0.01033676 0.008413488 0.009759245 0.009509919 0.00821708 0.009515401 0.009385683 0.008031564 0.00957449 0.00936891 0.007983821 0.009984148 0.009730387 0.008347816 0.01015518 0.01002029 0.008402413 0.01024529 0.01032626 0.008375498 0.010368 0.009579529 0.007890532 0.01035144 0.009181898 0.007371909 0.01001619 0.009076086 0.007291245 0.01012799 0.008951637 0.007022652 0.01056752 0.008723553 0.006443453 0.01064893 0.009391801 0.007389567 0.01090711 0.008913896 0.006333559 0.01056598 0.009868814 0.007895414 0.0106688 0.01017632 0.007833418 0.01077003 0.009530035 0.007372433 0.01102106 0.009061592 0.006248287 0.01086465 0.009681273 0.007339129 0.01112388 0.009194855 0.006171347 0.01093017 0.009837348 0.007292409 0.01096418 0.009989772 0.007234831 0.01097776 0.009981193 0.007207303 0.01116455 0.009371915 0.006069121 0.01115531 0.009745187 0.006537522 0.008778927 0.03538888 -0.01021999 0.008779307 0.03538877 -0.005578323 0.009358064 0.0352071 -0.0058271 0.01025414 0.03484412 -0.006058917 0.01025414 0.03484412 -0.01021999 0.01092624 0.03449999 -0.006119993 0.01162258 0.03406927 -0.01021999 0.01158061 0.0340074 -0.01059587 0.01157985 0.03400628 -0.01060268 0.0102221 0.03477507 -0.01060268 0.008758402 0.03531558 -0.01060268 0.01013085 0.03457844 -0.0109271 0.008699952 0.03510683 -0.0109271 0.007970025 0.03542387 -0.01060268 0.007970025 0.0352071 -0.0109271 0.007970025 0.03488267 -0.01114387 -0.001714467 0.0352071 -0.0109271 -0.001774198 0.03542387 -0.01060268 -0.001774198 0.03488267 -0.01114387 0.007970025 0.03549999 -0.01021999 0.008779307 0.03538877 -0.005578323 0.008159821 0.03549398 -0.005229461 0.007979512 0.03549998 -0.00512547 -0.001948838 0.03549999 -0.01021999 0.007970025 0.03549999 -0.005119993 -0.002457108 0.03549999 -0.009181513 -0.002943453 0.03549999 -0.008136301 -0.003158637 0.03549999 -0.007730428 -0.003164214 0.03549999 -0.007719992 -0.00715 0.03549999 -0.007719992 -0.01115 0.03549999 -0.007719992 -0.00715 0.0352304 -0.009067 -0.01121806 0.03543193 -0.008406853 -0.01146653 0.03518346 -0.009048777 -0.00715 0.03446317 -0.0102065 -0.01165 0.03499999 -0.009522769 -0.01165 0.0344335 -0.01018096 -0.01165 0.03422945 -0.01041805 -0.0116822 0.03496779 -0.009574324 -0.01171589 0.0349341 -0.009624147 -0.01194592 0.03470407 -0.009870912 -0.01201056 0.03463943 -0.009914768 -0.00715 0.03331649 -0.01096296 -0.01165 0.03330588 -0.01094433 -0.01165 0.03318464 -0.01101341 -0.003164214 0.03266351 -0.01115652 -0.003158637 0.03201042 -0.01121999 -0.002817037 0.0326825 -0.01121999 -0.002793334 0.03272914 -0.01121999 -0.003164214 0.03333353 -0.01095599 -0.00715 0.03333938 -0.01095357 -0.003164214 0.03333909 -0.01095303 -0.003164214 0.03394185 -0.0106319 -0.00715 0.03447486 -0.01019487 -0.002781532 0.03336253 -0.01102637 -0.002636241 0.03303821 -0.01121999 -0.002465032 0.03344278 -0.01121999 -0.002457108 0.03346151 -0.01121999 -0.002781532 0.03398408 -0.01069523 -0.002457108 0.03410435 -0.01087558 -0.001948838 0.03449999 -0.01121999 -0.002781532 0.03452869 -0.01024869 -0.002457108 0.03468197 -0.01040197 -0.001774198 0.03488267 -0.01114387 -0.001714467 0.0352071 -0.0109271 -0.001774198 0.03542387 -0.01060268 -0.001948838 0.03549999 -0.01021999 -0.002457108 0.03515557 -0.009824356 -0.002457108 0.03549999 -0.009181513 -0.002781532 0.03497522 -0.009704086 -0.003164214 0.03447486 -0.01019487 -0.002781532 0.03530637 -0.009082531 -0.002465551 0.03549999 -0.009163366 -0.003164214 0.03491189 -0.009661853 -0.00279922 0.03549999 -0.008446275 -0.00715 0.03523356 -0.009059384 -0.003164214 0.03523599 -0.009053528 -0.003164214 0.03523302 -0.009059095 -0.003164214 0.03543652 -0.008383514 -0.002819019 0.03549999 -0.008403726 -0.002943453 0.03549999 -0.008136301 -0.003158637 0.03549999 -0.007730428 0.008109864 0.03549998 0.006085169 0.008606448 0.03543547 0.006433375 0.00866215 0.03541855 0.00645959 0.01765 0.03549999 0.006080006 0.00810256 0.03549999 0.006080006 0.01765 0.03542387 0.006462689 0.009358064 0.0352071 0.006787112 0.01765 0.0352071 0.006787112 0.01017 0.03488267 0.007003885 0.01975938 0.03518476 0.006462689 0.01765 0.03488267 0.007003885 0.01092624 0.03449999 0.007080005 0.01971086 0.03497349 0.006787112 0.01963824 0.0346573 0.007003885 0.01765 0.03449999 0.007080005 0.01128809 0.03428627 0.007080005 0.01350967 0.03239512 0.007080005 0.01387341 0.03178352 0.007080005 0.01955258 0.03428432 0.007080005 0.014 0.0310833 0.007080005 0.02135862 0.03364827 0.007080005 0.02152559 0.0339926 0.007003885 0.02297646 0.0326241 0.007080005 0.02432401 0.03126379 0.007080005 0.02166713 0.03428452 0.006787112 0.02321626 0.03292232 0.007003885 0.014 0.02091668 0.007080005 0.02341956 0.03317515 0.006787112 0.02462448 0.03150077 0.007003885 0.02533289 0.02963636 0.007080005 0.02176171 0.03447957 0.006462689 0.02487921 0.03170168 0.006787112 0.01977642 0.03525895 0.006080006 0.0235554 0.03334408 0.006462689 0.02179493 0.03454806 0.006080006 0.01976395 0.03526181 -0.005119993 0.02058362 0.03497499 -0.005119993 0.0205834 0.03497474 0.006080006 0.02177189 0.03455919 -0.005119993 0.01765 0.03549999 -0.005119993 0.02324388 0.03363429 -0.005119993 0.0232422 0.03363187 0.006080006 0.02357315 0.03342739 -0.005119993 0.0236031 0.0334034 0.006080006 0.02504942 0.03183592 0.006462689 0.0250774 0.03192314 -0.005119993 0.02510919 0.03188306 0.006080006 0.02597202 0.02993887 0.006787112 0.02533182 0.03151822 -0.005119993 0.02533424 0.03152002 0.006080006 0.0262092 0.03012188 -0.005119993 0.02616795 0.03003161 0.006462689 0.02623676 0.03006417 0.006080006 0.02664252 0.02797618 0.006787112 0.02665456 0.02884913 -0.005119993 0.02665199 0.02884869 0.006080006 0.02691181 0.02811394 -0.005119993 0.02685424 0.02802271 0.006462689 0.02692858 0.02803905 0.006080006 0.02685669 0.02591322 0.006787112 0.02707345 0.02591117 0.006462689 0.02714999 0.02599999 -0.005119993 0.02714958 0.02591046 0.006080006 0.02660367 0.02385465 0.006787112 0.02714003 0.02591153 -0.005119993 0.02691181 0.02388604 -0.005119993 0.02681448 0.02380414 0.006462689 0.0268885 0.0237864 0.006080006 0.02659543 0.02298187 -0.005119993 0.0265967 0.02298213 0.006080006 0.0262092 0.02187809 -0.005119993 0.02609045 0.02180854 0.006462689 0.02615863 0.02177468 0.006080006 0.0258963 0.02190495 0.006787112 0.02493811 0.02002563 0.006462689 0.02477046 0.02016306 0.006787112 0.02560573 0.02204924 0.007003885 0.02451956 0.02036873 0.007003885 0.02628818 0.02393024 0.007003885 0.02422361 0.02061133 0.007080005 0.02653228 0.02591627 0.007003885 0.02526298 0.02221945 0.007080005 0.02591603 0.02401941 0.007080005 0.02632566 0.02790655 0.007003885 0.02614962 0.02591988 0.007080005 0.02595189 0.02782441 0.007080005 0.02567878 0.02980008 0.007003885 0.02285066 0.01927666 0.007080005 0.0212138 0.01828317 0.007080005 0.0230848 0.01897397 0.007003885 0.01939609 0.01768127 0.007080005 0.01387341 0.02021645 0.007080005 0.02137425 0.01793575 0.007003885 0.0232833 0.01871736 0.006787112 0.01765 0.01749999 0.007080005 0.01350967 0.01960486 0.007080005 0.01128809 0.01771371 0.007080005 0.01092624 0.01749999 0.007080005 0.01947471 0.01730675 0.007003885 0.01765 0.0171173 0.007003885 0.01765 0.01711538 0.0070026 0.01016519 0.01711513 0.00700298 0.01765 0.01679288 0.006787112 0.01954135 0.01698924 0.006787112 0.01765 0.01679031 0.006783267 0.009348509 0.01678956 0.006783772 0.01765 0.01657611 0.006462689 0.008649587 0.01657759 0.006453745 0.01765 0.01657476 0.006455885 0.01765 0.01649999 0.006080006 0.008606448 0.01656451 0.006433375 0.008109864 0.0165 0.006085169 0.00810256 0.01649999 0.006080006 0.01958588 0.01677709 0.006462689 0.01960152 0.01670259 0.006080006 0.01765 0.01649999 -0.005119993 0.02163307 0.01737531 0.006080006 0.02160116 0.01744442 0.006462689 0.02151027 0.01764121 0.006787112 0.02341593 0.01854589 0.006462689 0.0234625 0.01848568 0.006080006 0.02499698 0.01997737 0.006080006 0.02357315 0.01857259 -0.005119993 0.02309254 0.01827061 -0.005119993 0.02309736 0.01826406 0.006080006 0.02177189 0.01744078 -0.005119993 0.02041467 0.01696587 -0.005119993 0.02041372 0.01697154 0.006080006 0.01976395 0.01673817 -0.005119993 0.02174003 0.01750695 -0.005496136 0.0197476 0.01680977 -0.005496136 0.02352736 0.01863001 -0.005496136 0.02164625 0.01770168 -0.00582376 0.0233926 0.01879898 -0.00582376 0.02501998 0.02012262 -0.005496136 0.024851 0.02025738 -0.00582376 0.0250774 0.02007684 -0.005119993 0.02522883 0.0203361 0.006080006 0.02523679 0.02033051 -0.005119993 0.02614303 0.02190996 -0.005496136 0.02594831 0.02200373 -0.00582376 0.02684021 0.02390238 -0.005496136 0.0266295 0.02395048 -0.00582376 0.02707656 0.02599999 -0.005496136 0.02686043 0.02599999 -0.00582376 0.02684021 0.0280976 -0.005496136 0.0266295 0.0280495 -0.00582376 0.02614303 0.03009002 -0.005496136 0.02594831 0.02999625 -0.00582376 0.02501998 0.03187735 -0.005496136 0.024851 0.0317426 -0.00582376 0.02352736 0.03336997 -0.005496136 0.0233926 0.03320099 -0.00582376 0.02174003 0.03449303 -0.005496136 0.02164625 0.0342983 -0.00582376 0.0197476 0.03519021 -0.005496136 0.01969951 0.03497949 -0.00582376 0.01765 0.03542655 -0.005496136 0.01765 0.03521042 -0.00582376 0.01765 0.03488485 -0.006042968 0.008638456 0.03541269 -0.005499002 0.01765 0.03542273 -0.005501926 0.008779307 0.03538877 -0.005578323 0.008159821 0.03549398 -0.005229461 0.009358064 0.0352071 -0.0058271 0.007979512 0.03549998 -0.00512547 0.01765 0.03520659 -0.005826342 0.01016888 0.03487865 -0.00603686 -0.003158637 0.03549999 0.00769044 -0.002636241 0.03549999 0.008718223 -0.002457108 0.03549999 0.009141524 -0.001948838 0.03549999 0.01018 0.00810256 0.03549999 0.01018 0.008109864 0.03549998 0.006085169 -0.001776353 0.03542655 0.01055615 0.008606448 0.03543547 0.006433375 0.00810256 0.03542655 0.01055615 -0.001714476 0.03521042 0.01088377 0.008606448 0.03543547 0.01018 0.009358064 0.0352071 0.006787112 0.01017 0.03488267 0.007003885 0.008587945 0.0353644 0.01055615 0.01043413 0.03475834 0.01018 0.01092624 0.03449999 0.007080005 0.01126236 0.03424478 0.01018 0.01128809 0.03428627 0.007080005 0.0120906 0.03373121 0.01018 0.01350967 0.03239512 0.007080005 0.01040068 0.03468996 0.01056269 0.008586983 0.03536071 0.01056194 0.008533492 0.03515524 0.01088377 0.00810256 0.03521042 0.01088377 0.01204422 0.03367085 0.01056269 0.00810256 0.03488485 0.01110298 0.008451466 0.03484018 0.01110298 0.008354506 0.03446773 0.01118001 -0.003158637 0.01998955 0.01118001 0.01030543 0.03449524 0.01088711 0.01016288 0.03420381 0.01110388 0.008450896 0.03483798 0.01110343 0.01191214 0.03349896 0.01088711 0.009994729 0.03386005 0.01118001 0.01148131 0.03293826 0.01118001 0.01171448 0.03324171 0.01110388 0.01275484 0.03173921 0.01118001 0.0130437 0.03199021 0.01110388 0.0129367 0.03143341 0.01118001 0.01328859 0.032203 0.01088711 0.01329517 0.03156739 0.01110388 0.013 0.0310833 0.01118001 -0.002636241 0.01896177 0.01118001 -0.002457108 0.01853847 0.01118001 -0.001948838 0.01749999 0.01118001 0.01345221 0.03234519 0.01056269 0.01359906 0.03168098 0.01088711 0.01350967 0.03239512 0.01018 0.01380211 0.03175687 0.01056269 0.01387341 0.03178352 0.01018 0.01387341 0.03178352 0.007080005 0.01370711 0.0310833 0.01088711 0.014 0.0310833 0.01018 0.014 0.0310833 0.007080005 0.01392388 0.0310833 0.01056269 0.014 0.02091668 0.01018 0.014 0.02091668 0.007080005 0.01392523 0.0310833 0.01055588 0.01392656 0.02091668 0.01055615 0.01387491 0.02022048 0.01018 0.01387341 0.02021645 0.007080005 0.01380606 0.02024604 0.01055615 0.01387275 0.02021684 0.01018 0.01350967 0.01960486 0.01018 0.01350967 0.01960486 0.007080005 0.01345424 0.01965303 0.01055615 0.0120906 0.01826877 0.01018 0.01128809 0.01771371 0.007080005 0.01126236 0.0177552 0.01018 0.01092624 0.01749999 0.007080005 0.01043413 0.01724164 0.01018 0.01016519 0.01711513 0.00700298 0.01204422 0.01832913 0.01056269 0.01345136 0.01965554 0.01056194 0.0132911 0.01979479 0.01088377 0.01040068 0.01731001 0.01056269 0.008606448 0.01656451 0.01018 0.009348509 0.01678956 0.006783772 0.008606448 0.01656451 0.006433375 0.008109864 0.0165 0.006085169 0.00858727 0.01663817 0.01056269 0.00810256 0.01649999 0.01018 0.008532654 0.01684795 0.01088711 0.01030543 0.01750474 0.01088711 0.00810256 0.01657343 0.01055615 0.008587611 0.01663686 0.01055588 0.008533303 0.01684546 0.01088327 -0.001776353 0.01657343 0.01055615 -0.001948838 0.01649999 0.01018 -0.001715187 0.01679033 0.01088326 -0.002457108 0.01649999 0.009141524 -0.002943453 0.01649999 0.008096313 -0.003158637 0.01649999 0.00769044 0.01765 0.01657343 -0.005496136 0.007979512 0.0165 -0.00512547 0.01765 0.01657725 -0.005501926 0.008601006 0.0165671 -0.005480146 0.008641182 0.01657704 -0.005502269 0.01765 0.01678956 -0.00582376 0.008779309 0.01661121 -0.005578324 0.009358064 0.01679288 -0.0058271 0.01969951 0.01702048 -0.00582376 0.01765 0.01679339 -0.005826342 0.01765 0.01711513 -0.006042968 0.01016888 0.01712133 -0.00603686 0.01962706 0.01733789 -0.006042968 0.01765 0.0171174 -0.006043422 0.01025414 0.01715586 -0.006058917 0.01092624 0.01749999 -0.006119993 0.01765 0.01749999 -0.006119993 0.01162258 0.0179307 -0.006119993 0.01226708 0.01864924 -0.006119993 0.0125 0.01958594 -0.006119993 0.01954143 0.0177131 -0.006119993 0.02133801 0.01834175 -0.006119993 0.02150499 0.01799501 -0.006042968 0.02294966 0.01935442 -0.006119993 0.02318962 0.01905353 -0.006042968 0.02429556 0.02070033 -0.006119993 0.02459646 0.02046037 -0.006042968 0.02530823 0.02231198 -0.006119993 0.02565498 0.02214499 -0.006042968 0.02593688 0.02410856 -0.006119993 0.02631209 0.02402292 -0.006042968 0.02615 0.02599999 -0.006119993 0.02653486 0.02599999 -0.006042968 0.02593688 0.02789142 -0.006119993 0.02631209 0.02797706 -0.006042968 0.02530823 0.029688 -0.006119993 0.02565498 0.02985498 -0.006042968 0.02429556 0.03129965 -0.006119993 0.02459646 0.03153961 -0.006042968 0.02294966 0.03264556 -0.006119993 0.02318962 0.03294645 -0.006042968 0.02133801 0.03365823 -0.006119993 0.0125 0.03241404 -0.006119993 0.02150499 0.03400497 -0.006042968 0.01954143 0.03428688 -0.006119993 0.01962706 0.03466209 -0.006042968 0.01765 0.03449999 -0.006119993 0.01226981 0.03334557 -0.006119993 0.01162258 0.03406927 -0.006119993 0.01092624 0.03449999 -0.006119993 0.01765 0.03488258 -0.006043422 0.01025414 0.03484412 -0.006058917 0.01338268 0.0310833 0.01110388 0.013 0.02091669 0.01118001 0.00810256 0.01749999 0.01118001 -0.001773487 0.01711513 0.01110298 0.00810256 0.01711513 0.01110298 -0.001714467 0.01679288 0.01088711 0.008354506 0.01753225 0.01118001 0.00810256 0.01678956 0.01088377 0.008451403 0.01716005 0.0111026 0.008450919 0.01716191 0.01110388 0.01016288 0.01779617 0.01110388 0.009994729 0.01813993 0.01118001 0.01191214 0.01850102 0.01088711 0.01171448 0.01875827 0.01110388 0.01304534 0.02000834 0.01110298 0.01148131 0.01906172 0.01118001 0.01304363 0.02000983 0.01110343 0.01275484 0.02026077 0.01118001 0.01360345 0.02032128 0.01088377 0.01329824 0.02043461 0.01110298 0.01293745 0.02056858 0.01118001 0.01338486 0.02091668 0.01110298 0.0133846 0.0310833 0.0111026 0.01371043 0.02091668 0.01088377 0.01370967 0.0310833 0.01088327 -0.001948838 0.03449999 -0.01121999 0.007970025 0.03449999 -0.01121999 0.008612477 0.03479442 -0.01114387 0.008509293 0.03442591 -0.01121999 0.009994285 0.03428416 -0.01114387 0.01145818 0.03382687 -0.0109271 0.009833199 0.03393703 -0.01121999 0.01127608 0.03355837 -0.01114387 0.01201124 0.03321512 -0.01092376 0.01127716 0.03355996 -0.01114259 0.01172358 0.03306264 -0.01114297 0.01106129 0.03324166 -0.01121999 0.01138354 0.03288239 -0.01121999 -0.01265 0.03509999 0.01118001 -0.01265 0.03509999 -0.01121999 -0.01215 0.0356 -0.01121999 -0.01215 0.0356 0.01118001 -0.01265 0.0007373386 -0.002636911 -0.01465 0.0007373388 -0.002636911 -0.01465 0.01092619 -0.009771219 -0.01265 0.01092619 -0.009771219 -0.01465 0.01124337 -0.009965187 -0.0146279 0.01131069 -0.009999743 -0.0146066 0.01137906 -0.01003268 -0.01265 0.01137906 -0.01003268 -0.01407858 0.01291463 -0.01074873 -0.01265 0.01332248 -0.01093892 -0.01391447 0.01332248 -0.01093892 -0.01372152 0.01393184 -0.01114683 -0.01265 0.01459034 -0.01122 -0.01365 0.01459034 -0.01122 -0.01365 0.02976451 -0.01121999 -0.01265 0.03509999 -0.01121999 -0.0135951 0.03295023 -0.01121999 -0.01354724 0.03344855 -0.01121999 -0.01338694 0.03417375 -0.01121999 -0.01313287 0.03482934 -0.01121999 -0.01300969 0.03505753 -0.01121999 -0.01285501 0.03529031 -0.01121999 -0.01273324 0.03543682 -0.01121999 -0.01264222 0.03552415 -0.01121999 -0.01253519 0.03559256 -0.01121999 -0.01249904 0.0356 -0.01121999 -0.01215 0.0356 -0.01121999 -0.01465 0.0007373388 -0.002636911 -0.01265 0.0007373386 -0.002636911 -0.01265 0.0005999961 -1.999589e-05 -0.01465 0.0005999962 -1.999589e-05 -0.01265 0.0007373386 0.002596919 -0.01465 0.0007373388 0.002596919 0.005349998 0.03715903 0.01218001 0.0049403 0.03638997 0.0125897 0.004849998 0.0356 0.01268001 0.005349998 0.0144234 0.01218001 0.004849998 0.01513747 0.01268 0.004872463 0.03974416 -0.007875904 0.004872462 0.03974416 0.009335916 0.005349998 0.03956542 0.009335916 0.00535 0.03956542 -0.007875904 0.005349998 0.03953424 0.009632232 0.004872462 0.03974416 0.009335916 0.0049403 0.03961615 0.009992797 0.005349998 0.0394977 0.009769505 0.005349998 0.03946549 0.009858868 0.005349998 0.03944205 0.009913811 0.004940301 0.03961615 -0.008532783 0.00535 0.03944205 -0.008453797 0.00535 0.03909702 -0.009100532 0.004940301 0.03879191 -0.009742209 0.00535 0.03865498 -0.009615415 0.004940301 0.03859361 -0.01003317 0.00535 0.03825423 -0.01008221 0.004940301 0.03787437 -0.01048776 0.00535 0.03779145 -0.0103482 0.00535 0.0371177 -0.01073545 0.004940301 0.03722001 -0.01090134 0.004940301 0.03661168 -0.011021 0.00535 0.03656998 -0.01084123 0.00535 0.0356 -0.01102855 0.004940301 0.0356 -0.01121999 -0.01215 0.0356 -0.01121999 -0.01249904 0.0356 -0.01121999 -0.01209363 0.03626608 -0.01115103 0.004940301 0.0356 -0.01121999 -0.01183304 0.03658118 -0.01109085 -0.01119746 0.03716866 -0.01092038 -0.01112348 0.0372182 -0.01089893 0.004940301 0.03722001 -0.01090134 -0.01050052 0.03763539 -0.01071823 -0.009690112 0.03801787 -0.01049617 -0.008748386 0.03831415 -0.01028034 -0.007709024 0.03851403 -0.01010842 -0.006930167 0.03859311 -0.01003265 0.004940301 0.03859361 -0.01003317 -0.006554649 0.03863125 -0.00999612 -0.004938079 0.0386835 -0.009943033 -0.00153505 0.03865093 -0.009976349 0.004848783 0.03957934 -0.008612454 0.004940301 0.03961615 -0.008532783 0.004236808 0.03935714 -0.009038846 0.00344799 0.03912724 -0.009401525 0.002566452 0.03893653 -0.009656129 0.001480304 0.03878086 -0.009838759 0.000214213 0.03868473 -0.00994176 -0.003258992 0.03866743 -0.009959471 -0.00325261 0.03888053 -0.009636964 -0.004938079 0.0386835 -0.009943033 -0.001020426 0.03886474 -0.009654891 -0.00101743 0.03866093 -0.009966114 0.000214213 0.03868473 -0.00994176 -0.005509858 0.03888468 -0.009632204 -0.005500128 0.03866533 -0.00996149 -0.006554649 0.03863125 -0.00999612 -0.00324968 0.03893681 -0.009449043 -0.007796085 0.03874606 -0.009781085 -0.007709024 0.03851403 -0.01010842 0.001180348 0.03894785 -0.009557333 0.001217229 0.03876089 -0.009860162 0.001480304 0.03878086 -0.009838759 -0.00776661 0.0386422 -0.009963416 -0.007736988 0.03850865 -0.01011304 -0.008748386 0.03831415 -0.01028034 -0.008886211 0.03844429 -0.01014653 -0.008831956 0.03828787 -0.01029949 -0.009690112 0.03801787 -0.01049617 -0.008938708 0.03856384 -0.009953503 -0.009990418 0.03811112 -0.01040311 -0.009897534 0.03791998 -0.01055301 -0.01050052 0.03763539 -0.01071823 -0.01007781 0.03825487 -0.01019608 -0.01106258 0.03758376 -0.01070567 -0.01091348 0.03735884 -0.01083802 -0.01119746 0.03716866 -0.01092038 -0.01204633 0.03679847 -0.01096399 -0.0121333 0.03688708 -0.01091225 -0.0112024 0.03775687 -0.01048551 -0.01224821 0.03698128 -0.01074121 -0.01236882 0.03708014 -0.0105617 -0.01131469 0.03785409 -0.01020969 -0.01240078 0.03709042 -0.01044262 -0.0118867 0.03757308 -0.01001207 -0.0124888 0.03711872 -0.01011477 -0.01138022 0.03785647 -0.009917991 -0.01115264 0.0379838 -0.00987572 -0.01015278 0.03833802 -0.009953782 -0.01017029 0.03836723 -0.009696417 -0.009112221 0.03863645 -0.009527649 -0.008985536 0.03863497 -0.009736481 -0.009022191 0.03865007 -0.009516841 -0.007822934 0.03880899 -0.009580459 -0.007840768 0.03882868 -0.009375006 -0.006322152 0.03893676 -0.009275601 -0.005514042 0.03894068 -0.009444683 -0.00551737 0.03895068 -0.009261953 -0.004646027 0.03896576 -0.009247175 -0.003623036 0.03895953 -0.009253304 -0.003247132 0.03895645 -0.009256402 -0.001226807 0.03893994 -0.00927305 -0.001023538 0.038945 -0.00926767 0.0007078689 0.03898807 -0.009221836 0.001145361 0.03902343 -0.009180462 0.001958597 0.03908916 -0.009103553 0.002263376 0.03906332 -0.009410111 0.00220146 0.03912426 -0.009056403 0.002326832 0.03890219 -0.00969642 0.003008563 0.03924088 -0.008899711 0.002566452 0.03893653 -0.009656129 0.003311785 0.03924682 -0.009144503 0.003214777 0.03928453 -0.008829448 0.00344799 0.03912724 -0.009401525 0.003741045 0.03939594 -0.008650136 0.004236808 0.03935714 -0.009038846 0.004287883 0.03950228 -0.008693689 0.004146575 0.03950813 -0.008430127 0.004422458 0.03942455 -0.008909496 0.004349769 0.03956434 -0.00831989 0.004848783 0.03957934 -0.008612454 0.004905883 0.0396811 -0.008199521 0.004872463 0.03974416 -0.007875904 0.004940301 0.03961615 -0.008532783 -0.01215 0.0356 0.01118001 -0.01215 0.0356 -0.01121999 0.004940301 0.0356 -0.01121999 0.005349998 0.0356 0.01118001 0.00535 0.0356 -0.01102855 0.00535 0.0371177 -0.01073545 0.00535 0.03825423 -0.01008221 0.00535 0.03909702 -0.009100532 0.00535 0.0356 -0.01102855 0.00535 0.03944205 -0.008453797 0.00535 0.03953457 -0.008170638 0.00535 0.039557 -0.008030302 0.00535 0.03956416 -0.007935583 0.00535 0.03956542 -0.007875904 0.005349998 0.0356 0.01118001 0.005349998 0.03956542 0.009335916 0.005349998 0.03953424 0.009632232 0.005349998 0.0394977 0.009769505 0.005349998 0.03946549 0.009858868 0.005349998 0.03944205 0.009913811 0.005349998 0.03863299 0.01117725 0.005349998 0.03760803 0.01197703 0.005349998 0.03715903 0.01218001 0.005349998 0.0144234 0.01218001 0.005349998 0.01362957 0.01118001 0.005349998 0.01351486 0.01154384 0.005349998 0.01345784 0.01148251 0.005349998 0.01343092 0.01140322 0.005349998 0.01343883 0.01131986 0.005349998 0.01348017 0.01124705 0.005349998 0.01354769 0.01119753 -0.01285953 0.0367417 0.0117191 -0.01245122 0.03715107 0.01156882 -0.01304747 0.03655329 0.01131133 -0.013206 0.03624192 0.01184571 -0.0130598 0.03654093 0.01130601 -0.0135673 0.03583055 0.01105994 -0.01330054 0.03610554 0.01188026 -0.01366877 0.0355304 0.01165602 -0.01360216 0.03578176 0.01104304 -0.01331621 0.03608293 0.01188598 -0.01366302 0.03532415 0.01198905 -0.01411576 0.03478475 0.0107149 -0.01366887 0.03531134 0.01199079 -0.01422106 0.03436793 0.01124128 -0.01418825 0.034596 0.01065805 -0.01382547 0.03471958 0.01207397 -0.01454346 0.03367116 0.01037947 -0.01411589 0.03408159 0.01182643 -0.01388665 0.03448838 0.01210647 -0.01395607 0.03386964 0.01219081 -0.01492095 0.03223259 0.01043077 -0.01490577 0.03239207 0.009984853 -0.01500352 0.03204697 0.009878382 -0.01529932 0.03056308 0.009431215 -0.01533833 0.0302691 0.009349557 -0.01451732 0.03305809 0.01137012 -0.01399095 0.03355866 0.0122332 -0.01398939 0.0334912 0.01224128 -0.0156001 0.02829639 0.008801607 -0.01554005 0.02812877 0.009330293 -0.01431622 0.03281086 0.01185683 -0.01396995 0.03265336 0.01234163 -0.01401929 0.03255605 0.01227851 -0.014476 0.03165531 0.01169426 -0.01469613 0.03185323 0.01130814 -0.01447964 0.03164813 0.01168961 -0.01487447 0.03055895 0.01105387 -0.01484679 0.03204822 0.01088151 -0.01529593 0.03004727 0.01002134 -0.0150666 0.02980036 0.01067329 -0.01551032 0.0280458 0.009591987 -0.0151766 0.02936605 0.01045539 -0.01542702 0.02795803 0.009852398 0.004872462 0.03974416 0.009335916 0.004872463 0.03974416 -0.007875904 0.004349769 0.03956434 -0.00831989 0.004367198 0.03956977 0.00976803 0.003741045 0.03939594 -0.008650136 0.003759843 0.03940056 0.01010198 0.002919134 0.03922499 0.01038282 0.003008563 0.03924088 -0.008899711 0.002341956 0.03914455 -0.009029127 0.002342166 0.03914341 0.01049137 0.001958015 0.0390891 0.01056365 0.001958597 0.03908916 -0.009103553 0.0007078689 0.03898807 -0.009221836 0.0005704256 0.03898102 0.01068952 -0.001226807 0.03893994 -0.00927305 -0.0009140818 0.03894164 0.01073117 -0.001557951 0.03894593 0.01072688 -0.001557967 0.03894265 -0.009270323 -0.003623036 0.03895953 -0.009253304 -0.003672704 0.03896004 0.01071276 -0.004646027 0.03896576 -0.009247175 -0.005839028 0.03895149 0.01072115 -0.005838904 0.03894512 -0.009267407 -0.005879333 0.03895133 0.0107213 -0.006322152 0.03893676 -0.009275601 -0.007359567 0.0388745 0.01079457 -0.007840768 0.03882868 -0.009375006 -0.008661008 0.03871831 0.01092517 -0.008978627 0.03864896 0.01097246 -0.008980692 0.03865634 -0.009511858 -0.009112221 0.03863645 -0.009527649 -0.009902318 0.03844728 0.01110999 -0.01070326 0.03816495 0.01125343 -0.01017029 0.03836723 -0.009696417 -0.01070089 0.03816013 -0.009793266 -0.01092916 0.03808533 0.01129388 -0.01115264 0.0379838 -0.00987572 -0.0118867 0.03757308 -0.01001207 -0.01232156 0.03724493 -0.01008624 -0.01168994 0.03769635 0.01143626 -0.0123213 0.03724413 0.0115462 -0.01245122 0.03715107 0.01156882 -0.01306165 0.03653874 -0.009861912 -0.01291208 0.03667068 -0.01027043 -0.01240093 0.03709046 -0.01044209 -0.01354326 0.03587022 -0.009625301 -0.01354045 0.03586813 0.01107296 -0.01360216 0.03578176 0.01104304 -0.01411576 0.03478475 0.0107149 -0.01357501 0.03582615 -0.009609701 -0.01411736 0.03478113 -0.009257219 -0.01451773 0.03370267 -0.008923501 -0.01452969 0.03370702 0.01039027 -0.01454346 0.03367116 0.01037947 -0.01500352 0.03204697 0.009878382 -0.01529932 0.03056308 0.009431215 -0.01464276 0.03336589 -0.008819288 -0.01508441 0.03168884 -0.008301442 -0.01532063 0.0303384 -0.007910287 -0.01532892 0.03034004 0.009369261 -0.0155416 0.02882222 0.006823935 -0.0156001 0.02829639 0.008801607 -0.01549467 0.02921179 0.004830759 -0.01546194 0.02946707 0.002824451 -0.01544573 0.02958878 0.000807118 -0.01544792 0.02957254 -0.001313941 -0.01546829 0.02941854 -0.003342035 -0.01550474 0.02913053 -0.005350733 -0.01542378 0.02974872 -0.007739484 -0.01555776 0.02868143 -0.007448912 -0.01236402 0.03712318 0.01189268 -0.01285953 0.0367417 0.0117191 -0.01168994 0.03769635 0.01143626 -0.01236332 0.03712296 0.01189529 -0.01285274 0.03660657 0.01206737 -0.01293602 0.03663136 0.01174706 -0.01233143 0.03711276 0.01201371 -0.01331621 0.03608293 0.01188598 -0.01323528 0.03604125 0.01214029 -0.012215 0.03701638 0.0121886 -0.01320623 0.03602479 0.01218187 -0.01267508 0.03650028 0.01235155 -0.01209858 0.03691999 0.0123635 -0.01302093 0.03591979 0.01244709 -0.01201801 0.03683674 0.01241245 -0.01243657 0.03633218 0.0125477 -0.01277337 0.03577482 0.01261497 -0.01276365 0.03576903 0.01261721 -0.01180243 0.03661397 0.01254344 -0.01226133 0.03601638 0.01264551 -0.01249163 0.03560698 0.01267965 -0.01201282 0.03683138 0.01241561 -0.01112638 0.0372234 0.01236007 -0.01102709 0.03760552 0.0121553 -0.01088047 0.03738168 0.01228881 -0.01209858 0.03691999 0.0123635 -0.01040199 0.03768964 0.01215015 -0.01116481 0.03777769 0.0119355 -0.01221217 0.03701403 0.01219285 -0.01233143 0.03711276 0.01201371 -0.009955993 0.0381242 0.01185413 -0.009863109 0.03793097 0.01200505 -0.00955825 0.0380675 0.01192296 -0.0112757 0.03787446 0.0116609 -0.01134036 0.03787508 0.01137084 -0.01092916 0.03808533 0.01129388 -0.01004205 0.03826708 0.01164755 -0.010116 0.03834981 0.01140618 -0.01016627 0.03835424 0.01115726 -0.009902318 0.03844728 0.01110999 -0.008853362 0.03845179 0.01160007 -0.008798037 0.03829099 0.01175534 -0.00859181 0.03835162 0.01170988 -0.008905037 0.03857077 0.01140741 -0.008951172 0.03864161 0.01119098 -0.008984819 0.03864761 0.01097338 -0.008661008 0.03871831 0.01092517 -0.007736503 0.03864606 0.01141961 -0.007705647 0.03850671 0.01157357 -0.007514302 0.0385402 0.01154414 -0.006228921 0.03865042 0.01143687 -0.007765485 0.03874961 0.0112375 -0.005480478 0.03879372 0.01126466 -0.005475698 0.03866552 0.01142142 -0.004491767 0.03868524 0.01140124 -0.007791893 0.03881238 0.01103719 -0.007811964 0.0388202 0.01083997 -0.007359567 0.0388745 0.01079457 -0.005879333 0.03895133 0.0107213 -0.005492309 0.03895286 0.01071981 -0.005484843 0.03888512 0.01109173 -0.003672704 0.03896004 0.01071276 -0.00323252 0.03888027 0.01109729 -0.003227016 0.03895706 0.01071574 -0.001008131 0.03894226 0.01073055 -0.003235701 0.03878839 0.01127058 -0.003238804 0.03867307 0.01141371 -0.001064484 0.03865193 0.01143534 -0.001005135 0.03886484 0.0111148 -0.0009140818 0.03894164 0.01073117 0.0005704256 0.03898102 0.01068952 -0.001001761 0.03865404 0.01143316 0.0006695851 0.0387103 0.01137506 0.00119183 0.03894874 0.01101626 0.001156203 0.03902664 0.01063639 0.001227966 0.03876468 0.01131532 0.001958015 0.0390891 0.01056365 0.001850025 0.03882527 0.01124877 0.002271514 0.03906443 0.01086864 0.002209749 0.03912469 0.01051629 0.002334408 0.03890416 0.01115331 0.002919134 0.03922499 0.01038282 0.002776946 0.03897625 0.01106611 0.003316463 0.03924783 0.01060295 0.003217341 0.03928727 0.0102832 0.003414316 0.03912367 0.0108634 0.003590985 0.03916453 0.01080722 0.003759843 0.03940056 0.01010198 0.004316364 0.03938376 0.01045217 0.004289273 0.03950271 0.01015285 0.004147486 0.03950856 0.009888838 0.004425827 0.03942453 0.01037158 0.0049403 0.03961615 0.009992797 0.004367198 0.03956977 0.00976803 0.004905881 0.0396811 0.009659511 0.004872462 0.03974416 0.009335916 0.0049403 0.03742661 0.01227704 0.0006695851 0.0387103 0.01137506 0.0008805824 0.03873084 0.01135249 -0.01081815 0.03742179 0.01227075 -0.004491767 0.03868524 0.01140124 -0.006228921 0.03865042 0.01143687 -0.007514302 0.0385402 0.01154414 -0.00859181 0.03835162 0.01170988 -0.00955825 0.0380675 0.01192296 -0.01040199 0.03768964 0.01215015 0.0049403 0.03638997 0.0125897 -0.01112638 0.0372234 0.01236007 0.004849998 0.0356 0.01268001 -0.01226133 0.03601638 0.01264551 -0.01246441 0.0356 0.01268001 -0.01247854 0.03560162 0.01267992 -0.01249163 0.03560698 0.01267965 0.0049403 0.0387312 0.01135286 0.001850025 0.03882527 0.01124877 0.002776946 0.03897625 0.01106611 0.003590985 0.03916453 0.01080722 0.004316364 0.03938376 0.01045217 0.0049403 0.03961615 0.009992797 -0.01465 0.01335534 0.01143214 -0.01465 0.0007373388 0.002596919 -0.01265 0.0007373386 0.002596919 -0.01265 0.01351486 0.01154384 -0.01396995 0.01465423 0.01234163 -0.01363144 0.01501107 0.0125915 -0.01343049 0.01510552 0.01265763 -0.01322012 0.01513747 0.01268 0.004849998 0.01513747 0.01268 0.005349998 0.0144234 0.01218001 0.005349998 0.01351486 0.01154384 -0.01265 0.01345784 0.01148251 0.005349998 0.01345784 0.01148251 -0.01265 0.01343092 0.01140322 0.005349998 0.01343092 0.01140322 -0.01265 0.01343883 0.01131986 0.005349998 0.01343883 0.01131986 -0.01265 0.01348017 0.01124705 0.005349998 0.01348017 0.01124705 -0.01265 0.01354769 0.01119753 0.005349998 0.01354769 0.01119753 -0.01265 0.01362957 0.01118001 0.005349998 0.01362957 0.01118001 -0.01265 0.03509999 0.01118001 0.005349998 0.0356 0.01118001 -0.01215 0.0356 0.01118001 0.005289643 0.03704574 0.01224036 0.0049403 0.03709624 0.01237668 0.0049403 0.03638997 0.0125897 0.0049403 0.03742661 0.01227704 0.005349998 0.03715903 0.01218001 0.005349998 0.03760803 0.01197703 0.0049403 0.03777053 0.0120334 0.005349998 0.0377009 0.01190457 0.0049403 0.03819533 0.01173246 0.005349998 0.03809024 0.01160077 0.0049403 0.0387312 0.01135286 0.005349998 0.03863299 0.01117725 0.0049403 0.03910802 0.01077373 0.005349998 0.03895678 0.01067161 0.005349998 0.03944205 0.009913811 0.0049403 0.03961615 0.009992797 0.00535 0.03953457 -0.008170638 0.00535 0.03944205 -0.008453797 0.004940301 0.03961615 -0.008532783 0.004872463 0.03974416 -0.007875904 0.00535 0.039557 -0.008030302 0.00535 0.03956416 -0.007935583 0.00535 0.03956542 -0.007875904 -0.01323528 0.03604125 0.01214029 -0.01331621 0.03608293 0.01188598 -0.01366887 0.03531134 0.01199079 -0.01368009 0.03526896 0.01199674 -0.01320357 0.03602328 0.01218568 -0.01355421 0.03521919 0.01226656 -0.01388665 0.03448838 0.01210647 -0.01302093 0.03591979 0.01244709 -0.0137559 0.03435659 0.01234597 -0.01389754 0.0343913 0.0121197 -0.0133443 0.03513679 0.01249147 -0.01277337 0.03577482 0.01261497 -0.01399095 0.03355866 0.0122332 -0.0130792 0.03503272 0.01263407 -0.01274724 0.03575926 0.01262097 -0.01249163 0.03560698 0.01267965 -0.01380263 0.03265336 0.01246513 -0.01396995 0.03265336 0.01234163 -0.01354508 0.03430607 0.0125285 -0.01363144 0.03265336 0.0125915 -0.01275641 0.0349048 0.01268001 -0.01247854 0.03560162 0.01267992 -0.01246441 0.0356 0.01268001 -0.01298527 0.03435996 0.01268001 0.004849998 0.0356 0.01268001 -0.01329293 0.03424565 0.01264289 -0.01301004 0.03417994 0.01268001 -0.01322012 0.03265336 0.01268001 0.004849998 0.01513747 0.01268 -0.01322012 0.01513747 0.01268 -0.01342342 0.03265336 0.01263626 -0.01343049 0.01510552 0.01265763 -0.01363144 0.01501107 0.0125915 -0.01396995 0.01465423 0.01234163 -0.01465 0.02736833 0.01143214 -0.01465 0.01335534 0.01143214 -0.01447964 0.03164813 0.01168961 -0.01481437 0.03072474 0.01115063 -0.01481841 0.02747983 0.01115297 -0.01487447 0.03055895 0.01105387 -0.0151766 0.02936605 0.01045539 -0.01542702 0.02795803 0.009852398 -0.0130482 0.03655237 -0.009867852 -0.0124888 0.03711872 -0.01011477 -0.01297766 0.03660126 -0.01029455 -0.01320082 0.03625124 -0.01037549 -0.01353999 0.03587477 -0.009626907 -0.01331642 0.03606993 -0.01041742 -0.01364787 0.03556985 -0.01021553 -0.01339551 0.03594587 -0.01044611 -0.01357501 0.03582615 -0.009609701 -0.01363563 0.03534763 -0.01056152 -0.01411736 0.03478113 -0.009257219 -0.01418184 0.03446823 -0.009809857 -0.0136927 0.03520545 -0.01058895 -0.01414594 0.03470414 -0.009233396 -0.01376998 0.03484905 -0.01066001 -0.01464276 0.03336589 -0.008819288 -0.0140852 0.0341748 -0.01038786 -0.01384516 0.03450237 -0.01072913 -0.01387722 0.0338895 -0.01085168 -0.0138838 0.03376376 -0.01087682 -0.01486539 0.03244317 -0.009044454 -0.0148426 0.03260703 -0.008584967 -0.01508441 0.03168884 -0.008301442 -0.01527716 0.03058692 -0.007982271 -0.01478715 0.0322504 -0.009509435 -0.01426386 0.03294922 -0.01045485 -0.01389184 0.0336101 -0.01090755 -0.01382843 0.03292974 -0.01103361 -0.01523948 0.03035224 -0.008686575 -0.01542378 0.02974872 -0.007739484 -0.01551468 0.02853246 -0.008018116 -0.01555776 0.02868143 -0.007448912 -0.01551346 0.02852827 -0.008034168 -0.01535759 0.02837566 -0.008574841 -0.01504356 0.02991456 -0.009271465 -0.01499156 0.03008897 -0.009364274 -0.0146954 0.03108239 -0.00989288 -0.01462746 0.0320457 -0.009947813 -0.01438203 0.03183122 -0.01034393 -0.01424136 0.03216734 -0.01054638 -0.01396079 0.03268537 -0.01087744 -0.01367298 0.03016013 -0.01119671 -0.01465117 0.0311881 -0.009956554 -0.0135951 0.03295023 -0.01121999 -0.01365069 0.02977633 -0.01121929 -0.01365 0.02976451 -0.01121999 -0.01365069 0.02977633 -0.01121929 -0.01354724 0.03344855 -0.01121999 -0.01366872 0.03294377 -0.01116118 -0.01389184 0.0336101 -0.01090755 -0.01465368 0.02793532 -0.009957958 -0.0146954 0.03108239 -0.00989288 -0.01504356 0.02991456 -0.009271465 -0.01535759 0.02837566 -0.008574841 -0.01365 0.02976451 -0.01121999 -0.01465 0.02793302 -0.009965185 -0.01365 0.01459034 -0.01122 -0.01372152 0.01393184 -0.01114683 -0.01391447 0.01332248 -0.01093892 -0.01407858 0.01291463 -0.01074873 -0.0146066 0.01137906 -0.01003268 -0.0146279 0.01131069 -0.009999743 -0.01465 0.01124337 -0.009965187 -0.01373352 0.03399695 -0.01102365 -0.01387107 0.03400705 -0.01082818 -0.01352702 0.03354003 -0.01121999 -0.01384516 0.03450237 -0.01072913 -0.01352695 0.03397699 -0.01117809 -0.01343302 0.03396525 -0.01121999 -0.01338694 0.03417375 -0.01121999 -0.01358399 0.03506818 -0.01086598 -0.01371565 0.03509959 -0.01061005 -0.0136927 0.03520545 -0.01058895 -0.01339551 0.03594587 -0.01044611 -0.01337062 0.03500831 -0.01107818 -0.01313618 0.0348208 -0.01121999 -0.01316186 0.03613304 -0.01070742 -0.01325359 0.03616847 -0.01039463 -0.01297766 0.03660126 -0.01029455 -0.0129664 0.03602838 -0.01097505 -0.01310732 0.03492799 -0.0112133 -0.01313287 0.03482934 -0.01121999 -0.01308385 0.03492015 -0.01121999 -0.01300969 0.03505753 -0.01121999 -0.01270759 0.03587767 -0.01115085 -0.01285501 0.03529031 -0.01121999 -0.01273324 0.03543682 -0.01121999 -0.01264222 0.03552415 -0.01121999 -0.01253519 0.03559256 -0.01121999 -0.01249904 0.0356 -0.01121999 -0.01243277 0.03570887 -0.01120872 -0.01209363 0.03626608 -0.01115103 -0.01204741 0.03679957 -0.01096334 -0.0128421 0.03595717 -0.01107672 -0.0121333 0.03688708 -0.01091225 -0.01215609 0.03690576 -0.01087833 -0.01264998 0.03653891 -0.01088371 -0.0122488 0.03698176 -0.01074034 -0.01282751 0.03664678 -0.01059401 -0.01236882 0.03708014 -0.0105617 -0.01465 0.0292342 -0.004729538 -0.01465 0.02793302 -0.009965185 -0.01465 0.01124337 -0.009965187 -0.01465 0.01092619 -0.009771219 -0.01465 0.02958938 0.0007846409 -0.01465 0.02894385 0.006272411 -0.01465 0.02736833 0.01143214 -0.01465 0.0007373388 -0.002636911 -0.01465 0.0005999962 -1.999589e-05 -0.01465 0.01335534 0.01143214 -0.01465 0.0007373388 0.002596919 -0.01265 0.01459034 -0.01122 -0.01265 0.03509999 -0.01121999 -0.01265 0.03509999 0.01118001 -0.01265 0.01362957 0.01118001 -0.01265 0.01332248 -0.01093892 -0.01265 0.01137906 -0.01003268 -0.01265 0.01092619 -0.009771219 -0.01265 0.01354769 0.01119753 -0.01265 0.0005999961 -1.999589e-05 -0.01265 0.0007373386 -0.002636911 -0.01265 0.01348017 0.01124705 -0.01265 0.0007373386 0.002596919 -0.01265 0.01343883 0.01131986 -0.01265 0.01343092 0.01140322 -0.01265 0.01345784 0.01148251 -0.01265 0.01351486 0.01154384 -0.01535759 0.02837566 -0.008574841 -0.01465 0.02793302 -0.009965185 -0.01465 0.0292342 -0.004729538 -0.01551346 0.02852827 -0.008034168 -0.01555776 0.02868143 -0.007448912 -0.01550474 0.02913053 -0.005350733 -0.01549343 0.02921989 -0.004727487 -0.01546829 0.02941854 -0.003342035 -0.01544792 0.02957254 -0.001313941 -0.01465 0.02958938 0.0007846409 -0.01544575 0.02958861 0.0007846468 -0.01544573 0.02958878 0.000807118 -0.01546194 0.02946707 0.002824451 -0.01465 0.02894385 0.006272411 -0.01549467 0.02921179 0.004830759 -0.01552855 0.02893052 0.006269807 -0.0155416 0.02882222 0.006823935 -0.0156001 0.02829639 0.008801607 -0.01551032 0.0280458 0.009591987 -0.01542702 0.02795803 0.009852398 -0.01481841 0.02747983 0.01115297 -0.01465 0.02736833 0.01143214</float_array>
          <technique_common>
            <accessor count="2191" source="#verts-array-array" stride="3">
              <param type="float" name="X"/>
              <param type="float" name="Y"/>
              <param type="float" name="Z"/>
            </accessor>
          </technique_common>
        </source>
        <source id="normals-array">
          <float_array count="6573" id="normals-array-array">1 0 0 1 0 0 1 0 0 1 0 0 1 0 0 1 0 0 1 0 0 1 0 0 1 0 0 1 0 0 1 0 0 1 0 0 1 0 0 1 0 0 1 0 0 1 0 0 1 0 0 1 0 0 1 0 0 1 0 0 1 0 0 1 0 0 1 0 0 1 0 0 1 0 0 1 0 0 1 0 0 1 0 0 1 0 0 -1 0 0 -1 0 0 -1 0 0 -1 0 0 -1 0 0 -1 0 0 -1 0 0 -1 0 0 -1 0 0 -1 0 0 -1 0 0 -1 0 0 -1 0 0 -1 0 0 -1 0 0 -1 0 0 -1 0 0 -1 0 0 -1 0 0 -1 0 0 -1 0 0 -1 0 0 -1 0 0 -1 0 0 -1 0 0 -1 0 0 -1 0 0 -1 0 0 -1 0 0 -1 0 0 -1 0 0 -1 0 0 -1 0 0 -1 0 0 -1 0 0 -1 0 0 -1 0 0 0 -1 0 0 -1 0 0 -1 0 0 -1 0 0 -1 0 0 -1 0 0 -1 0 0 -1 0 0 -1 0 0 -1 0 0 -1 0 0 -1 0 0 -1 0 0 -1 0 0 -1 0 0 -1 0 0 -1 0 0 -1 0 0 -1 0 0 -1 0 0 -1 0 0 -1 0 0 -1 0 0 -1 0 0 -1 0 0 -1 0 0 -1 0 0 -1 0 0 -1 0 0 -1 0 0 -1 0 0 -1 0 0 -1 0 0 -1 0 0 -1 0 0 -1 0 0 -1 0 0 -1 0 0 -1 0 0 -1 0 0 -1 0 0 -1 0 0.1273299 -0.1349003 -0.9826439 0.1301831 -0.1705761 -0.9767068 0.03808289 -0.002930171 -0.9992703 0.00205991 -0.02215868 -0.9997523 -0.0739261 -0.0117596 -0.9971944 -0.05095166 -0.01374433 -0.9986065 -0.1382151 0.007428021 -0.9903744 -0.172834 0.006367022 -0.9849304 -0.4439484 0.01413422 -0.8959409 -0.3454543 0.005716448 -0.9384182 -0.4335573 -0.004955901 -0.9011124 -0.5354815 0.006556096 -0.8445215 -0.7617481 0.004083146 -0.6478605 -0.6876108 0.004982958 -0.7260623 -0.7731509 0.02736515 -0.6336315 -0.9452796 -0.00118815 -0.3262593 -0.8168824 0.04237805 -0.5752454 -0.9130561 0.005281057 -0.4077998 -0.9501483 0.01928535 -0.3112014 -0.9969214 -0.0006089434 -0.0784047 -0.9753142 0.02048519 -0.2198694 -0.99802 0.00122021 -0.06288499 -0.9956367 -0.07913131 -0.04945482 -0.01456378 0 -0.9998939 0.06062932 -0.01833669 -0.9979919 0.06611769 0 -0.9978118 0.304396 0.006944645 -0.9525203 -0.0001184809 -0.07028907 -0.9975267 -0.0004894128 -0.2113101 -0.977419 0.001129957 -0.0287872 -0.9995849 -0.0007200962 -0.2236346 -0.9746728 0.001046008 -0.3977317 -0.9175012 -0.000281149 -0.431808 -0.9019655 -4.104084e-06 -0.4094842 -0.9123172 0.0004790237 -0.4880267 -0.8728286 0.001161003 -0.6160881 -0.7876764 5.037738e-05 -0.7068411 -0.7073724 -0.0003347036 -0.7151784 -0.6989418 0.0003217643 -0.923958 -0.3824938 0 -0.9287178 -0.3707874 0 -0.9951847 -0.09801773 0 -0.9951847 -0.09801773 0 -0.9951847 0.09801727 0 -0.9951847 0.09801727 1.617652e-06 -0.9238786 0.3826857 0 -0.9287174 0.3707884 0.003179724 -0.7705903 0.6373229 0.0009714007 -0.6111934 0.7914807 0.0003491865 -0.7072665 0.7069469 -3.540536e-05 -0.4343042 0.9007663 0.0003963527 -0.3824964 0.9239569 -4.863442e-05 -0.3999311 0.9165452 0.0002536801 -0.2209989 0.975274 4.684052e-05 -0.03158551 0.9995011 1.796853e-05 -0.04893813 0.9988018 -0.05149678 -0.01383158 0.9985774 -0.01456607 0 0.9998939 -0.1385958 0.006941394 0.9903247 0.08181476 0.006422722 0.9966269 -0.06306811 -0.0142989 0.9979068 0.0007822848 -0.02347153 0.9997242 -0.1665229 0.005458625 0.9860225 0.05222846 0.001449007 0.9986341 0.1337731 -0.1220655 0.9834657 0.1369696 -0.1578011 0.9779254 -0.4429803 0.01451004 0.8964139 -0.3555283 0.004621278 0.9346541 -0.4504306 -0.005387479 0.8927952 -0.548215 0.006181299 0.8363146 -0.7621845 0.004922956 0.6473411 -0.6925266 0.004298537 0.7213795 -0.774024 0.027113 0.6325755 -0.9453345 -0.001568174 0.3260985 -0.8216237 0.04012011 0.5686166 -0.9235757 0.003011722 0.3834044 -0.9587673 0.01470317 0.2838117 -0.9969067 -0.0008782563 0.07858949 -0.9823829 0.01448673 0.1863166 -0.9943326 -0.06983181 0.08016315 -0.9960213 -0.06631002 0.05953668 -0.9270982 -0.2903946 0.2369808 -0.9511684 -0.169166 0.2581888 -0.9728072 -0.135543 0.1878143 -0.8747936 -0.3069402 0.374865 -0.936858 -0.1088966 0.332323 -0.877662 -0.1763853 0.445643 -0.9299185 -0.272397 0.247086 -0.7736135 -0.301098 0.5575501 -0.8541865 -0.1064555 0.5089525 -0.7666531 -0.1767047 0.6172669 -0.7126295 -0.5824845 0.3909873 -0.6618151 -0.5888436 0.4639656 -0.6234671 -0.3051159 0.7198562 -0.7301278 -0.1369537 0.6694453 -0.6453747 -0.1566184 0.7476377 -0.5242089 -0.1765657 0.8330844 -0.5752314 -0.5835239 0.573244 -0.4260401 -0.3050337 0.8517302 -0.4394595 -0.1014232 0.8925182 -0.3348376 -0.1936877 0.9221545 -0.4584486 -0.5832622 0.6705446 -0.203639 -0.3074723 0.9295117 -0.2516961 -0.1013821 0.9624816 -0.1279432 -0.1834649 0.9746646 -0.3136091 -0.586032 0.7471384 0.03785628 -0.3125482 0.9491472 -0.05356063 -0.1499576 0.9872406 0.04341129 -0.1538306 0.9871432 0.1820328 -0.2040019 0.9618978 -0.1471531 -0.5890354 0.7945962 0.2506803 -0.314644 0.91551 0.2981837 -0.1250736 0.9462785 0.3140074 -0.3225729 0.8929424 0.2889823 -0.4226534 0.8589839 0.248479 -0.4299258 0.8679988 0.1864903 -0.5909752 0.7848374 0.2487099 -0.5808164 0.7751101 0.2034205 -0.700336 0.6842145 0.02819918 -0.5900424 0.8068797 0.1035682 -0.8183562 0.5653023 0.1395352 -0.817072 0.5593955 0.08981994 -0.8910225 0.4449846 0.06094471 -0.9012476 0.4289971 0.05585553 -0.911875 0.4066499 0.0334654 -0.9029546 0.4284309 0.01197907 -0.9178231 0.3968088 -0.002268299 -0.8926412 0.4507623 0.02717205 -0.9259155 0.376752 0.01481615 -0.8184444 0.5743947 -0.004794587 -0.9090561 0.4166461 -0.01834219 -0.9197576 0.392058 -0.07754855 -0.8168248 0.5716498 -0.03814323 -0.9079113 0.4174232 -0.0632663 -0.9005901 0.4300405 -0.02085962 -0.9387935 0.3438483 -0.1651326 -0.8130782 0.5582428 -0.0719006 -0.9008776 0.428077 -0.06223635 -0.9161224 0.3960383 -0.2421393 -0.8073197 0.5381482 -0.1097259 -0.8888132 0.4449397 -0.07463661 -0.9081578 0.4119209 -0.3050637 -0.8019746 0.5135883 -0.00288466 -0.9134628 0.406912 -0.1453449 -0.8757104 0.4604413 -0.09196338 -0.8792488 0.4674017 -0.1539434 -0.8749699 0.4590523 0.0003807147 -0.8813969 0.4723763 -0.1006841 -0.8507536 0.5158304 -0.003985352 -0.7473711 0.6643949 -0.3530735 -0.7976395 0.4889891 -0.1721696 -0.8645382 0.4721561 -0.1950335 -0.8594471 0.4725597 -0.390289 -0.7797405 0.4895705 -0.09859641 -0.7355948 0.6702082 0 -0.4409587 0.8975274 -0.3882152 -0.6808104 0.6211169 -0.7152549 -0.516547 0.4707331 -0.0994233 -0.4387739 0.8930803 0 -0.1139186 0.9934901 -0.393006 -0.405477 0.8253088 -0.7214971 -0.3053277 0.6214636 -0.09807 -0.1141811 0.9886076 0.01027462 -0.1038313 0.9945419 -0.3856572 -0.1064592 0.9164796 -0.09725708 -0.07771857 0.9922202 -0.7120481 -0.08049202 0.6975016 -0.3783912 -0.07215036 0.9228296 -0.09815556 -0.3050094 0.9472775 0.02381659 -0.4327556 0.9011967 -0.3759773 -0.286344 0.8812764 -0.01545954 -0.4539362 0.8909001 -0.09918121 -0.5859808 0.8042323 0.02034718 -0.7835664 0.6209748 -0.3759773 -0.544659 0.7496584 -0.007722684 -0.7070844 0.707087 -0.09627355 -0.8069605 0.5827058 -0.3759772 -0.7496584 0.544659 -0.09641586 -0.9454393 0.3112051 0.02160719 -0.9739439 0.2257576 -0.3759771 -0.8812765 0.2863443 -0.01287914 -0.9876065 0.156421 -0.09951988 -0.9950356 -3.082031e-08 0.0216072 -0.9739439 -0.2257576 -0.3759763 -0.9266293 -8.92922e-08 -0.01287913 -0.9876065 -0.156421 -0.09641607 -0.9454392 -0.3112052 0.02034717 -0.7835663 -0.6209749 -0.3759769 -0.8812766 -0.2863442 -0.6975019 -0.7165829 -1.11212e-08 -0.6975019 -0.6815108 -0.2214363 -0.375977 -0.7496584 -0.5446591 -0.6975019 -0.6815108 0.2214364 -0.09627308 -0.806961 -0.5827053 -0.007722684 -0.7070849 -0.7070865 -0.09918068 -0.5859807 -0.8042324 0.02381658 -0.4327556 -0.9011966 -0.01545943 -0.4539362 -0.8909001 -0.09815558 -0.3050095 -0.9472775 0.0102746 -0.1038314 -0.9945418 -0.3759768 -0.5446589 -0.7496586 -0.09725815 -0.07771859 -0.9922201 0 -0.1139186 -0.9934901 -0.3759773 -0.286344 -0.8812764 -0.3783915 -0.07215027 -0.9228295 -0.09807125 -0.114181 -0.9886075 0 -0.4409584 -0.8975276 -0.7012624 -0.05608713 -0.7106935 -0.09942428 -0.4387738 -0.8930803 -0.003985394 -0.7473709 -0.6643951 -0.3856573 -0.1064592 -0.9164796 -0.3930064 -0.405477 -0.8253087 -0.0985965 -0.7355944 -0.6702086 -0.388215 -0.6808105 -0.6211169 -0.1025983 -0.8490381 -0.5182739 -0.002258697 -0.8926465 -0.4507518 -0.3902802 -0.7797448 -0.4895707 0.000263154 -0.8810271 -0.4730658 -0.0952107 -0.8800567 -0.4652259 -0.1916255 -0.8583952 -0.4758543 -0.003265196 -0.9147598 -0.4039849 -0.3518592 -0.7992401 -0.4872477 -0.1723386 -0.8644787 -0.4722033 -0.1521163 -0.8752545 -0.459119 -0.07312072 -0.9091338 -0.4100355 -0.304711 -0.8022499 -0.5133675 -0.1450309 -0.875545 -0.4608546 -0.0190808 -0.9373808 -0.3477833 -0.02081556 -0.9387734 -0.3439057 -0.01654486 -0.9194494 -0.39286 -0.2418882 -0.8076179 -0.5378135 -0.1085802 -0.8881865 -0.4464695 -0.09595038 -0.8962791 -0.4329865 0.02942471 -0.9255239 -0.3775442 0.05612821 -0.912739 -0.4046691 0.0154114 -0.917168 -0.3982027 0.0874145 -0.8927413 -0.4420088 0.06508322 -0.9008453 -0.429234 0.103664 -0.8164915 -0.5679748 0.03653337 -0.9044851 -0.4249378 0.1217975 -0.8490897 -0.5140156 0.1659971 -0.7175957 -0.6763885 0.2205168 -0.6557649 -0.7220421 0.01464839 -0.8184213 -0.5744319 -0.0009031331 -0.9099257 -0.4147704 0.1879419 -0.5948971 -0.7815211 0.2571846 -0.5090316 -0.8214273 0.2894514 -0.4041024 -0.8677091 0.0281988 -0.5900408 -0.8068808 -0.07744831 -0.8171764 -0.5711606 -0.03589263 -0.9086152 -0.4160892 -0.06251024 -0.9006072 -0.4301152 0.2560697 -0.3144293 -0.9140911 0.321299 -0.3236847 -0.8899411 0.3269383 -0.1324206 -0.9357222 0.1891489 -0.2126648 -0.958643 0.03901141 -0.3116208 -0.9494054 0.1504335 -0.1896958 -0.9702501 0.131571 -0.1425631 -0.981002 0.02538239 -0.1552609 -0.9875474 -0.1341798 -0.1810229 -0.9742825 -0.1471525 -0.5890361 -0.7945959 -0.2013521 -0.3124215 -0.9283588 -0.2497017 -0.1156557 -0.9613911 -0.328509 -0.1966607 -0.9238 -0.165487 -0.8129875 -0.55827 -0.07132698 -0.9000866 -0.4298331 -0.3136096 -0.5860315 -0.7471386 -0.458449 -0.5832616 -0.6705448 -0.4269568 -0.3076005 -0.8503469 -0.4210717 -0.1151677 -0.8996861 -0.5104613 -0.1665307 -0.8436212 -0.6227771 -0.3040187 -0.720917 -0.6385854 -0.1583578 -0.7530813 -0.7294391 -0.1355854 -0.6704738 -0.7632111 -0.1793352 -0.6207639 -0.5752313 -0.5835239 -0.5732441 -0.7705925 -0.3061431 -0.5589844 -0.844132 -0.1161699 -0.5233983 -0.8700056 -0.1773157 -0.4600536 -0.6618148 -0.5888438 -0.4639656 -0.8742208 -0.3098734 -0.3737867 -0.9232749 -0.1206022 -0.3647172 -0.9446611 -0.1602651 -0.2862351 -0.7126292 -0.5824847 -0.3909874 -0.9715172 -0.1414465 -0.1901245 -0.975712 -0.1634158 -0.1458811 -0.9270982 -0.2903947 -0.2369809 -0.7152547 -0.5165475 -0.4707329 -0.9299185 -0.2723971 -0.2470859 -0.7214967 -0.3053276 -0.6214641 -0.9960213 -0.06630991 -0.05953664 -0.9337233 -0.1578609 -0.3213108 -0.7120472 -0.08049198 -0.6975025 -0.9964767 -0.03698317 -0.07527558 -0.9280925 -0.04171185 -0.3700059 -0.9199964 -0.03143646 -0.3906641 -0.9964767 -0.03698316 0.07527561 -0.9958089 -0.009750144 -0.09093713 -0.9337235 -0.1578609 0.3213105 -0.9958089 -0.009750161 0.09093734 -0.9280926 -0.04171192 0.3700058 -0.9946599 -0.008524065 -0.1028546 -0.7012633 -0.056087 0.7106926 -0.9199964 -0.03143635 0.3906639 -0.6975021 -0.2214361 0.6815107 -0.9169163 -0.1233224 0.3795471 -0.6975024 -0.4211963 0.5797276 -0.9169163 -0.234573 0.3228621 -0.994183 -0.03328241 0.1024328 -0.6975014 -0.5797283 0.421197 -0.994183 -0.06330693 0.08713455 -0.9946598 -0.008524069 0.1028549 -0.994183 -0.08713479 0.06330704 -0.9169165 -0.3228616 0.2345729 -0.994183 -0.1024326 0.0332824 -0.9169165 -0.3795469 0.1233222 -0.994183 -0.1077042 -2.580932e-08 -0.9169166 -0.3990788 5.249634e-08 -0.994183 -0.1024326 -0.03328231 -0.9169165 -0.3795469 -0.1233223 -0.994183 -0.08713466 -0.06330704 -0.9169165 -0.3228617 -0.234573 -0.994183 -0.06330695 -0.08713456 -0.994183 -0.0332824 -0.1024327 -0.9169165 -0.2345728 -0.3228617 -0.6975014 -0.5797281 -0.4211971 -0.9169163 -0.1233224 -0.3795473 -0.6975023 -0.4211965 -0.5797276 -0.6975019 -0.2214361 -0.681511 -0.7071102 0.7071033 -7.085828e-06 -0.7071497 0.7070638 -5.809248e-05 -0.7071061 0.7071074 -4.972533e-08 -0.7071066 0.7071069 -1.649108e-07 -0.7071064 0.7071072 -1.699202e-06 -0.7071046 0.707109 3.526039e-06 -0.70711 0.7071036 -8.121706e-06 -0.7071066 0.707107 -1.359353e-06 -0.7071082 0.7071054 -4.012831e-06 -0.7071076 0.7071059 -7.180967e-06 -0.7071059 0.7071076 2.862525e-06 -0.7071055 0.707108 4.026032e-06 -0.7071052 0.7071084 -2.290189e-06 -0.7071061 0.7071074 -8.809459e-07 -0.7071067 0.7071069 1.401084e-06 -0.7071064 0.7071072 3.040569e-07 -0.707106 0.7071075 9.540648e-07 -0.7071056 0.7071079 -3.353947e-06 -0.7071059 0.7071076 -2.862381e-06 -0.7071076 0.7071059 7.181081e-06 -0.7071082 0.7071054 4.012831e-06 -0.70711 0.7071036 8.121715e-06 -0.7071064 0.7071072 1.699205e-06 -0.7071046 0.707109 -3.526065e-06 -0.7071066 0.7071069 1.649112e-07 -0.7071061 0.7071074 4.980042e-08 -0.7071102 0.7071033 7.08589e-06 -0.7071497 0.7070638 5.809272e-05 -0.02842305 -0.003100679 -0.9995912 -0.08918616 0 -0.996015 -0.08764241 0.001331905 -0.9961511 -0.01054076 -0.02294027 -0.9996813 0.1987043 0.1547625 -0.967763 0.2093856 0.02245239 -0.9775753 0.3564794 0.01311778 -0.9342111 0.6677572 0.01130607 -0.7442933 0.5239159 0.01542099 -0.8516304 0.609836 -0.002607948 -0.7925234 0.7092566 0.01854013 -0.7047065 0.9221194 0.00431863 -0.3868813 0.8248688 0.02253282 -0.564875 0.9261725 -7.797234e-05 -0.3771002 0.9592066 0.0151384 -0.2823004 0.9988752 0.000432125 -0.04741445 0.9825815 0.01431013 -0.1852805 0.9943728 -0.06861108 -0.08071688 0.9959443 -0.05398282 0.07197774 0.9957283 -0.0701797 0.0600001 0.9961649 -0.02916514 0.08249141 0.929484 -0.22068 0.2955669 0.9957283 -0.07017975 -0.06000016 0.9312435 -0.1214658 0.3435573 0.9277553 -0.2918727 -0.232552 0.9645251 -0.1872609 -0.1860771 0.9749761 -0.1356726 -0.1761097 0.8864555 -0.3137821 -0.3402021 0.952291 -0.1699667 -0.2534822 0.8874556 -0.151249 -0.4353692 0.9278873 -0.2834039 -0.2422962 0.8137147 -0.3090866 -0.4922742 0.8520028 -0.1254364 -0.5082882 0.7886788 -0.151197 -0.5959238 0.7126297 -0.5809924 -0.3932006 0.6668795 -0.5988349 -0.4434731 0.7109979 -0.3071706 -0.6325569 0.736378 -0.1233336 -0.665234 0.6604372 -0.1541057 -0.7348974 0.6051285 -0.5938203 -0.5302801 0.5777021 -0.3069797 -0.7563225 0.5919978 -0.117801 -0.7972839 0.505789 -0.1577105 -0.8481184 0.524496 -0.5915441 -0.6123557 0.4179638 -0.3075284 -0.854829 0.4226119 -0.1116479 -0.8994075 0.3293895 -0.1621702 -0.9301631 0.4242062 -0.5923609 -0.6849508 0.237935 -0.308378 -0.9210266 0.2344744 -0.1061456 -0.9663099 0.1381558 -0.1666797 -0.9762842 0.3063451 -0.5946089 -0.7433659 0.05411592 -0.3062454 -0.9504132 0.03695836 -0.1035191 -0.9939406 -0.03647623 -0.1674016 -0.9852138 -0.04243214 -0.177299 -0.9832419 -0.08488763 -0.1675947 -0.9821945 -0.03138157 -0.3320979 -0.9427227 0.1744389 -0.5969551 -0.7830809 0.0432295 -0.5994345 -0.7992556 -0.02648171 -0.6254007 -0.7798543 0.1588901 -0.818901 -0.5515026 0.02143417 -0.824805 -0.5650109 -0.02522817 -0.7450506 -0.6665307 -0.01403351 -0.8424931 -0.5385243 0.09011613 -0.8224821 -0.5616068 -0.003556377 -0.9105917 -0.4132919 -0.004575516 -0.9126979 -0.4086094 0.01590645 -0.908303 -0.4180104 0.03104112 -0.9078969 -0.4180427 0.0542511 -0.9050162 -0.4219035 0.06638886 -0.9022078 -0.4261615 0.06003823 -0.9165422 -0.3954059 0.2212609 -0.8138591 -0.5372867 0.09958795 -0.8932333 -0.438425 0.1188866 -0.8903608 -0.4394583 0.2747054 -0.8088029 -0.5199758 0.1289903 -0.8827185 -0.4518512 0.0801148 -0.9009315 -0.426502 0.3183349 -0.8046921 -0.5011323 0.1538831 -0.871813 -0.4650399 0.1623936 -0.8696827 -0.4661333 0.3513846 -0.8025414 -0.4821371 0.0967598 -0.8732492 -0.4775703 0.3896521 -0.7749197 -0.4976653 0.1913147 -0.8593099 -0.474326 0.1016477 -0.8403514 -0.5324258 0.7128534 -0.5330538 -0.4557342 0.3867725 -0.7009266 -0.599257 0.01359128 -0.8888001 -0.4580936 -0.001222832 -0.8916341 -0.4527551 0.0006021904 -0.9008289 -0.4341738 0.01774453 -0.9299552 -0.3672443 0.02336057 -0.9346493 -0.3548028 0.008874328 -0.9323731 -0.3613884 -0.003068356 -0.9309687 -0.365086 0.006658549 -0.7707484 -0.6371049 -0.00361361 -0.8164912 -0.5773465 0.09807271 -0.7559988 -0.6471843 0.001251328 -0.5992901 -0.8005309 0.09874492 -0.5945414 -0.7979787 0 -0.3333332 -0.9428091 0.3882881 -0.5503846 -0.7391273 0.09906302 -0.3316936 -0.9381716 0 -0.08485718 -0.9963931 0.3903193 -0.3068936 -0.8680249 0.7150557 -0.4176652 -0.5605811 0.7177852 -0.2320883 -0.6564446 0.929484 -0.22068 -0.2955668 0.9312435 -0.1214658 -0.3435572 0.9959443 -0.05398282 -0.07197773 0.9961649 -0.02916514 -0.08249136 0.9956609 -0.007509031 0.09275223 0.9956609 -0.007509009 -0.09275213 0.9271621 -0.03133938 -0.3733474 0.7112099 -0.0598592 -0.7004266 0.9195068 -0.03512586 -0.3915014 0.38531 -0.07902514 -0.9193972 0.7004953 -0.06240895 -0.710923 0.09818355 -0.08489557 -0.9915406 0.3778166 -0.08011822 -0.9224075 0.09714023 -0.08629011 -0.991523 -0.007852608 -0.1056972 -0.9943674 0.09872518 -0.3379326 -0.9359781 -0.02032441 -0.4315261 -0.9018715 0.3752577 -0.3170252 -0.8710205 0.01495909 -0.4999442 -0.8659284 0.1013572 -0.6390572 -0.7624517 -0.02276212 -0.7821428 -0.6226833 0.3752567 -0.5958133 -0.7100627 0.0179576 -0.7659198 -0.6426853 0.1004893 -0.8624452 -0.4960747 -0.01542086 -0.9757645 -0.2182793 0.3752597 -0.8027356 -0.4634605 0.008968888 -0.9396548 -0.3420064 0.09603206 -0.9808361 -0.1695242 -0.01542086 -0.9757645 0.2182793 0.3752586 -0.9128382 -0.160958 0.6964572 -0.6214584 -0.3587991 0.6964575 -0.7066961 -0.1246097 0.3752585 -0.9128382 0.1609583 0.696457 -0.4612637 -0.5497122 0.09603225 -0.980836 0.1695244 0.008968902 -0.9396548 0.3420065 0.1004895 -0.8624454 0.4960744 -0.02276218 -0.7821428 0.6226833 0.0179576 -0.7659199 0.6426852 0.1013576 -0.6390569 0.7624519 -0.02032451 -0.431526 0.9018715 0.3752598 -0.802736 0.4634598 0.01495909 -0.4999442 0.8659284 0.09872548 -0.3379326 0.935978 -0.007852644 -0.1056971 0.9943674 0.3752574 -0.5958128 0.7100627 0.09713945 -0.08629005 0.991523 0 -0.08485751 0.9963931 0.3752577 -0.3170254 0.8710204 0.3778165 -0.08011829 0.9224076 0.09818284 -0.08489575 0.9915406 0 -0.3333335 0.942809 0.7004958 -0.06240883 0.7109225 0.09906258 -0.331694 0.9381715 0.001120409 -0.5991262 0.8006538 0.3853098 -0.07902495 0.9193973 0.3903193 -0.3068934 0.8680249 0.09874475 -0.5945412 0.7979788 0.3882885 -0.5503843 0.7391273 0.09811624 -0.7560361 0.6471342 0.006283114 -0.7699466 0.6380774 0.3867732 -0.7009263 0.5992569 -0.003259831 -0.8164911 0.5773489 0.1029951 -0.8425713 0.5286451 0.3788386 -0.7624934 0.5244855 0.01382517 -0.8879582 0.4597163 0.71137 -0.5738483 0.4057719 -0.0008298521 -0.881058 0.4730075 -3.779661e-05 -0.8926222 0.4508054 0.7128529 -0.5330541 0.4557347 0.92734 -0.3055491 0.216056 0.08445727 -0.897766 0.4322999 0.9278871 -0.2834042 0.2422964 0.994814 -0.07098286 0.07284579 0.7150558 -0.417665 0.5605811 0.7177852 -0.2320881 0.6564446 0.7112103 -0.05985944 0.7004261 0.9271621 -0.03133951 0.3733475 0.9195068 -0.0351258 0.3915015 0.696457 -0.2454332 0.674322 0.9945947 -0.009583467 0.1033902 0.9161365 -0.1371044 0.3766913 0.6964569 -0.4612638 0.5497122 0.6964571 -0.6214585 0.3587992 0.9161366 -0.2576719 0.3070813 0.9940661 -0.03720421 0.1022178 0.6964574 -0.7066962 0.1246097 0.9161364 -0.3471608 0.2004334 0.9940661 -0.06992114 0.0833288 0.9940661 -0.0942045 0.05438895 0.9161368 -0.3947758 0.0696095 0.9940661 -0.1071255 0.01888911 0.9161367 -0.3947759 -0.0696097 0.9940661 -0.1071255 -0.01888908 0.9161364 -0.3471609 -0.2004331 0.9940661 -0.0942045 -0.054389 0.9161367 -0.2576716 -0.3070812 0.6964572 -0.2454332 -0.6743219 0.9940661 -0.06992117 -0.08332879 0.9161365 -0.1371045 -0.3766913 0.9940661 -0.03720422 -0.1022178 0.9945947 -0.009583445 -0.1033901 1 -3.467114e-07 -1.186325e-07 1 0 0 1 -8.059872e-07 -8.059864e-07 1 -1.65701e-07 -8.687471e-08 1 -2.320866e-07 1.746217e-08 1 -1.607709e-09 1.111654e-08 1 3.69312e-08 2.555508e-08 1 0 0 1 0 0 1 0 0 1 0 0 1 0 0 -1 0 0 -1 0 0 -1 0 0 -1 0 0 -1 0 0 -1 0 0 -1 0 0 -1 0 0 -1 0 0 -1 0 0 -1 0 0 -1 0 0 -1 0 0 -1 0 0 -1 0 0 -1 0 0 -1 0 0 -1 0 0 -1 0 0 -1 0 0 0 1 0 0 1 0 0 1 0 0 1 0 0 1 0 0 1 0 0 1 0 0 1 0 0 1 0 0 1 0 0 1 0 0 1 0 0.3326076 -0.943053 -0.004824725 0.2994961 -0.9540975 -2.431421e-06 0.2416644 -0.9656016 -0.09597836 0.407994 -0.9129723 -0.004733832 0.4179138 -0.9030653 -0.09910182 0.4904181 -0.8714868 -0.0009100328 0.623923 -0.7752855 -0.09824721 0.6417667 -0.7668999 0 0.2251625 -0.8998922 -0.3734915 0.8795561 -0.4662409 -0.09487087 0.8835413 -0.4683532 0 0.5800398 -0.7231982 -0.3748843 0.9882108 -0.1201493 -0.0948868 0.9925847 -0.1215552 0 0.9926733 0.1208295 0 0.8216264 -0.43528 -0.3680509 0.7299841 -0.6566778 -0.1894664 0.9218217 -0.11181 -0.3711377 0.9882104 0.1200948 -0.09496001 0.8842773 0.4669621 0.0001513964 0.921822 0.1118095 -0.3711372 0.9704495 0.241304 -0.0003422354 0.8793879 0.4664997 -0.09515756 0.6422461 0.7664984 0.0001484413 0.8215562 0.4355838 -0.3678482 0.8346744 0 -0.5507437 0.8346744 0 -0.5507437 0.7148357 0.08807467 -0.6937238 0.7148365 -0.08807505 -0.693723 0.6403562 -0.3391433 -0.6891485 0.5587377 0 -0.8293444 0.5587377 0 -0.8293444 0.3969882 0.05048714 -0.9164341 0.3969875 -0.05048614 -0.9164345 0.4503029 -0.5588493 -0.6963582 0.1963738 0 -0.9805291 0.1963738 0 -0.9805291 0.1061376 -0.01412072 -0.9942512 0.362415 -0.1922954 -0.9119637 0.4225951 -0.3789703 -0.823283 0.2524531 -0.3110223 -0.9162601 0.1061374 0.01412044 -0.9942512 0.1004627 -0.05325398 -0.9935146 0.06899177 -0.08384413 -0.9940877 0 0 -1 0 0 -1 0 0 -1 0.0433109 -0.09350612 -0.9946762 0.1646348 -0.3547429 -0.9203548 0.299892 -0.6457779 -0.702165 0.06805732 -0.1848465 -0.9804081 0.02536193 -0.1022948 -0.9944308 0.09567327 -0.3847373 -0.9180544 0.007361537 -0.1028269 -0.994672 -0.01394904 0.03127942 -0.9994133 0.02332129 -0.3897238 -0.9206365 0.1736219 -0.6957835 -0.6969511 0.04893887 -0.7137046 -0.6987351 0.3897769 -0.8392007 -0.3792311 0.288615 -0.7840801 -0.5494723 0.06289774 -0.9249963 -0.3747343 0.06760188 -0.9931061 -0.09576171 0.2233272 -0.9746189 -0.01558479 0.1550067 -0.987891 -0.006648219 0.03706354 -0.9993129 -6.609944e-05 0.0008805436 -0.9999996 -0.0003448915 -4.885476e-05 -0.997481 -0.07093427 -0.0001196362 -0.9361209 -0.3516782 0.0001398597 -0.8347064 -0.5506952 0 -1 0 -2.598895e-05 -0.7070721 -0.7071415 0 -1 0 9.436563e-05 -0.5585976 -0.8294388 -0.007450622 -0.2011966 -0.9795225 1.907665e-05 -0.3516342 -0.9361375 0 -1 0 0 -0.07095425 -0.9974796 0 0 -1 0 0 -1 0 0 -1 -0.013949 -0.03127934 -0.9994133 -0.01394896 -0.9994134 -0.03127825 0.0002128403 0.09611499 -0.9953702 -0.00757638 -0.09271817 -0.9956636 -0.1000344 -0.1857067 -0.9774999 -0.1756292 -0.09374059 -0.9799832 -0.1799 -0.09082629 -0.9794828 -0.1850403 -0.08610611 -0.9789514 -0.01528295 -0.3826321 -0.9237744 -0.2572899 -0.2219857 -0.9404915 -0.1000518 -0.3799095 -0.9195969 0.0001549172 -0.4701521 -0.8825854 -0.09949415 -0.5520846 -0.8278306 -0.3885125 -0.3562188 -0.8498036 -0.5518691 -0.2567925 -0.7934092 -0.01530226 -0.7070236 -0.7070244 -0.5862002 -0.3419697 -0.7344563 -0.09862159 -0.7036593 -0.70366 -0.3873494 -0.5118098 -0.7668189 -0.6358784 -0.4250717 -0.6441838 -0.7125348 -0.417761 -0.5637108 -0.3870764 -0.651986 -0.6519863 -0.09949335 -0.8278303 -0.5520852 -0.007816108 -0.925839 -0.3778374 0.0001550136 -0.8825712 -0.4701787 -0.1063919 -0.9208932 -0.3750154 -0.001831835 -0.99522 -0.09764069 -0.387349 -0.7668189 -0.51181 -0.6416145 -0.5423702 -0.5423702 -0.7121739 -0.4586295 -0.5314766 -0.707107 -0.5000007 -0.4999991 -0.7121733 -0.5314771 -0.4586298 -0.7125345 -0.5637102 -0.4177623 -0.6358785 -0.6441834 -0.4250721 -0.5858027 -0.7383839 -0.3341023 -0.384617 -0.8535243 -0.3515195 -0.5497876 -0.8022451 -0.2326722 -0.523095 -0.8142371 -0.2517728 -0.2534166 -0.9405373 -0.2262071 -0.1084139 -0.9754819 -0.191524 -0.1839961 -0.9784676 -0.0935234 -0.1767658 -0.9797818 -0.09370984 -0.007576494 -0.9956636 0.09271803 -0.0139489 -0.9994134 0.0312786 -0.1000335 -0.9775001 0.1857065 -0.01528322 -0.9237742 0.3826326 -0.1756332 -0.9799826 0.09373917 -0.1798976 -0.9794834 0.09082516 -0.1850376 -0.9789522 0.08610249 -0.2572886 -0.940492 0.2219851 -0.1000509 -0.919591 0.379924 0.0001550136 -0.8825714 0.4701784 -0.09949345 -0.82783 0.5520856 -0.3885122 -0.8498033 0.3562198 -0.5518705 -0.7934108 0.2567845 -0.01530239 -0.7070237 0.7070243 -0.586201 -0.7344578 0.3419652 -0.09862074 -0.7036588 0.7036606 -0.3873484 -0.7668186 0.511811 -0.6358783 -0.6441832 0.4250726 -0.7126249 -0.5636991 0.4176232 -0.3870763 -0.651986 0.6519863 -0.09949454 -0.5520855 0.82783 -0.007816188 -0.3778378 0.9258388 0.0001551234 -0.4702666 0.8825244 -0.1063923 -0.3750615 0.9208744 -0.001831921 -0.09764105 0.99522 -0.3873495 -0.5118108 0.7668182 -0.6416133 -0.542369 0.5423727 -0.7122591 -0.531713 0.4582229 -0.7071073 -0.5002032 0.499796 -0.7121453 -0.4587658 0.5313972 -0.7125051 -0.4178083 0.5637133 -0.6358778 -0.4250728 0.6441836 -0.5858028 -0.3340984 0.7383857 -0.384617 -0.3515189 0.8535246 -0.5497872 -0.2326646 0.8022476 -0.5230971 -0.2517725 0.8142358 -0.2534163 -0.2262075 0.9405373 -0.1084135 -0.1915242 0.9754819 -0.1839959 -0.09352461 0.9784675 -0.1767532 -0.09371023 0.979784 -0.0139488 -0.03127888 0.9994134 -0.007576495 0.09271843 0.9956635 -0.01394884 0.03127897 0.9994134 -0.1000337 0.1857064 0.9775001 0.006815799 0.102553 0.9947042 -0.00392222 0.3820404 0.9241373 -0.1756273 0.09373952 0.9799836 -0.1798984 0.09082545 0.9794832 -0.1850382 0.08610533 0.9789519 0 0 1 -0.2572889 0.2219862 0.9404917 0 0 1 0 0 1 0 0.07140702 0.9974473 0 0.3538394 0.9353062 -0.1000522 0.3799698 0.9195719 -0.3885127 0.3562194 0.8498033 -0.5518677 0.2567561 0.7934219 -0.5862006 0.3419531 0.7344637 0.0001551234 0.4702666 0.8825244 -0.09949494 0.5520842 0.8278308 -0.3873478 0.5118115 0.7668186 -0.6358783 0.425073 0.644183 -0.712505 0.4178095 0.5637126 -0.09861963 0.7036598 0.7036597 -0.3870752 0.651987 0.651986 -0.6416149 0.5423662 0.5423737 -0.7121054 0.4589152 0.5313218 -0.7066922 0.4786258 0.5210599 -0.7071077 0.5003153 0.4996832 -0.7122989 0.5317882 0.4580738 -0.7126251 0.5636998 0.4176218 -0.6358805 0.6441823 0.4250707 -0.5858014 0.7383825 0.3341077 -0.3873477 0.7668188 0.5118112 -0.3846158 0.8535241 0.3515216 -0.5497846 0.8022453 0.2326788 -0.5230921 0.8142396 0.2517709 -0.2534188 0.9405372 0.2262049 -0.09948969 0.8278311 0.5520846 -0.1063932 0.9208442 0.3751352 -0.006741264 0.7094637 0.7047098 -0.1084158 0.9754819 0.1915229 -0.1840013 0.9784664 0.09352608 -0.1767647 0.9797817 0.09371277 -0.0139493 0.9994133 0.03127951 -0.000916157 0.9952027 0.0978301 -0.006300067 0.9241152 0.3820621 0.000154711 0.8824494 0.4704073 0.013425 0.9979987 0.0617923 0.009638257 0.9719171 0.235126 0.02082695 0.921641 0.3874843 0.06175615 0.839005 0.5406078 -0.008982099 0.7579056 0.6523024 -0.08829854 0.6210342 0.7787939 0.2633562 0.7309352 0.629585 0.1577292 0.7449992 0.6481495 -0.09163539 0.7271522 0.6803327 -0.2566984 0.651084 0.7142797 -0.3252376 0.6333226 0.7022271 -0.005470982 0.4950804 0.86883 -0.09803064 0.3359865 0.9367513 0.002652801 0.09605604 0.9953724 -0.3691145 0.5554966 0.7451027 -0.4759174 0.6007168 0.6423722 -0.628074 0.515274 0.5831087 -0.09715446 0.08536415 0.9916017 0 0 1 -0.3753355 0.3137241 0.8721814 -0.3778803 0.07925698 0.9224558 -0.09801867 0 0.9951846 0.0980175 0 0.9951847 0.0980175 0 0.9951847 -0.3826845 0 0.9238791 0.3826836 0 0.9238795 0.3826836 0 0.9238795 0.7071064 0 0.7071072 0.7071064 0 0.7071072 0.9238794 0 0.3826838 0.9238794 0 0.3826838 0.9951847 0 0.09801714 0.9951847 0 0.09801714 0.9990186 0.0005581088 0.04429 -0.7005783 0.06172421 0.7109009 -0.7071054 0 0.7071082 -0.6965697 0.2428495 0.6751406 -0.9195593 0.03472508 0.3914138 -0.9238789 0 0.3826851 -0.6952296 0.4131729 0.58817 -0.7899078 0.3948474 0.4691921 -0.9162199 0.1356176 0.3770265 -0.9946017 0.009467869 0.1033335 -0.9951847 0 0.09801727 -0.9951847 0 -0.09801773 -0.9199281 0.2178798 0.3259766 -0.8712464 0.3137598 0.3774713 -0.9139019 0.2823813 0.2916233 -0.9632236 0.1709525 0.2073056 -0.9940786 0.03677942 0.1022496 -0.994796 0.054676 0.08597413 -0.9937742 0.0686764 0.08772892 -0.9998977 0.01034731 0.009871237 -0.9946017 0.009467868 -0.1033339 -0.994796 0.05467611 -0.08597391 -0.9998977 0.01034731 -0.009871237 -0.9937742 0.06867665 -0.08772935 -0.9632246 0.1709501 -0.2073026 -0.9940786 0.03677933 -0.1022498 -0.9195597 0.03472485 -0.3914129 -0.9238792 0 -0.3826843 -0.9162202 0.1356172 -0.3770258 -0.7005799 0.06172408 -0.7108994 -0.707107 0 -0.7071065 -0.9199282 0.21788 -0.3259761 -0.9139039 0.2823788 -0.2916194 -0.8712466 0.3137614 -0.3774694 -0.7899087 0.3948488 -0.4691895 -0.6965686 0.2428497 -0.6751416 -0.377879 0.07925751 -0.9224564 -0.3826833 0 -0.9238796 -0.6952287 0.4131738 -0.5881704 -0.6280744 0.5152745 -0.5831078 -0.3753342 0.3137249 -0.8721817 -0.09715229 0.08536434 -0.9916019 -0.09801634 0 -0.9951848 -0.3691125 0.5554967 -0.7451036 -0.4759163 0.6007165 -0.6423732 -0.3252262 0.6333297 -0.702226 0 0 -1 0.09801717 0 -0.9951847 0.09801717 0 -0.9951847 0.382683 0 -0.9238797 0.382683 0 -0.9238797 0.7071064 0 -0.7071071 0.7071064 0 -0.7071071 0.9238796 0 -0.3826834 0.9238796 0 -0.3826834 0.9951847 0 -0.0980171 0.9951847 0 -0.0980171 0.9881507 0.009692707 0.1531805 0.9694469 0.01131912 0.24504 0.9310352 0.003799891 0.3649096 0.9426853 -3.968472e-05 0.3336832 0.8373048 -0.07002369 0.5422336 0.7404917 0.01603026 0.6718744 0.7055578 0.008523077 0.7086011 0.6480767 -0.001753417 0.7615731 0.5701499 0.01485117 0.8214064 0.397787 -0.07065706 0.914753 0.3608117 0.01222528 0.9325586 0.3017727 -0.00448719 0.9533693 0.2042841 -0.0004982883 0.9789115 0.04962588 -0.1064884 0.9930748 0 -0.1076727 0.9941864 0 -0.4182554 0.9083295 0.02930786 -0.4129741 0.9102711 0 -0.7598263 0.6501262 0.1831182 -0.1645402 0.9692235 0.07872638 -0.2051827 0.9755523 0.01059818 -0.7561283 0.6543376 0 -0.9078004 0.4194025 0.1732194 -0.3008257 0.937816 0.2869173 -0.1570863 0.944988 0.005675586 -0.9073965 0.4202372 0.01485284 -0.9326115 0.3605762 0.02536712 -0.9345022 0.3550523 0.06711587 -0.9132365 0.4018638 0.01691647 -0.9284546 0.3710605 -0.002267171 -0.8840366 0.4674122 0.01161868 -0.8970839 0.4417075 0.06572789 -0.8243045 0.5623184 0.05788184 -0.9037677 0.4240916 0.1319784 -0.5956792 0.7923055 0.02901015 -0.6027682 0.7973888 0.1396758 -0.8178532 0.5582175 0.06788072 -0.90374 0.4226656 0.2535913 -0.5951914 0.7625212 0.3471261 -0.3052898 0.8867365 0.541272 -0.1582517 0.8258214 0.3553689 -0.6067499 0.7110327 0.5012239 -0.3027595 0.810624 0.6188393 -0.1655456 0.7678754 0.6850795 -0.158645 0.7109837 0.2474723 -0.8088325 0.5334298 0.1106473 -0.8869047 0.4485056 0.1140613 -0.887618 0.4462335 0.4671096 -0.5927576 0.6560846 0.6351317 -0.3026701 0.7106325 0.7513606 -0.1590019 0.6404496 0.5400534 -0.6006492 0.5895447 0.333943 -0.801743 0.4956714 0.1610999 -0.8682047 0.4693265 0.1684797 -0.8662735 0.470303 0.2214607 -0.8268604 0.5169692 0.5978468 -0.6218808 0.5058097 0.717746 -0.5613215 0.412018 0.7434503 -0.3030614 0.5961841 0.8523327 -0.1733493 0.4934359 0.7442497 -0.466405 0.4780783 0.8271375 -0.4291168 0.3629081 0.841973 -0.3152486 0.4378353 0.9217463 -0.2540029 0.2930294 0.8990047 -0.1665302 0.405041 0.8927176 -0.02932682 0.4496611 0.9277105 -0.09305773 0.3615156 0.9698076 -0.1484676 0.1934699 0.8990808 -0.3273557 0.290675 0.2416268 0.9654369 -0.09771399 0.2994953 0.9540978 -2.311162e-06 0.3326071 0.9430531 -0.004824657 0.4079931 0.9129727 -0.004733832 0.4177445 0.9031289 -0.09923563 0.4904187 0.8714864 -0.0009101023 0.6241087 0.7751101 -0.09845188 0.7303978 0.6563009 -0.1891775 0.5800278 0.7231698 -0.3749575 0.3895022 0.8393489 -0.3791853 0.2248997 0.8981186 -0.377893 0.2997284 0.6458928 -0.7021291 0.1731327 0.6925308 -0.7003043 0.06274626 0.9232483 -0.3790455 0.04866254 0.7103744 -0.7021397 0.02714312 0.3896608 -0.9205584 0 0.7071054 -0.7071082 0 0.9361411 -0.3516246 0 0.3516248 -0.936141 0.06758949 0.9929383 -0.0974947 0.1622617 0.9867368 -0.00464747 0.07923066 0.9968547 -0.001812224 0.01214241 0.9999263 -1.968774e-05 0 0.9974796 -0.07095366 0.00026178 0.9999999 -0.0002267038 0 1 0 0 1 0 0 1 0 -0.01394937 0.9994133 -0.03127916 -0.003789357 0.9954067 -0.09566187 0.01356516 0.9979691 -0.06223838 -0.004683263 0.9214683 -0.3884254 0.009889997 0.9717723 -0.2357133 0.0215019 0.9211498 -0.3886139 0.001803152 0.7084311 -0.7057777 0.06246882 0.8388861 -0.5407103 -0.008699332 0.7579061 -0.6523056 -0.08809047 0.6209911 -0.7788518 0.263345 0.7309376 -0.6295868 0.1577415 0.7449982 -0.6481476 -0.09163539 0.7271522 -0.6803327 -0.2566903 0.6510891 -0.714278 0.00690223 0.3768476 -0.9262496 -0.004764666 0.495076 -0.8688366 -0.09791169 0.3360972 -0.9367241 -0.1084157 0.1915235 -0.9754818 -0.1767563 0.0937118 -0.9797833 -0.1839994 0.09352381 -0.9784669 -0.253419 0.2262055 -0.940537 -0.1063945 0.3750007 -0.9208988 -0.00781598 0.3778368 -0.9258392 0.0001549172 0.4701521 -0.8825854 -0.09949363 0.5520843 -0.8278309 -0.01530229 0.7070245 -0.7070235 -0.3846177 0.3515193 -0.8535241 -0.5230882 0.2517712 -0.814242 -0.5497809 0.232646 -0.8022573 -0.5857999 0.3340914 -0.7383911 -0.3873492 0.5118103 -0.7668187 -0.6358783 0.4250715 -0.644184 -0.7125347 0.4177622 -0.5637101 -0.3870769 0.6519864 -0.6519856 -0.6416154 0.5423698 -0.5423695 -0.7121726 0.4586302 -0.5314776 -0.7071064 0.4999994 -0.5000012 -0.7121732 0.531477 -0.45863 -0.7125347 0.5637109 -0.417761 -0.6358807 0.6441825 -0.4250702 -0.5862006 0.7344574 -0.3419666 -0.3873478 0.7668189 -0.5118109 -0.09861952 0.7036597 -0.7036599 -0.3885101 0.8498035 -0.3562216 -0.5518677 0.7934131 -0.2567833 -0.09949018 0.8278309 -0.5520848 -0.257291 0.9404919 -0.2219825 -0.01528331 0.9237744 -0.382632 -0.1000526 0.9195416 -0.380043 0.0001546011 0.8824492 -0.4704076 -0.1000363 0.9775 -0.1857055 -0.1850428 0.9789511 -0.08610366 -0.1799028 0.9794822 -0.09082763 -0.1756442 0.9799804 -0.09374152 0.003289578 0.9992299 0.03909916 0.4655123 0.7065602 -0.5329832 0.03141361 0.9741218 0.2238301 0.05576863 0.9936563 0.09765731 0.0002326834 1 0.0002119941 0.05175617 0.9236725 0.3796714 -0.000580444 0.8062652 0.591554 0.04016746 0.7099512 0.7031045 0 0.5063498 0.8623282 0.2072428 0.9023858 0.3778231 0.02228284 0.3884939 0.9211818 0 0.1629893 0.9866278 0.1598112 0.6958589 0.7001719 0.08830637 0.384509 0.9188878 0.00594787 0.101498 0.994818 0 0 1 0 0 1 0 0 1 0.02349841 0.1023183 0.9944741 0 0 1 0.04580479 0.09446317 0.994474 0.172132 0.3549869 0.9188879 0.06578688 0.08181381 0.994474 0.08243062 0.06501296 0.994474 0.3115137 0.6424339 0.7001699 0.2472218 0.3074502 0.9188883 0 0 1 0.4474068 0.5564048 0.700172 0.3097678 0.2443139 0.9188877 0.09489107 0.04491266 0.994474 0.4039679 0.8331029 0.377822 0.5605961 0.4421421 0.7001731 0.2227853 0.9699921 0.09737542 0.5801947 0.7215427 0.3778229 0.434231 0.8955142 0.09745675 0.2214819 0.9704633 -0.09563885 0.3303261 0.9438669 -4.621897e-05 0.3321161 0.9432385 0.0001325322 0.4318529 0.8968566 -0.09566223 0.05528648 0.9938432 -0.09601625 0.5321744 0.8466348 2.972549e-05 0.534847 0.8449489 0.0003192705 0.6205538 0.7783106 -0.09563263 0.6236403 0.775603 0.09753322 0.7269777 0.5733674 0.377827 0.7782218 0.6206395 -0.09579917 0.7815218 0.6162283 0.09739773 0.6453398 0.3054444 0.7001715 0.846763 0.5319702 -0.0003810543 0.8497839 0.5271312 0.0001362919 0.8967993 0.4319401 -0.09580628 0.8368711 0.3960984 0.3778265 0.8995872 0.4257101 0.09753819 0.6973311 0.1532461 0.700175 0.9439718 0.3300261 -0.0001646979 0.9462506 0.3234339 0.000475715 0.9704159 0.2216507 -0.09572872 0.9043002 0.1987278 0.3778205 0.972019 0.2136271 0.09768619 0.7139446 -0.006729632 0.7001699 0.9258353 -0.008725636 0.3778265 0.9953857 3.222607e-05 -0.09595424 0.9951669 -0.009362518 0.0977508 0.6943198 -0.1663614 0.7001742 0.9937141 -0.1119445 -0.000857711 0.9704287 -0.2214724 -0.09601089 0.900393 -0.215738 0.3778222 0.9677964 -0.2320682 0.09754182 0.9437911 -0.3305422 -0.0005156478 0.940171 -0.3407026 0.0004586121 0.8968873 -0.4317408 -0.09588002 0.8292581 -0.411802 0.3778228 0.8913363 -0.4426723 0.09777995 0.6394688 -0.3175543 0.7001706 0.7160431 -0.586969 0.3778222 0.5521632 -0.4526299 0.7001729 0.3533496 -0.1754704 0.9188875 0.3051067 -0.2501079 0.9188884 0.3836598 -0.0919265 0.9188877 0.08119019 -0.06655493 0.994474 0.3945013 -0.003718253 0.9188879 0.09402751 -0.04669321 0.994474 0.1020939 -0.02446217 0.9944739 0.3853246 0.08467893 0.9188876 0.1049775 -0.0009892701 0.9944741 0.1025359 0.02253322 0.9944741 0.3565942 0.168779 0.9188875 0.06423284 -0.08303902 0.9944741 0.04401605 -0.09530955 0.9944741 0.2413843 -0.3120573 0.9188873 0.02202512 -0.1023502 0.9945046 0 0 1 0.1654106 -0.3581682 0.9188878 0.4368384 -0.5647376 0.700174 0.00541743 -0.101207 0.9948506 0 0 1 0 0 1 4.371383e-05 -0.1640698 0.9864487 0.08282052 -0.3852319 0.9190958 0.01450141 -0.3914547 0.9200831 -0.01070377 -0.5498692 0.8351822 9.095867e-05 -0.5093004 0.8605888 0.03161019 -0.7121257 0.70134 0.149917 -0.6977739 0.7004545 -0.009525055 -0.8279125 0.5607764 -0.0005568323 -0.8077507 0.589524 0.04753812 -0.9237896 0.3799381 0.0115767 -0.8549485 0.5185837 -0.0003548986 -0.9807997 0.1950175 0.05121368 -0.9939035 0.09763669 0.002670554 -0.9694333 0.2453404 1.916183e-05 -0.9992667 0.03828916 0.0003102444 -0.9999999 0.0002826587 0.1944113 -0.9051553 0.3780187 0.2087528 -0.9730759 0.09770111 0.05538151 -0.9938273 -0.09612627 0.4171251 -0.9035735 0.09778353 0.3881935 -0.8405678 0.3778247 0.2993481 -0.6481889 0.7001727 0.5664919 -0.7323503 0.3778227 0.6086686 -0.7874141 0.09747559 0.76966 -0.6309042 0.0978949 0.6206176 -0.7781946 -0.09616141 0.5318732 -0.8468234 -0.001011679 0.5194428 -0.8545052 0.0002602894 0.4319798 -0.8967496 -0.09609161 0.3297012 -0.9440852 -0.0003891165 0.314659 -0.9492042 0.00100474 0.2218168 -0.9703663 -0.09584657 0.4024723 -0.835741 -0.3735679 0.2064112 -0.9043463 -0.3735669 0.5783509 -0.725229 -0.373568 0.3111956 -0.6462038 -0.6968342 0.4471878 -0.5607557 -0.6968329 0.7252296 -0.5783515 -0.3735661 0.5607553 -0.447187 -0.6968337 0.7784531 -0.6203673 -0.09568326 0.8399081 -0.5427277 0.001035648 0.8463968 -0.5325527 -1.652433e-05 0.8357416 -0.4024721 -0.3735667 0.6462034 -0.3111947 -0.696835 0.9043455 -0.2064116 -0.3735685 0.6992498 -0.1595994 -0.6968341 0.9276041 3.360261e-07 -0.3735647 0.7172315 -1.345675e-07 -0.696835 0.9043457 0.2064113 -0.3735682 0.6992494 0.1595996 -0.6968344 0.835742 0.4024725 -0.3735654 0.6462037 0.3111953 -0.6968345 0.7252298 0.5783511 -0.3735662 0.5607554 0.4471875 -0.6968333 0.5783512 0.72523 -0.3735658 0.4471871 0.5607548 -0.6968341 0.402472 0.8357409 -0.3735684 0.3111955 0.6462052 -0.696833 0.2064117 0.9043437 -0.3735728 0.1595998 0.6992494 -0.6968344 0.05106511 0.925416 -0.3754965 0.04010795 0.7132244 -0.6997873 0.02173334 0.3907103 -0.9202571 0.001967583 0.9587449 -0.284261 -0.00058921 0.8348208 -0.5505215 -0.0006644776 0.9401499 -0.3407606 0.0004883528 0.9952839 -0.09700373 0.001670431 0.777624 -0.6287274 5.182573e-06 0.9999295 -0.01187088 -0.0004940713 0.5580703 -0.8297936 -7.199452e-05 0.5384588 -0.8426518 0 1 0 0 1 0 0 1 0 0 0.9975749 0.06960106 0.06309934 0.9934079 0.09570384 0.04055363 0.9991774 6.960328e-05 0 0.9378564 0.3470237 0.1850915 0.9827213 0.0001397705 0.05866535 0.9251609 0.3750143 0 0.7107206 0.7034744 0.2363902 0.9667338 0.09770046 0.3265593 0.9451365 0.008724582 0.3997097 0.9166087 0.007787837 0.2214574 0.9008715 0.3733459 0.4365406 0.8938982 0.1018737 0.484525 0.8747492 0.007029265 0.5261442 0.8502732 0.01441355 0.5685939 0.8226117 -0.003300026 0.6087133 0.7875309 0.09624522 0.7698648 0.6381249 -0.01023604 0.4069596 0.8313844 0.3783964 0.2897793 0.7841768 0.548721 0.1709526 0.6966618 0.6967334 0.04557207 0.7135176 0.6991536 0.5639964 0.7339957 0.3783627 0.02538928 0.3914073 0.9198672 0.09439045 0.3854432 0.9178911 0.02511904 0.1026452 0.9944008 0 0 1 0.3135205 0.640577 0.7009751 0.1727502 0.3531334 0.9194858 0.0683246 0.1848521 0.9803884 0.4345555 0.5655391 0.7009472 0.04574559 0.09366385 0.9945524 0.06348728 0.08262355 0.9945565 0.2395731 0.3117845 0.9194537 0.08350971 0.06644768 0.9942891 0.3105458 0.2481729 0.9175901 0.1021437 0.0381787 0.9940367 0.5585184 0.4476821 0.6983107 0.3759083 0.1405039 0.915943 0.1035255 0.009849432 0.994578 0 0 1 0 0 1 0 -0.07140649 0.9974473 0.7224289 0.5799564 0.3764932 0.6724123 0.2513295 0.6962005 0.7761768 0.6229919 0.09711182 0.8683205 0.3245539 0.3750791 0.9322946 0.3484648 0.09694887 0.936707 0.3501143 0 0.7110041 0.06400842 0.7002686 0.9913395 0.0884069 0.09710948 0.9960043 0.08930483 0 0.9223032 0.0821419 0.3776369 0.9915528 -0.08787024 0.09540401 0.9960112 -0.08922817 -0.0001054999 0.9808096 6.827814e-05 0.1949682 0.9240714 -0.08174727 0.3733756 0.9328566 -0.3474187 0.09528287 0.936679 -0.3501891 -0.0001063805 0.8702702 -0.3242056 0.3708375 0.8600876 -0.5101463 0.0002462787 0.7766132 -0.6227074 0.09543248 0.7698644 -0.6381254 -0.01023604 0.7242144 -0.5805782 0.3720787 0.6086013 -0.7876309 0.09613539 0.5685923 -0.8226128 -0.003300027 0.5261447 -0.8502729 0.01441322 0.4844133 -0.8748112 0.007005621 0.4364167 -0.8939439 0.1020039 0.3992698 -0.9168013 0.007678105 0.5637823 -0.7341431 0.378396 0.5735844 -0.6081842 0.5487375 0.5615081 -0.4492461 0.6949004 0.4067322 -0.8315119 0.3783608 0.2367511 -0.966499 0.0991389 0.3258732 -0.9453748 0.008556266 0.185036 -0.9827318 0 0.04088101 -0.999164 8.75285e-06 0.2211245 -0.8987486 0.3786225 0.06306178 -0.9934052 0.09575698 0.1704056 -0.6929877 0.7005213 0.3133838 -0.6406731 0.7009483 0.05888234 -0.925101 0.3751281 0.1273174 -0.9727572 0.1937363 0.1065644 -0.827501 0.5512586 0 -0.937476 0.34805 0 -0.9975748 0.06960279 -4.370805e-05 -0.8334609 0.5525784 0 -1 0 0 -1 0 0 -1 0 0.04786849 -0.9246716 -0.3777448 0.006893236 -0.9997895 -0.01932676 -0.007183757 -0.8372711 -0.5467408 0.0005537775 -0.9745564 -0.2241419 0.001212834 -0.9120992 -0.4099677 0.04015583 -0.7132453 -0.6997632 0.006324826 -0.9037091 -0.4281003 -0.0002205885 -0.775141 -0.6317882 0.1595993 -0.6992495 -0.6968345 0.0001102135 -0.5584945 -0.8295082 0.02204254 -0.3904888 -0.9203438 -0.0011176 -0.536255 -0.8440553 0.08826692 -0.3867236 -0.9179618 -0.0004644199 -0.1965205 -0.9804996 -0.0006981346 -0.4862222 -0.8738349 0.000926762 -0.1471212 -0.989118 0.005944845 -0.1020828 -0.9947581 0 0 -1 0 0 -1 0 0 -1 0.02349124 -0.1029213 -0.9944121 0.04580439 -0.09511362 -0.9944121 0.1721081 -0.3573868 -0.9179616 0.06582049 -0.08253622 -0.9944121 0.2473199 -0.3101293 -0.9179611 0.08253567 -0.06582005 -0.9944122 0.3101293 -0.2473196 -0.9179612 0.09511359 -0.04580421 -0.9944121 0.3573867 -0.1721083 -0.9179616 0.1029216 -0.02349112 -0.994412 0.3867242 -0.08826753 -0.9179615 0.1055676 -8.006257e-08 -0.9944121 0.3966695 -1.731348e-08 -0.9179615 0.1029216 0.02349126 -0.994412 0.3867241 0.08826747 -0.9179615 0.09511396 0.04580466 -0.994412 0.357386 0.1721077 -0.917962 0.08253579 0.06581989 -0.9944122 0.3101286 0.2473189 -0.9179617 0.06582047 0.08253617 -0.9944121 0.2473199 0.3101295 -0.9179611 0.04580438 0.09511355 -0.9944121 0 0 -1 0.1721083 0.357387 -0.9179615 0.02349128 0.1029218 -0.994412 0.08826723 0.3867265 -0.9179605 0.005944894 0.1020836 -0.9947581 0 0 -1 0 0 -1 0.000926757 0.1471218 -0.9891179 -0.0004644225 0.1965985 -0.980484 -0.0006980205 0.4862043 -0.8738449 0.3915112 0.03605424 0.9194667 0.1041017 -0.009852411 0.9945179 0.006814891 -0.1025516 0.9947043 0 -0.3528172 0.9356923 0.02561026 -0.3916555 0.9197555 -4.701753e-05 -0.7089182 0.7052907 0.02483118 -0.1022488 0.9944489 0.04602847 -0.7137158 0.6989214 0.0713431 -0.5546886 0.8289938 0.09401131 -0.3827601 0.919052 0.172769 -0.353204 0.9194552 0.04578456 -0.09360055 0.9945565 0.4344069 -0.5656169 0.7009766 0.239516 -0.3117342 0.9194856 0.3125623 -0.2492688 0.9166078 0.06356121 -0.08261678 0.9945524 0.1351825 -0.1433587 0.9803948 0.08407643 -0.06681506 0.9942167 0.675756 -0.2517618 0.6927985 0.378153 -0.1409088 0.9149563 0.1027882 -0.03831062 0.9939652 0.3938576 -0.03604852 0.9184643 0.5552283 4.497031e-05 0.831698 0.7142374 -0.06392194 0.6969784 0.8315269 8.928006e-05 0.5554845 0 0.07095478 -0.9974795 0.007306595 0.1022239 -0.9947346 0.09530962 0.3825061 -0.919024 0.02521133 0.1016866 -0.994497 0.1646604 0.3548317 -0.920316 0.4503035 0.5588504 -0.696357 0.04335662 0.09343037 -0.9946813 0.2524989 0.3110719 -0.9162306 0.6403554 0.3391441 -0.6891489 0.4226777 0.379045 -0.8232062 0.3624157 0.1922942 -0.9119637 0.06899169 0.08384379 -0.9940877 0.1004622 0.05325381 -0.9935147 0.7071081 -0.7071055 5.82081e-08 0.7071074 -0.7071061 2.939934e-08 0.7071075 -0.7071061 2.998996e-08 0.7071081 -0.7071055 5.879873e-08 -4.499693e-08 -0.5735764 -0.8191521 -5.007983e-08 -0.5735764 -0.8191521 -2.542666e-09 -0.5479106 -0.8365369 0.000391679 -0.5373492 -0.8433597 0.006768719 -0.4902969 -0.8715292 0.01574547 -0.449759 -0.8930111 0.009432633 -0.4373951 -0.89922 -2.907495e-08 -0.4617484 -0.887011 -4.949094e-08 -0.4226187 -0.9063076 0.02186622 -0.3393416 -0.940409 0 -0.3832844 -0.9236304 0.02179717 -0.2306295 -0.9727975 0.021595 -0.08998979 -0.9957085 0 -0.05712841 -0.9983668 -4.482901e-07 8.660593e-08 -1 -2.286138e-08 4.28478e-09 -1 0 0 -1 0 0 -1 0 0 -1 0 0 -1 0 0 -1 0 0 -1 0 0 -1 0 0 -1 0 0 -1 0 0 -1 0 0 -1 -8.719152e-08 -0.9986256 -0.05241049 -8.719152e-08 -0.9986256 -0.05241049 -8.731152e-08 -1 -8.731175e-10 -8.731152e-08 -1 -8.731175e-10 -8.719152e-08 -0.9986256 0.05241048 -8.719152e-08 -0.9986256 0.05241048 0.7071067 -3.805167e-07 0.7071068 0.7071078 -1.061365e-06 0.7071058 0.7071063 -1.209529e-07 0.7071073 0.7071061 -3.204539e-08 0.7071075 0.7071061 -3.218299e-08 0.7071075 0.3505568 0.9365415 2.827385e-08 0.3505571 0.9365414 1.896846e-08 0.3501245 0.9353857 0.04966372 0.3505568 0.9365415 2.845267e-08 0.3489839 0.9235115 0.1591755 0.3299552 0.9349185 0.1306024 0.3513233 0.9144916 0.2006912 0.3981288 0.8783592 0.2645346 0.418927 0.8459795 0.3298771 0.4227821 0.8335052 0.3557027 0.3683651 0.8030322 -0.4684511 0.4221551 0.7998207 -0.4266988 0.3154371 0.7832122 -0.5357967 0.3865838 0.7440087 -0.5449808 0.4340383 0.6968005 -0.5710339 0.4167286 0.6494461 -0.636048 0.389008 0.5549593 -0.7353183 0.3692184 0.4760373 -0.7981643 0.3683273 0.463284 -0.8060415 0.414395 0.3223269 -0.8511064 0.4247729 0.3416974 -0.8383381 0.4105529 0.1739905 -0.895083 0.4104628 0.1729099 -0.8953337 0.4151507 0.1747908 -0.8928035 0.4167685 0.1754394 -0.8919221 0 0.1029919 -0.9946822 0 0.1029919 -0.9946822 0.001006011 0.1284121 -0.9917204 0.0001421798 0.193091 -0.9811808 -0.0846995 0.2943479 -0.9519376 0.0109899 0.2955139 -0.9552752 0.01458488 0.3725218 -0.9279088 0.0001936428 0.3698775 -0.9290805 0.0003920981 0.4155269 -0.9095808 0.003852126 0.5080302 -0.8613306 0.008940562 0.5758458 -0.8175094 0.01312646 0.612576 -0.7903027 0.01267663 0.6173157 -0.7866134 0.02486082 0.6772924 -0.7352938 0.002011022 0.6813777 -0.7319292 -0.0001625942 0.7058832 -0.7083282 5.121585e-05 0.7700508 -0.6379825 0.1376829 0.8179146 -0.5586225 0.1559378 0.8162329 -0.5562798 0.06715198 0.8137338 -0.5773456 0.020306 0.7868655 -0.6167904 0.005088021 0.7555111 -0.6551161 0.0009743026 0.7288507 -0.684672 0.000161062 0.7123754 -0.7017986 0.002588227 0.8342854 -0.5513267 0.002608249 0.9060425 -0.4231788 -0.001206959 0.8379654 -0.5457221 -0.006279185 0.9232326 -0.3841901 -0.00533213 0.8365415 -0.5478776 -0.008433838 0.8354364 -0.5495224 -0.01341991 0.9075141 -0.4198072 -0.008686353 0.8321046 -0.5545506 -0.01604599 0.8373854 -0.5463773 0.00510236 0.9806725 -0.19559 -0.04126342 0.9065305 -0.4201187 0.002770835 0.7852969 -0.6191131 -0.03772875 0.9278785 -0.3709691 -0.02161601 0.8495257 -0.5271042 -0.02258339 0.8523466 -0.5224894 0.388638 0.7949619 -0.4658284 -0.03210493 0.7425169 -0.6690575 -0.0280996 0.7044941 -0.7091533 -0.06089608 0.7725975 -0.631969 -0.05111352 0.6891227 -0.7228397 -0.03799562 0.6470002 -0.7615426 -0.1122028 0.8920569 -0.4377729 -0.1015256 0.7068166 -0.7000734 -0.06252626 0.5968884 -0.7998842 -0.07051997 0.5822232 -0.8099649 -0.1872478 0.8505248 -0.4914731 -0.1613838 0.6009291 -0.7828407 -0.06323135 0.4746516 -0.8778996 -0.1458266 0.4821487 -0.8638676 -0.1199838 0.4229246 -0.8981863 -0.2409257 0.5790681 -0.7788678 -0.2964285 0.7700197 -0.5649777 -0.3611719 0.6927897 -0.6241773 -0.4585572 0.7800622 -0.4257092 -0.4037881 0.8652257 -0.2972199 -0.53986 0.8103804 -0.2276727 -0.5076366 0.8193375 -0.2664417 -0.6369016 0.7615185 -0.1201912 -0.4691803 0.8759014 -0.1125458 -0.3772597 0.9111922 -0.165541 -0.2599157 0.931379 -0.2549059 -0.2787078 0.9519439 -0.1269835 -0.1899667 0.9743295 -0.1208081 -0.153373 0.9631904 -0.2207736 -0.1369405 0.9863425 -0.09151903 -0.08528683 0.9750761 -0.2048236 -0.09980498 0.9896098 -0.1034959 -0.04352968 0.9832014 -0.1772572 -0.01791954 0.9838904 -0.1778723 -0.01634413 0.9983544 -0.05496654 0.000434219 0.9920419 -0.1259073 0.005715752 0.9945067 -0.1045169 0.007294903 0.9948051 -0.1015358 0.002638878 0.9819262 -0.189246 -0.01898385 0.9789799 -0.2030712 -0.03609903 0.9842702 -0.172942 -0.05994686 0.9776236 -0.2016397 -0.08631193 0.9805086 -0.1765027 -0.06767133 0.9351411 -0.3477524 -0.10491 0.9768064 -0.1866631 -0.04069839 0.8668706 -0.4968693 -0.1363103 0.978456 -0.1550589 -0.03685151 0.8733894 -0.4856264 -0.1032411 0.9448737 -0.3107331 -0.1508176 0.9750049 -0.1631549 -0.05946462 0.8926444 -0.4468221 -0.1913849 0.9730368 -0.1287291 -0.06699657 0.9200887 -0.385938 -0.1310888 0.9588991 -0.251651 -0.1991402 0.9715324 -0.1283274 -0.07216342 0.9231838 -0.3775236 -0.1797724 0.9734073 -0.1419863 -0.1200103 0.9618924 -0.245684 -0.1510466 0.968193 -0.1994672 -0.158519 0.9659234 -0.2046061 -0.2041675 0.9566861 -0.2075265 0 -1 0 0 -1 0 0 -1 0 0 -1 0 0 -1 0 1 0 0 1 0 0 1 0 0 1 -3.258178e-08 4.098156e-08 1 0 0 1 0 0 1 0 0 1 0 0 1 -3.016934e-08 4.640498e-08 1 1.036046e-08 3.308542e-07 1 2.493436e-08 5.361739e-08 1 0 0 1 0 0 1 0 0 1 0 0 1 1.249912e-10 1.376108e-07 1 3.450777e-08 4.973104e-07 1 9.756124e-08 3.135596e-07 1 4.793879e-08 4.27606e-07 1 1.398761e-07 1.870767e-07 1 2.687856e-07 8.474733e-08 1 0 0 1 0 0 1 0 0 1 0 0 1 0 0 -0.7490007 0.6613832 0.03962687 -0.7080156 0.7061968 3.020851e-05 -0.7567095 0.644992 0.1066587 -0.8142624 0.5743006 0.08459006 -0.765369 0.6402056 0.06593186 -0.8346836 0.5390878 0.1126395 -0.8278969 0.5579719 0.0570445 -0.883987 0.431696 0.179459 -0.861968 0.4950333 0.1093304 -0.8403313 0.5419001 -0.01369912 -0.8577924 0.4302156 0.2812593 -0.9204137 0.3778368 0.1003887 -0.8954059 0.3580188 0.2647091 -0.9312192 0.3085435 0.1939891 -0.9383275 0.3366357 0.07885326 -0.905896 0.2861047 0.3122444 -0.9540692 0.2708527 0.1280265 -0.9003748 0.2123499 0.3797799 -0.8962615 0.2555036 0.3625372 -0.8741968 0.1516286 0.4612903 -0.9686983 0.1994368 0.1478126 -0.965085 0.2553294 0.05846248 -0.9775603 0.1945656 0.08074695 -0.962126 0.05866622 0.2662177 -0.9863427 0.1136695 0.1191945 -0.9262311 0.1828265 0.329652 -0.8762043 0.1139816 0.4682673 -0.8541116 0.06540591 0.5159606 -0.9857554 0.091633 0.141031 -0.9874154 0.08443877 0.1337193 -0.854627 0.09235419 0.5109632 -0.8067089 0.04102025 0.5895236 -0.8088808 0.0292373 0.5872452 -0.8454353 0.06066841 0.5306208 -0.8985031 0.06376855 0.4343107 -0.8545067 0.05807749 0.5161834 -0.9273813 0.05441506 0.370139 -0.9471741 0.1258288 0.2950056 -0.9714957 0.08820743 0.2200352 -0.9342564 0.0602948 0.3514677 -0.9713861 0.05437505 0.2311977 -0.9440149 0.04301841 0.327086 -0.9485426 0.03386941 0.3148331 -0.3262334 0.9452892 3.008938e-05 -0.3253242 0.9456025 -1.760312e-08 -0.2845251 0.9586686 -2.236201e-05 -0.2859592 0.9582418 3.061463e-05 -0.2288672 0.9734576 -0.0001074223 -0.2278928 0.9736862 -1.140784e-05 -0.1669138 0.9859715 1.918256e-05 -0.1697976 0.985479 2.433349e-05 -0.1429734 0.9897265 6.568197e-05 -0.1399879 0.9901532 5.932639e-05 -0.1061522 0.9943499 -6.946268e-05 -0.1089275 0.9940497 -2.422447e-08 -0.05170659 0.9986623 9.047113e-05 -0.05095926 0.9987007 7.967739e-05 -0.008141941 0.9999669 9.625205e-06 -0.009977941 0.9999502 7.125673e-05 0.006725767 0.9999774 -0.0001042869 0.00817345 0.9999666 -0.0001639367 0.007089083 0.9999749 -8.243644e-05 0.001523475 0.9999988 0.0002273024 -0.005545382 0.9999846 -0.0001426261 -0.004166737 0.9999913 6.397084e-05 -0.01728614 0.9998505 -0.0003325871 -0.02802817 0.9996071 5.115184e-05 -0.04475736 0.9989978 -0.0004412186 -0.08702275 0.9962062 0.0004820898 -0.1128751 0.9936092 -8.060686e-05 -0.171476 0.985187 -0.001572262 -0.212194 0.977227 -0.001011903 -0.1495447 0.9887549 0.0003716546 -0.2035504 0.979063 0.001720056 -0.2810779 0.9596829 -0.001963798 -0.3316004 0.9434182 -0.001822803 -0.3108206 0.9504677 0.001269381 -0.3634112 0.9316287 -0.0004613172 -0.4031531 0.9151281 -0.002841782 -0.4340035 0.9009112 0.0002610529 -0.5544134 0.832227 0.004907859 -0.6024376 0.7981417 0.00622806 -0.5253293 0.8508955 -0.002429882 -0.5823087 0.8129678 3.714455e-05 -0.6213948 0.774337 0.1194598 -0.7666308 0.63856 -0.06721837 -0.6648273 0.7111807 -0.2285315 -0.6605975 0.7124636 -0.236657 -0.8123557 0.5831527 0.003331701 -0.8137067 0.5812757 0.0001692254 -0.8468475 0.5318357 -0.0001368893 -0.908545 0.4177867 -0.0005785001 -0.8424477 0.538753 0.00519132 -0.9096687 0.4153347 -2.524877e-06 -0.9388523 0.344247 0.00709311 -0.9334463 0.3587166 -0.0006588294 -0.9461429 0.3237483 -0.0007328439 -0.9707288 0.2401462 -0.003933783 -0.9849291 0.1729077 -0.004190031 -0.9476574 0.3189415 0.01488895 -0.9747071 0.2234737 0.002374326 -0.9854881 0.1697278 0.002393507 -0.991148 0.1327552 0.001310841 -0.9911016 0.133062 0.003466894 -0.9914862 0.1301054 0.005262102 -0.9903608 0.1385009 0.001738335 -0.9895185 0.1444037 0.0008506736 -0.987359 0.1584992 -0.0004212569 -0.9868874 0.1614096 -0.0003024245 -0.9886266 0.1503818 -0.001674371 -0.9896233 0.1436756 -0.001739139 -0.9873192 0.1585669 0.00757245 -0.9922621 0.1241522 -0.001501357 -0.6532261 0.7159264 0.2464652 -0.6892145 0.6743996 0.2648935 -0.4967106 0.834539 0.2383763 -0.5299032 0.8188095 0.220802 -0.6634131 0.6124845 0.4298207 -0.7665382 0.593525 0.2452492 -0.5932516 0.6598462 0.4611459 -0.7627222 0.5679275 0.3093756 -0.6922663 0.5314334 0.4882068 -0.4830133 0.6039154 0.6340224 -0.618992 0.4870229 0.6161636 -0.4888549 0.513149 0.7054779 -0.3494942 0.4567552 0.8180639 -0.5100254 0.4151286 0.7533541 -0.2207427 0.3682822 0.9031284 -0.2559013 0.3471222 0.902231 -0.2504836 0.2637964 0.9314877 -0.1278658 0.1814171 0.975058 -0.06981584 0.2917711 0.9539368 -0.1334899 0.2118436 0.968144 -0.131882 0.1558102 0.9789435 -0.1166954 0.4286349 0.8959098 -0.1385541 0.4869071 0.8623945 -0.1585303 0.6056028 0.7798162 -0.05782421 0.4831748 0.8736123 -0.237184 0.5842431 0.7761468 -0.07070656 0.5930875 0.8020273 -0.292011 0.7736247 0.5623472 -0.3560439 0.6977852 0.6215534 -0.4523499 0.7848086 0.4236213 -0.09900334 0.7083919 0.6988414 -0.05292786 0.5987253 0.7992038 -0.03662883 0.6609121 0.7495689 -0.3974799 0.8694828 0.2932737 -0.438143 0.8933732 0.099574 -0.3488994 0.919084 0.1831772 -0.1843181 0.8523054 0.4894919 -0.2617621 0.9335396 0.2449173 -0.3183942 0.9444844 0.08108234 -0.2364113 0.961881 0.1374575 -0.06039419 0.77273 0.6318551 -0.04180036 0.6865677 0.7258633 -0.02206578 0.7140401 0.699757 -0.1104109 0.892894 0.4365201 -0.1640372 0.9643705 0.2075604 -0.2046179 0.977087 0.05858771 -0.1394438 0.9825441 0.1231358 -0.03205643 0.8103743 0.585035 -0.02565933 0.7386219 0.6736315 -0.01393955 0.7494459 0.6619188 -0.008792939 0.7857569 0.6184729 -0.0555827 0.9141244 0.4016057 -0.007111297 0.8351639 0.5499552 -0.002529544 0.7740531 0.6331157 0.000102732 0.7829998 0.6220219 -0.08720103 0.9781011 0.1889821 -0.1139569 0.9921772 0.05097251 -0.05186458 0.985758 0.1599727 -0.003625202 0.9232491 0.3841847 -0.017887 0.9817183 0.1894971 -0.01523765 0.9452478 0.3259975 0.002130278 0.9800009 0.1989818 0.003057134 0.9416542 0.336568 0.005224745 0.9803154 0.1973688 0.005220933 0.9802948 0.1974709 0.001686967 0.8350056 0.5502389 0.001325139 0.7786882 0.6274097 -0.001110206 0.6643621 0.74741 -0.002976577 0.924257 0.3817593 -0.009688559 0.9809396 0.1940713 -0.03485283 0.9852131 0.1677512 0.000221124 0.8304764 0.5570538 -0.01102336 0.8397595 0.5428466 -0.03905606 0.9274559 0.3718873 -0.05742537 0.976923 0.2057276 -0.02646946 0.849893 0.5262901 -0.08549391 0.9805795 0.1765068 -0.02630705 0.857447 0.5138993 -0.06872478 0.935442 0.346735 -0.1033221 0.9772475 0.1852348 -0.0431332 0.8664796 0.4973456 -0.1343617 0.9787548 0.1548742 -0.03932532 0.8778062 0.477399 -0.1031524 0.9445693 0.3116865 -0.1480865 0.9749139 0.1661726 -0.06345516 0.8913974 0.4487584 -0.05827054 0.8945829 0.4430869 -0.1914563 0.9730021 0.1288852 -0.06781799 0.9219934 0.3812203 -0.1315696 0.9590342 0.250884 -0.1997689 0.9713368 0.1288298 -0.06925768 0.9249065 0.3738334 -0.1105656 0.9657393 0.2347826 -0.1785983 0.9733775 0.1436626 -0.1488735 0.9697459 0.1934673 -0.1584213 0.9659403 0.2046022 0.00012774 0.4389555 0.8985088 0.01029207 0.5975806 0.8017428 0.01898254 0.6245892 0.7807228 0.01820524 0.4041358 0.9145178 -0.001948305 0.5735196 0.8191895 0.007961464 0.5410271 0.8409675 0.03501861 0.4696656 0.8821496 0.07919915 0.3692741 0.9259396 0.1204156 0.3000849 0.9462817 0.1753505 0.165921 0.9704239 -0.004334253 0.2031865 0.9791305 0.008515468 0.3037482 0.9527143 -0.007480994 0.1193376 0.9928256 0.0007915411 0.1091366 0.9940264 0.002215042 0.08148671 0.996672 0.007559978 0.07875027 0.9968657 0.01049119 0.07722287 0.9969587 0.02173018 0.7063759 0.7075033 3.971407e-05 0.7425163 0.669828 0.003000379 0.7712814 0.6364872 0.01632523 0.8022551 0.5967581 0.06212739 0.8281903 0.5569928 0.08898568 0.8348612 0.5432204 -1.456979e-07 -0.5735763 0.8191521 -5.007984e-08 -0.5735765 0.819152 -5.626549e-08 -0.5735765 0.819152 -1.11732e-07 -0.6158347 0.7878754 -1.339245e-06 -0.5735769 0.8191517 1.591011e-06 -0.5735759 0.8191524 1.519685e-06 -0.5735756 0.8191526 -7.734533e-07 -0.5735764 0.8191521 -7.475032e-08 -0.5735759 0.8191524 -4.988557e-08 -0.5735762 0.8191522 -3.397324e-08 -0.6566128 0.7542278 -4.442734e-08 -0.8586629 0.5125407 -4.442734e-08 -0.8586629 0.5125407 -5.13903e-08 -0.9932383 0.116093 -7.765038e-08 -0.9932377 0.1160985 -7.243078e-08 -0.953716 -0.3007087 -7.575167e-08 -0.9537163 -0.300708 -6.159056e-08 -0.7470273 -0.6647934 -3.865113e-08 -0.7470241 -0.664797 -2.118184e-08 -0.4093889 -0.91236 -2.670347e-08 -0.4093899 -0.9123595 -5.461574e-09 -0.1052461 -0.9944462 -1.115398e-08 -0.1052473 -0.9944461 -4.502031e-10 2.90518e-08 -1 -1.15668e-09 4.16404e-08 -1 0 0 -1 0.3835675 0.2666846 0.8841693 0.3835624 0.2666808 0.8841727 0.3835625 0.2666852 0.8841713 0.3855207 0.3908212 0.8358425 0.4067547 0.3113658 0.8588376 0.3644669 0.5091557 0.779695 0.3294773 0.5488124 0.7682771 0.3442518 0.5677005 0.7478013 0.3697998 0.5463397 0.7515059 0.3912211 0.5557547 0.7335413 0.4134433 0.6566748 0.6307479 0.422541 0.6780913 0.6013745 0.4069206 0.7679942 0.4945711 0.4067823 0.7693099 0.4926362 0.4154967 0.7634311 0.4945052 0.4189098 0.7610962 0.4952244 0.3503039 0.9172234 -0.1897064 0.4207647 0.8623053 -0.2817562 0.356875 0.9129107 -0.1980766 0.3246826 0.9369723 -0.1290893 0.3288797 0.9368989 -0.1185694 0.3471248 0.9366177 -0.0474521 0.3504884 0.9363587 -0.01975588 -0.7847299 0.3624771 0.5028015 -0.8381552 0.4288594 0.3370095 -0.7151139 0.2949977 0.6337101 -0.8114583 0.3323363 0.4807161 -0.7179407 0.3401184 0.6073555 -0.7525869 0.3075827 0.582242 -0.8111377 0.218893 0.5423482 -0.5820339 0.3019589 0.7550214 -0.725264 0.1621928 0.6690932 -0.8241465 0.1662625 0.5414234 -0.5465107 0.2195365 0.8081645 -0.3200405 0.1675305 0.9324739 -0.6417036 0.08280841 0.7624692 -0.2798829 0.1123744 0.9534346 -0.1687222 0.09477438 0.9810967 -0.09223921 0.04750403 0.9946031 -0.5975614 0.07135377 0.798642 -0.6311758 0.03431416 0.7748804 -0.5252129 0.1092556 0.8439281 -0.4180977 0.02048224 0.9081711 -0.1204789 0.04825092 0.9915426 -0.01138616 0.004658101 0.9999243 -0.00218769 0.0009189017 0.9999972 -0.07117126 0.02110664 0.9972408 6.658008e-09 -4.082997e-08 1 -0.2698646 0.05711953 0.9612026 -0.1261017 0.01735306 0.9918655 -0.1078415 0.003717469 0.9941612 3.784453e-09 -4.926596e-08 1 -0.05634276 0.001306955 0.9984106 -0.210349 0.01316675 0.9775377 -0.2271352 0.001068997 0.9738627 -0.5050356 -4.500276e-08 0.8630985 -0.7525535 -4.037854e-08 0.6585311 -0.8174963 0.0002658958 0.5759337 -0.8008725 -3.979939e-08 0.5988349 -0.7957783 -0.00475352 0.6055694 -0.851292 0.002123137 0.5246879 -0.8752235 -0.004114486 0.4837012 -0.8583733 0.000883345 0.5130249 -0.8960386 -0.00597903 0.4439359 -0.9080745 -0.01769585 0.4184346 -0.75748 0.6449137 -0.1015399 -0.7194626 0.693409 -0.03946612 -0.7807592 0.6221562 -0.05776403 -0.8268989 0.5550367 -0.09040218 -0.8317215 0.5430883 -0.1153019 -0.8365251 0.5402024 -0.09169021 -0.884147 0.4303391 -0.181913 -0.8514919 0.5167121 -0.08927615 -0.8602361 0.4984512 -0.1074255 -0.8932063 0.3756338 -0.2471471 -0.9225558 0.3743988 -0.09336185 -0.9311565 0.3101308 -0.1917459 -0.9052123 0.3570144 -0.2305027 -0.9421925 0.3265792 -0.07496168 -0.9049687 0.271287 -0.3277727 -0.9552509 0.2703772 -0.1199658 -0.9040047 0.2116881 -0.3714345 -0.8855711 0.2264084 -0.4055897 -0.8682478 0.1405715 -0.4757997 -0.8625542 0.1473741 -0.484026 -0.9664273 0.2081838 -0.1505912 -0.969182 0.2432867 -0.03870273 -0.9792634 0.1422858 -0.1442148 -0.9831602 0.1480783 -0.1070928 -0.9403487 0.1393831 -0.3103493 -0.8610658 0.09966028 -0.4986317 -0.84237 0.113287 -0.5268575 -0.7090389 0.04018051 -0.7040237 -0.966786 0.1004613 -0.2350157 -0.9869635 0.1110599 -0.1164848 -0.9887477 0.1047275 -0.1068184 -0.9902155 0.09698864 -0.1003315 -0.9784734 0.07874922 -0.1907572 -0.9532644 0.04003598 -0.2994731 -0.9331919 0.05654261 -0.3549025 -0.9258248 0.07937904 -0.3695231 -0.9125904 0.05257521 -0.4054807 -0.8921514 0.06685413 -0.4467621 -0.8426503 0.02877015 -0.5376921 -0.8041643 0.01325098 -0.5942593 -0.7974287 0.04747902 -0.6015423 -0.7070905 -0.001169766 -0.707122 -0.7981353 -0.01454109 -0.6023028 -0.6256445 0.03726667 -0.7792176 -0.6154507 0.0106068 -0.788104 -0.6154417 0.01060664 -0.7881111 -0.7830791 -0.004025381 -0.6219091 -0.6134418 0.07287221 -0.7863707 -0.6322016 0.06919621 -0.7717079 -0.6971961 0.07698673 -0.7127346 -0.8593293 0.04482428 -0.5094545 -0.8317193 0.0004533469 -0.5551962 -0.8776678 -0.006670004 -0.4792231 -0.8936615 -0.02055633 -0.4482705 -0.778153 -0.006132106 -0.6280448 -0.8236548 0.06372722 -0.5634994 -0.7454747 0.006742496 -0.6664998 -0.7417806 0.006059487 -0.6706153 -0.7589681 0.005125423 -0.6511077 -0.7970857 0.001177591 -0.6038651 -0.8340981 6.24304e-05 -0.5516162 -0.8420263 2.199338e-06 -0.5394364 -0.8424937 6.01222e-08 -0.5387063 -0.695657 0.1379395 -0.7050064 -0.8038716 0.156791 -0.5737656 -0.5338976 0.1095076 -0.8384279 -0.7767914 0.2043655 -0.595676 -0.5056213 0.1106104 -0.8556357 -0.396704 0.08769222 -0.9137483 -0.4602191 0.1477597 -0.875423 -0.7397027 0.2931718 -0.6057147 -0.8407165 0.275271 -0.466285 -0.7937362 0.3603696 -0.4900169 -0.7983476 0.4452885 -0.4054125 -0.5366258 0.2294368 -0.8120292 -0.4140416 0.1632886 -0.8954923 -0.7268684 0.4829121 -0.4883218 -0.7748521 0.5612711 -0.2908245 -0.7278349 0.6316971 -0.2668615 -0.5594998 0.3891606 -0.7317882 -0.325712 0.1656028 -0.930853 -0.4431148 0.1744573 -0.8793258 -0.2330548 0.1258126 -0.9642907 -0.3175021 0.1932144 -0.9283645 -0.2396299 0.2462535 -0.9391149 -0.2590825 0.1768019 -0.9495353 -0.186647 0.1628078 -0.9688429 -0.1389495 0.1652725 -0.9764108 -0.07353344 0.1928209 -0.9784748 -0.07474797 0.1877248 -0.9793733 -0.1049049 0.1653885 -0.9806333 -0.1973708 0.3163889 -0.9278701 -0.2136904 0.3348331 -0.9177272 -0.3898287 0.3200786 -0.8634717 -0.4056527 0.4499098 -0.79563 -0.4763474 0.5573179 -0.6800661 -0.4527391 0.5094875 -0.7317444 -0.4805663 0.607791 -0.6321757 -0.6541601 0.6320767 -0.4153957 -0.5903222 0.6595271 -0.4653425 -1 0 0 -1 0 0 -1 0 0 -1 -6.688455e-09 -2.670421e-08 -1 5.984712e-08 -1.058122e-07 -1 1.713169e-09 -5.997333e-08 -1 -2.683588e-08 -3.052119e-08 -1 -2.71074e-08 -1.488556e-08 -1 -4.139567e-08 -8.85533e-09 -1 -3.656039e-09 -7.725098e-08 -1 -7.662493e-08 4.021477e-09 1 4.169254e-09 4.175573e-08 1 -3.775929e-15 4.15769e-08 1 -2.734422e-15 4.15769e-08 1 5.419709e-09 4.241795e-08 1 1.331325e-08 4.19204e-08 1 2.115996e-08 4.165911e-08 1 -2.404753e-09 4.175137e-08 1 -5.013731e-09 2.825724e-08 1 -4.469822e-08 2.2874e-08 1 -9.489327e-08 -4.980247e-09 1 0 0 1 0 0 1 0 0 1 0 0 1 0 0 1 0 0 -0.1302446 -0.9622904 0.2388168 -0.132022 -0.9619839 0.2390755 -0.0306847 -0.98768 0.1534492 -0.122229 -0.9635977 0.2377803 -0.127274 -0.9628397 0.2382037 -0.0191853 -0.9815571 0.1902042 0.01713145 -0.9897753 0.1416032 -0.07493718 -0.9933178 0.08777364 -0.1256122 -0.9903714 0.05818997 -0.034446 -0.9990692 -0.02596401 0.0009737767 -0.9999703 0.007640302 -4.591624e-06 -0.9996354 -0.02700222 -0.1222889 -0.986363 -0.1101522 -0.03138044 -0.9782322 -0.205127 -0.07683455 -0.9873783 -0.1384939 0.01545039 -0.9813809 -0.1914491 -0.01415823 -0.9713799 -0.2371089 -0.1089164 -0.9524019 -0.2847241 -0.1105064 -0.9517975 -0.2861291 -0.1247806 -0.9493154 -0.2884962 -0.1445793 -0.9463865 -0.288876 -0.1474844 -0.9459477 -0.2888446</float_array>
          <technique_common>
            <accessor count="2191" source="#normals-array-array" stride="3">
              <param type="float" name="X"/>
              <param type="float" name="Y"/>
              <param type="float" name="Z"/>
            </accessor>
          </technique_common>
        </source>
        <source id="texcoords-array">
          <float_array count="4382" id="texcoords-array-array">0.5489583 0.3794643 0.5489583 0.3794643 0.5489583 0.3794643 0.5489583 0.3794643 0.5489583 0.3794643 0.5489583 0.3794643 0.5489583 0.3794643 0.5489583 0.3794643 0.5489583 0.3794643 0.5489583 0.3794643 0.5489583 0.3794643 0.5489583 0.3794643 0.5489583 0.3794643 0.5489583 0.3794643 0.5489583 0.3794643 0.5489583 0.3794643 0.5489583 0.3794643 0.5489583 0.3794643 0.5489583 0.3794643 0.5489583 0.3794643 0.5489583 0.3794643 0.5489583 0.3794643 0.5489583 0.3794643 0.5489583 0.3794643 0.5489583 0.3794643 0.5489583 0.3794643 0.5489583 0.3794643 0.5489583 0.3794643 0.5489583 0.3794643 0.5489583 0.3794643 0.5489583 0.3794643 0.5489583 0.3794643 0.5489583 0.3794643 0.5489583 0.3794643 0.5489583 0.3794643 0.5489583 0.3794643 0.5489583 0.3794643 0.5489583 0.3794643 0.5489583 0.3794643 0.5489583 0.3794643 0.5489583 0.3794643 0.5489583 0.3794643 0.5489583 0.3794643 0.5489583 0.3794643 0.5489583 0.3794643 0.5489583 0.3794643 0.5489583 0.3794643 0.5489583 0.3794643 0.5489583 0.3794643 0.5489583 0.3794643 0.5489583 0.3794643 0.5489583 0.3794643 0.5489583 0.3794643 0.5489583 0.3794643 0.5489583 0.3794643 0.5489583 0.3794643 0.5489583 0.3794643 0.5489583 0.3794643 0.5489583 0.3794643 0.5489583 0.3794643 0.5489583 0.3794643 0.5489583 0.3794643 0.5489583 0.3794643 0.5489583 0.3794643 0.5489583 0.3794643 0.5489583 0.3794643 0.5489583 0.3794643 0.5489583 0.3794643 0.5489583 0.3794643 0.5489583 0.3794643 0.5489583 0.3794643 0.5489583 0.3794643 0.5489583 0.3794643 0.5489583 0.3794643 0.5489583 0.3794643 0.5489583 0.3794643 0.5489583 0.3794643 0.5489583 0.3794643 0.5489583 0.3794643 0.5489583 0.3794643 0.5489583 0.3794643 0.5489583 0.3794643 0.5489583 0.3794643 0.5489583 0.3794643 0.5489583 0.3794643 0.5489583 0.3794643 0.5489583 0.3794643 0.5489583 0.3794643 0.5489583 0.3794643 0.5489583 0.3794643 0.5489583 0.3794643 0.5489583 0.3794643 0.5489583 0.3794643 0.5489583 0.3794643 0.5489583 0.3794643 0.5489583 0.3794643 0.5489583 0.3794643 0.5489583 0.3794643 0.5489583 0.3794643 0.5489583 0.3794643 0.5489583 0.3794643 0.5489583 0.3794643 0.5489583 0.3794643 0.5489583 0.3794643 0.5489583 0.3794643 0.5489583 0.3794643 0.5489583 0.3794643 0.5489583 0.3794643 0.5489583 0.3794643 0.5489583 0.3794643 0.5489583 0.3794643 0.5489583 0.3794643 0.5489583 0.3794643 0.5489583 0.3794643 0.5489583 0.3794643 0.5489583 0.3794643 0.5489583 0.3794643 0.5489583 0.3794643 0.5489583 0.3794643 0.5489583 0.3794643 0.5489583 0.3794643 0.5489583 0.3794643 0.5489583 0.3794643 0.5489583 0.3794643 0.5489583 0.3794643 0.5489583 0.3794643 0.5489583 0.3794643 0.5489583 0.3794643 0.5489583 0.3794643 0.5489583 0.3794643 0.5489583 0.3794643 0.5489583 0.3794643 0.5489583 0.3794643 0.5489583 0.3794643 0.5489583 0.3794643 0.5489583 0.3794643 0.5489583 0.3794643 0.5489583 0.3794643 0.5489583 0.3794643 0.5489583 0.3794643 0.5489583 0.3794643 0.5489583 0.3794643 0.5489583 0.3794643 0.5489583 0.3794643 0.5489583 0.3794643 0.5489583 0.3794643 0.5489583 0.3794643 0.5489583 0.3794643 0.5489583 0.3794643 0.5489583 0.3794643 0.5489583 0.3794643 0.5489583 0.3794643 0.5489583 0.3794643 0.5489583 0.3794643 0.5489583 0.3794643 0.5489583 0.3794643 0.5489583 0.3794643 0.5489583 0.3794643 0.5489583 0.3794643 0.5489583 0.3794643 0.5489583 0.3794643 0.5489583 0.3794643 0.5489583 0.3794643 0.5489583 0.3794643 0.5489583 0.3794643 0.5489583 0.3794643 0.5489583 0.3794643 0.5489583 0.3794643 0.5489583 0.3794643 0.5489583 0.3794643 0.5489583 0.3794643 0.5489583 0.3794643 0.5489583 0.3794643 0.5489583 0.3794643 0.5489583 0.3794643 0.5489583 0.3794643 0.5489583 0.3794643 0.5489583 0.3794643 0.5489583 0.3794643 0.5489583 0.3794643 0.5489583 0.3794643 0.5489583 0.3794643 0.5489583 0.3794643 0.5489583 0.3794643 0.5489583 0.3794643 0.5489583 0.3794643 0.5489583 0.3794643 0.5489583 0.3794643 0.5489583 0.3794643 0.5489583 0.3794643 0.5489583 0.3794643 0.5489583 0.3794643 0.5489583 0.3794643 0.5489583 0.3794643 0.5489583 0.3794643 0.5489583 0.3794643 0.5489583 0.3794643 0.5489583 0.3794643 0.5489583 0.3794643 0.5489583 0.3794643 0.5489583 0.3794643 0.5489583 0.3794643 0.5489583 0.3794643 0.5489583 0.3794643 0.5489583 0.3794643 0.5489583 0.3794643 0.5489583 0.3794643 0.5489583 0.3794643 0.5489583 0.3794643 0.5489583 0.3794643 0.5489583 0.3794643 0.5489583 0.3794643 0.5489583 0.3794643 0.5489583 0.3794643 0.5489583 0.3794643 0.5489583 0.3794643 0.5489583 0.3794643 0.5489583 0.3794643 0.5489583 0.3794643 0.5489583 0.3794643 0.5489583 0.3794643 0.5489583 0.3794643 0.5489583 0.3794643 0.5489583 0.3794643 0.5489583 0.3794643 0.5489583 0.3794643 0.5489583 0.3794643 0.5489583 0.3794643 0.5489583 0.3794643 0.5489583 0.3794643 0.5489583 0.3794643 0.5489583 0.3794643 0.5489583 0.3794643 0.5489583 0.3794643 0.5489583 0.3794643 0.5489583 0.3794643 0.5489583 0.3794643 0.5489583 0.3794643 0.5489583 0.3794643 0.5489583 0.3794643 0.5489583 0.3794643 0.5489583 0.3794643 0.5489583 0.3794643 0.5489583 0.3794643 0.5489583 0.3794643 0.5489583 0.3794643 0.5489583 0.3794643 0.5489583 0.3794643 0.5489583 0.3794643 0.5489583 0.3794643 0.5489583 0.3794643 0.5489583 0.3794643 0.5489583 0.3794643 0.5489583 0.3794643 0.5489583 0.3794643 0.5489583 0.3794643 0.5489583 0.3794643 0.5489583 0.3794643 0.5489583 0.3794643 0.5489583 0.3794643 0.5489583 0.3794643 0.5489583 0.3794643 0.5489583 0.3794643 0.5489583 0.3794643 0.5489583 0.3794643 0.5489583 0.3794643 0.5489583 0.3794643 0.5489583 0.3794643 0.5489583 0.3794643 0.5489583 0.3794643 0.5489583 0.3794643 0.5489583 0.3794643 0.5489583 0.3794643 0.5489583 0.3794643 0.5489583 0.3794643 0.5489583 0.3794643 0.5489583 0.3794643 0.5489583 0.3794643 0.5489583 0.3794643 0.5489583 0.3794643 0.5489583 0.3794643 0.5489583 0.3794643 0.5489583 0.3794643 0.5489583 0.3794643 0.5489583 0.3794643 0.5489583 0.3794643 0.5489583 0.3794643 0.5489583 0.3794643 0.5489583 0.3794643 0.5489583 0.3794643 0.5489583 0.3794643 0.5489583 0.3794643 0.5489583 0.3794643 0.5489583 0.3794643 0.5489583 0.3794643 0.5489583 0.3794643 0.5489583 0.3794643 0.5489583 0.3794643 0.5489583 0.3794643 0.5489583 0.3794643 0.5489583 0.3794643 0.5489583 0.3794643 0.5489583 0.3794643 0.5489583 0.3794643 0.5489583 0.3794643 0.5489583 0.3794643 0.5489583 0.3794643 0.5489583 0.3794643 0.5489583 0.3794643 0.5489583 0.3794643 0.5489583 0.3794643 0.5489583 0.3794643 0.5489583 0.3794643 0.5489583 0.3794643 0.5489583 0.3794643 0.5489583 0.3794643 0.5489583 0.3794643 0.5489583 0.3794643 0.5489583 0.3794643 0.5489583 0.3794643 0.5489583 0.3794643 0.5489583 0.3794643 0.5489583 0.3794643 0.5489583 0.3794643 0.5489583 0.3794643 0.5489583 0.3794643 0.5489583 0.3794643 0.5489583 0.3794643 0.5489583 0.3794643 0.5489583 0.3794643 0.5489583 0.3794643 0.5489583 0.3794643 0.5489583 0.3794643 0.5489583 0.3794643 0.5489583 0.3794643 0.5489583 0.3794643 0.5489583 0.3794643 0.5489583 0.3794643 0.5489583 0.3794643 0.5489583 0.3794643 0.5489583 0.3794643 0.5489583 0.3794643 0.5489583 0.3794643 0.5489583 0.3794643 0.5489583 0.3794643 0.5489583 0.3794643 0.5489583 0.3794643 0.5489583 0.3794643 0.5489583 0.3794643 0.5489583 0.3794643 0.5489583 0.3794643 0.5489583 0.3794643 0.5489583 0.3794643 0.5489583 0.3794643 0.5489583 0.3794643 0.5489583 0.3794643 0.5489583 0.3794643 0.5489583 0.3794643 0.5489583 0.3794643 0.5489583 0.3794643 0.5489583 0.3794643 0.5489583 0.3794643 0.5489583 0.3794643 0.5489583 0.3794643 0.5489583 0.3794643 0.5489583 0.3794643 0.5489583 0.3794643 0.5489583 0.3794643 0.5489583 0.3794643 0.5489583 0.3794643 0.5489583 0.3794643 0.5489583 0.3794643 0.5489583 0.3794643 0.5489583 0.3794643 0.5489583 0.3794643 0.5489583 0.3794643 0.5489583 0.3794643 0.5489583 0.3794643 0.5489583 0.3794643 0.5489583 0.3794643 0.5489583 0.3794643 0.5489583 0.3794643 0.5489583 0.3794643 0.5489583 0.3794643 0.5489583 0.3794643 0.5489583 0.3794643 0.5489583 0.3794643 0.5489583 0.3794643 0.5489583 0.3794643 0.5489583 0.3794643 0.5489583 0.3794643 0.5489583 0.3794643 0.5489583 0.3794643 0.5489583 0.3794643 0.5489583 0.3794643 0.5489583 0.3794643 0.5489583 0.3794643 0.5489583 0.3794643 0.5489583 0.3794643 0.5489583 0.3794643 0.5489583 0.3794643 0.5489583 0.3794643 0.5489583 0.3794643 0.5489583 0.3794643 0.5489583 0.3794643 0.5489583 0.3794643 0.5489583 0.3794643 0.5489583 0.3794643 0.5489583 0.3794643 0.5489583 0.3794643 0.5489583 0.3794643 0.5489583 0.3794643 0.5489583 0.3794643 0.5489583 0.3794643 0.5489583 0.3794643 0.5489583 0.3794643 0.5489583 0.3794643 0.5489583 0.3794643 0.5489583 0.3794643 0.5489583 0.3794643 0.5489583 0.3794643 0.5489583 0.3794643 0.5489583 0.3794643 0.5489583 0.3794643 0.5489583 0.3794643 0.5489583 0.3794643 0.5489583 0.3794643 0.5489583 0.3794643 0.5489583 0.3794643 0.5489583 0.3794643 0.5489583 0.3794643 0.5489583 0.3794643 0.5489583 0.3794643 0.5489583 0.3794643 0.5489583 0.3794643 0.5489583 0.3794643 0.5489583 0.3794643 0.5489583 0.3794643 0.5489583 0.3794643 0.5489583 0.3794643 0.5489583 0.3794643 0.5489583 0.3794643 0.5489583 0.3794643 0.5489583 0.3794643 0.5489583 0.3794643 0.5489583 0.3794643 0.5489583 0.3794643 0.5489583 0.3794643 0.5489583 0.3794643 0.5489583 0.3794643 0.5489583 0.3794643 0.5489583 0.3794643 0.5489583 0.3794643 0.5489583 0.3794643 0.5489583 0.3794643 0.5489583 0.3794643 0.5489583 0.3794643 0.5489583 0.3794643 0.5489583 0.3794643 0.5489583 0.3794643 0.5489583 0.3794643 0.5489583 0.3794643 0.5489583 0.3794643 0.5489583 0.3794643 0.5489583 0.3794643 0.5489583 0.3794643 0.5489583 0.3794643 0.5489583 0.3794643 0.5489583 0.3794643 0.5489583 0.3794643 0.5489583 0.3794643 0.5489583 0.3794643 0.5489583 0.3794643 0.5489583 0.3794643 0.5489583 0.3794643 0.5489583 0.3794643 0.5489583 0.3794643 0.5489583 0.3794643 0.5489583 0.3794643 0.5489583 0.3794643 0.5489583 0.3794643 0.5489583 0.3794643 0.5489583 0.3794643 0.5489583 0.3794643 0.5489583 0.3794643 0.5489583 0.3794643 0.5489583 0.3794643 0.5489583 0.3794643 0.5489583 0.3794643 0.5489583 0.3794643 0.5489583 0.3794643 0.5489583 0.3794643 0.5489583 0.3794643 0.5489583 0.3794643 0.5489583 0.3794643 0.5489583 0.3794643 0.5489583 0.3794643 0.5489583 0.3794643 0.5489583 0.3794643 0.5489583 0.3794643 0.5489583 0.3794643 0.5489583 0.3794643 0.5489583 0.3794643 0.5489583 0.3794643 0.5489583 0.3794643 0.5489583 0.3794643 0.5489583 0.3794643 0.5489583 0.3794643 0.5489583 0.3794643 0.5489583 0.3794643 0.5489583 0.3794643 0.5489583 0.3794643 0.5489583 0.3794643 0.5489583 0.3794643 0.5489583 0.3794643 0.5489583 0.3794643 0.5489583 0.3794643 0.5489583 0.3794643 0.5489583 0.3794643 0.5489583 0.3794643 0.5489583 0.3794643 0.5489583 0.3794643 0.5489583 0.3794643 0.5489583 0.3794643 0.5489583 0.3794643 0.5489583 0.3794643 0.5489583 0.3794643 0.5489583 0.3794643 0.5489583 0.3794643 0.5489583 0.3794643 0.5489583 0.3794643 0.5489583 0.3794643 0.5489583 0.3794643 0.5489583 0.3794643 0.5489583 0.3794643 0.5489583 0.3794643 0.5489583 0.3794643 0.5489583 0.3794643 0.5489583 0.3794643 0.5489583 0.3794643 0.5489583 0.3794643 0.5489583 0.3794643 0.5489583 0.3794643 0.5489583 0.3794643 0.5489583 0.3794643 0.5489583 0.3794643 0.5489583 0.3794643 0.5489583 0.3794643 0.5489583 0.3794643 0.5489583 0.3794643 0.5489583 0.3794643 0.5489583 0.3794643 0.5489583 0.3794643 0.5489583 0.3794643 0.5489583 0.3794643 0.5489583 0.3794643 0.5489583 0.3794643 0.5489583 0.3794643 0.5489583 0.3794643 0.5489583 0.3794643 0.5489583 0.3794643 0.5489583 0.3794643 0.5489583 0.3794643 0.5489583 0.3794643 0.5489583 0.3794643 0.5489583 0.3794643 0.5489583 0.3794643 0.5489583 0.3794643 0.5489583 0.3794643 0.5489583 0.3794643 0.5489583 0.3794643 0.5489583 0.3794643 0.5489583 0.3794643 0.5489583 0.3794643 0.5489583 0.3794643 0.5489583 0.3794643 0.5489583 0.3794643 0.5489583 0.3794643 0.5489583 0.3794643 0.5489583 0.3794643 0.5489583 0.3794643 0.5489583 0.3794643 0.5489583 0.3794643 0.5489583 0.3794643 0.5489583 0.3794643 0.5489583 0.3794643 0.5489583 0.3794643 0.5489583 0.3794643 0.5489583 0.3794643 0.5489583 0.3794643 0.5489583 0.3794643 0.5489583 0.3794643 0.5489583 0.3794643 0.5489583 0.3794643 0.5489583 0.3794643 0.5489583 0.3794643 0.5489583 0.3794643 0.5489583 0.3794643 0.5489583 0.3794643 0.5489583 0.3794643 0.5489583 0.3794643 0.5489583 0.3794643 0.5489583 0.3794643 0.5489583 0.3794643 0.5489583 0.3794643 0.5489583 0.3794643 0.5489583 0.3794643 0.5489583 0.3794643 0.5489583 0.3794643 0.5489583 0.3794643 0.5489583 0.3794643 0.5489583 0.3794643 0.5489583 0.3794643 0.5489583 0.3794643 0.5489583 0.3794643 0.5489583 0.3794643 0.5489583 0.3794643 0.5489583 0.3794643 0.5489583 0.3794643 0.5489583 0.3794643 0.5489583 0.3794643 0.5489583 0.3794643 0.5489583 0.3794643 0.5489583 0.3794643 0.5489583 0.3794643 0.5489583 0.3794643 0.5489583 0.3794643 0.5489583 0.3794643 0.5489583 0.3794643 0.5489583 0.3794643 0.5489583 0.3794643 0.5489583 0.3794643 0.5489583 0.3794643 0.5489583 0.3794643 0.5489583 0.3794643 0.5489583 0.3794643 0.5489583 0.3794643 0.5489583 0.3794643 0.5489583 0.3794643 0.5489583 0.3794643 0.5489583 0.3794643 0.5489583 0.3794643 0.5489583 0.3794643 0.5489583 0.3794643 0.5489583 0.3794643 0.5489583 0.3794643 0.5489583 0.3794643 0.5489583 0.3794643 0.5489583 0.3794643 0.5489583 0.3794643 0.5489583 0.3794643 0.5489583 0.3794643 0.5489583 0.3794643 0.5489583 0.3794643 0.5489583 0.3794643 0.5489583 0.3794643 0.5489583 0.3794643 0.5489583 0.3794643 0.5489583 0.3794643 0.5489583 0.3794643 0.5489583 0.3794643 0.5489583 0.3794643 0.5489583 0.3794643 0.5489583 0.3794643 0.5489583 0.3794643 0.5489583 0.3794643 0.5489583 0.3794643 0.5489583 0.3794643 0.5489583 0.3794643 0.5489583 0.3794643 0.5489583 0.3794643 0.5489583 0.3794643 0.5489583 0.3794643 0.5489583 0.3794643 0.5489583 0.3794643 0.5489583 0.3794643 0.5489583 0.3794643 0.5489583 0.3794643 0.5489583 0.3794643 0.5489583 0.3794643 0.5489583 0.3794643 0.5489583 0.3794643 0.5489583 0.3794643 0.5489583 0.3794643 0.5489583 0.3794643 0.5489583 0.3794643 0.5489583 0.3794643 0.5489583 0.3794643 0.5489583 0.3794643 0.5489583 0.3794643 0.5489583 0.3794643 0.5489583 0.3794643 0.5489583 0.3794643 0.5489583 0.3794643 0.5489583 0.3794643 0.5489583 0.3794643 0.5489583 0.3794643 0.5489583 0.3794643 0.5489583 0.3794643 0.5489583 0.3794643 0.5489583 0.3794643 0.5489583 0.3794643 0.5489583 0.3794643 0.5489583 0.3794643 0.5489583 0.3794643 0.5489583 0.3794643 0.5489583 0.3794643 0.5489583 0.3794643 0.5489583 0.3794643 0.5489583 0.3794643 0.5489583 0.3794643 0.5489583 0.3794643 0.5489583 0.3794643 0.5489583 0.3794643 0.5489583 0.3794643 0.5489583 0.3794643 0.5489583 0.3794643 0.5489583 0.3794643 0.5489583 0.3794643 0.5489583 0.3794643 0.5489583 0.3794643 0.5489583 0.3794643 0.5489583 0.3794643 0.5489583 0.3794643 0.5489583 0.3794643 0.5489583 0.3794643 0.5489583 0.3794643 0.5489583 0.3794643 0.5489583 0.3794643 0.5489583 0.3794643 0.5489583 0.3794643 0.5489583 0.3794643 0.5489583 0.3794643 0.5489583 0.3794643 0.5489583 0.3794643 0.5489583 0.3794643 0.5489583 0.3794643 0.5489583 0.3794643 0.5489583 0.3794643 0.5489583 0.3794643 0.5489583 0.3794643 0.5489583 0.3794643 0.5489583 0.3794643 0.5489583 0.3794643 0.5489583 0.3794643 0.5489583 0.3794643 0.5489583 0.3794643 0.5489583 0.3794643 0.5489583 0.3794643 0.5489583 0.3794643 0.5489583 0.3794643 0.5489583 0.3794643 0.5489583 0.3794643 0.5489583 0.3794643 0.5489583 0.3794643 0.5489583 0.3794643 0.5489583 0.3794643 0.5489583 0.3794643 0.5489583 0.3794643 0.5489583 0.3794643 0.5489583 0.3794643 0.5489583 0.3794643 0.5489583 0.3794643 0.5489583 0.3794643 0.5489583 0.3794643 0.5489583 0.3794643 0.5489583 0.3794643 0.5489583 0.3794643 0.5489583 0.3794643 0.5489583 0.3794643 0.5489583 0.3794643 0.5489583 0.3794643 0.5489583 0.3794643 0.5489583 0.3794643 0.5489583 0.3794643 0.5489583 0.3794643 0.5489583 0.3794643 0.5489583 0.3794643 0.5489583 0.3794643 0.5489583 0.3794643 0.5489583 0.3794643 0.5489583 0.3794643 0.5489583 0.3794643 0.5489583 0.3794643 0.5489583 0.3794643 0.5489583 0.3794643 0.5489583 0.3794643 0.5489583 0.3794643 0.5489583 0.3794643 0.5489583 0.3794643 0.5489583 0.3794643 0.5489583 0.3794643 0.5489583 0.3794643 0.5489583 0.3794643 0.5489583 0.3794643 0.5489583 0.3794643 0.5489583 0.3794643 0.5489583 0.3794643 0.5489583 0.3794643 0.5489583 0.3794643 0.5489583 0.3794643 0.5489583 0.3794643 0.5489583 0.3794643 0.5489583 0.3794643 0.5489583 0.3794643 0.5489583 0.3794643 0.5489583 0.3794643 0.5489583 0.3794643 0.5489583 0.3794643 0.5489583 0.3794643 0.5489583 0.3794643 0.5489583 0.3794643 0.5489583 0.3794643 0.5489583 0.3794643 0.5489583 0.3794643 0.5489583 0.3794643 0.5489583 0.3794643 0.5489583 0.3794643 0.5489583 0.3794643 0.5489583 0.3794643 0.5489583 0.3794643 0.5489583 0.3794643 0.5489583 0.3794643 0.5489583 0.3794643 0.5489583 0.3794643 0.5489583 0.3794643 0.5489583 0.3794643 0.5489583 0.3794643 0.5489583 0.3794643 0.5489583 0.3794643 0.5489583 0.3794643 0.5489583 0.3794643 0.5489583 0.3794643 0.5489583 0.3794643 0.5489583 0.3794643 0.5489583 0.3794643 0.5489583 0.3794643 0.5489583 0.3794643 0.5489583 0.3794643 0.5489583 0.3794643 0.5489583 0.3794643 0.5489583 0.3794643 0.5489583 0.3794643 0.5489583 0.3794643 0.5489583 0.3794643 0.5489583 0.3794643 0.5489583 0.3794643 0.5489583 0.3794643 0.5489583 0.3794643 0.5489583 0.3794643 0.5489583 0.3794643 0.5489583 0.3794643 0.5489583 0.3794643 0.5489583 0.3794643 0.5489583 0.3794643 0.5489583 0.3794643 0.5489583 0.3794643 0.5489583 0.3794643 0.5489583 0.3794643 0.5489583 0.3794643 0.5489583 0.3794643 0.5489583 0.3794643 0.5489583 0.3794643 0.5489583 0.3794643 0.5489583 0.3794643 0.5489583 0.3794643 0.5489583 0.3794643 0.5489583 0.3794643 0.5489583 0.3794643 0.5489583 0.3794643 0.5489583 0.3794643 0.5489583 0.3794643 0.5489583 0.3794643 0.5489583 0.3794643 0.5489583 0.3794643 0.5489583 0.3794643 0.5489583 0.3794643 0.5489583 0.3794643 0.5489583 0.3794643 0.5489583 0.3794643 0.5489583 0.3794643 0.5489583 0.3794643 0.5489583 0.3794643 0.5489583 0.3794643 0.5489583 0.3794643 0.5489583 0.3794643 0.5489583 0.3794643 0.5489583 0.3794643 0.5489583 0.3794643 0.5489583 0.3794643 0.5489583 0.3794643 0.5489583 0.3794643 0.5489583 0.3794643 0.5489583 0.3794643 0.5489583 0.3794643 0.5489583 0.3794643 0.5489583 0.3794643 0.5489583 0.3794643 0.5489583 0.3794643 0.5489583 0.3794643 0.5489583 0.3794643 0.5489583 0.3794643 0.5489583 0.3794643 0.5489583 0.3794643 0.5489583 0.3794643 0.5489583 0.3794643 0.5489583 0.3794643 0.5489583 0.3794643 0.5489583 0.3794643 0.5489583 0.3794643 0.5489583 0.3794643 0.5489583 0.3794643 0.5489583 0.3794643 0.5489583 0.3794643 0.5489583 0.3794643 0.5489583 0.3794643 0.5489583 0.3794643 0.5489583 0.3794643 0.5489583 0.3794643 0.5489583 0.3794643 0.5489583 0.3794643 0.5489583 0.3794643 0.5489583 0.3794643 0.5489583 0.3794643 0.5489583 0.3794643 0.5489583 0.3794643 0.5489583 0.3794643 0.5489583 0.3794643 0.5489583 0.3794643 0.5489583 0.3794643 0.5489583 0.3794643 0.5489583 0.3794643 0.5489583 0.3794643 0.5489583 0.3794643 0.5489583 0.3794643 0.5489583 0.3794643 0.5489583 0.3794643 0.5489583 0.3794643 0.5489583 0.3794643 0.5489583 0.3794643 0.5489583 0.3794643 0.5489583 0.3794643 0.5489583 0.3794643 0.5489583 0.3794643 0.5489583 0.3794643 0.5489583 0.3794643 0.5489583 0.3794643 0.5489583 0.3794643 0.5489583 0.3794643 0.5489583 0.3794643 0.5489583 0.3794643 0.5489583 0.3794643 0.5489583 0.3794643 0.5489583 0.3794643 0.5489583 0.3794643 0.5489583 0.3794643 0.5489583 0.3794643 0.5489583 0.3794643 0.5489583 0.3794643 0.5489583 0.3794643 0.5489583 0.3794643 0.5489583 0.3794643 0.5489583 0.3794643 0.5489583 0.3794643 0.5489583 0.3794643 0.5489583 0.3794643 0.5489583 0.3794643 0.5489583 0.3794643 0.5489583 0.3794643 0.5489583 0.3794643 0.5489583 0.3794643 0.5489583 0.3794643 0.5489583 0.3794643 0.5489583 0.3794643 0.5489583 0.3794643 0.5489583 0.3794643 0.5489583 0.3794643 0.5489583 0.3794643 0.5489583 0.3794643 0.5489583 0.3794643 0.5489583 0.3794643 0.5489583 0.3794643 0.5489583 0.3794643 0.5489583 0.3794643 0.5489583 0.3794643 0.5489583 0.3794643 0.5489583 0.3794643 0.5489583 0.3794643 0.5489583 0.3794643 0.5489583 0.3794643 0.5489583 0.3794643 0.5489583 0.3794643 0.5489583 0.3794643 0.5489583 0.3794643 0.5489583 0.3794643 0.5489583 0.3794643 0.5489583 0.3794643 0.5489583 0.3794643 0.5489583 0.3794643 0.5489583 0.3794643 0.5489583 0.3794643 0.5489583 0.3794643 0.5489583 0.3794643 0.5489583 0.3794643 0.5489583 0.3794643 0.5489583 0.3794643 0.5489583 0.3794643 0.5489583 0.3794643 0.5489583 0.3794643 0.5489583 0.3794643 0.5489583 0.3794643 0.5489583 0.3794643 0.5489583 0.3794643 0.5489583 0.3794643 0.5489583 0.3794643 0.5489583 0.3794643 0.5489583 0.3794643 0.5489583 0.3794643 0.5489583 0.3794643 0.5489583 0.3794643 0.5489583 0.3794643 0.5489583 0.3794643 0.5489583 0.3794643 0.5489583 0.3794643 0.5489583 0.3794643 0.5489583 0.3794643 0.5489583 0.3794643 0.5489583 0.3794643 0.5489583 0.3794643 0.5489583 0.3794643 0.5489583 0.3794643 0.5489583 0.3794643 0.5489583 0.3794643 0.5489583 0.3794643 0.5489583 0.3794643 0.5489583 0.3794643 0.5489583 0.3794643 0.5489583 0.3794643 0.5489583 0.3794643 0.5489583 0.3794643 0.5489583 0.3794643 0.5489583 0.3794643 0.5489583 0.3794643 0.5489583 0.3794643 0.5489583 0.3794643 0.5489583 0.3794643 0.5489583 0.3794643 0.5489583 0.3794643 0.5489583 0.3794643 0.5489583 0.3794643 0.5489583 0.3794643 0.5489583 0.3794643 0.5489583 0.3794643 0.5489583 0.3794643 0.5489583 0.3794643 0.5489583 0.3794643 0.5489583 0.3794643 0.5489583 0.3794643 0.5489583 0.3794643 0.5489583 0.3794643 0.5489583 0.3794643 0.5489583 0.3794643 0.5489583 0.3794643 0.5489583 0.3794643 0.5489583 0.3794643 0.5489583 0.3794643 0.5489583 0.3794643 0.5489583 0.3794643 0.5489583 0.3794643 0.5489583 0.3794643 0.5489583 0.3794643 0.5489583 0.3794643 0.5489583 0.3794643 0.5489583 0.3794643 0.5489583 0.3794643 0.5489583 0.3794643 0.5489583 0.3794643 0.5489583 0.3794643 0.5489583 0.3794643 0.5489583 0.3794643 0.5489583 0.3794643 0.5489583 0.3794643 0.5489583 0.3794643 0.5489583 0.3794643 0.5489583 0.3794643 0.5489583 0.3794643 0.5489583 0.3794643 0.5489583 0.3794643 0.5489583 0.3794643 0.5489583 0.3794643 0.5489583 0.3794643 0.5489583 0.3794643 0.5489583 0.3794643 0.5489583 0.3794643 0.5489583 0.3794643 0.5489583 0.3794643 0.5489583 0.3794643 0.5489583 0.3794643 0.5489583 0.3794643 0.5489583 0.3794643 0.5489583 0.3794643 0.5489583 0.3794643 0.5489583 0.3794643 0.5489583 0.3794643 0.5489583 0.3794643 0.5489583 0.3794643 0.5489583 0.3794643 0.5489583 0.3794643 0.5489583 0.3794643 0.5489583 0.3794643 0.5489583 0.3794643 0.5489583 0.3794643 0.5489583 0.3794643 0.5489583 0.3794643 0.5489583 0.3794643 0.5489583 0.3794643 0.5489583 0.3794643 0.5489583 0.3794643 0.5489583 0.3794643 0.5489583 0.3794643 0.5489583 0.3794643 0.5489583 0.3794643 0.5489583 0.3794643 0.5489583 0.3794643 0.5489583 0.3794643 0.5489583 0.3794643 0.5489583 0.3794643 0.5489583 0.3794643 0.5489583 0.3794643 0.5489583 0.3794643 0.5489583 0.3794643 0.5489583 0.3794643 0.5489583 0.3794643 0.5489583 0.3794643 0.5489583 0.3794643 0.5489583 0.3794643 0.5489583 0.3794643 0.5489583 0.3794643 0.5489583 0.3794643 0.5489583 0.3794643 0.5489583 0.3794643 0.5489583 0.3794643 0.5489583 0.3794643 0.5489583 0.3794643 0.5489583 0.3794643 0.5489583 0.3794643 0.5489583 0.3794643 0.5489583 0.3794643 0.5489583 0.3794643 0.5489583 0.3794643 0.5489583 0.3794643 0.5489583 0.3794643 0.5489583 0.3794643 0.5489583 0.3794643 0.5489583 0.3794643 0.5489583 0.3794643 0.5489583 0.3794643 0.5489583 0.3794643 0.5489583 0.3794643 0.5489583 0.3794643 0.5489583 0.3794643 0.5489583 0.3794643 0.5489583 0.3794643 0.5489583 0.3794643 0.5489583 0.3794643 0.5489583 0.3794643 0.5489583 0.3794643 0.5489583 0.3794643 0.5489583 0.3794643 0.5489583 0.3794643 0.5489583 0.3794643 0.5489583 0.3794643 0.5489583 0.3794643 0.5489583 0.3794643 0.5489583 0.3794643 0.5489583 0.3794643 0.5489583 0.3794643 0.5489583 0.3794643 0.5489583 0.3794643 0.5489583 0.3794643 0.5489583 0.3794643 0.5489583 0.3794643 0.5489583 0.3794643 0.5489583 0.3794643 0.5489583 0.3794643 0.5489583 0.3794643 0.5489583 0.3794643 0.5489583 0.3794643 0.5489583 0.3794643 0.5489583 0.3794643 0.5489583 0.3794643 0.5489583 0.3794643 0.5489583 0.3794643 0.5489583 0.3794643 0.5489583 0.3794643 0.5489583 0.3794643 0.5489583 0.3794643 0.5489583 0.3794643 0.5489583 0.3794643 0.5489583 0.3794643 0.5489583 0.3794643 0.5489583 0.3794643 0.5489583 0.3794643 0.5489583 0.3794643 0.5489583 0.3794643 0.5489583 0.3794643 0.5489583 0.3794643 0.5489583 0.3794643 0.5489583 0.3794643 0.5489583 0.3794643 0.5489583 0.3794643 0.5489583 0.3794643 0.5489583 0.3794643 0.5489583 0.3794643 0.5489583 0.3794643 0.5489583 0.3794643 0.5489583 0.3794643 0.5489583 0.3794643 0.5489583 0.3794643 0.5489583 0.3794643 0.5489583 0.3794643 0.5489583 0.3794643 0.5489583 0.3794643 0.5489583 0.3794643 0.5489583 0.3794643 0.5489583 0.3794643 0.5489583 0.3794643 0.5489583 0.3794643 0.5489583 0.3794643 0.5489583 0.3794643 0.5489583 0.3794643 0.5489583 0.3794643 0.5489583 0.3794643 0.5489583 0.3794643 0.5489583 0.3794643 0.5489583 0.3794643 0.5489583 0.3794643 0.5489583 0.3794643 0.5489583 0.3794643 0.5489583 0.3794643 0.5489583 0.3794643 0.5489583 0.3794643 0.5489583 0.3794643 0.5489583 0.3794643 0.5489583 0.3794643 0.5489583 0.3794643 0.5489583 0.3794643 0.5489583 0.3794643 0.5489583 0.3794643 0.5489583 0.3794643 0.5489583 0.3794643 0.5489583 0.3794643 0.5489583 0.3794643 0.5489583 0.3794643 0.5489583 0.3794643 0.5489583 0.3794643 0.5489583 0.3794643 0.5489583 0.3794643 0.5489583 0.3794643 0.5489583 0.3794643 0.5489583 0.3794643 0.5489583 0.3794643 0.5489583 0.3794643 0.5489583 0.3794643 0.5489583 0.3794643 0.5489583 0.3794643 0.5489583 0.3794643 0.5489583 0.3794643 0.5489583 0.3794643 0.5489583 0.3794643 0.5489583 0.3794643 0.5489583 0.3794643 0.5489583 0.3794643 0.5489583 0.3794643 0.5489583 0.3794643 0.5489583 0.3794643 0.5489583 0.3794643 0.5489583 0.3794643 0.5489583 0.3794643 0.5489583 0.3794643 0.5489583 0.3794643 0.5489583 0.3794643 0.5489583 0.3794643 0.5489583 0.3794643 0.5489583 0.3794643 0.5489583 0.3794643 0.5489583 0.3794643 0.5489583 0.3794643 0.5489583 0.3794643 0.5489583 0.3794643 0.5489583 0.3794643 0.5489583 0.3794643 0.5489583 0.3794643 0.5489583 0.3794643 0.5489583 0.3794643 0.5489583 0.3794643 0.5489583 0.3794643 0.5489583 0.3794643 0.5489583 0.3794643 0.5489583 0.3794643 0.5489583 0.3794643 0.5489583 0.3794643 0.5489583 0.3794643 0.5489583 0.3794643 0.5489583 0.3794643 0.5489583 0.3794643 0.5489583 0.3794643 0.5489583 0.3794643 0.5489583 0.3794643 0.5489583 0.3794643 0.5489583 0.3794643 0.5489583 0.3794643 0.5489583 0.3794643 0.5489583 0.3794643 0.5489583 0.3794643 0.5489583 0.3794643 0.5489583 0.3794643 0.5489583 0.3794643 0.5489583 0.3794643 0.5489583 0.3794643 0.5489583 0.3794643 0.5489583 0.3794643 0.5489583 0.3794643 0.5489583 0.3794643 0.5489583 0.3794643 0.5489583 0.3794643 0.5489583 0.3794643 0.5489583 0.3794643 0.5489583 0.3794643 0.5489583 0.3794643 0.5489583 0.3794643 0.5489583 0.3794643 0.5489583 0.3794643 0.5489583 0.3794643 0.5489583 0.3794643 0.5489583 0.3794643 0.5489583 0.3794643 0.5489583 0.3794643 0.5489583 0.3794643 0.5489583 0.3794643 0.5489583 0.3794643 0.5489583 0.3794643 0.5489583 0.3794643 0.5489583 0.3794643 0.5489583 0.3794643 0.5489583 0.3794643 0.5489583 0.3794643 0.5489583 0.3794643 0.5489583 0.3794643 0.5489583 0.3794643 0.5489583 0.3794643 0.5489583 0.3794643 0.5489583 0.3794643 0.5489583 0.3794643 0.5489583 0.3794643 0.5489583 0.3794643 0.5489583 0.3794643 0.5489583 0.3794643 0.5489583 0.3794643 0.5489583 0.3794643 0.5489583 0.3794643 0.5489583 0.3794643 0.5489583 0.3794643 0.5489583 0.3794643 0.5489583 0.3794643 0.5489583 0.3794643 0.5489583 0.3794643 0.5489583 0.3794643 0.5489583 0.3794643 0.5489583 0.3794643 0.5489583 0.3794643 0.5489583 0.3794643 0.5489583 0.3794643 0.5489583 0.3794643 0.5489583 0.3794643 0.5489583 0.3794643 0.5489583 0.3794643 0.5489583 0.3794643 0.5489583 0.3794643 0.5489583 0.3794643 0.5489583 0.3794643 0.5489583 0.3794643 0.5489583 0.3794643 0.5489583 0.3794643 0.5489583 0.3794643 0.5489583 0.3794643 0.5489583 0.3794643 0.5489583 0.3794643 0.5489583 0.3794643 0.5489583 0.3794643 0.5489583 0.3794643 0.5489583 0.3794643 0.5489583 0.3794643 0.5489583 0.3794643 0.5489583 0.3794643 0.5489583 0.3794643 0.5489583 0.3794643 0.5489583 0.3794643 0.5489583 0.3794643 0.5489583 0.3794643 0.5489583 0.3794643 0.5489583 0.3794643 0.5489583 0.3794643 0.5489583 0.3794643 0.5489583 0.3794643 0.5489583 0.3794643 0.5489583 0.3794643 0.5489583 0.3794643 0.5489583 0.3794643 0.5489583 0.3794643 0.5489583 0.3794643 0.5489583 0.3794643 0.5489583 0.3794643 0.5489583 0.3794643 0.5489583 0.3794643 0.5489583 0.3794643 0.5489583 0.3794643 0.5489583 0.3794643 0.5489583 0.3794643 0.5489583 0.3794643 0.5489583 0.3794643 0.5489583 0.3794643 0.5489583 0.3794643 0.5489583 0.3794643 0.5489583 0.3794643 0.5489583 0.3794643 0.5489583 0.3794643 0.5489583 0.3794643 0.5489583 0.3794643 0.5489583 0.3794643 0.5489583 0.3794643 0.5489583 0.3794643 0.5489583 0.3794643 0.5489583 0.3794643 0.5489583 0.3794643 0.5489583 0.3794643 0.5489583 0.3794643 0.5489583 0.3794643 0.5489583 0.3794643 0.5489583 0.3794643 0.5489583 0.3794643 0.5489583 0.3794643 0.5489583 0.3794643 0.5489583 0.3794643 0.5489583 0.3794643 0.5489583 0.3794643 0.5489583 0.3794643 0.5489583 0.3794643 0.5489583 0.3794643 0.5489583 0.3794643 0.5489583 0.3794643 0.5489583 0.3794643 0.5489583 0.3794643 0.5489583 0.3794643 0.5489583 0.3794643 0.5489583 0.3794643 0.5489583 0.3794643 0.5489583 0.3794643 0.5489583 0.3794643 0.5489583 0.3794643 0.5489583 0.3794643 0.5489583 0.3794643 0.5489583 0.3794643 0.5489583 0.3794643 0.5489583 0.3794643 0.5489583 0.3794643 0.5489583 0.3794643 0.5489583 0.3794643 0.5489583 0.3794643 0.5489583 0.3794643 0.5489583 0.3794643 0.5489583 0.3794643 0.5489583 0.3794643 0.5489583 0.3794643 0.5489583 0.3794643 0.5489583 0.3794643 0.5489583 0.3794643 0.5489583 0.3794643 0.5489583 0.3794643 0.5489583 0.3794643 0.5489583 0.3794643 0.5489583 0.3794643 0.5489583 0.3794643 0.5489583 0.3794643 0.5489583 0.3794643 0.5489583 0.3794643 0.5489583 0.3794643 0.5489583 0.3794643 0.5489583 0.3794643 0.5489583 0.3794643 0.5489583 0.3794643 0.5489583 0.3794643 0.5489583 0.3794643 0.5489583 0.3794643 0.5489583 0.3794643 0.5489583 0.3794643 0.5489583 0.3794643 0.5489583 0.3794643 0.5489583 0.3794643 0.5489583 0.3794643 0.5489583 0.3794643 0.5489583 0.3794643 0.5489583 0.3794643 0.5489583 0.3794643 0.5489583 0.3794643 0.5489583 0.3794643 0.5489583 0.3794643 0.5489583 0.3794643 0.5489583 0.3794643 0.5489583 0.3794643 0.5489583 0.3794643 0.5489583 0.3794643 0.5489583 0.3794643 0.5489583 0.3794643 0.5489583 0.3794643 0.5489583 0.3794643 0.5489583 0.3794643 0.5489583 0.3794643 0.5489583 0.3794643 0.5489583 0.3794643 0.5489583 0.3794643 0.1489583 0.3794643 0.1489583 0.3794643 0.1489583 0.3794643 0.1489583 0.3794643 0.1489583 0.3794643 0.1489583 0.3794643 0.1489583 0.3794643 0.1489583 0.3794643 0.1489583 0.3794643 0.1489583 0.3794643 0.1489583 0.3794643 0.1489583 0.3794643 0.1489583 0.3794643 0.1489583 0.3794643 0.1489583 0.3794643 0.1489583 0.3794643 0.1489583 0.3794643 0.1489583 0.3794643 0.1489583 0.3794643 0.1489583 0.3794643 0.1489583 0.3794643 0.1489583 0.3794643 0.1489583 0.3794643 0.1489583 0.3794643 0.1489583 0.3794643 0.1489583 0.3794643 0.1489583 0.3794643 0.1489583 0.3794643 0.1489583 0.3794643 0.1489583 0.3794643 0.1489583 0.3794643 0.1489583 0.3794643 0.1489583 0.3794643 0.1489583 0.3794643 0.1489583 0.3794643 0.1489583 0.3794643 0.1489583 0.3794643 0.1489583 0.3794643 0.1489583 0.3794643 0.1489583 0.3794643 0.1489583 0.3794643 0.1489583 0.3794643 0.1489583 0.3794643 0.1489583 0.3794643 0.1489583 0.3794643 0.1489583 0.3794643 0.1489583 0.3794643 0.1489583 0.3794643 0.1489583 0.3794643 0.1489583 0.3794643 0.1489583 0.3794643 0.1489583 0.3794643 0.1489583 0.3794643 0.1489583 0.3794643 0.1489583 0.3794643 0.1489583 0.3794643 0.1489583 0.3794643 0.1489583 0.3794643 0.1489583 0.3794643 0.1489583 0.3794643 0.1489583 0.3794643 0.1489583 0.3794643 0.1489583 0.3794643 0.1489583 0.3794643 0.1489583 0.3794643 0.1489583 0.3794643 0.1489583 0.3794643 0.1489583 0.3794643 0.1489583 0.3794643 0.1489583 0.3794643 0.1489583 0.3794643 0.1489583 0.3794643 0.1489583 0.3794643 0.1489583 0.3794643 0.1489583 0.3794643 0.1489583 0.3794643 0.1489583 0.3794643 0.1489583 0.3794643 0.1489583 0.3794643 0.1489583 0.3794643 0.1489583 0.3794643 0.1489583 0.3794643 0.1489583 0.3794643 0.1489583 0.3794643 0.1489583 0.3794643 0.1489583 0.3794643 0.1489583 0.3794643 0.1489583 0.3794643 0.1489583 0.3794643 0.1489583 0.3794643 0.1489583 0.3794643 0.1489583 0.3794643 0.1489583 0.3794643 0.1489583 0.3794643 0.1489583 0.3794643 0.1489583 0.3794643 0.1489583 0.3794643 0.1489583 0.3794643 0.1489583 0.3794643 0.1489583 0.3794643 0.1489583 0.3794643 0.1489583 0.3794643 0.1489583 0.3794643 0.1489583 0.3794643 0.1489583 0.3794643 0.1489583 0.3794643 0.1489583 0.3794643 0.1489583 0.3794643 0.1489583 0.3794643 0.1489583 0.3794643 0.1489583 0.3794643 0.1489583 0.3794643 0.1489583 0.3794643 0.1489583 0.3794643 0.1489583 0.3794643 0.1489583 0.3794643 0.1489583 0.3794643 0.1489583 0.3794643 0.1489583 0.3794643 0.1489583 0.3794643 0.1489583 0.3794643 0.1489583 0.3794643 0.1489583 0.3794643 0.1489583 0.3794643 0.1489583 0.3794643 0.1489583 0.3794643 0.1489583 0.3794643 0.1489583 0.3794643 0.1489583 0.3794643 0.1489583 0.3794643 0.1489583 0.3794643 0.1489583 0.3794643 0.1489583 0.3794643 0.1489583 0.3794643 0.1489583 0.3794643 0.1489583 0.3794643 0.1489583 0.3794643 0.1489583 0.3794643 0.1489583 0.3794643 0.1489583 0.3794643 0.1489583 0.3794643 0.1489583 0.3794643 0.1489583 0.3794643 0.1489583 0.3794643 0.1489583 0.3794643 0.1489583 0.3794643 0.1489583 0.3794643 0.1489583 0.3794643 0.1489583 0.3794643 0.1489583 0.3794643 0.1489583 0.3794643 0.1489583 0.3794643 0.1489583 0.3794643 0.1489583 0.3794643 0.1489583 0.3794643 0.1489583 0.3794643 0.1489583 0.3794643 0.1489583 0.3794643 0.1489583 0.3794643 0.1489583 0.3794643 0.1489583 0.3794643 0.1489583 0.3794643 0.1489583 0.3794643 0.1489583 0.3794643 0.1489583 0.3794643 0.1489583 0.3794643 0.1489583 0.3794643 0.1489583 0.3794643 0.1489583 0.3794643 0.1489583 0.3794643 0.1489583 0.3794643 0.1489583 0.3794643 0.1489583 0.3794643 0.1489583 0.3794643 0.1489583 0.3794643 0.1489583 0.3794643 0.1489583 0.3794643 0.1489583 0.3794643 0.1489583 0.3794643 0.1489583 0.3794643 0.1489583 0.3794643 0.1489583 0.3794643 0.1489583 0.3794643 0.1489583 0.3794643 0.1489583 0.3794643 0.1489583 0.3794643 0.1489583 0.3794643 0.1489583 0.3794643 0.1489583 0.3794643 0.1489583 0.3794643 0.1489583 0.3794643 0.1489583 0.3794643 0.1489583 0.3794643 0.1489583 0.3794643 0.1489583 0.3794643 0.1489583 0.3794643 0.1489583 0.3794643 0.1489583 0.3794643 0.1489583 0.3794643 0.1489583 0.3794643 0.1489583 0.3794643 0.1489583 0.3794643 0.1489583 0.3794643 0.1489583 0.3794643 0.1489583 0.3794643 0.1489583 0.3794643 0.1489583 0.3794643 0.1489583 0.3794643 0.1489583 0.3794643 0.1489583 0.3794643 0.1489583 0.3794643 0.1489583 0.3794643 0.1489583 0.3794643 0.1489583 0.3794643 0.1489583 0.3794643 0.1489583 0.3794643 0.1489583 0.3794643 0.1489583 0.3794643 0.1489583 0.3794643 0.1489583 0.3794643 0.1489583 0.3794643 0.1489583 0.3794643 0.1489583 0.3794643 0.1489583 0.3794643 0.1489583 0.3794643 0.1489583 0.3794643 0.1489583 0.3794643 0.1489583 0.3794643 0.1489583 0.3794643 0.1489583 0.3794643 0.1489583 0.3794643 0.1489583 0.3794643 0.1489583 0.3794643 0.1489583 0.3794643 0.1489583 0.3794643 0.1489583 0.3794643 0.1489583 0.3794643 0.1489583 0.3794643 0.1489583 0.3794643 0.1489583 0.3794643 0.1489583 0.3794643 0.1489583 0.3794643 0.1489583 0.3794643 0.1489583 0.3794643 0.1489583 0.3794643 0.1489583 0.3794643 0.1489583 0.3794643 0.1489583 0.3794643 0.1489583 0.3794643 0.1489583 0.3794643 0.1489583 0.3794643 0.1489583 0.3794643 0.1489583 0.3794643 0.1489583 0.3794643 0.1489583 0.3794643 0.1489583 0.3794643 0.1489583 0.3794643 0.1489583 0.3794643 0.1489583 0.3794643 0.1489583 0.3794643 0.1489583 0.3794643 0.1489583 0.3794643 0.1489583 0.3794643 0.1489583 0.3794643 0.1489583 0.3794643 0.1489583 0.3794643 0.1489583 0.3794643 0.1489583 0.3794643 0.1489583 0.3794643 0.1489583 0.3794643 0.1489583 0.3794643 0.1489583 0.3794643 0.1489583 0.3794643 0.1489583 0.3794643 0.1489583 0.3794643 0.1489583 0.3794643 0.1489583 0.3794643 0.1489583 0.3794643 0.1489583 0.3794643 0.1489583 0.3794643 0.1489583 0.3794643 0.1489583 0.3794643 0.1489583 0.3794643 0.1489583 0.3794643 0.1489583 0.3794643 0.1489583 0.3794643 0.1489583 0.3794643 0.1489583 0.3794643 0.1489583 0.3794643 0.1489583 0.3794643 0.1489583 0.3794643 0.1489583 0.3794643 0.1489583 0.3794643 0.1489583 0.3794643 0.1489583 0.3794643 0.1489583 0.3794643 0.1489583 0.3794643 0.1489583 0.3794643 0.1489583 0.3794643 0.1489583 0.3794643 0.1489583 0.3794643 0.1489583 0.3794643 0.1489583 0.3794643 0.1489583 0.3794643 0.1489583 0.3794643 0.1489583 0.3794643 0.1489583 0.3794643 0.1489583 0.3794643 0.1489583 0.3794643 0.1489583 0.3794643 0.1489583 0.3794643 0.1489583 0.3794643 0.1489583 0.3794643 0.1489583 0.3794643 0.1489583 0.3794643 0.1489583 0.3794643 0.1489583 0.3794643 0.1489583 0.3794643 0.1489583 0.3794643 0.1489583 0.3794643 0.1489583 0.3794643 0.1489583 0.3794643 0.1489583 0.3794643 0.1489583 0.3794643 0.1489583 0.3794643 0.1489583 0.3794643 0.1489583 0.3794643 0.1489583 0.3794643 0.1489583 0.3794643 0.1489583 0.3794643 0.1489583 0.3794643 0.1489583 0.3794643 0.1489583 0.3794643 0.1489583 0.3794643 0.1489583 0.3794643 0.1489583 0.3794643 0.1489583 0.3794643 0.1489583 0.3794643 0.1489583 0.3794643 0.1489583 0.3794643 0.1489583 0.3794643 0.1489583 0.3794643 0.1489583 0.3794643 0.1489583 0.3794643 0.1489583 0.3794643 0.1489583 0.3794643 0.1489583 0.3794643 0.1489583 0.3794643 0.1489583 0.3794643 0.1489583 0.3794643 0.1489583 0.3794643 0.1489583 0.3794643 0.1489583 0.3794643 0.1489583 0.3794643 0.1489583 0.3794643 0.1489583 0.3794643 0.1489583 0.3794643 0.1489583 0.3794643 0.1489583 0.3794643 0.1489583 0.3794643 0.1489583 0.3794643 0.1489583 0.3794643 0.1489583 0.3794643 0.1489583 0.3794643 0.1489583 0.3794643 0.1489583 0.3794643 0.1489583 0.3794643 0.1489583 0.3794643 0.1489583 0.3794643 0.1489583 0.3794643 0.1489583 0.3794643 0.1489583 0.3794643 0.1489583 0.3794643 0.1489583 0.3794643 0.1489583 0.3794643 0.1489583 0.3794643 0.1489583 0.3794643 0.1489583 0.3794643 0.1489583 0.3794643 0.1489583 0.3794643 0.1489583 0.3794643 0.1489583 0.3794643 0.1489583 0.3794643 0.1489583 0.3794643 0.1489583 0.3794643 0.1489583 0.3794643 0.1489583 0.3794643 0.1489583 0.3794643 0.1489583 0.3794643 0.1489583 0.3794643 0.1489583 0.3794643 0.1489583 0.3794643 0.1489583 0.3794643 0.1489583 0.3794643 0.1489583 0.3794643 0.1489583 0.3794643 0.1489583 0.3794643 0.1489583 0.3794643 0.1489583 0.3794643 0.1489583 0.3794643 0.1489583 0.3794643 0.1489583 0.3794643 0.1489583 0.3794643 0.1489583 0.3794643 0.1489583 0.3794643 0.1489583 0.3794643 0.1489583 0.3794643 0.1489583 0.3794643 0.1489583 0.3794643 0.1489583 0.3794643 0.1489583 0.3794643 0.1489583 0.3794643 0.1489583 0.3794643 0.1489583 0.3794643 0.1489583 0.3794643 0.1489583 0.3794643 0.1489583 0.3794643 0.1489583 0.3794643 0.1489583 0.3794643 0.1489583 0.3794643 0.1489583 0.3794643 0.1489583 0.3794643 0.1489583 0.3794643 0.1489583 0.3794643 0.1489583 0.3794643 0.1489583 0.3794643 0.1489583 0.3794643 0.1489583 0.3794643 0.1489583 0.3794643 0.1489583 0.3794643 0.1489583 0.3794643 0.1489583 0.3794643 0.1489583 0.3794643 0.1489583 0.3794643 0.1489583 0.3794643 0.1489583 0.3794643 0.1489583 0.3794643 0.1489583 0.3794643 0.1489583 0.3794643 0.1489583 0.3794643 0.1489583 0.3794643 0.1489583 0.3794643 0.1489583 0.3794643 0.1489583 0.3794643 0.1489583 0.3794643 0.1489583 0.3794643 0.1489583 0.3794643 0.1489583 0.3794643 0.1489583 0.3794643 0.1489583 0.3794643 0.1489583 0.3794643 0.1489583 0.3794643 0.1489583 0.3794643 0.1489583 0.3794643 0.1489583 0.3794643 0.1489583 0.3794643 0.1489583 0.3794643 0.1489583 0.3794643 0.1489583 0.3794643 0.1489583 0.3794643 0.1489583 0.3794643 0.1489583 0.3794643 0.1489583 0.3794643 0.1489583 0.3794643 0.1489583 0.3794643 0.1489583 0.3794643 0.1489583 0.3794643 0.1489583 0.3794643 0.1489583 0.3794643 0.1489583 0.3794643 0.1489583 0.3794643 0.1489583 0.3794643 0.1489583 0.3794643 0.1489583 0.3794643 0.1489583 0.3794643 0.1489583 0.3794643 0.1489583 0.3794643 0.1489583 0.3794643 0.1489583 0.3794643 0.1489583 0.3794643 0.1489583 0.3794643 0.1489583 0.3794643 0.1489583 0.3794643 0.1489583 0.3794643 0.1489583 0.3794643 0.1489583 0.3794643 0.1489583 0.3794643 0.1489583 0.3794643 0.1489583 0.3794643 0.1489583 0.3794643 0.1489583 0.3794643 0.1489583 0.3794643 0.1489583 0.3794643 0.1489583 0.3794643 0.1489583 0.3794643 0.1489583 0.3794643 0.1489583 0.3794643 0.1489583 0.3794643 0.1489583 0.3794643 0.1489583 0.3794643 0.1489583 0.3794643 0.1489583 0.3794643 0.1489583 0.3794643 0.1489583 0.3794643 0.1489583 0.3794643 0.1489583 0.3794643 0.1489583 0.3794643 0.1489583 0.3794643 0.1489583 0.3794643 0.1489583 0.3794643 0.1489583 0.3794643 0.1489583 0.3794643 0.1489583 0.3794643 0.1489583 0.3794643 0.1489583 0.3794643 0.1489583 0.3794643 0.1489583 0.3794643 0.1489583 0.3794643 0.1489583 0.3794643 0.1489583 0.3794643 0.1489583 0.3794643 0.1489583 0.3794643 0.1489583 0.3794643 0.1489583 0.3794643 0.1489583 0.3794643 0.1489583 0.3794643 0.1489583 0.3794643 0.1489583 0.3794643 0.1489583 0.3794643 0.1489583 0.3794643 0.1489583 0.3794643 0.1489583 0.3794643 0.1489583 0.3794643 0.1489583 0.3794643 0.1489583 0.3794643 0.1489583 0.3794643 0.1489583 0.3794643 0.1489583 0.3794643 0.1489583 0.3794643 0.1489583 0.3794643 0.1489583 0.3794643 0.1489583 0.3794643 0.1489583 0.3794643 0.1489583 0.3794643 0.1489583 0.3794643 0.1489583 0.3794643 0.1489583 0.3794643 0.1489583 0.3794643 0.1489583 0.3794643 0.1489583 0.3794643 0.1489583 0.3794643 0.1489583 0.3794643 0.1489583 0.3794643 0.1489583 0.3794643 0.1489583 0.3794643 0.1489583 0.3794643 0.1489583 0.3794643 0.1489583 0.3794643 0.1489583 0.3794643 0.1489583 0.3794643 0.1489583 0.3794643 0.1489583 0.3794643 0.1489583 0.3794643 0.1489583 0.3794643 0.1489583 0.3794643 0.1489583 0.3794643 0.1489583 0.3794643 0.1489583 0.3794643 0.1489583 0.3794643 0.1489583 0.3794643 0.1489583 0.3794643 0.1489583 0.3794643 0.1489583 0.3794643 0.1489583 0.3794643 0.1489583 0.3794643 0.1489583 0.3794643 0.1489583 0.3794643 0.1489583 0.3794643 0.1489583 0.3794643 0.1489583 0.3794643 0.1489583 0.3794643 0.1489583 0.3794643 0.1489583 0.3794643 0.1489583 0.3794643 0.1489583 0.3794643 0.1489583 0.3794643 0.1489583 0.3794643 0.1489583 0.3794643 0.1489583 0.3794643 0.1489583 0.3794643 0.1489583 0.3794643 0.1489583 0.3794643 0.1489583 0.3794643 0.1489583 0.3794643 0.1489583 0.3794643 0.1489583 0.3794643 0.1489583 0.3794643 0.1489583 0.3794643 0.1489583 0.3794643 0.1489583 0.3794643 0.1489583 0.3794643 0.1489583 0.3794643 0.1489583 0.3794643 0.1489583 0.3794643 0.1489583 0.3794643 0.1489583 0.3794643 0.1489583 0.3794643 0.1489583 0.3794643 0.1489583 0.3794643 0.1489583 0.3794643 0.1489583 0.3794643 0.1489583 0.3794643 0.1489583 0.3794643 0.1489583 0.3794643 0.1489583 0.3794643 0.1489583 0.3794643 0.1489583 0.3794643 0.1489583 0.3794643 0.1489583 0.3794643 0.1489583 0.3794643 0.1489583 0.3794643 0.1489583 0.3794643 0.1489583 0.3794643 0.1489583 0.3794643 0.1489583 0.3794643 0.1489583 0.3794643 0.1489583 0.3794643 0.1489583 0.3794643 0.1489583 0.3794643 0.1489583 0.3794643 0.1489583 0.3794643 0.1489583 0.3794643 0.1489583 0.3794643 0.1489583 0.3794643 0.1489583 0.3794643 0.1489583 0.3794643 0.1489583 0.3794643 0.1489583 0.3794643 0.1489583 0.3794643 0.1489583 0.3794643 0.1489583 0.3794643 0.1489583 0.3794643 0.1489583 0.3794643 0.1489583 0.3794643 0.1489583 0.3794643 0.1489583 0.3794643 0.1489583 0.3794643 0.1489583 0.3794643 0.1489583 0.3794643 0.1489583 0.3794643 0.1489583 0.3794643 0.1489583 0.3794643 0.1489583 0.3794643 0.1489583 0.3794643 0.1489583 0.3794643 0.1489583 0.3794643 0.1489583 0.3794643 0.1489583 0.3794643 0.1489583 0.3794643 0.1489583 0.3794643 0.1489583 0.3794643 0.1489583 0.3794643 0.1489583 0.3794643 0.1489583 0.3794643 0.1489583 0.3794643 0.1489583 0.3794643 0.1489583 0.3794643 0.1489583 0.3794643 0.1489583 0.3794643 0.1489583 0.3794643</float_array>
          <technique_common>
            <accessor count="2191" source="#texcoords-array-array" stride="2">
              <param type="float" name="S"/>
              <param type="float" name="T"/>
            </accessor>
          </technique_common>
        </source>
        <vertices id="verts-array-vertices">
          <input semantic="POSITION" source="#verts-array"/>
        </vertices>
        <triangles count="2904" material="material0">
          <input offset="0" semantic="VERTEX" source="#verts-array-vertices"/>
          <input offset="1" semantic="NORMAL" source="#normals-array"/>
          <input offset="2" semantic="TEXCOORD" source="#texcoords-array"/>
          <p>0 0 0 1 1 1 2 2 2 2 2 2 3 3 3 0 0 0 2 2 2 4 4 4 3 3 3 3 3 3 4 4 4 5 5 5 5 5 5 6 6 6 3 3 3 6 6 6 7 7 7 3 3 3 8 8 8 3 3 3 7 7 7 7 7 7 9 9 9 8 8 8 9 9 9 10 10 10 8 8 8 9 9 9 11 11 11 10 10 10 12 12 12 10 10 10 11 11 11 13 13 13 12 12 12 11 11 11 14 14 14 13 13 13 11 11 11 15 15 15 14 14 14 11 11 11 11 11 11 16 16 16 15 15 15 16 16 16 11 11 11 17 17 17 18 18 18 19 19 19 16 16 16 20 20 20 18 18 18 16 16 16 20 20 20 16 16 16 17 17 17 17 17 17 21 21 21 20 20 20 22 22 22 20 20 20 21 21 21 21 21 21 23 23 23 22 22 22 22 22 22 23 23 23 24 24 24 22 22 22 24 24 24 25 25 25 25 25 25 26 26 26 22 22 22 26 26 26 25 25 25 27 27 27 27 27 27 28 28 28 26 26 26 29 29 29 30 30 30 31 31 31 32 32 32 29 29 29 31 31 31 31 31 31 33 33 33 32 32 32 32 32 32 33 33 33 34 34 34 34 34 34 35 35 35 32 32 32 34 34 34 36 36 36 35 35 35 35 35 35 36 36 36 37 37 37 37 37 37 38 38 38 35 35 35 38 38 38 37 37 37 39 39 39 39 39 39 40 40 40 38 38 38 39 39 39 41 41 41 40 40 40 41 41 41 42 42 42 40 40 40 42 42 42 43 43 43 40 40 40 40 40 40 43 43 43 44 44 44 45 45 45 40 40 40 44 44 44 38 38 38 40 40 40 46 46 46 45 45 45 44 44 44 47 47 47 38 38 38 46 46 46 48 48 48 47 47 47 49 49 49 45 45 45 38 38 38 48 48 48 50 50 50 51 51 51 49 49 49 47 47 47 52 52 52 38 38 38 50 50 50 47 47 47 53 53 53 51 51 51 50 50 50 54 54 54 52 52 52 53 53 53 47 47 47 55 55 55 56 56 56 52 52 52 54 54 54 53 53 53 55 55 55 57 57 57 54 54 54 58 58 58 56 56 56 53 53 53 57 57 57 59 59 59 59 59 59 60 60 60 53 53 53 61 61 61 56 56 56 58 58 58 58 58 58 62 62 62 61 61 61 61 61 61 62 62 62 63 63 63 63 63 63 64 64 64 61 61 61 63 63 63 65 65 65 64 64 64 66 66 66 67 67 67 68 68 68 69 69 69 66 66 66 68 68 68 68 68 68 70 70 70 69 69 69 69 69 69 70 70 70 71 71 71 71 71 71 72 72 72 69 69 69 71 71 71 73 73 73 72 72 72 74 74 74 72 72 72 73 73 73 73 73 73 75 75 75 74 74 74 76 76 76 74 74 74 75 75 75 75 75 75 77 77 77 76 76 76 77 77 77 78 78 78 76 76 76 77 77 77 79 79 79 78 78 78 80 80 80 79 79 79 77 77 77 77 77 77 81 81 81 80 80 80 80 80 80 81 81 81 82 82 82 80 80 80 82 82 82 83 83 83 83 83 83 84 84 84 80 80 80 85 85 85 80 80 80 84 84 84 86 86 86 85 85 85 84 84 84 86 86 86 84 84 84 87 87 87 87 87 87 88 88 88 86 86 86 87 87 87 89 89 89 88 88 88 87 87 87 90 90 90 89 89 89 90 90 90 87 87 87 91 91 91 91 91 91 92 92 92 90 90 90 90 90 90 92 92 92 93 93 93 90 90 90 93 93 93 94 94 94 94 94 94 95 95 95 90 90 90 96 96 96 95 95 95 94 94 94 97 97 97 96 96 96 94 94 94 97 97 97 94 94 94 98 98 98 98 98 98 99 99 99 97 97 97 100 100 100 99 99 99 98 98 98 98 98 98 101 101 101 100 100 100 100 100 100 101 101 101 102 102 102 103 103 103 100 100 100 102 102 102 102 102 102 104 104 104 103 103 103 103 103 103 104 104 104 105 105 105 105 105 105 106 106 106 103 103 103 105 105 105 107 107 107 106 106 106 108 108 108 109 109 109 110 110 110 110 110 110 111 111 111 108 108 108 111 111 111 110 110 110 112 112 112 112 112 112 113 113 113 111 111 111 113 113 113 112 112 112 114 114 114 114 114 114 112 112 112 115 115 115 116 116 116 114 114 114 115 115 115 115 115 115 117 117 117 116 116 116 117 117 117 118 118 118 116 116 116 116 116 116 118 118 118 119 119 119 119 119 119 120 120 120 116 116 116 119 119 119 121 121 121 120 120 120 121 121 121 122 122 122 120 120 120 123 123 123 120 120 120 122 122 122 122 122 122 124 124 124 123 123 123 124 124 124 125 125 125 123 123 123 125 125 125 126 126 126 123 123 123 127 127 127 123 123 123 126 126 126 126 126 126 128 128 128 127 127 127 127 127 127 128 128 128 129 129 129 129 129 129 130 130 130 127 127 127 114 114 114 131 131 131 113 113 113 132 132 132 113 113 113 131 131 131 131 131 131 133 133 133 132 132 132 132 132 132 133 133 133 134 134 134 113 113 113 132 132 132 135 135 135 135 135 135 136 136 136 113 113 113 137 137 137 113 113 113 136 136 136 138 138 138 137 137 137 136 136 136 139 139 139 138 138 138 136 136 136 136 136 136 140 140 140 139 139 139 141 141 141 139 139 139 140 140 140 140 140 140 142 142 142 141 141 141 143 143 143 142 142 142 140 140 140 140 140 140 144 144 144 143 143 143 145 145 145 143 143 143 144 144 144 145 145 145 144 144 144 146 146 146 146 146 146 147 147 147 145 145 145 147 147 147 146 146 146 148 148 148 148 148 148 149 149 149 147 147 147 150 150 150 149 149 149 148 148 148 148 148 148 151 151 151 150 150 150 150 150 150 151 151 151 152 152 152 152 152 152 153 153 153 150 150 150 154 154 154 153 153 153 152 152 152 155 155 155 154 154 154 152 152 152 155 155 155 152 152 152 156 156 156 157 157 157 155 155 155 156 156 156 157 157 157 156 156 156 158 158 158 158 158 158 159 159 159 157 157 157 160 160 160 159 159 159 158 158 158 158 158 158 161 161 161 160 160 160 161 161 161 158 158 158 162 162 162 162 162 162 163 163 163 161 161 161 164 164 164 163 163 163 162 162 162 163 163 163 164 164 164 165 165 165 162 162 162 166 166 166 164 164 164 165 165 165 167 167 167 163 163 163 168 168 168 163 163 163 167 167 167 169 169 169 167 167 167 165 165 165 167 167 167 170 170 170 168 168 168 171 171 171 168 168 168 170 170 170 170 170 170 172 172 172 171 171 171 169 169 169 165 165 165 173 173 173 173 173 173 174 174 174 169 169 169 173 173 173 175 175 175 174 174 174 176 176 176 175 175 175 173 173 173 173 173 173 177 177 177 176 176 176 177 177 177 178 178 178 176 176 176 177 177 177 179 179 179 178 178 178 179 179 179 177 177 177 180 180 180 180 180 180 181 181 181 179 179 179 180 180 180 182 182 182 181 181 181 180 180 180 183 183 183 182 182 182 183 183 183 180 180 180 184 184 184 184 184 184 185 185 185 183 183 183 184 184 184 186 186 186 185 185 185 186 186 186 184 184 184 127 127 127 127 127 127 187 187 187 186 186 186 188 188 188 186 186 186 187 187 187 189 189 189 186 186 186 190 190 190 190 190 190 191 191 191 189 189 189 191 191 191 190 190 190 188 188 188 191 191 191 192 192 192 189 189 189 193 193 193 192 192 192 191 191 191 187 187 187 194 194 194 188 188 188 191 191 191 195 195 195 193 193 193 195 195 195 196 196 196 193 193 193 197 197 197 196 196 196 195 195 195 191 191 191 188 188 188 198 198 198 198 198 198 188 188 188 194 194 194 195 195 195 191 191 191 199 199 199 198 198 198 199 199 199 191 191 191 197 197 197 195 195 195 200 200 200 200 200 200 201 201 201 197 197 197 202 202 202 201 201 201 200 200 200 203 203 203 202 202 202 200 200 200 199 199 199 204 204 204 195 195 195 200 200 200 195 195 195 204 204 204 200 200 200 205 205 205 203 203 203 205 205 205 206 206 206 203 203 203 207 207 207 206 206 206 205 205 205 204 204 204 208 208 208 200 200 200 205 205 205 200 200 200 208 208 208 205 205 205 209 209 209 207 207 207 209 209 209 210 210 210 207 207 207 211 211 211 210 210 210 209 209 209 208 208 208 212 212 212 205 205 205 209 209 209 205 205 205 212 212 212 211 211 211 209 209 209 213 213 213 213 213 213 214 214 214 211 211 211 215 215 215 214 214 214 213 213 213 216 216 216 215 215 215 213 213 213 212 212 212 217 217 217 209 209 209 213 213 213 209 209 209 217 217 217 216 216 216 213 213 213 218 218 218 218 218 218 219 219 219 216 216 216 220 220 220 219 219 219 218 218 218 221 221 221 222 222 222 220 220 220 220 220 220 218 218 218 221 221 221 221 221 221 218 218 218 223 223 223 223 223 223 218 218 218 213 213 213 223 223 223 224 224 224 221 221 221 223 223 223 225 225 225 224 224 224 213 213 213 226 226 226 223 223 223 217 217 217 226 226 226 213 213 213 225 225 225 223 223 223 227 227 227 227 227 227 223 223 223 226 226 226 227 227 227 228 228 228 225 225 225 227 227 227 229 229 229 228 228 228 229 229 229 227 227 227 230 230 230 230 230 230 231 231 231 229 229 229 227 227 227 232 232 232 230 230 230 233 233 233 232 232 232 227 227 227 234 234 234 231 231 231 235 235 235 235 235 235 233 233 233 234 234 234 227 227 227 236 236 236 233 233 233 226 226 226 236 236 236 227 227 227 236 236 236 237 237 237 233 233 233 238 238 238 237 237 237 236 236 236 233 233 233 238 238 238 234 234 234 239 239 239 236 236 236 226 226 226 236 236 236 239 239 239 238 238 238 226 226 226 217 217 217 239 239 239 239 239 239 240 240 240 238 238 238 241 241 241 240 240 240 239 239 239 234 234 234 238 238 238 242 242 242 239 239 239 243 243 243 241 241 241 243 243 243 239 239 239 217 217 217 243 243 243 244 244 244 241 241 241 217 217 217 212 212 212 243 243 243 245 245 245 244 244 244 243 243 243 234 234 234 242 242 242 245 245 245 246 246 246 243 243 243 212 212 212 245 245 245 243 243 243 246 246 246 212 212 212 208 208 208 246 246 246 246 246 246 247 247 247 245 245 245 248 248 248 247 247 247 246 246 246 234 234 234 245 245 245 248 248 248 249 249 249 246 246 246 208 208 208 248 248 248 246 246 246 249 249 249 208 208 208 204 204 204 249 249 249 248 248 248 250 250 250 234 234 234 249 249 249 251 251 251 248 248 248 250 250 250 252 252 252 234 234 234 253 253 253 251 251 251 249 249 249 252 252 252 254 254 254 234 234 234 234 234 234 254 254 254 255 255 255 256 256 256 234 234 234 255 255 255 253 253 253 249 249 249 257 257 257 257 257 257 249 249 249 204 204 204 257 257 257 258 258 258 253 253 253 252 252 252 258 258 258 257 257 257 255 255 255 252 252 252 257 257 257 204 204 204 199 199 199 257 257 257 257 257 257 259 259 259 255 255 255 260 260 260 259 259 259 257 257 257 260 260 260 257 257 257 199 199 199 199 199 199 198 198 198 260 260 260 255 255 255 261 261 261 256 256 256 262 262 262 256 256 256 261 261 261 255 255 255 260 260 260 263 263 263 263 263 263 261 261 261 255 255 255 260 260 260 198 198 198 264 264 264 264 264 264 263 263 263 260 260 260 194 194 194 264 264 264 198 198 198 261 261 261 265 265 265 262 262 262 266 266 266 262 262 262 265 265 265 261 261 261 263 263 263 267 267 267 267 267 267 265 265 265 261 261 261 263 263 263 264 264 264 268 268 268 268 268 268 267 267 267 263 263 263 265 265 265 269 269 269 266 266 266 270 270 270 266 266 266 269 269 269 265 265 265 267 267 267 271 271 271 271 271 271 269 269 269 265 265 265 269 269 269 272 272 272 270 270 270 272 272 272 269 269 269 271 271 271 273 273 273 271 271 271 267 267 267 267 267 267 268 268 268 273 273 273 271 271 271 274 274 274 272 272 272 274 274 274 271 271 271 273 273 273 270 270 270 272 272 272 275 275 275 275 275 275 276 276 276 270 270 270 272 272 272 274 274 274 277 277 277 277 277 277 275 275 275 272 272 272 275 275 275 278 278 278 276 276 276 276 276 276 278 278 278 279 279 279 280 280 280 276 276 276 279 279 279 275 275 275 277 277 277 281 281 281 281 281 281 279 279 279 275 275 275 279 279 279 282 282 282 280 280 280 280 280 280 282 282 282 283 283 283 279 279 279 281 281 281 284 284 284 284 284 284 283 283 283 279 279 279 280 280 280 283 283 283 285 285 285 285 285 285 286 286 286 280 280 280 283 283 283 284 284 284 287 287 287 287 287 287 285 285 285 283 283 283 285 285 285 288 288 288 286 286 286 286 286 286 288 288 288 289 289 289 290 290 290 286 286 286 289 289 289 285 285 285 287 287 287 291 291 291 291 291 291 289 289 289 285 285 285 289 289 289 292 292 292 290 290 290 290 290 290 292 292 292 293 293 293 294 294 294 290 290 290 293 293 293 289 289 289 291 291 291 295 295 295 295 295 295 293 293 293 289 289 289 296 296 296 291 291 291 287 287 287 297 297 297 295 295 295 291 291 291 291 291 291 296 296 296 297 297 297 293 293 293 295 295 295 298 298 298 287 287 287 299 299 299 296 296 296 299 299 299 287 287 287 284 284 284 298 298 298 300 300 300 293 293 293 293 293 293 300 300 300 294 294 294 300 300 300 301 301 301 294 294 294 294 294 294 301 301 301 302 302 302 302 302 302 303 303 303 294 294 294 302 302 302 304 304 304 303 303 303 303 303 303 304 304 304 305 305 305 306 306 306 303 303 303 305 305 305 307 307 307 302 302 302 300 300 300 300 300 300 298 298 298 307 307 307 305 305 305 308 308 308 306 306 306 309 309 309 306 306 306 308 308 308 310 310 310 305 305 305 302 302 302 302 302 302 307 307 307 310 310 310 311 311 311 308 308 308 305 305 305 305 305 305 310 310 310 311 311 311 308 308 308 312 312 312 309 309 309 312 312 312 308 308 308 311 311 311 313 313 313 309 309 309 312 312 312 314 314 314 311 311 311 310 310 310 312 312 312 315 315 315 313 313 313 316 316 316 313 313 313 315 315 315 311 311 311 317 317 317 312 312 312 317 317 317 311 311 311 314 314 314 318 318 318 315 315 315 312 312 312 312 312 312 317 317 317 318 318 318 315 315 315 319 319 319 316 316 316 315 315 315 318 318 318 320 320 320 320 320 320 319 319 319 315 315 315 316 316 316 319 319 319 321 321 321 321 321 321 322 322 322 316 316 316 319 319 319 320 320 320 323 323 323 323 323 323 321 321 321 319 319 319 321 321 321 324 324 324 322 322 322 322 322 322 324 324 324 325 325 325 325 325 325 321 321 321 326 326 326 322 322 322 325 325 325 327 327 327 326 326 326 328 328 328 325 325 325 328 328 328 326 326 326 323 323 323 328 328 328 329 329 329 325 325 325 330 330 330 329 329 329 328 328 328 322 322 322 327 327 327 331 331 331 328 328 328 332 332 332 330 330 330 332 332 332 333 333 333 330 330 330 331 331 331 333 333 333 332 332 332 331 331 331 334 334 334 322 322 322 334 334 334 335 335 335 322 322 322 322 322 322 335 335 335 336 336 336 332 332 332 337 337 337 331 331 331 337 337 337 338 338 338 331 331 331 339 339 339 338 338 338 337 337 337 340 340 340 341 341 341 322 322 322 342 342 342 340 340 340 322 322 322 336 336 336 342 342 342 322 322 322 343 343 343 341 341 341 344 344 344 344 344 344 345 345 345 343 343 343 344 344 344 346 346 346 345 345 345 345 345 345 346 346 346 342 342 342 347 347 347 343 343 343 345 345 345 348 348 348 347 347 347 345 345 345 349 349 349 348 348 348 345 345 345 342 342 342 350 350 350 345 345 345 342 342 342 351 351 351 350 350 350 350 350 350 351 351 351 336 336 336 345 345 345 352 352 352 349 349 349 353 353 353 349 349 349 352 352 352 354 354 354 353 353 353 352 352 352 345 345 345 350 350 350 355 355 355 355 355 355 352 352 352 345 345 345 336 336 336 356 356 356 350 350 350 355 355 355 350 350 350 356 356 356 336 336 336 357 357 357 356 356 356 356 356 356 357 357 357 358 358 358 352 352 352 359 359 359 354 354 354 360 360 360 354 354 354 359 359 359 359 359 359 361 361 361 360 360 360 362 362 362 361 361 361 359 359 359 363 363 363 359 359 359 352 352 352 359 359 359 363 363 363 362 362 362 352 352 352 355 355 355 363 363 363 364 364 364 362 362 362 363 363 363 363 363 363 365 365 365 364 364 364 366 366 366 365 365 365 363 363 363 367 367 367 366 366 366 363 363 363 363 363 363 355 355 355 368 368 368 356 356 356 368 368 368 355 355 355 363 363 363 369 369 369 367 367 367 368 368 368 369 369 369 363 363 363 369 369 369 370 370 370 367 367 367 371 371 371 370 370 370 369 369 369 368 368 368 356 356 356 372 372 372 358 358 358 372 372 372 356 356 356 358 358 358 373 373 373 372 372 372 372 372 372 373 373 373 339 339 339 337 337 337 372 372 372 339 339 339 372 372 372 374 374 374 368 368 368 374 374 374 372 372 372 337 337 337 369 369 369 368 368 368 374 374 374 337 337 337 375 375 375 374 374 374 375 375 375 337 337 337 332 332 332 374 374 374 376 376 376 369 369 369 376 376 376 374 374 374 375 375 375 371 371 371 369 369 369 376 376 376 376 376 376 377 377 377 371 371 371 378 378 378 377 377 377 376 376 376 378 378 378 376 376 376 379 379 379 375 375 375 379 379 379 376 376 376 379 379 379 380 380 380 378 378 378 379 379 379 381 381 381 380 380 380 382 382 382 381 381 381 379 379 379 332 332 332 383 383 383 375 375 375 379 379 379 375 375 375 383 383 383 383 383 383 332 332 332 328 328 328 379 379 379 384 384 384 382 382 382 383 383 383 384 384 384 379 379 379 384 384 384 385 385 385 382 382 382 386 386 386 385 385 385 384 384 384 328 328 328 387 387 387 383 383 383 384 384 384 383 383 383 387 387 387 387 387 387 328 328 328 323 323 323 386 386 386 384 384 384 388 388 388 387 387 387 388 388 388 384 384 384 388 388 388 389 389 389 386 386 386 390 390 390 389 389 389 388 388 388 323 323 323 391 391 391 387 387 387 388 388 388 387 387 387 391 391 391 391 391 391 323 323 323 320 320 320 390 390 390 388 388 388 392 392 392 392 392 392 393 393 393 390 390 390 392 392 392 130 130 130 393 393 393 394 394 394 392 392 392 388 388 388 391 391 391 394 394 394 388 388 388 320 320 320 395 395 395 391 391 391 394 394 394 391 391 391 395 395 395 395 395 395 320 320 320 318 318 318 130 130 130 394 394 394 396 396 396 395 395 395 396 396 396 394 394 394 318 318 318 397 397 397 395 395 395 396 396 396 395 395 395 397 397 397 397 397 397 318 318 318 317 317 317 396 396 396 398 398 398 130 130 130 127 127 127 130 130 130 398 398 398 397 397 397 399 399 399 396 396 396 398 398 398 396 396 396 399 399 399 317 317 317 400 400 400 397 397 397 399 399 399 397 397 397 400 400 400 314 314 314 400 400 400 317 317 317 399 399 399 401 401 401 398 398 398 400 400 400 402 402 402 399 399 399 401 401 401 399 399 399 402 402 402 400 400 400 314 314 314 403 403 403 403 403 403 402 402 402 400 400 400 398 398 398 401 401 401 404 404 404 398 398 398 404 404 404 127 127 127 127 127 127 404 404 404 187 187 187 194 194 194 187 187 187 404 404 404 402 402 402 405 405 405 401 401 401 404 404 404 401 401 401 405 405 405 404 404 404 406 406 406 194 194 194 264 264 264 194 194 194 406 406 406 406 406 406 268 268 268 264 264 264 407 407 407 404 404 404 405 405 405 406 406 406 404 404 404 407 407 407 268 268 268 406 406 406 408 408 408 407 407 407 408 408 408 406 406 406 408 408 408 273 273 273 268 268 268 409 409 409 405 405 405 402 402 402 407 407 407 405 405 405 409 409 409 402 402 402 403 403 403 409 409 409 410 410 410 273 273 273 408 408 408 273 273 273 410 410 410 274 274 274 411 411 411 408 408 408 407 407 407 408 408 408 411 411 411 410 410 410 274 274 274 410 410 410 412 412 412 412 412 412 277 277 277 274 274 274 410 410 410 411 411 411 413 413 413 413 413 413 412 412 412 410 410 410 277 277 277 412 412 412 414 414 414 414 414 414 281 281 281 277 277 277 412 412 412 413 413 413 415 415 415 415 415 415 414 414 414 412 412 412 416 416 416 413 413 413 411 411 411 281 281 281 414 414 414 417 417 417 417 417 417 284 284 284 281 281 281 284 284 284 417 417 417 299 299 299 413 413 413 416 416 416 418 418 418 418 418 418 415 415 415 413 413 413 411 411 411 419 419 419 416 416 416 418 418 418 416 416 416 419 419 419 407 407 407 419 419 419 411 411 411 409 409 409 419 419 419 407 407 407 415 415 415 418 418 418 420 420 420 419 419 419 420 420 420 418 418 418 414 414 414 415 415 415 421 421 421 420 420 420 421 421 421 415 415 415 421 421 421 417 417 417 414 414 414 421 421 421 420 420 420 422 422 422 419 419 419 422 422 422 420 420 420 417 417 417 421 421 421 423 423 423 422 422 422 423 423 423 421 421 421 423 423 423 299 299 299 417 417 417 423 423 423 422 422 422 424 424 424 424 424 424 422 422 422 419 419 419 299 299 299 423 423 423 425 425 425 424 424 424 425 425 425 423 423 423 425 425 425 296 296 296 299 299 299 425 425 425 424 424 424 426 426 426 419 419 419 426 426 426 424 424 424 296 296 296 425 425 425 427 427 427 426 426 426 427 427 427 425 425 425 427 427 427 297 297 297 296 296 296 427 427 427 426 426 426 428 428 428 428 428 428 426 426 426 419 419 419 297 297 297 427 427 427 429 429 429 428 428 428 429 429 429 427 427 427 430 430 430 428 428 428 419 419 419 429 429 429 428 428 428 430 430 430 419 419 419 431 431 431 430 430 430 419 419 419 409 409 409 431 431 431 430 430 430 432 432 432 429 429 429 432 432 432 430 430 430 431 431 431 429 429 429 433 433 433 297 297 297 433 433 433 429 429 429 432 432 432 295 295 295 297 297 297 433 433 433 433 433 433 298 298 298 295 295 295 434 434 434 431 431 431 409 409 409 431 431 431 434 434 434 432 432 432 409 409 409 403 403 403 434 434 434 432 432 432 435 435 435 433 433 433 298 298 298 433 433 433 435 435 435 435 435 435 432 432 432 434 434 434 435 435 435 307 307 307 298 298 298 436 436 436 434 434 434 403 403 403 434 434 434 436 436 436 435 435 435 307 307 307 435 435 435 436 436 436 403 403 403 314 314 314 436 436 436 436 436 436 310 310 310 307 307 307 310 310 310 436 436 436 314 314 314 437 437 437 438 438 438 439 439 439 439 439 439 440 440 440 437 437 437 439 439 439 441 441 441 440 440 440 442 442 442 440 440 440 441 441 441 441 441 441 443 443 443 442 442 442 441 441 441 444 444 444 443 443 443 445 445 445 443 443 443 444 444 444 444 444 444 446 446 446 445 445 445 444 444 444 447 447 447 446 446 446 448 448 448 447 447 447 444 444 444 449 449 449 448 448 448 444 444 444 444 444 444 450 450 450 449 449 449 450 450 450 444 444 444 451 451 451 451 451 451 452 452 452 450 450 450 453 453 453 452 452 452 451 451 451 451 451 451 454 454 454 453 453 453 451 451 451 455 455 455 454 454 454 456 456 456 455 455 455 451 451 451 457 457 457 456 456 456 451 451 451 451 451 451 458 458 458 457 457 457 458 458 458 451 451 451 459 459 459 460 460 460 458 458 458 459 459 459 459 459 459 461 461 461 460 460 460 461 461 461 459 459 459 462 462 462 463 463 463 461 461 461 462 462 462 462 462 462 464 464 464 463 463 463 465 465 465 466 466 466 467 467 467 467 467 467 468 468 468 465 465 465 469 469 469 465 465 465 468 468 468 468 468 468 132 132 132 469 469 469 132 132 132 470 470 470 469 469 469 134 134 134 470 470 470 132 132 132 471 471 471 470 470 470 134 134 134 471 471 471 134 134 134 472 472 472 472 472 472 473 473 473 471 471 471 472 472 472 474 474 474 473 473 473 475 475 475 474 474 474 472 472 472 475 475 475 472 472 472 476 476 476 476 476 476 477 477 477 475 475 475 476 476 476 478 478 478 477 477 477 476 476 476 479 479 479 478 478 478 479 479 479 476 476 476 480 480 480 480 480 480 481 481 481 479 479 479 480 480 480 482 482 482 481 481 481 482 482 482 480 480 480 483 483 483 484 484 484 483 483 483 480 480 480 483 483 483 485 485 485 482 482 482 486 486 486 483 483 483 484 484 484 487 487 487 482 482 482 485 485 485 483 483 483 486 486 486 488 488 488 488 488 488 485 485 485 483 483 483 489 489 489 482 482 482 487 487 487 490 490 490 482 482 482 491 491 491 491 491 491 492 492 492 490 490 490 492 492 492 491 491 491 489 489 489 493 493 493 490 490 490 492 492 492 494 494 494 493 493 493 492 492 492 487 487 487 495 495 495 489 489 489 492 492 492 496 496 496 494 494 494 496 496 496 497 497 497 494 494 494 498 498 498 497 497 497 496 496 496 492 492 492 489 489 489 499 499 499 499 499 499 489 489 489 495 495 495 496 496 496 492 492 492 500 500 500 499 499 499 500 500 500 492 492 492 496 496 496 501 501 501 498 498 498 501 501 501 502 502 502 498 498 498 503 503 503 502 502 502 501 501 501 500 500 500 504 504 504 496 496 496 501 501 501 496 496 496 504 504 504 501 501 501 505 505 505 503 503 503 505 505 505 506 506 506 503 503 503 507 507 507 506 506 506 505 505 505 504 504 504 508 508 508 501 501 501 505 505 505 501 501 501 508 508 508 505 505 505 509 509 509 507 507 507 509 509 509 510 510 510 507 507 507 511 511 511 510 510 510 509 509 509 508 508 508 512 512 512 505 505 505 509 509 509 505 505 505 512 512 512 509 509 509 513 513 513 511 511 511 513 513 513 514 514 514 511 511 511 515 515 515 514 514 514 513 513 513 512 512 512 516 516 516 509 509 509 513 513 513 509 509 509 516 516 516 513 513 513 517 517 517 515 515 515 517 517 517 518 518 518 515 515 515 519 519 519 518 518 518 517 517 517 520 520 520 521 521 521 519 519 519 517 517 517 520 520 520 519 519 519 522 522 522 520 520 520 517 517 517 517 517 517 513 513 513 523 523 523 516 516 516 523 523 523 513 513 513 522 522 522 517 517 517 524 524 524 523 523 523 524 524 524 517 517 517 524 524 524 525 525 525 522 522 522 523 523 523 516 516 516 526 526 526 525 525 525 524 524 524 527 527 527 527 527 527 528 528 528 525 525 525 529 529 529 528 528 528 527 527 527 524 524 524 523 523 523 530 530 530 530 530 530 527 527 527 524 524 524 526 526 526 530 530 530 523 523 523 529 529 529 527 527 527 531 531 531 531 531 531 532 532 532 529 529 529 533 533 533 531 531 531 527 527 527 533 533 533 527 527 527 530 530 530 530 530 530 534 534 534 533 533 533 535 535 535 534 534 534 530 530 530 535 535 535 530 530 530 526 526 526 526 526 526 536 536 536 535 535 535 537 537 537 536 536 536 526 526 526 538 538 538 526 526 526 516 516 516 537 537 537 526 526 526 538 538 538 516 516 516 512 512 512 538 538 538 538 538 538 539 539 539 537 537 537 540 540 540 539 539 539 538 538 538 541 541 541 538 538 538 512 512 512 540 540 540 538 538 538 541 541 541 541 541 541 542 542 542 540 540 540 512 512 512 508 508 508 541 541 541 543 543 543 542 542 542 541 541 541 544 544 544 541 541 541 508 508 508 543 543 543 541 541 541 544 544 544 508 508 508 504 504 504 544 544 544 544 544 544 545 545 545 543 543 543 546 546 546 545 545 545 544 544 544 547 547 547 544 544 544 504 504 504 546 546 546 544 544 544 547 547 547 504 504 504 500 500 500 547 547 547 547 547 547 548 548 548 546 546 546 549 549 549 547 547 547 500 500 500 500 500 500 499 499 499 549 549 549 548 548 548 547 547 547 550 550 550 549 549 549 550 550 550 547 547 547 550 550 550 551 551 551 548 548 548 549 549 549 499 499 499 552 552 552 495 495 495 552 552 552 499 499 499 551 551 551 549 549 549 553 553 553 552 552 552 553 553 553 549 549 549 548 548 548 551 551 551 554 554 554 554 554 554 555 555 555 548 548 548 556 556 556 555 555 555 554 554 554 543 543 543 556 556 556 554 554 554 557 557 557 543 543 543 554 554 554 537 537 537 557 557 557 554 554 554 558 558 558 537 537 537 554 554 554 554 554 554 559 559 559 558 558 558 554 554 554 560 560 560 559 559 559 561 561 561 554 554 554 551 551 551 551 551 551 562 562 562 561 561 561 561 561 561 562 562 562 563 563 563 553 553 553 563 563 563 551 551 551 564 564 564 561 561 561 563 563 563 563 563 563 565 565 565 564 564 564 566 566 566 564 564 564 565 565 565 563 563 563 553 553 553 567 567 567 567 567 567 565 565 565 563 563 563 565 565 565 568 568 568 566 566 566 569 569 569 566 566 566 568 568 568 565 565 565 567 567 567 570 570 570 570 570 570 568 568 568 565 565 565 571 571 571 567 567 567 553 553 553 553 553 553 552 552 552 571 571 571 572 572 572 570 570 570 567 567 567 567 567 567 571 571 571 572 572 572 573 573 573 571 571 571 552 552 552 552 552 552 495 495 495 573 573 573 574 574 574 572 572 572 571 571 571 571 571 571 573 573 573 574 574 574 575 575 575 573 573 573 495 495 495 495 495 495 487 487 487 575 575 575 485 485 485 575 575 575 487 487 487 573 573 573 575 575 575 576 576 576 485 485 485 576 576 576 575 575 575 576 576 576 574 574 574 573 573 573 576 576 576 485 485 485 577 577 577 574 574 574 576 576 576 578 578 578 578 578 578 576 576 576 577 577 577 572 572 572 574 574 574 579 579 579 578 578 578 579 579 579 574 574 574 579 579 579 580 580 580 572 572 572 570 570 570 572 572 572 580 580 580 581 581 581 579 579 579 578 578 578 580 580 580 582 582 582 570 570 570 568 568 568 570 570 570 582 582 582 583 583 583 580 580 580 579 579 579 579 579 579 581 581 581 583 583 583 582 582 582 584 584 584 568 568 568 568 568 568 584 584 584 569 569 569 585 585 585 582 582 582 580 580 580 580 580 580 583 583 583 585 585 585 586 586 586 584 584 584 582 582 582 569 569 569 584 584 584 586 586 586 582 582 582 585 585 585 586 586 586 586 586 586 587 587 587 569 569 569 587 587 587 586 586 586 588 588 588 588 588 588 589 589 589 587 587 587 586 586 586 585 585 585 590 590 590 590 590 590 588 588 588 586 586 586 588 588 588 591 591 591 589 589 589 589 589 589 591 591 591 592 592 592 592 592 592 593 593 593 589 589 589 588 588 588 590 590 590 594 594 594 594 594 594 592 592 592 588 588 588 592 592 592 595 595 595 593 593 593 593 593 593 595 595 595 596 596 596 597 597 597 593 593 593 596 596 596 592 592 592 594 594 594 598 598 598 598 598 598 596 596 596 592 592 592 596 596 596 599 599 599 597 597 597 597 597 597 599 599 599 600 600 600 601 601 601 597 597 597 600 600 600 596 596 596 598 598 598 602 602 602 602 602 602 600 600 600 596 596 596 603 603 603 598 598 598 594 594 594 604 604 604 602 602 602 598 598 598 598 598 598 603 603 603 604 604 604 600 600 600 602 602 602 605 605 605 594 594 594 606 606 606 603 603 603 606 606 606 594 594 594 590 590 590 605 605 605 607 607 607 600 600 600 600 600 600 607 607 607 601 601 601 607 607 607 608 608 608 601 601 601 601 601 601 608 608 608 609 609 609 609 609 609 610 610 610 601 601 601 609 609 609 611 611 611 610 610 610 610 610 610 611 611 611 612 612 612 613 613 613 610 610 610 612 612 612 614 614 614 609 609 609 607 607 607 607 607 607 605 605 605 614 614 614 612 612 612 615 615 615 613 613 613 613 613 613 615 615 615 616 616 616 617 617 617 613 613 613 616 616 616 618 618 618 612 612 612 609 609 609 609 609 609 614 614 614 618 618 618 616 616 616 619 619 619 617 617 617 620 620 620 617 617 617 619 619 619 621 621 621 616 616 616 612 612 612 612 612 612 618 618 618 621 621 621 622 622 622 619 619 619 616 616 616 616 616 616 621 621 621 622 622 622 619 619 619 623 623 623 620 620 620 623 623 623 619 619 619 622 622 622 624 624 624 620 620 620 623 623 623 625 625 625 622 622 622 621 621 621 623 623 623 626 626 626 624 624 624 627 627 627 624 624 624 626 626 626 622 622 622 628 628 628 623 623 623 628 628 628 622 622 622 625 625 625 629 629 629 626 626 626 623 623 623 623 623 623 628 628 628 629 629 629 626 626 626 630 630 630 627 627 627 626 626 626 629 629 629 631 631 631 631 631 631 630 630 630 626 626 626 627 627 627 630 630 630 632 632 632 632 632 632 633 633 633 627 627 627 630 630 630 631 631 631 634 634 634 634 634 634 632 632 632 630 630 630 632 632 632 635 635 635 633 633 633 633 633 633 635 635 635 636 636 636 632 632 632 634 634 634 637 637 637 637 637 637 636 636 636 632 632 632 636 636 636 638 638 638 633 633 633 639 639 639 637 637 637 634 634 634 636 636 636 640 640 640 638 638 638 638 638 638 640 640 640 641 641 641 634 634 634 642 642 642 639 639 639 642 642 642 634 634 634 631 631 631 643 643 643 639 639 639 642 642 642 638 638 638 641 641 641 644 644 644 642 642 642 645 645 645 643 643 643 646 646 646 643 643 643 645 645 645 631 631 631 647 647 647 642 642 642 645 645 645 642 642 642 647 647 647 647 647 647 631 631 631 629 629 629 645 645 645 484 484 484 646 646 646 484 484 484 645 645 645 486 486 486 647 647 647 486 486 486 645 645 645 646 646 646 484 484 484 480 480 480 486 486 486 647 647 647 648 648 648 629 629 629 648 648 648 647 647 647 648 648 648 488 488 488 486 486 486 648 648 648 629 629 629 628 628 628 628 628 628 649 649 649 648 648 648 488 488 488 648 648 648 649 649 649 625 625 625 649 649 649 628 628 628 649 649 649 650 650 650 488 488 488 485 485 485 488 488 488 650 650 650 650 650 650 577 577 577 485 485 485 649 649 649 625 625 625 651 651 651 651 651 651 650 650 650 649 649 649 651 651 651 625 625 625 652 652 652 621 621 621 652 652 652 625 625 625 652 652 652 621 621 621 618 618 618 650 650 650 651 651 651 653 653 653 653 653 653 577 577 577 650 650 650 652 652 652 654 654 654 651 651 651 653 653 653 651 651 651 654 654 654 618 618 618 655 655 655 652 652 652 654 654 654 652 652 652 655 655 655 655 655 655 618 618 618 614 614 614 614 614 614 656 656 656 655 655 655 656 656 656 614 614 614 605 605 605 655 655 655 657 657 657 654 654 654 657 657 657 655 655 655 656 656 656 658 658 658 654 654 654 657 657 657 654 654 654 658 658 658 653 653 653 605 605 605 659 659 659 656 656 656 659 659 659 605 605 605 602 602 602 602 602 602 604 604 604 659 659 659 656 656 656 660 660 660 657 657 657 660 660 660 656 656 656 659 659 659 657 657 657 661 661 661 658 658 658 661 661 661 657 657 657 660 660 660 658 658 658 661 661 661 662 662 662 660 660 660 662 662 662 661 661 661 662 662 662 653 653 653 658 658 658 659 659 659 663 663 663 660 660 660 662 662 662 660 660 660 663 663 663 663 663 663 659 659 659 604 604 604 663 663 663 664 664 664 662 662 662 653 653 653 662 662 662 664 664 664 604 604 604 665 665 665 663 663 663 664 664 664 663 663 663 665 665 665 665 665 665 604 604 604 603 603 603 665 665 665 666 666 666 664 664 664 653 653 653 664 664 664 666 666 666 603 603 603 667 667 667 665 665 665 666 666 666 665 665 665 667 667 667 667 667 667 603 603 603 606 606 606 667 667 667 668 668 668 666 666 666 666 666 666 668 668 668 653 653 653 606 606 606 669 669 669 667 667 667 668 668 668 667 667 667 669 669 669 669 669 669 606 606 606 670 670 670 590 590 590 670 670 670 606 606 606 670 670 670 590 590 590 585 585 585 585 585 585 583 583 583 670 670 670 669 669 669 671 671 671 668 668 668 653 653 653 668 668 668 671 671 671 670 670 670 672 672 672 669 669 669 672 672 672 670 670 670 583 583 583 671 671 671 669 669 669 672 672 672 583 583 583 581 581 581 672 672 672 672 672 672 673 673 673 671 671 671 673 673 673 672 672 672 581 581 581 671 671 671 673 673 673 653 653 653 581 581 581 674 674 674 673 673 673 673 673 673 674 674 674 653 653 653 578 578 578 674 674 674 581 581 581 577 577 577 653 653 653 674 674 674 674 674 674 578 578 578 577 577 577 675 675 675 676 676 676 677 677 677 677 677 677 678 678 678 675 675 675 678 678 678 679 679 679 675 675 675 679 679 679 678 678 678 680 680 680 680 680 680 678 678 678 681 681 681 681 681 681 682 682 682 680 680 680 680 680 680 683 683 683 679 679 679 683 683 683 680 680 680 684 684 684 683 683 683 684 684 684 685 685 685 685 685 685 686 686 686 683 683 683 687 687 687 688 688 688 689 689 689 689 689 689 690 690 690 687 687 687 690 690 690 691 691 691 687 687 687 691 691 691 690 690 690 692 692 692 692 692 692 693 693 693 691 691 691 693 693 693 692 692 692 694 694 694 693 693 693 694 694 694 695 695 695 695 695 695 696 696 696 693 693 693 691 691 691 693 693 693 697 697 697 697 697 697 698 698 698 699 699 699 697 697 697 699 699 699 700 700 700 700 700 700 701 701 701 697 697 697 701 701 701 702 702 702 697 697 697 697 697 697 702 702 702 691 691 691 703 703 703 691 691 691 702 702 702 703 703 703 702 702 702 704 704 704 703 703 703 704 704 704 705 705 705 705 705 705 706 706 706 703 703 703 707 707 707 708 708 708 709 709 709 707 707 707 709 709 709 710 710 710 710 710 710 711 711 711 707 707 707 707 707 707 711 711 711 712 712 712 712 712 712 711 711 711 713 713 713 713 713 713 714 714 714 712 712 712 712 712 712 715 715 715 707 707 707 716 716 716 715 715 715 712 712 712 712 712 712 717 717 717 716 716 716 712 712 712 718 718 718 717 717 717 719 719 719 720 720 720 721 721 721 722 722 722 719 719 719 721 721 721 721 721 721 723 723 723 722 722 722 724 724 724 722 722 722 723 723 723 724 724 724 723 723 723 725 725 725 725 725 725 726 726 726 724 724 724 723 723 723 721 721 721 727 727 727 726 726 726 725 725 725 728 728 728 728 728 728 729 729 729 726 726 726 730 730 730 725 725 725 723 723 723 729 729 729 728 728 728 731 731 731 731 731 731 732 732 732 729 729 729 733 733 733 732 732 732 731 731 731 734 734 734 728 728 728 725 725 725 725 725 725 735 735 735 734 734 734 734 734 734 735 735 735 730 730 730 736 736 736 731 731 731 728 728 728 728 728 728 734 734 734 736 736 736 731 731 731 737 737 737 733 733 733 738 738 738 733 733 733 737 737 737 731 731 731 736 736 736 739 739 739 739 739 739 737 737 737 731 731 731 737 737 737 740 740 740 738 738 738 738 738 738 740 740 740 741 741 741 742 742 742 738 738 738 741 741 741 737 737 737 739 739 739 743 743 743 743 743 743 741 741 741 737 737 737 744 744 744 739 739 739 736 736 736 736 736 736 745 745 745 744 744 744 746 746 746 744 744 744 745 745 745 747 747 747 736 736 736 734 734 734 745 745 745 747 747 747 746 746 746 734 734 734 748 748 748 747 747 747 748 748 748 734 734 734 730 730 730 749 749 749 746 746 746 747 747 747 747 747 747 750 750 750 749 749 749 751 751 751 749 749 749 750 750 750 752 752 752 747 747 747 748 748 748 750 750 750 752 752 752 751 751 751 730 730 730 753 753 753 748 748 748 754 754 754 751 751 751 752 752 752 752 752 752 755 755 755 754 754 754 754 754 754 755 755 755 756 756 756 748 748 748 757 757 757 752 752 752 756 756 756 752 752 752 757 757 757 748 748 748 753 753 753 758 758 758 758 758 758 757 757 757 748 748 748 757 757 757 758 758 758 759 759 759 756 756 756 760 760 760 754 754 754 757 757 757 761 761 761 756 756 756 762 762 762 761 761 761 757 757 757 757 757 757 759 759 759 762 762 762 763 763 763 756 756 756 761 761 761 761 761 761 762 762 762 763 763 763 763 763 763 764 764 764 756 756 756 760 760 760 756 756 756 764 764 764 764 764 764 765 765 765 760 760 760 762 762 762 766 766 766 763 763 763 762 762 762 759 759 759 767 767 767 767 767 767 766 766 766 762 762 762 768 768 768 767 767 767 759 759 759 759 759 759 753 753 753 768 768 768 766 766 766 767 767 767 769 769 769 769 769 769 770 770 770 766 766 766 763 763 763 766 766 766 770 770 770 771 771 771 769 769 769 767 767 767 771 771 771 767 767 767 768 768 768 763 763 763 770 770 770 772 772 772 772 772 772 773 773 773 763 763 763 770 770 770 771 771 771 774 774 774 774 774 774 772 772 772 770 770 770 768 768 768 775 775 775 771 771 771 776 776 776 774 774 774 771 771 771 771 771 771 775 775 775 776 776 776 777 777 777 768 768 768 753 753 753 775 775 775 768 768 768 777 777 777 753 753 753 730 730 730 777 777 777 723 723 723 777 777 777 730 730 730 727 727 727 777 777 777 723 723 723 777 777 777 778 778 778 775 775 775 727 727 727 778 778 778 777 777 777 775 775 775 727 727 727 779 779 779 779 779 779 776 776 776 775 775 775 780 780 780 779 779 779 727 727 727 727 727 727 721 721 721 780 780 780 780 780 780 721 721 721 781 781 781 781 781 781 782 782 782 780 780 780 780 780 780 782 782 782 783 783 783 783 783 783 784 784 784 780 780 780 779 779 779 780 780 780 785 785 785 785 785 785 780 780 780 784 784 784 779 779 779 785 785 785 786 786 786 786 786 786 787 787 787 779 779 779 776 776 776 787 787 787 786 786 786 784 784 784 788 788 788 785 785 785 776 776 776 786 786 786 789 789 789 784 784 784 790 790 790 788 788 788 789 789 789 791 791 791 776 776 776 774 774 774 791 791 791 789 789 789 792 792 792 774 774 774 789 789 789 789 789 789 793 793 793 792 792 792 794 794 794 790 790 790 784 784 784 772 772 772 792 792 792 793 793 793 793 793 793 795 795 795 772 772 772 772 772 772 795 795 795 796 796 796 796 796 796 797 797 797 772 772 772 772 772 772 797 797 797 798 798 798 772 772 772 798 798 798 799 799 799 799 799 799 773 773 773 772 772 772 800 800 800 794 794 794 784 784 784 801 801 801 773 773 773 799 799 799 799 799 799 802 802 802 801 801 801 802 802 802 799 799 799 803 803 803 803 803 803 799 799 799 804 804 804 803 803 803 804 804 804 805 805 805 805 805 805 806 806 806 803 803 803 807 807 807 802 802 802 803 803 803 803 803 803 806 806 806 808 808 808 803 803 803 809 809 809 807 807 807 809 809 809 803 803 803 808 808 808 809 809 809 810 810 810 807 807 807 807 807 807 810 810 810 811 811 811 808 808 808 812 812 812 809 809 809 811 811 811 809 809 809 812 812 812 813 813 813 812 812 812 808 808 808 814 814 814 807 807 807 811 811 811 812 812 812 813 813 813 815 815 815 811 811 811 816 816 816 814 814 814 812 812 812 817 817 817 811 811 811 817 817 817 812 812 812 815 815 815 816 816 816 811 811 811 817 817 817 815 815 815 818 818 818 817 817 817 818 818 818 815 815 815 819 819 819 817 817 817 820 820 820 816 816 816 820 820 820 817 817 817 818 818 818 814 814 814 816 816 816 821 821 821 821 821 821 816 816 816 820 820 820 821 821 821 822 822 822 814 814 814 821 821 821 823 823 823 822 822 822 822 822 822 823 823 823 824 824 824 824 824 824 825 825 825 822 822 822 820 820 820 826 826 826 821 821 821 824 824 824 821 821 821 826 826 826 818 818 818 827 827 827 820 820 820 827 827 827 818 818 818 819 819 819 826 826 826 820 820 820 827 827 827 819 819 819 828 828 828 827 827 827 828 828 828 829 829 829 827 827 827 827 827 827 829 829 829 830 830 830 827 827 827 830 830 830 831 831 831 831 831 831 832 832 832 827 827 827 827 827 827 832 832 832 826 826 826 831 831 831 833 833 833 832 832 832 826 826 826 832 832 832 833 833 833 833 833 833 834 834 834 826 826 826 826 826 826 834 834 834 824 824 824 833 833 833 835 835 835 834 834 834 834 834 834 835 835 835 836 836 836 836 836 836 837 837 837 834 834 834 824 824 824 834 834 834 837 837 837 837 837 837 838 838 838 824 824 824 824 824 824 838 838 838 825 825 825 837 837 837 839 839 839 838 838 838 838 838 838 839 839 839 840 840 840 840 840 840 800 800 800 838 838 838 838 838 838 800 800 800 825 825 825 841 841 841 825 825 825 800 800 800 800 800 800 842 842 842 841 841 841 784 784 784 842 842 842 800 800 800 841 841 841 842 842 842 843 843 843 844 844 844 841 841 841 843 843 843 843 843 843 842 842 842 845 845 845 843 843 843 845 845 845 846 846 846 846 846 846 847 847 847 843 843 843 843 843 843 847 847 847 848 848 848 849 849 849 843 843 843 848 848 848 843 843 843 849 849 849 844 844 844 849 849 849 850 850 850 844 844 844 844 844 844 850 850 850 851 851 851 848 848 848 852 852 852 849 849 849 851 851 851 849 849 849 852 852 852 853 853 853 852 852 852 848 848 848 854 854 854 844 844 844 851 851 851 852 852 852 853 853 853 855 855 855 851 851 851 856 856 856 854 854 854 852 852 852 857 857 857 851 851 851 857 857 857 852 852 852 855 855 855 856 856 856 851 851 851 857 857 857 855 855 855 858 858 858 857 857 857 858 858 858 855 855 855 859 859 859 857 857 857 860 860 860 856 856 856 860 860 860 857 857 857 858 858 858 854 854 854 856 856 856 861 861 861 861 861 861 856 856 856 860 860 860 861 861 861 862 862 862 854 854 854 861 861 861 863 863 863 862 862 862 862 862 862 863 863 863 864 864 864 864 864 864 865 865 865 862 862 862 860 860 860 866 866 866 861 861 861 864 864 864 861 861 861 866 866 866 858 858 858 867 867 867 860 860 860 867 867 867 858 858 858 859 859 859 866 866 866 860 860 860 867 867 867 859 859 859 868 868 868 867 867 867 868 868 868 869 869 869 867 867 867 867 867 867 869 869 869 870 870 870 867 867 867 870 870 870 871 871 871 871 871 871 872 872 872 867 867 867 867 867 867 872 872 872 866 866 866 871 871 871 873 873 873 872 872 872 866 866 866 872 872 872 873 873 873 873 873 873 874 874 874 866 866 866 866 866 866 874 874 874 864 864 864 873 873 873 875 875 875 874 874 874 874 874 874 875 875 875 876 876 876 876 876 876 877 877 877 874 874 874 864 864 864 874 874 874 877 877 877 877 877 877 878 878 878 864 864 864 865 865 865 864 864 864 878 878 878 877 877 877 879 879 879 878 878 878 878 878 878 879 879 879 880 880 880 880 880 880 881 881 881 878 878 878 878 878 878 881 881 881 865 865 865 882 882 882 865 865 865 881 881 881 881 881 881 883 883 883 882 882 882 882 882 882 883 883 883 884 884 884 883 883 883 881 881 881 885 885 885 886 886 886 882 882 882 884 884 884 884 884 884 883 883 883 887 887 887 884 884 884 887 887 887 888 888 888 888 888 888 889 889 889 884 884 884 885 885 885 890 890 890 883 883 883 884 884 884 889 889 889 891 891 891 885 885 885 892 892 892 890 890 890 893 893 893 892 892 892 885 885 885 885 885 885 894 894 894 893 893 893 895 895 895 894 894 894 885 885 885 896 896 896 884 884 884 891 891 891 884 884 884 896 896 896 886 886 886 891 891 891 897 897 897 896 896 896 898 898 898 897 897 897 891 891 891 897 897 897 898 898 898 899 899 899 896 896 896 900 900 900 886 886 886 901 901 901 896 896 896 897 897 897 886 886 886 900 900 900 901 901 901 902 902 902 897 897 897 899 899 899 897 897 897 902 902 902 901 901 901 899 899 899 903 903 903 902 902 902 903 903 903 899 899 899 904 904 904 905 905 905 901 901 901 902 902 902 906 906 906 902 902 902 903 903 903 902 902 902 906 906 906 905 905 905 907 907 907 903 903 903 904 904 904 903 903 903 907 907 907 906 906 906 904 904 904 908 908 908 907 907 907 908 908 908 909 909 909 907 907 907 907 907 907 909 909 909 910 910 910 910 910 910 911 911 911 907 907 907 907 907 907 911 911 911 912 912 912 912 912 912 913 913 913 907 907 907 912 912 912 914 914 914 913 913 913 907 907 907 913 913 913 915 915 915 915 915 915 913 913 913 914 914 914 915 915 915 906 906 906 907 907 907 914 914 914 916 916 916 915 915 915 914 914 914 917 917 917 916 916 916 916 916 916 917 917 917 918 918 918 918 918 918 919 919 919 916 916 916 906 906 906 915 915 915 920 920 920 920 920 920 905 905 905 906 906 906 915 915 915 916 916 916 921 921 921 921 921 921 920 920 920 915 915 915 921 921 921 916 916 916 919 919 919 922 922 922 905 905 905 920 920 920 901 901 901 905 905 905 922 922 922 922 922 922 886 886 886 901 901 901 919 919 919 923 923 923 921 921 921 919 919 919 924 924 924 923 923 923 923 923 923 924 924 924 925 925 925 925 925 925 926 926 926 923 923 923 921 921 921 923 923 923 927 927 927 923 923 923 926 926 926 927 927 927 921 921 921 927 927 927 928 928 928 928 928 928 929 929 929 921 921 921 920 920 920 929 929 929 928 928 928 920 920 920 928 928 928 922 922 922 928 928 928 927 927 927 930 930 930 930 930 930 931 931 931 928 928 928 931 931 931 932 932 932 928 928 928 922 922 922 928 928 928 932 932 932 932 932 932 933 933 933 922 922 922 933 933 933 934 934 934 922 922 922 922 922 922 934 934 934 935 935 935 935 935 935 933 933 933 936 936 936 886 886 886 922 922 922 935 935 935 936 936 936 937 937 937 935 935 935 937 937 937 938 938 938 935 935 935 935 935 935 938 938 938 939 939 939 935 935 935 939 939 939 940 940 940 935 935 935 941 941 941 886 886 886 886 886 886 941 941 941 942 942 942 943 943 943 886 886 886 942 942 942 940 940 940 944 944 944 935 935 935 944 944 944 940 940 940 945 945 945 944 944 944 945 945 945 946 946 946 942 942 942 947 947 947 943 943 943 948 948 948 943 943 943 947 947 947 949 949 949 942 942 942 935 935 935 935 935 935 944 944 944 949 949 949 950 950 950 947 947 947 942 942 942 942 942 942 949 949 949 950 950 950 947 947 947 951 951 951 948 948 948 951 951 951 947 947 947 950 950 950 948 948 948 951 951 951 952 952 952 952 952 952 953 953 953 948 948 948 950 950 950 954 954 954 951 951 951 953 953 953 952 952 952 955 955 955 955 955 955 956 956 956 953 953 953 956 956 956 955 955 955 957 957 957 957 957 957 958 958 958 956 956 956 958 958 958 957 957 957 959 959 959 959 959 959 960 960 960 958 958 958 960 960 960 959 959 959 961 961 961 961 961 961 962 962 962 960 960 960 962 962 962 961 961 961 963 963 963 954 954 954 950 950 950 964 964 964 964 964 964 950 950 950 949 949 949 964 964 964 965 965 965 954 954 954 949 949 949 966 966 966 964 964 964 966 966 966 949 949 949 944 944 944 965 965 965 964 964 964 967 967 967 967 967 967 964 964 964 966 966 966 967 967 967 968 968 968 965 965 965 944 944 944 969 969 969 966 966 966 946 946 946 969 969 969 944 944 944 969 969 969 946 946 946 970 970 970 966 966 966 971 971 971 967 967 967 971 971 971 966 966 966 969 969 969 968 968 968 967 967 967 972 972 972 972 972 972 967 967 967 971 971 971 972 972 972 973 973 973 968 968 968 974 974 974 973 973 973 972 972 972 975 975 975 969 969 969 970 970 970 969 969 969 975 975 975 971 971 971 970 970 970 976 976 976 975 975 975 976 976 976 977 977 977 975 975 975 975 975 975 977 977 977 978 978 978 979 979 979 971 971 971 975 975 975 971 971 971 979 979 979 972 972 972 978 978 978 980 980 980 975 975 975 975 975 975 980 980 980 979 979 979 980 980 980 978 978 978 981 981 981 981 981 981 982 982 982 980 980 980 983 983 983 972 972 972 979 979 979 979 979 979 980 980 980 983 983 983 972 972 972 983 983 983 974 974 974 984 984 984 980 980 980 982 982 982 982 982 982 985 985 985 984 984 984 984 984 984 985 985 985 986 986 986 986 986 986 987 987 987 984 984 984 988 988 988 983 983 983 980 980 980 980 980 980 984 984 984 988 988 988 974 974 974 983 983 983 989 989 989 989 989 989 983 983 983 988 988 988 989 989 989 990 990 990 974 974 974 991 991 991 988 988 988 984 984 984 988 988 988 991 991 991 989 989 989 990 990 990 989 989 989 992 992 992 992 992 992 989 989 989 991 991 991 992 992 992 993 993 993 990 990 990 984 984 984 994 994 994 991 991 991 994 994 994 984 984 984 987 987 987 987 987 987 995 995 995 994 994 994 994 994 994 995 995 995 996 996 996 994 994 994 996 996 996 997 997 997 991 991 991 998 998 998 992 992 992 998 998 998 991 991 991 994 994 994 993 993 993 992 992 992 999 999 999 999 999 999 992 992 992 998 998 998 999 999 999 1000 1000 1000 993 993 993 997 997 997 1001 1001 1001 994 994 994 994 994 994 1001 1001 1001 998 998 998 997 997 997 1002 1002 1002 1001 1001 1001 998 998 998 1003 1003 1003 999 999 999 1003 1003 1003 998 998 998 1001 1001 1001 1000 1000 1000 999 999 999 1004 1004 1004 1004 1004 1004 999 999 999 1003 1003 1003 1004 1004 1004 1005 1005 1005 1000 1000 1000 1006 1006 1006 1001 1001 1001 1002 1002 1002 1001 1001 1001 1006 1006 1006 1003 1003 1003 1002 1002 1002 1007 1007 1007 1006 1006 1006 1007 1007 1007 1008 1008 1008 1006 1006 1006 1009 1009 1009 1005 1005 1005 1004 1004 1004 1010 1010 1010 1005 1005 1005 1009 1009 1009 1009 1009 1009 1011 1011 1011 1010 1010 1010 1010 1010 1010 1011 1011 1011 1012 1012 1012 1012 1012 1012 1013 1013 1013 1010 1010 1010 1013 1013 1013 1012 1012 1012 1014 1014 1014 1014 1014 1014 1015 1015 1015 1013 1013 1013 1015 1015 1015 1014 1014 1014 1016 1016 1016 1016 1016 1016 1017 1017 1017 1015 1015 1015 1017 1017 1017 1016 1016 1016 1018 1018 1018 1018 1018 1018 1019 1019 1019 1017 1017 1017 480 480 480 1019 1019 1019 1018 1018 1018 1018 1018 1018 962 962 962 480 480 480 963 963 963 480 480 480 962 962 962 480 480 480 963 963 963 646 646 646 1020 1020 1020 646 646 646 963 963 963 1021 1021 1021 1020 1020 1020 963 963 963 963 963 963 1022 1022 1022 1021 1021 1021 1023 1023 1023 1021 1021 1021 1022 1022 1022 1024 1024 1024 1023 1023 1023 1022 1022 1022 1025 1025 1025 1024 1024 1024 1022 1022 1022 1025 1025 1025 1022 1022 1022 1026 1026 1026 1026 1026 1026 1027 1027 1027 1025 1025 1025 1028 1028 1028 1027 1027 1027 1026 1026 1026 1029 1029 1029 1028 1028 1028 1026 1026 1026 1026 1026 1026 1030 1030 1030 1029 1029 1029 1030 1030 1030 1031 1031 1031 1029 1029 1029 1032 1032 1032 1031 1031 1031 1030 1030 1030 1032 1032 1032 1030 1030 1030 166 166 166 166 166 166 1033 1033 1033 1032 1032 1032 1033 1033 1033 166 166 166 162 162 162 162 162 162 1034 1034 1034 1033 1033 1033 1033 1033 1033 1034 1034 1034 1035 1035 1035 1035 1035 1035 1036 1036 1036 1033 1033 1033 1036 1036 1036 1035 1035 1035 1037 1037 1037 1038 1038 1038 1033 1033 1033 1039 1039 1039 1037 1037 1037 1040 1040 1040 1036 1036 1036 1040 1040 1040 1037 1037 1037 1041 1041 1041 1039 1039 1039 1042 1042 1042 1038 1038 1038 1042 1042 1042 1039 1039 1039 1036 1036 1036 1042 1042 1042 1043 1043 1043 1038 1038 1038 1041 1041 1041 1044 1044 1044 1040 1040 1040 1044 1044 1044 1041 1041 1041 638 638 638 1045 1045 1045 1044 1044 1044 638 638 638 1046 1046 1046 1045 1045 1045 638 638 638 1047 1047 1047 1046 1046 1046 638 638 638 1048 1048 1048 1047 1047 1047 638 638 638 638 638 638 644 644 644 1048 1048 1048 1049 1049 1049 1044 1044 1044 1050 1050 1050 1050 1050 1050 1051 1051 1051 1049 1049 1049 1040 1040 1040 1049 1049 1049 1051 1051 1051 1051 1051 1051 1050 1050 1050 1052 1052 1052 1051 1051 1051 1053 1053 1053 1040 1040 1040 1053 1053 1053 1054 1054 1054 1040 1040 1040 1036 1036 1036 1054 1054 1054 1053 1053 1053 1053 1053 1053 1042 1042 1042 1036 1036 1036 1052 1052 1052 1055 1055 1055 1051 1051 1051 1053 1053 1053 1051 1051 1051 1055 1055 1055 1052 1052 1052 1056 1056 1056 1055 1055 1055 1055 1055 1055 1056 1056 1056 1047 1047 1047 1042 1042 1042 1053 1053 1053 1057 1057 1057 1055 1055 1055 1057 1057 1057 1053 1053 1053 1057 1057 1057 1058 1058 1058 1042 1042 1042 1043 1043 1043 1042 1042 1042 1058 1058 1058 1058 1058 1058 1029 1029 1029 1043 1043 1043 1059 1059 1059 1029 1029 1029 1058 1058 1058 1060 1060 1060 1057 1057 1057 1055 1055 1055 1058 1058 1058 1057 1057 1057 1060 1060 1060 1058 1058 1058 1061 1061 1061 1059 1059 1059 1060 1060 1060 1061 1061 1061 1058 1058 1058 1061 1061 1061 1062 1062 1062 1059 1059 1059 1063 1063 1063 1062 1062 1062 1061 1061 1061 1055 1055 1055 1064 1064 1064 1060 1060 1060 1064 1064 1064 1055 1055 1055 1047 1047 1047 1047 1047 1047 1065 1065 1065 1064 1064 1064 1064 1064 1064 1065 1065 1065 1066 1066 1066 1064 1064 1064 1066 1066 1066 644 644 644 1061 1061 1061 1060 1060 1060 1067 1067 1067 1064 1064 1064 1067 1067 1067 1060 1060 1060 1061 1061 1061 1068 1068 1068 1063 1063 1063 1067 1067 1067 1068 1068 1068 1061 1061 1061 1068 1068 1068 1069 1069 1069 1063 1063 1063 1070 1070 1070 1067 1067 1067 1064 1064 1064 1068 1068 1068 1067 1067 1067 1070 1070 1070 644 644 644 1071 1071 1071 1064 1064 1064 1064 1064 1064 1071 1071 1071 1070 1070 1070 644 644 644 1072 1072 1072 1071 1071 1071 1071 1071 1071 1072 1072 1072 1073 1073 1073 1073 1073 1073 636 636 636 1074 1074 1074 1074 1074 1074 1071 1071 1071 1073 1073 1073 1075 1075 1075 1071 1071 1071 1074 1074 1074 1071 1071 1071 1075 1075 1075 1070 1070 1070 1074 1074 1074 637 637 637 1075 1075 1075 637 637 637 1076 1076 1076 1075 1075 1075 1070 1070 1070 1077 1077 1077 1068 1068 1068 1077 1077 1077 1070 1070 1070 1075 1075 1075 1069 1069 1069 1068 1068 1068 1077 1077 1077 1077 1077 1077 1024 1024 1024 1069 1069 1069 1077 1077 1077 1078 1078 1078 1024 1024 1024 1079 1079 1079 1075 1075 1075 1076 1076 1076 1075 1075 1075 1079 1079 1079 1077 1077 1077 1076 1076 1076 1080 1080 1080 1079 1079 1079 1079 1079 1079 1081 1081 1081 1077 1077 1077 1081 1081 1081 1079 1079 1079 1080 1080 1080 1078 1078 1078 1077 1077 1077 1081 1081 1081 1080 1080 1080 1082 1082 1082 1081 1081 1081 1081 1081 1081 1083 1083 1083 1078 1078 1078 1083 1083 1083 1081 1081 1081 1082 1082 1082 1083 1083 1083 1084 1084 1084 1078 1078 1078 1085 1085 1085 1084 1084 1084 1083 1083 1083 1082 1082 1082 1086 1086 1086 1083 1083 1083 1087 1087 1087 1085 1085 1085 1083 1083 1083 1083 1083 1083 1086 1086 1086 1087 1087 1087 1086 1086 1086 646 646 646 1087 1087 1087 1088 1088 1088 1089 1089 1089 1090 1090 1090 1088 1088 1088 1090 1090 1090 1091 1091 1091 1091 1091 1091 1092 1092 1092 1088 1088 1088 1092 1092 1092 1091 1091 1091 1093 1093 1093 1094 1094 1094 1092 1092 1092 1093 1093 1093 1093 1093 1093 742 742 742 1094 1094 1094 741 741 741 1094 1094 1094 742 742 742 1095 1095 1095 1094 1094 1094 741 741 741 741 741 741 743 743 743 1095 1095 1095 1096 1096 1096 1095 1095 1095 743 743 743 1097 1097 1097 1092 1092 1092 1094 1094 1094 1094 1094 1094 1096 1096 1096 1097 1097 1097 1092 1092 1092 1097 1097 1097 1098 1098 1098 1098 1098 1098 1088 1088 1088 1092 1092 1092 1099 1099 1099 1097 1097 1097 1096 1096 1096 1100 1100 1100 1098 1098 1098 1097 1097 1097 1097 1097 1097 1099 1099 1099 1100 1100 1100 1088 1088 1088 1098 1098 1098 1101 1101 1101 1098 1098 1098 1100 1100 1100 1102 1102 1102 1102 1102 1102 1101 1101 1101 1098 1098 1098 1103 1103 1103 1102 1102 1102 1100 1100 1100 1101 1101 1101 1102 1102 1102 1104 1104 1104 1104 1104 1104 1102 1102 1102 1103 1103 1103 1104 1104 1104 1105 1105 1105 1101 1101 1101 1103 1103 1103 1106 1106 1106 1104 1104 1104 1107 1107 1107 1101 1101 1101 1105 1105 1105 1101 1101 1101 1107 1107 1107 1088 1088 1088 1108 1108 1108 1088 1088 1088 1107 1107 1107 1107 1107 1107 1109 1109 1109 1108 1108 1108 1110 1110 1110 1109 1109 1109 1107 1107 1107 1105 1105 1105 1111 1111 1111 1107 1107 1107 1107 1107 1107 1112 1112 1112 1110 1110 1110 1112 1112 1112 1107 1107 1107 1111 1111 1111 1111 1111 1111 1113 1113 1113 1112 1112 1112 1113 1113 1113 1114 1114 1114 1112 1112 1112 1112 1112 1112 1114 1114 1114 1115 1115 1115 1112 1112 1112 1115 1115 1115 1116 1116 1116 1116 1116 1116 926 926 926 1112 1112 1112 926 926 926 1116 1116 1116 1117 1117 1117 1117 1117 1117 927 927 927 926 926 926 930 930 930 927 927 927 1117 1117 1117 1117 1117 1117 1118 1118 1118 930 930 930 1118 1118 1118 1117 1117 1117 1119 1119 1119 1119 1119 1119 1120 1120 1120 1118 1118 1118 1119 1119 1119 1121 1121 1121 1120 1120 1120 1121 1121 1121 1119 1119 1119 1122 1122 1122 1122 1122 1122 1123 1123 1123 1121 1121 1121 1122 1122 1122 1124 1124 1124 1123 1123 1123 1125 1125 1125 1124 1124 1124 1122 1122 1122 1126 1126 1126 1123 1123 1123 1125 1125 1125 1125 1125 1125 1127 1127 1127 1126 1126 1126 1125 1125 1125 1128 1128 1128 1127 1127 1127 1129 1129 1129 1128 1128 1128 1125 1125 1125 1008 1008 1008 1129 1129 1129 1125 1125 1125 1125 1125 1125 1006 1006 1006 1008 1008 1008 1125 1125 1125 1122 1122 1122 1130 1130 1130 1130 1130 1130 1131 1131 1131 1125 1125 1125 1006 1006 1006 1125 1125 1125 1132 1132 1132 1132 1132 1132 1131 1131 1131 1130 1130 1130 1132 1132 1132 1003 1003 1003 1006 1006 1006 1003 1003 1003 1132 1132 1132 1004 1004 1004 1132 1132 1132 1130 1130 1130 801 801 801 801 801 801 1004 1004 1004 1132 1132 1132 1004 1004 1004 801 801 801 1009 1009 1009 1133 1133 1133 773 773 773 801 801 801 1134 1134 1134 773 773 773 1133 1133 1133 1133 1133 1133 1135 1135 1135 1134 1134 1134 1136 1136 1136 1135 1135 1135 1133 1133 1133 801 801 801 1137 1137 1137 1133 1133 1133 1136 1136 1136 1133 1133 1133 1137 1137 1137 1137 1137 1137 801 801 801 1138 1138 1138 1138 1138 1138 1139 1139 1139 1137 1137 1137 1140 1140 1140 1139 1139 1139 1138 1138 1138 1140 1140 1140 1138 1138 1138 1141 1141 1141 1137 1137 1137 1142 1142 1142 1136 1136 1136 1143 1143 1143 1136 1136 1136 1142 1142 1142 1142 1142 1142 1144 1144 1144 1143 1143 1143 1145 1145 1145 1144 1144 1144 1142 1142 1142 1146 1146 1146 1142 1142 1142 1137 1137 1137 1145 1145 1145 1142 1142 1142 1146 1146 1146 1137 1137 1137 1140 1140 1140 1146 1146 1146 1146 1146 1146 1147 1147 1147 1145 1145 1145 1148 1148 1148 1145 1145 1145 1147 1147 1147 1149 1149 1149 1146 1146 1146 1140 1140 1140 1148 1148 1148 1147 1147 1147 1150 1150 1150 1150 1150 1150 1147 1147 1147 1146 1146 1146 1146 1146 1146 1149 1149 1149 1150 1150 1150 1150 1150 1150 1151 1151 1151 1148 1148 1148 1150 1150 1150 1152 1152 1152 1151 1151 1151 1153 1153 1153 1152 1152 1152 1150 1150 1150 1154 1154 1154 1153 1153 1153 1150 1150 1150 1150 1150 1150 1155 1155 1155 1154 1154 1154 1155 1155 1155 1150 1150 1150 1149 1149 1149 1155 1155 1155 1156 1156 1156 1154 1154 1154 1149 1149 1149 1157 1157 1157 1155 1155 1155 1156 1156 1156 1155 1155 1155 1157 1157 1157 1140 1140 1140 1158 1158 1158 1149 1149 1149 1157 1157 1157 1149 1149 1149 1158 1158 1158 1141 1141 1141 1158 1158 1158 1140 1140 1140 1157 1157 1157 1159 1159 1159 1156 1156 1156 1159 1159 1159 1160 1160 1160 1156 1156 1156 1158 1158 1158 1161 1161 1161 1157 1157 1157 1161 1161 1161 1158 1158 1158 1141 1141 1141 1159 1159 1159 1157 1157 1157 1161 1161 1161 1160 1160 1160 1159 1159 1159 1162 1162 1162 1141 1141 1141 1163 1163 1163 1161 1161 1161 1161 1161 1161 1164 1164 1164 1159 1159 1159 1162 1162 1162 1159 1159 1159 1164 1164 1164 1163 1163 1163 1165 1165 1165 1161 1161 1161 1164 1164 1164 1165 1165 1165 1163 1163 1163 1164 1164 1164 1166 1166 1166 1162 1162 1162 1166 1166 1166 1164 1164 1164 1163 1163 1163 1166 1166 1166 1167 1167 1167 1162 1162 1162 1163 1163 1163 1117 1117 1117 1166 1166 1166 1168 1168 1168 1167 1167 1167 1166 1166 1166 1117 1117 1117 1116 1116 1116 1166 1166 1166 1166 1166 1166 1169 1169 1169 1168 1168 1168 1166 1166 1166 1116 1116 1116 1169 1169 1169 1170 1170 1170 1171 1171 1171 1172 1172 1172 1173 1173 1173 1170 1170 1170 1172 1172 1172 1173 1173 1173 1174 1174 1174 1170 1170 1170 1172 1172 1172 1175 1175 1175 1173 1173 1173 1175 1175 1175 1172 1172 1172 1176 1176 1176 1176 1176 1176 1177 1177 1177 1175 1175 1175 1177 1177 1177 1176 1176 1176 1178 1178 1178 1173 1173 1173 1175 1175 1175 1179 1179 1179 1178 1178 1178 1180 1180 1180 1177 1177 1177 1180 1180 1180 1178 1178 1178 1181 1181 1181 1175 1175 1175 1177 1177 1177 1182 1182 1182 1182 1182 1182 1179 1179 1179 1175 1175 1175 1177 1177 1177 1180 1180 1180 1183 1183 1183 1183 1183 1183 1182 1182 1182 1177 1177 1177 1181 1181 1181 1184 1184 1184 1180 1180 1180 1184 1184 1184 1181 1181 1181 1185 1185 1185 1185 1185 1185 1186 1186 1186 1184 1184 1184 1184 1184 1184 1186 1186 1186 1187 1187 1187 1180 1180 1180 1184 1184 1184 1188 1188 1188 1187 1187 1187 1188 1188 1188 1184 1184 1184 1188 1188 1188 1183 1183 1183 1180 1180 1180 1188 1188 1188 1187 1187 1187 1189 1189 1189 1183 1183 1183 1188 1188 1188 1190 1190 1190 1189 1189 1189 1190 1190 1190 1188 1188 1188 1190 1190 1190 1191 1191 1191 1183 1183 1183 1182 1182 1182 1183 1183 1183 1191 1191 1191 1192 1192 1192 1190 1190 1190 1189 1189 1189 1191 1191 1191 1190 1190 1190 1192 1192 1192 1189 1189 1189 1193 1193 1193 1192 1192 1192 1191 1191 1191 1194 1194 1194 1182 1182 1182 1179 1179 1179 1182 1182 1182 1194 1194 1194 1192 1192 1192 1195 1195 1195 1191 1191 1191 1194 1194 1194 1191 1191 1191 1195 1195 1195 1195 1195 1195 1192 1192 1192 1193 1193 1193 1193 1193 1193 1189 1189 1189 1196 1196 1196 1195 1195 1195 1197 1197 1197 1194 1194 1194 1193 1193 1193 1198 1198 1198 1195 1195 1195 1197 1197 1197 1195 1195 1195 1198 1198 1198 1198 1198 1198 1193 1193 1193 1199 1199 1199 1196 1196 1196 1199 1199 1199 1193 1193 1193 1200 1200 1200 1194 1194 1194 1197 1197 1197 1194 1194 1194 1200 1200 1200 1179 1179 1179 1198 1198 1198 1201 1201 1201 1197 1197 1197 1202 1202 1202 1179 1179 1179 1200 1200 1200 1179 1179 1179 1202 1202 1202 1173 1173 1173 1197 1197 1197 1203 1203 1203 1200 1200 1200 1203 1203 1203 1197 1197 1197 1201 1201 1201 1200 1200 1200 1204 1204 1204 1202 1202 1202 1204 1204 1204 1200 1200 1200 1203 1203 1203 1173 1173 1173 1202 1202 1202 1205 1205 1205 1206 1206 1206 1205 1205 1205 1202 1202 1202 1202 1202 1202 1207 1207 1207 1206 1206 1206 1208 1208 1208 1206 1206 1206 1207 1207 1207 1207 1207 1207 1204 1204 1204 1208 1208 1208 1205 1205 1205 1209 1209 1209 1173 1173 1173 1210 1210 1210 1208 1208 1208 1204 1204 1204 1204 1204 1204 1211 1211 1211 1210 1210 1210 1212 1212 1212 1210 1210 1210 1211 1211 1211 1203 1203 1203 1213 1213 1213 1204 1204 1204 1211 1211 1211 1213 1213 1213 1212 1212 1212 1213 1213 1213 1203 1203 1203 1214 1214 1214 1201 1201 1201 1214 1214 1214 1203 1203 1203 1215 1215 1215 1212 1212 1212 1213 1213 1213 1214 1214 1214 1216 1216 1216 1213 1213 1213 1213 1213 1213 1216 1216 1216 1215 1215 1215 1214 1214 1214 1201 1201 1201 1217 1217 1217 1218 1218 1218 1215 1215 1215 1216 1216 1216 1216 1216 1216 1219 1219 1219 1218 1218 1218 1220 1220 1220 1218 1218 1218 1219 1219 1219 1216 1216 1216 1214 1214 1214 1221 1221 1221 1217 1217 1217 1221 1221 1221 1214 1214 1214 1221 1221 1221 1222 1222 1222 1216 1216 1216 1219 1219 1219 1222 1222 1222 1220 1220 1220 1221 1221 1221 1217 1217 1217 1223 1223 1223 1224 1224 1224 1220 1220 1220 1222 1222 1222 1222 1222 1222 1225 1225 1225 1224 1224 1224 1226 1226 1226 1224 1224 1224 1225 1225 1225 1222 1222 1222 1221 1221 1221 1227 1227 1227 1223 1223 1223 1227 1227 1227 1221 1221 1221 1227 1227 1227 1228 1228 1228 1222 1222 1222 1225 1225 1225 1228 1228 1228 1226 1226 1226 1227 1227 1227 1223 1223 1223 1229 1229 1229 1228 1228 1228 1227 1227 1227 1230 1230 1230 1229 1229 1229 1230 1230 1230 1227 1227 1227 1231 1231 1231 1226 1226 1226 1228 1228 1228 1230 1230 1230 1232 1232 1232 1228 1228 1228 1228 1228 1228 1232 1232 1232 1231 1231 1231 1230 1230 1230 1229 1229 1229 1233 1233 1233 1232 1232 1232 1234 1234 1234 1231 1231 1231 1235 1235 1235 1234 1234 1234 1232 1232 1232 1232 1232 1232 1230 1230 1230 1236 1236 1236 1233 1233 1233 1236 1236 1236 1230 1230 1230 1232 1232 1232 1237 1237 1237 1235 1235 1235 1236 1236 1236 1237 1237 1237 1232 1232 1232 1238 1238 1238 1235 1235 1235 1237 1237 1237 1237 1237 1237 1239 1239 1239 1238 1238 1238 1240 1240 1240 1238 1238 1238 1239 1239 1239 1237 1237 1237 1236 1236 1236 1241 1241 1241 1239 1239 1239 1242 1242 1242 1240 1240 1240 1241 1241 1241 1242 1242 1242 1237 1237 1237 1243 1243 1243 1241 1241 1241 1236 1236 1236 1236 1236 1236 1233 1233 1233 1243 1243 1243 1242 1242 1242 1241 1241 1241 1244 1244 1244 1241 1241 1241 1243 1243 1243 1245 1245 1245 1245 1245 1245 1244 1244 1244 1241 1241 1241 1246 1246 1246 1243 1243 1243 1233 1233 1233 1247 1247 1247 1245 1245 1245 1243 1243 1243 1243 1243 1243 1246 1246 1246 1247 1247 1247 1233 1233 1233 1248 1248 1248 1246 1246 1246 1248 1248 1248 1233 1233 1233 1229 1229 1229 1249 1249 1249 1247 1247 1247 1246 1246 1246 1229 1229 1229 1250 1250 1250 1248 1248 1248 1250 1250 1250 1229 1229 1229 1223 1223 1223 1251 1251 1251 1246 1246 1246 1248 1248 1248 1246 1246 1246 1251 1251 1251 1249 1249 1249 1252 1252 1252 1248 1248 1248 1250 1250 1250 1248 1248 1248 1252 1252 1252 1251 1251 1251 1223 1223 1223 1253 1253 1253 1250 1250 1250 1253 1253 1253 1223 1223 1223 1217 1217 1217 1250 1250 1250 1254 1254 1254 1252 1252 1252 1254 1254 1254 1250 1250 1250 1253 1253 1253 1196 1196 1196 1251 1251 1251 1252 1252 1252 1196 1196 1196 1252 1252 1252 1254 1254 1254 1196 1196 1196 1249 1249 1249 1251 1251 1251 1253 1253 1253 1255 1255 1255 1254 1254 1254 1254 1254 1254 1255 1255 1255 1196 1196 1196 1217 1217 1217 1256 1256 1256 1253 1253 1253 1255 1255 1255 1253 1253 1253 1256 1256 1256 1256 1256 1256 1217 1217 1217 1201 1201 1201 1201 1201 1201 1198 1198 1198 1256 1256 1256 1199 1199 1199 1256 1256 1256 1198 1198 1198 1256 1256 1256 1199 1199 1199 1255 1255 1255 1196 1196 1196 1255 1255 1255 1199 1199 1199 1257 1257 1257 1249 1249 1249 1196 1196 1196 1247 1247 1247 1249 1249 1249 1257 1257 1257 1196 1196 1196 1258 1258 1258 1257 1257 1257 1257 1257 1257 1259 1259 1259 1247 1247 1247 1259 1259 1259 1257 1257 1257 1258 1258 1258 1245 1245 1245 1247 1247 1247 1259 1259 1259 1260 1260 1260 1258 1258 1258 1196 1196 1196 1196 1196 1196 1261 1261 1261 1260 1260 1260 1258 1258 1258 1262 1262 1262 1259 1259 1259 1262 1262 1262 1258 1258 1258 1260 1260 1260 1259 1259 1259 1263 1263 1263 1245 1245 1245 1263 1263 1263 1259 1259 1259 1262 1262 1262 1244 1244 1244 1245 1245 1245 1263 1263 1263 1264 1264 1264 1260 1260 1260 1261 1261 1261 1261 1261 1261 1265 1265 1265 1264 1264 1264 1264 1264 1264 1265 1265 1265 1266 1266 1266 1266 1266 1266 1267 1267 1267 1264 1264 1264 1268 1268 1268 1260 1260 1260 1264 1264 1264 1260 1260 1260 1268 1268 1268 1262 1262 1262 1269 1269 1269 1264 1264 1264 1267 1267 1267 1264 1264 1264 1269 1269 1269 1268 1268 1268 1270 1270 1270 1269 1269 1269 1267 1267 1267 1267 1267 1267 1271 1271 1271 1270 1270 1270 1272 1272 1272 1270 1270 1270 1271 1271 1271 1273 1273 1273 1268 1268 1268 1269 1269 1269 1269 1269 1269 1272 1272 1272 1273 1273 1273 1274 1274 1274 1272 1272 1272 1271 1271 1271 1271 1271 1271 1275 1275 1275 1274 1274 1274 1276 1276 1276 1274 1274 1274 1275 1275 1275 1275 1275 1275 1277 1277 1277 1276 1276 1276 1277 1277 1277 1278 1278 1278 1276 1276 1276 1279 1279 1279 1278 1278 1278 1277 1277 1277 1277 1277 1277 1280 1280 1280 1279 1279 1279 1280 1280 1280 1281 1281 1281 1279 1279 1279 1281 1281 1281 1282 1282 1282 1279 1279 1279 1272 1272 1272 1276 1276 1276 1283 1283 1283 1283 1283 1283 1273 1273 1273 1272 1272 1272 1276 1276 1276 1279 1279 1279 1284 1284 1284 1284 1284 1284 1283 1283 1283 1276 1276 1276 1284 1284 1284 1279 1279 1279 1285 1285 1285 1285 1285 1285 1279 1279 1279 1282 1282 1282 1283 1283 1283 1284 1284 1284 1286 1286 1286 1273 1273 1273 1283 1283 1283 1287 1287 1287 1286 1286 1286 1287 1287 1287 1283 1283 1283 1287 1287 1287 1288 1288 1288 1273 1273 1273 1268 1268 1268 1273 1273 1273 1288 1288 1288 1288 1288 1288 1262 1262 1262 1268 1268 1268 1262 1262 1262 1288 1288 1288 1263 1263 1263 1289 1289 1289 1263 1263 1263 1288 1288 1288 1288 1288 1288 1287 1287 1287 1289 1289 1289 1263 1263 1263 1289 1289 1289 1244 1244 1244 1290 1290 1290 1289 1289 1289 1287 1287 1287 1287 1287 1287 1286 1286 1286 1290 1290 1290 1291 1291 1291 1244 1244 1244 1289 1289 1289 1289 1289 1289 1290 1290 1290 1291 1291 1291 1244 1244 1244 1291 1291 1291 1242 1242 1242 1291 1291 1291 1290 1290 1290 1292 1292 1292 1293 1293 1293 1292 1292 1292 1290 1290 1290 1290 1290 1290 1294 1294 1294 1293 1293 1293 1295 1295 1295 1293 1293 1293 1294 1294 1294 1294 1294 1294 1286 1286 1286 1295 1295 1295 1296 1296 1296 1295 1295 1295 1286 1286 1286 1286 1286 1286 1297 1297 1297 1296 1296 1296 1298 1298 1298 1296 1296 1296 1297 1297 1297 1297 1297 1297 1284 1284 1284 1298 1298 1298 1285 1285 1285 1298 1298 1298 1284 1284 1284 1299 1299 1299 1295 1295 1295 1298 1298 1298 1300 1300 1300 1298 1298 1298 1285 1285 1285 1298 1298 1298 1300 1300 1300 1299 1299 1299 1295 1295 1295 1299 1299 1299 1301 1301 1301 1301 1301 1301 1292 1292 1292 1295 1295 1295 1302 1302 1302 1299 1299 1299 1300 1300 1300 1303 1303 1303 1301 1301 1301 1299 1299 1299 1299 1299 1299 1302 1302 1302 1303 1303 1303 1292 1292 1292 1301 1301 1301 1304 1304 1304 1301 1301 1301 1303 1303 1303 1305 1305 1305 1305 1305 1305 1304 1304 1304 1301 1301 1301 1304 1304 1304 1306 1306 1306 1292 1292 1292 1292 1292 1292 1306 1306 1306 1291 1291 1291 1307 1307 1307 1291 1291 1291 1306 1306 1306 1306 1306 1306 1308 1308 1308 1307 1307 1307 1242 1242 1242 1307 1307 1307 1308 1308 1308 1308 1308 1308 1240 1240 1240 1242 1242 1242 1306 1306 1306 1304 1304 1304 1309 1309 1309 1309 1309 1309 1240 1240 1240 1306 1306 1306 1310 1310 1310 1309 1309 1309 1304 1304 1304 1304 1304 1304 1305 1305 1305 1310 1310 1310 1240 1240 1240 1309 1309 1309 1311 1311 1311 1311 1311 1311 1235 1235 1235 1240 1240 1240 1309 1309 1309 1310 1310 1310 1312 1312 1312 1312 1312 1312 1311 1311 1311 1309 1309 1309 1235 1235 1235 1311 1311 1311 1313 1313 1313 1313 1313 1313 1231 1231 1231 1235 1235 1235 1311 1311 1311 1312 1312 1312 1314 1314 1314 1314 1314 1314 1313 1313 1313 1311 1311 1311 1231 1231 1231 1313 1313 1313 1315 1315 1315 1315 1315 1315 1226 1226 1226 1231 1231 1231 1313 1313 1313 1314 1314 1314 1316 1316 1316 1316 1316 1316 1315 1315 1315 1313 1313 1313 1226 1226 1226 1315 1315 1315 1317 1317 1317 1317 1317 1317 1220 1220 1220 1226 1226 1226 1315 1315 1315 1316 1316 1316 1318 1318 1318 1318 1318 1318 1317 1317 1317 1315 1315 1315 1220 1220 1220 1317 1317 1317 1319 1319 1319 1319 1319 1319 1215 1215 1215 1220 1220 1220 1317 1317 1317 1318 1318 1318 1320 1320 1320 1320 1320 1320 1319 1319 1319 1317 1317 1317 1215 1215 1215 1319 1319 1319 1321 1321 1321 1321 1321 1321 1212 1212 1212 1215 1215 1215 1319 1319 1319 1320 1320 1320 1322 1322 1322 1322 1322 1322 1321 1321 1321 1319 1319 1319 1212 1212 1212 1321 1321 1321 1323 1323 1323 1323 1323 1323 1208 1208 1208 1212 1212 1212 1321 1321 1321 1322 1322 1322 1324 1324 1324 1324 1324 1324 1323 1323 1323 1321 1321 1321 1208 1208 1208 1323 1323 1323 1325 1325 1325 1325 1325 1325 1205 1205 1205 1208 1208 1208 1323 1323 1323 1324 1324 1324 1326 1326 1326 1326 1326 1326 1325 1325 1325 1323 1323 1323 1205 1205 1205 1325 1325 1325 1327 1327 1327 1327 1327 1327 1209 1209 1209 1205 1205 1205 1325 1325 1325 1326 1326 1326 1328 1328 1328 1328 1328 1328 1327 1327 1327 1325 1325 1325 1329 1329 1329 1328 1328 1328 1326 1326 1326 1209 1209 1209 1327 1327 1327 1330 1330 1330 1327 1327 1327 1331 1331 1331 1330 1330 1330 1332 1332 1332 1330 1330 1330 1331 1331 1331 1330 1330 1330 1333 1333 1333 1209 1209 1209 1334 1334 1334 1332 1332 1332 1331 1331 1331 1331 1331 1331 1328 1328 1328 1334 1334 1334 1209 1209 1209 1333 1333 1333 1335 1335 1335 1328 1328 1328 1336 1336 1336 1334 1334 1334 1335 1335 1335 1112 1112 1112 1209 1209 1209 1337 1337 1337 1334 1334 1334 1336 1336 1336 1336 1336 1336 1329 1329 1329 1337 1337 1337 1209 1209 1209 1112 1112 1112 1174 1174 1174 1174 1174 1174 1173 1173 1173 1209 1209 1209 1174 1174 1174 1112 1112 1112 926 926 926 926 926 926 1338 1338 1338 1174 1174 1174 1338 1338 1338 1339 1339 1339 1174 1174 1174 1174 1174 1174 1339 1339 1339 1340 1340 1340 1174 1174 1174 1340 1340 1340 1341 1341 1341 1341 1341 1341 1342 1342 1342 1174 1174 1174 1343 1343 1343 1174 1174 1174 1342 1342 1342 1342 1342 1342 1341 1341 1341 1344 1344 1344 1345 1345 1345 1343 1343 1343 1342 1342 1342 1344 1344 1344 1346 1346 1346 1342 1342 1342 1346 1346 1346 1344 1344 1344 1347 1347 1347 1342 1342 1342 1348 1348 1348 1345 1345 1345 1349 1349 1349 1345 1345 1345 1348 1348 1348 1350 1350 1350 1349 1349 1349 1348 1348 1348 1351 1351 1351 1348 1348 1348 1342 1342 1342 1342 1342 1342 1346 1346 1346 1351 1351 1351 1348 1348 1348 1352 1352 1352 1350 1350 1350 1352 1352 1352 1348 1348 1348 1351 1351 1351 1353 1353 1353 1350 1350 1350 1352 1352 1352 1353 1353 1353 1352 1352 1352 1354 1354 1354 1354 1354 1354 1355 1355 1355 1353 1353 1353 1355 1355 1355 1354 1354 1354 1356 1356 1356 1357 1357 1357 1355 1355 1355 1356 1356 1356 1351 1351 1351 1358 1358 1358 1352 1352 1352 1351 1351 1351 1359 1359 1359 1358 1358 1358 1360 1360 1360 1351 1351 1351 1346 1346 1346 1358 1358 1358 1359 1359 1359 1360 1360 1360 1346 1346 1346 1361 1361 1361 1360 1360 1360 1347 1347 1347 1361 1361 1361 1346 1346 1346 1352 1352 1352 1358 1358 1358 1362 1362 1362 1362 1362 1362 1356 1356 1356 1352 1352 1352 1363 1363 1363 1361 1361 1361 1347 1347 1347 1347 1347 1347 895 895 895 1363 1363 1363 885 885 885 1363 1363 1363 895 895 895 1361 1361 1361 1363 1363 1363 1364 1364 1364 1364 1364 1364 1360 1360 1360 1361 1361 1361 1363 1363 1363 885 885 885 1365 1365 1365 1365 1365 1365 1364 1364 1364 1363 1363 1363 885 885 885 881 881 881 1366 1366 1366 1366 1366 1366 1365 1365 1365 885 885 885 1367 1367 1367 1360 1360 1360 1364 1364 1364 1360 1360 1360 1367 1367 1367 1358 1358 1358 1364 1364 1364 1368 1368 1368 1367 1367 1367 1364 1364 1364 1369 1369 1369 1368 1368 1368 1358 1358 1358 1367 1367 1367 1370 1370 1370 1370 1370 1370 1362 1362 1362 1358 1358 1358 1369 1369 1369 1365 1365 1365 1371 1371 1371 1371 1371 1371 1368 1368 1368 1369 1369 1369 1366 1366 1366 1371 1371 1371 1365 1365 1365 1368 1368 1368 1371 1371 1371 1372 1372 1372 1366 1366 1366 1372 1372 1372 1371 1371 1371 1367 1367 1367 1368 1368 1368 1373 1373 1373 1372 1372 1372 1373 1373 1373 1368 1368 1368 1373 1373 1373 1370 1370 1370 1367 1367 1367 1373 1373 1373 1372 1372 1372 1374 1374 1374 1374 1374 1374 1372 1372 1372 1366 1366 1366 1370 1370 1370 1373 1373 1373 1375 1375 1375 1374 1374 1374 1375 1375 1375 1373 1373 1373 1376 1376 1376 1374 1374 1374 1366 1366 1366 1375 1375 1375 1374 1374 1374 1376 1376 1376 1375 1375 1375 1377 1377 1377 1370 1370 1370 1362 1362 1362 1370 1370 1370 1377 1377 1377 1376 1376 1376 1378 1378 1378 1375 1375 1375 1377 1377 1377 1375 1375 1375 1378 1378 1378 1366 1366 1366 1379 1379 1379 1376 1376 1376 1378 1378 1378 1376 1376 1376 1379 1379 1379 1366 1366 1366 1380 1380 1380 1379 1379 1379 1379 1379 1379 1380 1380 1380 1381 1381 1381 1379 1379 1379 1381 1381 1381 1382 1382 1382 1377 1377 1377 1383 1383 1383 1362 1362 1362 1356 1356 1356 1362 1362 1362 1383 1383 1383 1378 1378 1378 1384 1384 1384 1377 1377 1377 1383 1383 1383 1377 1377 1377 1384 1384 1384 1383 1383 1383 1385 1385 1385 1356 1356 1356 1356 1356 1356 1385 1385 1385 1357 1357 1357 1385 1385 1385 1383 1383 1383 1386 1386 1386 1384 1384 1384 1386 1386 1386 1383 1383 1383 1357 1357 1357 1385 1385 1385 1387 1387 1387 1386 1386 1386 1387 1387 1387 1385 1385 1385 1387 1387 1387 1388 1388 1388 1357 1357 1357 1386 1386 1386 1384 1384 1384 1389 1389 1389 1388 1388 1388 1387 1387 1387 1390 1390 1390 1390 1390 1390 1391 1391 1391 1388 1388 1388 1387 1387 1387 1386 1386 1386 1392 1392 1392 1392 1392 1392 1390 1390 1390 1387 1387 1387 1389 1389 1389 1392 1392 1392 1386 1386 1386 1391 1391 1391 1390 1390 1390 1393 1393 1393 1393 1393 1393 1394 1394 1394 1391 1391 1391 1393 1393 1393 1390 1390 1390 1395 1395 1395 1396 1396 1396 1395 1395 1395 1392 1392 1392 1395 1395 1395 1396 1396 1396 1393 1393 1393 1394 1394 1394 1393 1393 1393 1397 1397 1397 1397 1397 1397 1398 1398 1398 1394 1394 1394 1393 1393 1393 1396 1396 1396 1399 1399 1399 1399 1399 1399 1397 1397 1397 1393 1393 1393 1397 1397 1397 1400 1400 1400 1398 1398 1398 1398 1398 1398 1400 1400 1400 1401 1401 1401 1401 1401 1401 1402 1402 1402 1398 1398 1398 1403 1403 1403 1401 1401 1401 1397 1397 1397 1397 1397 1397 1399 1399 1399 1403 1403 1403 1402 1402 1402 1401 1401 1401 1404 1404 1404 1404 1404 1404 1401 1401 1401 1403 1403 1403 1404 1404 1404 1405 1405 1405 1402 1402 1402 1404 1404 1404 1406 1406 1406 1405 1405 1405 1407 1407 1407 1405 1405 1405 1406 1406 1406 1406 1406 1406 1408 1408 1408 1407 1407 1407 1408 1408 1408 1409 1409 1409 1407 1407 1407 1403 1403 1403 1410 1410 1410 1404 1404 1404 1403 1403 1403 1411 1411 1411 1410 1410 1410 1412 1412 1412 1403 1403 1403 1399 1399 1399 1410 1410 1410 1411 1411 1411 1412 1412 1412 1413 1413 1413 1408 1408 1408 1404 1404 1404 1404 1404 1404 1410 1410 1410 1413 1413 1413 1409 1409 1409 1408 1408 1408 1414 1414 1414 1414 1414 1414 1415 1415 1415 1409 1409 1409 1414 1414 1414 1416 1416 1416 1415 1415 1415 1417 1417 1417 1416 1416 1416 1414 1414 1414 1408 1408 1408 1413 1413 1413 1418 1418 1418 1418 1418 1418 1414 1414 1414 1408 1408 1408 1417 1417 1417 1414 1414 1414 1419 1419 1419 1420 1420 1420 1418 1418 1418 1413 1413 1413 1419 1419 1419 1282 1282 1282 1417 1417 1417 1413 1413 1413 1421 1421 1421 1420 1420 1420 1421 1421 1421 1413 1413 1413 1410 1410 1410 1422 1422 1422 1419 1419 1419 1414 1414 1414 1414 1414 1414 1423 1423 1423 1422 1422 1422 1422 1422 1422 1423 1423 1423 1418 1418 1418 1422 1422 1422 1418 1418 1418 1424 1424 1424 1419 1419 1419 1422 1422 1422 1425 1425 1425 1425 1425 1425 1426 1426 1426 1419 1419 1419 1282 1282 1282 1419 1419 1419 1426 1426 1426 1427 1427 1427 1425 1425 1425 1422 1422 1422 1426 1426 1426 1428 1428 1428 1282 1282 1282 1428 1428 1428 1429 1429 1429 1282 1282 1282 1282 1282 1282 1429 1429 1429 1430 1430 1430 1282 1282 1282 1430 1430 1430 842 842 842 842 842 842 784 784 784 1282 1282 1282 1282 1282 1282 784 784 784 1285 1285 1285 1431 1431 1431 1285 1285 1285 784 784 784 1431 1431 1431 784 784 784 1432 1432 1432 1285 1285 1285 1431 1431 1431 1300 1300 1300 1432 1432 1432 1433 1433 1433 1431 1431 1431 1433 1433 1433 1432 1432 1432 1434 1434 1434 1434 1434 1434 1435 1435 1435 1433 1433 1433 1436 1436 1436 1433 1433 1433 1435 1435 1435 1436 1436 1436 1435 1435 1435 1437 1437 1437 1436 1436 1436 1437 1437 1437 1438 1438 1438 1439 1439 1439 1300 1300 1300 1431 1431 1431 1431 1431 1431 1436 1436 1436 1439 1439 1439 1300 1300 1300 1439 1439 1439 1302 1302 1302 1438 1438 1438 1440 1440 1440 1436 1436 1436 1441 1441 1441 1440 1440 1440 1438 1438 1438 1441 1441 1441 1438 1438 1438 1442 1442 1442 1443 1443 1443 1439 1439 1439 1436 1436 1436 1436 1436 1436 1441 1441 1441 1443 1443 1443 1442 1442 1442 1444 1444 1444 1441 1441 1441 1444 1444 1444 1442 1442 1442 1445 1445 1445 1444 1444 1444 1445 1445 1445 1446 1446 1446 1446 1446 1446 1447 1447 1447 1444 1444 1444 1447 1447 1447 1446 1446 1446 1448 1448 1448 1448 1448 1448 1449 1449 1449 1447 1447 1447 1447 1447 1447 1449 1449 1449 1450 1450 1450 1441 1441 1441 1447 1447 1447 1451 1451 1451 1451 1451 1451 1443 1443 1443 1441 1441 1441 1450 1450 1450 1451 1451 1451 1447 1447 1447 1443 1443 1443 1451 1451 1451 1452 1452 1452 1450 1450 1450 1452 1452 1452 1451 1451 1451 1439 1439 1439 1443 1443 1443 1453 1453 1453 1452 1452 1452 1453 1453 1453 1443 1443 1443 1453 1453 1453 1302 1302 1302 1439 1439 1439 1453 1453 1453 1452 1452 1452 1454 1454 1454 1454 1454 1454 1452 1452 1452 1450 1450 1450 1302 1302 1302 1453 1453 1453 1455 1455 1455 1454 1454 1454 1455 1455 1455 1453 1453 1453 1455 1455 1455 1303 1303 1303 1302 1302 1302 1455 1455 1455 1454 1454 1454 1456 1456 1456 1456 1456 1456 1454 1454 1454 1450 1450 1450 1303 1303 1303 1455 1455 1455 1457 1457 1457 1456 1456 1456 1457 1457 1457 1455 1455 1455 1457 1457 1457 1305 1305 1305 1303 1303 1303 1457 1457 1457 1456 1456 1456 1458 1458 1458 1450 1450 1450 1458 1458 1458 1456 1456 1456 1305 1305 1305 1457 1457 1457 1459 1459 1459 1458 1458 1458 1459 1459 1459 1457 1457 1457 1459 1459 1459 1310 1310 1310 1305 1305 1305 1459 1459 1459 1458 1458 1458 1460 1460 1460 1460 1460 1460 1458 1458 1458 1450 1450 1450 1310 1310 1310 1459 1459 1459 1461 1461 1461 1460 1460 1460 1461 1461 1461 1459 1459 1459 1461 1461 1461 1312 1312 1312 1310 1310 1310 1461 1461 1461 1460 1460 1460 1462 1462 1462 1450 1450 1450 1462 1462 1462 1460 1460 1460 1312 1312 1312 1461 1461 1461 1463 1463 1463 1462 1462 1462 1463 1463 1463 1461 1461 1461 1463 1463 1463 1314 1314 1314 1312 1312 1312 1463 1463 1463 1462 1462 1462 1464 1464 1464 1450 1450 1450 1464 1464 1464 1462 1462 1462 1314 1314 1314 1463 1463 1463 1465 1465 1465 1464 1464 1464 1465 1465 1465 1463 1463 1463 1465 1465 1465 1316 1316 1316 1314 1314 1314 1465 1465 1465 1464 1464 1464 1466 1466 1466 1450 1450 1450 1466 1466 1466 1464 1464 1464 1316 1316 1316 1465 1465 1465 1467 1467 1467 1466 1466 1466 1467 1467 1467 1465 1465 1465 1467 1467 1467 1318 1318 1318 1316 1316 1316 1467 1467 1467 1466 1466 1466 1468 1468 1468 1468 1468 1468 1466 1466 1466 1450 1450 1450 1318 1318 1318 1467 1467 1467 1469 1469 1469 1468 1468 1468 1469 1469 1469 1467 1467 1467 1469 1469 1469 1320 1320 1320 1318 1318 1318 1450 1450 1450 1470 1470 1470 1468 1468 1468 1469 1469 1469 1468 1468 1468 1470 1470 1470 1320 1320 1320 1469 1469 1469 1471 1471 1471 1470 1470 1470 1471 1471 1471 1469 1469 1469 1471 1471 1471 1322 1322 1322 1320 1320 1320 1472 1472 1472 1470 1470 1470 1450 1450 1450 1471 1471 1471 1470 1470 1470 1472 1472 1472 1450 1450 1450 1473 1473 1473 1472 1472 1472 1322 1322 1322 1471 1471 1471 1474 1474 1474 1472 1472 1472 1474 1474 1474 1471 1471 1471 1474 1474 1474 1324 1324 1324 1322 1322 1322 1475 1475 1475 1472 1472 1472 1473 1473 1473 1474 1474 1474 1472 1472 1472 1475 1475 1475 1324 1324 1324 1474 1474 1474 1476 1476 1476 1475 1475 1475 1476 1476 1476 1474 1474 1474 1476 1476 1476 1326 1326 1326 1324 1324 1324 1326 1326 1326 1476 1476 1476 1329 1329 1329 1477 1477 1477 1475 1475 1475 1473 1473 1473 1476 1476 1476 1475 1475 1475 1477 1477 1477 1477 1477 1477 1329 1329 1329 1476 1476 1476 1473 1473 1473 1478 1478 1478 1477 1477 1477 1477 1477 1477 1478 1478 1478 1479 1479 1479 1479 1479 1479 1480 1480 1480 1477 1477 1477 1481 1481 1481 1477 1477 1477 1480 1480 1480 1329 1329 1329 1481 1481 1481 1337 1337 1337 1480 1480 1480 1482 1482 1482 1481 1481 1481 1482 1482 1482 1337 1337 1337 1481 1481 1481 1384 1384 1384 1378 1378 1378 1483 1483 1483 1483 1483 1483 1389 1389 1389 1384 1384 1384 1379 1379 1379 1483 1483 1483 1378 1378 1378 1483 1483 1483 1379 1379 1379 1484 1484 1484 1484 1484 1484 1379 1379 1379 1485 1485 1485 1382 1382 1382 1485 1485 1485 1379 1379 1379 1485 1485 1485 1382 1382 1382 1486 1486 1486 1486 1486 1486 1487 1487 1487 1485 1485 1485 1487 1487 1487 1486 1486 1486 1488 1488 1488 1489 1489 1489 1485 1485 1485 1487 1487 1487 1484 1484 1484 1485 1485 1485 1489 1489 1489 1488 1488 1488 1490 1490 1490 1487 1487 1487 1488 1488 1488 1427 1427 1427 1490 1490 1490 1422 1422 1422 1490 1490 1490 1427 1427 1427 1424 1424 1424 1490 1490 1490 1422 1422 1422 1490 1490 1490 1424 1424 1424 1420 1420 1420 1490 1490 1490 1420 1420 1420 1491 1491 1491 1491 1491 1491 1487 1487 1487 1490 1490 1490 1487 1487 1487 1491 1491 1491 1492 1492 1492 1487 1487 1487 1492 1492 1492 1489 1489 1489 1492 1492 1492 1420 1420 1420 1421 1421 1421 1489 1489 1489 1492 1492 1492 1493 1493 1493 1421 1421 1421 1493 1493 1493 1492 1492 1492 1493 1493 1493 1494 1494 1494 1489 1489 1489 1489 1489 1489 1494 1494 1494 1484 1484 1484 1493 1493 1493 1421 1421 1421 1495 1495 1495 1410 1410 1410 1495 1495 1495 1421 1421 1421 1412 1412 1412 1495 1495 1495 1410 1410 1410 1494 1494 1494 1493 1493 1493 1496 1496 1496 1495 1495 1495 1496 1496 1496 1493 1493 1493 1495 1495 1495 1412 1412 1412 1497 1497 1497 1497 1497 1497 1496 1496 1496 1495 1495 1495 1496 1496 1496 1498 1498 1498 1494 1494 1494 1484 1484 1484 1494 1494 1494 1498 1498 1498 1497 1497 1497 1499 1499 1499 1496 1496 1496 1498 1498 1498 1496 1496 1496 1499 1499 1499 1499 1499 1499 1500 1500 1500 1498 1498 1498 1484 1484 1484 1498 1498 1498 1500 1500 1500 1497 1497 1497 1412 1412 1412 1501 1501 1501 1399 1399 1399 1501 1501 1501 1412 1412 1412 1501 1501 1501 1399 1399 1399 1396 1396 1396 1500 1500 1500 1497 1497 1497 1502 1502 1502 1501 1501 1501 1502 1502 1502 1497 1497 1497 1500 1500 1500 1503 1503 1503 1484 1484 1484 1502 1502 1502 1503 1503 1503 1500 1500 1500 1504 1504 1504 1484 1484 1484 1503 1503 1503 1503 1503 1503 1502 1502 1502 1504 1504 1504 1483 1483 1483 1484 1484 1484 1504 1504 1504 1504 1504 1504 1505 1505 1505 1483 1483 1483 1389 1389 1389 1505 1505 1505 1504 1504 1504 1502 1502 1502 1501 1501 1501 1506 1506 1506 1506 1506 1506 1504 1504 1504 1502 1502 1502 1389 1389 1389 1504 1504 1504 1506 1506 1506 1396 1396 1396 1506 1506 1506 1501 1501 1501 1506 1506 1506 1507 1507 1507 1389 1389 1389 1392 1392 1392 1506 1506 1506 1396 1396 1396 1392 1392 1392 1507 1507 1507 1506 1506 1506 765 765 765 1508 1508 1508 1509 1509 1509 1509 1509 1509 1508 1508 1508 1106 1106 1106 1106 1106 1106 1103 1103 1103 1509 1509 1509 1509 1509 1509 760 760 760 765 765 765 1509 1509 1509 1103 1103 1103 1510 1510 1510 1100 1100 1100 1510 1510 1510 1103 1103 1103 1510 1510 1510 1100 1100 1100 1099 1099 1099 1510 1510 1510 1511 1511 1511 1509 1509 1509 760 760 760 1509 1509 1509 1511 1511 1511 1099 1099 1099 1512 1512 1512 1510 1510 1510 1511 1511 1511 1510 1510 1510 1512 1512 1512 1512 1512 1512 1099 1099 1099 1513 1513 1513 1096 1096 1096 1513 1513 1513 1099 1099 1099 1512 1512 1512 1514 1514 1514 1511 1511 1511 1511 1511 1511 1514 1514 1514 760 760 760 1513 1513 1513 1515 1515 1515 1512 1512 1512 1514 1514 1514 1512 1512 1512 1515 1515 1515 1516 1516 1516 1513 1513 1513 1096 1096 1096 1096 1096 1096 743 743 743 1516 1516 1516 1516 1516 1516 743 743 743 739 739 739 1517 1517 1517 1513 1513 1513 1516 1516 1516 739 739 739 746 746 746 1516 1516 1516 1516 1516 1516 1518 1518 1518 1517 1517 1517 1518 1518 1518 1516 1516 1516 746 746 746 1515 1515 1515 1517 1517 1517 1518 1518 1518 746 746 746 751 751 751 1518 1518 1518 1515 1515 1515 1519 1519 1519 1514 1514 1514 1519 1519 1519 1515 1515 1515 1518 1518 1518 760 760 760 1514 1514 1514 1519 1519 1519 1520 1520 1520 1518 1518 1518 751 751 751 751 751 751 760 760 760 1520 1520 1520 1518 1518 1518 1520 1520 1520 1519 1519 1519 1519 1519 1519 1520 1520 1520 760 760 760 1521 1521 1521 1522 1522 1522 1523 1523 1523 1523 1523 1523 1524 1524 1524 1521 1521 1521 1525 1525 1525 1526 1526 1526 1527 1527 1527 1527 1527 1527 1528 1528 1528 1525 1525 1525 1528 1528 1528 1527 1527 1527 1529 1529 1529 1529 1529 1529 1530 1530 1530 1528 1528 1528 1528 1528 1528 1530 1530 1530 1531 1531 1531 1531 1531 1531 1532 1532 1532 1528 1528 1528 1532 1532 1532 1531 1531 1531 1533 1533 1533 1534 1534 1534 1532 1532 1532 1533 1533 1533 1533 1533 1533 1535 1535 1535 1534 1534 1534 1534 1534 1534 1535 1535 1535 1536 1536 1536 1537 1537 1537 1534 1534 1534 1536 1536 1536 1536 1536 1536 1538 1538 1538 1537 1537 1537 1537 1537 1537 1538 1538 1538 1539 1539 1539 1539 1539 1539 1540 1540 1540 1537 1537 1537 1540 1540 1540 1539 1539 1539 1541 1541 1541 1540 1540 1540 1541 1541 1541 1542 1542 1542 1540 1540 1540 1542 1542 1542 1543 1543 1543 1543 1543 1543 1544 1544 1544 1540 1540 1540 1544 1544 1544 1545 1545 1545 1540 1540 1540 1545 1545 1545 1546 1546 1546 1540 1540 1540 1540 1540 1540 1546 1546 1546 1547 1547 1547 1540 1540 1540 1547 1547 1547 1548 1548 1548 1540 1540 1540 1548 1548 1548 1549 1549 1549 1549 1549 1549 1550 1550 1550 1540 1540 1540 1550 1550 1550 1551 1551 1551 1540 1540 1540 1552 1552 1552 1553 1553 1553 1554 1554 1554 1554 1554 1554 1555 1555 1555 1552 1552 1552 1555 1555 1555 1554 1554 1554 1556 1556 1556 1556 1556 1556 1557 1557 1557 1555 1555 1555 1558 1558 1558 1559 1559 1559 1560 1560 1560 1561 1561 1561 1558 1558 1558 1560 1560 1560 1560 1560 1560 1562 1562 1562 1561 1561 1561 1563 1563 1563 1564 1564 1564 1565 1565 1565 1565 1565 1565 1566 1566 1566 1563 1563 1563 1567 1567 1567 1565 1565 1565 1568 1568 1568 1567 1567 1567 1568 1568 1568 1569 1569 1569 1569 1569 1569 1570 1570 1570 1567 1567 1567 1571 1571 1571 1570 1570 1570 1569 1569 1569 1569 1569 1569 1572 1572 1572 1571 1571 1571 1573 1573 1573 1574 1574 1574 1575 1575 1575 1575 1575 1575 1576 1576 1576 1573 1573 1573 1575 1575 1575 1577 1577 1577 1576 1576 1576 1578 1578 1578 1576 1576 1576 1577 1577 1577 1577 1577 1577 1579 1579 1579 1578 1578 1578 1580 1580 1580 1578 1578 1578 1579 1579 1579 1579 1579 1579 1581 1581 1581 1580 1580 1580 1580 1580 1580 1581 1581 1581 1582 1582 1582 1582 1582 1582 1583 1583 1583 1580 1580 1580 1584 1584 1584 1583 1583 1583 1582 1582 1582 1582 1582 1582 1585 1585 1585 1584 1584 1584 1584 1584 1584 1585 1585 1585 1586 1586 1586 1586 1586 1586 1587 1587 1587 1584 1584 1584 1588 1588 1588 1589 1589 1589 1590 1590 1590 1591 1591 1591 1588 1588 1588 1590 1590 1590 1590 1590 1590 1592 1592 1592 1591 1591 1591 1591 1591 1591 1592 1592 1592 1593 1593 1593 1591 1591 1591 1593 1593 1593 1594 1594 1594 1594 1594 1594 1595 1595 1595 1591 1591 1591 1595 1595 1595 1594 1594 1594 1596 1596 1596 1595 1595 1595 1596 1596 1596 1597 1597 1597 1597 1597 1597 1598 1598 1598 1595 1595 1595 1598 1598 1598 1599 1599 1599 1595 1595 1595 1595 1595 1595 1599 1599 1599 1600 1600 1600 1600 1600 1600 1601 1601 1601 1595 1595 1595 1600 1600 1600 1602 1602 1602 1603 1603 1603 1603 1603 1603 1604 1604 1604 1600 1600 1600 1604 1604 1604 1601 1601 1601 1600 1600 1600 1605 1605 1605 1606 1606 1606 1601 1601 1601 1601 1601 1601 1607 1607 1607 1605 1605 1605 1608 1608 1608 1607 1607 1607 1601 1601 1601 1609 1609 1609 1608 1608 1608 1601 1601 1601 1610 1610 1610 1609 1609 1609 1601 1601 1601 1611 1611 1611 1610 1610 1610 1601 1601 1601 1604 1604 1604 1611 1611 1611 1601 1601 1601 1604 1604 1604 1612 1612 1612 1613 1613 1613 1613 1613 1613 1612 1612 1612 1614 1614 1614 1613 1613 1613 1615 1615 1615 1604 1604 1604 1615 1615 1615 1616 1616 1616 1604 1604 1604 1617 1617 1617 1616 1616 1616 1615 1615 1615 1614 1614 1614 1618 1618 1618 1613 1613 1613 1614 1614 1614 1619 1619 1619 1618 1618 1618 1618 1618 1618 1619 1619 1619 1620 1620 1620 1621 1621 1621 1613 1613 1613 1618 1618 1618 1615 1615 1615 1613 1613 1613 1621 1621 1621 1622 1622 1622 1618 1618 1618 1620 1620 1620 1620 1620 1620 1623 1623 1623 1622 1622 1622 1615 1615 1615 1624 1624 1624 1617 1617 1617 1624 1624 1624 1625 1625 1625 1617 1617 1617 1626 1626 1626 1625 1625 1625 1624 1624 1624 1627 1627 1627 1622 1622 1622 1623 1623 1623 1623 1623 1623 1628 1628 1628 1627 1627 1627 1627 1627 1627 1628 1628 1628 1629 1629 1629 1629 1629 1629 1630 1630 1630 1627 1627 1627 1629 1629 1629 1631 1631 1631 1630 1630 1630 1630 1630 1630 1631 1631 1631 1632 1632 1632 1633 1633 1633 1622 1622 1622 1627 1627 1627 1627 1627 1627 1630 1630 1630 1633 1633 1633 1632 1632 1632 1634 1634 1634 1630 1630 1630 1632 1632 1632 1635 1635 1635 1634 1634 1634 1634 1634 1634 1635 1635 1635 1636 1636 1636 1637 1637 1637 1633 1633 1633 1630 1630 1630 1630 1630 1630 1634 1634 1634 1637 1637 1637 1636 1636 1636 1638 1638 1638 1634 1634 1634 1636 1636 1636 1639 1639 1639 1638 1638 1638 1638 1638 1638 1639 1639 1639 1640 1640 1640 1641 1641 1641 1638 1638 1638 1640 1640 1640 1640 1640 1640 1592 1592 1592 1641 1641 1641 1638 1638 1638 1641 1641 1641 1642 1642 1642 1634 1634 1634 1638 1638 1638 1643 1643 1643 1643 1643 1643 1638 1638 1638 1642 1642 1642 1643 1643 1643 1637 1637 1637 1634 1634 1634 1642 1642 1642 1644 1644 1644 1643 1643 1643 1643 1643 1643 1644 1644 1644 1645 1645 1645 1645 1645 1645 1646 1646 1646 1643 1643 1643 1637 1637 1637 1643 1643 1643 1646 1646 1646 1645 1645 1645 1647 1647 1647 1646 1646 1646 1648 1648 1648 1646 1646 1646 1647 1647 1647 1647 1647 1647 1649 1649 1649 1648 1648 1648 1648 1648 1648 1650 1650 1650 1646 1646 1646 1646 1646 1646 1650 1650 1650 1651 1651 1651 1646 1646 1646 1652 1652 1652 1637 1637 1637 1652 1652 1652 1646 1646 1646 1651 1651 1651 1633 1633 1633 1637 1637 1637 1652 1652 1652 1651 1651 1651 1653 1653 1653 1652 1652 1652 1652 1652 1652 1653 1653 1653 1654 1654 1654 1652 1652 1652 1655 1655 1655 1633 1633 1633 1654 1654 1654 1655 1655 1655 1652 1652 1652 1622 1622 1622 1633 1633 1633 1655 1655 1655 1654 1654 1654 1656 1656 1656 1655 1655 1655 1655 1655 1655 1657 1657 1657 1622 1622 1622 1657 1657 1657 1655 1655 1655 1656 1656 1656 1656 1656 1656 1658 1658 1658 1657 1657 1657 1618 1618 1618 1622 1622 1622 1657 1657 1657 1657 1657 1657 1658 1658 1658 1659 1659 1659 1657 1657 1657 1660 1660 1660 1618 1618 1618 1659 1659 1659 1660 1660 1660 1657 1657 1657 1659 1659 1659 1661 1661 1661 1660 1660 1660 1660 1660 1660 1661 1661 1661 1662 1662 1662 1618 1618 1618 1660 1660 1660 1621 1621 1621 1621 1621 1621 1660 1660 1660 1662 1662 1662 1662 1662 1662 1663 1663 1663 1621 1621 1621 1663 1663 1663 1664 1664 1664 1621 1621 1621 1621 1621 1621 1664 1664 1664 1665 1665 1665 1665 1665 1665 1615 1615 1615 1621 1621 1621 1665 1665 1665 1666 1666 1666 1615 1615 1615 1615 1615 1615 1666 1666 1666 1667 1667 1667 1667 1667 1667 1624 1624 1624 1615 1615 1615 1667 1667 1667 1668 1668 1668 1624 1624 1624 1624 1624 1624 1668 1668 1668 1669 1669 1669 1669 1669 1669 1670 1670 1670 1624 1624 1624 1669 1669 1669 1671 1671 1671 1670 1670 1670 1626 1626 1626 1624 1624 1624 1670 1670 1670 1670 1670 1670 1672 1672 1672 1626 1626 1626 1670 1670 1670 1671 1671 1671 1673 1673 1673 1674 1674 1674 1672 1672 1672 1670 1670 1670 1673 1673 1673 1675 1675 1675 1670 1670 1670 1674 1674 1674 1670 1670 1670 1675 1675 1675 1673 1673 1673 1676 1676 1676 1675 1675 1675 1675 1675 1675 1677 1677 1677 1674 1674 1674 1675 1675 1675 1676 1676 1676 1678 1678 1678 1679 1679 1679 1677 1677 1677 1675 1675 1675 1678 1678 1678 1680 1680 1680 1675 1675 1675 1675 1675 1675 1680 1680 1680 1679 1679 1679 1678 1678 1678 1681 1681 1681 1680 1680 1680 1680 1680 1680 1682 1682 1682 1679 1679 1679 1680 1680 1680 1681 1681 1681 1683 1683 1683 1684 1684 1684 1682 1682 1682 1680 1680 1680 1685 1685 1685 1680 1680 1680 1683 1683 1683 1680 1680 1680 1685 1685 1685 1684 1684 1684 1683 1683 1683 1686 1686 1686 1685 1685 1685 1685 1685 1685 1687 1687 1687 1684 1684 1684 1688 1688 1688 1689 1689 1689 1690 1690 1690 1690 1690 1690 1691 1691 1691 1688 1688 1688 1690 1690 1690 1692 1692 1692 1691 1691 1691 1693 1693 1693 1694 1694 1694 1695 1695 1695 1695 1695 1695 1696 1696 1696 1693 1693 1693 1695 1695 1695 1697 1697 1697 1696 1696 1696 1697 1697 1697 1698 1698 1698 1696 1696 1696 1698 1698 1698 1699 1699 1699 1696 1696 1696 1699 1699 1699 1700 1700 1700 1696 1696 1696 1700 1700 1700 1701 1701 1701 1696 1696 1696 1702 1702 1702 1696 1696 1696 1701 1701 1701 1701 1701 1701 1703 1703 1703 1702 1702 1702 1702 1702 1702 1703 1703 1703 1704 1704 1704 1704 1704 1704 1705 1705 1705 1702 1702 1702 1705 1705 1705 1706 1706 1706 1702 1702 1702 1702 1702 1702 1706 1706 1706 1707 1707 1707 1702 1702 1702 1707 1707 1707 1708 1708 1708 1708 1708 1708 1709 1709 1709 1702 1702 1702 1709 1709 1709 1710 1710 1710 1702 1702 1702 1702 1702 1702 1710 1710 1710 1711 1711 1711 1712 1712 1712 1702 1702 1702 1711 1711 1711 1711 1711 1711 1713 1713 1713 1712 1712 1712 1712 1712 1712 1713 1713 1713 1714 1714 1714 1712 1712 1712 1714 1714 1714 1715 1715 1715 1712 1712 1712 1715 1715 1715 1716 1716 1716 1716 1716 1716 1717 1717 1717 1712 1712 1712 1717 1717 1717 1718 1718 1718 1712 1712 1712 1719 1719 1719 1720 1720 1720 1721 1721 1721 1721 1721 1721 1722 1722 1722 1719 1719 1719 1722 1722 1722 1721 1721 1721 1723 1723 1723 1722 1722 1722 1723 1723 1723 1724 1724 1724 1724 1724 1724 1725 1725 1725 1722 1722 1722 1724 1724 1724 1726 1726 1726 1725 1725 1725 1726 1726 1726 1724 1724 1724 1727 1727 1727 1728 1728 1728 1725 1725 1725 1726 1726 1726 1726 1726 1726 1729 1729 1729 1728 1728 1728 1726 1726 1726 1727 1727 1727 1730 1730 1730 1731 1731 1731 1729 1729 1729 1726 1726 1726 1730 1730 1730 1732 1732 1732 1726 1726 1726 1731 1731 1731 1726 1726 1726 1732 1732 1732 1730 1730 1730 1733 1733 1733 1732 1732 1732 1732 1732 1732 1734 1734 1734 1731 1731 1731 1732 1732 1732 1733 1733 1733 1735 1735 1735 1732 1732 1732 1736 1736 1736 1734 1734 1734 1737 1737 1737 1734 1734 1734 1736 1736 1736 1736 1736 1736 1738 1738 1738 1737 1737 1737 1739 1739 1739 1732 1732 1732 1735 1735 1735 1735 1735 1735 1740 1740 1740 1739 1739 1739 1739 1739 1739 1740 1740 1740 1741 1741 1741 1739 1739 1739 1741 1741 1741 1742 1742 1742 1742 1742 1742 1743 1743 1743 1739 1739 1739 1744 1744 1744 1736 1736 1736 1732 1732 1732 1738 1738 1738 1736 1736 1736 1744 1744 1744 1744 1744 1744 1732 1732 1732 1739 1739 1739 1744 1744 1744 1745 1745 1745 1738 1738 1738 1746 1746 1746 1745 1745 1745 1744 1744 1744 1743 1743 1743 1747 1747 1747 1748 1748 1748 1744 1744 1744 1749 1749 1749 1746 1746 1746 1750 1750 1750 1746 1746 1746 1749 1749 1749 1749 1749 1749 1751 1751 1751 1750 1750 1750 1752 1752 1752 1751 1751 1751 1749 1749 1749 1749 1749 1749 1753 1753 1753 1752 1752 1752 1753 1753 1753 1749 1749 1749 1744 1744 1744 1754 1754 1754 1752 1752 1752 1753 1753 1753 1755 1755 1755 1754 1754 1754 1753 1753 1753 1744 1744 1744 1756 1756 1756 1753 1753 1753 1753 1753 1753 1756 1756 1756 1755 1755 1755 1739 1739 1739 1756 1756 1756 1744 1744 1744 1755 1755 1755 1756 1756 1756 1757 1757 1757 1757 1757 1757 1756 1756 1756 1739 1739 1739 1739 1739 1739 1743 1743 1743 1757 1757 1757 1748 1748 1748 1757 1757 1757 1743 1743 1743 1757 1757 1757 1758 1758 1758 1755 1755 1755 1757 1757 1757 1748 1748 1748 1759 1759 1759 1760 1760 1760 1758 1758 1758 1757 1757 1757 1760 1760 1760 1757 1757 1757 1759 1759 1759 1759 1759 1759 1761 1761 1761 1760 1760 1760 1762 1762 1762 1763 1763 1763 1764 1764 1764 1764 1764 1764 1765 1765 1765 1762 1762 1762 1764 1764 1764 1766 1766 1766 1765 1765 1765 1766 1766 1766 1767 1767 1767 1765 1765 1765 1766 1766 1766 1768 1768 1768 1767 1767 1767 1766 1766 1766 1769 1769 1769 1768 1768 1768 1769 1769 1769 1770 1770 1770 1768 1768 1768 1770 1770 1770 1771 1771 1771 1768 1768 1768 1772 1772 1772 1771 1771 1771 1770 1770 1770 1770 1770 1770 1773 1773 1773 1772 1772 1772 1773 1773 1773 1774 1774 1774 1772 1772 1772 1774 1774 1774 1775 1775 1775 1772 1772 1772 1774 1774 1774 1776 1776 1776 1775 1775 1775 1776 1776 1776 1777 1777 1777 1775 1775 1775 1776 1776 1776 1778 1778 1778 1777 1777 1777 1776 1776 1776 1779 1779 1779 1778 1778 1778 1778 1778 1778 1779 1779 1779 1780 1780 1780 1780 1780 1780 1781 1781 1781 1778 1778 1778 1781 1781 1781 1780 1780 1780 1782 1782 1782 1782 1782 1782 1783 1783 1783 1781 1781 1781 1782 1782 1782 1784 1784 1784 1783 1783 1783 1785 1785 1785 1783 1783 1783 1784 1784 1784 1784 1784 1784 1786 1786 1786 1785 1785 1785 1786 1786 1786 1787 1787 1787 1785 1785 1785 1786 1786 1786 1788 1788 1788 1787 1787 1787 1789 1789 1789 1787 1787 1787 1788 1788 1788 1788 1788 1788 1790 1790 1790 1789 1789 1789 1788 1788 1788 1791 1791 1791 1790 1790 1790 1790 1790 1790 1791 1791 1791 1792 1792 1792 1792 1792 1792 1793 1793 1793 1790 1790 1790 1792 1792 1792 1794 1794 1794 1793 1793 1793 1794 1794 1794 1792 1792 1792 1795 1795 1795 1795 1795 1795 1796 1796 1796 1794 1794 1794 1797 1797 1797 1794 1794 1794 1796 1796 1796 1796 1796 1796 1798 1798 1798 1797 1797 1797 1797 1797 1797 1798 1798 1798 1799 1799 1799 1799 1799 1799 1800 1800 1800 1797 1797 1797 1801 1801 1801 1797 1797 1797 1800 1800 1800 1800 1800 1800 1802 1802 1802 1801 1801 1801 1803 1803 1803 1802 1802 1802 1800 1800 1800 1800 1800 1800 1723 1723 1723 1803 1803 1803 1723 1723 1723 1800 1800 1800 1649 1649 1649 1649 1649 1649 1804 1804 1804 1723 1723 1723 1805 1805 1805 1649 1649 1649 1806 1806 1806 1723 1723 1723 1804 1804 1804 1807 1807 1807 1807 1807 1807 1808 1808 1808 1723 1723 1723 1809 1809 1809 1808 1808 1808 1807 1807 1807 1807 1807 1807 1810 1810 1810 1809 1809 1809 1810 1810 1810 1807 1807 1807 1811 1811 1811 1811 1811 1811 1812 1812 1812 1810 1810 1810 1810 1810 1810 1812 1812 1812 1813 1813 1813 1813 1813 1813 1814 1814 1814 1810 1810 1810 1815 1815 1815 1814 1814 1814 1813 1813 1813 1813 1813 1813 1816 1816 1816 1815 1815 1815 1813 1813 1813 1817 1817 1817 1816 1816 1816 1817 1817 1817 1813 1813 1813 1818 1818 1818 1818 1818 1818 1819 1819 1819 1817 1817 1817 1817 1817 1817 1819 1819 1819 1820 1820 1820 1820 1820 1820 1821 1821 1821 1817 1817 1817 1822 1822 1822 1823 1823 1823 1821 1821 1821 1824 1824 1824 1822 1822 1822 1821 1821 1821 1821 1821 1821 1825 1825 1825 1824 1824 1824 1821 1821 1821 1826 1826 1826 1825 1825 1825 1826 1826 1826 1821 1821 1821 1820 1820 1820 1820 1820 1820 1827 1827 1827 1826 1826 1826 1828 1828 1828 1827 1827 1827 1820 1820 1820 1820 1820 1820 1829 1829 1829 1828 1828 1828 1829 1829 1829 1820 1820 1820 1830 1830 1830 1830 1830 1830 1831 1831 1831 1829 1829 1829 1832 1832 1832 1803 1803 1803 1833 1833 1833 1834 1834 1834 1803 1803 1803 1835 1835 1835 1833 1833 1833 1836 1836 1836 1832 1832 1832 1833 1833 1833 1837 1837 1837 1836 1836 1836 1838 1838 1838 1832 1832 1832 1836 1836 1836 1836 1836 1836 1837 1837 1837 1839 1839 1839 1839 1839 1839 1840 1840 1840 1836 1836 1836 1841 1841 1841 1838 1838 1838 1836 1836 1836 1840 1840 1840 1842 1842 1842 1836 1836 1836 1836 1836 1836 1843 1843 1843 1841 1841 1841 1843 1843 1843 1836 1836 1836 1842 1842 1842 1844 1844 1844 1841 1841 1841 1843 1843 1843 1842 1842 1842 1845 1845 1845 1843 1843 1843 1846 1846 1846 1844 1844 1844 1843 1843 1843 1847 1847 1847 1843 1843 1843 1845 1845 1845 1843 1843 1843 1847 1847 1847 1846 1846 1846 1845 1845 1845 1848 1848 1848 1847 1847 1847 1848 1848 1848 1849 1849 1849 1847 1847 1847 1850 1850 1850 1846 1846 1846 1847 1847 1847 1851 1851 1851 1847 1847 1847 1849 1849 1849 1849 1849 1849 1852 1852 1852 1851 1851 1851 1847 1847 1847 1851 1851 1851 1850 1850 1850 1853 1853 1853 1850 1850 1850 1854 1854 1854 1854 1854 1854 1855 1855 1855 1853 1853 1853 1854 1854 1854 1856 1856 1856 1855 1855 1855 1857 1857 1857 1853 1853 1853 1855 1855 1855 1855 1855 1855 1856 1856 1856 1858 1858 1858 1857 1857 1857 1855 1855 1855 1859 1859 1859 1859 1859 1859 1860 1860 1860 1857 1857 1857 1861 1861 1861 1860 1860 1860 1859 1859 1859 1862 1862 1862 1855 1855 1855 1858 1858 1858 1859 1859 1859 1855 1855 1855 1862 1862 1862 1858 1858 1858 1863 1863 1863 1862 1862 1862 1862 1862 1862 1863 1863 1863 1864 1864 1864 1859 1859 1859 1865 1865 1865 1861 1861 1861 1865 1865 1865 1835 1835 1835 1861 1861 1861 1835 1835 1835 1865 1865 1865 1834 1834 1834 1865 1865 1865 1866 1866 1866 1834 1834 1834 1867 1867 1867 1866 1866 1866 1865 1865 1865 1862 1862 1862 1868 1868 1868 1859 1859 1859 1865 1865 1865 1859 1859 1859 1868 1868 1868 1867 1867 1867 1865 1865 1865 1869 1869 1869 1868 1868 1868 1869 1869 1869 1865 1865 1865 1869 1869 1869 1870 1870 1870 1867 1867 1867 1871 1871 1871 1870 1870 1870 1869 1869 1869 1868 1868 1868 1862 1862 1862 1872 1872 1872 1872 1872 1872 1862 1862 1862 1864 1864 1864 1864 1864 1864 1873 1873 1873 1872 1872 1872 1872 1872 1872 1873 1873 1873 1874 1874 1874 1869 1869 1869 1868 1868 1868 1875 1875 1875 1872 1872 1872 1875 1875 1875 1868 1868 1868 1871 1871 1871 1869 1869 1869 1876 1876 1876 1875 1875 1875 1876 1876 1876 1869 1869 1869 1876 1876 1876 1877 1877 1877 1871 1871 1871 1878 1878 1878 1877 1877 1877 1876 1876 1876 1879 1879 1879 1872 1872 1872 1874 1874 1874 1875 1875 1875 1872 1872 1872 1879 1879 1879 1874 1874 1874 1880 1880 1880 1879 1879 1879 1879 1879 1879 1880 1880 1880 1881 1881 1881 1879 1879 1879 1881 1881 1881 1882 1882 1882 1879 1879 1879 1883 1883 1883 1875 1875 1875 1876 1876 1876 1875 1875 1875 1883 1883 1883 1882 1882 1882 1884 1884 1884 1879 1879 1879 1883 1883 1883 1879 1879 1879 1884 1884 1884 1882 1882 1882 1885 1885 1885 1884 1884 1884 1884 1884 1884 1885 1885 1885 1886 1886 1886 1883 1883 1883 1887 1887 1887 1876 1876 1876 1878 1878 1878 1876 1876 1876 1887 1887 1887 1887 1887 1887 1888 1888 1888 1878 1878 1878 1889 1889 1889 1888 1888 1888 1887 1887 1887 1887 1887 1887 1890 1890 1890 1889 1889 1889 1887 1887 1887 1891 1891 1891 1890 1890 1890 1887 1887 1887 1883 1883 1883 1892 1892 1892 1892 1892 1892 1891 1891 1891 1887 1887 1887 1884 1884 1884 1892 1892 1892 1883 1883 1883 1893 1893 1893 1891 1891 1891 1892 1892 1892 1892 1892 1892 1894 1894 1894 1893 1893 1893 1894 1894 1894 1892 1892 1892 1884 1884 1884 1894 1894 1894 1895 1895 1895 1893 1893 1893 1896 1896 1896 1895 1895 1895 1894 1894 1894 1884 1884 1884 1897 1897 1897 1894 1894 1894 1897 1897 1897 1884 1884 1884 1886 1886 1886 1886 1886 1886 1898 1898 1898 1897 1897 1897 1897 1897 1897 1898 1898 1898 1899 1899 1899 1894 1894 1894 1900 1900 1900 1896 1896 1896 1900 1900 1900 1894 1894 1894 1897 1897 1897 1901 1901 1901 1896 1896 1896 1900 1900 1900 1902 1902 1902 1901 1901 1901 1900 1900 1900 1899 1899 1899 1903 1903 1903 1897 1897 1897 1897 1897 1897 1903 1903 1903 1900 1900 1900 1900 1900 1900 1903 1903 1903 1904 1904 1904 1900 1900 1900 1905 1905 1905 1902 1902 1902 1904 1904 1904 1905 1905 1905 1900 1900 1900 1905 1905 1905 1906 1906 1906 1902 1902 1902 1904 1904 1904 1907 1907 1907 1905 1905 1905 1908 1908 1908 1906 1906 1906 1905 1905 1905 1905 1905 1905 1907 1907 1907 1909 1909 1909 1905 1905 1905 1910 1910 1910 1908 1908 1908 1909 1909 1909 1910 1910 1910 1905 1905 1905 1910 1910 1910 1911 1911 1911 1908 1908 1908 1909 1909 1909 1912 1912 1912 1910 1910 1910 1913 1913 1913 1911 1911 1911 1910 1910 1910 1910 1910 1910 1912 1912 1912 1914 1914 1914 1910 1910 1910 1915 1915 1915 1913 1913 1913 1915 1915 1915 1910 1910 1910 1914 1914 1914 1915 1915 1915 1916 1916 1916 1913 1913 1913 1914 1914 1914 1917 1917 1917 1915 1915 1915 1915 1915 1915 1917 1917 1917 1918 1918 1918 1919 1919 1919 1916 1916 1916 1915 1915 1915 1915 1915 1915 1918 1918 1918 1920 1920 1920 1915 1915 1915 1921 1921 1921 1919 1919 1919 1920 1920 1920 1921 1921 1921 1915 1915 1915 1921 1921 1921 1922 1922 1922 1919 1919 1919 1920 1920 1920 1923 1923 1923 1921 1921 1921 1921 1921 1921 1923 1923 1923 1924 1924 1924 1925 1925 1925 1922 1922 1922 1921 1921 1921 1924 1924 1924 1926 1926 1926 1921 1921 1921 1925 1925 1925 1921 1921 1921 1926 1926 1926 1926 1926 1926 1927 1927 1927 1925 1925 1925 1928 1928 1928 1929 1929 1929 1899 1899 1899 1930 1930 1930 1929 1929 1929 1928 1928 1928 1931 1931 1931 1928 1928 1928 1899 1899 1899 1899 1899 1899 1932 1932 1932 1931 1931 1931 1931 1931 1931 1932 1932 1932 1933 1933 1933 1931 1931 1931 1933 1933 1933 1934 1934 1934 1931 1931 1931 1934 1934 1934 1935 1935 1935 1935 1935 1935 1936 1936 1936 1937 1937 1937 1937 1937 1937 1931 1931 1931 1935 1935 1935 1938 1938 1938 1928 1928 1928 1931 1931 1931 1931 1931 1931 1939 1939 1939 1938 1938 1938 1940 1940 1940 1938 1938 1938 1939 1939 1939 1939 1939 1939 1850 1850 1850 1940 1940 1940 1940 1940 1940 1850 1850 1850 1941 1941 1941 1941 1941 1941 1942 1942 1942 1940 1940 1940 1943 1943 1943 1942 1942 1942 1941 1941 1941 1941 1941 1941 1944 1944 1944 1943 1943 1943 1928 1928 1928 1945 1945 1945 1930 1930 1930 1946 1946 1946 1930 1930 1930 1945 1945 1945 1945 1945 1945 1947 1947 1947 1946 1946 1946 1945 1945 1945 1948 1948 1948 1947 1947 1947 1945 1945 1945 1949 1949 1949 1948 1948 1948 1945 1945 1945 1950 1950 1950 1949 1949 1949 1951 1951 1951 1952 1952 1952 1953 1953 1953 1953 1953 1953 1954 1954 1954 1951 1951 1951 1954 1954 1954 1955 1955 1955 1951 1951 1951 1956 1956 1956 1955 1955 1955 1954 1954 1954 1954 1954 1954 1957 1957 1957 1956 1956 1956 1954 1954 1954 1958 1958 1958 1957 1957 1957 1959 1959 1959 1958 1958 1958 1954 1954 1954 1954 1954 1954 1960 1960 1960 1959 1959 1959 1954 1954 1954 1961 1961 1961 1960 1960 1960 1961 1961 1961 1954 1954 1954 1962 1962 1962 1962 1962 1962 1963 1963 1963 1961 1961 1961 1963 1963 1963 1962 1962 1962 1964 1964 1964 1964 1964 1964 1965 1965 1965 1963 1963 1963 1965 1965 1965 1964 1964 1964 1966 1966 1966 1966 1966 1966 1967 1967 1967 1965 1965 1965 1967 1967 1967 1966 1966 1966 1968 1968 1968 1968 1968 1968 1969 1969 1969 1967 1967 1967 1969 1969 1969 1968 1968 1968 1970 1970 1970 1970 1970 1970 1971 1971 1971 1969 1969 1969 1971 1971 1971 1970 1970 1970 1972 1972 1972 1972 1972 1972 1973 1973 1973 1971 1971 1971 1973 1973 1973 1972 1972 1972 1974 1974 1974 1974 1974 1974 1975 1975 1975 1973 1973 1973 1974 1974 1974 1976 1976 1976 1975 1975 1975 1977 1977 1977 1978 1978 1978 1979 1979 1979 1980 1980 1980 1978 1978 1978 1977 1977 1977 1977 1977 1977 1981 1981 1981 1980 1980 1980 1980 1980 1980 1981 1981 1981 1982 1982 1982 1982 1982 1982 1983 1983 1983 1980 1980 1980 1982 1982 1982 1984 1984 1984 1983 1983 1983 1985 1985 1985 1983 1983 1983 1984 1984 1984 1984 1984 1984 1986 1986 1986 1985 1985 1985 1987 1987 1987 1985 1985 1985 1986 1986 1986 1986 1986 1986 1988 1988 1988 1987 1987 1987 1989 1989 1989 1987 1987 1987 1988 1988 1988 1988 1988 1988 1990 1990 1990 1989 1989 1989 1989 1989 1989 1990 1990 1990 1991 1991 1991 1991 1991 1991 1992 1992 1992 1989 1989 1989 1993 1993 1993 1994 1994 1994 1995 1995 1995 1995 1995 1995 1996 1996 1996 1993 1993 1993 1997 1997 1997 1993 1993 1993 1996 1996 1996 1998 1998 1998 1997 1997 1997 1996 1996 1996 1996 1996 1996 1999 1999 1999 1998 1998 1998 2000 2000 2000 2001 2001 2001 2002 2002 2002 2002 2002 2002 2003 2003 2003 2000 2000 2000 2004 2004 2004 2000 2000 2000 2003 2003 2003 2003 2003 2003 2005 2005 2005 2004 2004 2004 2005 2005 2005 2003 2003 2003 2006 2006 2006 2007 2007 2007 2004 2004 2004 2005 2005 2005 2006 2006 2006 2008 2008 2008 2005 2005 2005 2006 2006 2006 2009 2009 2009 2008 2008 2008 2005 2005 2005 2010 2010 2010 2007 2007 2007 2010 2010 2010 2005 2005 2005 2008 2008 2008 2011 2011 2011 2007 2007 2007 2010 2010 2010 2008 2008 2008 2009 2009 2009 2012 2012 2012 2010 2010 2010 2013 2013 2013 2011 2011 2011 2013 2013 2013 2014 2014 2014 2011 2011 2011 2015 2015 2015 2014 2014 2014 2013 2013 2013 2016 2016 2016 2008 2008 2008 2012 2012 2012 2012 2012 2012 2017 2017 2017 2016 2016 2016 2008 2008 2008 2018 2018 2018 2010 2010 2010 2018 2018 2018 2008 2008 2008 2016 2016 2016 2013 2013 2013 2010 2010 2010 2018 2018 2018 2016 2016 2016 2019 2019 2019 2018 2018 2018 2013 2013 2013 2020 2020 2020 2015 2015 2015 2020 2020 2020 2021 2021 2021 2015 2015 2015 2020 2020 2020 2022 2022 2022 2021 2021 2021 2023 2023 2023 2020 2020 2020 2013 2013 2013 2024 2024 2024 2022 2022 2022 2023 2023 2023 2018 2018 2018 2025 2025 2025 2013 2013 2013 2013 2013 2013 2025 2025 2025 2023 2023 2023 2025 2025 2025 2018 2018 2018 2019 2019 2019 2025 2025 2025 2026 2026 2026 2023 2023 2023 2023 2023 2023 2027 2027 2027 2024 2024 2024 2027 2027 2027 2026 2026 2026 2025 2025 2025 2028 2028 2028 2024 2024 2024 2027 2027 2027 2027 2027 2027 2029 2029 2029 2028 2028 2028 2029 2029 2029 2027 2027 2027 2019 2019 2019 2025 2025 2025 2030 2030 2030 2027 2027 2027 2019 2019 2019 2030 2030 2030 2025 2025 2025 2019 2019 2019 2031 2031 2031 2029 2029 2029 2019 2019 2019 2032 2032 2032 2031 2031 2031 2032 2032 2032 2019 2019 2019 2017 2017 2017 2017 2017 2017 2033 2033 2033 2032 2032 2032 2033 2033 2033 2017 2017 2017 2034 2034 2034 2034 2034 2034 2035 2035 2035 2033 2033 2033 2034 2034 2034 2017 2017 2017 2036 2036 2036 2034 2034 2034 2036 2036 2036 2037 2037 2037 2037 2037 2037 2038 2038 2038 2034 2034 2034 2038 2038 2038 2037 2037 2037 2039 2039 2039 2039 2039 2039 2040 2040 2040 2038 2038 2038 2040 2040 2040 2041 2041 2041 2038 2038 2038 2042 2042 2042 2043 2043 2043 2044 2044 2044 2044 2044 2044 2045 2045 2045 2042 2042 2042 1804 1804 1804 2042 2042 2042 2045 2045 2045 2046 2046 2046 1804 1804 1804 2045 2045 2045 2045 2045 2045 2047 2047 2047 2046 2046 2046 2047 2047 2047 2048 2048 2048 2046 2046 2046 2048 2048 2048 2047 2047 2047 2049 2049 2049 2050 2050 2050 2046 2046 2046 2048 2048 2048 2049 2049 2049 2051 2051 2051 2048 2048 2048 2052 2052 2052 2050 2050 2050 2048 2048 2048 2053 2053 2053 2048 2048 2048 2051 2051 2051 2048 2048 2048 2053 2053 2053 2052 2052 2052 2051 2051 2051 2054 2054 2054 2053 2053 2053 2053 2053 2053 2055 2055 2055 2052 2052 2052 2053 2053 2053 2054 2054 2054 2056 2056 2056 2057 2057 2057 2055 2055 2055 2053 2053 2053 2056 2056 2056 2058 2058 2058 2053 2053 2053 2058 2058 2058 2056 2056 2056 2059 2059 2059 2059 2059 2059 2060 2060 2060 2058 2058 2058 2058 2058 2058 2060 2060 2060 2061 2061 2061 2053 2053 2053 2062 2062 2062 2057 2057 2057 2062 2062 2062 2063 2063 2063 2057 2057 2057 2064 2064 2064 2063 2063 2063 2062 2062 2062 2062 2062 2062 2065 2065 2065 2064 2064 2064 2053 2053 2053 2058 2058 2058 2066 2066 2066 2066 2066 2066 2062 2062 2062 2053 2053 2053 2061 2061 2061 2067 2067 2067 2058 2058 2058 2066 2066 2066 2058 2058 2058 2067 2067 2067 2067 2067 2067 2061 2061 2061 2068 2068 2068 2067 2067 2067 2068 2068 2068 2069 2069 2069 2070 2070 2070 2065 2065 2065 2062 2062 2062 2062 2062 2062 2066 2066 2066 2070 2070 2070 2071 2071 2071 2065 2065 2065 2070 2070 2070 2072 2072 2072 2073 2073 2073 2071 2071 2071 2071 2071 2071 2070 2070 2070 2072 2072 2072 2074 2074 2074 2072 2072 2072 2070 2070 2070 2075 2075 2075 2074 2074 2074 2070 2070 2070 2070 2070 2070 2076 2076 2076 2075 2075 2075 2070 2070 2070 2077 2077 2077 2076 2076 2076 2078 2078 2078 2077 2077 2077 2070 2070 2070 2070 2070 2070 2066 2066 2066 2078 2078 2078 2078 2078 2078 2066 2066 2066 2079 2079 2079 2067 2067 2067 2079 2079 2079 2066 2066 2066 2079 2079 2079 2080 2080 2080 2078 2078 2078 2081 2081 2081 2080 2080 2080 2079 2079 2079 2079 2079 2079 2067 2067 2067 2081 2081 2081 2067 2067 2067 2082 2082 2082 2081 2081 2081 2069 2069 2069 2082 2082 2082 2067 2067 2067 2081 2081 2081 2069 2069 2069 2083 2083 2083 2083 2083 2083 2084 2084 2084 2081 2081 2081 2083 2083 2083 2069 2069 2069 2085 2085 2085 2085 2085 2085 2086 2086 2086 2083 2083 2083 2085 2085 2085 2087 2087 2087 2086 2086 2086 2084 2084 2084 2083 2083 2083 2088 2088 2088 2089 2089 2089 2085 2085 2085 2090 2090 2090 2090 2090 2090 2069 2069 2069 2091 2091 2091 2088 2088 2088 2092 2092 2092 2084 2084 2084 2093 2093 2093 2084 2084 2084 2092 2092 2092 2094 2094 2094 2093 2093 2093 2092 2092 2092 2092 2092 2092 2095 2095 2095 2094 2094 2094 2092 2092 2092 2088 2088 2088 2096 2096 2096 2096 2096 2096 2097 2097 2097 2092 2092 2092 2097 2097 2097 2096 2096 2096 2098 2098 2098 2098 2098 2098 2099 2099 2099 2100 2100 2100 2098 2098 2098 2100 2100 2100 2097 2097 2097 2100 2100 2100 2101 2101 2101 2097 2097 2097 2097 2097 2097 2101 2101 2101 2102 2102 2102 2097 2097 2097 2102 2102 2102 2103 2103 2103 2103 2103 2103 2104 2104 2104 2097 2097 2097 2091 2091 2091 2105 2105 2105 2090 2090 2090 2090 2090 2090 2105 2105 2105 2089 2089 2089 2091 2091 2091 2106 2106 2106 2105 2105 2105 2107 2107 2107 2089 2089 2089 2105 2105 2105 2105 2105 2105 2106 2106 2106 2108 2108 2108 2105 2105 2105 2109 2109 2109 2107 2107 2107 2107 2107 2107 2109 2109 2109 2110 2110 2110 2111 2111 2111 2110 2110 2110 2109 2109 2109 2108 2108 2108 2112 2112 2112 2105 2105 2105 2108 2108 2108 2113 2113 2113 2112 2112 2112 2112 2112 2112 2113 2113 2113 2114 2114 2114 2112 2112 2112 2114 2114 2114 2115 2115 2115 2116 2116 2116 2109 2109 2109 2105 2105 2105 2111 2111 2111 2109 2109 2109 2116 2116 2116 2105 2105 2105 2112 2112 2112 2116 2116 2116 2116 2116 2116 2117 2117 2117 2111 2111 2111 2115 2115 2115 2118 2118 2118 2112 2112 2112 2115 2115 2115 2119 2119 2119 2118 2118 2118 2118 2118 2118 2119 2119 2119 2120 2120 2120 2121 2121 2121 2116 2116 2116 2112 2112 2112 2112 2112 2112 2118 2118 2118 2121 2121 2121 2116 2116 2116 2122 2122 2122 2117 2117 2117 2123 2123 2123 2117 2117 2117 2122 2122 2122 2122 2122 2122 2124 2124 2124 2123 2123 2123 2125 2125 2125 2124 2124 2124 2122 2122 2122 2122 2122 2122 2126 2126 2126 2125 2125 2125 2126 2126 2126 2122 2122 2122 2116 2116 2116 2126 2126 2126 2127 2127 2127 2125 2125 2125 2126 2126 2126 2128 2128 2128 2127 2127 2127 2126 2126 2126 2129 2129 2129 2128 2128 2128 2126 2126 2126 2130 2130 2130 2129 2129 2129 2131 2131 2131 2130 2130 2130 2126 2126 2126 2126 2126 2126 2132 2132 2132 2131 2131 2131 2133 2133 2133 2132 2132 2132 2126 2126 2126 2134 2134 2134 1592 1592 1592 2133 2133 2133 2126 2126 2126 2134 2134 2134 2133 2133 2133 2134 2134 2134 2126 2126 2126 2135 2135 2135 2116 2116 2116 2135 2135 2135 2126 2126 2126 2135 2135 2135 2136 2136 2136 2134 2134 2134 2116 2116 2116 2121 2121 2121 2135 2135 2135 2135 2135 2135 2137 2137 2137 2136 2136 2136 2135 2135 2135 2121 2121 2121 2138 2138 2138 2138 2138 2138 2137 2137 2137 2135 2135 2135 2138 2138 2138 2121 2121 2121 2118 2118 2118 2138 2138 2138 2139 2139 2139 2137 2137 2137 2118 2118 2118 2140 2140 2140 2138 2138 2138 2139 2139 2139 2138 2138 2138 2140 2140 2140 2120 2120 2120 2140 2140 2140 2118 2118 2118 2140 2140 2140 2141 2141 2141 2139 2139 2139 2120 2120 2120 1805 1805 1805 2140 2140 2140 2140 2140 2140 1806 1806 1806 2141 2141 2141 1806 1806 1806 2140 2140 2140 1805 1805 1805 2142 2142 2142 2143 2143 2143 2144 2144 2144 2144 2144 2144 2145 2145 2145 2142 2142 2142 2146 2146 2146 2142 2142 2142 2145 2145 2145 2145 2145 2145 2147 2147 2147 2146 2146 2146 2145 2145 2145 2148 2148 2148 2147 2147 2147 2148 2148 2148 2145 2145 2145 2149 2149 2149 2149 2149 2149 2150 2150 2150 2148 2148 2148 2151 2151 2151 2148 2148 2148 2150 2150 2150 2150 2150 2150 2152 2152 2152 2151 2151 2151 2153 2153 2153 2154 2154 2154 2155 2155 2155 2155 2155 2155 2156 2156 2156 2153 2153 2153 2157 2157 2157 2153 2153 2153 2156 2156 2156 2156 2156 2156 2158 2158 2158 2157 2157 2157 2159 2159 2159 2158 2158 2158 2156 2156 2156 2156 2156 2156 2160 2160 2160 2159 2159 2159 2161 2161 2161 2159 2159 2159 2160 2160 2160 2161 2161 2161 2162 2162 2162 2159 2159 2159 2160 2160 2160 2163 2163 2163 2161 2161 2161 2164 2164 2164 2161 2161 2161 2163 2163 2163 2163 2163 2163 2165 2165 2165 2164 2164 2164 2164 2164 2164 2165 2165 2165 2166 2166 2166 2166 2166 2166 2167 2167 2167 2164 2164 2164 2167 2167 2167 2168 2168 2168 2164 2164 2164 2169 2169 2169 2170 2170 2170 2171 2171 2171 2172 2172 2172 2169 2169 2169 2171 2171 2171 2171 2171 2171 2173 2173 2173 2172 2172 2172 2171 2171 2171 2174 2174 2174 2173 2173 2173 2171 2171 2171 2175 2175 2175 2174 2174 2174 2176 2176 2176 2175 2175 2175 2171 2171 2171 2177 2177 2177 2176 2176 2176 2171 2171 2171 2171 2171 2171 2178 2178 2178 2177 2177 2177 2178 2178 2178 2179 2179 2179 2177 2177 2177 2180 2180 2180 2179 2179 2179 2178 2178 2178 2181 2181 2181 2180 2180 2180 2178 2178 2178 2181 2181 2181 2178 2178 2178 2182 2182 2182 2182 2182 2182 2183 2183 2183 2181 2181 2181 2182 2182 2182 2184 2184 2184 2183 2183 2183 2185 2185 2185 2184 2184 2184 2182 2182 2182 2186 2186 2186 2185 2185 2185 2182 2182 2182 2187 2187 2187 2186 2186 2186 2182 2182 2182 2182 2182 2182 2188 2188 2188 2187 2187 2187 2182 2182 2182 2189 2189 2189 2188 2188 2188 2182 2182 2182 2190 2190 2190 2189 2189 2189</p>
        </triangles>
      </mesh>
    </geometry>
  </library_geometries>
  <library_materials>
    <material id="a556656611bf4a0c8e24f79684c55aef" name="pbrmaterial">
      <instance_effect url="#efbcda0d0eb5410586c5c155c61e405c"/>
    </material>
  </library_materials>
  <library_visual_scenes>
    <visual_scene id="scene">
      <node id="node0" name="node0">
        <instance_geometry url="#42c2ec3e34df4460a16acb16e31a142b">
          <bind_material>
            <technique_common>
              <instance_material symbol="material0" target="#a556656611bf4a0c8e24f79684c55aef"/>
            </technique_common>
          </bind_material>
        </instance_geometry>
      </node>
    </visual_scene>
  </library_visual_scenes>
  <scene>
    <instance_visual_scene url="#scene"/>
  </scene>
</COLLADA>
