<COLLADA xmlns="http://www.collada.org/2005/11/COLLADASchema" version="1.4.1">
  <asset>
    <created>2026-09-25T14:22:25.546832</created>
    <modified>2026-09-25T14:22:25.546834</modified>
    <up_axis>Y_UP</up_axis>
  </asset>
  <library_effects>
    <effect id="308935324da649aaa69404986f1bd6fb" name="308935324da649aaa69404986f1bd6fb">
      <profile_COMMON>
        <technique sid="common">
          <phong>
            <ambient>
              <color>0.0 0.0 0.0 1.0</color>
            </ambient>
            <diffuse>
              <color>1.0 1.0 1.0 1.0</color>
            </diffuse>
            <specular>
              <color>1.0 1.0 1.0 1.0</color>
            </specular>
            <shininess>
              <float>0.0</float>
            </shininess>
            <reflective>
              <color>0.0 0.0 0.0 1.0</color>
            </reflective>
            <reflectivity>
              <float>0.0</float>
            </reflectivity>
            <transparent>
              <color>0.0 0.0 0.0 1.0</color>
            </transparent>
            <transparency>
              <float>1.0</float>
            </transparency>
          </phong>
        </technique>
        <extra>
          <technique profile="GOOGLEEARTH">
            <double_sided>0</double_sided>
          </technique>
        </extra>
      </profile_COMMON>
    </effect>
  </library_effects>
  <library_geometries>
    <geometry id="f022bae37b0345c2a1380482446d59ef" name="8cb166c252064dc697c7b78bc5689e41">
      <mesh>
        <source id="verts-array">
          <float_array count="13665" id="verts-array-array">-0.007749999 0.001 0.0082 -0.00125 -5.822023e-18 0.0082 -0.00125 0.001 0.0082 -0.007749999 -4.995519e-18 0.0082 -0.00125 -1.092773e-17 0.0152 -0.007749999 0.001 0.0152 -0.00125 0.0010005 0.0152 -0.007749999 -1.010122e-17 0.0152 -0.0275 0.022 -0.02745 -0.0275 0.022 -0.01055 -0.0275 0.006 -0.02745 -0.0275 0.006 -0.01055 -0.005 0.014 -0.013 -0.005 0.01 -0.013 -0.005 0.01 -0.0095 -0.005 0.014 -0.0095 -0.005 0.014 -0.025 -0.005 0.014 -0.0285 -0.005 0.01 -0.0285 -0.005 0.01 -0.025 0.01724402 0.004 -0.02988132 0.017191 0.0010005 -0.0297676 0.017191 0.004 -0.0297676 0.01724402 0.001 -0.02988132 -0.02209273 0.00100025 0.02633537 -0.02218146 0.004 0.0264241 -0.02209273 0.004 0.02633537 -0.02218146 0.001 0.0264241 -0.0264241 0.001 0.02218146 -0.02633537 0.0010005 0.02209273 -0.0264241 0.004 0.02218146 -0.02633537 0.004 0.02209273 0.01180618 0.001 0.03241704 0.01175315 0.0010005 0.03230331 0.01180618 0.004 0.03241704 0.01175315 0.004 0.03230331 0.01724402 0.001 0.02988132 0.017191 0.004 0.0297676 0.017191 0.0010005 0.0297676 0.01724402 0.004 0.02988132 0.01180618 0.001 -0.03241704 0.01175315 0.004 -0.03230331 0.01175315 0.0010005 -0.03230331 0.01180618 0.004 -0.03241704 -0.00125 -1.092773e-17 0.0152 -0.00125 0.0010005 0.0152 -0.0004711767 -1.096275e-17 0.01511225 -0.0004014233 0.0010005 0.01509538 0.0002685931 -1.086801e-17 0.01485339 0.000396523 0.0010005 0.01478839 0.0009322143 -1.064825e-17 0.01443641 0.001096269 0.0010005 0.01429706 0.00148641 -1.03145e-17 0.01388221 0.0016558 0.0010005 0.01365059 0.001903391 -9.883482e-18 0.01321859 0.002042204 0.0010005 0.01288791 0.002162248 -9.376819e-18 0.01247882 0.002197463 0.0010005 0.01230293 0.00225 -8.819914e-18 0.0117 0.00225 0.0010005 0.0117 0.005698949 0.004 -0.03402605 0.004770129 0.004 -0.02965629 0.005738987 0.003652534 -0.03401933 0.004812764 0.003641027 -0.02964723 0.005858086 0.003323127 -0.03399901 0.004938191 0.003302915 -0.02962057 0.006047908 0.003032227 -0.03396576 0.005139119 0.003005316 -0.02957786 0.006299132 0.002793442 -0.03392006 0.005403874 0.002765524 -0.02952159 0.006597282 0.002619828 -0.03386334 0.005717067 0.002597476 -0.02945502 0.006926263 0.002521486 -0.03379759 0.006060497 0.002510936 -0.02938202 0.007268408 0.00250309 -0.03372566 0.006414205 0.002510936 -0.02930683 0.007602888 0.002565869 -0.03365184 0.006757635 0.002597476 -0.02923384 0.007916059 0.002707389 -0.03357955 0.007070827 0.002765524 -0.02916726 0.008186481 0.002918581 -0.03351464 0.007335582 0.003005316 -0.02911099 0.008402724 0.003188995 -0.03346109 0.00753651 0.003302915 -0.02906828 0.008551716 0.003504147 -0.03342332 0.007661937 0.003641027 -0.02904162 0.008612934 0.003747785 -0.03340761 0.007704572 0.004 -0.02903256 0.008633392 0.004 -0.03340231 0.008593997 0.004347741 -0.03341247 0.007661937 0.004358973 -0.02904162 0.008477192 0.004676166 -0.0334423 0.00753651 0.004697085 -0.02906828 0.008289558 0.004968301 -0.0334893 0.007335582 0.004994684 -0.02911099 0.008040633 0.005208129 -0.03354994 0.007070827 0.005234476 -0.02916726 0.007744583 0.00538103 -0.03361951 0.006757635 0.005402524 -0.02923384 0.007416466 0.005479437 -0.03369341 0.006414205 0.005489063 -0.02930683 0.00707302 0.005496607 -0.03376718 0.006060497 0.005489063 -0.02938202 0.006736541 0.005432436 -0.03383591 0.005717067 0.005402524 -0.02945502 0.006421146 0.005289482 -0.03389718 0.005403874 0.005234476 -0.02952159 0.006147973 0.005076562 -0.03394779 0.005139119 0.004994684 -0.02957786 0.005930122 0.004804757 -0.03398652 0.004938191 0.004697085 -0.02962057 0.005779706 0.004488884 -0.03401243 0.004812764 0.004358973 -0.02964723 0.005719188 0.004248617 -0.03402266 0.004770129 0.004 -0.02965629 0.005698949 0.004 -0.03402605 0.03446738 0.004 -0.0015 0.03 0.004 -0.0015 0.03446817 0.00376837 -0.001481936 0.03 0.003641027 -0.001456413 0.03447055 0.003532256 -0.001425185 0.03 0.003302915 -0.001328184 0.03447418 0.003317082 -0.001335523 0.03447931 0.003094651 -0.001196011 0.03 0.003005316 -0.001122766 0.03448686 0.002839917 -0.0009509579 0.03 0.002765524 -0.0008520971 0.03449377 0.00265012 -0.0006541709 0.03 0.002597476 -0.0005319073 0.03449828 0.002539669 -0.0003426831 0.03 0.002510936 -0.000180805 0.0345 0.0025 -4.225031e-18 0.03 0.002510936 0.000180805 0.03449921 0.002518022 0.0002313616 0.03449683 0.002574624 0.0004671599 0.03 0.002597476 0.0005319073 0.03449322 0.002664239 0.0006824538 0.03 0.002765524 0.0008520971 0.03448808 0.00280389 0.0009052184 0.03 0.003005316 0.001122766 0.03448052 0.003049134 0.001160154 0.03 0.003302915 0.001328184 0.0344736 0.003346103 0.001350014 0.03 0.003641027 0.001456413 0.03446909 0.003657475 0.001460368 0.03 0.004 0.0015 0.03446738 0.004 0.0015 0.03446817 0.00423109 0.001482021 0.03 0.004358973 0.001456413 0.03447054 0.004466628 0.001425551 0.03 0.004697085 0.001328184 0.03447416 0.004681844 0.001336072 0.03447929 0.004904787 0.001196436 0.03 0.004994684 0.001122766 0.03448686 0.005159983 0.0009510797 0.03 0.005234476 0.0008520971 0.03449378 0.005349998 0.0006539276 0.03 0.005402524 0.0005319073 0.03449828 0.005460374 0.0003424996 0.03 0.005489063 0.000180805 0.0345 0.0055 -4.225031e-18 0.03 0.005489063 -0.000180805 0.03449921 0.00548202 -0.0002310956 0.03449684 0.005425556 -0.0004666093 0.03 0.005402524 -0.0005319073 0.03449323 0.005336056 -0.0006818749 0.03 0.005234476 -0.0008520971 0.03448809 0.005196563 -0.0009046184 0.03 0.004994684 -0.001122766 0.03448054 0.004951594 -0.001159539 0.03 0.004697085 -0.001328184 0.03447361 0.004654494 -0.001349724 0.03 0.004358973 -0.001456413 0.0344691 0.004342926 -0.001460274 0.03 0.004 -0.0015 0.03446738 0.004 -0.0015 0.008633392 0.004 0.03340231 0.007704572 0.004 0.02903256 0.008611208 0.003739356 0.03340805 0.007661937 0.003641027 0.02904162 0.008541103 0.003474139 0.03342603 0.00753651 0.003302915 0.02906828 0.008435271 0.003244207 0.03345296 0.007335582 0.003005316 0.02911099 0.008302632 0.003047789 0.03348609 0.008135108 0.002869952 0.03352714 0.007070827 0.002765524 0.02916726 0.007881503 0.002686802 0.03358764 0.006757635 0.002597476 0.02923384 0.007650055 0.002581772 0.03364114 0.006414205 0.002510936 0.02930683 0.007363732 0.002512753 0.03370496 0.007083691 0.002502799 0.03376494 0.006060497 0.002510936 0.02938202 0.006798152 0.002549693 0.03382358 0.005717067 0.002597476 0.02945502 0.006541925 0.002645207 0.03387406 0.005403874 0.002765524 0.02952159 0.006302436 0.00279071 0.0339194 0.005139119 0.003005316 0.02957786 0.006039781 0.003042134 0.03396723 0.004938191 0.003302915 0.02962057 0.005857607 0.003324249 0.03399913 0.004812764 0.003641027 0.02964723 0.005741516 0.003642926 0.03401891 0.004770129 0.004 0.02965629 0.005698949 0.004 0.03402605 0.005709302 0.00417656 0.03402432 0.004812764 0.004358973 0.02964723 0.005741482 0.004356693 0.03401891 0.005833399 0.004624644 0.03400327 0.004938191 0.004697085 0.02962057 0.005968709 0.004863538 0.03397983 0.005139119 0.004994684 0.02957786 0.006208931 0.005133413 0.03393668 0.005403874 0.005234476 0.02952159 0.006465136 0.005314833 0.03388877 0.005717067 0.005402524 0.02945502 0.006697909 0.005419451 0.03384358 0.006060497 0.005489063 0.02938202 0.006984745 0.00548762 0.03378553 0.007264281 0.005497065 0.03372655 0.006414205 0.005489063 0.02930683 0.007548437 0.005449879 0.03366408 0.006757635 0.005402524 0.02923384 0.007802055 0.00535451 0.0336062 0.007070827 0.005234476 0.02916726 0.008039466 0.005208712 0.03355016 0.007335582 0.004994684 0.02911099 0.008298383 0.004957493 0.03348714 0.00753651 0.004697085 0.02906828 0.008477512 0.004675729 0.03344225 0.007661937 0.004358973 0.02904162 0.008591596 0.004357098 0.0334131 0.007704572 0.004 0.02903256 0.008633392 0.004 0.03340231 -0.03446738 0.004 0.0015 -0.03 0.004 0.0015 -0.03446913 0.003652534 0.001459439 -0.03 0.003641027 0.001456413 -0.03447402 0.003323127 0.001338719 -0.03 0.003302915 0.001328184 -0.03448096 0.003032227 0.001146132 -0.03 0.003005316 0.001122766 -0.03448848 0.002793443 0.0008908972 -0.03 0.002765524 0.0008520971 -0.034495 0.002619828 0.000587468 -0.03 0.002597476 0.0005319073 -0.03449868 0.002530476 0.0002998748 -0.03 0.002510936 0.000180805 -0.0345 0.0025 2.946395e-26 -0.03 0.002510936 -0.000180805 -0.03449825 0.002540483 -0.0003472834 -0.03 0.002597476 -0.0005319073 -0.03449335 0.002661391 -0.0006770937 -0.03 0.002765524 -0.0008520971 -0.03448642 0.002853942 -0.0009679492 -0.03 0.003005316 -0.001122766 -0.03447884 0.003110658 -0.001208206 -0.03 0.003302915 -0.001328184 -0.03447235 0.003414645 -0.001381073 -0.03 0.003641027 -0.001456413 -0.03446867 0.003701259 -0.001470213 -0.03 0.004 -0.0015 -0.03446738 0.004 -0.0015 -0.03446912 0.004347743 -0.001459355 -0.03 0.004358973 -0.001456413 -0.03447401 0.004676171 -0.001338898 -0.03 0.004697085 -0.001328184 -0.03448098 0.004968307 -0.001145589 -0.03 0.004994684 -0.001122766 -0.03448854 0.005208136 -0.0008894927 -0.03 0.005234476 -0.0008520971 -0.03449503 0.005381031 -0.0005854534 -0.03 0.005402524 -0.0005319073 -0.03449871 0.005470256 -0.000298667 -0.03 0.005489063 -0.000180805 -0.0345 0.0055 2.095215e-27 -0.03 0.005489063 0.000180805 -0.03449826 0.005459605 0.0003468114 -0.03 0.005402524 0.0005319073 -0.03449338 0.005339274 0.0006757705 -0.03 0.005234476 0.0008520971 -0.03448646 0.005147349 0.0009663344 -0.03 0.004994684 0.001122766 -0.03447895 0.004893092 0.001204968 -0.03 0.004697085 0.001328184 -0.03447244 0.004590646 0.001378819 -0.03 0.004358973 0.001456413 -0.0344687 0.004301533 0.001469645 -0.03 0.004 0.0015 -0.03446738 0.004 0.0015 0.0015 0.022 0.01 0.0015 0.021 0.01 0.001456413 0.021 0.01035897 0.001456413 0.022 0.01035897 0.001328184 0.021 0.01069708 0.001328184 0.022 0.01069708 0.001122766 0.021 0.01099468 0.001122766 0.022 0.01099468 0.0008520971 0.021 0.01123448 0.0008520971 0.022 0.01123448 0.0005319073 0.021 0.01140252 0.0005319073 0.022 0.01140252 0.000180805 0.021 0.01148906 0.000180805 0.022 0.01148906 -0.000180805 0.021 0.01148906 -0.000180805 0.022 0.01148906 -0.0005319073 0.021 0.01140252 -0.0005319073 0.022 0.01140252 -0.0008520971 0.021 0.01123448 -0.0008520971 0.022 0.01123448 -0.001122766 0.021 0.01099468 -0.001122766 0.022 0.01099468 -0.001328184 0.021 0.01069708 -0.001328184 0.022 0.01069708 -0.001456413 0.021 0.01035897 -0.001456413 0.022 0.01035897 -0.0015 0.021 0.01 -0.0015 0.022 0.01 -0.001456413 0.022 0.009641026 -0.001456413 0.021 0.009641026 -0.001328184 0.021 0.009302915 -0.001328184 0.022 0.009302915 -0.001122766 0.021 0.009005315 -0.001122766 0.022 0.009005315 -0.0008520971 0.021 0.008765524 -0.0008520971 0.022 0.008765524 -0.0005319073 0.021 0.008597475 -0.0005319073 0.022 0.008597475 -0.000180805 0.021 0.008510937 -0.000180805 0.022 0.008510937 0.000180805 0.021 0.008510937 0.000180805 0.022 0.008510937 0.0005319073 0.021 0.008597475 0.0005319073 0.022 0.008597475 0.0008520971 0.021 0.008765524 0.0008520971 0.022 0.008765524 0.001122766 0.021 0.009005315 0.001122766 0.022 0.009005315 0.001328184 0.021 0.009302915 0.001328184 0.022 0.009302915 0.001456413 0.021 0.009641026 0.001456413 0.022 0.009641026 0.0015 0.021 0.01 0.0015 0.022 0.01 0.0335 0.022 -4.140612e-18 0.03412132 0.02137868 -4.178657e-18 0.03345305 0.022 -0.001772892 0.03406395 0.02137868 -0.001977809 0.03331235 0.022 -0.003540815 0.03389204 0.02137868 -0.003948967 0.03307828 0.022 -0.005298813 0.03360616 0.02137868 -0.005906847 -0.0335 0.022 0 -0.03412132 0.02137868 0 -0.0339344 0.02137868 0.003566649 -0.03330362 0.022 0.003621987 -0.03337569 0.02137868 0.007094221 -0.03271679 0.022 0.007201509 -0.03245131 0.02137868 0.01054407 -0.03174638 0.022 0.0106966 -0.03117138 0.02137868 0.01387839 -0.03040378 0.022 0.01406628 -0.02954993 0.02137868 0.01706066 -0.02870471 0.022 0.01727105 -0.02760473 0.02137868 0.02005601 -0.02666912 0.022 0.02027334 -0.02535708 0.02137868 0.02283162 -0.02432085 0.022 0.02303793 -0.02283162 0.02137868 0.02535708 -0.02168744 0.022 0.02553243 -0.02005601 0.02137868 0.02760473 -0.01879977 0.022 0.02772758 -0.01706066 0.02137868 0.02954993 -0.01569168 0.022 0.02959765 -0.01387839 0.02137868 0.03117138 -0.01239963 0.022 0.03112072 -0.01054407 0.02137868 0.03245131 -0.008962199 0.022 0.03227892 -0.007094221 0.02137868 0.03337569 -0.005419696 0.022 0.03305869 -0.003566649 0.02137868 0.0339344 -0.001813653 0.022 0.03345087 -3.99716e-17 0.02137868 0.03412132 0.001813653 0.022 0.03345087 0.003566649 0.02137868 0.0339344 0.005419696 0.022 0.03305869 0.007094221 0.02137868 0.03337569 0.008962199 0.022 0.03227892 0.01054407 0.02137868 0.03245131 0.01239963 0.022 0.03112072 0.01387839 0.02137868 0.03117138 0.01569168 0.022 0.02959765 0.01706066 0.02137868 0.02954993 0.01879977 0.022 0.02772758 0.02005601 0.02137868 0.02760473 0.02168744 0.022 0.02553243 0.02283162 0.02137868 0.02535708 0.02432085 0.022 0.02303793 0.02535708 0.02137868 0.02283162 0.02666912 0.022 0.02027334 0.02760473 0.02137868 0.02005601 0.02870471 0.022 0.01727105 0.02954993 0.02137868 0.01706066 0.03040378 0.022 0.01406628 0.03117138 0.02137868 0.01387839 0.03174638 0.022 0.0106966 0.03245131 0.02137868 0.01054407 0.03271679 0.022 0.007201509 0.03337569 0.02137868 0.007094221 0.03330362 0.022 0.003621987 0.0339344 0.02137868 0.003566649 0.0335 0.022 -4.140612e-18 0.03412132 0.02137868 -4.178657e-18 -0.007749999 -4.995519e-18 0.0082 -0.007749999 0.001 0.0082 -0.008587604 0.001 0.008301703 -0.008587604 -4.963196e-18 0.008301703 -0.009376531 0.001 0.008600904 -0.009376531 -5.081112e-18 0.008600904 -0.01007093 0.001 0.009080213 -0.01007093 -5.342418e-18 0.009080213 -0.01063044 0.001 0.009711773 -0.01063044 -5.731925e-18 0.009711773 -0.01102256 0.001 0.01045888 -0.01102256 -6.226997e-18 0.01045888 -0.01122448 0.001 0.01127812 -0.01122448 -6.798863e-18 0.01127812 -0.01122448 0.001 0.01212188 -0.01122448 -7.414288e-18 0.01212188 -0.01102256 0.001 0.01294112 -0.01102256 -8.037505e-18 0.01294112 -0.01063044 0.001 0.01368823 -0.01063044 -8.632295e-18 0.01368823 -0.01007093 0.001 0.01431979 -0.01007093 -9.164091e-18 0.01431979 -0.009376531 0.001 0.01479909 -0.009376531 -9.601988e-18 0.01479909 -0.008587604 0.001 0.0150983 -0.008587604 -9.920535e-18 0.0150983 -0.007749999 0.001 0.0152 -0.007749999 -1.010122e-17 0.0152 -0.005669022 0.001001 0.03149405 -0.006940431 0.0010005 0.03126987 -0.005825306 0.001001 0.03238038 -0.007347303 0.001000116 0.03358068 -0.005822548 0.001001 0.03239133 -0.006429756 0.001001 0.03376831 -0.005809806 0.001001 0.03240264 -0.005774386 0.001001 0.03241981 -0.005695869 0.001001 0.03243764 -0.005507449 0.001001 0.03393094 -0.005645141 0.001001 0.03243902 -0.00561982 0.001001 0.03243478 -0.005606535 0.001001 0.03242889 -0.004581066 0.00100011 0.03406846 -0.005600744 0.001001 0.03241997 -0.004172484 0.0010005 0.03175793 -0.005444461 0.001001 0.03153365 -0.02731225 0.0144 -0.02577882 -0.0274 0.0144 -0.025 -0.0274 0.01447621 -0.02573432 -0.02705339 0.0144 -0.02651859 -0.0274 0.01468558 -0.02644257 -0.02663641 0.0144 -0.02718221 -0.02534257 0.01468558 -0.0285 -0.02608221 0.0144 -0.02773641 -0.0274 0.01520116 -0.0275 -0.02541859 0.0144 -0.02815339 -0.0264 0.01520116 -0.0285 -0.02463432 0.01447621 -0.0285 -0.02653503 0.01527372 -0.02849085 -0.02467882 0.0144 -0.02841225 -0.0239 0.0144 -0.0285 -0.02737535 0.01531355 -0.02772053 -0.02667207 0.01533529 -0.02846229 -0.02733905 0.01536252 -0.02784376 -0.0267942 0.01537951 -0.02841901 -0.02728529 0.01540001 -0.02796471 -0.02691276 0.01541169 -0.02835827 -0.02721325 0.01542482 -0.02808151 -0.02702385 0.01543058 -0.02828135 -0.02712511 0.01543527 -0.02818861 -0.02702385 0.01543058 -0.009718653 -0.02712511 0.01543527 -0.009811384 -0.02721325 0.01542482 -0.009918491 -0.02691276 0.01541169 -0.009641727 -0.02728529 0.01540001 -0.01003529 -0.0267942 0.01537951 -0.009580991 -0.02733905 0.01536252 -0.01015624 -0.02667207 0.01533529 -0.009537708 -0.02737535 0.01531355 -0.01027947 -0.02653503 0.01527372 -0.009509147 -0.0274 0.01520116 -0.0105 -0.0264 0.01520116 -0.0095 -0.0274 0.01479608 -0.01128773 -0.02561227 0.01479608 -0.0095 -0.02608221 0.0144 -0.01026359 -0.02663641 0.0144 -0.01081778 -0.02541859 0.0144 -0.009846609 -0.02705339 0.0144 -0.01148141 -0.02477526 0.01450797 -0.0095 -0.0274 0.01450797 -0.01212474 -0.02467882 0.0144 -0.009587753 -0.0239 0.0144 -0.0095 -0.02731225 0.0144 -0.01222118 -0.0274 0.0144 -0.013 -0.005376148 0.01543058 -0.02828135 -0.00527489 0.01543527 -0.02818861 -0.005186744 0.01542482 -0.02808151 -0.005487239 0.01541169 -0.02835827 -0.005114715 0.01540001 -0.02796471 -0.005605801 0.01537951 -0.02841901 -0.005060944 0.01536252 -0.02784376 -0.005727934 0.01533529 -0.02846229 -0.005024651 0.01531355 -0.02772053 -0.00586497 0.01527372 -0.02849085 -0.005 0.01520116 -0.0275 -0.006 0.01520116 -0.0285 -0.005 0.01479608 -0.02671227 -0.006787731 0.01479608 -0.0285 -0.006317785 0.0144 -0.02773641 -0.005763589 0.0144 -0.02718221 -0.006981407 0.0144 -0.02815339 -0.005346609 0.0144 -0.02651859 -0.007624742 0.01450797 -0.0285 -0.005 0.01450797 -0.02587526 -0.007721176 0.0144 -0.02841225 -0.0085 0.0144 -0.0285 -0.005087752 0.0144 -0.02577882 -0.005 0.0144 -0.025 -0.005087752 0.0144 -0.01222118 -0.005 0.0144 -0.013 -0.005 0.01447621 -0.01226568 -0.005346609 0.0144 -0.01148141 -0.005 0.01468558 -0.01155743 -0.005763589 0.0144 -0.01081778 -0.007057426 0.01468558 -0.0095 -0.006317785 0.0144 -0.01026359 -0.005 0.01520116 -0.0105 -0.006981407 0.0144 -0.009846609 -0.006 0.01520116 -0.0095 -0.007765681 0.01447621 -0.0095 -0.00586497 0.01527372 -0.009509147 -0.007721176 0.0144 -0.009587753 -0.0085 0.0144 -0.0095 -0.005024651 0.01531355 -0.01027947 -0.005727934 0.01533529 -0.009537708 -0.005060944 0.01536252 -0.01015624 -0.005605801 0.01537951 -0.009580991 -0.005114715 0.01540001 -0.01003529 -0.005487239 0.01541169 -0.009641727 -0.005186744 0.01542482 -0.009918491 -0.005376148 0.01543058 -0.009718653 -0.00527489 0.01543527 -0.009811384 0.006414205 0.005489063 0.02930683 0.006060497 0.005489063 0.02938202 0.005717067 0.005402524 0.02945502 0.006757635 0.005402524 0.02923384 0.005403874 0.005234476 0.02952159 0.007070827 0.005234476 0.02916726 0.007335582 0.004994684 0.02911099 0.005139119 0.004994684 0.02957786 0.004938191 0.004697085 0.02962057 0.00753651 0.004697085 0.02906828 0.007661937 0.004358973 0.02904162 0.004812764 0.004358973 0.02964723 0.007704572 0.004 0.02903256 0.004770129 0.004 0.02965629 0.007661937 0.003641027 0.02904162 0.004812764 0.003641027 0.02964723 0.00753651 0.003302915 0.02906828 0.004938191 0.003302915 0.02962057 0.005139119 0.003005316 0.02957786 0.007335582 0.003005316 0.02911099 0.005403874 0.002765524 0.02952159 0.007070827 0.002765524 0.02916726 0.006757635 0.002597476 0.02923384 0.005717067 0.002597476 0.02945502 0.006060497 0.002510936 0.02938202 0.006414205 0.002510936 0.02930683 0.0011 0.006 -0.02745 0.0011 0.01806202 -0.02745 0.001092346 0.01813015 -0.02758362 0.001071167 0.006 -0.0277059 0.001069383 0.01819809 -0.02771431 0.00100307 0.01830344 -0.02791211 0.0009861141 0.006 -0.02794897 0.0009007679 0.01840482 -0.02809728 0.0008491062 0.006 -0.02816701 0.0007653123 0.01849675 -0.02826102 0.0006670133 0.006 -0.02834911 0.0005947867 0.01857794 -0.02840251 0.0004489663 0.006 -0.02848611 0.0004004655 0.0186396 -0.0285081 0.0002058991 0.006 -0.02857117 0.0001797269 0.01868037 -0.02857706 -5e-05 0.006 -0.0286 -5e-05 0.01869402 -0.0286 -5e-05 0.006 -0.0094 -5e-05 0.01869402 -0.0094 0.0001554776 0.01868313 -0.009418262 0.0002058991 0.006 -0.009428833 0.0003533309 0.01865074 -0.009472981 0.0004489663 0.006 -0.009513886 0.0005770439 0.01858476 -0.009585734 0.0006670133 0.006 -0.009650893 0.0007872453 0.0184839 -0.009761634 0.0008491062 0.006 -0.009832987 0.0009583174 0.01835303 -0.009996679 0.0009861141 0.006 -0.01005103 0.001064701 0.01820816 -0.01026653 0.001071167 0.006 -0.0102941 0.0011 0.01806202 -0.01055 0.0011 0.006 -0.01055 -0.0275 0.006 -0.01055 -0.0275 0.022 -0.01055 -0.02747117 0.022 -0.0102941 -0.02747117 0.006 -0.0102941 -0.02738611 0.022 -0.01005103 -0.02738611 0.006 -0.01005103 -0.02724911 0.022 -0.009832987 -0.02724911 0.006 -0.009832987 -0.02706701 0.006 -0.009650893 -0.02706701 0.022 -0.009650893 -0.02684897 0.022 -0.009513886 -0.02684897 0.006 -0.009513886 -0.0266059 0.022 -0.009428833 -0.0266059 0.006 -0.009428833 -0.02635 0.006 -0.0094 -0.02635 0.022 -0.0094 -0.02635 0.006 -0.0286 -0.02635 0.022 -0.0286 -0.0266059 0.022 -0.02857117 -0.0266059 0.006 -0.02857117 -0.02684897 0.022 -0.02848611 -0.02684897 0.006 -0.02848611 -0.02706701 0.022 -0.02834911 -0.02706701 0.006 -0.02834911 -0.02724911 0.006 -0.02816701 -0.02724911 0.022 -0.02816701 -0.02738611 0.022 -0.02794897 -0.02738611 0.006 -0.02794897 -0.02747117 0.022 -0.0277059 -0.02747117 0.006 -0.0277059 -0.0275 0.006 -0.02745 -0.0275 0.022 -0.02745 -0.01665203 0.005 -0.0306 -0.01665203 0.008 -0.0306 -0.01619371 0.005 -0.03063522 -0.01619371 0.008 -0.03063522 -0.01574615 0.005 -0.03074003 -0.01574615 0.008 -0.03074003 -0.01531986 0.005 -0.030912 -0.01531986 0.008 -0.030912 -0.01774937 0.008 -0.0306 -0.01774937 0.01925736 -0.0306 -0.01726549 0.008 -0.03063928 -0.01726549 0.01925736 -0.03063928 -0.01679429 0.008 -0.03075609 -0.01679429 0.01925736 -0.03075609 -0.0163481 0.008 -0.03094737 -0.0163481 0.01925736 -0.03094737 -0.02993421 0.008 -0.01813679 -0.02993421 0.01925736 -0.01813679 -0.02969566 0.008 -0.01862568 -0.02969566 0.01925736 -0.01862568 -0.02954932 0.008 -0.01914962 -0.02954932 0.01925736 -0.01914962 -0.0295 0.008 -0.01969137 -0.0295 0.01925736 -0.01969137 -0.006 0.01966575 -0.007931259 -0.006 0.01869402 -0.0094 -0.006 0.022 -0.0094 -0.006 0.02077099 -0.006560165 -0.006 0.022 -0.005298813 -0.006 0.02077099 -0.03143984 -0.006 0.022 -0.03270119 -0.006 0.022 -0.0286 -0.006 0.01966575 -0.03006874 -0.006 0.01869402 -0.0286 0.009406474 0.0217248 -0.03243896 0.01158853 0.02137868 -0.03209315 0.008181193 0.02137868 -0.03312601 0.007272031 0.022 -0.03270119 0.004684777 0.02137868 -0.03379818 0.004207582 0.022 -0.03323472 0.001137353 0.02137868 -0.03410236 0.001106858 0.022 -0.03348171 -0.00200341 0.022 -0.03344004 -0.002422455 0.02137868 -0.03403522 -0.005096404 0.022 -0.03311007 -0.005955887 0.02137868 -0.0335975 -0.00814546 0.022 -0.03249464 -0.009424469 0.02137868 -0.03279396 -0.01112429 0.022 -0.03159905 -0.01279044 0.02137868 -0.03163335 -0.006 0.022 -0.005298813 0.03307828 0.022 -0.005298813 0.03360616 0.02137868 -0.005906847 -0.006 0.02077099 -0.006560165 0.03381756 0.02107624 -0.006224234 0.03397204 0.02074445 -0.006590226 0.03409415 0.02001949 -0.007463367 -0.006 0.01966575 -0.007931259 0.03394905 0.01925736 -0.008512444 -5e-05 0.01869402 -0.0094 -0.006 0.01869402 -0.0094 0.0001554776 0.01868313 -0.009418262 0.0003533309 0.01865074 -0.009472981 0.0005770439 0.01858476 -0.009585734 0.0007872453 0.0184839 -0.009761634 0.03332935 0.01799654 -0.01068103 0.0009583174 0.01835303 -0.009996679 0.001064701 0.01820816 -0.01026653 0.0011 0.01806202 -0.01055 0.0011 0.01708576 -0.0128544 0.03253565 0.01707033 -0.01289909 0.0315051 0.01642978 -0.0152454 0.0011 0.0164251 -0.01526829 0.03022075 0.01609834 -0.01765448 0.0011 0.0160918 -0.01774867 0.02867275 0.01608065 -0.02007168 0.0011 0.0160918 -0.02025133 0.0269669 0.01634471 -0.02231127 0.0011 0.0164251 -0.02273171 0.02484655 0.01692171 -0.0246506 0.0011 0.01708576 -0.0251456 0.02251852 0.01774681 -0.02679418 0.0011 0.01806202 -0.02745 0.02073756 0.0184596 -0.02819516 0.001092346 0.01813015 -0.02758362 0.001069383 0.01819809 -0.02771431 0.00100307 0.01830344 -0.02791211 0.0009007679 0.01840482 -0.02809728 0.0007653123 0.01849675 -0.02826102 0.0005947867 0.01857794 -0.02840251 0.0004004655 0.0186396 -0.0285081 0.01885428 0.01925736 -0.02948755 0.0001797269 0.01868037 -0.02857706 -5e-05 0.01869402 -0.0286 -0.006 0.01966575 -0.03006874 -0.006 0.01869402 -0.0286 0.01772688 0.0197159 -0.03013778 0.0165664 0.0201336 -0.0306823 -0.006 0.02077099 -0.03143984 0.01412819 0.02084583 -0.03152376 0.01158853 0.02137868 -0.03209315 0.009406474 0.0217248 -0.03243896 -0.006 0.022 -0.03270119 0.007272031 0.022 -0.03270119 -0.01240959 0.008 0.03219087 -0.01249804 0.008 0.03269249 -0.01556864 0.008 0.03078745 -0.01571413 0.008 0.03127405 -0.01857139 0.008 0.02907496 -0.01877173 0.008 0.02954018 -0.02138769 0.008 0.02707059 -0.02164 0.008 0.02750837 -0.02398929 0.008 0.02479444 -0.02429 0.008 0.02519912 -0.02635004 0.008 0.02226938 -0.02669503 0.008 0.02263571 -0.02844627 0.008 0.01952075 -0.02883081 0.008 0.019844 -0.03025692 0.008 0.01657614 -0.03067581 0.008 0.01685214 -0.03176382 0.008 0.01346513 -0.03221141 0.008 0.01369032 -0.03295183 0.008 0.01021894 -0.03342213 0.008 0.01039042 -0.03380904 0.008 0.006870162 -0.03429577 0.008 0.006985719 -0.03432683 0.008 0.003452411 -0.0348235 0.008 0.003510563 -0.0345 0.008 0 -0.035 0.008 0 -0.03485585 0.008 -0.003173274 -0.03431193 0.008 -0.003597421 -0.03442459 0.008 -0.006320409 -0.03374977 0.008 -0.007155621 -0.03370977 0.008 -0.009415483 -0.03281965 0.008 -0.01063581 -0.03271728 0.008 -0.012433 -0.03153171 0.008 -0.01400003 -0.0314553 0.008 -0.0153481 -0.0299 0.008 -0.01721162 -0.02993421 0.008 -0.01813679 -0.02968004 0.008 -0.01768464 -0.02954535 0.008 -0.01818861 -0.02969566 0.008 -0.01862568 -0.0295 0.008 -0.01870828 -0.02954932 0.008 -0.01914962 -0.0295 0.008 -0.01969137 -0.02633537 0.0010005 0.02209273 -0.0264241 0.001 0.02218146 -0.02831731 0.001000193 0.01949171 -0.02850191 0.001 0.01943943 -0.03003102 0.001000047 0.01673348 -0.03029629 0.001 0.01650409 -0.03150854 0.001000003 0.01374463 -0.0317894 0.001 0.01340463 -0.03220727 0.001 0.0120141 -0.03296639 0.001 0.01017188 -0.03281284 0.001 0.01024977 -0.0337245 0.001 0.006677879 -0.03381556 0.001 0.006837974 -0.03432846 0.001 0.003436071 -0.03421189 0.001000043 0.003369785 -0.0345 0.001 0 -0.03437531 0.0010005 4.605618e-10 -0.03423665 0.00100012 -0.003112503 -0.03430391 0.001 -0.003673144 -0.03381534 0.001000007 -0.006190712 -0.03371786 0.001 -0.007304533 -0.03304801 0.001 -0.009460484 -0.03274851 0.001 -0.01085289 -0.031841 0.001 -0.01296105 -0.03140689 0.001 -0.01427787 -0.03043263 0.001 -0.01599029 -0.02970824 0.001 -0.01754054 -0.02952426 0.001 -0.01761064 -0.02853296 0.001 -0.01917499 -0.02767188 0.001 -0.02060382 -0.0265337 0.001 -0.02185736 -0.02532095 0.001 -0.02343288 -0.02403523 0.001 -0.02457969 -0.02268218 0.001 -0.02599555 -0.02154099 0.001 -0.02678975 -0.01978556 0.001 -0.02826272 -0.02005634 0.001 -0.02791754 -0.01851453 0.001 -0.02896434 -0.01666403 0.001 -0.03020861 -0.01530642 0.001 -0.03078259 -0.01335306 0.001 -0.03181109 -0.01223063 0.001 -0.03212675 -0.009890305 0.001 -0.03305196 -0.01046923 0.001 -0.03274316 -0.008688624 0.001 -0.03326113 -0.006315115 0.001 -0.0339171 -0.00543448 0.001 -0.03394594 -0.002668139 0.001 -0.03439667 -0.001752861 0.001 -0.03433308 0.00100917 0.001 -0.03448524 0.001585926 0.001 -0.03434 0.00344119 0.001 -0.03420398 0.004675006 0.001 -0.03418178 0.005275337 0.001 -0.03397064 0.008287698 0.001 -0.03348976 0.008544734 0.001000003 -0.03329827 0.01180618 0.001 -0.03241704 0.01175315 0.0010005 -0.03230331 0.017191 0.0010005 -0.0297676 0.01724402 0.001 -0.02988132 0.01981481 0.00100014 -0.0280907 0.02027357 0.001 -0.02791474 0.02226638 0.001000015 -0.02619001 0.0230809 0.001 -0.02564219 0.02446687 0.001 -0.02414566 0.02563526 0.001 -0.02308859 0.02692279 0.001 -0.0213748 0.02790865 0.001 -0.02028194 0.02886375 0.001 -0.01866974 0.02987615 0.001 -0.01725299 0.03038482 0.001 -0.01607543 0.03151619 0.001 -0.01403494 0.03193602 0.001 -0.01272048 0.03281081 0.001 -0.01066305 0.03301812 0.001 -0.009563091 0.03374581 0.001 -0.007174303 0.03372782 0.001000008 -0.006642142 0.03431093 0.001 -0.003606918 0.03421318 0.001000124 -0.003342086 0.0345 0.001 -4.225031e-18 0.034375 0.0010005 -1.402942e-16 0.03423505 0.00100014 0.003110141 0.03431093 0.001 0.003606918 0.03381538 0.001000015 0.006182825 0.03374581 0.001 0.007174303 0.03314572 0.001 0.009110552 0.03281081 0.001 0.01066305 0.03197462 0.001 0.01262306 0.03151619 0.001 0.01403494 0.03060296 0.001 0.01565673 0.02987615 0.001 0.01725299 0.02911718 0.001 0.01827147 0.02790865 0.001 0.02028194 0.02698782 0.001 0.02129266 0.02563526 0.001 0.02308859 0.02479488 0.001 0.02380887 0.0230809 0.001 0.02564219 0.02262049 0.001000008 0.02588432 0.02027357 0.001 0.02791474 0.02000498 0.001000124 0.02795551 0.01724402 0.001 0.02988132 0.017191 0.0010005 0.0297676 -0.007347303 0.001000116 0.03358068 -0.007369016 0.001 0.03370382 -0.01033454 0.001000029 0.03278622 -0.01058591 0.001 0.03283578 -0.01323707 0.001000002 0.03172475 -0.01370405 0.001 0.03166147 -0.01493362 0.001 0.03096177 -0.01669438 0.001 0.03019184 -0.01658413 0.001 0.03011072 -0.019529 0.001 0.02844061 -0.01942634 0.001000002 0.02836075 -0.02218146 0.001 0.0264241 -0.02209273 0.00100025 0.02633537 -0.004146459 0.001159711 0.03176252 -0.005444461 0.001001 0.03153365 -0.004172484 0.0010005 0.03175793 -0.002907285 0.001582895 0.03198102 -0.002771504 0.001481382 0.03200496 -0.001778628 0.0022529 0.03218003 -0.001512607 0.002269419 0.03222694 -0.0008075677 0.003141778 0.03235126 -0.0004599374 0.003324187 0.03241255 -3.461061e-05 0.004212452 0.03248755 0.0003328234 0.004591897 0.03255234 0.0005797355 0.005649901 0.03259587 0.0008252495 0.006007904 0.03263916 0.0008374518 0.007194871 0.03264132 0.0009922299 0.0075 0.03266861 0.0007235609 0.008757574 0.03262123 0.0008019286 0.009091449 0.03263505 0.0002446816 0.01024719 0.0325368 0.0002420846 0.01059041 0.03253634 -0.0005713553 0.01157715 0.03239291 -0.0006547661 0.01190977 0.0323782 -0.001677125 0.01267016 0.03219793 -0.001836502 0.01297284 0.03216983 -0.003008364 0.01346271 0.0319632 -0.003234444 0.01371786 0.03192333 -0.004487704 0.01390871 0.03170235 -0.00476735 0.01410151 0.03165304 -0.006029174 0.01398227 0.03143055 -0.006346133 0.01410151 0.03137466 -0.007543188 0.01367911 0.03116358 -0.007879039 0.01371786 0.03110436 -0.008941757 0.01301683 0.03091698 -0.009276981 0.01297284 0.03085787 -0.0101436 0.01203394 0.03070506 -0.01045872 0.01190977 0.0306495 -0.01107887 0.01078755 0.03054015 -0.01135557 0.01059041 0.03049136 -0.0116744 0.009413292 0.03043514 -0.01191541 0.009091449 0.03039264 -0.01194351 0.00793695 0.03038769 -0.01210571 0.0075 0.03035909 -0.01187186 0.006437296 0.03040032 -0.01193871 0.006007812 0.03038853 -0.01146326 0.004994342 0.03047237 -0.01144623 0.004591728 0.03047537 -0.01073952 0.003685078 0.03059998 -0.01065337 0.003323967 0.03061517 -0.009739254 0.00257936 0.03077636 -0.009600585 0.002269187 0.03080081 -0.008515826 0.001736183 0.03099208 -0.00834156 0.001481182 0.03102281 -0.007134515 0.001200537 0.03123564 -0.006940431 0.0010005 0.03126987 -0.005669022 0.001001 0.03149405 -0.035 0.008 0 -0.035 0.01925736 0 -0.03485585 0.01925736 -0.003173274 -0.03485585 0.008 -0.003173274 -0.03442459 0.01925736 -0.006320409 -0.03442459 0.008 -0.006320409 -0.03370977 0.01925736 -0.009415483 -0.03370977 0.008 -0.009415483 -0.03271728 0.01925736 -0.012433 -0.03271728 0.008 -0.012433 -0.0314553 0.01925736 -0.0153481 -0.0314553 0.008 -0.0153481 -0.02993421 0.01925736 -0.01813679 -0.02993421 0.008 -0.01813679 -0.03412132 0.02137868 0 -0.0335 0.022 0 -0.03397798 0.02137868 -0.003124291 -0.03331396 0.022 -0.003525595 -0.03354917 0.02137868 -0.006222332 -0.03275792 0.022 -0.007012033 -0.0328385 0.02137868 -0.009268096 -0.03183805 0.022 -0.01042059 -0.03185192 0.02137868 -0.01223599 -0.03056456 0.022 -0.01371341 -0.03059774 0.02137868 -0.01510109 -0.01210571 0.0075 0.03035909 -0.01242749 0.0075 0.03218396 -0.01193871 0.006007812 0.03038853 -0.01226869 0.006019127 0.03224501 -0.01144623 0.004591728 0.03047537 -0.01179045 0.004593428 0.03242278 -0.01065337 0.003323967 0.03061517 -0.0110067 0.003307213 0.03269713 -0.009600585 0.002269187 0.03080081 -0.009976347 0.002256341 0.0330264 -0.00834156 0.001481182 0.03102281 -0.008698197 0.001453744 0.03338528 -0.006940431 0.0010005 0.03126987 -0.007347303 0.001000116 0.03358068 -0.007369016 0.001 0.03370382 -0.033875 4.307355e-18 8.403217e-18 -0.034375 0.0005 1.437809e-17 -0.03418669 0.0005 -0.003593166 -0.03367642 6.953505e-18 -0.003662531 -0.03362382 0.0005 -0.007146964 -0.03308302 9.518132e-18 -0.007282123 -0.03269257 0.0005 -0.01062246 -0.03210175 1.197117e-17 -0.01081634 -0.03140312 0.0005 -0.01398157 -0.03074411 1.428385e-17 -0.01422374 -0.02976962 0.0005 -0.0171875 -0.02902604 1.642907e-17 -0.01746439 -0.02780996 0.0005 -0.02020512 -0.02696765 1.838167e-17 -0.02050028 -0.0255456 0.0005 -0.02300137 -0.0245931 2.011877e-17 -0.02329582 -0.02300137 0.0005 -0.0255456 -0.02193021 2.161999e-17 -0.02581824 -0.02020512 0.0005 -0.02780996 -0.01901021 2.286773e-17 -0.02803797 -0.0171875 0.0005 -0.02976962 -0.01586734 2.384738e-17 -0.02992897 -0.01398157 0.0005 -0.03140312 -0.01253843 2.454743e-17 -0.03146909 -0.01062246 0.0005 -0.03269257 -0.009062522 2.495969e-17 -0.03264026 -0.007146964 0.0005 -0.03362382 -0.005480365 2.507932e-17 -0.03342875 -0.003593166 0.0005 -0.03418669 -0.001833955 2.490491e-17 -0.03382532 2.838205e-17 0.0005 -0.034375 0.001833955 2.443852e-17 -0.03382532 0.003593166 0.0005 -0.03418669 0.005480365 2.368561e-17 -0.03342875 0.007146964 0.0005 -0.03362382 0.009062522 2.265501e-17 -0.03264026 0.01062246 0.0005 -0.03269257 0.01253843 2.13588e-17 -0.03146909 0.01398157 0.0005 -0.03140312 0.01586734 1.981217e-17 -0.02992897 0.0171875 0.0005 -0.02976962 0.01901021 1.803327e-17 -0.02803797 0.02020512 0.0005 -0.02780996 0.02193021 1.604294e-17 -0.02581824 0.02300137 0.0005 -0.0255456 0.0245931 1.386453e-17 -0.02329582 0.0255456 0.0005 -0.02300137 0.02696765 1.152356e-17 -0.02050028 0.02780996 0.0005 -0.02020512 0.02902604 9.047493e-18 -0.01746439 0.02976962 0.0005 -0.0171875 0.03074411 6.46535e-18 -0.01422374 0.03140312 0.0005 -0.01398157 0.03210175 3.807409e-18 -0.01081634 0.03269257 0.0005 -0.01062246 0.03308302 1.104828e-18 -0.007282123 0.03362382 0.0005 -0.007146964 0.03367642 -1.610706e-18 -0.003662531 0.03418669 0.0005 -0.003593166 0.033875 -4.307355e-18 -4.10378e-18 0.034375 0.0005 -6.886131e-18 0.03418669 0.0005 0.003593166 0.03367642 -6.953505e-18 0.003662531 0.03362382 0.0005 0.007146964 0.03308302 -9.518132e-18 0.007282123 0.03269257 0.0005 0.01062246 0.03210175 -1.197117e-17 0.01081634 0.03140312 0.0005 0.01398157 0.03074411 -1.428385e-17 0.01422374 0.02976962 0.0005 0.0171875 0.02902604 -1.642907e-17 0.01746439 0.02780996 0.0005 0.02020512 0.02696765 -1.838167e-17 0.02050028 0.0255456 0.0005 0.02300137 0.0245931 -2.011877e-17 0.02329582 0.02300137 0.0005 0.0255456 0.02193021 -2.161999e-17 0.02581824 0.02020512 0.0005 0.02780996 0.01901021 -2.286773e-17 0.02803797 0.0171875 0.0005 0.02976962 0.01586734 -2.384738e-17 0.02992897 0.01398157 0.0005 0.03140312 0.01253843 -2.454743e-17 0.03146909 0.01062246 0.0005 0.03269257 0.009062522 -2.495969e-17 0.03264026 0.007146964 0.0005 0.03362382 0.005480365 -2.507932e-17 0.03342875 0.003593166 0.0005 0.03418669 0.001833955 -2.490491e-17 0.03382532 -1.146818e-18 0.0005 0.034375 -0.001833955 -2.443852e-17 0.03382532 -0.003593166 0.0005 0.03418669 -0.005480365 -2.368561e-17 0.03342875 -0.007146964 0.0005 0.03362382 -0.009062522 -2.265501e-17 0.03264026 -0.01062246 0.0005 0.03269257 -0.01253843 -2.13588e-17 0.03146909 -0.01398157 0.0005 0.03140312 -0.01586734 -1.981217e-17 0.02992897 -0.0171875 0.0005 0.02976962 -0.01901021 -1.803327e-17 0.02803797 -0.02020512 0.0005 0.02780996 -0.02193021 -1.604294e-17 0.02581824 -0.02300137 0.0005 0.0255456 -0.0245931 -1.386453e-17 0.02329582 -0.0255456 0.0005 0.02300137 -0.02696765 -1.152356e-17 0.02050028 -0.02780996 0.0005 0.02020512 -0.02902604 -9.047493e-18 0.01746439 -0.02976962 0.0005 0.0171875 -0.03074411 -6.46535e-18 0.01422374 -0.03140312 0.0005 0.01398157 -0.03210175 -3.807409e-18 0.01081634 -0.03269257 0.0005 0.01062246 -0.03308302 -1.104828e-18 0.007282123 -0.03362382 0.0005 0.007146964 -0.03367642 1.610706e-18 0.003662531 -0.03418669 0.0005 0.003593166 -0.033875 4.307355e-18 8.403217e-18 -0.034375 0.0005 1.437809e-17 0.03423505 0.00100014 0.003110141 0.034375 0.0005 -6.886131e-18 0.034375 0.0010005 -1.402942e-16 0.03418669 0.0005 0.003593166 0.03381538 0.001000015 0.006182825 0.03362382 0.0005 0.007146964 0.03314572 0.001 0.009110552 0.03269257 0.0005 0.01062246 0.03197462 0.001 0.01262306 0.03140312 0.0005 0.01398157 0.03060296 0.001 0.01565673 0.02976962 0.0005 0.0171875 0.02911718 0.001 0.01827147 0.02780996 0.0005 0.02020512 0.02698782 0.001 0.02129266 0.0255456 0.0005 0.02300137 0.02479488 0.001 0.02380887 0.02300137 0.0005 0.0255456 0.02262049 0.001000008 0.02588432 0.02020512 0.0005 0.02780996 0.02000498 0.001000124 0.02795551 0.0171875 0.0005 0.02976962 0.017191 0.0010005 0.0297676 0.01398157 0.0005 0.03140312 0.017191 0.004 0.0297676 0.01542867 0.004 0.03071802 0.01361401 0.004 0.03156421 0.01175315 0.0010005 0.03230331 0.01175315 0.004 0.03230331 0.01062246 0.0005 0.03269257 0.00878872 0.001000123 0.03323359 0.007146964 0.0005 0.03362382 0.005763742 0.001000008 0.03388933 0.003593166 0.0005 0.03418669 0.003926568 0.001 0.03415019 0.002069154 0.001 0.03431298 -1.146818e-18 0.0005 0.034375 -0.001263152 0.001000001 0.03435322 -0.003593166 0.0005 0.03418669 -0.004581066 0.00100011 0.03406846 -0.005507449 0.001001 0.03393094 -0.007146964 0.0005 0.03362382 -0.006429756 0.001001 0.03376831 -0.007347303 0.001000116 0.03358068 -0.01033454 0.001000029 0.03278622 -0.01062246 0.0005 0.03269257 -0.01323707 0.001000002 0.03172475 -0.01398157 0.0005 0.03140312 -0.01493362 0.001 0.03096177 -0.0171875 0.0005 0.02976962 -0.01658413 0.001 0.03011072 -0.01942634 0.001000002 0.02836075 -0.02020512 0.0005 0.02780996 -0.02209273 0.00100025 0.02633537 -0.02300137 0.0005 0.0255456 -0.02358858 0.004 0.02500439 -0.02209273 0.004 0.02633537 -0.0255456 0.0005 0.02300137 -0.02500439 0.004 0.02358858 -0.02633537 0.0010005 0.02209273 -0.02633537 0.004 0.02209273 -0.02780996 0.0005 0.02020512 -0.02831731 0.001000193 0.01949171 -0.02976962 0.0005 0.0171875 -0.03003102 0.001000047 0.01673348 -0.03140312 0.0005 0.01398157 -0.03150854 0.001000003 0.01374463 -0.03220727 0.001 0.0120141 -0.03269257 0.0005 0.01062246 -0.03281284 0.001 0.01024977 -0.03362382 0.0005 0.007146964 -0.0337245 0.001 0.006677879 -0.03418669 0.0005 0.003593166 -0.03421189 0.001000043 0.003369785 -0.034375 0.0005 1.437809e-17 -0.03437531 0.0010005 4.605618e-10 -0.03423665 0.00100012 -0.003112503 -0.03418669 0.0005 -0.003593166 -0.03381534 0.001000007 -0.006190712 -0.03362382 0.0005 -0.007146964 -0.03304801 0.001 -0.009460484 -0.03269257 0.0005 -0.01062246 -0.031841 0.001 -0.01296105 -0.03140312 0.0005 -0.01398157 -0.03043263 0.001 -0.01599029 -0.02976962 0.0005 -0.0171875 -0.02952426 0.001 -0.01761064 -0.02853296 0.001 -0.01917499 -0.02780996 0.0005 -0.02020512 -0.0265337 0.001 -0.02185736 -0.0255456 0.0005 -0.02300137 -0.02403523 0.001 -0.02457969 -0.02300137 0.0005 -0.0255456 -0.02154099 0.001 -0.02678975 -0.02020512 0.0005 -0.02780996 -0.02005634 0.001 -0.02791754 -0.01851453 0.001 -0.02896434 -0.0171875 0.0005 -0.02976962 -0.01530642 0.001 -0.03078259 -0.01398157 0.0005 -0.03140312 -0.01223063 0.001 -0.03212675 -0.01062246 0.0005 -0.03269257 -0.01046923 0.001 -0.03274316 -0.008688624 0.001 -0.03326113 -0.007146964 0.0005 -0.03362382 -0.00543448 0.001 -0.03394594 -0.003593166 0.0005 -0.03418669 -0.001752861 0.001 -0.03433308 2.838205e-17 0.0005 -0.034375 0.001585926 0.001 -0.03434 0.003593166 0.0005 -0.03418669 0.00344119 0.001 -0.03420398 0.005275337 0.001 -0.03397064 0.007146964 0.0005 -0.03362382 0.008544734 0.001000003 -0.03329827 0.01062246 0.0005 -0.03269257 0.01175315 0.0010005 -0.03230331 0.01398157 0.0005 -0.03140312 0.01175315 0.004 -0.03230331 0.01361401 0.004 -0.03156421 0.01542867 0.004 -0.03071802 0.017191 0.0010005 -0.0297676 0.017191 0.004 -0.0297676 0.0171875 0.0005 -0.02976962 0.01981481 0.00100014 -0.0280907 0.02020512 0.0005 -0.02780996 0.02226638 0.001000015 -0.02619001 0.02300137 0.0005 -0.0255456 0.02446687 0.001 -0.02414566 0.0255456 0.0005 -0.02300137 0.02692279 0.001 -0.0213748 0.02780996 0.0005 -0.02020512 0.02886375 0.001 -0.01866974 0.02976962 0.0005 -0.0171875 0.03038482 0.001 -0.01607543 0.03140312 0.0005 -0.01398157 0.03193602 0.001 -0.01272048 0.03269257 0.0005 -0.01062246 0.03301812 0.001 -0.009563091 0.03362382 0.0005 -0.007146964 0.03372782 0.001000008 -0.006642142 0.03418669 0.0005 -0.003593166 0.03421318 0.001000124 -0.003342086 0.034375 0.0005 -6.886131e-18 0.034375 0.0010005 -1.402942e-16 -0.01308472 0.008 -0.03246213 -0.0163481 0.008 -0.03094737 -0.0163481 0.01925736 -0.03094737 -0.0129987 0.01925736 -0.03249668 -0.009683079 0.008 -0.03363388 -0.009504782 0.01925736 -0.0336847 -0.006179119 0.008 -0.03445023 -0.005905198 0.01925736 -0.03449824 -0.002609867 0.008 -0.03490256 -0.002239964 0.01925736 -0.03492825 0.0009869622 0.008 -0.03498608 0.001450174 0.01925736 -0.03496994 0.004573363 0.008 -0.03469992 0.005124188 0.01925736 -0.03462286 0.008111439 0.008 -0.03404709 0.008741236 0.01925736 -0.03389087 0.0115638 0.008 -0.0330345 0.0122611 0.01925736 -0.03278209 0.01489398 0.008 -0.03167285 0.01564466 0.01925736 -0.03130886 0.01806677 0.008 -0.02997652 0.01885428 0.01925736 -0.02948755 0.02073756 0.0184596 -0.02819516 0.02104866 0.008 -0.02796344 0.02251852 0.01774681 -0.02679418 0.02380813 0.008 -0.02565487 0.02484655 0.01692171 -0.0246506 0.02631604 0.008 -0.02307523 0.0269669 0.01634471 -0.02231127 0.02854587 0.008 -0.02025175 0.02867275 0.01608065 -0.02007168 0.03022075 0.01609834 -0.01765448 0.03047406 0.008 -0.01721428 0.0315051 0.01642978 -0.0152454 0.03208025 0.008 -0.01399491 0.03253565 0.01707033 -0.01289909 0.03334745 0.008 -0.01062767 0.03332935 0.01799654 -0.01068103 0.03394905 0.01925736 -0.008512444 0.03426229 0.008 -0.007148121 0.0345316 0.01925736 -0.00570686 0.03481508 0.008 -0.003593044 0.03488271 0.01925736 -0.002863025 0.035 0.008 -4.286264e-18 0.035 0.01925736 -4.286264e-18 0.03481217 0.008 0.003621176 0.03480827 0.01925736 0.003658496 0.03425069 0.008 0.007203486 0.03423516 0.01925736 0.007276908 0.03332159 0.008 0.01070848 0.03328698 0.01925736 0.01081559 0.03203484 0.008 0.01409853 0.03197409 0.01925736 0.01423578 0.03040426 0.008 0.01733727 0.03031089 0.01925736 0.0175 0.02844734 0.008 0.02038992 0.02831559 0.01925736 0.02057248 0.02618509 0.008 0.02322372 0.02601007 0.01925736 0.02341957 0.02364179 0.008 0.02580825 0.02341957 0.01925736 0.02601007 0.02084474 0.008 0.02811578 0.02057248 0.01925736 0.02831559 0.01782395 0.008 0.03012153 0.0175 0.01925736 0.03031089 0.01461186 0.008 0.03180399 0.01423578 0.01925736 0.03197409 0.01124293 0.008 0.03314508 0.01081559 0.01925736 0.03328698 0.007753331 0.008 0.03413042 0.007276908 0.01925736 0.03423516 0.004180514 0.008 0.03474944 0.003658496 0.01925736 0.03480827 0.0005628266 0.008 0.03499547 0.0004128161 0.008977389 0.03499772 0.0001175567 0.009921577 0.03499987 9.914692e-18 0.01925736 0.035 -0.0004902296 0.0110954 0.03499657 -0.001317964 0.01212794 0.03497518 -0.002328791 0.01297759 0.03492244 -0.003658496 0.01925736 0.03480827 -0.003485721 0.01361441 0.03482599 -0.004738573 0.01401047 0.03467774 -0.006037421 0.01414988 0.03447535 -0.007276908 0.01925736 0.03423516 -0.00733201 0.01402608 0.03422341 -0.008561888 0.01364631 0.03393662 -0.01081559 0.01925736 0.03328698 -0.009691642 0.01302274 0.03363142 -0.01066783 0.01218721 0.03333462 -0.01154244 0.01104028 0.03304198 -0.01423578 0.01925736 0.03197409 -0.01219727 0.009583349 0.03280589 -0.01571413 0.008 0.03127405 -0.01249804 0.008 0.03269249 -0.0175 0.01925736 0.03031089 -0.01877173 0.008 0.02954018 -0.02057248 0.01925736 0.02831559 -0.02164 0.008 0.02750837 -0.02341957 0.01925736 0.02601007 -0.02429 0.008 0.02519912 -0.02601007 0.01925736 0.02341957 -0.02669503 0.008 0.02263571 -0.02831559 0.01925736 0.02057248 -0.02883081 0.008 0.019844 -0.03031089 0.01925736 0.0175 -0.03067581 0.008 0.01685214 -0.03197409 0.01925736 0.01423578 -0.03221141 0.008 0.01369032 -0.03328698 0.01925736 0.01081559 -0.03342213 0.008 0.01039042 -0.03423516 0.01925736 0.007276908 -0.03429577 0.008 0.006985719 -0.03480827 0.01925736 0.003658496 -0.0348235 0.008 0.003510563 -0.035 0.01925736 0 -0.035 0.008 0 -0.004487117 0.004172789 0.03170245 -0.006132377 0.004049154 0.03141235 -0.005302355 0.004009545 0.0315587 -0.006928945 0.004289312 0.03127189 -0.003734041 0.004529399 0.03183524 -0.007645766 0.004716065 0.0311455 -0.003086895 0.005058649 0.03194935 -0.00824118 0.00530461 0.03104051 -0.002583286 0.005729781 0.03203815 -0.008680585 0.006020742 0.03096303 -0.002252485 0.006503793 0.03209648 -0.008938443 0.006822845 0.03091756 -0.002113714 0.0073357 0.03212095 -0.008999769 0.0076643 0.03090675 -0.00217504 0.008177156 0.03211013 -0.008860999 0.008496207 0.03093122 -0.002432898 0.008979257 0.03206467 -0.008530197 0.009270218 0.03098955 -0.002872303 0.00969539 0.03198719 -0.008026589 0.009941351 0.03107835 -0.003467717 0.01028393 0.0318822 -0.007379442 0.0104706 0.03119246 -0.004184538 0.01071069 0.03175581 -0.006626366 0.01082721 0.03132524 -0.004981107 0.01095085 0.03161535 -0.005811128 0.01099045 0.03146899 0.005717067 0.005402524 -0.02945502 0.006060497 0.005489063 -0.02938202 0.006414205 0.005489063 -0.02930683 0.006757635 0.005402524 -0.02923384 0.005403874 0.005234476 -0.02952159 0.007070827 0.005234476 -0.02916726 0.005139119 0.004994684 -0.02957786 0.007335582 0.004994684 -0.02911099 0.00753651 0.004697085 -0.02906828 0.004938191 0.004697085 -0.02962057 0.004812764 0.004358973 -0.02964723 0.007661937 0.004358973 -0.02904162 0.007704572 0.004 -0.02903256 0.004770129 0.004 -0.02965629 0.007661937 0.003641027 -0.02904162 0.004812764 0.003641027 -0.02964723 0.00753651 0.003302915 -0.02906828 0.004938191 0.003302915 -0.02962057 0.007335582 0.003005316 -0.02911099 0.005139119 0.003005316 -0.02957786 0.005403874 0.002765524 -0.02952159 0.007070827 0.002765524 -0.02916726 0.005717067 0.002597476 -0.02945502 0.006757635 0.002597476 -0.02923384 0.006414205 0.002510936 -0.02930683 0.006060497 0.002510936 -0.02938202 0.03 0.002597476 -0.0005319073 0.03 0.002510936 0.000180805 0.03 0.002510936 -0.000180805 0.03 0.002597476 0.0005319073 0.03 0.002765524 -0.0008520971 0.03 0.002765524 0.0008520971 0.03 0.003005316 0.001122766 0.03 0.003005316 -0.001122766 0.03 0.003302915 0.001328184 0.03 0.003302915 -0.001328184 0.03 0.003641027 -0.001456413 0.03 0.003641027 0.001456413 0.03 0.004 -0.0015 0.03 0.004 0.0015 0.03 0.004358973 0.001456413 0.03 0.004358973 -0.001456413 0.03 0.004697085 -0.001328184 0.03 0.004697085 0.001328184 0.03 0.004994684 -0.001122766 0.03 0.004994684 0.001122766 0.03 0.005234476 0.0008520971 0.03 0.005234476 -0.0008520971 0.03 0.005402524 -0.0005319073 0.03 0.005402524 0.0005319073 0.03 0.005489063 0.000180805 0.03 0.005489063 -0.000180805 -0.03 0.002597476 0.0005319073 -0.03 0.002510936 -0.000180805 -0.03 0.002510936 0.000180805 -0.03 0.002597476 -0.0005319073 -0.03 0.002765524 0.0008520971 -0.03 0.002765524 -0.0008520971 -0.03 0.003005316 -0.001122766 -0.03 0.003005316 0.001122766 -0.03 0.003302915 0.001328184 -0.03 0.003302915 -0.001328184 -0.03 0.003641027 -0.001456413 -0.03 0.003641027 0.001456413 -0.03 0.004 -0.0015 -0.03 0.004 0.0015 -0.03 0.004358973 0.001456413 -0.03 0.004358973 -0.001456413 -0.03 0.004697085 0.001328184 -0.03 0.004697085 -0.001328184 -0.03 0.004994684 -0.001122766 -0.03 0.004994684 0.001122766 -0.03 0.005234476 0.0008520971 -0.03 0.005234476 -0.0008520971 -0.03 0.005402524 -0.0005319073 -0.03 0.005402524 0.0005319073 -0.03 0.005489063 -0.000180805 -0.03 0.005489063 0.000180805 -0.02942478 0.005 -0.02826756 -0.0295 0.005 -0.0276 -0.0295 0.022 -0.0276 -0.02942478 0.022 -0.02826756 -0.02920291 0.005 -0.02890165 -0.02920291 0.022 -0.02890165 -0.02884549 0.005 -0.02947047 -0.02884549 0.022 -0.02947047 -0.02837047 0.005 -0.02994549 -0.02837047 0.022 -0.02994549 -0.02780165 0.005 -0.0303029 -0.02780165 0.022 -0.0303029 -0.02716756 0.005 -0.03052478 -0.02716756 0.022 -0.03052478 -0.0265 0.005 -0.0306 -0.0265 0.022 -0.0306 -0.0295 0.005 -0.01870828 -0.02954535 0.008 -0.01818861 -0.0295 0.008 -0.01870828 -0.02954535 0.005 -0.01818861 -0.02968004 0.008 -0.01768464 -0.02968004 0.005 -0.01768464 -0.0299 0.005 -0.01721162 -0.0299 0.008 -0.01721162 0.004180514 0.008 0.03474944 0.0005628266 0.008 0.03499547 0.0006512761 0.008 0.03449385 0.004210205 0.008 0.03424214 0.007753331 0.008 0.03413042 0.007724106 0.008 0.03362422 0.01124293 0.008 0.03314508 0.0111554 0.008 0.0326467 0.01461186 0.008 0.03180399 0.01446739 0.008 0.03132004 0.01762466 0.008 0.02965841 0.01782395 0.008 0.03012153 0.02059344 0.008 0.0276796 0.02084474 0.008 0.02811578 0.02334197 0.008 0.02540476 0.02364179 0.008 0.02580825 0.02584088 0.008 0.02285824 0.02618509 0.008 0.02322372 0.02806342 0.008 0.02006724 0.02844734 0.008 0.02038992 0.02998584 0.008 0.01706164 0.03040426 0.008 0.01733727 0.03158756 0.008 0.01387357 0.03203484 0.008 0.01409853 0.03285147 0.008 0.01053712 0.03332159 0.008 0.01070848 0.03376404 0.008 0.007087986 0.03425069 0.008 0.007203486 0.03431552 0.008 0.003563046 0.03481217 0.008 0.003621176 0.0345 0.008 -4.225031e-18 0.035 0.008 -4.286264e-18 0.03481508 0.008 -0.003593044 0.0343031 0.008 -0.003680695 0.03426229 0.008 -0.007148121 0.03371464 0.008 -0.007319376 0.03334745 0.008 -0.01062767 0.03274133 0.008 -0.01087451 0.03208025 0.008 -0.01399491 0.0313943 0.008 -0.01430551 0.03047406 0.008 -0.01721428 0.02968892 0.008 -0.01757322 0.02854587 0.008 -0.02025175 0.02764464 0.008 -0.02064034 0.02631604 0.008 -0.02307523 0.02528481 0.008 -0.02347186 0.02380813 0.008 -0.02565487 0.02263637 0.008 -0.02603546 0.02104866 0.008 -0.02796344 0.01972953 0.008 -0.02830186 0.01806677 0.008 -0.02997652 0.01659749 0.008 -0.03024522 0.01489398 0.008 -0.03167285 0.013276 0.008 -0.03184333 0.0115638 0.008 -0.0330345 0.009802965 0.008 -0.03307797 0.008111439 0.008 -0.03404709 0.006218034 0.008 -0.03393503 0.004573363 0.008 -0.03469992 0.002562126 0.008 -0.03440473 0.0009869622 0.008 -0.03498608 -0.001123028 0.008 -0.03448172 -0.002609867 0.008 -0.03490256 -0.004795363 0.008 -0.03416511 -0.006179119 0.008 -0.03445023 -0.00841296 0.008 -0.03345851 -0.009683079 0.008 -0.03363388 -0.01193453 0.008 -0.03237 -0.01308472 0.008 -0.03246213 -0.01531986 0.008 -0.030912 -0.0163481 0.008 -0.03094737 -0.01574615 0.008 -0.03074003 -0.01619371 0.008 -0.03063522 -0.01665203 0.008 -0.0306 -0.01679429 0.008 -0.03075609 -0.01726549 0.008 -0.03063928 -0.01774937 0.008 -0.0306 0.00878872 0.001000123 0.03323359 0.01175315 0.0010005 0.03230331 0.01180618 0.001 0.03241704 0.008623993 0.001 0.03340474 0.005763742 0.001000008 0.03388933 0.005361369 0.001 0.03408087 0.003926568 0.001 0.03415019 0.002048738 0.001 0.03443911 0.002069154 0.001 0.03431298 -0.001263152 0.001000001 0.03435322 -0.001283002 0.001 0.03447613 -0.004602775 0.001 0.03419159 -0.004581066 0.00100011 0.03406846 0.01724402 0.004 0.02988132 0.01542867 0.004 0.03071802 0.017191 0.004 0.0297676 0.01548152 0.004 0.03083136 0.01361401 0.004 0.03156421 0.01366686 0.004 0.03167754 0.01175315 0.004 0.03230331 0.01180618 0.004 0.03241704 -0.02633537 0.004 0.02209273 -0.02500439 0.004 0.02358858 -0.0264241 0.004 0.02218146 -0.02509281 0.004 0.02367701 -0.02358858 0.004 0.02500439 -0.02367701 0.004 0.02509281 -0.02218146 0.004 0.0264241 -0.02209273 0.004 0.02633537 0.01366686 0.004 -0.03167754 0.01175315 0.004 -0.03230331 0.01180618 0.004 -0.03241704 0.01361401 0.004 -0.03156421 0.01548152 0.004 -0.03083136 0.01542867 0.004 -0.03071802 0.01724402 0.004 -0.02988132 0.017191 0.004 -0.0297676 -0.005825306 0.001001 0.03238038 -0.007134515 0.001200537 0.03123564 -0.005669022 0.001001 0.03149405 -0.007290799 0.001200537 0.03212197 -0.008515826 0.001736183 0.03099208 -0.00867211 0.001736183 0.03187841 -0.009739254 0.00257936 0.03077636 -0.009895537 0.00257936 0.03166268 -0.01073952 0.003685078 0.03059998 -0.01089581 0.003685078 0.03148631 -0.01146326 0.004994342 0.03047237 -0.01161955 0.004994342 0.0313587 -0.01187186 0.006437296 0.03040032 -0.01202814 0.006437296 0.03128665 -0.01194351 0.00793695 0.03038769 -0.0120998 0.00793695 0.03127402 -0.0116744 0.009413292 0.03043514 -0.01183068 0.009413292 0.03132147 -0.01107887 0.01078755 0.03054015 -0.01123516 0.01078755 0.03142647 -0.0101436 0.01203394 0.03070506 -0.01029988 0.01203394 0.03159139 -0.00909804 0.01301683 0.03180331 -0.008941757 0.01301683 0.03091698 -0.007699471 0.01367911 0.03204991 -0.007543188 0.01367911 0.03116358 -0.006185458 0.01398227 0.03231687 -0.006029174 0.01398227 0.03143055 -0.004487704 0.01390871 0.03170235 -0.004643988 0.01390871 0.03258868 -0.003008364 0.01346271 0.0319632 -0.003164647 0.01346271 0.03284952 -0.001677125 0.01267016 0.03219793 -0.001833408 0.01267016 0.03308425 -0.0007276387 0.01157715 0.03327923 -0.0005713553 0.01157715 0.03239291 0.0002446816 0.01024719 0.0325368 8.839821e-05 0.01024719 0.03342312 0.0005672775 0.008757574 0.03350756 0.0007235609 0.008757574 0.03262123 0.0008374518 0.007194871 0.03264132 0.0006811684 0.007194871 0.03352764 0.0004234521 0.005649901 0.0334822 0.0005797355 0.005649901 0.03259587 -3.461061e-05 0.004212452 0.03248755 -0.000190894 0.004212452 0.03337388 -0.00125 -5.822023e-18 0.0082 -0.0004711767 0.001 0.008287752 -0.00125 0.001 0.0082 -0.0004711767 -5.985059e-18 0.008287752 0.0002685931 0.001 0.008546609 0.0002685931 -6.26793e-18 0.008546609 0.0009322143 0.001 0.00896359 0.0009322143 -6.656453e-18 0.00896359 0.00148641 0.001 0.009517786 0.00148641 -7.131144e-18 0.009517786 0.001903391 0.001 0.01018141 0.001903391 -7.668202e-18 0.01018141 0.002162248 0.001 0.01092118 0.002162248 -8.240694e-18 0.01092118 0.00225 -8.819914e-18 0.0117 0.00225 0.0010005 0.0117 -0.005600744 0.001001 0.03241997 -0.005444461 0.001001 0.03153365 -0.004146459 0.001159711 0.03176252 -0.004302742 0.001159711 0.03264885 -0.003063568 0.001582895 0.03286735 -0.002907285 0.001582895 0.03198102 -0.001934911 0.0022529 0.03306636 -0.001778628 0.0022529 0.03218003 -0.0009638511 0.003141778 0.03323758 -0.0008075677 0.003141778 0.03235126 -3.461061e-05 0.004212452 0.03248755 -0.000190894 0.004212452 0.03337388 -0.008530197 0.009270218 0.03098955 -0.008790669 0.009270218 0.03246676 -0.008860999 0.008496207 0.03093122 -0.009121471 0.008496207 0.03240843 -0.009260241 0.0076643 0.03238396 -0.008999769 0.0076643 0.03090675 -0.009198915 0.006822845 0.03239477 -0.008938443 0.006822845 0.03091756 -0.008680585 0.006020742 0.03096303 -0.008941057 0.006020742 0.03244024 -0.008501653 0.00530461 0.03251772 -0.00824118 0.00530461 0.03104051 -0.007645766 0.004716065 0.0311455 -0.007906239 0.004716065 0.03262271 -0.006928945 0.004289312 0.03127189 -0.007189417 0.004289312 0.0327491 -0.006132377 0.004049154 0.03141235 -0.006392849 0.004049154 0.03288956 -0.005302355 0.004009545 0.0315587 -0.005562827 0.004009545 0.03303592 -0.004487117 0.004172789 0.03170245 -0.004747589 0.004172789 0.03317966 -0.003734041 0.004529399 0.03183524 -0.003994514 0.004529399 0.03331245 -0.003086895 0.005058649 0.03194935 -0.003347367 0.005058649 0.03342656 -0.002583286 0.005729781 0.03203815 -0.002843759 0.005729781 0.03351536 -0.002512957 0.006503793 0.03357369 -0.002252485 0.006503793 0.03209648 -0.002374187 0.0073357 0.03359816 -0.002113714 0.0073357 0.03212095 -0.002435512 0.008177156 0.03358734 -0.00217504 0.008177156 0.03211013 -0.00269337 0.008979257 0.03354188 -0.002432898 0.008979257 0.03206467 -0.003132775 0.00969539 0.0334644 -0.002872303 0.00969539 0.03198719 -0.003728189 0.01028393 0.03335941 -0.003467717 0.01028393 0.0318822 -0.004184538 0.01071069 0.03175581 -0.00444501 0.01071069 0.03323302 -0.005241578 0.01095085 0.03309256 -0.004981107 0.01095085 0.03161535 -0.005811128 0.01099045 0.03146899 -0.0060716 0.01099045 0.0329462 -0.006886838 0.01082721 0.03280246 -0.006626366 0.01082721 0.03132524 -0.007639914 0.0104706 0.03266967 -0.007379442 0.0104706 0.03119246 -0.008287061 0.009941351 0.03255556 -0.008026589 0.009941351 0.03107835 -0.008530197 0.009270218 0.03098955 -0.008790669 0.009270218 0.03246676 -0.01210571 0.0075 0.03035909 -0.01240959 0.008 0.03219087 -0.01242749 0.0075 0.03218396 -0.01191541 0.009091449 0.03039264 -0.01219727 0.009583349 0.03280589 -0.01249804 0.008 0.03269249 -0.01135557 0.01059041 0.03049136 -0.01154244 0.01104028 0.03304198 -0.01045872 0.01190977 0.0306495 -0.01066783 0.01218721 0.03333462 -0.009276981 0.01297284 0.03085787 -0.009691642 0.01302274 0.03363142 -0.007879039 0.01371786 0.03110436 -0.008561888 0.01364631 0.03393662 -0.00733201 0.01402608 0.03422341 -0.006346133 0.01410151 0.03137466 -0.006037421 0.01414988 0.03447535 -0.00476735 0.01410151 0.03165304 -0.004738573 0.01401047 0.03467774 -0.003234444 0.01371786 0.03192333 -0.003485721 0.01361441 0.03482599 -0.001836502 0.01297284 0.03216983 -0.002328791 0.01297759 0.03492244 -0.001317964 0.01212794 0.03497518 -0.0006547661 0.01190977 0.0323782 -0.0004902296 0.0110954 0.03499657 0.0002420846 0.01059041 0.03253634 0.0001175567 0.009921577 0.03499987 0.0008019286 0.009091449 0.03263505 0.0004128161 0.008977389 0.03499772 0.0006512761 0.008 0.03449385 0.0005628266 0.008 0.03499547 0.0009922299 0.0075 0.03266861 0.0006704549 0.0075 0.03449348 0.0005985047 0.006534869 0.03449496 0.0008252495 0.006007904 0.03263916 0.0003747051 0.005556158 0.03449799 0.0003328234 0.004591897 0.03255234 -0.0001113097 0.00439611 0.03449968 -0.0004599374 0.003324187 0.03241255 -0.0008934647 0.003243154 0.03448858 -0.001512607 0.002269419 0.03222694 -0.001868737 0.002297241 0.03444931 -0.002771504 0.001481382 0.03200496 -0.003118032 0.001513537 0.0343586 -0.004581066 0.00100011 0.03406846 -0.004172484 0.0010005 0.03175793 -0.004602775 0.001 0.03419159 -0.03449871 0.005470256 -0.000298667 -0.0345 0.0055 2.095215e-27 -0.0345 0.008 0 -0.03449503 0.005381031 -0.0005854534 -0.03448854 0.005208136 -0.0008894927 -0.03431193 0.008 -0.003597421 -0.03448098 0.004968307 -0.001145589 -0.03447401 0.004676171 -0.001338898 -0.03446912 0.004347743 -0.001459355 -0.03446738 0.004 -0.0015 -0.03430391 0.001 -0.003673144 -0.03446867 0.003701259 -0.001470213 -0.03447235 0.003414645 -0.001381073 -0.03447884 0.003110658 -0.001208206 -0.03374977 0.008 -0.007155621 -0.03448642 0.002853942 -0.0009679492 -0.03371786 0.001 -0.007304533 -0.0345 0.001 0 -0.03281965 0.008 -0.01063581 -0.03449335 0.002661391 -0.0006770937 -0.03274851 0.001 -0.01085289 -0.03449825 0.002540483 -0.0003472834 -0.0345 0.0025 2.946395e-26 -0.03153171 0.008 -0.01400003 -0.03140689 0.001 -0.01427787 -0.0299 0.005 -0.01721162 -0.0299 0.008 -0.01721162 -0.02970824 0.001 -0.01754054 -0.02807128 0.005 -0.02005625 -0.02767188 0.001 -0.02060382 -0.02597285 0.005 -0.02270817 -0.02532095 0.001 -0.02343288 -0.02362486 0.005 -0.02514192 -0.02268218 0.001 -0.02599555 -0.02104989 0.005 -0.02733409 -0.01978556 0.001 -0.02826272 -0.01827266 0.005 -0.02926363 -0.01666403 0.001 -0.03020861 -0.01531986 0.005 -0.030912 -0.01335306 0.001 -0.03181109 -0.01193453 0.008 -0.03237 -0.01531986 0.008 -0.030912 -0.009890305 0.001 -0.03305196 -0.00841296 0.008 -0.03345851 -0.006315115 0.001 -0.0339171 -0.004795363 0.008 -0.03416511 -0.002668139 0.001 -0.03439667 -0.001123028 0.008 -0.03448172 0.00100917 0.001 -0.03448524 0.002562126 0.008 -0.03440473 0.005698949 0.004 -0.03402605 0.004675006 0.001 -0.03418178 0.005719188 0.004248617 -0.03402266 0.005779706 0.004488884 -0.03401243 0.005738987 0.003652534 -0.03401933 0.005930122 0.004804757 -0.03398652 0.005858086 0.003323127 -0.03399901 0.006218034 0.008 -0.03393503 0.006047908 0.003032227 -0.03396576 0.006147973 0.005076562 -0.03394779 0.006299132 0.002793442 -0.03392006 0.006421146 0.005289482 -0.03389718 0.006597282 0.002619828 -0.03386334 0.006736541 0.005432436 -0.03383591 0.006926263 0.002521486 -0.03379759 0.00707302 0.005496607 -0.03376718 0.008287698 0.001 -0.03348976 0.007416466 0.005479437 -0.03369341 0.007744583 0.00538103 -0.03361951 0.007268408 0.00250309 -0.03372566 0.009802965 0.008 -0.03307797 0.007602888 0.002565869 -0.03365184 0.008040633 0.005208129 -0.03354994 0.007916059 0.002707389 -0.03357955 0.008289558 0.004968301 -0.0334893 0.008186481 0.002918581 -0.03351464 0.008477192 0.004676166 -0.0334423 0.008402724 0.003188995 -0.03346109 0.008593997 0.004347741 -0.03341247 0.008551716 0.003504147 -0.03342332 0.01180618 0.001 -0.03241704 0.01180618 0.004 -0.03241704 0.008612934 0.003747785 -0.03340761 0.008633392 0.004 -0.03340231 0.013276 0.008 -0.03184333 0.01366686 0.004 -0.03167754 0.01548152 0.004 -0.03083136 0.01659749 0.008 -0.03024522 0.01724402 0.004 -0.02988132 0.01972953 0.008 -0.02830186 0.02027357 0.001 -0.02791474 0.01724402 0.001 -0.02988132 0.02263637 0.008 -0.02603546 0.0230809 0.001 -0.02564219 0.02528481 0.008 -0.02347186 0.02563526 0.001 -0.02308859 0.02764464 0.008 -0.02064034 0.02790865 0.001 -0.02028194 0.02968892 0.008 -0.01757322 0.02987615 0.001 -0.01725299 0.0313943 0.008 -0.01430551 0.03151619 0.001 -0.01403494 0.03274133 0.008 -0.01087451 0.03281081 0.001 -0.01066305 0.03371464 0.008 -0.007319376 0.03374581 0.001 -0.007174303 0.0343031 0.008 -0.003680695 0.03431093 0.001 -0.003606918 0.03447361 0.004654494 -0.001349724 0.03448054 0.004951594 -0.001159539 0.0344691 0.004342926 -0.001460274 0.03448809 0.005196563 -0.0009046184 0.03446738 0.004 -0.0015 0.0345 0.008 -4.225031e-18 0.03446817 0.00376837 -0.001481936 0.03449323 0.005336056 -0.0006818749 0.03447055 0.003532256 -0.001425185 0.03449684 0.005425556 -0.0004666093 0.03447418 0.003317082 -0.001335523 0.03449921 0.00548202 -0.0002310956 0.03447931 0.003094651 -0.001196011 0.0345 0.0055 -4.225031e-18 0.03448686 0.002839917 -0.0009509579 0.03449828 0.005460374 0.0003424996 0.03449378 0.005349998 0.0006539276 0.03448686 0.005159983 0.0009510797 0.0345 0.001 -4.225031e-18 0.03431552 0.008 0.003563046 0.03449377 0.00265012 -0.0006541709 0.03447929 0.004904787 0.001196436 0.03449828 0.002539669 -0.0003426831 0.03447416 0.004681844 0.001336072 0.0345 0.0025 -4.225031e-18 0.03447054 0.004466628 0.001425551 0.03449921 0.002518022 0.0002313616 0.03446817 0.00423109 0.001482021 0.03449683 0.002574624 0.0004671599 0.03449322 0.002664239 0.0006824538 0.03448808 0.00280389 0.0009052184 0.03431093 0.001 0.003606918 0.03448052 0.003049134 0.001160154 0.03446738 0.004 0.0015 0.0344736 0.003346103 0.001350014 0.03446909 0.003657475 0.001460368 0.03376404 0.008 0.007087986 0.03374581 0.001 0.007174303 0.03285147 0.008 0.01053712 0.03281081 0.001 0.01066305 0.03158756 0.008 0.01387357 0.03151619 0.001 0.01403494 0.02998584 0.008 0.01706164 0.02987615 0.001 0.01725299 0.02806342 0.008 0.02006724 0.02790865 0.001 0.02028194 0.02584088 0.008 0.02285824 0.02563526 0.001 0.02308859 0.02334197 0.008 0.02540476 0.0230809 0.001 0.02564219 0.02059344 0.008 0.0276796 0.02027357 0.001 0.02791474 0.01724402 0.004 0.02988132 0.01724402 0.001 0.02988132 0.01762466 0.008 0.02965841 0.01548152 0.004 0.03083136 0.01446739 0.008 0.03132004 0.01366686 0.004 0.03167754 0.0111554 0.008 0.0326467 0.01180618 0.004 0.03241704 0.008591596 0.004357098 0.0334131 0.008477512 0.004675729 0.03344225 0.008633392 0.004 0.03340231 0.008298383 0.004957493 0.03348714 0.008611208 0.003739356 0.03340805 0.007724106 0.008 0.03362422 0.008541103 0.003474139 0.03342603 0.01180618 0.001 0.03241704 0.008039466 0.005208712 0.03355016 0.008623993 0.001 0.03340474 0.007802055 0.00535451 0.0336062 0.008435271 0.003244207 0.03345296 0.007548437 0.005449879 0.03366408 0.008302632 0.003047789 0.03348609 0.007264281 0.005497065 0.03372655 0.008135108 0.002869952 0.03352714 0.006984745 0.00548762 0.03378553 0.007881503 0.002686802 0.03358764 0.006697909 0.005419451 0.03384358 0.007650055 0.002581772 0.03364114 0.006465136 0.005314833 0.03388877 0.007363732 0.002512753 0.03370496 0.007083691 0.002502799 0.03376494 0.004210205 0.008 0.03424214 0.005361369 0.001 0.03408087 0.006208931 0.005133413 0.03393668 0.006798152 0.002549693 0.03382358 0.005968709 0.004863538 0.03397983 0.006541925 0.002645207 0.03387406 0.005833399 0.004624644 0.03400327 0.006302436 0.00279071 0.0339194 0.005741482 0.004356693 0.03401891 0.006039781 0.003042134 0.03396723 0.005857607 0.003324249 0.03399913 0.005741516 0.003642926 0.03401891 0.002048738 0.001 0.03443911 0.005698949 0.004 0.03402605 0.005709302 0.00417656 0.03402432 0.0006704549 0.0075 0.03449348 0.0006512761 0.008 0.03449385 0.0005985047 0.006534869 0.03449496 0.0003747051 0.005556158 0.03449799 -0.0001113097 0.00439611 0.03449968 -0.0008934647 0.003243154 0.03448858 -0.001283002 0.001 0.03447613 -0.001868737 0.002297241 0.03444931 -0.003118032 0.001513537 0.0343586 -0.004602775 0.001 0.03419159 -0.01058591 0.001 0.03283578 -0.007369016 0.001 0.03370382 -0.008698197 0.001453744 0.03338528 -0.009976347 0.002256341 0.0330264 -0.0110067 0.003307213 0.03269713 -0.01370405 0.001 0.03166147 -0.01179045 0.004593428 0.03242278 -0.01226869 0.006019127 0.03224501 -0.01556864 0.008 0.03078745 -0.01242749 0.0075 0.03218396 -0.01240959 0.008 0.03219087 -0.01669438 0.001 0.03019184 -0.01857139 0.008 0.02907496 -0.019529 0.001 0.02844061 -0.02218146 0.004 0.0264241 -0.02218146 0.001 0.0264241 -0.02138769 0.008 0.02707059 -0.02398929 0.008 0.02479444 -0.02367701 0.004 0.02509281 -0.02509281 0.004 0.02367701 -0.02635004 0.008 0.02226938 -0.0264241 0.004 0.02218146 -0.02844627 0.008 0.01952075 -0.02850191 0.001 0.01943943 -0.0264241 0.001 0.02218146 -0.03025692 0.008 0.01657614 -0.03029629 0.001 0.01650409 -0.03176382 0.008 0.01346513 -0.0317894 0.001 0.01340463 -0.03295183 0.008 0.01021894 -0.03296639 0.001 0.01017188 -0.03380904 0.008 0.006870162 -0.03381556 0.001 0.006837974 -0.03432683 0.008 0.003452411 -0.03432846 0.001 0.003436071 -0.03447402 0.003323127 0.001338719 -0.03446913 0.003652534 0.001459439 -0.03448096 0.003032227 0.001146132 -0.03446738 0.004 0.0015 -0.03448848 0.002793443 0.0008908972 -0.0345 0.001 0 -0.0344687 0.004301533 0.001469645 -0.034495 0.002619828 0.000587468 -0.03449868 0.002530476 0.0002998748 -0.0345 0.0025 2.946395e-26 -0.03447244 0.004590646 0.001378819 -0.03447895 0.004893092 0.001204968 -0.03448646 0.005147349 0.0009663344 -0.0345 0.008 0 -0.03449338 0.005339274 0.0006757705 -0.03449826 0.005459605 0.0003468114 -0.0345 0.0055 2.095215e-27 0.000180805 0.021 0.008510937 -0.000180805 0.021 0.008510937 -0.0005319073 0.021 0.008597475 0.0005319073 0.021 0.008597475 0.0008520971 0.021 0.008765524 -0.0008520971 0.021 0.008765524 0.001122766 0.021 0.009005315 -0.001122766 0.021 0.009005315 -0.001328184 0.021 0.009302915 0.001328184 0.021 0.009302915 0.001456413 0.021 0.009641026 -0.001456413 0.021 0.009641026 0.0015 0.021 0.01 -0.0015 0.021 0.01 -0.001456413 0.021 0.01035897 0.001456413 0.021 0.01035897 -0.001328184 0.021 0.01069708 0.001328184 0.021 0.01069708 0.001122766 0.021 0.01099468 -0.001122766 0.021 0.01099468 -0.0008520971 0.021 0.01123448 0.0008520971 0.021 0.01123448 -0.0005319073 0.021 0.01140252 0.0005319073 0.021 0.01140252 0.000180805 0.021 0.01148906 -0.000180805 0.021 0.01148906 -0.01679429 0.01925736 -0.03075609 -0.01632212 0.01946648 -0.03095285 -0.0163481 0.01925736 -0.03094737 -0.01624422 0.01967433 -0.03096915 -0.0170437 0.01986923 -0.03066469 -0.01726549 0.01925736 -0.03063928 -0.01614023 0.01984514 -0.03099075 -0.01767786 0.01988919 -0.0306 -0.01774937 0.01925736 -0.0306 -0.01747208 0.02049354 -0.0306 -0.01664251 0.02037517 -0.03070678 -0.0158952 0.02011611 -0.03104144 -0.01702034 0.02123407 -0.0306 -0.01555783 0.02037611 -0.03111033 -0.01628042 0.022 -0.0306 -0.01562142 0.022 -0.03062787 -0.01570319 0.0212534 -0.03075192 -0.01487926 0.022 -0.03071151 -0.01462807 0.02084621 -0.03129471 -0.01449106 0.02188655 -0.03080912 -0.01400389 0.022 -0.03085968 -0.01302334 0.022 -0.0310635 -0.01293932 0.02177585 -0.03123154 -0.01286143 0.02156808 -0.0314221 -0.01279044 0.02137868 -0.03163335 -0.02953772 0.022 -0.01766054 -0.0295 0.022 -0.0183783 -0.0295 0.02169523 -0.01867293 -0.0295 0.02136732 -0.01894126 -0.0296693 0.02119735 -0.01777768 -0.02965089 0.022 -0.01685989 -0.02962702 0.02031874 -0.01857449 -0.0295 0.02072087 -0.01933933 -0.02972521 0.02185001 -0.01672159 -0.02998817 0.022 -0.01537606 -0.03016791 0.0217743 -0.01527617 -0.0302459 0.02079355 -0.01675541 -0.0303718 0.02156648 -0.0151842 -0.03059774 0.02137868 -0.01510109 -0.03008059 0.02033733 -0.01749626 -0.02999502 0.01996255 -0.01787243 -0.02969566 0.01925736 -0.01862568 -0.02995588 0.01968075 -0.01804302 -0.02993965 0.01947005 -0.01811331 -0.02993421 0.01925736 -0.01813679 -0.02954932 0.01925736 -0.01914962 -0.0295 0.02001231 -0.01959919 -0.0295 0.01925736 -0.01969137 0.0011 0.006 -0.02745 0.0011 0.01708576 -0.0251456 0.0011 0.01806202 -0.02745 0.0011 0.0164251 -0.02273171 0.0011 0.0160918 -0.02025133 0.0011 0.006 -0.01055 0.0011 0.0160918 -0.01774867 0.0011 0.0164251 -0.01526829 0.0011 0.01708576 -0.0128544 0.0011 0.01806202 -0.01055 -0.006 0.022 -0.0094 -0.006 0.01869402 -0.0094 -0.02635 0.022 -0.0094 -0.02635 0.006 -0.0094 -5e-05 0.006 -0.0094 -5e-05 0.01869402 -0.0094 -0.006 0.01869402 -0.0286 -0.006 0.022 -0.0286 -0.02635 0.022 -0.0286 -0.02635 0.006 -0.0286 -5e-05 0.006 -0.0286 -5e-05 0.01869402 -0.0286 0.001106858 0.022 -0.03348171 0.007272031 0.022 -0.03270119 0.004207582 0.022 -0.03323472 -0.00200341 0.022 -0.03344004 -0.005096404 0.022 -0.03311007 -0.006 0.022 -0.03270119 -0.00814546 0.022 -0.03249464 -0.006 0.022 -0.0286 -0.01112429 0.022 -0.03159905 -0.01302334 0.022 -0.0310635 -0.01400389 0.022 -0.03085968 -0.01487926 0.022 -0.03071151 -0.01562142 0.022 -0.03062787 -0.01628042 0.022 -0.0306 -0.02635 0.022 -0.0286 -0.0265 0.022 -0.0306 -0.0266059 0.022 -0.02857117 -0.02716756 0.022 -0.03052478 -0.02684897 0.022 -0.02848611 -0.02780165 0.022 -0.0303029 -0.02706701 0.022 -0.02834911 -0.02837047 0.022 -0.02994549 -0.02884549 0.022 -0.02947047 -0.02724911 0.022 -0.02816701 -0.02920291 0.022 -0.02890165 -0.02738611 0.022 -0.02794897 -0.02942478 0.022 -0.02826756 -0.02747117 0.022 -0.0277059 -0.0295 0.022 -0.0276 -0.0275 0.022 -0.02745 -0.0295 0.022 -0.0183783 -0.0275 0.022 -0.01055 -0.02953772 0.022 -0.01766054 -0.02965089 0.022 -0.01685989 -0.02998817 0.022 -0.01537606 -0.03056456 0.022 -0.01371341 -0.03183805 0.022 -0.01042059 -0.02747117 0.022 -0.0102941 -0.02738611 0.022 -0.01005103 -0.02724911 0.022 -0.009832987 -0.03275792 0.022 -0.007012033 -0.02706701 0.022 -0.009650893 -0.02684897 0.022 -0.009513886 -0.0266059 0.022 -0.009428833 -0.03331396 0.022 -0.003525595 -0.02635 0.022 -0.0094 -0.0335 0.022 0 -0.03330362 0.022 0.003621987 -0.03271679 0.022 0.007201509 -0.006 0.022 -0.005298813 -0.006 0.022 -0.0094 -0.03174638 0.022 0.0106966 -0.001456413 0.022 0.009641026 -0.03040378 0.022 0.01406628 -0.0015 0.022 0.01 -0.02870471 0.022 0.01727105 -0.02666912 0.022 0.02027334 -0.001456413 0.022 0.01035897 -0.02432085 0.022 0.02303793 -0.02168744 0.022 0.02553243 -0.001328184 0.022 0.01069708 -0.01879977 0.022 0.02772758 -0.001122766 0.022 0.01099468 -0.01569168 0.022 0.02959765 -0.01239963 0.022 0.03112072 -0.0008520971 0.022 0.01123448 -0.008962199 0.022 0.03227892 -0.0005319073 0.022 0.01140252 -0.005419696 0.022 0.03305869 -0.000180805 0.022 0.01148906 -0.001813653 0.022 0.03345087 0.001813653 0.022 0.03345087 0.000180805 0.022 0.01148906 0.005419696 0.022 0.03305869 0.0005319073 0.022 0.01140252 0.008962199 0.022 0.03227892 0.0008520971 0.022 0.01123448 0.01239963 0.022 0.03112072 0.001122766 0.022 0.01099468 0.01569168 0.022 0.02959765 0.01879977 0.022 0.02772758 0.001328184 0.022 0.01069708 0.02168744 0.022 0.02553243 0.001456413 0.022 0.01035897 0.02432085 0.022 0.02303793 0.02666912 0.022 0.02027334 0.0015 0.022 0.01 0.02870471 0.022 0.01727105 0.03040378 0.022 0.01406628 0.001456413 0.022 0.009641026 0.03174638 0.022 0.0106966 0.03271679 0.022 0.007201509 0.001328184 0.022 0.009302915 0.03330362 0.022 0.003621987 0.0335 0.022 -4.140612e-18 0.03345305 0.022 -0.001772892 0.001122766 0.022 0.009005315 0.03331235 0.022 -0.003540815 0.03307828 0.022 -0.005298813 0.0008520971 0.022 0.008765524 0.0005319073 0.022 0.008597475 0.000180805 0.022 0.008510937 -0.000180805 0.022 0.008510937 -0.0005319073 0.022 0.008597475 -0.0008520971 0.022 0.008765524 -0.001122766 0.022 0.009005315 -0.001328184 0.022 0.009302915 -0.0295 0.008 -0.01870828 -0.0295 0.008 -0.01969137 -0.0295 0.005 -0.01870828 -0.0295 0.005 -0.0276 -0.0295 0.022 -0.0276 -0.0295 0.01925736 -0.01969137 -0.0295 0.02001231 -0.01959919 -0.0295 0.02072087 -0.01933933 -0.0295 0.02136732 -0.01894126 -0.0295 0.02169523 -0.01867293 -0.0295 0.022 -0.0183783 -0.01774937 0.008 -0.0306 -0.01665203 0.008 -0.0306 -0.01665203 0.005 -0.0306 -0.0265 0.005 -0.0306 -0.0265 0.022 -0.0306 -0.01774937 0.01925736 -0.0306 -0.01767786 0.01988919 -0.0306 -0.01747208 0.02049354 -0.0306 -0.01702034 0.02123407 -0.0306 -0.01628042 0.022 -0.0306 -0.01138725 0.009179321 0.03200891 -0.01082961 0.01048408 0.03210724 -0.01094042 0.01055161 0.03207242 -0.01151068 0.009217323 0.03197187 -0.01162117 0.007776963 0.03196767 -0.01104046 0.01061575 0.03200972 -0.0117499 0.00778323 0.03192969 -0.0116227 0.009253419 0.03190706 -0.01164418 0.006332677 0.03194833 -0.0115178 0.006358509 0.03198589 -0.01186695 0.007789183 0.03186399 -0.01171769 0.009285799 0.03181773 -0.01112469 0.01067329 0.03192229 -0.01118891 0.01072134 0.03181449 -0.01119967 0.004949966 0.03202671 -0.01108312 0.005006394 0.03206254 -0.01034241 0.003799199 0.03219315 -0.01179088 0.009312841 0.03170835 -0.01122988 0.01075749 0.03169175 -0.01204341 0.007798983 0.03166382 -0.01183861 0.009333187 0.03158442 -0.01185848 0.009345817 0.03145214 -0.01124556 0.01077994 0.03156021 -0.01123516 0.01078755 0.03142647 -0.01183068 0.009413292 0.03132147 -0.01185355 0.009349933 0.03134431 -0.0120998 0.00793695 0.03127402 -0.01209397 0.007802339 0.03153939 -0.0121156 0.007804422 0.0314068 -0.01211124 0.007805101 0.03129888 -0.01202814 0.006437296 0.03128665 -0.01198112 0.00625392 0.03155928 -0.01200198 0.006245335 0.03142684 -0.01199736 0.006242538 0.03131896 -0.01161955 0.004994342 0.0313587 -0.01193181 0.006267751 0.0316835 -0.01150662 0.00477792 0.03164295 -0.01152421 0.004759165 0.03151108 -0.01151852 0.004753055 0.03140339 -0.01089581 0.003685078 0.03148631 -0.01071006 0.003432282 0.03165464 -0.01070256 0.003423213 0.03154726 -0.009895537 0.00257936 0.03166268 -0.009899758 0.002579802 0.03168882 -0.00959689 0.0023303 0.03174222 -0.00867211 0.001736183 0.03187841 -0.00990904 0.002590748 0.03179588 -0.00867644 0.001736702 0.03190453 -0.009606848 0.002341801 0.03184916 -0.009902509 0.002624341 0.0319258 -0.008688445 0.001749523 0.0320111 -0.00826577 0.00153783 0.03197693 -0.007290799 0.001200537 0.03212197 -0.008690265 0.001788872 0.03213955 -0.007295254 0.001201103 0.03214806 -0.009602383 0.002377097 0.03197872 -0.006786562 0.001091861 0.03223776 -0.005825306 0.001001 0.03238038 -0.005822548 0.001001 0.03239133 -0.005809806 0.001001 0.03240264 -0.007310332 0.001215116 0.0322541 -0.006802772 0.001106117 0.0323436 -0.005774386 0.001001 0.03241981 -0.008278689 0.001551094 0.03208335 -0.005624188 0.001016041 0.03255141 -0.005695869 0.001001 0.03243764 -0.008283313 0.001591802 0.03221131 -0.007321582 0.001258123 0.03238089 -0.006817495 0.001149869 0.03246977 -0.005646976 0.00106041 0.03267617 -0.006825494 0.001220348 0.03258388 -0.007323985 0.0013274 0.03249598 -0.008677478 0.001852259 0.03225733 -0.008275043 0.001657375 0.03232829 -0.009579472 0.002433955 0.03209828 -0.008650725 0.001936504 0.03235852 -0.009876268 0.002678454 0.03204595 -0.009539265 0.002509523 0.03220184 -0.009831633 0.002750376 0.03215029 -0.01069804 0.003460117 0.03178553 -0.01066297 0.003504955 0.03190723 -0.01146258 0.004808132 0.03176624 -0.0106066 0.003564547 0.03201364 -0.01139428 0.004848286 0.03187475 -0.01053176 0.003635906 0.03209942 -0.009483776 0.002600011 0.03228421 -0.009770843 0.002836497 0.03223359 -0.008611348 0.002037383 0.03243804 -0.009415789 0.002700884 0.03234126 -0.009696946 0.002932501 0.03229168 -0.00856132 0.002149837 0.03249193 -0.009338712 0.002807081 0.03237012 -0.008130358 0.002087698 0.03258319 -0.0104422 0.003715453 0.03216027 -0.01130516 0.004896367 0.03196305 -0.01175901 0.006308142 0.03188303 -0.01185651 0.006286132 0.03179325 -0.01196645 0.007794524 0.03177387 -0.008180088 0.001965222 0.03255915 -0.008222104 0.001848887 0.03250668 -0.007279143 0.001652633 0.03271801 -0.006787571 0.001682859 0.03281996 -0.008254293 0.001744527 0.03242842 -0.00730222 0.001529727 0.03266888 -0.007317422 0.001419474 0.03259361 -0.006826365 0.001314019 0.0326802 -0.006820068 0.001426184 0.0327539 -0.005686104 0.001226871 0.03288126 -0.006806917 0.001551221 0.03280127 -0.005710379 0.001467416 0.03299462 -0.00538839 0.00161609 0.03306667 -0.005700483 0.001340618 0.03295131 -0.005376074 0.001482942 0.03305357 -0.00535915 0.00135647 0.03301149 -0.004505531 0.001614736 0.03320707 -0.004014132 0.001891273 0.03330899 -0.00533847 0.001243017 0.03294256 -0.003970717 0.001764352 0.03330137 -0.004470311 0.001491035 0.03316822 -0.003924255 0.001643795 0.0332645 -0.003355289 0.00200755 0.03340989 -0.002744662 0.002492415 0.03353283 -0.004433215 0.001380066 0.03310218 -0.00267252 0.002379097 0.03353028 -0.003877075 0.001535648 0.03320024 -0.002307633 0.00262947 0.03359462 -0.001653758 0.00338458 0.03372519 -0.002598771 0.002271462 0.03349822 -0.003295891 0.001892104 0.0333753 -0.003237108 0.001788543 0.03331308 -0.001406263 0.003454556 0.03375356 -0.000804818 0.004515918 0.03387488 -0.0006887791 0.00444839 0.03388007 -0.002226215 0.002527097 0.03356392 -0.001305899 0.003369525 0.03372619 -0.0005733343 0.004384249 0.03385536 -0.001210366 0.003293247 0.03367045 -0.002147677 0.002435262 0.03350518 -0.002527114 0.002174906 0.03343827 -0.003181885 0.001702057 0.03322635 -0.00246114 0.00209427 0.03335344 -0.001124454 0.003229547 0.03358913 -0.002075958 0.00235857 0.03342135 -0.002014654 0.002300865 0.03331664 -0.0004642726 0.00432671 0.03380201 -0.001052471 0.003181618 0.0334863 -0.0003670629 0.004278658 0.03372268 -0.002404159 0.0020336 0.03324796 -0.001966839 0.002265044 0.0331963 -0.0002865795 0.004242504 0.03362135 -0.0009980266 0.003151865 0.03336713 -0.002359028 0.001995937 0.03312715 -0.0002268583 0.00422006 0.03350311 -0.0009688747 0.00314217 0.03326358 -0.001939847 0.002253372 0.03309237 -0.000190894 0.004212452 0.03337388 -0.0009638511 0.003141778 0.03323758 0.0004234521 0.005649901 0.0334822 -0.001934911 0.0022529 0.03306636 0.000386066 0.005654183 0.03361118 -0.002332911 0.001983665 0.03302306 -0.003063568 0.001582895 0.03286735 0.0003221506 0.005666813 0.03372869 -0.003068403 0.001583427 0.03289337 0.0002349111 0.005687159 0.03382882 -0.003731354 0.00132145 0.03277647 -0.004302742 0.001159711 0.03264885 -0.003092884 0.001596589 0.03299775 -0.003132994 0.001636985 0.03311945 -0.003789943 0.00137738 0.03300361 -0.00375436 0.001335195 0.03288111 -0.003831543 0.001445333 0.0331118 -0.00436084 0.00121767 0.03290295 -0.004396104 0.001287396 0.03301225 -0.005315067 0.001148271 0.03285021 -0.004329191 0.001174384 0.03277975 -0.005667966 0.001131881 0.03278799 -0.004307466 0.001160281 0.03267489 -0.005290117 0.001076983 0.03273909 -0.00526487 0.001032729 0.03261477 -0.005245231 0.001018309 0.03250954 -0.005600744 0.001001 0.03241997 -0.005606535 0.001001 0.03242889 -0.005605351 0.001001584 0.03244604 -0.00561982 0.001001 0.03243478 -0.005645141 0.001001 0.03243902 -0.02807128 0.005 -0.02005625 -0.0299 0.005 -0.01721162 -0.02968004 0.005 -0.01768464 -0.02954535 0.005 -0.01818861 -0.0295 0.005 -0.01870828 -0.0295 0.005 -0.0276 -0.02597285 0.005 -0.02270817 -0.02362486 0.005 -0.02514192 -0.0265 0.005 -0.0306 -0.02104989 0.005 -0.02733409 -0.02942478 0.005 -0.02826756 -0.02920291 0.005 -0.02890165 -0.02884549 0.005 -0.02947047 -0.02837047 0.005 -0.02994549 -0.02780165 0.005 -0.0303029 -0.02716756 0.005 -0.03052478 -0.01827266 0.005 -0.02926363 -0.01665203 0.005 -0.0306 -0.01619371 0.005 -0.03063522 -0.01574615 0.005 -0.03074003 -0.01531986 0.005 -0.030912 -0.005 0.014 -0.013 -0.005 0.014 -0.0095 -6.204922e-18 0.014 -0.0095 -0.005 0.014 -0.025 -8.023096e-18 0.014 -0.0285 -0.005 0.014 -0.0285 0.001 0.014 -0.0275 0.0002225209 0.014 -0.02847493 0.0004338837 0.014 -0.02840097 0.0006234898 0.014 -0.02828183 0.0007818315 0.014 -0.02812349 0.0009009688 0.014 -0.02793388 0.0009749279 0.014 -0.02772252 0.001 0.014 -0.0105 0.0002225209 0.014 -0.009525072 0.0004338837 0.014 -0.009599031 0.0006234898 0.014 -0.009718169 0.0007818315 0.014 -0.00987651 0.0009009688 0.014 -0.01006612 0.0009749279 0.014 -0.01027748 -0.005 0.01 -0.0095 -0.005 0.01 -0.013 -0.005087752 0.01 -0.01222118 -0.005346609 0.01 -0.01148141 -0.005763589 0.01 -0.01081778 -0.006317785 0.01 -0.01026359 -0.006981407 0.01 -0.009846609 -0.007721176 0.01 -0.009587753 -0.0085 0.01 -0.0095 -0.005 0.01 -0.0285 -0.0085 0.01 -0.0285 -0.007721176 0.01 -0.02841225 -0.006981407 0.01 -0.02815339 -0.006317785 0.01 -0.02773641 -0.005763589 0.01 -0.02718221 -0.005346609 0.01 -0.02651859 -0.005087752 0.01 -0.02577882 -0.005 0.01 -0.025 -0.01029988 0.01203394 0.03159139 -0.01123516 0.01078755 0.03142647 -0.01124556 0.01077994 0.03156021 -0.01031245 0.01202344 0.03172474 -0.00909804 0.01301683 0.03180331 -0.01030316 0.01199249 0.03185516 -0.01122988 0.01075749 0.03169175 -0.01118891 0.01072134 0.03181449 -0.00911339 0.01300406 0.03193617 -0.007718058 0.01366481 0.03218221 -0.007699471 0.01367911 0.03204991 -0.006185458 0.01398227 0.03231687 -0.009112302 0.0129664 0.03206514 -0.006207548 0.01396727 0.03244855 -0.007726518 0.01362262 0.03230949 -0.009094832 0.01290573 0.03218374 -0.01027247 0.01194263 0.03197609 -0.01112469 0.01067329 0.03192229 -0.006226344 0.01392302 0.03257401 -0.01022193 0.01187636 0.03208147 -0.004669646 0.01389388 0.03271972 -0.004643988 0.01390871 0.03258868 -0.009061852 0.01282509 0.03228602 -0.01015406 0.01179701 0.03216602 -0.01104046 0.01061575 0.03200972 -0.01094042 0.01055161 0.03207242 -0.01007227 0.01170855 0.0322255 -0.01082961 0.01048408 0.03210724 -0.00998067 0.01161542 0.03225693 -0.009015021 0.01272854 0.03236686 -0.008956683 0.0126209 0.03242221 -0.008889766 0.01250758 0.03244929 -0.007658486 0.01323565 0.03265112 -0.007620296 0.01310873 0.03267313 -0.007711891 0.01346435 0.03252406 -0.007689537 0.01335621 0.03260058 -0.006253129 0.01351706 0.03289892 -0.006246037 0.01338391 0.03291545 -0.007724428 0.01355467 0.03242537 -0.004822287 0.01344878 0.03315122 -0.004846857 0.01331714 0.03316216 -0.006240904 0.01385173 0.03268696 -0.006254641 0.01364353 0.0328536 -0.006250496 0.01375698 0.03278174 -0.004793724 0.01357381 0.03311119 -0.003449114 0.01303478 0.03339335 -0.00350407 0.0129123 0.03339893 -0.0047626 0.01368598 0.0330441 -0.003391688 0.01315111 0.03335841 -0.002213415 0.01229912 0.03361123 -0.002295716 0.01219292 0.03361199 -0.002130016 0.01239999 0.03358088 -0.001187003 0.01128455 0.03379222 -0.001292017 0.0112008 0.03378898 -0.00108203 0.01136409 0.03376567 -0.0004295309 0.01005003 0.03392578 -0.0005513067 0.009993605 0.03391958 -0.0003086371 0.01010363 0.03390203 -0.0009823629 0.01143545 0.03371065 1.498049e-05 0.008667322 0.03400416 -0.0001166316 0.008641491 0.03399622 0.0001452175 0.008691858 0.03398206 0.0001206978 0.007216769 0.0340228 -1.32537e-05 0.007223037 0.03401446 -0.0001946872 0.01015171 0.03384954 -0.0001185229 0.005782677 0.03398062 -0.0002471808 0.005820679 0.03397321 -0.000804818 0.004515918 0.03387488 0.0002531568 0.007210816 0.03400109 8.907969e-06 0.005746581 0.03395803 0.000128722 0.0057142 0.03390657 0.0003774815 0.007205476 0.03395043 0.0002675488 0.008713868 0.03393104 0.0004874374 0.007201016 0.03387335 0.0005775111 0.00719766 0.03377371 0.0003758401 0.008732249 0.03385367 -9.339524e-05 0.01019187 0.03377093 0.0006431859 0.007195577 0.03365652 0.0006811684 0.007194871 0.03352764 0.0005672775 0.008757574 0.03350756 0.0004646613 0.008746079 0.03375381 0.0005295585 0.008754664 0.03363648 5.178749e-05 0.01024083 0.03355224 8.839821e-05 0.01024719 0.03342312 -9.840416e-06 0.01022208 0.03367015 -0.0007623608 0.01156772 0.03340868 -0.0007276387 0.01157715 0.03327923 -0.001833408 0.01267016 0.03308425 -0.0008184176 0.01153988 0.03352757 -0.0008929982 0.01149505 0.03362994 -0.001914079 0.0126229 0.03333438 -0.001865571 0.0126582 0.03321416 -0.003193729 0.0134489 0.03297997 -0.003164647 0.01346271 0.03284952 -0.003233148 0.0134082 0.03310179 -0.001976499 0.01256604 0.03343889 -0.002049702 0.01249048 0.03352245 -0.003334673 0.01325547 0.03329588 -0.003280928 0.01334262 0.03320888 -0.004730478 0.01377965 0.03295329 -0.004698966 0.01385013 0.03284333 0.03480827 0.01925736 0.003658496 0.035 0.01925736 -4.286264e-18 0.03494236 0.01984263 0 0.03475094 0.01984263 0.003652471 0.03477164 0.02040541 0 0.03417878 0.01984263 0.007264924 0.03423516 0.01925736 0.007276908 0.03328698 0.01925736 0.01081559 0.03458115 0.02040541 0.003634626 0.03430545 0.02092407 0.003605647 0.03449441 0.02092407 0 0.03412132 0.02137868 -4.178657e-18 0.0339344 0.02137868 0.003566649 0.03337569 0.02137868 0.007094221 0.0340118 0.02040541 0.00722943 0.03374062 0.02092407 0.007171791 0.03280613 0.02092407 0.01065936 0.03245131 0.02137868 0.01054407 0.03117138 0.02137868 0.01387839 0.03306979 0.02040541 0.01074503 0.03323216 0.01984263 0.01079778 0.03197409 0.01925736 0.01423578 0.03192143 0.01984263 0.01421234 0.03031089 0.01925736 0.0175 0.03176547 0.02040541 0.0141429 0.03151221 0.02092407 0.01403014 0.02954993 0.02137868 0.01706066 0.03011312 0.02040541 0.01738582 0.02987303 0.02092407 0.0172472 0.02760473 0.02137868 0.02005601 0.03026097 0.01984263 0.01747118 0.02790656 0.02092407 0.0202753 0.02535708 0.02137868 0.02283162 0.02826896 0.01984263 0.0205386 0.02831559 0.01925736 0.02057248 0.02601007 0.01925736 0.02341957 0.02813085 0.02040541 0.02043826 0.02596723 0.01984263 0.023381 0.02341957 0.01925736 0.02601007 0.02584036 0.02040541 0.02326677 0.023381 0.01984263 0.02596723 0.02057248 0.01925736 0.02831559 0.02563434 0.02092407 0.02308126 0.02308126 0.02092407 0.02563434 0.02283162 0.02137868 0.02535708 0.02005601 0.02137868 0.02760473 0.02326677 0.02040541 0.02584036 0.0202753 0.02092407 0.02790656 0.02043826 0.02040541 0.02813085 0.0172472 0.02092407 0.02987303 0.01706066 0.02137868 0.02954993 0.0205386 0.01984263 0.02826896 0.0175 0.01925736 0.03031089 0.01738582 0.02040541 0.03011312 0.01747118 0.01984263 0.03026097 0.01423578 0.01925736 0.03197409 0.01421234 0.01984263 0.03192143 0.01081559 0.01925736 0.03328698 0.0141429 0.02040541 0.03176547 0.01079778 0.01984263 0.03323216 0.007276908 0.01925736 0.03423516 0.01403014 0.02092407 0.03151221 0.01387839 0.02137868 0.03117138 0.01054407 0.02137868 0.03245131 0.01065936 0.02092407 0.03280613 0.01074503 0.02040541 0.03306979 0.007171791 0.02092407 0.03374062 0.007094221 0.02137868 0.03337569 0.00722943 0.02040541 0.0340118 0.007264924 0.01984263 0.03417878 0.003658496 0.01925736 0.03480827 0.003634626 0.02040541 0.03458115 0.003605647 0.02092407 0.03430545 0.003566649 0.02137868 0.0339344 0.003652471 0.01984263 0.03475094 9.914692e-18 0.01925736 0.035 0 0.02040541 0.03477164 0 0.02092407 0.03449441 -3.99716e-17 0.02137868 0.03412132 0 0.01984263 0.03494236 -0.003658496 0.01925736 0.03480827 -0.003605647 0.02092407 0.03430545 -0.003566649 0.02137868 0.0339344 -0.003634626 0.02040541 0.03458115 -0.003652471 0.01984263 0.03475094 -0.007276908 0.01925736 0.03423516 -0.007171791 0.02092407 0.03374062 -0.007094221 0.02137868 0.03337569 -0.007264924 0.01984263 0.03417878 -0.01081559 0.01925736 0.03328698 -0.00722943 0.02040541 0.0340118 -0.01079778 0.01984263 0.03323216 -0.01423578 0.01925736 0.03197409 -0.01065936 0.02092407 0.03280613 -0.01054407 0.02137868 0.03245131 -0.01387839 0.02137868 0.03117138 -0.01074503 0.02040541 0.03306979 -0.01421234 0.01984263 0.03192143 -0.0175 0.01925736 0.03031089 -0.0141429 0.02040541 0.03176547 -0.01747118 0.01984263 0.03026097 -0.02057248 0.01925736 0.02831559 -0.01403014 0.02092407 0.03151221 -0.01706066 0.02137868 0.02954993 -0.0172472 0.02092407 0.02987303 -0.01738582 0.02040541 0.03011312 -0.0205386 0.01984263 0.02826896 -0.02341957 0.01925736 0.02601007 -0.02043826 0.02040541 0.02813085 -0.023381 0.01984263 0.02596723 -0.02601007 0.01925736 0.02341957 -0.02326677 0.02040541 0.02584036 -0.0202753 0.02092407 0.02790656 -0.02005601 0.02137868 0.02760473 -0.02283162 0.02137868 0.02535708 -0.02308126 0.02092407 0.02563434 -0.02563434 0.02092407 0.02308126 -0.02535708 0.02137868 0.02283162 -0.02760473 0.02137868 0.02005601 -0.02584036 0.02040541 0.02326677 -0.02790656 0.02092407 0.0202753 -0.02596723 0.01984263 0.023381 -0.02831559 0.01925736 0.02057248 -0.02826896 0.01984263 0.0205386 -0.03031089 0.01925736 0.0175 -0.02813085 0.02040541 0.02043826 -0.02987303 0.02092407 0.0172472 -0.02954993 0.02137868 0.01706066 -0.03117138 0.02137868 0.01387839 -0.03011312 0.02040541 0.01738582 -0.03026097 0.01984263 0.01747118 -0.03197409 0.01925736 0.01423578 -0.03176547 0.02040541 0.0141429 -0.03151221 0.02092407 0.01403014 -0.03245131 0.02137868 0.01054407 -0.03192143 0.01984263 0.01421234 -0.03328698 0.01925736 0.01081559 -0.03306979 0.02040541 0.01074503 -0.03323216 0.01984263 0.01079778 -0.03423516 0.01925736 0.007276908 -0.03280613 0.02092407 0.01065936 -0.03337569 0.02137868 0.007094221 -0.03417878 0.01984263 0.007264924 -0.0340118 0.02040541 0.00722943 -0.03374062 0.02092407 0.007171791 -0.03475094 0.01984263 0.003652471 -0.03480827 0.01925736 0.003658496 -0.035 0.01925736 0 -0.03458115 0.02040541 0.003634626 -0.03494236 0.01984263 -4.279204e-18 -0.03430545 0.02092407 0.003605647 -0.0339344 0.02137868 0.003566649 -0.03412132 0.02137868 0 -0.03449441 0.02092407 -4.224347e-18 -0.03397798 0.02137868 -0.003124291 -0.03477164 0.02040541 -4.258298e-18 -0.0344316 0.02079354 -0.003166 -0.03354917 0.02137868 -0.006222332 -0.03465268 0.02033733 -0.00318633 -0.03482307 0.01968073 -0.003201997 -0.03485585 0.01925736 -0.003173274 -0.03442459 0.01925736 -0.006320409 -0.03421536 0.02033733 -0.006345889 -0.0343836 0.01968073 -0.006377091 -0.03370977 0.01925736 -0.009415483 -0.03399706 0.02079354 -0.006305402 -0.03365524 0.01968073 -0.009498608 -0.03271728 0.01925736 -0.012433 -0.03349057 0.02033733 -0.009452133 -0.03264413 0.01968073 -0.01254032 -0.0314553 0.01925736 -0.0153481 -0.0332769 0.02079354 -0.009391827 -0.0328385 0.02137868 -0.009268096 -0.03185192 0.02137868 -0.01223599 -0.03248441 0.02033733 -0.01247896 -0.03227716 0.02079354 -0.01239935 -0.03059774 0.02137868 -0.01510109 -0.03100623 0.02079354 -0.01530269 -0.0302459 0.02079355 -0.01675541 -0.03135876 0.01968073 -0.01547667 -0.03120532 0.02033733 -0.01540095 -0.0304401 0.02033733 -0.01686302 -0.03008059 0.02033733 -0.01749626 -0.02999502 0.01996255 -0.01787243 -0.03058978 0.01968073 -0.01694593 -0.02993421 0.01925736 -0.01813679 -0.02993965 0.01947005 -0.01811331 -0.0302285 0.01968073 -0.01758229 -0.02995588 0.01968075 -0.01804302 -0.0004711767 0.001 0.008287752 0.0002685931 0.001 0.008546609 -0.00125 0.001 0.0082 0.0009322143 0.001 0.00896359 0.00148641 0.001 0.009517786 0.001903391 0.001 0.01018141 0.002162248 0.001 0.01092118 0.00225 0.0010005 0.0117 -0.00125 0.0010005 0.0152 0.002197463 0.0010005 0.01230293 0.002042204 0.0010005 0.01288791 0.0016558 0.0010005 0.01365059 0.001096269 0.0010005 0.01429706 0.000396523 0.0010005 0.01478839 -0.0004014233 0.0010005 0.01509538 -0.007749999 0.001 0.0082 -0.007749999 0.001 0.0152 -0.009376531 0.001 0.008600904 -0.008587604 0.001 0.008301703 -0.01007093 0.001 0.009080213 -0.01063044 0.001 0.009711773 -0.01102256 0.001 0.01045888 -0.01122448 0.001 0.01127812 -0.01122448 0.001 0.01212188 -0.01102256 0.001 0.01294112 -0.01063044 0.001 0.01368823 -0.01007093 0.001 0.01431979 -0.009376531 0.001 0.01479909 -0.008587604 0.001 0.0150983 -0.0101 0.02652624 -0.0275 -0.0101 0.0348 -0.0275 -0.0101 0.02676234 -0.02736295 -0.0101 0.02699452 -0.02721934 -0.0101 0.02722258 -0.02706928 -0.0101 0.02758883 -0.02674948 -0.0101 0.02786708 -0.02635075 -0.0101 0.0280409 -0.02589666 -0.0101 0.0281 -0.02541405 -0.0101 0.03382483 -0.0215713 -0.0101 0.03446852 -0.02172995 -0.0101 0.03513148 -0.02172995 -0.0101 0.03323782 -0.02126321 -0.0101 0.03645776 -0.02733679 -0.0101 0.0327416 -0.02082358 -0.0101 0.03577516 -0.0215713 -0.0101 0.03236499 -0.02027799 -0.0101 0.03814661 -0.0268135 -0.0101 0.03212991 -0.01965812 -0.0101 0.03636218 -0.02126321 -0.0101 0.03205 -0.019 -0.0101 0.03960234 -0.0260134 -0.0101 0.0281 -0.01258595 -0.0101 0.0409991 -0.02481566 -0.0101 0.03685841 -0.02082358 -0.0101 0.04210184 -0.02335134 -0.0101 0.037235 -0.02027799 -0.0101 0.04286107 -0.02169637 -0.0101 0.03747009 -0.01965812 -0.0101 0.04324836 -0.01993597 -0.0101 0.03755 -0.019 -0.0101 0.04325198 -0.01809722 -0.0101 0.03747009 -0.01834188 -0.0101 0.04289842 -0.016418 -0.0101 0.037235 -0.01772201 -0.0101 0.04222227 -0.01485737 -0.0101 0.0412632 -0.01347928 -0.0101 0.03685841 -0.01717641 -0.0101 0.0399242 -0.01221811 -0.0101 0.03636218 -0.01673679 -0.0101 0.0383692 -0.0112856 -0.0101 0.03577516 -0.01642871 -0.0101 0.03667882 -0.01071022 -0.0101 0.03513148 -0.01627005 -0.0101 0.03573533 -0.01055153 -0.0101 0.0348 -0.0105 -0.0101 0.03446852 -0.01627005 -0.0101 0.03382483 -0.01642871 -0.0101 0.02652624 -0.0105 -0.0101 0.02676234 -0.01063705 -0.0101 0.02699452 -0.01078066 -0.0101 0.02722258 -0.01093071 -0.0101 0.02758883 -0.01125052 -0.0101 0.02786708 -0.01164925 -0.0101 0.0280409 -0.01210334 -0.0101 0.03323782 -0.01673679 -0.0101 0.0327416 -0.01717641 -0.0101 0.03236499 -0.01772201 -0.0101 0.03212991 -0.01834188 0.001903391 -7.668202e-18 0.01018141 0.03367642 -6.953505e-18 0.003662531 0.03308302 -9.518132e-18 0.007282123 0.033875 -4.307355e-18 -4.10378e-18 0.03210175 -1.197117e-17 0.01081634 0.00148641 -7.131144e-18 0.009517786 0.002162248 -8.240694e-18 0.01092118 0.03367642 -1.610706e-18 -0.003662531 0.03074411 -1.428385e-17 0.01422374 0.03308302 1.104828e-18 -0.007282123 0.02902604 -1.642907e-17 0.01746439 0.03210175 3.807409e-18 -0.01081634 0.00225 -8.819914e-18 0.0117 0.0009322143 -6.656453e-18 0.00896359 0.02696765 -1.838167e-17 0.02050028 0.03074411 6.46535e-18 -0.01422374 0.0245931 -2.011877e-17 0.02329582 0.02902604 9.047493e-18 -0.01746439 0.002162248 -9.376819e-18 0.01247882 0.02696765 1.152356e-17 -0.02050028 0.02193021 -2.161999e-17 0.02581824 0.0002685931 -6.26793e-18 0.008546609 0.001903391 -9.883482e-18 0.01321859 0.0245931 1.386453e-17 -0.02329582 0.01901021 -2.286773e-17 0.02803797 0.02193021 1.604294e-17 -0.02581824 0.01586734 -2.384738e-17 0.02992897 0.01901021 1.803327e-17 -0.02803797 0.00148641 -1.03145e-17 0.01388221 -0.0004711767 -5.985059e-18 0.008287752 0.01253843 -2.454743e-17 0.03146909 0.01586734 1.981217e-17 -0.02992897 0.0009322143 -1.064825e-17 0.01443641 0.01253843 2.13588e-17 -0.03146909 0.009062522 -2.495969e-17 0.03264026 0.009062522 2.265501e-17 -0.03264026 0.0002685931 -1.086801e-17 0.01485339 0.005480365 2.368561e-17 -0.03342875 0.005480365 -2.507932e-17 0.03342875 -0.0004711767 -1.096275e-17 0.01511225 0.001833955 -2.490491e-17 0.03382532 -0.00125 -1.092773e-17 0.0152 -0.001833955 -2.443852e-17 0.03382532 -0.005480365 -2.368561e-17 0.03342875 -0.007749999 -1.010122e-17 0.0152 -0.009062522 -2.265501e-17 0.03264026 -0.01253843 -2.13588e-17 0.03146909 -0.008587604 -9.920535e-18 0.0150983 -0.01586734 -1.981217e-17 0.02992897 -0.009376531 -9.601988e-18 0.01479909 -0.01901021 -1.803327e-17 0.02803797 -0.01007093 -9.164091e-18 0.01431979 -0.02193021 -1.604294e-17 0.02581824 -0.01063044 -8.632295e-18 0.01368823 -0.0245931 -1.386453e-17 0.02329582 -0.01102256 -8.037505e-18 0.01294112 -0.02696765 -1.152356e-17 0.02050028 -0.01122448 -7.414288e-18 0.01212188 -0.02902604 -9.047493e-18 0.01746439 -0.01122448 -6.798863e-18 0.01127812 -0.03074411 -6.46535e-18 0.01422374 -0.03210175 -3.807409e-18 0.01081634 -0.01102256 -6.226997e-18 0.01045888 -0.03308302 -1.104828e-18 0.007282123 -0.01063044 -5.731925e-18 0.009711773 -0.03367642 1.610706e-18 0.003662531 -0.033875 4.307355e-18 8.403217e-18 -0.01007093 -5.342418e-18 0.009080213 -0.03367642 6.953505e-18 -0.003662531 -0.03308302 9.518132e-18 -0.007282123 -0.009376531 -5.081112e-18 0.008600904 -0.03210175 1.197117e-17 -0.01081634 -0.03074411 1.428385e-17 -0.01422374 -0.008587604 -4.963196e-18 0.008301703 -0.02902604 1.642907e-17 -0.01746439 -0.02696765 1.838167e-17 -0.02050028 -0.0245931 2.011877e-17 -0.02329582 -0.007749999 -4.995519e-18 0.0082 -0.02193021 2.161999e-17 -0.02581824 -0.01901021 2.286773e-17 -0.02803797 -0.01586734 2.384738e-17 -0.02992897 -0.01253843 2.454743e-17 -0.03146909 -0.00125 -5.822023e-18 0.0082 -0.009062522 2.495969e-17 -0.03264026 -0.005480365 2.507932e-17 -0.03342875 -0.001833955 2.490491e-17 -0.03382532 0.001833955 2.443852e-17 -0.03382532 -0.01234041 0.02188233 -0.03131862 -0.01293932 0.02177585 -0.03123154 -0.01302334 0.022 -0.0310635 -0.01112429 0.022 -0.03159905 -0.01286143 0.02156808 -0.0314221 -0.01279044 0.02137868 -0.03163335 -0.0303718 0.02156648 -0.0151842 -0.0302623 0.02187739 -0.0147632 -0.03016791 0.0217743 -0.01527617 -0.03059774 0.02137868 -0.01510109 -0.02998817 0.022 -0.01537606 -0.03056456 0.022 -0.01371341 -0.02705339 0.006 -0.01148141 -0.02731225 0.006 -0.01222118 -0.0275 0.006 -0.01055 -0.02663641 0.006 -0.01081778 -0.0274 0.006 -0.013 -0.02747117 0.006 -0.0102941 -0.0275 0.006 -0.02745 -0.02608221 0.006 -0.01026359 -0.0274 0.006 -0.025 -0.02738611 0.006 -0.01005103 -0.02731225 0.006 -0.02577882 -0.02724911 0.006 -0.009832987 -0.02705339 0.006 -0.02651859 -0.02706701 0.006 -0.009650893 -0.02663641 0.006 -0.02718221 -0.02684897 0.006 -0.009513886 -0.02747117 0.006 -0.0277059 -0.0266059 0.006 -0.009428833 -0.02608221 0.006 -0.02773641 -0.02635 0.006 -0.0094 -0.02738611 0.006 -0.02794897 -0.02541859 0.006 -0.009846609 -0.02724911 0.006 -0.02816701 -0.02467882 0.006 -0.009587753 -0.02706701 0.006 -0.02834911 -0.0239 0.006 -0.0095 -0.02684897 0.006 -0.02848611 -5e-05 0.006 -0.0094 -0.0266059 0.006 -0.02857117 -6.204922e-18 0.006 -0.0095 -0.02635 0.006 -0.0286 0.0002058991 0.006 -0.009428833 -0.02541859 0.006 -0.02815339 0.0002225209 0.006 -0.009525072 -0.02467882 0.006 -0.02841225 0.0004489663 0.006 -0.009513886 -0.0239 0.006 -0.0285 0.0004338837 0.006 -0.009599031 -5e-05 0.006 -0.0286 0.0006670133 0.006 -0.009650893 -8.023096e-18 0.006 -0.0285 0.0006234898 0.006 -0.009718169 0.0002058991 0.006 -0.02857117 0.0008491062 0.006 -0.009832987 0.0002225209 0.006 -0.02847493 0.0007818315 0.006 -0.00987651 0.0004489663 0.006 -0.02848611 0.0009861141 0.006 -0.01005103 0.0004338837 0.006 -0.02840097 0.0009009688 0.006 -0.01006612 0.0006670133 0.006 -0.02834911 0.0009749279 0.006 -0.01027748 0.0006234898 0.006 -0.02828183 0.001071167 0.006 -0.0102941 0.0008491062 0.006 -0.02816701 0.001 0.006 -0.0105 0.0007818315 0.006 -0.02812349 0.0011 0.006 -0.01055 0.0009861141 0.006 -0.02794897 0.001 0.006 -0.0275 0.0009009688 0.006 -0.02793388 0.0011 0.006 -0.02745 0.0009749279 0.006 -0.02772252 0.001071167 0.006 -0.0277059 0.03494236 0.01984263 0 0.035 0.01925736 -4.286264e-18 0.03488361 0.01984263 -0.0020254 0.03477164 0.02040541 0 0.03488271 0.01925736 -0.002863025 0.03471318 0.02040541 -0.002015504 0.03482525 0.01984263 -0.002858309 0.03443641 0.02092407 -0.001999435 0.03449441 0.02092407 0 0.03412132 0.02137868 -4.178657e-18 0.03406395 0.02137868 -0.001977809 0.03465511 0.02040541 -0.002844345 0.03437881 0.02092407 -0.002821667 0.03389204 0.02137868 -0.003948967 0.03470755 0.01984263 -0.004043988 0.0345316 0.01925736 -0.00570686 0.03453799 0.02040541 -0.004024231 0.03426262 0.02092407 -0.003992146 0.03403278 0.02092407 -0.005624422 0.03360616 0.02137868 -0.005906847 0.03381756 0.02107624 -0.006224234 0.03392459 0.02092407 -0.006243933 0.03397204 0.02074445 -0.006590226 0.0343063 0.02040541 -0.005669625 0.03419724 0.02040541 -0.006294115 0.03409415 0.02001949 -0.007463367 0.03447473 0.01984263 -0.005697461 0.03436513 0.01984263 -0.006325018 0.03413409 0.01984263 -0.00747211 0.03394905 0.01925736 -0.008512444 -0.009260241 0.0076643 0.03238396 -0.009121471 0.008496207 0.03240843 -0.01162117 0.007776963 0.03196767 -0.009198915 0.006822845 0.03239477 -0.01138725 0.009179321 0.03200891 -0.0115178 0.006358509 0.03198589 -0.008790669 0.009270218 0.03246676 -0.008941057 0.006020742 0.03244024 -0.01082961 0.01048408 0.03210724 -0.01108312 0.005006394 0.03206254 -0.008287061 0.009941351 0.03255556 -0.008501653 0.00530461 0.03251772 -0.00998067 0.01161542 0.03225693 -0.01034241 0.003799199 0.03219315 -0.007639914 0.0104706 0.03266967 -0.007906239 0.004716065 0.03262271 -0.008889766 0.01250758 0.03244929 -0.009338712 0.002807081 0.03237012 -0.006886838 0.01082721 0.03280246 -0.007189417 0.004289312 0.0327491 -0.007620296 0.01310873 0.03267313 -0.008130358 0.002087698 0.03258319 -0.0060716 0.01099045 0.0329462 -0.006392849 0.004049154 0.03288956 -0.006246037 0.01338391 0.03291545 -0.006787571 0.001682859 0.03281996 -0.004846857 0.01331714 0.03316216 -0.005562827 0.004009545 0.03303592 -0.005241578 0.01095085 0.03309256 -0.00538839 0.00161609 0.03306667 -0.00350407 0.0129123 0.03339893 -0.004014132 0.001891273 0.03330899 -0.00444501 0.01071069 0.03323302 -0.004747589 0.004172789 0.03317966 -0.002295716 0.01219292 0.03361199 -0.002744662 0.002492415 0.03353283 -0.003728189 0.01028393 0.03335941 -0.003994514 0.004529399 0.03331245 -0.001292017 0.0112008 0.03378898 -0.001653758 0.00338458 0.03372519 -0.003132775 0.00969539 0.0334644 -0.003347367 0.005058649 0.03342656 -0.0005513067 0.009993605 0.03391958 -0.000804818 0.004515918 0.03387488 -0.00269337 0.008979257 0.03354188 -0.002843759 0.005729781 0.03351536 -0.0001166316 0.008641491 0.03399622 -0.0002471808 0.005820679 0.03397321 -0.002435512 0.008177156 0.03358734 -0.002512957 0.006503793 0.03357369 -1.32537e-05 0.007223037 0.03401446 -0.002374187 0.0073357 0.03359816 -0.0156416 0.01967433 -0.03127784 -0.01632212 0.01946648 -0.03095285 -0.01624422 0.01967433 -0.03096915 -0.01614023 0.01984514 -0.03099075 -0.01480852 0.01967433 -0.03168076 -0.0163481 0.01925736 -0.03094737 -0.0129987 0.01925736 -0.03249668 -0.01476769 0.02011612 -0.03159341 -0.01298788 0.01967433 -0.03246964 -0.01559847 0.02011612 -0.0311916 -0.0158952 0.02011611 -0.03104144 -0.01555783 0.02037611 -0.03111033 -0.009496874 0.01967433 -0.03365668 -0.009504782 0.01925736 -0.0336847 -0.01295207 0.02011612 -0.03238012 -0.00947069 0.02011612 -0.03356388 -0.005900285 0.01967433 -0.03446954 -0.005905198 0.01925736 -0.03449824 -0.002239964 0.01925736 -0.03492825 -0.0022381 0.01967433 -0.03489919 0.001450174 0.01925736 -0.03496994 -0.005884017 0.02011612 -0.0343745 -0.01282969 0.02084583 -0.03207417 -0.009381206 0.02084583 -0.03324675 -0.01462815 0.02084583 -0.03129489 -0.01462807 0.02084621 -0.03129471 -0.01279044 0.02137868 -0.03163335 -0.009424469 0.02137868 -0.03279396 -0.005955887 0.02137868 -0.0335975 -0.005828422 0.02084583 -0.03404971 -0.002422455 0.02137868 -0.03403522 -0.002231929 0.02011612 -0.03480297 -0.002210841 0.02084583 -0.03447413 0.001137353 0.02137868 -0.03410236 0.001448967 0.01967433 -0.03494085 0.001431319 0.02084583 -0.03451528 0.004684777 0.02137868 -0.03379818 0.001444972 0.02011612 -0.03484451 0.005119926 0.01967433 -0.03459406 0.005124188 0.01925736 -0.03462286 0.005105809 0.02011612 -0.03449868 0.008733964 0.01967433 -0.03386267 0.008741236 0.01925736 -0.03389087 0.0122611 0.01925736 -0.03278209 0.005057566 0.02084583 -0.03417271 0.008181193 0.02137868 -0.03312601 0.008627587 0.02084583 -0.03345023 0.01158853 0.02137868 -0.03209315 0.008709882 0.02011612 -0.03376931 0.01210169 0.02084583 -0.03235587 0.01412819 0.02084583 -0.03152376 0.01221712 0.02011612 -0.0326645 0.0122509 0.01967433 -0.03275482 0.01426296 0.02011612 -0.03182446 0.01430239 0.01967433 -0.03191245 0.01564466 0.01925736 -0.03130886 0.01558854 0.02011612 -0.03119656 0.0165664 0.0201336 -0.0306823 0.01563164 0.01967433 -0.03128281 0.01656898 0.02011612 -0.03068708 0.01772688 0.0197159 -0.03013778 0.01661479 0.01967433 -0.03077192 0.01773003 0.01967433 -0.03014314 0.01885428 0.01925736 -0.02948755 -0.0233 0.03115 -0.01391669 -0.0233 0.03115 -0.0240833 -0.0264 0.03115 -0.0240833 -0.0264 0.03115 -0.01391669 -0.006 0.0281 -0.02541405 -0.0101 0.0281 -0.01258595 -0.006 0.0281 -0.01258595 -0.0101 0.0281 -0.02541405 0.001 0.006 -0.0105 0.001 0.006 -0.0275 0.001 0.014 -0.0275 0.001 0.014 -0.0105 -0.0101 0.03205 -0.019 -0.0233 0.03205 -0.019 -0.0233 0.03212991 -0.01834188 -0.0101 0.03212991 -0.01834188 -0.0233 0.03236499 -0.01772201 -0.0101 0.03236499 -0.01772201 -0.0101 0.0327416 -0.01717641 -0.0233 0.0327416 -0.01717641 -0.0233 0.03323782 -0.01673679 -0.0101 0.03323782 -0.01673679 -0.0101 0.03382483 -0.01642871 -0.0233 0.03382483 -0.01642871 -0.0233 0.03446852 -0.01627005 -0.0101 0.03446852 -0.01627005 -0.0233 0.03513148 -0.01627005 -0.0101 0.03513148 -0.01627005 -0.0101 0.03577516 -0.01642871 -0.0233 0.03577516 -0.01642871 -0.0233 0.03636218 -0.01673679 -0.0101 0.03636218 -0.01673679 -0.0233 0.03685841 -0.01717641 -0.0101 0.03685841 -0.01717641 -0.0101 0.037235 -0.01772201 -0.0233 0.037235 -0.01772201 -0.0101 0.03747009 -0.01834188 -0.0233 0.03747009 -0.01834188 -0.0233 0.03755 -0.019 -0.0101 0.03755 -0.019 -0.0233 0.03747009 -0.01965812 -0.0101 0.03747009 -0.01965812 -0.0233 0.037235 -0.02027799 -0.0101 0.037235 -0.02027799 -0.0233 0.03685841 -0.02082358 -0.0101 0.03685841 -0.02082358 -0.0233 0.03636218 -0.02126321 -0.0101 0.03636218 -0.02126321 -0.0101 0.03577516 -0.0215713 -0.0233 0.03577516 -0.0215713 -0.0233 0.03513148 -0.02172995 -0.0101 0.03513148 -0.02172995 -0.0233 0.03446852 -0.02172995 -0.0101 0.03446852 -0.02172995 -0.0233 0.03382483 -0.0215713 -0.0101 0.03382483 -0.0215713 -0.0101 0.03323782 -0.02126321 -0.0233 0.03323782 -0.02126321 -0.0233 0.0327416 -0.02082358 -0.0101 0.0327416 -0.02082358 -0.0101 0.03236499 -0.02027799 -0.0233 0.03236499 -0.02027799 -0.0233 0.03212991 -0.01965812 -0.0101 0.03212991 -0.01965812 -0.0233 0.03205 -0.019 -0.0101 0.03205 -0.019 -0.0233 0.02807624 -0.0275 -0.0233 0.0348 -0.0275 -0.02327493 0.0348 -0.02772252 -0.02322136 0.02730273 -0.02789052 -0.02320097 0.0348 -0.02793388 -0.02308183 0.0348 -0.02812349 -0.02301032 0.02651706 -0.02820395 -0.02292349 0.0348 -0.02828183 -0.02285695 0.02612896 -0.02833057 -0.02273388 0.0348 -0.02840097 -0.02265337 0.02575645 -0.02843548 -0.02252252 0.0348 -0.02847493 -0.0223 0.02525256 -0.0285 -0.0223 0.0348 -0.0285 -0.0274 0.02525256 -0.0105 -0.0274 0.01520116 -0.0105 -0.02737535 0.01531355 -0.01027947 -0.02737493 0.02525256 -0.01027748 -0.02733905 0.01536252 -0.01015624 -0.02730097 0.02525256 -0.01006612 -0.02728529 0.01540001 -0.01003529 -0.02721325 0.01542482 -0.009918491 -0.02718183 0.02525256 -0.00987651 -0.02712511 0.01543527 -0.009811384 -0.02702349 0.02525256 -0.009718169 -0.02702385 0.01543058 -0.009718653 -0.02691276 0.01541169 -0.009641727 -0.02683388 0.02525256 -0.009599031 -0.0267942 0.01537951 -0.009580991 -0.02662252 0.02525256 -0.009525072 -0.02667207 0.01533529 -0.009537708 -0.02653503 0.01527372 -0.009509147 -0.0264 0.02525256 -0.0095 -0.0264 0.01520116 -0.0095 -0.0101 0.02652624 -0.0105 -0.0101 0.0348 -0.0105 -0.01012507 0.0348 -0.01027748 -0.0101674 0.02581474 -0.01013766 -0.01019903 0.0348 -0.01006612 -0.01031817 0.0348 -0.00987651 -0.01034811 0.02509201 -0.009840674 -0.01047651 0.0348 -0.009718169 -0.01064188 0.02437893 -0.009611111 -0.01066612 0.0348 -0.009599031 -0.01087748 0.0348 -0.009525072 -0.0111 0.02357003 -0.0095 -0.0111 0.0348 -0.0095 -0.0085 0.01 -0.0285 -0.0085 0.0144 -0.0285 -0.007721176 0.0144 -0.02841225 -0.007721176 0.01 -0.02841225 -0.006981407 0.0144 -0.02815339 -0.006981407 0.01 -0.02815339 -0.006317785 0.0144 -0.02773641 -0.006317785 0.01 -0.02773641 -0.005763589 0.0144 -0.02718221 -0.005763589 0.01 -0.02718221 -0.005346609 0.0144 -0.02651859 -0.005346609 0.01 -0.02651859 -0.005087752 0.0144 -0.02577882 -0.005087752 0.01 -0.02577882 -0.005 0.014 -0.025 -0.005 0.01 -0.025 -0.005 0.0144 -0.025 -0.005 0.02357003 -0.0275 -0.005 0.01520116 -0.0275 -0.005024651 0.01531355 -0.02772053 -0.005025072 0.02357003 -0.02772252 -0.005060944 0.01536252 -0.02784376 -0.005099031 0.02357003 -0.02793388 -0.005114715 0.01540001 -0.02796471 -0.005186744 0.01542482 -0.02808151 -0.005218168 0.02357003 -0.02812349 -0.00527489 0.01543527 -0.02818861 -0.00537651 0.02357003 -0.02828183 -0.005376148 0.01543058 -0.02828135 -0.005487239 0.01541169 -0.02835827 -0.005566116 0.02357003 -0.02840097 -0.005605801 0.01537951 -0.02841901 -0.005777479 0.02357003 -0.02847493 -0.005727934 0.01533529 -0.02846229 -0.00586497 0.01527372 -0.02849085 -0.006 0.02357003 -0.0285 -0.006 0.01520116 -0.0285 -0.0239 0.006 -0.0095 -0.0239 0.0144 -0.0095 -0.02467882 0.0144 -0.009587753 -0.02467882 0.006 -0.009587753 -0.02541859 0.0144 -0.009846609 -0.02541859 0.006 -0.009846609 -0.02608221 0.0144 -0.01026359 -0.02608221 0.006 -0.01026359 -0.02663641 0.0144 -0.01081778 -0.02663641 0.006 -0.01081778 -0.02705339 0.0144 -0.01148141 -0.02705339 0.006 -0.01148141 -0.02731225 0.0144 -0.01222118 -0.02731225 0.006 -0.01222118 -0.0274 0.0144 -0.013 -0.0274 0.006 -0.013 -0.0274 0.03003841 -0.01345764 -0.0274 0.0301217 -0.01368049 -0.0274 0.02990484 -0.01326078 -0.0274 0.03015 -0.01391669 -0.0274 0.02863268 -0.01206219 -0.0274 0.0271436 -0.01113894 -0.0274 0.02525256 -0.0105 -0.0274 0.02550451 -0.01053226 -0.0274 0.02542154 -0.01051438 -0.0274 0.02533736 -0.0105036 -0.0274 0.01479608 -0.01128773 -0.0274 0.01520116 -0.0105 -0.0274 0.01450797 -0.01212474 -0.0274 0.0144 -0.013 -0.0274 0.03015 -0.0240833 -0.0274 0.0144 -0.025 -0.0274 0.006 -0.013 -0.0274 0.006 -0.025 -0.0274 0.02525256 -0.0275 -0.0274 0.01447621 -0.02573432 -0.0274 0.01468558 -0.02644257 -0.0274 0.01520116 -0.0275 -0.0274 0.02533736 -0.0274964 -0.0274 0.02542154 -0.02748562 -0.0274 0.02550451 -0.02746774 -0.0274 0.02714371 -0.02686108 -0.0274 0.0286327 -0.02593771 -0.0274 0.02990484 -0.02473922 -0.0274 0.0301217 -0.02431951 -0.0274 0.03003841 -0.02454236 -0.0274 0.006 -0.025 -0.0274 0.0144 -0.025 -0.02731225 0.0144 -0.02577882 -0.02731225 0.006 -0.02577882 -0.02705339 0.0144 -0.02651859 -0.02705339 0.006 -0.02651859 -0.02663641 0.006 -0.02718221 -0.02663641 0.0144 -0.02718221 -0.02608221 0.006 -0.02773641 -0.02608221 0.0144 -0.02773641 -0.02541859 0.006 -0.02815339 -0.02541859 0.0144 -0.02815339 -0.02467882 0.006 -0.02841225 -0.02467882 0.0144 -0.02841225 -0.0239 0.0144 -0.0285 -0.0239 0.006 -0.0285 -0.02737535 0.01531355 -0.02772053 -0.0274 0.01520116 -0.0275 -0.0274 0.02525256 -0.0275 -0.02737493 0.02525256 -0.02772252 -0.02733905 0.01536252 -0.02784376 -0.02730097 0.02525256 -0.02793388 -0.02728529 0.01540001 -0.02796471 -0.02721325 0.01542482 -0.02808151 -0.02718183 0.02525256 -0.02812349 -0.02712511 0.01543527 -0.02818861 -0.02702349 0.02525256 -0.02828183 -0.02702385 0.01543058 -0.02828135 -0.02691276 0.01541169 -0.02835827 -0.02683388 0.02525256 -0.02840097 -0.0267942 0.01537951 -0.02841901 -0.02662252 0.02525256 -0.02847493 -0.02667207 0.01533529 -0.02846229 -0.02653503 0.01527372 -0.02849085 -0.0264 0.02525256 -0.0285 -0.0264 0.01520116 -0.0285 -0.0264 0.02525256 -0.0285 -0.0264 0.02542215 -0.0284928 -0.0223 0.02525256 -0.0285 -0.02265337 0.02575645 -0.02843548 -0.0264 0.02559052 -0.02847124 -0.0264 0.02575645 -0.02843548 -0.02285695 0.02612896 -0.02833057 -0.02301032 0.02651706 -0.02820395 -0.02322136 0.02730273 -0.02789052 -0.0264 0.02758413 -0.02775835 -0.0233 0.02807624 -0.0275 -0.0264 0.0292406 -0.02673122 -0.0233 0.029016 -0.02689872 -0.0233 0.02988092 -0.02619402 -0.0264 0.03065968 -0.02539513 -0.0233 0.03065968 -0.02539513 -0.0233 0.03092682 -0.02500141 -0.0264 0.03092682 -0.02500141 -0.0264 0.0310934 -0.02455572 -0.0233 0.0310934 -0.02455572 -0.0233 0.03115 -0.0240833 -0.0264 0.03115 -0.0240833 -0.02327493 0.0348 -0.01027748 -0.0233 0.0348 -0.0105 -0.0233 0.02807624 -0.0105 -0.02327103 0.02761612 -0.0102573 -0.02320097 0.0348 -0.01006612 -0.02319014 0.0271528 -0.0100435 -0.02308183 0.0348 -0.00987651 -0.02298417 0.02644345 -0.009770642 -0.02292349 0.0348 -0.009718169 -0.02282433 0.02605892 -0.009648485 -0.02273388 0.0348 -0.009599031 -0.02265337 0.02575645 -0.009564516 -0.02252252 0.0348 -0.009525072 -0.0223 0.02525256 -0.0095 -0.0223 0.0348 -0.0095 -0.0264 0.02542215 -0.009507203 -0.0264 0.02525256 -0.0095 -0.0223 0.02525256 -0.0095 -0.02265337 0.02575645 -0.009564516 -0.0264 0.02559052 -0.00952876 -0.0264 0.02575645 -0.009564516 -0.02282433 0.02605892 -0.009648485 -0.02298417 0.02644345 -0.009770642 -0.02319014 0.0271528 -0.0100435 -0.0264 0.02758413 -0.01024165 -0.02327103 0.02761612 -0.0102573 -0.0233 0.02807624 -0.0105 -0.0264 0.0292406 -0.01126878 -0.0233 0.029016 -0.01110128 -0.0233 0.02988092 -0.01180598 -0.0264 0.03065968 -0.01260487 -0.0233 0.03065968 -0.01260487 -0.0264 0.03092682 -0.01299859 -0.0233 0.03092682 -0.01299859 -0.0264 0.0310934 -0.01344428 -0.0233 0.0310934 -0.01344428 -0.0233 0.03115 -0.01391669 -0.0264 0.03115 -0.01391669 -0.02737493 0.03037252 -0.0240833 -0.0274 0.03015 -0.0240833 -0.0274 0.03015 -0.01391669 -0.02737493 0.03037252 -0.01391669 -0.02730097 0.03058388 -0.0240833 -0.02730097 0.03058388 -0.01391669 -0.02718183 0.03077349 -0.0240833 -0.02718183 0.03077349 -0.01391669 -0.02702349 0.03093183 -0.0240833 -0.02702349 0.03093183 -0.01391669 -0.02683388 0.03105097 -0.01391669 -0.02683388 0.03105097 -0.0240833 -0.02662252 0.03112493 -0.01391669 -0.02662252 0.03112493 -0.0240833 -0.0264 0.03115 -0.0240833 -0.0264 0.03115 -0.01391669 -0.006 0.0281 -0.02541405 -0.0101 0.0280409 -0.02589666 -0.0101 0.0281 -0.02541405 -0.006 0.0280409 -0.02589666 -0.0101 0.02786708 -0.02635075 -0.006 0.02786708 -0.02635075 -0.0101 0.02758883 -0.02674948 -0.006 0.02758883 -0.02674948 -0.0101 0.02722258 -0.02706928 -0.006 0.02722258 -0.02706928 -0.0101 0.02699452 -0.02721934 -0.0101 0.02676234 -0.02736295 -0.006 0.02632397 -0.02761053 -0.0101 0.02652624 -0.0275 -0.01016831 0.0258126 -0.02786327 -0.006 0.02537242 -0.0280521 -0.01034905 0.02508901 -0.02816043 -0.006 0.02437893 -0.02838889 -0.01064188 0.02437893 -0.02838889 -0.006 0.02411304 -0.02845045 -0.006 0.02384266 -0.02848758 -0.0111 0.02357003 -0.0285 -0.006 0.02357003 -0.0285 -0.006 0.0280409 -0.01210334 -0.006 0.0281 -0.01258595 -0.0101 0.0281 -0.01258595 -0.0101 0.0280409 -0.01210334 -0.006 0.02786708 -0.01164925 -0.0101 0.02786708 -0.01164925 -0.006 0.02758883 -0.01125052 -0.0101 0.02758883 -0.01125052 -0.006 0.02722258 -0.01093071 -0.0101 0.02722258 -0.01093071 -0.0101 0.02699452 -0.01078066 -0.0101 0.02676234 -0.01063705 -0.006 0.02632397 -0.01038947 -0.0101 0.02652624 -0.0105 -0.0101674 0.02581474 -0.01013766 -0.006 0.02537242 -0.009947896 -0.01034811 0.02509201 -0.009840674 -0.006 0.02437893 -0.009611111 -0.01064188 0.02437893 -0.009611111 -0.006 0.02411304 -0.009549554 -0.006 0.02384266 -0.009512414 -0.0111 0.02357003 -0.0095 -0.006 0.02357003 -0.0095 -0.01012507 0.0348 -0.02772252 -0.0101 0.0348 -0.0275 -0.0101 0.02652624 -0.0275 -0.01016831 0.0258126 -0.02786327 -0.01019903 0.0348 -0.02793388 -0.01031817 0.0348 -0.02812349 -0.01034905 0.02508901 -0.02816043 -0.01047651 0.0348 -0.02828183 -0.01064188 0.02437893 -0.02838889 -0.01066612 0.0348 -0.02840097 -0.01087748 0.0348 -0.02847493 -0.0111 0.02357003 -0.0285 -0.0111 0.0348 -0.0285 -0.0223 0.03665336 -0.00968254 -0.0223 0.0348 -0.0095 -0.0111 0.0348 -0.0095 -0.0111 0.03665336 -0.00968254 -0.0223 0.03843549 -0.01022314 -0.0111 0.03843549 -0.01022314 -0.0223 0.04007791 -0.01110104 -0.0111 0.04007791 -0.01110104 -0.0223 0.04151751 -0.01228248 -0.0111 0.04151751 -0.01228248 -0.0223 0.04269896 -0.01372208 -0.0111 0.04269896 -0.01372208 -0.0223 0.04357686 -0.01536451 -0.0111 0.04357686 -0.01536451 -0.0223 0.04411746 -0.01714664 -0.0111 0.04411746 -0.01714664 -0.0223 0.0443 -0.019 -0.0111 0.0443 -0.019 -0.0223 0.04411746 -0.02085336 -0.0111 0.04411746 -0.02085336 -0.0223 0.04357686 -0.02263549 -0.0111 0.04357686 -0.02263549 -0.0223 0.04269896 -0.02427792 -0.0111 0.04269896 -0.02427792 -0.0223 0.04151751 -0.02571751 -0.0111 0.04151751 -0.02571751 -0.0223 0.04007791 -0.02689896 -0.0111 0.04007791 -0.02689896 -0.0223 0.03843549 -0.02777686 -0.0111 0.03843549 -0.02777686 -0.0223 0.03665336 -0.02831746 -0.0111 0.03665336 -0.02831746 -0.0223 0.0348 -0.0285 -0.0111 0.0348 -0.0285 -0.006 0.0281 -0.01258595 -0.005777479 0.02807493 -0.02541405 -0.006 0.0281 -0.02541405 -0.005777479 0.02807493 -0.01258595 -0.005566116 0.02800097 -0.02541405 -0.005566116 0.02800097 -0.01258595 -0.00537651 0.02788183 -0.02541405 -0.00537651 0.02788183 -0.01258595 -0.005218168 0.02772349 -0.02541405 -0.005218168 0.02772349 -0.01258595 -0.005099031 0.02753388 -0.02541405 -0.005099031 0.02753388 -0.01258595 -0.005025072 0.02732252 -0.02541405 -0.005025072 0.02732252 -0.01258595 -0.005 0.0271 -0.01258595 -0.005 0.0271 -0.02541405 -0.005024651 0.01531355 -0.01027947 -0.005 0.01520116 -0.0105 -0.005 0.02357003 -0.0105 -0.005025072 0.02357003 -0.01027748 -0.005060944 0.01536252 -0.01015624 -0.005099031 0.02357003 -0.01006612 -0.005114715 0.01540001 -0.01003529 -0.005186744 0.01542482 -0.009918491 -0.005218168 0.02357003 -0.00987651 -0.00527489 0.01543527 -0.009811384 -0.00537651 0.02357003 -0.009718169 -0.005376148 0.01543058 -0.009718653 -0.005487239 0.01541169 -0.009641727 -0.005566116 0.02357003 -0.009599031 -0.005605801 0.01537951 -0.009580991 -0.005777479 0.02357003 -0.009525072 -0.005727934 0.01533529 -0.009537708 -0.00586497 0.01527372 -0.009509147 -0.006 0.02357003 -0.0095 -0.006 0.01520116 -0.0095 -0.0085 0.01 -0.0095 -0.007721176 0.0144 -0.009587753 -0.0085 0.0144 -0.0095 -0.007721176 0.01 -0.009587753 -0.006981407 0.0144 -0.009846609 -0.006981407 0.01 -0.009846609 -0.006317785 0.0144 -0.01026359 -0.006317785 0.01 -0.01026359 -0.005763589 0.0144 -0.01081778 -0.005763589 0.01 -0.01081778 -0.005346609 0.0144 -0.01148141 -0.005346609 0.01 -0.01148141 -0.005087752 0.0144 -0.01222118 -0.005087752 0.01 -0.01222118 -0.005 0.014 -0.013 -0.005 0.01 -0.013 -0.005 0.0144 -0.013 -0.005 0.02393204 -0.02746696 -0.005 0.02410929 -0.02742592 -0.005 0.02375178 -0.02749172 -0.005 0.02357003 -0.0275 -0.005 0.02529114 -0.02700222 -0.005 0.0271 -0.02541405 -0.005 0.0259911 -0.02665402 -0.005 0.02666129 -0.02624166 -0.005 0.02684441 -0.02608176 -0.005 0.02698354 -0.0258824 -0.005 0.02707045 -0.02565536 -0.005 0.0271 -0.01258595 -0.005 0.02707045 -0.01234465 -0.005 0.02698354 -0.0121176 -0.005 0.02684441 -0.01191823 -0.005 0.02666129 -0.01175833 -0.005 0.0255747 -0.01112936 -0.005 0.02485688 -0.01081964 -0.005 0.02357003 -0.0105 -0.005 0.02410929 -0.01057407 -0.005 0.02375178 -0.01050827 -0.005 0.02393204 -0.01053304 -0.005 0.0144 -0.025 -0.005 0.01520116 -0.0275 -0.005 0.01479608 -0.02671227 -0.005 0.01450797 -0.02587526 -0.005 0.0144 -0.013 -0.005 0.01520116 -0.0105 -0.005 0.014 -0.025 -0.005 0.014 -0.013 -0.005 0.01468558 -0.01155743 -0.005 0.01447621 -0.01226568 -6.204922e-18 0.006 -0.0095 0.0002225209 0.014 -0.009525072 -6.204922e-18 0.014 -0.0095 0.0002225209 0.006 -0.009525072 0.0004338837 0.014 -0.009599031 0.0004338837 0.006 -0.009599031 0.0006234898 0.006 -0.009718169 0.0006234898 0.014 -0.009718169 0.0007818315 0.014 -0.00987651 0.0007818315 0.006 -0.00987651 0.0009009688 0.014 -0.01006612 0.0009009688 0.006 -0.01006612 0.0009749279 0.014 -0.01027748 0.0009749279 0.006 -0.01027748 0.001 0.006 -0.0105 0.001 0.014 -0.0105 -0.005 0.014 -0.0095 -0.005 0.01 -0.0095 -6.204922e-18 0.014 -0.0095 -6.204922e-18 0.006 -0.0095 -0.0085 0.01 -0.0095 -0.0239 0.006 -0.0095 -0.0239 0.0144 -0.0095 -0.0085 0.0144 -0.0095 -0.007765681 0.01447621 -0.0095 -0.007057426 0.01468558 -0.0095 -0.006 0.02357003 -0.0095 -0.006 0.01520116 -0.0095 -0.0111 0.02357003 -0.0095 -0.02477526 0.01450797 -0.0095 -0.02561227 0.01479608 -0.0095 -0.0223 0.02525256 -0.0095 -0.0111 0.0348 -0.0095 -0.0223 0.0348 -0.0095 -0.0264 0.01520116 -0.0095 -0.0264 0.02525256 -0.0095 -0.005 0.01 -0.0285 -0.005 0.014 -0.0285 -8.023096e-18 0.014 -0.0285 -8.023096e-18 0.006 -0.0285 -0.0085 0.01 -0.0285 -0.0239 0.006 -0.0285 -0.0239 0.0144 -0.0285 -0.0085 0.0144 -0.0285 -0.007624742 0.01450797 -0.0285 -0.006787731 0.01479608 -0.0285 -0.006 0.02357003 -0.0285 -0.006 0.01520116 -0.0285 -0.0111 0.02357003 -0.0285 -0.02463432 0.01447621 -0.0285 -0.02534257 0.01468558 -0.0285 -0.0223 0.02525256 -0.0285 -0.0111 0.0348 -0.0285 -0.0223 0.0348 -0.0285 -0.0264 0.01520116 -0.0285 -0.0264 0.02525256 -0.0285 0.001 0.006 -0.0275 0.0009749279 0.014 -0.02772252 0.001 0.014 -0.0275 0.0009749279 0.006 -0.02772252 0.0009009688 0.014 -0.02793388 0.0009009688 0.006 -0.02793388 0.0007818315 0.014 -0.02812349 0.0007818315 0.006 -0.02812349 0.0006234898 0.006 -0.02828183 0.0006234898 0.014 -0.02828183 0.0004338837 0.014 -0.02840097 0.0004338837 0.006 -0.02840097 0.0002225209 0.006 -0.02847493 0.0002225209 0.014 -0.02847493 -8.023096e-18 0.014 -0.0285 -8.023096e-18 0.006 -0.0285 -0.02252252 0.0348 -0.009525072 -0.0223 0.0348 -0.0095 -0.0223 0.03665336 -0.00968254 -0.02252252 0.03676995 -0.009732122 -0.02273388 0.0348 -0.009599031 -0.0223 0.03843549 -0.01022314 -0.02273388 0.03675457 -0.009804464 -0.02292349 0.0348 -0.009718169 -0.02252252 0.0386538 -0.01034422 -0.0223 0.04007791 -0.01110104 -0.02273388 0.03862372 -0.01041179 -0.02292349 0.0367298 -0.009920998 -0.02252252 0.04036922 -0.01133462 -0.0223 0.04151751 -0.01228248 -0.02292349 0.03857526 -0.01052062 -0.02308183 0.03669688 -0.01007588 -0.02308183 0.0348 -0.00987651 -0.02320097 0.0348 -0.01006612 -0.02273388 0.04032575 -0.01139446 -0.02292349 0.04025573 -0.01149084 -0.02273388 0.04144749 -0.01235251 -0.02308183 0.03851086 -0.01066528 -0.02320097 0.03665746 -0.01026134 -0.02327493 0.03661351 -0.01046809 -0.02327493 0.0348 -0.01027748 -0.0233 0.0348 -0.0105 -0.0233 0.03656725 -0.01068575 -0.02327493 0.03834777 -0.01103158 -0.0233 0.03825726 -0.01123486 -0.02320097 0.03843374 -0.01083849 -0.02327493 0.03992697 -0.01194333 -0.0233 0.03979617 -0.01212336 -0.02320097 0.04005121 -0.01177234 -0.02327493 0.04096776 -0.01283225 -0.0233 0.04111673 -0.01331239 -0.02308183 0.04016265 -0.01161894 -0.02320097 0.04111721 -0.01268279 -0.02292349 0.04136325 -0.01243675 -0.02308183 0.04125128 -0.01254872 -0.02308183 0.04158007 -0.01289519 -0.02327493 0.0412821 -0.01316349 -0.02320097 0.04143916 -0.01302207 -0.02327493 0.04205251 -0.01415403 -0.0233 0.04216122 -0.01475 -0.02320097 0.04222825 -0.0140366 -0.02327493 0.04235392 -0.01463874 -0.02327493 0.04285856 -0.01566203 -0.0233 0.04288398 -0.01637335 -0.02320097 0.04253697 -0.01453306 -0.02308183 0.04238591 -0.01393126 -0.02320097 0.04305383 -0.01558115 -0.02292349 0.04169774 -0.01278924 -0.02327493 0.04309561 -0.01630459 -0.02273388 0.04178628 -0.01270952 -0.02327493 0.04335492 -0.01729832 -0.0233 0.04325344 -0.01811151 -0.02320097 0.04329663 -0.01623928 -0.02308183 0.04322901 -0.01550859 -0.02320097 0.04356222 -0.01725709 -0.02308183 0.04270117 -0.01443825 -0.02308183 0.04347695 -0.01618069 -0.02292349 0.0428383 -0.01435908 -0.02292349 0.04251756 -0.01384329 -0.02273388 0.04261662 -0.0137771 -0.02292349 0.04337529 -0.015448 -0.02273388 0.04294147 -0.01429951 -0.02292349 0.04362754 -0.01613176 -0.02273388 0.04348536 -0.0154024 -0.02273388 0.04374085 -0.01609494 -0.02252252 0.04355369 -0.0153741 -0.02252252 0.04300553 -0.01426254 -0.02252252 0.04267811 -0.01373601 -0.0223 0.04357686 -0.01536451 -0.0223 0.04269896 -0.01372208 -0.02252252 0.04184124 -0.01266004 -0.02252252 0.04149979 -0.01230021 -0.02252252 0.04381119 -0.01607209 -0.0223 0.04411746 -0.01714664 -0.02273388 0.04402033 -0.01716596 -0.02252252 0.04409287 -0.01715153 -0.02252252 0.04422302 -0.0180096 -0.0223 0.0443 -0.019 -0.02292349 0.04390348 -0.0171892 -0.02273388 0.04414947 -0.01801733 -0.02308183 0.04374818 -0.01722009 -0.02292349 0.04403098 -0.01802978 -0.02308183 0.04387351 -0.01804634 -0.02320097 0.04368494 -0.01806615 -0.02308183 0.04392349 -0.019 -0.02327493 0.04347473 -0.01808825 -0.02320097 0.04373388 -0.019 -0.02327493 0.04352252 -0.019 -0.0233 0.04325344 -0.01988849 -0.02327493 0.04347473 -0.01991175 -0.02320097 0.04368494 -0.01993385 -0.02327493 0.04335492 -0.02070168 -0.0233 0.04288398 -0.02162664 -0.02308183 0.04387351 -0.01995366 -0.02320097 0.04356222 -0.02074291 -0.02327493 0.04309561 -0.02169541 -0.02292349 0.04408183 -0.019 -0.02327493 0.04285856 -0.02233796 -0.0233 0.04216122 -0.02325 -0.02320097 0.04329663 -0.02176072 -0.02327493 0.04235392 -0.02336126 -0.02320097 0.04305383 -0.02241885 -0.02327493 0.04205251 -0.02384597 -0.0233 0.04111673 -0.02468761 -0.02320097 0.04253697 -0.02346694 -0.02327493 0.04096776 -0.02516775 -0.0233 0.03979617 -0.02587664 -0.02320097 0.04222825 -0.0239634 -0.02327493 0.03964597 -0.02625251 -0.0233 0.03825726 -0.02676514 -0.02320097 0.04111721 -0.02531721 -0.02327493 0.03813796 -0.02705856 -0.0233 0.03656725 -0.02731426 -0.02320097 0.0397634 -0.02642825 -0.02327493 0.03650168 -0.02755492 -0.0233 0.0348 -0.0275 -0.02327493 0.0348 -0.02772252 -0.02320097 0.03821885 -0.02725383 -0.02320097 0.03654291 -0.02776222 -0.02320097 0.0348 -0.02793388 -0.02308183 0.0348 -0.02812349 -0.02308183 0.03986874 -0.0265859 -0.02308183 0.03829141 -0.02742901 -0.02308183 0.0365799 -0.02794818 -0.02292349 0.0348 -0.02828183 -0.02308183 0.04125128 -0.02545128 -0.02292349 0.0366108 -0.02810348 -0.02308183 0.04238591 -0.02406874 -0.02292349 0.038352 -0.02757529 -0.02273388 0.03663404 -0.02822033 -0.02273388 0.0348 -0.02840097 -0.02252252 0.0348 -0.02847493 -0.02292349 0.03995671 -0.02671756 -0.02273388 0.0383976 -0.02768536 -0.02252252 0.03664847 -0.02829287 -0.0223 0.0348 -0.0285 -0.0223 0.03665336 -0.02831746 -0.0223 0.03843549 -0.02777686 -0.02252252 0.0384259 -0.02775369 -0.02273388 0.0400229 -0.02681662 -0.02252252 0.04006398 -0.02687811 -0.0223 0.04007791 -0.02689896 -0.0223 0.04151751 -0.02571751 -0.02252252 0.04149979 -0.02569978 -0.0223 0.04269896 -0.02427792 -0.02273388 0.04144749 -0.02564749 -0.02292349 0.04136325 -0.02556324 -0.02273388 0.04261662 -0.0242229 -0.02292349 0.04251756 -0.02415671 -0.02252252 0.04267811 -0.02426399 -0.02292349 0.0428383 -0.02364092 -0.02252252 0.04300553 -0.02373746 -0.0223 0.04357686 -0.02263549 -0.02273388 0.04294147 -0.02370049 -0.02252252 0.04355369 -0.0226259 -0.02252252 0.04381119 -0.02192791 -0.0223 0.04411746 -0.02085336 -0.02273388 0.04348536 -0.02259759 -0.02292349 0.04337529 -0.022552 -0.02308183 0.04270117 -0.02356174 -0.02308183 0.04322901 -0.02249141 -0.02308183 0.04347695 -0.02181931 -0.02292349 0.04362754 -0.02186824 -0.02308183 0.04374818 -0.0207799 -0.02292349 0.04390348 -0.02081079 -0.02292349 0.04403098 -0.01997022 -0.02273388 0.04402033 -0.02083404 -0.02273388 0.04374085 -0.02190506 -0.02273388 0.04414947 -0.01998267 -0.02252252 0.04409287 -0.02084846 -0.02273388 0.04420097 -0.019 -0.02252252 0.04422302 -0.0199904 -0.02252252 0.04427493 -0.019 -0.02662252 0.02525256 -0.009525072 -0.0264 0.02525256 -0.0095 -0.0264 0.02542215 -0.009507203 -0.02662252 0.02542002 -0.009532184 -0.0264 0.02559052 -0.00952876 -0.02683388 0.02525256 -0.009599031 -0.02662252 0.02558628 -0.009553472 -0.0264 0.02575645 -0.009564516 -0.02683388 0.02541375 -0.009605877 -0.02683388 0.02557378 -0.009626367 -0.02662252 0.02575013 -0.00958878 -0.02702349 0.02540365 -0.009724585 -0.02702349 0.02525256 -0.009718169 -0.02718183 0.02525256 -0.00987651 -0.02662252 0.02757166 -0.01026346 -0.0264 0.02758413 -0.01024165 -0.02683388 0.02753917 -0.0103299 -0.02662252 0.02922533 -0.01128866 -0.0264 0.0292406 -0.01126878 -0.0264 0.03065968 -0.01260487 -0.02683388 0.0257315 -0.009660353 -0.02662252 0.03064075 -0.01262132 -0.0264 0.03092682 -0.01299859 -0.02683388 0.02918026 -0.01134731 -0.02702349 0.02748684 -0.01043693 -0.02702349 0.02555365 -0.009743791 -0.02702349 0.02570148 -0.009775647 -0.02718183 0.02552689 -0.009899857 -0.02718183 0.02539022 -0.009882357 -0.02718183 0.02566159 -0.00992888 -0.02730097 0.02537415 -0.01007128 -0.02730097 0.02525256 -0.01006612 -0.02730097 0.02549486 -0.01008674 -0.02737493 0.02535623 -0.01028188 -0.02737493 0.02525256 -0.01027748 -0.0274 0.02525256 -0.0105 -0.0274 0.02533736 -0.0105036 -0.02737493 0.02545914 -0.01029506 -0.0274 0.02542154 -0.01051438 -0.02730097 0.02561382 -0.01011237 -0.02737493 0.02556057 -0.01031691 -0.0274 0.02550451 -0.01053226 -0.0274 0.0271436 -0.01113894 -0.0274 0.02550451 -0.01053226 -0.02737493 0.02724117 -0.0109394 -0.02730097 0.02733401 -0.01074952 -0.02737493 0.02876689 -0.01188528 -0.0274 0.02863268 -0.01206219 -0.02718183 0.02741729 -0.01057918 -0.02737493 0.0300728 -0.01311483 -0.0274 0.02990484 -0.01326078 -0.02718183 0.0290112 -0.01156733 -0.02730097 0.02889567 -0.01171768 -0.02730097 0.03023235 -0.01297619 -0.02718183 0.03037547 -0.01285183 -0.02702349 0.02910767 -0.01144178 -0.02702349 0.03049499 -0.01274797 -0.02683388 0.03058493 -0.01266983 -0.02662252 0.03090454 -0.0130101 -0.02683388 0.03083884 -0.01304405 -0.02662252 0.03106904 -0.0134502 -0.0264 0.0310934 -0.01344428 -0.0264 0.03115 -0.01391669 -0.02662252 0.03112493 -0.01391669 -0.02683388 0.03099718 -0.01346767 -0.02683388 0.03105097 -0.01391669 -0.02702349 0.030733 -0.01309874 -0.02702349 0.03088141 -0.01349581 -0.02702349 0.03093183 -0.01391669 -0.02718183 0.03059233 -0.01317143 -0.02718183 0.03072755 -0.01353321 -0.02718183 0.03077349 -0.01391669 -0.02730097 0.03042388 -0.01325847 -0.02730097 0.03054331 -0.013578 -0.02730097 0.03058388 -0.01391669 -0.02737493 0.0302361 -0.0133555 -0.0274 0.02990484 -0.01326078 -0.0274 0.03003841 -0.01345764 -0.02737493 0.03033792 -0.01362792 -0.02737493 0.03037252 -0.01391669 -0.0274 0.0301217 -0.01368049 -0.0274 0.03015 -0.01391669 -0.0274 0.0301217 -0.02431951 -0.0274 0.03015 -0.0240833 -0.02737493 0.03037252 -0.0240833 -0.02737493 0.03033792 -0.02437208 -0.0274 0.03003841 -0.02454236 -0.02730097 0.03058388 -0.0240833 -0.02737493 0.0302361 -0.0246445 -0.0274 0.02990484 -0.02473922 -0.02737493 0.0300728 -0.02488517 -0.02730097 0.03054331 -0.024422 -0.02718183 0.03077349 -0.0240833 -0.02730097 0.03042388 -0.02474153 -0.02718183 0.03072755 -0.02446679 -0.02702349 0.03093183 -0.0240833 -0.0274 0.0286327 -0.02593771 -0.0274 0.02990484 -0.02473922 -0.02702349 0.03088141 -0.02450419 -0.02683388 0.03105097 -0.0240833 -0.02718183 0.03059233 -0.02482857 -0.02683388 0.03099718 -0.02453233 -0.02662252 0.03112493 -0.0240833 -0.02702349 0.030733 -0.02490126 -0.02683388 0.03083884 -0.02495595 -0.02662252 0.03106904 -0.0245498 -0.0264 0.03115 -0.0240833 -0.0264 0.0310934 -0.02455572 -0.02662252 0.03090454 -0.0249899 -0.0264 0.03092682 -0.02500141 -0.02662252 0.03064075 -0.02537868 -0.0264 0.03065968 -0.02539513 -0.02683388 0.03058493 -0.02533017 -0.02662252 0.0292266 -0.02671035 -0.0264 0.0292406 -0.02673122 -0.02683388 0.02918153 -0.02665172 -0.02662252 0.02757311 -0.02773583 -0.0264 0.02758413 -0.02775835 -0.0264 0.02575645 -0.02843548 -0.02702349 0.03049499 -0.02525203 -0.02702349 0.02910893 -0.02655726 -0.02718183 0.03037547 -0.02514817 -0.02702349 0.02748827 -0.02756237 -0.02730097 0.03023235 -0.0250238 -0.02718183 0.02901243 -0.02643172 -0.02737493 0.02876807 -0.02611381 -0.02730097 0.02889688 -0.02628139 -0.02737493 0.0272425 -0.02705995 -0.0274 0.02714371 -0.02686108 -0.02730097 0.02733538 -0.02724981 -0.02737493 0.02556057 -0.02768308 -0.0274 0.02550451 -0.02746774 -0.02718183 0.02741869 -0.02742014 -0.02730097 0.02561382 -0.02788763 -0.02718183 0.02566159 -0.02807112 -0.0274 0.02542154 -0.02748562 -0.0274 0.02550451 -0.02746774 -0.02737493 0.02545914 -0.02770494 -0.02730097 0.02549486 -0.02791326 -0.02737493 0.02535623 -0.02771812 -0.0274 0.02533736 -0.0274964 -0.02737493 0.02525256 -0.02772252 -0.0274 0.02525256 -0.0275 -0.02730097 0.02525256 -0.02793388 -0.02730097 0.02537415 -0.02792872 -0.02718183 0.02525256 -0.02812349 -0.02718183 0.02539022 -0.02811764 -0.02702349 0.02525256 -0.02828183 -0.02718183 0.02552689 -0.02810014 -0.02702349 0.02540365 -0.02827541 -0.02683388 0.02525256 -0.02840097 -0.02702349 0.02570148 -0.02822435 -0.02702349 0.02555365 -0.02825621 -0.02683388 0.0257315 -0.02833964 -0.02683388 0.02541375 -0.02839412 -0.02662252 0.02525256 -0.02847493 -0.02683388 0.02557378 -0.02837363 -0.02662252 0.02542002 -0.02846781 -0.0264 0.02525256 -0.0285 -0.0264 0.02542215 -0.0284928 -0.0264 0.02559052 -0.02847124 -0.02662252 0.02558628 -0.02844653 -0.02662252 0.02575013 -0.02841122 -0.02683388 0.02754061 -0.02766939 -0.005025072 0.02732252 -0.02541405 -0.005 0.0271 -0.02541405 -0.005 0.02707045 -0.02565536 -0.005025072 0.02725854 -0.02580435 -0.005099031 0.02753388 -0.02541405 -0.005 0.02698354 -0.0258824 -0.005099031 0.02745884 -0.02587183 -0.005218168 0.02772349 -0.02541405 -0.005025072 0.0270733 -0.0261538 -0.005 0.02684441 -0.02608176 -0.005218168 0.02763852 -0.02593237 -0.00537651 0.02788183 -0.02541405 -0.005025072 0.02678619 -0.02642583 -0.005 0.02666129 -0.02624166 -0.005099031 0.02724157 -0.0262817 -0.005099031 0.02690483 -0.02660076 -0.005218168 0.02739253 -0.02639643 -0.005218168 0.02701125 -0.02675768 -0.00537651 0.02778858 -0.02598292 -0.005566116 0.02800097 -0.02541405 -0.00537651 0.02751859 -0.02649225 -0.00537651 0.02710012 -0.02688872 -0.005566116 0.02790148 -0.02602096 -0.005777479 0.02807493 -0.02541405 -0.005566116 0.02761344 -0.02656434 -0.005566116 0.027167 -0.02698733 -0.006 0.0280409 -0.02589666 -0.006 0.0281 -0.02541405 -0.005777479 0.02767233 -0.02660909 -0.005777479 0.02720851 -0.02704854 -0.005777479 0.02797157 -0.02604457 -0.006 0.02786708 -0.02635075 -0.006 0.02758883 -0.02674948 -0.006 0.02722258 -0.02706928 -0.005025072 0.02678619 -0.01157417 -0.005 0.02666129 -0.01175833 -0.005 0.02684441 -0.01191823 -0.005025072 0.0270733 -0.01184619 -0.005099031 0.02690483 -0.01139924 -0.005 0.02698354 -0.0121176 -0.005099031 0.02724157 -0.0117183 -0.005218168 0.02701125 -0.01124232 -0.005025072 0.02725854 -0.01219565 -0.005 0.02707045 -0.01234465 -0.005218168 0.02739253 -0.01160357 -0.00537651 0.02710012 -0.01111127 -0.005025072 0.02732252 -0.01258595 -0.005 0.0271 -0.01258595 -0.005099031 0.02745884 -0.01212817 -0.005099031 0.02753388 -0.01258595 -0.005218168 0.02763852 -0.01206763 -0.005218168 0.02772349 -0.01258595 -0.00537651 0.02778858 -0.01201708 -0.00537651 0.02788183 -0.01258595 -0.00537651 0.02751859 -0.01150775 -0.005566116 0.027167 -0.01101268 -0.005566116 0.02790148 -0.01197905 -0.005566116 0.02800097 -0.01258595 -0.005566116 0.02761344 -0.01143566 -0.005777479 0.02720851 -0.01095146 -0.005777479 0.02797157 -0.01195543 -0.005777479 0.02807493 -0.01258595 -0.006 0.0281 -0.01258595 -0.006 0.0280409 -0.01210334 -0.006 0.02786708 -0.01164925 -0.005777479 0.02767233 -0.01139091 -0.006 0.02758883 -0.01125052 -0.006 0.02722258 -0.01093071 -0.006 0.02384266 -0.009512414 -0.006 0.02357003 -0.0095 -0.005777479 0.02357003 -0.009525072 -0.005777479 0.02384038 -0.009537382 -0.006 0.02411304 -0.009549554 -0.005566116 0.02357003 -0.009599031 -0.005777479 0.0241085 -0.009574211 -0.006 0.02437893 -0.009611111 -0.005566116 0.02383366 -0.009611036 -0.00537651 0.02357003 -0.009718169 -0.005566116 0.02409512 -0.009646949 -0.005777479 0.02437217 -0.009635255 -0.006 0.02537242 -0.009947896 -0.00537651 0.02382284 -0.00972968 -0.005218168 0.02357003 -0.00987651 -0.005218168 0.02380845 -0.009887366 -0.005099031 0.02357003 -0.01006612 -0.00537651 0.02407355 -0.009764118 -0.005566116 0.02435223 -0.009706474 -0.005099031 0.02379121 -0.01007619 -0.005025072 0.02357003 -0.01027748 -0.005218168 0.02404489 -0.009919845 -0.005 0.02357003 -0.0105 -0.005 0.02375178 -0.01050827 -0.005025072 0.023772 -0.01028668 -0.005 0.02393204 -0.01053304 -0.005099031 0.02401057 -0.01010632 -0.005025072 0.02397232 -0.01031419 -0.005 0.02410929 -0.01057407 -0.005025072 0.02416929 -0.01035979 -0.005099031 0.02422628 -0.01015626 -0.005218168 0.02427741 -0.009973677 -0.005 0.02410929 -0.01057407 -0.005 0.02485688 -0.01081964 -0.005025072 0.02508356 -0.01066972 -0.005 0.0255747 -0.01112936 -0.005099031 0.02516209 -0.01047349 -0.005025072 0.02595924 -0.01107608 -0.005 0.02666129 -0.01175833 -0.005025072 0.02678619 -0.01157417 -0.005099031 0.02605839 -0.01088942 -0.005099031 0.02690483 -0.01139924 -0.005218168 0.02523253 -0.01029746 -0.005218168 0.02614734 -0.01072198 -0.005218168 0.02701125 -0.01124232 -0.00537651 0.02710012 -0.01111127 -0.00537651 0.02622163 -0.01058214 -0.005566116 0.027167 -0.01101268 -0.00537651 0.0243201 -0.009821199 -0.00537651 0.02529136 -0.01015045 -0.005566116 0.02533562 -0.01003984 -0.005566116 0.02627752 -0.01047693 -0.005777479 0.02720851 -0.01095146 -0.005777479 0.0253631 -0.009971173 -0.005777479 0.02631221 -0.01041161 -0.006 0.02722258 -0.01093071 -0.006 0.02632397 -0.01038947 -0.0101 0.03645776 -0.02733679 -0.0101 0.0348 -0.0275 -0.01012507 0.0348 -0.02772252 -0.01012507 0.03650125 -0.027555 -0.01019903 0.0348 -0.02793388 -0.01012507 0.03813796 -0.02705856 -0.0101 0.03814661 -0.0268135 -0.01019903 0.03654248 -0.02776231 -0.01031817 0.0348 -0.02812349 -0.01019903 0.03821885 -0.02725383 -0.01031817 0.03657946 -0.02794827 -0.01047651 0.0348 -0.02828183 -0.01012507 0.03964597 -0.02625251 -0.0101 0.03960234 -0.0260134 -0.01047651 0.03661034 -0.02810357 -0.01066612 0.0348 -0.02840097 -0.01012507 0.04096776 -0.02516775 -0.0101 0.0409991 -0.02481566 -0.01019903 0.0397634 -0.02642825 -0.01019903 0.04111721 -0.02531721 -0.01012507 0.04205251 -0.02384597 -0.0101 0.04210184 -0.02335134 -0.01031817 0.04125128 -0.02545128 -0.01012507 0.04229294 -0.02346522 -0.01019903 0.04222825 -0.0239634 -0.01012507 0.04285856 -0.02233796 -0.0101 0.04286107 -0.02169637 -0.01019903 0.04247451 -0.02357342 -0.01031817 0.04238591 -0.02406874 -0.01031817 0.03986874 -0.0265859 -0.01047651 0.04136325 -0.02556324 -0.01031817 0.03829141 -0.02742901 -0.01047651 0.038352 -0.02757529 -0.01047651 0.03995671 -0.02671756 -0.01066612 0.03663358 -0.02822042 -0.01087748 0.0348 -0.02847493 -0.01066612 0.0383976 -0.02768536 -0.01087748 0.03664801 -0.02829296 -0.0111 0.0348 -0.0285 -0.0111 0.03665336 -0.02831746 -0.01087748 0.0384259 -0.02775369 -0.0111 0.03843549 -0.02777686 -0.01066612 0.0400229 -0.02681662 -0.01087748 0.04006398 -0.02687811 -0.0111 0.04007791 -0.02689896 -0.0111 0.04151751 -0.02571751 -0.01066612 0.04144749 -0.02564749 -0.01087748 0.04149979 -0.02569978 -0.01087748 0.04267811 -0.02426399 -0.0111 0.04269896 -0.02427792 -0.01047651 0.04251756 -0.02415671 -0.01066612 0.04261662 -0.0242229 -0.01087748 0.04293929 -0.02385039 -0.0111 0.04357686 -0.02263549 -0.01031817 0.04263739 -0.02367048 -0.01047651 0.04277341 -0.02375154 -0.01066612 0.04287575 -0.02381253 -0.01066612 0.04348536 -0.02259759 -0.01087748 0.04355369 -0.0226259 -0.01087748 0.04378558 -0.02200561 -0.0111 0.04411746 -0.02085336 -0.01047651 0.04337529 -0.022552 -0.01066612 0.04371543 -0.02198215 -0.01031817 0.04322901 -0.02249141 -0.01047651 0.04360245 -0.02194436 -0.01019903 0.04305383 -0.02241885 -0.01031817 0.04345229 -0.02189413 -0.01012507 0.04307203 -0.02176693 -0.01019903 0.04327248 -0.02183398 -0.01012507 0.04335492 -0.02070168 -0.0101 0.04324836 -0.01993597 -0.01019903 0.04356222 -0.02074291 -0.01047651 0.04390348 -0.02081079 -0.01031817 0.04374818 -0.0207799 -0.01019903 0.04367955 -0.01998374 -0.01012507 0.04346948 -0.01996047 -0.01012507 0.04352252 -0.019 -0.0101 0.04325198 -0.01809722 -0.01031817 0.04386801 -0.02000462 -0.01019903 0.04373388 -0.019 -0.01012507 0.04347318 -0.01807359 -0.01047651 0.04402539 -0.02002206 -0.01031817 0.04392349 -0.019 -0.01019903 0.04368335 -0.01805115 -0.01012507 0.04335492 -0.01729832 -0.0101 0.04289842 -0.016418 -0.01019903 0.04356222 -0.01725709 -0.01031817 0.04387189 -0.01803101 -0.01012507 0.04311036 -0.01635043 -0.01012507 0.04285856 -0.01566203 -0.0101 0.04222227 -0.01485737 -0.01019903 0.04331174 -0.01628622 -0.01019903 0.04305383 -0.01558115 -0.01012507 0.04241649 -0.01474896 -0.01031817 0.04349238 -0.01622863 -0.01012507 0.04205251 -0.01415403 -0.0101 0.0412632 -0.01347928 -0.01019903 0.04260106 -0.01464595 -0.01012507 0.04143234 -0.01333481 -0.01031817 0.04322901 -0.01550859 -0.01012507 0.04096776 -0.01283225 -0.0101 0.0399242 -0.01221811 -0.01019903 0.04159306 -0.01319753 -0.01019903 0.04222825 -0.0140366 -0.01019903 0.04111721 -0.01268279 -0.01031817 0.04238591 -0.01393126 -0.01031817 0.04173722 -0.01307438 -0.01031817 0.04276663 -0.01455355 -0.01047651 0.04251756 -0.01384329 -0.01047651 0.04337529 -0.015448 -0.01047651 0.04290489 -0.01447638 -0.01047651 0.04185762 -0.01297154 -0.01066612 0.04348536 -0.0154024 -0.01066612 0.04194821 -0.01289416 -0.01066612 0.04261662 -0.0137771 -0.01066612 0.04300892 -0.01441831 -0.01087748 0.04267811 -0.01373601 -0.01047651 0.04364324 -0.01618053 -0.01087748 0.04355369 -0.0153741 -0.01066612 0.04375675 -0.01614434 -0.01087748 0.0430735 -0.01438227 -0.0111 0.04269896 -0.01372208 -0.0111 0.04357686 -0.01536451 -0.01087748 0.04382722 -0.01612187 -0.0111 0.04411746 -0.01714664 -0.01087748 0.04200445 -0.01284612 -0.0111 0.04151751 -0.01228248 -0.01087748 0.04409287 -0.01715153 -0.01087748 0.04149979 -0.01230021 -0.01066612 0.04402033 -0.01716596 -0.01087748 0.04422134 -0.01799368 -0.0111 0.0443 -0.019 -0.01066612 0.0441478 -0.01800154 -0.01047651 0.04390348 -0.0171892 -0.01087748 0.04427493 -0.019 -0.01031817 0.04374818 -0.01722009 -0.01047651 0.04402933 -0.01801419 -0.01047651 0.04408183 -0.019 -0.01066612 0.04420097 -0.019 -0.01066612 0.0441438 -0.02003518 -0.01087748 0.04421731 -0.02004332 -0.01066612 0.04402033 -0.02083404 -0.01087748 0.04409287 -0.02084846 -0.01087748 0.04051188 -0.01144032 -0.0111 0.04007791 -0.01110104 -0.01066612 0.04144749 -0.01235251 -0.01087748 0.04006398 -0.01112188 -0.01047651 0.04136325 -0.01243675 -0.01066612 0.04046729 -0.01149933 -0.01031817 0.04125128 -0.01254872 -0.01047651 0.04039547 -0.01159439 -0.01066612 0.0400229 -0.01118338 -0.01019903 0.04018571 -0.011872 -0.01031817 0.04030002 -0.01172072 -0.01031817 0.03986874 -0.0114141 -0.01012507 0.0400583 -0.01204064 -0.01019903 0.0397634 -0.01157175 -0.01012507 0.03964597 -0.01174749 -0.0101 0.0383692 -0.0112856 -0.01047651 0.03995671 -0.01128244 -0.01012507 0.03846261 -0.01108371 -0.01047651 0.03869747 -0.0105761 -0.01031817 0.03863098 -0.0107198 -0.01019903 0.03855136 -0.01089188 -0.01019903 0.03677472 -0.01028709 -0.01012507 0.03672801 -0.01049323 -0.0101 0.03667882 -0.01071022 -0.0101 0.03573533 -0.01055153 -0.01012507 0.0348 -0.01027748 -0.0101 0.0348 -0.0105 -0.01012507 0.03575981 -0.01033045 -0.01019903 0.0348 -0.01006612 -0.01019903 0.03578306 -0.01012037 -0.01031817 0.0348 -0.00987651 -0.01031817 0.03580393 -0.009931914 -0.01047651 0.0348 -0.009718169 -0.01031817 0.03681663 -0.01010218 -0.01047651 0.03582135 -0.009774533 -0.01066612 0.0348 -0.009599031 -0.01047651 0.03685163 -0.009947752 -0.01066612 0.03583446 -0.009656119 -0.01087748 0.0348 -0.009525072 -0.01066612 0.03687797 -0.009831561 -0.01087748 0.0358426 -0.009582609 -0.0111 0.0348 -0.0095 -0.0111 0.03665336 -0.00968254 -0.01087748 0.03689431 -0.009759432 -0.0111 0.03843549 -0.01022314 -0.01066612 0.03874749 -0.01046797 -0.01087748 0.03877855 -0.01040085 -0.005025072 0.02678619 -0.02642583 -0.005 0.02666129 -0.02624166 -0.005 0.0259911 -0.02665402 -0.005025072 0.02595924 -0.02692392 -0.005 0.02529114 -0.02700222 -0.005099031 0.02605839 -0.02711058 -0.005099031 0.02690483 -0.02660076 -0.005025072 0.02508356 -0.02733027 -0.005 0.02410929 -0.02742592 -0.005025072 0.02416929 -0.0276402 -0.005218168 0.02614734 -0.02727802 -0.005218168 0.02701125 -0.02675768 -0.005099031 0.02516209 -0.02752651 -0.00537651 0.02622163 -0.02741786 -0.00537651 0.02710012 -0.02688872 -0.005218168 0.02523253 -0.02770254 -0.00537651 0.02529136 -0.02784955 -0.005566116 0.02627752 -0.02752307 -0.005566116 0.027167 -0.02698733 -0.005777479 0.02631221 -0.02758839 -0.005777479 0.02720851 -0.02704854 -0.006 0.02632397 -0.02761053 -0.006 0.02722258 -0.02706928 -0.005566116 0.02533562 -0.02796016 -0.005777479 0.0253631 -0.02802883 -0.006 0.02537242 -0.0280521 -0.006 0.02437893 -0.02838889 -0.005777479 0.02437217 -0.02836475 -0.006 0.02411304 -0.02845045 -0.005566116 0.02435223 -0.02829353 -0.005777479 0.0241085 -0.02842579 -0.006 0.02384266 -0.02848758 -0.00537651 0.0243201 -0.0281788 -0.005566116 0.02409512 -0.02835305 -0.005777479 0.02384038 -0.02846262 -0.006 0.02357003 -0.0285 -0.005777479 0.02357003 -0.02847493 -0.005566116 0.02383366 -0.02838896 -0.005566116 0.02357003 -0.02840097 -0.00537651 0.02407355 -0.02823588 -0.00537651 0.02382284 -0.02827032 -0.00537651 0.02357003 -0.02828183 -0.005218168 0.02380845 -0.02811263 -0.005218168 0.02357003 -0.02812349 -0.005218168 0.02427741 -0.02802632 -0.005218168 0.02404489 -0.02808016 -0.005099031 0.02422628 -0.02784374 -0.005099031 0.02401057 -0.02789368 -0.005099031 0.02379121 -0.02792381 -0.005099031 0.02357003 -0.02793388 -0.005025072 0.02397232 -0.02768581 -0.005 0.02410929 -0.02742592 -0.005 0.02393204 -0.02746696 -0.005 0.02375178 -0.02749172 -0.005025072 0.023772 -0.02771332 -0.005025072 0.02357003 -0.02772252 -0.005 0.02357003 -0.0275 -0.0233 0.029016 -0.02689872 -0.0233 0.0348 -0.0275 -0.0233 0.02807624 -0.0275 -0.0233 0.02988092 -0.02619402 -0.0233 0.03065968 -0.02539513 -0.0233 0.03092682 -0.02500141 -0.0233 0.0310934 -0.02455572 -0.0233 0.03115 -0.0240833 -0.0233 0.03446852 -0.02172995 -0.0233 0.03513148 -0.02172995 -0.0233 0.03656725 -0.02731426 -0.0233 0.03382483 -0.0215713 -0.0233 0.03577516 -0.0215713 -0.0233 0.03323782 -0.02126321 -0.0233 0.03825726 -0.02676514 -0.0233 0.0327416 -0.02082358 -0.0233 0.03636218 -0.02126321 -0.0233 0.03236499 -0.02027799 -0.0233 0.03979617 -0.02587664 -0.0233 0.03212991 -0.01965812 -0.0233 0.03685841 -0.02082358 -0.0233 0.03205 -0.019 -0.0233 0.04111673 -0.02468761 -0.0233 0.037235 -0.02027799 -0.0233 0.04216122 -0.02325 -0.0233 0.03747009 -0.01965812 -0.0233 0.04288398 -0.02162664 -0.0233 0.04325344 -0.01988849 -0.0233 0.03755 -0.019 -0.0233 0.04325344 -0.01811151 -0.0233 0.03747009 -0.01834188 -0.0233 0.04288398 -0.01637335 -0.0233 0.04216122 -0.01475 -0.0233 0.037235 -0.01772201 -0.0233 0.04111673 -0.01331239 -0.0233 0.03685841 -0.01717641 -0.0233 0.03979617 -0.01212336 -0.0233 0.03636218 -0.01673679 -0.0233 0.03825726 -0.01123486 -0.0233 0.03577516 -0.01642871 -0.0233 0.03656725 -0.01068575 -0.0233 0.03513148 -0.01627005 -0.0233 0.0348 -0.0105 -0.0233 0.03446852 -0.01627005 -0.0233 0.029016 -0.01110128 -0.0233 0.02807624 -0.0105 -0.0233 0.02988092 -0.01180598 -0.0233 0.03065968 -0.01260487 -0.0233 0.03092682 -0.01299859 -0.0233 0.0310934 -0.01344428 -0.0233 0.03115 -0.01391669 -0.0233 0.03382483 -0.01642871 -0.0233 0.03323782 -0.01673679 -0.0233 0.0327416 -0.01717641 -0.0233 0.03236499 -0.01772201 -0.0233 0.03212991 -0.01834188</float_array>
          <technique_common>
            <accessor count="4555" source="#verts-array-array" stride="3">
              <param type="float" name="X"/>
              <param type="float" name="Y"/>
              <param type="float" name="Z"/>
            </accessor>
          </technique_common>
        </source>
        <source id="normals-array">
          <float_array count="13665" id="normals-array-array">0 0 1 0 0 1 0 0 1 0 0 1 0 0 -1 0 0 -1 0 0 -1 0 0 -1 1 0 0 1 0 0 1 0 0 1 0 0 -1 0 0 -1 0 0 -1 0 0 -1 0 0 -1 0 0 -1 0 0 -1 0 0 -1 0 0 -0.9063132 0 -0.4226067 -0.9063132 0 -0.4226067 -0.9063132 0 -0.4226067 -0.9063132 0 -0.4226067 -0.7071142 0 -0.7070994 -0.7071142 0 -0.7070994 -0.7071142 0 -0.7070994 -0.7071142 0 -0.7070994 0.7070994 0 0.7071142 0.7070994 0 0.7071142 0.7070994 0 0.7071142 0.7070994 0 0.7071142 0.9063075 0 -0.4226189 0.9063075 0 -0.4226189 0.9063075 0 -0.4226189 0.9063075 0 -0.4226189 -0.9063132 0 0.4226067 -0.9063132 0 0.4226067 -0.9063132 0 0.4226067 -0.9063132 0 0.4226067 0.9063075 0 0.4226189 0.9063075 0 0.4226189 0.9063075 0 0.4226189 0.9063075 0 0.4226189 -0.1119641 0 -0.9937123 -0.1179657 -0.004733752 -0.9930064 -0.2199352 0.001481847 -0.9755134 -0.2413843 -0.006863827 -0.9704053 -0.4314174 0.004536782 -0.902141 -0.4699057 -0.01011247 -0.8826587 -0.6216032 0.006830541 -0.7833025 -0.6702267 -0.01245788 -0.7420519 -0.7807497 0.008253984 -0.6247894 -0.8302037 -0.01403212 -0.5572835 -0.900513 0.009131064 -0.4347332 -0.9360051 -0.008989583 -0.3518716 -0.9751985 0.01291133 -0.2209551 -0.9857113 -0.001412184 -0.1684374 -0.9946048 0.009996648 -0.1032543 -0.9962251 0 -0.08680721 0.9715506 0.1159447 0.2065095 0.9711143 0.1203086 0.2060651 0.9513815 0.2322305 0.2023421 0.9498382 0.2392429 0.2014207 0.8723626 0.4521718 0.1858067 0.8662943 0.4646449 0.1834101 0.7459866 0.6466463 0.1592249 0.7323888 0.6630762 0.1547147 0.57965 0.8053522 0.1241516 0.5559581 0.8229363 0.1169892 0.3819111 0.920523 0.08234843 0.347188 0.9349967 0.07239933 0.1636899 0.9858488 0.03616179 0.1182976 0.9926989 0.02355097 -0.06298352 0.997944 -0.01186452 -0.1174757 0.9927147 -0.02677797 -0.2867169 0.9561793 -0.0592841 -0.3464124 0.9350305 -0.07560704 -0.4955772 0.86237 -0.1035432 -0.5552064 0.8229959 -0.1200983 -0.6772605 0.7219024 -0.1420393 -0.7316753 0.6631561 -0.157719 -0.8225515 0.5417963 -0.1728175 -0.8656348 0.4647304 -0.186285 -0.9177845 0.3467291 -0.1935215 -0.9492849 0.2392424 -0.2040131 -0.9643866 0.1677789 -0.2044717 -0.9778985 -0.0005608999 -0.2090793 -0.978015 -0.0164671 -0.2078835 -0.9513838 -0.232428 -0.2021042 -0.949648 -0.239245 -0.2023129 -0.8725275 -0.452162 -0.1850549 -0.8660025 -0.4646484 -0.1847745 -0.7464821 -0.646378 -0.1579871 -0.7320146 -0.6630551 -0.156565 -0.5791309 -0.8060203 -0.1222234 -0.5554504 -0.8229531 -0.1192603 -0.3809832 -0.9211236 -0.07989465 -0.3466437 -0.934987 -0.07508332 -0.1621676 -0.986205 -0.03318574 -0.1176149 -0.9927033 -0.02658693 0.06585958 -0.9977094 0.01543943 0.1181985 -0.9927145 0.02338785 0.2894661 -0.9551041 0.06313116 0.3471977 -0.9350319 0.07189644 0.498339 -0.8602716 0.1076613 0.5560416 -0.8229956 0.1161723 0.6800899 -0.7183559 0.1464325 0.7325627 -0.6631382 0.1536219 0.8242427 -0.5377913 0.177213 0.8665307 -0.4647606 0.1819948 0.9184006 -0.3432549 0.1967646 0.9501882 -0.2392675 0.1997335 0.9645832 -0.1653376 0.2055302 0.9716057 -0.119178 0.2043991 0.974839 -0.08218049 0.2072085 0 0.07775002 0.9969729 0.00216145 0.1191252 0.9928769 -0.0004892399 0.1561887 0.9877271 0.002124395 0.239358 0.9709291 -0.0003428115 0.3111765 0.9503521 0.002051822 0.4647132 0.8854589 -8.068328e-07 0.4602162 0.8878069 -0.001107785 0.6161724 0.7876105 0.002073129 0.6631045 0.7485239 -0.001973307 0.7741773 0.6329658 0.002142552 0.8229699 0.568081 -0.00192282 0.8988591 0.4382335 0.002256118 0.9349983 0.3546451 -0.001975301 0.9742468 0.2254756 0.002324028 0.9927054 0.1205428 -0.001358183 0.9998329 0.0182276 0.001918365 0.9926709 -0.1208342 0.0002003334 0.9877172 -0.1562522 0.0001526628 0.9511822 -0.3086298 0.001915602 0.9351188 -0.3543291 -0.0008158118 0.888719 -0.4584516 0.001887282 0.8228086 -0.5683155 -0.001044516 0.7890264 -0.6143584 0.00132313 0.6630899 -0.7485386 -0.001122143 0.6351998 -0.772347 0.001174577 0.4646749 -0.8854806 -0.0007084384 0.4400854 -0.8979556 0.0007574164 0.2390987 -0.970995 -0.0001883446 0.2264563 -0.9740213 0.001299088 0.000574066 -0.999999 0 0.01882132 -0.9998229 -0.000485647 -0.1558161 -0.987786 0.002120844 -0.239363 -0.9709278 -0.000328227 -0.3105321 -0.9505628 0.002049247 -0.4647081 -0.8854615 3.128958e-07 -0.4595686 -0.8881423 -0.001123295 -0.6158118 -0.7878925 0.002076737 -0.6631061 -0.7485225 -0.001981211 -0.7741006 -0.6330595 0.002142021 -0.8229701 -0.5680806 -0.001924318 -0.898902 -0.4381455 0.002255005 -0.9349983 -0.3546451 -0.001973015 -0.974271 -0.2253709 0.002323965 -0.9927055 -0.1205421 -0.00135503 -0.9998327 -0.01824225 0.001922998 -0.9926713 0.1208303 0.0001983212 -0.9877466 0.156066 0.0001473469 -0.951288 0.3083037 0.001919552 -0.9351177 0.354332 -0.0008139342 -0.8889179 0.4580658 0.001880115 -0.8228062 0.568319 -0.00103359 -0.7893304 0.6139678 0.001306953 -0.6630884 0.74854 -0.001109576 -0.6356293 0.7719936 0.001158321 -0.4646773 0.8854794 -0.0006988967 -0.4405084 0.8977482 0.0007462169 -0.2390996 0.9709948 -0.0001841539 -0.2267015 0.9739643 0.0004040768 -0.1202691 0.9927412 0 -0.1150744 0.9933569 -0.9743963 0.08749511 0.2071144 -0.9707697 0.1193097 0.2082581 -0.963011 0.175964 0.2040747 -0.9493144 0.2391625 0.2039695 -0.9171918 0.3480876 0.1938925 -0.8655674 0.4649939 0.18594 -0.8453437 0.5030332 0.1798656 -0.7319569 0.662885 0.1575518 -0.7548077 0.6359655 0.1606649 -0.6347354 0.7610783 0.1336818 -0.5551545 0.8229803 0.1204449 -0.480288 0.8712878 0.1009008 -0.3460901 0.9351716 0.07533758 -0.3101632 0.948406 0.06576331 -0.1178372 0.9926799 0.02647509 -0.1294766 0.9911999 0.02754385 0.06032655 0.9980858 -0.01361672 0.11815 0.9927285 -0.02303578 0.2459409 0.967801 -0.05361171 0.3473756 0.9349908 -0.07157055 0.4196929 0.903168 -0.09025241 0.5562648 0.8227779 -0.1166447 0.5882245 0.7988287 -0.1259554 0.7323469 0.6631483 -0.1546041 0.7486424 0.6433881 -0.159957 0.8663575 0.4645755 -0.1832875 0.8729536 0.451014 -0.1858453 0.9498325 0.2391427 -0.2015665 0.9506519 0.2354145 -0.2020915 0.9784002 0.0007576437 -0.2067183 0.9776925 0.03049966 -0.207815 0.9712002 -0.1191016 -0.2063613 0.9500851 -0.2395448 -0.1998916 0.9459377 -0.2544911 -0.2010874 0.8895528 -0.4155989 -0.1896664 0.8666295 -0.4645145 -0.1821526 0.790521 -0.5884288 -0.1697882 0.7326325 -0.6631229 -0.1533546 0.6448179 -0.7515624 -0.1391541 0.556122 -0.8229893 -0.1158314 0.477635 -0.8725258 -0.1027787 0.3468574 -0.9351532 -0.07196101 0.3086894 -0.9488812 -0.06584262 0.1183889 -0.9926841 -0.02371497 0.1275533 -0.9914615 -0.02709691 -0.06207755 -0.9979938 0.01243911 -0.1173008 -0.9927295 0.0269927 -0.2474443 -0.9675444 0.05127487 -0.3464502 -0.9349922 0.07590654 -0.420692 -0.9028889 0.08837315 -0.5556111 -0.8227801 0.1197044 -0.5890224 -0.7985056 0.1242635 -0.7319159 -0.6631447 0.1566469 -0.7491871 -0.6431365 0.158411 -0.866007 -0.4645736 0.184941 -0.8730982 -0.4509626 0.1852898 -0.9496996 -0.2391426 0.2021916 -0.9506602 -0.2354206 0.2020454 -0.9710093 -0.1205052 0.2064448 -0.9710915 -0.1198978 0.2064119 0 0.1159452 -0.9932556 -0.0003439685 0.1203087 -0.9927365 0.000117105 0.232231 -0.9726607 -0.0004632809 0.2392426 -0.9709597 0.0003719543 0.4521718 -0.8919308 -0.0007105348 0.4646446 -0.885497 0.0006460761 0.6466458 -0.7627901 -0.0009383908 0.6630761 -0.7485514 0.0009226407 0.8053519 -0.5927963 -0.001157509 0.8229362 -0.5681326 0.001036783 0.9173581 -0.3980617 -0.001676274 0.9349276 -0.3548345 0.001284002 0.9798832 -0.1995675 -0.002205224 0.9926944 -0.1206353 0.001840144 0.9999726 0.007174293 -0.002355587 0.992708 0.1205211 0.002129088 0.9729703 0.2309206 -0.002350304 0.9350071 0.3546211 0.002100606 0.8929788 0.4500938 -0.002299648 0.8229733 0.5680754 0.002057357 0.7647449 0.6443299 -0.002259178 0.6631134 0.7485156 0.002005432 0.5940758 0.8044065 -0.002175805 0.464683 0.8854744 0.001482226 0.3986123 0.9171183 -0.001766272 0.239082 0.9709978 0.0004906195 0.1993009 0.9799382 -0.0008625055 -0.0003467197 0.9999996 0 -0.008510229 0.9999638 0.0001159774 -0.2324294 0.9726133 -0.000448914 -0.2392447 0.9709592 0.000397517 -0.4521666 0.8919334 -0.0006845011 -0.4646487 0.8854948 0.0006675126 -0.6463817 0.7630139 -0.0009491527 -0.6630555 0.7485697 0.000855271 -0.8060233 0.5918832 -0.001169613 -0.822953 0.5681082 0.0009515677 -0.9177927 0.3970588 -0.001703586 -0.9349127 0.3548736 0.001215072 -0.980048 0.1987572 -0.002253762 -0.992698 0.1206048 0.001798184 -0.9999655 -0.008109803 -0.002352903 -0.9927079 -0.1205221 0.002121041 -0.9730617 -0.2305351 -0.002345117 -0.9350073 -0.3546206 0.002090422 -0.893371 -0.449315 -0.002285713 -0.8229699 -0.5680804 0.002052439 -0.7655344 -0.6433916 -0.002189757 -0.6630909 -0.7485357 0.001994805 -0.5964891 -0.8026187 -0.00209282 -0.4647025 -0.8854644 0.001458954 -0.4020637 -0.9156105 -0.001715546 -0.2390823 -0.9709978 0.0004788543 -0.2011874 -0.9795527 -0.001330314 -0.1196598 -0.9928141 0 -0.1001618 -0.9949712 -0.9927088 0 -0.120537 -0.9927088 0 -0.120537 -0.9709418 0 -0.2393158 -0.9709418 0 -0.2393158 -0.8854558 0 -0.4647237 -0.8854558 0 -0.4647237 -0.7485113 0 -0.663122 -0.7485113 0 -0.663122 -0.5680643 0 -0.8229842 -0.5680643 0 -0.8229842 -0.3546048 0 -0.9350163 -0.3546048 0 -0.9350163 -0.1205386 0 -0.9927086 -0.1205386 0 -0.9927086 0.1205386 0 -0.9927086 0.1205386 0 -0.9927086 0.3546048 0 -0.9350163 0.3546048 0 -0.9350163 0.5680643 0 -0.8229842 0.5680643 0 -0.8229842 0.7485113 0 -0.663122 0.7485113 0 -0.663122 0.8854558 0 -0.4647237 0.8854558 0 -0.4647237 0.9709418 0 -0.2393158 0.9709418 0 -0.2393158 1 0 8.899764e-18 1 0 8.899764e-18 0.9709418 0 0.2393158 0.9709418 0 0.2393158 0.8854565 0 0.4647224 0.8854565 0 0.4647224 0.7485104 0 0.6631231 0.7485104 0 0.6631231 0.5680638 0 0.8229845 0.5680638 0 0.8229845 0.3546045 0 0.9350164 0.3546045 0 0.9350164 0.1205361 0 0.9927089 0.1205361 0 0.9927089 -0.1205361 0 0.9927089 -0.1205361 0 0.9927089 -0.3546045 0 0.9350164 -0.3546045 0 0.9350164 -0.5680638 0 0.8229845 -0.5680638 0 0.8229845 -0.7485104 0 0.6631231 -0.7485104 0 0.6631231 -0.8854565 0 0.4647224 -0.8854565 0 0.4647224 -0.9709418 0 0.2393158 -0.9709418 0 0.2393158 -0.9927088 0 0.120537 -0.9927088 0 0.120537 0.7069839 0.7069818 -0.01872091 0.707726 0.7062243 -0.01926609 0.7062596 0.7070453 -0.03583847 0.7068341 0.7061685 -0.04137055 0.7035699 0.7068914 -0.07275929 0.7032863 0.7060697 -0.08278828 0.7036528 0.7034115 -0.1004245 0.7059832 0.7006864 -0.1030838 -0.7060632 0.7071712 0.03719659 -0.7066228 0.7066207 0.03703253 -0.7034221 0.7071793 0.07137856 -0.7022144 0.7076736 0.07805809 -0.6921344 0.7075063 0.1427752 -0.6895363 0.7073755 0.1554338 -0.6731044 0.7082571 0.2128436 -0.6689282 0.7066158 0.2307146 -0.6465778 0.7093009 0.2807659 -0.6406028 0.7055294 0.303078 -0.6128788 0.7105226 0.3457415 -0.6048494 0.7042498 0.3717383 -0.5724181 0.7118174 0.4070055 -0.5620539 0.7028823 0.4359494 -0.5256701 0.7131079 0.4638406 -0.5126831 0.7015163 0.495006 -0.4731745 0.714334 0.5155897 -0.4572916 0.7002163 0.5482531 -0.4155249 0.7154533 0.5616633 -0.3965099 0.6990331 0.5950905 -0.3533633 0.7164368 0.6015419 -0.3310396 0.6980038 0.634983 -0.287378 0.7172616 0.6347832 -0.2616472 0.6971526 0.6674721 -0.2182869 0.717917 0.6610189 -0.1891457 0.6965018 0.6921771 -0.1468442 0.7183891 0.6799661 -0.1143961 0.6960583 0.7088134 -0.07381906 0.718674 0.6914177 -0.03828402 0.6958355 0.7171801 -3.225991e-16 0.7187698 0.6952481 0.03828402 0.6958355 0.7171801 0.07381906 0.718674 0.6914177 0.1143961 0.6960583 0.7088134 0.1468442 0.7183891 0.6799661 0.1891457 0.6965018 0.6921771 0.2182869 0.717917 0.6610189 0.2616472 0.6971526 0.6674721 0.287378 0.7172616 0.6347832 0.3310396 0.6980038 0.634983 0.3533633 0.7164368 0.6015419 0.3965099 0.6990331 0.5950905 0.4155249 0.7154533 0.5616633 0.4572916 0.7002163 0.5482531 0.4731745 0.714334 0.5155897 0.5126831 0.7015163 0.495006 0.5256701 0.7131079 0.4638406 0.5620539 0.7028823 0.4359494 0.5724181 0.7118174 0.4070055 0.6048494 0.7042498 0.3717383 0.6128788 0.7105226 0.3457415 0.6406028 0.7055294 0.303078 0.6465778 0.7093009 0.2807659 0.6689282 0.7066158 0.2307146 0.6731044 0.7082571 0.2128436 0.6895363 0.7073755 0.1554338 0.6921344 0.7075063 0.1427752 0.7022144 0.7076736 0.07805809 0.7034221 0.7071793 0.07137856 0.7060632 0.7071712 0.03719659 0.7066228 0.7066207 0.03703253 0.1205362 0 0.9927089 0.1205362 0 0.9927089 0.2393153 0 0.9709419 0.2393153 0 0.9709419 0.4647234 0 0.8854559 0.4647234 0 0.8854559 0.663123 0 0.7485104 0.663123 0 0.7485104 0.8229839 0 0.5680648 0.8229839 0 0.5680648 0.9350162 0 0.3546049 0.9350162 0 0.3546049 0.9927089 0 0.1205365 0.9927089 0 0.1205365 0.9927089 0 -0.1205364 0.9927089 0 -0.1205364 0.9350161 0 -0.3546053 0.9350161 0 -0.3546053 0.822984 0 -0.5680646 0.822984 0 -0.5680646 0.6631229 0 -0.7485105 0.6631229 0 -0.7485105 0.464723 0 -0.8854561 0.464723 0 -0.8854561 0.2393158 0 -0.9709418 0.2393158 0 -0.9709418 0.1205362 0 -0.9927089 0.1205362 0 -0.9927089 -0.0003814093 0.9999999 -6.725264e-05 -0.000467745 0.9999999 1.94419e-05 -0.0004721837 0.9999999 5.148979e-05 -0.0007178087 0.9999997 -0.0001764881 -0.0003740401 0.9999999 1.343257e-05 -0.0005065103 0.9999998 -0.0002233564 0 1 0 0 1 0 0 1 0 0.0005559896 0.9999998 -3.66771e-05 0 1 0 0 1 0 0.0003585044 0.9999999 0.0001408058 0.0007390735 0.9999997 8.090956e-05 0.0004304449 0.9999999 0.0002094675 0.0004335407 0.9999999 0.0001800563 0.0003812389 0.9999999 6.722288e-05 -0.6968095 -0.6918706 -0.1891338 -0.6755421 -0.7333821 -0.07611578 -0.6807477 -0.7181433 -0.1444052 -0.6436626 -0.6870547 -0.3371266 -0.6061478 -0.7138925 -0.3506314 -0.7143384 -0.1282739 -0.6879437 -0.3506312 -0.7138926 -0.6061477 -0.6879432 -0.1282722 -0.7143391 -0.4131549 -0.8115092 -0.4132262 -0.3371239 -0.6870568 -0.6436617 -0.4140107 -0.810672 -0.4140122 -0.1444064 -0.7181454 -0.6807452 -0.4458016 -0.7762264 -0.4457954 -0.1891311 -0.6918761 -0.6968048 -0.07611595 -0.7333837 -0.6755403 -0.4442644 -0.7778425 -0.4445111 -0.4420438 -0.7805612 -0.4419519 -0.440137 -0.7826236 -0.4402043 -0.4391395 -0.7838167 -0.4390762 -0.4378014 -0.7852493 -0.437851 -0.4371186 -0.7860608 -0.4370764 -0.4360613 -0.7871846 -0.4361088 -0.4353923 -0.7879774 -0.4353448 -0.4344981 -0.7889232 -0.4345246 -0.4354107 -0.7879546 0.4353677 -0.4344662 -0.7889536 0.4345013 -0.4360463 -0.7872014 0.4360935 -0.4371147 -0.7860658 0.4370712 -0.4378093 -0.7852403 0.4378592 -0.4391367 -0.7838191 0.4390746 -0.4401347 -0.7826254 0.4402033 -0.442045 -0.7805592 0.4419542 -0.4442633 -0.7778434 0.4445107 -0.445805 -0.7762225 0.4457987 -0.4237451 -0.8005118 0.4238171 -0.4244408 -0.7998122 0.4244413 -0.5843873 -0.7115703 0.3900757 -0.3900754 -0.7115711 0.5843866 -0.5852251 -0.5142691 0.6269281 -0.6269284 -0.5142665 0.5852271 -0.3071715 -0.7090253 0.6347668 -0.6347682 -0.7090233 0.3071729 -0.1921882 -0.7103095 0.6771441 -0.6771469 -0.7103069 0.1921876 -0.1353999 -0.6949277 0.7062169 -0.0829068 -0.6720936 0.7358102 -0.7062185 -0.694926 0.1354004 -0.7358114 -0.6720923 0.08290655 0.4354041 -0.7879632 -0.4353587 0.434463 -0.7889586 -0.4344954 0.4360523 -0.7871952 -0.4360988 0.4371145 -0.7860661 -0.4370708 0.437807 -0.785243 -0.4378566 0.4391352 -0.7838211 -0.4390726 0.4401355 -0.7826245 -0.440204 0.4420476 -0.7805565 -0.4419564 0.4442633 -0.7778438 -0.44451 0.4458036 -0.7762244 -0.4457969 0.4237454 -0.8005118 -0.4238169 0.4244398 -0.7998133 -0.4244403 0.5843873 -0.7115705 -0.3900755 0.3900752 -0.71157 -0.5843881 0.5852265 -0.5142654 -0.6269299 0.6269289 -0.514268 -0.5852253 0.3071714 -0.7090237 -0.6347686 0.6347679 -0.709024 -0.307172 0.1921877 -0.7103074 -0.6771465 0.677147 -0.7103067 -0.1921883 0.1354003 -0.6949263 -0.7062183 0.08290653 -0.6720925 -0.7358113 0.7062196 -0.6949249 -0.1354003 0.7358129 -0.6720907 -0.08290627 0.6968116 -0.6918682 0.1891349 0.675544 -0.7333803 0.07611559 0.6807494 -0.7181415 0.1444056 0.6436633 -0.6870544 0.337126 0.6061484 -0.7138921 0.3506311 0.7143394 -0.1282676 0.6879437 0.3506312 -0.7138926 0.6061478 0.6879437 -0.1282686 0.7143393 0.4131547 -0.8115097 0.4132255 0.3371251 -0.6870557 0.6436623 0.4140117 -0.8106715 0.4140121 0.1444059 -0.7181438 0.680747 0.445807 -0.7762205 0.4458002 0.1891338 -0.6918717 0.6968084 0.07611573 -0.7333825 0.6755416 0.4442634 -0.7778433 0.4445107 0.4420489 -0.7805545 0.4419586 0.4401376 -0.7826218 0.4402068 0.439132 -0.7838246 0.4390695 0.4378093 -0.7852408 0.4378584 0.4371106 -0.7860712 0.4370657 0.4360372 -0.787212 0.4360834 0.4354225 -0.7879404 0.4353816 0.4344311 -0.788989 0.4344721 0.2079137 5.943258e-07 0.9781472 0.207914 -2.092043e-06 0.9781471 0.2079137 -5.185271e-06 0.9781472 0.2079128 2.472192e-06 0.9781474 0.2079119 -3.629937e-06 0.9781476 0.2079126 5.059577e-06 0.9781474 0.2079117 5.684682e-06 0.9781476 0.2079115 3.383358e-06 0.9781476 0.2079114 1.653622e-06 0.9781477 0.2079114 2.519643e-06 0.9781477 0.2079113 -4.969783e-06 0.9781477 0.2079118 -1.499079e-06 0.9781476 0.2079118 2.479735e-07 0.9781476 0.2079118 2.47978e-07 0.9781476 0.2079118 4.579574e-06 0.9781476 0.2079113 1.108876e-06 0.9781477 0.2079114 -2.427802e-06 0.9781477 0.2079114 -1.561781e-06 0.9781477 0.2079115 -3.427339e-06 0.9781477 0.2079117 -5.728662e-06 0.9781476 0.2079119 3.629939e-06 0.9781476 0.2079126 -5.059579e-06 0.9781474 0.2079128 -2.470476e-06 0.9781474 0.2079137 5.187004e-06 0.9781472 0.2079137 5.9432e-07 0.9781472 0.207914 -2.092027e-06 0.9781471 -0.9937551 0.0006020445 0.1115816 -0.9983633 0 0.05719094 -0.9911547 -1.196802e-05 0.1327113 -0.9749069 0.0004584047 0.2226125 -0.9634438 4.372856e-05 0.2679107 -0.9045113 -0.000126481 0.4264497 -0.9009999 0.0004222757 0.4338192 -0.8118252 -0.0003213072 0.5839005 -0.781839 0.0005551342 0.6234801 -0.6912371 -0.0003851242 0.7226279 -0.6234781 0.0005569845 0.7818406 -0.5441369 -0.0003380731 0.8389964 -0.4338362 0.0004555291 0.9009916 -0.3764305 -0.000225628 0.9264448 -0.2224763 0.0003012341 0.974938 -0.1920537 -7.812825e-05 0.9813844 -0.1118147 0.0002279402 0.993729 -0.09936496 0 0.9950511 -0.1117218 0.0003791143 -0.9937394 -0.08852839 0 -0.9960737 -0.1720491 -0.0001170268 -0.9850884 -0.2224676 0.0004680661 -0.97494 -0.3474706 -0.000364274 -0.9376908 -0.4338749 0.0005644782 -0.9009729 -0.5301994 -0.0005531922 -0.8478728 -0.6235001 0.0005543322 -0.781823 -0.7092243 -0.0006254863 -0.7049826 -0.7818526 0.0004813402 -0.6234632 -0.8585135 -0.0005837657 -0.5127907 -0.9009951 0.0003372121 -0.433829 -0.9590357 -0.0003968678 -0.283285 -0.9749453 0.0001217541 -0.2224446 -0.9923664 -0.0002441986 -0.1233242 -0.9937121 0 -0.1119652 0.9937126 0 -0.1119612 0.9937126 0 -0.1119612 0.9749279 0 -0.2225209 0.9749279 0 -0.2225209 0.9009676 0 -0.4338864 0.9009676 0 -0.4338864 0.7818322 0 -0.6234889 0.7818322 0 -0.6234889 0.6234905 0 -0.781831 0.6234905 0 -0.781831 0.4338821 0 -0.9009696 0.4338821 0 -0.9009696 0.2225206 0 -0.974928 0.2225206 0 -0.974928 0.111964 0 -0.9937123 0.111964 0 -0.9937123 0.1119604 0 0.9937127 0.1119604 0 0.9937127 0.2225205 0 0.974928 0.2225205 0 0.974928 0.4338837 0 0.9009689 0.4338837 0 0.9009689 0.6234885 0 0.7818325 0.6234885 0 0.7818325 0.7818306 0 0.6234909 0.7818306 0 0.6234909 0.9009676 0 0.4338864 0.9009676 0 0.4338864 0.9749279 0 0.2225209 0.9749279 0 0.2225209 0.9937126 0 0.1119612 0.9937126 0 0.1119612 -0.07661407 0 -0.9970608 -0.07661407 0 -0.9970608 -0.1527717 0 -0.9882615 -0.1527717 0 -0.9882615 -0.3019584 0 -0.9533211 -0.3019584 0 -0.9533211 -0.3741103 0 -0.9273842 -0.3741103 0 -0.9273842 -0.08091116 0 -0.9967213 -0.08091116 0 -0.9967213 -0.1612905 0 -0.986907 -0.1612905 0 -0.986907 -0.3183582 0 -0.9479705 -0.3183582 0 -0.9479705 -0.3940165 0 -0.9191033 -0.3940165 0 -0.9191033 -0.8987213 0 -0.4385202 -0.8987213 0 -0.4385202 -0.9347797 0 -0.355228 -0.9347797 0 -0.355228 -0.9835601 0 -0.1805812 -0.9835601 0 -0.1805812 -0.9958814 0 -0.09066541 -0.9958814 0 -0.09066541 1 0 0 1 0 0 1 0 0 1 0 0 1 0 0 1 0 0 1 0 0 1 0 0 1 0 0 1 0 0 0.2113424 0.6680604 -0.7134631 0.2185666 0.657521 -0.7210373 0.1698704 0.7038252 -0.6897638 0.1438385 0.6976706 -0.7018306 0.1003498 0.7063025 -0.7007615 0.08232218 0.7045507 -0.7048627 0.02369242 0.7052917 -0.7085212 0.02311879 0.7071027 -0.7067328 -0.03573188 0.7047348 -0.7085704 -0.05329409 0.7062048 -0.705999 -0.1008463 0.7004216 -0.7065689 -0.1273348 0.7088004 -0.6938212 -0.1688175 0.6963543 -0.697561 -0.1968895 0.711203 -0.6748517 -0.2326358 0.6871676 -0.6882451 -0.2391379 0.6795672 -0.6935427 0.00051496 0.7159986 -0.6981016 0 0.6994233 -0.7147076 0.0001840583 0.7159093 -0.6981933 0.0004823248 0.7482278 -0.6634417 9.360058e-05 0.7345581 -0.6785458 1.181817e-05 0.7572949 -0.653073 -0.0001163413 0.7895368 -0.6137032 0.000268351 0.8072425 -0.5902198 -0.0006824585 0.8344865 -0.551028 0.0004341761 0.8357655 -0.5490864 0 0.8339929 -0.5517752 -0.0006813969 0.8558894 -0.5171584 -0.0009159074 0.8596556 -0.5108732 -0.001164384 0.863252 -0.5047719 -0.001208336 0.8686793 -0.4953733 -0.0007561438 0.8904126 -0.4551536 -0.000538274 0.8762212 -0.4819088 -0.0001952107 0.8844 -0.4667297 0.0001076894 0.9048574 -0.4257148 0.0001603121 0.9447836 -0.3276948 -2.030968e-05 0.9406796 -0.3392963 4.519146e-05 0.9757816 -0.2187471 0.0001227414 0.9799846 -0.1990732 -9.222334e-05 0.9955504 -0.09423072 0.0002903643 0.9977664 -0.06679958 -0.0002321433 0.9995395 0.0303422 0.0006271661 0.9977811 0.06657629 -0.0004659909 0.9884654 0.1514461 0.0009764448 0.9800094 0.198949 -0.000862457 0.9625767 0.271008 0.001300663 0.9448044 0.3276324 -0.0009048782 0.9238688 0.3827083 0.0003593579 0.9058315 0.423638 -0.0007379391 0.8825086 0.4702956 -0.0006522045 0.8889715 0.457962 -0.0003631473 0.8846485 0.4662583 -0.0001268738 0.8792894 0.4762878 -1.287804e-05 0.8737285 0.4864139 -1.795779e-05 0.8686576 0.4954129 -9.950565e-05 0.8643194 0.5029432 -0.001285613 0.8592376 0.5115751 -0.0004281145 0.8440647 0.5362411 -0.001134466 0.8550323 0.5185734 0.0007050684 0.8365166 0.5479411 0.0005255133 0.8073288 0.5901016 0 0.8339934 0.5517745 -2.494439e-05 0.8131289 0.5820837 8.51015e-05 0.7894356 0.6138334 0.0008997191 0.748212 0.6634591 -0.0001148224 0.7598756 0.6500685 0.0002542168 0.7287929 0.6847341 0.001418511 0.710678 0.7035161 0.0009015156 0.7158231 0.6982811 0 0.6898313 0.7239701 0 -1 0 0 -1 0 0 -1 0 0 -1 0 0 -1 0 0 -1 0 0 -1 0 0 -1 0 0 -1 0 0 -1 0 0 -1 0 0 -1 0 0 -1 0 0 -1 0 0 -1 0 0 -1 0 0 -1 0 0 -1 0 0 -1 0 0 -1 0 0 -1 0 0 -1 0 0 -1 0 0 -1 0 0 -1 0 0 -1 0 0 -1 0 0 -1 0 0 -1 0 0 -1 0 0 -1 0 0 -1 0 0 -1 0 0 -1 0 0 -1 0 0 -1 0 0 -1 0 0 -1 0 0 -1 0 0 -1 0 0 -1 0 0 -1 0 0 -1 0 0.003265304 -0.9999919 -0.00237 0.003217873 -0.9999921 -0.002336615 0.00133399 -0.9999987 -0.0009586824 0.001256545 -0.9999989 -0.0007782946 0.0003790817 -0.9999999 -0.0002252131 0.000295487 -0.9999999 -0.0001373425 2.681207e-05 -1 -1.248785e-05 1.599561e-05 -1 -5.150264e-06 4.49419e-07 -1 -1.350563e-07 0 -1 0 0 -1 0 3.861026e-06 -1 -7.193299e-07 0 -1 0 0.0003357852 -0.9999999 -4.497134e-05 0.00038774 -0.9999999 -3.753279e-05 0.003939127 -0.9999922 -1.387101e-05 0.004010089 -0.999992 -1.513867e-05 0.001227337 -0.9999992 7.404924e-05 0.0007162129 -0.9999997 0.0001263886 9.552283e-05 -1 1.594714e-05 3.011205e-05 -1 9.041918e-06 6.333312e-07 -1 1.967743e-07 0 -1 0 0 -1 0 0 -1 0 0 -1 0 0 -1 0 0 -1 0 0 -1 0 0 -1 0 0 -1 0 0 -1 0 0 -1 0 0 -1 0 0 -1 0 0 -1 0 0 -1 0 0 -1 0 0 -1 0 0 -1 0 0 -1 0 0 -1 0 0 -1 0 0 -1 0 0 -1 0 0 -1 0 0 -1 0 0 -1 0 0 -1 0 0 -1 0 0 -1 0 0 -1 0 0 -1 0 -4.785681e-08 -1 2.997884e-07 -4.02753e-06 -1 2.225479e-05 -1.996398e-05 -1 7.188445e-05 -0.001032477 -0.9999922 0.003817504 -0.001055929 -0.9999918 0.003904298 -0.002270507 -0.9999919 0.003337967 -0.002235766 -0.9999921 0.003288089 -0.000747507 -0.9999991 0.001130992 -0.0005625235 -0.9999996 0.0006777022 -0.0001110846 -1 0.0001359134 -4.885675e-05 -1 4.620573e-05 -1.107418e-06 -1 1.025601e-06 0 -1 0 0 -1 0 0 -1 0 0 -1 0 0 -1 0 0 -1 0 0 -1 0 0 -1 0 0 -1 0 -8.25411e-07 -1 2.514429e-07 -4.824887e-05 -1 1.39448e-05 -8.921632e-05 -1 1.505118e-05 -0.0008672155 -0.9999996 0.0001434715 -0.001101912 -0.9999994 7.652267e-05 -0.00394022 -0.9999922 4.91802e-06 -0.00400005 -0.999992 5.547482e-06 -0.001358483 -0.9999991 -8.213519e-05 -0.0008624092 -0.9999996 -0.0001476839 -0.000173763 -1 -2.835476e-05 -6.395719e-05 -1 -1.909368e-05 -1.441867e-06 -1 -4.468677e-07 0 -1 0 0 -1 0 0 -1 0 0 -1 0 0 -1 0 0 -1 0 0 -1 0 0 -1 0 0 -1 0 -6.303049e-07 -1 -5.892752e-07 -3.645798e-05 -1 -3.509413e-05 -5.740568e-05 -1 -6.94471e-05 -0.0005609841 -0.9999996 -0.0006844206 -0.0006149163 -0.9999994 -0.0009113441 -0.002241206 -0.9999921 -0.003277493 -0.002280227 -0.9999918 -0.003333435 0.0002666065 -0.9999996 -0.0008927102 0.000261652 -0.9999996 -0.0008766981 6.998008e-05 -1 -0.0002413107 7.4377e-05 -1 -0.0001919241 7.158413e-06 -1 -1.831274e-05 5.204671e-06 -1 -9.560349e-06 1.55233e-07 -1 -2.727862e-07 0 -1 0 8.023447e-08 -1 -1.414755e-07 7.826627e-06 -1 -1.153671e-05 2.083538e-05 -1 -3.073059e-05 0.001133137 -0.9999981 -0.001611116 0.001163171 -0.999998 -0.001653842 -0.1736463 -4.453865e-06 0.9848081 -0.1736462 -4.481927e-06 0.9848081 -0.1736464 -4.198709e-06 0.9848081 -0.1736497 2.855218e-06 0.9848075 -0.17365 3.401434e-06 0.9848074 -0.1736562 1.07959e-05 0.9848063 -0.1736559 7.938468e-06 0.9848064 -0.173646 -1.099851e-06 0.9848081 -0.1736454 -2.300453e-06 0.9848082 -0.1736548 2.394596e-06 0.9848066 -0.1736582 5.501578e-06 0.984806 -0.1736588 5.187185e-06 0.9848059 -0.1736505 -6.386331e-07 0.9848074 -0.1736459 -1.058136e-06 0.9848082 -0.1736481 3.888986e-07 0.9848078 -0.1736417 1.981853e-06 0.9848089 -0.1736399 1.642161e-06 0.9848092 -0.1736418 9.33846e-07 0.9848089 -0.1736461 8.322788e-07 0.9848081 -0.1736485 -4.022702e-07 0.9848077 -0.1736494 -5.294023e-07 0.9848075 -0.1736457 4.916735e-06 0.9848082 -0.173646 4.802394e-06 0.9848081 -0.1736476 1.241091e-06 0.9848078 -0.1736485 9.538373e-08 0.9848077 -0.1736494 -7.144857e-06 0.9848075 -0.1736476 -4.068375e-06 0.9848078 -0.1736492 1.375877e-05 0.9848076 -0.1736503 1.168387e-05 0.9848074 -0.1736507 1.074673e-05 0.9848073 -0.173651 7.473095e-06 0.9848073 -0.1736485 2.447639e-06 0.9848077 -0.1736481 -8.455309e-07 0.9848078 -0.1736519 2.19739e-06 0.9848071 -0.1736521 2.135363e-06 0.9848071 -0.1736554 3.895599e-06 0.9848065 -0.1736551 3.406165e-06 0.9848065 -0.1736545 2.880603e-06 0.9848066 -0.1736516 6.191757e-07 0.9848072 -0.1736522 4.146542e-07 0.984807 -0.1736536 8.195238e-07 0.9848068 -0.1736582 -5.617005e-07 0.984806 -0.1736518 -1.581503e-06 0.9848071 -0.1736462 6.002141e-07 0.9848081 -0.173645 8.478456e-07 0.9848083 -0.1736432 2.915177e-06 0.9848086 -0.1736489 1.500269e-06 0.9848076 -0.1736514 -1.469897e-06 0.9848072 -0.173648 -2.330559e-07 0.9848078 -0.1736514 -8.415748e-06 0.9848072 -0.173652 -8.895936e-06 0.9848071 -0.1736497 -1.42831e-06 0.9848075 -0.1736466 1.88902e-06 0.984808 -0.1736458 2.673786e-06 0.9848082 -0.9989698 0 -0.04537951 -0.9989698 0 -0.04537951 -0.9958815 0 -0.09066478 -0.9958815 0 -0.09066478 -0.9835598 0 -0.1805829 -0.9835598 0 -0.1805829 -0.9631362 0 -0.2690143 -0.9631362 0 -0.2690143 -0.9347795 0 -0.3552286 -0.9347795 0 -0.3552286 -0.8987229 0 -0.4385171 -0.8987229 0 -0.4385171 -0.8778973 0 -0.478849 -0.8778973 0 -0.478849 -0.706736 0.7067339 -0.03242404 -0.7046135 0.708816 -0.03316282 -0.7016301 0.7102163 -0.05751633 -0.7023314 0.7075619 -0.07801715 -0.6886978 0.7149235 -0.120747 -0.6935948 0.7040192 -0.1525883 -0.6704864 0.71837 -0.1854521 -0.6766605 0.7017938 -0.2227467 -0.6482374 0.7192924 -0.2498133 -0.6607425 0.6950352 -0.2834526 -0.6659639 0.6866631 -0.2915232 0.9785093 0.112918 0.1725373 0.9784946 0.1124298 0.1729391 0.959673 0.2246409 0.1690097 0.9592575 0.2261366 0.1693732 0.8857406 0.437201 0.155945 0.883437 0.4420192 0.1554286 0.7666345 0.627629 0.1354747 0.7608936 0.6349969 0.1334907 0.6080241 0.7865549 0.1078802 0.5999137 0.7932204 0.1044269 0.419135 0.9048099 0.07513228 0.4083036 0.9100687 0.07115513 0.3133251 0.9479185 0.05725302 0.3106523 0.9489163 0.05525478 0.3105925 0.9489122 0.05565883 -0.7060595 -0.7071769 -0.03715828 -0.7066211 -0.7066225 -0.03703241 -0.7033139 -0.7073638 -0.07061196 -0.7022921 -0.70751 -0.07883799 -0.691766 -0.7081542 -0.1413418 -0.6898618 -0.7067288 -0.156924 -0.6723759 -0.7095512 -0.2108262 -0.6695992 -0.7052854 -0.2328292 -0.645456 -0.7113205 -0.2782259 -0.6416487 -0.703421 -0.3057545 -0.6113955 -0.7132627 -0.3427124 -0.6062471 -0.7013429 -0.3749435 -0.5706423 -0.7152314 -0.4034989 -0.5637311 -0.6992125 -0.4396693 -0.5236987 -0.7171258 -0.459859 -0.5145408 -0.6971463 -0.4992342 -0.4711172 -0.7188787 -0.511138 -0.4592146 -0.6952257 -0.5529767 -0.4134977 -0.7204451 -0.5567572 -0.3983815 -0.6935058 -0.6002848 -0.3514775 -0.7217995 -0.5962122 -0.3327468 -0.6920286 -0.6406059 -0.2857354 -0.7229215 -0.6290785 -0.2630891 -0.6908166 -0.6734661 -0.2169748 -0.7238021 -0.6550057 -0.1902394 -0.6898947 -0.6984656 -0.1459295 -0.7244355 -0.6737194 -0.1150781 -0.6892745 -0.7153025 -0.07335004 -0.7248179 -0.6850247 -0.03851558 -0.6889621 -0.7237733 1.149113e-16 -0.7249448 -0.688807 0.03851558 -0.6889621 -0.7237733 0.07335004 -0.7248179 -0.6850247 0.1150781 -0.6892745 -0.7153025 0.1459295 -0.7244355 -0.6737194 0.1902394 -0.6898947 -0.6984656 0.2169748 -0.7238021 -0.6550057 0.2630891 -0.6908166 -0.6734661 0.2857354 -0.7229215 -0.6290785 0.3327468 -0.6920286 -0.6406059 0.3514775 -0.7217995 -0.5962122 0.3983815 -0.6935058 -0.6002848 0.4134977 -0.7204451 -0.5567572 0.4592146 -0.6952257 -0.5529767 0.4711172 -0.7188787 -0.511138 0.5145408 -0.6971463 -0.4992342 0.5236987 -0.7171258 -0.459859 0.5637311 -0.6992125 -0.4396693 0.5706423 -0.7152314 -0.4034989 0.6062471 -0.7013429 -0.3749435 0.6113955 -0.7132627 -0.3427124 0.6416487 -0.703421 -0.3057545 0.645456 -0.7113205 -0.2782259 0.6695992 -0.7052854 -0.2328292 0.6723759 -0.7095512 -0.2108262 0.6898618 -0.7067288 -0.156924 0.691766 -0.7081542 -0.1413418 0.7022921 -0.70751 -0.07883799 0.7033139 -0.7073638 -0.07061196 0.7065475 -0.7076656 -9.439707e-18 0.7071061 -0.7071075 -1.561867e-16 0.7033139 -0.7073638 0.07061196 0.7022921 -0.70751 0.07883799 0.691766 -0.7081542 0.1413418 0.6898618 -0.7067288 0.156924 0.6723759 -0.7095512 0.2108262 0.6695992 -0.7052854 0.2328292 0.645456 -0.7113205 0.2782259 0.6416487 -0.703421 0.3057545 0.6113955 -0.7132627 0.3427124 0.6062471 -0.7013429 0.3749435 0.5706423 -0.7152314 0.4034989 0.5637311 -0.6992125 0.4396693 0.5236987 -0.7171258 0.459859 0.5145408 -0.6971463 0.4992342 0.4711172 -0.7188787 0.511138 0.4592146 -0.6952257 0.5529767 0.4134977 -0.7204451 0.5567572 0.3983815 -0.6935058 0.6002848 0.3514775 -0.7217995 0.5962122 0.3327468 -0.6920286 0.6406059 0.2857354 -0.7229215 0.6290785 0.2630891 -0.6908166 0.6734661 0.2169748 -0.7238021 0.6550057 0.1902394 -0.6898947 0.6984656 0.1459295 -0.7244355 0.6737194 0.1150781 -0.6892745 0.7153025 0.07335004 -0.7248179 0.6850247 0.03851558 -0.6889621 0.7237733 -6.792786e-17 -0.7249448 0.688807 -0.03851558 -0.6889621 0.7237733 -0.07335004 -0.7248179 0.6850247 -0.1150781 -0.6892745 0.7153025 -0.1459295 -0.7244355 0.6737194 -0.1902394 -0.6898947 0.6984656 -0.2169748 -0.7238021 0.6550057 -0.2630891 -0.6908166 0.6734661 -0.2857354 -0.7229215 0.6290785 -0.3327468 -0.6920286 0.6406059 -0.3514775 -0.7217995 0.5962122 -0.3983815 -0.6935058 0.6002848 -0.4134977 -0.7204451 0.5567572 -0.4592146 -0.6952257 0.5529767 -0.4711172 -0.7188787 0.511138 -0.5145408 -0.6971463 0.4992342 -0.5236987 -0.7171258 0.459859 -0.5637311 -0.6992125 0.4396693 -0.5706423 -0.7152314 0.4034989 -0.6062471 -0.7013429 0.3749435 -0.6113955 -0.7132627 0.3427124 -0.6416487 -0.703421 0.3057545 -0.645456 -0.7113205 0.2782259 -0.6695992 -0.7052854 0.2328292 -0.6723759 -0.7095512 0.2108262 -0.6898618 -0.7067288 0.156924 -0.691766 -0.7081542 0.1413418 -0.7022921 -0.70751 0.07883799 -0.7033139 -0.7073638 0.07061196 -0.7060595 -0.7071769 0.03715828 -0.7066211 -0.7066225 0.03703241 0.9970541 -0.02304803 0.07315738 0.9989443 -0.004665767 0.04570131 0.9989891 1.198221e-14 0.04495303 0.9932771 0.007557553 0.1155138 0.9850273 -0.04994471 0.1650055 0.9761248 0.02495165 0.2157724 0.9632505 -0.06253671 0.2612233 0.9475362 0.06389092 0.3131981 0.9308274 -0.061328 0.3602767 0.9111318 0.04544688 0.4096016 0.8889833 -0.06625944 0.4531207 0.8674978 0.03133223 0.4964534 0.8398091 -0.05632448 0.539952 0.8131367 0.05845317 0.5791303 0.7788898 -0.05907626 0.6243723 0.7488423 0.03889216 0.6616061 0.7116551 -0.05236995 0.7005744 0.6768196 0.00809575 0.7361044 0.6442362 -0.02311498 0.7644772 0.5948995 0.0004156037 0.8037999 0.5720037 -0.008495612 0.820207 0.4982683 -0.001196596 0.8670221 0.4868003 -0.003388438 0.8735067 0.4113344 -0.01089581 0.9114194 0.4746687 0 0.8801645 0.4497707 -0.003637249 0.8931366 0.3951533 0.0004728762 0.9186151 0.3584507 -0.0402356 0.9326812 0.3691329 0 0.9293766 0.3034754 0.0335821 0.9522473 0.2572718 -0.06755661 0.9639748 0.2100674 0.03482498 0.9770665 0.1609826 -0.06919032 0.984529 0.1015835 -0.01253307 0.9947481 0.1239921 -0.01025217 0.9922302 0.05269851 -0.06909093 0.9962175 0.007366396 0.0418383 0.9990972 -0.04674615 -0.05855224 0.9971893 -0.09314734 0.03489196 0.9950408 -0.1377117 -0.03804159 0.9897416 -0.156706 -0.08479274 0.9839987 -0.2151587 -0.01830023 0.9764076 -0.1786887 -0.02784374 0.9835116 -0.2357606 -0.01062103 0.9717531 -0.286626 -0.01374187 0.957944 -0.3169226 -0.000727275 0.9484511 -0.3663564 -0.04580923 0.9293463 -0.4074201 -0.006384098 0.9132185 -0.4472413 -0.06182757 0.8922738 -0.5122347 0.02174429 0.8585702 -0.471413 -0.03235722 0.8813188 -0.5523338 -0.04628293 0.8323373 -0.59711 0.03349583 0.8014597 -0.6406832 -0.04049358 0.7667368 -0.6758863 -0.01179636 0.7369115 -0.6884603 -0.004607964 0.7252594 -0.6647372 0 0.7470773 -0.7369125 -0.0117963 0.6758852 -0.7252594 -0.00460792 0.6884603 -0.7666845 -0.0407827 0.6407274 -0.7470773 0 0.6647372 -0.8014381 0.02658169 0.5974867 -0.8315968 -0.04572914 0.553494 -0.8594596 0.007302631 0.5111515 -0.8814229 -0.02818501 0.4714862 -0.9080198 -0.001805003 0.4189234 -0.9171289 -0.00448552 0.3985654 -0.9318591 -0.07464193 0.3550595 -0.9508785 -0.01212182 0.3093269 -0.9605605 -0.02012452 0.2773419 -0.9743718 0.01029525 0.2247079 -0.9834487 -0.02583239 0.1793361 -0.9936728 -0.003590298 0.1122561 -0.9962071 -0.01029131 0.08640332 -0.9999891 -0.004336071 0.001753697 -0.9999979 -0.000625224 0.0019678 -0.9969656 -0.02630908 -0.07326286 -0.9932822 0.004077687 -0.1156451 -0.9848291 -0.05078721 -0.1659285 -0.9750572 0.0325515 -0.2195536 -0.9627675 -0.0539741 -0.2648878 -0.9461571 0.05326633 -0.3192952 -0.9296257 -0.05459541 -0.3644385 -0.9090648 0.03444701 -0.4152284 -0.8879072 -0.07077632 -0.4545454 -0.8672653 -0.01475917 -0.4976274 -0.8516527 -0.02510046 -0.5235052 -0.8329151 -0.06734057 -0.5492884 -0.8040058 0.03960826 -0.5933008 -0.7734732 -0.06407727 -0.6305818 -0.7376675 0.05846327 -0.6726282 -0.7032063 -0.06396665 -0.7081025 -0.6647787 0.04221096 -0.7458468 -0.6282681 -0.07197039 -0.7746608 -0.5893191 -0.01492465 -0.8077625 -0.5786608 -0.003290512 -0.8155617 -0.5396015 -0.06952618 -0.8390449 -0.4945799 0.0598169 -0.8670713 -0.4503894 -0.06482254 -0.8904759 -0.4023315 0.04370765 -0.9144501 -0.3583804 -0.07247474 -0.9307582 -0.3109548 -0.01710534 -0.9502708 -0.2998494 -0.004638779 -0.9539753 -0.2545865 -0.07364985 -0.9642414 -0.2065476 0.04238798 -0.977518 -0.1561661 -0.06835336 -0.9853629 -0.1043501 0.06093583 -0.9926721 -0.05218201 -0.06756732 -0.9963492 -0.001225844 0.04406927 -0.9990277 0.0485203 -0.07253071 -0.9961853 0.1058608 -0.01851601 -0.9942086 0.09467935 -0.005644323 -0.9954918 0.1569319 -0.07550218 -0.9847191 0.2037635 0.04220601 -0.97811 0.2549166 -0.06412998 -0.9648341 0.301177 0.04159886 -0.9526604 0.3581953 -0.03955756 -0.9328083 0.4113344 -0.01089581 -0.9114194 0.3691329 0 -0.9293766 0.3951533 0.0004728762 -0.9186151 0.4497707 -0.003637249 -0.8931366 0.4857947 -0.003378904 -0.8740664 0.4746687 0 -0.8801645 0.4969464 -0.002267811 -0.8677783 0.5620292 -0.02285035 -0.8268017 0.5966575 0.007285872 -0.8024629 0.6354855 -0.04974036 -0.770509 0.6749856 0.02478023 -0.7374147 0.707895 -0.06246246 -0.7035504 0.7450804 0.06379611 -0.6639165 0.777464 -0.06125272 -0.6259375 0.8103553 0.04535821 -0.5841805 0.8369349 -0.06625635 -0.5432771 0.8637349 0.03139723 -0.5029673 0.8875388 -0.05648853 -0.4572569 0.9081434 0.05861359 -0.4145358 0.9301835 -0.05920957 -0.3622883 0.947409 0.03905862 -0.3176327 0.9625526 -0.05258708 -0.2659455 0.9758859 0.008336975 -0.218122 0.984201 -0.02345478 -0.1754946 0.9935438 0.0005589211 -0.113448 0.9963452 -0.008755197 -0.08496866 0.9988084 -0.00251379 -0.04873821 0.9988298 -1.283442e-14 -0.04836307 -0.3739749 -0.000162504 -0.9274388 -0.421026 0 -0.9070486 -0.420061 0.0003399126 -0.9074958 -0.3714988 0.0005036093 -0.9284333 -0.2767903 -0.0004808653 -0.9609302 -0.2716635 0.000819069 -0.962392 -0.1766799 -0.000781521 -0.9842681 -0.1688085 0.001116638 -0.9856482 -0.07470131 -0.001064616 -0.9972054 -0.06407774 0.001396256 -0.9979439 0.0280678 -0.001330247 -0.9996051 0.04136469 0.001658006 -0.9991427 0.1305412 -0.001578446 -0.9914416 0.1463461 0.001902005 -0.9892316 0.2316357 -0.001809129 -0.9728009 0.2496991 0.00212835 -0.9683211 0.3302837 -0.002022441 -0.9438796 0.3502749 0.002336928 -0.936644 0.4254416 -0.002218435 -0.9049832 0.4469553 0.002527971 -0.8945527 0.5164776 -0.001855489 -0.8562987 0.5274316 5.816511e-06 -0.8495975 0.5853559 -0.001657638 -0.8107748 0.6006333 -0.002860767 -0.7995195 0.6428855 0.001340494 -0.7659612 0.6801698 -0.00395084 -0.733044 0.7062084 0.002653319 -0.7079991 0.7519642 -0.003777392 -0.6591931 0.7674015 0.001611633 -0.6411648 0.8158963 -0.002879039 -0.578191 0.819287 -8.71238e-05 -0.5733836 0.8631733 0.0002067738 -0.5049077 0.8703232 -0.003267884 -0.4924701 0.9011859 0.001441288 -0.4334304 0.9166606 -0.004108975 -0.3996454 0.9317932 0.0004116775 -0.3629893 0.9528252 -0.003559682 -0.3034988 0.9546322 0.0001394322 -0.2977873 0.9724297 0.001053316 -0.2331938 0.978913 -0.003414185 -0.2042491 0.9866498 0.00167017 -0.1628478 0.994753 -0.002869612 -0.1022655 0.9967012 0.000684989 -0.08115578 0.9999988 -0.001122913 0.001033286 0.999984 6.921393e-05 0.005653814 0.9946392 -6.81386e-05 0.1034061 0.9945269 0.0002067694 0.1044802 0.9786032 -0.0002029295 0.2057565 0.9781567 0.0003415074 0.2078686 0.9520639 -0.0003348852 0.3058991 0.9510689 0.0004729125 0.3089786 0.9153063 -0.0004642656 0.4027581 0.9135601 0.0006014596 0.4067033 0.8687247 -0.000590524 0.4952948 0.8660413 0.0007272862 0.499972 0.8128191 -0.0007138173 0.5825158 0.8090335 0.00085016 0.587762 0.7481896 -0.0008341285 0.6634845 0.7431614 0.0009702294 0.6691115 0.6755294 -0.0009515282 0.7373325 0.669147 0.00108715 0.7431293 0.5956186 -0.001066319 0.8032667 0.5878008 0.001200994 0.8090048 0.5093152 -0.001178272 0.8605792 0.5000141 0.001312093 0.8660163 0.4175449 -0.001287158 0.9086554 0.4067488 0.001420416 0.9135389 0.3212929 -0.001393073 0.9469788 0.3090272 0.001525896 0.951052 0.2215925 -0.001496017 0.9751382 0.2079205 0.001628456 0.9781444 0.1171318 0.000420065 0.9931163 0.1040286 0.0009496372 0.9945739 0.06785044 0.008116998 0.9976625 0.06980934 0.01572573 0.9974364 0.05285316 0.00382319 0.998595 0.002007424 0.003393318 0.9999922 -0.009772867 0.000166185 0.9999522 -0.03182762 0.002403937 0.9994905 -0.05748014 0.004405552 0.9983369 -0.1041147 0.006646638 0.9945431 -0.09568455 0.000197008 0.9954117 -0.1354657 0.003238896 0.9907767 -0.1699966 0.004226856 0.9854356 -0.2080848 0.006953483 0.9780861 -0.2113196 2.914427e-05 0.977417 -0.251374 0.004405697 0.96788 -0.3101779 0.005163385 0.9506645 -0.280784 0.00240509 0.959768 -0.3100536 -7.2936e-05 0.9507191 -0.3465789 0.004913205 0.9380079 -0.4066254 0.003096093 0.9135897 -0.3902757 0.001982461 0.9206959 -0.4470605 -0.001482354 0.8945025 -0.4035158 0.01112479 0.914905 -0.5000146 0.003376532 0.8660104 -0.5363809 -0.0029607 0.8439708 -0.5878079 0.003271456 0.808994 -0.6183467 -0.002836449 0.7859003 -0.6691602 0.003120935 0.7431117 -0.6940723 -0.002668267 0.7199004 -0.7431798 0.002924852 0.6690854 -0.7627935 -0.002456111 0.6466374 -0.8090563 0.002683068 0.5877251 -0.8238177 -0.002199901 0.5668506 -0.8660672 0.00239543 0.4999219 -0.8765284 -0.001899246 0.4813465 -0.9135871 0.002062161 0.4066379 -0.9203945 -0.001553842 0.3909878 -0.9510947 0.001683109 0.3088949 -0.9549742 -0.001163652 0.2966865 -0.9781781 0.001257934 0.2077645 -0.979919 -0.0007287099 0.1993947 -0.99454 0.0007862356 0.1043534 -0.9949779 -0.0002487054 0.1000943 -0.9986507 0.0005354216 0.05192715 -0.9987385 0 0.05021462 -0.1736487 5.740915e-07 0.9848077 -0.1736484 6.854676e-06 0.9848077 -0.1736482 4.055793e-06 0.9848077 -0.1736485 -2.542509e-06 0.9848077 -0.1736483 -5.238511e-08 0.9848077 -0.1736483 -2.461123e-07 0.9848077 -0.1736483 1.025029e-07 0.9848077 -0.1736483 -2.124863e-07 0.9848077 -0.1736483 -1.056815e-06 0.9848077 -0.1736484 -4.017126e-07 0.9848077 -0.1736484 2.677453e-07 0.9848077 -0.1736484 6.554899e-07 0.9848077 -0.1736483 1.379731e-06 0.9848077 -0.1736483 3.337228e-07 0.9848077 -0.1736483 5.704171e-07 0.9848077 -0.1736481 -1.115906e-06 0.9848078 -0.1736481 -2.648386e-07 0.9848078 -0.173648 -1.191823e-06 0.9848078 -0.173648 -7.70199e-07 0.9848078 -0.1736481 -1.978751e-07 0.9848078 -0.1736481 -1.740449e-06 0.9848078 -0.1736483 9.596219e-07 0.9848077 -0.1736483 1.666079e-06 0.9848077 -0.1736485 4.668499e-06 0.9848077 -0.1736484 6.487691e-06 0.9848077 -0.1736483 4.448681e-06 0.9848077 0.2079137 -5.185271e-06 -0.9781472 0.207914 -2.092043e-06 -0.9781471 0.2079137 5.943258e-07 -0.9781472 0.2079128 2.472192e-06 -0.9781474 0.2079128 -5.128811e-06 -0.9781474 0.2079117 3.560703e-06 -0.9781476 0.2079117 3.498524e-06 -0.9781476 0.2079115 5.799848e-06 -0.9781476 0.2079114 2.427804e-06 -0.9781477 0.2079114 1.561783e-06 -0.9781477 0.2079118 -1.472346e-06 -0.9781476 0.2079113 -4.94305e-06 -0.9781477 0.2079118 2.479735e-07 -0.9781476 0.2079118 2.47978e-07 -0.9781476 0.2079118 4.579574e-06 -0.9781476 0.2079113 1.108876e-06 -0.9781477 0.2079113 -2.43358e-06 -0.9781477 0.2079115 -1.567559e-06 -0.9781477 0.2079117 -5.684674e-06 -0.9781476 0.2079115 -3.383351e-06 -0.9781476 0.2079117 3.656726e-06 -0.9781476 0.2079128 -5.032792e-06 -0.9781474 0.2079128 2.998591e-06 -0.9781474 0.2079137 -4.658887e-06 -0.9781472 0.2079137 -5.9432e-07 -0.9781472 0.207914 2.092027e-06 -0.9781471 1 0 0 1 0 0 1 0 0 1 0 0 1 0 0 1 0 0 1 0 0 1 0 0 1 0 0 1 0 0 1 0 0 1 0 0 1 0 0 1 0 0 1 0 0 1 0 0 1 0 0 1 0 0 1 0 0 1 0 0 1 0 0 1 0 0 1 0 0 1 0 0 1 0 0 1 0 0 -1 0 0 -1 0 0 -1 0 0 -1 0 0 -1 0 0 -1 0 0 -1 0 0 -1 0 0 -1 0 0 -1 0 0 -1 0 0 -1 0 0 -1 0 0 -1 0 0 -1 0 0 -1 0 0 -1 0 0 -1 0 0 -1 0 0 -1 0 0 -1 0 0 -1 0 0 -1 0 0 -1 0 0 -1 0 0 -1 0 0 -0.9749278 0 -0.2225216 -0.9937117 0 -0.1119688 -0.9937117 0 -0.1119688 -0.9749278 0 -0.2225216 -0.9009695 0 -0.4338825 -0.9009695 0 -0.4338825 -0.781832 0 -0.6234892 -0.781832 0 -0.6234892 -0.6234894 0 -0.7818318 -0.6234894 0 -0.7818318 -0.433883 0 -0.9009692 -0.433883 0 -0.9009692 -0.2225208 0 -0.9749279 -0.2225208 0 -0.9749279 -0.111963 0 -0.9937124 -0.111963 0 -0.9937124 -0.9962134 0 -0.08694193 -0.9848822 0 -0.1732255 -0.9962134 0 -0.08694193 -0.9848822 0 -0.1732255 -0.9399852 0 -0.3412152 -0.9399852 0 -0.3412152 -0.9067591 0 -0.4216491 -0.9067591 0 -0.4216491 0 -1 0 0 -1 0 0 -1 0 0 -1 0 0 -1 0 0 -1 0 0 -1 0 0 -1 0 0 -1 0 0 -1 0 0 -1 0 0 -1 0 0 -1 0 0 -1 0 0 -1 0 0 -1 0 0 -1 0 0 -1 0 0 -1 0 0 -1 0 0 -1 0 0 -1 0 0 -1 0 0 -1 0 0 -1 0 0 -1 0 0 -1 0 0 -1 0 0 -1 0 0 -1 0 0 -1 0 0 -1 0 0 -1 0 0 -1 0 0 -1 0 0 -1 0 0 -1 0 0 -1 0 0 -1 0 0 -1 0 0 -1 0 0 -1 0 0 -1 0 0 -1 0 0 -1 0 0 -1 0 0 -1 0 0 -1 0 0 -1 0 0 -1 0 0 -1 0 0 -1 0 0 -1 0 0 -1 0 0 -1 0 0 -1 0 0 -1 0 0 -1 0 0 -1 0 0 -1 0 0 -1 0 0 -1 0 0 -1 0 0 -1 0 0 -1 0 0 -1 0 0 -1 0 0 -1 0 0 -1 0 0 -1 0 0 -1 0 0 -1 0 0 -1 0 0 -1 0 0 -1 0 0 -1 0 0 -1 0 -0.0002957204 -0.9999994 -0.00102698 -0.00109255 -0.9999918 -0.003887221 -0.001072735 -0.9999922 -0.003813997 -0.0001746046 -0.9999996 -0.0008764238 -1.583709e-05 -1 -8.178527e-05 -3.199146e-06 -1 -4.724229e-05 -6.45269e-08 -1 -1.335517e-06 -1.381247e-07 -1 -1.030052e-07 -1.065014e-07 -1 -1.723869e-08 7.050884e-07 -1 -1.659778e-05 2.689548e-07 -1 -6.586359e-06 4.191958e-05 -0.9999996 -0.0008610913 4.298298e-05 -0.9999996 -0.000883063 0 -1 0 0 -1 0 0 -1 0 0 -1 0 0 -1 0 0 -1 0 0 -1 0 0 -1 0 0 -1 0 0 -1 0 0 -1 0 0 -1 0 0 -1 0 0 -1 0 0 -1 0 0 -1 0 0 -1 0 0 -1 0 0 -1 0 0 -1 0 0 -1 0 0 -1 0 0 -1 0 0 -1 0 -0.1308801 -0.9911296 -0.02307767 -0.2427342 -0.9691482 -0.04280061 -0.1308801 -0.9911296 -0.02307765 -0.2427343 -0.9691482 -0.04280063 -0.4552437 -0.886741 -0.08027179 -0.4552437 -0.886741 -0.08027182 -0.6434633 -0.7570216 -0.1134602 -0.6434633 -0.7570216 -0.1134601 -0.797351 -0.586911 -0.1405944 -0.7973511 -0.586911 -0.1405943 -0.9086958 -0.3854856 -0.1602273 -0.9086958 -0.3854856 -0.1602274 -0.9715566 -0.1634933 -0.1713117 -0.9715566 -0.1634932 -0.1713116 -0.9825802 0.06722303 -0.1732549 -0.9825802 0.06722297 -0.1732549 -0.9411777 0.2943525 -0.165955 -0.9411778 0.2943524 -0.1659551 -0.848291 0.5079658 -0.1495764 -0.848291 0.5079659 -0.1495763 -0.7056706 0.6975289 -0.1244286 -0.7056705 0.6975289 -0.1244286 -0.5207719 0.8487429 -0.09182614 -0.5207718 0.848743 -0.09182619 -0.3056071 0.9506316 -0.0538869 -0.305607 0.9506317 -0.0538869 -0.07268186 0.9972728 -0.01281581 -0.07268181 0.9972728 -0.0128158 0.164467 0.9859562 0.02899993 0.1644671 0.9859562 0.02899993 0.3920581 0.9173393 0.06913032 0.3920582 0.9173393 0.06913038 0.5968643 0.7954099 0.1052434 0.5968643 0.7954099 0.1052435 0.7669825 0.6272544 0.13524 0.7669825 0.6272544 0.1352401 0.8925266 0.4226451 0.1573768 0.8925265 0.4226451 0.1573769 0.9662004 0.193473 0.1703673 0.9662005 0.193473 0.1703669 0.983722 -0.046943 0.1734574 0.9837219 -0.04694294 0.1734579 0.9440734 -0.2846307 0.1664656 0.9440734 -0.2846307 0.1664654 0.903403 -0.3981061 0.159294 0.903403 -0.3981061 0.159294 -0.1119641 0 0.9937123 -0.2225206 0 0.974928 -0.1119641 0 0.9937123 -0.2225206 0 0.974928 -0.4338837 0 0.9009689 -0.4338837 0 0.9009689 -0.6234901 0 0.7818312 -0.6234901 0 0.7818312 -0.7818315 0 0.6234898 -0.7818315 0 0.6234898 -0.9009688 0 0.433884 -0.9009688 0 0.433884 -0.974933 0 0.2224986 -0.9749279 0 0.2225209 -0.9937122 0 0.1119644 -0.9937122 0 0.1119644 0.1177358 -0.9928279 0.02076001 0.1177358 -0.9928279 0.02076005 0.2169666 -0.9754291 0.03825702 0.2169666 -0.9754291 0.038257 0.4076088 -0.9103238 0.07187231 0.4076088 -0.9103238 0.07187231 0.5812483 -0.8072461 0.1024896 0.5812482 -0.8072462 0.1024896 0.7306422 -0.6704956 0.1288317 0.7306421 -0.6704957 0.1288317 0.7942527 -0.5912269 0.1400479 0.7942527 -0.5912269 0.1400479 0.9034025 -0.3981069 0.1592945 0.9034028 -0.3981065 0.1592942 0.9440734 -0.2846306 0.1664656 0.9440734 -0.2846306 0.1664654 0.9837221 -0.04694283 0.1734567 0.9837221 -0.04694265 0.1734568 0.9662004 0.1934731 0.1703672 0.9662004 0.193473 0.1703672 0.8925266 0.422645 0.1573765 0.8925267 0.422645 0.1573765 0.7669825 0.6272544 0.1352397 0.7669825 0.6272544 0.1352397 0.5968642 0.7954099 0.1052433 0.5968643 0.7954099 0.1052433 0.3920581 0.9173393 0.06913044 0.3920581 0.9173393 0.06913043 0.1644671 0.9859562 0.02899998 0.1644669 0.9859562 0.02899995 -0.07268205 0.9972728 -0.01281581 -0.072682 0.9972728 -0.0128158 -0.305607 0.9506317 -0.05388676 -0.305607 0.9506317 -0.05388681 -0.5207715 0.8487432 -0.0918262 -0.5207714 0.8487433 -0.09182609 -0.7056706 0.6975289 -0.1244287 -0.7056705 0.6975289 -0.1244286 -0.8495585 0.5057769 -0.1498 -0.8495586 0.5057767 -0.1498001 -0.9440734 0.2846306 -0.1664655 -0.9440734 0.2846306 -0.1664655 -0.9837221 0.04694279 -0.1734567 -0.9837221 0.04694258 -0.1734567 -0.9662004 -0.1934731 -0.1703671 -0.9662004 -0.1934733 -0.1703671 -0.8925267 -0.422645 -0.1573764 -0.8925267 -0.4226449 -0.1573765 -0.7669826 -0.6272543 -0.1352397 -0.7669827 -0.6272541 -0.1352397 -0.5968641 -0.79541 -0.1052432 -0.5968641 -0.79541 -0.1052432 -0.3920581 -0.9173393 -0.06913034 -0.3920583 -0.9173392 -0.06913047 -0.1644674 -0.9859561 -0.02900001 -0.1644671 -0.9859562 -0.02899988 0.072682 -0.9972728 0.0128158 0.07268198 -0.9972728 0.01281577 0.3056073 -0.9506316 0.05388679 0.3056072 -0.9506316 0.05388684 0.5207715 -0.8487432 0.09182616 0.5207715 -0.8487432 0.09182619 0.7056705 -0.697529 0.1244289 0.7056704 -0.697529 0.1244289 0.7833259 -0.6060717 0.1381217 0.7833259 -0.6060717 0.1381217 0.9757772 -0.1066808 0.1909925 0.9757356 -0.1376186 0.1702972 0.9841106 -0.03762262 0.173525 0.9542037 -0.2397649 0.1789078 0.9362062 -0.3150846 0.1556911 0.9657743 -0.1956542 0.1702924 0.8703055 -0.4644282 0.1639355 0.8343121 -0.5336194 0.1384691 0.7348664 -0.6636211 0.1399232 0.6972319 -0.7068844 0.1190883 0.5561699 -0.8244975 0.1043017 0.5406359 -0.8355958 0.09742946 0.3506373 -0.9339841 0.06875398 0.3758719 -0.9242265 0.06727313 0.1894385 -0.9814701 0.02879968 0.1173253 -0.9925675 0.03231782 -0.004639789 -0.999965 -0.006967989 -0.1210871 -0.9925987 -0.009264983 -0.1989335 -0.9791809 -0.04037575 -0.3521404 -0.9344669 -0.05261882 -0.385544 -0.9200325 -0.06997118 -0.5603927 -0.8231794 -0.09130055 -0.5536538 -0.8270085 -0.09759279 -0.7011413 -0.7018792 -0.1255645 -0.7377777 -0.6643909 -0.119452 -0.8242819 -0.5457408 -0.1507527 -0.8740336 -0.4651429 -0.1403828 -0.9121883 -0.3756653 -0.1636709 -0.9586125 -0.2398466 -0.1534132 -0.9601004 -0.2224535 -0.1694744 -0.9792331 -0.1142445 -0.1674835 -0.9738048 -0.1490652 -0.1717083 -0.9875577 -0.002980251 -0.1572287 -0.9846514 0.01781816 -0.1736208 -0.9746472 0.14418 -0.1710993 -0.9620977 0.2248091 -0.154366 -0.937532 0.3045764 -0.168128 -0.8864622 0.4390642 -0.1463127 -0.8651799 0.4766485 -0.1557881 -0.7665593 0.6288541 -0.1301131 -0.7520869 0.6454968 -0.1330384 -0.6065213 0.787957 -0.1060931 -0.6049502 0.7893317 -0.1048366 -0.4189695 0.9049286 -0.07462451 -0.4223638 0.9033668 -0.07441323 -0.3195134 0.9458601 -0.05709485 -0.3153662 0.9473394 -0.05560766 -0.3207652 0.9455187 -0.0557142 -0.9999541 0.0006184297 -0.009566125 -0.9999906 -3.627327e-27 -0.00432811 -0.9989583 0.01032663 -0.04444871 -0.999795 0.002592941 -0.02007952 -0.9989823 0.01306562 -0.04316915 -0.9941708 0.004457062 -0.1077242 -0.9986069 0.01469768 -0.05067715 -0.9982533 0.009002719 -0.0583892 -0.9977916 0.004134796 -0.06629362 -0.9973541 -0.0002741111 -0.07269667 -0.9937684 -0.005643752 -0.1113215 -0.9975747 -0.004185656 -0.06947833 -0.9979486 -0.009518522 -0.06330939 -0.9982518 -0.01643394 -0.0567737 -0.9782973 0.0005598013 -0.2072053 -0.998592 -0.01859056 -0.04968335 -0.9773508 -0.0009614951 -0.2116236 -0.9990436 -0.01495773 -0.04108738 -0.9513625 0.0009130468 -0.3080724 -0.9996478 -0.006487839 -0.02573117 -0.9492556 -0.001315876 -0.3145028 -0.9999289 -0.001532274 -0.01182746 -0.9999873 9.881963e-26 -0.005030874 -0.9138639 0.0008093214 -0.4060197 -0.9105177 -0.001809514 -0.4134661 -0.8756371 0.001262666 -0.482968 -0.8915306 0 -0.4529604 -0.8612996 -0.003343046 -0.5080865 -0.8143987 0.002287405 -0.5803012 -0.8021429 -0.004653739 -0.597114 -0.7535594 0.003138932 -0.6573723 -0.7339141 -0.00557658 -0.6792194 -0.6853578 0.003700069 -0.7281971 -0.657401 -0.006156477 -0.7535158 -0.6104568 0.004012189 -0.7920394 -0.5734647 -0.006425796 -0.8192051 -0.5296048 0.004100945 -0.8482346 -0.4830319 -0.006400575 -0.8755793 -0.4290891 0.003564654 -0.9032551 -0.3859724 -0.00513664 -0.922496 -0.3472274 0.003440532 -0.9377747 -0.3955545 0 -0.9184425 -0.2867357 -0.004580542 -0.9579988 -0.2437951 0.004617424 -0.9698158 -0.1831078 -0.004587156 -0.9830821 -0.1389376 0.004623512 -0.9902903 -0.07739855 -0.004593365 -0.9969897 -0.03249538 0.004629492 -0.9994612 0.03482533 -0.0003568808 -0.9993934 0.07554894 0.001205745 -0.9971414 0.1113884 0.0001184031 -0.9937769 0.1206111 0.006079974 -0.9926812 0.1260996 0.005088632 -0.9920045 0.1333961 0.01151832 -0.9909959 0.155278 -0.001782218 -0.9878692 0.1415387 0.009908514 -0.9898831 0.1606119 -0.004139766 -0.987009 0.176246 0.008881169 -0.9843061 0.166357 -0.007569246 -0.9860365 0.17686 5.840027e-05 -0.984236 0.1737934 -0.01368454 -0.9846871 0.1852097 0.000157826 -0.982699 0.1838042 -0.024943 -0.9826464 0.194795 0.001476091 -0.9808429 0.1917878 -0.02648986 -0.9810789 0.205827 0.004684969 -0.9785772 0.2465923 -0.01166586 -0.9690491 0.2192244 0.01071423 -0.9756156 0.232287 0.0155952 -0.9725223 0.2089234 -0.01179175 -0.9778609 0.2859586 0.00774246 -0.9582107 0.2208888 -0.004345342 -0.9752893 0.2410898 0.01186854 -0.9704302 0.2304217 -0.001019568 -0.9730903 0.2490006 0.007101492 -0.9684773 0.2383503 -2.221318e-05 -0.9711792 0.255204 0.004187883 -0.9668782 0.2451278 -0.0001847852 -0.9694908 0.287932 -0.001037561 -0.9576503 0.2898092 -0.006303333 -0.9570637 0.2938797 -0.00216641 -0.95584 0.3215448 -0.0006595197 -0.9468942 0.296932 -0.009225829 -0.954854 0.2965688 0.0008914199 -0.9550111 0.3851082 0.008365203 -0.9228335 0.3979341 0.0008608084 -0.9174136 0.4466282 0.002854241 -0.8947151 0.4818663 0.007442295 -0.8762131 0.5201221 -0.00115315 -0.8540911 0.5724067 0.003297103 -0.8199633 0.5870983 -0.00181056 -0.8095136 0.5444792 0 -0.8387743 0.656112 0.002767286 -0.7546585 0.6691951 -0.002374877 -0.743083 0.7328893 0.002504206 -0.6803433 0.7432158 -0.002111099 -0.6690485 0.8012997 0.002224947 -0.598259 0.809089 -0.001831119 -0.5876833 0.8605625 0.001928821 -0.5093412 0.8660939 -0.001535145 -0.499879 0.9100002 0.001615827 -0.4146047 0.9136058 -0.001222417 -0.4065993 0.9490471 0.001286263 -0.3151315 0.951105 -0.0008929753 -0.3088664 0.977257 0.0009394221 -0.2120562 0.9781816 -0.0005469678 -0.207751 0.9939058 0.004673038 -0.1101334 0.9939806 -0.005418854 -0.1094221 0.9981683 0.009215854 -0.05979213 0.9985331 0.01512565 -0.0519895 0.9977031 0.004241191 -0.06760644 0.9988962 0.01379 -0.04490243 0.9973404 0.0003228128 -0.07288389 0.9999441 0.01055091 -0.0007578619 0.9975604 -0.003128314 -0.06973853 0.9997224 0.003425398 -0.02331185 0.9978659 -0.006964092 -0.06492349 0.9998863 0.001491001 -0.0150038 0.9981012 -0.01088713 -0.06062614 0.999973 0.0003593741 -0.007333056 0.9983378 -0.01679366 -0.05513233 0.9999996 0 0.0008458087 0.9986625 -0.01816586 -0.04840627 0.9999388 0.0008117843 0.01103325 0.999738 0.003245435 0.02265738 0.9989235 0.01270623 0.04461449 0.9998942 -0.01454929 5.941639e-05 0.9942694 0.0043471 0.1068154 0.9996756 -0.006038039 -0.02474342 0.9985756 0.01333824 0.05166068 0.9999327 -0.001446214 -0.01150898 0.9982952 0.009026732 0.05766522 0.9999996 0 -0.0008463532 0.9980278 0.005986519 0.06248711 0.9999715 -0.0006271343 0.007528226 0.9974059 0.001459592 0.07196789 0.9998732 -0.002645635 0.01570276 0.9996586 -0.006321441 0.02535238 0.9986901 -0.01858317 0.04767371 0.993984 -0.005387148 0.1093925 0.998367 -0.01781205 0.0542784 0.9971048 0.001397368 0.07602704 0.9980701 -0.01029223 0.06123784 0.9976859 -0.004583258 0.06783678 0.978693 0.0003307827 0.2053289 0.9781521 -0.000560728 0.2078898 0.9522572 0.0005445611 0.3052965 0.9510521 -0.000774883 0.3090295 0.915639 0.000752007 0.4020008 0.9135256 -0.0009830965 0.4067801 0.8692297 0.0009537023 0.4944076 0.8659844 -0.001184693 0.5000696 0.8135257 0.001149768 0.5815278 0.8089498 -0.00138045 0.5878761 0.7491217 0.001339458 0.662431 0.7430472 -0.00157038 0.6692371 0.6767067 0.001523539 0.7362511 0.6689998 -0.001754018 0.7432605 0.5952774 -0.0004260244 0.8035201 0.5867404 -0.0003383394 0.809775 0.522101 0.001460193 0.8528824 0.5444792 0 0.8387743 0.5151523 0.000361962 0.8570986 0.450944 0.0024042 0.892549 0.4189693 0.007250618 0.9079715 0.3931169 0.002754082 0.9194844 0.3228724 0.004542137 0.9464316 0.322952 0.0004576266 0.9464152 0.289424 0.003126164 0.9571959 0.2708177 0.0121952 0.9625534 0.2965688 0.0008696086 0.9550111 0.2633258 0.01101885 0.964644 0.2969689 -0.009772866 0.9548371 0.2259796 0.009794987 0.9740828 0.2893374 -0.004352159 0.9572173 0.2957228 0.0006833748 0.9552736 0.2353731 0.0008057713 0.9719048 0.2574799 -0.007103634 0.9662575 0.2271802 5.925104e-05 0.9738527 0.2459219 -0.0001447036 0.9692896 0.2190558 0.0001597861 0.9757123 0.2418399 -0.0005940213 0.970316 0.2102894 0.001335091 0.9776383 0.2371264 -0.001595335 0.9714775 0.2006446 0.003853738 0.9796565 0.2308229 -0.00389864 0.972988 0.189605 0.008059427 0.9818274 0.2231877 -0.008254791 0.9747405 0.1759505 0.01439108 0.9842938 0.2132718 -0.0161926 0.9768587 0.2032609 -0.0233174 0.9788469 0.1141269 -0.00646312 0.9934452 0.1459037 -0.003512096 0.9892926 0.1690407 0.01284497 0.9855254 0.1947401 -0.01772721 0.9806947 0.1615696 0.008053542 0.9868285 0.1858295 -0.009837652 0.9825328 0.1561298 0.005181217 0.987723 0.1785849 -0.005131591 0.9839111 0.1516493 0.003175513 0.9884293 0.1719598 -0.002309492 0.9851013 0.1668995 -0.0009585938 0.9859734 0.1221175 -0.001841719 0.9925139 0.06513117 0.006273825 0.997857 0.1120406 0.0004971031 0.9937035 0.1041531 0.0005848798 0.9945611 0.07099438 -0.001190247 0.997476 0.07055008 0.001970368 0.9975063 0.07413425 -0.010675 0.9971911 0.06964595 -0.004489683 0.9975617 0.01408995 -0.008869677 0.9998614 -0.001220769 -0.008849383 0.9999601 -0.02894365 -0.01231307 0.9995052 -0.05246782 -0.003042773 0.998618 -0.08059079 -0.06026139 0.994924 -0.08514737 -0.07689299 0.9933969 -0.3145063 -0.01243651 0.9491739 -0.2595765 -0.08506207 0.9619691 -0.2636899 -0.06821938 0.9621922 -0.2911419 -0.003896909 0.9566719 -0.3416969 -0.008527017 0.9397715 -0.3981529 -0.004362847 0.9173087 -0.3574337 -0.007514642 0.9339083 -0.3947577 0.001483574 0.9187841 -0.4499469 0.003111997 0.8930499 -0.4065744 -0.002480164 0.9136143 -0.4059916 0.001908547 0.9138748 -0.4840178 -0.003620593 0.8750507 -0.5425156 -0.0002915924 0.8400457 -0.567984 0.0006272931 0.8230393 -0.6224764 0.003151491 0.7826322 -0.6052054 0 0.7960693 -0.6136348 -0.005841418 0.7895684 -0.6949472 0.007196572 0.7190248 -0.6848431 0.0008903834 0.72869 -0.7277217 0.001566611 0.6858707 -0.7655245 0.004433184 0.6433915 -0.7807417 -0.0002767259 0.6248538 -0.8245943 0.0005714527 0.5657243 -0.8260865 -0.0002884297 0.5635432 -0.7970203 0 0.6039525 -0.8770162 0.0004468436 0.4804605 -0.8781809 -0.0003633625 0.4783285 -0.9206955 0.0003674458 0.3902815 -0.9214526 -0.0002842161 0.3884907 -0.9551309 0.0002872437 0.2961838 -0.955562 -0.0002040263 0.2947903 -0.9799767 0.0002060628 0.199112 -0.98017 -0.0001231327 0.1981586 -0.9946167 0.004204578 0.1035375 -0.9945277 -0.005088763 0.1043496 -0.9982304 -0.009554798 0.05869304 -0.997852 -0.004199839 0.06537428 -0.9985178 -0.01647315 0.05187379 -0.9975488 -0.0001448377 0.06997409 -0.9988464 -0.01697503 0.04491909 -0.9991521 -0.01356733 0.03887196 -0.9978571 0.003241897 0.06535123 -0.9997534 -0.004777573 0.02168744 -0.9999501 -0.001081636 0.009930245 -0.9999903 0 0.004410058 -0.9982726 0.007169286 0.05831248 -0.9986119 0.01175597 0.05134281 -0.9989575 0.01193485 0.04406191 -0.9990446 0.01000165 0.04254142 -0.9997206 0.003452899 0.02338292 -0.9999358 0.0008566264 0.01130151 -0.9999874 0 0.00502698 0 1 0 0 1 0 0 1 0 0 1 0 0 1 0 0 1 0 0 1 0 0 1 0 0 1 0 0 1 0 0 1 0 0 1 0 0 1 0 0 1 0 0 1 0 0 1 0 0 1 0 0 1 0 0 1 0 0 1 0 0 1 0 0 1 0 0 1 0 0 1 0 0 1 0 0 1 0 -0.3235771 0.02396851 -0.9458982 -0.4085045 0.06578804 -0.9103823 -0.3938947 0.02486213 -0.9188192 -0.3560232 0.06265615 -0.9323742 -0.2041092 0.04298498 -0.978004 -0.1495441 0.01985833 -0.9885556 -0.3457274 0.1388051 -0.9280117 -0.09618807 0.01559287 -0.995241 -0.08090777 0.009156927 -0.9966795 -0.1141848 0.04422977 -0.9924745 -0.2252787 0.1325009 -0.9652425 -0.3479629 0.1838037 -0.9193139 -0.1085506 0.08632507 -0.9903357 -0.3345755 0.2875855 -0.8974151 -0.0422277 0.04079401 -0.9982748 -0.101115 0.15361 -0.9829444 -0.2102087 0.2485394 -0.9455371 -0.1551746 0.2268002 -0.9615001 -0.2703578 0.4245874 -0.8640788 -0.1902324 0.3431898 -0.9198002 -0.1991713 0.4363564 -0.8774531 -0.1700312 0.5495103 -0.8180024 -0.2375874 0.5409878 -0.8067741 -0.3051028 0.6189611 -0.7237399 -0.31586 0.6512391 -0.6900146 -0.9800272 0.1597113 -0.1184864 -0.997339 0.05066979 -0.05241565 -0.997869 0.04209608 -0.04985432 -0.9891728 0.0907618 -0.1153234 -0.9409475 0.2426875 -0.2360519 -0.9487317 0.2474248 -0.1966956 -0.9612482 0.09961478 -0.2570579 -0.9909268 0.04733027 -0.1257932 -0.908413 0.3435092 -0.2383007 -0.817475 0.5326485 -0.219135 -0.7953276 0.536997 -0.2812262 -0.853229 0.4154556 -0.3152728 -0.7066628 0.6108203 -0.3571081 -0.6705581 0.6429815 -0.370036 -0.8852944 0.2698933 -0.3786971 -0.898775 0.1469252 -0.4130575 -0.9310808 0.07662487 -0.3566752 -0.8458763 0.1739956 -0.5042012 -0.8902344 0.06486786 -0.4508601 -0.8984314 0.02539763 -0.4383787 -0.9861002 0.03522211 -0.1623753 -0.9971009 0.02171361 -0.07292651 -0.9958204 0.01106991 -0.09065985 -1 0 0 -1 0 0 -1 0 0 -1 0 0 -1 0 0 -1 0 0 -1 0 0 -1 0 0 -1 0 0 -1 0 0 0 0 -1 0 0 -1 0 0 -1 0 0 -1 0 0 -1 0 0 -1 0 0 1 0 0 1 0 0 1 0 0 1 0 0 1 0 0 1 0 1 0 0 1 0 0 1 0 0 1 0 0 1 0 0 1 0 0 1 0 0 1 0 0 1 0 0 1 0 0 1 0 0 1 0 0 1 0 0 1 0 0 1 0 0 1 0 0 1 0 0 1 0 0 1 0 0 1 0 0 1 0 0 1 0 0 1 0 0 1 0 0 1 0 0 1 0 0 1 0 0 1 0 0 1 0 0 1 0 0 1 0 0 1 0 0 1 0 0 1 0 0 1 0 0 1 0 0 1 0 0 1 0 0 1 0 0 1 0 0 1 0 0 1 0 0 1 0 0 1 0 0 1 0 0 1 0 0 1 0 0 1 0 0 1 0 0 1 0 0 1 0 0 1 0 0 1 0 0 1 0 0 1 0 0 1 0 0 1 0 0 1 0 0 1 0 0 1 0 0 1 0 0 1 0 0 1 0 0 1 0 0 1 0 0 1 0 0 1 0 0 1 0 0 1 0 0 1 0 0 1 0 0 1 0 0 1 0 0 1 0 0 1 0 0 1 0 0 1 0 0 1 0 0 1 0 0 1 0 0 1 0 0 1 0 0 1 0 0 1 0 0 1 0 0 1 0 0 1 0 0 1 0 0 1 0 0 1 0 0 1 0 0 1 0 0 1 0 0 1 0 0 1 0 0 1 0 0 1 0 0 1 0 0 1 0 0 1 0 0 1 0 0 1 0 0 1 0 0 1 0 0 1 0 0 1 0 0 1 0 -1 0 0 -1 0 0 -1 0 0 -1 0 0 -1 0 0 -1 0 0 -1 0 0 -1 0 0 -1 0 0 -1 0 0 -1 0 0 0 0 -1 0 0 -1 0 0 -1 0 0 -1 0 0 -1 0 0 -1 0 0 -1 0 0 -1 0 0 -1 0 0 -1 -0.2782618 0.0318694 0.9599764 -0.2744098 0.04489189 0.9605644 -0.3787396 0.09247124 0.9208721 -0.386744 0.0656585 0.9198468 -0.282716 0.005256735 0.9591893 -0.5562325 0.1765287 0.8120609 -0.3958931 0.01082891 0.9182327 -0.5720314 0.1254705 0.8105783 -0.3918392 -0.04462774 0.9189507 -0.2807475 -0.02166414 0.9595371 -0.5895029 0.02069295 0.8075012 -0.72857 0.1789453 0.661184 -0.7051219 0.2513931 0.6630269 -0.8183348 0.31344 0.4817505 -0.3748424 -0.0974909 0.9219483 -0.2724872 -0.04732082 0.960995 -0.2587269 -0.06828477 0.9635339 -0.8487657 0.2234727 0.4792252 -0.890799 0.3598018 0.2775244 -0.879896 0.03685636 0.4737348 -0.9268497 0.2568966 0.273777 -0.9591512 0.2732327 0.07330007 -0.918491 0.3905185 0.06220667 -0.9151218 0.4002604 -0.04841209 -0.9331644 0.3550486 -0.05607805 -0.9526214 0.2280849 -0.2012208 -0.9905988 0.1351441 -0.02121657 -0.962638 0.04236855 0.2674565 -0.9966877 0.03755077 0.07213548 -0.9494023 -0.0135909 -0.3137683 -0.9953579 -0.09415862 0.01992187 -0.9468232 -0.1746217 0.2702463 -0.9772332 -0.1973122 0.07799492 -0.8904609 -0.2413066 -0.3858115 -0.9459499 -0.3174633 0.06630196 -0.86614 -0.1519019 0.476159 -0.8803267 -0.3814633 0.2819763 -0.9033269 -0.4189198 0.09223129 -0.7862253 -0.4474786 -0.4261604 -0.8456259 -0.520853 0.1167432 -0.7850124 -0.6096925 0.1096843 -0.6441567 -0.6232694 -0.443393 -0.6619407 -0.7381713 -0.1301449 -0.6769546 -0.7349222 -0.0402712 -0.4686919 -0.7638774 -0.4436431 -0.4734 -0.8755007 -0.09690664 -0.6875585 -0.7170215 0.1146448 -0.4888487 -0.8723397 -0.007092947 -0.5998498 -0.7894547 0.1301592 -0.6751566 -0.6648116 0.3196702 -0.5040419 -0.8510723 0.1470296 -0.2726247 -0.8604029 -0.4305608 -0.2583676 -0.9642427 -0.05901056 -0.504993 -0.7890955 0.349729 -0.274265 -0.9611627 0.03074217 -0.59378 -0.7319767 0.3341187 -0.06225306 -0.9106813 -0.4083922 -0.09471179 -0.9954961 0.004140718 -0.1084728 -0.9895042 0.09547327 -0.1157476 -0.9691639 0.2175405 -0.2946984 -0.9377148 0.1839669 -0.1796094 -0.9618136 0.2065309 -0.1043344 -0.96774 0.2293329 -0.4020293 -0.9006252 0.1650655 -0.04260979 -0.9696368 0.2408086 -0.02612743 -0.9888656 0.1464995 -0.4103652 -0.8350286 0.3665073 -0.3108883 -0.8694228 0.3839954 -0.2005599 -0.8928528 0.403224 -0.08801898 -0.9017609 0.4231783 -0.2169002 -0.7759021 0.5923937 -0.3128493 -0.7554054 0.5757499 -0.4815128 -0.6856143 0.5459656 -0.399201 -0.7255192 0.5605894 -0.5585639 -0.6360109 0.5324439 -0.4340266 -0.5479016 0.7151397 -0.6293772 -0.5776223 0.519843 -0.4954885 -0.5082812 0.704373 -0.5522082 -0.4615891 0.6942634 -0.7753273 -0.5552837 0.3008781 -0.7168515 -0.4828527 0.5029684 -0.8082952 -0.3318319 0.4863604 -0.6227679 -0.3864075 0.6803303 -0.6961666 -0.2657163 0.6668935 -0.4975846 -0.2706336 0.8241159 -0.4076303 -0.3550595 0.8412909 -0.4474044 -0.3224322 0.8341863 -0.3648304 -0.382731 0.8487731 -0.2993224 -0.1839371 0.9362549 -0.3153827 -0.1600647 0.9353679 -0.2738519 -0.1896503 0.9428881 -0.2353375 -0.08711558 0.9680016 -0.2132828 -0.09966861 0.9718933 -0.3473933 -0.1412162 0.9270253 -0.5493063 -0.1863092 0.8145867 -0.5817831 -0.08528495 0.8088603 -0.742484 -0.121635 0.6587279 -0.7534918 0.02951263 0.6567945 -0.2532513 -0.2097694 0.9443837 -0.3186732 -0.4049731 0.8569972 -0.2268491 -0.208586 0.9513314 -0.1881851 -0.1072734 0.9762575 -0.3681349 -0.5797817 0.726863 -0.2706489 -0.4217021 0.8653996 -0.2992245 -0.6036789 0.7389428 -0.2224543 -0.6202314 0.7522148 -0.2169311 -0.4334689 0.8746688 -0.1445181 -0.626229 0.7661278 -0.2005796 -0.2248373 0.9535282 -0.1737216 -0.2185251 0.9602435 -0.1632625 -0.107029 0.98076 -0.1626056 -0.4374967 0.8843959 -0.1475444 -0.224968 0.9631304 -0.1145171 -0.4348689 0.8931825 -0.1260253 -0.2113789 0.9692454 -0.1395126 -0.1019577 0.9849573 -0.07580657 -0.6228689 0.7786448 -0.09913805 -0.2145066 0.9716782 -0.06707976 -0.4279426 0.9013132 -0.02086987 -0.4146616 0.9097363 -0.08065502 -0.1956465 0.9773521 -0.1176051 -0.09169259 0.9888182 -0.007836674 -0.6125965 0.790357 -0.05418261 -0.1935007 0.9796028 0.05837881 -0.5939456 0.8023843 -0.03673401 -0.1713437 0.9845263 -0.0900418 -0.08799866 0.9920427 0.06610678 -0.374032 0.9250567 0.02402318 -0.3972722 0.9173863 0.1225174 -0.568703 0.8133673 -0.003424169 -0.1490602 0.9888222 -0.08422843 -0.06592519 0.9942633 0.02755303 -0.1144348 0.9930486 0.1098798 -0.3449265 0.932176 0.1653557 -0.2948604 0.9411243 0.220219 -0.2190959 0.9505265 0.3236225 -0.421005 0.8473626 0.2450833 -0.4935173 0.8344908 0.1829984 -0.535716 0.82433 0.2148342 -0.7116639 0.6688653 0.2906926 -0.6705619 0.682528 0.4656306 -0.5260923 0.7116284 0.3679231 -0.6173784 0.6953247 0.472346 -0.7104199 0.521721 0.4016132 -0.3127036 0.860769 0.5844224 -0.6050034 0.54076 0.5628196 -0.3906751 0.7284278 0.3838366 -0.7719092 0.5067797 0.5498776 -0.7661278 0.3326901 0.6959941 -0.449227 0.5601672 0.6704952 -0.6522358 0.3535883 0.4546622 -0.8326245 0.3162574 0.7947932 -0.4851172 0.3646438 0.7149337 -0.6684417 0.2050746 0.5914415 -0.7852283 0.1833396 0.8298739 -0.4939669 0.2594341 0.7266312 -0.6703315 0.1505418 0.9186955 -0.2828407 0.2756806 0.6057396 -0.788291 0.1080592 0.8824778 -0.2776135 0.3796889 0.5336164 -0.8073866 -0.2517547 0.4125649 -0.9083855 0.06801501 0.7773187 -0.256897 0.5742644 0.3971294 -0.9055629 0.1491441 0.6336758 -0.2234725 0.740618 0.3527402 -0.8861182 -0.3006142 0.2050933 -0.9782376 0.03143207 0.3602775 -0.8834605 0.2994956 0.2963995 -0.8191038 0.4911378 0.204202 -0.8558888 0.4751378 0.260893 -0.9232288 0.2821053 0.1346653 -0.7434855 0.6550531 0.1087375 -0.8822678 0.4580172 0.05175791 -0.7665672 0.6400749 -0.03334621 -0.7796481 0.6253294 0.1578847 -0.9515707 0.263791 -0.1192259 -0.7835583 0.6097718 0.1896481 -0.9753793 0.1125562 0.01074916 -0.8974713 0.4409419 0.05219533 -0.9680527 0.2452541 0.1517972 -0.9469628 -0.2832298 0.05095295 -0.9986582 -0.009249388 0.03255991 -0.9990053 0.03046638 0.01820498 -0.9962192 0.08494664 0.009527362 -0.9991705 0.03959197 -0.001650072 -0.995742 0.09216886 0 -1 0 0 -1 0 0 -1 0 0 -1 0 0 -1 0 0 -1 0 0 -1 0 0 -1 0 0 -1 0 0 -1 0 0 -1 0 0 -1 0 0 -1 0 0 -1 0 0 -1 0 0 -1 0 0 -1 0 0 -1 0 0 -1 0 0 -1 0 0 -1 0 0 1 0 0 1 0 0 1 0 0 1 0 0 1 0 0 1 0 0 1 0 0 1 0 0 1 0 0 1 0 0 1 0 0 1 0 0 1 0 0 1 0 0 1 0 0 1 0 0 1 0 0 1 0 0 1 0 0 1 0 0 1 0 0 1 0 0 1 0 0 1 0 0 1 0 0 1 0 0 1 0 0 1 0 0 1 0 0 1 0 0 1 0 0 1 0 0 1 0 0 1 0 0 1 0 0 1 0 0 1 0 0 1 0 -0.7206762 0.6931426 -0.0133848 -0.7977743 0.6023155 -0.02778783 -0.802339 0.5913394 0.08105395 -0.7265941 0.680332 0.09596557 -0.5369399 0.8434061 0.01901822 -0.7116772 0.6295624 0.3117159 -0.7822757 0.5477566 0.2966606 -0.7237948 0.477178 0.4984198 -0.5462535 0.8278185 0.1277644 -0.3363932 0.9271951 0.1647694 -0.3231282 0.9446542 0.05671512 -0.09166697 0.9910026 0.0975246 -0.5447944 0.7660439 0.3411391 -0.1092101 0.972687 0.2048246 -0.3505956 0.8580038 0.3753828 -0.5164193 0.6663728 0.5378275 -0.6615893 0.5476516 0.5122278 -0.629297 0.3827186 0.6763961 -0.1403658 0.9001014 0.41245 -0.5786925 0.4385372 0.6876046 0.1220925 0.9616493 0.2456094 0.1439902 0.9797565 0.1390829 -0.4624439 0.5336005 0.7081074 -0.4669374 0.307483 0.8291101 -0.5029885 0.2687447 0.8214492 -0.3508474 0.1407764 0.9257905 -0.331744 0.160901 0.9295466 -0.2608707 0.06834415 0.9629515 -0.2515802 0.07811085 0.9646793 -0.385432 0.3741424 0.8434807 -0.2890953 0.1957853 0.9370656 -0.2308681 0.09503527 0.9683327 -0.2394623 0.2192925 0.9458164 -0.2067726 0.1064349 0.9725825 -0.3271708 0.5976552 0.7319614 -0.2905838 0.4190604 0.8602031 -0.1857311 0.2300405 0.9552933 -0.1806938 0.1116571 0.9771809 -0.3474872 0.7463705 0.5676124 -0.1310263 0.2274347 0.9649381 -0.1541437 0.1103807 0.9818634 -0.164611 0.7829885 0.5998602 -0.1879056 0.4396238 0.8783066 -0.1807325 0.6269843 0.7577773 -0.08336604 0.4346276 0.8967435 -0.07852646 0.2116089 0.9741947 -0.1286621 0.102704 0.9863559 -0.03163836 0.619865 0.7840704 0.01696388 0.4043869 0.9144307 -0.03128524 0.1834787 0.9825257 -0.1057276 0.08905949 0.990399 0.107242 0.3506305 0.9303534 0.007958544 0.1446921 0.9894447 -0.08667992 0.0702323 0.9937575 0.1822355 0.2765059 0.9435755 0.03692013 0.09749429 0.994551 -0.07263768 0.04731478 0.9962355 0.2375848 0.1863127 0.9533316 0.3471656 0.3943548 0.8508586 0.05391245 0.04462816 0.9975479 -0.06439951 0.02165608 0.9976892 0.2700731 0.08528964 0.9590548 0.05796354 -0.01082738 0.99826 -0.06239312 -0.005254602 0.9980378 0.4260818 0.2657115 0.8647842 0.04881246 -0.06565767 0.9966476 -0.06687367 -0.03186307 0.9972526 -0.07066014 -0.04489703 0.9964895 0.2777802 -0.02069323 0.9604218 0.2603079 -0.1254717 0.9573383 0.4584932 -0.1789442 0.8704958 0.4834277 -0.02951219 0.8748867 0.4724008 0.1216339 0.8729506 0.664801 -0.03685553 0.7461108 0.8131009 -0.0423691 0.5805789 0.6510425 0.1519001 0.7436868 0.5932026 0.331831 0.7334841 0.9211515 -0.04578528 0.3865017 0.9580974 -0.04664811 0.2826186 0.9406828 0.1922564 0.2795592 0.797292 0.1746221 0.5777825 0.9040578 0.1887029 0.3834981 0.8322018 0.4122246 0.3708249 0.867472 0.4199882 0.2666502 0.7307974 0.3814644 0.5660566 0.7097529 0.6117904 0.3492326 0.7427187 0.6233104 0.2446489 0.573667 0.7904084 0.2148507 0.6174831 0.5661354 0.5460818 0.4946399 0.4924795 0.7160973 0.4639434 0.7179093 0.5190017 0.5438301 0.7758009 0.3199717 0.3440713 0.8947226 0.2847569 0.3701484 0.9115704 0.1789682 0.2790922 0.827957 0.48641 0.3610704 0.6244997 0.692552 0.2402068 0.5000697 0.8320042 0.1114466 0.5767264 0.8092999 0.2002718 0.7202317 0.6641969 0.02158155 0.7741018 0.6326932 0.07367524 0.8898849 0.4501964 0.989733 0.09801722 0.104025 0.9938338 0.09788574 0.05208451 0.9796154 0.1942113 0.05133923 0.9755349 0.1944701 0.1025329 0.9232722 0.3810869 0.0483863 0.9594739 0.1944667 0.2039425 0.9734379 0.0980134 0.2069108 0.9464773 0.09801442 0.3075288 0.9192913 0.3815334 0.09662157 0.8279126 0.5540656 0.08701703 0.8316807 0.5535409 0.043586 0.7723777 0.6338724 0.04047815 0.7687749 0.6343945 0.08080143 0.7561176 0.6343941 0.1607178 0.9041559 0.3815329 0.1921843 0.8142808 0.5540666 0.1730809 0.791729 0.5540654 0.2572485 0.7351782 0.6343912 0.238874 0.7061788 0.6343952 0.3144108 0.8791134 0.3815346 0.2856414 0.9328997 0.1944685 0.3031173 0.9091465 0.09801724 0.4047781 0.8961045 0.1944699 0.3989715 0.861855 0.09801918 0.4975923 0.8444402 0.3815338 0.375969 0.7605015 0.5540664 0.3385968 0.6694472 0.6343925 0.3865057 0.8005148 0.3815335 0.4621776 0.7209425 0.554066 0.4162365 0.6253787 0.634393 0.4543643 0.8494917 0.1944695 0.4904544 0.6734846 0.554066 0.4893152 0.574459 0.6343926 0.5172455 0.7935717 0.1944688 0.5765639 0.8051212 0.09801619 0.5849553 0.7395664 0.09801407 0.6659089 0.7478188 0.381534 0.5433221 0.7289575 0.1944667 0.6563563 0.6659091 0.09801395 0.7395663 0.6869294 0.3815339 0.6185142 0.6563563 0.1944668 0.7289575 0.5849552 0.09801607 0.8051213 0.6186475 0.5540665 0.5570328 0.5570327 0.5540665 0.6186476 0.5172455 0.6343926 0.574459 0.4543644 0.634393 0.6253787 0.6185141 0.3815339 0.6869295 0.4893152 0.5540659 0.6734846 0.5433222 0.381534 0.7478187 0.4162365 0.5540659 0.7209426 0.3865057 0.6343925 0.6694472 0.5765638 0.1944689 0.7935717 0.4975922 0.09801929 0.8618551 0.4621776 0.3815336 0.8005148 0.4904543 0.1944695 0.8494917 0.4047781 0.09801749 0.9091465 0.3989714 0.1944698 0.8961045 0.3075289 0.09801462 0.9464772 0.375969 0.3815338 0.8444402 0.3031175 0.1944683 0.9328997 0.2069109 0.09801345 0.9734379 0.3385971 0.5540663 0.7605015 0.3144111 0.6343954 0.7061785 0.2388738 0.6343916 0.7351779 0.2572486 0.5540652 0.7917291 0.2856415 0.3815346 0.8791133 0.1730806 0.5540665 0.8142809 0.1607175 0.6343943 0.7561176 0.192184 0.3815331 0.9041559 0.2039424 0.1944666 0.9594739 0.1040251 0.09801715 0.989733 0.09662167 0.3815335 0.9192913 0.08701703 0.5540656 0.8279126 0.08080121 0.6343944 0.768775 0.1025329 0.1944701 0.9755349 -1.044634e-07 0.09801871 0.9951846 -2.355345e-07 0.3815337 0.9243549 1.07749e-07 0.5540675 0.8324718 2.30044e-07 0.6343922 0.7730113 -2.789647e-07 0.194468 0.9809089 -0.1040253 0.09801743 0.989733 -0.08701715 0.5540656 0.8279126 -0.08080145 0.6343945 0.7687749 -0.0966213 0.3815334 0.9192913 -0.1025327 0.19447 0.975535 -0.2069105 0.0980136 0.9734379 -0.1730808 0.5540666 0.8142808 -0.1607178 0.6343941 0.7561177 -0.2039424 0.1944664 0.959474 -0.3075288 0.09801442 0.9464773 -0.1921842 0.3815332 0.9041558 -0.3031175 0.1944684 0.9328997 -0.4047781 0.09801724 0.9091465 -0.2572485 0.5540654 0.791729 -0.238874 0.6343912 0.7351782 -0.3144108 0.6343952 0.7061788 -0.2856415 0.3815347 0.8791133 -0.3989716 0.19447 0.8961044 -0.4975925 0.09801934 0.8618549 -0.3759691 0.3815338 0.8444402 -0.4904544 0.1944696 0.8494916 -0.5849551 0.09801635 0.8051213 -0.3385969 0.5540664 0.7605015 -0.3865056 0.6343925 0.6694472 -0.4162364 0.5540659 0.7209426 -0.4621776 0.3815335 0.8005149 -0.5765637 0.1944688 0.7935718 -0.6659089 0.09801407 0.7395664 -0.543322 0.381534 0.7478188 -0.6563563 0.1944667 0.7289575 -0.7395663 0.09801395 0.6659091 -0.6185142 0.3815339 0.6869294 -0.4893152 0.5540659 0.6734847 -0.4543644 0.6343931 0.6253786 -0.5172455 0.6343926 0.574459 -0.5570328 0.5540665 0.6186475 -0.6186476 0.5540665 0.5570327 -0.574459 0.6343926 0.5172455 -0.6253787 0.634393 0.4543644 -0.6869294 0.3815339 0.6185142 -0.6734847 0.554066 0.4893152 -0.7289575 0.1944668 0.6563564 -0.8051213 0.09801607 0.5849552 -0.7935717 0.1944688 0.5765638 -0.8618551 0.09801929 0.4975922 -0.7478188 0.381534 0.5433221 -0.7209426 0.554066 0.4162363 -0.6694474 0.6343923 0.3865055 -0.7061785 0.6343953 0.3144115 -0.8005149 0.3815336 0.4621775 -0.8494918 0.1944695 0.4904542 -0.9091465 0.09801749 0.4047781 -0.8444401 0.3815337 0.3759692 -0.7605013 0.5540664 0.3385973 -0.7351781 0.6343915 0.2388736 -0.8961044 0.1944699 0.3989715 -0.9464772 0.09801462 0.3075289 -0.8791134 0.3815345 0.2856413 -0.9328997 0.1944684 0.3031174 -0.9734379 0.09801366 0.2069106 -0.7917291 0.5540653 0.2572483 -0.7561176 0.6343941 0.1607178 -0.959474 0.1944665 0.2039424 -0.9041559 0.381533 0.1921842 -0.8142808 0.5540666 0.1730808 -0.9755349 0.1944702 0.1025328 -0.989733 0.09801735 0.1040254 -0.9952709 0.09701489 0.004903555 -0.9192913 0.3815335 0.09662118 -0.9808391 0.1947709 0.004362557 -0.8279128 0.5540654 0.08701687 -0.7687749 0.6343945 0.08080143 -0.7730088 0.6343902 0.002568658 -0.8320878 0.5546334 0.003415087 -0.7846513 0.6154669 -0.07431576 -0.9244085 0.3813804 0.004246806 -0.8461428 0.5270349 -0.07922442 -0.7758471 0.6142925 -0.1438956 -0.9341513 0.3460453 -0.08725816 -0.982642 0.1611049 -0.09197733 -0.9935641 0.07093302 -0.08831152 -0.981717 0.07096972 -0.1766209 -0.9226303 0.3456467 -0.171119 -0.9699864 0.1617786 -0.1815325 -0.9620407 0.07145157 -0.2633862 -0.8353378 0.527454 -0.1549293 -0.9491084 0.16155 -0.2703605 -0.9346598 0.07218715 -0.348138 -0.9030868 0.3456448 -0.2548803 -0.920153 0.1611902 -0.3568418 -0.902252 0.0702701 -0.4254451 -0.8176416 0.5274561 -0.2307648 -0.7594108 0.6142945 -0.2143304 -0.7365963 0.6142935 -0.2829653 -0.875955 0.345645 -0.3365003 -0.793077 0.5274559 -0.3046625 -0.7133404 0.6142407 -0.3374223 -0.7657899 0.5277597 -0.3674717 -0.7800642 0.4641878 -0.4195587 -0.8879341 0.161984 -0.4305046 -0.8459324 0.3458516 -0.4059374 -0.8242099 0.3479467 -0.4467787 -0.8247307 0.317154 -0.4682229 -0.8455236 0.2184776 -0.4871934 -0.8722673 0.1241695 -0.4730028 -0.8723684 0.02272424 -0.4883206 -0.8665023 0.05545674 -0.496083 -0.8607884 0.1305154 -0.4919441 -0.8530312 0.1325381 -0.5047488 0 -1 0 0 -1 0 -2.315481e-06 -1 8.168116e-05 0 -1 0 0 -1 0 0 -1 0 -0.0004543444 -0.9999997 0.0005697299 -9.056596e-05 -1 0.0001995127 3.953856e-05 -1 3.62899e-05 0 -1 0 0 -1 0 0 -1 0 0 -1 0 0 -1 0 0 -1 0 1.905743e-05 -1 1.944695e-05 4.00003e-05 -1 0 0 -1 0 0 -1 0 0 -1 0 0 -1 0 0 -1 0 0 -1 0 0 -1 0 0 -1 0 0 -1 0 0 -1 0 0 -1 0 0 -1 0 1 0 0 1 0 0 1 0 0 1 0 0 1 0 0 1 0 0 1 0 0 1 0 0 1 0 0 1 0 0 1 0 0 1 0 0 1 0 0 1 0 0 1 0 0 1 0 0 1 0 0 1 0 0 1 0 0 1 0 0 1 0 0 1 0 0 1 0 0 1 0 0 1 0 0 1 0 0 1 0 0 1 0 0 1 0 0 1 0 0 1 0 0 1 0 0 1 0 0 1 0 0 1 0 0 1 0 0 1 0 0 1 0 0 1 0 0 1 0 0 1 0 0 1 0 0 1 0 0 1 0 0 1 0 0 1 0 0 1 0 0 1 0 0 1 0 0 1 0 0 1 0 0 1 0 0 1 0 0 1 0 0 1 0 0 1 0 0 1 0 0 1 0 0 1 0 0 -1.271547e-16 -1 -7.293869e-16 -1.271544e-16 -1 -7.293861e-16 -1.271544e-16 -1 -7.293861e-16 -1.271544e-16 -1 -7.293862e-16 -1.271544e-16 -1 -7.293862e-16 -1.271544e-16 -1 -7.293865e-16 -1.271545e-16 -1 -7.293855e-16 -1.271544e-16 -1 -7.293861e-16 -1.271544e-16 -1 -7.293861e-16 -1.271544e-16 -1 -7.29386e-16 -1.271545e-16 -1 -7.293858e-16 -1.271543e-16 -1 -7.29386e-16 -1.271545e-16 -1 -7.293856e-16 -1.271541e-16 -1 -7.293857e-16 -1.271544e-16 -1 -7.293859e-16 -1.271545e-16 -1 -7.293862e-16 -1.271543e-16 -1 -7.293864e-16 -1.271545e-16 -1 -7.293862e-16 -1.271541e-16 -1 -7.293866e-16 -1.271543e-16 -1 -7.29386e-16 -1.271544e-16 -1 -7.293861e-16 -1.271543e-16 -1 -7.29386e-16 -1.27154e-16 -1 -7.293866e-16 -1.271544e-16 -1 -7.293861e-16 -1.271544e-16 -1 -7.29386e-16 -1.271544e-16 -1 -7.293861e-16 -1.271544e-16 -1 -7.293861e-16 -1.271542e-16 -1 -7.29386e-16 -1.271541e-16 -1 -7.293863e-16 -1.271545e-16 -1 -7.293862e-16 -1.271544e-16 -1 -7.293861e-16 -1.271542e-16 -1 -7.29386e-16 -1.271547e-16 -1 -7.293859e-16 -1.271545e-16 -1 -7.293861e-16 -1.271542e-16 -1 -7.293861e-16 -1.271547e-16 -1 -7.293862e-16 -1.271548e-16 -1 -7.293859e-16 -1.271543e-16 -1 -7.293861e-16 -1.271544e-16 -1 -7.293861e-16 -1.271547e-16 -1 -7.293861e-16 -1.271546e-16 -1 -7.29386e-16 -1.271547e-16 -1 -7.293861e-16 -1.271542e-16 -1 -7.293861e-16 -1.271543e-16 -1 -7.293861e-16 -1.271544e-16 -1 -7.293861e-16 -1.271547e-16 -1 -7.293862e-16 -1.271545e-16 -1 -7.293861e-16 -1.271536e-16 -1 -7.293857e-16 -1.271542e-16 -1 -7.29386e-16 -1.271542e-16 -1 -7.293861e-16 -1.271543e-16 -1 -7.29386e-16 -1.271545e-16 -1 -7.29386e-16 -1.271544e-16 -1 -7.293861e-16 -1.271542e-16 -1 -7.29386e-16 -1.271544e-16 -1 -7.293861e-16 -1.271547e-16 -1 -7.293864e-16 -1.271543e-16 -1 -7.29386e-16 -1.271543e-16 -1 -7.293859e-16 -1.271545e-16 -1 -7.293863e-16 -1.271544e-16 -1 -7.293862e-16 -1.271545e-16 -1 -7.293861e-16 -1.271544e-16 -1 -7.29386e-16 -1.271544e-16 -1 -7.293863e-16 -1.271544e-16 -1 -7.293861e-16 -1.271543e-16 -1 -7.293864e-16 -1.271544e-16 -1 -7.293861e-16 -1.271544e-16 -1 -7.293862e-16 -1.271545e-16 -1 -7.293861e-16 -1.271544e-16 -1 -7.293861e-16 -1.271544e-16 -1 -7.293862e-16 -1.271547e-16 -1 -7.293858e-16 -1.271544e-16 -1 -7.293862e-16 -1.271545e-16 -1 -7.293861e-16 -1.271542e-16 -1 -7.293862e-16 -1.271548e-16 -1 -7.293859e-16 -1.271543e-16 -1 -7.293861e-16 -1.271542e-16 -1 -7.293862e-16 -1.271542e-16 -1 -7.293862e-16 -1.271545e-16 -1 -7.293861e-16 -1.271544e-16 -1 -7.293861e-16 -1.271544e-16 -1 -7.293861e-16 -1.271544e-16 -1 -7.293861e-16 -1.271545e-16 -1 -7.293861e-16 -1.271542e-16 -1 -7.293861e-16 -1.271545e-16 -1 -7.293861e-16 -1.271546e-16 -1 -7.293861e-16 -1.271542e-16 -1 -7.293861e-16 -0.2372166 0.5581742 -0.7950911 -0.2164579 0.5682682 -0.7938622 -0.2184008 0.5211898 -0.8250226 -0.2334209 0.612445 -0.7552654 -0.2474975 0.6476423 -0.7206278 -0.2522062 0.664777 -0.703181 -0.7024963 0.6474678 -0.2954394 -0.7852408 0.5480361 -0.2881899 -0.7830408 0.5660133 -0.2578295 -0.6849761 0.6639542 -0.2999543 -0.8177526 0.5117696 -0.2633866 -0.7388397 0.6110671 -0.2841002 0 1 0 0 1 0 0 1 0 0 1 0 0 1 0 0 1 0 0 1 0 0 1 0 0 1 0 0 1 0 0 1 0 0 1 0 0 1 0 0 1 0 0 1 0 0 1 0 0 1 0 0 1 0 0 1 0 0 1 0 0 1 0 0 1 0 0 1 0 0 1 0 0 1 0 0 1 0 0 1 0 0 1 0 0 1 0 0 1 0 0 1 0 0 1 0 0 1 0 0 1 0 0 1 0 0 1 0 0 1 0 0 1 0 0 1 0 0 1 0 0 1 0 0 1 0 0 1 0 0 1 0 0 1 0 0 1 0 0 1 0 0 1 0 0 1 0 0 1 0 0 1 0 0 1 0 0 1 0 0 1 0 0 1 0 0 1 0 0 1 0 0 1 0 0 1 0 0 1 0 0 1 0 0 1 0 0 1 0 0 1 0 0.9804573 0.1946658 -0.0284387 0.995402 0.09062483 -0.03101497 0.982494 0.180354 -0.04666839 0.9238116 0.3819085 -0.0267961 0.9931775 0.08302085 -0.08189056 0.9229396 0.3822221 -0.04570329 0.9773248 0.1949176 -0.0827244 0.8308544 0.5549671 -0.04114015 0.8317837 0.5545754 -0.0241266 0.7728169 0.634233 -0.02241632 0.7696366 0.6371871 -0.04064741 0.9207198 0.3823632 -0.07793249 0.8255158 0.5599919 -0.07023382 0.7651439 0.6374114 -0.09089268 0.9770866 0.177048 -0.1181346 0.9834971 0.08441542 -0.1600234 0.9174873 0.3822285 -0.1100833 0.8259402 0.5549793 -0.09910011 0.82099 0.5574259 -0.123498 0.7578741 0.6431283 -0.1096029 0.7829687 0.6062433 -0.1393881 0.8177473 0.5524491 -0.1615222 0.8727651 0.4525913 -0.1828719 0.9135749 0.3809816 -0.142246 0.9122612 0.3713308 -0.1728959 0.9400844 0.2585301 -0.2222691 0.9688536 0.1948893 -0.1527773 0.9660236 0.1828225 -0.1826864 0.960877 0.1537143 -0.2304068 0.9715186 0.08561407 -0.2209568 -0.1736472 -8.854074e-07 0.9848079 -0.1736478 6.064908e-07 0.9848078 -0.1736479 8.753847e-08 0.9848078 -0.1736475 3.895685e-07 0.9848079 -0.1736481 1.098112e-06 0.9848078 -0.1736478 -3.39624e-07 0.9848078 -0.173648 1.085082e-06 0.9848078 -0.1736479 -2.29458e-07 0.9848078 -0.1736482 -3.512738e-07 0.9848078 -0.1736479 1.836652e-07 0.9848078 -0.1736479 -6.161533e-07 0.9848078 -0.1736486 1.455996e-06 0.9848077 -0.173648 -1.139998e-06 0.9848078 -0.1736481 3.666282e-07 0.9848078 -0.1736479 -8.093699e-07 0.9848078 -0.1736472 -8.768398e-07 0.9848079 -0.1736476 -4.859154e-07 0.9848078 -0.173648 -2.542363e-07 0.9848078 -0.1736477 -4.856309e-07 0.9848078 -0.1736482 4.676243e-07 0.9848077 -0.1736478 -4.898541e-07 0.9848078 -0.1736484 1.258876e-06 0.9848077 -0.1736477 -2.601089e-07 0.9848078 -0.1736487 8.923728e-07 0.9848077 -0.1736475 -7.625823e-07 0.9848079 -0.1736472 -2.221546e-07 0.9848079 -0.1736485 -6.00982e-08 0.9848077 -0.1736477 -2.355804e-07 0.9848078 -0.1736493 4.303314e-07 0.9848076 -0.1736474 -7.268689e-07 0.9848079 -0.1736486 3.668111e-08 0.9848077 -0.1736479 -4.935811e-07 0.9848078 -0.1736491 6.676777e-07 0.9848076 -0.1736478 -4.896919e-07 0.9848078 -0.1736482 5.978811e-07 0.9848078 -0.1736487 -1.139378e-06 0.9848077 -0.1736481 5.603609e-08 0.9848078 -0.1736486 -6.010686e-07 0.9848077 -0.1736482 -5.106727e-07 0.9848078 -0.1736487 -1.144705e-07 0.9848077 -0.1736478 -1.303448e-06 0.9848078 -0.1736483 4.386205e-07 0.9848077 -0.1736479 -9.097938e-07 0.9848078 -0.1736479 7.452222e-07 0.9848078 -0.1736479 -2.434638e-07 0.9848078 -0.173648 -5.358745e-07 0.9848078 -0.1736481 9.228322e-07 0.9848078 -0.1736477 -8.370315e-07 0.9848078 -0.1736482 7.637851e-07 0.9848078 -0.173648 -7.141534e-07 0.9848078 -0.1736481 4.799461e-07 0.9848078 -0.1736486 1.399772e-06 0.9848077 -0.4336923 0.127387 -0.892011 -0.4423514 0.05284126 -0.8952838 -0.4524791 0.1224148 -0.8833331 -0.4426331 0.1854879 -0.8773085 -0.4169523 0.09098622 -0.9043629 -0.4339444 0.01795514 -0.9007607 -0.3608776 0.06203379 -0.9305478 -0.3875813 0.3252074 -0.8625665 -0.3564449 0.1415491 -0.9235318 -0.424485 0.2675774 -0.8649941 -0.4363648 0.2570362 -0.862275 -0.4029592 0.3526952 -0.8445294 -0.2688337 0.1414812 -0.9527389 -0.2709055 0.06966617 -0.9600817 -0.3426808 0.3138469 -0.8854773 -0.257914 0.3130685 -0.9140397 -0.1670228 0.1414797 -0.9757494 -0.16831 0.06966022 -0.9832696 -0.06384359 0.06965996 -0.9955257 -0.0633551 0.1414797 -0.9879117 0.04133286 0.06966567 -0.9967137 -0.1602385 0.3130699 -0.9361148 -0.3075025 0.5195256 -0.7972047 -0.2302272 0.5190884 -0.8231298 -0.3722294 0.4399807 -0.8172284 -0.3623081 0.4918582 -0.7917123 -0.2831202 0.6236443 -0.7286362 -0.2207721 0.6219054 -0.7513277 -0.1421788 0.6215471 -0.7703664 -0.1418711 0.5192495 -0.8427648 -0.06194957 0.6210905 -0.7812866 -0.06078152 0.3130704 -0.9477829 -0.05197215 0.5194508 -0.8529184 0.01908603 0.6205598 -0.7839268 0.04101673 0.1414796 -0.9890911 0.03844933 0.5196954 -0.853486 0.1000826 0.6199582 -0.7782257 0.03935061 0.3130685 -0.948915 0.1449329 0.1414799 -0.9792742 0.14605 0.06966175 -0.9868215 0.1390457 0.3130695 -0.9394965 0.2472374 0.1414795 -0.9585704 0.2491427 0.06966607 -0.9659578 0.3409608 0.06305543 -0.9379604 0.1283738 0.5199716 -0.8444819 0.1801873 0.6192914 -0.764206 0.2167903 0.5202783 -0.8260221 0.2532403 0.6158358 -0.7460667 0.2371947 0.3130685 -0.919634 0.295529 0.5211236 -0.8006827 0.3620838 0.4347556 -0.8245501 0.3233332 0.3132618 -0.8929293 0.3370391 0.1415414 -0.9307904 0.3837241 0.3135844 -0.8685739 0.400557 0.09427889 -0.9114086 0.4452873 0.04862094 -0.8940667 0.4228938 0.3346908 -0.8421062 0.4580232 0.3139803 -0.8316436 0.4401841 0.1417008 -0.886656 0.4661824 0.2591978 -0.8458667 0.5060748 0.1556162 -0.8483348 0.479076 0.1015101 -0.8718841 0.5071489 0.0652488 -0.859385 0.4978071 -0.02097961 -0.867034 0 1 0 0 1 0 0 1 0 0 1 0 0 1 0 0 1 0 0 1 0 0 1 0 1 0 0 1 0 0 1 0 0 1 0 0 0 0.9927086 -0.1205386 0 0.9927086 -0.1205386 0 0.9709425 -0.2393128 0 0.9709425 -0.2393128 0 0.8854564 -0.4647225 0 0.8854564 -0.4647225 0 0.7485082 -0.6631255 0 0.7485082 -0.6631255 0 0.5680647 -0.8229839 0 0.5680647 -0.8229839 0 0.3546051 -0.9350162 0 0.3546051 -0.9350162 0 0.1205362 -0.9927089 0 0.1205362 -0.9927089 0 -0.1205369 -0.9927088 0 -0.1205369 -0.9927088 0 -0.3546045 -0.9350164 0 -0.3546045 -0.9350164 0 -0.5680636 -0.8229846 0 -0.5680636 -0.8229846 0 -0.7485113 -0.663122 0 -0.7485113 -0.663122 0 -0.8854561 -0.464723 0 -0.8854561 -0.464723 0 -0.9709419 -0.2393152 0 -0.9709419 -0.2393152 0 -1 -1.693261e-07 0 -1 -1.693261e-07 0 -0.9709419 0.2393155 0 -0.9709419 0.2393155 0 -0.8854555 0.4647242 0 -0.8854555 0.4647242 0 -0.7485122 0.6631211 0 -0.7485122 0.6631211 0 -0.5680654 0.8229834 0 -0.5680654 0.8229834 0 -0.3546045 0.9350164 0 -0.3546045 0.9350164 0 -0.1205369 0.9927088 0 -0.1205369 0.9927088 0 0.1205362 0.9927089 0 0.1205362 0.9927089 0 0.3546051 0.9350162 0 0.3546051 0.9350162 0 0.5680664 0.8229827 0 0.5680664 0.8229827 0 0.7485091 0.6631245 0 0.7485091 0.6631245 0 0.8854558 0.4647236 0 0.8854558 0.4647236 0 0.9709424 0.2393131 0 0.9709424 0.2393131 0 0.9927087 0.1205383 0 0.9927087 0.1205383 -0.9815338 -0.00266986 -0.1912699 -0.9937117 0 -0.1119688 -0.9749733 0.0002766402 -0.2223218 -0.862439 -0.001901342 -0.5061574 -0.900773 -6.177397e-05 -0.4342902 -0.7821392 -2.756417e-05 -0.6231038 -0.6685918 -0.0007249255 -0.7436293 -0.6234672 0.000714454 -0.7818491 -0.4881842 -0.0006670707 -0.8727404 -0.4338828 0.0006616366 -0.9009691 -0.2334005 -0.001478794 -0.9723796 -0.2223111 0.0003093168 -0.9749757 -0.1792606 -0.001594774 -0.9838003 -0.1119524 0 -0.9937136 -0.9937131 1.939743e-05 0.1119564 -0.99381 0 0.111093 -0.9844907 -5.800409e-06 0.1754367 -0.9749698 0.0003218906 0.2223372 -0.9430048 -7.810222e-05 0.332779 -0.9009431 0.0005293881 0.4339368 -0.8887541 1.976073e-05 0.4583842 -0.8167157 4.382091e-05 0.5770403 -0.7818658 0.0005196264 0.6234466 -0.7261105 -0.000125411 0.687578 -0.6234858 0.0005962381 0.7818345 -0.620939 -1.56871e-05 0.7838589 -0.5072033 -0.0001193858 0.8618264 -0.43383 0.0004937911 0.9009946 -0.3848841 0.0001899854 0.9229649 -0.2225844 0.0005006421 0.9749133 -0.2548212 4.09812e-05 0.9669882 -0.1168211 -7.705181e-05 0.993153 -0.1115816 0.0005989274 0.9937551 -0.06758863 0 0.9977133 0.9839041 -0.001824224 0.1786878 0.9937122 0 0.1119647 0.9749769 0.0003197529 0.222306 0.8817589 -0.0008867486 0.4716995 0.9006988 -0.0002881831 0.4344439 0.7821647 -0.000411767 0.6230716 0.6579536 -0.001590302 0.7530568 0.6234469 0.0003200121 0.7818656 0.3027354 -0.002454394 0.9530715 0.4337173 -3.571005e-05 0.901049 0.2226224 -0.000197727 0.9749047 0.2352522 -0.002491559 0.9719312 0.1119647 0 0.9937122 0.1119652 0 -0.9937121 0.1119652 0 -0.9937121 0.2225207 0 -0.974928 0.2225207 0 -0.974928 0.4338822 0 -0.9009696 0.4338822 0 -0.9009696 0.6234893 0 -0.7818319 0.6234893 0 -0.7818319 0.7818319 0 -0.6234893 0.7818319 0 -0.6234893 0.900969 0 -0.4338834 0.900969 0 -0.4338834 0.9749279 0 -0.2225208 0.9749279 0 -0.2225208 0.9937122 0 -0.1119646 0.9937122 0 -0.1119646 0.9937122 0 -0.1119646 0.9937139 2.328273e-05 -0.1119497 0.9938105 0 -0.1110888 0.9844914 -6.948551e-06 -0.175433 0.9749793 0.0003872049 -0.2222954 0.9430064 -9.295435e-05 -0.3327746 0.9009379 0.000637265 -0.4339476 0.8887388 2.387561e-05 -0.458414 0.8167392 5.317858e-05 -0.5770069 0.7818716 0.0006261594 -0.6234391 0.726102 -0.0001500469 -0.687587 0.623484 0.0007180528 -0.7818358 0.6209387 -1.882153e-05 -0.7838592 0.5072181 -0.0001426605 -0.8618177 0.4338204 0.0005947107 -0.9009992 0.384834 0.0002286944 -0.9229858 0.2225941 0.0006019592 -0.974911 0.254863 4.95941e-05 -0.9669772 0.1168042 -9.158747e-05 -0.993155 0.1114927 0.0007191515 -0.993765 0.06757516 0 -0.9977142 -0.1119657 0 0.9937121 -0.1119657 0 0.9937121 -0.2225214 0 0.9749278 -0.2225214 0 0.9749278 -0.4338832 0 0.9009691 -0.4338832 0 0.9009691 -0.6234891 0 0.781832 -0.6234891 0 0.781832 -0.7818306 0 0.623491 -0.7818306 0 0.623491 -0.9009687 0 0.4338841 -0.9009687 0 0.4338841 -0.974928 0 0.2225206 -0.974928 0 0.2225206 -0.9937121 0 0.1119652 -0.9937121 0 0.1119652 -1 0 0 -1 0 0 -1 0 0 -1 0 0 -1 0 0 -1 0 0 -1 0 0 -1 0 0 -1 0 0 -1 0 0 -1 0 0 -1 0 0 -1 0 0 -1 0 0 -1 0 0 -1 0 0 -1 0 0 -1 0 0 -1 0 0 -1 0 0 -1 0 0 -1 0 0 -1 0 0 -1 0 0 -1 0 0 -1 0 0 -1 0 0 -1 0 0 -1 0 0 -1 0 0 -0.9937121 0 -0.1119652 -0.9937121 0 -0.1119652 -0.974928 0 -0.2225206 -0.974928 0 -0.2225206 -0.9009687 0 -0.4338841 -0.9009687 0 -0.4338841 -0.7818308 0 -0.6234906 -0.7818308 0 -0.6234906 -0.6234891 0 -0.7818321 -0.6234891 0 -0.7818321 -0.4338822 0 -0.9009696 -0.4338822 0 -0.9009696 -0.2225208 0 -0.9749279 -0.2225208 0 -0.9749279 -0.1119657 0 -0.9937121 -0.1119657 0 -0.9937121 -0.9844906 -5.800558e-06 -0.1754374 -0.99381 0 -0.111093 -0.9937131 1.939743e-05 -0.1119564 -0.9749696 0.0003218839 -0.2223379 -0.9430055 -7.806877e-05 -0.332777 -0.9009443 0.0005293245 -0.4339345 -0.8887543 1.988973e-05 -0.458384 -0.8167125 4.383674e-05 -0.5770448 -0.781866 0.0005194929 -0.6234463 -0.7261155 -0.0001254342 -0.6875727 -0.6234849 0.0005961405 -0.7818352 -0.6209398 -1.553838e-05 -0.7838582 -0.507202 -0.0001193332 -0.8618272 -0.4338334 0.0004937582 -0.900993 -0.3848901 0.0001899941 -0.9229624 -0.2225802 0.0005006428 -0.9749142 -0.2548199 4.097414e-05 -0.9669885 -0.11681 -7.706364e-05 -0.9931543 -0.1115692 0.0005989447 -0.9937565 -0.06757493 0 -0.9977142 0 0.04243385 -0.9990993 0.001964273 0.0860036 -0.9962929 0.003459564 0.1257728 -0.992053 0.002370145 0.1781163 -0.9840066 0.00197861 0.1677737 -0.9858235 -0.004504678 0.2770664 -0.9608402 -0.00173125 0.2863189 -0.9581328 -0.01113579 0.3362825 -0.9416953 -0.007830235 0.3989589 -0.9169354 -0.00934984 0.4381004 -0.8988774 -0.003393679 0.4968811 -0.867812 -0.01140575 0.6086059 -0.7933907 -0.001594765 0.5835937 -0.8120443 -0.001375059 0.6759153 -0.7369781 -0.006050889 0.7641082 -0.6450598 0 0.7748019 -0.6322041 0 0.8884106 -0.4590497 0 0.8884106 -0.4590497 0 0.9717022 -0.2362093 0 0.9717022 -0.2362093 0 0.9929001 -0.1189509 0 0.9929001 -0.1189509 -0.9749563 0.0002061672 0.2223963 -0.9937117 0 0.1119688 -0.9930054 -0.0002045049 0.1180686 -0.9479854 -0.0002628368 0.3183137 -0.9009639 0.0003903404 0.4338939 -0.8243103 -0.001531698 0.5661363 -0.7818974 0.0005066166 0.623407 -0.6385342 -0.0007267752 0.7695931 -0.6234949 0.0006995206 0.7818271 -0.4689654 -0.0005075798 0.8832164 -0.4338683 0.0006844453 0.900976 -0.2308645 -0.001440517 0.9729848 -0.2223151 0.0003094359 0.9749748 -0.1792607 -0.001594488 0.9838003 -0.1119647 0 0.9937122 0.001963577 0.08601126 0.9962922 0 0.04243385 0.9990993 0.003459564 0.1257728 0.992053 0.002380357 0.1764856 0.9843003 0.001977848 0.1677743 0.9858234 -0.005268527 0.2762924 0.9610592 -0.001226081 0.2809211 0.9597301 -0.008661626 0.3266347 0.945111 -0.008393209 0.3789337 0.9253858 -0.01082129 0.4389204 0.8984608 -2.430504e-05 0.4415419 0.8972406 -0.004888256 0.5042604 0.8635378 -0.01140587 0.6086059 0.7933907 -0.001595226 0.5835939 0.8120441 -0.001375214 0.675915 0.7369783 -0.006050868 0.7641089 0.6450589 0 0.7748026 0.6322033 0 0.8884109 0.4590492 0 0.8884109 0.4590492 0 0.9717019 0.2362104 0 0.9717019 0.2362104 0 0.9929001 0.1189511 0 0.9929001 0.1189511 -0.9749271 0.2225245 0 -0.9937117 0.1119688 0 -0.9937117 0.1119688 0 -0.9749271 0.2225245 0 -0.9009704 0.4338806 0 -0.9009704 0.4338806 0 -0.7818327 0.6234882 0 -0.7818327 0.6234882 0 -0.6234854 0.781835 0 -0.6234854 0.781835 0 -0.4338826 0.9009694 0 -0.4338826 0.9009694 0 -0.2225241 0.9749272 0 -0.2225241 0.9749272 0 -0.1119679 0.9937118 0 -0.1119679 0.9937118 0 0 0.9925845 -0.1215567 0 0.9704485 -0.2413084 0 0.9925845 -0.1215567 0 0.9704485 -0.2413084 0 0.8835407 -0.4683544 0 0.8835407 -0.4683544 0 0.7444139 -0.6677184 0 0.7444139 -0.6677184 0 0.6050865 -0.7961598 0.001619121 0.5899948 -0.8074054 0.0009719983 0.5373979 -0.8433283 0.00180157 0.5141962 -0.8576707 0.003053426 0.4690957 -0.8831421 -8.05155e-05 0.4782832 -0.8782057 -0.00131161 0.413888 -0.9103269 0.002733917 0.3713283 -0.9284976 -0.000481111 0.3362528 -0.9417716 0.001191519 0.2728293 -0.9620617 -0.003110075 0.2021524 -0.9793491 -0.002774442 0.1793309 -0.9837849 -0.002747584 0.09256702 -0.9957027 -0.004760994 0.1341836 -0.9909451 0 0.04548815 -0.9989649 0 0.9704485 0.2413085 0 0.9925844 0.1215574 0 0.9925844 0.1215574 0 0.9704485 0.2413085 0 0.8835414 0.4683531 0 0.8835414 0.4683531 0 0.7444146 0.6677176 0 0.7444146 0.6677176 0.001619237 0.589994 0.807406 0 0.6050831 0.7961623 0.000971394 0.5373982 0.8433281 0.001801168 0.5141983 0.8576694 0.003061417 0.4690993 0.8831401 -7.497797e-05 0.4783635 0.8781619 -0.0013002 0.4140715 0.9102434 0.002732135 0.3713195 0.9285011 -0.0004781227 0.3364374 0.9417057 0.001182439 0.2728335 0.9620605 -0.003109782 0.2022288 0.9793334 -0.002774132 0.1793328 0.9837846 -0.002747312 0.0925702 0.9957024 -0.004761053 0.1341847 0.9909449 0 0.04548815 0.9989649 0.9749724 0.0002882505 -0.2223258 0.9937122 0 -0.1119647 0.9835722 -0.00187412 -0.1805056 0.881722 -0.0009157456 -0.4717684 0.9007043 -0.0003343174 -0.4344326 0.7821732 -0.0004212018 -0.6230609 0.6574208 -0.001580805 -0.753522 0.623443 0.000326117 -0.7818687 0.3026414 -0.002452112 -0.9531014 0.4337207 -3.57809e-05 -0.9010474 0.2226183 -0.0001977669 -0.9749057 0.2352503 -0.002491762 -0.9719316 0.1119524 0 -0.9937136 0 0.1950903 0.9807853 0 0.09801731 0.9951847 0 0.09801731 0.9951847 0 0.1950903 0.9807853 0 0.382684 0.9238793 0 0.382684 0.9238793 0 0.55557 0.8314698 0 0.55557 0.8314698 0 0.7071062 0.7071074 0 0.7071062 0.7071074 0 0.8314698 0.55557 0 0.8314698 0.55557 0 0.9238797 0.382683 0 0.9238797 0.382683 0 0.9807852 0.1950908 0 0.9807852 0.1950908 0 1 -8.877624e-18 0 1 1.775525e-17 0 0.9807852 -0.1950906 0 0.9807852 -0.1950906 0 0.9238797 -0.382683 0 0.9238797 -0.382683 0 0.8314695 -0.5555704 0 0.8314695 -0.5555704 0 0.7071061 -0.7071075 0 0.7071061 -0.7071075 0 0.5555703 -0.8314696 0 0.5555703 -0.8314696 0 0.3826844 -0.9238791 0 0.3826844 -0.9238791 0 0.1950898 -0.9807854 0 0.1950898 -0.9807854 0 0.09801583 -0.9951849 0 0.09801583 -0.9951849 0.1119688 0.9937117 0 0.2225214 0.9749278 0 0.1119688 0.9937117 0 0.2225214 0.9749278 0 0.433884 0.9009687 0 0.433884 0.9009687 0 0.6234932 0.7818288 0 0.6234932 0.7818288 0 0.7818318 0.6234894 0 0.7818318 0.6234894 0 0.9009678 0.433886 0 0.9009678 0.433886 0 0.9749277 0.2225219 0 0.9749277 0.2225219 0 0.9937122 0.1119647 0 0.9937122 0.1119647 0 0.9844913 -6.94873e-06 0.1754337 0.9938105 0 0.1110888 0.9937139 2.328273e-05 0.1119497 0.9749794 0.0003871757 0.2222948 0.9430056 -9.300542e-05 0.3327768 0.9009367 0.0006373036 0.43395 0.8887401 2.370653e-05 0.4584114 0.8167425 5.315993e-05 0.5770024 0.7818714 0.0006263204 0.6234394 0.726097 -0.0001500186 0.6875923 0.6234848 0.00071817 0.7818351 0.6209378 -1.900098e-05 0.7838598 0.5072194 -0.0001427237 0.861817 0.4338171 0.0005947504 0.9010008 0.384828 0.0002286841 0.9229883 0.2225982 0.0006019585 0.9749101 0.2548643 4.960257e-05 0.9669768 0.1168153 -9.157328e-05 0.9931537 0.111505 0.0007191307 0.9937636 0.06758886 0 0.9977133 0.1119652 0 0.9937121 0.2225212 0 0.9749279 0.1119652 0 0.9937121 0.2225212 0 0.9749279 0.4338831 0 0.9009692 0.4338831 0 0.9009692 0.6234893 0 0.7818319 0.6234893 0 0.7818319 0.7818316 0 0.6234897 0.7818316 0 0.6234897 0.900969 0 0.4338834 0.900969 0 0.4338834 0.9749279 0 0.2225208 0.9749279 0 0.2225208 0.9937122 0 0.1119646 0.9937122 0 0.1119646 0.9937122 0 0.1119646 1 0 0 1 0 0 1 0 0 1 0 0 1 0 0 1 0 0 1 0 0 1 0 0 1 0 0 1 0 0 1 0 0 1 0 0 1 0 0 1 0 0 1 0 0 1 0 0 1 0 0 1 0 0 1 0 0 1 0 0 1 0 0 1 0 0 1 0 0 1 0 0 1 0 0 1 0 0 1 0 0 1 0 0 1 0 0 1 0 0 1 0 0 1 0 0 0.1119647 0 0.9937122 0.2225212 0 0.9749279 0.1119647 0 0.9937122 0.2225212 0 0.9749279 0.4338842 0 0.9009686 0.4338842 0 0.9009686 0.62349 0 0.7818314 0.62349 0 0.7818314 0.7818308 0 0.6234906 0.7818308 0 0.6234906 0.9009684 0 0.4338847 0.9009684 0 0.4338847 0.9749278 0 0.2225213 0.9749278 0 0.2225213 0.9937122 0 0.1119647 0.9937122 0 0.1119647 0 0 1 0 0 1 0 0 1 0 0 1 0 0 1 0 0 1 0 0 1 0 0 1 0 0 1 0 0 1 0 0 1 0 0 1 0 0 1 0 0 1 0 0 1 0 0 1 0 0 1 0 0 1 0 0 1 0 0 1 0 0 -1 0 0 -1 0 0 -1 0 0 -1 0 0 -1 0 0 -1 0 0 -1 0 0 -1 0 0 -1 0 0 -1 0 0 -1 0 0 -1 0 0 -1 0 0 -1 0 0 -1 0 0 -1 0 0 -1 0 0 -1 0 0 -1 0 0 -1 0.9937122 0 -0.1119647 0.9749277 0 -0.2225219 0.9937122 0 -0.1119647 0.9749277 0 -0.2225219 0.9009695 0 -0.4338824 0.9009695 0 -0.4338824 0.7818311 0 -0.6234903 0.7818311 0 -0.6234903 0.623489 0 -0.7818321 0.623489 0 -0.7818321 0.4338876 0 -0.900967 0.4338876 0 -0.900967 0.2225171 0 -0.9749288 0.2225171 0 -0.9749288 0.1119524 0 -0.9937136 0.1119524 0 -0.9937136 -0.2218309 0.0988732 0.9700593 -0.1114323 0.09740686 0.9889867 -0.1281092 0.1669682 0.977604 -0.2164353 0.2137958 0.9526002 -0.4290708 0.09441734 0.8983227 -0.1596136 0.3433095 0.9255604 -0.4309944 0.1876099 0.882636 -0.6177824 0.08219568 0.7820414 -0.2018977 0.413395 0.8878862 -0.1922369 0.5137382 0.8361328 -0.4309991 0.3670189 0.8243403 -0.6198801 0.1631475 0.7675491 -0.1826731 0.5861156 0.7893662 -0.08434181 0.6922939 0.7166698 -0.6198772 0.3191661 0.7168579 -0.7782104 0.1305693 0.6142803 -0.7765197 0.06586262 0.6266412 -0.8970883 0.04618612 0.4394308 -0.4313251 0.5207263 0.7367515 -0.6202964 0.4526834 0.6405545 -0.4323156 0.6207418 0.6540511 -0.7782101 0.2554323 0.5737102 -0.8980471 0.09146024 0.4302865 -0.9732864 0.04773517 0.2245772 -0.9730028 0.02412463 0.229529 -0.9936429 0.01176766 0.111961 -0.9937117 0.02327964 0.1095219 -0.9732861 0.09338504 0.209746 -0.9937118 0.0455415 0.102288 -0.8980474 0.1789229 0.4018675 -0.9734892 0.1319301 0.1868508 -0.9938089 0.06416486 0.09070132 -0.8983978 0.2533979 0.3587072 -0.9753884 0.1511585 0.1605259 -0.9941069 0.08157495 0.0713933 -0.7786363 0.3620958 0.512457 -0.8994517 0.300764 0.317061 -0.6215512 0.5392406 0.5682373 -0.7799165 0.430797 0.4540311 -0.7800566 0.4744859 0.4078907 -0.9741496 0.1713529 0.1472102 -0.8995563 0.3312648 0.284714 -0.975595 0.1797597 0.1260986 -0.994114 0.09440271 0.0531561 -0.8994792 0.3584485 0.2499036 -0.974156 0.1974653 0.1096701 -0.9757403 0.200972 0.08684005 -0.9941175 0.1032279 0.03277794 -0.8995794 0.3817891 0.2121179 -0.779964 0.5134065 0.3578686 -0.8994964 0.4014286 0.1725146 -0.6216959 0.5939263 0.5106327 -0.9741605 0.215488 0.06764728 -0.4324324 0.6836871 0.5878556 -0.9758249 0.2140241 0.04426494 -0.9941189 0.1077266 0.01107511 -0.8995929 0.4166682 0.1308444 -0.7799929 0.5749597 0.2470475 -0.8995044 0.4279453 0.08806085 -0.7800939 0.5468991 0.3038994 -0.7801136 0.5968912 0.1874666 -0.6217361 0.6846112 0.3804625 -0.6216054 0.6426458 0.4478986 -0.4323591 0.739778 0.5155522 -0.6216399 0.7196924 0.3092033 -0.4324743 0.7881074 0.4380099 -0.6217752 0.7472037 0.2346963 -0.4324022 0.8284649 0.3559133 -0.4325101 0.8601894 0.2702023 -0.2217033 0.8959425 0.3848826 -0.1469898 0.8672831 0.4756195 -0.2216752 0.8000255 0.5575117 -0.08356352 0.917015 0.3900009 -0.08383856 0.8208814 0.5649113 -0.1575053 0.7535804 0.6382074 -0.2216464 0.6712957 0.7072729 -0.1399325 0.9456836 0.2934306 -0.0834399 0.9764231 0.1990872 -0.4324196 0.8831794 0.1816793 -0.2217065 0.9551156 0.19647 -0.1364042 0.985677 0.09916991 -0.08341225 0.9965151 1.781887e-17 -0.6216711 0.7672116 0.1578336 -0.4325257 0.8969855 0.09131568 -0.7800136 0.6129242 0.1261059 -0.6217928 0.7791553 0.07931394 -0.7801251 0.6224077 0.06335214 -0.8995994 0.4344717 0.04421736 -0.7800173 0.6257579 6.614198e-07 -0.9741636 0.2246837 0.02285929 -0.8995088 0.4369026 -7.903277e-08 -0.9758533 0.2184269 4.502812e-10 -0.9941189 0.1077267 -0.01107513 -0.9741636 0.2246836 -0.02285917 -0.8995995 0.4344717 -0.04421731 -0.9758249 0.2140243 -0.04426503 -0.9941175 0.1032279 -0.03277796 -0.7801254 0.6224072 -0.06335283 -0.8995039 0.4279462 -0.0880611 -0.9741606 0.2154877 -0.06764754 -0.621681 0.7832705 1.551723e-06 -0.9757403 0.2009723 -0.08683948 -0.9941139 0.09440287 -0.05315619 -0.8995931 0.4166677 -0.1308448 -0.9741558 0.1974661 -0.1096708 -0.8994961 0.4014294 -0.1725143 -0.9752806 0.1794695 -0.1289127 -0.9923713 0.09402617 -0.0797388 -0.8995794 0.3817889 -0.212118 -0.9743672 0.158043 -0.1600967 -0.9927884 0.07371434 -0.09453749 -0.8990547 0.3558103 -0.2551465 -0.9741149 0.1242057 -0.1888731 -0.9932297 0.05070357 -0.1045173 -0.8982296 0.3107924 -0.310792 -0.9738191 0.08547342 -0.2106435 -0.9936065 0.02584826 -0.1099 -0.8982304 0.2441868 -0.3654517 -0.9735341 0.04341806 -0.2243796 -0.9937004 0.01104216 -0.111524 -0.9731419 0.02256408 -0.2290976 -0.8982301 0.168199 -0.4060687 -0.8982298 0.08574749 -0.4310807 -0.8973904 0.04324866 -0.4391128 -0.7769514 0.06170796 -0.6265291 -0.7784361 0.3487446 -0.5219334 -0.7784327 0.2402212 -0.579945 -0.7784347 0.122463 -0.6156641 -0.61826 0.07703925 -0.7821889 -0.7784342 0.4438696 -0.4438693 -0.6201043 0.1530529 -0.7694449 -0.7794096 0.5092109 -0.3649998 -0.6201046 0.3002218 -0.7248015 -0.4311775 0.1760238 -0.8849302 -0.4294855 0.08851691 -0.8987252 -0.2200027 0.09561592 -0.9708019 -0.6201015 0.4358564 -0.6523061 -0.4311746 0.3452838 -0.8335872 -0.2210212 0.1902653 -0.9565295 -0.111421 0.097407 -0.988988 -0.1119658 0.193863 -0.9746183 -0.1119751 0.3802777 -0.9180688 -0.2210202 0.3732201 -0.901031 -0.4311707 0.5012748 -0.7502102 -0.2210164 0.5418306 -0.8109078 -0.1119636 0.552077 -0.8262416 -0.1119645 0.70266 -0.7026613 -0.2210157 0.6896198 -0.6896206 -0.09203262 0.8136545 -0.5740177 -0.4311746 0.638 -0.6380003 -0.6201056 0.5547383 -0.5547381 -0.4318813 0.7331746 -0.5252938 -0.6210272 0.6370963 -0.4565452 -0.22141 0.7927485 -0.567915 -0.6217365 0.684611 -0.3804621 -0.1469917 0.8672819 -0.4756212 -0.08356764 0.9170144 -0.3900013 -0.4324732 0.7881069 -0.438012 -0.2217067 0.8959423 -0.3848812 -0.1399334 0.945683 -0.2934318 -0.08344129 0.976423 -0.1990872 -0.4324034 0.8284657 -0.3559099 -0.6216387 0.7196938 -0.3092024 -0.7800951 0.5468978 -0.3038987 -0.7799927 0.5749596 -0.2470485 -0.7801134 0.5968915 -0.1874663 -0.6217735 0.7472044 -0.2346985 -0.7800138 0.612924 -0.1261054 -0.6216724 0.7672105 -0.1578335 -0.6217929 0.7791551 -0.07931546 -0.4324186 0.8831798 -0.1816797 -0.4325114 0.8601876 -0.270206 -0.4325246 0.8969859 -0.09131666 -0.2217061 0.9551158 -0.1964694 -0.432432 0.9016666 6.27151e-07 -0.1364041 0.9856771 -0.09916983 -0.2217195 0.9751105 -1.915294e-07 -0.2216767 0.04137813 0.9742419 -0.1118642 0.04216751 0.9928284 -0.111964 0.084261 0.9901334 -0.2218667 0.08268042 0.9715653 -0.1119637 0.1679163 0.9794224 -0.4323904 0.03826157 0.9008744 -0.2218673 0.1647691 0.9610547 -0.1118946 0.277811 0.9540968 -0.432707 0.07644529 0.8982877 -0.4327066 0.152341 0.8885703 -0.2213448 0.2726465 0.9363068 -0.6220191 0.06639307 0.7801822 -0.6216754 0.03323617 0.7825695 -0.7800843 0.02654947 0.6251109 -0.2210037 0.4282655 0.8762112 -0.1119462 0.437006 0.892465 -0.4311228 0.3963974 0.8105568 -0.2210013 0.5942108 0.7733511 -0.111959 0.6054619 0.7879601 -0.1119682 0.7562399 0.6446427 -0.4317722 0.2522222 0.8660004 -0.220836 0.7422418 0.6326994 -0.1119674 0.8828233 0.4561648 -0.4311232 0.549731 0.7154919 -0.6200346 0.3446822 0.7048058 -0.6220193 0.1323098 0.7717423 -0.6208733 0.2192706 0.75262 -0.7803598 0.1056661 0.6163386 -0.7803593 0.0530258 0.6230791 -0.7792393 0.1753766 0.6016886 -0.8997862 0.03700001 0.4347594 -0.8996317 0.01852959 0.4362561 -0.8997864 0.07373082 0.4300561 -0.9742671 0.01911297 0.2245848 -0.9742221 0.00957558 0.2253876 -0.9937004 0.004755836 0.1119681 -0.9937117 0.009494984 0.1115657 -0.9742669 0.03808577 0.2221564 -0.9937118 0.01892043 0.1103583 -0.8989115 0.1226808 0.4206039 -0.9737929 0.06376418 0.2183154 -0.9937005 0.02360517 0.1095541 -0.9936902 0.04927439 0.1007567 -0.9936493 0.03905819 0.105525 -0.9733373 0.1007719 0.2060572 -0.8981762 0.1931429 0.3949371 -0.9733328 0.1397483 0.1819167 -0.9936868 0.06839357 0.08893136 -0.7783665 0.2758122 0.5639798 -0.9732034 0.1750698 0.1490827 -0.9936494 0.07716109 0.08189689 -0.7783667 0.3824988 0.4978353 -0.8981736 0.2678551 0.3486227 -0.8979013 0.3350773 0.2854757 -0.7780239 0.4781695 0.4074712 -0.6200371 0.4780085 0.622143 -0.6196937 0.5973323 0.5090912 -0.430845 0.6867934 0.5853951 -0.2206988 0.8665027 0.4477333 -0.4305989 0.8018286 0.4143132 -0.2207002 0.9477417 0.2303847 -0.111959 0.9655927 0.2347254 -0.1111803 0.9867447 0.1182106 -0.2192143 0.9687501 0.116053 -0.4306049 0.8770012 0.2131862 -0.4281076 0.8973118 0.1074962 -0.6193841 0.6974802 0.3603951 -0.6193845 0.7628719 0.1854439 -0.616658 0.7816418 0.09364333 -0.7777104 0.5584755 0.2885683 -0.7777088 0.6108359 0.1484875 -0.7755127 0.6268495 0.07509851 -0.8976422 0.3915446 0.2023148 -0.8976424 0.4282529 0.104104 -0.8963929 0.440113 0.05272816 -0.9730549 0.2048439 0.1058444 -0.9936224 0.09330761 0.06331094 -0.9937117 0.09947427 0.05139955 -0.9730554 0.2240466 0.0544637 -0.9726843 0.2304836 0.02761326 -0.9937116 0.1088011 0.02644837 -0.9936223 0.1119587 0.01341243 -0.9937116 0.1088012 -0.02644837 -0.9936223 0.1119587 -0.01341227 -0.9726843 0.2304836 -0.02761306 -0.9730554 0.2240466 -0.05446348 -0.9937117 0.09947451 -0.05139956 -0.896393 0.440113 -0.05272786 -0.9730551 0.2048435 -0.105844 -0.9936223 0.09330801 -0.06331109 -0.9732046 0.1750706 -0.1490742 -0.8976423 0.4282531 -0.1041037 -0.7755128 0.6268495 -0.07509813 -0.8976417 0.3915454 -0.2023156 -0.7777088 0.610836 -0.148487 -0.6166579 0.7816418 -0.09364321 -0.9936902 0.06834581 -0.08893102 -0.9936492 0.07715906 -0.08190025 -0.6193836 0.7628727 -0.1854431 -0.4281077 0.8973118 -0.107496 -0.7777109 0.5584751 -0.2885676 -0.4306057 0.8770006 -0.2131869 -0.2192146 0.9687501 -0.1160523 -0.6193839 0.6974806 -0.3603947 -0.430598 0.8018299 -0.4143117 -0.2207003 0.947741 -0.2303876 -0.1111799 0.9867449 -0.1182099 -0.1119584 0.9655926 -0.234726 -0.2207 0.8665037 -0.4477307 -0.1119711 0.8828238 -0.456163 -0.2208343 0.7422677 -0.6326696 -0.1119372 0.7562661 -0.6446174 -0.4308468 0.6868171 -0.5853659 -0.2210008 0.5944631 -0.7731573 -0.1119476 0.6051357 -0.7882122 -0.4311202 0.5498208 -0.7154247 -0.2210056 0.4285503 -0.8760715 -0.1119621 0.4366347 -0.8926448 -0.1119125 0.2778515 -0.9540829 -0.619695 0.5973529 -0.5090654 -0.6200403 0.4780842 -0.6220816 -0.778025 0.4781857 -0.40745 -0.620031 0.3447708 -0.7047656 -0.8979024 0.3350875 -0.2854603 -0.7783688 0.382559 -0.4977858 -0.9733377 0.1397722 -0.1818723 -0.8981751 0.2678966 -0.3485871 -0.9733329 0.1008217 -0.2060534 -0.9936867 0.04925386 -0.1008003 -0.8981748 0.1931928 -0.3949159 -0.9737923 0.06377446 -0.2183148 -0.9936493 0.03905472 -0.1055263 -0.7783663 0.2758823 -0.5639457 -0.8989093 0.1227015 -0.4206024 -0.7792393 0.1754088 -0.6016792 -0.9937117 0.0189214 -0.1103588 -0.9937005 0.02360876 -0.1095536 -0.974267 0.038088 -0.2221556 -0.8997861 0.07373126 -0.4300567 -0.974267 0.01911178 -0.2245854 -0.9937117 0.009494436 -0.1115659 -0.9742221 0.009573367 -0.2253879 -0.9937005 0.004754163 -0.1119675 -0.8996332 0.01852607 -0.4362533 -0.8997872 0.03699523 -0.4347578 -0.7800839 0.02654901 -0.6251114 -0.7803583 0.05302521 -0.6230805 -0.6216746 0.03323634 -0.7825701 -0.7803583 0.1056723 -0.6163394 -0.6220178 0.06639606 -0.780183 -0.4323927 0.03826571 -0.9008731 -0.6208692 0.219298 -0.7526153 -0.6220173 0.1323104 -0.7717437 -0.4317753 0.2522603 -0.8659878 -0.4327065 0.07644645 -0.8982878 -0.2216699 0.0413923 -0.9742428 -0.4327114 0.1523423 -0.8885678 -0.2218643 0.08267985 -0.9715659 -0.1118591 0.04217432 -0.9928287 -0.111964 0.08425293 -0.9901341 -0.1119638 0.1679162 -0.9794224 -0.2218673 0.1647628 -0.9610557 -0.2213424 0.2726861 -0.9362958 -0.4311219 0.3964982 -0.8105079 0.9714354 0.2343571 -0.03728187 0.9936188 0.1119542 -0.01371083 0.9935719 0.1102986 -0.02547645 0.9720542 0.2224965 -0.0748725 0.8940732 0.4420214 -0.07245787 0.993516 0.1004515 -0.05324835 0.8964306 0.4199906 -0.1414922 0.772113 0.6271158 -0.1027973 0.9720543 0.1868506 -0.1421175 0.993572 0.082993 -0.07698535 0.7762256 0.5974611 -0.2012811 0.6128523 0.7797905 -0.1278232 0.9714358 0.1623963 -0.1730316 0.9936189 0.07418468 -0.08495903 0.8964301 0.3528387 -0.268175 0.8940749 0.3080679 -0.3251526 0.7762247 0.5019348 -0.3814928 0.7721102 0.4370745 -0.4613153 0.6179169 0.745096 -0.2510191 0.4248046 0.8933619 -0.1464428 0.6179201 0.6259602 -0.475761 0.6128502 0.5434794 -0.5736242 0.4294369 0.855834 -0.2883264 0.2295007 0.9628049 -0.1426052 0.429439 0.7189952 -0.5464687 0.4248096 0.6226317 -0.6571656 0.1420295 0.9662902 -0.2147343 0.1111488 0.9864342 -0.1208035 0.2293754 0.7758624 -0.5877281 0.2294963 0.6584356 -0.7167943 0.2293807 0.9218983 -0.3122308 0.1585397 0.8723666 -0.4624303 0.1420255 0.7200876 -0.6791926 0.1111416 0.6536556 -0.7485866 0.971436 0.162395 0.1730315 0.9936188 0.07418588 0.08495991 0.993572 0.08299365 0.07698581 0.9720543 0.1868509 0.1421171 0.8940752 0.3080666 0.3251532 0.993516 0.1004517 0.05324823 0.896431 0.3528379 0.2681734 0.7721114 0.4370733 0.4613143 0.9720543 0.2224964 0.07487236 0.9935719 0.1102986 0.02547648 0.7762245 0.5019342 0.381494 0.612849 0.5434807 0.5736243 0.9714354 0.2343572 0.03728234 0.9936188 0.1119542 0.01371098 0.896431 0.4199897 0.1414927 0.8940737 0.4420206 0.0724571 0.7762255 0.5974613 0.2012808 0.7721124 0.6271165 0.1027971 0.6179158 0.7450972 0.2510183 0.6128512 0.779791 0.1278256 0.6179192 0.625961 0.4757612 0.4248054 0.6226325 0.6571676 0.4294387 0.8558334 0.2883254 0.4248072 0.8933607 0.1464425 0.4294379 0.718995 0.5464698 0.2295005 0.6584347 0.7167938 0.2293795 0.9218984 0.3122314 0.2294992 0.9628054 0.1426039 0.1111488 0.9864341 0.1208042 0.1420287 0.9662904 0.2147342 0.1585401 0.8723668 0.4624297 0.2293759 0.7758622 0.5877283 0.1420316 0.7200869 0.6791921 0.1111509 0.6536549 0.7485858 0.1119626 0.09030705 0.9896004 0.1118503 0.04520272 0.9926964 0.2216022 0.04435571 0.9741278 0.2218209 0.08861468 0.9710525 0.1119626 0.1798664 0.9772986 0.4322581 0.04101848 0.9008165 0.2218218 0.1764964 0.9589808 0.1119646 0.2719036 0.9557889 0.432622 0.08193432 0.8978446 0.621518 0.03563417 0.782589 0.4326212 0.1631892 0.8866838 0.2217554 0.2668126 0.9378889 0.1119649 0.3691938 0.9225832 0.621912 0.07116559 0.7798467 0.7799357 0.028467 0.6252119 0.7802525 0.0568415 0.6228764 0.8995221 0.01987264 0.436423 0.6219127 0.141742 0.7701518 0.4325018 0.2467122 0.8672227 0.8997003 0.03967027 0.4347018 0.9741686 0.01027267 0.225588 0.7802531 0.1132127 0.6151325 0.9936993 0.005097948 0.1119632 0.9937121 0.01017574 0.1115018 0.9742202 0.02050255 0.2246658 0.9937122 0.02026636 0.1101152 0.8996998 0.07900971 0.4292992 0.9742201 0.0408344 0.2218732 0.9936993 0.02527977 0.1091909 0.9741184 0.0616703 0.2174629 0.899582 0.1195231 0.4200791 0.7801062 0.1712072 0.601766 0.9936999 0.03497544 0.1064761 0.9935285 0.03893896 0.1067001 0.9740488 0.08432903 0.210042 0.9934162 0.04967379 0.1032313 0.8994671 0.1623545 0.4057092 0.9745684 0.1060035 0.1974326 0.9938244 0.0570175 0.09519437 0.9740175 0.1168499 0.1939999 0.8994677 0.2050019 0.3859171 0.8992191 0.2257298 0.3747681 0.7799661 0.2325114 0.5810262 0.7799658 0.2935889 0.5526834 0.7795224 0.3231813 0.5365619 0.6210734 0.4043816 0.6713742 0.6216252 0.3674728 0.6917701 0.4318809 0.465356 0.7726077 0.6217671 0.2143127 0.7533099 0.6216262 0.2910244 0.7272452 0.4323882 0.3350037 0.8371457 0.4323887 0.4230045 0.7963085 0.2213902 0.5031517 0.835359 0.2216924 0.362285 0.9053188 0.221694 0.4574511 0.8611563 0.1118098 0.5127197 0.8512444 0.111967 0.4661751 0.8775786 0.993734 0.02182547 -0.1096195 0.9936518 0.01102265 -0.1119579 0.9731432 0.02255757 -0.2290927 0.9733903 0.04470154 -0.2247513 0.8973899 0.04323828 -0.4391149 0.9735098 0.08647032 -0.2116639 0.9936019 0.04652027 -0.1029137 0.8982288 0.08573715 -0.4310848 0.7769498 0.06169287 -0.6265325 0.8982281 0.1681952 -0.4060746 0.7784332 0.1224487 -0.6156688 0.618262 0.0770195 -0.7821893 0.9734564 0.1264077 -0.1907975 0.9936413 0.06562032 -0.09149242 0.620105 0.1530331 -0.7694483 0.4294876 0.08849421 -0.8987264 0.9739995 0.1589137 -0.1614663 0.9930633 0.08840618 -0.07752138 0.8982287 0.244189 -0.3654545 0.8982279 0.3107946 -0.3107948 0.9751979 0.1790787 -0.1300766 0.9941239 0.09375026 -0.05411543 0.7784312 0.4438722 -0.443872 0.9741475 0.1967475 -0.1110275 0.8991295 0.3547985 -0.256289 0.9756791 0.2006553 -0.08824786 0.9941264 0.1029487 -0.03338009 0.8995544 0.3803697 -0.2147576 0.7794899 0.5078647 -0.3667 0.7784329 0.3487468 -0.5219366 0.6201059 0.554738 -0.5547382 0.7784291 0.2402157 -0.5799522 0.6201043 0.300213 -0.7248054 0.6201016 0.4358563 -0.6523062 0.4311755 0.1760026 -0.8849355 0.2200041 0.0955919 -0.970804 0.4311747 0.3452731 -0.8335915 0.2210253 0.1901814 -0.9565453 0.1114058 0.09738477 -0.9889919 0.1119611 0.193979 -0.9745957 0.2210245 0.3732134 -0.9010327 0.1119755 0.3802772 -0.918069 0.4311714 0.5012746 -0.75021 0.221017 0.5418305 -0.8109077 0.1119636 0.552077 -0.8262416 0.1119652 0.7026606 -0.7026605 0.4311749 0.6379999 -0.6380003 0.2210162 0.6896202 -0.68962 0.2214378 0.790778 -0.5706448 0.0904341 0.8133236 -0.5747403 0.6211017 0.6354703 -0.4587049 0.4319391 0.7313352 -0.5278043 0.1581895 0.8633791 -0.4791166 0.08452445 0.9153812 -0.3936151 0.7800445 0.5448461 -0.3076903 0.6216878 0.6820002 -0.3852012 0.4324382 0.7850715 -0.4434636 0.432338 0.8264877 -0.3605577 0.2216698 0.8937833 -0.3898895 0.1442001 0.9442512 -0.2959662 0.08394807 0.9758549 -0.2016429 0.6215614 0.7180022 -0.3132639 0.4324897 0.8590215 -0.2739248 0.7799179 0.5736447 -0.2503195 0.6217505 0.7462019 -0.2379267 0.8994434 0.4005459 -0.1748271 0.7800983 0.5960972 -0.1900387 0.9741558 0.2152182 -0.06856861 0.8995815 0.4161258 -0.1326367 0.975818 0.2138696 -0.04515468 0.9941343 0.1075458 -0.01144402 0.8994761 0.4276835 -0.08960818 0.6216367 0.7666709 -0.1605725 0.7799756 0.612516 -0.1283049 0.8995953 0.4343552 -0.0454304 0.97416 0.2246349 -0.02348191 0.9759318 0.2180759 -0.0002494996 0.9941164 0.1077438 0.01113307 0.7801249 0.6222278 -0.06509722 0.8994559 0.4370113 -0.0004325647 0.97416 0.2246798 0.02304803 0.6217862 0.7789346 -0.08150335 0.7799516 0.6258395 -0.0006171689 0.8995994 0.4344347 0.04458116 0.9757523 0.2143908 0.04409076 0.9940865 0.1036244 0.03246521 0.8995544 0.4279292 0.08762684 0.7801243 0.622355 0.063878 0.9741592 0.2156766 0.06706377 0.9757098 0.2015983 0.08572351 0.9940775 0.09523542 0.05234641 0.8995961 0.417019 0.1297001 0.8995668 0.4021621 0.1704265 0.9741576 0.198238 0.1082529 0.7801212 0.597396 0.1858196 0.9756642 0.1809705 0.1238108 0.9941064 0.08284881 0.06991795 0.899595 0.3832814 0.2093424 0.9741585 0.1732006 0.1449719 0.7800838 0.5760904 0.2441087 0.9757874 0.1519526 0.1573191 0.9941268 0.06633316 0.08550916 0.8995903 0.3348762 0.2803485 0.8995835 0.3608126 0.2460973 0.8994376 0.3043447 0.3136659 0.7801051 0.5168824 0.3525175 0.7801132 0.4797049 0.4016299 0.7801179 0.5490603 0.2999147 0.62176 0.6470626 0.4412759 0.621736 0.7211634 0.3055612 0.6217682 0.6873351 0.375466 0.6217706 0.6005005 0.5027927 0.432483 0.8302002 0.3517472 0.4325077 0.6912938 0.578835 0.4324882 0.7449175 0.5079881 0.432506 0.7912608 0.4322557 0.2217522 0.8056173 0.5493694 0.6217777 0.7478462 0.232634 0.2217503 0.8978444 0.3803975 0.4325156 0.8609302 0.2678236 0.139383 0.8705574 0.4719133 0.0817722 0.8250187 0.5591577 0.08211192 0.9185707 0.3866336 0.1380219 0.9464669 0.2918054 0.08234549 0.9766705 0.1983278 0.1399681 0.7613916 0.6330021 0.08470892 0.6967866 0.7122589 0.2217371 0.9552954 0.1955589 0.2216661 0.6791575 0.6997208 0.43247 0.8833285 0.1808326 0.1366607 0.9855878 0.09970194 0.08452013 0.9964215 -0.0007376059 0.4325253 0.8969081 0.09207471 0.6217372 0.767311 0.1570885 0.2216924 0.9751162 -0.0009563087 0.7800739 0.6129715 0.1255016 0.6217895 0.7790905 0.07997411 0.6216175 0.7833206 -0.0007702553 0.4323816 0.9016903 -0.0008849255 0.4325117 0.8967316 -0.09384019 0.1374915 0.9853464 -0.1009385 0.4323868 0.882543 -0.1848228 0.2216901 0.9544158 -0.19986 0.1525448 0.6166951 0.7722806 0.08473407 0.5395856 0.837656 0.4323435 0.6280143 0.6470526 0.2216329 0.5218568 0.823738 0.6215718 0.5455672 0.5621432 0.4324565 0.5578647 0.708356 0.7799181 0.4358733 0.4491572 0.6217107 0.4846271 0.6153148 0.4323024 0.4825526 0.7617464 0.8995665 0.2703036 0.3430979 0.7800688 0.3871686 0.4915212 0.7798893 0.3348875 0.5287939 0.974149 0.1398355 0.1774252 0.8994275 0.233806 0.3692761 0.9754999 0.1170315 0.1862887 0.9938163 0.04529993 0.1013762 0.6215326 0.419189 0.6617989 0.9734873 0.09310301 0.2089359 0.6202983 0.3195709 0.7163131 0.778634 0.2556043 0.5730581 0.8983978 0.1788539 0.4011143 0.8986637 0.1075277 0.4252545 0.9736486 0.05598966 0.2210737 0.9937063 0.02757294 0.10857 0.9937081 0.01239206 0.1113131 0.9739928 0.01248121 0.2262351 0.9936933 0.006169034 0.1119626 0.9740556 0.02503764 0.2249196 0.8991688 0.02411327 0.436937 0.8994139 0.04835543 0.4344149 0.7794538 0.03451985 0.6255079 0.7798991 0.06924025 0.6220636 0.6210019 0.04318995 0.7826182 0.7789433 0.1536155 0.6079882 0.6215614 0.08665864 0.7785575 0.4318216 0.04970032 0.9005887 0.6205894 0.1919907 0.7602686 0.4323395 0.0997484 0.8961768 0.2213536 0.05373572 0.973712 0.4315497 0.2207941 0.8746512 0.1393854 0.1045824 0.9847001 0.08492583 0.06067567 0.9945381 0.1055573 0.1882509 0.9764319 0.1957058 0.2493868 0.9484226 0.1962768 0.3403757 0.9195759 0.4313261 0.3676259 0.8238986 0.1811286 0.4217554 0.8884339 0.9739491 0.1173661 -0.1940321 0.9937001 0.05872965 -0.09545157 0.9935285 0.05634216 -0.0986241 0.9740489 0.1059544 -0.2000058 0.9934161 0.04676302 -0.1045836 0.8994682 0.2050011 -0.3859164 0.8992188 0.2257301 -0.3747686 0.9745688 0.08233173 -0.2084159 0.9938244 0.03588422 -0.1050017 0.9741549 0.06182465 -0.2172556 0.7799634 0.2935902 -0.5526861 0.7795199 0.323183 -0.5365645 0.8994683 0.1623533 -0.405707 0.6216257 0.3674728 -0.6917697 0.6210748 0.4043806 -0.6713735 0.7799633 0.2325123 -0.5810295 0.6216261 0.2910247 -0.7272452 0.4323884 0.4230041 -0.7963089 0.4318862 0.4653529 -0.7726066 0.2216968 0.4574505 -0.8611559 0.2213861 0.5031515 -0.8353603 0.1119789 0.4661741 -0.8775776 0.1117996 0.5127218 -0.8512445 0.4323922 0.3350038 -0.8371436 0.2216927 0.3622854 -0.9053185 0.1119647 0.3691931 -0.9225835 0.1119579 0.2719052 -0.9557892 0.2217531 0.2668128 -0.9378894 0.1119618 0.1798635 -0.9772992 0.432509 0.2467094 -0.86722 0.2218235 0.1764918 -0.9589812 0.111959 0.0903055 -0.989601 0.6217678 0.2143131 -0.7533092 0.4326243 0.1631886 -0.8866824 0.2218179 0.08861689 -0.971053 0.1118404 0.0452054 -0.9926974 0.2215973 0.04436067 -0.9741287 0.4326189 0.08193854 -0.8978457 0.432259 0.04101684 -0.9008162 0.6219102 0.141747 -0.7701529 0.6219134 0.07116683 -0.7798455 0.6215198 0.03563019 -0.7825878 0.7802523 0.05684192 -0.6228767 0.7799346 0.02846974 -0.6252132 0.7801043 0.17121 -0.6017677 0.7802511 0.1132129 -0.6151349 0.8995827 0.119524 -0.4200773 0.8997007 0.07901042 -0.4292972 0.8996997 0.03966957 -0.4347031 0.8995235 0.0198682 -0.4364203 0.9742203 0.04083576 -0.221872 0.9936992 0.02528041 -0.1091912 0.9937121 0.02026659 -0.1101156 0.9937122 0.01017546 -0.1115012 0.97422 0.02050268 -0.2246664 0.9741686 0.01027083 -0.225588 0.9936993 0.005097774 -0.1119631 -1 0 0 -1 0 0 -1 0 0 -1 0 0 -1 0 0 -1 0 0 -1 0 0 -1 0 0 -1 0 0 -1 0 0 -1 0 0 -1 0 0 -1 0 0 -1 0 0 -1 0 0 -1 0 0 -1 0 0 -1 0 0 -1 0 0 -1 0 0 -1 0 0 -1 0 0 -1 0 0 -1 0 0 -1 0 0 -1 0 0 -1 0 0 -1 0 0 -1 0 0 -1 0 0 -1 0 0 -1 0 0 -1 0 0 -1 0 0 -1 0 0 -1 0 0 -1 0 0 -1 0 0 -1 0 0 -1 0 0 -1 0 0 -1 0 0 -1 0 0 -1 0 0 -1 0 0 -1 0 0 -1 0 0 -1 0 0 -1 0 0 -1 0 0 -1 0 0 -1 0 0 -1 0 0 -1 0 0 -1 0 0 -1 0 0</float_array>
          <technique_common>
            <accessor count="4555" source="#normals-array-array" stride="3">
              <param type="float" name="X"/>
              <param type="float" name="Y"/>
              <param type="float" name="Z"/>
            </accessor>
          </technique_common>
        </source>
        <source id="texcoords-array">
          <float_array count="9110" id="texcoords-array-array">0.5489583 0.3169643 0.5489583 0.3482143 0.5489583 0.3482143 0.5489583 0.3169643 0.5489583 0.3482143 0.5489583 0.3169643 0.5489583 0.3482143 0.5489583 0.3169643 0.5802083 0.3169643 0.5489583 0.3169643 0.5802083 0.3169643 0.5489583 0.3169643 0.5489583 0.3169643 0.5489583 0.3169643 0.5489583 0.3482143 0.5489583 0.3482143 0.5489583 0.3169643 0.5489583 0.3482143 0.5489583 0.3482143 0.5489583 0.3169643 0.5489583 0.3643276 0.5489583 0.3794643 0.5489583 0.3794643 0.5489583 0.3643276 0.5489583 0.3169643 0.5489583 0.332101 0.5489583 0.3169643 0.5489583 0.332101 0.5489583 0.332101 0.5489583 0.3169643 0.5489583 0.332101 0.5489583 0.3169643 0.5565267 0.3169643 0.5489583 0.3169643 0.5565267 0.3169643 0.5489583 0.3169643 0.5489583 0.3643276 0.5489583 0.3794643 0.5489583 0.3794643 0.5489583 0.3643276 0.5489583 0.3643276 0.5489583 0.3794643 0.5489583 0.3794643 0.5489583 0.3643276 0.5689779 0.3169643 0.5689779 0.3169643 0.5550008 0.3169643 0.5537191 0.3169643 0.5802083 0.3169643 0.5802083 0.3169643 0.5802083 0.3169643 0.5802083 0.3169643 0.5754171 0.3169643 0.5702901 0.3169643 0.561379 0.3169643 0.5549703 0.3169643 0.5489583 0.3169643 0.5489583 0.3169643 0.5489583 0.3169643 0.5489583 0.3169643 0.5509115 0.3440639 0.5509115 0.3169643 0.5489583 0.344308 0.5489583 0.3169643 0.5802083 0.3450405 0.5802083 0.3169643 0.5697103 0.3457729 0.5682454 0.3169643 0.5550618 0.3467494 0.5531087 0.3169643 0.5489583 0.3474819 0.5489583 0.3169643 0.5802083 0.3482143 0.5802083 0.3169643 0.5738607 0.3482143 0.5701986 0.3169643 0.5592122 0.3479701 0.555306 0.3169643 0.5489583 0.3472377 0.5489583 0.3169643 0.5802083 0.3462612 0.5802083 0.3169643 0.577889 0.3452846 0.5723958 0.3169643 0.5632406 0.3445522 0.5572591 0.3169643 0.5527425 0.344308 0.5489583 0.3169643 0.5489583 0.3440639 0.5802083 0.344308 0.5802083 0.3169643 0.5754476 0.3450405 0.574471 0.3169643 0.5607992 0.3457729 0.5593343 0.3169643 0.5489583 0.3467494 0.5489583 0.3169643 0.5802083 0.3474819 0.5802083 0.3169643 0.5794149 0.3482143 0.5765462 0.3169643 0.5647664 0.3482143 0.5614705 0.3169643 0.550179 0.3479701 0.5802083 0.3169643 0.5802083 0.3472377 0.5802083 0.3169643 0.5802083 0.3462612 0.5786519 0.3169643 0.5687337 0.3452846 0.5635457 0.3169643 0.5540853 0.3445522 0.5489583 0.3169643 0.5489583 0.344308 0.5489583 0.3169643 0.5489583 0.3440639 0.5509115 0.3440639 0.5509115 0.3169643 0.5489583 0.344308 0.5489583 0.3169643 0.5802083 0.3445522 0.5802083 0.3169643 0.5802083 0.3450405 0.5731283 0.3455287 0.5682454 0.3169643 0.5582357 0.3465053 0.5531087 0.3169643 0.5489583 0.3474819 0.5489583 0.3169643 0.5802083 0.3479701 0.5802083 0.3169643 0.5777669 0.3482143 0.5701986 0.3169643 0.5682454 0.3482143 0.5579915 0.347726 0.555306 0.3169643 0.5489583 0.3474819 0.5489583 0.3169643 0.5489583 0.3467494 0.5802083 0.3169643 0.5802083 0.3457729 0.5723958 0.3169643 0.5703206 0.3447963 0.5572591 0.3169643 0.5565267 0.344308 0.5489583 0.3169643 0.5489583 0.3440639 0.5802083 0.344308 0.5802083 0.3169643 0.5802083 0.3445522 0.574471 0.3169643 0.5752035 0.3450405 0.5642171 0.3455287 0.5593343 0.3169643 0.5494466 0.3465053 0.5489583 0.3169643 0.5489583 0.3474819 0.5802083 0.3169643 0.5802083 0.3479701 0.5765462 0.3169643 0.5689779 0.3482143 0.5614705 0.3169643 0.5593343 0.3482143 0.5492635 0.347726 0.5802083 0.3169643 0.5802083 0.3474819 0.5802083 0.3169643 0.5802083 0.3467494 0.5786519 0.3169643 0.5762716 0.3457729 0.5635457 0.3169643 0.5615468 0.3447963 0.5489583 0.3169643 0.5489583 0.344308 0.5489583 0.3169643 0.5489583 0.3440639 0.5509115 0.3440639 0.5509115 0.3169643 0.5489583 0.344308 0.5489583 0.3169643 0.5802083 0.3445522 0.5802083 0.3169643 0.5802083 0.3452846 0.5682454 0.3169643 0.5704427 0.3457729 0.5601888 0.3465053 0.5531087 0.3169643 0.5489583 0.3472377 0.5489583 0.3169643 0.5489583 0.347726 0.5802083 0.3169643 0.5802083 0.3482143 0.5741048 0.3482143 0.5701986 0.3169643 0.5616536 0.3479701 0.555306 0.3169643 0.550179 0.3474819 0.5489583 0.3169643 0.5489583 0.3467494 0.5802083 0.3169643 0.5802083 0.3457729 0.5723958 0.3169643 0.5714193 0.3450405 0.5572591 0.3169643 0.5572591 0.344308 0.5489583 0.3169643 0.5489583 0.3440639 0.5489583 0.344308 0.5802083 0.3169643 0.5802083 0.344308 0.577889 0.3447963 0.574471 0.3169643 0.5662923 0.3455287 0.5593343 0.3169643 0.5511556 0.3465053 0.5489583 0.3169643 0.5489583 0.3472377 0.5802083 0.3169643 0.5802083 0.347726 0.5765462 0.3169643 0.5770345 0.3482143 0.5651326 0.3482143 0.5614705 0.3169643 0.5528035 0.3479701 0.5802083 0.3169643 0.5802083 0.3474819 0.5802083 0.3169643 0.5802083 0.3467494 0.5786519 0.3169643 0.5766073 0.3457729 0.5635457 0.3169643 0.5625387 0.3450405 0.5489583 0.3169643 0.5489583 0.344308 0.5489583 0.3169643 0.5489583 0.3440639 0.5509115 0.3440639 0.5509115 0.3169643 0.5489583 0.344308 0.5489583 0.3169643 0.5802083 0.3450405 0.5802083 0.3169643 0.5697103 0.3457729 0.5682454 0.3169643 0.5550618 0.3467494 0.5531087 0.3169643 0.5489583 0.3474819 0.5489583 0.3169643 0.5802083 0.3479701 0.5802083 0.3169643 0.5777669 0.3482143 0.5701986 0.3169643 0.5633626 0.3479701 0.555306 0.3169643 0.5489583 0.3474819 0.5489583 0.3169643 0.5489583 0.3465053 0.5802083 0.3169643 0.5802083 0.3455287 0.5723958 0.3169643 0.5672689 0.3447963 0.5572591 0.3169643 0.5546956 0.344308 0.5489583 0.3169643 0.5489583 0.3440639 0.5802083 0.344308 0.5802083 0.3169643 0.5754476 0.3450405 0.574471 0.3169643 0.5607992 0.3457729 0.5593343 0.3169643 0.5489583 0.3467494 0.5489583 0.3169643 0.5802083 0.3474819 0.5802083 0.3169643 0.5802083 0.3479701 0.5765462 0.3169643 0.5689779 0.3482143 0.5614705 0.3169643 0.5544515 0.3479701 0.5802083 0.3169643 0.5802083 0.3474819 0.5802083 0.3169643 0.5802083 0.3465053 0.5786519 0.3169643 0.5731893 0.3455287 0.5635457 0.3169643 0.5586324 0.3447963 0.5489583 0.3169643 0.5489583 0.344308 0.5489583 0.3169643 0.5489583 0.3440639 0.5509115 0.3794643 0.5509115 0.3169643 0.5489583 0.3169643 0.5489583 0.3794643 0.5802083 0.3169643 0.5802083 0.3794643 0.5682454 0.3169643 0.5682454 0.3794643 0.5531087 0.3169643 0.5531087 0.3794643 0.5489583 0.3169643 0.5489583 0.3794643 0.5802083 0.3169643 0.5802083 0.3794643 0.5701986 0.3169643 0.5701986 0.3794643 0.555306 0.3169643 0.555306 0.3794643 0.5489583 0.3169643 0.5489583 0.3794643 0.5802083 0.3169643 0.5802083 0.3794643 0.5723958 0.3169643 0.5723958 0.3794643 0.5572591 0.3169643 0.5572591 0.3794643 0.5489583 0.3169643 0.5489583 0.3794643 0.5802083 0.3794643 0.5802083 0.3169643 0.574471 0.3169643 0.574471 0.3794643 0.5593343 0.3169643 0.5593343 0.3794643 0.5489583 0.3169643 0.5489583 0.3794643 0.5802083 0.3169643 0.5802083 0.3794643 0.5765462 0.3169643 0.5765462 0.3794643 0.5614705 0.3169643 0.5614705 0.3794643 0.5802083 0.3169643 0.5802083 0.3794643 0.5802083 0.3169643 0.5802083 0.3794643 0.5786519 0.3169643 0.5786519 0.3794643 0.5635457 0.3169643 0.5635457 0.3794643 0.5489583 0.3169643 0.5489583 0.3794643 0.5489583 0.3169643 0.5489583 0.3794643 0.5489583 0.3169643 0.5489583 0.3794643 0.5489583 0.3169643 0.5489583 0.3794643 0.5489583 0.3169643 0.5489583 0.3794643 0.5802083 0.3169643 0.5802083 0.3794643 0.5509115 0.3169643 0.5509115 0.3794643 0.5489583 0.3794643 0.5489583 0.3169643 0.5489583 0.3794643 0.5489583 0.3169643 0.5802083 0.3794643 0.5802083 0.3169643 0.5802083 0.3794643 0.5802083 0.3169643 0.5802083 0.3794643 0.5797201 0.3169643 0.574349 0.3794643 0.5728841 0.3169643 0.5677572 0.3794643 0.5660482 0.3169643 0.5611654 0.3794643 0.5594564 0.3169643 0.5545736 0.3794643 0.5526204 0.3169643 0.5489583 0.3794643 0.5489583 0.3169643 0.5489583 0.3794643 0.5489583 0.3169643 0.5489583 0.3794643 0.5802083 0.3169643 0.5802083 0.3794643 0.5802083 0.3169643 0.5802083 0.3794643 0.5802083 0.3169643 0.5777669 0.3794643 0.5745931 0.3169643 0.5714193 0.3794643 0.5677572 0.3169643 0.5648275 0.3794643 0.5609212 0.3169643 0.5582357 0.3794643 0.5540853 0.3169643 0.5516439 0.3794643 0.5489583 0.3169643 0.5489583 0.3794643 0.5489583 0.3169643 0.5489583 0.3794643 0.5489583 0.3169643 0.5802083 0.3794643 0.5802083 0.3169643 0.5802083 0.3794643 0.5802083 0.3169643 0.5802083 0.3794643 0.5760579 0.3169643 0.5749593 0.3794643 0.569222 0.3169643 0.5683675 0.3794643 0.5625081 0.3169643 0.5617757 0.3794643 0.5556722 0.3169643 0.555306 0.3794643 0.5489583 0.3169643 0.5489583 0.3794643 0.5489583 0.3169643 0.5489583 0.3794643 0.5777669 0.3169643 0.5777669 0.3169643 0.5628743 0.3169643 0.5628743 0.3169643 0.5489583 0.3169643 0.5489583 0.3169643 0.5802083 0.3169643 0.5802083 0.3169643 0.5799642 0.3169643 0.5799642 0.3169643 0.5648275 0.3169643 0.5648275 0.3169643 0.5496908 0.3169643 0.5496908 0.3169643 0.5489583 0.3169643 0.5489583 0.3169643 0.5802083 0.3169643 0.5802083 0.3169643 0.5669027 0.3169643 0.5669027 0.3169643 0.551766 0.3169643 0.551766 0.3169643 0.5489583 0.3169643 0.5489583 0.3169643 0.5802083 0.3169643 0.5802083 0.3169643 0.5689779 0.3169643 0.5689779 0.3169643 0.5645833 0.3692104 0.5792318 0.3794643 0.5723958 0.3794643 0.558724 0.3291713 0.5704427 0.3794643 0.5489583 0.3394252 0.5704427 0.3794643 0.5704427 0.3794643 0.5684896 0.3726283 0.5489583 0.3491908 0.5684896 0.3662807 0.5684896 0.363351 0.5684896 0.3613979 0.5802083 0.3584682 0.5704427 0.3609096 0.5489583 0.3169643 0.5626302 0.3413783 0.5638509 0.3516323 0.5777669 0.3516323 0.5648275 0.36506 0.5496908 0.3516323 0.5533529 0.3794643 0.5489583 0.3516323 0.5666585 0.3794643 0.5802083 0.3516323 0.5489583 0.3681117 0.5701986 0.3516323 0.5802083 0.3681117 0.5550618 0.36506 0.5802083 0.3169643 0.5561605 0.3516323 0.5489583 0.3516323 0.5489583 0.3169643 0.5802083 0.3169643 0.5489583 0.3169643 0.5802083 0.3169643 0.5802083 0.3169643 0.5802083 0.3169643 0.5802083 0.3169643 0.5802083 0.3169643 0.5802083 0.3169643 0.5660482 0.3169643 0.5640951 0.3169643 0.5621419 0.3169643 0.5677572 0.3169643 0.5604329 0.3169643 0.5697103 0.3169643 0.5584798 0.3169643 0.5714193 0.3169643 0.5567708 0.3169643 0.5731283 0.3169643 0.5540853 0.3681117 0.5748372 0.3681117 0.5489583 0.3169643 0.5802083 0.3169643 0.5714193 0.3516323 0.5575033 0.3516323 0.5802083 0.3516323 0.5489583 0.3516323 0.5489583 0.3706752 0.5802083 0.3706752 0.5489583 0.3516323 0.5509115 0.3516323 0.5802083 0.3516323 0.5777669 0.3516323 0.5660482 0.3169643 0.5640951 0.3169643 0.5621419 0.3169643 0.5677572 0.3169643 0.5604329 0.3169643 0.5697103 0.3169643 0.5584798 0.3169643 0.5714193 0.3169643 0.5567708 0.3169643 0.5731283 0.3169643 0.5540853 0.3681117 0.5748372 0.3681117 0.5489583 0.3169643 0.5802083 0.3169643 0.5714193 0.3516323 0.5575033 0.3516323 0.5802083 0.3516323 0.5489583 0.3516323 0.5489583 0.3706752 0.5802083 0.3706752 0.5489583 0.3516323 0.5509115 0.3516323 0.5802083 0.3516323 0.5777669 0.3516323 0.5638509 0.3516323 0.5777669 0.3516323 0.5648275 0.36506 0.5496908 0.3516323 0.5533529 0.3794643 0.5489583 0.3516323 0.5666585 0.3794643 0.5802083 0.3516323 0.5489583 0.3681117 0.5701986 0.3516323 0.5802083 0.3681117 0.5550618 0.36506 0.5802083 0.3169643 0.5561605 0.3516323 0.5489583 0.3516323 0.5489583 0.3169643 0.5802083 0.3169643 0.5489583 0.3169643 0.5802083 0.3169643 0.5802083 0.3169643 0.5802083 0.3169643 0.5802083 0.3169643 0.5802083 0.3169643 0.5802083 0.3169643 0.5639119 0.3169643 0.5639119 0.3169643 0.5584798 0.3522121 0.5584798 0.344186 0.5802083 0.3794643 0.5802083 0.3169643 0.5802083 0.3794643 0.5802083 0.3794643 0.5769124 0.3267299 0.5769124 0.3696987 0.5557638 0.3535854 0.5557638 0.3427516 0.5489583 0.3482143 0.5489583 0.3482143 0.5734029 0.3535854 0.5734029 0.3427516 0.5522542 0.3696987 0.5522542 0.3267299 0.5489583 0.3794643 0.5489583 0.3794643 0.5802083 0.3794643 0.5802083 0.3169643 0.5706868 0.344186 0.5706868 0.3522121 0.5652547 0.3169643 0.5652547 0.3169643 0.5489583 0.3169643 0.5489583 0.3794643 0.5489583 0.3794643 0.5802083 0.3169643 0.5802083 0.3794643 0.5788656 0.3731166 0.5766683 0.3169643 0.5672689 0.3604213 0.5626302 0.3169643 0.5557943 0.3487026 0.5489583 0.3169643 0.5489583 0.3384487 0.5489583 0.3169643 0.5802083 0.3311244 0.5802083 0.3169643 0.5802083 0.3257533 0.5689779 0.3169643 0.5689779 0.3242885 0.5777669 0.3169643 0.5777669 0.3242885 0.5665365 0.3252651 0.5638509 0.3169643 0.5555501 0.3296596 0.5496908 0.3169643 0.5489583 0.3379604 0.5489583 0.3169643 0.5802083 0.3501674 0.5802083 0.3169643 0.5734945 0.366769 0.5701986 0.3169643 0.5577474 0.3794643 0.5561605 0.3169643 0.5489583 0.3794643 0.5489583 0.3169643 0.5509115 0.3169643 0.5509115 0.3169643 0.5489583 0.3169643 0.5489583 0.3169643 0.5802083 0.3169643 0.5802083 0.3169643 0.5714193 0.3169643 0.5714193 0.3169643 0.5575033 0.3169643 0.5575033 0.3169643 0.5489583 0.3169643 0.5489583 0.3169643 0.5802083 0.3169643 0.5802083 0.3169643 0.5777669 0.3169643 0.5777669 0.3169643 0.5689779 0.3169643 0.5689779 0.3169643 0.5550008 0.3169643 0.5550008 0.3169643 0.5802083 0.3169643 0.5802083 0.3169643 0.5802083 0.3169643 0.5802083 0.3169643 0.5754171 0.3169643 0.5754171 0.3169643 0.561379 0.3169643 0.561379 0.3169643 0.5489583 0.3169643 0.5489583 0.3169643 0.5489583 0.3169643 0.5489583 0.3169643 0.5777669 0.3169643 0.5777669 0.3169643 0.5682454 0.3169643 0.5682454 0.3169643 0.558724 0.3169643 0.558724 0.3169643 0.5492025 0.3169643 0.5492025 0.3169643 0.5777669 0.3169643 0.5777669 0.3784877 0.5677572 0.3169643 0.5677572 0.3784877 0.5575033 0.3169643 0.5575033 0.3784877 0.5489583 0.3169643 0.5489583 0.3784877 0.57618 0.3169643 0.57618 0.3784877 0.5648275 0.3169643 0.5648275 0.3784877 0.5534749 0.3169643 0.5534749 0.3784877 0.5489583 0.3169643 0.5489583 0.3784877 0.5802083 0.3794643 0.5582357 0.3794643 0.5582357 0.3169643 0.5684896 0.3794643 0.551888 0.3169643 0.5606771 0.3794643 0.5772786 0.3169643 0.570931 0.3169643 0.5489583 0.3794643 0.570931 0.3794643 0.5802083 0.3343593 0.5802083 0.3794643 0.5802083 0.3794643 0.5802083 0.3169643 0.5776449 0.3794643 0.5768514 0.3169643 0.5711141 0.3794643 0.5710531 0.3169643 0.5652547 0.3169643 0.5645833 0.3794643 0.5594564 0.3169643 0.5580526 0.3794643 0.553658 0.3169643 0.5515218 0.3794643 0.5802083 0.3169643 0.5802083 0.3794643 0.5665365 0.3169643 0.5665365 0.3794643 0.5636068 0.3349391 0.5606771 0.3169643 0.5621419 0.3794643 0.5606771 0.3794643 0.5567708 0.3794643 0.5548177 0.3169643 0.5523763 0.3794643 0.5489583 0.3169643 0.5489583 0.3169643 0.5489583 0.3794643 0.5489583 0.3677455 0.5489583 0.3404018 0.5489583 0.3169643 0.5489583 0.3695156 0.5489583 0.3169643 0.5489583 0.3794643 0.5489583 0.3794643 0.5489583 0.3794643 0.5489583 0.3436977 0.5802083 0.3474819 0.5802083 0.3794643 0.5802083 0.3794643 0.5802083 0.3794643 0.574349 0.3267299 0.5736165 0.3794643 0.5667806 0.3169643 0.5653158 0.3794643 0.558724 0.3169643 0.557015 0.3794643 0.5511556 0.3462612 0.5489583 0.3794643 0.5489583 0.3189174 0.5489583 0.3794643 0.5489583 0.3794643 0.5489583 0.3169643 0.5489583 0.3169643 0.5489583 0.3169643 0.5489583 0.3364955 0.5489583 0.359933 0.5489583 0.3169643 0.5489583 0.3794643 0.5489583 0.3169643 0.5489583 0.3169643 0.5489583 0.3169643 0.5489583 0.3189174 0.5489583 0.3404018 0.5802083 0.3169643 0.5802083 0.3794643 0.5802083 0.3364955 0.5802083 0.359933 0.5802083 0.3169643 0.5802083 0.3775112 0.558724 0.3794643 0.5645833 0.3247768 0.5689779 0.3169643 0.5777669 0.375558 0.5694661 0.3794643 0.5802083 0.3423549 0.5577474 0.3794643 0.5733724 0.3462612 0.5802083 0.3169643 0.551888 0.3794643 0.5548177 0.3775112 0.5763021 0.3306362 0.5616536 0.3462612 0.5802083 0.3169643 0.5489583 0.3384487 0.5753255 0.3169643 0.5802083 0.3521205 0.5489583 0.3247768 0.5802083 0.3794643 0.5606771 0.3618862 0.5802083 0.3169643 0.5509115 0.3169643 0.5528646 0.3540737 0.5802083 0.3467494 0.5645833 0.3169643 0.5489583 0.3169643 0.5802083 0.3169643 0.5528646 0.3604213 0.5606771 0.3257533 0.5802083 0.3169643 0.5782552 0.3374721 0.5802083 0.3648158 0.5782552 0.3394252 0.5665365 0.3169643 0.5616536 0.3296596 0.5802083 0.3169643 0.5802083 0.3169643 0.5763021 0.3716518 0.567513 0.3169643 0.5772786 0.3638393 0.5645833 0.3736049 0.567513 0.3169643 0.5645833 0.3716518 0.5538411 0.3794643 0.5597005 0.3794643 0.5528646 0.3501674 0.5645833 0.3560268 0.5489583 0.3189174 0.551888 0.3482143 0.5655599 0.3179408 0.5802083 0.359933 0.5489583 0.3794643 0.5802083 0.3794643 0.5802083 0.3794643 0.5782552 0.3257533 0.5802083 0.3169643 0.5548177 0.3560268 0.5489583 0.3643276 0.5645833 0.3169643 0.5567708 0.3169643 0.5489583 0.3169643 0.5528646 0.3699428 0.5802083 0.3169643 0.5782552 0.3238002 0.5489583 0.3433315 0.5802083 0.3794643 0.5802083 0.3794643 0.558724 0.3208705 0.5606771 0.3794643 0.5772786 0.3540737 0.5665365 0.3618862 0.5665365 0.3169643 0.5753255 0.3618862 0.5665365 0.3794643 0.5538411 0.3404018 0.5489583 0.3579799 0.5763021 0.3169643 0.567513 0.3794643 0.5802083 0.3189174 0.5489583 0.3794643 0.5655599 0.3794643 0.574349 0.3169643 0.5523763 0.3794643 0.555306 0.3794643 0.5489583 0.3169643 0.5802083 0.3169643 0.5626302 0.3794643 0.5763021 0.3169643 0.5531087 0.3794643 0.5604329 0.3794643 0.5750814 0.3364955 0.5802083 0.328683 0.5802083 0.3482143 0.5592122 0.328683 0.5682454 0.3169643 0.553597 0.3169643 0.5787435 0.3794643 0.5777669 0.3482143 0.5616536 0.3247768 0.5489583 0.3384487 0.5489583 0.3228237 0.5802083 0.3794643 0.5802083 0.3794643 0.5489583 0.3169643 0.5782552 0.3794643 0.5792318 0.3169643 0.5802083 0.3657924 0.5665365 0.3169643 0.5557943 0.3169643 0.5489583 0.3325893 0.5489583 0.3208705 0.5489583 0.3696987 0.5489583 0.3169643 0.5714193 0.3169643 0.5636068 0.3169643 0.5489583 0.375558 0.5489583 0.3687221 0.5802083 0.3560268 0.5489583 0.3169643 0.5509115 0.3657924 0.5763021 0.361642 0.5802083 0.3284389 0.5645833 0.3169643 0.5723958 0.3169643 0.5802083 0.3794643 0.5763021 0.3350307 0.5489583 0.3794643 0.5489583 0.3794643 0.5802083 0.3794643 0.5489583 0.3277065 0.5489583 0.3325893 0.5636068 0.3794643 0.5577474 0.328683 0.5489583 0.3794643 0.5802083 0.3775112 0.5489583 0.375558 0.5489583 0.3736049 0.5557943 0.3794643 0.5489583 0.3169643 0.5802083 0.3306362 0.5567708 0.3169643 0.5782552 0.3169643 0.5489583 0.3169643 0.5802083 0.3169643 0.5802083 0.3169643 0.5550618 0.3364955 0.5562826 0.3208705 0.5543294 0.3169643 0.5699544 0.3169643 0.5489583 0.3208705 0.5772786 0.328683 0.5802083 0.3169643 0.5763021 0.3794643 0.5694661 0.3794643 0.5665365 0.3560268 0.5597005 0.3657924 0.5489583 0.3579799 0.5489583 0.3696987 0.5545736 0.3567592 0.5645833 0.3169643 0.5645833 0.359933 0.5802083 0.3245326 0.5489583 0.3169643 0.5489583 0.3169643 0.5489583 0.3794643 0.5557943 0.3169643 0.5489583 0.3794643 0.5512777 0.3350307 0.5802083 0.3169643 0.5802083 0.3794643 0.5640951 0.3506557 0.5524068 0.3491908 0.5489583 0.3296596 0.5797201 0.363351 0.558846 0.3535854 0.5490804 0.3169643 0.5802083 0.3169643 0.5802083 0.3794643 0.5701986 0.3169643 0.5802083 0.3169643 0.5662923 0.3169643 0.5489583 0.337228 0.5802083 0.3660366 0.5701986 0.3794643 0.5582357 0.3169643 0.565804 0.3456508 0.5582357 0.3794643 0.5802083 0.3169643 0.5802083 0.3305141 0.5636068 0.3404018 0.5662923 0.3794643 0.5623861 0.3679897 0.5701986 0.3794643 0.577889 0.3613979 0.5802083 0.3794643 0.5489583 0.3169643 0.558846 0.3428432 0.5685201 0.3462612 0.5489583 0.366769 0.5802083 0.3374721 0.5640951 0.3457729 0.5649495 0.3794643 0.5802083 0.3794643 0.5802083 0.3184291 0.5489583 0.3169643 0.5802083 0.3169643 0.5489583 0.3169643 0.5802083 0.3169643 0.5489583 0.3794643 0.5521322 0.3609706 0.5645833 0.3363429 0.5645833 0.3169643 0.5489583 0.3169643 0.5489583 0.3784877 0.5489583 0.3784877 0.5489583 0.3169643 0.5489583 0.3784877 0.5489583 0.3169643 0.5503621 0.3784877 0.5503621 0.3169643 0.5560232 0.3784877 0.5560232 0.3169643 0.5616994 0.3784877 0.5616994 0.3169643 0.567391 0.3784877 0.567391 0.3169643 0.5489583 0.3794643 0.5489583 0.3169643 0.5489583 0.3794643 0.5489583 0.3169643 0.5489583 0.3794643 0.5489583 0.3169643 0.55053 0.3794643 0.5531087 0.3169643 0.556252 0.3794643 0.5596853 0.3169643 0.5619893 0.3794643 0.5509115 0.3540737 0.5509115 0.3721401 0.5489583 0.3540737 0.5489583 0.3682338 0.5802083 0.3540737 0.5802083 0.3570033 0.5711751 0.3540737 0.570931 0.3399135 0.557015 0.3540737 0.5567708 0.3218471 0.5489583 0.3540737 0.5489583 0.3169643 0.5802083 0.3540737 0.5802083 0.3169643 0.5802083 0.3169643 0.5509115 0.3223354 0.5509115 0.3169643 0.5489583 0.3169643 0.5489583 0.3223354 0.5489583 0.3169643 0.5489583 0.3223354 0.5802083 0.3169643 0.5802083 0.3223354 0.5802083 0.3169643 0.5802083 0.3223354 0.5802083 0.3169643 0.5797201 0.3223354 0.574349 0.3169643 0.5728841 0.3223354 0.5677572 0.3169643 0.5660482 0.3223354 0.5611654 0.3169643 0.5594564 0.3223354 0.5545736 0.3169643 0.5526204 0.3223354 0.5489583 0.3169643 0.5489583 0.3223354 0.5489583 0.3169643 0.5489583 0.3223354 0.5489583 0.3169643 0.5802083 0.3223354 0.5802083 0.3169643 0.5802083 0.3223354 0.5802083 0.3169643 0.5802083 0.3223354 0.5777669 0.3169643 0.5745931 0.3223354 0.5714193 0.3169643 0.5677572 0.3223354 0.5648275 0.3169643 0.5609212 0.3223354 0.5582357 0.3169643 0.5540853 0.3223354 0.5516439 0.3169643 0.5489583 0.3223354 0.5489583 0.3169643 0.5489583 0.3223354 0.5489583 0.3169643 0.5489583 0.3223354 0.5802083 0.3169643 0.5802083 0.3223354 0.5802083 0.3169643 0.5802083 0.3223354 0.5802083 0.3169643 0.5760579 0.3223354 0.5749593 0.3169643 0.569222 0.3223354 0.5683675 0.3169643 0.5625081 0.3223354 0.5617757 0.3169643 0.5556722 0.3223354 0.555306 0.3169643 0.5489583 0.3223354 0.5489583 0.3169643 0.5489583 0.3223354 0.5489583 0.3169643 0.5489583 0.3169643 0.5489583 0.3223354 0.5802083 0.3169643 0.5802083 0.3223354 0.5802083 0.3169643 0.5802083 0.3223354 0.5784993 0.3169643 0.5776449 0.3223354 0.5719076 0.3169643 0.5708089 0.3223354 0.5654378 0.3169643 0.5640951 0.3223354 0.558846 0.3169643 0.5572591 0.3223354 0.5523763 0.3169643 0.5505452 0.3223354 0.5489583 0.3169643 0.5489583 0.3223354 0.5489583 0.3169643 0.5489583 0.3223354 0.5802083 0.3169643 0.5802083 0.3223354 0.5802083 0.3169643 0.5802083 0.3223354 0.5802083 0.3169643 0.5791707 0.3223354 0.5755697 0.3169643 0.5723958 0.3223354 0.5689779 0.3169643 0.5656209 0.3223354 0.5624471 0.3169643 0.558846 0.3223354 0.5559163 0.3169643 0.5520711 0.3223354 0.5493856 0.3169643 0.5802083 0.3223354 0.5802083 0.3169643 0.5802083 0.3223354 0.5802083 0.3169643 0.5802083 0.3223354 0.5802083 0.3169643 0.5802083 0.3223354 0.5802083 0.3169643 0.5802083 0.3223354 0.5791402 0.3169643 0.5739522 0.3223354 0.5726095 0.3169643 0.5671773 0.3223354 0.5660482 0.3169643 0.5604177 0.3223354 0.5595174 0.3169643 0.5536428 0.3223354 0.5529714 0.3169643 0.5489583 0.3223354 0.5489583 0.3169643 0.5489583 0.3223354 0.5489583 0.3169643 0.5489583 0.3223354 0.5489583 0.3169643 0.5489583 0.3169643 0.5489583 0.3482143 0.5489583 0.3169643 0.5489583 0.3482143 0.5489583 0.3169643 0.5489583 0.3482143 0.5501027 0.3169643 0.5529714 0.3482143 0.5568319 0.3169643 0.5595174 0.3482143 0.5628896 0.3169643 0.5660482 0.3482143 0.5683675 0.3169643 0.5726095 0.3482143 0.5750814 0.3169643 0.5791402 0.3482143 0.5802083 0.3169643 0.5802083 0.3482143 0.5802083 0.3169643 0.5802083 0.3482143 0.5802083 0.3169643 0.5802083 0.3482143 0.5802083 0.3169643 0.5802083 0.3482143 0.5802083 0.3169643 0.5802083 0.3169643 0.5802083 0.3169643 0.5802083 0.3169643 0.5802083 0.3169643 0.5493856 0.3482143 0.5528646 0.3169643 0.5559163 0.3482143 0.5584798 0.3169643 0.5624471 0.3482143 0.5618368 0.3169643 0.5652547 0.3169643 0.5689779 0.3482143 0.5712972 0.3169643 0.5755697 0.3482143 0.5773397 0.3169643 0.5790487 0.3169643 0.5802083 0.3482143 0.5802083 0.3169643 0.5802083 0.3169643 0.5802083 0.3169643 0.5802083 0.3482143 0.5802083 0.3169643 0.5802083 0.3482143 0.5489583 0.3169643 0.5489583 0.3482143 0.5489583 0.3169643 0.5489583 0.3169643 0.5489583 0.3482143 0.550179 0.3169643 0.5523763 0.3482143 0.5537191 0.3169643 0.550179 0.3169643 0.558846 0.3482143 0.5573812 0.3169643 0.5610433 0.3169643 0.5610433 0.3169643 0.5654378 0.3482143 0.5670247 0.3169643 0.5719076 0.3482143 0.5728841 0.3169643 0.5784993 0.3482143 0.5789876 0.3169643 0.5802083 0.3169643 0.5802083 0.3482143 0.5802083 0.3169643 0.5802083 0.3482143 0.5802083 0.3169643 0.5489583 0.3482143 0.5489583 0.3169643 0.5489583 0.3482143 0.5489583 0.3169643 0.5489583 0.3169643 0.5489583 0.3482143 0.5534749 0.3169643 0.555306 0.3482143 0.5595785 0.3169643 0.5617757 0.3482143 0.5662923 0.3169643 0.5683675 0.3482143 0.5723958 0.3169643 0.5749593 0.3482143 0.5758138 0.3169643 0.5791097 0.3169643 0.5802083 0.3482143 0.5802083 0.3169643 0.5802083 0.3482143 0.5802083 0.3169643 0.5802083 0.3482143 0.5489583 0.3169643 0.5489583 0.3482143 0.5489583 0.3169643 0.5489583 0.3169643 0.5489583 0.3482143 0.5489583 0.3169643 0.5516439 0.3482143 0.5550618 0.3169643 0.5582357 0.3482143 0.5584798 0.3169643 0.5618978 0.3169643 0.5648275 0.3482143 0.5680013 0.3169643 0.5714193 0.3482143 0.5745931 0.3169643 0.5777669 0.3482143 0.5802083 0.3169643 0.5802083 0.3482143 0.5802083 0.3169643 0.5802083 0.3169643 0.5802083 0.3482143 0.5802083 0.3169643 0.5489583 0.3482143 0.5489583 0.3169643 0.5489583 0.3482143 0.5489583 0.3169643 0.5489583 0.3169643 0.5489583 0.3169643 0.5489583 0.3169643 0.5489583 0.3169643 0.5489583 0.3482143 0.5538411 0.3169643 0.5545736 0.3482143 0.5594564 0.3169643 0.5611654 0.3482143 0.5648275 0.3169643 0.5677572 0.3482143 0.5716634 0.3169643 0.574349 0.3482143 0.5777669 0.3169643 0.5802083 0.3482143 0.5802083 0.3169643 0.5802083 0.3482143 0.5802083 0.3169643 0.5802083 0.3482143 0.5489583 0.3169643 0.5489583 0.3482143 0.5489583 0.3169643 0.5489583 0.3482143 0.5489583 0.3169643 0.5509115 0.3482143 0.5509115 0.3169643 0.5802083 0.3169643 0.5802083 0.3169643 0.5802083 0.3784877 0.5802083 0.3784877 0.5514608 0.3169643 0.551827 0.3784877 0.5579305 0.3169643 0.5584188 0.3784877 0.5643392 0.3169643 0.5650106 0.3784877 0.5707479 0.3169643 0.5716024 0.3784877 0.5772176 0.3169643 0.5781942 0.3784877 0.5802083 0.3169643 0.5802083 0.3784877 0.5802083 0.3169643 0.5802083 0.3784877 0.5489583 0.3169643 0.5489583 0.3784877 0.5489583 0.3169643 0.5489583 0.3784877 0.5489583 0.3533412 0.5489583 0.3169643 0.550179 0.3174526 0.5532308 0.3169643 0.5557943 0.3169643 0.5597005 0.3169643 0.5615316 0.3677455 0.5661702 0.3169643 0.5665365 0.3794643 0.5716634 0.3794643 0.5725179 0.3169643 0.5765462 0.3570033 0.5789876 0.3169643 0.5802083 0.3794643 0.5802083 0.3169643 0.5802083 0.3169643 0.5802083 0.3784877 0.5802083 0.3169643 0.5802083 0.3784877 0.5489583 0.3169643 0.5489583 0.3784877 0.5489583 0.3169643 0.5489583 0.3784877 0.5489583 0.3169643 0.5489583 0.3784877 0.5551839 0.3169643 0.555306 0.3784877 0.5616536 0.3169643 0.5617757 0.3784877 0.5681234 0.3169643 0.5683675 0.3784877 0.5745931 0.3169643 0.5749593 0.3784877 0.5802083 0.3169643 0.5802083 0.3784877 0.5802083 0.3169643 0.5802083 0.3784877 0.5802083 0.3169643 0.5802083 0.3784877 0.5489583 0.3169643 0.5489583 0.3784877 0.5489583 0.3169643 0.5489583 0.3784877 0.5509115 0.3169643 0.5516439 0.3784877 0.5575033 0.3169643 0.5582357 0.3784877 0.5638509 0.3169643 0.5648275 0.3784877 0.5704427 0.3169643 0.5714193 0.3784877 0.5767904 0.3169643 0.5770345 0.3169643 0.5777669 0.3169643 0.5777669 0.3784877 0.5787435 0.3794643 0.5802083 0.3794643 0.5802083 0.3169643 0.5802083 0.3784877 0.5802083 0.3340541 0.5802083 0.3794643 0.5802083 0.3794643 0.5802083 0.3784877 0.5802083 0.3794643 0.5802083 0.3301479 0.5489583 0.3784877 0.5802083 0.3794643 0.5489583 0.3794643 0.5489583 0.3794643 0.5489583 0.3784877 0.5489583 0.3374721 0.5489583 0.3169643 0.5489583 0.3169643 0.5489583 0.3784877 0.5506673 0.3169643 0.5545736 0.3784877 0.557015 0.3169643 0.5611654 0.3784877 0.5633626 0.3169643 0.5677572 0.3784877 0.5694661 0.3169643 0.574349 0.3784877 0.5758138 0.3169643 0.5802083 0.3784877 0.5802083 0.3169643 0.5802083 0.3784877 0.5802083 0.3169643 0.5802083 0.3784877 0.5802083 0.3169643 0.5489583 0.3784877 0.5489583 0.3169643 0.5489583 0.3784877 0.5489583 0.3169643 0.5509115 0.3784877 0.5509115 0.3169643 0.5538411 0.3794643 0.5615316 0.3587734 0.563973 0.3783657 0.5489583 0.3348781 0.5802083 0.3169643 0.5802083 0.3169643 0.5609212 0.3472377 0.5489583 0.3764125 0.5802083 0.3794643 0.5633016 0.3169643 0.5802083 0.3662807 0.5756612 0.3399135 0.5489583 0.3487026 0.5489583 0.347726 0.5535055 0.3565151 0.5489583 0.3301479 0.5658651 0.3794643 0.5489583 0.3169643 0.5802083 0.319894 0.5682454 0.3491908 0.5489583 0.3794643 0.5489583 0.3794643 0.5802083 0.361642 0.5753255 0.3794643 0.5676351 0.3375942 0.5651937 0.3180019 0.5706868 0.3522121 0.5652547 0.3169643 0.5652547 0.3169643 0.5706868 0.344186 0.5802083 0.3794643 0.5802083 0.3169643 0.5489583 0.3794643 0.5489583 0.3794643 0.5522542 0.3696987 0.5522542 0.3267299 0.5734029 0.3427516 0.5734029 0.3535854 0.5489583 0.3482143 0.5489583 0.3482143 0.5557638 0.3535854 0.5557638 0.3427516 0.5769124 0.3696987 0.5769124 0.3267299 0.5802083 0.3794643 0.5802083 0.3794643 0.5802083 0.3794643 0.5802083 0.3169643 0.5584798 0.3522121 0.5584798 0.344186 0.5639119 0.3169643 0.5639119 0.3169643 0.5584798 0.344186 0.5639119 0.3169643 0.5639119 0.3169643 0.5584798 0.3522121 0.5802083 0.3169643 0.5802083 0.3794643 0.5802083 0.3794643 0.5802083 0.3794643 0.5769124 0.3267299 0.5769124 0.3696987 0.5557638 0.3535854 0.5557638 0.3427516 0.5489583 0.3482143 0.5489583 0.3482143 0.5734029 0.3427516 0.5734029 0.3535854 0.5522542 0.3696987 0.5522542 0.3267299 0.5489583 0.3794643 0.5489583 0.3794643 0.5802083 0.3794643 0.5802083 0.3169643 0.5706868 0.344186 0.5706868 0.3522121 0.5652547 0.3169643 0.5652547 0.3169643 0.5625997 0.3604213 0.5489583 0.3496791 0.5489583 0.3496791 0.566567 0.3604213 0.5489583 0.3794643 0.5802083 0.3794643 0.5802083 0.3169643 0.5802083 0.3169643 0.5753255 0.3235561 0.5538411 0.3235561 0.5618368 0.3657924 0.5673299 0.3657924 0.5645833 0.3169643 0.5645833 0.3169643 0.5673299 0.3305751 0.5618368 0.3305751 0.5753255 0.372842 0.5538411 0.372842 0.5802083 0.3794643 0.5802083 0.3794643 0.5489583 0.3794643 0.5802083 0.3794643 0.566567 0.3360378 0.5625997 0.3360378 0.5489583 0.346841 0.5489583 0.346841 0.5489583 0.3169643 0.5489583 0.3169643 0.5489583 0.3169643 0.5489583 0.3169643 0.561379 0.3169643 0.561379 0.3169643 0.5754171 0.3169643 0.5754171 0.3169643 0.5802083 0.3169643 0.5802083 0.3169643 0.5802083 0.3169643 0.5802083 0.3169643 0.5550008 0.3169643 0.5550008 0.3169643 0.5689779 0.3169643 0.5689779 0.3169643 0.5489583 0.3169643 0.5531087 0.3169643 0.5489583 0.3169643 0.5531087 0.3169643 0.563973 0.3169643 0.563973 0.3169643 0.5748372 0.3169643 0.5748372 0.3169643 0.5802083 0.3169643 0.5606466 0.3169643 0.5551229 0.3482143 0.5802083 0.3794643 0.5489583 0.3794643 0.5506673 0.3325893 0.5802083 0.3794643 0.5802083 0.328683 0.5577474 0.3169643 0.5665365 0.3716518 0.5567708 0.328683 0.5489583 0.3794643 0.558724 0.3267299 0.5489583 0.3794643 0.574349 0.359933 0.5557943 0.3169643 0.5489583 0.3169643 0.5802083 0.3794643 0.5802083 0.3794643 0.567513 0.3618862 0.5489583 0.3794643 0.5704427 0.3677455 0.558724 0.3169643 0.5802083 0.3794643 0.5489583 0.3433315 0.5763021 0.3218471 0.5489583 0.3794643 0.5802083 0.3794643 0.5763021 0.3404018 0.5489583 0.3330776 0.5645833 0.3169643 0.5489583 0.3169643 0.5489583 0.359933 0.5763021 0.3709194 0.5802083 0.3169643 0.5509115 0.3257533 0.574349 0.3638393 0.5489583 0.3794643 0.5802083 0.3794643 0.5714193 0.3238002 0.5665365 0.3169643 0.5528646 0.3579799 0.5616536 0.3169643 0.5557943 0.3657924 0.5763021 0.3169643 0.5782552 0.344308 0.5489583 0.3677455 0.5557943 0.3169643 0.5802083 0.3794643 0.5499349 0.3228237 0.5802083 0.3794643 0.558724 0.3169643 0.5489583 0.3696987 0.5787435 0.3794643 0.5606771 0.3169643 0.5489583 0.3169643 0.5802083 0.3169643 0.5802083 0.3794643 0.5599447 0.3716518 0.5606771 0.3364955 0.5489583 0.3169643 0.5802083 0.344308 0.5714193 0.3794643 0.5802083 0.3169643 0.5489583 0.3404018 0.5592122 0.344308 0.5758138 0.3638393 0.5802083 0.3325893 0.5489583 0.344308 0.5533529 0.3794643 0.5548177 0.3794643 0.5802083 0.3775112 0.5489583 0.3657924 0.574349 0.359933 0.5802083 0.3794643 0.5499349 0.3657924 0.5802083 0.359933 0.5489583 0.3794643 0.5489583 0.3716518 0.5489583 0.359933 0.5567708 0.359933 0.5489583 0.3169643 0.5731283 0.3794643 0.5489583 0.3794643 0.5802083 0.3560268 0.5802083 0.3716518 0.5497518 0.3677455 0.5510335 0.3521205 0.570931 0.3794643 0.5697103 0.3794643 0.5643392 0.3594448 0.5745931 0.3364955 0.5714193 0.3657924 0.567513 0.3296596 0.5802083 0.3169643 0.5770345 0.3169643 0.5489583 0.3169643 0.5802083 0.3169643 0.5802083 0.3267299 0.558724 0.3169643 0.5802083 0.3384487 0.5538411 0.3169643 0.5489583 0.359933 0.5802083 0.3696987 0.5694661 0.3169643 0.5753255 0.3169643 0.5753255 0.3277065 0.5528646 0.3169643 0.558724 0.3169643 0.5684896 0.3335658 0.5802083 0.3501674 0.5782552 0.3579799 0.5802083 0.3794643 0.5802083 0.3794643 0.5489583 0.3794643 0.5802083 0.3169643 0.5489583 0.3169643 0.5802083 0.3794643 0.5802083 0.3169643 0.5802083 0.3794643 0.5665365 0.3169643 0.5665365 0.3794643 0.5521322 0.3169643 0.5521322 0.3794643 0.5489583 0.3169643 0.5489583 0.3794643 0.5802083 0.3169643 0.5802083 0.3794643 0.5711751 0.3169643 0.5711751 0.3794643 0.5566488 0.3169643 0.5566488 0.3794643 0.5489583 0.3169643 0.5489583 0.3794643 0.5802083 0.3169643 0.5802083 0.3794643 0.574471 0.3794643 0.574471 0.3169643 0.5593343 0.3794643 0.5593343 0.3169643 0.5489583 0.3794643 0.5489583 0.3169643 0.5802083 0.3169643 0.5802083 0.3794643 0.5765462 0.3169643 0.5765462 0.3794643 0.5614705 0.3169643 0.5614705 0.3794643 0.5802083 0.3794643 0.5802083 0.3169643 0.5802083 0.3169643 0.5802083 0.3794643 0.5786519 0.3794643 0.5786519 0.3169643 0.5635457 0.3169643 0.5635457 0.3794643 0.5489583 0.3794643 0.5489583 0.3169643 0.5489583 0.3169643 0.5489583 0.3794643 0.5777669 0.3169643 0.5802083 0.3169643 0.5777669 0.3169643 0.5802083 0.3169643 0.5489583 0.3169643 0.5489583 0.3169643 0.5575033 0.3169643 0.5575033 0.3169643 0.5714193 0.3169643 0.5714193 0.3169643 0.5802083 0.3169643 0.5802083 0.3169643 0.5489583 0.3169643 0.5489583 0.3169643 0.5509115 0.3169643 0.5509115 0.3169643 0.5496908 0.3794643 0.5496908 0.3169643 0.5623861 0.3169643 0.5623861 0.3794643 0.5750814 0.3794643 0.5750814 0.3169643 0.5802083 0.3794643 0.5802083 0.3169643 0.5489583 0.3794643 0.5489583 0.3169643 0.5509115 0.3169643 0.5509115 0.3794643 0.5509115 0.3482143 0.5509115 0.3169643 0.5489583 0.3482143 0.5489583 0.3169643 0.5802083 0.3169643 0.5802083 0.3482143 0.5682454 0.3169643 0.5682454 0.3482143 0.5531087 0.3482143 0.5531087 0.3169643 0.5489583 0.3169643 0.5489583 0.3482143 0.5802083 0.3482143 0.5802083 0.3169643 0.5701986 0.3482143 0.5701986 0.3169643 0.555306 0.3482143 0.555306 0.3169643 0.5489583 0.3482143 0.5489583 0.3169643 0.5802083 0.3482143 0.5802083 0.3169643 0.5723958 0.3482143 0.5723958 0.3169643 0.5572591 0.3482143 0.5572591 0.3169643 0.5489583 0.3482143 0.5489583 0.3169643 0.5802083 0.3169643 0.5802083 0.3482143 0.574471 0.3169643 0.574471 0.3482143 0.5593343 0.3169643 0.5593343 0.3482143 0.5489583 0.3169643 0.5489583 0.3482143 0.5802083 0.3169643 0.5802083 0.3482143 0.5765462 0.3169643 0.5765462 0.3482143 0.5614705 0.3482143 0.5614705 0.3169643 0.5802083 0.3169643 0.5802083 0.3482143 0.5802083 0.3482143 0.5802083 0.3169643 0.5786519 0.3169643 0.5786519 0.3482143 0.5635457 0.3169643 0.5635457 0.3482143 0.5489583 0.3169643 0.5489583 0.3482143 0.5489583 0.3482143 0.5489583 0.3169643 0.5489583 0.3540737 0.5489583 0.3716518 0.5489583 0.3721401 0.5489583 0.3540737 0.5532461 0.3169643 0.5489583 0.3169643 0.5635457 0.3540737 0.5684285 0.3169643 0.5786519 0.3540737 0.5802083 0.3794643 0.5802083 0.3540737 0.5802083 0.3784877 0.5802083 0.3540737 0.5802083 0.3653041 0.5569539 0.3570033 0.5614705 0.3540737 0.5694051 0.3540737 0.5765462 0.3540737 0.5802083 0.3570033 0.5802083 0.3540737 0.5802083 0.3662807 0.5489583 0.3540737 0.5489583 0.3794643 0.5565267 0.3794643 0.5593343 0.3540737 0.5689779 0.3794643 0.574471 0.3540737 0.5802083 0.3169643 0.5802083 0.3540737 0.5802083 0.3169643 0.5489583 0.3716518 0.5489583 0.3169643 0.5489583 0.3540737 0.5489583 0.3721401 0.5512777 0.3706752 0.5562826 0.3540737 0.5606771 0.3653041 0.5704427 0.3540737 0.5725179 0.3545619 0.5802083 0.3540737 0.5802083 0.3389369 0.5489583 0.3540737 0.5489583 0.3228237 0.5504232 0.3540737 0.5496908 0.3169643 0.5645833 0.3169643 0.5645833 0.3540737 0.5645833 0.3169643 0.5489583 0.3518764 0.5489583 0.3482143 0.5489583 0.3169643 0.5489583 0.3631069 0.5489583 0.3794643 0.5489583 0.3169643 0.5489583 0.3169643 0.5489583 0.3262416 0.5489583 0.3672573 0.5489583 0.3169643 0.5489583 0.3169643 0.5489583 0.3230678 0.5489583 0.3589565 0.5489583 0.3794643 0.5489583 0.3169643 0.5489583 0.3169643 0.5489583 0.3169643 0.5489583 0.3169643 0.5529256 0.3169643 0.5489583 0.3281948 0.5533376 0.3169643 0.5489583 0.3433315 0.5489583 0.3482143 0.5594564 0.3169643 0.5600057 0.3169643 0.5659871 0.3169643 0.5659871 0.3169643 0.5666585 0.3169643 0.5721212 0.3169643 0.5733419 0.3169643 0.5782247 0.3169643 0.5799947 0.3169643 0.5802083 0.3169643 0.5802083 0.3169643 0.5802083 0.3169643 0.5802083 0.3169643 0.5802083 0.3169643 0.5802083 0.3169643 0.5802083 0.3169643 0.5802083 0.3169643 0.5802083 0.3169643 0.5802083 0.3169643 0.5508504 0.3169643 0.553597 0.3169643 0.5575033 0.3169643 0.5603109 0.3169643 0.5641561 0.3169643 0.5669637 0.3169643 0.5708089 0.3169643 0.5736776 0.3169643 0.5793538 0.3169643 0.5775228 0.3169643 0.5794149 0.3794643 0.5795369 0.3496791 0.5794759 0.3291713 0.5797811 0.3169643 0.579659 0.3704311 0.5802083 0.3169643 0.5800252 0.3794643 0.5802083 0.3794643 0.5802083 0.3169643 0.5802083 0.3745815 0.5802083 0.3330776 0.5802083 0.3566371 0.5802083 0.3452846 0.5802083 0.3485805 0.5802083 0.3169643 0.5802083 0.3507778 0.5802083 0.3631069 0.5802083 0.347726 0.5802083 0.3169643 0.5802083 0.3399135 0.5802083 0.3794643 0.5802083 0.3223354 0.5802083 0.3169643 0.5802083 0.3169643 0.5802083 0.3262416 0.5802083 0.3794643 0.5802083 0.3672573 0.5802083 0.347726 0.5802083 0.3169643 0.5802083 0.3169643 0.5802083 0.3172084 0.5802083 0.3169643 0.5802083 0.3169643 0.5802083 0.3169643 0.5489583 0.3169643 0.5489583 0.3169643 0.5489583 0.3169643 0.5489583 0.3169643 0.5489583 0.3169643 0.5489583 0.3169643 0.5512777 0.3169643 0.5522542 0.3169643 0.5578695 0.3169643 0.558846 0.3169643 0.5645833 0.3169643 0.5654378 0.3169643 0.5712972 0.3169643 0.5719076 0.3169643 0.5780111 0.3169643 0.5784993 0.3169643 0.5802083 0.3169643 0.5802083 0.3169643 0.5802083 0.3169643 0.5802083 0.3169643 0.5489583 0.3169643 0.5489583 0.3169643 0.5489583 0.3289272 0.5489583 0.3169643 0.5489583 0.3677455 0.5489583 0.3794643 0.5489583 0.3169643 0.5489583 0.3169643 0.5489583 0.3169643 0.5489583 0.3687221 0.5489583 0.3440639 0.5489583 0.3574916 0.5489583 0.3711635 0.5489583 0.3504116 0.5489583 0.3794643 0.5489583 0.3482143 0.5489583 0.3169643 0.5489583 0.3532192 0.5489583 0.3670131 0.5489583 0.3794643 0.5489583 0.3169643 0.5489583 0.3169643 0.5489583 0.3296596 0.5489583 0.3169643 0.5489583 0.3433315 0.5489583 0.3255092 0.5489583 0.3482143 0.5489583 0.3523647 0.5489583 0.3457729 0.5489583 0.3794643 0.5489583 0.3389369 0.5489583 0.3277065 0.5489583 0.3169643 0.5489583 0.3169643 0.5489583 0.3794643 0.5489583 0.3169643 0.5489583 0.3675014 0.5489583 0.3284389 0.5550618 0.3169643 0.555306 0.3169643 0.5615316 0.3169643 0.5617757 0.3169643 0.5680013 0.3169643 0.5683675 0.3169643 0.574471 0.3169643 0.5749593 0.3169643 0.5802083 0.3169643 0.5802083 0.3169643 0.5802083 0.3169643 0.5802083 0.3169643 0.5802083 0.3169643 0.5802083 0.3169643 0.5489583 0.3169643 0.5489583 0.3169643 0.5489583 0.3169643 0.5489583 0.3169643 0.5489583 0.3169643 0.5489583 0.3169643 0.5509115 0.3169643 0.5523763 0.3169643 0.5572591 0.3169643 0.5560384 0.3169643 0.5621419 0.3660366 0.5623861 0.3262416 0.5621419 0.3169643 0.5626302 0.3169643 0.5621419 0.318185 0.5638509 0.3169643 0.5621419 0.3513881 0.5560384 0.3169643 0.5631185 0.3794643 0.5621419 0.3169643 0.5636068 0.3664028 0.5623861 0.3794643 0.5640951 0.3544399 0.5626302 0.3794643 0.5645833 0.3485805 0.5628743 0.3169643 0.5650716 0.3498012 0.5633626 0.3247768 0.5655599 0.3582241 0.5638509 0.3379604 0.5660482 0.3714076 0.5643392 0.3467494 0.5648275 0.347726 0.5701986 0.3169643 0.5680013 0.3169643 0.5665365 0.3794643 0.5655599 0.3418666 0.5670247 0.3169643 0.5660482 0.3301479 0.5672689 0.3325893 0.5662923 0.3169643 0.567513 0.3660366 0.5667806 0.3794643 0.5672689 0.3701869 0.567513 0.330392 0.5741048 0.3169643 0.567513 0.3169643 0.567513 0.3794643 0.5765462 0.3482143 0.5767904 0.3169643 0.5767904 0.3438503 0.5772786 0.3411342 0.5780111 0.3611537 0.5794759 0.3794643 0.5802083 0.3169643 0.5802083 0.3736049 0.5802083 0.3467494 0.5802083 0.3169643 0.5489583 0.3169643 0.5802083 0.3169643 0.5802083 0.3540737 0.5489583 0.3784877 0.5489583 0.3723842 0.5489583 0.3169643 0.5489583 0.3364955 0.5489583 0.3794643 0.5489583 0.3169643 0.5489583 0.3482143 0.5489583 0.3169643 0.5489583 0.3169643 0.5509115 0.3169643 0.5528646 0.3169643 0.5589681 0.3169643 0.5589681 0.3169643 0.5572591 0.3169643 0.5633626 0.3169643 0.5626302 0.3169643 0.5662923 0.3169643 0.5697103 0.3169643 0.5699544 0.3169643 0.5760579 0.3169643 0.5760579 0.3169643 0.5699544 0.3169643 0.5802083 0.3169643 0.5802083 0.3169643 0.5802083 0.3169643 0.5802083 0.3169643 0.5802083 0.3169643 0.5802083 0.3169643 0.5489583 0.3169643 0.5489583 0.3169643 0.5489583 0.3169643 0.5489583 0.3169643 0.5489583 0.3704311 0.5489583 0.3291713 0.5489583 0.3794643 0.5489583 0.3169643 0.5494466 0.3169643 0.5509115 0.3169643 0.5489583 0.3731166 0.5499349 0.3330776 0.5504232 0.344308 0.5509115 0.3482143 0.5489583 0.3369838 0.5489583 0.3169643 0.5492025 0.3794643 0.5509115 0.3169643 0.5496908 0.3683559 0.5504232 0.3532192 0.5509115 0.3482143 0.5639119 0.3169643 0.5639119 0.3169643 0.5584798 0.3522121 0.5584798 0.344186 0.5802083 0.3169643 0.5802083 0.3794643 0.5802083 0.3794643 0.5802083 0.3794643 0.5769124 0.3267299 0.5769124 0.3696987 0.5557638 0.3535854 0.5557638 0.3427516 0.5489583 0.3482143 0.5489583 0.3482143 0.5734029 0.3427516 0.5734029 0.3535854 0.5522542 0.3267299 0.5522542 0.3696987 0.5489583 0.3794643 0.5489583 0.3794643 0.5802083 0.3794643 0.5802083 0.3169643 0.5706868 0.3522121 0.5706868 0.344186 0.5652547 0.3169643 0.5652547 0.3169643 0.5489583 0.3274623 0.5489583 0.3169643 0.5489583 0.3169643 0.5489583 0.3169643 0.5489583 0.3585903 0.5489583 0.3689662 0.5489583 0.3169643 0.5489583 0.3794643 0.5489583 0.3794643 0.5489583 0.3794643 0.5489583 0.3482143 0.5489583 0.3169643 0.5489583 0.3794643 0.5489583 0.3169643 0.5489583 0.3794643 0.5489583 0.3794643 0.5489583 0.3482143 0.5489583 0.3636867 0.5489583 0.3169643 0.5489583 0.3482143 0.5489583 0.3443691 0.5489583 0.3287441 0.5489583 0.3169643 0.5489583 0.3169643 0.5489583 0.3169643 0.5489583 0.3794643 0.5489583 0.3794643 0.5489583 0.3794643 0.5489583 0.3794643 0.5489583 0.3482143 0.5489583 0.3593227 0.5489583 0.3482143 0.5489583 0.3794643 0.5489583 0.3482143 0.5489583 0.3291713 0.5489583 0.3169643 0.5489583 0.3169643 0.5489583 0.3169643 0.5489583 0.3169643 0.5489583 0.3169643 0.5489583 0.3169643 0.5489583 0.3275234 0.5489583 0.3169643 0.5489583 0.3169643 0.5489583 0.3169643 0.5489583 0.3689357 0.5489583 0.3794643 0.5489583 0.3794643 0.5802083 0.3169643 0.567391 0.3169643 0.5802083 0.3169643 0.5489583 0.3384487 0.5738607 0.3169643 0.5802083 0.3169643 0.5489583 0.3169643 0.5753255 0.3384487 0.5494466 0.3169643 0.5802083 0.3169643 0.5489583 0.3482143 0.5767904 0.3482143 0.5489583 0.3794643 0.5489583 0.3794643 0.5489583 0.3540737 0.5767904 0.3540737 0.5767904 0.3482143 0.5489583 0.3482143 0.5489583 0.3794643 0.5489583 0.3794643 0.5489583 0.3423549 0.5767904 0.3423549 0.5626302 0.3794643 0.5763021 0.3765346 0.5489583 0.3794643 0.5606771 0.3169643 0.5489583 0.3169643 0.5763021 0.3169643 0.5645833 0.3169643 0.5704427 0.3169643 0.5704427 0.3169643 0.5489583 0.3169643 0.5802083 0.3169643 0.5782552 0.3794643 0.5723958 0.3638393 0.5704427 0.3208705 0.5704427 0.328683 0.5704427 0.3482143 0.5694661 0.3618862 0.5665365 0.3169643 0.5636068 0.3794643 0.551888 0.3794643 0.5548177 0.3169643 0.5802083 0.3325893 0.5626302 0.3794643 0.5489583 0.3169643 0.5802083 0.3169643 0.5802083 0.3345424 0.5499349 0.3384487 0.5772786 0.344308 0.5704427 0.3482143 0.5616536 0.3482143 0.5567708 0.3482143 0.567513 0.3482143 0.574349 0.3521205 0.5802083 0.3677455 0.5567708 0.3794643 0.5777669 0.3560268 0.5597005 0.3794643 0.551888 0.344308 0.5489583 0.3345424 0.5802083 0.3169643 0.5489583 0.3794643 0.5738607 0.3169643 0.5655599 0.3794643 0.5601888 0.3618862 0.5661702 0.3247768 0.5582357 0.328683 0.5489583 0.3482143 0.557015 0.3247768 0.5802083 0.375558 0.551888 0.3169643 0.5582357 0.3169643 0.5523763 0.3794643 0.5557943 0.3427516 0.5802083 0.3364955 0.5489583 0.3482143 0.5792318 0.3736049 0.5792318 0.3696987 0.5733724 0.3427516 0.5802083 0.3267299 0.5626302 0.3716518 0.5523763 0.3267299 0.5499349 0.3794643 0.5489583 0.3794643 0.558724 0.3726283 0.5802083 0.335519 0.5802083 0.3794643 0.5782552 0.3794643 0.5704427 0.3522121 0.5802083 0.3379604 0.5650716 0.3169643 0.5684896 0.3794643 0.5684896 0.3169643 0.5650716 0.3169643 0.5802083 0.3584682 0.5704427 0.344186 0.5782552 0.3169643 0.5802083 0.3169643 0.5802083 0.3609096 0.5489583 0.3794643 0.558724 0.3247768 0.5499349 0.3169643 0.5523763 0.3696987 0.5626302 0.3247768 0.5733724 0.3535854 0.5802083 0.3696987 0.5792318 0.3267299 0.5489583 0.3482143 0.5792318 0.3228237 0.5802083 0.359933 0.5557943 0.3535854 0.5523763 0.3169643 0.5802083 0.3208705 0.5767904 0.3696987 0.557015 0.3716518 0.5489583 0.3482143 0.5802083 0.3560268 0.5802083 0.3794643 0.5671468 0.3716518 0.551888 0.3794643 0.5489583 0.3169643 0.558724 0.344186 0.5640951 0.3169643 0.5640951 0.3169643 0.558724 0.3522121 0.5489583 0.3794643 0.5802083 0.3794643 0.5767904 0.3267299 0.5775228 0.3794643 0.5765462 0.3794643 0.5775228 0.3794643 0.570931 0.3794643 0.570931 0.3794643 0.5765462 0.3169643 0.5706868 0.3794643 0.5545736 0.359933 0.5802083 0.3169643 0.5753255 0.3579799 0.557015 0.3794643 0.5802083 0.3169643 0.5802083 0.3169643 0.5802083 0.3169643 0.5802083 0.3169643 0.5802083 0.3169643 0.5489583 0.3169643 0.5802083 0.3169643 0.5567708 0.3794643 0.5489583 0.351144 0.5802083 0.3794643 0.5489583 0.3748256 0.5509115 0.3748256 0.5509115 0.3794643 0.5489583 0.3794643 0.5802083 0.3748256 0.5509115 0.3169643 0.5802083 0.3794643 0.5489583 0.3169643 0.5682454 0.3794643 0.5682454 0.3748256 0.5802083 0.3169643 0.5489583 0.3340541 0.5509115 0.3340541 0.5509115 0.3618862 0.5531087 0.3794643 0.5531087 0.3748256 0.5489583 0.3748256 0.5489583 0.3618862 0.5509115 0.3794643 0.5802083 0.3618862 0.5489583 0.3794643 0.5489583 0.3169643 0.5509115 0.3169643 0.5509115 0.3208705 0.5489583 0.3208705 0.5489583 0.3169643 0.5802083 0.3208705 0.5802083 0.3794643 0.5802083 0.3169643 0.5802083 0.3169643 0.5701986 0.3208705 0.5682454 0.3794643 0.5682454 0.3169643 0.5682454 0.3169643 0.5555501 0.3208705 0.5682454 0.3618862 0.5531087 0.3794643 0.5531087 0.3169643 0.5531087 0.3169643 0.5489583 0.3208705 0.5489583 0.3169643 0.5489583 0.3169643 0.5802083 0.3208705 0.5802083 0.3169643 0.5802083 0.3169643 0.5748372 0.3208705 0.5802083 0.3169643 0.5748372 0.3169643 0.5802083 0.3169643 0.5802083 0.3794643 0.5748372 0.3169643 0.5701986 0.3169643 0.5601888 0.3208705 0.5748372 0.3794643 0.5601888 0.3169643 0.5802083 0.3794643 0.555306 0.3169643 0.5489583 0.3208705 0.5489583 0.3189174 0.5489583 0.3169643 0.5601888 0.3169643 0.555306 0.3169643 0.5489583 0.3169643 0.5701986 0.3169643 0.5489583 0.3169643 0.5489583 0.3169643 0.5701986 0.3794643 0.5601888 0.3794643 0.555306 0.3794643 0.5489583 0.3794643 0.555306 0.3618862 0.5601888 0.3618862 0.5748372 0.3618862 0.5701986 0.3618862 0.5802083 0.3618862 0.5748372 0.3340541 0.5802083 0.3618862 0.5802083 0.3340541 0.5802083 0.3340541 0.5489583 0.3794643 0.5489583 0.3618862 0.5531087 0.3618862 0.5489583 0.3340541 0.5531087 0.3340541 0.5489583 0.3169643 0.5802083 0.3169643 0.5802083 0.3169643 0.5748372 0.3169643 0.5802083 0.3794643 0.5802083 0.3794643 0.5748372 0.3794643 0.5802083 0.3748256 0.5701986 0.3748256 0.5489583 0.3794643 0.5531087 0.3169643 0.5682454 0.3169643 0.5682454 0.3340541 0.5802083 0.3340541 0.5701986 0.3794643 0.5701986 0.3169643 0.5601888 0.3794643 0.555306 0.3748256 0.5701986 0.3340541 0.5601888 0.3169643 0.5601888 0.3340541 0.555306 0.3340541 0.555306 0.3169643 0.5489583 0.3340541 0.555306 0.3794643 0.5489583 0.3794643 0.5489583 0.3748256 0.5489583 0.3169643 0.5489583 0.3794643 0.5489583 0.3169643 0.5802083 0.3794643 0.5802083 0.3748256 0.5489583 0.3340541 0.5802083 0.3794643 0.5802083 0.3169643 0.5802083 0.3169643 0.5802083 0.3794643 0.5723958 0.3748256 0.5802083 0.3340541 0.5723958 0.3794643 0.5802083 0.3340541 0.5677572 0.3794643 0.5572591 0.3748256 0.5723958 0.3169643 0.5802083 0.3169643 0.5802083 0.3340541 0.5549398 0.3794643 0.5489583 0.3748256 0.5489583 0.3794643 0.5677572 0.3169643 0.5549398 0.3169643 0.5489583 0.3169643 0.5549398 0.3340541 0.5677572 0.3340541 0.5723958 0.3340541 0.5802083 0.3618862 0.5723958 0.3618862 0.5549398 0.3618862 0.5677572 0.3618862 0.5677572 0.3794643 0.5489583 0.3340541 0.5549398 0.3794643 0.5489583 0.3618862 0.5723958 0.3794643 0.5677572 0.3169643 0.5489583 0.3794643 0.5549398 0.3169643 0.5723958 0.3169643 0.5489583 0.3169643 0.5549398 0.3169643 0.5677572 0.3169643 0.5489583 0.3208705 0.5549398 0.3208705 0.5802083 0.3208705 0.5677572 0.3208705 0.5802083 0.3169643 0.5723958 0.3169643 0.5802083 0.3208705 0.5802083 0.3794643 0.5802083 0.3169643 0.5802083 0.3618862 0.5802083 0.3169643 0.5802083 0.3208705 0.5802083 0.3169643 0.5802083 0.3794643 0.5802083 0.3794643 0.5802083 0.3169643 0.5802083 0.3618862 0.5802083 0.3794643 0.5802083 0.3618862 0.5489583 0.3618862 0.5802083 0.3169643 0.5489583 0.3618862 0.5802083 0.3169643 0.5489583 0.3794643 0.5489583 0.3169643 0.5489583 0.3169643 0.5489583 0.3208705 0.5489583 0.3189174 0.5489583 0.3169643 0.5489583 0.3174526 0.5489583 0.3169643 0.5489583 0.3169643 0.5802083 0.3169643 0.5763021 0.3716518 0.567513 0.3169643 0.5645833 0.3736049 0.5645833 0.359933 0.5802083 0.3736049 0.5723958 0.3169643 0.5645833 0.359933 0.5489583 0.3267299 0.5597005 0.3189174 0.5489583 0.3794643 0.5802083 0.344308 0.5567708 0.3794643 0.5802083 0.3228237 0.5489583 0.3521205 0.5499349 0.3189174 0.574349 0.359933 0.5489583 0.3657924 0.5802083 0.3775112 0.5533529 0.3794643 0.5489583 0.3169643 0.5645833 0.3169643 0.5645833 0.3169643 0.5489583 0.3169643 0.5645833 0.3169643 0.5645833 0.3169643 0.5645833 0.3169643 0.5626302 0.3169643 0.558724 0.3565151 0.5509115 0.3328334 0.5489583 0.3169643 0.5802083 0.3169643 0.5782552 0.3169643 0.5645833 0.3169643 0.5660482 0.3169643 0.570931 0.3565151 0.5782552 0.3328334 0.5802083 0.3169643 0.5489583 0.3169643 0.5509115 0.3169643 0.5489583 0.3169643 0.5645833 0.3169643 0.5782552 0.3169643 0.5802083 0.3291713 0.5528646 0.3794643 0.5802083 0.3252651 0.5548177 0.3794643 0.5489583 0.3760463 0.5489583 0.3482143 0.5802083 0.3169643 0.5802083 0.3482143 0.5802083 0.3760463 0.5741659 0.3794643 0.5489583 0.3252651 0.5759664 0.3794643 0.5489583 0.3291713 0.5507894 0.3169643 0.5645833 0.3169643 0.5489583 0.3208705 0.5489583 0.3208705 0.5489583 0.3169643 0.5489583 0.3169643 0.5635457 0.3208705 0.5489583 0.3794643 0.5489583 0.3794643 0.5489583 0.3618862 0.5635457 0.3169643 0.5786519 0.3169643 0.5786519 0.3208705 0.5802083 0.3208705 0.5635457 0.3794643 0.5802083 0.3169643 0.5786519 0.3794643 0.5635457 0.3618862 0.5489583 0.3618862 0.5489583 0.3340541 0.5802083 0.3794643 0.5489583 0.3340541 0.5802083 0.3169643 0.5802083 0.3208705 0.5635457 0.3340541 0.5489583 0.3169643 0.5489583 0.3169643 0.5489583 0.3794643 0.5489583 0.3794643 0.5489583 0.3748256 0.5489583 0.3748256 0.5635457 0.3169643 0.5635457 0.3794643 0.5635457 0.3748256 0.5786519 0.3794643 0.5786519 0.3748256 0.5786519 0.3340541 0.5786519 0.3169643 0.5802083 0.3794643 0.5802083 0.3748256 0.5786519 0.3618862 0.5802083 0.3794643 0.5802083 0.3748256 0.5802083 0.3618862 0.5802083 0.3169643 0.5802083 0.3340541 0.5802083 0.3169643 0.5614705 0.3794643 0.5614705 0.3748256 0.5802083 0.3340541 0.5614705 0.3169643 0.5765462 0.3794643 0.5765462 0.3748256 0.5765462 0.3169643 0.5802083 0.3794643 0.5802083 0.3748256 0.5802083 0.3169643 0.5489583 0.3794643 0.5489583 0.3748256 0.5489583 0.3169643 0.5802083 0.3340541 0.5593343 0.3794643 0.5593343 0.3748256 0.5593343 0.3169643 0.574471 0.3794643 0.574471 0.3748256 0.5489583 0.3340541 0.5802083 0.3794643 0.5802083 0.3748256 0.5489583 0.3748256 0.574471 0.3169643 0.5802083 0.3169643 0.5802083 0.3340541 0.574471 0.3340541 0.5593343 0.3340541 0.574471 0.3618862 0.574471 0.3794643 0.5593343 0.3618862 0.5489583 0.3618862 0.574471 0.3169643 0.574471 0.3208705 0.5593343 0.3208705 0.5593343 0.3794643 0.5593343 0.3169643 0.5489583 0.3169643 0.5489583 0.3208705 0.5489583 0.3794643 0.5802083 0.3169643 0.5802083 0.3208705 0.5765462 0.3208705 0.5802083 0.3794643 0.5802083 0.3618862 0.5765462 0.3794643 0.5765462 0.3169643 0.5614705 0.3169643 0.5614705 0.3208705 0.5614705 0.3794643 0.5765462 0.3618862 0.5765462 0.3340541 0.5614705 0.3340541 0.5614705 0.3618862 0.5802083 0.3618862 0.5802083 0.3794643 0.5489583 0.3169643 0.5509115 0.3169643 0.5509115 0.3169643 0.5489583 0.3169643 0.5509115 0.3347866 0.5489583 0.3169643 0.5489583 0.3169643 0.5802083 0.3169643 0.5489583 0.3347866 0.5489583 0.3593532 0.5509115 0.3593532 0.5509115 0.3794643 0.5489583 0.3794643 0.5489583 0.3794643 0.5489583 0.3347866 0.5489583 0.3593532 0.5802083 0.3593532 0.5802083 0.3794643 0.5802083 0.3794643 0.5802083 0.3347866 0.5802083 0.3169643 0.5802083 0.3169643 0.5802083 0.3169643 0.5802083 0.3169643 0.5802083 0.3347866 0.5802083 0.3593532 0.5802083 0.3794643 0.5802083 0.3347866 0.5802083 0.3593532 0.574349 0.3794643 0.5802083 0.3169643 0.574349 0.3593532 0.5677572 0.3794643 0.574349 0.3169643 0.574349 0.3169643 0.5677572 0.3169643 0.574349 0.3347866 0.5677572 0.3169643 0.5611654 0.3169643 0.5677572 0.3347866 0.5611654 0.3169643 0.5545736 0.3169643 0.5677572 0.3593532 0.5611654 0.3593532 0.5611654 0.3794643 0.5545736 0.3794643 0.5611654 0.3347866 0.5545736 0.3593532 0.5545736 0.3347866 0.5489583 0.3593532 0.5489583 0.3794643 0.5545736 0.3169643 0.5489583 0.3169643 0.5489583 0.3347866 0.5489583 0.3169643 0.5489583 0.3169643 0.5489583 0.3169643 0.5489583 0.3169643 0.5489583 0.3347866 0.5489583 0.3169643 0.5802083 0.3169643 0.5489583 0.3593532 0.5489583 0.3794643 0.5489583 0.3794643 0.5489583 0.3593532 0.5489583 0.3347866 0.5802083 0.3593532 0.5802083 0.3794643 0.5802083 0.3347866 0.5802083 0.3169643 0.5802083 0.3169643 0.5802083 0.3347866 0.5802083 0.3593532 0.5802083 0.3794643 0.5802083 0.3169643 0.5777669 0.3169643 0.5777669 0.3347866 0.5777669 0.3593532 0.5777669 0.3794643 0.5777669 0.3169643 0.5714193 0.3169643 0.5714193 0.3593532 0.5714193 0.3794643 0.5714193 0.3347866 0.5714193 0.3169643 0.5648275 0.3169643 0.5648275 0.3593532 0.5648275 0.3794643 0.5648275 0.3169643 0.5582357 0.3169643 0.5648275 0.3347866 0.5582357 0.3169643 0.5516439 0.3169643 0.5582357 0.3593532 0.5582357 0.3794643 0.5516439 0.3794643 0.5582357 0.3347866 0.5516439 0.3169643 0.5489583 0.3169643 0.5516439 0.3347866 0.5489583 0.3169643 0.5489583 0.3169643 0.5516439 0.3593532 0.5489583 0.3794643 0.5489583 0.3593532 0.5489583 0.3347866 0.5489583 0.3169643 0.5802083 0.3169643 0.5489583 0.3347866 0.5802083 0.3169643 0.5802083 0.3169643 0.5802083 0.3347866 0.5489583 0.3593532 0.5489583 0.3794643 0.5802083 0.3794643 0.5802083 0.3593532 0.5802083 0.3593532 0.5802083 0.3794643 0.5802083 0.3794643 0.5802083 0.3347866 0.5802083 0.3593532 0.5802083 0.3169643 0.5802083 0.3169643 0.5802083 0.3169643 0.5749593 0.3169643 0.5802083 0.3347866 0.5749593 0.3593532 0.5749593 0.3794643 0.5683675 0.3794643 0.5749593 0.3347866 0.5749593 0.3169643 0.5683675 0.3169643 0.5683675 0.3347866 0.5683675 0.3593532 0.5617757 0.3794643 0.5683675 0.3169643 0.5617757 0.3169643 0.5617757 0.3347866 0.5617757 0.3169643 0.555306 0.3169643 0.5617757 0.3593532 0.555306 0.3794643 0.555306 0.3169643 0.555306 0.3347866 0.555306 0.3593532 0.5489583 0.3169643 0.5489583 0.3169643 0.5489583 0.3169643 0.5489583 0.3347866 0.5489583 0.3169643 0.5489583 0.3593532 0.5489583 0.3794643 0.5489583 0.3794643 0.5489583 0.3593532 0.5489583 0.3794643 0.5489583 0.3347866 0.5489583 0.352914 0.5802083 0.3794643 0.5489583 0.3317348 0.5489583 0.3169643 0.5489583 0.3169643 0.5802083 0.3169643 0.5802083 0.3317348 0.5802083 0.3169643 0.5802083 0.3169643 0.5802083 0.352914 0.5802083 0.3169643 0.5802083 0.3169643 0.5802083 0.3317348 0.5802083 0.3169643 0.5763021 0.3169643 0.5802083 0.352914 0.5802083 0.3794643 0.5802083 0.3794643 0.5802083 0.3317348 0.5802083 0.352914 0.5760579 0.3794643 0.5760579 0.352914 0.5730062 0.352914 0.5760579 0.3169643 0.5760579 0.3317348 0.5730062 0.3317348 0.5717855 0.3317348 0.5710531 0.3169643 0.5730062 0.3169643 0.5706868 0.3169643 0.5706868 0.3169643 0.5717855 0.3169643 0.5708089 0.3169643 0.5627828 0.3745815 0.5790487 0.3423549 0.5802083 0.3794643 0.5489583 0.3169643 0.5654378 0.3462612 0.5489583 0.3794643 0.5802083 0.3169643 0.5802083 0.3228237 0.5802083 0.3794643 0.5802083 0.3726283 0.5802083 0.3169643 0.5548177 0.3296596 0.5802083 0.3736049 0.5710531 0.3169643 0.5584188 0.3794643 0.5802083 0.3794643 0.5802083 0.3794643 0.5567708 0.335519 0.5699544 0.3726283 0.5489583 0.3794643 0.5728841 0.3218471 0.5489583 0.3530971 0.5489583 0.375558 0.5489583 0.3794643 0.5489583 0.3169643 0.5728841 0.3247768 0.5489583 0.3706752 0.5567708 0.3169643 0.5699544 0.3794643 0.5802083 0.3794643 0.5802083 0.3794643 0.5802083 0.3794643 0.5742879 0.3648158 0.5600515 0.3462612 0.5489583 0.3169643 0.5489583 0.3794643 0.571404 0.3247768 0.5677114 0.3794643 0.5802083 0.3794643 0.5489583 0.3169643 0.565804 0.3169643 0.5592122 0.3701869 0.5489583 0.3794643 0.5802083 0.3169643 0.5802083 0.3794643 0.5511556 0.3721401 0.5645833 0.3169643 0.565804 0.3169643 0.5513997 0.3701869 0.570931 0.3374721 0.5489583 0.3394252 0.5677114 0.3169643 0.5738607 0.3169643 0.5802083 0.3169643 0.567513 0.3794643 0.5592122 0.3721401 0.5802083 0.3169643 0.5489583 0.3169643 0.5582357 0.3296596 0.5489583 0.3374721 0.5582357 0.3496791 0.5489583 0.3794643 0.5802083 0.3794643 0.5592122 0.3169643 0.5601888 0.3196498 0.5577474 0.3794643 0.5802083 0.3594448 0.5787435 0.3646938 0.5513997 0.3169643 0.5509115 0.3731166 0.5802083 0.3794643 0.5802083 0.3169643 0.565804 0.3711635 0.5802083 0.3794643 0.5802083 0.3794643 0.5489583 0.3711635 0.5802083 0.3794643 0.5802083 0.3794643 0.5802083 0.3169643 0.5742879 0.3169643 0.5600515 0.3289272 0.5489583 0.3687221 0.5489583 0.3169643 0.571404 0.3504116 0.5592122 0.3169643 0.5802083 0.3594448 0.5511556 0.3169643 0.565804 0.3794643 0.5802083 0.3169643 0.5544515 0.3247768 0.5782552 0.3794643 0.5489583 0.3169643 0.5489583 0.3794643 0.5636068 0.3499233 0.5489583 0.3794643 0.5747152 0.3247768 0.5802083 0.3169643 0.5509115 0.3794643 0.5665365 0.3794643 0.5802083 0.3794643 0.551888 0.3794643 0.5489583 0.3169643 0.5645833 0.3169643 0.5489583 0.3169643 0.5772786 0.3364955 0.5626302 0.3794643 0.5660482 0.3794643 0.5645833 0.3169643 0.5489583 0.3169643 0.5616536 0.3771449 0.5802083 0.3169643 0.551888 0.3364955 0.5802083 0.3794643 0.5802083 0.3169643 0.5489583 0.3169643 0.5489583 0.3794643 0.5489583 0.3499233 0.5777669 0.3446132 0.5665365 0.3433315 0.5802083 0.3169643 0.5684896 0.3169643 0.5626302 0.3433315 0.5567708 0.3794643 0.5723958 0.3794643 0.5489583 0.3771449 0.5606771 0.3506557 0.5684896 0.3506557 0.5802083 0.3446132 0.5489583 0.3169643 0.5802083 0.3794643 0.5489583 0.3794643 0.5684896 0.3457729 0.5802083 0.3794643 0.5567708 0.3169643 0.5665365 0.3530971 0.5802083 0.3589565 0.5489583 0.3794643 0.5489583 0.3325893 0.5802083 0.3169643 0.5758138 0.3169643 0.5489583 0.3794643 0.5528646 0.3648158 0.5772786 0.359933 0.5489583 0.3169643 0.5645833 0.3794643 0.5802083 0.3169643 0.5665365 0.3169643 0.5782552 0.3169643 0.5802083 0.3794643 0.5489583 0.3169643 0.5670247 0.3169643 0.5782552 0.3169643 0.5513997 0.3648158 0.5544515 0.3716518 0.5489583 0.3794643 0.5802083 0.3169643 0.5747152 0.3716518 0.5509115 0.3169643 0.5582357 0.3325893 0.5802083 0.3169643 0.5489583 0.3794643 0.5767904 0.3589565 0.5626302 0.3169643 0.5645833 0.3794643 0.551888 0.359933 0.5802083 0.3794643 0.5802083 0.3794643 0.5489583 0.3169643 0.5802083 0.3794643 0.5626302 0.3530971 0.5802083 0.3794643 0.5723958 0.3169643 0.5606771 0.3457729 0.5802083 0.3794643 0.5802083 0.3169643 0.5489583 0.3169643 0.5489583 0.3169643 0.5489583 0.3287441 0.5489583 0.3169643 0.5489583 0.3169643 0.5489583 0.3169643 0.5489583 0.3794643 0.5489583 0.3794643 0.5489583 0.3794643 0.5489583 0.3794643 0.5489583 0.3672267 0.5489583 0.3794643 0.5489583 0.3462612 0.5528646 0.3169643 0.5645833 0.3540737 0.5733724 0.3794643 0.558724 0.3169643 0.5626302 0.3228237 0.5645833 0.3423549 0.5489583 0.3189174 0.558724 0.3169643 0.5577474 0.3169643 0.5528646 0.3794643 0.5489583 0.3794643 0.5489583 0.3501674 0.5489583 0.366769 0.5733724 0.3169643 0.5802083 0.3501674 0.5626302 0.3736049 0.5714193 0.3394252 0.5489583 0.3775112 0.5548177 0.335519 0.5577474 0.3794643 0.5597005 0.3794643 0.5489583 0.3169643 0.5753255 0.3589565 0.5489583 0.328683 0.5802083 0.3482143 0.5802083 0.3462612 0.5489583 0.335519 0.5714193 0.3579799 0.5489583 0.3482143 0.5548177 0.359933 0.5489583 0.3394252 0.5597005 0.3169643 0.5489583 0.351144 0.5753255 0.3364955 0.5677724 0.3501674 0.5802083 0.3482143 0.5687185 0.3609096 0.5489583 0.359933 0.5541463 0.366769 0.5489583 0.3482143 0.5568624 0.375558 0.5489583 0.3579799 0.5489583 0.3794643 0.5489583 0.344308 0.5489583 0.3794643 0.5677724 0.3462612 0.5489583 0.3169643 0.5687185 0.3364955 0.5489583 0.3169643 0.5541463 0.328683 0.5489583 0.3208705 0.5568624 0.3208705 0.5802083 0.3228237 0.5489583 0.3169643 0.5489583 0.3482143 0.5489583 0.3169643 0.5802083 0.3540737 0.5489583 0.3794643 0.5489583 0.3482143 0.5489583 0.3794643 0.5802083 0.3423549 0.5489583 0.375558 0.5802083 0.3736049 0.5489583 0.3169643 0.5489583 0.3169643 0.5489583 0.3169643 0.5489583 0.3347866 0.5489583 0.3169643 0.5489583 0.3347866 0.5489583 0.3169643 0.5489583 0.3593532 0.5489583 0.3593532 0.5489583 0.3794643 0.5489583 0.3794643 0.5489583 0.3347866 0.5489583 0.3593532 0.5489583 0.3794643 0.5489583 0.3169643 0.5489583 0.3169643 0.5489583 0.3347866 0.5489583 0.3593532 0.5489583 0.3593532 0.5489583 0.3794643 0.5489583 0.3671352 0.5489583 0.3593532 0.5489583 0.3505336 0.5489583 0.3347866 0.5489583 0.3347866 0.5489583 0.3178188 0.5489583 0.3169643 0.5489583 0.3169643 0.5489583 0.3169643 0.5489583 0.3169643 0.5489583 0.347726 0.5489583 0.3301479 0.5785299 0.3794643 0.5756612 0.3399135 0.5533529 0.3677455 0.5802083 0.3794643 0.5489583 0.3169643 0.5633016 0.3169643 0.5489583 0.3169643 0.5642171 0.3291713 0.5682454 0.3491908 0.5489583 0.3764125 0.5802083 0.3169643 0.5771566 0.3601772 0.5489583 0.3794643 0.5802083 0.3169643 0.5802083 0.3169643 0.5765462 0.3577358 0.5753255 0.3794643 0.5489583 0.3348781 0.5577474 0.3794643 0.5592122 0.3292934 0.5651937 0.3180019 0.5615316 0.3587734 0.5489583 0.3401576 0.5802083 0.3794643 0.5489583 0.3169643 0.563973 0.3783657 0.5676351 0.3375942 0.5802083 0.3562709 0.5699544 0.3670131 0.5714193 0.3169643 0.5802083 0.361642 0.5538411 0.3794643 0.5526204 0.3389369 0.5489583 0.3794643 0.5489583 0.3794643 0.5802083 0.3169643 0.5520101 0.3364955 0.5489583 0.3794643 0.5802083 0.319894 0.5609212 0.3472377 0.5649495 0.3672573 0.5802083 0.3794643 0.5658651 0.3794643 0.5802083 0.3794643 0.5802083 0.3169643 0.5758138 0.328683 0.5535055 0.3565151 0.5802083 0.3662807 0.5506368 0.3169643 0.5489583 0.3487026 0.5489583 0.3169643 0.5489583 0.3169643 0.5489583 0.3169643 0.5489583 0.3169643 0.5489583 0.3169643 0.5489583 0.3169643 0.5802083 0.3169643 0.5489583 0.3220302 0.5802083 0.3169643 0.5489583 0.3220302 0.5489583 0.3220302 0.5489583 0.3335048 0.5802083 0.3169643 0.5802083 0.3169643 0.5802083 0.3220302 0.5802083 0.3220302 0.579598 0.3169643 0.579598 0.3169643 0.5730062 0.3169643 0.5730062 0.3169643 0.5664144 0.3169643 0.579598 0.3220302 0.5802083 0.3554775 0.5802083 0.3554775 0.5489583 0.3554775 0.5489583 0.3554775 0.5802083 0.3794643 0.5802083 0.3794643 0.5799642 0.3794643 0.579598 0.3554775 0.5734334 0.3794643 0.5730062 0.3220302 0.5730062 0.3554775 0.5669027 0.3794643 0.5664144 0.3169643 0.5664144 0.3554775 0.5603719 0.3794643 0.5664144 0.3220302 0.5598226 0.3169643 0.5598226 0.3169643 0.5598226 0.3220302 0.5532308 0.3169643 0.5532308 0.3169643 0.5802083 0.3169643 0.5598226 0.3554775 0.5539022 0.3794643 0.5532308 0.3554775 0.5802083 0.3794643 0.5532308 0.3220302 0.5802083 0.3554775 0.5802083 0.3554775 0.5802083 0.3220302 0.5802083 0.3169643 0.5802083 0.3220302 0.5802083 0.3169643 0.5802083 0.3169643 0.5802083 0.3220302 0.5802083 0.3227626 0.5802083 0.3169643 0.5802083 0.3220302 0.5802083 0.3169643 0.5802083 0.3169643 0.5802083 0.3169643 0.5802083 0.3169643 0.1509115 0.3169643 0.1616536 0.3169643 0.1616536 0.3169643 0.1509115 0.3169643 0.1802083 0.3589565 0.1489583 0.3374721 0.1802083 0.3374721 0.1489583 0.3589565 0.1489583 0.3169643 0.1489583 0.3169643 0.1489583 0.3169643 0.1489583 0.3169643 0.1509115 0.3228237 0.1509115 0.3169643 0.1489583 0.3169643 0.1489583 0.3228237 0.1802083 0.3169643 0.1802083 0.3228237 0.1682454 0.3228237 0.1682454 0.3169643 0.1531087 0.3169643 0.1531087 0.3228237 0.1489583 0.3228237 0.1489583 0.3169643 0.1802083 0.3169643 0.1802083 0.3228237 0.1701986 0.3169643 0.1701986 0.3228237 0.155306 0.3228237 0.155306 0.3169643 0.1489583 0.3169643 0.1489583 0.3228237 0.1802083 0.3169643 0.1802083 0.3228237 0.1723958 0.3228237 0.1723958 0.3169643 0.1572591 0.3228237 0.1572591 0.3169643 0.1489583 0.3169643 0.1489583 0.3228237 0.1802083 0.3169643 0.1802083 0.3228237 0.174471 0.3169643 0.174471 0.3228237 0.1593343 0.3169643 0.1593343 0.3228237 0.1489583 0.3169643 0.1489583 0.3228237 0.1802083 0.3228237 0.1802083 0.3169643 0.1765462 0.3169643 0.1765462 0.3228237 0.1614705 0.3169643 0.1614705 0.3228237 0.1802083 0.3169643 0.1802083 0.3228237 0.1802083 0.3228237 0.1802083 0.3169643 0.1786519 0.3169643 0.1786519 0.3228237 0.1635457 0.3228237 0.1635457 0.3169643 0.1489583 0.3169643 0.1489583 0.3228237 0.1489583 0.3169643 0.1489583 0.3228237 0.1777669 0.3760463 0.1777669 0.3169643 0.1802083 0.3169643 0.1489583 0.347726 0.1489583 0.3169643 0.1575033 0.3169643 0.1640951 0.3208705 0.1714193 0.3169643 0.1765462 0.3696987 0.1802083 0.3169643 0.1802083 0.3169643 0.1489583 0.3169643 0.1509115 0.3540737 0.1509115 0.3169643 0.1777669 0.3794643 0.1777669 0.3794643 0.1802083 0.3169643 0.1802083 0.3794643 0.1489583 0.3169643 0.1489583 0.3794643 0.1489583 0.3169643 0.1540853 0.3169643 0.1575033 0.3794643 0.1628743 0.3169643 0.1714193 0.3794643 0.1714193 0.3169643 0.1799642 0.3169643 0.1802083 0.3794643 0.1802083 0.3169643 0.1489583 0.3794643 0.1489583 0.3169643 0.1489583 0.3794643 0.1509115 0.3794643 0.1509115 0.3794643 0.1777669 0.3794643 0.1777669 0.3794643 0.1802083 0.3794643 0.1489583 0.3794643 0.1489583 0.3794643 0.1575033 0.3794643 0.1604329 0.3554164 0.1714193 0.3794643 0.1802083 0.3196498 0.1802083 0.3794643 0.1489583 0.3794643 0.1509115 0.3169643 0.1509115 0.3794643 0.1489583 0.3482143 0.1489583 0.3794643 0.1561605 0.3794643 0.1561605 0.3482143 0.1701986 0.3794643 0.1701986 0.3482143 0.1802083 0.3794643 0.1802083 0.3482143 0.1489583 0.3794643 0.1489583 0.3482143 0.1496908 0.3794643 0.1496908 0.3482143 0.1638509 0.3794643 0.1638509 0.3482143 0.1777669 0.3482143 0.1777669 0.3482143 0.1777669 0.3794643 0.1777669 0.3194667 0.1777669 0.3794643 0.1802083 0.3169643 0.1802083 0.3194667 0.1489583 0.3169643 0.1489583 0.3194667 0.1489583 0.3169643 0.1540853 0.3169643 0.1575033 0.3194667 0.1628743 0.3169643 0.1714193 0.3194667 0.1714193 0.3169643 0.1799642 0.3169643 0.1802083 0.3194667 0.1802083 0.3169643 0.1489583 0.3194667 0.1489583 0.3169643 0.1489583 0.3794643 0.1509115 0.3194667 0.1509115 0.3794643 0.1777669 0.3169643 0.1777669 0.3609096 0.1802083 0.3609096 0.1802083 0.3169643 0.1489583 0.3609096 0.1489583 0.3169643 0.1575033 0.3609096 0.1575033 0.3169643 0.1714193 0.3609096 0.1714193 0.3169643 0.1802083 0.3609096 0.1802083 0.3169643 0.1489583 0.3609096 0.1489583 0.3169643 0.1509115 0.3609096 0.1509115 0.3169643 0.1621419 0.3169643 0.1758138 0.3169643 0.1494466 0.3794643 0.1802083 0.3169643 0.1489583 0.3638393 0.1489583 0.3169643 0.1645833 0.3169643 0.1665365 0.3491908 0.1655599 0.3384487 0.1645833 0.3277065 0.1513997 0.3794643 0.1645833 0.3169643 0.1489583 0.3491908 0.1489583 0.3357631 0.1489583 0.3169643 0.1489583 0.3357631 0.1489583 0.3169643 0.1489583 0.3169643 0.1645833 0.3169643 0.1792318 0.3452846 0.1609823 0.3714076 0.1645833 0.3169643 0.1643392 0.3277065 0.1637288 0.3384487 0.1625081 0.3491908 0.1802083 0.3169643 0.1802083 0.3638393 0.1795369 0.3794643 0.1532918 0.3169643 0.1672231 0.3169643 0.1489583 0.3169643 0.1489583 0.3609096 0.1489583 0.3609096 0.1489583 0.3169643 0.161379 0.3609096 0.161379 0.3169643 0.1754171 0.3169643 0.1754171 0.3609096 0.1802083 0.3169643 0.1802083 0.3609096 0.1802083 0.3169643 0.1802083 0.3609096 0.1550008 0.3169643 0.1550008 0.3609096 0.1689779 0.3609096 0.1689779 0.3169643 0.1802083 0.3794643 0.1777669 0.3169643 0.1777669 0.3169643 0.1802083 0.3169643 0.1489583 0.3794643 0.1489583 0.3169643 0.1489583 0.3794643 0.1540853 0.3794643 0.1575033 0.3169643 0.1628743 0.3794643 0.1714193 0.3169643 0.1714193 0.3794643 0.1799642 0.3794643 0.1802083 0.3169643 0.1802083 0.3794643 0.1489583 0.3169643 0.1489583 0.3794643 0.1489583 0.3169643 0.1509115 0.3169643 0.1509115 0.3169643 0.1509115 0.3169643 0.1489583 0.3169643 0.1509115 0.3169643 0.1489583 0.3299037 0.1489583 0.3169643 0.1489583 0.3169643 0.1802083 0.3552944 0.1802083 0.3744594 0.1802083 0.3169643 0.1802083 0.3169643 0.1802083 0.3169643 0.17264 0.3169643 0.174349 0.3169643 0.1672689 0.3169643 0.1601888 0.3169643 0.1601888 0.3169643 0.1489583 0.3169643 0.1489583 0.3169643 0.1802083 0.3169643 0.1802083 0.3169643 0.1777669 0.3169643 0.1777669 0.3169643 0.1802083 0.3794643 0.1777669 0.3794643 0.1777669 0.3169643 0.1802083 0.3618862 0.1489583 0.3794643 0.1489583 0.3169643 0.1575033 0.3794643 0.1665365 0.3413783 0.1714193 0.3794643 0.1789876 0.3169643 0.1802083 0.3794643 0.1802083 0.3794643 0.1489583 0.3794643 0.1509115 0.3169643 0.1509115 0.3794643 0.1489583 0.3169643 0.1489583 0.3169643 0.1489583 0.3169643 0.1581136 0.3299037 0.1527425 0.3169643 0.1581136 0.3169643 0.1600667 0.351266 0.1627523 0.3712856 0.167513 0.3169643 0.1705648 0.3169643 0.1708089 0.3169643 0.1742269 0.3169643 0.1802083 0.3169643 0.1802083 0.3169643 0.1802083 0.3169643 0.1802083 0.3169643 0.1802083 0.3169643 0.1489583 0.3169643 0.1489583 0.3169643 0.1628743 0.3169643 0.1628743 0.3169643 0.1777669 0.3169643 0.1777669 0.3169643 0.1802083 0.3169643 0.1777669 0.3169643 0.1777669 0.3794643 0.1802083 0.3794643 0.1489583 0.3169643 0.1489583 0.3794643 0.1575033 0.3169643 0.1575033 0.3794643 0.1714193 0.3169643 0.1714193 0.3794643 0.1802083 0.3794643 0.1802083 0.3169643 0.1489583 0.3794643 0.1489583 0.3169643 0.1509115 0.3169643 0.1509115 0.3794643 0.1777669 0.3169643 0.1626302 0.3169643 0.1777669 0.3169643 0.1626302 0.3169643 0.1489583 0.3169643 0.1489583 0.3169643 0.1802083 0.3169643 0.1802083 0.3169643 0.1794759 0.3169643 0.1794759 0.3169643 0.1776449 0.3169643 0.1759359 0.3169643 0.172762 0.3169643 0.1742269 0.3169643 0.1690999 0.3169643 0.1659261 0.3169643 0.163973 0.3169643 0.1592122 0.3169643 0.1592122 0.3429653 0.153597 0.3169643 0.1489583 0.3169643 0.1489583 0.3169643 0.1489583 0.3169643 0.1802083 0.3169643 0.1777669 0.3169643 0.1777669 0.3169643 0.1802083 0.3169643 0.1489583 0.3169643 0.1489583 0.3169643 0.1611654 0.3169643 0.1611654 0.3169643 0.1763021 0.3169643 0.1763021 0.3169643 0.1780111 0.3169643 0.1797201 0.3169643 0.1802083 0.3169643 0.1802083 0.3169643 0.1802083 0.3169643 0.1802083 0.3169643 0.1802083 0.3169643 0.1489583 0.3169643 0.1489583 0.3429653 0.1489583 0.3169643 0.1489583 0.3169643 0.1509115 0.3169643 0.1509115 0.3169643 0.1802083 0.3169643 0.1777669 0.3169643 0.1777669 0.3794643 0.1489583 0.3169643 0.1489583 0.3169643 0.1575033 0.3169643 0.1604329 0.3406459 0.1714193 0.3169643 0.1802083 0.3770229 0.1802083 0.3169643 0.1489583 0.3169643 0.1509115 0.3794643 0.1509115 0.3169643 0.1544515 0.3169643 0.1489583 0.3169643 0.1489583 0.3169643 0.1544515 0.3169643 0.1667806 0.3169643 0.1667806 0.3169643 0.1789876 0.3169643 0.1789876 0.3169643 0.1802083 0.3169643 0.1802083 0.3169643 0.1489583 0.3169643 0.1489583 0.3169643 0.1533529 0.3169643 0.1533529 0.3169643 0.1655599 0.3169643 0.1655599 0.3169643 0.1777669 0.3169643 0.1777669 0.3169643 0.1802083 0.3169643 0.1802083 0.3169643 0.1489583 0.3169643 0.1489583 0.3169643 0.1521322 0.3169643 0.1521322 0.3169643 0.1643392 0.3169643 0.1643392 0.3169643 0.1767904 0.3169643 0.1767904 0.3169643 0.1802083 0.3169643 0.1802083 0.3169643 0.1489583 0.3169643 0.1489583 0.3169643 0.1509115 0.3169643 0.1509115 0.3169643 0.1509115 0.3374721 0.1489583 0.3589565 0.1509115 0.3589565 0.1489583 0.3374721 0.1802083 0.3589565 0.1802083 0.3374721 0.1714193 0.3589565 0.1714193 0.3374721 0.1575033 0.3589565 0.1575033 0.3374721 0.1489583 0.3589565 0.1489583 0.3374721 0.1802083 0.3589565 0.1802083 0.3374721 0.1777669 0.3374721 0.1777669 0.3589565 0.1802083 0.3794643 0.1777669 0.3169643 0.1777669 0.3769008 0.1802083 0.3769008 0.1489583 0.3794643 0.1489583 0.3769008 0.1489583 0.3794643 0.1540853 0.3794643 0.1575033 0.3769008 0.1628743 0.3794643 0.1714193 0.3769008 0.1714193 0.3794643 0.1799642 0.3794643 0.1802083 0.3769008 0.1802083 0.3794643 0.1489583 0.3769008 0.1489583 0.3794643 0.1489583 0.3169643 0.1509115 0.3769008 0.1509115 0.3169643 0.1509115 0.3482143 0.1489583 0.3794643 0.1509115 0.3794643 0.1489583 0.3482143 0.1802083 0.3794643 0.1802083 0.3482143 0.1714193 0.3794643 0.1714193 0.3482143 0.1575033 0.3794643 0.1575033 0.3482143 0.1489583 0.3794643 0.1489583 0.3482143 0.1802083 0.3794643 0.1802083 0.3482143 0.1777669 0.3482143 0.1777669 0.3482143 0.1777669 0.3794643 0.1563436 0.344308 0.1489583 0.3389369 0.1675893 0.3472377 0.1789571 0.3482143 0.1489583 0.3169643 0.1489583 0.3374721 0.1526204 0.3672573 0.1732503 0.3169643 0.1617757 0.3169643 0.1531087 0.3794643 0.1489583 0.3677455 0.1489583 0.3589565 0.1489583 0.328683 0.1531087 0.3169643 0.1617757 0.3794643 0.1732503 0.3794643 0.1786214 0.3169643 0.1610433 0.3794643 0.1789571 0.3482143 0.1489583 0.3570033 0.1675893 0.3491908 0.1563436 0.3521205 0.1802083 0.3169643 0.1489583 0.3482143 0.1650716 0.3745815 0.1802083 0.3794643 0.1802083 0.3169643 0.1489583 0.3482143 0.151888 0.3169643 0.151888 0.3169643 0.1719076 0.3550502 0.1802083 0.3189174 0.1777669 0.3169643 0.1638509 0.3169643 0.1777669 0.3169643 0.1638509 0.3169643 0.1496908 0.3169643 0.1496908 0.3169643 0.1489583 0.3169643 0.1489583 0.3169643 0.1802083 0.3169643 0.1802083 0.3169643 0.1701986 0.3169643 0.1701986 0.3169643 0.1561605 0.3169643 0.1561605 0.3169643 0.1489583 0.3169643 0.1489583 0.3169643 0.1489583 0.3169643 0.1489583 0.3169643 0.1489583 0.3169643 0.1489583 0.3169643 0.1489583 0.3482143 0.1489583 0.3169643 0.1582357 0.3169643 0.1582357 0.3482143 0.1631185 0.3169643 0.1763021 0.3794643 0.1689779 0.3169643 0.1489583 0.3169643 0.1689779 0.3794643 0.1650716 0.3169643 0.1802083 0.3345424 0.1489583 0.3736049 0.1802083 0.3794643 0.1802083 0.3736049 0.1489583 0.359933 0.1489583 0.359933 0.1489583 0.3169643 0.1489583 0.3169643 0.1489583 0.3169643 0.1489583 0.3169643 0.1645833 0.3169643 0.1489583 0.3169643 0.1489583 0.3357631 0.1645833 0.3357631 0.1567708 0.3491908 0.1489583 0.3794643 0.1489583 0.3570033 0.1489583 0.3169643 0.1802083 0.3570033 0.1557943 0.3452846 0.174349 0.3714076 0.1772786 0.3169643 0.1802083 0.3794643 0.1772786 0.3794643 0.1704427 0.3169643 0.1704427 0.3169643 0.1489583 0.3169643 0.1802083 0.3169643 0.1489583 0.3169643 0.1802083 0.3169643 0.1766683 0.3169643 0.1766683 0.3169643 0.1626302 0.3169643 0.1626302 0.3169643 0.1489583 0.3169643 0.1489583 0.3169643 0.1489583 0.3169643 0.1489583 0.3169643 0.1802083 0.3169643 0.1802083 0.3169643 0.1689779 0.3169643 0.1689779 0.3169643 0.1777669 0.3169643 0.1777669 0.3208705 0.1655599 0.3208705 0.1648275 0.3169643 0.1777669 0.3794643 0.1533529 0.3208705 0.1648275 0.3794643 0.1777669 0.3618862 0.1516439 0.3169643 0.1489583 0.3208705 0.1516439 0.3794643 0.1648275 0.3618862 0.1489583 0.3169643 0.1802083 0.3208705 0.1516439 0.3618862 0.1648275 0.3340541 0.1777669 0.3340541 0.1777669 0.3169643 0.1489583 0.3794643 0.1489583 0.3618862 0.1802083 0.3794643 0.1516439 0.3340541 0.1648275 0.3169643 0.1648275 0.3794643 0.1777669 0.3794643 0.1777669 0.3748256 0.1648275 0.3748256 0.1516439 0.3794643 0.1516439 0.3748256 0.1516439 0.3169643 0.1489583 0.3794643 0.1489583 0.3748256 0.1489583 0.3169643 0.1802083 0.3794643 0.1802083 0.3748256 0.1489583 0.3340541 0.1802083 0.3169643 0.1802083 0.3618862 0.1802083 0.3340541 0.1802083 0.3340541 0.1802083 0.3794643 0.1802083 0.3169643 0.1789876 0.3794643 0.1749593 0.3748256 0.1789876 0.3169643 0.1749593 0.3794643 0.1667806 0.3794643 0.1617757 0.3748256 0.1749593 0.3169643 0.1789876 0.3340541 0.1667806 0.3169643 0.1802083 0.3618862 0.1617757 0.3794643 0.1802083 0.3794643 0.1544515 0.3794643 0.1489583 0.3748256 0.1617757 0.3169643 0.1667806 0.3340541 0.1544515 0.3169643 0.1749593 0.3340541 0.1617757 0.3340541 0.1749593 0.3618862 0.1789876 0.3618862 0.1789876 0.3794643 0.1667806 0.3618862 0.1749593 0.3794643 0.1617757 0.3618862 0.1667806 0.3794643 0.1617757 0.3794643 0.1667806 0.3169643 0.1749593 0.3169643 0.1789876 0.3169643 0.1667806 0.3208705 0.1789876 0.3208705 0.1802083 0.3169643 0.1802083 0.3169643 0.1617757 0.3169643 0.1544515 0.3208705 0.1544515 0.3794643 0.1544515 0.3169643 0.1489583 0.3169643 0.1489583 0.3208705 0.1544515 0.3618862 0.1489583 0.3794643 0.1544515 0.3340541 0.1489583 0.3618862 0.1489583 0.3340541 0.1489583 0.3169643 0.1489583 0.3340541 0.1489583 0.3794643 0.1489583 0.3169643 0.1489583 0.3794643 0.1489583 0.3748256 0.1489583 0.3794643 0.1489583 0.3169643 0.1802083 0.3794643 0.1802083 0.3748256 0.1489583 0.3340541 0.1802083 0.3169643 0.1802083 0.3794643 0.1489583 0.3618862 0.1800863 0.3794643 0.1719076 0.3748256 0.1802083 0.3169643 0.1719076 0.3794643 0.1800863 0.3169643 0.1678792 0.3794643 0.158846 0.3748256 0.1719076 0.3169643 0.1555501 0.3794643 0.1489583 0.3748256 0.1678792 0.3169643 0.1489583 0.3794643 0.1802083 0.3748256 0.1555501 0.3169643 0.1802083 0.3794643 0.1802083 0.3748256 0.1489583 0.3169643 0.1802083 0.3794643 0.1689779 0.3748256 0.1689779 0.3794643 0.1802083 0.3169643 0.1802083 0.3169643 0.1689779 0.3169643 0.1689779 0.3340541 0.1489583 0.3340541 0.1802083 0.3340541 0.1802083 0.3340541 0.1689779 0.3618862 0.1555501 0.3340541 0.1802083 0.3618862 0.1678792 0.3340541 0.1802083 0.3618862 0.1802083 0.3794643 0.1689779 0.3794643 0.1689779 0.3169643 0.1489583 0.3618862 0.1802083 0.3794643 0.1802083 0.3169643 0.1689779 0.3208705 0.1802083 0.3208705 0.1802083 0.3208705 0.1802083 0.3169643 0.1489583 0.3794643 0.1489583 0.3169643 0.1489583 0.3208705 0.1555501 0.3208705 0.1555501 0.3169643 0.1678792 0.3208705 0.1555501 0.3794643 0.1555501 0.3618862 0.1678792 0.3794643 0.1678792 0.3618862 0.1678792 0.3169643 0.1719076 0.3618862 0.1719076 0.3169643 0.1800863 0.3208705 0.1719076 0.3794643 0.1800863 0.3169643 0.1802083 0.3169643 0.1802083 0.3208705 0.1800863 0.3794643 0.1800863 0.3618862 0.1719076 0.3340541 0.1800863 0.3340541 0.1802083 0.3340541 0.1802083 0.3618862 0.1802083 0.3340541 0.1802083 0.3618862 0.1489583 0.3618862 0.1802083 0.3794643 0.1802083 0.3794643 0.1489583 0.3794643 0.1802083 0.3169643 0.1489583 0.3794643 0.1489583 0.3169643 0.1489583 0.3169643 0.1489583 0.3169643 0.1489583 0.3169643 0.1489583 0.3169643 0.1489583 0.3169643 0.1489583 0.3169643 0.1489583 0.3418056 0.1489583 0.3169643 0.1492483 0.3169643 0.1489583 0.3418056 0.1489583 0.3418056 0.1492483 0.3169643 0.1489583 0.3698512 0.1489583 0.3698512 0.1489583 0.3794643 0.1617605 0.3169643 0.1617605 0.3169643 0.1617605 0.3418056 0.1742879 0.3169643 0.1742879 0.3169643 0.1802083 0.3169643 0.1492483 0.3418056 0.1802083 0.3169643 0.1802083 0.3169643 0.1742879 0.3418056 0.1617605 0.3698512 0.1489583 0.3698512 0.1492483 0.3698512 0.1489583 0.3794643 0.1489583 0.3794643 0.1492483 0.3794643 0.1489583 0.3794643 0.1489583 0.3794643 0.1489583 0.3794643 0.1489583 0.3290187 0.1489583 0.3290187 0.1489583 0.3570644 0.1489583 0.3570644 0.1489583 0.3290187 0.1489583 0.3570644 0.1492483 0.3794643 0.1492483 0.3290187 0.1492483 0.3570644 0.1617605 0.3570033 0.1492483 0.3570644 0.1617605 0.3290187 0.1617605 0.3794643 0.1742879 0.3290187 0.1742879 0.3570033 0.1617605 0.3794643 0.1802083 0.3290187 0.1802083 0.3570644 0.1742879 0.3794643 0.1742879 0.3794643 0.1802083 0.3794643 0.1802083 0.3794643 0.1742879 0.3698512 0.1802083 0.3698512 0.1802083 0.3418056 0.1802083 0.3169643 0.1802083 0.3418056 0.1540853 0.3169643 0.1540853 0.3169643 0.1689779 0.3169643 0.1689779 0.3169643 0.1540853 0.3418056 0.1689779 0.3418056 0.1802083 0.3698512 0.1540853 0.3698512 0.1689779 0.3698512 0.1802083 0.3794643 0.1540853 0.3794643 0.1689779 0.3794643 0.1802083 0.3794643 0.1540853 0.3794643 0.1689779 0.3794643 0.1802083 0.3290187 0.1802083 0.3570644 0.1802083 0.3570644 0.1540853 0.3290187 0.1689779 0.3290187 0.1540853 0.3570644 0.1689779 0.3570644 0.1802083 0.3570644 0.1689779 0.3570644 0.1689779 0.3290187 0.1802083 0.3290187 0.1489583 0.3570644 0.1689779 0.3794643 0.1489583 0.3290187 0.1512777 0.3570644 0.1512777 0.3290187 0.1802083 0.3794643 0.1689779 0.3794643 0.1489583 0.3794643 0.1802083 0.3794643 0.1689779 0.3698512 0.1637288 0.3570033 0.1512777 0.3570644 0.1802083 0.3698512 0.1689779 0.3418056 0.1489583 0.3794643 0.1802083 0.3418056 0.1689779 0.3169643 0.1489583 0.3698512 0.1489583 0.3418056 0.1802083 0.3169643 0.1689779 0.3169643 0.1802083 0.3169643 0.1489583 0.3169643 0.1489583 0.3169643 0.1512777 0.3169643 0.1512777 0.3169643 0.1512777 0.3418056 0.1637288 0.3169643 0.1637288 0.3169643 0.1637288 0.3418056 0.1763021 0.3169643 0.1763021 0.3169643 0.1802083 0.3169643 0.1512777 0.3698512 0.1637288 0.3698512 0.1512777 0.3794643 0.1763021 0.3698512 0.1512777 0.3794643 0.1637288 0.3794643 0.1637288 0.3290187 0.1637288 0.3794643 0.1763021 0.3290187 0.1763021 0.3570033 0.1763021 0.3794643 0.1802083 0.3290187 0.1802083 0.3570644 0.1763021 0.3794643 0.1802083 0.3794643 0.1802083 0.3794643 0.1802083 0.3570644 0.1802083 0.3570644 0.1802083 0.3290187 0.1802083 0.3794643 0.1489583 0.3290187 0.1489583 0.3570644 0.1489583 0.3290187 0.1489583 0.3570644 0.1489583 0.3794643 0.1489583 0.3794643 0.1489583 0.3794643 0.1489583 0.3794643 0.1489583 0.3698512 0.1802083 0.3794643 0.1489583 0.3698512 0.1489583 0.3418056 0.1802083 0.3698512 0.1802083 0.3698512 0.1802083 0.3418056 0.1489583 0.3418056 0.1489583 0.3169643 0.1802083 0.3418056 0.1489583 0.3169643 0.1489583 0.3169643 0.1489583 0.3169643 0.1802083 0.3169643 0.1802083 0.3169643 0.1802083 0.3169643 0.1763021 0.3418056 0.1489583 0.3290187 0.1489583 0.3570644 0.1802083 0.3570644 0.1802083 0.3290187 0.1489583 0.3794643 0.1742269 0.3570644 0.1802083 0.3794643 0.1489583 0.3794643 0.1640951 0.3290187 0.1589681 0.3570644 0.1802083 0.3794643 0.1489583 0.3698512 0.1489583 0.3290187 0.1489583 0.3570644 0.1640951 0.3794643 0.1489583 0.3794643 0.1640951 0.3794643 0.1489583 0.3794643 0.1802083 0.3698512 0.1489583 0.3418056 0.1640951 0.3698512 0.1489583 0.3698512 0.1802083 0.3418056 0.1489583 0.3169643 0.1640951 0.3418056 0.1489583 0.3418056 0.1802083 0.3169643 0.1489583 0.3169643 0.1640951 0.3169643 0.1489583 0.3169643 0.1802083 0.3169643 0.1742269 0.3169643 0.1589681 0.3169643 0.1489583 0.3169643 0.1489583 0.3290187 0.1489583 0.3570644 0.1802083 0.3570644 0.1802083 0.3290187 0.1489583 0.3794643 0.17264 0.3570644 0.1802083 0.3794643 0.1489583 0.3794643 0.1625081 0.3290187 0.1573812 0.3570644 0.1802083 0.3794643 0.1489583 0.3698512 0.1489583 0.3290187 0.1489583 0.3570644 0.1625081 0.3794643 0.1489583 0.3794643 0.1625081 0.3794643 0.1489583 0.3794643 0.1625081 0.3698512 0.1489583 0.3698512 0.1802083 0.3698512 0.1489583 0.3418056 0.1625081 0.3418056 0.1489583 0.3418056 0.1802083 0.3418056 0.1489583 0.3169643 0.1625081 0.3169643 0.1489583 0.3169643 0.1489583 0.3169643 0.1573812 0.3169643 0.17264 0.3169643 0.1802083 0.3169643 0.1802083 0.3169643 0.1489583 0.3169643 0.1489583 0.3169643 0.1489583 0.3169643 0.1489583 0.3169643 0.1489583 0.3169643 0.1802083 0.3169643 0.1489583 0.3418056 0.1802083 0.3169643 0.1802083 0.3169643 0.1489583 0.3418056 0.1489583 0.3698512 0.1802083 0.3418056 0.1802083 0.3169643 0.1802083 0.3169643 0.1489583 0.3698512 0.1489583 0.3794643 0.1489583 0.3794643 0.1489583 0.3794643 0.1802083 0.3698512 0.1802083 0.3418056 0.1489583 0.3794643 0.1489583 0.3290187 0.1802083 0.3794643 0.1489583 0.3570644 0.1489583 0.3570644 0.1489583 0.3290187 0.1802083 0.3570644 0.1802083 0.3794643 0.1802083 0.3290187 0.1802083 0.3570644 0.1802083 0.3290187 0.1802083 0.3794643 0.1802083 0.3794643 0.1802083 0.3570644 0.1802083 0.3570033 0.1802083 0.3290187 0.1764242 0.3569423 0.1802083 0.3794643 0.1741048 0.3290187 0.167391 0.3570644 0.167391 0.3290187 0.1741048 0.3794643 0.167391 0.3794643 0.1802083 0.3794643 0.1741048 0.3794643 0.167391 0.3794643 0.167391 0.3698512 0.1741048 0.3698512 0.167391 0.3418056 0.1802083 0.3698512 0.1802083 0.3698512 0.1802083 0.3418056 0.1741048 0.3418056 0.167391 0.3169643 0.1802083 0.3169643 0.1741048 0.3169643 0.167391 0.3169643 0.1741048 0.3169643 0.1802083 0.3570644 0.1689779 0.3570644 0.1689779 0.3290187 0.1802083 0.3290187 0.1689779 0.3794643 0.1802083 0.3290187 0.1802083 0.3570644 0.1802083 0.3794643 0.1689779 0.3794643 0.1802083 0.3794643 0.1802083 0.3794643 0.1689779 0.3698512 0.1489583 0.3290187 0.1489583 0.3570644 0.1802083 0.3698512 0.1689779 0.3418056 0.1555501 0.3290187 0.1576253 0.3570644 0.1489583 0.3794643 0.1555501 0.3794643 0.1678792 0.3290187 0.1710531 0.3570644 0.1555501 0.3794643 0.1710531 0.3290187 0.1678792 0.3794643 0.1800863 0.3290187 0.1802083 0.3570644 0.1710531 0.3794643 0.1678792 0.3794643 0.1489583 0.3794643 0.1555501 0.3698512 0.1802083 0.3794643 0.1802083 0.3698512 0.1489583 0.3698512 0.1802083 0.3418056 0.1689779 0.3169643 0.1802083 0.3418056 0.1802083 0.3169643 0.1689779 0.3169643 0.1802083 0.3169643 0.1802083 0.3169643 0.1802083 0.3169643 0.1489583 0.3418056 0.1489583 0.3169643 0.1489583 0.3169643 0.1555501 0.3169643 0.1555501 0.3418056 0.1555501 0.3169643 0.1678792 0.3169643 0.1678792 0.3169643 0.1678792 0.3698512 0.1678792 0.3418056 0.1710531 0.3169643 0.1800863 0.3169643 0.1710531 0.3794643 0.1710531 0.3698512 0.1710531 0.3418056 0.1800863 0.3418056 0.1800863 0.3169643 0.1802083 0.3169643 0.1802083 0.3169643 0.1800863 0.3698512 0.1802083 0.3418056 0.1800863 0.3794643 0.1802083 0.3698512 0.1800863 0.3794643 0.1802083 0.3794643 0.1802083 0.3290187 0.1802083 0.3794643 0.1802083 0.3290187 0.1489583 0.3570644 0.1802083 0.3794643 0.1802083 0.3698512 0.1802083 0.3794643 0.1489583 0.3794643 0.1489583 0.3290187 0.1489583 0.3290187 0.1489583 0.3570644 0.1489583 0.3794643 0.1489583 0.3794643 0.1489583 0.3290187 0.1489583 0.3698512 0.1489583 0.3794643 0.1489583 0.3794643 0.1544515 0.3290187 0.1615316 0.3570644 0.1544515 0.3794643 0.1489583 0.3794643 0.1615316 0.3290187 0.1667806 0.3290187 0.1739827 0.3570644 0.1615316 0.3794643 0.1667806 0.3794643 0.1739827 0.3290187 0.1615316 0.3794643 0.1789876 0.3290187 0.1802083 0.3570644 0.1739827 0.3794643 0.1802083 0.3290187 0.1667806 0.3794643 0.1802083 0.3290187 0.1489583 0.3570644 0.1802083 0.3794643 0.1789876 0.3794643 0.1802083 0.3794643 0.1789876 0.3794643 0.1802083 0.3794643 0.1739827 0.3794643 0.1789876 0.3698512 0.1667806 0.3698512 0.1739827 0.3698512 0.1802083 0.3698512 0.1667806 0.3418056 0.1802083 0.3418056 0.1789876 0.3418056 0.1739827 0.3418056 0.1789876 0.3169643 0.1615316 0.3698512 0.1667806 0.3169643 0.1615316 0.3418056 0.1739827 0.3169643 0.1789876 0.3169643 0.1667806 0.3169643 0.1615316 0.3169643 0.1544515 0.3169643 0.1802083 0.3169643 0.1802083 0.3169643 0.1544515 0.3169643 0.1802083 0.3169643 0.1544515 0.3418056 0.1489583 0.3169643 0.1489583 0.3169643 0.1489583 0.3418056 0.1544515 0.3698512 0.1489583 0.3169643 0.1544515 0.3794643 0.1489583 0.3698512 0.1489583 0.3698512 0.1489583 0.3418056 0.1489583 0.3418056 0.1489583 0.3169643 0.1802083 0.3418056 0.1802083 0.3169643 0.1489583 0.3169643 0.1489583 0.3169643 0.1802083 0.3418056 0.1489583 0.3169643 0.1802083 0.3698512 0.1489583 0.3418056 0.1802083 0.3794643 0.1489583 0.3698512 0.1489583 0.3418056 0.1489583 0.3794643 0.1489583 0.3794643 0.1489583 0.3794643 0.1489583 0.3290187 0.1489583 0.3794643 0.1489583 0.3290187 0.1506673 0.3570644 0.1489583 0.3698512 0.1506673 0.3290187 0.1506673 0.3698512 0.1506673 0.3794643 0.1506673 0.3794643 0.1638509 0.3794643 0.1638509 0.3290187 0.1638509 0.3570644 0.170931 0.3570644 0.1777669 0.3290187 0.1777669 0.3570644 0.170931 0.3290187 0.1777669 0.3794643 0.170931 0.3794643 0.1777669 0.3794643 0.170931 0.3794643 0.1777669 0.3698512 0.1638509 0.3794643 0.170931 0.3698512 0.1777669 0.3418056 0.1638509 0.3698512 0.170931 0.3418056 0.1777669 0.3169643 0.1638509 0.3418056 0.170931 0.3169643 0.1777669 0.3169643 0.1655599 0.3169643 0.1638509 0.3169643 0.1533529 0.3169643 0.1506673 0.3418056 0.1506673 0.3169643 0.1705648 0.3290187 0.1705648 0.3570644 0.1649495 0.3570033 0.1638509 0.3290187 0.1593648 0.3569423 0.1638509 0.3794643 0.1705648 0.3794643 0.1571218 0.3290187 0.1503927 0.3570644 0.1503927 0.3290187 0.1638509 0.3794643 0.1705648 0.3794643 0.1571218 0.3794643 0.1638509 0.3698512 0.1705648 0.3698512 0.1571218 0.3794643 0.1571218 0.3698512 0.1638509 0.3418056 0.1705648 0.3418056 0.1638509 0.3169643 0.1705648 0.3169643 0.1638509 0.3169643 0.1705648 0.3169643 0.1571218 0.3418056 0.1571218 0.3169643 0.1571218 0.3169643 0.1503927 0.3169643 0.1503927 0.3169643 0.1489583 0.3169643 0.1503927 0.3418056 0.1489583 0.3169643 0.1489583 0.3169643 0.1503927 0.3698512 0.1489583 0.3418056 0.1489583 0.3169643 0.1489583 0.3169643 0.1489583 0.3169643 0.1489583 0.3418056 0.1489583 0.3418056 0.1489583 0.3698512 0.1489583 0.3698512 0.1489583 0.3698512 0.1489583 0.3794643 0.1489583 0.3794643 0.1503927 0.3794643 0.1489583 0.3794643 0.1503927 0.3794643 0.1489583 0.3794643 0.1489583 0.3794643 0.1489583 0.3794643 0.1489583 0.3290187 0.1503927 0.3570644 0.1489583 0.3570644 0.1489583 0.3570644 0.1489583 0.3290187 0.1489583 0.3290187 0.1489583 0.3570644 0.1802083 0.3169643 0.1645833 0.3169643 0.1645833 0.3203823 0.1489583 0.3169643 0.1579915 0.3794643 0.1489583 0.3169643 0.1680013 0.3223354 0.1489583 0.3296596 0.1789876 0.3693324 0.1789876 0.3271572 0.1528646 0.3794643 0.1690999 0.3169643 0.1690999 0.3794643 0.1498128 0.3404018 0.1802083 0.3428432 0.1802083 0.3794643 0.1498128 0.3559658 0.1507284 0.3562709 0.1802083 0.3794643 0.174471 0.3269741 0.1802083 0.3169643 0.1489583 0.3169643 0.1763021 0.3252651 0.1507284 0.3400356 0.1489583 0.3306362 0.174471 0.3694545 0.1725179 0.3169643 0.1802083 0.3423549 0.1489583 0.3794643 0.1489583 0.3423549 0.1546956 0.3694545 0.1566488 0.3169643 0.1802083 0.3306362 0.1784383 0.3400356 0.1528646 0.3252651 0.1489583 0.3169643 0.1489583 0.3794643 0.1793538 0.3559658 0.1489583 0.3428432 0.1600667 0.3794643 0.1763021 0.3794643 0.150179 0.3271572 0.1645833 0.3169643 0.150179 0.3693324 0.1489583 0.3169643 0.1645833 0.3203823 0.1802083 0.3169643 0.1711751 0.3794643 0.1489583 0.3169643 0.1611654 0.3223354 0.1802083 0.3296596 0.1600667 0.3169643 0.1793538 0.3404018 0.1489583 0.3794643 0.1784383 0.3562709 0.1546956 0.3269741</float_array>
          <technique_common>
            <accessor count="4555" source="#texcoords-array-array" stride="2">
              <param type="float" name="S"/>
              <param type="float" name="T"/>
            </accessor>
          </technique_common>
        </source>
        <vertices id="verts-array-vertices">
          <input semantic="POSITION" source="#verts-array"/>
        </vertices>
        <triangles count="5146" material="material0">
          <input offset="0" semantic="VERTEX" source="#verts-array-vertices"/>
          <input offset="1" semantic="NORMAL" source="#normals-array"/>
          <input offset="2" semantic="TEXCOORD" source="#texcoords-array"/>
          <p>0 0 0 1 1 1 2 2 2 0 0 0 3 3 3 1 1 1 4 4 4 5 5 5 6 6 6 7 7 7 5 5 5 4 4 4 8 8 8 9 9 9 10 10 10 9 9 9 11 11 11 10 10 10 12 12 12 13 13 13 14 14 14 14 14 14 15 15 15 12 12 12 16 16 16 17 17 17 18 18 18 16 16 16 18 18 18 19 19 19 20 20 20 21 21 21 22 22 22 23 23 23 21 21 21 20 20 20 24 24 24 25 25 25 26 26 26 24 24 24 27 27 27 25 25 25 28 28 28 29 29 29 30 30 30 29 29 29 31 31 31 30 30 30 32 32 32 33 33 33 34 34 34 33 33 33 35 35 35 34 34 34 36 36 36 37 37 37 38 38 38 39 39 39 37 37 37 36 36 36 40 40 40 41 41 41 42 42 42 43 43 43 41 41 41 40 40 40 44 44 44 45 45 45 46 46 46 46 46 46 45 45 45 47 47 47 46 46 46 47 47 47 48 48 48 48 48 48 47 47 47 49 49 49 48 48 48 49 49 49 50 50 50 50 50 50 49 49 49 51 51 51 50 50 50 51 51 51 52 52 52 52 52 52 51 51 51 53 53 53 52 52 52 53 53 53 54 54 54 54 54 54 53 53 53 55 55 55 54 54 54 55 55 55 56 56 56 56 56 56 55 55 55 57 57 57 56 56 56 57 57 57 58 58 58 58 58 58 57 57 57 59 59 59 60 60 60 61 61 61 62 62 62 62 62 62 61 61 61 63 63 63 62 62 62 63 63 63 64 64 64 64 64 64 63 63 63 65 65 65 64 64 64 65 65 65 66 66 66 66 66 66 65 65 65 67 67 67 66 66 66 67 67 67 68 68 68 68 68 68 67 67 67 69 69 69 68 68 68 69 69 69 70 70 70 70 70 70 69 69 69 71 71 71 70 70 70 71 71 71 72 72 72 72 72 72 71 71 71 73 73 73 72 72 72 73 73 73 74 74 74 74 74 74 73 73 73 75 75 75 74 74 74 75 75 75 76 76 76 76 76 76 75 75 75 77 77 77 76 76 76 77 77 77 78 78 78 78 78 78 77 77 77 79 79 79 78 78 78 79 79 79 80 80 80 80 80 80 79 79 79 81 81 81 80 80 80 81 81 81 82 82 82 82 82 82 81 81 81 83 83 83 82 82 82 83 83 83 84 84 84 84 84 84 83 83 83 85 85 85 84 84 84 85 85 85 86 86 86 86 86 86 85 85 85 87 87 87 86 86 86 87 87 87 88 88 88 88 88 88 87 87 87 89 89 89 89 89 89 87 87 87 90 90 90 89 89 89 90 90 90 91 91 91 91 91 91 90 90 90 92 92 92 91 91 91 92 92 92 93 93 93 93 93 93 92 92 92 94 94 94 93 93 93 94 94 94 95 95 95 95 95 95 94 94 94 96 96 96 95 95 95 96 96 96 97 97 97 97 97 97 96 96 96 98 98 98 97 97 97 98 98 98 99 99 99 99 99 99 98 98 98 100 100 100 99 99 99 100 100 100 101 101 101 101 101 101 100 100 100 102 102 102 101 101 101 102 102 102 103 103 103 103 103 103 102 102 102 104 104 104 103 103 103 104 104 104 105 105 105 105 105 105 104 104 104 106 106 106 105 105 105 106 106 106 107 107 107 107 107 107 106 106 106 108 108 108 107 107 107 108 108 108 109 109 109 109 109 109 108 108 108 110 110 110 109 109 109 110 110 110 111 111 111 111 111 111 110 110 110 112 112 112 111 111 111 112 112 112 113 113 113 113 113 113 112 112 112 114 114 114 113 113 113 114 114 114 115 115 115 116 116 116 117 117 117 118 118 118 118 118 118 117 117 117 119 119 119 118 118 118 119 119 119 120 120 120 120 120 120 119 119 119 121 121 121 120 120 120 121 121 121 122 122 122 122 122 122 121 121 121 123 123 123 123 123 123 121 121 121 124 124 124 123 123 123 124 124 124 125 125 125 125 125 125 124 124 124 126 126 126 125 125 125 126 126 126 127 127 127 127 127 127 126 126 126 128 128 128 127 127 127 128 128 128 129 129 129 129 129 129 128 128 128 130 130 130 129 129 129 130 130 130 131 131 131 131 131 131 130 130 130 132 132 132 131 131 131 132 132 132 133 133 133 133 133 133 132 132 132 134 134 134 134 134 134 132 132 132 135 135 135 134 134 134 135 135 135 136 136 136 136 136 136 135 135 135 137 137 137 136 136 136 137 137 137 138 138 138 138 138 138 137 137 137 139 139 139 138 138 138 139 139 139 140 140 140 140 140 140 139 139 139 141 141 141 140 140 140 141 141 141 142 142 142 142 142 142 141 141 141 143 143 143 142 142 142 143 143 143 144 144 144 144 144 144 143 143 143 145 145 145 144 144 144 145 145 145 146 146 146 146 146 146 145 145 145 147 147 147 147 147 147 145 145 145 148 148 148 147 147 147 148 148 148 149 149 149 149 149 149 148 148 148 150 150 150 149 149 149 150 150 150 151 151 151 151 151 151 150 150 150 152 152 152 152 152 152 150 150 150 153 153 153 152 152 152 153 153 153 154 154 154 154 154 154 153 153 153 155 155 155 154 154 154 155 155 155 156 156 156 156 156 156 155 155 155 157 157 157 156 156 156 157 157 157 158 158 158 158 158 158 157 157 157 159 159 159 158 158 158 159 159 159 160 160 160 160 160 160 159 159 159 161 161 161 160 160 160 161 161 161 162 162 162 162 162 162 161 161 161 163 163 163 163 163 163 161 161 161 164 164 164 163 163 163 164 164 164 165 165 165 165 165 165 164 164 164 166 166 166 165 165 165 166 166 166 167 167 167 167 167 167 166 166 166 168 168 168 167 167 167 168 168 168 169 169 169 169 169 169 168 168 168 170 170 170 169 169 169 170 170 170 171 171 171 171 171 171 170 170 170 172 172 172 171 171 171 172 172 172 173 173 173 173 173 173 172 172 172 174 174 174 173 173 173 174 174 174 175 175 175 176 176 176 177 177 177 178 178 178 178 178 178 177 177 177 179 179 179 178 178 178 179 179 179 180 180 180 180 180 180 179 179 179 181 181 181 180 180 180 181 181 181 182 182 182 182 182 182 181 181 181 183 183 183 182 182 182 183 183 183 184 184 184 184 184 184 183 183 183 185 185 185 185 185 185 183 183 183 186 186 186 185 185 185 186 186 186 187 187 187 187 187 187 186 186 186 188 188 188 187 187 187 188 188 188 189 189 189 189 189 189 188 188 188 190 190 190 189 189 189 190 190 190 191 191 191 191 191 191 190 190 190 192 192 192 192 192 192 190 190 190 193 193 193 192 192 192 193 193 193 194 194 194 194 194 194 193 193 193 195 195 195 194 194 194 195 195 195 196 196 196 196 196 196 195 195 195 197 197 197 196 196 196 197 197 197 198 198 198 198 198 198 197 197 197 199 199 199 198 198 198 199 199 199 200 200 200 200 200 200 199 199 199 201 201 201 200 200 200 201 201 201 202 202 202 202 202 202 201 201 201 203 203 203 202 202 202 203 203 203 204 204 204 204 204 204 203 203 203 205 205 205 204 204 204 205 205 205 206 206 206 206 206 206 205 205 205 207 207 207 207 207 207 205 205 205 208 208 208 207 207 207 208 208 208 209 209 209 209 209 209 208 208 208 210 210 210 210 210 210 208 208 208 211 211 211 210 210 210 211 211 211 212 212 212 212 212 212 211 211 211 213 213 213 212 212 212 213 213 213 214 214 214 214 214 214 213 213 213 215 215 215 214 214 214 215 215 215 216 216 216 216 216 216 215 215 215 217 217 217 216 216 216 217 217 217 218 218 218 218 218 218 217 217 217 219 219 219 218 218 218 219 219 219 220 220 220 220 220 220 219 219 219 221 221 221 221 221 221 219 219 219 222 222 222 221 221 221 222 222 222 223 223 223 223 223 223 222 222 222 224 224 224 223 223 223 224 224 224 225 225 225 225 225 225 224 224 224 226 226 226 225 225 225 226 226 226 227 227 227 227 227 227 226 226 226 228 228 228 227 227 227 228 228 228 229 229 229 229 229 229 228 228 228 230 230 230 229 229 229 230 230 230 231 231 231 231 231 231 230 230 230 232 232 232 231 231 231 232 232 232 233 233 233 233 233 233 232 232 232 234 234 234 233 233 233 234 234 234 235 235 235 236 236 236 237 237 237 238 238 238 238 238 238 237 237 237 239 239 239 238 238 238 239 239 239 240 240 240 240 240 240 239 239 239 241 241 241 240 240 240 241 241 241 242 242 242 242 242 242 241 241 241 243 243 243 242 242 242 243 243 243 244 244 244 244 244 244 243 243 243 245 245 245 244 244 244 245 245 245 246 246 246 246 246 246 245 245 245 247 247 247 246 246 246 247 247 247 248 248 248 248 248 248 247 247 247 249 249 249 248 248 248 249 249 249 250 250 250 250 250 250 249 249 249 251 251 251 250 250 250 251 251 251 252 252 252 252 252 252 251 251 251 253 253 253 252 252 252 253 253 253 254 254 254 254 254 254 253 253 253 255 255 255 254 254 254 255 255 255 256 256 256 256 256 256 255 255 255 257 257 257 256 256 256 257 257 257 258 258 258 258 258 258 257 257 257 259 259 259 258 258 258 259 259 259 260 260 260 260 260 260 259 259 259 261 261 261 260 260 260 261 261 261 262 262 262 262 262 262 261 261 261 263 263 263 262 262 262 263 263 263 264 264 264 264 264 264 263 263 263 265 265 265 265 265 265 263 263 263 266 266 266 265 265 265 266 266 266 267 267 267 267 267 267 266 266 266 268 268 268 267 267 267 268 268 268 269 269 269 269 269 269 268 268 268 270 270 270 269 269 269 270 270 270 271 271 271 271 271 271 270 270 270 272 272 272 271 271 271 272 272 272 273 273 273 273 273 273 272 272 272 274 274 274 273 273 273 274 274 274 275 275 275 275 275 275 274 274 274 276 276 276 275 275 275 276 276 276 277 277 277 277 277 277 276 276 276 278 278 278 277 277 277 278 278 278 279 279 279 279 279 279 278 278 278 280 280 280 279 279 279 280 280 280 281 281 281 281 281 281 280 280 280 282 282 282 281 281 281 282 282 282 283 283 283 283 283 283 282 282 282 284 284 284 283 283 283 284 284 284 285 285 285 285 285 285 284 284 284 286 286 286 285 285 285 286 286 286 287 287 287 287 287 287 286 286 286 288 288 288 287 287 287 288 288 288 289 289 289 289 289 289 288 288 288 290 290 290 289 289 289 290 290 290 291 291 291 292 292 292 293 293 293 294 294 294 292 292 292 294 294 294 295 295 295 295 295 295 294 294 294 296 296 296 295 295 295 296 296 296 297 297 297 297 297 297 296 296 296 298 298 298 297 297 297 298 298 298 299 299 299 299 299 299 298 298 298 300 300 300 299 299 299 300 300 300 301 301 301 301 301 301 300 300 300 302 302 302 301 301 301 302 302 302 303 303 303 303 303 303 302 302 302 304 304 304 303 303 303 304 304 304 305 305 305 305 305 305 304 304 304 306 306 306 305 305 305 306 306 306 307 307 307 307 307 307 306 306 306 308 308 308 307 307 307 308 308 308 309 309 309 309 309 309 308 308 308 310 310 310 309 309 309 310 310 310 311 311 311 311 311 311 310 310 310 312 312 312 311 311 311 312 312 312 313 313 313 313 313 313 312 312 312 314 314 314 313 313 313 314 314 314 315 315 315 315 315 315 314 314 314 316 316 316 315 315 315 316 316 316 317 317 317 317 317 317 316 316 316 318 318 318 317 317 317 318 318 318 319 319 319 319 319 319 318 318 318 320 320 320 320 320 320 318 318 318 321 321 321 320 320 320 321 321 321 322 322 322 320 320 320 322 322 322 323 323 323 323 323 323 322 322 322 324 324 324 323 323 323 324 324 324 325 325 325 325 325 325 324 324 324 326 326 326 325 325 325 326 326 326 327 327 327 327 327 327 326 326 326 328 328 328 327 327 327 328 328 328 329 329 329 329 329 329 328 328 328 330 330 330 329 329 329 330 330 330 331 331 331 331 331 331 330 330 330 332 332 332 331 331 331 332 332 332 333 333 333 333 333 333 332 332 332 334 334 334 333 333 333 334 334 334 335 335 335 335 335 335 334 334 334 336 336 336 335 335 335 336 336 336 337 337 337 337 337 337 336 336 336 338 338 338 337 337 337 338 338 338 339 339 339 339 339 339 338 338 338 340 340 340 339 339 339 340 340 340 341 341 341 341 341 341 340 340 340 342 342 342 341 341 341 342 342 342 343 343 343 343 343 343 342 342 342 344 344 344 343 343 343 344 344 344 345 345 345 346 346 346 347 347 347 348 348 348 348 348 348 347 347 347 349 349 349 350 350 350 348 348 348 349 349 349 349 349 349 351 351 351 350 350 350 351 351 351 352 352 352 350 350 350 351 351 351 353 353 353 352 352 352 354 354 354 355 355 355 356 356 356 357 357 357 354 354 354 356 356 356 357 357 357 356 356 356 358 358 358 359 359 359 357 357 357 358 358 358 359 359 359 358 358 358 360 360 360 361 361 361 359 359 359 360 360 360 361 361 361 360 360 360 362 362 362 363 363 363 361 361 361 362 362 362 363 363 363 362 362 362 364 364 364 365 365 365 363 363 363 364 364 364 365 365 365 364 364 364 366 366 366 367 367 367 365 365 365 366 366 366 367 367 367 366 366 366 368 368 368 369 369 369 367 367 367 368 368 368 369 369 369 368 368 368 370 370 370 371 371 371 369 369 369 370 370 370 371 371 371 370 370 370 372 372 372 373 373 373 371 371 371 372 372 372 373 373 373 372 372 372 374 374 374 375 375 375 373 373 373 374 374 374 375 375 375 374 374 374 376 376 376 377 377 377 375 375 375 376 376 376 377 377 377 376 376 376 378 378 378 379 379 379 377 377 377 378 378 378 379 379 379 378 378 378 380 380 380 381 381 381 379 379 379 380 380 380 381 381 381 380 380 380 382 382 382 383 383 383 381 381 381 382 382 382 383 383 383 382 382 382 384 384 384 385 385 385 383 383 383 384 384 384 384 384 384 386 386 386 385 385 385 386 386 386 387 387 387 385 385 385 386 386 386 388 388 388 387 387 387 388 388 388 389 389 389 387 387 387 388 388 388 390 390 390 389 389 389 390 390 390 391 391 391 389 389 389 390 390 390 392 392 392 391 391 391 392 392 392 393 393 393 391 391 391 392 392 392 394 394 394 393 393 393 394 394 394 395 395 395 393 393 393 394 394 394 396 396 396 395 395 395 396 396 396 397 397 397 395 395 395 396 396 396 398 398 398 397 397 397 398 398 398 399 399 399 397 397 397 398 398 398 400 400 400 399 399 399 400 400 400 401 401 401 399 399 399 400 400 400 402 402 402 401 401 401 402 402 402 403 403 403 401 401 401 402 402 402 404 404 404 403 403 403 404 404 404 405 405 405 403 403 403 404 404 404 406 406 406 405 405 405 406 406 406 407 407 407 405 405 405 406 406 406 408 408 408 407 407 407 408 408 408 409 409 409 407 407 407 408 408 408 410 410 410 409 409 409 410 410 410 411 411 411 409 409 409 410 410 410 412 412 412 411 411 411 412 412 412 413 413 413 411 411 411 412 412 412 414 414 414 413 413 413 415 415 415 416 416 416 417 417 417 415 415 415 417 417 417 418 418 418 418 418 418 417 417 417 419 419 419 418 418 418 419 419 419 420 420 420 420 420 420 419 419 419 421 421 421 420 420 420 421 421 421 422 422 422 422 422 422 421 421 421 423 423 423 422 422 422 423 423 423 424 424 424 424 424 424 423 423 423 425 425 425 424 424 424 425 425 425 426 426 426 426 426 426 425 425 425 427 427 427 426 426 426 427 427 427 428 428 428 428 428 428 427 427 427 429 429 429 428 428 428 429 429 429 430 430 430 430 430 430 429 429 429 431 431 431 430 430 430 431 431 431 432 432 432 432 432 432 431 431 431 433 433 433 432 432 432 433 433 433 434 434 434 434 434 434 433 433 433 435 435 435 434 434 434 435 435 435 436 436 436 436 436 436 435 435 435 437 437 437 436 436 436 437 437 437 438 438 438 438 438 438 437 437 437 439 439 439 438 438 438 439 439 439 440 440 440 440 440 440 439 439 439 441 441 441 440 440 440 441 441 441 442 442 442 443 443 443 444 444 444 445 445 445 445 445 445 444 444 444 446 446 446 445 445 445 446 446 446 447 447 447 447 447 447 446 446 446 448 448 448 447 447 447 448 448 448 449 449 449 449 449 449 448 448 448 450 450 450 450 450 450 448 448 448 451 451 451 448 448 448 452 452 452 451 451 451 451 451 451 452 452 452 453 453 453 453 453 453 452 452 452 454 454 454 454 454 454 452 452 452 455 455 455 452 452 452 456 456 456 455 455 455 455 455 455 456 456 456 457 457 457 457 457 457 456 456 456 458 458 458 457 457 457 458 458 458 459 459 459 460 460 460 461 461 461 462 462 462 463 463 463 460 460 460 462 462 462 463 463 463 462 462 462 464 464 464 465 465 465 463 463 463 464 464 464 466 466 466 465 465 465 464 464 464 467 467 467 465 465 465 466 466 466 466 466 466 464 464 464 468 468 468 466 466 466 469 469 469 467 467 467 470 470 470 466 466 466 468 468 468 466 466 466 471 471 471 469 469 469 468 468 468 472 472 472 470 470 470 471 471 471 473 473 473 469 469 469 471 471 471 474 474 474 473 473 473 468 468 468 475 475 475 472 472 472 475 475 475 476 476 476 472 472 472 475 475 475 477 477 477 476 476 476 477 477 477 478 478 478 476 476 476 477 477 477 479 479 479 478 478 478 479 479 479 480 480 480 478 478 478 479 479 479 481 481 481 480 480 480 481 481 481 482 482 482 480 480 480 481 481 481 483 483 483 482 482 482 484 484 484 485 485 485 486 486 486 487 487 487 484 484 484 486 486 486 487 487 487 486 486 486 488 488 488 489 489 489 487 487 487 488 488 488 489 489 489 488 488 488 490 490 490 491 491 491 489 489 489 490 490 490 491 491 491 490 490 490 492 492 492 493 493 493 491 491 491 492 492 492 493 493 493 492 492 492 494 494 494 495 495 495 493 493 493 494 494 494 494 494 494 496 496 496 495 495 495 496 496 496 497 497 497 495 495 495 496 496 496 498 498 498 497 497 497 499 499 499 498 498 498 496 496 496 498 498 498 500 500 500 497 497 497 496 496 496 501 501 501 499 499 499 500 500 500 502 502 502 497 497 497 496 496 496 503 503 503 501 501 501 500 500 500 504 504 504 502 502 502 504 504 504 505 505 505 502 502 502 503 503 503 506 506 506 501 501 501 503 503 503 507 507 507 506 506 506 508 508 508 509 509 509 510 510 510 511 511 511 508 508 508 510 510 510 511 511 511 510 510 510 512 512 512 513 513 513 511 511 511 512 512 512 513 513 513 512 512 512 514 514 514 515 515 515 513 513 513 514 514 514 515 515 515 514 514 514 516 516 516 517 517 517 515 515 515 516 516 516 517 517 517 516 516 516 518 518 518 519 519 519 517 517 517 518 518 518 518 518 518 520 520 520 519 519 519 520 520 520 521 521 521 519 519 519 520 520 520 522 522 522 521 521 521 523 523 523 522 522 522 520 520 520 522 522 522 524 524 524 521 521 521 520 520 520 525 525 525 523 523 523 524 524 524 526 526 526 521 521 521 520 520 520 527 527 527 525 525 525 524 524 524 528 528 528 526 526 526 528 528 528 529 529 529 526 526 526 527 527 527 530 530 530 525 525 525 527 527 527 531 531 531 530 530 530 532 532 532 533 533 533 534 534 534 535 535 535 532 532 532 534 534 534 535 535 535 534 534 534 536 536 536 537 537 537 535 535 535 536 536 536 538 538 538 537 537 537 536 536 536 539 539 539 537 537 537 538 538 538 538 538 538 536 536 536 540 540 540 538 538 538 541 541 541 539 539 539 542 542 542 538 538 538 540 540 540 538 538 538 543 543 543 541 541 541 540 540 540 544 544 544 542 542 542 543 543 543 545 545 545 541 541 541 543 543 543 546 546 546 545 545 545 540 540 540 547 547 547 544 544 544 547 547 547 548 548 548 544 544 544 547 547 547 549 549 549 548 548 548 549 549 549 550 550 550 548 548 548 549 549 549 551 551 551 550 550 550 551 551 551 552 552 552 550 550 550 551 551 551 553 553 553 552 552 552 553 553 553 554 554 554 552 552 552 553 553 553 555 555 555 554 554 554 556 556 556 557 557 557 558 558 558 559 559 559 556 556 556 558 558 558 559 559 559 558 558 558 560 560 560 561 561 561 559 559 559 560 560 560 561 561 561 560 560 560 562 562 562 562 562 562 560 560 560 563 563 563 562 562 562 563 563 563 564 564 564 565 565 565 562 562 562 564 564 564 566 566 566 565 565 565 564 564 564 566 566 566 564 564 564 567 567 567 568 568 568 566 566 566 567 567 567 568 568 568 567 567 567 569 569 569 569 569 569 570 570 570 568 568 568 569 569 569 571 571 571 570 570 570 571 571 571 572 572 572 570 570 570 571 571 571 573 573 573 572 572 572 573 573 573 574 574 574 572 572 572 572 572 572 574 574 574 575 575 575 574 574 574 576 576 576 575 575 575 575 575 575 576 576 576 577 577 577 576 576 576 578 578 578 577 577 577 576 576 576 579 579 579 578 578 578 579 579 579 580 580 580 578 578 578 580 580 580 581 581 581 578 578 578 582 582 582 583 583 583 584 584 584 582 582 582 584 584 584 585 585 585 585 585 585 584 584 584 586 586 586 585 585 585 586 586 586 587 587 587 585 585 585 587 587 587 588 588 588 588 588 588 587 587 587 589 589 589 588 588 588 589 589 589 590 590 590 590 590 590 589 589 589 591 591 591 590 590 590 591 591 591 592 592 592 592 592 592 591 591 591 593 593 593 592 592 592 593 593 593 594 594 594 594 594 594 593 593 593 595 595 595 594 594 594 595 595 595 596 596 596 596 596 596 595 595 595 597 597 597 596 596 596 597 597 597 598 598 598 598 598 598 597 597 597 599 599 599 600 600 600 601 601 601 602 602 602 600 600 600 602 602 602 603 603 603 603 603 603 602 602 602 604 604 604 603 603 603 604 604 604 605 605 605 605 605 605 604 604 604 606 606 606 605 605 605 606 606 606 607 607 607 607 607 607 606 606 606 608 608 608 607 607 607 608 608 608 609 609 609 609 609 609 608 608 608 610 610 610 609 609 609 610 610 610 611 611 611 611 611 611 610 610 610 612 612 612 611 611 611 612 612 612 613 613 613 613 613 613 612 612 612 614 614 614 613 613 613 614 614 614 615 615 615 616 616 616 617 617 617 618 618 618 616 616 616 618 618 618 619 619 619 619 619 619 618 618 618 620 620 620 619 619 619 620 620 620 621 621 621 621 621 621 620 620 620 622 622 622 621 621 621 622 622 622 623 623 623 623 623 623 622 622 622 624 624 624 624 624 624 622 622 622 625 625 625 624 624 624 625 625 625 626 626 626 624 624 624 626 626 626 627 627 627 627 627 627 626 626 626 628 628 628 627 627 627 628 628 628 629 629 629 629 629 629 628 628 628 630 630 630 630 630 630 628 628 628 631 631 631 632 632 632 633 633 633 634 634 634 632 632 632 634 634 634 635 635 635 635 635 635 634 634 634 636 636 636 635 635 635 636 636 636 637 637 637 637 637 637 636 636 636 638 638 638 637 637 637 638 638 638 639 639 639 639 639 639 638 638 638 640 640 640 640 640 640 638 638 638 641 641 641 640 640 640 641 641 641 642 642 642 640 640 640 642 642 642 643 643 643 643 643 643 642 642 642 644 644 644 643 643 643 644 644 644 645 645 645 645 645 645 644 644 644 646 646 646 646 646 646 644 644 644 647 647 647 648 648 648 649 649 649 650 650 650 650 650 650 649 649 649 651 651 651 650 650 650 651 651 651 652 652 652 652 652 652 651 651 651 653 653 653 652 652 652 653 653 653 654 654 654 654 654 654 653 653 653 655 655 655 656 656 656 657 657 657 658 658 658 658 658 658 657 657 657 659 659 659 658 658 658 659 659 659 660 660 660 660 660 660 659 659 659 661 661 661 660 660 660 661 661 661 662 662 662 662 662 662 661 661 661 663 663 663 664 664 664 665 665 665 666 666 666 666 666 666 665 665 665 667 667 667 666 666 666 667 667 667 668 668 668 668 668 668 667 667 667 669 669 669 668 668 668 669 669 669 670 670 670 670 670 670 669 669 669 671 671 671 672 672 672 673 673 673 674 674 674 672 672 672 674 674 674 675 675 675 674 674 674 676 676 676 675 675 675 677 677 677 678 678 678 679 679 679 677 677 677 679 679 679 680 680 680 680 680 680 679 679 679 681 681 681 682 682 682 683 683 683 684 684 684 685 685 685 682 682 682 684 684 684 685 685 685 684 684 684 686 686 686 687 687 687 685 685 685 686 686 686 687 687 687 686 686 686 688 688 688 689 689 689 687 687 687 688 688 688 689 689 689 688 688 688 690 690 690 688 688 688 691 691 691 690 690 690 691 691 691 692 692 692 690 690 690 691 691 691 693 693 693 692 692 692 693 693 693 694 694 694 692 692 692 693 693 693 695 695 695 694 694 694 695 695 695 696 696 696 694 694 694 695 695 695 697 697 697 696 696 696 698 698 698 699 699 699 700 700 700 698 698 698 700 700 700 701 701 701 701 701 701 700 700 700 702 702 702 701 701 701 702 702 702 703 703 703 701 701 701 703 703 703 704 704 704 701 701 701 704 704 704 705 705 705 705 705 705 704 704 704 706 706 706 705 705 705 707 707 707 708 708 708 705 705 705 706 706 706 707 707 707 707 707 707 706 706 706 709 709 709 709 709 709 706 706 706 710 710 710 710 710 710 706 706 706 711 711 711 711 711 711 706 706 706 712 712 712 712 712 712 706 706 706 713 713 713 712 712 712 713 713 713 714 714 714 714 714 714 713 713 713 715 715 715 715 715 715 713 713 713 716 716 716 716 716 716 713 713 713 717 717 717 717 717 717 713 713 713 718 718 718 717 717 717 718 718 718 719 719 719 717 717 717 719 719 719 720 720 720 720 720 720 719 719 719 721 721 721 720 720 720 721 721 721 722 722 722 722 722 722 721 721 721 723 723 723 722 722 722 723 723 723 724 724 724 724 724 724 723 723 723 725 725 725 724 724 724 725 725 725 726 726 726 726 726 726 725 725 725 727 727 727 726 726 726 727 727 727 728 728 728 728 728 728 727 727 727 729 729 729 728 728 728 729 729 729 730 730 730 730 730 730 729 729 729 731 731 731 730 730 730 731 731 731 732 732 732 732 732 732 731 731 731 733 733 733 733 733 733 731 731 731 734 734 734 734 734 734 731 731 731 735 735 735 735 735 735 731 731 731 736 736 736 736 736 736 731 731 731 737 737 737 737 737 737 731 731 731 738 738 738 738 738 738 731 731 731 739 739 739 738 738 738 739 739 739 740 740 740 740 740 740 739 739 739 741 741 741 741 741 741 739 739 739 742 742 742 743 743 743 741 741 741 742 742 742 742 742 742 739 739 739 744 744 744 742 742 742 744 744 744 745 745 745 742 742 742 745 745 745 746 746 746 746 746 746 745 745 745 747 747 747 746 746 746 747 747 747 748 748 748 746 746 746 748 748 748 749 749 749 746 746 746 749 749 749 750 750 750 750 750 750 749 749 749 751 751 751 752 752 752 753 753 753 754 754 754 754 754 754 753 753 753 755 755 755 754 754 754 755 755 755 756 756 756 756 756 756 755 755 755 757 757 757 756 756 756 757 757 757 758 758 758 758 758 758 757 757 757 759 759 759 758 758 758 759 759 759 760 760 760 760 760 760 759 759 759 761 761 761 760 760 760 761 761 761 762 762 762 762 762 762 761 761 761 763 763 763 762 762 762 763 763 763 764 764 764 764 764 764 763 763 763 765 765 765 764 764 764 765 765 765 766 766 766 765 765 765 767 767 767 766 766 766 766 766 766 767 767 767 768 768 768 767 767 767 769 769 769 768 768 768 769 769 769 770 770 770 768 768 768 769 769 769 771 771 771 770 770 770 771 771 771 772 772 772 770 770 770 771 771 771 773 773 773 772 772 772 773 773 773 774 774 774 772 772 772 773 773 773 775 775 775 774 774 774 775 775 775 776 776 776 774 774 774 775 775 775 777 777 777 776 776 776 777 777 777 778 778 778 776 776 776 776 776 776 778 778 778 779 779 779 778 778 778 780 780 780 779 779 779 779 779 779 780 780 780 781 781 781 780 780 780 782 782 782 781 781 781 781 781 781 782 782 782 783 783 783 782 782 782 784 784 784 783 783 783 783 783 783 784 784 784 785 785 785 784 784 784 786 786 786 785 785 785 786 786 786 787 787 787 785 785 785 786 786 786 788 788 788 787 787 787 787 787 787 788 788 788 789 789 789 789 789 789 788 788 788 790 790 790 788 788 788 791 791 791 790 790 790 790 790 790 791 791 791 792 792 792 791 791 791 793 793 793 792 792 792 793 793 793 794 794 794 792 792 792 795 795 795 796 796 796 797 797 797 797 797 797 796 796 796 798 798 798 797 797 797 798 798 798 799 799 799 799 799 799 798 798 798 800 800 800 799 799 799 800 800 800 801 801 801 801 801 801 800 800 800 802 802 802 801 801 801 802 802 802 803 803 803 802 802 802 804 804 804 803 803 803 805 805 805 803 803 803 804 804 804 805 805 805 804 804 804 806 806 806 806 806 806 804 804 804 807 807 807 806 806 806 807 807 807 808 808 808 809 809 809 806 806 806 808 808 808 809 809 809 808 808 808 810 810 810 811 811 811 809 809 809 810 810 810 811 811 811 810 810 810 812 812 812 812 812 812 810 810 810 813 813 813 812 812 812 813 813 813 814 814 814 814 814 814 813 813 813 815 815 815 816 816 816 814 814 814 815 815 815 816 816 816 815 815 815 817 817 817 818 818 818 816 816 816 817 817 817 818 818 818 817 817 817 819 819 819 820 820 820 818 818 818 819 819 819 819 819 819 821 821 821 820 820 820 822 822 822 820 820 820 821 821 821 822 822 822 821 821 821 823 823 823 821 821 821 824 824 824 823 823 823 825 825 825 823 823 823 824 824 824 824 824 824 826 826 826 825 825 825 825 825 825 826 826 826 827 827 827 826 826 826 828 828 828 827 827 827 827 827 827 828 828 828 829 829 829 828 828 828 830 830 830 829 829 829 829 829 829 830 830 830 831 831 831 830 830 830 832 832 832 831 831 831 830 830 830 833 833 833 832 832 832 833 833 833 834 834 834 832 832 832 833 833 833 835 835 835 834 834 834 835 835 835 836 836 836 834 834 834 835 835 835 837 837 837 836 836 836 836 836 836 837 837 837 838 838 838 837 837 837 839 839 839 838 838 838 837 837 837 840 840 840 839 839 839 840 840 840 841 841 841 839 839 839 840 840 840 842 842 842 841 841 841 842 842 842 843 843 843 841 841 841 842 842 842 844 844 844 843 843 843 844 844 844 845 845 845 843 843 843 844 844 844 846 846 846 845 845 845 844 844 844 847 847 847 846 846 846 847 847 847 848 848 848 846 846 846 847 847 847 849 849 849 848 848 848 849 849 849 850 850 850 848 848 848 849 849 849 851 851 851 850 850 850 850 850 850 851 851 851 852 852 852 853 853 853 854 854 854 855 855 855 855 855 855 854 854 854 856 856 856 857 857 857 855 855 855 856 856 856 856 856 856 858 858 858 857 857 857 859 859 859 857 857 857 858 858 858 858 858 858 860 860 860 859 859 859 861 861 861 859 859 859 860 860 860 860 860 860 862 862 862 861 861 861 863 863 863 861 861 861 862 862 862 862 862 862 864 864 864 863 863 863 865 865 865 863 863 863 864 864 864 864 864 864 866 866 866 865 865 865 865 865 865 866 866 866 867 867 867 866 866 866 868 868 868 867 867 867 867 867 867 868 868 868 869 869 869 868 868 868 870 870 870 869 869 869 869 869 869 870 870 870 871 871 871 870 870 870 872 872 872 871 871 871 871 871 871 872 872 872 873 873 873 872 872 872 874 874 874 873 873 873 873 873 873 874 874 874 875 875 875 875 875 875 874 874 874 876 876 876 876 876 876 874 874 874 877 877 877 876 876 876 877 877 877 878 878 878 878 878 878 877 877 877 879 879 879 878 878 878 879 879 879 880 880 880 880 880 880 879 879 879 881 881 881 880 880 880 881 881 881 882 882 882 881 881 881 883 883 883 882 882 882 882 882 882 883 883 883 884 884 884 883 883 883 885 885 885 884 884 884 885 885 885 886 886 886 884 884 884 885 885 885 887 887 887 886 886 886 887 887 887 888 888 888 886 886 886 887 887 887 889 889 889 888 888 888 889 889 889 890 890 890 888 888 888 889 889 889 891 891 891 890 890 890 891 891 891 892 892 892 890 890 890 891 891 891 893 893 893 892 892 892 893 893 893 894 894 894 892 892 892 893 893 893 895 895 895 894 894 894 894 894 894 895 895 895 896 896 896 897 897 897 898 898 898 899 899 899 899 899 899 898 898 898 900 900 900 901 901 901 899 899 899 900 900 900 901 901 901 900 900 900 902 902 902 903 903 903 901 901 901 902 902 902 902 902 902 904 904 904 903 903 903 903 903 903 904 904 904 905 905 905 904 904 904 906 906 906 905 905 905 905 905 905 906 906 906 907 907 907 906 906 906 908 908 908 907 907 907 908 908 908 909 909 909 907 907 907 910 910 910 911 911 911 912 912 912 913 913 913 910 910 910 912 912 912 914 914 914 913 913 913 912 912 912 915 915 915 913 913 913 914 914 914 916 916 916 915 915 915 914 914 914 917 917 917 915 915 915 916 916 916 918 918 918 917 917 917 916 916 916 919 919 919 917 917 917 918 918 918 920 920 920 919 919 919 918 918 918 921 921 921 919 919 919 920 920 920 922 922 922 921 921 921 920 920 920 923 923 923 921 921 921 922 922 922 924 924 924 923 923 923 922 922 922 925 925 925 923 923 923 924 924 924 926 926 926 925 925 925 924 924 924 927 927 927 925 925 925 926 926 926 927 927 927 926 926 926 928 928 928 929 929 929 927 927 927 928 928 928 929 929 929 928 928 928 930 930 930 931 931 931 929 929 929 930 930 930 931 931 931 930 930 930 932 932 932 933 933 933 931 931 931 932 932 932 933 933 933 932 932 932 934 934 934 935 935 935 933 933 933 934 934 934 935 935 935 934 934 934 936 936 936 937 937 937 935 935 935 936 936 936 938 938 938 937 937 937 936 936 936 939 939 939 937 937 937 938 938 938 940 940 940 939 939 939 938 938 938 941 941 941 939 939 939 940 940 940 942 942 942 941 941 941 940 940 940 943 943 943 941 941 941 942 942 942 944 944 944 943 943 943 942 942 942 945 945 945 943 943 943 944 944 944 946 946 946 945 945 945 944 944 944 947 947 947 945 945 945 946 946 946 948 948 948 947 947 947 946 946 946 949 949 949 947 947 947 948 948 948 949 949 949 948 948 948 950 950 950 951 951 951 949 949 949 950 950 950 951 951 951 950 950 950 952 952 952 953 953 953 951 951 951 952 952 952 953 953 953 952 952 952 954 954 954 955 955 955 953 953 953 954 954 954 955 955 955 954 954 954 956 956 956 957 957 957 955 955 955 956 956 956 957 957 957 956 956 956 958 958 958 959 959 959 957 957 957 958 958 958 959 959 959 958 958 958 960 960 960 961 961 961 959 959 959 960 960 960 961 961 961 960 960 960 962 962 962 963 963 963 961 961 961 962 962 962 964 964 964 965 965 965 966 966 966 967 967 967 964 964 964 966 966 966 967 967 967 966 966 966 968 968 968 969 969 969 967 967 967 968 968 968 969 969 969 968 968 968 970 970 970 971 971 971 969 969 969 970 970 970 971 971 971 970 970 970 972 972 972 973 973 973 971 971 971 972 972 972 973 973 973 972 972 972 974 974 974 975 975 975 973 973 973 974 974 974 975 975 975 974 974 974 976 976 976 977 977 977 975 975 975 976 976 976 978 978 978 979 979 979 980 980 980 980 980 980 979 979 979 981 981 981 982 982 982 980 980 980 981 981 981 982 982 982 981 981 981 983 983 983 983 983 983 984 984 984 982 982 982 983 983 983 985 985 985 984 984 984 985 985 985 986 986 986 984 984 984 985 985 985 987 987 987 986 986 986 987 987 987 988 988 988 986 986 986 989 989 989 990 990 990 991 991 991 991 991 991 990 990 990 992 992 992 991 991 991 992 992 992 993 993 993 993 993 993 992 992 992 994 994 994 993 993 993 994 994 994 995 995 995 995 995 995 994 994 994 996 996 996 995 995 995 996 996 996 997 997 997 997 997 997 996 996 996 998 998 998 997 997 997 998 998 998 999 999 999 999 999 999 998 998 998 1000 1000 1000 999 999 999 1000 1000 1000 1001 1001 1001 1001 1001 1001 1000 1000 1000 1002 1002 1002 1000 1000 1000 1003 1003 1003 1002 1002 1002 1004 1004 1004 1005 1005 1005 1006 1006 1006 1007 1007 1007 1004 1004 1004 1006 1006 1006 1007 1007 1007 1006 1006 1006 1008 1008 1008 1009 1009 1009 1007 1007 1007 1008 1008 1008 1009 1009 1009 1008 1008 1008 1010 1010 1010 1011 1011 1011 1009 1009 1009 1010 1010 1010 1011 1011 1011 1010 1010 1010 1012 1012 1012 1013 1013 1013 1011 1011 1011 1012 1012 1012 1013 1013 1013 1012 1012 1012 1014 1014 1014 1015 1015 1015 1013 1013 1013 1014 1014 1014 1015 1015 1015 1014 1014 1014 1016 1016 1016 1017 1017 1017 1015 1015 1015 1016 1016 1016 1017 1017 1017 1016 1016 1016 1018 1018 1018 1019 1019 1019 1017 1017 1017 1018 1018 1018 1019 1019 1019 1018 1018 1018 1020 1020 1020 1021 1021 1021 1019 1019 1019 1020 1020 1020 1021 1021 1021 1020 1020 1020 1022 1022 1022 1023 1023 1023 1021 1021 1021 1022 1022 1022 1023 1023 1023 1022 1022 1022 1024 1024 1024 1025 1025 1025 1023 1023 1023 1024 1024 1024 1025 1025 1025 1024 1024 1024 1026 1026 1026 1027 1027 1027 1025 1025 1025 1026 1026 1026 1027 1027 1027 1026 1026 1026 1028 1028 1028 1029 1029 1029 1027 1027 1027 1028 1028 1028 1029 1029 1029 1028 1028 1028 1030 1030 1030 1031 1031 1031 1029 1029 1029 1030 1030 1030 1031 1031 1031 1030 1030 1030 1032 1032 1032 1033 1033 1033 1031 1031 1031 1032 1032 1032 1033 1033 1033 1032 1032 1032 1034 1034 1034 1034 1034 1034 1035 1035 1035 1033 1033 1033 1034 1034 1034 1036 1036 1036 1035 1035 1035 1036 1036 1036 1037 1037 1037 1035 1035 1035 1036 1036 1036 1038 1038 1038 1037 1037 1037 1038 1038 1038 1039 1039 1039 1037 1037 1037 1038 1038 1038 1040 1040 1040 1039 1039 1039 1040 1040 1040 1041 1041 1041 1039 1039 1039 1040 1040 1040 1042 1042 1042 1041 1041 1041 1042 1042 1042 1043 1043 1043 1041 1041 1041 1042 1042 1042 1044 1044 1044 1043 1043 1043 1044 1044 1044 1045 1045 1045 1043 1043 1043 1044 1044 1044 1046 1046 1046 1045 1045 1045 1046 1046 1046 1047 1047 1047 1045 1045 1045 1046 1046 1046 1048 1048 1048 1047 1047 1047 1048 1048 1048 1049 1049 1049 1047 1047 1047 1048 1048 1048 1050 1050 1050 1049 1049 1049 1050 1050 1050 1051 1051 1051 1049 1049 1049 1050 1050 1050 1052 1052 1052 1051 1051 1051 1052 1052 1052 1053 1053 1053 1051 1051 1051 1052 1052 1052 1054 1054 1054 1053 1053 1053 1054 1054 1054 1055 1055 1055 1053 1053 1053 1054 1054 1054 1056 1056 1056 1055 1055 1055 1056 1056 1056 1057 1057 1057 1055 1055 1055 1056 1056 1056 1058 1058 1058 1057 1057 1057 1058 1058 1058 1059 1059 1059 1057 1057 1057 1058 1058 1058 1060 1060 1060 1059 1059 1059 1060 1060 1060 1061 1061 1061 1059 1059 1059 1060 1060 1060 1062 1062 1062 1061 1061 1061 1062 1062 1062 1063 1063 1063 1061 1061 1061 1062 1062 1062 1064 1064 1064 1063 1063 1063 1063 1063 1063 1064 1064 1064 1065 1065 1065 1066 1066 1066 1063 1063 1063 1065 1065 1065 1066 1066 1066 1065 1065 1065 1067 1067 1067 1068 1068 1068 1066 1066 1066 1067 1067 1067 1068 1068 1068 1067 1067 1067 1069 1069 1069 1070 1070 1070 1068 1068 1068 1069 1069 1069 1070 1070 1070 1069 1069 1069 1071 1071 1071 1072 1072 1072 1070 1070 1070 1071 1071 1071 1072 1072 1072 1071 1071 1071 1073 1073 1073 1074 1074 1074 1072 1072 1072 1073 1073 1073 1074 1074 1074 1073 1073 1073 1075 1075 1075 1076 1076 1076 1074 1074 1074 1075 1075 1075 1076 1076 1076 1075 1075 1075 1077 1077 1077 1078 1078 1078 1076 1076 1076 1077 1077 1077 1078 1078 1078 1077 1077 1077 1079 1079 1079 1080 1080 1080 1078 1078 1078 1079 1079 1079 1080 1080 1080 1079 1079 1079 1081 1081 1081 1082 1082 1082 1080 1080 1080 1081 1081 1081 1082 1082 1082 1081 1081 1081 1083 1083 1083 1084 1084 1084 1082 1082 1082 1083 1083 1083 1084 1084 1084 1083 1083 1083 1085 1085 1085 1086 1086 1086 1084 1084 1084 1085 1085 1085 1086 1086 1086 1085 1085 1085 1087 1087 1087 1088 1088 1088 1086 1086 1086 1087 1087 1087 1088 1088 1088 1087 1087 1087 1089 1089 1089 1090 1090 1090 1088 1088 1088 1089 1089 1089 1090 1090 1090 1089 1089 1089 1091 1091 1091 1092 1092 1092 1090 1090 1090 1091 1091 1091 1092 1092 1092 1091 1091 1091 1093 1093 1093 1094 1094 1094 1092 1092 1092 1093 1093 1093 1093 1093 1093 1095 1095 1095 1094 1094 1094 1095 1095 1095 1096 1096 1096 1094 1094 1094 1095 1095 1095 1097 1097 1097 1096 1096 1096 1097 1097 1097 1098 1098 1098 1096 1096 1096 1097 1097 1097 1099 1099 1099 1098 1098 1098 1099 1099 1099 1100 1100 1100 1098 1098 1098 1099 1099 1099 1101 1101 1101 1100 1100 1100 1101 1101 1101 1102 1102 1102 1100 1100 1100 1101 1101 1101 1103 1103 1103 1102 1102 1102 1103 1103 1103 1104 1104 1104 1102 1102 1102 1103 1103 1103 1105 1105 1105 1104 1104 1104 1105 1105 1105 1106 1106 1106 1104 1104 1104 1105 1105 1105 1107 1107 1107 1106 1106 1106 1107 1107 1107 1108 1108 1108 1106 1106 1106 1107 1107 1107 1109 1109 1109 1108 1108 1108 1109 1109 1109 1110 1110 1110 1108 1108 1108 1109 1109 1109 1111 1111 1111 1110 1110 1110 1111 1111 1111 1112 1112 1112 1110 1110 1110 1111 1111 1111 1113 1113 1113 1112 1112 1112 1113 1113 1113 1114 1114 1114 1112 1112 1112 1113 1113 1113 1115 1115 1115 1114 1114 1114 1115 1115 1115 1116 1116 1116 1114 1114 1114 1115 1115 1115 1117 1117 1117 1116 1116 1116 1117 1117 1117 1118 1118 1118 1116 1116 1116 1117 1117 1117 1119 1119 1119 1118 1118 1118 1119 1119 1119 1120 1120 1120 1118 1118 1118 1119 1119 1119 1121 1121 1121 1120 1120 1120 1121 1121 1121 1122 1122 1122 1120 1120 1120 1121 1121 1121 1123 1123 1123 1122 1122 1122 1124 1124 1124 1125 1125 1125 1126 1126 1126 1127 1127 1127 1125 1125 1125 1124 1124 1124 1128 1128 1128 1127 1127 1127 1124 1124 1124 1129 1129 1129 1127 1127 1127 1128 1128 1128 1130 1130 1130 1129 1129 1129 1128 1128 1128 1131 1131 1131 1129 1129 1129 1130 1130 1130 1132 1132 1132 1131 1131 1131 1130 1130 1130 1133 1133 1133 1131 1131 1131 1132 1132 1132 1134 1134 1134 1133 1133 1133 1132 1132 1132 1135 1135 1135 1133 1133 1133 1134 1134 1134 1136 1136 1136 1135 1135 1135 1134 1134 1134 1137 1137 1137 1135 1135 1135 1136 1136 1136 1138 1138 1138 1137 1137 1137 1136 1136 1136 1139 1139 1139 1137 1137 1137 1138 1138 1138 1140 1140 1140 1139 1139 1139 1138 1138 1138 1141 1141 1141 1139 1139 1139 1140 1140 1140 1141 1141 1141 1140 1140 1140 1142 1142 1142 1143 1143 1143 1141 1141 1141 1142 1142 1142 1143 1143 1143 1142 1142 1142 1144 1144 1144 1145 1145 1145 1143 1143 1143 1144 1144 1144 1145 1145 1145 1144 1144 1144 1146 1146 1146 1147 1147 1147 1145 1145 1145 1146 1146 1146 1146 1146 1146 1148 1148 1148 1149 1149 1149 1147 1147 1147 1146 1146 1146 1149 1149 1149 1147 1147 1147 1149 1149 1149 1150 1150 1150 1151 1151 1151 1147 1147 1147 1150 1150 1150 1151 1151 1151 1150 1150 1150 1152 1152 1152 1153 1153 1153 1147 1147 1147 1151 1151 1151 1154 1154 1154 1153 1153 1153 1151 1151 1151 1155 1155 1155 1153 1153 1153 1154 1154 1154 1156 1156 1156 1155 1155 1155 1154 1154 1154 1157 1157 1157 1155 1155 1155 1156 1156 1156 1157 1157 1157 1156 1156 1156 1158 1158 1158 1159 1159 1159 1157 1157 1157 1158 1158 1158 1160 1160 1160 1157 1157 1157 1159 1159 1159 1161 1161 1161 1160 1160 1160 1159 1159 1159 1162 1162 1162 1160 1160 1160 1161 1161 1161 1163 1163 1163 1162 1162 1162 1161 1161 1161 1164 1164 1164 1162 1162 1162 1163 1163 1163 1165 1165 1165 1162 1162 1162 1164 1164 1164 1165 1165 1165 1164 1164 1164 1166 1166 1166 1165 1165 1165 1166 1166 1166 1167 1167 1167 1168 1168 1168 1165 1165 1165 1167 1167 1167 1169 1169 1169 1165 1165 1165 1168 1168 1168 1170 1170 1170 1169 1169 1169 1168 1168 1168 1171 1171 1171 1169 1169 1169 1170 1170 1170 1172 1172 1172 1171 1171 1171 1170 1170 1170 1173 1173 1173 1171 1171 1171 1172 1172 1172 1173 1173 1173 1172 1172 1172 1174 1174 1174 1175 1175 1175 1173 1173 1173 1174 1174 1174 1176 1176 1176 1173 1173 1173 1175 1175 1175 1177 1177 1177 1176 1176 1176 1175 1175 1175 1178 1178 1178 1176 1176 1176 1177 1177 1177 1178 1178 1178 1177 1177 1177 1179 1179 1179 1177 1177 1177 1180 1180 1180 1179 1179 1179 1181 1181 1181 1178 1178 1178 1179 1179 1179 1181 1181 1181 1179 1179 1179 1182 1182 1182 1183 1183 1183 1181 1181 1181 1182 1182 1182 1183 1183 1183 1182 1182 1182 1184 1184 1184 1185 1185 1185 1181 1181 1181 1183 1183 1183 1186 1186 1186 1185 1185 1185 1183 1183 1183 1187 1187 1187 1185 1185 1185 1186 1186 1186 1187 1187 1187 1186 1186 1186 1188 1188 1188 1189 1189 1189 1187 1187 1187 1188 1188 1188 1189 1189 1189 1188 1188 1188 1190 1190 1190 1191 1191 1191 1189 1189 1189 1190 1190 1190 1192 1192 1192 1189 1189 1189 1191 1191 1191 1192 1192 1192 1191 1191 1191 1193 1193 1193 1194 1194 1194 1192 1192 1192 1193 1193 1193 1194 1194 1194 1193 1193 1193 1195 1195 1195 1196 1196 1196 1194 1194 1194 1195 1195 1195 1196 1196 1196 1195 1195 1195 1197 1197 1197 1198 1198 1198 1196 1196 1196 1197 1197 1197 1198 1198 1198 1197 1197 1197 1199 1199 1199 1200 1200 1200 1198 1198 1198 1199 1199 1199 1201 1201 1201 1198 1198 1198 1200 1200 1200 1202 1202 1202 1201 1201 1201 1200 1200 1200 1203 1203 1203 1201 1201 1201 1202 1202 1202 1204 1204 1204 1203 1203 1203 1202 1202 1202 1205 1205 1205 1203 1203 1203 1204 1204 1204 1206 1206 1206 1205 1205 1205 1204 1204 1204 1207 1207 1207 1205 1205 1205 1206 1206 1206 1208 1208 1208 1207 1207 1207 1206 1206 1206 1209 1209 1209 1207 1207 1207 1208 1208 1208 1209 1209 1209 1208 1208 1208 1210 1210 1210 1211 1211 1211 1209 1209 1209 1210 1210 1210 1212 1212 1212 1209 1209 1209 1211 1211 1211 1213 1213 1213 1212 1212 1212 1211 1211 1211 1214 1214 1214 1212 1212 1212 1213 1213 1213 1215 1215 1215 1214 1214 1214 1213 1213 1213 1216 1216 1216 1214 1214 1214 1215 1215 1215 1217 1217 1217 1216 1216 1216 1215 1215 1215 1218 1218 1218 1216 1216 1216 1217 1217 1217 1218 1218 1218 1217 1217 1217 1219 1219 1219 1220 1220 1220 1218 1218 1218 1219 1219 1219 1221 1221 1221 1218 1218 1218 1220 1220 1220 1222 1222 1222 1221 1221 1221 1220 1220 1220 1223 1223 1223 1221 1221 1221 1222 1222 1222 1224 1224 1224 1223 1223 1223 1222 1222 1222 1225 1225 1225 1223 1223 1223 1224 1224 1224 1225 1225 1225 1224 1224 1224 1226 1226 1226 1227 1227 1227 1225 1225 1225 1226 1226 1226 1228 1228 1228 1225 1225 1225 1227 1227 1227 1229 1229 1229 1228 1228 1228 1227 1227 1227 1230 1230 1230 1228 1228 1228 1229 1229 1229 1231 1231 1231 1230 1230 1230 1229 1229 1229 1232 1232 1232 1230 1230 1230 1231 1231 1231 1233 1233 1233 1232 1232 1232 1231 1231 1231 1234 1234 1234 1232 1232 1232 1233 1233 1233 1234 1234 1234 1233 1233 1233 1235 1235 1235 1236 1236 1236 1234 1234 1234 1235 1235 1235 1237 1237 1237 1234 1234 1234 1236 1236 1236 1238 1238 1238 1237 1237 1237 1236 1236 1236 1239 1239 1239 1237 1237 1237 1238 1238 1238 1240 1240 1240 1239 1239 1239 1238 1238 1238 1241 1241 1241 1239 1239 1239 1240 1240 1240 1240 1240 1240 1242 1242 1242 1243 1243 1243 1241 1241 1241 1240 1240 1240 1243 1243 1243 1241 1241 1241 1243 1243 1243 1244 1244 1244 1245 1245 1245 1241 1241 1241 1244 1244 1244 1245 1245 1245 1244 1244 1244 1246 1246 1246 1247 1247 1247 1241 1241 1241 1245 1245 1245 1248 1248 1248 1247 1247 1247 1245 1245 1245 1249 1249 1249 1247 1247 1247 1248 1248 1248 1250 1250 1250 1249 1249 1249 1248 1248 1248 1251 1251 1251 1249 1249 1249 1250 1250 1250 1252 1252 1252 1251 1251 1251 1250 1250 1250 1253 1253 1253 1251 1251 1251 1252 1252 1252 1254 1254 1254 1253 1253 1253 1252 1252 1252 1255 1255 1255 1253 1253 1253 1254 1254 1254 1256 1256 1256 1255 1255 1255 1254 1254 1254 1257 1257 1257 1255 1255 1255 1256 1256 1256 1258 1258 1258 1257 1257 1257 1256 1256 1256 1259 1259 1259 1257 1257 1257 1258 1258 1258 1260 1260 1260 1259 1259 1259 1258 1258 1258 1261 1261 1261 1259 1259 1259 1260 1260 1260 1262 1262 1262 1261 1261 1261 1260 1260 1260 1263 1263 1263 1261 1261 1261 1262 1262 1262 1263 1263 1263 1262 1262 1262 1264 1264 1264 1265 1265 1265 1263 1263 1263 1264 1264 1264 1265 1265 1265 1264 1264 1264 1266 1266 1266 1267 1267 1267 1265 1265 1265 1266 1266 1266 1267 1267 1267 1266 1266 1266 1268 1268 1268 1269 1269 1269 1270 1270 1270 1271 1271 1271 1269 1269 1269 1271 1271 1271 1272 1272 1272 1273 1273 1273 1269 1269 1269 1272 1272 1272 1273 1273 1273 1272 1272 1272 1274 1274 1274 1275 1275 1275 1273 1273 1273 1274 1274 1274 1275 1275 1275 1274 1274 1274 1276 1276 1276 1277 1277 1277 1275 1275 1275 1276 1276 1276 1277 1277 1277 1276 1276 1276 1278 1278 1278 1279 1279 1279 1277 1277 1277 1278 1278 1278 1279 1279 1279 1278 1278 1278 1280 1280 1280 1281 1281 1281 1279 1279 1279 1280 1280 1280 1281 1281 1281 1280 1280 1280 1282 1282 1282 1283 1283 1283 1281 1281 1281 1282 1282 1282 1283 1283 1283 1282 1282 1282 1284 1284 1284 1285 1285 1285 1283 1283 1283 1284 1284 1284 1285 1285 1285 1284 1284 1284 1286 1286 1286 1287 1287 1287 1285 1285 1285 1286 1286 1286 1287 1287 1287 1286 1286 1286 1288 1288 1288 1289 1289 1289 1287 1287 1287 1288 1288 1288 1289 1289 1289 1288 1288 1288 1290 1290 1290 1289 1289 1289 1290 1290 1290 1291 1291 1291 1292 1292 1292 1289 1289 1289 1291 1291 1291 1292 1292 1292 1291 1291 1291 1293 1293 1293 1294 1294 1294 1292 1292 1292 1293 1293 1293 1294 1294 1294 1293 1293 1293 1295 1295 1295 1296 1296 1296 1294 1294 1294 1295 1295 1295 1296 1296 1296 1295 1295 1295 1297 1297 1297 1298 1298 1298 1296 1296 1296 1297 1297 1297 1298 1298 1298 1297 1297 1297 1299 1299 1299 1298 1298 1298 1299 1299 1299 1300 1300 1300 1301 1301 1301 1298 1298 1298 1300 1300 1300 1301 1301 1301 1300 1300 1300 1302 1302 1302 1303 1303 1303 1301 1301 1301 1302 1302 1302 1303 1303 1303 1302 1302 1302 1304 1304 1304 1305 1305 1305 1303 1303 1303 1304 1304 1304 1305 1305 1305 1304 1304 1304 1306 1306 1306 1305 1305 1305 1306 1306 1306 1307 1307 1307 1308 1308 1308 1305 1305 1305 1307 1307 1307 1308 1308 1308 1307 1307 1307 1309 1309 1309 1310 1310 1310 1308 1308 1308 1309 1309 1309 1310 1310 1310 1309 1309 1309 1311 1311 1311 1312 1312 1312 1310 1310 1310 1311 1311 1311 1312 1312 1312 1311 1311 1311 1313 1313 1313 1314 1314 1314 1312 1312 1312 1313 1313 1313 1314 1314 1314 1313 1313 1313 1315 1315 1315 1316 1316 1316 1314 1314 1314 1315 1315 1315 1316 1316 1316 1315 1315 1315 1317 1317 1317 1318 1318 1318 1316 1316 1316 1317 1317 1317 1318 1318 1318 1317 1317 1317 1319 1319 1319 1320 1320 1320 1318 1318 1318 1319 1319 1319 1320 1320 1320 1319 1319 1319 1321 1321 1321 1322 1322 1322 1320 1320 1320 1321 1321 1321 1322 1322 1322 1321 1321 1321 1323 1323 1323 1324 1324 1324 1322 1322 1322 1323 1323 1323 1324 1324 1324 1323 1323 1323 1325 1325 1325 1326 1326 1326 1324 1324 1324 1325 1325 1325 1326 1326 1326 1325 1325 1325 1327 1327 1327 1328 1328 1328 1326 1326 1326 1327 1327 1327 1328 1328 1328 1327 1327 1327 1329 1329 1329 1330 1330 1330 1328 1328 1328 1329 1329 1329 1330 1330 1330 1329 1329 1329 1331 1331 1331 1332 1332 1332 1330 1330 1330 1331 1331 1331 1332 1332 1332 1331 1331 1331 1333 1333 1333 1334 1334 1334 1332 1332 1332 1333 1333 1333 1334 1334 1334 1333 1333 1333 1335 1335 1335 1336 1336 1336 1334 1334 1334 1335 1335 1335 1336 1336 1336 1335 1335 1335 1337 1337 1337 1338 1338 1338 1336 1336 1336 1337 1337 1337 1338 1338 1338 1337 1337 1337 1339 1339 1339 1340 1340 1340 1338 1338 1338 1339 1339 1339 1340 1340 1340 1339 1339 1339 1341 1341 1341 1342 1342 1342 1340 1340 1340 1343 1343 1343 1343 1343 1343 1340 1340 1340 1344 1344 1344 1344 1344 1344 1340 1340 1340 1341 1341 1341 1344 1344 1344 1341 1341 1341 1345 1345 1345 1346 1346 1346 1344 1344 1344 1345 1345 1345 1347 1347 1347 1346 1346 1346 1345 1345 1345 1348 1348 1348 1347 1347 1347 1345 1345 1345 1348 1348 1348 1345 1345 1345 1349 1349 1349 1350 1350 1350 1348 1348 1348 1349 1349 1349 1351 1351 1351 1350 1350 1350 1349 1349 1349 1352 1352 1352 1351 1351 1351 1349 1349 1349 1352 1352 1352 1349 1349 1349 1353 1353 1353 1354 1354 1354 1352 1352 1352 1353 1353 1353 1355 1355 1355 1354 1354 1354 1353 1353 1353 1355 1355 1355 1353 1353 1353 1356 1356 1356 1357 1357 1357 1355 1355 1355 1356 1356 1356 1358 1358 1358 1357 1357 1357 1356 1356 1356 1359 1359 1359 1358 1358 1358 1356 1356 1356 1359 1359 1359 1356 1356 1356 1360 1360 1360 1361 1361 1361 1359 1359 1359 1360 1360 1360 1362 1362 1362 1361 1361 1361 1360 1360 1360 1362 1362 1362 1363 1363 1363 1361 1361 1361 1362 1362 1362 1360 1360 1360 1364 1364 1364 1365 1365 1365 1362 1362 1362 1364 1364 1364 1365 1365 1365 1364 1364 1364 1366 1366 1366 1367 1367 1367 1365 1365 1365 1366 1366 1366 1367 1367 1367 1366 1366 1366 1368 1368 1368 1369 1369 1369 1367 1367 1367 1368 1368 1368 1369 1369 1369 1368 1368 1368 1370 1370 1370 1371 1371 1371 1369 1369 1369 1370 1370 1370 1371 1371 1371 1370 1370 1370 1372 1372 1372 1373 1373 1373 1371 1371 1371 1372 1372 1372 1373 1373 1373 1372 1372 1372 1374 1374 1374 1375 1375 1375 1373 1373 1373 1374 1374 1374 1375 1375 1375 1374 1374 1374 1376 1376 1376 1377 1377 1377 1375 1375 1375 1376 1376 1376 1377 1377 1377 1376 1376 1376 1378 1378 1378 1379 1379 1379 1377 1377 1377 1378 1378 1378 1379 1379 1379 1378 1378 1378 1380 1380 1380 1381 1381 1381 1379 1379 1379 1380 1380 1380 1381 1381 1381 1380 1380 1380 1382 1382 1382 1383 1383 1383 1381 1381 1381 1382 1382 1382 1383 1383 1383 1382 1382 1382 1384 1384 1384 1385 1385 1385 1383 1383 1383 1384 1384 1384 1386 1386 1386 1387 1387 1387 1388 1388 1388 1386 1386 1386 1389 1389 1389 1387 1387 1387 1390 1390 1390 1389 1389 1389 1386 1386 1386 1390 1390 1390 1391 1391 1391 1389 1389 1389 1392 1392 1392 1391 1391 1391 1390 1390 1390 1392 1392 1392 1393 1393 1393 1391 1391 1391 1394 1394 1394 1393 1393 1393 1392 1392 1392 1394 1394 1394 1395 1395 1395 1393 1393 1393 1396 1396 1396 1395 1395 1395 1394 1394 1394 1396 1396 1396 1397 1397 1397 1395 1395 1395 1398 1398 1398 1397 1397 1397 1396 1396 1396 1398 1398 1398 1399 1399 1399 1397 1397 1397 1399 1399 1399 1398 1398 1398 1400 1400 1400 1399 1399 1399 1400 1400 1400 1401 1401 1401 1401 1401 1401 1400 1400 1400 1402 1402 1402 1401 1401 1401 1402 1402 1402 1403 1403 1403 1403 1403 1403 1402 1402 1402 1404 1404 1404 1403 1403 1403 1404 1404 1404 1405 1405 1405 1405 1405 1405 1404 1404 1404 1406 1406 1406 1405 1405 1405 1406 1406 1406 1407 1407 1407 1407 1407 1407 1406 1406 1406 1408 1408 1408 1407 1407 1407 1408 1408 1408 1409 1409 1409 1409 1409 1409 1408 1408 1408 1410 1410 1410 1409 1409 1409 1410 1410 1410 1411 1411 1411 1412 1412 1412 1413 1413 1413 1414 1414 1414 1412 1412 1412 1414 1414 1414 1415 1415 1415 1416 1416 1416 1412 1412 1412 1415 1415 1415 1416 1416 1416 1415 1415 1415 1417 1417 1417 1416 1416 1416 1417 1417 1417 1418 1418 1418 1418 1418 1418 1417 1417 1417 1419 1419 1419 1418 1418 1418 1419 1419 1419 1420 1420 1420 1421 1421 1421 1418 1418 1418 1420 1420 1420 1422 1422 1422 1421 1421 1421 1420 1420 1420 1422 1422 1422 1420 1420 1420 1423 1423 1423 1422 1422 1422 1423 1423 1423 1424 1424 1424 1425 1425 1425 1422 1422 1422 1424 1424 1424 1424 1424 1424 1426 1426 1426 1425 1425 1425 1425 1425 1425 1426 1426 1426 1427 1427 1427 1426 1426 1426 1428 1428 1428 1427 1427 1427 1427 1427 1427 1428 1428 1428 1429 1429 1429 1428 1428 1428 1430 1430 1430 1429 1429 1429 1430 1430 1430 1431 1431 1431 1429 1429 1429 1430 1430 1430 1432 1432 1432 1431 1431 1431 1430 1430 1430 1433 1433 1433 1432 1432 1432 1433 1433 1433 1434 1434 1434 1432 1432 1432 1433 1433 1433 1435 1435 1435 1434 1434 1434 1435 1435 1435 1436 1436 1436 1434 1434 1434 1436 1436 1436 1437 1437 1437 1434 1434 1434 1438 1438 1438 1439 1439 1439 1440 1440 1440 1438 1438 1438 1441 1441 1441 1439 1439 1439 1442 1442 1442 1441 1441 1441 1438 1438 1438 1442 1442 1442 1443 1443 1443 1441 1441 1441 1444 1444 1444 1443 1443 1443 1442 1442 1442 1445 1445 1445 1444 1444 1444 1442 1442 1442 1446 1446 1446 1444 1444 1444 1445 1445 1445 1447 1447 1447 1446 1446 1446 1445 1445 1445 1448 1448 1448 1446 1446 1446 1447 1447 1447 1448 1448 1448 1449 1449 1449 1446 1446 1446 1450 1450 1450 1449 1449 1449 1448 1448 1448 1450 1450 1450 1451 1451 1451 1449 1449 1449 1451 1451 1451 1450 1450 1450 1452 1452 1452 1452 1452 1452 1450 1450 1450 1453 1453 1453 1452 1452 1452 1453 1453 1453 1454 1454 1454 1455 1455 1455 1452 1452 1452 1454 1454 1454 1455 1455 1455 1454 1454 1454 1456 1456 1456 1455 1455 1455 1456 1456 1456 1457 1457 1457 1457 1457 1457 1456 1456 1456 1458 1458 1458 1458 1458 1458 1456 1456 1456 1459 1459 1459 1458 1458 1458 1459 1459 1459 1460 1460 1460 1461 1461 1461 1458 1458 1458 1460 1460 1460 1461 1461 1461 1460 1460 1460 1462 1462 1462 1462 1462 1462 1460 1460 1460 1463 1463 1463 1464 1464 1464 1465 1465 1465 1466 1466 1466 1464 1464 1464 1467 1467 1467 1465 1465 1465 1464 1464 1464 1468 1468 1468 1467 1467 1467 1468 1468 1468 1469 1469 1469 1467 1467 1467 1468 1468 1468 1470 1470 1470 1469 1469 1469 1471 1471 1471 1470 1470 1470 1468 1468 1468 1471 1471 1471 1472 1472 1472 1470 1470 1470 1472 1472 1472 1473 1473 1473 1470 1470 1470 1472 1472 1472 1474 1474 1474 1473 1473 1473 1475 1475 1475 1474 1474 1474 1472 1472 1472 1475 1475 1475 1476 1476 1476 1474 1474 1474 1477 1477 1477 1476 1476 1476 1475 1475 1475 1476 1476 1476 1477 1477 1477 1478 1478 1478 1476 1476 1476 1478 1478 1478 1479 1479 1479 1479 1479 1479 1478 1478 1478 1480 1480 1480 1479 1479 1479 1480 1480 1480 1481 1481 1481 1481 1481 1481 1480 1480 1480 1482 1482 1482 1480 1480 1480 1483 1483 1483 1482 1482 1482 1482 1482 1482 1483 1483 1483 1484 1484 1484 1482 1482 1482 1484 1484 1484 1485 1485 1485 1485 1485 1485 1484 1484 1484 1486 1486 1486 1484 1484 1484 1487 1487 1487 1486 1486 1486 1486 1486 1486 1487 1487 1487 1488 1488 1488 1487 1487 1487 1489 1489 1489 1488 1488 1488 1490 1490 1490 1491 1491 1491 1492 1492 1492 1490 1490 1490 1492 1492 1492 1493 1493 1493 1494 1494 1494 1490 1490 1490 1493 1493 1493 1494 1494 1494 1493 1493 1493 1495 1495 1495 1496 1496 1496 1494 1494 1494 1495 1495 1495 1496 1496 1496 1495 1495 1495 1497 1497 1497 1498 1498 1498 1496 1496 1496 1497 1497 1497 1498 1498 1498 1497 1497 1497 1499 1499 1499 1500 1500 1500 1498 1498 1498 1499 1499 1499 1500 1500 1500 1499 1499 1499 1501 1501 1501 1502 1502 1502 1500 1500 1500 1501 1501 1501 1502 1502 1502 1501 1501 1501 1503 1503 1503 1504 1504 1504 1502 1502 1502 1503 1503 1503 1504 1504 1504 1503 1503 1503 1505 1505 1505 1506 1506 1506 1507 1507 1507 1508 1508 1508 1509 1509 1509 1507 1507 1507 1506 1506 1506 1509 1509 1509 1510 1510 1510 1507 1507 1507 1511 1511 1511 1510 1510 1510 1509 1509 1509 1512 1512 1512 1510 1510 1510 1511 1511 1511 1512 1512 1512 1513 1513 1513 1510 1510 1510 1514 1514 1514 1515 1515 1515 1516 1516 1516 1514 1514 1514 1516 1516 1516 1517 1517 1517 1518 1518 1518 1514 1514 1514 1517 1517 1517 1518 1518 1518 1517 1517 1517 1519 1519 1519 1520 1520 1520 1518 1518 1518 1519 1519 1519 1520 1520 1520 1519 1519 1519 1521 1521 1521 1522 1522 1522 1520 1520 1520 1521 1521 1521 1522 1522 1522 1521 1521 1521 1523 1523 1523 1524 1524 1524 1522 1522 1522 1523 1523 1523 1525 1525 1525 1522 1522 1522 1524 1524 1524 1526 1526 1526 1525 1525 1525 1524 1524 1524 1527 1527 1527 1525 1525 1525 1526 1526 1526 1528 1528 1528 1527 1527 1527 1526 1526 1526 1529 1529 1529 1527 1527 1527 1528 1528 1528 1530 1530 1530 1529 1529 1529 1528 1528 1528 1530 1530 1530 1531 1531 1531 1529 1529 1529 1532 1532 1532 1531 1531 1531 1530 1530 1530 1532 1532 1532 1533 1533 1533 1531 1531 1531 1534 1534 1534 1533 1533 1533 1532 1532 1532 1534 1534 1534 1535 1535 1535 1533 1533 1533 1536 1536 1536 1535 1535 1535 1534 1534 1534 1536 1536 1536 1537 1537 1537 1535 1535 1535 1538 1538 1538 1537 1537 1537 1536 1536 1536 1538 1538 1538 1539 1539 1539 1537 1537 1537 1540 1540 1540 1539 1539 1539 1538 1538 1538 1540 1540 1540 1541 1541 1541 1539 1539 1539 1542 1542 1542 1541 1541 1541 1540 1540 1540 1542 1542 1542 1543 1543 1543 1541 1541 1541 1544 1544 1544 1543 1543 1543 1542 1542 1542 1544 1544 1544 1545 1545 1545 1543 1543 1543 1546 1546 1546 1545 1545 1545 1544 1544 1544 1547 1547 1547 1546 1546 1546 1544 1544 1544 1548 1548 1548 1546 1546 1546 1547 1547 1547 1549 1549 1549 1548 1548 1548 1547 1547 1547 1550 1550 1550 1548 1548 1548 1549 1549 1549 1551 1551 1551 1550 1550 1550 1549 1549 1549 1552 1552 1552 1550 1550 1550 1551 1551 1551 1553 1553 1553 1552 1552 1552 1551 1551 1551 1554 1554 1554 1552 1552 1552 1553 1553 1553 1555 1555 1555 1554 1554 1554 1553 1553 1553 1556 1556 1556 1554 1554 1554 1555 1555 1555 1557 1557 1557 1556 1556 1556 1555 1555 1555 1558 1558 1558 1556 1556 1556 1557 1557 1557 1559 1559 1559 1558 1558 1558 1557 1557 1557 1560 1560 1560 1558 1558 1558 1559 1559 1559 1561 1561 1561 1560 1560 1560 1559 1559 1559 1561 1561 1561 1562 1562 1562 1560 1560 1560 1563 1563 1563 1562 1562 1562 1561 1561 1561 1563 1563 1563 1564 1564 1564 1562 1562 1562 1565 1565 1565 1564 1564 1564 1563 1563 1563 1565 1565 1565 1566 1566 1566 1564 1564 1564 1567 1567 1567 1566 1566 1566 1565 1565 1565 1567 1567 1567 1568 1568 1568 1566 1566 1566 1569 1569 1569 1568 1568 1568 1567 1567 1567 1569 1569 1569 1570 1570 1570 1568 1568 1568 1569 1569 1569 1571 1571 1571 1570 1570 1570 1571 1571 1571 1572 1572 1572 1570 1570 1570 1571 1571 1571 1573 1573 1573 1572 1572 1572 1573 1573 1573 1574 1574 1574 1572 1572 1572 1573 1573 1573 1575 1575 1575 1574 1574 1574 1575 1575 1575 1576 1576 1576 1574 1574 1574 1575 1575 1575 1577 1577 1577 1576 1576 1576 1577 1577 1577 1578 1578 1578 1576 1576 1576 1577 1577 1577 1579 1579 1579 1578 1578 1578 1579 1579 1579 1580 1580 1580 1578 1578 1578 1579 1579 1579 1581 1581 1581 1580 1580 1580 1581 1581 1581 1582 1582 1582 1580 1580 1580 1581 1581 1581 1583 1583 1583 1582 1582 1582 1583 1583 1583 1584 1584 1584 1582 1582 1582 1585 1585 1585 1584 1584 1584 1583 1583 1583 1586 1586 1586 1584 1584 1584 1585 1585 1585 1586 1586 1586 1587 1587 1587 1584 1584 1584 1587 1587 1587 1588 1588 1588 1584 1584 1584 1587 1587 1587 1589 1589 1589 1588 1588 1588 1587 1587 1587 1590 1590 1590 1589 1589 1589 1591 1591 1591 1592 1592 1592 1593 1593 1593 1591 1591 1591 1593 1593 1593 1594 1594 1594 1595 1595 1595 1591 1591 1591 1594 1594 1594 1595 1595 1595 1594 1594 1594 1596 1596 1596 1595 1595 1595 1596 1596 1596 1597 1597 1597 1596 1596 1596 1598 1598 1598 1597 1597 1597 1597 1597 1597 1598 1598 1598 1599 1599 1599 1598 1598 1598 1600 1600 1600 1599 1599 1599 1598 1598 1598 1601 1601 1601 1600 1600 1600 1601 1601 1601 1602 1602 1602 1600 1600 1600 1600 1600 1600 1602 1602 1602 1603 1603 1603 1604 1604 1604 1605 1605 1605 1606 1606 1606 1607 1607 1607 1605 1605 1605 1604 1604 1604 1605 1605 1605 1607 1607 1607 1608 1608 1608 1608 1608 1608 1607 1607 1607 1609 1609 1609 1608 1608 1608 1609 1609 1609 1610 1610 1610 1610 1610 1610 1609 1609 1609 1611 1611 1611 1612 1612 1612 1613 1613 1613 1614 1614 1614 1613 1613 1613 1615 1615 1615 1614 1614 1614 1613 1613 1613 1616 1616 1616 1615 1615 1615 1615 1615 1615 1616 1616 1616 1617 1617 1617 1617 1617 1617 1616 1616 1616 1618 1618 1618 1616 1616 1616 1619 1619 1619 1618 1618 1618 1620 1620 1620 1621 1621 1621 1622 1622 1622 1620 1620 1620 1623 1623 1623 1621 1621 1621 1624 1624 1624 1623 1623 1623 1620 1620 1620 1624 1624 1624 1625 1625 1625 1623 1623 1623 1625 1625 1625 1624 1624 1624 1626 1626 1626 1625 1625 1625 1626 1626 1626 1627 1627 1627 1628 1628 1628 1629 1629 1629 1630 1630 1630 1628 1628 1628 1631 1631 1631 1629 1629 1629 1631 1631 1631 1632 1632 1632 1629 1629 1629 1631 1631 1631 1633 1633 1633 1632 1632 1632 1633 1633 1633 1634 1634 1634 1632 1632 1632 1633 1633 1633 1635 1635 1635 1634 1634 1634 1635 1635 1635 1636 1636 1636 1634 1634 1634 1635 1635 1635 1637 1637 1637 1636 1636 1636 1637 1637 1637 1638 1638 1638 1636 1636 1636 1637 1637 1637 1639 1639 1639 1638 1638 1638 1639 1639 1639 1640 1640 1640 1638 1638 1638 1639 1639 1639 1641 1641 1641 1640 1640 1640 1641 1641 1641 1642 1642 1642 1640 1640 1640 1641 1641 1641 1643 1643 1643 1642 1642 1642 1643 1643 1643 1644 1644 1644 1642 1642 1642 1643 1643 1643 1645 1645 1645 1644 1644 1644 1645 1645 1645 1646 1646 1646 1644 1644 1644 1645 1645 1645 1647 1647 1647 1646 1646 1646 1647 1647 1647 1648 1648 1648 1646 1646 1646 1647 1647 1647 1649 1649 1649 1648 1648 1648 1649 1649 1649 1650 1650 1650 1648 1648 1648 1650 1650 1650 1651 1651 1651 1648 1648 1648 1650 1650 1650 1652 1652 1652 1651 1651 1651 1652 1652 1652 1653 1653 1653 1651 1651 1651 1652 1652 1652 1654 1654 1654 1653 1653 1653 1654 1654 1654 1655 1655 1655 1653 1653 1653 1654 1654 1654 1656 1656 1656 1655 1655 1655 1654 1654 1654 1657 1657 1657 1656 1656 1656 1657 1657 1657 1658 1658 1658 1656 1656 1656 1657 1657 1657 1659 1659 1659 1658 1658 1658 1659 1659 1659 1660 1660 1660 1658 1658 1658 1659 1659 1659 1661 1661 1661 1660 1660 1660 1661 1661 1661 1662 1662 1662 1660 1660 1660 1662 1662 1662 1663 1663 1663 1660 1660 1660 1662 1662 1662 1664 1664 1664 1663 1663 1663 1662 1662 1662 1665 1665 1665 1664 1664 1664 1665 1665 1665 1666 1666 1666 1664 1664 1664 1666 1666 1666 1667 1667 1667 1664 1664 1664 1666 1666 1666 1668 1668 1668 1667 1667 1667 1666 1666 1666 1669 1669 1669 1668 1668 1668 1669 1669 1669 1670 1670 1670 1668 1668 1668 1670 1670 1670 1671 1671 1671 1668 1668 1668 1670 1670 1670 1672 1672 1672 1671 1671 1671 1670 1670 1670 1673 1673 1673 1672 1672 1672 1674 1674 1674 1675 1675 1675 1676 1676 1676 1677 1677 1677 1675 1675 1675 1674 1674 1674 1677 1677 1677 1678 1678 1678 1675 1675 1675 1679 1679 1679 1678 1678 1678 1677 1677 1677 1679 1679 1679 1680 1680 1680 1678 1678 1678 1681 1681 1681 1680 1680 1680 1679 1679 1679 1681 1681 1681 1682 1682 1682 1680 1680 1680 1683 1683 1683 1682 1682 1682 1681 1681 1681 1683 1683 1683 1684 1684 1684 1682 1682 1682 1685 1685 1685 1684 1684 1684 1683 1683 1683 1685 1685 1685 1686 1686 1686 1684 1684 1684 1687 1687 1687 1686 1686 1686 1685 1685 1685 1688 1688 1688 1686 1686 1686 1687 1687 1687 1688 1688 1688 1689 1689 1689 1686 1686 1686 1690 1690 1690 1691 1691 1691 1692 1692 1692 1693 1693 1693 1690 1690 1690 1692 1692 1692 1694 1694 1694 1693 1693 1693 1692 1692 1692 1694 1694 1694 1692 1692 1692 1695 1695 1695 1696 1696 1696 1694 1694 1694 1695 1695 1695 1696 1696 1696 1695 1695 1695 1697 1697 1697 1698 1698 1698 1696 1696 1696 1697 1697 1697 1698 1698 1698 1697 1697 1697 1699 1699 1699 1698 1698 1698 1699 1699 1699 1700 1700 1700 1701 1701 1701 1698 1698 1698 1700 1700 1700 1702 1702 1702 1703 1703 1703 1704 1704 1704 1704 1704 1704 1703 1703 1703 1705 1705 1705 1704 1704 1704 1705 1705 1705 1706 1706 1706 1704 1704 1704 1706 1706 1706 1707 1707 1707 1707 1707 1707 1706 1706 1706 1708 1708 1708 1707 1707 1707 1708 1708 1708 1709 1709 1709 1709 1709 1709 1708 1708 1708 1710 1710 1710 1710 1710 1710 1708 1708 1708 1711 1711 1711 1710 1710 1710 1711 1711 1711 1712 1712 1712 1710 1710 1710 1712 1712 1712 1713 1713 1713 1713 1713 1713 1712 1712 1712 1714 1714 1714 1714 1714 1714 1712 1712 1712 1715 1715 1715 1714 1714 1714 1715 1715 1715 1716 1716 1716 1716 1716 1716 1715 1715 1715 1717 1717 1717 1716 1716 1716 1717 1717 1717 1718 1718 1718 1718 1718 1718 1717 1717 1717 1719 1719 1719 1718 1718 1718 1719 1719 1719 1720 1720 1720 1720 1720 1720 1719 1719 1719 1721 1721 1721 1720 1720 1720 1721 1721 1721 1722 1722 1722 1722 1722 1722 1721 1721 1721 1723 1723 1723 1722 1722 1722 1723 1723 1723 1724 1724 1724 1724 1724 1724 1723 1723 1723 1725 1725 1725 1724 1724 1724 1725 1725 1725 1726 1726 1726 1726 1726 1726 1725 1725 1725 1727 1727 1727 1726 1726 1726 1727 1727 1727 1728 1728 1728 1728 1728 1728 1727 1727 1727 1729 1729 1729 1728 1728 1728 1729 1729 1729 1730 1730 1730 1728 1728 1728 1730 1730 1730 1731 1731 1731 1731 1731 1731 1730 1730 1730 1732 1732 1732 1731 1731 1731 1732 1732 1732 1733 1733 1733 1733 1733 1733 1732 1732 1732 1734 1734 1734 1733 1733 1733 1734 1734 1734 1735 1735 1735 1735 1735 1735 1734 1734 1734 1736 1736 1736 1735 1735 1735 1736 1736 1736 1737 1737 1737 1737 1737 1737 1736 1736 1736 1738 1738 1738 1737 1737 1737 1738 1738 1738 1739 1739 1739 1739 1739 1739 1738 1738 1738 1740 1740 1740 1739 1739 1739 1740 1740 1740 1741 1741 1741 1741 1741 1741 1740 1740 1740 1742 1742 1742 1742 1742 1742 1740 1740 1740 1743 1743 1743 1742 1742 1742 1743 1743 1743 1744 1744 1744 1742 1742 1742 1744 1744 1744 1745 1745 1745 1745 1745 1745 1744 1744 1744 1746 1746 1746 1746 1746 1746 1744 1744 1744 1747 1747 1747 1746 1746 1746 1747 1747 1747 1748 1748 1748 1746 1746 1746 1748 1748 1748 1749 1749 1749 1749 1749 1749 1748 1748 1748 1750 1750 1750 1749 1749 1749 1750 1750 1750 1751 1751 1751 1751 1751 1751 1750 1750 1750 1752 1752 1752 1751 1751 1751 1752 1752 1752 1753 1753 1753 1753 1753 1753 1752 1752 1752 1754 1754 1754 1754 1754 1754 1752 1752 1752 1755 1755 1755 1756 1756 1756 1757 1757 1757 1758 1758 1758 1759 1759 1759 1757 1757 1757 1756 1756 1756 1759 1759 1759 1760 1760 1760 1757 1757 1757 1760 1760 1760 1761 1761 1761 1757 1757 1757 1762 1762 1762 1760 1760 1760 1759 1759 1759 1762 1762 1762 1763 1763 1763 1760 1760 1760 1764 1764 1764 1763 1763 1763 1762 1762 1762 1764 1764 1764 1765 1765 1765 1763 1763 1763 1766 1766 1766 1765 1765 1765 1764 1764 1764 1766 1766 1766 1767 1767 1767 1765 1765 1765 1768 1768 1768 1767 1767 1767 1766 1766 1766 1768 1768 1768 1769 1769 1769 1767 1767 1767 1768 1768 1768 1770 1770 1770 1769 1769 1769 1771 1771 1771 1770 1770 1770 1768 1768 1768 1771 1771 1771 1772 1772 1772 1770 1770 1770 1773 1773 1773 1772 1772 1772 1771 1771 1771 1773 1773 1773 1774 1774 1774 1772 1772 1772 1775 1775 1775 1774 1774 1774 1773 1773 1773 1775 1775 1775 1776 1776 1776 1774 1774 1774 1777 1777 1777 1776 1776 1776 1775 1775 1775 1777 1777 1777 1778 1778 1778 1776 1776 1776 1777 1777 1777 1779 1779 1779 1778 1778 1778 1780 1780 1780 1779 1779 1779 1777 1777 1777 1780 1780 1780 1781 1781 1781 1779 1779 1779 1782 1782 1782 1781 1781 1781 1780 1780 1780 1782 1782 1782 1783 1783 1783 1781 1781 1781 1784 1784 1784 1783 1783 1783 1782 1782 1782 1784 1784 1784 1785 1785 1785 1783 1783 1783 1784 1784 1784 1786 1786 1786 1785 1785 1785 1786 1786 1786 1787 1787 1787 1785 1785 1785 1788 1788 1788 1786 1786 1786 1784 1784 1784 1788 1788 1788 1789 1789 1789 1786 1786 1786 1788 1788 1788 1790 1790 1790 1789 1789 1789 1791 1791 1791 1790 1790 1790 1788 1788 1788 1791 1791 1791 1792 1792 1792 1790 1790 1790 1793 1793 1793 1792 1792 1792 1791 1791 1791 1793 1793 1793 1794 1794 1794 1792 1792 1792 1795 1795 1795 1794 1794 1794 1793 1793 1793 1795 1795 1795 1796 1796 1796 1794 1794 1794 1797 1797 1797 1796 1796 1796 1795 1795 1795 1797 1797 1797 1798 1798 1798 1796 1796 1796 1799 1799 1799 1798 1798 1798 1797 1797 1797 1799 1799 1799 1800 1800 1800 1798 1798 1798 1799 1799 1799 1801 1801 1801 1800 1800 1800 1802 1802 1802 1801 1801 1801 1799 1799 1799 1801 1801 1801 1803 1803 1803 1800 1800 1800 1804 1804 1804 1805 1805 1805 1806 1806 1806 1807 1807 1807 1804 1804 1804 1806 1806 1806 1808 1808 1808 1807 1807 1807 1806 1806 1806 1809 1809 1809 1808 1808 1808 1806 1806 1806 1809 1809 1809 1810 1810 1810 1808 1808 1808 1811 1811 1811 1810 1810 1810 1809 1809 1809 1812 1812 1812 1811 1811 1811 1809 1809 1809 1813 1813 1813 1812 1812 1812 1809 1809 1809 1814 1814 1814 1813 1813 1813 1809 1809 1809 1814 1814 1814 1815 1815 1815 1813 1813 1813 1814 1814 1814 1816 1816 1816 1815 1815 1815 1814 1814 1814 1817 1817 1817 1816 1816 1816 1814 1814 1814 1809 1809 1809 1818 1818 1818 1814 1814 1814 1819 1819 1819 1817 1817 1817 1820 1820 1820 1814 1814 1814 1818 1818 1818 1814 1814 1814 1821 1821 1821 1819 1819 1819 1820 1820 1820 1818 1818 1818 1822 1822 1822 1821 1821 1821 1823 1823 1823 1819 1819 1819 1824 1824 1824 1820 1820 1820 1822 1822 1822 1821 1821 1821 1825 1825 1825 1823 1823 1823 1821 1821 1821 1826 1826 1826 1825 1825 1825 1824 1824 1824 1822 1822 1822 1827 1827 1827 1828 1828 1828 1824 1824 1824 1827 1827 1827 1829 1829 1829 1828 1828 1828 1827 1827 1827 1829 1829 1829 1827 1827 1827 1830 1830 1830 1831 1831 1831 1828 1828 1828 1829 1829 1829 1831 1831 1831 1829 1829 1829 1832 1832 1832 1833 1833 1833 1831 1831 1831 1832 1832 1832 1833 1833 1833 1832 1832 1832 1834 1834 1834 1835 1835 1835 1833 1833 1833 1834 1834 1834 1835 1835 1835 1834 1834 1834 1836 1836 1836 1837 1837 1837 1835 1835 1835 1836 1836 1836 1837 1837 1837 1836 1836 1836 1838 1838 1838 1839 1839 1839 1837 1837 1837 1838 1838 1838 1839 1839 1839 1838 1838 1838 1840 1840 1840 1841 1841 1841 1839 1839 1839 1840 1840 1840 1841 1841 1841 1840 1840 1840 1842 1842 1842 1843 1843 1843 1841 1841 1841 1842 1842 1842 1843 1843 1843 1842 1842 1842 1844 1844 1844 1844 1844 1844 1842 1842 1842 1845 1845 1845 1846 1846 1846 1843 1843 1843 1844 1844 1844 1846 1846 1846 1844 1844 1844 1847 1847 1847 1848 1848 1848 1846 1846 1846 1847 1847 1847 1848 1848 1848 1847 1847 1847 1849 1849 1849 1850 1850 1850 1848 1848 1848 1849 1849 1849 1850 1850 1850 1849 1849 1849 1851 1851 1851 1852 1852 1852 1850 1850 1850 1851 1851 1851 1852 1852 1852 1851 1851 1851 1853 1853 1853 1854 1854 1854 1852 1852 1852 1853 1853 1853 1855 1855 1855 1852 1852 1852 1854 1854 1854 1854 1854 1854 1853 1853 1853 1856 1856 1856 1856 1856 1856 1853 1853 1853 1857 1857 1857 1855 1855 1855 1854 1854 1854 1858 1858 1858 1857 1857 1857 1853 1853 1853 1859 1859 1859 1855 1855 1855 1858 1858 1858 1860 1860 1860 1859 1859 1859 1853 1853 1853 1861 1861 1861 1855 1855 1855 1860 1860 1860 1862 1862 1862 1863 1863 1863 1859 1859 1859 1861 1861 1861 1864 1864 1864 1855 1855 1855 1862 1862 1862 1865 1865 1865 1863 1863 1863 1861 1861 1861 1866 1866 1866 1855 1855 1855 1864 1864 1864 1867 1867 1867 1865 1865 1865 1861 1861 1861 1868 1868 1868 1855 1855 1855 1866 1866 1866 1869 1869 1869 1867 1867 1867 1861 1861 1861 1870 1870 1870 1855 1855 1855 1868 1868 1868 1871 1871 1871 1869 1869 1869 1861 1861 1861 1872 1872 1872 1871 1871 1871 1861 1861 1861 1870 1870 1870 1868 1868 1868 1873 1873 1873 1874 1874 1874 1872 1872 1872 1861 1861 1861 1870 1870 1870 1873 1873 1873 1875 1875 1875 1876 1876 1876 1872 1872 1872 1874 1874 1874 1870 1870 1870 1875 1875 1875 1877 1877 1877 1878 1878 1878 1876 1876 1876 1874 1874 1874 1870 1870 1870 1877 1877 1877 1879 1879 1879 1880 1880 1880 1878 1878 1878 1874 1874 1874 1870 1870 1870 1879 1879 1879 1881 1881 1881 1882 1882 1882 1880 1880 1880 1874 1874 1874 1870 1870 1870 1881 1881 1881 1883 1883 1883 1884 1884 1884 1870 1870 1870 1883 1883 1883 1884 1884 1884 1883 1883 1883 1885 1885 1885 1885 1885 1885 1882 1882 1882 1874 1874 1874 1885 1885 1885 1883 1883 1883 1886 1886 1886 1885 1885 1885 1887 1887 1887 1882 1882 1882 1885 1885 1885 1886 1886 1886 1887 1887 1887 1885 1885 1885 1874 1874 1874 1888 1888 1888 1889 1889 1889 1885 1885 1885 1888 1888 1888 1890 1890 1890 1889 1889 1889 1888 1888 1888 1890 1890 1890 1888 1888 1888 1891 1891 1891 1892 1892 1892 1890 1890 1890 1891 1891 1891 1892 1892 1892 1891 1891 1891 1893 1893 1893 1894 1894 1894 1892 1892 1892 1893 1893 1893 1894 1894 1894 1895 1895 1895 1892 1892 1892 1894 1894 1894 1893 1893 1893 1896 1896 1896 1897 1897 1897 1894 1894 1894 1896 1896 1896 1897 1897 1897 1896 1896 1896 1898 1898 1898 1899 1899 1899 1897 1897 1897 1898 1898 1898 1899 1899 1899 1898 1898 1898 1900 1900 1900 1901 1901 1901 1899 1899 1899 1900 1900 1900 1901 1901 1901 1900 1900 1900 1902 1902 1902 1903 1903 1903 1901 1901 1901 1902 1902 1902 1903 1903 1903 1902 1902 1902 1904 1904 1904 1905 1905 1905 1903 1903 1903 1904 1904 1904 1905 1905 1905 1904 1904 1904 1906 1906 1906 1907 1907 1907 1905 1905 1905 1906 1906 1906 1907 1907 1907 1906 1906 1906 1908 1908 1908 1909 1909 1909 1907 1907 1907 1908 1908 1908 1909 1909 1909 1908 1908 1908 1910 1910 1910 1911 1911 1911 1909 1909 1909 1910 1910 1910 1912 1912 1912 1910 1910 1910 1913 1913 1913 1914 1914 1914 1910 1910 1910 1912 1912 1912 1915 1915 1915 1913 1913 1913 1910 1910 1910 1916 1916 1916 1910 1910 1910 1914 1914 1914 1911 1911 1911 1910 1910 1910 1916 1916 1916 1915 1915 1915 1910 1910 1910 1917 1917 1917 1918 1918 1918 1911 1911 1911 1916 1916 1916 1919 1919 1919 1915 1915 1915 1917 1917 1917 1920 1920 1920 1911 1911 1911 1918 1918 1918 1921 1921 1921 1919 1919 1919 1917 1917 1917 1922 1922 1922 1911 1911 1911 1920 1920 1920 1923 1923 1923 1921 1921 1921 1917 1917 1917 1924 1924 1924 1911 1911 1911 1922 1922 1922 1925 1925 1925 1923 1923 1923 1917 1917 1917 1926 1926 1926 1911 1911 1911 1924 1924 1924 1927 1927 1927 1925 1925 1925 1917 1917 1917 1928 1928 1928 1927 1927 1927 1917 1917 1917 1929 1929 1929 1928 1928 1928 1917 1917 1917 1930 1930 1930 1911 1911 1911 1926 1926 1926 1931 1931 1931 1929 1929 1929 1917 1917 1917 1930 1930 1930 1926 1926 1926 1932 1932 1932 1931 1931 1931 1933 1933 1933 1929 1929 1929 1930 1930 1930 1932 1932 1932 1934 1934 1934 1935 1935 1935 1933 1933 1933 1931 1931 1931 1930 1930 1930 1934 1934 1934 1936 1936 1936 1937 1937 1937 1935 1935 1935 1931 1931 1931 1930 1930 1930 1936 1936 1936 1938 1938 1938 1939 1939 1939 1937 1937 1937 1931 1931 1931 1930 1930 1930 1938 1938 1938 1940 1940 1940 1930 1930 1930 1940 1940 1940 1941 1941 1941 1930 1930 1930 1941 1941 1941 1942 1942 1942 1943 1943 1943 1930 1930 1930 1942 1942 1942 1943 1943 1943 1939 1939 1939 1931 1931 1931 1943 1943 1943 1942 1942 1942 1944 1944 1944 1943 1943 1943 1945 1945 1945 1939 1939 1939 1943 1943 1943 1944 1944 1944 1946 1946 1946 1943 1943 1943 1947 1947 1947 1945 1945 1945 1943 1943 1943 1946 1946 1946 1947 1947 1947 1943 1943 1943 1931 1931 1931 1948 1948 1948 1949 1949 1949 1943 1943 1943 1948 1948 1948 1949 1949 1949 1948 1948 1948 1950 1950 1950 1951 1951 1951 1949 1949 1949 1950 1950 1950 1951 1951 1951 1950 1950 1950 1952 1952 1952 1953 1953 1953 1951 1951 1951 1952 1952 1952 1953 1953 1953 1952 1952 1952 1954 1954 1954 1955 1955 1955 1953 1953 1953 1954 1954 1954 1955 1955 1955 1954 1954 1954 1956 1956 1956 1957 1957 1957 1955 1955 1955 1956 1956 1956 1957 1957 1957 1956 1956 1956 1958 1958 1958 1959 1959 1959 1957 1957 1957 1958 1958 1958 1959 1959 1959 1958 1958 1958 1960 1960 1960 1961 1961 1961 1959 1959 1959 1960 1960 1960 1961 1961 1961 1960 1960 1960 1962 1962 1962 1963 1963 1963 1961 1961 1961 1962 1962 1962 1964 1964 1964 1963 1963 1963 1962 1962 1962 1965 1965 1965 1963 1963 1963 1964 1964 1964 1964 1964 1964 1962 1962 1962 1966 1966 1966 1967 1967 1967 1964 1964 1964 1966 1966 1966 1967 1967 1967 1966 1966 1966 1968 1968 1968 1969 1969 1969 1967 1967 1967 1968 1968 1968 1969 1969 1969 1968 1968 1968 1970 1970 1970 1971 1971 1971 1969 1969 1969 1970 1970 1970 1972 1972 1972 1971 1971 1971 1970 1970 1970 1972 1972 1972 1970 1970 1970 1973 1973 1973 1974 1974 1974 1971 1971 1971 1972 1972 1972 1973 1973 1973 1970 1970 1970 1975 1975 1975 1976 1976 1976 1971 1971 1971 1974 1974 1974 1975 1975 1975 1970 1970 1970 1977 1977 1977 1978 1978 1978 1971 1971 1971 1976 1976 1976 1978 1978 1978 1979 1979 1979 1971 1971 1971 1980 1980 1980 1975 1975 1975 1977 1977 1977 1981 1981 1981 1979 1979 1979 1978 1978 1978 1982 1982 1982 1980 1980 1980 1977 1977 1977 1981 1981 1981 1978 1978 1978 1983 1983 1983 1984 1984 1984 1982 1982 1982 1977 1977 1977 1981 1981 1981 1983 1983 1983 1985 1985 1985 1986 1986 1986 1984 1984 1984 1977 1977 1977 1981 1981 1981 1985 1985 1985 1987 1987 1987 1988 1988 1988 1986 1986 1986 1977 1977 1977 1981 1981 1981 1987 1987 1987 1989 1989 1989 1990 1990 1990 1988 1988 1988 1977 1977 1977 1981 1981 1981 1989 1989 1989 1991 1991 1991 1992 1992 1992 1990 1990 1990 1977 1977 1977 1993 1993 1993 1981 1981 1981 1991 1991 1991 1994 1994 1994 1981 1981 1981 1993 1993 1993 1995 1995 1995 1992 1992 1992 1977 1977 1977 1996 1996 1996 1981 1981 1981 1994 1994 1994 1997 1997 1997 1992 1992 1992 1995 1995 1995 1996 1996 1996 1994 1994 1994 1998 1998 1998 1999 1999 1999 1997 1997 1997 1995 1995 1995 1996 1996 1996 1998 1998 1998 2000 2000 2000 2001 2001 2001 1999 1999 1999 1995 1995 1995 1996 1996 1996 2000 2000 2000 2002 2002 2002 2003 2003 2003 2001 2001 2001 1995 1995 1995 1996 1996 1996 2002 2002 2002 2004 2004 2004 1996 1996 1996 2004 2004 2004 2005 2005 2005 1996 1996 1996 2005 2005 2005 2006 2006 2006 2007 2007 2007 1996 1996 1996 2006 2006 2006 2007 2007 2007 2006 2006 2006 2008 2008 2008 2009 2009 2009 2003 2003 2003 1995 1995 1995 2007 2007 2007 2008 2008 2008 2009 2009 2009 2010 2010 2010 1995 1995 1995 2011 2011 2011 2012 2012 2012 1995 1995 1995 2010 2010 2010 2013 2013 2013 1995 1995 1995 2012 2012 2012 2013 2013 2013 2009 2009 2009 1995 1995 1995 2007 2007 2007 2009 2009 2009 2013 2013 2013 2007 2007 2007 2013 2013 2013 2014 2014 2014 2015 2015 2015 2007 2007 2007 2014 2014 2014 2016 2016 2016 2007 2007 2007 2015 2015 2015 2016 2016 2016 2015 2015 2015 2017 2017 2017 2018 2018 2018 2016 2016 2016 2017 2017 2017 2019 2019 2019 2016 2016 2016 2018 2018 2018 2020 2020 2020 2021 2021 2021 2022 2022 2022 2020 2020 2020 2022 2022 2022 2023 2023 2023 2020 2020 2020 2023 2023 2023 2024 2024 2024 2025 2025 2025 2020 2020 2020 2024 2024 2024 2025 2025 2025 2024 2024 2024 2026 2026 2026 2025 2025 2025 2026 2026 2026 2027 2027 2027 2025 2025 2025 2027 2027 2027 2028 2028 2028 2028 2028 2028 2027 2027 2027 2029 2029 2029 2028 2028 2028 2029 2029 2029 2030 2030 2030 2031 2031 2031 2025 2025 2025 2028 2028 2028 2031 2031 2031 2028 2028 2028 2032 2032 2032 2033 2033 2033 2031 2031 2031 2032 2032 2032 2034 2034 2034 2033 2033 2033 2032 2032 2032 2035 2035 2035 2033 2033 2033 2034 2034 2034 2034 2034 2034 2032 2032 2032 2036 2036 2036 2034 2034 2034 2036 2036 2036 2037 2037 2037 2038 2038 2038 2034 2034 2034 2037 2037 2037 2039 2039 2039 2038 2038 2038 2037 2037 2037 2039 2039 2039 2037 2037 2037 2040 2040 2040 2041 2041 2041 2039 2039 2039 2040 2040 2040 2042 2042 2042 2041 2041 2041 2040 2040 2040 2043 2043 2043 2041 2041 2041 2042 2042 2042 2043 2043 2043 2044 2044 2044 2041 2041 2041 2043 2043 2043 2042 2042 2042 2045 2045 2045 2046 2046 2046 2043 2043 2043 2045 2045 2045 2046 2046 2046 2045 2045 2045 2047 2047 2047 2048 2048 2048 2046 2046 2046 2047 2047 2047 2048 2048 2048 2047 2047 2047 2049 2049 2049 2050 2050 2050 2048 2048 2048 2049 2049 2049 2050 2050 2050 2049 2049 2049 2051 2051 2051 2052 2052 2052 2050 2050 2050 2051 2051 2051 2052 2052 2052 2051 2051 2051 2053 2053 2053 2054 2054 2054 2052 2052 2052 2053 2053 2053 2055 2055 2055 2054 2054 2054 2056 2056 2056 2057 2057 2057 2054 2054 2054 2055 2055 2055 2054 2054 2054 2058 2058 2058 2056 2056 2056 2059 2059 2059 2054 2054 2054 2057 2057 2057 2054 2054 2054 2053 2053 2053 2058 2058 2058 2060 2060 2060 2054 2054 2054 2059 2059 2059 2058 2058 2058 2053 2053 2053 2061 2061 2061 2060 2060 2060 2059 2059 2059 2062 2062 2062 2060 2060 2060 2062 2062 2062 2063 2063 2063 2060 2060 2060 2063 2063 2063 2064 2064 2064 2061 2061 2061 2053 2053 2053 2065 2065 2065 2065 2065 2065 2053 2053 2053 2066 2066 2066 2067 2067 2067 2066 2066 2066 2053 2053 2053 2067 2067 2067 2053 2053 2053 2068 2068 2068 2069 2069 2069 2067 2067 2067 2068 2068 2068 2070 2070 2070 2069 2069 2069 2068 2068 2068 2071 2071 2071 2070 2070 2070 2068 2068 2068 2072 2072 2072 2073 2073 2073 2074 2074 2074 2075 2075 2075 2072 2072 2072 2074 2074 2074 2076 2076 2076 2075 2075 2075 2074 2074 2074 2076 2076 2076 2074 2074 2074 2077 2077 2077 2078 2078 2078 2076 2076 2076 2077 2077 2077 2078 2078 2078 2077 2077 2077 2079 2079 2079 2078 2078 2078 2079 2079 2079 2080 2080 2080 2081 2081 2081 2078 2078 2078 2080 2080 2080 2082 2082 2082 2081 2081 2081 2080 2080 2080 2082 2082 2082 2080 2080 2080 2083 2083 2083 2084 2084 2084 2082 2082 2082 2083 2083 2083 2084 2084 2084 2083 2083 2083 2085 2085 2085 2085 2085 2085 2086 2086 2086 2084 2084 2084 2086 2086 2086 2087 2087 2087 2084 2084 2084 2086 2086 2086 2088 2088 2088 2087 2087 2087 2088 2088 2088 2089 2089 2089 2087 2087 2087 2088 2088 2088 2090 2090 2090 2089 2089 2089 2088 2088 2088 2091 2091 2091 2090 2090 2090 2091 2091 2091 2092 2092 2092 2090 2090 2090 2092 2092 2092 2093 2093 2093 2090 2090 2090 2092 2092 2092 2094 2094 2094 2093 2093 2093 2094 2094 2094 2095 2095 2095 2093 2093 2093 2094 2094 2094 2096 2096 2096 2095 2095 2095 2094 2094 2094 2097 2097 2097 2096 2096 2096 2098 2098 2098 2099 2099 2099 2100 2100 2100 2098 2098 2098 2101 2101 2101 2099 2099 2099 2102 2102 2102 2101 2101 2101 2098 2098 2098 2102 2102 2102 2098 2098 2098 2103 2103 2103 2102 2102 2102 2104 2104 2104 2101 2101 2101 2105 2105 2105 2103 2103 2103 2106 2106 2106 2102 2102 2102 2103 2103 2103 2105 2105 2105 2102 2102 2102 2105 2105 2105 2107 2107 2107 2102 2102 2102 2108 2108 2108 2104 2104 2104 2102 2102 2102 2107 2107 2107 2108 2108 2108 2108 2108 2108 2109 2109 2109 2104 2104 2104 2110 2110 2110 2108 2108 2108 2107 2107 2107 2108 2108 2108 2111 2111 2111 2109 2109 2109 2112 2112 2112 2113 2113 2113 2110 2110 2110 2108 2108 2108 2114 2114 2114 2111 2111 2111 2114 2114 2114 2108 2108 2108 2110 2110 2110 2113 2113 2113 2114 2114 2114 2110 2110 2110 2115 2115 2115 2114 2114 2114 2113 2113 2113 2111 2111 2111 2114 2114 2114 2116 2116 2116 2114 2114 2114 2115 2115 2115 2117 2117 2117 2114 2114 2114 2117 2117 2117 2116 2116 2116 2117 2117 2117 2115 2115 2115 2118 2118 2118 2117 2117 2117 2118 2118 2118 2116 2116 2116 2118 2118 2118 2119 2119 2119 2120 2120 2120 2116 2116 2116 2118 2118 2118 2120 2120 2120 2116 2116 2116 2120 2120 2120 2121 2121 2121 2116 2116 2116 2121 2121 2121 2122 2122 2122 2123 2123 2123 2124 2124 2124 2125 2125 2125 2123 2123 2123 2125 2125 2125 2126 2126 2126 2127 2127 2127 2123 2123 2123 2126 2126 2126 2127 2127 2127 2128 2128 2128 2123 2123 2123 2129 2129 2129 2127 2127 2127 2126 2126 2126 2129 2129 2129 2126 2126 2126 2130 2130 2130 2127 2127 2127 2131 2131 2131 2128 2128 2128 2128 2128 2128 2131 2131 2131 2132 2132 2132 2132 2132 2132 2131 2131 2131 2133 2133 2133 2131 2131 2131 2134 2134 2134 2133 2133 2133 2131 2131 2131 2127 2127 2127 2134 2134 2134 2133 2133 2133 2134 2134 2134 2135 2135 2135 2135 2135 2135 2134 2134 2134 2136 2136 2136 2127 2127 2127 2137 2137 2137 2134 2134 2134 2127 2127 2127 2129 2129 2129 2137 2137 2137 2137 2137 2137 2129 2129 2129 2138 2138 2138 2138 2138 2138 2129 2129 2129 2139 2139 2139 2138 2138 2138 2139 2139 2139 2140 2140 2140 2140 2140 2140 2139 2139 2139 2141 2141 2141 2141 2141 2141 2139 2139 2139 2142 2142 2142 2139 2139 2139 2129 2129 2129 2143 2143 2143 2129 2129 2129 2130 2130 2130 2143 2143 2143 2143 2143 2143 2130 2130 2130 2144 2144 2144 2143 2143 2143 2144 2144 2144 2145 2145 2145 2146 2146 2146 2147 2147 2147 2148 2148 2148 2149 2149 2149 2147 2147 2147 2146 2146 2146 2150 2150 2150 2149 2149 2149 2146 2146 2146 2151 2151 2151 2150 2150 2150 2146 2146 2146 2152 2152 2152 2150 2150 2150 2151 2151 2151 2153 2153 2153 2152 2152 2152 2151 2151 2151 2154 2154 2154 2153 2153 2153 2151 2151 2151 2154 2154 2154 2151 2151 2151 2155 2155 2155 2156 2156 2156 2157 2157 2157 2158 2158 2158 2157 2157 2157 2159 2159 2159 2158 2158 2158 2159 2159 2159 2157 2157 2157 2160 2160 2160 2157 2157 2157 2161 2161 2161 2160 2160 2160 2162 2162 2162 2163 2163 2163 2164 2164 2164 2165 2165 2165 2162 2162 2162 2164 2164 2164 2162 2162 2162 2165 2165 2165 2166 2166 2166 2167 2167 2167 2162 2162 2162 2166 2166 2166 2168 2168 2168 2169 2169 2169 2170 2170 2170 2171 2171 2171 2169 2169 2169 2168 2168 2168 2172 2172 2172 2169 2169 2169 2171 2171 2171 2173 2173 2173 2169 2169 2169 2172 2172 2172 2173 2173 2173 2172 2172 2172 2174 2174 2174 2173 2173 2173 2174 2174 2174 2175 2175 2175 2175 2175 2175 2174 2174 2174 2176 2176 2176 2176 2176 2176 2177 2177 2177 2175 2175 2175 2177 2177 2177 2178 2178 2178 2175 2175 2175 2178 2178 2178 2179 2179 2179 2175 2175 2175 2180 2180 2180 2175 2175 2175 2179 2179 2179 2181 2181 2181 2175 2175 2175 2180 2180 2180 2182 2182 2182 2175 2175 2175 2181 2181 2181 2181 2181 2181 2183 2183 2183 2182 2182 2182 2182 2182 2182 2183 2183 2183 2184 2184 2184 2183 2183 2183 2185 2185 2185 2184 2184 2184 2184 2184 2184 2185 2185 2185 2186 2186 2186 2185 2185 2185 2187 2187 2187 2186 2186 2186 2186 2186 2186 2187 2187 2187 2188 2188 2188 2187 2187 2187 2189 2189 2189 2188 2188 2188 2188 2188 2188 2189 2189 2189 2190 2190 2190 2188 2188 2188 2190 2190 2190 2191 2191 2191 2191 2191 2191 2190 2190 2190 2192 2192 2192 2191 2191 2191 2192 2192 2192 2193 2193 2193 2193 2193 2193 2192 2192 2192 2194 2194 2194 2193 2193 2193 2194 2194 2194 2195 2195 2195 2195 2195 2195 2194 2194 2194 2196 2196 2196 2195 2195 2195 2196 2196 2196 2197 2197 2197 2197 2197 2197 2196 2196 2196 2198 2198 2198 2199 2199 2199 2197 2197 2197 2198 2198 2198 2199 2199 2199 2198 2198 2198 2200 2200 2200 2199 2199 2199 2200 2200 2200 2201 2201 2201 2199 2199 2199 2201 2201 2201 2202 2202 2202 2199 2199 2199 2202 2202 2202 2203 2203 2203 2199 2199 2199 2203 2203 2203 2204 2204 2204 2199 2199 2199 2204 2204 2204 2205 2205 2205 2205 2205 2205 2204 2204 2204 2206 2206 2206 2206 2206 2206 2204 2204 2204 2207 2207 2207 2204 2204 2204 2208 2208 2208 2207 2207 2207 2207 2207 2207 2208 2208 2208 2209 2209 2209 2209 2209 2209 2208 2208 2208 2210 2210 2210 2210 2210 2210 2208 2208 2208 2211 2211 2211 2208 2208 2208 2212 2212 2212 2211 2211 2211 2211 2211 2211 2212 2212 2212 2213 2213 2213 2212 2212 2212 2214 2214 2214 2213 2213 2213 2214 2214 2214 2215 2215 2215 2213 2213 2213 2215 2215 2215 2216 2216 2216 2213 2213 2213 2213 2213 2213 2216 2216 2216 2217 2217 2217 2218 2218 2218 2213 2213 2213 2217 2217 2217 2216 2216 2216 2219 2219 2219 2217 2217 2217 2217 2217 2217 2219 2219 2219 2220 2220 2220 2219 2219 2219 2221 2221 2221 2220 2220 2220 2220 2220 2220 2221 2221 2221 2222 2222 2222 2221 2221 2221 2223 2223 2223 2222 2222 2222 2223 2223 2223 2224 2224 2224 2222 2222 2222 2222 2222 2222 2224 2224 2224 2225 2225 2225 2224 2224 2224 2226 2226 2226 2225 2225 2225 2226 2226 2226 2227 2227 2227 2225 2225 2225 2225 2225 2225 2227 2227 2227 2228 2228 2228 2227 2227 2227 2229 2229 2229 2228 2228 2228 2228 2228 2228 2229 2229 2229 2230 2230 2230 2229 2229 2229 2231 2231 2231 2230 2230 2230 2231 2231 2231 2232 2232 2232 2230 2230 2230 2230 2230 2230 2232 2232 2232 2233 2233 2233 2232 2232 2232 2234 2234 2234 2233 2233 2233 2233 2233 2233 2234 2234 2234 2235 2235 2235 2234 2234 2234 2236 2236 2236 2235 2235 2235 2235 2235 2235 2236 2236 2236 2237 2237 2237 2236 2236 2236 2238 2238 2238 2237 2237 2237 2237 2237 2237 2238 2238 2238 2239 2239 2239 2237 2237 2237 2239 2239 2239 2240 2240 2240 2240 2240 2240 2239 2239 2239 2241 2241 2241 2240 2240 2240 2241 2241 2241 2242 2242 2242 2242 2242 2242 2241 2241 2241 2243 2243 2243 2242 2242 2242 2243 2243 2243 2244 2244 2244 2244 2244 2244 2243 2243 2243 2245 2245 2245 2244 2244 2244 2245 2245 2245 2246 2246 2246 2246 2246 2246 2245 2245 2245 2247 2247 2247 2246 2246 2246 2247 2247 2247 2248 2248 2248 2246 2246 2246 2248 2248 2248 2249 2249 2249 2249 2249 2249 2248 2248 2248 2250 2250 2250 2249 2249 2249 2250 2250 2250 2251 2251 2251 2251 2251 2251 2250 2250 2250 2252 2252 2252 2251 2251 2251 2252 2252 2252 2253 2253 2253 2251 2251 2251 2253 2253 2253 2254 2254 2254 2254 2254 2254 2253 2253 2253 2255 2255 2255 2254 2254 2254 2255 2255 2255 2256 2256 2256 2254 2254 2254 2256 2256 2256 2257 2257 2257 2257 2257 2257 2256 2256 2256 2258 2258 2258 2257 2257 2257 2258 2258 2258 2259 2259 2259 2257 2257 2257 2259 2259 2259 2260 2260 2260 2260 2260 2260 2259 2259 2259 2261 2261 2261 2260 2260 2260 2261 2261 2261 2262 2262 2262 2260 2260 2260 2262 2262 2262 2263 2263 2263 2260 2260 2260 2263 2263 2263 2264 2264 2264 2264 2264 2264 2263 2263 2263 2265 2265 2265 2264 2264 2264 2265 2265 2265 2266 2266 2266 2264 2264 2264 2266 2266 2266 2267 2267 2267 2267 2267 2267 2266 2266 2266 2217 2217 2217 2268 2268 2268 2267 2267 2267 2217 2217 2217 2269 2269 2269 2268 2268 2268 2217 2217 2217 2270 2270 2270 2269 2269 2269 2217 2217 2217 2217 2217 2217 2271 2271 2271 2270 2270 2270 2217 2217 2217 2272 2272 2272 2271 2271 2271 2217 2217 2217 2273 2273 2273 2272 2272 2272 2217 2217 2217 2274 2274 2274 2273 2273 2273 2217 2217 2217 2220 2220 2220 2274 2274 2274 2275 2275 2275 2276 2276 2276 2277 2277 2277 2277 2277 2277 2276 2276 2276 2278 2278 2278 2276 2276 2276 2279 2279 2279 2278 2278 2278 2276 2276 2276 2280 2280 2280 2279 2279 2279 2280 2280 2280 2281 2281 2281 2279 2279 2279 2281 2281 2281 2282 2282 2282 2279 2279 2279 2282 2282 2282 2283 2283 2283 2279 2279 2279 2283 2283 2283 2284 2284 2284 2279 2279 2279 2284 2284 2284 2285 2285 2285 2279 2279 2279 2286 2286 2286 2287 2287 2287 2288 2288 2288 2286 2286 2286 2288 2288 2288 2289 2289 2289 2286 2286 2286 2289 2289 2289 2290 2290 2290 2291 2291 2291 2286 2286 2286 2290 2290 2290 2292 2292 2292 2291 2291 2291 2290 2290 2290 2293 2293 2293 2292 2292 2292 2290 2290 2290 2294 2294 2294 2293 2293 2293 2290 2290 2290 2294 2294 2294 2290 2290 2290 2295 2295 2295 2296 2296 2296 2297 2297 2297 2298 2298 2298 2296 2296 2296 2298 2298 2298 2299 2299 2299 2300 2300 2300 2296 2296 2296 2299 2299 2299 2299 2299 2299 2298 2298 2298 2301 2301 2301 2300 2300 2300 2299 2299 2299 2302 2302 2302 2299 2299 2299 2301 2301 2301 2303 2303 2303 2304 2304 2304 2300 2300 2300 2302 2302 2302 2305 2305 2305 2300 2300 2300 2304 2304 2304 2302 2302 2302 2299 2299 2299 2306 2306 2306 2306 2306 2306 2299 2299 2299 2303 2303 2303 2304 2304 2304 2302 2302 2302 2306 2306 2306 2303 2303 2303 2301 2301 2301 2307 2307 2307 2306 2306 2306 2303 2303 2303 2307 2307 2307 2307 2307 2307 2301 2301 2301 2308 2308 2308 2308 2308 2308 2309 2309 2309 2307 2307 2307 2310 2310 2310 2305 2305 2305 2304 2304 2304 2311 2311 2311 2305 2305 2305 2310 2310 2310 2312 2312 2312 2311 2311 2311 2310 2310 2310 2307 2307 2307 2309 2309 2309 2313 2313 2313 2309 2309 2309 2314 2314 2314 2313 2313 2313 2307 2307 2307 2313 2313 2313 2315 2315 2315 2313 2313 2313 2314 2314 2314 2316 2316 2316 2313 2313 2313 2316 2316 2316 2315 2315 2315 2316 2316 2316 2314 2314 2314 2317 2317 2317 2314 2314 2314 2318 2318 2318 2317 2317 2317 2318 2318 2318 2319 2319 2319 2320 2320 2320 2317 2317 2317 2318 2318 2318 2320 2320 2320 2317 2317 2317 2320 2320 2320 2321 2321 2321 2321 2321 2321 2320 2320 2320 2322 2322 2322 2317 2317 2317 2321 2321 2321 2322 2322 2322 2316 2316 2316 2317 2317 2317 2323 2323 2323 2315 2315 2315 2316 2316 2316 2323 2323 2323 2324 2324 2324 2317 2317 2317 2322 2322 2322 2323 2323 2323 2317 2317 2317 2324 2324 2324 2324 2324 2324 2322 2322 2322 2325 2325 2325 2325 2325 2325 2322 2322 2322 2326 2326 2326 2324 2324 2324 2325 2325 2325 2326 2326 2326 2323 2323 2323 2324 2324 2324 2327 2327 2327 2328 2328 2328 2324 2324 2324 2326 2326 2326 2327 2327 2327 2324 2324 2324 2328 2328 2328 2328 2328 2328 2326 2326 2326 2329 2329 2329 2329 2329 2329 2326 2326 2326 2330 2330 2330 2328 2328 2328 2329 2329 2329 2330 2330 2330 2331 2331 2331 2323 2323 2323 2327 2327 2327 2315 2315 2315 2323 2323 2323 2331 2331 2331 2327 2327 2327 2328 2328 2328 2332 2332 2332 2331 2331 2331 2327 2327 2327 2332 2332 2332 2333 2333 2333 2328 2328 2328 2330 2330 2330 2332 2332 2332 2328 2328 2328 2333 2333 2333 2333 2333 2333 2330 2330 2330 2334 2334 2334 2334 2334 2334 2330 2330 2330 2335 2335 2335 2333 2333 2333 2334 2334 2334 2335 2335 2335 2332 2332 2332 2333 2333 2333 2336 2336 2336 2336 2336 2336 2333 2333 2333 2335 2335 2335 2336 2336 2336 2335 2335 2335 2337 2337 2337 2337 2337 2337 2335 2335 2335 2338 2338 2338 2339 2339 2339 2337 2337 2337 2338 2338 2338 2336 2336 2336 2337 2337 2337 2339 2339 2339 2339 2339 2339 2338 2338 2338 2340 2340 2340 2340 2340 2340 2338 2338 2338 2341 2341 2341 2342 2342 2342 2336 2336 2336 2339 2339 2339 2340 2340 2340 2341 2341 2341 2343 2343 2343 2342 2342 2342 2339 2339 2339 2344 2344 2344 2344 2344 2344 2339 2339 2339 2340 2340 2340 2345 2345 2345 2336 2336 2336 2342 2342 2342 2345 2345 2345 2342 2342 2342 2344 2344 2344 2346 2346 2346 2340 2340 2340 2343 2343 2343 2344 2344 2344 2340 2340 2340 2346 2346 2346 2343 2343 2343 2341 2341 2341 2347 2347 2347 2343 2343 2343 2347 2347 2347 2346 2346 2346 2341 2341 2341 2348 2348 2348 2347 2347 2347 2349 2349 2349 2344 2344 2344 2346 2346 2346 2347 2347 2347 2348 2348 2348 2350 2350 2350 2351 2351 2351 2344 2344 2344 2349 2349 2349 2345 2345 2345 2344 2344 2344 2351 2351 2351 2348 2348 2348 2352 2352 2352 2350 2350 2350 2348 2348 2348 2353 2353 2353 2352 2352 2352 2352 2352 2352 2353 2353 2353 2354 2354 2354 2352 2352 2352 2354 2354 2354 2355 2355 2355 2350 2350 2350 2352 2352 2352 2356 2356 2356 2347 2347 2347 2350 2350 2350 2356 2356 2356 2352 2352 2352 2355 2355 2355 2357 2357 2357 2356 2356 2356 2352 2352 2352 2357 2357 2357 2355 2355 2355 2358 2358 2358 2357 2357 2357 2347 2347 2347 2356 2356 2356 2359 2359 2359 2346 2346 2346 2347 2347 2347 2359 2359 2359 2357 2357 2357 2358 2358 2358 2360 2360 2360 2358 2358 2358 2361 2361 2361 2360 2360 2360 2346 2346 2346 2359 2359 2359 2362 2362 2362 2349 2349 2349 2346 2346 2346 2362 2362 2362 2359 2359 2359 2356 2356 2356 2363 2363 2363 2359 2359 2359 2363 2363 2363 2362 2362 2362 2356 2356 2356 2357 2357 2357 2364 2364 2364 2356 2356 2356 2364 2364 2364 2363 2363 2363 2357 2357 2357 2365 2365 2365 2364 2364 2364 2357 2357 2357 2360 2360 2360 2365 2365 2365 2363 2363 2363 2364 2364 2364 2366 2366 2366 2364 2364 2364 2365 2365 2365 2366 2366 2366 2362 2362 2362 2363 2363 2363 2367 2367 2367 2363 2363 2363 2366 2366 2366 2367 2367 2367 2349 2349 2349 2362 2362 2362 2368 2368 2368 2368 2368 2368 2351 2351 2351 2349 2349 2349 2362 2362 2362 2367 2367 2367 2369 2369 2369 2368 2368 2368 2362 2362 2362 2369 2369 2369 2370 2370 2370 2351 2351 2351 2368 2368 2368 2368 2368 2368 2369 2369 2369 2371 2371 2371 2372 2372 2372 2351 2351 2351 2370 2370 2370 2372 2372 2372 2345 2345 2345 2351 2351 2351 2373 2373 2373 2370 2370 2370 2368 2368 2368 2371 2371 2371 2373 2373 2373 2368 2368 2368 2374 2374 2374 2372 2372 2372 2370 2370 2370 2373 2373 2373 2374 2374 2374 2370 2370 2370 2372 2372 2372 2375 2375 2375 2345 2345 2345 2375 2375 2375 2336 2336 2336 2345 2345 2345 2375 2375 2375 2332 2332 2332 2336 2336 2336 2376 2376 2376 2375 2375 2375 2372 2372 2372 2377 2377 2377 2332 2332 2332 2375 2375 2375 2376 2376 2376 2377 2377 2377 2375 2375 2375 2377 2377 2377 2331 2331 2331 2332 2332 2332 2378 2378 2378 2376 2376 2376 2372 2372 2372 2378 2378 2378 2377 2377 2377 2376 2376 2376 2374 2374 2374 2378 2378 2378 2372 2372 2372 2379 2379 2379 2377 2377 2377 2378 2378 2378 2379 2379 2379 2331 2331 2331 2377 2377 2377 2374 2374 2374 2380 2380 2380 2378 2378 2378 2380 2380 2380 2379 2379 2379 2378 2378 2378 2373 2373 2373 2381 2381 2381 2374 2374 2374 2382 2382 2382 2380 2380 2380 2374 2374 2374 2381 2381 2381 2382 2382 2382 2374 2374 2374 2383 2383 2383 2381 2381 2381 2373 2373 2373 2371 2371 2371 2383 2383 2383 2373 2373 2373 2381 2381 2381 2384 2384 2384 2382 2382 2382 2383 2383 2383 2384 2384 2384 2381 2381 2381 2384 2384 2384 2385 2385 2385 2382 2382 2382 2385 2385 2385 2380 2380 2380 2382 2382 2382 2386 2386 2386 2384 2384 2384 2383 2383 2383 2384 2384 2384 2387 2387 2387 2385 2385 2385 2386 2386 2386 2387 2387 2387 2384 2384 2384 2387 2387 2387 2312 2312 2312 2385 2385 2385 2386 2386 2386 2388 2388 2388 2387 2387 2387 2385 2385 2385 2312 2312 2312 2389 2389 2389 2385 2385 2385 2389 2389 2389 2380 2380 2380 2312 2312 2312 2310 2310 2310 2389 2389 2389 2389 2389 2389 2310 2310 2310 2380 2380 2380 2380 2380 2380 2310 2310 2310 2390 2390 2390 2380 2380 2380 2390 2390 2390 2379 2379 2379 2310 2310 2310 2391 2391 2391 2390 2390 2390 2390 2390 2390 2391 2391 2391 2379 2379 2379 2310 2310 2310 2304 2304 2304 2391 2391 2391 2304 2304 2304 2306 2306 2306 2391 2391 2391 2379 2379 2379 2391 2391 2391 2392 2392 2392 2391 2391 2391 2306 2306 2306 2392 2392 2392 2392 2392 2392 2331 2331 2331 2379 2379 2379 2392 2392 2392 2306 2306 2306 2393 2393 2393 2392 2392 2392 2393 2393 2393 2331 2331 2331 2306 2306 2306 2307 2307 2307 2393 2393 2393 2393 2393 2393 2315 2315 2315 2331 2331 2331 2393 2393 2393 2307 2307 2307 2315 2315 2315 2394 2394 2394 2388 2388 2388 2386 2386 2386 2395 2395 2395 2394 2394 2394 2386 2386 2386 2395 2395 2395 2386 2386 2386 2383 2383 2383 2371 2371 2371 2395 2395 2395 2383 2383 2383 2396 2396 2396 2388 2388 2388 2394 2394 2394 2395 2395 2395 2396 2396 2396 2394 2394 2394 2396 2396 2396 2397 2397 2397 2388 2388 2388 2398 2398 2398 2395 2395 2395 2371 2371 2371 2371 2371 2371 2369 2369 2369 2398 2398 2398 2369 2369 2369 2367 2367 2367 2398 2398 2398 2398 2398 2398 2399 2399 2399 2395 2395 2395 2399 2399 2399 2396 2396 2396 2395 2395 2395 2398 2398 2398 2367 2367 2367 2400 2400 2400 2400 2400 2400 2399 2399 2399 2398 2398 2398 2367 2367 2367 2401 2401 2401 2400 2400 2400 2367 2367 2367 2366 2366 2366 2401 2401 2401 2400 2400 2400 2402 2402 2402 2399 2399 2399 2401 2401 2401 2402 2402 2402 2400 2400 2400 2399 2399 2399 2402 2402 2402 2396 2396 2396 2366 2366 2366 2403 2403 2403 2401 2401 2401 2401 2401 2401 2403 2403 2403 2402 2402 2402 2402 2402 2402 2404 2404 2404 2396 2396 2396 2404 2404 2404 2397 2397 2397 2396 2396 2396 2404 2404 2404 2405 2405 2405 2397 2397 2397 2402 2402 2402 2405 2405 2405 2404 2404 2404 2405 2405 2405 2406 2406 2406 2397 2397 2397 2407 2407 2407 2405 2405 2405 2402 2402 2402 2403 2403 2403 2407 2407 2407 2402 2402 2402 2408 2408 2408 2406 2406 2406 2405 2405 2405 2407 2407 2407 2409 2409 2409 2405 2405 2405 2409 2409 2409 2408 2408 2408 2405 2405 2405 2403 2403 2403 2409 2409 2409 2407 2407 2407 2408 2408 2408 2410 2410 2410 2406 2406 2406 2409 2409 2409 2410 2410 2410 2408 2408 2408 2410 2410 2410 2411 2411 2411 2406 2406 2406 2412 2412 2412 2409 2409 2409 2403 2403 2403 2413 2413 2413 2411 2411 2411 2410 2410 2410 2414 2414 2414 2410 2410 2410 2409 2409 2409 2412 2412 2412 2414 2414 2414 2409 2409 2409 2415 2415 2415 2413 2413 2413 2410 2410 2410 2414 2414 2414 2415 2415 2415 2410 2410 2410 2413 2413 2413 2416 2416 2416 2411 2411 2411 2415 2415 2415 2416 2416 2416 2413 2413 2413 2416 2416 2416 2417 2417 2417 2411 2411 2411 2418 2418 2418 2414 2414 2414 2412 2412 2412 2419 2419 2419 2417 2417 2417 2416 2416 2416 2418 2418 2418 2420 2420 2420 2414 2414 2414 2420 2420 2420 2415 2415 2415 2414 2414 2414 2419 2419 2419 2421 2421 2421 2417 2417 2417 2421 2421 2421 2422 2422 2422 2417 2417 2417 2423 2423 2423 2419 2419 2419 2416 2416 2416 2423 2423 2423 2421 2421 2421 2419 2419 2419 2424 2424 2424 2416 2416 2416 2415 2415 2415 2424 2424 2424 2423 2423 2423 2416 2416 2416 2425 2425 2425 2424 2424 2424 2415 2415 2415 2425 2425 2425 2423 2423 2423 2424 2424 2424 2420 2420 2420 2425 2425 2425 2415 2415 2415 2421 2421 2421 2426 2426 2426 2422 2422 2422 2426 2426 2426 2427 2427 2427 2422 2422 2422 2428 2428 2428 2427 2427 2427 2426 2426 2426 2429 2429 2429 2426 2426 2426 2421 2421 2421 2429 2429 2429 2421 2421 2421 2423 2423 2423 2430 2430 2430 2428 2428 2428 2426 2426 2426 2430 2430 2430 2426 2426 2426 2429 2429 2429 2431 2431 2431 2428 2428 2428 2430 2430 2430 2432 2432 2432 2430 2430 2430 2429 2429 2429 2432 2432 2432 2431 2431 2431 2430 2430 2430 2433 2433 2433 2429 2429 2429 2423 2423 2423 2433 2433 2433 2432 2432 2432 2429 2429 2429 2434 2434 2434 2423 2423 2423 2425 2425 2425 2434 2434 2434 2433 2433 2433 2423 2423 2423 2435 2435 2435 2434 2434 2434 2425 2425 2425 2420 2420 2420 2435 2435 2435 2425 2425 2425 2436 2436 2436 2433 2433 2433 2434 2434 2434 2435 2435 2435 2436 2436 2436 2434 2434 2434 2433 2433 2433 2437 2437 2437 2432 2432 2432 2436 2436 2436 2438 2438 2438 2433 2433 2433 2438 2438 2438 2437 2437 2437 2433 2433 2433 2436 2436 2436 2439 2439 2439 2438 2438 2438 2437 2437 2437 2440 2440 2440 2432 2432 2432 2440 2440 2440 2431 2431 2431 2432 2432 2432 2438 2438 2438 2441 2441 2441 2437 2437 2437 2439 2439 2439 2441 2441 2441 2438 2438 2438 2437 2437 2437 2442 2442 2442 2440 2440 2440 2441 2441 2441 2442 2442 2442 2437 2437 2437 2443 2443 2443 2439 2439 2439 2436 2436 2436 2435 2435 2435 2443 2443 2443 2436 2436 2436 2444 2444 2444 2441 2441 2441 2439 2439 2439 2443 2443 2443 2444 2444 2444 2439 2439 2439 2441 2441 2441 2445 2445 2445 2442 2442 2442 2444 2444 2444 2446 2446 2446 2441 2441 2441 2446 2446 2446 2445 2445 2445 2441 2441 2441 2447 2447 2447 2444 2444 2444 2443 2443 2443 2446 2446 2446 2448 2448 2448 2445 2445 2445 2444 2444 2444 2449 2449 2449 2446 2446 2446 2449 2449 2449 2448 2448 2448 2446 2446 2446 2447 2447 2447 2450 2450 2450 2444 2444 2444 2450 2450 2450 2449 2449 2449 2444 2444 2444 2449 2449 2449 2451 2451 2451 2448 2448 2448 2452 2452 2452 2451 2451 2451 2449 2449 2449 2450 2450 2450 2452 2452 2452 2449 2449 2449 2448 2448 2448 2451 2451 2451 2453 2453 2453 2454 2454 2454 2452 2452 2452 2450 2450 2450 2455 2455 2455 2448 2448 2448 2453 2453 2453 2445 2445 2445 2448 2448 2448 2455 2455 2455 2456 2456 2456 2454 2454 2454 2450 2450 2450 2456 2456 2456 2450 2450 2450 2447 2447 2447 2457 2457 2457 2454 2454 2454 2456 2456 2456 2458 2458 2458 2445 2445 2445 2455 2455 2455 2442 2442 2442 2445 2445 2445 2458 2458 2458 2457 2457 2457 2456 2456 2456 2459 2459 2459 2460 2460 2460 2442 2442 2442 2458 2458 2458 2440 2440 2440 2442 2442 2442 2460 2460 2460 2461 2461 2461 2457 2457 2457 2459 2459 2459 2462 2462 2462 2457 2457 2457 2461 2461 2461 2459 2459 2459 2456 2456 2456 2463 2463 2463 2463 2463 2463 2456 2456 2456 2447 2447 2447 2461 2461 2461 2459 2459 2459 2463 2463 2463 2463 2463 2463 2447 2447 2447 2443 2443 2443 2463 2463 2463 2443 2443 2443 2464 2464 2464 2464 2464 2464 2443 2443 2443 2435 2435 2435 2465 2465 2465 2463 2463 2463 2464 2464 2464 2465 2465 2465 2464 2464 2464 2435 2435 2435 2461 2461 2461 2463 2463 2463 2466 2466 2466 2466 2466 2466 2463 2463 2463 2465 2465 2465 2465 2465 2465 2435 2435 2435 2467 2467 2467 2467 2467 2467 2435 2435 2435 2420 2420 2420 2468 2468 2468 2466 2466 2466 2465 2465 2465 2468 2468 2468 2465 2465 2465 2467 2467 2467 2469 2469 2469 2467 2467 2467 2420 2420 2420 2468 2468 2468 2467 2467 2467 2469 2469 2469 2469 2469 2469 2420 2420 2420 2418 2418 2418 2412 2412 2412 2469 2469 2469 2418 2418 2418 2470 2470 2470 2469 2469 2469 2412 2412 2412 2470 2470 2470 2468 2468 2468 2469 2469 2469 2403 2403 2403 2470 2470 2470 2412 2412 2412 2471 2471 2471 2466 2466 2466 2468 2468 2468 2471 2471 2471 2461 2461 2461 2466 2466 2466 2472 2472 2472 2470 2470 2470 2403 2403 2403 2366 2366 2366 2472 2472 2472 2403 2403 2403 2366 2366 2366 2365 2365 2365 2472 2472 2472 2365 2365 2365 2470 2470 2470 2472 2472 2472 2473 2473 2473 2461 2461 2461 2471 2471 2471 2462 2462 2462 2461 2461 2461 2473 2473 2473 2365 2365 2365 2474 2474 2474 2470 2470 2470 2474 2474 2474 2468 2468 2468 2470 2470 2470 2365 2365 2365 2475 2475 2475 2474 2474 2474 2475 2475 2475 2468 2468 2468 2474 2474 2474 2475 2475 2475 2471 2471 2471 2468 2468 2468 2475 2475 2475 2473 2473 2473 2471 2471 2471 2360 2360 2360 2475 2475 2475 2365 2365 2365 2476 2476 2476 2462 2462 2462 2473 2473 2473 2476 2476 2476 2473 2473 2473 2475 2475 2475 2477 2477 2477 2462 2462 2462 2476 2476 2476 2477 2477 2477 2476 2476 2476 2478 2478 2478 2479 2479 2479 2475 2475 2475 2360 2360 2360 2479 2479 2479 2476 2476 2476 2475 2475 2475 2478 2478 2478 2476 2476 2476 2479 2479 2479 2361 2361 2361 2479 2479 2479 2360 2360 2360 2480 2480 2480 2478 2478 2478 2479 2479 2479 2481 2481 2481 2479 2479 2479 2361 2361 2361 2481 2481 2481 2480 2480 2480 2479 2479 2479 2482 2482 2482 2483 2483 2483 2484 2484 2484 2482 2482 2482 2484 2484 2484 2485 2485 2485 2482 2482 2482 2485 2485 2485 2486 2486 2486 2482 2482 2482 2486 2486 2486 2487 2487 2487 2482 2482 2482 2487 2487 2487 2488 2488 2488 2488 2488 2488 2487 2487 2487 2489 2489 2489 2487 2487 2487 2490 2490 2490 2489 2489 2489 2489 2489 2489 2490 2490 2490 2491 2491 2491 2487 2487 2487 2492 2492 2492 2490 2490 2490 2492 2492 2492 2493 2493 2493 2490 2490 2490 2493 2493 2493 2494 2494 2494 2490 2490 2490 2494 2494 2494 2495 2495 2495 2490 2490 2490 2490 2490 2490 2495 2495 2495 2496 2496 2496 2490 2490 2490 2496 2496 2496 2497 2497 2497 2491 2491 2491 2490 2490 2490 2498 2498 2498 2490 2490 2490 2499 2499 2499 2498 2498 2498 2499 2499 2499 2500 2500 2500 2498 2498 2498 2500 2500 2500 2501 2501 2501 2498 2498 2498 2502 2502 2502 2498 2498 2498 2501 2501 2501 2503 2503 2503 2504 2504 2504 2505 2505 2505 2503 2503 2503 2505 2505 2505 2506 2506 2506 2507 2507 2507 2508 2508 2508 2506 2506 2506 2505 2505 2505 2507 2507 2507 2506 2506 2506 2505 2505 2505 2509 2509 2509 2507 2507 2507 2507 2507 2507 2509 2509 2509 2510 2510 2510 2510 2510 2510 2509 2509 2509 2511 2511 2511 2509 2509 2509 2512 2512 2512 2511 2511 2511 2509 2509 2509 2513 2513 2513 2512 2512 2512 2509 2509 2509 2514 2514 2514 2513 2513 2513 2515 2515 2515 2514 2514 2514 2509 2509 2509 2516 2516 2516 2509 2509 2509 2505 2505 2505 2517 2517 2517 2516 2516 2516 2505 2505 2505 2518 2518 2518 2516 2516 2516 2517 2517 2517 2518 2518 2518 2519 2519 2519 2516 2516 2516 2519 2519 2519 2520 2520 2520 2516 2516 2516 2520 2520 2520 2521 2521 2521 2516 2516 2516 2516 2516 2516 2521 2521 2521 2522 2522 2522 2523 2523 2523 2524 2524 2524 2525 2525 2525 2523 2523 2523 2525 2525 2525 2526 2526 2526 2527 2527 2527 2523 2523 2523 2526 2526 2526 2528 2528 2528 2523 2523 2523 2527 2527 2527 2529 2529 2529 2523 2523 2523 2528 2528 2528 2530 2530 2530 2523 2523 2523 2529 2529 2529 2531 2531 2531 2523 2523 2523 2530 2530 2530 2532 2532 2532 2533 2533 2533 2534 2534 2534 2532 2532 2532 2534 2534 2534 2535 2535 2535 2536 2536 2536 2532 2532 2532 2535 2535 2535 2537 2537 2537 2532 2532 2532 2536 2536 2536 2538 2538 2538 2532 2532 2532 2537 2537 2537 2539 2539 2539 2532 2532 2532 2538 2538 2538 2540 2540 2540 2532 2532 2532 2539 2539 2539 2541 2541 2541 2542 2542 2542 2543 2543 2543 2541 2541 2541 2543 2543 2543 2544 2544 2544 2545 2545 2545 2541 2541 2541 2544 2544 2544 2544 2544 2544 2543 2543 2543 2546 2546 2546 2546 2546 2546 2543 2543 2543 2547 2547 2547 2546 2546 2546 2547 2547 2547 2548 2548 2548 2545 2545 2545 2544 2544 2544 2549 2549 2549 2549 2549 2549 2544 2544 2544 2546 2546 2546 2550 2550 2550 2545 2545 2545 2549 2549 2549 2551 2551 2551 2545 2545 2545 2550 2550 2550 2552 2552 2552 2551 2551 2551 2550 2550 2550 2549 2549 2549 2546 2546 2546 2553 2553 2553 2552 2552 2552 2550 2550 2550 2554 2554 2554 2555 2555 2555 2549 2549 2549 2553 2553 2553 2550 2550 2550 2549 2549 2549 2555 2555 2555 2553 2553 2553 2546 2546 2546 2556 2556 2556 2555 2555 2555 2553 2553 2553 2556 2556 2556 2546 2546 2546 2548 2548 2548 2557 2557 2557 2556 2556 2556 2546 2546 2546 2557 2557 2557 2557 2557 2557 2548 2548 2548 2558 2558 2558 2559 2559 2559 2550 2550 2550 2555 2555 2555 2554 2554 2554 2550 2550 2550 2559 2559 2559 2557 2557 2557 2558 2558 2558 2560 2560 2560 2561 2561 2561 2552 2552 2552 2554 2554 2554 2561 2561 2561 2554 2554 2554 2559 2559 2559 2562 2562 2562 2552 2552 2552 2561 2561 2561 2557 2557 2557 2560 2560 2560 2563 2563 2563 2556 2556 2556 2557 2557 2557 2563 2563 2563 2560 2560 2560 2558 2558 2558 2564 2564 2564 2560 2560 2560 2564 2564 2564 2563 2563 2563 2558 2558 2558 2565 2565 2565 2564 2564 2564 2565 2565 2565 2566 2566 2566 2564 2564 2564 2564 2564 2564 2566 2566 2566 2567 2567 2567 2566 2566 2566 2568 2568 2568 2567 2567 2567 2567 2567 2567 2568 2568 2568 2569 2569 2569 2563 2563 2563 2564 2564 2564 2570 2570 2570 2564 2564 2564 2567 2567 2567 2570 2570 2570 2567 2567 2567 2569 2569 2569 2571 2571 2571 2570 2570 2570 2567 2567 2567 2571 2571 2571 2571 2571 2571 2569 2569 2569 2572 2572 2572 2571 2571 2571 2572 2572 2572 2573 2573 2573 2570 2570 2570 2571 2571 2571 2573 2573 2573 2573 2573 2573 2572 2572 2572 2574 2574 2574 2563 2563 2563 2570 2570 2570 2575 2575 2575 2556 2556 2556 2563 2563 2563 2575 2575 2575 2576 2576 2576 2570 2570 2570 2573 2573 2573 2575 2575 2575 2570 2570 2570 2576 2576 2576 2573 2573 2573 2574 2574 2574 2577 2577 2577 2576 2576 2576 2573 2573 2573 2577 2577 2577 2577 2577 2577 2574 2574 2574 2578 2578 2578 2579 2579 2579 2556 2556 2556 2575 2575 2575 2555 2555 2555 2556 2556 2556 2579 2579 2579 2577 2577 2577 2578 2578 2578 2580 2580 2580 2580 2580 2580 2578 2578 2578 2581 2581 2581 2582 2582 2582 2555 2555 2555 2579 2579 2579 2582 2582 2582 2579 2579 2579 2575 2575 2575 2559 2559 2559 2555 2555 2555 2582 2582 2582 2583 2583 2583 2577 2577 2577 2580 2580 2580 2583 2583 2583 2576 2576 2576 2577 2577 2577 2575 2575 2575 2576 2576 2576 2584 2584 2584 2584 2584 2584 2576 2576 2576 2583 2583 2583 2582 2582 2582 2575 2575 2575 2584 2584 2584 2585 2585 2585 2583 2583 2583 2580 2580 2580 2584 2584 2584 2583 2583 2583 2585 2585 2585 2580 2580 2580 2581 2581 2581 2586 2586 2586 2585 2585 2585 2580 2580 2580 2586 2586 2586 2586 2586 2586 2581 2581 2581 2587 2587 2587 2588 2588 2588 2584 2584 2584 2585 2585 2585 2582 2582 2582 2584 2584 2584 2588 2588 2588 2589 2589 2589 2585 2585 2585 2586 2586 2586 2588 2588 2588 2585 2585 2585 2589 2589 2589 2586 2586 2586 2587 2587 2587 2590 2590 2590 2587 2587 2587 2591 2591 2591 2590 2590 2590 2589 2589 2589 2586 2586 2586 2592 2592 2592 2592 2592 2592 2586 2586 2586 2590 2590 2590 2591 2591 2591 2593 2593 2593 2590 2590 2590 2591 2591 2591 2594 2594 2594 2593 2593 2593 2590 2590 2590 2595 2595 2595 2592 2592 2592 2590 2590 2590 2593 2593 2593 2595 2595 2595 2594 2594 2594 2596 2596 2596 2593 2593 2593 2594 2594 2594 2597 2597 2597 2596 2596 2596 2593 2593 2593 2598 2598 2598 2595 2595 2595 2593 2593 2593 2596 2596 2596 2598 2598 2598 2592 2592 2592 2595 2595 2595 2599 2599 2599 2595 2595 2595 2598 2598 2598 2599 2599 2599 2597 2597 2597 2600 2600 2600 2596 2596 2596 2597 2597 2597 2601 2601 2601 2600 2600 2600 2596 2596 2596 2602 2602 2602 2598 2598 2598 2596 2596 2596 2600 2600 2600 2602 2602 2602 2601 2601 2601 2603 2603 2603 2600 2600 2600 2600 2600 2600 2603 2603 2603 2602 2602 2602 2601 2601 2601 2604 2604 2604 2603 2603 2603 2598 2598 2598 2602 2602 2602 2605 2605 2605 2599 2599 2599 2598 2598 2598 2605 2605 2605 2604 2604 2604 2606 2606 2606 2603 2603 2603 2604 2604 2604 2607 2607 2607 2606 2606 2606 2607 2607 2607 2608 2608 2608 2606 2606 2606 2606 2606 2606 2608 2608 2608 2428 2428 2428 2606 2606 2606 2428 2428 2428 2431 2431 2431 2603 2603 2603 2606 2606 2606 2609 2609 2609 2602 2602 2602 2603 2603 2603 2609 2609 2609 2606 2606 2606 2431 2431 2431 2610 2610 2610 2609 2609 2609 2606 2606 2606 2610 2610 2610 2610 2610 2610 2431 2431 2431 2611 2611 2611 2611 2611 2611 2431 2431 2431 2440 2440 2440 2611 2611 2611 2440 2440 2440 2460 2460 2460 2609 2609 2609 2610 2610 2610 2612 2612 2612 2612 2612 2612 2610 2610 2610 2611 2611 2611 2602 2602 2602 2609 2609 2609 2612 2612 2612 2611 2611 2611 2460 2460 2460 2612 2612 2612 2602 2602 2602 2612 2612 2612 2613 2613 2613 2605 2605 2605 2602 2602 2602 2613 2613 2613 2612 2612 2612 2460 2460 2460 2614 2614 2614 2612 2612 2612 2614 2614 2614 2613 2613 2613 2614 2614 2614 2460 2460 2460 2615 2615 2615 2460 2460 2460 2458 2458 2458 2615 2615 2615 2458 2458 2458 2455 2455 2455 2615 2615 2615 2613 2613 2613 2614 2614 2614 2616 2616 2616 2614 2614 2614 2615 2615 2615 2616 2616 2616 2605 2605 2605 2613 2613 2613 2617 2617 2617 2613 2613 2613 2616 2616 2616 2617 2617 2617 2615 2615 2615 2455 2455 2455 2618 2618 2618 2455 2455 2455 2453 2453 2453 2618 2618 2618 2618 2618 2618 2453 2453 2453 2619 2619 2619 2618 2618 2618 2619 2619 2619 2620 2620 2620 2616 2616 2616 2615 2615 2615 2621 2621 2621 2615 2615 2615 2618 2618 2618 2621 2621 2621 2616 2616 2616 2621 2621 2621 2617 2617 2617 2622 2622 2622 2618 2618 2618 2620 2620 2620 2621 2621 2621 2618 2618 2618 2622 2622 2622 2622 2622 2622 2620 2620 2620 2623 2623 2623 2621 2621 2621 2622 2622 2622 2623 2623 2623 2623 2623 2623 2620 2620 2620 2624 2624 2624 2625 2625 2625 2621 2621 2621 2623 2623 2623 2617 2617 2617 2621 2621 2621 2625 2625 2625 2623 2623 2623 2624 2624 2624 2626 2626 2626 2625 2625 2625 2623 2623 2623 2626 2626 2626 2626 2626 2626 2624 2624 2624 2627 2627 2627 2626 2626 2626 2627 2627 2627 2628 2628 2628 2617 2617 2617 2625 2625 2625 2629 2629 2629 2629 2629 2629 2625 2625 2625 2626 2626 2626 2630 2630 2630 2617 2617 2617 2629 2629 2629 2630 2630 2630 2605 2605 2605 2617 2617 2617 2599 2599 2599 2605 2605 2605 2630 2630 2630 2629 2629 2629 2626 2626 2626 2631 2631 2631 2630 2630 2630 2629 2629 2629 2631 2631 2631 2632 2632 2632 2626 2626 2626 2628 2628 2628 2631 2631 2631 2626 2626 2626 2632 2632 2632 2632 2632 2632 2628 2628 2628 2633 2633 2633 2632 2632 2632 2633 2633 2633 2631 2631 2631 2628 2628 2628 2634 2634 2634 2633 2633 2633 2634 2634 2634 2562 2562 2562 2633 2633 2633 2633 2633 2633 2562 2562 2562 2561 2561 2561 2631 2631 2631 2633 2633 2633 2635 2635 2635 2633 2633 2633 2561 2561 2561 2635 2635 2635 2636 2636 2636 2630 2630 2630 2631 2631 2631 2631 2631 2631 2635 2635 2635 2636 2636 2636 2637 2637 2637 2599 2599 2599 2630 2630 2630 2637 2637 2637 2630 2630 2630 2636 2636 2636 2592 2592 2592 2599 2599 2599 2637 2637 2637 2637 2637 2637 2589 2589 2589 2592 2592 2592 2638 2638 2638 2589 2589 2589 2637 2637 2637 2636 2636 2636 2638 2638 2638 2637 2637 2637 2638 2638 2638 2588 2588 2588 2589 2589 2589 2639 2639 2639 2638 2638 2638 2636 2636 2636 2636 2636 2636 2635 2635 2635 2639 2639 2639 2640 2640 2640 2588 2588 2588 2638 2638 2638 2639 2639 2639 2640 2640 2640 2638 2638 2638 2640 2640 2640 2582 2582 2582 2588 2588 2588 2635 2635 2635 2641 2641 2641 2639 2639 2639 2639 2639 2639 2641 2641 2641 2640 2640 2640 2641 2641 2641 2582 2582 2582 2640 2640 2640 2635 2635 2635 2561 2561 2561 2641 2641 2641 2641 2641 2641 2559 2559 2559 2582 2582 2582 2561 2561 2561 2559 2559 2559 2641 2641 2641 2642 2642 2642 2643 2643 2643 2644 2644 2644 2642 2642 2642 2644 2644 2644 2645 2645 2645 2645 2645 2645 2644 2644 2644 2646 2646 2646 2647 2647 2647 2642 2642 2642 2645 2645 2645 2648 2648 2648 2642 2642 2642 2647 2647 2647 2649 2649 2649 2648 2648 2648 2647 2647 2647 2645 2645 2645 2646 2646 2646 2650 2650 2650 2647 2647 2647 2645 2645 2645 2650 2650 2650 2650 2650 2650 2646 2646 2646 2651 2651 2651 2646 2646 2646 2652 2652 2652 2651 2651 2651 2652 2652 2652 2653 2653 2653 2651 2651 2651 2651 2651 2651 2653 2653 2653 2654 2654 2654 2651 2651 2651 2654 2654 2654 2655 2655 2655 2650 2650 2650 2651 2651 2651 2656 2656 2656 2647 2647 2647 2650 2650 2650 2656 2656 2656 2657 2657 2657 2651 2651 2651 2655 2655 2655 2656 2656 2656 2651 2651 2651 2657 2657 2657 2657 2657 2657 2655 2655 2655 2658 2658 2658 2656 2656 2656 2657 2657 2657 2658 2658 2658 2658 2658 2658 2655 2655 2655 2659 2659 2659 2658 2658 2658 2659 2659 2659 2660 2660 2660 2661 2661 2661 2647 2647 2647 2656 2656 2656 2661 2661 2661 2656 2656 2656 2658 2658 2658 2649 2649 2649 2647 2647 2647 2662 2662 2662 2662 2662 2662 2647 2647 2647 2661 2661 2661 2663 2663 2663 2649 2649 2649 2662 2662 2662 2663 2663 2663 2662 2662 2662 2664 2664 2664 2664 2664 2664 2662 2662 2662 2661 2661 2661 2665 2665 2665 2663 2663 2663 2664 2664 2664 2661 2661 2661 2658 2658 2658 2666 2666 2666 2664 2664 2664 2661 2661 2661 2666 2666 2666 2667 2667 2667 2658 2658 2658 2660 2660 2660 2666 2666 2666 2658 2658 2658 2667 2667 2667 2667 2667 2667 2660 2660 2660 2668 2668 2668 2669 2669 2669 2664 2664 2664 2666 2666 2666 2666 2666 2666 2667 2667 2667 2669 2669 2669 2670 2670 2670 2667 2667 2667 2668 2668 2668 2669 2669 2669 2667 2667 2667 2670 2670 2670 2670 2670 2670 2668 2668 2668 2671 2671 2671 2672 2672 2672 2664 2664 2664 2669 2669 2669 2665 2665 2665 2664 2664 2664 2672 2672 2672 2673 2673 2673 2670 2670 2670 2671 2671 2671 2669 2669 2669 2670 2670 2670 2673 2673 2673 2673 2673 2673 2671 2671 2671 2674 2674 2674 2675 2675 2675 2665 2665 2665 2672 2672 2672 2675 2675 2675 2672 2672 2672 2669 2669 2669 2676 2676 2676 2665 2665 2665 2675 2675 2675 2677 2677 2677 2676 2676 2676 2675 2675 2675 2678 2678 2678 2669 2669 2669 2673 2673 2673 2675 2675 2675 2669 2669 2669 2678 2678 2678 2677 2677 2677 2675 2675 2675 2679 2679 2679 2680 2680 2680 2677 2677 2677 2679 2679 2679 2681 2681 2681 2675 2675 2675 2678 2678 2678 2679 2679 2679 2675 2675 2675 2681 2681 2681 2678 2678 2678 2673 2673 2673 2681 2681 2681 2680 2680 2680 2679 2679 2679 2682 2682 2682 2682 2682 2682 2679 2679 2679 2681 2681 2681 2683 2683 2683 2680 2680 2680 2682 2682 2682 2681 2681 2681 2673 2673 2673 2684 2684 2684 2684 2684 2684 2673 2673 2673 2674 2674 2674 2684 2684 2684 2674 2674 2674 2685 2685 2685 2681 2681 2681 2684 2684 2684 2685 2685 2685 2685 2685 2685 2674 2674 2674 2686 2686 2686 2685 2685 2685 2686 2686 2686 2687 2687 2687 2688 2688 2688 2681 2681 2681 2685 2685 2685 2682 2682 2682 2681 2681 2681 2688 2688 2688 2689 2689 2689 2685 2685 2685 2687 2687 2687 2688 2688 2688 2685 2685 2685 2690 2690 2690 2690 2690 2690 2685 2685 2685 2689 2689 2689 2690 2690 2690 2682 2682 2682 2688 2688 2688 2689 2689 2689 2687 2687 2687 2691 2691 2691 2690 2690 2690 2689 2689 2689 2691 2691 2691 2691 2691 2691 2687 2687 2687 2692 2692 2692 2693 2693 2693 2682 2682 2682 2690 2690 2690 2683 2683 2683 2682 2682 2682 2693 2693 2693 2694 2694 2694 2683 2683 2683 2693 2693 2693 2695 2695 2695 2693 2693 2693 2690 2690 2690 2695 2695 2695 2690 2690 2690 2691 2691 2691 2694 2694 2694 2693 2693 2693 2696 2696 2696 2696 2696 2696 2693 2693 2693 2695 2695 2695 2697 2697 2697 2694 2694 2694 2696 2696 2696 2697 2697 2697 2696 2696 2696 2698 2698 2698 2698 2698 2698 2696 2696 2696 2695 2695 2695 2699 2699 2699 2697 2697 2697 2698 2698 2698 2695 2695 2695 2691 2691 2691 2700 2700 2700 2698 2698 2698 2695 2695 2695 2700 2700 2700 2699 2699 2699 2698 2698 2698 2701 2701 2701 2701 2701 2701 2698 2698 2698 2700 2700 2700 2702 2702 2702 2699 2699 2699 2701 2701 2701 2700 2700 2700 2691 2691 2691 2703 2703 2703 2691 2691 2691 2692 2692 2692 2703 2703 2703 2703 2703 2703 2692 2692 2692 2704 2704 2704 2703 2703 2703 2704 2704 2704 2705 2705 2705 2700 2700 2700 2703 2703 2703 2706 2706 2706 2706 2706 2706 2703 2703 2703 2705 2705 2705 2707 2707 2707 2700 2700 2700 2706 2706 2706 2701 2701 2701 2700 2700 2700 2707 2707 2707 2706 2706 2706 2705 2705 2705 2708 2708 2708 2707 2707 2707 2706 2706 2706 2708 2708 2708 2708 2708 2708 2705 2705 2705 2709 2709 2709 2710 2710 2710 2701 2701 2701 2707 2707 2707 2710 2710 2710 2707 2707 2707 2708 2708 2708 2702 2702 2702 2701 2701 2701 2711 2711 2711 2711 2711 2711 2701 2701 2701 2710 2710 2710 2712 2712 2712 2702 2702 2702 2711 2711 2711 2710 2710 2710 2708 2708 2708 2713 2713 2713 2713 2713 2713 2711 2711 2711 2710 2710 2710 2708 2708 2708 2709 2709 2709 2714 2714 2714 2713 2713 2713 2708 2708 2708 2714 2714 2714 2714 2714 2714 2709 2709 2709 2715 2715 2715 2712 2712 2712 2711 2711 2711 2716 2716 2716 2716 2716 2716 2711 2711 2711 2713 2713 2713 2717 2717 2717 2712 2712 2712 2716 2716 2716 2713 2713 2713 2714 2714 2714 2718 2718 2718 2718 2718 2718 2716 2716 2716 2713 2713 2713 2714 2714 2714 2715 2715 2715 2719 2719 2719 2718 2718 2718 2714 2714 2714 2719 2719 2719 2719 2719 2719 2715 2715 2715 2720 2720 2720 2721 2721 2721 2717 2717 2717 2716 2716 2716 2721 2721 2721 2716 2716 2716 2718 2718 2718 2721 2721 2721 2722 2722 2722 2717 2717 2717 2719 2719 2719 2720 2720 2720 2723 2723 2723 2719 2719 2719 2723 2723 2723 2718 2718 2718 2720 2720 2720 2724 2724 2724 2723 2723 2723 2718 2718 2718 2725 2725 2725 2721 2721 2721 2718 2718 2718 2723 2723 2723 2725 2725 2725 2726 2726 2726 2722 2722 2722 2721 2721 2721 2725 2725 2725 2726 2726 2726 2721 2721 2721 2726 2726 2726 2727 2727 2727 2722 2722 2722 2724 2724 2724 2728 2728 2728 2723 2723 2723 2723 2723 2723 2728 2728 2728 2725 2725 2725 2724 2724 2724 2729 2729 2729 2728 2728 2728 2730 2730 2730 2727 2727 2727 2726 2726 2726 2730 2730 2730 2731 2731 2731 2727 2727 2727 2725 2725 2725 2732 2732 2732 2726 2726 2726 2732 2732 2732 2730 2730 2730 2726 2726 2726 2725 2725 2725 2728 2728 2728 2732 2732 2732 2733 2733 2733 2731 2731 2731 2730 2730 2730 2732 2732 2732 2733 2733 2733 2730 2730 2730 2733 2733 2733 2734 2734 2734 2731 2731 2731 2728 2728 2728 2735 2735 2735 2732 2732 2732 2729 2729 2729 2735 2735 2735 2728 2728 2728 2729 2729 2729 2736 2736 2736 2735 2735 2735 2736 2736 2736 2737 2737 2737 2735 2735 2735 2738 2738 2738 2733 2733 2733 2732 2732 2732 2732 2732 2732 2735 2735 2735 2738 2738 2738 2739 2739 2739 2734 2734 2734 2733 2733 2733 2739 2739 2739 2740 2740 2740 2734 2734 2734 2738 2738 2738 2741 2741 2741 2733 2733 2733 2741 2741 2741 2739 2739 2739 2733 2733 2733 2735 2735 2735 2741 2741 2741 2738 2738 2738 2742 2742 2742 2740 2740 2740 2739 2739 2739 2741 2741 2741 2742 2742 2742 2739 2739 2739 2742 2742 2742 2743 2743 2743 2740 2740 2740 2735 2735 2735 2737 2737 2737 2744 2744 2744 2735 2735 2735 2744 2744 2744 2741 2741 2741 2737 2737 2737 2745 2745 2745 2744 2744 2744 2744 2744 2744 2746 2746 2746 2741 2741 2741 2744 2744 2744 2745 2745 2745 2746 2746 2746 2747 2747 2747 2742 2742 2742 2741 2741 2741 2741 2741 2741 2746 2746 2746 2747 2747 2747 2748 2748 2748 2743 2743 2743 2742 2742 2742 2748 2748 2748 2749 2749 2749 2743 2743 2743 2747 2747 2747 2750 2750 2750 2742 2742 2742 2750 2750 2750 2748 2748 2748 2742 2742 2742 2746 2746 2746 2750 2750 2750 2747 2747 2747 2751 2751 2751 2749 2749 2749 2748 2748 2748 2751 2751 2751 2752 2752 2752 2749 2749 2749 2750 2750 2750 2753 2753 2753 2748 2748 2748 2753 2753 2753 2751 2751 2751 2748 2748 2748 2746 2746 2746 2754 2754 2754 2750 2750 2750 2745 2745 2745 2754 2754 2754 2746 2746 2746 2754 2754 2754 2753 2753 2753 2750 2750 2750 2745 2745 2745 2755 2755 2755 2754 2754 2754 2755 2755 2755 2756 2756 2756 2754 2754 2754 2754 2754 2754 2757 2757 2757 2753 2753 2753 2754 2754 2754 2756 2756 2756 2757 2757 2757 2756 2756 2756 2758 2758 2758 2757 2757 2757 2757 2757 2757 2758 2758 2758 2753 2753 2753 2756 2756 2756 2759 2759 2759 2758 2758 2758 2759 2759 2759 2760 2760 2760 2758 2758 2758 2753 2753 2753 2758 2758 2758 2761 2761 2761 2753 2753 2753 2761 2761 2761 2751 2751 2751 2758 2758 2758 2760 2760 2760 2762 2762 2762 2758 2758 2758 2762 2762 2762 2761 2761 2761 2763 2763 2763 2752 2752 2752 2751 2751 2751 2761 2761 2761 2763 2763 2763 2751 2751 2751 2763 2763 2763 2764 2764 2764 2752 2752 2752 2765 2765 2765 2764 2764 2764 2763 2763 2763 2761 2761 2761 2765 2765 2765 2763 2763 2763 2765 2765 2765 2766 2766 2766 2764 2764 2764 2761 2761 2761 2762 2762 2762 2767 2767 2767 2767 2767 2767 2765 2765 2765 2761 2761 2761 2760 2760 2760 2768 2768 2768 2762 2762 2762 2762 2762 2762 2768 2768 2768 2767 2767 2767 2760 2760 2760 2769 2769 2769 2768 2768 2768 2769 2769 2769 2770 2770 2770 2768 2768 2768 2767 2767 2767 2771 2771 2771 2765 2765 2765 2767 2767 2767 2768 2768 2768 2771 2771 2771 2772 2772 2772 2766 2766 2766 2765 2765 2765 2771 2771 2771 2772 2772 2772 2765 2765 2765 2772 2772 2772 2773 2773 2773 2766 2766 2766 2768 2768 2768 2774 2774 2774 2771 2771 2771 2771 2771 2771 2774 2774 2774 2772 2772 2772 2768 2768 2768 2770 2770 2770 2775 2775 2775 2768 2768 2768 2775 2775 2775 2774 2774 2774 2770 2770 2770 2776 2776 2776 2775 2775 2775 2777 2777 2777 2773 2773 2773 2772 2772 2772 2774 2774 2774 2777 2777 2777 2772 2772 2772 2777 2777 2777 2778 2778 2778 2773 2773 2773 2775 2775 2775 2779 2779 2779 2774 2774 2774 2774 2774 2774 2779 2779 2779 2777 2777 2777 2780 2780 2780 2778 2778 2778 2777 2777 2777 2779 2779 2779 2780 2780 2780 2777 2777 2777 2780 2780 2780 2781 2781 2781 2778 2778 2778 2775 2775 2775 2776 2776 2776 2782 2782 2782 2775 2775 2775 2782 2782 2782 2779 2779 2779 2776 2776 2776 2783 2783 2783 2782 2782 2782 2779 2779 2779 2784 2784 2784 2780 2780 2780 2784 2784 2784 2781 2781 2781 2780 2780 2780 2782 2782 2782 2785 2785 2785 2779 2779 2779 2785 2785 2785 2784 2784 2784 2779 2779 2779 2782 2782 2782 2783 2783 2783 2786 2786 2786 2782 2782 2782 2786 2786 2786 2785 2785 2785 2784 2784 2784 2787 2787 2787 2781 2781 2781 2787 2787 2787 2788 2788 2788 2781 2781 2781 2787 2787 2787 2789 2789 2789 2788 2788 2788 2785 2785 2785 2790 2790 2790 2784 2784 2784 2790 2790 2790 2787 2787 2787 2784 2784 2784 2786 2786 2786 2790 2790 2790 2785 2785 2785 2791 2791 2791 2789 2789 2789 2787 2787 2787 2790 2790 2790 2791 2791 2791 2787 2787 2787 2783 2783 2783 2792 2792 2792 2786 2786 2786 2786 2786 2786 2792 2792 2792 2790 2790 2790 2783 2783 2783 2793 2793 2793 2792 2792 2792 2793 2793 2793 2794 2794 2794 2792 2792 2792 2792 2792 2792 2794 2794 2794 2795 2795 2795 2792 2792 2792 2795 2795 2795 2790 2790 2790 2795 2795 2795 2794 2794 2794 2796 2796 2796 2790 2790 2790 2795 2795 2795 2797 2797 2797 2797 2797 2797 2791 2791 2791 2790 2790 2790 2798 2798 2798 2795 2795 2795 2796 2796 2796 2797 2797 2797 2795 2795 2795 2798 2798 2798 2798 2798 2798 2796 2796 2796 2799 2799 2799 2800 2800 2800 2791 2791 2791 2797 2797 2797 2800 2800 2800 2797 2797 2797 2798 2798 2798 2801 2801 2801 2791 2791 2791 2800 2800 2800 2801 2801 2801 2789 2789 2789 2791 2791 2791 2802 2802 2802 2789 2789 2789 2801 2801 2801 2803 2803 2803 2802 2802 2802 2801 2801 2801 2800 2800 2800 2798 2798 2798 2804 2804 2804 2804 2804 2804 2801 2801 2801 2800 2800 2800 2803 2803 2803 2801 2801 2801 2805 2805 2805 2805 2805 2805 2801 2801 2801 2804 2804 2804 2806 2806 2806 2803 2803 2803 2805 2805 2805 2804 2804 2804 2798 2798 2798 2807 2807 2807 2807 2807 2807 2798 2798 2798 2799 2799 2799 2808 2808 2808 2806 2806 2806 2805 2805 2805 2808 2808 2808 2809 2809 2809 2806 2806 2806 2810 2810 2810 2805 2805 2805 2804 2804 2804 2808 2808 2808 2805 2805 2805 2810 2810 2810 2804 2804 2804 2807 2807 2807 2810 2810 2810 2811 2811 2811 2809 2809 2809 2808 2808 2808 2810 2810 2810 2811 2811 2811 2808 2808 2808 2811 2811 2811 2812 2812 2812 2809 2809 2809 2810 2810 2810 2807 2807 2807 2813 2813 2813 2807 2807 2807 2799 2799 2799 2813 2813 2813 2813 2813 2813 2799 2799 2799 2814 2814 2814 2814 2814 2814 2815 2815 2815 2813 2813 2813 2816 2816 2816 2811 2811 2811 2810 2810 2810 2813 2813 2813 2816 2816 2816 2810 2810 2810 2813 2813 2813 2815 2815 2815 2817 2817 2817 2813 2813 2813 2817 2817 2817 2816 2816 2816 2815 2815 2815 2818 2818 2818 2817 2817 2817 2817 2817 2817 2818 2818 2818 2819 2819 2819 2817 2817 2817 2819 2819 2819 2816 2816 2816 2818 2818 2818 2820 2820 2820 2819 2819 2819 2816 2816 2816 2821 2821 2821 2811 2811 2811 2821 2821 2821 2812 2812 2812 2811 2811 2811 2816 2816 2816 2819 2819 2819 2822 2822 2822 2822 2822 2822 2821 2821 2821 2816 2816 2816 2819 2819 2819 2820 2820 2820 2823 2823 2823 2819 2819 2819 2823 2823 2823 2822 2822 2822 2820 2820 2820 2824 2824 2824 2823 2823 2823 2824 2824 2824 2825 2825 2825 2823 2823 2823 2822 2822 2822 2826 2826 2826 2821 2821 2821 2823 2823 2823 2826 2826 2826 2822 2822 2822 2821 2821 2821 2826 2826 2826 2812 2812 2812 2823 2823 2823 2825 2825 2825 2826 2826 2826 2826 2826 2826 2827 2827 2827 2812 2812 2812 2828 2828 2828 2827 2827 2827 2826 2826 2826 2826 2826 2826 2825 2825 2825 2829 2829 2829 2829 2829 2829 2828 2828 2828 2826 2826 2826 2825 2825 2825 2830 2830 2830 2829 2829 2829 2830 2830 2830 2828 2828 2828 2829 2829 2829 2831 2831 2831 2832 2832 2832 2833 2833 2833 2832 2832 2832 2834 2834 2834 2833 2833 2833 2833 2833 2833 2834 2834 2834 2835 2835 2835 2833 2833 2833 2835 2835 2835 2836 2836 2836 2833 2833 2833 2836 2836 2836 2837 2837 2837 2833 2833 2833 2837 2837 2837 2838 2838 2838 2833 2833 2833 2838 2838 2838 2839 2839 2839 2838 2838 2838 2840 2840 2840 2839 2839 2839 2840 2840 2840 2841 2841 2841 2839 2839 2839 2841 2841 2841 2842 2842 2842 2839 2839 2839 2842 2842 2842 2843 2843 2843 2839 2839 2839 2843 2843 2843 2844 2844 2844 2839 2839 2839 2839 2839 2839 2844 2844 2844 2845 2845 2845 2839 2839 2839 2846 2846 2846 2833 2833 2833 2839 2839 2839 2847 2847 2847 2846 2846 2846 2846 2846 2846 2848 2848 2848 2849 2849 2849 2850 2850 2850 2848 2848 2848 2846 2846 2846 2851 2851 2851 2850 2850 2850 2846 2846 2846 2852 2852 2852 2851 2851 2851 2846 2846 2846 2853 2853 2853 2852 2852 2852 2846 2846 2846 2847 2847 2847 2853 2853 2853 2846 2846 2846 2847 2847 2847 2854 2854 2854 2853 2853 2853 2847 2847 2847 2855 2855 2855 2854 2854 2854 2847 2847 2847 2856 2856 2856 2855 2855 2855 2847 2847 2847 2857 2857 2857 2856 2856 2856 2847 2847 2847 2858 2858 2858 2857 2857 2857 2859 2859 2859 2858 2858 2858 2847 2847 2847 2860 2860 2860 2861 2861 2861 2862 2862 2862 2863 2863 2863 2862 2862 2862 2861 2861 2861 2864 2864 2864 2863 2863 2863 2861 2861 2861 2865 2865 2865 2864 2864 2864 2861 2861 2861 2866 2866 2866 2865 2865 2865 2861 2861 2861 2867 2867 2867 2866 2866 2866 2861 2861 2861 2868 2868 2868 2867 2867 2867 2861 2861 2861 2869 2869 2869 2868 2868 2868 2861 2861 2861 2869 2869 2869 2861 2861 2861 2870 2870 2870 2870 2870 2870 2861 2861 2861 2871 2871 2871 2872 2872 2872 2868 2868 2868 2869 2869 2869 2871 2871 2871 2861 2861 2861 2873 2873 2873 2874 2874 2874 2868 2868 2868 2872 2872 2872 2871 2871 2871 2873 2873 2873 2875 2875 2875 2876 2876 2876 2868 2868 2868 2874 2874 2874 2875 2875 2875 2873 2873 2873 2877 2877 2877 2878 2878 2878 2868 2868 2868 2876 2876 2876 2875 2875 2875 2877 2877 2877 2879 2879 2879 2880 2880 2880 2868 2868 2868 2878 2878 2878 2877 2877 2877 2881 2881 2881 2879 2879 2879 2882 2882 2882 2868 2868 2868 2880 2880 2880 2881 2881 2881 2883 2883 2883 2879 2879 2879 2879 2879 2879 2883 2883 2883 2884 2884 2884 2883 2883 2883 2885 2885 2885 2884 2884 2884 2884 2884 2884 2885 2885 2885 2886 2886 2886 2885 2885 2885 2887 2887 2887 2886 2886 2886 2886 2886 2886 2887 2887 2887 2888 2888 2888 2887 2887 2887 2889 2889 2889 2888 2888 2888 2888 2888 2888 2889 2889 2889 2890 2890 2890 2889 2889 2889 2891 2891 2891 2890 2890 2890 2890 2890 2890 2891 2891 2891 2892 2892 2892 2892 2892 2892 2891 2891 2891 2893 2893 2893 2892 2892 2892 2893 2893 2893 2894 2894 2894 2894 2894 2894 2893 2893 2893 2895 2895 2895 2894 2894 2894 2895 2895 2895 2896 2896 2896 2894 2894 2894 2896 2896 2896 2897 2897 2897 2897 2897 2897 2896 2896 2896 2898 2898 2898 2897 2897 2897 2898 2898 2898 2899 2899 2899 2899 2899 2899 2898 2898 2898 2900 2900 2900 2899 2899 2899 2900 2900 2900 2901 2901 2901 2900 2900 2900 2902 2902 2902 2901 2901 2901 2901 2901 2901 2902 2902 2902 2903 2903 2903 2902 2902 2902 2904 2904 2904 2903 2903 2903 2904 2904 2904 2905 2905 2905 2903 2903 2903 2903 2903 2903 2905 2905 2905 2906 2906 2906 2906 2906 2906 2905 2905 2905 2907 2907 2907 2905 2905 2905 2908 2908 2908 2909 2909 2909 2905 2905 2905 2909 2909 2909 2910 2910 2910 2905 2905 2905 2910 2910 2910 2911 2911 2911 2905 2905 2905 2911 2911 2911 2912 2912 2912 2905 2905 2905 2912 2912 2912 2913 2913 2913 2905 2905 2905 2913 2913 2913 2914 2914 2914 2905 2905 2905 2914 2914 2914 2882 2882 2882 2905 2905 2905 2882 2882 2882 2907 2907 2907 2907 2907 2907 2882 2882 2882 2915 2915 2915 2915 2915 2915 2882 2882 2882 2916 2916 2916 2916 2916 2916 2882 2882 2882 2917 2917 2917 2917 2917 2917 2882 2882 2882 2918 2918 2918 2918 2918 2918 2882 2882 2882 2880 2880 2880 2919 2919 2919 2920 2920 2920 2921 2921 2921 2919 2919 2919 2922 2922 2922 2920 2920 2920 2919 2919 2919 2921 2921 2921 2923 2923 2923 2919 2919 2919 2924 2924 2924 2922 2922 2922 2925 2925 2925 2919 2919 2919 2923 2923 2923 2922 2922 2922 2924 2924 2924 2926 2926 2926 2925 2925 2925 2923 2923 2923 2927 2927 2927 2926 2926 2926 2924 2924 2924 2928 2928 2928 2925 2925 2925 2927 2927 2927 2929 2929 2929 2928 2928 2928 2924 2924 2924 2930 2930 2930 2931 2931 2931 2925 2925 2925 2929 2929 2929 2924 2924 2924 2932 2932 2932 2930 2930 2930 2931 2931 2931 2929 2929 2929 2933 2933 2933 2930 2930 2930 2932 2932 2932 2934 2934 2934 2931 2931 2931 2933 2933 2933 2935 2935 2935 2934 2934 2934 2932 2932 2932 2936 2936 2936 2937 2937 2937 2931 2931 2931 2935 2935 2935 2936 2936 2936 2932 2932 2932 2938 2938 2938 2937 2937 2937 2935 2935 2935 2939 2939 2939 2932 2932 2932 2940 2940 2940 2938 2938 2938 2941 2941 2941 2937 2937 2937 2939 2939 2939 2938 2938 2938 2940 2940 2940 2942 2942 2942 2941 2941 2941 2939 2939 2939 2943 2943 2943 2942 2942 2942 2940 2940 2940 2944 2944 2944 2941 2941 2941 2943 2943 2943 2945 2945 2945 2944 2944 2944 2940 2940 2940 2946 2946 2946 2947 2947 2947 2941 2941 2941 2945 2945 2945 2940 2940 2940 2948 2948 2948 2946 2946 2946 2947 2947 2947 2945 2945 2945 2949 2949 2949 2946 2946 2946 2948 2948 2948 2950 2950 2950 2951 2951 2951 2947 2947 2947 2949 2949 2949 2950 2950 2950 2948 2948 2948 2952 2952 2952 2951 2951 2951 2949 2949 2949 2953 2953 2953 2952 2952 2952 2948 2948 2948 2954 2954 2954 2955 2955 2955 2951 2951 2951 2953 2953 2953 2954 2954 2954 2948 2948 2948 2956 2956 2956 2955 2955 2955 2953 2953 2953 2957 2957 2957 2958 2958 2958 2955 2955 2955 2957 2957 2957 2958 2958 2958 2957 2957 2957 2959 2959 2959 2960 2960 2960 2958 2958 2958 2959 2959 2959 2960 2960 2960 2959 2959 2959 2961 2961 2961 2962 2962 2962 2960 2960 2960 2961 2961 2961 2963 2963 2963 2960 2960 2960 2962 2962 2962 2964 2964 2964 2963 2963 2963 2962 2962 2962 2965 2965 2965 2963 2963 2963 2964 2964 2964 2966 2966 2966 2963 2963 2963 2965 2965 2965 2967 2967 2967 2966 2966 2966 2965 2965 2965 2968 2968 2968 2966 2966 2966 2967 2967 2967 2969 2969 2969 2968 2968 2968 2967 2967 2967 2970 2970 2970 2968 2968 2968 2969 2969 2969 2971 2971 2971 2970 2970 2970 2969 2969 2969 2972 2972 2972 2970 2970 2970 2971 2971 2971 2973 2973 2973 2972 2972 2972 2971 2971 2971 2974 2974 2974 2972 2972 2972 2973 2973 2973 2975 2975 2975 2974 2974 2974 2973 2973 2973 2976 2976 2976 2974 2974 2974 2975 2975 2975 2977 2977 2977 2976 2976 2976 2975 2975 2975 2978 2978 2978 2976 2976 2976 2977 2977 2977 2979 2979 2979 2978 2978 2978 2977 2977 2977 2980 2980 2980 2978 2978 2978 2979 2979 2979 2981 2981 2981 2978 2978 2978 2980 2980 2980 2982 2982 2982 2981 2981 2981 2980 2980 2980 2983 2983 2983 2981 2981 2981 2982 2982 2982 2984 2984 2984 2983 2983 2983 2982 2982 2982 2985 2985 2985 2983 2983 2983 2984 2984 2984 2986 2986 2986 2983 2983 2983 2985 2985 2985 2986 2986 2986 2985 2985 2985 2987 2987 2987 2986 2986 2986 2987 2987 2987 2988 2988 2988 2989 2989 2989 2986 2986 2986 2988 2988 2988 2989 2989 2989 2988 2988 2988 2990 2990 2990 2989 2989 2989 2990 2990 2990 2991 2991 2991 2992 2992 2992 2989 2989 2989 2991 2991 2991 2992 2992 2992 2991 2991 2991 2993 2993 2993 2992 2992 2992 2993 2993 2993 2994 2994 2994 2992 2992 2992 2994 2994 2994 2995 2995 2995 2996 2996 2996 2992 2992 2992 2995 2995 2995 2996 2996 2996 2995 2995 2995 2997 2997 2997 2996 2996 2996 2997 2997 2997 2998 2998 2998 2996 2996 2996 2998 2998 2998 2999 2999 2999 2996 2996 2996 2999 2999 2999 3000 3000 3000 3001 3001 3001 2996 2996 2996 3000 3000 3000 3001 3001 3001 3000 3000 3000 3002 3002 3002 3001 3001 3001 3002 3002 3002 3003 3003 3003 3001 3001 3001 3003 3003 3003 3004 3004 3004 3005 3005 3005 3001 3001 3001 3004 3004 3004 2956 2956 2956 3001 3001 3001 3005 3005 3005 2948 2948 2948 3001 3001 3001 2956 2956 2956 3006 3006 3006 3007 3007 3007 3008 3008 3008 3009 3009 3009 3006 3006 3006 3008 3008 3008 3006 3006 3006 3010 3010 3010 3007 3007 3007 3011 3011 3011 3006 3006 3006 3009 3009 3009 3010 3010 3010 3006 3006 3006 3011 3011 3011 3012 3012 3012 3013 3013 3013 3014 3014 3014 3013 3013 3013 3012 3012 3012 3015 3015 3015 3014 3014 3014 3013 3013 3013 3016 3016 3016 3013 3013 3013 3015 3015 3015 3017 3017 3017 3016 3016 3016 3013 3013 3013 3017 3017 3017 3018 3018 3018 3019 3019 3019 3020 3020 3020 3021 3021 3021 3018 3018 3018 3020 3020 3020 3019 3019 3019 3022 3022 3022 3020 3020 3020 3021 3021 3021 3020 3020 3020 3023 3023 3023 3020 3020 3020 3022 3022 3022 3024 3024 3024 3025 3025 3025 3021 3021 3021 3023 3023 3023 3022 3022 3022 3026 3026 3026 3024 3024 3024 3025 3025 3025 3023 3023 3023 3027 3027 3027 3026 3026 3026 3028 3028 3028 3024 3024 3024 3025 3025 3025 3027 3027 3027 3029 3029 3029 3028 3028 3028 3030 3030 3030 3024 3024 3024 3025 3025 3025 3029 3029 3029 3031 3031 3031 3030 3030 3030 3032 3032 3032 3024 3024 3024 3033 3033 3033 3025 3025 3025 3031 3031 3031 3024 3024 3024 3032 3032 3032 3034 3034 3034 3035 3035 3035 3025 3025 3025 3033 3033 3033 3032 3032 3032 3036 3036 3036 3034 3034 3034 3037 3037 3037 3025 3025 3025 3035 3035 3035 3034 3034 3034 3036 3036 3036 3038 3038 3038 3039 3039 3039 3025 3025 3025 3037 3037 3037 3038 3038 3038 3036 3036 3036 3040 3040 3040 3041 3041 3041 3039 3039 3039 3037 3037 3037 3040 3040 3040 3036 3036 3036 3042 3042 3042 3043 3043 3043 3041 3041 3041 3037 3037 3037 3036 3036 3036 3044 3044 3044 3042 3042 3042 3045 3045 3045 3043 3043 3043 3037 3037 3037 3036 3036 3036 3046 3046 3046 3044 3044 3044 3047 3047 3047 3043 3043 3043 3045 3045 3045 3036 3036 3036 3048 3048 3048 3046 3046 3046 3047 3047 3047 3045 3045 3045 3049 3049 3049 3036 3036 3036 3050 3050 3050 3048 3048 3048 3051 3051 3051 3047 3047 3047 3049 3049 3049 3050 3050 3050 3052 3052 3052 3048 3048 3048 3051 3051 3051 3049 3049 3049 3053 3053 3053 3052 3052 3052 3054 3054 3054 3048 3048 3048 3055 3055 3055 3051 3051 3051 3053 3053 3053 3048 3048 3048 3054 3054 3054 3056 3056 3056 3055 3055 3055 3053 3053 3053 3057 3057 3057 3054 3054 3054 3058 3058 3058 3056 3056 3056 3059 3059 3059 3055 3055 3055 3057 3057 3057 3056 3056 3056 3058 3058 3058 3060 3060 3060 3061 3061 3061 3059 3059 3059 3057 3057 3057 3058 3058 3058 3062 3062 3062 3060 3060 3060 3063 3063 3063 3059 3059 3059 3061 3061 3061 3060 3060 3060 3062 3062 3062 3064 3064 3064 3065 3065 3065 3063 3063 3063 3061 3061 3061 3062 3062 3062 3066 3066 3066 3064 3064 3064 3065 3065 3065 3067 3067 3067 3063 3063 3063 3064 3064 3064 3066 3066 3066 3068 3068 3068 3069 3069 3069 3067 3067 3067 3065 3065 3065 3066 3066 3066 3070 3070 3070 3068 3068 3068 3071 3071 3071 3069 3069 3069 3065 3065 3065 3070 3070 3070 3072 3072 3072 3068 3068 3068 3073 3073 3073 3069 3069 3069 3071 3071 3071 3070 3070 3070 3074 3074 3074 3072 3072 3072 3075 3075 3075 3073 3073 3073 3071 3071 3071 3074 3074 3074 3076 3076 3076 3072 3072 3072 3077 3077 3077 3073 3073 3073 3075 3075 3075 3078 3078 3078 3076 3076 3076 3074 3074 3074 3079 3079 3079 3077 3077 3077 3075 3075 3075 3078 3078 3078 3080 3080 3080 3076 3076 3076 3077 3077 3077 3079 3079 3079 3081 3081 3081 3080 3080 3080 3081 3081 3081 3076 3076 3076 3080 3080 3080 3077 3077 3077 3081 3081 3081 3082 3082 3082 3083 3083 3083 3084 3084 3084 3085 3085 3085 3082 3082 3082 3084 3084 3084 3084 3084 3084 3083 3083 3083 3086 3086 3086 3087 3087 3087 3085 3085 3085 3084 3084 3084 3084 3084 3084 3086 3086 3086 3088 3088 3088 3089 3089 3089 3085 3085 3085 3087 3087 3087 3089 3089 3089 3090 3090 3090 3085 3085 3085 3089 3089 3089 3091 3091 3091 3090 3090 3090 3092 3092 3092 3091 3091 3091 3089 3089 3089 3087 3087 3087 3084 3084 3084 3093 3093 3093 3093 3093 3093 3089 3089 3089 3087 3087 3087 3093 3093 3093 3084 3084 3084 3088 3088 3088 3094 3094 3094 3092 3092 3092 3089 3089 3089 3094 3094 3094 3089 3089 3089 3093 3093 3093 3095 3095 3095 3092 3092 3092 3094 3094 3094 3093 3093 3093 3088 3088 3088 3096 3096 3096 3088 3088 3088 3086 3086 3086 3096 3096 3096 3086 3086 3086 3097 3097 3097 3096 3096 3096 3098 3098 3098 3094 3094 3094 3093 3093 3093 3093 3093 3093 3096 3096 3096 3098 3098 3098 3099 3099 3099 3095 3095 3095 3094 3094 3094 3099 3099 3099 3094 3094 3094 3098 3098 3098 3100 3100 3100 3095 3095 3095 3099 3099 3099 3098 3098 3098 3100 3100 3100 3099 3099 3099 3100 3100 3100 3101 3101 3101 3095 3095 3095 3102 3102 3102 3101 3101 3101 3100 3100 3100 3103 3103 3103 3102 3102 3102 3100 3100 3100 3104 3104 3104 3102 3102 3102 3103 3103 3103 3100 3100 3100 3104 3104 3104 3103 3103 3103 3105 3105 3105 3100 3100 3100 3098 3098 3098 3105 3105 3105 3104 3104 3104 3100 3100 3100 3098 3098 3098 3096 3096 3096 3105 3105 3105 3106 3106 3106 3104 3104 3104 3105 3105 3105 3106 3106 3106 3107 3107 3107 3104 3104 3104 3096 3096 3096 3108 3108 3108 3105 3105 3105 3096 3096 3096 3097 3097 3097 3108 3108 3108 3105 3105 3105 3109 3109 3109 3106 3106 3106 3108 3108 3108 3109 3109 3109 3105 3105 3105 3109 3109 3109 3107 3107 3107 3106 3106 3106 3108 3108 3108 3097 3097 3097 3109 3109 3109 3109 3109 3109 3110 3110 3110 3107 3107 3107 3097 3097 3097 3110 3110 3110 3109 3109 3109 3110 3110 3110 3111 3111 3111 3107 3107 3107 3097 3097 3097 3111 3111 3111 3110 3110 3110 3112 3112 3112 3113 3113 3113 3114 3114 3114 3115 3115 3115 3112 3112 3112 3114 3114 3114 3114 3114 3114 3113 3113 3113 3116 3116 3116 3115 3115 3115 3114 3114 3114 3117 3117 3117 3113 3113 3113 3118 3118 3118 3116 3116 3116 3119 3119 3119 3115 3115 3115 3117 3117 3117 3116 3116 3116 3118 3118 3118 3120 3120 3120 3119 3119 3119 3117 3117 3117 3121 3121 3121 3118 3118 3118 3122 3122 3122 3120 3120 3120 3123 3123 3123 3119 3119 3119 3121 3121 3121 3120 3120 3120 3122 3122 3122 3124 3124 3124 3123 3123 3123 3121 3121 3121 3125 3125 3125 3122 3122 3122 3126 3126 3126 3124 3124 3124 3127 3127 3127 3123 3123 3123 3125 3125 3125 3124 3124 3124 3126 3126 3126 3128 3128 3128 3127 3127 3127 3125 3125 3125 3129 3129 3129 3126 3126 3126 3130 3130 3130 3128 3128 3128 3131 3131 3131 3127 3127 3127 3129 3129 3129 3128 3128 3128 3130 3130 3130 3132 3132 3132 3131 3131 3131 3129 3129 3129 3133 3133 3133 3130 3130 3130 3134 3134 3134 3132 3132 3132 3135 3135 3135 3131 3131 3131 3133 3133 3133 3132 3132 3132 3134 3134 3134 3136 3136 3136 3135 3135 3135 3133 3133 3133 3137 3137 3137 3134 3134 3134 3138 3138 3138 3136 3136 3136 3139 3139 3139 3135 3135 3135 3137 3137 3137 3134 3134 3134 3140 3140 3140 3138 3138 3138 3139 3139 3139 3137 3137 3137 3141 3141 3141 3140 3140 3140 3142 3142 3142 3138 3138 3138 3143 3143 3143 3139 3139 3139 3141 3141 3141 3140 3140 3140 3144 3144 3144 3142 3142 3142 3145 3145 3145 3139 3139 3139 3143 3143 3143 3144 3144 3144 3146 3146 3146 3142 3142 3142 3147 3147 3147 3145 3145 3145 3143 3143 3143 3144 3144 3144 3148 3148 3148 3146 3146 3146 3149 3149 3149 3145 3145 3145 3147 3147 3147 3148 3148 3148 3150 3150 3150 3146 3146 3146 3151 3151 3151 3149 3149 3149 3147 3147 3147 3148 3148 3148 3152 3152 3152 3150 3150 3150 3153 3153 3153 3149 3149 3149 3151 3151 3151 3152 3152 3152 3154 3154 3154 3150 3150 3150 3155 3155 3155 3153 3153 3153 3151 3151 3151 3152 3152 3152 3156 3156 3156 3154 3154 3154 3157 3157 3157 3153 3153 3153 3155 3155 3155 3156 3156 3156 3158 3158 3158 3154 3154 3154 3159 3159 3159 3157 3157 3157 3155 3155 3155 3156 3156 3156 3160 3160 3160 3158 3158 3158 3161 3161 3161 3157 3157 3157 3159 3159 3159 3160 3160 3160 3162 3162 3162 3158 3158 3158 3162 3162 3162 3161 3161 3161 3159 3159 3159 3160 3160 3160 3163 3163 3163 3162 3162 3162 3163 3163 3163 3161 3161 3161 3162 3162 3162 3164 3164 3164 3165 3165 3165 3166 3166 3166 3164 3164 3164 3166 3166 3166 3167 3167 3167 3168 3168 3168 3165 3165 3165 3164 3164 3164 3164 3164 3164 3167 3167 3167 3168 3168 3168 3168 3168 3168 3169 3169 3169 3165 3165 3165 3170 3170 3170 3169 3169 3169 3168 3168 3168 3168 3168 3168 3167 3167 3167 3171 3171 3171 3170 3170 3170 3168 3168 3168 3172 3172 3172 3172 3172 3172 3168 3168 3168 3171 3171 3171 3171 3171 3171 3167 3167 3167 3173 3173 3173 3173 3173 3173 3167 3167 3167 3174 3174 3174 3173 3173 3173 3174 3174 3174 3175 3175 3175 3171 3171 3171 3173 3173 3173 3175 3175 3175 3176 3176 3176 3170 3170 3170 3172 3172 3172 3177 3177 3177 3170 3170 3170 3176 3176 3176 3172 3172 3172 3171 3171 3171 3178 3178 3178 3171 3171 3171 3175 3175 3175 3178 3178 3178 3176 3176 3176 3172 3172 3172 3179 3179 3179 3179 3179 3179 3172 3172 3172 3178 3178 3178 3180 3180 3180 3177 3177 3177 3176 3176 3176 3180 3180 3180 3176 3176 3176 3179 3179 3179 3181 3181 3181 3177 3177 3177 3180 3180 3180 3182 3182 3182 3181 3181 3181 3180 3180 3180 3182 3182 3182 3180 3180 3180 3183 3183 3183 3184 3184 3184 3182 3182 3182 3183 3183 3183 3180 3180 3180 3179 3179 3179 3185 3185 3185 3183 3183 3183 3180 3180 3180 3185 3185 3185 3178 3178 3178 3186 3186 3186 3179 3179 3179 3178 3178 3178 3175 3175 3175 3186 3186 3186 3179 3179 3179 3187 3187 3187 3185 3185 3185 3179 3179 3179 3186 3186 3186 3187 3187 3187 3186 3186 3186 3175 3175 3175 3188 3188 3188 3188 3188 3188 3175 3175 3175 3189 3189 3189 3188 3188 3188 3189 3189 3189 3186 3186 3186 3186 3186 3186 3189 3189 3189 3190 3190 3190 3186 3186 3186 3190 3190 3190 3191 3191 3191 3187 3187 3187 3186 3186 3186 3191 3191 3191 3187 3187 3187 3191 3191 3191 3192 3192 3192 3193 3193 3193 3187 3187 3187 3192 3192 3192 3185 3185 3185 3187 3187 3187 3193 3193 3193 3193 3193 3193 3192 3192 3192 3194 3194 3194 3185 3185 3185 3193 3193 3193 3195 3195 3195 3183 3183 3183 3185 3185 3185 3195 3195 3195 3196 3196 3196 3193 3193 3193 3194 3194 3194 3195 3195 3195 3193 3193 3193 3196 3196 3196 3196 3196 3196 3194 3194 3194 3197 3197 3197 3198 3198 3198 3183 3183 3183 3195 3195 3195 3198 3198 3198 3184 3184 3184 3183 3183 3183 3196 3196 3196 3197 3197 3197 3199 3199 3199 3195 3195 3195 3196 3196 3196 3199 3199 3199 3197 3197 3197 3200 3200 3200 3199 3199 3199 3198 3198 3198 3195 3195 3195 3201 3201 3201 3201 3201 3201 3195 3195 3195 3199 3199 3199 3202 3202 3202 3184 3184 3184 3198 3198 3198 3202 3202 3202 3203 3203 3203 3184 3184 3184 3201 3201 3201 3204 3204 3204 3198 3198 3198 3204 3204 3204 3202 3202 3202 3198 3198 3198 3199 3199 3199 3204 3204 3204 3201 3201 3201 3202 3202 3202 3205 3205 3205 3203 3203 3203 3204 3204 3204 3205 3205 3205 3202 3202 3202 3205 3205 3205 3206 3206 3206 3203 3203 3203 3205 3205 3205 3207 3207 3207 3206 3206 3206 3199 3199 3199 3200 3200 3200 3208 3208 3208 3199 3199 3199 3208 3208 3208 3204 3204 3204 3200 3200 3200 3209 3209 3209 3208 3208 3208 3208 3208 3208 3209 3209 3209 3210 3210 3210 3208 3208 3208 3210 3210 3210 3204 3204 3204 3209 3209 3209 3211 3211 3211 3210 3210 3210 3204 3204 3204 3210 3210 3210 3212 3212 3212 3212 3212 3212 3205 3205 3205 3204 3204 3204 3210 3210 3210 3211 3211 3211 3213 3213 3213 3210 3210 3210 3213 3213 3213 3212 3212 3212 3211 3211 3211 3214 3214 3214 3213 3213 3213 3212 3212 3212 3215 3215 3215 3205 3205 3205 3212 3212 3212 3213 3213 3213 3215 3215 3215 3215 3215 3215 3216 3216 3216 3205 3205 3205 3216 3216 3216 3207 3207 3207 3205 3205 3205 3213 3213 3213 3217 3217 3217 3215 3215 3215 3215 3215 3215 3217 3217 3217 3216 3216 3216 3213 3213 3213 3214 3214 3214 3217 3217 3217 3216 3216 3216 3218 3218 3218 3207 3207 3207 3217 3217 3217 3218 3218 3218 3216 3216 3216 3218 3218 3218 3219 3219 3219 3207 3207 3207 3214 3214 3214 3220 3220 3220 3217 3217 3217 3217 3217 3217 3220 3220 3220 3218 3218 3218 3214 3214 3214 3221 3221 3221 3220 3220 3220 3220 3220 3220 3222 3222 3222 3218 3218 3218 3222 3222 3222 3219 3219 3219 3218 3218 3218 3221 3221 3221 3223 3223 3223 3220 3220 3220 3220 3220 3220 3223 3223 3223 3222 3222 3222 3221 3221 3221 3224 3224 3224 3223 3223 3223 3223 3223 3223 3225 3225 3225 3222 3222 3222 3223 3223 3223 3224 3224 3224 3225 3225 3225 3222 3222 3222 3225 3225 3225 3219 3219 3219 3224 3224 3224 3226 3226 3226 3225 3225 3225 3225 3225 3225 3226 3226 3226 3219 3219 3219 3224 3224 3224 3227 3227 3227 3226 3226 3226 3226 3226 3226 3227 3227 3227 3219 3219 3219 3228 3228 3228 3229 3229 3229 3230 3230 3230 3230 3230 3230 3231 3231 3231 3228 3228 3228 3232 3232 3232 3233 3233 3233 3234 3234 3234 3235 3235 3235 3233 3233 3233 3232 3232 3232 3236 3236 3236 3237 3237 3237 3238 3238 3238 3239 3239 3239 3236 3236 3236 3238 3238 3238 3240 3240 3240 3241 3241 3241 3242 3242 3242 3240 3240 3240 3242 3242 3242 3243 3243 3243 3243 3243 3243 3242 3242 3242 3244 3244 3244 3243 3243 3243 3244 3244 3244 3245 3245 3245 3245 3245 3245 3244 3244 3244 3246 3246 3246 3246 3246 3246 3244 3244 3244 3247 3247 3247 3246 3246 3246 3247 3247 3247 3248 3248 3248 3246 3246 3246 3248 3248 3248 3249 3249 3249 3249 3249 3249 3248 3248 3248 3250 3250 3250 3250 3250 3250 3248 3248 3248 3251 3251 3251 3250 3250 3250 3251 3251 3251 3252 3252 3252 3250 3250 3250 3252 3252 3252 3253 3253 3253 3253 3253 3253 3252 3252 3252 3254 3254 3254 3253 3253 3253 3254 3254 3254 3255 3255 3255 3255 3255 3255 3254 3254 3254 3256 3256 3256 3256 3256 3256 3254 3254 3254 3257 3257 3257 3256 3256 3256 3257 3257 3257 3258 3258 3258 3256 3256 3256 3258 3258 3258 3259 3259 3259 3259 3259 3259 3258 3258 3258 3260 3260 3260 3259 3259 3259 3260 3260 3260 3261 3261 3261 3261 3261 3261 3260 3260 3260 3262 3262 3262 3262 3262 3262 3260 3260 3260 3263 3263 3263 3262 3262 3262 3263 3263 3263 3264 3264 3264 3264 3264 3264 3263 3263 3263 3265 3265 3265 3264 3264 3264 3265 3265 3265 3266 3266 3266 3264 3264 3264 3266 3266 3266 3267 3267 3267 3267 3267 3267 3266 3266 3266 3268 3268 3268 3267 3267 3267 3268 3268 3268 3269 3269 3269 3269 3269 3269 3268 3268 3268 3270 3270 3270 3269 3269 3269 3270 3270 3270 3271 3271 3271 3271 3271 3271 3270 3270 3270 3272 3272 3272 3271 3271 3271 3272 3272 3272 3273 3273 3273 3273 3273 3273 3272 3272 3272 3274 3274 3274 3273 3273 3273 3274 3274 3274 3275 3275 3275 3275 3275 3275 3274 3274 3274 3276 3276 3276 3276 3276 3276 3274 3274 3274 3277 3277 3277 3276 3276 3276 3277 3277 3277 3278 3278 3278 3276 3276 3276 3278 3278 3278 3279 3279 3279 3279 3279 3279 3278 3278 3278 3280 3280 3280 3279 3279 3279 3280 3280 3280 3281 3281 3281 3281 3281 3281 3280 3280 3280 3282 3282 3282 3281 3281 3281 3282 3282 3282 3283 3283 3283 3283 3283 3283 3282 3282 3282 3284 3284 3284 3284 3284 3284 3282 3282 3282 3285 3285 3285 3284 3284 3284 3285 3285 3285 3286 3286 3286 3284 3284 3284 3286 3286 3286 3287 3287 3287 3287 3287 3287 3286 3286 3286 3288 3288 3288 3288 3288 3288 3286 3286 3286 3289 3289 3289 3288 3288 3288 3289 3289 3289 3290 3290 3290 3288 3288 3288 3290 3290 3290 3291 3291 3291 3291 3291 3291 3290 3290 3290 3292 3292 3292 3291 3291 3291 3292 3292 3292 3293 3293 3293 3294 3294 3294 3295 3295 3295 3296 3296 3296 3297 3297 3297 3294 3294 3294 3296 3296 3296 3297 3297 3297 3296 3296 3296 3298 3298 3298 3297 3297 3297 3298 3298 3298 3299 3299 3299 3300 3300 3300 3297 3297 3297 3299 3299 3299 3300 3300 3300 3299 3299 3299 3301 3301 3301 3302 3302 3302 3300 3300 3300 3301 3301 3301 3302 3302 3302 3301 3301 3301 3303 3303 3303 3304 3304 3304 3302 3302 3302 3303 3303 3303 3304 3304 3304 3303 3303 3303 3305 3305 3305 3306 3306 3306 3304 3304 3304 3305 3305 3305 3306 3306 3306 3305 3305 3305 3307 3307 3307 3308 3308 3308 3309 3309 3309 3310 3310 3310 3311 3311 3311 3308 3308 3308 3310 3310 3310 3311 3311 3311 3310 3310 3310 3312 3312 3312 3313 3313 3313 3311 3311 3311 3312 3312 3312 3313 3313 3313 3312 3312 3312 3314 3314 3314 3313 3313 3313 3314 3314 3314 3315 3315 3315 3316 3316 3316 3313 3313 3313 3315 3315 3315 3316 3316 3316 3315 3315 3315 3317 3317 3317 3318 3318 3318 3316 3316 3316 3317 3317 3317 3318 3318 3318 3317 3317 3317 3319 3319 3319 3318 3318 3318 3319 3319 3319 3320 3320 3320 3321 3321 3321 3318 3318 3318 3320 3320 3320 3321 3321 3321 3320 3320 3320 3322 3322 3322 3323 3323 3323 3321 3321 3321 3322 3322 3322 3323 3323 3323 3322 3322 3322 3324 3324 3324 3323 3323 3323 3324 3324 3324 3325 3325 3325 3326 3326 3326 3323 3323 3323 3325 3325 3325 3326 3326 3326 3325 3325 3325 3327 3327 3327 3328 3328 3328 3329 3329 3329 3330 3330 3330 3331 3331 3331 3328 3328 3328 3330 3330 3330 3331 3331 3331 3330 3330 3330 3332 3332 3332 3331 3331 3331 3332 3332 3332 3333 3333 3333 3334 3334 3334 3331 3331 3331 3333 3333 3333 3334 3334 3334 3333 3333 3333 3335 3335 3335 3336 3336 3336 3334 3334 3334 3335 3335 3335 3336 3336 3336 3335 3335 3335 3337 3337 3337 3336 3336 3336 3337 3337 3337 3338 3338 3338 3339 3339 3339 3336 3336 3336 3338 3338 3338 3339 3339 3339 3338 3338 3338 3340 3340 3340 3341 3341 3341 3342 3342 3342 3343 3343 3343 3344 3344 3344 3341 3341 3341 3343 3343 3343 3344 3344 3344 3343 3343 3343 3345 3345 3345 3346 3346 3346 3344 3344 3344 3345 3345 3345 3346 3346 3346 3345 3345 3345 3347 3347 3347 3348 3348 3348 3346 3346 3346 3347 3347 3347 3348 3348 3348 3347 3347 3347 3349 3349 3349 3350 3350 3350 3348 3348 3348 3349 3349 3349 3350 3350 3350 3349 3349 3349 3351 3351 3351 3352 3352 3352 3350 3350 3350 3351 3351 3351 3352 3352 3352 3351 3351 3351 3353 3353 3353 3354 3354 3354 3352 3352 3352 3353 3353 3353 3354 3354 3354 3353 3353 3353 3355 3355 3355 3356 3356 3356 3354 3354 3354 3355 3355 3355 3355 3355 3355 3353 3353 3353 3357 3357 3357 3358 3358 3358 3359 3359 3359 3360 3360 3360 3361 3361 3361 3358 3358 3358 3360 3360 3360 3361 3361 3361 3360 3360 3360 3362 3362 3362 3363 3363 3363 3361 3361 3361 3362 3362 3362 3363 3363 3363 3362 3362 3362 3364 3364 3364 3363 3363 3363 3364 3364 3364 3365 3365 3365 3366 3366 3366 3363 3363 3363 3365 3365 3365 3366 3366 3366 3365 3365 3365 3367 3367 3367 3368 3368 3368 3366 3366 3366 3367 3367 3367 3368 3368 3368 3367 3367 3367 3369 3369 3369 3368 3368 3368 3369 3369 3369 3370 3370 3370 3371 3371 3371 3368 3368 3368 3370 3370 3370 3371 3371 3371 3370 3370 3370 3372 3372 3372 3373 3373 3373 3371 3371 3371 3372 3372 3372 3373 3373 3373 3372 3372 3372 3374 3374 3374 3373 3373 3373 3374 3374 3374 3375 3375 3375 3376 3376 3376 3373 3373 3373 3375 3375 3375 3376 3376 3376 3375 3375 3375 3377 3377 3377 3378 3378 3378 3379 3379 3379 3380 3380 3380 3381 3381 3381 3378 3378 3378 3380 3380 3380 3381 3381 3381 3380 3380 3380 3382 3382 3382 3383 3383 3383 3381 3381 3381 3382 3382 3382 3383 3383 3383 3382 3382 3382 3384 3384 3384 3385 3385 3385 3383 3383 3383 3384 3384 3384 3385 3385 3385 3384 3384 3384 3386 3386 3386 3387 3387 3387 3385 3385 3385 3386 3386 3386 3387 3387 3387 3386 3386 3386 3388 3388 3388 3389 3389 3389 3387 3387 3387 3388 3388 3388 3389 3389 3389 3388 3388 3388 3390 3390 3390 3391 3391 3391 3389 3389 3389 3390 3390 3390 3391 3391 3391 3390 3390 3390 3392 3392 3392 3393 3393 3393 3391 3391 3391 3392 3392 3392 3394 3394 3394 3395 3395 3395 3396 3396 3396 3395 3395 3395 3397 3397 3397 3396 3396 3396 3397 3397 3397 3398 3398 3398 3396 3396 3396 3397 3397 3397 3399 3399 3399 3398 3398 3398 3400 3400 3400 3399 3399 3399 3397 3397 3397 3400 3400 3400 3401 3401 3401 3399 3399 3399 3400 3400 3400 3402 3402 3402 3401 3401 3401 3400 3400 3400 3403 3403 3403 3402 3402 3402 3404 3404 3404 3405 3405 3405 3400 3400 3400 3406 3406 3406 3404 3404 3404 3400 3400 3400 3407 3407 3407 3406 3406 3406 3400 3400 3400 3407 3407 3407 3400 3400 3400 3397 3397 3397 3407 3407 3407 3397 3397 3397 3408 3408 3408 3409 3409 3409 3407 3407 3407 3408 3408 3408 3407 3407 3407 3409 3409 3409 3410 3410 3410 3410 3410 3410 3409 3409 3409 3411 3411 3411 3412 3412 3412 3409 3409 3409 3408 3408 3408 3413 3413 3413 3409 3409 3409 3412 3412 3412 3414 3414 3414 3413 3413 3413 3412 3412 3412 3415 3415 3415 3414 3414 3414 3412 3412 3412 3416 3416 3416 3412 3412 3412 3417 3417 3417 3417 3417 3417 3412 3412 3412 3418 3418 3418 3418 3418 3418 3412 3412 3412 3419 3419 3419 3419 3419 3419 3412 3412 3412 3408 3408 3408 3419 3419 3419 3408 3408 3408 3420 3420 3420 3420 3420 3420 3408 3408 3408 3421 3421 3421 3408 3408 3408 3422 3422 3422 3421 3421 3421 3422 3422 3422 3423 3423 3423 3421 3421 3421 3424 3424 3424 3425 3425 3425 3426 3426 3426 3427 3427 3427 3424 3424 3424 3426 3426 3426 3427 3427 3427 3426 3426 3426 3428 3428 3428 3429 3429 3429 3427 3427 3427 3428 3428 3428 3430 3430 3430 3429 3429 3429 3428 3428 3428 3430 3430 3430 3428 3428 3428 3431 3431 3431 3432 3432 3432 3430 3430 3430 3431 3431 3431 3432 3432 3432 3431 3431 3431 3433 3433 3433 3434 3434 3434 3432 3432 3432 3433 3433 3433 3434 3434 3434 3433 3433 3433 3435 3435 3435 3436 3436 3436 3434 3434 3434 3435 3435 3435 3436 3436 3436 3435 3435 3435 3437 3437 3437 3436 3436 3436 3437 3437 3437 3438 3438 3438 3439 3439 3439 3436 3436 3436 3438 3438 3438 3440 3440 3440 3441 3441 3441 3442 3442 3442 3440 3440 3440 3442 3442 3442 3443 3443 3443 3444 3444 3444 3440 3440 3440 3443 3443 3443 3444 3444 3444 3443 3443 3443 3445 3445 3445 3446 3446 3446 3444 3444 3444 3445 3445 3445 3447 3447 3447 3446 3446 3446 3445 3445 3445 3447 3447 3447 3445 3445 3445 3448 3448 3448 3449 3449 3449 3447 3447 3447 3448 3448 3448 3449 3449 3449 3448 3448 3448 3450 3450 3450 3451 3451 3451 3449 3449 3449 3450 3450 3450 3452 3452 3452 3451 3451 3451 3450 3450 3450 3452 3452 3452 3450 3450 3450 3453 3453 3453 3454 3454 3454 3452 3452 3452 3453 3453 3453 3454 3454 3454 3453 3453 3453 3455 3455 3455 3456 3456 3456 3454 3454 3454 3455 3455 3455 3457 3457 3457 3456 3456 3456 3455 3455 3455 3457 3457 3457 3455 3455 3455 3458 3458 3458 3459 3459 3459 3457 3457 3457 3458 3458 3458 3460 3460 3460 3461 3461 3461 3462 3462 3462 3461 3461 3461 3463 3463 3463 3462 3462 3462 3461 3461 3461 3464 3464 3464 3463 3463 3463 3464 3464 3464 3465 3465 3465 3463 3463 3463 3465 3465 3465 3466 3466 3466 3463 3463 3463 3465 3465 3465 3467 3467 3467 3466 3466 3466 3465 3465 3465 3468 3468 3468 3467 3467 3467 3465 3465 3465 3469 3469 3469 3468 3468 3468 3469 3469 3469 3470 3470 3470 3468 3468 3468 3469 3469 3469 3471 3471 3471 3470 3470 3470 3471 3471 3471 3472 3472 3472 3470 3470 3470 3471 3471 3471 3473 3473 3473 3472 3472 3472 3471 3471 3471 3474 3474 3474 3473 3473 3473 3474 3474 3474 3475 3475 3475 3473 3473 3473 3474 3474 3474 3476 3476 3476 3475 3475 3475 3474 3474 3474 3477 3477 3477 3476 3476 3476 3477 3477 3477 3478 3478 3478 3476 3476 3476 3478 3478 3478 3479 3479 3479 3476 3476 3476 3478 3478 3478 3480 3480 3480 3479 3479 3479 3478 3478 3478 3481 3481 3481 3480 3480 3480 3482 3482 3482 3483 3483 3483 3484 3484 3484 3482 3482 3482 3484 3484 3484 3485 3485 3485 3486 3486 3486 3482 3482 3482 3485 3485 3485 3486 3486 3486 3485 3485 3485 3487 3487 3487 3488 3488 3488 3486 3486 3486 3487 3487 3487 3488 3488 3488 3487 3487 3487 3489 3489 3489 3490 3490 3490 3488 3488 3488 3489 3489 3489 3490 3490 3490 3489 3489 3489 3491 3491 3491 3492 3492 3492 3490 3490 3490 3491 3491 3491 3492 3492 3492 3491 3491 3491 3493 3493 3493 3494 3494 3494 3492 3492 3492 3493 3493 3493 3494 3494 3494 3493 3493 3493 3495 3495 3495 3496 3496 3496 3494 3494 3494 3495 3495 3495 3497 3497 3497 3498 3498 3498 3499 3499 3499 3497 3497 3497 3499 3499 3499 3500 3500 3500 3501 3501 3501 3497 3497 3497 3500 3500 3500 3502 3502 3502 3501 3501 3501 3500 3500 3500 3502 3502 3502 3500 3500 3500 3503 3503 3503 3502 3502 3502 3503 3503 3503 3504 3504 3504 3502 3502 3502 3504 3504 3504 3505 3505 3505 3506 3506 3506 3502 3502 3502 3505 3505 3505 3506 3506 3506 3505 3505 3505 3507 3507 3507 3506 3506 3506 3507 3507 3507 3508 3508 3508 3509 3509 3509 3506 3506 3506 3508 3508 3508 3509 3509 3509 3508 3508 3508 3510 3510 3510 3509 3509 3509 3510 3510 3510 3511 3511 3511 3512 3512 3512 3509 3509 3509 3511 3511 3511 3512 3512 3512 3511 3511 3511 3513 3513 3513 3514 3514 3514 3512 3512 3512 3513 3513 3513 3514 3514 3514 3513 3513 3513 3515 3515 3515 3516 3516 3516 3514 3514 3514 3515 3515 3515 3516 3516 3516 3515 3515 3515 3517 3517 3517 3516 3516 3516 3517 3517 3517 3518 3518 3518 3519 3519 3519 3516 3516 3516 3518 3518 3518 3520 3520 3520 3521 3521 3521 3522 3522 3522 3520 3520 3520 3522 3522 3522 3523 3523 3523 3524 3524 3524 3520 3520 3520 3523 3523 3523 3524 3524 3524 3523 3523 3523 3525 3525 3525 3526 3526 3526 3524 3524 3524 3525 3525 3525 3526 3526 3526 3525 3525 3525 3527 3527 3527 3528 3528 3528 3526 3526 3526 3527 3527 3527 3528 3528 3528 3527 3527 3527 3529 3529 3529 3528 3528 3528 3529 3529 3529 3530 3530 3530 3531 3531 3531 3528 3528 3528 3530 3530 3530 3531 3531 3531 3530 3530 3530 3532 3532 3532 3533 3533 3533 3531 3531 3531 3532 3532 3532 3534 3534 3534 3533 3533 3533 3532 3532 3532 3534 3534 3534 3532 3532 3532 3535 3535 3535 3536 3536 3536 3537 3537 3537 3538 3538 3538 3536 3536 3536 3539 3539 3539 3537 3537 3537 3539 3539 3539 3540 3540 3540 3537 3537 3537 3539 3539 3539 3541 3541 3541 3540 3540 3540 3541 3541 3541 3542 3542 3542 3540 3540 3540 3541 3541 3541 3543 3543 3543 3542 3542 3542 3543 3543 3543 3544 3544 3544 3542 3542 3542 3543 3543 3543 3545 3545 3545 3544 3544 3544 3545 3545 3545 3546 3546 3546 3544 3544 3544 3545 3545 3545 3547 3547 3547 3546 3546 3546 3545 3545 3545 3548 3548 3548 3547 3547 3547 3548 3548 3548 3549 3549 3549 3547 3547 3547 3548 3548 3548 3550 3550 3550 3549 3549 3549 3548 3548 3548 3551 3551 3551 3550 3550 3550 3551 3551 3551 3552 3552 3552 3550 3550 3550 3551 3551 3551 3553 3553 3553 3552 3552 3552 3553 3553 3553 3554 3554 3554 3552 3552 3552 3553 3553 3553 3555 3555 3555 3554 3554 3554 3555 3555 3555 3556 3556 3556 3554 3554 3554 3556 3556 3556 3557 3557 3557 3554 3554 3554 3556 3556 3556 3558 3558 3558 3557 3557 3557 3559 3559 3559 3560 3560 3560 3561 3561 3561 3559 3559 3559 3561 3561 3561 3562 3562 3562 3563 3563 3563 3559 3559 3559 3562 3562 3562 3563 3563 3563 3562 3562 3562 3564 3564 3564 3565 3565 3565 3563 3563 3563 3564 3564 3564 3565 3565 3565 3564 3564 3564 3566 3566 3566 3567 3567 3567 3565 3565 3565 3566 3566 3566 3567 3567 3567 3566 3566 3566 3568 3568 3568 3567 3567 3567 3568 3568 3568 3569 3569 3569 3567 3567 3567 3569 3569 3569 3570 3570 3570 3571 3571 3571 3567 3567 3567 3570 3570 3570 3571 3571 3571 3570 3570 3570 3572 3572 3572 3571 3571 3571 3572 3572 3572 3573 3573 3573 3574 3574 3574 3571 3571 3571 3573 3573 3573 3574 3574 3574 3573 3573 3573 3575 3575 3575 3576 3576 3576 3574 3574 3574 3575 3575 3575 3576 3576 3576 3575 3575 3575 3577 3577 3577 3578 3578 3578 3576 3576 3576 3577 3577 3577 3579 3579 3579 3578 3578 3578 3577 3577 3577 3579 3579 3579 3577 3577 3577 3580 3580 3580 3581 3581 3581 3579 3579 3579 3580 3580 3580 3582 3582 3582 3583 3583 3583 3584 3584 3584 3582 3582 3582 3584 3584 3584 3585 3585 3585 3586 3586 3586 3582 3582 3582 3585 3585 3585 3587 3587 3587 3586 3586 3586 3585 3585 3585 3587 3587 3587 3585 3585 3585 3588 3588 3588 3589 3589 3589 3587 3587 3587 3588 3588 3588 3589 3589 3589 3588 3588 3588 3590 3590 3590 3591 3591 3591 3589 3589 3589 3590 3590 3590 3592 3592 3592 3591 3591 3591 3590 3590 3590 3592 3592 3592 3590 3590 3590 3593 3593 3593 3594 3594 3594 3592 3592 3592 3593 3593 3593 3595 3595 3595 3596 3596 3596 3597 3597 3597 3595 3595 3595 3597 3597 3597 3598 3598 3598 3599 3599 3599 3595 3595 3595 3598 3598 3598 3599 3599 3599 3598 3598 3598 3600 3600 3600 3601 3601 3601 3599 3599 3599 3600 3600 3600 3601 3601 3601 3600 3600 3600 3602 3602 3602 3603 3603 3603 3601 3601 3601 3602 3602 3602 3603 3603 3603 3602 3602 3602 3604 3604 3604 3605 3605 3605 3603 3603 3603 3604 3604 3604 3605 3605 3605 3604 3604 3604 3606 3606 3606 3607 3607 3607 3605 3605 3605 3606 3606 3606 3607 3607 3607 3606 3606 3606 3608 3608 3608 3609 3609 3609 3607 3607 3607 3608 3608 3608 3609 3609 3609 3608 3608 3608 3610 3610 3610 3611 3611 3611 3609 3609 3609 3610 3610 3610 3611 3611 3611 3610 3610 3610 3612 3612 3612 3613 3613 3613 3611 3611 3611 3612 3612 3612 3613 3613 3613 3612 3612 3612 3614 3614 3614 3615 3615 3615 3613 3613 3613 3614 3614 3614 3615 3615 3615 3614 3614 3614 3616 3616 3616 3617 3617 3617 3615 3615 3615 3616 3616 3616 3617 3617 3617 3616 3616 3616 3618 3618 3618 3619 3619 3619 3617 3617 3617 3618 3618 3618 3619 3619 3619 3618 3618 3618 3620 3620 3620 3621 3621 3621 3619 3619 3619 3620 3620 3620 3621 3621 3621 3620 3620 3620 3622 3622 3622 3623 3623 3623 3621 3621 3621 3622 3622 3622 3623 3623 3623 3622 3622 3622 3624 3624 3624 3625 3625 3625 3623 3623 3623 3624 3624 3624 3625 3625 3625 3624 3624 3624 3626 3626 3626 3627 3627 3627 3625 3625 3625 3626 3626 3626 3627 3627 3627 3626 3626 3626 3628 3628 3628 3629 3629 3629 3630 3630 3630 3631 3631 3631 3629 3629 3629 3632 3632 3632 3630 3630 3630 3632 3632 3632 3633 3633 3633 3630 3630 3630 3632 3632 3632 3634 3634 3634 3633 3633 3633 3634 3634 3634 3635 3635 3635 3633 3633 3633 3634 3634 3634 3636 3636 3636 3635 3635 3635 3636 3636 3636 3637 3637 3637 3635 3635 3635 3636 3636 3636 3638 3638 3638 3637 3637 3637 3638 3638 3638 3639 3639 3639 3637 3637 3637 3638 3638 3638 3640 3640 3640 3639 3639 3639 3640 3640 3640 3641 3641 3641 3639 3639 3639 3640 3640 3640 3642 3642 3642 3641 3641 3641 3642 3642 3642 3643 3643 3643 3641 3641 3641 3643 3643 3643 3644 3644 3644 3641 3641 3641 3645 3645 3645 3646 3646 3646 3647 3647 3647 3645 3645 3645 3647 3647 3647 3648 3648 3648 3649 3649 3649 3645 3645 3645 3648 3648 3648 3649 3649 3649 3648 3648 3648 3650 3650 3650 3651 3651 3651 3649 3649 3649 3650 3650 3650 3652 3652 3652 3651 3651 3651 3650 3650 3650 3652 3652 3652 3650 3650 3650 3653 3653 3653 3654 3654 3654 3652 3652 3652 3653 3653 3653 3654 3654 3654 3653 3653 3653 3655 3655 3655 3656 3656 3656 3654 3654 3654 3655 3655 3655 3657 3657 3657 3656 3656 3656 3655 3655 3655 3657 3657 3657 3655 3655 3655 3658 3658 3658 3659 3659 3659 3657 3657 3657 3658 3658 3658 3659 3659 3659 3658 3658 3658 3660 3660 3660 3661 3661 3661 3659 3659 3659 3660 3660 3660 3662 3662 3662 3661 3661 3661 3660 3660 3660 3662 3662 3662 3660 3660 3660 3663 3663 3663 3664 3664 3664 3662 3662 3662 3663 3663 3663 3665 3665 3665 3666 3666 3666 3667 3667 3667 3665 3665 3665 3668 3668 3668 3666 3666 3666 3668 3668 3668 3669 3669 3669 3666 3666 3666 3668 3668 3668 3670 3670 3670 3669 3669 3669 3670 3670 3670 3671 3671 3671 3669 3669 3669 3670 3670 3670 3672 3672 3672 3671 3671 3671 3672 3672 3672 3673 3673 3673 3671 3671 3671 3672 3672 3672 3674 3674 3674 3673 3673 3673 3674 3674 3674 3675 3675 3675 3673 3673 3673 3674 3674 3674 3676 3676 3676 3675 3675 3675 3676 3676 3676 3677 3677 3677 3675 3675 3675 3676 3676 3676 3678 3678 3678 3677 3677 3677 3678 3678 3678 3679 3679 3679 3677 3677 3677 3678 3678 3678 3680 3680 3680 3679 3679 3679 3677 3677 3677 3679 3679 3679 3681 3681 3681 3682 3682 3682 3683 3683 3683 3684 3684 3684 3684 3684 3684 3683 3683 3683 3685 3685 3685 3683 3683 3683 3686 3686 3686 3685 3685 3685 3686 3686 3686 3687 3687 3687 3685 3685 3685 3688 3688 3688 3687 3687 3687 3686 3686 3686 3688 3688 3688 3689 3689 3689 3687 3687 3687 3689 3689 3689 3690 3690 3690 3687 3687 3687 3687 3687 3687 3690 3690 3690 3691 3691 3691 3687 3687 3687 3691 3691 3691 3692 3692 3692 3685 3685 3685 3687 3687 3687 3693 3693 3693 3694 3694 3694 3695 3695 3695 3693 3693 3693 3695 3695 3695 3696 3696 3696 3693 3693 3693 3693 3693 3693 3696 3696 3696 3697 3697 3697 3693 3693 3693 3697 3697 3697 3698 3698 3698 3699 3699 3699 3693 3693 3693 3698 3698 3698 3700 3700 3700 3693 3693 3693 3699 3699 3699 3685 3685 3685 3693 3693 3693 3700 3700 3700 3700 3700 3700 3699 3699 3699 3701 3701 3701 3702 3702 3702 3701 3701 3701 3703 3703 3703 3700 3700 3700 3701 3701 3701 3702 3702 3702 3700 3700 3700 3704 3704 3704 3685 3685 3685 3704 3704 3704 3705 3705 3705 3685 3685 3685 3706 3706 3706 3705 3705 3705 3704 3704 3704 3707 3707 3707 3706 3706 3706 3704 3704 3704 3700 3700 3700 3708 3708 3708 3704 3704 3704 3700 3700 3700 3709 3709 3709 3708 3708 3708 3708 3708 3708 3710 3710 3710 3704 3704 3704 3708 3708 3708 3711 3711 3711 3710 3710 3710 3708 3708 3708 3709 3709 3709 3712 3712 3712 3708 3708 3708 3712 3712 3712 3713 3713 3713 3714 3714 3714 3715 3715 3715 3716 3716 3716 3714 3714 3714 3717 3717 3717 3715 3715 3715 3717 3717 3717 3718 3718 3718 3715 3715 3715 3717 3717 3717 3719 3719 3719 3718 3718 3718 3719 3719 3719 3720 3720 3720 3718 3718 3718 3720 3720 3720 3721 3721 3721 3718 3718 3718 3720 3720 3720 3722 3722 3722 3721 3721 3721 3720 3720 3720 3723 3723 3723 3722 3722 3722 3723 3723 3723 3724 3724 3724 3722 3722 3722 3723 3723 3723 3725 3725 3725 3724 3724 3724 3725 3725 3725 3726 3726 3726 3724 3724 3724 3725 3725 3725 3727 3727 3727 3726 3726 3726 3727 3727 3727 3728 3728 3728 3726 3726 3726 3728 3728 3728 3729 3729 3729 3726 3726 3726 3730 3730 3730 3731 3731 3731 3732 3732 3732 3732 3732 3732 3731 3731 3731 3733 3733 3733 3731 3731 3731 3734 3734 3734 3733 3733 3733 3734 3734 3734 3735 3735 3735 3733 3733 3733 3734 3734 3734 3736 3736 3736 3735 3735 3735 3734 3734 3734 3737 3737 3737 3736 3736 3736 3737 3737 3737 3738 3738 3738 3739 3739 3739 3740 3740 3740 3739 3739 3739 3741 3741 3741 3740 3740 3740 3742 3742 3742 3739 3739 3739 3742 3742 3742 3737 3737 3737 3739 3739 3739 3737 3737 3737 3742 3742 3742 3736 3736 3736 3743 3743 3743 3736 3736 3736 3744 3744 3744 3742 3742 3742 3745 3745 3745 3736 3736 3736 3736 3736 3736 3745 3745 3745 3744 3744 3744 3745 3745 3745 3742 3742 3742 3746 3746 3746 3745 3745 3745 3746 3746 3746 3747 3747 3747 3744 3744 3744 3745 3745 3745 3748 3748 3748 3745 3745 3745 3749 3749 3749 3748 3748 3748 3750 3750 3750 3751 3751 3751 3752 3752 3752 3750 3750 3750 3752 3752 3752 3753 3753 3753 3754 3754 3754 3750 3750 3750 3753 3753 3753 3755 3755 3755 3754 3754 3754 3753 3753 3753 3756 3756 3756 3754 3754 3754 3755 3755 3755 3757 3757 3757 3754 3754 3754 3756 3756 3756 3758 3758 3758 3757 3757 3757 3759 3759 3759 3759 3759 3759 3760 3760 3760 3761 3761 3761 3762 3762 3762 3760 3760 3760 3759 3759 3759 3757 3757 3757 3762 3762 3762 3759 3759 3759 3762 3762 3762 3757 3757 3757 3756 3756 3756 3756 3756 3756 3763 3763 3763 3764 3764 3764 3765 3765 3765 3762 3762 3762 3756 3756 3756 3765 3765 3765 3756 3756 3756 3764 3764 3764 3762 3762 3762 3765 3765 3765 3766 3766 3766 3766 3766 3766 3765 3765 3765 3767 3767 3767 3765 3765 3765 3764 3764 3764 3768 3768 3768 3769 3769 3769 3765 3765 3765 3768 3768 3768 3770 3770 3770 3771 3771 3771 3772 3772 3772 3770 3770 3770 3773 3773 3773 3771 3771 3771 3773 3773 3773 3774 3774 3774 3771 3771 3771 3773 3773 3773 3775 3775 3775 3774 3774 3774 3775 3775 3775 3776 3776 3776 3774 3774 3774 3775 3775 3775 3777 3777 3777 3776 3776 3776 3777 3777 3777 3778 3778 3778 3776 3776 3776 3778 3778 3778 3779 3779 3779 3776 3776 3776 3778 3778 3778 3780 3780 3780 3779 3779 3779 3778 3778 3778 3781 3781 3781 3780 3780 3780 3781 3781 3781 3782 3782 3782 3780 3780 3780 3782 3782 3782 3783 3783 3783 3780 3780 3780 3782 3782 3782 3784 3784 3784 3783 3783 3783 3782 3782 3782 3785 3785 3785 3784 3784 3784 3786 3786 3786 3787 3787 3787 3788 3788 3788 3789 3789 3789 3786 3786 3786 3788 3788 3788 3790 3790 3790 3786 3786 3786 3789 3789 3789 3789 3789 3789 3788 3788 3788 3791 3791 3791 3792 3792 3792 3790 3790 3790 3789 3789 3789 3793 3793 3793 3790 3790 3790 3792 3792 3792 3794 3794 3794 3789 3789 3789 3791 3791 3791 3794 3794 3794 3791 3791 3791 3795 3795 3795 3792 3792 3792 3789 3789 3789 3796 3796 3796 3796 3796 3796 3789 3789 3789 3794 3794 3794 3797 3797 3797 3793 3793 3793 3792 3792 3792 3798 3798 3798 3794 3794 3794 3795 3795 3795 3798 3798 3798 3795 3795 3795 3799 3799 3799 3797 3797 3797 3792 3792 3792 3800 3800 3800 3800 3800 3800 3792 3792 3792 3796 3796 3796 3801 3801 3801 3793 3793 3793 3797 3797 3797 3801 3801 3801 3797 3797 3797 3800 3800 3800 3802 3802 3802 3793 3793 3793 3801 3801 3801 3801 3801 3801 3803 3803 3803 3802 3802 3802 3796 3796 3796 3794 3794 3794 3804 3804 3804 3804 3804 3804 3794 3794 3794 3798 3798 3798 3805 3805 3805 3796 3796 3796 3804 3804 3804 3800 3800 3800 3796 3796 3796 3805 3805 3805 3804 3804 3804 3798 3798 3798 3806 3806 3806 3805 3805 3805 3804 3804 3804 3806 3806 3806 3807 3807 3807 3801 3801 3801 3800 3800 3800 3807 3807 3807 3800 3800 3800 3805 3805 3805 3808 3808 3808 3803 3803 3803 3801 3801 3801 3807 3807 3807 3808 3808 3808 3801 3801 3801 3809 3809 3809 3803 3803 3803 3808 3808 3808 3809 3809 3809 3810 3810 3810 3803 3803 3803 3809 3809 3809 3811 3811 3811 3810 3810 3810 3812 3812 3812 3811 3811 3811 3809 3809 3809 3813 3813 3813 3812 3812 3812 3809 3809 3809 3813 3813 3813 3809 3809 3809 3808 3808 3808 3814 3814 3814 3812 3812 3812 3813 3813 3813 3815 3815 3815 3808 3808 3808 3807 3807 3807 3813 3813 3813 3808 3808 3808 3815 3815 3815 3816 3816 3816 3814 3814 3814 3813 3813 3813 3817 3817 3817 3814 3814 3814 3816 3816 3816 3818 3818 3818 3813 3813 3813 3815 3815 3815 3816 3816 3816 3813 3813 3813 3818 3818 3818 3818 3818 3818 3815 3815 3815 3807 3807 3807 3819 3819 3819 3817 3817 3817 3816 3816 3816 3819 3819 3819 3816 3816 3816 3818 3818 3818 3820 3820 3820 3817 3817 3817 3819 3819 3819 3818 3818 3818 3807 3807 3807 3821 3821 3821 3821 3821 3821 3807 3807 3807 3805 3805 3805 3819 3819 3819 3818 3818 3818 3822 3822 3822 3821 3821 3821 3805 3805 3805 3823 3823 3823 3823 3823 3823 3805 3805 3805 3806 3806 3806 3824 3824 3824 3818 3818 3818 3821 3821 3821 3824 3824 3824 3821 3821 3821 3823 3823 3823 3822 3822 3822 3818 3818 3818 3824 3824 3824 3824 3824 3824 3823 3823 3823 3825 3825 3825 3825 3825 3825 3822 3822 3822 3824 3824 3824 3826 3826 3826 3819 3819 3819 3822 3822 3822 3826 3826 3826 3820 3820 3820 3819 3819 3819 3827 3827 3827 3822 3822 3822 3825 3825 3825 3826 3826 3826 3822 3822 3822 3827 3827 3827 3828 3828 3828 3820 3820 3820 3826 3826 3826 3829 3829 3829 3820 3820 3820 3828 3828 3828 3830 3830 3830 3826 3826 3826 3827 3827 3827 3828 3828 3828 3826 3826 3826 3830 3830 3830 3831 3831 3831 3829 3829 3829 3828 3828 3828 3831 3831 3831 3828 3828 3828 3830 3830 3830 3832 3832 3832 3829 3829 3829 3831 3831 3831 3833 3833 3833 3829 3829 3829 3832 3832 3832 3831 3831 3831 3830 3830 3830 3834 3834 3834 3832 3832 3832 3831 3831 3831 3834 3834 3834 3830 3830 3830 3827 3827 3827 3835 3835 3835 3834 3834 3834 3830 3830 3830 3835 3835 3835 3835 3835 3835 3827 3827 3827 3825 3825 3825 3832 3832 3832 3834 3834 3834 3836 3836 3836 3825 3825 3825 3837 3837 3837 3835 3835 3835 3825 3825 3825 3823 3823 3823 3837 3837 3837 3838 3838 3838 3832 3832 3832 3836 3836 3836 3838 3838 3838 3833 3833 3833 3832 3832 3832 3837 3837 3837 3823 3823 3823 3839 3839 3839 3823 3823 3823 3806 3806 3806 3839 3839 3839 3840 3840 3840 3833 3833 3833 3838 3838 3838 3841 3841 3841 3833 3833 3833 3840 3840 3840 3838 3838 3838 3836 3836 3836 3842 3842 3842 3840 3840 3840 3838 3838 3838 3842 3842 3842 3842 3842 3842 3836 3836 3836 3843 3843 3843 3836 3836 3836 3834 3834 3834 3843 3843 3843 3840 3840 3840 3842 3842 3842 3844 3844 3844 3843 3843 3843 3834 3834 3834 3845 3845 3845 3834 3834 3834 3835 3835 3835 3845 3845 3845 3842 3842 3842 3843 3843 3843 3846 3846 3846 3844 3844 3844 3842 3842 3842 3846 3846 3846 3845 3845 3845 3835 3835 3835 3847 3847 3847 3845 3845 3845 3847 3847 3847 3843 3843 3843 3835 3835 3835 3837 3837 3837 3848 3848 3848 3835 3835 3835 3848 3848 3848 3847 3847 3847 3837 3837 3837 3839 3839 3839 3848 3848 3848 3848 3848 3848 3849 3849 3849 3847 3847 3847 3848 3848 3848 3839 3839 3839 3849 3849 3849 3843 3843 3843 3847 3847 3847 3850 3850 3850 3847 3847 3847 3849 3849 3849 3851 3851 3851 3847 3847 3847 3851 3851 3851 3850 3850 3850 3843 3843 3843 3850 3850 3850 3852 3852 3852 3846 3846 3846 3843 3843 3843 3852 3852 3852 3850 3850 3850 3851 3851 3851 3853 3853 3853 3850 3850 3850 3853 3853 3853 3854 3854 3854 3852 3852 3852 3850 3850 3850 3854 3854 3854 3853 3853 3853 3851 3851 3851 3855 3855 3855 3853 3853 3853 3855 3855 3855 3854 3854 3854 3851 3851 3851 3849 3849 3849 3856 3856 3856 3851 3851 3851 3856 3856 3856 3855 3855 3855 3849 3849 3849 3857 3857 3857 3856 3856 3856 3849 3849 3849 3839 3839 3839 3857 3857 3857 3855 3855 3855 3856 3856 3856 3858 3858 3858 3857 3857 3857 3859 3859 3859 3856 3856 3856 3856 3856 3856 3859 3859 3859 3858 3858 3858 3857 3857 3857 3860 3860 3860 3859 3859 3859 3839 3839 3839 3860 3860 3860 3857 3857 3857 3860 3860 3860 3799 3799 3799 3859 3859 3859 3839 3839 3839 3861 3861 3861 3860 3860 3860 3861 3861 3861 3799 3799 3799 3860 3860 3860 3806 3806 3806 3861 3861 3861 3839 3839 3839 3861 3861 3861 3798 3798 3798 3799 3799 3799 3806 3806 3806 3798 3798 3798 3861 3861 3861 3855 3855 3855 3858 3858 3858 3862 3862 3862 3854 3854 3854 3855 3855 3855 3862 3862 3862 3862 3862 3862 3858 3858 3858 3863 3863 3863 3854 3854 3854 3862 3862 3862 3864 3864 3864 3852 3852 3852 3854 3854 3854 3864 3864 3864 3862 3862 3862 3863 3863 3863 3865 3865 3865 3864 3864 3864 3862 3862 3862 3865 3865 3865 3865 3865 3865 3863 3863 3863 3866 3866 3866 3864 3864 3864 3865 3865 3865 3866 3866 3866 3866 3866 3866 3863 3863 3863 3867 3867 3867 3868 3868 3868 3852 3852 3852 3864 3864 3864 3846 3846 3846 3852 3852 3852 3868 3868 3868 3864 3864 3864 3866 3866 3866 3869 3869 3869 3870 3870 3870 3846 3846 3846 3868 3868 3868 3844 3844 3844 3846 3846 3846 3870 3870 3870 3868 3868 3868 3864 3864 3864 3871 3871 3871 3871 3871 3871 3864 3864 3864 3869 3869 3869 3870 3870 3870 3868 3868 3868 3872 3872 3872 3872 3872 3872 3844 3844 3844 3870 3870 3870 3872 3872 3872 3868 3868 3868 3871 3871 3871 3873 3873 3873 3844 3844 3844 3872 3872 3872 3873 3873 3873 3840 3840 3840 3844 3844 3844 3872 3872 3872 3871 3871 3871 3874 3874 3874 3874 3874 3874 3873 3873 3873 3872 3872 3872 3875 3875 3875 3840 3840 3840 3873 3873 3873 3875 3875 3875 3841 3841 3841 3840 3840 3840 3876 3876 3876 3873 3873 3873 3874 3874 3874 3876 3876 3876 3875 3875 3875 3873 3873 3873 3877 3877 3877 3841 3841 3841 3875 3875 3875 3877 3877 3877 3875 3875 3875 3876 3876 3876 3878 3878 3878 3841 3841 3841 3877 3877 3877 3876 3876 3876 3879 3879 3879 3877 3877 3877 3879 3879 3879 3878 3878 3878 3877 3877 3877 3880 3880 3880 3879 3879 3879 3876 3876 3876 3881 3881 3881 3878 3878 3878 3879 3879 3879 3880 3880 3880 3881 3881 3881 3879 3879 3879 3881 3881 3881 3882 3882 3882 3878 3878 3878 3883 3883 3883 3880 3880 3880 3876 3876 3876 3883 3883 3883 3876 3876 3876 3874 3874 3874 3884 3884 3884 3881 3881 3881 3880 3880 3880 3883 3883 3883 3884 3884 3884 3880 3880 3880 3885 3885 3885 3882 3882 3882 3881 3881 3881 3886 3886 3886 3883 3883 3883 3874 3874 3874 3874 3874 3874 3871 3871 3871 3886 3886 3886 3887 3887 3887 3882 3882 3882 3885 3885 3885 3887 3887 3887 3888 3888 3888 3882 3882 3882 3889 3889 3889 3885 3885 3885 3881 3881 3881 3889 3889 3889 3887 3887 3887 3885 3885 3885 3884 3884 3884 3889 3889 3889 3881 3881 3881 3890 3890 3890 3888 3888 3888 3887 3887 3887 3891 3891 3891 3887 3887 3887 3889 3889 3889 3891 3891 3891 3890 3890 3890 3887 3887 3887 3892 3892 3892 3888 3888 3888 3890 3890 3890 3892 3892 3892 3893 3893 3893 3888 3888 3888 3894 3894 3894 3890 3890 3890 3891 3891 3891 3895 3895 3895 3893 3893 3893 3892 3892 3892 3895 3895 3895 3896 3896 3896 3893 3893 3893 3897 3897 3897 3892 3892 3892 3890 3890 3890 3897 3897 3897 3895 3895 3895 3892 3892 3892 3894 3894 3894 3897 3897 3897 3890 3890 3890 3898 3898 3898 3896 3896 3896 3895 3895 3895 3898 3898 3898 3899 3899 3899 3896 3896 3896 3900 3900 3900 3895 3895 3895 3897 3897 3897 3900 3900 3900 3898 3898 3898 3895 3895 3895 3901 3901 3901 3899 3899 3899 3898 3898 3898 3901 3901 3901 3902 3902 3902 3899 3899 3899 3903 3903 3903 3898 3898 3898 3900 3900 3900 3903 3903 3903 3901 3901 3901 3898 3898 3898 3904 3904 3904 3902 3902 3902 3901 3901 3901 3904 3904 3904 3905 3905 3905 3902 3902 3902 3906 3906 3906 3905 3905 3905 3904 3904 3904 3907 3907 3907 3901 3901 3901 3903 3903 3903 3908 3908 3908 3906 3906 3906 3904 3904 3904 3908 3908 3908 3904 3904 3904 3901 3901 3901 3907 3907 3907 3908 3908 3908 3901 3901 3901 3909 3909 3909 3906 3906 3906 3908 3908 3908 3910 3910 3910 3909 3909 3909 3908 3908 3908 3911 3911 3911 3907 3907 3907 3903 3903 3903 3911 3911 3911 3903 3903 3903 3900 3900 3900 3912 3912 3912 3908 3908 3908 3907 3907 3907 3912 3912 3912 3907 3907 3907 3911 3911 3911 3913 3913 3913 3910 3910 3910 3908 3908 3908 3913 3913 3913 3908 3908 3908 3912 3912 3912 3913 3913 3913 3914 3914 3914 3910 3910 3910 3915 3915 3915 3911 3911 3911 3900 3900 3900 3915 3915 3915 3900 3900 3900 3897 3897 3897 3916 3916 3916 3914 3914 3914 3913 3913 3913 3917 3917 3917 3915 3915 3915 3897 3897 3897 3917 3917 3917 3897 3897 3897 3894 3894 3894 3918 3918 3918 3916 3916 3916 3913 3913 3913 3918 3918 3918 3913 3913 3913 3912 3912 3912 3919 3919 3919 3914 3914 3914 3916 3916 3916 3918 3918 3918 3919 3919 3919 3916 3916 3916 3919 3919 3919 3920 3920 3920 3914 3914 3914 3919 3919 3919 3921 3921 3921 3920 3920 3920 3922 3922 3922 3918 3918 3918 3912 3912 3912 3922 3922 3922 3912 3912 3912 3911 3911 3911 3923 3923 3923 3919 3919 3919 3918 3918 3918 3922 3922 3922 3923 3923 3923 3918 3918 3918 3924 3924 3924 3921 3921 3921 3919 3919 3919 3923 3923 3923 3924 3924 3924 3919 3919 3919 3924 3924 3924 3925 3925 3925 3921 3921 3921 3926 3926 3926 3925 3925 3925 3924 3924 3924 3927 3927 3927 3926 3926 3926 3924 3924 3924 3928 3928 3928 3924 3924 3924 3923 3923 3923 3927 3927 3927 3924 3924 3924 3928 3928 3928 3929 3929 3929 3928 3928 3928 3923 3923 3923 3929 3929 3929 3923 3923 3923 3922 3922 3922 3930 3930 3930 3927 3927 3927 3928 3928 3928 3930 3930 3930 3928 3928 3928 3929 3929 3929 3931 3931 3931 3927 3927 3927 3930 3930 3930 3932 3932 3932 3931 3931 3931 3930 3930 3930 3932 3932 3932 3930 3930 3930 3933 3933 3933 3933 3933 3933 3930 3930 3930 3929 3929 3929 3934 3934 3934 3932 3932 3932 3933 3933 3933 3935 3935 3935 3929 3929 3929 3922 3922 3922 3933 3933 3933 3929 3929 3929 3935 3935 3935 3935 3935 3935 3922 3922 3922 3936 3936 3936 3936 3936 3936 3922 3922 3922 3911 3911 3911 3936 3936 3936 3911 3911 3911 3915 3915 3915 3937 3937 3937 3933 3933 3933 3935 3935 3935 3937 3937 3937 3935 3935 3935 3936 3936 3936 3938 3938 3938 3936 3936 3936 3915 3915 3915 3937 3937 3937 3936 3936 3936 3938 3938 3938 3938 3938 3938 3915 3915 3915 3917 3917 3917 3939 3939 3939 3933 3933 3933 3937 3937 3937 3934 3934 3934 3933 3933 3933 3939 3939 3939 3940 3940 3940 3937 3937 3937 3938 3938 3938 3940 3940 3940 3938 3938 3938 3917 3917 3917 3941 3941 3941 3934 3934 3934 3939 3939 3939 3942 3942 3942 3934 3934 3934 3941 3941 3941 3943 3943 3943 3939 3939 3939 3937 3937 3937 3941 3941 3941 3939 3939 3939 3943 3943 3943 3943 3943 3943 3937 3937 3937 3940 3940 3940 3942 3942 3942 3941 3941 3941 3944 3944 3944 3944 3944 3944 3941 3941 3941 3943 3943 3943 3945 3945 3945 3942 3942 3942 3944 3944 3944 3946 3946 3946 3942 3942 3942 3945 3945 3945 3944 3944 3944 3943 3943 3943 3947 3947 3947 3945 3945 3945 3944 3944 3944 3947 3947 3947 3948 3948 3948 3943 3943 3943 3940 3940 3940 3947 3947 3947 3943 3943 3943 3948 3948 3948 3940 3940 3940 3917 3917 3917 3949 3949 3949 3948 3948 3948 3940 3940 3940 3949 3949 3949 3949 3949 3949 3917 3917 3917 3894 3894 3894 3949 3949 3949 3894 3894 3894 3891 3891 3891 3950 3950 3950 3949 3949 3949 3891 3891 3891 3948 3948 3948 3949 3949 3949 3950 3950 3950 3950 3950 3950 3891 3891 3891 3889 3889 3889 3951 3951 3951 3950 3950 3950 3889 3889 3889 3951 3951 3951 3948 3948 3948 3950 3950 3950 3951 3951 3951 3889 3889 3889 3884 3884 3884 3952 3952 3952 3947 3947 3947 3948 3948 3948 3952 3952 3952 3948 3948 3948 3951 3951 3951 3953 3953 3953 3951 3951 3951 3884 3884 3884 3953 3953 3953 3884 3884 3884 3883 3883 3883 3954 3954 3954 3951 3951 3951 3953 3953 3953 3883 3883 3883 3954 3954 3954 3953 3953 3953 3954 3954 3954 3952 3952 3952 3951 3951 3951 3955 3955 3955 3954 3954 3954 3883 3883 3883 3886 3886 3886 3955 3955 3955 3883 3883 3883 3956 3956 3956 3952 3952 3952 3954 3954 3954 3955 3955 3955 3956 3956 3956 3954 3954 3954 3957 3957 3957 3947 3947 3947 3952 3952 3952 3956 3956 3956 3957 3957 3957 3952 3952 3952 3945 3945 3945 3947 3947 3947 3957 3957 3957 3958 3958 3958 3956 3956 3956 3955 3955 3955 3886 3886 3886 3958 3958 3958 3955 3955 3955 3959 3959 3959 3957 3957 3957 3956 3956 3956 3959 3959 3959 3945 3945 3945 3957 3957 3957 3958 3958 3958 3959 3959 3959 3956 3956 3956 3959 3959 3959 3946 3946 3946 3945 3945 3945 3960 3960 3960 3958 3958 3958 3886 3886 3886 3871 3871 3871 3960 3960 3960 3886 3886 3886 3871 3871 3871 3869 3869 3869 3960 3960 3960 3961 3961 3961 3959 3959 3959 3958 3958 3958 3961 3961 3961 3946 3946 3946 3959 3959 3959 3960 3960 3960 3961 3961 3961 3958 3958 3958 3867 3867 3867 3946 3946 3946 3961 3961 3961 3869 3869 3869 3962 3962 3962 3960 3960 3960 3962 3962 3962 3961 3961 3961 3960 3960 3960 3962 3962 3962 3867 3867 3867 3961 3961 3961 3869 3869 3869 3866 3866 3866 3962 3962 3962 3866 3866 3866 3867 3867 3867 3962 3962 3962 3963 3963 3963 3964 3964 3964 3965 3965 3965 3963 3963 3963 3965 3965 3965 3966 3966 3966 3966 3966 3966 3965 3965 3965 3967 3967 3967 3968 3968 3968 3963 3963 3963 3966 3966 3966 3966 3966 3966 3967 3967 3967 3969 3969 3969 3967 3967 3967 3970 3970 3970 3969 3969 3969 3971 3971 3971 3968 3968 3968 3966 3966 3966 3972 3972 3972 3966 3966 3966 3969 3969 3969 3971 3971 3971 3966 3966 3966 3972 3972 3972 3969 3969 3969 3970 3970 3970 3973 3973 3973 3969 3969 3969 3973 3973 3973 3972 3972 3972 3974 3974 3974 3968 3968 3968 3971 3971 3971 3974 3974 3974 3971 3971 3971 3972 3972 3972 3975 3975 3975 3968 3968 3968 3974 3974 3974 3976 3976 3976 3975 3975 3975 3974 3974 3974 3973 3973 3973 3970 3970 3970 3977 3977 3977 3977 3977 3977 3970 3970 3970 3978 3978 3978 3979 3979 3979 3973 3973 3973 3977 3977 3977 3977 3977 3977 3978 3978 3978 3980 3980 3980 3979 3979 3979 3977 3977 3977 3980 3980 3980 3978 3978 3978 3981 3981 3981 3980 3980 3980 3981 3981 3981 3982 3982 3982 3980 3980 3980 3983 3983 3983 3973 3973 3973 3979 3979 3979 3972 3972 3972 3973 3973 3973 3983 3983 3983 3980 3980 3980 3982 3982 3982 3984 3984 3984 3984 3984 3984 3982 3982 3982 3985 3985 3985 3979 3979 3979 3980 3980 3980 3986 3986 3986 3980 3980 3980 3984 3984 3984 3986 3986 3986 3987 3987 3987 3983 3983 3983 3979 3979 3979 3987 3987 3987 3979 3979 3979 3986 3986 3986 3972 3972 3972 3983 3983 3983 3988 3988 3988 3974 3974 3974 3972 3972 3972 3988 3988 3988 3988 3988 3988 3983 3983 3983 3989 3989 3989 3989 3989 3989 3983 3983 3983 3987 3987 3987 3990 3990 3990 3974 3974 3974 3988 3988 3988 3988 3988 3988 3989 3989 3989 3990 3990 3990 3991 3991 3991 3974 3974 3974 3990 3990 3990 3991 3991 3991 3976 3976 3976 3974 3974 3974 3989 3989 3989 3992 3992 3992 3990 3990 3990 3993 3993 3993 3976 3976 3976 3991 3991 3991 3993 3993 3993 3994 3994 3994 3976 3976 3976 3990 3990 3990 3995 3995 3995 3991 3991 3991 3995 3995 3995 3993 3993 3993 3991 3991 3991 3990 3990 3990 3992 3992 3992 3995 3995 3995 3996 3996 3996 3994 3994 3994 3993 3993 3993 3995 3995 3995 3996 3996 3996 3993 3993 3993 3996 3996 3996 3997 3997 3997 3994 3994 3994 3996 3996 3996 3998 3998 3998 3997 3997 3997 3999 3999 3999 3998 3998 3998 3996 3996 3996 4000 4000 4000 3999 3999 3999 3996 3996 3996 4000 4000 4000 3996 3996 3996 3995 3995 3995 4000 4000 4000 4001 4001 4001 3999 3999 3999 3995 3995 3995 4002 4002 4002 4000 4000 4000 3992 3992 3992 4002 4002 4002 3995 3995 3995 4003 4003 4003 4001 4001 4001 4000 4000 4000 4003 4003 4003 4004 4004 4004 4001 4001 4001 4002 4002 4002 4003 4003 4003 4000 4000 4000 4005 4005 4005 4006 4006 4006 4003 4003 4003 4007 4007 4007 4003 4003 4003 4002 4002 4002 4005 4005 4005 4003 4003 4003 4007 4007 4007 4008 4008 4008 4002 4002 4002 3992 3992 3992 4007 4007 4007 4002 4002 4002 4008 4008 4008 4009 4009 4009 4005 4005 4005 4007 4007 4007 4009 4009 4009 4007 4007 4007 4008 4008 4008 4010 4010 4010 4005 4005 4005 4009 4009 4009 4008 4008 4008 3992 3992 3992 4011 4011 4011 4011 4011 4011 3992 3992 3992 3989 3989 3989 4011 4011 4011 3989 3989 3989 3987 3987 3987 4012 4012 4012 4013 4013 4013 4010 4010 4010 4009 4009 4009 4012 4012 4012 4010 4010 4010 4011 4011 4011 3987 3987 3987 4014 4014 4014 4014 4014 4014 4008 4008 4008 4011 4011 4011 4015 4015 4015 4009 4009 4009 4008 4008 4008 4015 4015 4015 4008 4008 4008 4014 4014 4014 4015 4015 4015 4016 4016 4016 4009 4009 4009 4016 4016 4016 4012 4012 4012 4009 4009 4009 4014 4014 4014 4017 4017 4017 4015 4015 4015 4017 4017 4017 4016 4016 4016 4015 4015 4015 4014 4014 4014 3987 3987 3987 4018 4018 4018 3987 3987 3987 3986 3986 3986 4018 4018 4018 4014 4014 4014 4019 4019 4019 4017 4017 4017 4018 4018 4018 4019 4019 4019 4014 4014 4014 3986 3986 3986 4020 4020 4020 4018 4018 4018 4018 4018 4018 4020 4020 4020 4019 4019 4019 3986 3986 3986 3984 3984 3984 4020 4020 4020 4020 4020 4020 3984 3984 3984 4021 4021 4021 4021 4021 4021 3984 3984 3984 3985 3985 3985 4019 4019 4019 4020 4020 4020 4022 4022 4022 4022 4022 4022 4020 4020 4020 4021 4021 4021 4021 4021 4021 3985 3985 3985 4023 4023 4023 4021 4021 4021 4023 4023 4023 4022 4022 4022 3985 3985 3985 4024 4024 4024 4023 4023 4023 4024 4024 4024 4025 4025 4025 4023 4023 4023 4023 4023 4023 4025 4025 4025 4026 4026 4026 4023 4023 4023 4026 4026 4026 4027 4027 4027 4022 4022 4022 4023 4023 4023 4027 4027 4027 4027 4027 4027 4026 4026 4026 4028 4028 4028 4029 4029 4029 4019 4019 4019 4022 4022 4022 4022 4022 4022 4027 4027 4027 4029 4029 4029 4017 4017 4017 4019 4019 4019 4029 4029 4029 4027 4027 4027 4028 4028 4028 4030 4030 4030 4029 4029 4029 4027 4027 4027 4030 4030 4030 4030 4030 4030 4028 4028 4028 4031 4031 4031 4032 4032 4032 4017 4017 4017 4029 4029 4029 4029 4029 4029 4030 4030 4030 4032 4032 4032 4032 4032 4032 4016 4016 4016 4017 4017 4017 4030 4030 4030 4031 4031 4031 4033 4033 4033 4032 4032 4032 4030 4030 4030 4033 4033 4033 4031 4031 4031 4034 4034 4034 4033 4033 4033 4035 4035 4035 4016 4016 4016 4032 4032 4032 4035 4035 4035 4012 4012 4012 4016 4016 4016 4033 4033 4033 4036 4036 4036 4032 4032 4032 4033 4033 4033 4034 4034 4034 4036 4036 4036 4032 4032 4032 4036 4036 4036 4035 4035 4035 4034 4034 4034 4037 4037 4037 4036 4036 4036 4038 4038 4038 4012 4012 4012 4035 4035 4035 4038 4038 4038 4039 4039 4039 4012 4012 4012 4040 4040 4040 4039 4039 4039 4038 4038 4038 4036 4036 4036 4041 4041 4041 4035 4035 4035 4035 4035 4035 4041 4041 4041 4038 4038 4038 4036 4036 4036 4037 4037 4037 4041 4041 4041 4041 4041 4041 4040 4040 4040 4038 4038 4038 4037 4037 4037 4042 4042 4042 4041 4041 4041 4041 4041 4041 4043 4043 4043 4040 4040 4040 4041 4041 4041 4042 4042 4042 4043 4043 4043 4042 4042 4042 4044 4044 4044 4043 4043 4043 4045 4045 4045 4046 4046 4046 4047 4047 4047 4045 4045 4045 4047 4047 4047 4048 4048 4048 4049 4049 4049 4045 4045 4045 4048 4048 4048 4048 4048 4048 4047 4047 4047 4050 4050 4050 4051 4051 4051 4049 4049 4049 4048 4048 4048 4051 4051 4051 4052 4052 4052 4049 4049 4049 4053 4053 4053 4052 4052 4052 4051 4051 4051 4048 4048 4048 4050 4050 4050 4054 4054 4054 4054 4054 4054 4050 4050 4050 4055 4055 4055 4051 4051 4051 4048 4048 4048 4056 4056 4056 4056 4056 4056 4048 4048 4048 4054 4054 4054 4056 4056 4056 4053 4053 4053 4051 4051 4051 4054 4054 4054 4055 4055 4055 4057 4057 4057 4056 4056 4056 4054 4054 4054 4057 4057 4057 4057 4057 4057 4055 4055 4055 4058 4058 4058 4059 4059 4059 4060 4060 4060 4053 4053 4053 4057 4057 4057 4058 4058 4058 4061 4061 4061 4058 4058 4058 4062 4062 4062 4061 4061 4061 4063 4063 4063 4056 4056 4056 4057 4057 4057 4061 4061 4061 4062 4062 4062 4064 4064 4064 4062 4062 4062 4065 4065 4065 4064 4064 4064 4066 4066 4066 4057 4057 4057 4061 4061 4061 4063 4063 4063 4057 4057 4057 4066 4066 4066 4061 4061 4061 4064 4064 4064 4067 4067 4067 4061 4061 4061 4067 4067 4067 4066 4066 4066 4064 4064 4064 4065 4065 4065 4068 4068 4068 4065 4065 4065 4069 4069 4069 4068 4068 4068 4068 4068 4068 4069 4069 4069 4070 4070 4070 4064 4064 4064 4068 4068 4068 4071 4071 4071 4068 4068 4068 4070 4070 4070 4071 4071 4071 4064 4064 4064 4071 4071 4071 4067 4067 4067 4070 4070 4070 4072 4072 4072 4071 4071 4071 4072 4072 4072 4073 4073 4073 4071 4071 4071 4072 4072 4072 4074 4074 4074 4073 4073 4073 4071 4071 4071 4075 4075 4075 4067 4067 4067 4071 4071 4071 4073 4073 4073 4075 4075 4075 4073 4073 4073 4074 4074 4074 4076 4076 4076 4076 4076 4076 4074 4074 4074 4077 4077 4077 4078 4078 4078 4073 4073 4073 4076 4076 4076 4075 4075 4075 4073 4073 4073 4078 4078 4078 4076 4076 4076 4077 4077 4077 4079 4079 4079 4078 4078 4078 4076 4076 4076 4079 4079 4079 4079 4079 4079 4077 4077 4077 4080 4080 4080 4080 4080 4080 4081 4081 4081 4079 4079 4079 4067 4067 4067 4075 4075 4075 4082 4082 4082 4067 4067 4067 4082 4082 4082 4066 4066 4066 4082 4082 4082 4075 4075 4075 4083 4083 4083 4083 4083 4083 4075 4075 4075 4078 4078 4078 4066 4066 4066 4082 4082 4082 4084 4084 4084 4084 4084 4084 4082 4082 4082 4083 4083 4083 4066 4066 4066 4084 4084 4084 4063 4063 4063 4083 4083 4083 4078 4078 4078 4085 4085 4085 4084 4084 4084 4086 4086 4086 4063 4063 4063 4063 4063 4063 4086 4086 4086 4056 4056 4056 4086 4086 4086 4053 4053 4053 4056 4056 4056 4087 4087 4087 4084 4084 4084 4083 4083 4083 4087 4087 4087 4086 4086 4086 4084 4084 4084 4087 4087 4087 4083 4083 4083 4085 4085 4085 4088 4088 4088 4053 4053 4053 4086 4086 4086 4059 4059 4059 4053 4053 4053 4088 4088 4088 4089 4089 4089 4086 4086 4086 4087 4087 4087 4088 4088 4088 4086 4086 4086 4089 4089 4089 4090 4090 4090 4059 4059 4059 4088 4088 4088 4091 4091 4091 4059 4059 4059 4090 4090 4090 4092 4092 4092 4088 4088 4088 4089 4089 4089 4092 4092 4092 4089 4089 4089 4087 4087 4087 4090 4090 4090 4088 4088 4088 4092 4092 4092 4093 4093 4093 4094 4094 4094 4091 4091 4091 4090 4090 4090 4093 4093 4093 4091 4091 4091 4095 4095 4095 4092 4092 4092 4087 4087 4087 4095 4095 4095 4087 4087 4087 4085 4085 4085 4092 4092 4092 4096 4096 4096 4090 4090 4090 4096 4096 4096 4093 4093 4093 4090 4090 4090 4095 4095 4095 4097 4097 4097 4092 4092 4092 4097 4097 4097 4096 4096 4096 4092 4092 4092 4098 4098 4098 4099 4099 4099 4093 4093 4093 4100 4100 4100 4093 4093 4093 4096 4096 4096 4100 4100 4100 4098 4098 4098 4093 4093 4093 4100 4100 4100 4096 4096 4096 4101 4101 4101 4101 4101 4101 4096 4096 4096 4097 4097 4097 4102 4102 4102 4098 4098 4098 4100 4100 4100 4101 4101 4101 4102 4102 4102 4100 4100 4100 4102 4102 4102 4103 4103 4103 4098 4098 4098 4104 4104 4104 4105 4105 4105 4103 4103 4103 4104 4104 4104 4103 4103 4103 4102 4102 4102 4106 4106 4106 4104 4104 4104 4102 4102 4102 4107 4107 4107 4106 4106 4106 4102 4102 4102 4107 4107 4107 4102 4102 4102 4101 4101 4101 4108 4108 4108 4106 4106 4106 4107 4107 4107 4109 4109 4109 4108 4108 4108 4107 4107 4107 4109 4109 4109 4107 4107 4107 4101 4101 4101 4110 4110 4110 4108 4108 4108 4109 4109 4109 4109 4109 4109 4101 4101 4101 4111 4111 4111 4101 4101 4101 4097 4097 4097 4111 4111 4111 4112 4112 4112 4110 4110 4110 4109 4109 4109 4111 4111 4111 4112 4112 4112 4109 4109 4109 4112 4112 4112 4113 4113 4113 4110 4110 4110 4097 4097 4097 4114 4114 4114 4111 4111 4111 4114 4114 4114 4097 4097 4097 4095 4095 4095 4085 4085 4085 4114 4114 4114 4095 4095 4095 4111 4111 4111 4114 4114 4114 4115 4115 4115 4115 4115 4115 4112 4112 4112 4111 4111 4111 4085 4085 4085 4116 4116 4116 4114 4114 4114 4114 4114 4114 4116 4116 4116 4115 4115 4115 4117 4117 4117 4113 4113 4113 4112 4112 4112 4117 4117 4117 4118 4118 4118 4113 4113 4113 4115 4115 4115 4119 4119 4119 4112 4112 4112 4119 4119 4119 4117 4117 4117 4112 4112 4112 4115 4115 4115 4116 4116 4116 4119 4119 4119 4120 4120 4120 4118 4118 4118 4117 4117 4117 4119 4119 4119 4120 4120 4120 4117 4117 4117 4120 4120 4120 4121 4121 4121 4118 4118 4118 4122 4122 4122 4121 4121 4121 4120 4120 4120 4123 4123 4123 4122 4122 4122 4120 4120 4120 4124 4124 4124 4123 4123 4123 4120 4120 4120 4124 4124 4124 4120 4120 4120 4119 4119 4119 4124 4124 4124 4081 4081 4081 4123 4123 4123 4119 4119 4119 4125 4125 4125 4124 4124 4124 4125 4125 4125 4081 4081 4081 4124 4124 4124 4116 4116 4116 4125 4125 4125 4119 4119 4119 4079 4079 4079 4081 4081 4081 4125 4125 4125 4126 4126 4126 4125 4125 4125 4116 4116 4116 4079 4079 4079 4125 4125 4125 4126 4126 4126 4126 4126 4126 4116 4116 4116 4085 4085 4085 4078 4078 4078 4079 4079 4079 4126 4126 4126 4085 4085 4085 4078 4078 4078 4126 4126 4126 4127 4127 4127 4128 4128 4128 4129 4129 4129 4130 4130 4130 4127 4127 4127 4129 4129 4129 4131 4131 4131 4127 4127 4127 4130 4130 4130 4130 4130 4130 4129 4129 4129 4132 4132 4132 4133 4133 4133 4131 4131 4131 4130 4130 4130 4134 4134 4134 4131 4131 4131 4133 4133 4133 4130 4130 4130 4132 4132 4132 4135 4135 4135 4133 4133 4133 4130 4130 4130 4135 4135 4135 4132 4132 4132 4136 4136 4136 4135 4135 4135 4137 4137 4137 4134 4134 4134 4133 4133 4133 4138 4138 4138 4134 4134 4134 4137 4137 4137 4136 4136 4136 4139 4139 4139 4135 4135 4135 4136 4136 4136 4140 4140 4140 4139 4139 4139 4133 4133 4133 4135 4135 4135 4141 4141 4141 4135 4135 4135 4139 4139 4139 4141 4141 4141 4137 4137 4137 4133 4133 4133 4141 4141 4141 4141 4141 4141 4139 4139 4139 4142 4142 4142 4141 4141 4141 4142 4142 4142 4143 4143 4143 4137 4137 4137 4141 4141 4141 4143 4143 4143 4143 4143 4143 4142 4142 4142 4144 4144 4144 4145 4145 4145 4138 4138 4138 4137 4137 4137 4145 4145 4145 4146 4146 4146 4138 4138 4138 4143 4143 4143 4147 4147 4147 4137 4137 4137 4143 4143 4143 4144 4144 4144 4147 4147 4147 4147 4147 4147 4145 4145 4145 4137 4137 4137 4144 4144 4144 4148 4148 4148 4147 4147 4147 4149 4149 4149 4146 4146 4146 4145 4145 4145 4147 4147 4147 4149 4149 4149 4145 4145 4145 4149 4149 4149 4150 4150 4150 4146 4146 4146 4147 4147 4147 4148 4148 4148 4151 4151 4151 4151 4151 4151 4149 4149 4149 4147 4147 4147 4148 4148 4148 4152 4152 4152 4151 4151 4151 4153 4153 4153 4154 4154 4154 4150 4150 4150 4151 4151 4151 4152 4152 4152 4155 4155 4155 4151 4151 4151 4155 4155 4155 4149 4149 4149 4152 4152 4152 4156 4156 4156 4155 4155 4155 4157 4157 4157 4150 4150 4150 4149 4149 4149 4153 4153 4153 4150 4150 4150 4157 4157 4157 4155 4155 4155 4157 4157 4157 4149 4149 4149 4158 4158 4158 4153 4153 4153 4157 4157 4157 4155 4155 4155 4158 4158 4158 4157 4157 4157 4155 4155 4155 4159 4159 4159 4158 4158 4158 4155 4155 4155 4156 4156 4156 4159 4159 4159 4156 4156 4156 4160 4160 4160 4159 4159 4159 4161 4161 4161 4162 4162 4162 4163 4163 4163 4164 4164 4164 4161 4161 4161 4163 4163 4163 4165 4165 4165 4161 4161 4161 4164 4164 4164 4164 4164 4164 4163 4163 4163 4166 4166 4166 4167 4167 4167 4165 4165 4165 4164 4164 4164 4168 4168 4168 4165 4165 4165 4167 4167 4167 4164 4164 4164 4166 4166 4166 4169 4169 4169 4167 4167 4167 4164 4164 4164 4169 4169 4169 4166 4166 4166 4170 4170 4170 4169 4169 4169 4171 4171 4171 4168 4168 4168 4167 4167 4167 4172 4172 4172 4168 4168 4168 4171 4171 4171 4170 4170 4170 4173 4173 4173 4169 4169 4169 4170 4170 4170 4174 4174 4174 4173 4173 4173 4167 4167 4167 4169 4169 4169 4175 4175 4175 4169 4169 4169 4173 4173 4173 4175 4175 4175 4171 4171 4171 4167 4167 4167 4175 4175 4175 4175 4175 4175 4173 4173 4173 4176 4176 4176 4175 4175 4175 4176 4176 4176 4177 4177 4177 4171 4171 4171 4175 4175 4175 4177 4177 4177 4177 4177 4177 4176 4176 4176 4178 4178 4178 4177 4177 4177 4178 4178 4178 4179 4179 4179 4177 4177 4177 4179 4179 4179 4171 4171 4171 4178 4178 4178 4180 4180 4180 4179 4179 4179 4181 4181 4181 4172 4172 4172 4171 4171 4171 4179 4179 4179 4181 4181 4181 4171 4171 4171 4181 4181 4181 4182 4182 4182 4172 4172 4172 4179 4179 4179 4180 4180 4180 4183 4183 4183 4179 4179 4179 4183 4183 4183 4181 4181 4181 4180 4180 4180 4184 4184 4184 4183 4183 4183 4185 4185 4185 4182 4182 4182 4181 4181 4181 4183 4183 4183 4185 4185 4185 4181 4181 4181 4185 4185 4185 4186 4186 4186 4182 4182 4182 4183 4183 4183 4184 4184 4184 4187 4187 4187 4183 4183 4183 4187 4187 4187 4185 4185 4185 4184 4184 4184 4188 4188 4188 4187 4187 4187 4188 4188 4188 4189 4189 4189 4190 4190 4190 4187 4187 4187 4188 4188 4188 4190 4190 4190 4187 4187 4187 4190 4190 4190 4191 4191 4191 4187 4187 4187 4192 4192 4192 4185 4185 4185 4187 4187 4187 4191 4191 4191 4192 4192 4192 4192 4192 4192 4186 4186 4186 4185 4185 4185 4191 4191 4191 4193 4193 4193 4192 4192 4192 4193 4193 4193 4186 4186 4186 4192 4192 4192 4193 4193 4193 4194 4194 4194 4186 4186 4186 4195 4195 4195 4196 4196 4196 4197 4197 4197 4195 4195 4195 4197 4197 4197 4198 4198 4198 4198 4198 4198 4199 4199 4199 4195 4195 4195 4198 4198 4198 4197 4197 4197 4200 4200 4200 4201 4201 4201 4199 4199 4199 4198 4198 4198 4201 4201 4201 4202 4202 4202 4199 4199 4199 4198 4198 4198 4200 4200 4200 4203 4203 4203 4203 4203 4203 4200 4200 4200 4204 4204 4204 4205 4205 4205 4201 4201 4201 4198 4198 4198 4205 4205 4205 4198 4198 4198 4203 4203 4203 4206 4206 4206 4202 4202 4202 4201 4201 4201 4205 4205 4205 4206 4206 4206 4201 4201 4201 4207 4207 4207 4202 4202 4202 4206 4206 4206 4203 4203 4203 4204 4204 4204 4208 4208 4208 4208 4208 4208 4205 4205 4205 4203 4203 4203 4208 4208 4208 4204 4204 4204 4209 4209 4209 4208 4208 4208 4209 4209 4209 4210 4210 4210 4209 4209 4209 4211 4211 4211 4210 4210 4210 4212 4212 4212 4205 4205 4205 4208 4208 4208 4210 4210 4210 4212 4212 4212 4208 4208 4208 4212 4212 4212 4213 4213 4213 4205 4205 4205 4213 4213 4213 4206 4206 4206 4205 4205 4205 4210 4210 4210 4211 4211 4211 4214 4214 4214 4211 4211 4211 4215 4215 4215 4214 4214 4214 4210 4210 4210 4216 4216 4216 4212 4212 4212 4210 4210 4210 4214 4214 4214 4216 4216 4216 4215 4215 4215 4217 4217 4217 4218 4218 4218 4219 4219 4219 4215 4215 4215 4218 4218 4218 4214 4214 4214 4215 4215 4215 4219 4219 4219 4218 4218 4218 4220 4220 4220 4219 4219 4219 4214 4214 4214 4219 4219 4219 4221 4221 4221 4214 4214 4214 4221 4221 4221 4216 4216 4216 4219 4219 4219 4220 4220 4220 4222 4222 4222 4219 4219 4219 4222 4222 4222 4221 4221 4221 4220 4220 4220 4223 4223 4223 4224 4224 4224 4220 4220 4220 4224 4224 4224 4222 4222 4222 4222 4222 4222 4225 4225 4225 4221 4221 4221 4222 4222 4222 4224 4224 4224 4225 4225 4225 4221 4221 4221 4226 4226 4226 4216 4216 4216 4221 4221 4221 4225 4225 4225 4226 4226 4226 4224 4224 4224 4227 4227 4227 4228 4228 4228 4229 4229 4229 4224 4224 4224 4228 4228 4228 4225 4225 4225 4224 4224 4224 4229 4229 4229 4229 4229 4229 4228 4228 4228 4230 4230 4230 4231 4231 4231 4225 4225 4225 4229 4229 4229 4229 4229 4229 4230 4230 4230 4232 4232 4232 4230 4230 4230 4233 4233 4233 4232 4232 4232 4232 4232 4232 4233 4233 4233 4234 4234 4234 4229 4229 4229 4232 4232 4232 4235 4235 4235 4232 4232 4232 4234 4234 4234 4235 4235 4235 4231 4231 4231 4229 4229 4229 4235 4235 4235 4235 4235 4235 4234 4234 4234 4236 4236 4236 4237 4237 4237 4225 4225 4225 4231 4231 4231 4231 4231 4231 4235 4235 4235 4237 4237 4237 4226 4226 4226 4225 4225 4225 4237 4237 4237 4235 4235 4235 4236 4236 4236 4238 4238 4238 4237 4237 4237 4235 4235 4235 4238 4238 4238 4238 4238 4238 4236 4236 4236 4239 4239 4239 4238 4238 4238 4239 4239 4239 4240 4240 4240 4238 4238 4238 4240 4240 4240 4241 4241 4241 4237 4237 4237 4238 4238 4238 4241 4241 4241 4240 4240 4240 4242 4242 4242 4241 4241 4241 4243 4243 4243 4226 4226 4226 4237 4237 4237 4216 4216 4216 4226 4226 4226 4243 4243 4243 4216 4216 4216 4243 4243 4243 4212 4212 4212 4243 4243 4243 4213 4213 4213 4212 4212 4212 4244 4244 4244 4243 4243 4243 4237 4237 4237 4237 4237 4237 4241 4241 4241 4244 4244 4244 4245 4245 4245 4213 4213 4213 4243 4243 4243 4245 4245 4245 4243 4243 4243 4244 4244 4244 4241 4241 4241 4245 4245 4245 4244 4244 4244 4245 4245 4245 4206 4206 4206 4213 4213 4213 4241 4241 4241 4242 4242 4242 4246 4246 4246 4241 4241 4241 4246 4246 4246 4245 4245 4245 4242 4242 4242 4247 4247 4247 4246 4246 4246 4248 4248 4248 4206 4206 4206 4245 4245 4245 4207 4207 4207 4206 4206 4206 4248 4248 4248 4246 4246 4246 4249 4249 4249 4245 4245 4245 4245 4245 4245 4249 4249 4249 4248 4248 4248 4246 4246 4246 4247 4247 4247 4249 4249 4249 4249 4249 4249 4207 4207 4207 4248 4248 4248 4247 4247 4247 4250 4250 4250 4249 4249 4249 4249 4249 4249 4251 4251 4251 4207 4207 4207 4249 4249 4249 4250 4250 4250 4251 4251 4251 4252 4252 4252 4253 4253 4253 4254 4254 4254 4252 4252 4252 4254 4254 4254 4255 4255 4255 4255 4255 4255 4254 4254 4254 4256 4256 4256 4257 4257 4257 4252 4252 4252 4255 4255 4255 4258 4258 4258 4252 4252 4252 4257 4257 4257 4255 4255 4255 4256 4256 4256 4259 4259 4259 4259 4259 4259 4256 4256 4256 4260 4260 4260 4261 4261 4261 4255 4255 4255 4259 4259 4259 4257 4257 4257 4255 4255 4255 4261 4261 4261 4259 4259 4259 4260 4260 4260 4262 4262 4262 4261 4261 4261 4259 4259 4259 4262 4262 4262 4260 4260 4260 4263 4263 4263 4262 4262 4262 4264 4264 4264 4258 4258 4258 4257 4257 4257 4265 4265 4265 4258 4258 4258 4264 4264 4264 4262 4262 4262 4263 4263 4263 4266 4266 4266 4263 4263 4263 4267 4267 4267 4266 4266 4266 4268 4268 4268 4265 4265 4265 4264 4264 4264 4269 4269 4269 4265 4265 4265 4268 4268 4268 4264 4264 4264 4257 4257 4257 4270 4270 4270 4270 4270 4270 4257 4257 4257 4261 4261 4261 4268 4268 4268 4264 4264 4264 4271 4271 4271 4271 4271 4271 4264 4264 4264 4270 4270 4270 4272 4272 4272 4269 4269 4269 4268 4268 4268 4272 4272 4272 4268 4268 4268 4271 4271 4271 4273 4273 4273 4269 4269 4269 4272 4272 4272 4271 4271 4271 4270 4270 4270 4274 4274 4274 4275 4275 4275 4273 4273 4273 4272 4272 4272 4272 4272 4272 4271 4271 4271 4276 4276 4276 4276 4276 4276 4271 4271 4271 4274 4274 4274 4277 4277 4277 4273 4273 4273 4275 4275 4275 4278 4278 4278 4273 4273 4273 4277 4277 4277 4275 4275 4275 4272 4272 4272 4279 4279 4279 4279 4279 4279 4272 4272 4272 4276 4276 4276 4277 4277 4277 4275 4275 4275 4279 4279 4279 4276 4276 4276 4274 4274 4274 4280 4280 4280 4279 4279 4279 4276 4276 4276 4280 4280 4280 4274 4274 4274 4270 4270 4270 4281 4281 4281 4270 4270 4270 4261 4261 4261 4281 4281 4281 4274 4274 4274 4282 4282 4282 4280 4280 4280 4274 4274 4274 4281 4281 4281 4282 4282 4282 4281 4281 4281 4261 4261 4261 4283 4283 4283 4261 4261 4261 4262 4262 4262 4283 4283 4283 4283 4283 4283 4262 4262 4262 4284 4284 4284 4283 4283 4283 4284 4284 4284 4281 4281 4281 4262 4262 4262 4266 4266 4266 4284 4284 4284 4281 4281 4281 4285 4285 4285 4282 4282 4282 4281 4281 4281 4284 4284 4284 4285 4285 4285 4266 4266 4266 4286 4286 4286 4284 4284 4284 4266 4266 4266 4267 4267 4267 4286 4286 4286 4267 4267 4267 4287 4287 4287 4286 4286 4286 4284 4284 4284 4288 4288 4288 4285 4285 4285 4284 4284 4284 4286 4286 4286 4288 4288 4288 4286 4286 4286 4287 4287 4287 4289 4289 4289 4287 4287 4287 4290 4290 4290 4289 4289 4289 4289 4289 4289 4290 4290 4290 4291 4291 4291 4286 4286 4286 4289 4289 4289 4292 4292 4292 4289 4289 4289 4291 4291 4291 4292 4292 4292 4288 4288 4288 4286 4286 4286 4292 4292 4292 4292 4292 4292 4291 4291 4291 4293 4293 4293 4288 4288 4288 4292 4292 4292 4294 4294 4294 4285 4285 4285 4288 4288 4288 4294 4294 4294 4292 4292 4292 4293 4293 4293 4295 4295 4295 4294 4294 4294 4292 4292 4292 4295 4295 4295 4295 4295 4295 4293 4293 4293 4296 4296 4296 4295 4295 4295 4296 4296 4296 4297 4297 4297 4285 4285 4285 4294 4294 4294 4298 4298 4298 4294 4294 4294 4295 4295 4295 4298 4298 4298 4282 4282 4282 4285 4285 4285 4298 4298 4298 4299 4299 4299 4295 4295 4295 4297 4297 4297 4298 4298 4298 4295 4295 4295 4299 4299 4299 4299 4299 4299 4297 4297 4297 4300 4300 4300 4298 4298 4298 4299 4299 4299 4300 4300 4300 4300 4300 4300 4297 4297 4297 4301 4301 4301 4282 4282 4282 4298 4298 4298 4302 4302 4302 4280 4280 4280 4282 4282 4282 4302 4302 4302 4303 4303 4303 4298 4298 4298 4300 4300 4300 4302 4302 4302 4298 4298 4298 4303 4303 4303 4300 4300 4300 4301 4301 4301 4304 4304 4304 4303 4303 4303 4300 4300 4300 4304 4304 4304 4304 4304 4304 4301 4301 4301 4305 4305 4305 4280 4280 4280 4302 4302 4302 4306 4306 4306 4279 4279 4279 4280 4280 4280 4306 4306 4306 4302 4302 4302 4303 4303 4303 4307 4307 4307 4306 4306 4306 4302 4302 4302 4307 4307 4307 4308 4308 4308 4303 4303 4303 4304 4304 4304 4307 4307 4307 4303 4303 4303 4308 4308 4308 4308 4308 4308 4304 4304 4304 4309 4309 4309 4307 4307 4307 4308 4308 4308 4309 4309 4309 4310 4310 4310 4304 4304 4304 4305 4305 4305 4309 4309 4309 4304 4304 4304 4310 4310 4310 4310 4310 4310 4305 4305 4305 4311 4311 4311 4309 4309 4309 4310 4310 4310 4311 4311 4311 4311 4311 4311 4305 4305 4305 4312 4312 4312 4313 4313 4313 4307 4307 4307 4309 4309 4309 4306 4306 4306 4307 4307 4307 4313 4313 4313 4309 4309 4309 4311 4311 4311 4314 4314 4314 4315 4315 4315 4306 4306 4306 4313 4313 4313 4315 4315 4315 4279 4279 4279 4306 4306 4306 4313 4313 4313 4309 4309 4309 4316 4316 4316 4315 4315 4315 4313 4313 4313 4316 4316 4316 4316 4316 4316 4309 4309 4309 4314 4314 4314 4317 4317 4317 4279 4279 4279 4315 4315 4315 4277 4277 4277 4279 4279 4279 4317 4317 4317 4318 4318 4318 4315 4315 4315 4316 4316 4316 4319 4319 4319 4277 4277 4277 4317 4317 4317 4319 4319 4319 4278 4278 4278 4277 4277 4277 4320 4320 4320 4317 4317 4317 4315 4315 4315 4320 4320 4320 4319 4319 4319 4317 4317 4317 4320 4320 4320 4315 4315 4315 4318 4318 4318 4321 4321 4321 4278 4278 4278 4319 4319 4319 4321 4321 4321 4319 4319 4319 4320 4320 4320 4322 4322 4322 4278 4278 4278 4321 4321 4321 4323 4323 4323 4320 4320 4320 4318 4318 4318 4321 4321 4321 4320 4320 4320 4323 4323 4323 4318 4318 4318 4316 4316 4316 4324 4324 4324 4316 4316 4316 4314 4314 4314 4324 4324 4324 4323 4323 4323 4318 4318 4318 4325 4325 4325 4325 4325 4325 4318 4318 4318 4324 4324 4324 4326 4326 4326 4321 4321 4321 4323 4323 4323 4326 4326 4326 4323 4323 4323 4325 4325 4325 4327 4327 4327 4322 4322 4322 4321 4321 4321 4327 4327 4327 4321 4321 4321 4326 4326 4326 4328 4328 4328 4322 4322 4322 4327 4327 4327 4328 4328 4328 4327 4327 4327 4326 4326 4326 4329 4329 4329 4322 4322 4322 4328 4328 4328 4330 4330 4330 4326 4326 4326 4325 4325 4325 4331 4331 4331 4328 4328 4328 4326 4326 4326 4331 4331 4331 4326 4326 4326 4330 4330 4330 4332 4332 4332 4329 4329 4329 4328 4328 4328 4331 4331 4331 4332 4332 4332 4328 4328 4328 4330 4330 4330 4325 4325 4325 4333 4333 4333 4325 4325 4325 4324 4324 4324 4333 4333 4333 4334 4334 4334 4331 4331 4331 4330 4330 4330 4330 4330 4330 4333 4333 4333 4334 4334 4334 4335 4335 4335 4332 4332 4332 4331 4331 4331 4334 4334 4334 4335 4335 4335 4331 4331 4331 4336 4336 4336 4329 4329 4329 4332 4332 4332 4336 4336 4336 4337 4337 4337 4329 4329 4329 4338 4338 4338 4332 4332 4332 4335 4335 4335 4338 4338 4338 4336 4336 4336 4332 4332 4332 4339 4339 4339 4335 4335 4335 4334 4334 4334 4339 4339 4339 4338 4338 4338 4335 4335 4335 4340 4340 4340 4337 4337 4337 4336 4336 4336 4338 4338 4338 4340 4340 4340 4336 4336 4336 4341 4341 4341 4337 4337 4337 4340 4340 4340 4341 4341 4341 4342 4342 4342 4337 4337 4337 4343 4343 4343 4340 4340 4340 4338 4338 4338 4344 4344 4344 4341 4341 4341 4340 4340 4340 4343 4343 4343 4344 4344 4344 4340 4340 4340 4345 4345 4345 4342 4342 4342 4341 4341 4341 4344 4344 4344 4345 4345 4345 4341 4341 4341 4346 4346 4346 4343 4343 4343 4338 4338 4338 4346 4346 4346 4344 4344 4344 4343 4343 4343 4345 4345 4345 4347 4347 4347 4342 4342 4342 4347 4347 4347 4348 4348 4348 4342 4342 4342 4349 4349 4349 4345 4345 4345 4344 4344 4344 4350 4350 4350 4348 4348 4348 4347 4347 4347 4351 4351 4351 4349 4349 4349 4344 4344 4344 4351 4351 4351 4344 4344 4344 4346 4346 4346 4350 4350 4350 4352 4352 4352 4348 4348 4348 4352 4352 4352 4353 4353 4353 4348 4348 4348 4354 4354 4354 4350 4350 4350 4347 4347 4347 4354 4354 4354 4352 4352 4352 4350 4350 4350 4355 4355 4355 4347 4347 4347 4345 4345 4345 4355 4355 4355 4354 4354 4354 4347 4347 4347 4349 4349 4349 4355 4355 4355 4345 4345 4345 4356 4356 4356 4352 4352 4352 4354 4354 4354 4357 4357 4357 4355 4355 4355 4349 4349 4349 4358 4358 4358 4354 4354 4354 4355 4355 4355 4357 4357 4357 4358 4358 4358 4355 4355 4355 4358 4358 4358 4356 4356 4356 4354 4354 4354 4359 4359 4359 4357 4357 4357 4349 4349 4349 4359 4359 4359 4349 4349 4349 4351 4351 4351 4360 4360 4360 4358 4358 4358 4357 4357 4357 4359 4359 4359 4360 4360 4360 4357 4357 4357 4361 4361 4361 4359 4359 4359 4351 4351 4351 4346 4346 4346 4361 4361 4361 4351 4351 4351 4362 4362 4362 4360 4360 4360 4359 4359 4359 4361 4361 4361 4362 4362 4362 4359 4359 4359 4360 4360 4360 4363 4363 4363 4358 4358 4358 4364 4364 4364 4362 4362 4362 4361 4361 4361 4360 4360 4360 4365 4365 4365 4363 4363 4363 4362 4362 4362 4366 4366 4366 4360 4360 4360 4366 4366 4366 4365 4365 4365 4360 4360 4360 4367 4367 4367 4366 4366 4366 4362 4362 4362 4364 4364 4364 4367 4367 4367 4362 4362 4362 4368 4368 4368 4365 4365 4365 4366 4366 4366 4367 4367 4367 4368 4368 4368 4366 4366 4366 4369 4369 4369 4364 4364 4364 4361 4361 4361 4369 4369 4369 4361 4361 4361 4346 4346 4346 4370 4370 4370 4367 4367 4367 4364 4364 4364 4371 4371 4371 4364 4364 4364 4369 4369 4369 4371 4371 4371 4370 4370 4370 4364 4364 4364 4372 4372 4372 4368 4368 4368 4367 4367 4367 4370 4370 4370 4372 4372 4372 4367 4367 4367 4372 4372 4372 4373 4373 4373 4368 4368 4368 4374 4374 4374 4372 4372 4372 4370 4370 4370 4374 4374 4374 4373 4373 4373 4372 4372 4372 4375 4375 4375 4374 4374 4374 4370 4370 4370 4375 4375 4375 4370 4370 4370 4371 4371 4371 4376 4376 4376 4374 4374 4374 4375 4375 4375 4373 4373 4373 4377 4377 4377 4368 4368 4368 4368 4368 4368 4377 4377 4377 4365 4365 4365 4373 4373 4373 4378 4378 4378 4377 4377 4377 4379 4379 4379 4376 4376 4376 4375 4375 4375 4379 4379 4379 4375 4375 4375 4371 4371 4371 4377 4377 4377 4378 4378 4378 4380 4380 4380 4377 4377 4377 4380 4380 4380 4365 4365 4365 4379 4379 4379 4371 4371 4371 4381 4381 4381 4381 4381 4381 4371 4371 4371 4369 4369 4369 4382 4382 4382 4376 4376 4376 4379 4379 4379 4383 4383 4383 4376 4376 4376 4382 4382 4382 4384 4384 4384 4379 4379 4379 4381 4381 4381 4382 4382 4382 4379 4379 4379 4384 4384 4384 4381 4381 4381 4369 4369 4369 4385 4385 4385 4384 4384 4384 4381 4381 4381 4385 4385 4385 4385 4385 4385 4369 4369 4369 4346 4346 4346 4386 4386 4386 4383 4383 4383 4382 4382 4382 4386 4386 4386 4382 4382 4382 4384 4384 4384 4385 4385 4385 4346 4346 4346 4387 4387 4387 4387 4387 4387 4346 4346 4346 4338 4338 4338 4387 4387 4387 4338 4338 4338 4339 4339 4339 4388 4388 4388 4385 4385 4385 4387 4387 4387 4388 4388 4388 4387 4387 4387 4339 4339 4339 4384 4384 4384 4385 4385 4385 4388 4388 4388 4389 4389 4389 4388 4388 4388 4339 4339 4339 4389 4389 4389 4384 4384 4384 4388 4388 4388 4389 4389 4389 4339 4339 4339 4334 4334 4334 4334 4334 4334 4333 4333 4333 4389 4389 4389 4390 4390 4390 4384 4384 4384 4389 4389 4389 4390 4390 4390 4386 4386 4386 4384 4384 4384 4389 4389 4389 4391 4391 4391 4390 4390 4390 4391 4391 4391 4386 4386 4386 4390 4390 4390 4333 4333 4333 4391 4391 4391 4389 4389 4389 4392 4392 4392 4383 4383 4383 4386 4386 4386 4391 4391 4391 4392 4392 4392 4386 4386 4386 4392 4392 4392 4312 4312 4312 4383 4383 4383 4333 4333 4333 4393 4393 4393 4391 4391 4391 4324 4324 4324 4393 4393 4393 4333 4333 4333 4324 4324 4324 4314 4314 4314 4393 4393 4393 4391 4391 4391 4394 4394 4394 4392 4392 4392 4393 4393 4393 4394 4394 4394 4391 4391 4391 4394 4394 4394 4312 4312 4312 4392 4392 4392 4393 4393 4393 4314 4314 4314 4394 4394 4394 4311 4311 4311 4312 4312 4312 4394 4394 4394 4314 4314 4314 4311 4311 4311 4394 4394 4394 4378 4378 4378 4395 4395 4395 4380 4380 4380 4378 4378 4378 4396 4396 4396 4395 4395 4395 4380 4380 4380 4395 4395 4395 4397 4397 4397 4365 4365 4365 4380 4380 4380 4397 4397 4397 4395 4395 4395 4396 4396 4396 4398 4398 4398 4365 4365 4365 4397 4397 4397 4399 4399 4399 4365 4365 4365 4399 4399 4399 4363 4363 4363 4363 4363 4363 4399 4399 4399 4358 4358 4358 4397 4397 4397 4395 4395 4395 4400 4400 4400 4397 4397 4397 4400 4400 4400 4399 4399 4399 4358 4358 4358 4399 4399 4399 4401 4401 4401 4401 4401 4401 4356 4356 4356 4358 4358 4358 4399 4399 4399 4400 4400 4400 4402 4402 4402 4399 4399 4399 4402 4402 4402 4401 4401 4401 4395 4395 4395 4403 4403 4403 4400 4400 4400 4400 4400 4400 4403 4403 4403 4402 4402 4402 4395 4395 4395 4398 4398 4398 4403 4403 4403 4401 4401 4401 4404 4404 4404 4356 4356 4356 4356 4356 4356 4404 4404 4404 4352 4352 4352 4401 4401 4401 4402 4402 4402 4405 4405 4405 4405 4405 4405 4404 4404 4404 4401 4401 4401 4402 4402 4402 4406 4406 4406 4405 4405 4405 4405 4405 4405 4406 4406 4406 4404 4404 4404 4404 4404 4404 4407 4407 4407 4352 4352 4352 4407 4407 4407 4353 4353 4353 4352 4352 4352 4404 4404 4404 4408 4408 4408 4407 4407 4407 4406 4406 4406 4408 4408 4408 4404 4404 4404 4407 4407 4407 4409 4409 4409 4353 4353 4353 4408 4408 4408 4409 4409 4409 4407 4407 4407 4409 4409 4409 4410 4410 4410 4353 4353 4353 4402 4402 4402 4411 4411 4411 4406 4406 4406 4402 4402 4402 4403 4403 4403 4411 4411 4411 4412 4412 4412 4410 4410 4410 4409 4409 4409 4408 4408 4408 4412 4412 4412 4409 4409 4409 4411 4411 4411 4413 4413 4413 4406 4406 4406 4403 4403 4403 4413 4413 4413 4411 4411 4411 4406 4406 4406 4414 4414 4414 4408 4408 4408 4406 4406 4406 4413 4413 4413 4414 4414 4414 4415 4415 4415 4412 4412 4412 4408 4408 4408 4414 4414 4414 4415 4415 4415 4408 4408 4408 4415 4415 4415 4416 4416 4416 4412 4412 4412 4414 4414 4414 4416 4416 4416 4415 4415 4415 4412 4412 4412 4417 4417 4417 4410 4410 4410 4416 4416 4416 4417 4417 4417 4412 4412 4412 4417 4417 4417 4418 4418 4418 4410 4410 4410 4417 4417 4417 4419 4419 4419 4418 4418 4418 4420 4420 4420 4421 4421 4421 4419 4419 4419 4422 4422 4422 4420 4420 4420 4419 4419 4419 4422 4422 4422 4419 4419 4419 4417 4417 4417 4423 4423 4423 4420 4420 4420 4422 4422 4422 4424 4424 4424 4422 4422 4422 4417 4417 4417 4424 4424 4424 4423 4423 4423 4422 4422 4422 4416 4416 4416 4424 4424 4424 4417 4417 4417 4425 4425 4425 4423 4423 4423 4424 4424 4424 4426 4426 4426 4425 4425 4425 4424 4424 4424 4426 4426 4426 4424 4424 4424 4416 4416 4416 4427 4427 4427 4425 4425 4425 4426 4426 4426 4428 4428 4428 4426 4426 4426 4416 4416 4416 4428 4428 4428 4416 4416 4416 4414 4414 4414 4429 4429 4429 4427 4427 4427 4426 4426 4426 4428 4428 4428 4429 4429 4429 4426 4426 4426 4429 4429 4429 4430 4430 4430 4427 4427 4427 4414 4414 4414 4431 4431 4431 4428 4428 4428 4431 4431 4431 4429 4429 4429 4428 4428 4428 4413 4413 4413 4431 4431 4431 4414 4414 4414 4432 4432 4432 4430 4430 4430 4429 4429 4429 4431 4431 4431 4432 4432 4432 4429 4429 4429 4432 4432 4432 4433 4433 4433 4430 4430 4430 4413 4413 4413 4434 4434 4434 4431 4431 4431 4434 4434 4434 4432 4432 4432 4431 4431 4431 4435 4435 4435 4433 4433 4433 4432 4432 4432 4434 4434 4434 4435 4435 4435 4432 4432 4432 4435 4435 4435 4436 4436 4436 4433 4433 4433 4437 4437 4437 4436 4436 4436 4435 4435 4435 4437 4437 4437 4435 4435 4435 4438 4438 4438 4438 4438 4438 4435 4435 4435 4434 4434 4434 4439 4439 4439 4437 4437 4437 4438 4438 4438 4440 4440 4440 4434 4434 4434 4413 4413 4413 4403 4403 4403 4440 4440 4440 4413 4413 4413 4441 4441 4441 4438 4438 4438 4434 4434 4434 4441 4441 4441 4434 4434 4434 4440 4440 4440 4439 4439 4439 4438 4438 4438 4441 4441 4441 4403 4403 4403 4441 4441 4441 4440 4440 4440 4396 4396 4396 4439 4439 4439 4441 4441 4441 4398 4398 4398 4441 4441 4441 4403 4403 4403 4396 4396 4396 4441 4441 4441 4398 4398 4398 4442 4442 4442 4443 4443 4443 4444 4444 4444 4445 4445 4445 4442 4442 4442 4444 4444 4444 4445 4445 4445 4444 4444 4444 4446 4446 4446 4447 4447 4447 4442 4442 4442 4445 4445 4445 4448 4448 4448 4442 4442 4442 4447 4447 4447 4445 4445 4445 4446 4446 4446 4449 4449 4449 4447 4447 4447 4445 4445 4445 4449 4449 4449 4446 4446 4446 4450 4450 4450 4449 4449 4449 4449 4449 4449 4450 4450 4450 4451 4451 4451 4452 4452 4452 4448 4448 4448 4447 4447 4447 4453 4453 4453 4448 4448 4448 4452 4452 4452 4447 4447 4447 4449 4449 4449 4454 4454 4454 4455 4455 4455 4453 4453 4453 4452 4452 4452 4455 4455 4455 4456 4456 4456 4453 4453 4453 4452 4452 4452 4447 4447 4447 4457 4457 4457 4457 4457 4457 4447 4447 4447 4454 4454 4454 4458 4458 4458 4455 4455 4455 4452 4452 4452 4458 4458 4458 4452 4452 4452 4457 4457 4457 4459 4459 4459 4456 4456 4456 4455 4455 4455 4458 4458 4458 4459 4459 4459 4455 4455 4455 4459 4459 4459 4460 4460 4460 4456 4456 4456 4461 4461 4461 4460 4460 4460 4459 4459 4459 4461 4461 4461 4462 4462 4462 4460 4460 4460 4463 4463 4463 4464 4464 4464 4462 4462 4462 4463 4463 4463 4462 4462 4462 4461 4461 4461 4465 4465 4465 4461 4461 4461 4459 4459 4459 4465 4465 4465 4459 4459 4459 4458 4458 4458 4466 4466 4466 4463 4463 4463 4461 4461 4461 4466 4466 4466 4461 4461 4461 4465 4465 4465 4467 4467 4467 4463 4463 4463 4466 4466 4466 4466 4466 4466 4468 4468 4468 4467 4467 4467 4469 4469 4469 4468 4468 4468 4466 4466 4466 4465 4465 4465 4469 4469 4469 4466 4466 4466 4470 4470 4470 4468 4468 4468 4469 4469 4469 4471 4471 4471 4469 4469 4469 4465 4465 4465 4458 4458 4458 4471 4471 4471 4465 4465 4465 4470 4470 4470 4469 4469 4469 4472 4472 4472 4472 4472 4472 4469 4469 4469 4471 4471 4471 4472 4472 4472 4473 4473 4473 4470 4470 4470 4474 4474 4474 4471 4471 4471 4458 4458 4458 4457 4457 4457 4474 4474 4474 4458 4458 4458 4472 4472 4472 4471 4471 4471 4475 4475 4475 4475 4475 4475 4471 4471 4471 4474 4474 4474 4476 4476 4476 4473 4473 4473 4472 4472 4472 4475 4475 4475 4476 4476 4476 4472 4472 4472 4476 4476 4476 4477 4477 4477 4473 4473 4473 4478 4478 4478 4477 4477 4477 4476 4476 4476 4479 4479 4479 4478 4478 4478 4476 4476 4476 4479 4479 4479 4476 4476 4476 4475 4475 4475 4480 4480 4480 4478 4478 4478 4479 4479 4479 4481 4481 4481 4479 4479 4479 4475 4475 4475 4475 4475 4475 4474 4474 4474 4481 4481 4481 4482 4482 4482 4480 4480 4480 4479 4479 4479 4482 4482 4482 4479 4479 4479 4481 4481 4481 4483 4483 4483 4480 4480 4480 4482 4482 4482 4484 4484 4484 4483 4483 4483 4482 4482 4482 4484 4484 4484 4482 4482 4482 4481 4481 4481 4484 4484 4484 4485 4485 4485 4483 4483 4483 4481 4481 4481 4474 4474 4474 4486 4486 4486 4486 4486 4486 4474 4474 4474 4457 4457 4457 4454 4454 4454 4486 4486 4486 4457 4457 4457 4481 4481 4481 4486 4486 4486 4487 4487 4487 4487 4487 4487 4484 4484 4484 4481 4481 4481 4454 4454 4454 4488 4488 4488 4486 4486 4486 4486 4486 4486 4488 4488 4488 4487 4487 4487 4449 4449 4449 4488 4488 4488 4454 4454 4454 4449 4449 4449 4451 4451 4451 4488 4488 4488 4487 4487 4487 4488 4488 4488 4489 4489 4489 4487 4487 4487 4489 4489 4489 4484 4484 4484 4488 4488 4488 4451 4451 4451 4489 4489 4489 4490 4490 4490 4485 4485 4485 4484 4484 4484 4489 4489 4489 4490 4490 4490 4484 4484 4484 4490 4490 4490 4491 4491 4491 4485 4485 4485 4489 4489 4489 4451 4451 4451 4492 4492 4492 4489 4489 4489 4492 4492 4492 4490 4490 4490 4451 4451 4451 4493 4493 4493 4494 4494 4494 4492 4492 4492 4451 4451 4451 4494 4494 4494 4492 4492 4492 4494 4494 4494 4495 4495 4495 4496 4496 4496 4491 4491 4491 4490 4490 4490 4492 4492 4492 4496 4496 4496 4490 4490 4490 4492 4492 4492 4495 4495 4495 4496 4496 4496 4496 4496 4496 4497 4497 4497 4491 4491 4491 4495 4495 4495 4498 4498 4498 4496 4496 4496 4496 4496 4496 4498 4498 4498 4497 4497 4497 4499 4499 4499 4500 4500 4500 4501 4501 4501 4502 4502 4502 4500 4500 4500 4499 4499 4499 4503 4503 4503 4500 4500 4500 4502 4502 4502 4503 4503 4503 4504 4504 4504 4500 4500 4500 4504 4504 4504 4505 4505 4505 4500 4500 4500 4505 4505 4505 4506 4506 4506 4500 4500 4500 4506 4506 4506 4507 4507 4507 4500 4500 4500 4507 4507 4507 4508 4508 4508 4500 4500 4500 4508 4508 4508 4509 4509 4509 4500 4500 4500 4510 4510 4510 4507 4507 4507 4506 4506 4506 4508 4508 4508 4511 4511 4511 4509 4509 4509 4512 4512 4512 4510 4510 4510 4506 4506 4506 4511 4511 4511 4513 4513 4513 4509 4509 4509 4514 4514 4514 4512 4512 4512 4506 4506 4506 4511 4511 4511 4515 4515 4515 4513 4513 4513 4516 4516 4516 4514 4514 4514 4506 4506 4506 4515 4515 4515 4517 4517 4517 4513 4513 4513 4518 4518 4518 4516 4516 4516 4506 4506 4506 4515 4515 4515 4519 4519 4519 4517 4517 4517 4520 4520 4520 4518 4518 4518 4506 4506 4506 4517 4517 4517 4519 4519 4519 4521 4521 4521 4519 4519 4519 4522 4522 4522 4521 4521 4521 4521 4521 4521 4522 4522 4522 4523 4523 4523 4522 4522 4522 4524 4524 4524 4523 4523 4523 4523 4523 4523 4524 4524 4524 4525 4525 4525 4525 4525 4525 4524 4524 4524 4526 4526 4526 4524 4524 4524 4527 4527 4527 4526 4526 4526 4527 4527 4527 4528 4528 4528 4526 4526 4526 4527 4527 4527 4529 4529 4529 4528 4528 4528 4529 4529 4529 4530 4530 4530 4528 4528 4528 4529 4529 4529 4531 4531 4531 4530 4530 4530 4529 4529 4529 4532 4532 4532 4531 4531 4531 4532 4532 4532 4533 4533 4533 4531 4531 4531 4532 4532 4532 4534 4534 4534 4533 4533 4533 4534 4534 4534 4535 4535 4535 4533 4533 4533 4534 4534 4534 4536 4536 4536 4535 4535 4535 4535 4535 4535 4536 4536 4536 4537 4537 4537 4536 4536 4536 4538 4538 4538 4537 4537 4537 4537 4537 4537 4538 4538 4538 4539 4539 4539 4538 4538 4538 4540 4540 4540 4539 4539 4539 4539 4539 4539 4540 4540 4540 4541 4541 4541 4540 4540 4540 4542 4542 4542 4541 4541 4541 4541 4541 4541 4543 4543 4543 4544 4544 4544 4541 4541 4541 4545 4545 4545 4543 4543 4543 4541 4541 4541 4546 4546 4546 4545 4545 4545 4547 4547 4547 4546 4546 4546 4541 4541 4541 4548 4548 4548 4547 4547 4547 4541 4541 4541 4549 4549 4549 4548 4548 4548 4541 4541 4541 4542 4542 4542 4549 4549 4549 4541 4541 4541 4542 4542 4542 4550 4550 4550 4549 4549 4549 4550 4550 4550 4551 4551 4551 4549 4549 4549 4551 4551 4551 4552 4552 4552 4549 4549 4549 4552 4552 4552 4553 4553 4553 4549 4549 4549 4553 4553 4553 4554 4554 4554 4549 4549 4549 4554 4554 4554 4520 4520 4520 4549 4549 4549 4549 4549 4549 4520 4520 4520 4506 4506 4506</p>
        </triangles>
      </mesh>
    </geometry>
  </library_geometries>
  <library_materials>
    <material id="39260b8667dc439ca59550a271472e3a" name="pbrmaterial">
      <instance_effect url="#308935324da649aaa69404986f1bd6fb"/>
    </material>
  </library_materials>
  <library_visual_scenes>
    <visual_scene id="scene">
      <node id="node0" name="node0">
        <instance_geometry url="#f022bae37b0345c2a1380482446d59ef">
          <bind_material>
            <technique_common>
              <instance_material symbol="material0" target="#39260b8667dc439ca59550a271472e3a"/>
            </technique_common>
          </bind_material>
        </instance_geometry>
      </node>
    </visual_scene>
  </library_visual_scenes>
  <scene>
    <instance_visual_scene url="#scene"/>
  </scene>
</COLLADA>
