<COLLADA xmlns="http://www.collada.org/2005/11/COLLADASchema" version="1.4.1">
  <asset>
    <created>2026-09-25T14:22:25.859333</created>
    <modified>2026-09-25T14:22:25.859334</modified>
    <up_axis>Y_UP</up_axis>
  </asset>
  <library_effects>
    <effect id="aa4f751d21724b92bc8b257de8edac49" name="aa4f751d21724b92bc8b257de8edac49">
      <profile_COMMON>
        <technique sid="common">
          <phong>
            <ambient>
              <color>0.0 0.0 0.0 1.0</color>
            </ambient>
            <diffuse>
              <color>1.0 1.0 1.0 1.0</color>
            </diffuse>
            <specular>
              <color>1.0 1.0 1.0 1.0</color>
            </specular>
            <shininess>
              <float>0.0</float>
            </shininess>
            <reflective>
              <color>0.0 0.0 0.0 1.0</color>
            </reflective>
            <reflectivity>
              <float>0.0</float>
            </reflectivity>
            <transparent>
              <color>0.0 0.0 0.0 1.0</color>
            </transparent>
            <transparency>
              <float>1.0</float>
            </transparency>
          </phong>
        </technique>
        <extra>
          <technique profile="GOOGLEEARTH">
            <double_sided>0</double_sided>
          </technique>
        </extra>
      </profile_COMMON>
    </effect>
  </library_effects>
  <library_geometries>
    <geometry id="3ce33633af3a43918599f4916c0662b3" name="3be59bacca5e4a479f8de4b76f235b1e">
      <mesh>
        <source id="verts-array">
          <float_array count="7104" id="verts-array-array">0.00942388 -0.007299998 0.01059732 0.009477069 -0.007299998 0.01076707 0.009477069 -0.007299998 0.01055835 0.009207107 -0.007299998 0.01027289 0.009420721 -0.007299998 0.01022813 0.009258376 -0.007299998 0.009935166 0.008882685 -0.007299998 0.01005612 0.009007598 -0.007299998 0.009710827 0.008743448 -0.007299998 0.009592569 0.0085 -0.007299998 0.009980002 0.006987343 -0.007299998 0.008903897 -0.0085 -0.007299998 0.009980002 0.005095176 -0.007299998 0.00765973 0.003722223 -0.007299998 0.006265395 0.003557191 -0.007299998 0.005970187 -0.006962725 -0.007299998 0.008891407 -0.008772727 -0.007299998 0.009600917 -0.005085357 -0.007299998 0.007651532 -0.008882684 -0.007299998 0.01005612 -0.003722222 -0.007299998 0.006265395 -0.009150126 -0.007299998 0.009803182 -0.003557191 -0.007299998 0.005970187 -0.009207106 -0.007299998 0.01027289 0.003500001 -0.007299998 0.005636858 -0.009408331 -0.007299998 0.01014475 -0.0035 -0.007299998 0.005636858 -0.0095 -0.007299998 0.01056301 -0.009423879 -0.007299998 0.01059732 -0.0095 -0.007299998 0.01098 0.003500001 -0.007299998 -1.999796e-05 -0.0035 -0.007299998 -1.999796e-05 -0.003153391 -0.007299998 -0.001538592 -0.002182214 -0.007299998 -0.002756409 0.003153392 -0.007299998 -0.001538592 0.002182215 -0.007299998 -0.002756409 -0.0007788228 -0.007299998 -0.003432247 0.0007788238 -0.007299998 -0.003432247 0.009067331 0.006300002 0.01000368 0.009169867 0.006300002 0.01023752 0.008882685 0.006300002 0.01005612 0.008829042 0.006300002 0.009725715 0.0085 0.006300002 0.009980002 0.008756494 0.006300002 0.009669225 0.008382938 0.006300002 0.009481787 0.007011493 0.006300002 0.008916071 -0.0085 0.006300002 0.009980002 0.005388889 0.006300002 0.007895452 -0.009014469 0.006300002 0.009923781 -0.008882684 0.006300002 0.01005612 -0.009169866 0.006300002 0.01023752 0.005102473 0.006300002 0.007544863 -0.008767526 0.006300002 0.00967726 -0.008382937 0.006300002 0.009481787 -0.0070115 0.006300002 0.008916073 -0.005388888 0.006300002 0.007895452 -0.005102471 0.006300002 0.007544863 0.005 0.006300002 0.007103906 -0.004999999 0.006300002 0.007103906 -0.004999999 0.006300002 -1.999796e-05 0.005 0.006300002 -1.999796e-05 -0.004504844 0.006300002 -0.002189417 0.004504845 0.006300002 -0.002189417 0.00311745 0.006300002 -0.003929156 -0.003117449 0.006300002 -0.003929156 -0.001112604 0.006300002 -0.004894639 0.001112605 0.006300002 -0.004894639 -0.007211409 -0.01098367 0.01398 -0.006 -0.0112 0.01398 -0.007699999 -0.0112 0.01398 -0.008474873 -0.01017487 0.01398 -0.009039393 -0.01093358 0.01398 -0.01017487 -0.01017487 0.01398 -0.009283669 -0.008911409 0.01398 -0.01093358 -0.009039391 0.01398 -0.0095 -0.007699999 0.01398 -0.0112 -0.007699999 0.01398 -0.0095 0.007700002 0.01398 -0.0112 0.009850254 0.01398 -0.009494062 0.007903803 0.01398 -0.009137466 0.009251232 0.01398 -0.008761597 0.009850254 0.01398 -0.0112 0.01116567 0.0142366 0.0112 0.01116567 0.0142366 -0.0112 0.01229987 0.01498013 0.0112 0.01229987 0.01498013 0.008761598 0.009850254 0.01398 0.0112 0.009850254 0.01398 0.009137466 0.009251232 0.01398 0.009494062 0.007903803 0.01398 0.009500001 0.007700002 0.01398 0.0112 -0.007699999 0.01398 0.009500001 -0.007699999 0.01398 0.009378132 -0.008615545 0.01398 0.01093358 -0.009039391 0.01398 0.01017487 -0.01017487 0.01398 0.008612471 -0.01002916 0.01398 0.009039394 -0.01093358 0.01398 0.007700001 -0.0112 0.01398 0.007295622 -0.01095136 0.01398 0.006000001 -0.0112 0.01398 -0.009496115 0.007535156 0.01056236 -0.009399129 0.00686578 0.01054232 -0.009496265 0.007538357 0.01089366 -0.009475532 0.007902766 0.01055811 -0.009499985 0.007689567 0.01097442 -0.0095 0.007700002 0.01098 -0.009494062 0.007903803 0.01398 -0.009455859 0.008254111 0.01055405 -0.0095 0.007700002 0.01398 -0.009137466 0.009251232 0.01398 -0.009271162 0.008944791 0.01051532 -0.009120641 0.009242734 0.01048172 -0.008761597 0.009850254 0.01398 -0.008942901 0.009594555 0.01044204 -0.00855031 0.01009707 0.01034673 -0.008283299 0.01035265 0.01398 -0.00827131 0.01033881 0.01027174 -0.007067027 0.01103339 0.01398 -0.0080096 0.01056558 0.01020139 -0.007384146 0.01091468 0.01001233 -0.007061622 0.01101624 0.009901793 -0.006 0.0112 0.01398 -0.006707458 0.01112776 0.009780412 -0.006 0.0112 0.009506281 0.006000001 0.0112 0.01398 0.006829347 0.01110032 0.009824366 0.006116848 0.01119805 0.009553963 0.007061871 0.01101867 0.009902447 0.006000001 0.0112 0.009506281 0.007067027 0.01103339 0.01398 0.007478783 0.01087226 0.01004245 0.008014264 0.0105623 0.01020277 0.008271313 0.01033886 0.0102718 0.0082833 0.01035265 0.01398 0.008554009 0.01009313 0.01034771 0.008761598 0.009850254 0.01398 0.008985642 0.00952646 0.01045211 0.00912185 0.009243708 0.01048238 0.009137466 0.009251232 0.01398 0.009289211 0.008896289 0.01051956 0.009448423 0.008298652 0.01055272 0.009494062 0.007903803 0.01398 0.009475761 0.007902539 0.01055817 0.009500001 0.007700002 0.01098 0.009500001 0.007700002 0.01398 0.009500001 -0.007699999 0.01398 0.009499986 0.007689567 0.01097442 0.009497968 0.007580758 0.0105626 0.009432447 0.00701567 0.0106187 0.009399129 0.00686578 0.01054232 0.009500001 -0.007699999 0.01098 0.009378132 -0.008615545 0.01398 0.009499986 -0.007689564 0.01097442 0.009477069 -0.007299998 0.01076707 0.009499986 0.007689567 0.01097442 0.009432447 0.00701567 0.0106187 0.009423242 0.006974259 0.01059759 0.00942388 -0.007299998 0.01059732 0.009399129 0.00686578 0.01054232 0.00937971 0.00679246 0.01050449 0.009201399 0.006374002 0.01027764 0.009207107 -0.007299998 0.01027289 0.009169867 0.006300002 0.01023752 0.008882685 -0.007299998 0.01005612 0.008882685 0.006300002 0.01005612 0.0085 -0.007299998 0.009980002 0.0085 0.006300002 0.009980002 -0.0085 -0.007299998 0.009980002 -0.0085 0.006300002 0.009980002 -0.008882684 -0.007299998 0.01005612 -0.008882684 0.006300002 0.01005612 -0.009169866 0.006300002 0.01023752 -0.009207007 0.006369068 0.01027297 -0.009207106 -0.007299998 0.01027289 -0.009399129 0.00686578 0.01054232 -0.009423879 -0.007299998 0.01059732 -0.00941509 0.006976302 0.01060005 -0.0095 -0.007299998 0.01098 -0.009496265 0.007538357 0.01089366 -0.009499985 0.007689567 0.01097442 -0.0095 -0.007699999 0.01398 -0.0095 -0.007699999 0.01056301 -0.0095 -0.007299998 0.01056301 -0.009408331 -0.007299998 0.01014475 -0.009426924 -0.008411468 0.01054835 -0.009283669 -0.008911409 0.01398 -0.009269902 -0.008907044 0.01051513 -0.009211346 -0.009091851 0.01050274 -0.008474873 -0.01017487 0.01398 -0.009408331 -0.007699999 0.01014475 -0.009150126 -0.007299998 0.009803182 -0.00887142 -0.009701233 0.01042544 -0.008470974 -0.01017155 0.01032608 -0.008433483 -0.01021558 0.01031677 -0.007211409 -0.01098367 0.01398 -0.007854754 -0.01066814 0.01015675 -0.007227298 -0.01097776 0.009961206 -0.007210985 -0.01098209 0.009955459 -0.006 -0.0112 0.01398 -0.006557517 -0.01115531 0.009725202 -0.006 -0.0112 0.009506281 -0.009426924 -0.008411468 0.01054835 -0.009432966 -0.007699999 0.01025716 -0.009380585 -0.008392501 0.01023822 -0.009424101 -0.008420382 0.01054775 -0.009176806 -0.009047105 0.01019277 -0.00887142 -0.009701233 0.01042544 -0.00923411 -0.008343871 0.009945271 -0.009279227 -0.007699999 0.009973967 -0.009150126 -0.007699999 0.009803182 -0.008772727 -0.007299998 0.009600917 -0.009049625 -0.008952592 0.009900673 -0.008772727 -0.007699999 0.009600917 -0.006962725 -0.007299998 0.008891407 -0.009001276 -0.008281082 0.009718372 -0.009048699 -0.007699999 0.009748822 -0.008748104 -0.008066852 0.009593901 -0.008748104 -0.008066852 0.009593901 -0.0085983 -0.008660487 0.009549755 -0.0085983 -0.008660487 0.009549755 -0.00883865 -0.008830306 0.009674915 -0.0085791 -0.008699155 0.009543679 -0.00836872 -0.009122862 0.009477112 -0.008753791 -0.009508738 0.009823094 -0.008237074 -0.009759246 0.009489931 -0.008003816 -0.009574488 0.009348923 -0.008051558 -0.009515398 0.009365695 -0.007552596 -0.009915736 0.00916793 -0.008003816 -0.009574488 0.009348923 -0.007042647 -0.01012799 0.008931652 -0.006963839 -0.01013845 0.008889332 -0.0065 -0.0102 0.008640257 -0.005085357 -0.007299998 0.007651532 -0.005090815 -0.0102 0.007643813 -0.0050017 -0.0102 0.007580798 -0.003722222 -0.007299998 0.006265395 -0.00646194 -0.01058268 0.008706179 -0.007042647 -0.01012799 0.008931652 -0.006463448 -0.01056752 0.008703566 -0.003722222 -0.0102 0.006265395 -0.007391903 -0.01035144 0.009161911 -0.007311239 -0.01001619 0.0090561 -0.007409562 -0.01064893 0.009371815 -0.007910526 -0.010368 0.009559542 -0.008367811 -0.009984149 0.0097104 -0.008422406 -0.01015518 0.01000031 -0.008849716 -0.009644869 0.01011406 -0.008855046 -0.009720465 0.01042138 -0.008433483 -0.01021558 0.01031677 -0.008395492 -0.01024529 0.01030627 -0.007915408 -0.01056599 0.009848827 -0.007853414 -0.0106688 0.01015633 -0.007392428 -0.01077003 0.009510049 -0.007359124 -0.01086465 0.009661286 -0.006353553 -0.01090711 0.008893909 -0.006268281 -0.01102106 0.009041606 -0.006191342 -0.01112388 0.009174868 -0.004952236 -0.01058268 0.007638656 -0.00481137 -0.01090711 0.007803421 -0.003663017 -0.01058268 0.006313242 -0.003557191 -0.0102 0.005970187 -0.003557191 -0.007299998 0.005970187 -0.003494416 -0.01090711 0.006449489 -0.0035 -0.0102 0.005636858 -0.0035 -0.007299998 0.005636858 -0.003485424 -0.01058268 0.005995561 -0.0035 -0.0102 -1.999796e-05 -0.0035 -0.007299998 -1.999796e-05 -0.003423879 -0.01058268 0.005636858 -0.003288924 -0.0102 -0.001217068 -0.003423879 -0.01058268 -1.999796e-05 -0.003153391 -0.007299998 -0.001538592 -0.003115817 -0.0102 -0.001516897 -0.002681155 -0.0102 -0.002269754 -0.002182214 -0.007299998 -0.002756409 -0.003217394 -0.01058268 -0.001191033 -0.002148734 -0.0102 -0.002716509 -0.00175 -0.0102 -0.003051087 -0.0007788228 -0.007299998 -0.003432247 -0.002622844 -0.01058268 -0.002220826 -0.0007699268 -0.0102 -0.003407803 -0.0006077681 -0.0102 -0.003466824 -0.001711939 -0.01058268 -0.002985164 0.0006077691 -0.0102 -0.003466824 0.0007788238 -0.007299998 -0.003432247 -0.00059455 -0.01058268 -0.003391861 0.0007699278 -0.0102 -0.003407803 0.001750001 -0.0102 -0.003051087 0.002182215 -0.007299998 -0.002756409 0.0005945509 -0.01058268 -0.003391861 0.002148735 -0.0102 -0.002716509 0.002681156 -0.0102 -0.002269754 0.003153392 -0.007299998 -0.001538592 0.00171194 -0.01058268 -0.002985164 0.003115818 -0.0102 -0.001516897 0.003288925 -0.0102 -0.001217068 0.003500001 -0.007299998 -1.999796e-05 0.002622844 -0.01058268 -0.002220826 0.003500001 -0.0102 -1.999796e-05 0.003500001 -0.007299998 0.005636858 0.003217395 -0.01058268 -0.001191033 0.001603554 -0.01090711 -0.002797435 0.002456787 -0.01090711 -0.002081487 0.0005569088 -0.01090711 -0.003178382 0.001441342 -0.01112388 -0.002516475 -0.0005569078 -0.01090711 -0.003178382 0.0005005733 -0.01112388 -0.002858887 -0.0005005723 -0.01112388 -0.002858887 -0.001603553 -0.01090711 -0.002797435 -0.001441341 -0.01112388 -0.002516475 -0.002456786 -0.01090711 -0.002081487 -0.002208263 -0.01112388 -0.001872952 -0.00125 -0.0112 -0.002185062 -0.003013694 -0.01090711 -0.001116893 -0.00043412 -0.0112 -0.002482017 -0.001915111 -0.0112 -0.001626968 0.0004341209 -0.0112 -0.002482017 0.001250001 -0.0112 -0.002185062 0.002208264 -0.01112388 -0.001872952 0.001915112 -0.0112 -0.001626968 0.003013695 -0.01090711 -0.001116893 0.002708837 -0.01112388 -0.001005933 0.002349232 -0.0112 -0.0008750492 0.00342388 -0.01058268 -1.999796e-05 0.003207107 -0.01090711 -1.999796e-05 0.002882684 -0.01112388 -1.999796e-05 0.002500001 -0.0112 -1.999796e-05 -0.002349231 -0.0112 -0.0008750492 0.002500001 -0.0112 0.005636858 -0.002708836 -0.01112388 -0.001005933 -0.0025 -0.0112 -1.999796e-05 -0.002882683 -0.01112388 -1.999796e-05 -0.003207107 -0.01090711 -1.999796e-05 -0.003207107 -0.01090711 0.005636858 -0.002882683 -0.01112388 0.005636858 -0.0025 -0.0112 0.005636858 -0.002614381 -0.0112 0.006303522 -0.002975179 -0.01112388 0.006175962 -0.003281048 -0.01090711 0.006067819 -0.003242087 -0.01112388 0.006653403 -0.002944444 -0.0112 0.006893935 -0.00460055 -0.01112388 0.008050007 -0.004351871 -0.0112 0.008340879 0.002614382 -0.0112 0.006303522 0.00297518 -0.01112388 0.006175962 0.002944445 -0.0112 0.006893935 0.002882684 -0.01112388 0.005636858 0.003242088 -0.01112388 0.006653403 0.003207107 -0.01090711 0.005636858 0.003281049 -0.01090711 0.006067819 0.003494417 -0.01090711 0.006449489 0.00342388 -0.01058268 0.005636858 0.003485424 -0.01058268 0.005995561 0.003500001 -0.0102 0.005636858 0.003557191 -0.0102 0.005970187 0.003557191 -0.007299998 0.005970187 0.003722223 -0.0102 0.006265395 0.003722223 -0.007299998 0.006265395 0.003663018 -0.01058268 0.006313242 0.005001701 -0.0102 0.007580798 0.005095176 -0.007299998 0.00765973 0.004952236 -0.01058268 0.007638656 0.005101227 -0.0102 0.007651173 0.006500001 -0.0102 0.008640257 0.006987343 -0.007299998 0.008903897 0.004811371 -0.01090711 0.007803421 0.00646194 -0.01058268 0.008706179 0.004600551 -0.01112388 0.008050007 0.006353554 -0.01090711 0.008893909 0.004351872 -0.0112 0.008340879 0.006191343 -0.01112388 0.009174868 0.006000001 -0.0112 0.009506281 -0.006089116 -0.01116455 0.009351928 -0.006557517 -0.01115531 0.009725202 -0.007312403 -0.01093017 0.00981736 -0.007227298 -0.01097776 0.009961206 -0.007254826 -0.01096418 0.009969785 0.006000001 -0.0112 0.01398 0.006707109 -0.01112783 0.009780343 0.00729352 -0.0109447 0.009981568 0.006694743 -0.01112909 0.009775549 0.00618491 -0.01112644 0.00918601 -0.007699999 -0.0112 0.01748 -0.007699999 -0.0112 0.01398 -0.009039393 -0.01093358 0.01748 -0.009039393 -0.01093358 0.01398 -0.01017487 -0.01017487 0.01748 -0.01017487 -0.01017487 0.01398 -0.01093358 -0.009039391 0.01748 -0.01093358 -0.009039391 0.01398 -0.0112 -0.007699999 0.01748 -0.0112 -0.007699999 0.01398 -0.0112 0.007800002 0.01748 -0.0112 0.009850254 0.01398 -0.0112 0.01116567 0.0142366 -0.0112 0.01229987 0.01498013 -0.0112 0.01304034 0.01610679 -0.0112 0.0133 0.01742975 -0.0112 0.0133 0.02197953 -0.0112 0.007800002 0.03398 0.007700001 -0.0112 0.01748 0.007700001 -0.0112 0.01398 0.009039394 -0.01093358 0.01398 0.009039394 -0.01093358 0.01748 0.01017487 -0.01017487 0.01398 0.01017487 -0.01017487 0.01748 0.01093358 -0.009039391 0.01398 0.01093358 -0.009039391 0.01748 0.0112 -0.007699999 0.01398 0.0112 -0.007699999 0.01748 0.0112 0.007800002 0.01748 0.0112 0.009850254 0.01398 0.0112 0.01116567 0.0142366 0.0112 0.01229987 0.01498013 0.0112 0.01304034 0.01610679 0.0112 0.0133 0.01742975 0.0112 0.0133 0.02197905 0.0112 0.007800003 0.03398 0.0112 0.01728579 0.03398 0.0112 0.01728579 0.02198 0.01113653 0.01728579 0.03464352 0.01093358 0.007800002 0.0353194 0.0112 0.01729137 0.03399044 0.0112 0.01750655 0.03439631 0.0112 0.01763099 0.03466374 0.0112 0.01765078 0.03470628 0.010936 0.01728579 0.03531354 0.01093303 0.01728579 0.0353191 0.0106119 0.01728579 0.03592186 0.01100638 0.01766847 0.03534254 0.0112 0.01798445 0.03542338 0.01017487 0.007800002 0.03645488 0.0112 0.0179929 0.03544152 0.01017487 0.01728579 0.03645488 0.01067523 0.01766847 0.0359641 0.01085558 0.0179929 0.03608437 0.0112 0.01850117 0.03648001 0.0102287 0.01766847 0.0365087 0.009641862 0.01728579 0.0368919 0.009039394 0.007800002 0.03721358 0.009039102 0.01728579 0.03721303 0.009033537 0.01728579 0.037216 0.007700001 0.007800002 0.03748 0.009684094 0.01766847 0.03695524 0.01038198 0.0179929 0.03666198 0.01112298 0.01867652 0.03686486 0.01090643 0.01873481 0.03718648 0.01090377 0.01873553 0.03719043 0.01057614 0.01867365 0.03740656 0.0102 0.01850117 0.03748 0.009804363 0.0179929 0.03713558 0.00916152 0.0179929 0.03748 0.009062539 0.01766847 0.03728638 0.009142797 0.01798497 0.03748 0.008738219 0.01781376 0.03748 0.008429146 0.01765667 0.03748 0.008363523 0.01728579 0.03741653 0.008382513 0.01763297 0.03748 0.007710436 0.01729137 0.03748 0.007700001 0.01728579 0.03748 -0.007699999 0.007800002 0.03748 -0.007699999 0.01728579 0.03748 -0.008363522 0.01728579 0.03741653 -0.009039393 0.007800002 0.03721358 -0.007710434 0.01729137 0.03748 -0.008116307 0.01750655 0.03748 -0.008383733 0.01763099 0.03748 -0.008426281 0.01765078 0.03748 -0.009033535 0.01728579 0.037216 -0.009039101 0.01728579 0.03721303 -0.009641861 0.01728579 0.0368919 -0.009062537 0.01766847 0.03728638 -0.009143373 0.01798445 0.03748 -0.01017487 0.007800002 0.03645488 -0.009161519 0.0179929 0.03748 -0.01017487 0.01728579 0.03645488 -0.009684093 0.01766847 0.03695524 -0.009804361 0.0179929 0.03713558 -0.0102 0.01850117 0.03748 -0.0102287 0.01766847 0.0365087 -0.0106119 0.01728579 0.03592186 -0.01093358 0.007800002 0.0353194 -0.01093303 0.01728579 0.0353191 -0.010936 0.01728579 0.03531354 -0.01067523 0.01766847 0.0359641 -0.01038198 0.0179929 0.03666198 -0.01058268 0.01867581 0.03740388 -0.01090711 0.01873554 0.03718711 -0.01112388 0.01867581 0.03686269 -0.0112 0.01850117 0.03648001 -0.01085558 0.0179929 0.03608437 -0.0112 0.0179929 0.03544152 -0.01100638 0.01766847 0.03534254 -0.0112 0.01798497 0.0354228 -0.0112 0.01781376 0.03501822 -0.0112 0.01765667 0.03470915 -0.01113653 0.01728579 0.03464352 -0.0112 0.01763297 0.03466251 -0.0112 0.01729137 0.03399044 -0.0112 0.01728579 0.03398 -0.0112 0.01728579 0.02198 -0.0112 0.02842003 0.03648001 -0.0112 0.01729137 0.03399044 -0.0112 0.01781376 0.03501822 -0.0112 0.0179929 0.03544152 -0.0112 0.01850117 0.03648001 -0.01112388 0.01867581 0.03686269 -0.01112388 0.02842003 0.03686269 -0.01090711 0.01873554 0.03718711 -0.0112 0.01729137 0.02196957 -0.01090711 0.02842003 0.03718711 -0.01112388 0.02906248 0.03677444 -0.01058268 0.02842003 0.03740388 -0.01058268 0.01867581 0.03740388 -0.01090711 0.02914996 0.03708684 -0.01058268 0.02920841 0.03729559 -0.0102 0.02842003 0.03748 -0.0102 0.01850117 0.03748 -0.0102 0.02922893 0.03736889 -0.005558329 0.02922931 0.03736879 -0.005807106 0.02980807 0.03718711 -0.006038924 0.03070414 0.03682413 -0.005558329 0.02922931 0.03736879 -0.005209468 0.02860982 0.03747399 -0.005105477 0.02842952 0.03747999 -0.0051 0.02842003 0.03748 -0.009161519 0.0179929 0.03748 -0.008116307 0.01750655 0.03748 -0.007710434 0.01729137 0.03748 -0.0102 0.03070414 0.03682413 -0.006099999 0.03137625 0.03648001 -0.01058268 0.0306721 0.03675508 -0.0102 0.03207259 0.03604929 -0.006099999 0.03207259 0.03604929 -0.01090711 0.03058085 0.03655845 -0.01058268 0.03202986 0.03598629 -0.0102 0.03271708 0.03533076 -0.01057588 0.03203062 0.03598741 -0.006099999 0.03271982 0.03532558 -0.0102 0.03271845 0.03532524 -0.0102 0.03295 0.03439405 -0.01057614 0.0326522 0.03529636 -0.006099999 0.03295 0.03439405 -0.01090377 0.03246124 0.03519513 -0.0102 0.03295 0.02156596 -0.006099999 0.03295 0.02156596 -0.006099999 0.03271708 0.02062925 -0.01057614 0.03287657 0.03439405 -0.01057614 0.03287657 0.02156596 -0.0102 0.03271708 0.02062925 -0.006099999 0.03207259 0.01991072 -0.01058193 0.03287274 0.03439405 -0.0102 0.03207259 0.01991072 -0.01058193 0.03287274 0.02156596 -0.006099999 0.03137625 0.01948 -0.01090377 0.03266044 0.03439405 -0.01090377 0.03266044 0.02156596 -0.01057614 0.0326522 0.02066365 -0.01057588 0.03203062 0.0199726 -0.01058268 0.03202986 0.01997372 -0.0102 0.03070414 0.01913588 -0.006038924 0.03070414 0.01913588 -0.01090377 0.03246124 0.02076487 -0.0102 0.02922893 0.01859111 -0.005803766 0.02979851 0.01876957 -0.005558331 0.02922931 0.01859122 -0.01057614 0.02920913 0.01866183 -0.01058268 0.0306721 0.01920493 -0.01090711 0.03190818 0.02015312 -0.01058193 0.0292081 0.01866551 -0.01090377 0.02915085 0.01886996 -0.01112259 0.03172717 0.02042003 -0.01090711 0.03058085 0.01940156 -0.01112388 0.03172609 0.02042162 -0.01112298 0.03217359 0.02091735 -0.01112298 0.03233486 0.02156596 -0.0112 0.0315113 0.02073834 -0.01112388 0.03044429 0.01969584 -0.0112 0.03183354 0.0210976 -0.0112 0.03195 0.02156596 -0.0112 0.03028321 0.02004297 -0.01112298 0.02906307 0.01918347 -0.01112343 0.02906246 0.01918565 -0.0112 0.0289593 0.01955407 -0.01090377 0.02842003 0.01876957 -0.01112298 0.02842003 0.01909514 -0.01057614 0.02842003 0.01855344 -0.01090377 0.01873553 0.01876957 -0.01112298 0.01867652 0.01909514 -0.01057614 0.01867365 0.01855344 -0.0112 0.02842003 0.01948 -0.0112 0.01850117 0.01948 -0.0102 0.02842003 0.01848 -0.005558331 0.02922931 0.01859122 -0.005460152 0.02905101 0.01854711 -0.005105477 0.02842952 0.01848002 -0.0102 0.01850117 0.01848 -0.0051 0.02842003 0.01848 -0.009161519 0.0179929 0.01848 -0.008738219 0.01781376 0.01848 -0.007710434 0.01729137 0.01848 -0.007699999 0.01728579 0.01848 -0.0112 0.03195 0.03439405 -0.0112 0.0179929 0.02051848 -0.0112 0.01750655 0.02156369 -0.01112343 0.0323326 0.03439405 -0.01112343 0.0323326 0.02156596 -0.01112298 0.03233486 0.03439405 -0.0112 0.03183354 0.0348624 -0.01090635 0.0326566 0.03439405 -0.01090635 0.0326566 0.02156596 -0.01112298 0.03217359 0.03504265 -0.0112 0.0315113 0.03522167 -0.01112259 0.03172717 0.03553997 -0.01090711 0.03190818 0.03580688 -0.01112388 0.03172609 0.03553838 -0.0112 0.03028321 0.03591704 -0.01112388 0.03044429 0.03626417 -0.0112 0.0289593 0.03640593 -0.007710434 0.01729137 0.01848 -0.008363522 0.01728579 0.01854347 -0.008382513 0.01763297 0.01848 -0.008429145 0.01765667 0.01848 -0.007699999 0.0133 0.01848 -0.009033535 0.01728579 0.018744 0.007700001 0.01728579 0.01848 -0.009039393 0.0133 0.01874642 0.007700001 0.0133 0.01848 -0.009039101 0.01728579 0.01874697 -0.009641861 0.01728579 0.0190681 -0.01017487 0.0133 0.01950513 -0.009062537 0.01766847 0.01867362 -0.008738219 0.01781376 0.01848 -0.009142795 0.01798497 0.01848 -0.009161519 0.0179929 0.01848 -0.009684093 0.01766847 0.01900477 -0.009804361 0.0179929 0.01882442 -0.0102 0.01850117 0.01848 -0.0102287 0.01766847 0.0194513 -0.01038198 0.0179929 0.01929802 -0.01057614 0.01867365 0.01855344 -0.01090377 0.01873553 0.01876957 -0.01090643 0.01873481 0.01877352 -0.01112298 0.01867652 0.01909514 -0.0112 0.01850117 0.01948 -0.01085558 0.0179929 0.01987564 -0.0112 0.0179929 0.02051848 -0.01067523 0.01766847 0.01999591 -0.01017487 0.01728579 0.01950513 -0.01100638 0.01766847 0.02061747 -0.0112 0.01798445 0.02053663 -0.0106119 0.01728579 0.02003814 -0.0112 0.01765078 0.02125372 -0.01093358 0.0133 0.02064061 -0.010936 0.01728579 0.02064647 -0.01093303 0.01728579 0.0206409 -0.01113653 0.01728579 0.02131648 -0.0112 0.01763099 0.02129627 -0.0112 0.0133 0.02197953 -0.0112 0.01750655 0.02156369 -0.0112 0.01729137 0.02196957 -0.01093358 -0.009039391 0.01748 -0.01017487 -0.01017487 0.01748 -0.009039393 -0.01093358 0.01748 -0.0112 -0.007699999 0.01748 -0.007699999 -0.0112 0.01748 0.0112 -0.007699999 0.01748 0.007700001 -0.0112 0.01748 -0.0112 0.007800002 0.01748 0.0112 0.007800002 0.01748 0.009039394 -0.01093358 0.01748 0.01093358 -0.009039391 0.01748 0.01017487 -0.01017487 0.01748 0.0112 0.01229987 0.01498013 -0.0112 0.01229987 0.01498013 -0.0112 0.01304034 0.01610679 0.0112 0.01304034 0.01610679 -0.0112 0.0133 0.01742975 0.0112 0.0133 0.01742975 -0.0112 0.0133 0.02197953 -0.01093358 0.0133 0.02064061 -0.01017487 0.0133 0.01950513 -0.009039393 0.0133 0.01874642 -0.007699999 0.0133 0.01848 0.007700001 0.0133 0.01848 0.009039394 0.0133 0.01874642 0.01017487 0.0133 0.01950513 0.01093358 0.0133 0.02064061 0.0112 0.0133 0.02197905 0.00949282 -0.007475918 0.01056156 0.009477069 -0.007299998 0.01055835 0.009477069 -0.007299998 0.01076707 0.009499986 -0.007689564 0.01097442 0.009465777 -0.00818825 0.01055623 0.009360746 -0.008611226 0.0105344 0.009291595 -0.008889708 0.01052003 0.008612471 -0.01002916 0.01398 0.008977534 -0.009539644 0.01045019 0.008604995 -0.0100234 0.01035989 0.008539214 -0.01010881 0.01034394 0.007295622 -0.01095136 0.01398 0.007995826 -0.01057518 0.01019749 0.007369258 -0.01092105 0.01000756 -0.006 0.0112 0.01398 -0.007067027 0.01103339 0.01398 -0.008283299 0.01035265 0.01398 -0.008761597 0.009850254 0.01398 0.006000001 0.0112 0.01398 0.008761598 0.009850254 0.01398 0.0082833 0.01035265 0.01398 0.007067027 0.01103339 0.01398 0.01093358 0.007800002 0.0353194 0.01017487 0.007800002 0.03645488 0.009039394 0.007800002 0.03721358 0.007700001 0.007800002 0.03748 0.0112 0.007800003 0.03398 0.0112 0.007800002 0.01748 -0.0112 0.007800002 0.01748 -0.007699999 0.007800002 0.03748 -0.0112 0.007800002 0.03398 -0.009039393 0.007800002 0.03721358 -0.01017487 0.007800002 0.03645488 -0.01093358 0.007800002 0.0353194 0.009423933 -0.007299998 0.01024695 0.009477069 -0.007299998 0.01055835 0.00949282 -0.007475918 0.01056156 0.009445083 -0.007887916 0.0102503 0.009476912 -0.00789494 0.01055842 0.009420721 -0.007299998 0.01022813 0.009465777 -0.00818825 0.01055623 0.009290654 -0.007874588 0.009955716 0.009258376 -0.007299998 0.009935166 0.009319296 -0.00864113 0.0102231 0.009344739 -0.008675692 0.01053108 0.009291595 -0.008889708 0.01052003 0.00917683 -0.008574415 0.009929074 0.009048366 -0.007857412 0.009728422 0.009023689 -0.007299998 0.009725221 0.009007598 -0.007299998 0.009710827 0.00876016 -0.007840042 0.009597342 0.008743448 -0.007299998 0.009592569 0.008762987 -0.007931395 0.009598149 0.008948168 -0.00848834 0.009702458 0.008668739 -0.008396861 0.009570667 0.008638322 -0.008547083 0.009561797 0.008721518 -0.009074183 0.009639882 0.008469434 -0.008911761 0.009508858 0.008380048 -0.009104769 0.00948084 0.008919516 -0.009224552 0.009864796 0.00838563 -0.009585294 0.009537152 0.008179353 -0.009361546 0.009410961 0.008044573 -0.009533985 0.009364032 0.009034717 -0.009340679 0.0101577 0.009044335 -0.009401402 0.01046505 0.008977534 -0.009539644 0.01045019 0.008538448 -0.009792672 0.009759093 0.0079626 -0.01000048 0.009390241 0.007811509 -0.009724757 0.009272607 0.007653386 -0.009854185 0.00921058 0.008612746 -0.009951434 0.01005073 0.008596343 -0.01003463 0.0103578 0.008539214 -0.01010881 0.01034394 0.008058648 -0.0102561 0.00960762 0.008080618 -0.01044847 0.009898311 0.008028409 -0.01054722 0.01020627 0.007995826 -0.01057518 0.01019749 0.007486188 -0.01030128 0.009200308 0.007517924 -0.01059511 0.009411347 0.007479897 -0.01081004 0.009701939 0.007384397 -0.01091269 0.01001215 0.007369258 -0.01092105 0.01000756 0.007395072 -0.009982518 0.009095442 0.007206741 -0.01007609 0.009011499 0.006977702 -0.01048795 0.008967242 0.006736706 -0.01018643 0.008772672 0.006939535 -0.0108106 0.009169875 0.006836249 -0.01103657 0.009461665 0.006707109 -0.01112783 0.009780343 0.006464135 -0.01056062 0.008702378 0.006988909 -0.01012722 0.008900817 0.007206741 -0.01007609 0.009011499 0.008044573 -0.009533985 0.009364032 0.008638322 -0.008547083 0.009561797 0.008762987 -0.007931395 0.009598149 0.008743448 -0.007299998 0.009592569 0.006105165 0.02855987 0.03747999 0.00645337 0.02905645 0.03741549 0.006479586 0.02911215 0.03739856 0.006100001 0.0381 0.03748 0.006100001 0.02855257 0.03748 0.006482685 0.0381 0.03740388 0.006807108 0.02980807 0.03718711 0.006807108 0.0381 0.03718711 0.00702388 0.03062001 0.03686269 0.006482685 0.04020938 0.03716477 0.00702388 0.0381 0.03686269 0.007100001 0.03137624 0.03648001 0.006807108 0.04016086 0.0369535 0.00702388 0.04008824 0.03663731 0.007100001 0.0381 0.03648001 0.007100001 0.0317381 0.03626629 0.007100001 0.03395968 0.03437513 0.007100001 0.03432342 0.03376354 0.007100001 0.04000259 0.03626433 0.007100001 0.03445 0.03306331 0.007100001 0.04180862 0.03562828 0.00702388 0.04197559 0.03597262 0.007100001 0.04342647 0.03460411 0.006807108 0.04211714 0.03626454 0.00702388 0.04366627 0.03490234 0.007100001 0.04477401 0.0332438 0.006807108 0.04386957 0.03515516 0.00702388 0.04507449 0.03348079 0.006482685 0.04221172 0.03645958 0.007100001 0.04578289 0.03161638 0.006100001 0.04022642 0.03723896 0.00702388 0.04612879 0.03178009 -0.0051 0.04021395 0.03724182 0.007100001 0.04640191 0.02980443 0.006807108 0.04532922 0.03368169 0.00702388 0.04677567 0.02988656 0.006482685 0.04400541 0.0353241 0.006807108 0.04642202 0.03191888 0.006482685 0.04549943 0.03381593 0.006100001 0.04224493 0.03652808 0.006100001 0.04405311 0.03538342 0.006482685 0.04661795 0.03201162 0.006100001 0.04555919 0.03386307 0.006807108 0.04709253 0.0299562 0.006100001 0.04668676 0.03204419 0.006482685 0.04730425 0.03000272 0.00702388 0.04698229 0.02789629 0.006807108 0.04730671 0.02789323 0.007100001 0.04659963 0.02789989 0.007100001 0.04636604 0.02599943 0.00702388 0.04673818 0.02591026 0.007100001 0.04571299 0.02419946 0.007100001 0.04467362 0.02259135 0.007100001 0.03445 0.0228967 0.00702388 0.04605573 0.02402926 0.006807108 0.04705368 0.02583466 0.006482685 0.04752347 0.02789119 0.006807108 0.04634631 0.02388497 0.006100001 0.0473786 0.03001906 0.006482685 0.04726449 0.02578415 0.006100001 0.04759958 0.02789047 0.00702388 0.04496957 0.02234874 0.006482685 0.04654045 0.02378855 0.007100001 0.04330067 0.02125668 0.006807108 0.04522047 0.02214307 0.00702388 0.04353481 0.02095398 0.007100001 0.04166381 0.02026318 0.007100001 0.0398461 0.01966128 0.007100001 0.03432342 0.02219647 0.00702388 0.04182426 0.01991576 0.006807108 0.04373331 0.02069737 0.007100001 0.0381 0.01948 0.007100001 0.03395968 0.02158488 0.007100001 0.0317381 0.01969372 0.007100001 0.03137624 0.01948 0.00702388 0.03992471 0.01928676 0.00702388 0.0381 0.01909732 0.00702388 0.03062001 0.01909732 0.006807108 0.04196028 0.01962123 0.006807108 0.03999136 0.01896925 0.006807108 0.0381 0.0187729 0.006807108 0.02980807 0.0187729 0.006482685 0.04205116 0.01942443 0.006482685 0.0381 0.01855612 0.006479586 0.02911215 0.01856144 0.006482685 0.04003589 0.0187571 0.006100001 0.0381 0.01848 0.00645337 0.02905645 0.01854452 0.006105165 0.02855987 0.01848002 0.006100001 0.04005153 0.01868261 0.006100001 0.02855257 0.01848 0.006100001 0.04208308 0.01935532 -0.0051 0.0381 0.01848 0.006100001 0.04391251 0.0204657 -0.0051 0.04021395 0.01871819 0.006100001 0.04086373 0.01895156 -0.0051 0.04086468 0.01894589 -0.0051 0.0422219 0.0194208 0.006100001 0.04354737 0.02024407 -0.0051 0.04354255 0.02025062 -0.0051 0.04402316 0.0205526 -0.005476143 0.04219004 0.01948696 0.006482685 0.04386593 0.02052591 0.006100001 0.04544698 0.02195739 0.006482685 0.04538812 0.02200564 0.006100001 0.04660863 0.02375469 -0.0051 0.0455274 0.02205685 0.006100001 0.04567884 0.02231611 -0.0051 0.0456868 0.02231053 -0.0051 0.04665921 0.02385811 0.006100001 0.04733851 0.02576642 0.006100001 0.04704671 0.02496214 -0.0051 0.04704544 0.02496188 -0.0051 0.04736182 0.02586605 -0.0051 0.04759004 0.02789154 -0.0051 0.0476 0.02798 -0.005476143 0.04729022 0.0258824 -0.0051 0.04736182 0.03009395 0.006100001 0.047102 0.0308287 -0.005476143 0.04752656 0.02798 -0.0051 0.04710456 0.03082914 -0.0051 0.04665921 0.0321019 0.006100001 0.04578425 0.03350003 -0.0051 0.04578183 0.03349824 -0.0051 0.0455274 0.03390316 -0.0051 0.04402316 0.0354074 0.006100001 0.04369221 0.03561188 -0.0051 0.04369389 0.0356143 -0.0051 0.0422219 0.03653921 0.006100001 0.04103341 0.03695475 -0.0051 0.04103363 0.036955 -0.005476143 0.04219004 0.03647304 -0.005476143 0.04019761 0.03717022 -0.005476143 0.04397736 0.03534999 -0.005803766 0.04014952 0.03695951 -0.005476143 0.04546998 0.03385737 -0.005803766 0.04209626 0.03627831 -0.005803766 0.04384261 0.03518101 -0.005476143 0.04659304 0.03207004 -0.005803766 0.04530101 0.03372261 -0.005476143 0.04729022 0.03007761 -0.005803766 0.04639832 0.03197626 -0.005803766 0.04707951 0.03002951 -0.005803766 0.04731043 0.02798 -0.006022975 0.04610498 0.031835 -0.006022975 0.0467621 0.02995707 -0.006022975 0.04504647 0.03351962 -0.006022975 0.04363962 0.03492647 -0.006099999 0.04474557 0.03327966 -0.006022975 0.041955 0.03598499 -0.006099999 0.04339967 0.03462557 -0.006099999 0.04178802 0.03563824 -0.006022975 0.04007707 0.0366421 -0.006099999 0.03999143 0.03626689 -0.006099999 0.03295 0.03439405 -0.006099999 0.0381 0.03648001 -0.006022975 0.0381 0.03686486 -0.005803766 0.0381 0.03719043 -0.005476143 0.0381 0.03740656 -0.0051 0.0381 0.03748 -0.005479009 0.02908846 0.03739271 -0.005481933 0.0381 0.03740275 -0.005209468 0.02860982 0.03747399 -0.005558329 0.02922931 0.03736879 -0.005105477 0.02842952 0.03747999 -0.005807106 0.02980807 0.03718711 -0.005806349 0.0381 0.0371866 -0.006016867 0.03061888 0.03685867 -0.006023429 0.0381 0.0368626 0.007710436 0.01729137 0.03748 -0.006038924 0.03070414 0.03682413 0.008738219 0.01781376 0.03748 -0.006099999 0.03137625 0.03648001 0.00916152 0.0179929 0.03748 0.0102 0.01850117 0.03748 -0.006099999 0.03207259 0.03604929 -0.006099999 0.03271982 0.03532558 0.0102 0.02855257 0.03748 0.006105165 0.02855987 0.03747999 0.01057614 0.01867365 0.03740656 0.00645337 0.02905645 0.03741549 0.01057614 0.02855257 0.03740656 0.01090377 0.01873553 0.03719043 0.0102 0.02905645 0.03741549 0.006807108 0.02980807 0.03718711 0.00702388 0.03062001 0.03686269 0.01057614 0.02903795 0.03734442 0.0102 0.03088413 0.03673836 0.007100001 0.03137624 0.03648001 0.0102 0.03171237 0.03622479 0.007100001 0.0317381 0.03626629 0.0102 0.03254061 0.03571122 0.007100001 0.03395968 0.03437513 0.01058268 0.03085068 0.03666998 0.01058193 0.02903699 0.03734072 0.01090377 0.0289835 0.03713526 0.01090377 0.02855257 0.03719043 0.01058268 0.03249423 0.03565086 0.01112298 0.02855257 0.03686486 0.01112298 0.01867652 0.03686486 0.01112298 0.02890147 0.03682019 0.01090711 0.03075543 0.03647525 0.01090711 0.03236215 0.03547897 0.0112 0.02880451 0.03644774 0.01112388 0.03061288 0.03618383 0.01112343 0.0289009 0.03681799 0.01112388 0.03216448 0.03522172 0.0112 0.03044473 0.03584006 0.0112 0.03193131 0.03491827 0.0112 0.01729137 0.02196957 0.0112 0.03320484 0.03371922 0.01112388 0.03349371 0.03397023 0.0112 0.03338671 0.03341343 0.01090711 0.03373859 0.03418302 0.01112388 0.03374517 0.03354741 0.01058268 0.03390222 0.0343252 0.01090711 0.03404906 0.03366099 0.0102 0.03395968 0.03437513 0.01058268 0.03425211 0.03373689 0.0102 0.03432342 0.03376354 0.007100001 0.03432342 0.03376354 0.01090711 0.03415711 0.03306331 0.0102 0.03445 0.03306331 0.007100001 0.03445 0.03306331 0.01058268 0.03437388 0.03306331 0.0102 0.03445 0.0228967 0.007100001 0.03445 0.0228967 0.01057588 0.03437524 0.03306331 0.01057614 0.03437656 0.0228967 0.0102 0.03432492 0.02220049 0.007100001 0.03432342 0.02219647 0.01057614 0.03425607 0.02222606 0.0102 0.03432276 0.02219686 0.0102 0.03395968 0.02158488 0.007100001 0.03395968 0.02158488 0.01057614 0.03390425 0.02163305 0.0102 0.03254061 0.02024878 0.007100001 0.0317381 0.01969372 0.0102 0.03171237 0.01973522 0.007100001 0.03137624 0.01948 0.0102 0.03088413 0.01922165 0.00702388 0.03062001 0.01909732 0.01058268 0.03249423 0.02030914 0.01058193 0.03390136 0.02163555 0.01090377 0.0337411 0.02177481 0.01058268 0.03085068 0.01929003 0.0102 0.02905645 0.01854452 0.006807108 0.02980807 0.0187729 0.00645337 0.02905645 0.01854452 0.006105165 0.02855987 0.01848002 0.01058268 0.02903727 0.01861818 0.0102 0.02855257 0.01848 0.01090711 0.02898266 0.01882796 0.01090711 0.03075543 0.01948475 0.01057614 0.02855257 0.01855344 0.01057588 0.02903762 0.01861687 0.01090326 0.02898331 0.01882548 0.01057614 0.01867365 0.01855344 0.0102 0.01850117 0.01848 0.01090326 0.01873482 0.01877034 0.00916152 0.0179929 0.01848 0.008116309 0.01750655 0.01848 0.007710436 0.01729137 0.01848 -0.005105477 0.02842952 0.01848002 0.01090377 0.02855257 0.01876957 0.01090711 0.01873554 0.0187729 0.0111226 0.02890141 0.01914006 0.01112298 0.02855257 0.01909514 0.01112298 0.01867652 0.01909514 0.01112388 0.02890092 0.01914192 0.0112 0.02855257 0.01948 0.0112 0.01850117 0.01948 0.0112 0.02880451 0.01951226 0.01112388 0.03061288 0.01977618 0.0112 0.03345 0.03306331 0.0112 0.0179929 0.02051848 0.0112 0.01781376 0.02094178 0.0112 0.03345 0.0228967 0.01112388 0.03383269 0.03306331 0.0112 0.03044473 0.02011994 0.01112298 0.03383486 0.0228967 0.0111226 0.03383461 0.03306331 0.01112388 0.03216448 0.02073828 0.01090377 0.03416044 0.0228967 0.01090326 0.03415968 0.03306331 0.01090377 0.03405346 0.02230129 0.01112298 0.03374825 0.02241462 0.0112 0.03338746 0.02254859 0.01112298 0.03349535 0.02198835 0.0112 0.03320484 0.02224079 0.01090711 0.03236215 0.02048103 0.01112343 0.03349364 0.02198984 0.0112 0.03193131 0.02104173 0.0112 0.02855257 0.03648001 0.0112 0.01850117 0.03648001 0.0112 0.0179929 0.03544152 0.0112 0.01750655 0.03439631 0.0112 0.01729137 0.03399044 0.0112 0.01729137 0.02196957 0.01113653 0.01728579 0.02131648 0.0112 0.01763297 0.02129749 0.0112 0.0133 0.02197905 0.0112 0.01765667 0.02125086 0.010936 0.01728579 0.02064647 0.01093358 0.0133 0.02064061 0.01093303 0.01728579 0.0206409 0.0106119 0.01728579 0.02003814 0.01017487 0.0133 0.01950513 0.01100638 0.01766847 0.02061747 0.0112 0.01781376 0.02094178 0.0112 0.01798497 0.02053721 0.0112 0.0179929 0.02051848 0.01067523 0.01766847 0.01999591 0.01085558 0.0179929 0.01987564 0.0112 0.01850117 0.01948 0.0102287 0.01766847 0.0194513 0.01038198 0.0179929 0.01929802 0.01112298 0.01867652 0.01909514 0.01090711 0.01873554 0.0187729 0.01057614 0.01867365 0.01855344 0.0102 0.01850117 0.01848 0.009804363 0.0179929 0.01882442 0.00916152 0.0179929 0.01848 0.009684094 0.01766847 0.01900477 0.01017487 0.01728579 0.01950513 0.009062539 0.01766847 0.01867362 0.009143374 0.01798445 0.01848 0.009641862 0.01728579 0.0190681 0.008426282 0.01765078 0.01848 0.009039394 0.0133 0.01874642 0.009033537 0.01728579 0.018744 0.009039102 0.01728579 0.01874697 0.008363523 0.01728579 0.01854347 0.008383733 0.01763099 0.01848 0.008116309 0.01750655 0.01848 0.007710436 0.01729137 0.01848 -0.009148979 0.006300002 0.01019535 -0.009169866 0.006300002 0.01023752 -0.009206573 0.006367944 0.01027236 -0.009278083 0.00661645 0.01022094 -0.009294649 0.006595658 0.01039584 -0.009399129 0.00686578 0.01054232 -0.009142106 0.006692448 0.009926067 -0.009014469 0.006300002 0.009923781 -0.008981615 0.006300002 0.009890985 -0.009449242 0.007547353 0.01025813 -0.009496115 0.007535156 0.01056236 -0.009495774 0.00754126 0.01056228 -0.009455859 0.008254111 0.01055405 -0.008919752 0.006791097 0.009697613 -0.008767526 0.006300002 0.00967726 -0.008709177 0.006300002 0.009647602 -0.00929709 0.007558066 0.009962508 -0.008638485 0.006853478 0.009561847 -0.008382937 0.006300002 0.009481787 -0.008647204 0.006896493 0.009564389 -0.008762921 0.007467458 0.009598132 -0.0070115 0.006300002 0.008916073 -0.008638485 0.006853478 0.009561847 -0.009056265 0.007571951 0.009733129 -0.008759294 0.007586273 0.009597095 -0.008743626 0.008099359 0.00959262 -0.008985725 0.008363318 0.009715016 -0.008696752 0.008283752 0.009578815 -0.008606435 0.008639025 0.009552217 -0.008606435 0.008639025 0.009552217 -0.008330228 0.009182373 0.009464334 -0.008716648 0.009097791 0.009641202 -0.008459552 0.00892797 0.009505482 -0.008330228 0.009182373 0.009464334 -0.007951126 0.009624142 0.009329093 -0.00828048 0.009715904 0.009505295 -0.008083245 0.009470184 0.009376225 -0.007494516 0.009947969 0.009142758 -0.007056401 0.01012393 0.008938485 -0.007012189 0.01012997 0.008914789 -0.0065 0.0102 0.008640257 -0.005388888 0.006300002 0.007895452 -0.007723703 0.01017739 0.009301341 -0.007600768 0.009872615 0.009186118 -0.007494516 0.009947969 0.009142758 -0.005388888 0.0102 0.007895452 -0.005102471 0.006300002 0.007544863 -0.007101184 0.01046184 0.009030238 -0.007059645 0.01012262 0.00894 -0.006463219 0.01056982 0.008703964 -0.00646194 0.01058269 0.008706179 -0.005342371 0.01058269 0.007955703 -0.005102471 0.0102 0.007544863 -0.004999999 0.006300002 0.007103906 -0.005034152 0.01058269 0.007578431 -0.004999999 0.0102 0.007103906 -0.004923879 0.01058269 0.007103906 -0.004999999 0.0102 -1.999796e-05 -0.004999999 0.006300002 -1.999796e-05 -0.004707106 0.01090711 0.007103906 -0.004755282 0.0102 -0.001565083 -0.004504844 0.006300002 -0.002189417 -0.004923879 0.01058269 -1.999796e-05 -0.004451117 0.0102 -0.002162041 -0.004045084 0.0102 -0.002958924 -0.003117449 0.006300002 -0.003929156 -0.004682887 0.01058269 -0.001541561 -0.003096151 0.0102 -0.003907857 -0.002938926 0.0102 -0.004065083 -0.003983502 0.01058269 -0.002914182 -0.002894184 0.01058269 -0.004003499 -0.001545085 0.0102 -0.004775281 -0.001112604 0.006300002 -0.004894639 -0.001521562 0.01058269 -0.004702886 -0.001104746 0.0102 -0.004845022 4.817732e-10 0.0102 -0.005019998 0.001112605 0.006300002 -0.004894639 4.817732e-10 0.01058269 -0.004943875 0.001104747 0.0102 -0.004845022 0.001545086 0.0102 -0.004775281 0.00311745 0.006300002 -0.003929156 0.001521563 0.01058269 -0.004702886 4.817732e-10 0.01090711 -0.004727105 0.001454577 0.01090711 -0.004496722 0.002894185 0.01058269 -0.004003499 -0.001454575 0.01090711 -0.004496722 0.002938927 0.0102 -0.004065083 0.003096152 0.0102 -0.003907857 0.004045086 0.0102 -0.002958924 0.004504845 0.006300002 -0.002189417 0.004451117 0.0102 -0.002162041 0.004755283 0.0102 -0.001565083 0.005 0.006300002 -1.999796e-05 0.003983503 0.01058269 -0.002914182 0.005 0.0102 -1.999796e-05 0.005 0.006300002 0.007103906 0.004682888 0.01058269 -0.001541561 0.00492388 0.01058269 -1.999796e-05 0.005 0.0102 0.007103906 0.005102473 0.006300002 0.007544863 0.004707107 0.01090711 -1.999796e-05 0.005102473 0.0102 0.007544863 0.005388889 0.006300002 0.007895452 0.00492388 0.01058269 0.007103906 0.005034153 0.01058269 0.007578431 0.005388889 0.0102 0.007895452 0.005342372 0.01058269 0.007955703 0.006500001 0.0102 0.008640257 0.007011493 0.006300002 0.008916071 0.00646194 0.01058269 0.008706179 0.007011971 0.0101318 0.00891518 0.007042556 0.01012772 0.008931605 0.006463219 0.01056982 0.008703964 0.007551276 0.009916475 0.00916736 0.007101185 0.01046184 0.009030238 0.007059202 0.01012081 0.008939318 0.007551276 0.009916475 0.00916736 0.008002575 0.00957571 0.00934846 0.007723704 0.01017739 0.009301341 0.007603033 0.009877396 0.00918813 0.008371592 0.00911845 0.009478056 0.008606419 0.008639071 0.009552211 0.00875272 0.00803188 0.009595222 0.008280481 0.009715904 0.009505295 0.008085435 0.009473036 0.009377561 0.008371592 0.00911845 0.009478056 0.008616983 0.006790346 0.009555398 0.008382938 0.006300002 0.009481787 0.008756406 0.007400079 0.009596274 0.008710529 0.006300002 0.009646163 0.008616983 0.006790346 0.009555398 0.008919752 0.006791097 0.009697613 0.008641605 0.006898024 0.009562617 0.008756494 0.006300002 0.009669225 0.008829042 0.006300002 0.009725715 0.008974023 0.006300002 0.009894835 0.009056265 0.007571951 0.009733129 0.008755318 0.007586544 0.009595963 0.009142107 0.006692448 0.009926067 0.009067331 0.006300002 0.01000368 0.009151002 0.006300002 0.01019449 0.009297091 0.007558066 0.009962508 0.008985726 0.008363318 0.009715016 0.008692272 0.008282756 0.009577451 0.008606419 0.008639071 0.009552211 0.009278084 0.00661645 0.01022094 0.009169867 0.006300002 0.01023752 0.009295759 0.006595444 0.01039769 0.00937971 0.00679246 0.01050449 0.009449244 0.007547353 0.01025813 0.009399129 0.00686578 0.01054232 0.009492589 0.007541844 0.01056149 0.009497968 0.007580758 0.0105626 0.009448423 0.008298652 0.01055272 0.009216998 0.008435276 0.009943927 0.009360804 0.008490758 0.01023915 0.009389811 0.008518663 0.01054051 0.009289211 0.008896289 0.01051956 0.008716648 0.009097791 0.009641202 0.008463634 0.008930553 0.009507122 0.008911652 0.009249805 0.009868131 0.008417064 0.009936707 0.009728314 0.009023372 0.009366504 0.01016203 0.009033367 0.009427389 0.01046272 0.008985642 0.00952646 0.01045211 0.008475942 0.0101041 0.01002071 0.008554009 0.01009313 0.01034771 0.008448246 0.01018506 0.01031931 0.008014264 0.0105623 0.01020277 0.007785688 0.01045287 0.00951801 0.007775703 0.01065612 0.009809688 0.00769841 0.01074513 0.0101082 0.007478783 0.01087226 0.01004245 0.007078459 0.010777 0.009237704 0.006989714 0.01099857 0.009530401 0.006861264 0.01108911 0.009835084 0.006829347 0.01110032 0.009824366 0.006353554 0.01090711 0.008893909 0.006180306 0.01112827 0.009193984 0.006116848 0.01119805 0.009553963 0.006191343 0.01112388 0.009174868 0.0052099 0.01090711 0.008127287 0.00501164 0.01112388 0.008384083 0.004839594 0.01090711 0.007674018 0.004777778 0.0112 0.008686996 0.004548414 0.01112388 0.007817075 0.004707107 0.01090711 0.007103906 0.004204946 0.0112 0.007985824 0.004382684 0.01112388 0.007103906 0.004382684 0.01112388 -1.999796e-05 -0.004204945 0.0112 0.007985824 0.004000001 0.0112 0.007103906 0.004000001 0.0112 -1.999796e-05 0.004476725 0.01090711 -0.001474576 0.00416818 0.01112388 -0.001374322 0.00380813 0.01090711 -0.002786766 0.003804227 0.0112 -0.001256067 0.002766769 0.01090711 -0.003828128 0.003545666 0.01112388 -0.002596074 0.003236069 0.0112 -0.002371138 0.002576077 0.01112388 -0.003565664 -0.004 0.0112 -1.999796e-05 0.002351142 0.0112 -0.003256067 0.001354324 0.01112388 -0.004188177 4.817732e-10 0.01112388 -0.004402681 0.001236069 0.0112 -0.003824224 4.817732e-10 0.0112 -0.004019998 -0.001354323 0.01112388 -0.004188177 -0.002766767 0.01090711 -0.003828128 -0.001236068 0.0112 -0.003824224 -0.002576076 0.01112388 -0.003565664 -0.003808129 0.01090711 -0.002786766 -0.002351141 0.0112 -0.003256067 -0.003545665 0.01112388 -0.002596074 -0.004476724 0.01090711 -0.001474576 -0.003236068 0.0112 -0.002371138 -0.004168179 0.01112388 -0.001374322 -0.004707106 0.01090711 -1.999796e-05 -0.003804226 0.0112 -0.001256067 -0.004382683 0.01112388 -1.999796e-05 -0.004 0.0112 0.007103906 -0.004382683 0.01112388 0.007103906 -0.004839593 0.01090711 0.007674018 -0.004548413 0.01112388 0.007817075 -0.005209898 0.01090711 0.008127287 -0.00501164 0.01112388 0.008384083 -0.004777777 0.0112 0.008686996 -0.006353553 0.01090711 0.008893909 -0.006191342 0.01112388 0.009174868 -0.006707458 0.01112776 0.009780412 -0.006180305 0.01112827 0.009193984 -0.006989712 0.01099857 0.009530401 -0.006859379 0.01107992 0.009832478 -0.007384146 0.01091468 0.01001233 -0.007078457 0.010777 0.009237704 -0.007775702 0.01065612 0.009809688 -0.007696451 0.01074036 0.01010673 -0.0080096 0.01056558 0.01020139 -0.007785687 0.01045287 0.00951801 -0.00847594 0.0101041 0.01002071 -0.00844847 0.01018531 0.01031936 -0.00855031 0.01009707 0.01034673 -0.008942901 0.009594555 0.01044204 -0.008417063 0.009936707 0.009728314 -0.00902337 0.009366504 0.01016203 -0.009028728 0.009424669 0.0104612 -0.009271162 0.008944791 0.01051532 -0.00891165 0.009249805 0.009868131 -0.009360803 0.008490758 0.01023915 -0.009385449 0.008517413 0.01053929 -0.009216996 0.008435276 0.009943927 -0.006099999 0.04575824 0.03166801 -0.006099999 0.04638689 0.02987143 -0.006022975 0.04698486 0.02798 -0.006099999 0.0466 0.02798 -0.005803766 0.04707951 0.02593049 -0.006022975 0.0467621 0.02600294 -0.005476143 0.04659304 0.02388997 -0.005803766 0.04639832 0.02398375 -0.005476143 0.04546998 0.02210264 -0.006022975 0.04610498 0.02412501 -0.005476143 0.04397736 0.02061002 -0.005803766 0.04530101 0.02223739 -0.006099999 0.04638689 0.02608857 -0.006099999 0.04575824 0.02429199 -0.006022975 0.04504647 0.02244038 -0.006099999 0.04474557 0.02268034 -0.005803766 0.04384261 0.020779 -0.006022975 0.04363962 0.02103354 -0.006099999 0.04339967 0.02133444 -0.006099999 0.04178802 0.02032177 -0.006099999 0.03295 0.02156596 -0.006022975 0.041955 0.01997502 -0.005803766 0.04209626 0.01968169 -0.006022975 0.04007707 0.01931791 -0.005476143 0.04019761 0.01878978 -0.005803766 0.04014952 0.0190005 -0.005476143 0.0381 0.01855344 -0.005460152 0.02905101 0.01854711 -0.005475831 0.02907948 0.01855415 -0.005558331 0.02922931 0.01859122 -0.005803766 0.02979851 0.01876957 -0.005803766 0.0381 0.01876957 -0.00601553 0.03061405 0.01909944 -0.006022975 0.0381 0.01909514 -0.006038924 0.03070414 0.01913588 -0.006099999 0.03137625 0.01948 -0.006099999 0.03999143 0.01969312 -0.006099999 0.0381 0.01948 -0.006099999 0.03207259 0.01991072 -0.006099999 0.03271708 0.02062925 -0.0123 0.03160069 0.03984603 -0.0123 0.02730973 0.03984603 -0.0123 0.02730973 0.03779178 -0.0123 0.0361 0.03673 -0.0123 0.0271245 0.03675399 -0.0123 0.02659171 0.03584434 -0.0123 0.02477232 0.03301523 -0.0123 0.02377316 0.02980342 -0.0123 0.02366659 0.02644147 -0.0123 0.02446033 0.02317282 -0.0123 0.02609689 0.02023416 -0.0123 0.02845777 0.01783827 -0.0123 0.02851842 0.01776087 -0.0123 0.0295804 0.01748 -0.0123 0.02853485 0.01766392 -0.0123 0.02850309 0.01757085 -0.0123 0.02843081 0.01750418 -0.0123 0.0283355 0.01748 -0.0123 0.02996822 0.01751797 -0.0123 0.0361 0.01873 -0.0123 0.03750791 0.01884081 -0.0123 0.03750791 0.03661919 -0.0123 0.04018591 0.03574906 -0.0123 0.04246396 0.03409396 -0.0123 0.04411906 0.03181592 -0.0123 0.04498919 0.02913791 -0.0123 0.04498919 0.02632209 -0.0123 0.04411906 0.02364409 -0.0123 0.04246396 0.02136604 -0.0123 0.04018591 0.01971094 -0.0124 0.03169603 0.03978 -0.0123 0.03160069 0.03984603 -0.0123 0.0361 0.03673 -0.013889 0.03339898 0.03860061 -0.01470476 0.0361 0.03673 -0.01531372 0.03521296 0.03734433 -0.01518557 0.03615622 0.03669107 -0.01529726 0.03618583 0.03667056 -0.01576177 0.03638249 0.03653437 -0.01582497 0.03641916 0.03650896 -0.01624825 0.03651377 0.03644344 -0.01628959 0.03677297 0.03626393 -0.01651923 0.03700835 0.03610092 -0.01670318 0.03718221 0.03598051 -0.01678847 0.03733842 0.03587232 -0.01691233 0.03750883 0.0357543 -0.01703108 0.03768178 0.03563453 -0.01714969 0.03786238 0.03550945 0.009346441 -0.01158605 0.02321002 0.009150355 -0.01149896 0.02352533 0.009061866 -0.01148422 0.02357869 0.008992889 -0.01148081 0.02359102 0.009928744 -0.01202576 0.02161808 -0.02093831 -0.01197503 0.02180176 -0.02092652 -0.01148082 0.02359102 -0.02093482 -0.01148092 0.02359117 -0.02134161 -0.01143984 0.02357573 -0.02166685 -0.01133169 0.0235259 -0.02168415 -0.0123011 0.01996965 -0.02185868 -0.0112679 0.02349651 -0.02094817 -0.01246925 0.02001249 -0.02184138 -0.01226518 0.0199605 0.01046636 -0.01246924 0.02001249 -0.0222967 -0.01098195 0.02335955 -0.0223508 -0.01092073 0.02332956 -0.02094817 -0.0125039 0.0191011 0.01066319 -0.01254045 0.01954273 0.01094505 -0.01248641 0.01910359 -0.02094817 -0.01250411 0.01909545 0.01105355 -0.01246561 0.01893455 0.01116114 -0.01239918 0.01873922 0.0112 -0.01230175 0.01853065 0.0112 -0.01213281 0.01826859 -0.02094817 -0.01213041 0.01826968 -0.02094817 -0.01212575 0.01825937 0.0112 -0.01142945 0.01768796 -0.02094817 -0.01142698 0.01769101 -0.02094817 -0.01141381 0.0176803 -0.02129096 -0.0124859 0.01916138 0.0112 -0.01054143 0.01748001 -0.02156158 -0.01209316 0.01837735 -0.02158126 -0.01243406 0.01934906 -0.0217746 -0.01235652 0.01962976 -0.02208106 -0.01200039 0.01871321 -0.02242704 -0.01186165 0.01921551 -0.02234658 -0.01185896 0.01985077 -0.02264326 -0.01058978 0.02316748 -0.02254653 -0.01169818 0.01980734 -0.02278443 -0.01028412 0.02301769 -0.0227708 -0.01120507 0.01967224 -0.02286236 -0.01011538 0.022935 -0.02291516 -0.01088764 0.01958527 -0.02276811 -0.01108881 0.01885695 -0.02293898 -0.01005623 0.02108014 -0.02292853 -0.009607682 0.02268059 -0.02294785 -0.01050597 0.01948 -0.02291298 -0.009022873 0.01948 -0.02291153 -0.009022829 0.02338394 -0.02281415 0.001408894 0.01948 -0.02287607 -0.007803583 0.0248502 -0.02281668 -0.005861105 0.02694727 -0.02279564 -0.01050868 0.01871464 -0.02282589 -0.01050814 0.01886676 -0.02291931 -0.009292038 0.01948 -0.02278089 -0.01050894 0.01869256 -0.0228226 -0.009294631 0.01886197 -0.02291298 -0.009022873 0.01948 -0.02234234 -0.01125955 0.0182388 -0.02236216 -0.01051636 0.01806579 -0.02170306 -0.01137371 0.01782548 -0.02168983 -0.01052828 0.01762755 -0.02094817 -0.01054143 0.01748001 -0.02171341 -0.01052786 0.01763225 -0.02076714 -0.002097428 0.01748 -0.0113 0.007800001 0.01748 0.0112 0.007800003 0.01748 -0.02092253 -0.009345504 0.01748001 -0.02156131 -0.01053056 0.01760199 -0.02153896 -0.009328991 0.01757789 -0.02141093 -0.004905654 0.01757789 -0.0208276 -0.004917767 0.01748001 -0.0220963 -0.009314073 0.01786197 -0.02210306 -0.01052095 0.01789264 -0.02196835 -0.004894057 0.01786197 -0.02139729 -0.000499411 0.01757789 -0.02080666 -0.0004922039 0.01748 -0.02098966 0.006939573 0.01748 -0.02195479 -0.0005065179 0.01786197 -0.0217263 0.01023245 0.01757789 -0.02108446 0.01025389 0.01748 -0.02123535 0.01552875 0.01748 -0.02241071 -0.00488485 0.01830444 -0.02228354 0.01021373 0.01786197 -0.02253862 -0.009302232 0.01830444 -0.02253528 -0.01051329 0.01832493 -0.02269473 -0.004878942 0.01886197 -0.02287369 -0.00487614 0.01948 -0.02283239 -0.0005165229 0.01948 -0.02239722 -0.0005121601 0.01830443 -0.02268127 -0.0005157807 0.01886197 -0.02281415 0.001408894 0.01948 -0.02272576 0.01019888 0.01830443 -0.02300969 0.01018934 0.01886197 -0.02309989 0.01018631 0.01948 -0.02318664 0.01285079 0.01948 -0.02241058 0.01860054 0.01786197 -0.02285304 0.01860621 0.01830443 -0.02313711 0.01860985 0.01886197 -0.02211194 0.02460819 0.01789264 -0.02237012 0.0246304 0.01806579 -0.02254263 0.02464524 0.01832493 -0.02280207 0.02466756 0.01871463 -0.02283222 0.02467016 0.01886676 -0.02172366 0.02457478 0.01763224 -0.02316446 0.02129774 0.01948 -0.02295375 0.02468062 0.01948 -0.02317151 0.01861094 0.01948 -0.0215721 0.02456174 0.01760198 -0.02185306 0.0185934 0.01757789 -0.02119751 0.01858502 0.01748 -0.02116423 0.02127333 0.01748 -0.02096111 0.02450917 0.01748 -0.0123 0.0283355 0.01748 -0.0113 0.0283355 0.01748 -0.0123 0.02843081 0.01750418 -0.0113 0.02843081 0.01750418 -0.0123 0.02850309 0.01757085 -0.0113 0.02850309 0.01757085 -0.0123 0.02853485 0.01766392 -0.0113 0.02853485 0.01766392 -0.0123 0.02851842 0.01776087 -0.0113 0.02851842 0.01776087 -0.0123 0.02845777 0.01783827 -0.0113 0.02845777 0.01783827 -0.0113 0.02609689 0.02023416 -0.0123 0.02609689 0.02023416 -0.0113 0.02446033 0.02317282 -0.0123 0.02446033 0.02317282 -0.0113 0.02366659 0.02644147 -0.0123 0.02366659 0.02644147 -0.0113 0.02377316 0.02980342 -0.0123 0.02377316 0.02980342 -0.0113 0.02477232 0.03301523 -0.0123 0.02477232 0.03301523 -0.0113 0.02659171 0.03584434 -0.0123 0.02659171 0.03584434 -0.0123 0.0271245 0.03675399 -0.0113 0.0271245 0.03675399 -0.0113 0.02729348 0.03748 -0.0123 0.02730973 0.03779178 -0.01126194 0.02730731 0.03767134 -0.01119089 0.02730973 0.03779178 -0.0123 0.02730973 0.03984603 -0.01115356 0.02730973 0.03783356 -0.01211623 0.02730973 0.03992869 -0.0118 0.02730973 0.03998 -0.01099135 0.02730973 0.03794194 -0.0108 0.02730973 0.03798 0.008199995 0.02730973 0.03998 0.008199995 0.02730973 0.03798 0.009348045 0.02708136 0.03998 0.009348045 0.02708136 0.03798 0.01032131 0.02643104 0.03998 0.01032131 0.02643104 0.03798 0.01097163 0.02545778 0.03998 0.01097163 0.02545778 0.03798 0.01119999 0.02430972 0.03998 0.01119999 0.02430972 0.03798 0.01119999 0.01839327 0.03998 0.01119999 0.01710909 0.03989655 0.01119999 0.01673065 0.03982324 0.01119999 0.01219603 0.03846265 0.01119999 0.01089519 0.03798 0.01119999 0.01219603 0.03846265 0.01119999 0.01673065 0.03982324 0.01044351 0.01388166 0.03981778 0.009752695 0.01171152 0.03981312 0.01119999 0.01089519 0.03798 0.009549888 0.01107442 0.03981175 0.009379216 0.01058388 0.03981061 0.01071406 0.009592593 0.03798 0.009219633 0.01064044 0.03993569 0.01044351 0.01388166 0.03981778 0.009354976 0.01049365 0.03980225 0.01044721 0.0144953 0.03993749 0.01059522 0.01445301 0.03981888 0.01119999 0.01673065 0.03982324 0.01119999 0.01710909 0.03989655 0.01119999 0.0174956 0.03992166 0.01025192 0.0145506 0.03998 0.01119999 0.01839327 0.03998 0.01024299 0.0145144 0.03998 0.009025664 0.01070919 0.03998 0.009009505 0.01053279 0.03994736 0.009194612 0.01050281 0.039918 0.008992888 0.01035139 0.0399138 0.009184228 0.01036501 0.03987826 0.00934644 0.01040379 0.03977705 0.01020237 0.008300003 0.03798 0.01017175 0.008204143 0.03797073 0.0101589 0.008108662 0.03794194 0.009184228 0.006070674 0.03799729 0.00934644 0.006118769 0.03790016 0.01016564 0.008021208 0.03789506 0.01019076 0.00794645 0.03783356 0.01029325 0.007838064 0.03767134 0.01045113 0.007800003 0.03748 0.00934644 0.005105298 0.03735941 0.01075245 0.007800003 0.03714787 0.01105355 0.005887681 0.03586654 0.01105355 0.007800003 0.03681555 0.01115448 0.007800003 0.0366552 0.01115839 0.007800003 0.03663541 0.00934644 0.00344761 0.03647491 0.01116194 0.005962993 0.03572287 0.01119999 0.007800003 0.03642473 0.01105355 0.002919151 0.03417349 0.01119999 0.006051829 0.0355534 0.0112 0.007800003 0.01748 0.01116194 0.003004463 0.03403553 0.01119999 0.003105098 0.03387279 0.01105355 7.819132e-05 0.03227415 0.01116194 0.0001730766 0.03214258 0.0112 0.0002850004 0.03198738 0.00934644 0.0008678933 0.03489012 0.00934644 -0.0009096555 0.03364346 0.00934644 -0.001610866 0.03315168 0.009184229 0.0008083816 0.03498071 0.01105355 -0.002620881 0.03017805 0.01116194 -0.002516904 0.03005355 0.0112 -0.002394252 0.02990669 0.01105355 -0.005164467 0.02789579 0.01116194 -0.005051921 0.02777898 0.0112 -0.004919162 0.02764118 0.009346441 -0.003979526 0.03126596 0.01116194 -0.007419208 0.02533031 0.009184229 -0.00404958 0.03134867 0.0112 -0.007277009 0.02520228 0.01105355 -0.007539755 0.02543884 0.0112 -0.009455913 0.02260227 0.01116194 -0.009606835 0.02271989 0.0112 -0.01097888 0.02053593 0.0112 -0.01054143 0.01748001 0.0112 -0.01142945 0.01768796 0.0112 -0.01213281 0.01826859 0.0112 -0.01230175 0.01853065 0.01116154 -0.01239817 0.01873706 0.01116194 -0.0111359 0.02064527 0.01116114 -0.01239918 0.01873922 0.01105355 -0.01246561 0.01893455 0.01105355 -0.01126902 0.02073797 0.01066319 -0.01254045 0.01954273 0.01046636 -0.01246924 0.02001249 0.009928744 -0.01202576 0.02161808 0.01105355 -0.009734784 0.0228196 0.009346441 -0.01158605 0.02321002 0.009346441 -0.01107078 0.02386064 0.009346441 -0.01007164 0.02512222 0.009180748 -0.01151246 0.02347646 0.009346441 -0.008352045 0.0270811 0.00918423 -0.01015493 0.02519157 0.009150355 -0.01149896 0.02352533 0.009061866 -0.01148422 0.02357869 0.008992889 -0.01148081 0.02359102 0.009346441 -0.006345524 0.0291218 0.009346441 -0.006229355 0.02923995 0.00918423 -0.008431606 0.02715471 0.009184229 -0.006304299 0.02931825 0.008992889 -0.01018418 0.02521592 0.008992889 -0.00845954 0.02718055 -0.02092207 -0.01096138 0.02425868 -0.02092652 -0.01148082 0.02359102 -0.02093482 -0.01148092 0.02359117 -0.02087178 -0.009217731 0.02634229 -0.02084946 -0.008446191 0.02716808 -0.02081743 -0.007339582 0.02835249 -0.02134161 -0.01143984 0.02357573 -0.02092207 -0.01096138 0.02425868 -0.02167218 -0.01132991 0.02352508 -0.01989104 -0.005577916 0.03005141 -0.02162628 -0.009383439 0.02593469 -0.02087977 -0.009494742 0.02601127 -0.02185868 -0.0112679 0.02349651 -0.0222967 -0.01098195 0.02335955 -0.02087178 -0.009217731 0.02634229 -0.0223525 -0.01091881 0.02332862 -0.02156024 -0.007222873 0.02825751 -0.02159172 -0.007217924 0.02825348 -0.02155715 -0.00702675 0.02843712 -0.0222452 -0.006893271 0.02795076 -0.02166515 -0.007181445 0.02821947 -0.02231121 -0.009028151 0.0256447 -0.02264326 -0.01058978 0.02316748 -0.02278472 -0.01028349 0.02301738 -0.02136622 -0.007107499 0.02841528 -0.01989104 -0.005577916 0.03005141 -0.02275314 -0.008496935 0.02519524 -0.02286236 -0.01011538 0.022935 -0.02292853 -0.009607682 0.02268059 -0.02287964 -0.007926085 0.02470288 -0.02287607 -0.007803583 0.0248502 -0.02268164 -0.006393622 0.02746934 -0.02267592 -0.006416186 0.02749146 -0.02026696 -0.005089167 0.03038577 -0.01974111 -0.005299826 0.03029434 -0.01888355 -0.003709252 0.03168382 -0.0190986 -0.002989935 0.03217704 -0.01860377 -0.003198581 0.03208673 -0.01779847 -0.001728671 0.03324644 -0.02076637 -0.004767123 0.03033759 -0.02187712 -0.006770204 0.02835403 -0.01956983 -0.002686059 0.03213288 -0.02218575 -0.006522746 0.02827389 -0.02218873 -0.006921324 0.02797692 -0.0223414 -0.006696252 0.02798129 -0.02247908 -0.006634211 0.02770136 -0.02258317 -0.005916274 0.02788652 -0.02250187 -0.006608969 0.02767706 -0.02267868 -0.006405287 0.02748078 -0.02274206 -0.006155344 0.02723574 -0.02274685 -0.006136457 0.02721723 -0.02281118 -0.005869082 0.02709811 -0.02276887 -0.002919782 0.02703818 -0.0227078 -0.002923944 0.02752686 -0.02271814 -0.005888339 0.02741984 -0.02276771 -0.002848281 0.02704039 -0.02253594 -0.003617941 0.02797501 -0.02156137 -0.00415537 0.0296813 -0.02121853 -0.003579565 0.03021085 -0.02253669 -0.002928335 0.02797361 -0.02253901 -0.000792685 0.02796928 -0.02156137 -0.00415537 0.0296813 -0.0222936 -0.00635817 0.02816877 -0.02272713 3.729057e-05 0.02749001 -0.02117502 -0.004373556 0.03015441 -0.02144438 -0.003958886 0.02986201 -0.02045411 -0.002295663 0.03139161 -0.01996501 -0.00232372 0.03196295 -0.02024026 -0.001941965 0.03168469 -0.01928678 -0.0003649431 0.03299145 -0.01870364 -0.000213842 0.0336259 -0.01898243 0.0001357405 0.03336369 -0.01803296 0.00169776 0.03452498 -0.01832318 -0.0005455948 0.03378277 -0.01740302 0.001957848 0.03515156 -0.01768334 0.002275545 0.03490762 -0.01670075 0.003899417 0.03598303 -0.01787967 -0.0008301822 0.03382425 -0.01741554 -0.001033647 0.03373686 -0.0165267 0.0005796054 0.03487521 -0.01703835 0.001656131 0.03529578 -0.0166219 0.001391925 0.0353356 -0.0161898 0.001193907 0.03525829 -0.01519385 0.003009933 0.03639076 -0.01572708 0.003922096 0.03667879 -0.01493574 0.003488302 0.03665448 -0.01635504 0.004480131 0.03632289 -0.01400733 0.005208993 0.03760308 -0.01535717 0.006156307 0.03730386 -0.01440285 0.006257571 0.03793612 -0.0136661 0.00586044 0.03791784 -0.01265815 0.007784735 0.03884765 -0.0150108 0.006755853 0.03761045 -0.01394771 0.008596009 0.03855143 -0.01308053 0.008669683 0.03907068 -0.01239618 0.008309642 0.03906569 -0.01176384 0.01050042 0.03992521 -0.0113772 0.01035139 0.0399138 -0.01201221 0.01070857 0.03990487 -0.01366585 0.009106797 0.03877756 -0.01204746 0.01073811 0.03990199 -0.01269668 0.01086312 0.03955509 -0.01230132 0.01114226 0.03983539 -0.0124 0.01142034 0.03978 -0.01269668 0.01086312 0.03955509 -0.013889 0.03339898 0.03860061 -0.01531272 0.00623325 0.0373432 -0.01531372 0.03521296 0.03734433 -0.0124 0.03169603 0.03978 -0.01624825 0.03651377 0.03644344 -0.01670075 0.003899417 0.03598303 -0.01849168 0.0009431062 0.03396393 -0.01670318 0.03718221 0.03598051 -0.01714969 0.03786238 0.03550945 -0.0123 0.02730973 0.03984603 -0.0123 0.03160069 0.03984603 -0.01211623 0.01142034 0.03992869 -0.01230132 0.01114226 0.03983539 -0.01211623 0.02730973 0.03992869 -0.01209652 0.0108162 0.03988912 -0.0118 0.01142034 0.03998 -0.01211433 0.01142034 0.039929 -0.0118 0.02730973 0.03998 -0.01192041 0.0108874 0.03995798 -0.01204746 0.01073811 0.03990199 -0.01179313 0.01052496 0.03992281 -0.01172757 0.0109673 0.03998 -0.01161568 0.01079905 0.03998 -0.01159174 0.01078359 0.03998 -0.01176384 0.01050042 0.03992521 -0.01151996 0.01073723 0.03998 -0.0113772 0.01070919 0.03998 0.01024299 0.0145144 0.03998 0.008199995 0.02730973 0.03998 0.01119999 0.02430972 0.03998 0.01097163 0.02545778 0.03998 0.01032131 0.02643104 0.03998 0.009348045 0.02708136 0.03998 0.008992889 0.006053784 0.0380314 -0.01356069 0.006061678 0.03801508 0.008992889 0.003374778 0.03660195 -0.01400733 0.005208993 0.03760308 -0.01519385 0.003009933 0.03639076 0.009184229 0.003393706 0.03656894 0.008992889 0.0007874831 0.03501252 -0.0164108 0.0007909384 0.035007 0.008992889 -0.001698559 0.03326896 -0.0165267 0.0005796054 0.03487521 -0.01779847 -0.001728671 0.03324644 0.009184229 -0.001675766 0.03323848 0.008992889 -0.004074177 0.03137771 -0.01888355 -0.003709252 0.03168382 -0.01907691 -0.0040679 0.03137052 0.008992889 -0.006330612 0.02934575 -0.0123 0.0361 0.01873 -0.01745374 0.0361 0.01873 -0.0171811 0.0371476 0.01879118 -0.01708487 0.03750556 0.01885421 -0.0123 0.03750791 0.01884081 -0.01690663 0.03816854 0.01897094 -0.01660744 0.03924447 0.01929719 -0.01633928 0.04018307 0.01971726 -0.0123 0.04018591 0.01971094 -0.0163077 0.04029362 0.01976674 -0.01601893 0.04128139 0.02037111 -0.01576561 0.04214343 0.02106089 -0.0123 0.04246396 0.02136604 -0.01567441 0.04245206 0.02137764 -0.01553505 0.0429236 0.02186157 -0.01533458 0.04359556 0.02274838 -0.0123 0.04411906 0.02364409 -0.01517802 0.04411561 0.02364608 -0.01516759 0.04415023 0.02370585 -0.01503749 0.04458296 0.02472344 -0.0123 0.04498919 0.02632209 -0.01494855 0.04488295 0.02576539 -0.01492252 0.04497126 0.02632492 -0.01489604 0.0450611 0.02689413 -0.014886 0.0450948 0.02803612 -0.0123 0.04498919 0.02913791 -0.01491757 0.04498702 0.0291377 -0.01491858 0.04498357 0.02917296 -0.01499327 0.04473144 0.03027917 -0.0123 0.04411906 0.03181592 -0.01510223 0.04436912 0.03128268 -0.01518266 0.04410162 0.03180702 -0.01526437 0.0438298 0.0323398 -0.0123 0.04246396 0.03409396 -0.01546595 0.04315353 0.03331997 -0.01567198 0.04245733 0.03408794 -0.01570283 0.04235307 0.03420295 -0.01588961 0.04172037 0.03475933 -0.01551777 0.04080708 0.03540095 -0.0123 0.04018591 0.03574906 -0.01531833 0.0401781 0.03573431 -0.0152002 0.03980556 0.03593175 -0.01495588 0.03875391 0.03632981 -0.0123 0.03750791 0.03661919 -0.01479219 0.03767185 0.03659168 -0.01478023 0.03750692 0.0366106 -0.01471279 0.03657633 0.03671739 -0.0123 0.0361 0.03673 -0.01470476 0.0361 0.03673 -0.01619542 0.04057745 0.03544251 -0.01554693 0.04087868 0.03535065 -0.01588961 0.04172037 0.03475933 -0.016464 0.04153608 0.03482977 -0.01660778 0.04146897 0.03482405 -0.01700553 0.04128332 0.03480823 -0.0157265 0.03920611 0.03610168 -0.01511124 0.03942265 0.03607669 -0.01495588 0.03875391 0.03632981 -0.01682567 0.04018525 0.03537328 -0.01730794 0.0410903 0.03473724 -0.01754656 0.040938 0.03468123 -0.0154131 0.03767745 0.03652639 -0.01481053 0.03779314 0.03656232 -0.01479219 0.03767185 0.03659168 -0.0163341 0.03893163 0.03597065 -0.01471279 0.03657633 0.03671739 -0.01518557 0.03615622 0.03669107 -0.01470476 0.0361 0.03673 -0.01529726 0.03618583 0.03667056 -0.01530589 0.03618949 0.03666803 -0.01576177 0.03638249 0.03653437 -0.01582497 0.03641916 0.03650896 -0.01590145 0.0364774 0.03646863 -0.01600615 0.03753731 0.0363551 -0.01628959 0.03677297 0.03626393 -0.01648456 0.03697281 0.03612553 -0.01654566 0.03738354 0.03606225 -0.01651923 0.03700835 0.03610092 -0.0167653 0.03731003 0.03589199 -0.01678847 0.03733842 0.03587232 -0.01691233 0.03750883 0.0357543 -0.01687839 0.03862588 0.03570295 -0.01703108 0.03768178 0.03563453 -0.01732236 0.0383112 0.03532172 -0.01744315 0.03862519 0.03519038 -0.01737666 0.03973782 0.03514604 -0.01779648 0.03928565 0.03479536 -0.01791718 0.04061218 0.03449669 -0.01782036 0.03933029 0.03476866 -0.01829067 0.04000352 0.03422357 -0.0180159 0.04052539 0.03444752 -0.01836417 0.04009494 0.03413635 -0.01850145 0.03989104 0.03397194 -0.01844201 0.03999848 0.03404338 -0.01850689 0.0398812 0.0339654 -0.01986351 0.03681785 0.03222411 -0.02059347 0.03491823 0.03118766 -0.02117725 0.03310667 0.03029898 -0.02081782 0.03525504 0.03065991 -0.01986351 0.03681785 0.03222411 -0.0212279 0.03291428 0.03021692 -0.01928678 -0.0003649431 0.03299145 -0.02045411 -0.002295663 0.03139161 -0.02160687 0.03256251 0.02943948 -0.02139029 0.03229741 0.02995378 -0.0216884 0.031165 0.02947072 -0.0227862 0.007456655 0.02749919 -0.02260499 0.002382327 0.02784543 -0.02296288 0.01246804 0.02715249 -0.02255659 5.321343e-05 0.02793628 -0.02302656 0.01565054 0.02702522 -0.02302649 0.01845942 0.02702536 -0.02296463 0.020902 0.027149 -0.02285087 0.02305196 0.02737336 -0.02267791 0.02510426 0.0277072 -0.02278778 2.180229e-05 0.0270024 -0.02278848 0.0001214385 0.02700108 -0.02282188 0.001408694 0.02693713 -0.02289551 0.004245992 0.02679618 -0.02289551 0.004245992 0.02679618 -0.0231488 0.01147905 0.02630593 -0.02317962 0.01285095 0.02624556 -0.02323056 0.01511864 0.02614578 -0.02324076 0.01798628 0.02612459 -0.02316446 0.02129774 0.01948 -0.02319374 0.0204824 0.02621767 -0.02315713 0.02129741 0.02628826 -0.02308917 0.02281002 0.02641927 -0.02290636 0.02520654 0.02676234 -0.0227039 0.02695451 0.01990693 -0.02271112 0.02695531 0.02711669 -0.02263461 0.02758513 0.02002533 -0.02267372 0.02729036 0.02718458 -0.02226431 0.02992008 0.02045972 -0.02288263 0.0246745 0.01912115 -0.02285289 0.02546867 0.0192115 -0.0223447 0.0294687 0.02775439 -0.02260089 0.02615952 0.01867249 -0.02180553 0.03208833 0.02085996 -0.02268764 0.02617247 0.01896963 -0.02259419 0.02657048 0.01883285 -0.02280207 0.02466756 0.01871463 -0.02226053 0.02747602 0.01851643 -0.02244662 0.02613473 0.01838481 -0.02259279 0.02464956 0.01840027 -0.02205052 0.02759887 0.01825181 -0.02218086 0.02762996 0.01846136 -0.02186229 0.02824555 0.01824114 -0.02224184 0.02610181 0.01811963 -0.02237012 0.0246304 0.01806579 -0.02188357 0.0275567 0.01805788 -0.02199228 0.0260617 0.01789008 -0.02150706 0.0282424 0.01790318 -0.02179981 0.02833248 0.01820891 -0.02136069 0.02894341 0.01798238 -0.02147455 0.02745338 0.01773903 -0.02140169 0.02596677 0.01757695 -0.02167865 0.02457091 0.01762326 -0.02074068 0.0258604 0.01748 -0.02052013 0.0272123 0.01748 -0.02099903 0.02733327 0.01754196 -0.02073897 0.02877783 0.01760179 -0.02041912 0.02864721 0.01750942 -0.02009005 0.02851382 0.01748 -0.0200382 0.02867074 0.01748 -0.01931214 0.0295804 0.01748 -0.0200382 0.02867074 0.01748 -0.0123 0.0295804 0.01748 -0.01968213 0.029312 0.01748 -0.01931214 0.02996822 0.01751797 -0.0123 0.02996822 0.01751797 -0.01745374 0.0361 0.01873 -0.0123 0.0361 0.01873 -0.01861675 0.03308699 0.01813444 -0.01765713 0.03613505 0.01873693 -0.01828742 0.03635735 0.01885935 -0.01843856 0.03365297 0.01824631 -0.01949206 0.03390266 0.01849745 -0.01864075 0.03647339 0.01902142 -0.01889569 0.03655712 0.01913835 -0.02021896 0.03093018 0.01791339 -0.01913609 0.0307578 0.01767404 -0.02044852 0.03404237 0.01916251 -0.01941883 0.03671443 0.01954556 -0.01954205 0.03674703 0.01969236 -0.0198105 0.03681802 0.02001218 -0.01980059 0.02995157 0.01755392 -0.02029264 0.02979372 0.0176374 -0.02045043 0.02969542 0.01767966 -0.01980059 0.02995157 0.01755392 -0.01931214 0.02977306 0.01749886 -0.02119929 0.03099769 0.01857593 -0.0208295 0.02945926 0.01778117 -0.02136069 0.02894341 0.01798238 -0.0216231 0.02857834 0.01811775 -0.02110074 0.0340345 0.02013779 -0.02011759 0.036883 0.02057772 -0.02014676 0.03688603 0.0206735 -0.02186121 0.03093774 0.01955716 -0.02186229 0.02824555 0.01824114 -0.02133339 0.03389277 0.02118919 -0.02030403 0.03690239 0.02118994 -0.02174565 0.03237135 0.02091221 -0.02116584 0.03451112 0.02130176 -0.0203645 0.03688267 0.02173582 -0.02208382 0.03077313 0.02061719 -0.02226431 0.02992008 0.02045972 -0.02180195 0.03208717 0.02863222 -0.02194786 0.03149441 0.02840665 -0.02143915 0.03356093 0.02919304 -0.0203845 0.03682348 0.02172499 -0.02080471 0.03564298 0.03010762 -0.02037092 0.03681858 0.03069119 -0.02239156 0.02785719 0.01897485 -0.02261997 0.02767744 0.0200425 -0.02202619 0.02792883 0.01835444 -0.02226053 0.02747602 0.01851643 -0.02252589 0.02675585 0.01876807 -0.02263461 0.02758513 0.02002533 -0.02259419 0.02657048 0.01883285 -0.02285289 0.02546867 0.0192115 -0.02295375 0.02468062 0.01948 -0.02002341 0.03777211 0.02175697 -0.02030403 0.03690239 0.02118994 -0.01978807 0.03781863 0.02068275 -0.02013164 0.03688446 0.02062384 -0.02011759 0.036883 0.02057772 -0.02001253 0.03779905 0.02176144 -0.01963889 0.03872374 0.02191478 -0.01952267 0.03776646 0.02015801 -0.01985133 0.03682666 0.02008739 -0.0198105 0.03681802 0.02001218 -0.0193511 0.03892857 0.02091244 -0.01961867 0.03877177 0.0219304 -0.0192563 0.03963241 0.02221018 -0.0188985 0.04045829 0.02262645 -0.01907779 0.03894542 0.02041728 -0.01891826 0.03998118 0.02130866 -0.01922673 0.03970066 0.02224458 -0.01863757 0.04006145 0.02085337 -0.01871793 0.03891429 0.01996827 -0.01850992 0.04094621 0.02185788 -0.0188554 0.040556 0.0226963 -0.01856846 0.04120648 0.02316126 -0.01995951 0.03793355 0.03124465 -0.01822269 0.04108316 0.02145054 -0.01813466 0.04181868 0.02255797 -0.01851278 0.04133145 0.02328362 -0.01828108 0.04185146 0.0237928 -0.01828108 0.04185146 0.0237928 -0.01780963 0.04256904 0.02338885 -0.01821512 0.0419989 0.02398974 -0.0180401 0.04239009 0.02451224 -0.01748718 0.04214346 0.0218789 -0.01715832 0.04298059 0.02282627 -0.01786682 0.0411697 0.02107464 -0.0163365 0.04317005 0.02238041 -0.01827994 0.0400917 0.02043669 -0.01665146 0.04224653 0.02135279 -0.0170131 0.04117599 0.02048464 -0.01828903 0.03883558 0.01959153 -0.01576561 0.04214343 0.02106089 -0.01610878 0.04097404 0.02018306 -0.01553505 0.0429236 0.02186157 -0.0163077 0.04029362 0.01976674 -0.01547768 0.04311593 0.02211539 -0.01533458 0.04359556 0.02274838 -0.0174042 0.03999617 0.01980112 -0.01647069 0.03972312 0.01951141 -0.01660744 0.03924447 0.01929719 -0.0160754 0.04393347 0.02356313 -0.01523023 0.04394217 0.02334669 -0.01516759 0.04415023 0.02370585 -0.01781606 0.0387148 0.0193054 -0.01684683 0.03838358 0.01903615 -0.01690663 0.03816854 0.01897094 -0.0158799 0.04450578 0.024874 -0.01494855 0.04488295 0.02576539 -0.01688693 0.04367084 0.0239131 -0.01575978 0.04485835 0.02626113 -0.01492926 0.04494839 0.02618001 -0.01489604 0.0450611 0.02689413 -0.01668443 0.04418737 0.02511515 -0.01754146 0.04318779 0.02434701 -0.01796894 0.04254907 0.02481069 -0.017849 0.04281703 0.02531373 -0.01734141 0.04365074 0.02541046 -0.0177845 0.04296133 0.02572601 -0.01771474 0.0431174 0.02617192 -0.0165603 0.04450522 0.02638554 -0.01721881 0.04393556 0.02653679 -0.0176708 0.04321586 0.02669841 -0.01763982 0.0432853 0.02706969 -0.01651703 0.04461631 0.02770525 -0.01717607 0.04403509 0.02770803 -0.01763029 0.04330667 0.02771152 -0.01762619 0.04331588 0.02798805 -0.01721512 0.04394414 0.02887103 -0.01766494 0.04322898 0.02871845 -0.0176745 0.04320754 0.02889864 -0.01655657 0.04451479 0.02901564 -0.01733499 0.04366562 0.03000549 -0.01777425 0.04298421 0.02970047 -0.01778585 0.04295823 0.02979372 -0.01667794 0.04420398 0.03029513 -0.01752903 0.04321649 0.03105893 -0.01795201 0.04258685 0.03061068 -0.01795661 0.04257657 0.0306333 -0.01819095 0.04205306 0.03142405 -0.01847229 0.04142281 0.03210861 -0.01879824 0.0406867 0.03268843 -0.01779361 0.04260598 0.03202259 -0.01847229 0.04142281 0.03210861 -0.01687435 0.04370287 0.0314857 -0.01811479 0.04186485 0.03285886 -0.01849254 0.04137708 0.03214464 -0.01879824 0.0406867 0.03268843 -0.01855206 0.04106578 0.0331825 -0.01847627 0.04114083 0.03330288 -0.01838467 0.04120006 0.0334089 -0.01798852 0.04145623 0.03386739 -0.01714212 0.04302179 0.03257853 -0.01746708 0.04219498 0.03353169 -0.01768569 0.04153916 0.03405781 -0.01702532 0.04172004 0.03447307 -0.01663225 0.04230329 0.03405374 -0.01681627 0.0417201 0.03452577 -0.01588961 0.04172037 0.03475933 -0.01575247 0.04218492 0.03435082 -0.01570283 0.04235307 0.03420295 -0.01632094 0.04321557 0.0330196 -0.01546595 0.04315353 0.03331997 -0.01526437 0.0438298 0.0323398 -0.01606328 0.04396893 0.03183019 -0.01521906 0.04398053 0.03204436 -0.01510223 0.04436912 0.03128268 -0.01587362 0.04452419 0.03053174 -0.01503714 0.04458554 0.03068326 -0.01499327 0.04473144 0.03027917 -0.01575616 0.04486897 0.02913462 -0.01492137 0.04497414 0.02921437 -0.01491858 0.04498357 0.02917296 -0.014886 0.0450948 0.02803612 -0.01571785 0.04498164 0.02770296 -0.01488894 0.04508493 0.02770188 -0.016464 0.04153608 0.03482977 -0.01588961 0.04172037 0.03475933 -0.01664278 0.04172015 0.03456949 -0.01661982 0.04146335 0.03482357 -0.01700553 0.04128332 0.03480823 -0.01702532 0.04172004 0.03447307 -0.01734261 0.04163313 0.03427355 -0.01735572 0.04139808 0.03455169 -0.01730282 0.04109356 0.03473845 -0.01754656 0.040938 0.03468123 -0.01799725 0.04107345 0.03423257 -0.01798852 0.04145623 0.03386739 -0.01789732 0.04062964 0.03450657 -0.01799291 0.04145338 0.0338623 -0.0180159 0.04052539 0.03444752 -0.0185179 0.04065007 0.03377313 -0.01847627 0.04114083 0.03330288 -0.01855206 0.04106578 0.0331825 -0.01844201 0.03999848 0.03404338 -0.01851697 0.04064673 0.03377532 -0.01879109 0.04031486 0.03338357 -0.01879281 0.04031748 0.03338006 -0.01959752 0.03741848 0.03256553 -0.01986046 0.03816838 0.0313678 -0.01986073 0.03782357 0.0320098 -0.01995951 0.03793355 0.03124465 -0.02080471 0.03564298 0.03010762 -0.02083249 0.0355518 0.03006757 -0.02143915 0.03356093 0.02919304 -0.02162916 0.03278908 0.02889932 -0.02194786 0.03149441 0.02840665 -0.02222084 0.02974269 0.02840463 -0.02225798 0.02991139 0.02789693 -0.02202647 0.02955138 0.02889112 -0.02210149 0.02919328 0.02876249 -0.02243013 0.02716328 0.02817113 -0.02267007 0.02680577 0.02759094 -0.02248879 0.02667582 0.0280613 -0.02271488 0.0269217 0.02710988 -0.02290636 0.02520654 0.02676234 -0.02296269 0.02384454 0.02703104 -0.02279078 0.02376498 0.02748934 -0.023005 0.02391348 0.02657723 -0.02285087 0.02305196 0.02737336 -0.02308917 0.02281002 0.02641927 -0.0231264 0.02087322 0.02670675 -0.02296463 0.020902 0.027149 -0.02317466 0.02090717 0.02625445 -0.0229663 0.02083589 0.02714566 -0.02319374 0.0204824 0.02621767 -0.02302649 0.01845942 0.02702536 -0.02318835 0.01789416 0.02658089 -0.02324076 0.01798628 0.02612459 -0.0230265 0.01788741 0.02702533 -0.02324046 0.01790057 0.02612522 -0.02302656 0.01565054 0.02702522 -0.02323056 0.01511864 0.02614578 -0.02317449 0.01491079 0.02660916 -0.02301207 0.01492633 0.02705418 -0.02322558 0.01489674 0.02615555 -0.02315821 0.01189815 0.02628749 -0.02310744 0.01192566 0.02674477 -0.02294482 0.01195558 0.02718794 -0.0231488 0.01147905 0.02630593 -0.0227862 0.007456655 0.02749919 -0.02289787 0.005969244 0.0271604 -0.02295463 0.005934017 0.02668176 -0.02273438 0.006005513 0.0275982 -0.0172205 0.03699623 0.01878234 -0.01745374 0.0361 0.01873 -0.01765713 0.03613505 0.01873693 -0.01828742 0.03635735 0.01885935 -0.01822906 0.03737042 0.01901507 -0.01849724 0.03642626 0.01895559 -0.0171811 0.0371476 0.01879118 -0.01889569 0.03655712 0.01913835 -0.01871961 0.03753558 0.01929897 -0.01900846 0.03659103 0.01922613 -0.01941883 0.03671443 0.01954556 -0.01916019 0.03767061 0.01968672 -0.01947202 0.03672851 0.01960893 -0.0113 0.02853485 0.01766392 -0.0113 0.02851842 0.01776087 -0.0113 0.02845777 0.01783827 -0.0113 0.02850309 0.01757085 -0.0113 0.02843081 0.01750418 -0.0113 0.0283355 0.01748 -0.0113 0.02609689 0.02023416 -0.0113 0.007800001 0.01748 -0.0113 0.02446033 0.02317282 -0.0113 0.02366659 0.02644147 -0.0113 0.007800001 0.03748 -0.0113 0.02377316 0.02980342 -0.0113 0.02477232 0.03301523 -0.0113 0.02659171 0.03584434 -0.0113 0.0271245 0.03675399 -0.0113 0.02729348 0.03748 -0.0112904 0.007809608 0.03757755 -0.01126194 0.007838062 0.03767134 -0.01126194 0.02730731 0.03767134 -0.01115356 0.007946448 0.03783356 -0.01119089 0.02730973 0.03779178 -0.01115356 0.02730973 0.03783356 -0.01099135 0.008108661 0.03794194 -0.01099135 0.02730973 0.03794194 -0.0108 0.008300001 0.03798 -0.0108 0.02730973 0.03798 0.01020237 0.008300003 0.03798 0.01017175 0.008204143 0.03797073 0.01071406 0.009592593 0.03798 -0.01099135 0.008108661 0.03794194 0.008199995 0.02730973 0.03798 0.0101589 0.008108662 0.03794194 0.01119999 0.01089519 0.03798 0.01016564 0.008021208 0.03789506 0.01119999 0.02430972 0.03798 -0.01115356 0.007946448 0.03783356 0.01097163 0.02545778 0.03798 0.01019076 0.00794645 0.03783356 0.01032131 0.02643104 0.03798 0.009348045 0.02708136 0.03798 0.01029325 0.007838064 0.03767134 -0.01126194 0.007838062 0.03767134 -0.0112904 0.007809608 0.03757755 0.01045113 0.007800003 0.03748 -0.0113 0.007800001 0.03748 -0.0113 0.007800001 0.01748 0.01075245 0.007800003 0.03714787 0.01105355 0.007800003 0.03681555 0.01115448 0.007800003 0.0366552 0.01119999 0.007800003 0.03642473 0.0112 0.007800003 0.01748 -0.02103854 0.02890016 0.01775425 -0.02129889 0.02900343 0.01795897 -0.0208295 0.02945926 0.01778117 -0.0202127 0.02938306 0.01753865 -0.02059418 0.02960586 0.01771815 -0.02029264 0.02979372 0.0176374 -0.02009608 0.02985677 0.01760405 -0.02000522 0.02925723 0.01749423 -0.01978594 0.02912505 0.01748 -0.0198531 0.02964314 0.01750974 -0.01972523 0.02952555 0.01748723 -0.01931214 0.0296753 0.01748929 -0.01959436 0.02940507 0.01748 -0.01950444 0.0295004 0.01748 -0.01937474 0.0295712 0.01748</float_array>
          <technique_common>
            <accessor count="2368" source="#verts-array-array" stride="3">
              <param type="float" name="X"/>
              <param type="float" name="Y"/>
              <param type="float" name="Z"/>
            </accessor>
          </technique_common>
        </source>
        <source id="normals-array">
          <float_array count="7104" id="normals-array-array">0 1 0 0 1 0 0 1 0 0 1 0 0 1 0 0 1 0 0 1 0 0 1 0 0 1 0 0 1 0 0 1 0 0 1 0 0 1 0 0 1 0 0 1 0 0 1 0 0 1 0 0 1 0 0 1 0 0 1 0 0 1 0 0 1 0 0 1 0 0 1 0 0 1 0 0 1 0 0 1 0 0 1 0 0 1 0 0 1 0 0 1 0 0 1 0 0 1 0 0 1 0 0 1 0 0 1 0 0 1 0 0 -1 0 0 -1 0 0 -1 0 0 -1 0 0 -1 0 0 -1 0 0 -1 0 0 -1 0 0 -1 0 0 -1 0 0 -1 0 0 -1 0 0 -1 0 0 -1 0 0 -1 0 0 -1 0 0 -1 0 0 -1 0 0 -1 0 0 -1 0 0 -1 0 0 -1 0 0 -1 0 0 -1 0 0 -1 0 0 -1 0 0 -1 0 0 -1 0 0 -1 0 0 0 -1 0 0 -1 0 0 -1 0 0 -1 0 0 -1 0 0 -1 0 0 -1 0 0 -1 0 0 -1 0 0 -1 0 0 -1 0 0.09617505 -0.9953644 0 0 -1 0 0 -1 0 0.1453617 -0.9893786 0 0.3769119 -0.9262491 0 0.3769119 -0.9262491 0 0.5482516 -0.8363134 0 0.5482516 -0.8363134 0 0.1453616 -0.9893786 0 0.09617505 -0.9953644 0 0 -1 0 0 -1 0 0 -1 0 0 -1 0 0 -1 0 0 -1 0 0 -1 0 0 -1 0 0 -1 0 0 -1 0 0 -1 0 0 -1 0 0 -1 -0.9989799 -0.04515806 -1.58195e-05 -0.9896614 -0.1434204 0.0009377857 -0.9992323 -0.03246912 -0.02192062 -0.9982901 0.05752089 -0.01039947 -0.9985818 0.01450814 -0.05122335 -0.9985774 0.05149584 -0.01383263 -0.990325 0.1385935 0.006941245 -0.9860226 0.1665224 0.005458497 -0.9998939 0.01456375 0 -0.9146537 0.4042147 0.004359437 -0.9346537 0.3555293 0.004621073 -0.8897315 0.4564727 0.003246722 -0.7915456 0.6111101 0.0001172472 -0.8429263 0.5380118 0.004312353 -0.7182412 0.6957827 -0.004012424 -0.6108058 0.7917803 -0.0003710525 -0.6325757 0.7740238 0.02711287 -0.3260985 0.9453345 -0.00156834 -0.5686172 0.8216233 0.04012012 -0.3834044 0.9235756 0.003011543 -0.2838119 0.9587673 0.01470314 -0.07858934 0.9969067 -0.0008782761 -0.1863167 0.9823829 0.01448678 -0.08016301 0.9943327 -0.06983167 0.07840463 0.9969214 -0.000608914 0.2198708 0.9753139 0.02048573 0.06288013 0.9980203 0.001220291 0.311203 0.9501477 0.01928577 0.04945151 0.9956368 -0.079132 0.3262594 0.9452795 -0.001188145 0.4078008 0.9130556 0.005281094 0.5752441 0.8168834 0.04237712 0.6336302 0.7731519 0.02736435 0.6108113 0.7917761 -0.0003738626 0.7225406 0.6913144 -0.004410083 0.7914578 0.6112238 0.0002427238 0.8519559 0.5235787 0.006050083 0.8975722 0.4408343 0.005400153 0.9145516 0.4044371 0.005097193 0.9384179 0.3454551 0.005717026 0.9849306 0.1728329 0.006367449 0.990374 0.1382175 0.007428074 0.9971943 0.07392724 -0.0117609 0.9986059 0.05096968 -0.01372437 0.9998939 0.01456603 0 0.9978118 -0.06611769 0 0.9997527 -0.002025531 -0.02214498 0.9992703 -0.0380822 -0.002935245 0.982643 -0.1273291 -0.1349074 0.9767055 -0.1301824 -0.1705839 0.9977986 -0.06578392 -0.008387626 0.9525201 -0.3043965 0.006944544 0.9998107 6.083734e-06 -0.01945686 0.9834842 4.815737e-05 -0.1809939 0.9995891 -0.001132042 -0.02864135 0.9746727 0.0007201057 -0.223635 0.9175059 -0.001045851 -0.3977209 0.9019641 0.0002811176 -0.4318109 0.9123133 4.036034e-06 -0.409493 0.8728208 -0.0004791075 -0.4880406 0.7876777 -0.001160968 -0.6160864 0.7073735 -5.039748e-05 -0.7068399 0.6989476 0.0003347032 -0.7151728 0.3824944 -0.0003217844 -0.9239577 0.3707873 0 -0.9287178 0.09801611 0 -0.9951848 0.09801611 0 -0.9951848 -0.09801611 0 -0.9951848 -0.09801611 0 -0.9951848 -0.3826855 -1.673894e-06 -0.9238787 -0.3707873 0 -0.9287178 -0.6373166 -0.003179521 -0.7705955 -0.7914783 -0.0009713908 -0.6111965 -0.7069472 -0.0003492933 -0.7072663 -0.9447994 0.0005267418 -0.327649 -0.9240435 -3.044739e-05 -0.3822874 -0.9644884 -0.0009711981 -0.2641233 -0.9987963 0.0001536055 -0.04905053 -0.9967083 -0.0002208991 -0.08107051 -0.9999554 -2.520805e-06 -0.009445891 -0.9964935 -0.08339665 0.006754936 -0.9930749 -0.04962581 -0.1064873 -0.9941866 0 -0.1076705 -0.90833 0 -0.4182543 -0.9788886 -0.2043944 -0.0002204068 -0.9305785 -0.365896 0.01198856 -0.9533643 -0.3017933 -0.004168415 -0.9147006 -0.3979464 -0.07043798 -0.7053227 -0.708845 0.007661455 -0.9102726 -0.02930819 -0.4129708 -0.6501251 0 -0.7598272 -0.8214922 -0.5700037 0.0156934 -0.76154 -0.6481164 -0.001402453 -0.6717771 -0.7405741 0.01629377 -0.3630212 -0.9317747 0.003399686 -0.5423745 -0.8372347 -0.06977129 -0.3337404 -0.942665 -6.529905e-05 -0.2449628 -0.9694673 0.01124649 -0.04405508 -0.999029 0.0005158736 -0.153181 -0.9881506 0.009692614 -0.07284657 -0.994814 -0.07098288 -0.9692369 -0.1830484 -0.164539 -0.9755538 -0.07872665 -0.2051753 -0.937816 -0.1732187 -0.3008263 -0.9450083 -0.2868498 -0.1570875 -0.8867361 -0.3471256 -0.3052916 -0.8258317 -0.5412572 -0.158249 -0.7923055 -0.1319794 -0.595679 -0.7973877 -0.02900996 -0.6027697 -0.6543376 -0.01059859 -0.7561283 -0.419402 0 -0.9078006 -0.7625219 -0.2535906 -0.5951909 -0.4202365 -0.005673774 -0.9073969 -0.4597161 -0.01382526 -0.8879583 -0.5623176 -0.06572732 -0.8243051 -0.4674137 0.002266855 -0.8840358 -0.4417088 -0.01162007 -0.8970832 -0.3605755 -0.01485316 -0.9326117 -0.4240905 -0.05787191 -0.9037688 -0.3550518 -0.02536846 -0.9345024 -0.558217 -0.1396746 -0.8178538 -0.4226637 -0.06787087 -0.9037416 -0.4018616 -0.0671133 -0.9132377 -0.7110331 -0.3553694 -0.6067491 -0.5334295 -0.2474721 -0.8088328 -0.3710604 -0.01691604 -0.9284547 -0.448506 -0.110647 -0.8869045 -0.4322985 -0.08445731 -0.8977667 -0.4462316 -0.1140627 -0.8876188 -0.4508074 3.75718e-05 -0.8926212 -0.4730093 0.0008296961 -0.881057 -0.5286453 -0.1029945 -0.8425712 -0.6380775 -0.006283085 -0.7699465 -0.5773531 0.0032597 -0.8164881 -0.6471364 -0.09811534 -0.7560343 -0.8006545 -0.001120339 -0.5991254 -0.524479 -0.3788592 -0.7624877 -0.4703024 -0.1684765 -0.8662744 -0.516959 -0.2215078 -0.8268541 -0.7979792 -0.09874631 -0.5945404 -0.4956709 -0.3339409 -0.8017442 -0.4693246 -0.161099 -0.8682059 -0.5058075 -0.5978529 -0.6218767 -0.5895451 -0.5400506 -0.6006513 -0.6560853 -0.4671109 -0.5927558 -0.7106336 -0.6351304 -0.3026703 -0.8106239 -0.5012244 -0.3027591 -0.7678861 -0.6188262 -0.1655449 -0.7109931 -0.6850699 -0.1586446 -0.6404613 -0.7513508 -0.1590009 -0.5961839 -0.7434508 -0.3030605 -0.4936712 -0.8522152 -0.1732569 -0.4780749 -0.7442512 -0.4664059 -0.4378342 -0.841972 -0.3152529 -0.4088799 -0.7145528 -0.5676544 -0.3629083 -0.8271364 -0.4291187 -0.2544378 -0.9255665 -0.2803357 -0.5992567 -0.3867733 -0.7009264 -0.4557345 -0.7128528 -0.5330543 -0.7391284 -0.3882875 -0.5503835 -0.9381718 -0.0990629 -0.3316931 -0.9428092 0 -0.3333329 -0.5605825 -0.7150545 -0.4176653 -0.9915406 -0.098183 -0.08489618 -0.9963931 0 -0.08485787 -0.8680257 -0.3903183 -0.3068924 -0.991523 -0.09713968 -0.08629005 -0.9943674 0.007852615 -0.105697 -0.9193974 -0.3853095 -0.07902545 -0.935978 -0.09872576 -0.3379326 -0.9224078 -0.3778161 -0.08011831 -0.9018715 0.02032429 -0.4315261 -0.8659283 -0.01495931 -0.4999444 -0.7624521 -0.1013567 -0.6390569 -0.6226828 0.02276168 -0.7821432 -0.8710203 -0.3752579 -0.3170255 -0.6426842 -0.0179576 -0.7659207 -0.4960735 -0.1004881 -0.8624461 -0.2182789 0.01542031 -0.9757646 -0.7100628 -0.3752565 -0.5958132 -0.3420066 -0.008969286 -0.9396548 -0.1695245 -0.09603096 -0.9808361 -0.4634602 -0.3752573 -0.802737 0.1695243 -0.09603083 -0.9808362 0.2182789 0.01542031 -0.9757646 -0.1609582 -0.3752566 -0.912839 0.3420066 -0.008969286 -0.9396547 0.4960738 -0.1004881 -0.8624459 0.6226828 0.02276174 -0.7821432 0.1609581 -0.3752568 -0.9128389 0.642684 -0.01795755 -0.7659208 0.7624519 -0.1013573 -0.639057 0.9018715 0.02032438 -0.4315261 0.4634604 -0.3752572 -0.8027369 0.8659282 -0.01495931 -0.4999445 0.935978 -0.09872595 -0.3379325 0.9943674 0.007852645 -0.105697 0.7100624 -0.3752568 -0.5958135 0.991523 -0.09713973 -0.08629002 0.9963931 0 -0.08485787 0.8710203 -0.3752581 -0.3170252 0.3587993 -0.6964564 -0.6214592 0.5497126 -0.6964567 -0.4612636 0.1246097 -0.6964566 -0.706697 0.2004335 -0.9161362 -0.3471611 -0.1246096 -0.6964567 -0.7066969 0.06960985 -0.9161361 -0.3947773 -0.06960992 -0.9161361 -0.3947773 -0.3587994 -0.6964563 -0.6214592 -0.2004334 -0.9161362 -0.3471612 -0.5497126 -0.6964568 -0.4612635 -0.3070825 -0.916136 -0.2576726 -0.05438956 -0.9940659 -0.0942056 -0.6743219 -0.6964572 -0.245433 -0.01888927 -0.9940659 -0.1071265 -0.08332977 -0.9940659 -0.06992202 0.0188893 -0.9940659 -0.1071265 0.05438957 -0.9940659 -0.09420566 0.3070825 -0.9161359 -0.2576728 0.08332978 -0.9940659 -0.06992201 0.6743221 -0.696457 -0.245433 0.3766923 -0.9161361 -0.1371046 0.1022191 -0.9940659 -0.03720476 0.9224077 -0.3778163 -0.08011831 0.7109228 -0.7004954 -0.06240887 0.3915027 -0.9195063 -0.03512598 0.1033915 -0.9945946 -0.009583604 -0.1022192 -0.9940659 -0.03720475 0.09275333 -0.9956608 -0.007509122 -0.3766923 -0.916136 -0.1371046 -0.1033915 -0.9945946 -0.009583611 -0.3915024 -0.9195064 -0.03512599 -0.7109228 -0.7004955 -0.06240896 -0.7004264 -0.71121 -0.05985959 -0.3733485 -0.9271616 -0.03133964 -0.09275339 -0.9956608 -0.007509121 -0.08249249 -0.9961648 -0.02916547 -0.3435581 -0.9312431 -0.1214664 -0.6564445 -0.7177852 -0.2320884 -0.2955673 -0.9294838 -0.2206806 -0.07197857 -0.9959442 -0.05398342 -0.2422975 -0.9278865 -0.2834052 -0.06000046 -0.9957282 -0.07018019 0.08249241 -0.9961648 -0.02916546 0.3435583 -0.931243 -0.1214664 0.07197857 -0.9959442 -0.05398343 0.3733488 -0.9271615 -0.03133968 0.2955676 -0.9294837 -0.2206805 0.7004265 -0.7112099 -0.05985963 0.6564449 -0.7177848 -0.2320883 0.5605822 -0.7150545 -0.4176657 0.9193973 -0.3853098 -0.07902554 0.8680254 -0.3903193 -0.3068921 0.9915406 -0.0981829 -0.08489627 0.9381717 -0.0990626 -0.3316935 0.9428091 0 -0.3333332 0.7979793 -0.09874624 -0.5945403 0.8005313 -0.00125129 -0.5992896 0.7391279 -0.388288 -0.5503839 0.6471829 -0.09807327 -0.7559999 0.6371048 -0.006658582 -0.7707484 0.599257 -0.3867733 -0.7009261 0.5773444 0.003613965 -0.8164927 0.5324261 -0.1016475 -0.8403513 0.4580936 -0.01359164 -0.8888 0.4557347 -0.7128528 -0.5330543 0.4976636 -0.3896709 -0.7749113 0.2422973 -0.9278866 -0.2834052 0.3932014 -0.7126284 -0.5809935 0.06000056 -0.9957282 -0.0701802 0.2325699 -0.9277373 -0.2919157 0.08071675 -0.9943729 -0.06861059 -0.1934713 -0.9698073 -0.1484679 -0.2906752 -0.8990815 -0.3273536 -0.40504 -0.8990042 -0.1665352 -0.3615063 -0.9277117 -0.09308162 -0.4496524 -0.8927211 -0.02935531 0.04741417 -0.9988752 0.0004319806 0.1852812 -0.9825814 0.01431025 0.2822918 -0.9592092 0.01513812 0.186091 -0.9645229 -0.1872585 0.1761425 -0.9749596 -0.1357486 -0.0980177 -0.9951847 0 -0.0980177 -0.9951847 0 -0.3826833 -0.9238796 0 -0.3826833 -0.9238796 0 -0.7071061 -0.7071074 0 -0.7071061 -0.7071074 0 -0.9238796 -0.3826833 0 -0.9238796 -0.3826833 0 -0.9951848 -0.09801677 0 -0.9951848 -0.09801677 0 -1 0 0 -1 0 0 -1 0 0 -1 0 0 -1 0 0 -1 0 0 -1 0 0 -0.9951909 -0.0003773175 0.09795366 0.09801774 -0.9951847 0 0.09801774 -0.9951847 0 0.3826832 -0.9238796 0 0.3826832 -0.9238796 0 0.7071062 -0.7071074 0 0.7071062 -0.7071074 0 0.9238797 -0.3826831 0 0.9238797 -0.3826831 0 0.9951848 -0.09801677 0 0.9951848 -0.09801677 0 1 0 0 1 0 0 1 0 0 1 0 0 1 0 0 1 0 0 1 0 0 0.9953972 -0.00340004 0.09577512 0.9994133 -0.01394824 0.0312818 0.9994134 -0.01394218 -0.03127932 0.9775783 -0.09927068 0.1857038 0.9238585 -0.006884693 0.3826722 0.9799926 -0.1755763 0.09374165 0.9794826 -0.1799009 0.09082663 0.9789518 -0.1850397 0.0861031 0.9404921 -0.2572895 0.2219837 0.919586 -0.1000497 0.3799364 0.8825854 6.518055e-05 0.4701521 0.8278988 -0.09876757 0.5521127 0.8498034 -0.3885123 0.3562195 0.7934091 -0.551871 0.2567888 0.7070899 -0.006889741 0.7070901 0.7344566 -0.5862012 0.3419672 0.7036581 -0.09861971 0.7036615 0.766819 -0.3873482 0.5118105 0.6441836 -0.6358783 0.425072 0.5637138 -0.7125045 0.4178087 0.6519859 -0.3870758 0.6519867 0.5521131 -0.09876989 0.8278983 0.3806357 -0.003512284 0.9247184 0.4702102 6.540001e-05 0.8825545 0.3777827 -0.1030691 0.9201397 0.09795393 -0.0003772251 0.9951909 0.5118102 -0.3873501 0.7668182 0.5423744 -0.6416135 0.5423672 0.5313214 -0.7121058 0.4589149 0.5209485 -0.7066956 0.4787421 0.4995872 -0.7071072 0.5004119 0.4580752 -0.7122984 0.5317876 0.4176218 -0.7126255 0.5636993 0.4250737 -0.6358769 0.6441839 0.3340998 -0.585805 0.7383833 0.3515195 -0.3846188 0.8535235 0.2326678 -0.5497915 0.8022437 0.2517749 -0.5230985 0.8142342 0.2262057 -0.2534189 0.940537 0.1887528 -0.1030207 0.9766059 0.09352168 -0.1839999 0.978467 0.09371348 -0.1767105 0.9797914 0.03128184 -0.01394848 0.9994133 -0.09577528 -0.003400036 0.9953972 -0.03128182 -0.01394847 0.9994133 -0.1857053 -0.0992716 0.977578 -0.3826726 -0.006884549 0.9238584 -0.09374244 -0.1755842 0.9799911 -0.09082728 -0.1799023 0.9794823 -0.08610252 -0.1850418 0.9789514 -0.221985 -0.2572916 0.9404912 -0.3799522 -0.1000494 0.9195795 -0.4701795 6.540001e-05 0.8825708 -0.5521117 -0.0987701 0.8278993 -0.3562206 -0.3885152 0.8498016 -0.2567913 -0.5518765 0.7934044 -0.7070898 -0.006889813 0.7070902 -0.3419679 -0.5862044 0.7344537 -0.7036586 -0.09862094 0.7036608 -0.5118096 -0.3873492 0.7668191 -0.4250741 -0.6358772 0.6441834 -0.4177619 -0.712535 0.5637099 -0.6519858 -0.3870756 0.651987 -0.8278982 -0.0987674 0.5521137 -0.9247184 -0.003512603 0.3806357 -0.882555 6.518055e-05 0.4702091 -0.9201404 -0.1030681 0.3777812 -0.7668188 -0.3873482 0.5118107 -0.5423691 -0.6416149 0.5423708 -0.4586324 -0.7121722 0.5314763 -0.5000009 -0.7071051 0.5000015 -0.5314757 -0.7121722 0.4586331 -0.5637101 -0.7125345 0.4177624 -0.6441844 -0.6358775 0.4250721 -0.7383861 -0.5858019 0.334099 -0.8535253 -0.3846158 0.3515186 -0.8022478 -0.5497864 0.2326656 -0.8142382 -0.5230935 0.2517725 -0.9405383 -0.2534163 0.2262032 -0.9766065 -0.1030195 0.1887506 -0.9784676 -0.1839976 0.09352056 -0.979793 -0.1767022 0.09371264 -0.9994133 -0.01394824 0.0312818 -0.9994133 -0.01394503 -0.03128113 -0.9947345 0.007306695 0.1022251 -1 0 0 -1 0 0 -1 0 0 -0.9974795 0 0.0709557 -0.9361398 0 0.351628 -0.9205569 0.02714334 0.3896644 -0.7071068 0 0.7071067 -1 0 0 -0.7021388 0.04866185 0.7103754 -0.9190227 0.0953106 0.3825091 -0.3790497 0.0627451 0.9232467 -0.35163 0 0.9361391 -0.7003053 0.1731333 0.6925296 -0.3778954 0.2248984 0.8981179 -0.09749909 0.06758974 0.9929378 -0.07095697 0 0.9974794 -0.09771389 0.241626 0.9654371 -2.431764e-06 0.2994999 0.9540963 -0.004824353 0.3326086 0.9430526 -0.004733465 0.4079915 0.9129734 -0.00464735 0.1622614 0.9867369 -0.00181217 0.07923078 0.9968547 -1.968568e-05 0.0121425 0.9999263 -0.0002267222 0.0002617951 0.9999999 0 0 1 0 0 1 0 0 1 -0.0992392 0.4177442 0.9031287 -0.0009101111 0.490418 0.8714869 -0.3791898 0.3895017 0.8393471 -0.09845499 0.6241098 0.7751088 0.0001482942 0.6422468 0.7664979 -0.7021293 0.299728 0.6458928 -0.3749784 0.5800192 0.7231659 -0.09515612 0.8793879 0.4664999 -0.1892143 0.7303931 0.6562956 0.0001512829 0.8842778 0.4669613 -0.0003426751 0.9704491 0.2413058 -0.09495856 0.9882104 0.120096 -0.3678488 0.8215551 0.4355851 1.097865e-07 0.9926733 0.1208294 -0.6891481 0.6403551 0.3391464 -0.0948854 0.9882108 -0.1201505 0 0.9925845 -0.1215564 0 0.8835413 -0.4683532 -0.3711613 0.921812 0.1118123 -0.3711609 0.9218122 -0.1118119 -0.09486976 0.879556 -0.4662413 0 0.6417674 -0.7668994 -0.5507859 0.8346465 0 -0.09824923 0.6239236 -0.7752848 -0.5507859 0.8346465 0 -0.0009100417 0.4904173 -0.8714872 -0.6939136 0.7146506 0.0880818 -0.6939144 0.7146498 -0.0880818 -0.3680506 0.8216261 -0.4352807 -0.189587 0.729967 -0.656662 -0.3749407 0.580026 -0.72318 -0.0991016 0.4179138 -0.9030653 -0.004655185 0.4077902 -0.9130638 -0.6891484 0.6403549 -0.3391461 -0.09597275 0.2416652 -0.965602 -0.004732139 0.3320572 -0.9432474 -2.507012e-06 0.2990004 -0.954253 -0.3734894 0.2251626 -0.899893 -0.3792312 0.3897773 -0.8392004 -0.6963557 0.4503052 -0.5588505 -0.5494728 0.2886157 -0.7840795 -0.6969521 0.173622 -0.6957824 -0.8232984 0.4225764 -0.3789577 -0.7021654 0.2998918 -0.6457776 -0.9162857 0.2523944 -0.3109944 -0.9119619 0.3624188 -0.1922969 -0.9164903 0.3968584 -0.0504874 -0.9940876 0.06899199 -0.08384534 -0.9203543 0.1646354 -0.3547439 -0.993515 0.10046 -0.05325244 -0.9942511 0.1061381 -0.01412034 -0.9946761 0.04331141 -0.09350732 -0.9181291 0.09561176 -0.3845742 -0.9804897 0.06791643 -0.1844649 -0.9944307 0.02536212 -0.1022952 -0.6987717 0.04888145 -0.7136727 -0.9196195 0.02729426 -0.391861 -0.3747367 0.06286227 -0.9249977 -0.703472 0 -0.710723 -0.9353063 0 -0.3538392 -0.3470257 0 -0.9378556 -0.9946714 0.007349739 -0.1028336 -0.9974474 0 -0.07140575 -0.09576112 0.06760173 -0.9931061 -0.01558599 0.2233344 -0.9746173 -0.00664871 0.1550081 -0.9878908 -6.609023e-05 0.03706223 -0.999313 -0.06960298 0 -0.9975748 -0.0002267222 0.0002617951 -0.9999999 0 0 -1 0 0 -1 0 0 -1 -0.03128091 -0.01394806 -0.9994133 -0.9942511 0.1061384 0.01412082 -1 0 0 -1 0 0 -0.9805831 0.1961042 0 -0.9805831 0.1961042 0 -0.9164908 0.3968574 0.05048615 -0.9935149 0.1004604 0.05325204 -0.8296412 0.558297 0 -0.8296412 0.558297 0 -0.9119624 0.3624172 0.1922978 -0.9940875 0.06899236 0.083846 -0.8233754 0.4224933 0.378883 -0.6963561 0.450305 0.5588502 -0.916315 0.2523489 0.3109451 -0.9946811 0.04335752 0.09343242 -0.9203152 0.1646612 0.3548331 -0.9944969 0.0252117 0.1016876 -0.09371077 -0.1767054 -0.9797926 -0.191524 -0.1084134 -0.975482 -0.09352038 -0.183995 -0.9784681 -0.2262046 -0.2534155 -0.9405382 -0.09764065 -0.0018318 -0.9952201 -0.3750154 -0.1063929 -0.9208931 0.03128093 -0.01394807 -0.9994133 -0.3778376 -0.007816022 -0.9258389 0.09271797 -0.007576483 -0.9956636 -0.4701784 0.0001552333 -0.8825714 -0.552085 -0.09949295 -0.8278304 -0.7070238 -0.01530246 -0.7070241 -0.3515191 -0.3846177 -0.8535242 -0.2517721 -0.5230931 -0.8142386 -0.2326573 -0.5497843 -0.8022517 -0.3340959 -0.5858013 -0.7383879 -0.5118101 -0.3873487 -0.766819 -0.425072 -0.6358779 -0.644184 -0.417621 -0.7126249 -0.5637007 -0.6519857 -0.3870773 -0.651986 -0.5423744 -0.6416135 -0.5423672 -0.4580742 -0.7122987 -0.5317881 -0.4995872 -0.7071072 -0.5004119 -0.5209482 -0.7066956 -0.4787425 -0.5313218 -0.7121065 -0.4589134 -0.5637154 -0.7125044 -0.4178067 -0.644184 -0.6358777 -0.4250724 -0.7344562 -0.5862018 -0.3419671 -0.7668192 -0.387348 -0.5118104 -0.703659 -0.09862154 -0.7036603 -0.8498038 -0.3885114 -0.3562195 -0.7934082 -0.551872 -0.2567893 -0.8278301 -0.09949204 -0.5520858 -0.9404928 -0.2572885 -0.2219816 -0.9237628 -0.01527763 -0.3826602 -0.9195715 -0.1000496 -0.3799715 -0.8825227 0.0001551234 -0.4702698 -0.9775001 -0.1000309 -0.1857075 -0.9789521 -0.1850391 -0.08610037 -0.9826817 -0.01507481 -0.1846876 -0.9794827 -0.1799004 -0.0908264 -0.9799971 -0.1755508 -0.09374205 0 0 1 0 0 1 0 0 1 0 0 1 0 0 1 0 0 1 0 0 1 0 0 1 0 0 1 0 0 1 0 0 1 0 0 1 0 0.8356756 -0.5492234 0 0.8356756 -0.5492234 0 0.9258102 -0.3779887 0 0.9258102 -0.3779887 0 0.9953083 -0.09675398 0 0.9953083 -0.09675398 0 1 0 0 1 0 0 1 0 0 1 0 0 1 0 0 1 0 0 1 0 0 1 0 0 1 0 0 1 0 0.9992855 0.0373058 -0.006061445 0.9960154 0.08918093 0 0.9970771 0.07548437 0.01180578 0.9994177 -0.01279525 -0.03163213 0.9674236 -0.201146 0.1537265 0.9775754 -0.2093855 0.02245172 0.9342111 -0.3564794 0.01311784 0.7442937 -0.6677567 0.01130602 0.851631 -0.5239149 0.01542141 0.7925181 -0.6098429 -0.002607431 0.704701 -0.7092622 0.01854011 0.3868813 -0.9221194 0.004318157 0.5648763 -0.8248679 0.02253233 0.3770882 -0.9261773 -7.853795e-05 0 0 1 0 0 1 0 0 1 0 0 1 0 0 1 0 0 1 0 0 1 0 0 1 -4.592761e-07 -1 -6.873551e-07 0 -1 0 0 -1 0 3.131586e-08 -1 -4.17294e-08 1.508642e-07 -1 -1.152279e-07 3.557301e-08 -1 6.225275e-09 0 -1 0 0 -1 0 0 -1 0 0 -1 0 0 -1 0 0 -1 0 0.9832369 0.04243074 -0.1773271 0.9821946 0.08488418 -0.1675962 0.9852139 0.03647444 -0.1674013 0.9504135 -0.05411567 -0.3062444 0.9939409 -0.03695817 -0.103516 0.942714 0.03138098 -0.3321229 0.976285 -0.1381537 -0.1666766 0.7992573 -0.04323001 -0.5994322 0.7798557 0.02648159 -0.625399 0.9210268 -0.2379334 -0.3083787 0.9663106 -0.2344736 -0.1061416 0.9301639 -0.3293891 -0.1621664 0.7830801 -0.1744375 -0.5969565 0.5650109 -0.02143437 -0.824805 0.6665082 0.02522715 -0.7450707 0.5384994 0.01403314 -0.842509 0.4132889 0.003559825 -0.910593 0.4086094 0.004576213 -0.9126979 0.4180083 -0.01590531 -0.908304 0.5616085 -0.0901161 -0.822481 0.4180442 -0.03104006 -0.9078962 0.4219039 -0.05425015 -0.905016 0.551502 -0.1588895 -0.8189015 0.4261555 -0.06638929 -0.9022106 0.3954036 -0.06003627 -0.9165433 0.7433658 -0.3063427 -0.5946103 0.5372849 -0.2212584 -0.8138609 0.4384225 -0.09958414 -0.893235 0.4394555 -0.1188843 -0.8903625 0.8548288 -0.417964 -0.3075285 0.8994079 -0.4226121 -0.1116442 0.8481181 -0.50579 -0.1577089 0.6849509 -0.4242092 -0.5923587 0.5199741 -0.2747065 -0.8088036 0.4518506 -0.1289912 -0.8827187 0.4265005 -0.08011511 -0.9009322 0.7563214 -0.5777044 -0.3069782 0.7972777 -0.5920042 -0.1178108 0.7348925 -0.6604416 -0.1541099 0.6123546 -0.5244972 -0.5915442 0.6325573 -0.7109977 -0.3071701 0.6652369 -0.7363762 -0.1233285 0.5959256 -0.7886782 -0.1511928 0.5011321 -0.3183324 -0.8046932 0.5302805 -0.6051266 -0.5938218 0.4922748 -0.8137144 -0.3090865 0.508355 -0.8519685 -0.1253991 0.4354254 -0.8874324 -0.1512235 0.4650397 -0.1538806 -0.8718135 0.4661336 -0.1623922 -0.8696828 0.4821367 -0.3513853 -0.8025413 0.4775703 -0.0967589 -0.8732493 0.4434721 -0.6668807 -0.5988344 0.3402026 -0.8864548 -0.3137834 0.2534975 -0.9522873 -0.1699644 0.4743282 -0.191366 -0.8592973 0.4527551 0.001222393 -0.8916341 0.434175 -0.0006026801 -0.9008284 0.3672452 -0.01774482 -0.9299549 0.3548019 -0.02336218 -0.9346496 0.3613892 -0.008873329 -0.9323728 0.3650869 0.003069754 -0.9309684 0.03967897 0.003289679 0.9992071 -0.5329992 0.4655155 0.7065459 0.2238228 0.0314141 0.9741234 0.09766145 0.05576845 0.9936559 0.000282708 0.0003102707 0.9999999 0.3796751 0.05175549 0.923671 0.5915577 -0.0005801488 0.8062625 0.7031034 0.04016712 0.7099523 0.8623271 0 0.5063516 0.3778235 0.2072415 0.9023859 0.9211811 0.02228295 0.3884955 0.9866277 0 0.1629904 0.7001718 0.1598111 0.6958591 0.9188881 0.08830601 0.3845083 0.9948179 0.005947911 0.1014986 1 0 0 1 0 0 1 0 0 0.9944741 0.02349856 0.1023189 1 0 0 0.994474 0.04580523 0.09446389 0.9188882 0.1721316 0.3549861 0.994474 0.06578709 0.0818141 0.7001715 0.3115127 0.6424326 0.9188884 0.2472214 0.3074503 0.9944741 0.08242987 0.06501261 0.700174 0.4474054 0.5564034 0.9188885 0.3097662 0.244313 0.377823 0.4039678 0.8331025 0.9944739 0.09489179 0.04491324 0.0973767 0.2227863 0.9699918 0.918888 0.3565931 0.1687784 -0.09563392 0.2214799 0.9704642 0.9944738 0.1025381 0.02253363 0.7001726 0.5605966 0.4421423 0.9188876 0.3853247 0.08467876 0.377826 0.5801934 0.7215422 0.7001712 0.6453402 0.3054446 0.3778176 0.7269815 0.5733689 0.09745666 0.4342304 0.8955145 0.09753404 0.623641 0.7756023 0.3778244 0.8368717 0.3960991 0.09739003 0.7815212 0.6162303 0.7001716 0.6973343 0.1532469 0.09753956 0.8995866 0.4257112 0.3778252 0.904298 0.1987293 0.9188892 0.3944981 -0.003718156 0.7001717 0.7139428 -0.006729487 0.994474 0.1049787 -0.0009895046 0.994474 0.1020936 -0.02446213 0.9188885 0.3836579 -0.09192647 0.994474 0.09402762 -0.04669318 0.994474 0.08119029 -0.0665549 1 0 0 0.9188893 0.3533461 -0.1754679 0.7001766 0.6943175 -0.166361 0.3778182 0.9258387 -0.008726279 0.7001716 0.6394679 -0.317554 0.09769597 0.9720178 0.2136281 0.3778224 0.9003929 -0.2157379 0.09774205 0.9951677 -0.009364198 0.9188875 0.3051082 -0.2501095 0.3778237 0.8292578 -0.4118019 0.994474 0.06423292 -0.08303913 0.7001743 0.552162 -0.4526291 0.9188887 0.2413822 -0.3120546 0.994474 0.04401641 -0.09531031 0.9945045 0.02202531 -0.102351 1 0 0 0.9188884 0.1654096 -0.3581672 0.7001717 0.43684 -0.5647392 0.9948506 0.005417466 -0.1012076 1 0 0 1 0 0 0.9866279 0 -0.1629892 0.9190964 0.08281985 -0.3852307 0.9214248 0.02036488 -0.3880226 0.8623286 0 -0.5063491 0.7001716 0.2993485 -0.64819 0.7004555 0.1499168 -0.6977729 0.7034751 0.0367892 -0.7097671 0.5915553 -0.0005801488 -0.8062642 0.3778221 0.3881939 -0.8405688 0.3799476 0.04743579 -0.9237909 0.5204222 0.01163694 -0.8538298 0.37802 0.194412 -0.9051546 0.09768274 0.0511437 -0.9939026 0.2456306 0.00268243 -0.9693598 0.03800146 1.920305e-05 -0.9992777 0.09770259 0.2087531 -0.9730757 0.0002473748 0.000271499 -0.9999999 0.09778348 0.4171253 -0.9035734 -0.09610921 0.05540814 -0.9938274 0.0974809 0.608668 -0.787414 -0.09584758 0.2218161 -0.9703663 0.001004652 0.3146604 -0.9492038 -0.0003891699 0.329702 -0.944085 -0.09608769 0.4319795 -0.8967502 0.0002604398 0.5194395 -0.8545072 -0.001011524 0.531873 -0.8468235 -0.09616248 0.6206184 -0.7781938 -0.373564 0.4024733 -0.8357423 0.3778213 0.5664914 -0.7323514 0.09789015 0.7696606 -0.6309042 0.3778204 0.7160437 -0.5869695 0.09778239 0.8913356 -0.4426732 -0.0956842 0.7784522 -0.6203681 0.001035863 0.8399082 -0.5427274 -1.648503e-05 0.8463957 -0.5325546 -0.09587981 0.8968869 -0.4317417 0.09754125 0.967797 -0.2320661 0.000458366 0.9401714 -0.3407016 -0.0005158661 0.9437914 -0.3305414 -0.09600511 0.9704296 -0.2214712 -0.0008575456 0.9937129 -0.1119548 -0.0959562 0.9953856 2.638064e-05 -0.3735644 0.9043474 -0.2064108 -0.09572242 0.9704163 0.2216515 0.0004752375 0.9462497 0.3234368 -0.3735683 0.9276027 -3.983896e-07 -0.0001648466 0.943972 0.3300255 -0.09580421 0.8967998 0.4319394 0.0001363719 0.8497801 0.5271374 -0.0003807867 0.8467607 0.5319738 -0.09579751 0.7782205 0.6206413 -0.09563505 0.6205544 0.7783098 0.000319225 0.5348467 0.844949 2.959816e-05 0.5321728 0.8466357 -0.09565595 0.4318524 0.8968576 0.0001326513 0.3321168 0.9432383 -4.625264e-05 0.3303241 0.9438676 -0.3735656 0.4024725 0.8357419 -0.3735642 0.2064109 0.9043475 -0.3735664 0.5783513 0.7252295 -0.6968325 0.159599 0.6992515 -0.373563 0.7252306 0.5783522 -0.6968345 0.3111955 0.6462036 -0.6968334 0.447188 0.5607549 -0.3735623 0.8357427 0.402474 -0.6968321 0.5607562 0.4471885 -0.373564 0.9043474 0.2064115 -0.6968336 0.6462045 0.3111957 -0.6968373 0.6992471 0.1595975 -0.6968347 0.7172317 3.159577e-07 -0.917962 0.3573858 0.1721079 -0.9179624 0.3867222 0.08826651 -0.9179615 0.3101286 0.2473195 -0.917962 0.2473186 0.3101277 -0.9944122 0.08253556 0.06581983 -0.9179613 0.1721087 0.3573873 -0.9944121 0.06582022 0.08253593 -0.9944122 0.04580379 0.09511256 -0.9179617 0.08826722 0.3867236 -0.9944122 0.02349085 0.1029199 -1 0 0 -0.9947581 0.005944861 0.1020829 -0.9202567 0.02173295 0.3907113 -0.6996921 0.04010597 0.713318 -0.375396 0.05106399 0.9254568 -0.09602088 0.0552875 0.9938427 -0.2842611 0.00196759 0.9587449 -0.5503377 -0.0005892693 0.8349419 -0.09700368 0.0004883519 0.9952839 -0.3407645 -0.0006644557 0.9401484 -0.0118711 5.182698e-06 0.9999295 -0.6287324 0.001670431 0.7776199 -0.8296446 -0.0004942248 0.5582917 -0.8426501 -7.223941e-05 0.5384616 -0.9804841 -0.0004644235 0.1965979 0 0 1 -0.8738489 -0.0006980298 0.4861972 0 0 1 -0.989118 0.0009267072 0.1471218 0 0 1 0.06960471 0 0.9975747 -1 0 0 -1 0 0 0.09570746 0.06309828 0.9934076 6.930009e-05 0.0409037 0.9991631 0.3470284 0 0.9378546 0.0001391708 0.1850886 0.9827218 0.3750184 0.05866156 0.9251594 0.7034727 0 0.7107223 0.0976994 0.2363895 0.9667341 0.008723945 0.3265602 0.9451362 0.00778665 0.3997088 0.9166091 0.3733587 0.2214553 0.9008667 0.1018769 0.4365401 0.8938981 0.007028682 0.4845241 0.8747497 0.0144132 0.5261439 0.8502734 -0.003300326 0.5685921 0.822613 0.09624391 0.6087135 0.7875309 -0.0102363 0.7698651 0.6381246 0.3783999 0.4069585 0.8313834 0.5487378 0.2897761 0.7841662 0.6967354 0.1709493 0.6966607 0.6991532 0.04557028 0.7135182 0.3783638 0.5639955 0.7339958 0.9198662 0.02539148 0.3914096 0.9353057 0 0.3538406 0.9179443 0.09435232 0.3853257 0.7009741 0.3135208 0.6405779 0.7009501 0.4345534 0.5655372 0.9944007 0.02511988 0.1026465 0.9194863 0.1727492 0.3531327 0.9804354 0.06824268 0.1846328 0.9194549 0.2395713 0.3117825 0.9945526 0.04574435 0.09366219 0.9945567 0.06348655 0.08262263 1 0 0 0.9942892 0.08350963 0.06644709 0.9175908 0.3105436 0.2481728 0.994037 0.1021415 0.03817829 0.6983111 0.5585185 0.4476814 0.9159424 0.3759094 0.1405047 0.3764933 0.722432 0.5799524 0.6961972 0.6724155 0.2513301 0.09711331 0.7761777 0.6229906 0.3750827 0.868319 0.3245538 0.0969542 0.9322944 0.3484638 0 0.9367077 0.3501124 0.7002378 0.7110342 0.06401134 0.09710618 0.9913399 0.0884054 0 0.9960045 0.08930331 0.37776 0.9222528 0.08214087 0.09540785 0.9915525 -0.08786871 -0.0001056746 0.9960113 -0.08922676 0.195221 0.9807593 6.79193e-05 0.3733734 0.9240723 -0.08174735 0.09529005 0.9328202 -0.3475144 -0.0001065867 0.9366796 -0.3501875 0.3708404 0.8702699 -0.3242033 0.0002462789 0.8599822 -0.510324 0.0954334 0.7766136 -0.6227068 -0.01023634 0.7698648 -0.6381249 0.3721551 0.7242019 -0.5805447 0.09613746 0.6086008 -0.7876311 -0.003300081 0.568589 -0.8226152 0.01441324 0.5261429 -0.850274 0.007028939 0.4845227 -0.8747504 0.1019818 0.436401 -0.8939541 0.007787172 0.3997111 -0.9166081 0.3783989 0.5637812 -0.7341423 0.5489027 0.5735113 -0.6081041 0.6949011 0.5615074 -0.449246 0.3783618 0.4067314 -0.8315118 0.09912429 0.2367654 -0.966497 0.008724374 0.3265598 -0.9451363 0 0.1852554 -0.9826904 8.768021e-06 0.04070386 -0.9991713 0.3785594 0.2211281 -0.8987742 0.09575707 0.06306184 -0.9934051 0.7005205 0.170412 -0.6929869 0.7009484 0.3133838 -0.6406731 0.3751275 0.05888249 -0.9251012 0.1936104 0.1273212 -0.9727817 0.5512418 0.1065666 -0.8275119 0.3480479 0 -0.9374767 0.06960298 0 -0.9975748 0.5527441 -4.36309e-05 -0.8333511 0 0 -1 0 0 -1 0 0 -1 -0.03345984 5.731818e-05 -0.9994401 0.6989211 0.04602867 -0.7137161 0.7054398 -4.693901e-05 -0.7087699 0.8289933 0.0713402 -0.5546897 0.9197561 0.02560824 -0.3916541 0.9356923 0 -0.352817 0.9190522 0.09400923 -0.3827602 0.9947043 0.006814945 -0.1025517 0.9974473 0 -0.07140659 0.994449 0.02483045 -0.1022476 0.9194554 0.1727687 -0.3532036 0.9945782 0.1035235 0.009849392 1 0 0 1 0 0 0.9945179 0.1041016 -0.009852285 0.9193343 0.3918219 0.03605731 0.9945567 0.04578387 -0.09359933 0.9184658 0.3938544 -0.03604675 0.8313262 0.5557848 4.504692e-05 0.9194855 0.2395164 -0.3117345 0.6969751 0.7142406 -0.06392216 0.5554143 0.8315738 8.948331e-05 0.6927949 0.6757586 -0.2517649 0.9149562 0.3781527 -0.14091 0.9939653 0.1027878 -0.03831016 0.9166409 0.3125049 -0.2492189 0.9942167 0.08407677 -0.06681576 0.7009765 0.4344072 -0.5656168 0.980419 0.1351004 -0.1432705 0.9945525 0.06356083 -0.082616 0.9947042 0.006815853 0.1025531 0.9974473 0 0.07140716 1 0 0 1 0 0 1 0 0 0.9797975 -0.1766767 -0.09371303 0.975486 -0.1083893 -0.1915172 0.9784676 -0.1839976 -0.09352047 0.9809047 -0.003636154 -0.1944552 0.940538 -0.2534167 -0.2262039 0.9208834 -0.1063789 -0.375043 0.9258134 -0.00781585 -0.3779001 0.882553 0.0001551234 -0.4702128 0.8278303 -0.09949234 -0.5520853 0.7070239 -0.0153023 -0.707024 0.8535247 -0.3846167 -0.351519 0.8142373 -0.5230946 -0.251773 0.802247 -0.5497874 -0.232666 0.7383851 -0.5858029 -0.3340994 0.7668192 -0.3873485 -0.51181 0.6441839 -0.6358781 -0.425072 0.5637153 -0.7125041 -0.4178072 0.6519858 -0.3870767 -0.6519863 0.542373 -0.6416132 -0.5423689 0.5313978 -0.7121445 -0.4587664 0.4997978 -0.7071057 -0.5002037 0.4582233 -0.7122589 -0.5317129 0.4176211 -0.7126247 -0.5637008 0.425072 -0.6358782 -0.6441837 0.3419678 -0.5862003 -0.7344571 0.5118105 -0.3873486 -0.7668188 0.7036594 -0.09862099 -0.70366 0.3562196 -0.3885126 -0.8498033 0.256788 -0.5518693 -0.7934105 0.5520851 -0.09949315 -0.8278304 0.2219817 -0.2572872 -0.9404932 0.3826324 -0.01528304 -0.9237742 0.3799399 -0.1000519 -0.9195843 0.4702091 0.0001552333 -0.882555 0.1857064 -0.100033 -0.9775001 0.08609895 -0.1850363 -0.9789528 0.09082494 -0.1798973 -0.9794834 0.09373986 -0.1755794 -0.9799922 -0.8589819 -0.2889807 -0.4226585 -0.8679938 -0.2484678 -0.4299425 -0.8929402 -0.3140049 -0.3225815 -0.9155101 -0.2506803 -0.3146438 -0.946278 -0.2981856 -0.125073 -0.9618969 -0.1820324 -0.204006 -0.7848377 -0.1864905 -0.5909746 -0.7751097 -0.2487116 -0.5808163 -0.6842149 -0.2034216 -0.7003354 -0.9491467 -0.03785618 -0.3125499 -0.9871383 -0.04350149 -0.1538364 -0.9872441 0.05347023 -0.1499666 -0.974664 0.1279425 -0.1834688 -0.5653028 -0.1035673 -0.818356 -0.5594082 -0.1395394 -0.8170626 -0.4449915 -0.08982057 -0.891019 -0.806881 -0.02819909 -0.5900405 -0.428995 -0.06094714 -0.9012484 -0.4066488 -0.05585332 -0.9118756 -0.4284299 -0.03346844 -0.902955 -0.3968079 -0.011982 -0.9178235 -0.450762 0.002268477 -0.8926413 -0.376752 -0.02717058 -0.9259156 -0.5743955 -0.0148168 -0.8184438 -0.4166458 0.004788654 -0.9090563 -0.3920574 0.01834173 -0.9197579 -0.5716501 0.07754894 -0.8168245 -0.417422 0.03814248 -0.9079119 -0.3438497 0.02085884 -0.938793 -0.4300393 0.06326672 -0.9005907 -0.349444 0.01831017 -0.9367783 -0.5582439 0.1651325 -0.8130775 -0.4280782 0.07189881 -0.9008771 -0.4343722 0.09948594 -0.8952225 -0.4119209 0.07463677 -0.9081578 -0.5381487 0.2421403 -0.807319 -0.4449388 0.1097252 -0.8888137 -0.4069132 0.002884429 -0.9134623 -0.4675826 0.09191252 -0.8791579 -0.4723609 -0.0003805577 -0.8814052 -0.5158298 0.1006844 -0.850754 -0.664396 0.003985403 -0.7473701 -0.5135888 0.3050644 -0.801974 -0.4604423 0.1453468 -0.8757095 -0.4590525 0.1539442 -0.8749697 -0.6702089 0.09859555 -0.7355943 -0.8975283 0 -0.4409569 -0.4889888 0.3530742 -0.7976393 -0.4724796 0.1720822 -0.8643788 -0.4725598 0.1950587 -0.8594413 -0.48957 0.3902966 -0.779737 -0.6211168 0.3882127 -0.6808118 -0.8930813 0.09942441 -0.4387716 -0.9934901 0 -0.1139186 -0.8253085 0.3930056 -0.405478 -0.9886075 0.09807058 -0.114181 -0.9164796 0.3856572 -0.1064594 -0.9922201 0.09725761 -0.07771865 -0.9945418 -0.0102746 -0.1038314 -0.6975019 0.7120478 -0.08049216 -0.9472775 0.09815544 -0.3050096 -0.9011967 -0.02381644 -0.4327555 -0.9228295 0.3783913 -0.07215031 -0.8908999 0.01545954 -0.4539365 -0.8042324 0.0991802 -0.5859808 -0.620975 -0.02034686 -0.7835662 -0.8812768 0.3759764 -0.2863441 -0.7070867 0.007722935 -0.7070846 -0.5827056 0.09627323 -0.8069607 -0.7496586 0.3759765 -0.5446592 -0.5446592 0.375977 -0.7496584 -0.3112041 0.0964164 -0.9454395 -0.2257575 -0.0216068 -0.9739439 -0.2863438 0.3759776 -0.8812764 -0.1564201 0.01287984 -0.9876066 -2.647576e-07 0.09952284 -0.9950353 0.2257575 -0.0216068 -0.9739439 8.903432e-08 0.375977 -0.926629 0.1564201 0.01287984 -0.9876066 0.3112045 0.0964163 -0.9454394 0.620975 -0.0203469 -0.7835663 0.2863436 0.3759778 -0.8812764 4.858505e-07 0.6975002 -0.7165846 0.2214355 0.6975027 -0.6815103 0.5446591 0.3759769 -0.7496584 -0.2214363 0.6975028 -0.6815099 0.5827055 0.09627334 -0.8069608 0.7070869 0.007722935 -0.7070845 0.8042326 0.09918052 -0.5859805 0.9011967 -0.02381648 -0.4327555 0.8909 0.01545954 -0.4539363 0.9472775 0.09815502 -0.3050096 0.9945418 -0.0102746 -0.1038314 0.7496585 0.3759766 -0.5446592 0.9922201 0.09725757 -0.0777186 0.99349 0 -0.1139191 0.881277 0.3759761 -0.286344 0.9228295 0.3783914 -0.07215027 0.9886075 0.09807059 -0.1141815 0.8975282 0 -0.440957 0.7106932 0.7012627 -0.05608701 0.893081 0.09942362 -0.4387725 0.6643965 0.003985288 -0.7473696 0.9164796 0.3856573 -0.1064598 0.8253078 0.3930065 -0.4054786 0.6702101 0.09859505 -0.7355932 0.6211179 0.3882128 -0.6808108 0.5182734 0.1025985 -0.8490384 0.4507513 0.002258365 -0.8926467 0.4895696 0.3902965 -0.7797373 0.4730747 -0.0002636397 -0.8810223 0.4652125 0.09521485 -0.8800633 0.4758559 0.1916687 -0.8583847 0.4039833 0.003264607 -0.9147605 0.4872466 0.3518601 -0.7992404 0.4721716 0.172349 -0.864494 0.4591201 0.1521208 -0.8752531 0.4100358 0.0731202 -0.9091337 0.5133684 0.3047121 -0.802249 0.4608576 0.145035 -0.8755428 0.3477817 0.01908042 -0.9373814 0.343907 0.02081376 -0.938773 0.3928588 0.01654493 -0.91945 0.5378134 0.2418889 -0.8076178 0.4464678 0.1085799 -0.8881874 0.4329907 0.09595073 -0.896277 0.3775425 -0.02942389 -0.9255247 0.4046695 -0.05613096 -0.9127387 0.3982023 -0.01541157 -0.9171681 0.4419977 -0.08741127 -0.8927471 0.4292384 -0.06508154 -0.9008434 0.5679751 -0.1036638 -0.8164914 0.4249405 -0.03652899 -0.904484 0.5140031 -0.1217902 -0.8490983 0.676394 -0.165999 -0.7175901 0.722041 -0.2205164 -0.6557662 0.5744328 -0.01464916 -0.8184207 0.4147704 0.0009031337 -0.9099257 0.7815214 -0.1879411 -0.594897 0.821427 -0.2571847 -0.5090322 0.867714 -0.2894492 -0.4040934 0.8068801 -0.02819948 -0.5900418 0.5711601 0.07744854 -0.8171767 0.4160858 0.03589219 -0.9086167 0.4301151 0.06251079 -0.9006073 0.9140917 -0.2560677 -0.3144292 0.8899478 -0.3212964 -0.323669 0.9357231 -0.3269326 -0.132429 0.958642 -0.1891504 -0.2126681 0.9494057 -0.03901174 -0.3116196 0.9702491 -0.1504366 -0.1896984 0.9810027 -0.1315718 -0.1425574 0.9875482 -0.02538302 -0.1552554 0.9742823 0.1341811 -0.1810233 0.7945969 0.1471532 -0.5890345 0.9283589 0.201352 -0.3124212 0.9613913 0.2496995 -0.1156585 0.9238002 0.3285061 -0.1966643 0.5582708 0.1654865 -0.8129871 0.4298369 0.07132484 -0.900085 0.7471381 0.3136091 -0.5860324 0.6705445 0.4584486 -0.5832623 0.8503467 0.4269561 -0.3076018 0.8996844 0.4210746 -0.1151702 0.8436192 0.5104642 -0.1665321 0.7209166 0.6227776 -0.3040186 0.7530814 0.6385859 -0.1583556 0.6704732 0.7294399 -0.1355843 0.6207634 0.763212 -0.1793328 0.5732439 0.5752322 -0.5835233 0.5589842 0.7705933 -0.3061416 0.5233998 0.8441311 -0.1161696 0.4600535 0.8700055 -0.1773168 0.4639654 0.6618155 -0.5888432 0.3737877 0.8742202 -0.3098737 0.3647386 0.9232677 -0.1205922 0.2862532 0.9446565 -0.1602595 0.3909884 0.7126284 -0.5824851 0.1901241 0.9715172 -0.1414468 0.1458783 0.975712 -0.1634188 0.2369809 0.9270991 -0.2903915 0.4707333 0.715254 -0.5165481 0.2470856 0.9299186 -0.2723971 0.6214633 0.7214972 -0.3053281 0.0595364 0.9960213 -0.06630976 0.3213104 0.9337235 -0.1578608 0.6975021 0.7120477 -0.08049212 0.07527554 0.9964767 -0.03698319 0.3700061 0.9280925 -0.0417118 0.3906641 0.9199964 -0.03143639 -0.07527554 0.9964767 -0.0369832 0.09093725 0.9958089 -0.009750138 0.1028548 0.9946599 -0.008524077 0.6815108 0.6975018 -0.2214366 0.3795467 0.9169166 -0.1233221 0.5797274 0.6975024 -0.4211967 0.1024328 0.994183 -0.03328249 0.4211975 0.697501 -0.5797284 0.3228618 0.9169165 -0.2345728 0.08713441 0.994183 -0.06330683 0.2345729 0.9169163 -0.3228621 -0.1028549 0.9946598 -0.00852406 0.06330697 0.994183 -0.08713459 0.1233221 0.9169166 -0.3795467 -2.675794e-08 0.9169166 -0.3990789 0.03328244 0.994183 -0.1024329 -2.506771e-08 0.994183 -0.1077042 -0.1233222 0.9169165 -0.3795468 -0.4211969 0.6975011 -0.5797287 -0.0332824 0.994183 -0.1024329 -0.2345731 0.9169162 -0.3228624 -0.5797274 0.6975025 -0.4211963 -0.06330694 0.994183 -0.08713454 -0.3228619 0.9169165 -0.2345729 -0.6815111 0.6975014 -0.221437 -0.08713448 0.994183 -0.06330682 -0.3795467 0.9169165 -0.1233221 -0.7106929 0.701263 -0.05608696 -0.1024329 0.994183 -0.03328255 -0.3906639 0.9199964 -0.03143635 -0.09093735 0.9958089 -0.009750153 -0.3700058 0.9280926 -0.04171189 -0.6214636 0.7214968 -0.3053283 -0.3213102 0.9337235 -0.1578609 -0.4707336 0.7152539 -0.5165479 -0.2470858 0.9299185 -0.272397 -0.05953646 0.9960213 -0.06630974 -0.3909884 0.7126286 -0.5824849 -0.2369807 0.9270993 -0.2903913 -0.2581894 0.9511679 -0.1691682 -0.1878141 0.9728074 -0.1355417 -0.3748656 0.874793 -0.3069412 -0.3323235 0.9368574 -0.1089005 -0.4456434 0.8776614 -0.1763873 -0.4639654 0.6618157 -0.588843 -0.55755 0.7736139 -0.3010974 -0.5089525 0.8541866 -0.1064544 -0.6172669 0.766653 -0.1767053 -0.573244 0.575232 -0.5835233 -0.719856 0.623467 -0.3051167 -0.6694436 0.7301292 -0.1369545 -0.7476371 0.6453747 -0.1566216 -0.8330834 0.5242098 -0.1765677 -0.6705449 0.4584489 -0.5832616 -0.8517297 0.42604 -0.3050352 -0.8925169 0.4394612 -0.1014266 -0.9221541 0.3348367 -0.1936911 -0.7471384 0.3136093 -0.5860319 -0.929511 0.2036383 -0.3074747 -0.9624814 0.2516944 -0.1013873 -0.7945968 0.1471532 -0.5890347 -0.9944121 0.09511337 0.04580409 -0.9944121 0.1029209 0.02349105 -0.9179605 0.3966718 5.271433e-07 -0.9944122 0.1055671 -7.100964e-08 -0.6968365 0.6992476 -0.1595986 -0.9179625 0.3867218 -0.08826707 -0.3735647 0.8357421 -0.4024731 -0.6968335 0.6462046 -0.3111955 -0.3735657 0.7252298 -0.5783515 -0.9179619 0.3573859 -0.172108 -0.3735667 0.5783509 -0.7252297 -0.6968323 0.5607564 -0.4471879 -0.9944121 0.102921 -0.02349101 -0.9944121 0.09511335 -0.04580397 -0.9179611 0.3101296 -0.2473198 -0.9944122 0.08253574 -0.06582014 -0.6968324 0.4471887 -0.5607557 -0.9179622 0.2473181 -0.3101278 -0.9944122 0.06582 -0.08253556 -0.9944122 0.04580354 -0.09511217 -1 0 0 -0.9179614 0.1721087 -0.357387 -0.6968333 0.3111957 -0.6462048 -0.9179617 0.0882671 -0.3867238 -0.373568 0.2064109 -0.9043459 -0.6968338 0.159599 -0.6992502 -0.3754809 0.05175533 -0.9253839 -0.2246466 0.0002849982 -0.9744403 -0.4099752 -8.612518e-05 -0.9120967 -0.4394932 0.0002463653 -0.8982459 -0.626889 0.001664931 -0.7791068 -0.6999058 0.03982563 -0.7131239 -0.8415048 -0.0001826435 -0.5402496 -0.9202014 0.02198601 -0.3908273 -0.8729936 -0.0008037532 -0.4877311 -0.9891163 0.0009315136 -0.1471326 -0.9944122 0.02349091 -0.1029204 -0.9947582 0.005944816 -0.1020822 -1 0 0 -1 0 0 1 0 0 1 0 0 1 0 0 1 -2.923404e-10 4.380812e-08 1 0 0 1 0 0 1 0 0 1 -1.166912e-07 2.076685e-07 1 -2.832699e-09 9.394365e-08 1 5.309932e-08 2.310685e-08 1 4.025968e-08 3.204446e-08 1 3.934216e-08 3.33829e-08 1 1.659347e-08 2.70221e-08 1 4.47717e-09 4.275472e-08 1 0 0 1 0 0 1 0 0 1 0 0 1 -6.765581e-09 5.063532e-08 1 -7.408173e-09 5.174014e-08 1 -9.319384e-09 5.655466e-08 1 9.700444e-09 5.23851e-08 1 2.435845e-08 5.122295e-08 1 4.328231e-08 4.699444e-08 1 6.583289e-08 3.823409e-08 1 -6.596008e-09 9.523739e-08 1 -2.756221e-07 2.756221e-07 1 0 0 1 0 0 1 0 0 -2.396995e-06 0.569348 0.8220966 -3.157351e-06 0.569348 0.8220966 8.874498e-08 0.5693481 0.8220965 3.132985e-07 0.5693481 0.8220966 8.079502e-07 0.5693478 0.8220967 -7.751752e-08 0.5693484 0.8220963 -2.125419e-05 0.5693494 0.8220957 -8.028706e-06 0.5693508 0.8220947 -6.744048e-05 0.5693298 0.8221092 -1.135972e-05 0.5693472 0.8220971 1.102986e-05 0.5693558 0.8220912 3.206189e-05 0.5693597 0.8220885 -8.67884e-07 0.5693465 0.8220977 3.807455e-05 0.5693748 0.822078 0.0001362846 0.5694121 0.8220522 6.664791e-06 0.5693557 0.8220913 -0.007003259 0.5662281 0.8242188 -0.007045838 0.566209 0.8242316 1.217535e-05 -0.9639048 0.266247 -1.500216e-05 -0.9639099 0.2662288 1.694875e-05 -0.9639035 0.2662517 6.225276e-06 -0.9639053 0.2662454 4.474005e-07 -0.9639065 0.266241 -0.1110288 -0.9585284 0.2624802 0.008698014 -0.9638845 0.2661786 -0.04484392 -0.9629348 0.2659803 -0.2368624 -0.9437152 0.2308634 -0.3241177 -0.917309 0.231283 -0.2303812 -0.9373971 0.2611726 -0.4571902 -0.8572539 0.2368392 -0.0956855 -0.9804282 0.1720605 -0.4558014 -0.868946 0.1928155 -0.001936067 -0.981024 0.1938766 -0.6850158 -0.7071468 0.175205 -0.768696 -0.6219704 0.1491953 0.0002594722 -0.999302 0.0373568 -0.0008089744 -0.9996913 -0.02483188 0.0005728552 -0.9925593 -0.1217613 -0.04620901 -0.9777885 -0.2044366 -0.0001344479 -0.9661685 -0.2579116 -0.001260573 -0.9227404 -0.38542 -0.003075868 -0.872929 -0.4878375 -0.002061765 -0.7483095 -0.6633466 -8.18092e-05 -0.9110514 -0.4122927 -0.07908177 -0.7846785 -0.6148379 0.0001021083 -0.4440225 -0.8960156 -0.000121997 -0.6309518 -0.775822 -0.09531436 -0.4347211 -0.895507 -0.1799977 -0.9666197 -0.182338 5.992617e-05 -0.1147255 -0.9933972 -0.31051 -0.7653882 -0.563706 -0.3324399 -0.9393956 -0.08378324 -0.4339555 -0.8986864 0.063603 -0.573462 -0.7184326 -0.3936951 -0.7485932 -0.6482025 -0.1394333 -0.6461706 -0.7339158 0.2093588 -0.850374 -0.508444 0.1354577 -0.7996234 -0.5939346 0.08856682 -0.9206993 -0.3774871 0.09907735 -0.9158744 -0.3879098 0.1034408 -0.9614374 -0.2648371 0.07415802 -0.9663283 -0.25619 -0.02400626 -0.9003054 -0.3106243 -0.304898 -0.9991734 -0.03628244 0.01833329 -0.9995352 -0.02658386 0.01492164 -0.9946996 -0.04244557 -0.09365429 -0.9998568 0.01692108 -0.0001768656 -0.9998668 0.01548904 0.00514658 -0.9999052 -0.01322333 0.003835774 -0.9998064 0.01448408 0.01331809 -0.9975129 -0.04705003 0.05248166 -0.9179291 -0.06889613 -0.3907166 -0.9819384 0.009303576 -0.1889722 -0.9868629 0.0158332 -0.160782 -0.824584 -0.1649069 -0.5411719 -0.9526875 0.02218784 -0.3031406 -0.9864435 0.02566047 -0.1620828 -0.6908409 -0.3753174 -0.6179609 -0.7008168 -0.09185413 -0.7074027 -0.3742425 -0.4188459 -0.8273516 -0.1943972 -0.2203743 -0.9558477 -0.09836343 -0.1108563 -0.9889568 -0.3779796 -0.1098258 -0.9192767 -0.07634503 7.934053e-05 -0.9970815 3.889688e-08 -7.661078e-08 -1 8.407067e-15 -1.01554e-07 -1 -0.1631568 -0.003026721 -0.9865955 -0.189456 -0.009172169 -0.9818464 -0.3040294 0.005848396 -0.9526447 -0.3115478 0.00537677 -0.9502153 -0.165418 0.003546064 -0.9862172 -0.5868821 0.01934191 -0.8094414 -0.5557633 -0.01800949 -0.8311455 -0.5868706 0.009401442 -0.8096262 -0.3100881 -0.004919988 -0.9506951 -0.1634548 -0.004024848 -0.9865426 -0.07631764 -0.002317596 -0.9970809 -0.586625 -0.008085183 -0.8098183 -0.3072278 -0.007432514 -0.951607 -0.1506232 -0.004308769 -0.9885818 -0.08476239 -0.001186014 -0.9964005 -0.8084711 0.01294747 -0.5883934 -0.5881493 -0.01347197 -0.8086402 -0.8093059 0.02506604 -0.5868523 -0.8315147 -0.01168702 -0.5553797 -0.9311883 0.01206818 -0.3643387 -0.9604901 0.009099262 -0.2781653 -0.9708981 0.006377166 -0.2394079 -0.8083565 -0.01114669 -0.5885878 -0.9393696 -0.005134766 -0.3428679 -0.9909877 -0.02648397 -0.1313084 -0.8090814 -0.01853676 -0.5874042 -0.9518945 -0.02599111 -0.3053216 -0.9889799 -0.0321959 -0.1445064 -0.9943551 -0.01688803 -0.1047504 -0.5899234 0.01162937 -0.8073755 -0.8099221 0.01549333 -0.5863327 -0.9629162 0.01118151 -0.2695689 -0.5608598 0.02243706 -0.8276067 -0.7048208 0.02842149 -0.7088159 -0.8328886 0.0389242 -0.5520701 -0.9225438 0.04169241 -0.3836334 -0.9785691 0.05451769 -0.1985705 -0.3811902 0.01965035 -0.9242878 -0.9703175 0.04622912 -0.2373749 -0.9926588 0.07307157 -0.09637986 -0.9984503 0.002621322 -0.05558976 -0.2043814 -0.0004036165 -0.9788912 -0.3095118 0.005818249 -0.9508778 -0.1476603 0.001828121 -0.9890364 -0.09530665 0.00613007 -0.9954291 -0.09706899 0.00598861 -0.9952596 1.054264e-08 0.06181477 -0.9980876 0 0.1238702 -0.9922984 0 0.476578 -0.8791322 0 0.476578 -0.8791322 0 0.8379515 -0.5457447 0 0.8379515 -0.5457447 0 0.9967601 -0.08043239 0 0.9967601 -0.08043239 0 0.9146154 0.404325 0 0.9146154 0.404325 0 0.750927 0.6603852 0 0.750927 0.6603852 0 0.8002493 0.5996674 0 0.8002494 0.5996674 0 0.931174 0.3645751 0 0.931174 0.3645751 0 0.9946727 0.1030831 0 0.9946727 0.1030831 0 0.986147 -0.1658735 0 0.986147 -0.1658735 0 0.9062147 -0.4228179 0 0.9062147 -0.4228179 0 0.8521703 -0.5232645 0 0.8521703 -0.5232645 -0.01164847 0.9344686 -0.3558549 0 0.9289389 -0.3702331 -0.01354876 0.9894526 -0.1442217 -0.01607353 0.9969635 -0.07619323 -0.002529286 0.9991198 -0.04187191 0 0.9999805 -0.006245533 0 1 0 0 1 0 0 1 0 0 1 0 0 1 0 0 1 0 0.09801673 0.9951848 0 0.09801673 0.9951848 0 0.3826838 0.9238794 0 0.3826838 0.9238794 0 0.7071074 0.7071062 0 0.7071074 0.7071062 0 0.9238792 0.3826843 0 0.9238792 0.3826843 0 0.9951846 0.09801805 0 0.9951846 0.09801805 0 1 0 0 1 0 0 1 0 0 1 0 0 1 0 0 0.7086504 -0.2315086 0.6664971 0.7323177 -0.1956997 0.6522365 0.7242097 -0.204437 0.6585786 0.7077438 -0.2308079 0.6677024 0.7060772 -0.2526273 0.6615395 0.6299526 -0.2089886 0.7479863 0.6357282 -0.2303506 0.7367417 0.7030371 -0.2705115 0.6576947 0.3609858 -0.1607694 0.918609 0.528775 -0.1657403 0.8324225 0.6325475 -0.2511963 0.7326555 0.4016773 -0.1091979 0.9092476 0.5895694 -0.1580661 0.7921004 0.5811909 -0.1548946 0.7988897 0.3048647 -0.07293141 0.9495992 0.2542861 -0.06232503 0.9651187 0.2009947 -0.04748422 0.9784408 0.02025043 -0.004996218 0.9997825 0.1984177 -0.05709131 0.9784534 0.0835544 -0.1001994 0.9914528 0.1346728 -0.1836488 0.9737229 0.350759 -0.2224607 0.9096589 0.08513577 -0.3042903 0.9487672 0.3756772 -0.3277529 0.8668591 0.6301296 -0.2844706 0.7225048 0.6943226 -0.2827966 0.661772 0.6847245 -0.2915859 0.6679297 0.6852821 -0.2939397 0.6663241 0.3809869 -0.4034259 0.8319234 0.6378354 -0.3419405 0.6901033 0.6960101 -0.2979545 0.653294 0.7004136 -0.2999631 0.6476441 0.7036303 -0.3018736 0.6432548 0.7054949 -0.3122945 0.6361989 0.706755 -0.3272098 0.6272409 0.7027051 -0.3163847 0.6372647 0.7716627 -0.2969396 0.5624621 0.7500229 -0.2940178 0.5924688 0.8938981 -0.2104174 0.3958165 0.9718459 -0.1212654 0.2020154 0.6333225 -0.3847863 0.6714477 0.9225157 -0.1812483 0.3407548 0.9903292 -0.06079387 0.1247083 0.7730105 -0.3336316 0.5395782 0.9950131 -0.04698514 0.08798495 1 2.633838e-08 2.479107e-08 0.922318 -0.2032383 0.3286697 0.9949669 -0.05270101 0.08522606 0.7729262 -0.371121 0.51464 0.9223199 -0.226038 0.3134213 0.9949665 -0.05861585 0.08127636 0.6333215 -0.4252232 0.646598 0.7031791 -0.4082617 0.5821181 0.633337 -0.4639355 0.6193933 0.3813611 -0.5075773 0.7726118 0.772633 -0.4070989 0.4871435 0.9223175 -0.2477044 0.2966024 0.9949664 -0.06423407 0.07691441 0.772548 -0.4404239 0.4573799 0.9223173 -0.2681201 0.2782848 0.9949669 -0.0695252 0.07216085 0.6335282 -0.5005991 0.5899513 0.9223166 -0.2871858 0.258566 0.3813592 -0.5974624 0.7054104 0.9949668 -0.07446902 0.06704764 0.7731433 -0.4711568 0.4245712 0.9949935 -0.0785566 0.06177995 0.9225091 -0.3034052 0.2385837 0.9950269 -0.08167914 0.05700836 1 0 0 1 0 0 1 0 0 0.9977803 -0.05558586 0.03666958 0.980973 -0.1620434 0.1069295 0.9228232 -0.315706 0.220742 0.9496158 -0.2614303 0.1728701 0.8029208 -0.4969125 0.3292357 0.7730671 -0.5194681 0.3640332 0.7142411 -0.5831434 0.3870446 0.7110521 -0.5843019 0.3911473 0.7086463 -0.5729402 0.4117766 0.7731193 -0.4990169 0.3914956 0.6773365 -0.5834176 0.4481508 0.7043042 -0.5565109 0.4407394 0.6339168 -0.5940667 0.4952113 0.5451212 -0.6573772 0.5202865 0.6335692 -0.5663719 0.5270796 0.3822712 -0.7091912 0.5923822 0.4565455 -0.6970096 0.5529411 0.1708818 -0.7666609 0.6188945 0.0428396 -0.7774413 0.6274948 0.7059893 -0.505 0.4965421 0.6335158 -0.5346648 0.5592775 0.3814483 -0.6771906 0.6292139 0.3813542 -0.6391823 0.6678436 0.09809115 -0.7631161 0.6387737 0.09766846 -0.7288593 0.6776614 -0.0002194896 -0.7784456 0.627712 0.01081696 -0.7892586 0.6139656 -0.04032103 -0.7881242 0.6141941 -0.0005797555 -0.7492906 0.6622411 -0.0006122803 -0.730691 0.682708 -0.1055284 -0.6946973 0.7115191 -0.2448995 -0.7169359 0.6527076 -0.2155677 -0.7523823 0.6224559 -0.307192 -0.7200578 0.6222136 0.00168618 -0.6813039 0.7319987 -0.3793579 -0.6943867 0.6114856 -0.1772678 -0.7526426 0.6341177 -0.4549436 -0.6830924 0.571324 -0.6788696 -0.5314605 0.5066417 -0.1951887 -0.7270846 0.6582168 -0.7529111 -0.4791953 0.4511061 -0.1987263 -0.7142278 0.6711084 -0.3918131 -0.6353689 0.6654239 -0.3916407 -0.5646799 0.7264669 -0.6758395 -0.4611308 0.5749777 -0.56398 -0.5091752 0.6501286 -0.7132636 -0.5205394 0.4693546 -0.8504201 -0.3860904 0.3573791 -0.9110086 -0.2981651 0.2848877 -0.1806312 -0.6336381 0.7522467 -0.1513576 -0.6337327 0.7585999 -0.9318779 -0.2621799 0.2507294 -0.9612999 -0.1998963 0.1895891 -0.9908713 -0.0833731 0.1059389 -0.9860955 -0.1152752 0.119697 -0.9855207 -0.1122798 0.1270518 -0.9839763 -0.1150798 0.1361884 -0.9227851 -0.2003555 0.3291282 -0.2617336 -0.5624935 0.7842809 -0.1126127 -0.6185819 0.7776084 -0.1402469 -0.5907811 0.7945492 -0.243504 -0.5213727 0.8178486 -0.09840873 -0.5826043 0.8067763 -0.1354287 -0.5477468 0.8256104 -0.5101651 -0.4022707 0.7602038 -0.5326365 -0.4277926 0.7302684 -0.4806106 -0.3710681 0.7945577 -0.6901354 -0.3266092 0.645786 -0.578185 -0.4607184 0.67338 -0.7978646 -0.3604661 0.4831939 -0.8656015 -0.2758466 0.4179026 -0.8964974 -0.09092612 0.4336184 -0.8223944 -0.2509204 0.5105942 -0.9705421 -0.01016597 0.2407172 -0.9705428 -0.01020887 0.2407123 -0.9682612 -0.08863231 0.2336974 -0.9869618 -0.09041992 0.1331567 -0.9923375 0.01453102 0.1226991 -0.9693755 0.001780809 0.2455769 -0.959244 3.111135e-05 0.2825793 -0.9976933 0.005458512 0.06766241 -0.904811 -0.001220028 0.4258117 -0.8635617 0.03176581 0.5032416 -0.8559827 0.01115496 0.5168842 -0.9338471 -0.0002884984 0.3576722 -0.8990816 -0.000266155 0.437781 -0.7951589 -0.120792 0.5942487 -0.7941766 -0.1424995 0.5907431 -0.9698004 -0.008288141 0.243759 -0.714193 -0.2076601 0.6684352 -0.7908084 -0.08641853 0.6059323 -0.7603086 -0.1062351 0.6408158 -0.677489 -0.188806 0.7108875 -0.7592896 -0.07642117 0.6462501 -0.723201 -0.1002265 0.6833264 -0.6425307 -0.1701055 0.7471402 -0.7266568 -0.06664585 0.6837603 -0.7293222 -0.04471032 0.6827079 -0.4512042 -0.3390377 0.8255109 -0.6063635 -0.1516297 0.780597 -0.6919066 -0.05792821 0.7196594 -0.5826513 -0.1307604 0.8021342 -0.2227444 -0.4820677 0.8473462 -0.08139917 -0.5442996 0.8349324 -0.1256735 -0.5037057 0.8546852 -0.4226993 -0.3070316 0.8526763 -0.2067412 -0.4394067 0.8741738 -0.07377161 -0.4982595 0.8638838 -0.1914031 -0.4058213 0.8936856 -0.3933444 -0.2726629 0.8780291 -0.1884564 -0.394199 0.899495 -0.5743672 -0.1309734 0.8080521 -0.197919 -0.3679544 0.908536 -0.6206073 -0.06843309 0.7811296 -0.3664359 -0.2463021 0.8972514 -0.1689217 -0.3556732 0.9192182 -0.09083372 -0.3728222 0.9234462 -0.540233 -0.114234 0.8337259 -0.5836954 -0.0603714 0.8097252 -0.3438439 -0.2151925 0.914037 -0.1559035 -0.3163471 0.935745 -0.1905502 -0.289668 0.9379675 -0.03113569 -0.2863912 0.9576067 -0.3207578 -0.2517958 0.913079 -0.5000176 -0.09932323 0.8603007 -0.4090859 -0.2201214 0.885548 -0.4979325 -0.1153705 0.8595074 -0.52834 -0.09850669 0.843299 -0.5389296 -0.002712468 0.8423464 -0.6215914 0.0002903917 0.7833416 -0.65088 -2.721065e-05 0.7591806 -0.6644713 0.001319664 0.7473126 -0.6858573 -5.185284e-05 0.7277361 -0.6017208 0 0.7987065 -0.7112209 -0.002524056 0.7029641 -0.7307075 0.0005005744 0.6826905 -0.7787411 0.005832427 0.6273184 -0.7243125 -0.002619665 0.6894669 -0.7098868 0.02467464 0.7038834 -0.5055238 -3.260212e-06 0.8628126 -0.5510001 0 0.8345052 -0.305247 -0.02342969 0.9519849 -0.3968247 -0.04348045 0.916864 -0.2876523 0 0.9577349 -0.3435076 -0.06709095 0.9367504 -0.08436574 -0.00706309 0.9964098 -0.1741023 -0.04879141 0.9835181 -0.08034393 0 0.9967672 -0.2048038 -0.07599872 0.9758481 -0.2782957 -0.1205388 0.9529018 -0.1543786 -0.1205858 0.9806255 -0.06273912 -0.01671402 0.99789 -0.05590272 -0.07033313 0.9959559 -0.09349978 -0.1392207 0.9858374 -0.1054486 -0.1344881 0.9852886 -0.03259929 -0.09300096 0.9951322 -0.01006105 -0.09692547 0.9952408 0 0 1 0 0 1 0 0 1 0 0 1 0 0 1 0 0 1 0.09765964 -0.4343644 0.8954274 0.002253802 -0.4375667 0.8991831 0.09778121 -0.4947707 0.863505 0.001450786 -0.4650109 0.8853038 -0.0002674341 -0.5125295 0.8586696 0.3813497 -0.4597438 0.8020025 0.0978728 -0.5465315 0.8316996 0.003426306 -0.5322272 0.8465946 0.09779358 -0.5958857 0.7970926 0.002312147 -0.5588051 0.8292958 0.000291035 -0.6041017 0.7969072 0.3813555 -0.5535412 0.7403784 0.09776207 -0.6432565 0.7593837 -1.879449e-05 -0.6435099 0.7654378 0.0005879304 -0.6584693 0.7526074 0.09739814 -0.6882765 0.7188804 -0.001184476 0.08001834 -0.9967927 0 0.05830103 -0.998299 0.0114441 0.1113548 -0.9937148 0.01012003 0.1620766 -0.9867263 0.003276549 0.1930441 -0.9811846 0.004988172 0.2266395 -0.9739659 0.03975496 0.3450563 -0.9377397 0.0227587 0.3839269 -0.923083 0.008274226 0.4482196 -0.8938852 -5.857085e-05 0.4582617 -0.8888173 -0.06629671 0.5933612 -0.8022015 0.017918 0.6512145 -0.7586822 0.02074324 0.7034548 -0.7104372 -0.004923401 0.7169188 -0.6971393 0.007659194 0.7575727 -0.6527059 0.01642381 0.8242125 -0.5660424 0.02830349 0.8899837 -0.4551131 -0.001384925 0.8654163 -0.5010516 -1.008785e-05 0.8925903 -0.4508686 -0.0613623 0.9428938 -0.3273927 0.02958296 0.9872018 -0.1567084 0.00885283 0.9736374 -0.2279294 -0.006921202 0.9877988 -0.1555817 0.008811814 0.9963207 -0.08524861 0.01901855 0.999444 0.02738631 0.03019917 0.9871966 0.1566231 -0.0008336755 0.9952508 0.09734055 5.71947e-05 0.9867054 0.162519 0.01904715 0.9565646 0.2908976 0.0252913 0.8888504 0.457499 0.006781487 0.9185945 0.3951433 -0.006792593 0.891169 0.4536206 0.01724047 0.846701 0.5317896 0.02258918 0.7069826 0.7068701 0.01959091 0.7849737 0.6192193 -0.002654468 0.7412304 0.6712454 0.0003696349 0.6951904 0.7188255 0.01851079 0.6156039 0.7878383 -0.04695387 0.5195213 0.8531664 0.02600589 0.4575325 0.8888125 -0.005530419 0.4669188 0.8842829 -0.05639669 0.4003471 0.9146265 0.01876544 0.3057349 0.9519317 0.01890133 0.185917 0.9823836 0.001103567 0.1818414 0.9833272 -0.003486373 0.1137625 0.9935019 0.0004289592 0.07046119 0.9975144 0.009003508 0.07201682 0.9973628 0 0.02647177 0.9996496 -0.2142772 0.4228777 0.8804884 -0.1161935 0.5287947 0.8407587 -0.07546096 0.5524607 0.8301161 -0.1668366 0.50807 0.8450032 -0.2528992 0.4697679 0.8457896 -0.3424911 0.4085511 0.8460413 -0.2093756 0.2957086 0.9320506 -0.08031486 0.3364802 0.9382593 -0.1208329 0.2597238 0.9580934 -0.4197003 0.2945809 0.85853 -0.4240399 0.3585056 0.8316634 -0.5088207 0.2834405 0.8128733 -0.2033496 0.1529001 0.9670938 -0.1000478 0.2197045 0.9704228 -0.1018368 0.1580833 0.9821603 -0.4051918 0.2057763 0.8907725 -0.115954 0.07260168 0.9905976 -0.1309699 0.08551276 0.9876915 -0.07777079 0.02508268 0.9966557 -0.1880021 0.1652768 0.9681626 -0.1975386 0.1129459 0.9737668 -0.283646 0.08225534 0.9553947 -0.353258 0.1027496 0.9298663 -0.3882145 0.09247794 0.9169173 -0.3920517 0.1114883 0.9131625 -0.4670066 0.06802065 0.8816338 -0.5135255 0.07183374 0.8550623 -0.556731 0.07023378 0.8277185 -0.5624333 0.04549132 0.8255903 -0.6199602 0.03718875 0.7837514 -0.6227174 0.07114207 0.7792059 -0.6392204 0.05979507 0.7666954 -0.5841536 0.1097625 0.804187 -0.6725725 0.05529274 0.7379627 -0.6712153 0.0510943 0.7394994 -0.7083724 0.03302072 0.7050661 -0.6066788 0.154045 0.7798788 -0.682719 0.06979179 0.7273403 -0.6105097 0.125223 0.7820467 -0.7228553 0.04415356 0.6895873 -0.7312141 0.03927828 0.6810162 -0.2527281 -0.2661318 0.9302163 -0.7748495 0.09457334 0.6250313 -0.7640487 -0.003863164 0.645147 -0.7656801 -0.003664463 0.6432112 -0.8192706 0.05946032 0.5703158 -0.7942142 -0.0009018407 0.6076372 -0.8607554 0.04389247 0.5071229 -0.8758423 0.03791467 0.4811057 -0.9397473 0.1716929 0.2956291 -0.8842927 0.09997591 0.4561045 -0.8418083 -0.008651062 0.5397072 -0.8006586 0.003247751 0.5991121 -0.831326 0.0002730158 0.5557851 -0.9532458 0.1316137 0.2720299 -0.9079482 0.0622366 0.4144354 -0.8715844 0.01148288 0.490111 -0.8664295 0.0001651252 0.4992995 -0.8977998 -0.001203513 0.4404022 -0.9112094 -0.002120806 0.4119379 -0.9340341 -0.005480466 0.3571417 -0.8750795 0.001695448 0.4839762 -0.8707483 -0.0002253968 0.4917289 -0.8636351 -0.003882295 0.5041025 -0.8543106 -0.009249408 0.5196805 -0.896188 0.0056425 0.4436386 -0.9923187 -0.005294824 0.1235944 -0.9979516 -0.01435519 0.06234197 -0.9996616 -0.02599366 -0.001037435 -0.9995366 -0.03044052 -0.0001292873 -0.9942683 -0.02315746 0.1043756 -0.9995565 -0.0297753 -0.0004431204 -0.9997483 -0.02241311 0.001037376 -0.9999333 -0.01121613 -0.002773186 -0.9999604 0.006684042 -0.005867251 -0.999389 0.03460887 -0.004874433 -0.9995075 0.03137492 -0.0005474755 -0.998996 0.04478664 0.00107765 -0.9981068 0.06150249 0.0004766113 -0.995376 0.09605486 -0.0001971896 -0.9939767 0.109585 -0.001213927 -0.9938099 0.1110905 -0.0009249636 -0.9913996 0.1308695 -7.095908e-05 -0.9906953 0.1194855 0.06516221 -0.9838364 0.1790656 0.00122297 -0.9725268 0.08801605 -0.2155106 -0.9456374 0.07746174 -0.3158633 -0.9864663 0.1502164 0.06572166 -0.909299 0.1357395 -0.3933828 -0.9784737 0.2063698 0.0008030232 -0.9507852 0.1259475 -0.2830985 -0.9049768 0.1673665 -0.391159 -0.9223466 0.1052512 -0.3717511 -0.8147675 0.1630588 -0.5563863 -0.8250706 0.1314251 -0.5495324 -0.824468 0.08245234 -0.5598697 -0.7730158 0.1855561 -0.6066428 -0.8114358 0.2273055 -0.5384275 -0.6958686 0.2140118 -0.6855405 -0.728798 0.114426 -0.6751001 -0.7089151 0.07216877 -0.7015918 -0.6660161 0.1584849 -0.7289068 -0.5708549 0.0904625 -0.8160522 -0.5739774 0.1848634 -0.7977314 -0.6713531 0.2201376 -0.7076895 -0.5697093 0.2191299 -0.7920943 -0.4764411 0.1179915 -0.871253 -0.3046676 0.04736305 -0.9512804 -0.1952608 0.006209393 -0.9807317 -0.1414433 0.02307459 -0.9896774 -0.06431612 0.01133794 -0.9978652 -0.2443276 0.05789207 -0.9679631 -0.3293104 0.1304044 -0.9351734 -0.1628903 0.06216824 -0.9846836 -0.07856335 0.02596089 -0.996571 -0.07457554 0.02743294 -0.996838 -0.003913387 0.05102407 -0.9986898 0 0 -1 0 0.04876813 -0.9988101 -0.02319362 0.01398995 -0.9996331 -0.04157609 0.1509656 -0.9876643 0 0.1458401 -0.9893082 -1.325965e-06 0.1939132 -0.9810187 0 0.1939129 -0.9810188 -0.09084075 0.2159075 -0.9721789 -0.05337579 0.2097823 -0.9762901 -0.2179524 0.2575799 -0.9413551 -0.1673072 0.2344674 -0.9576186 -0.3557563 0.2706267 -0.8945382 -0.3188628 0.2895395 -0.9024929 -0.4340741 0.3048702 -0.8477227 -0.3672862 0.2625088 -0.8922948 -0.1575207 0.242693 -0.957229 -0.667029 0.3148427 -0.675238 -0.6040589 0.3363436 -0.7224858 -0.6764488 0.3533054 -0.6462139 -0.7517931 0.3526493 -0.5571764 -0.174192 0.2464395 -0.9533754 -0.3330366 0.2428559 -0.9111024 -0.4429949 0.2867427 -0.8494317 -0.1227915 0.1536231 -0.9804704 -0.05507832 0.1108917 -0.9923051 -0.6824671 0.2783831 -0.6758265 -0.5063341 0.2966013 -0.8097243 -0.6595849 0.2560067 -0.7066883 -0.7367821 0.2815904 -0.6147024 -0.880322 0.3205082 -0.3497251 -0.8555486 0.3536807 -0.3780826 -0.9030829 0.3330746 -0.2711137 -0.8977571 0.2553107 -0.3589548 -0.8127597 0.2630034 -0.5198566 -0.9330628 0.3098549 -0.1827122 -0.9256132 0.3226517 -0.1978284 -0.9635857 0.2500068 -0.0948636 -0.9390638 0.3015856 -0.1649404 -0.9386172 0.3423444 -0.04240227 -0.9583157 0.233232 -0.1650266 -0.9599861 0.2089961 -0.1864062 -0.9704031 0.2414831 -0.001921452 -0.9755707 0.2196828 -0.001110343 -0.9616776 0.2741451 -0.004550791 -0.9479218 0.3184929 0.002553184 -0.9459734 0.3242394 -0.00175807 -0.9345657 0.3557339 -0.006343729 -0.9230158 0.2069291 -0.3243798 -0.966752 0.1859688 -0.1755169 -0.8430226 0.2698127 -0.4653107 -0.8730168 0.222078 -0.4341923 -0.9400833 0.2181493 -0.2620197 -0.9695485 0.1732017 -0.1731382 -0.957594 0.2026079 -0.2048507 -0.9896985 0.1272782 -0.06555236 -0.9927288 0.1154652 -0.03401868 -0.920538 0.3813245 -0.08486133 -0.910294 0.3714152 -0.1827995 -0.8630724 0.3839237 -0.3281899 -0.8941663 0.3467178 -0.2832902 -0.8603433 0.3390058 -0.380637 -0.9012227 0.3940335 -0.1803752 -0.9133544 0.397439 -0.08846426 -0.7633985 0.3607571 -0.5357957 -0.8161604 0.3215064 -0.4801206 -0.7629362 0.3093268 -0.5676665 -0.8500396 0.4294268 -0.3050004 -0.8879841 0.4283126 -0.1674294 -0.9046882 0.4184817 -0.08007689 -0.8979763 0.4343234 -0.0707234 -0.7418491 0.4391699 -0.5067443 -0.8325378 0.477832 -0.2802811 -0.8766437 0.4564583 -0.1521239 -0.7209765 0.5132091 -0.4656279 -0.6198099 0.4311122 -0.655727 -0.8168992 0.5195046 -0.2505805 -0.867504 0.4788773 -0.1345859 -0.8929276 0.4457937 -0.06283573 -0.9264853 0.3761728 -0.01090639 -0.7021945 0.5801649 -0.4127125 -0.7839683 0.5721957 -0.2408025 -0.8605179 0.4962202 -0.1152147 -0.8579844 0.5024529 -0.1067893 -0.9154166 0.4024713 0.005419999 -0.7733698 0.6001003 -0.2043985 -0.8555926 0.508959 -0.09445664 -0.8857282 0.4622244 -0.04282739 -0.5638732 0.680342 -0.4681686 -0.5577774 0.7338036 -0.3878359 -0.5525022 0.6101007 -0.5679071 -0.2920364 0.7942056 -0.5328716 -0.5705082 0.5274631 -0.6295261 -0.2972153 0.7057975 -0.6430498 -0.3041206 0.606022 -0.7350157 -0.4796193 0.408714 -0.7764781 -0.154367 0.6862078 -0.7108373 -0.1520164 0.5478022 -0.8226809 -0.148351 0.7692583 -0.621477 -0.157952 0.5057529 -0.848095 -0.1284038 0.8041923 -0.5803337 -0.1486369 0.8403274 -0.5213031 -0.3108022 0.4950099 -0.8113983 -0.1468109 0.4387206 -0.8865499 -0.1618663 0.3926708 -0.9053226 -0.286161 0.8649234 -0.4123341 -0.1317496 0.8675445 -0.4795922 -0.1470793 0.8981009 -0.4144664 -0.2893085 0.3533478 -0.8896324 -0.1485879 0.3245665 -0.9341189 -0.1664436 0.2749807 -0.946933 -0.2829597 0.9164123 -0.2830587 -0.1446913 0.967122 -0.2091397 -0.5491705 0.7805476 -0.2985919 -0.2822587 0.9484669 -0.1440159 -0.1209735 0.9813697 -0.1492614 -0.1452991 0.985662 -0.08578276 -0.5432987 0.8146202 -0.2030282 -0.7658486 0.6235038 -0.1572229 -0.8524125 0.5178071 -0.07258553 -0.8841713 0.4660922 -0.03161069 -0.7607042 0.6402391 -0.1068782 -0.8504691 0.5236227 -0.05021582 -0.8833042 0.4683741 -0.01998645 -0.5397778 0.8354444 -0.1033083 -0.7576271 0.650414 -0.05443174 -0.8493086 0.5271685 -0.02771876 -0.8829491 0.4693987 -0.008105651 -0.5386163 0.8425486 -0.002083679 -0.7566306 0.6538417 -0.001089593 -0.8485455 0.5290986 -0.005020468 -0.8830826 0.4692022 0.003797299 -0.7577589 0.6504447 0.05218486 -0.8480698 0.5295785 0.01800737 -0.8836353 0.4679219 0.0154199 -0.5397047 0.836006 0.09905947 -0.7609338 0.6403603 0.1044908 -0.8481465 0.5281268 0.04158928 -0.8846699 0.4654616 0.02654567 -0.5430728 0.8158425 0.1986779 -0.766139 0.6238284 0.1544965 -0.8492552 0.5239088 0.06546059 -0.8862805 0.4616595 0.03711179 -0.8886796 0.4561849 0.04630156 -0.918566 0.3950151 -0.01412565 -0.9294862 0.3559693 0.09664988 -0.7730345 0.6015666 0.2013336 -0.8620773 0.4925768 0.119125 -0.5488968 0.7825155 0.2939078 -0.7787454 0.5811451 0.2362753 -0.8662164 0.4870267 0.111688 -0.8836022 0.4600266 0.08730758 -0.8546646 0.5021769 0.1317827 -0.7958782 0.5511127 0.2507045 -0.7500681 0.5749454 0.3268574 -0.6564777 0.623529 0.4245571 -0.5572063 0.7367526 0.3830363 -0.5637061 0.684863 0.4617338 -0.5293523 0.6312218 0.5668732 -0.3702215 0.672586 0.6407527 -0.2832461 0.7192172 0.6344275 -0.1776775 0.6572515 0.7324283 -0.1796156 0.6789915 0.7118348 -0.1627205 0.6721478 0.7223153 -0.1520802 0.7232105 0.6736751 -0.2891747 0.7972163 0.5299284 -0.1519866 0.7888182 0.5955383 -0.1447123 0.8610871 0.4874292 -0.2863038 0.8678241 0.4060929 -0.1228536 0.8915219 0.4359997 -0.1461971 0.9161615 0.3731949 -0.2836721 0.9185406 0.2753422 -0.1275274 0.9372366 0.3245372 -0.1453257 0.9550514 0.2583742 -0.2809011 0.949704 0.1384081 -0.1419807 0.9671532 0.2108463 -0.1407879 0.9784538 0.1510194 -0.1432736 0.9889372 0.03841741 -0.2816073 0.9595262 -0.002624141 -0.1236459 0.9919262 -0.02817973 -0.2339784 0.7107526 0.6633889 -0.1619135 0.7498233 0.6415209 -0.2403448 0.6610739 0.7107853 -0.3300984 0.6488265 0.6856086 -0.3651722 0.5648022 0.7400323 -0.4045921 0.5451569 0.7342406 -0.5099138 0.6158623 0.6005844 -0.4280802 0.6083964 0.6682822 -0.4479599 0.40957 0.7947228 -0.5582424 0.3907955 0.7318772 -0.6731819 0.4286308 0.6025792 -0.6877703 0.509248 0.5173379 -0.6249118 0.3033969 0.71933 -0.7799054 0.4476426 0.4374513 -0.7165239 0.2555365 0.6490721 -0.8316656 0.290752 0.4730704 -0.8340218 0.4169572 0.361323 -0.8921193 0.3627746 0.2692911 -0.8412235 0.1263819 0.5257097 -0.8521995 0.1065159 0.51226 -0.8560503 0.1136803 0.5042367 -0.9069996 0.2367562 0.3482788 -0.8665164 0.1048595 0.4880101 -0.9365419 0.3087676 0.1659875 -0.9236505 0.2028788 0.3251305 -0.9447471 0.284297 0.1631813 -0.9553481 0.2519856 0.1543152 -0.9626277 0.2318406 0.1399922 -0.9657246 0.2048861 0.1593667 -0.9735709 0.1934911 0.1213296 -0.9753091 0.1571635 0.1551512 -0.9617237 0.09819365 0.2558232 -0.9806583 0.1526757 0.1224722 -0.9199265 0.05319431 0.3884657 -0.8789481 0.006143998 0.4768778 -0.8903482 0.009191803 0.4551875 -0.9680884 0.06428496 0.2422238 -0.929952 0.02932651 0.3665094 -0.9896989 0.08754103 0.113281 -0.9878094 0.07042384 0.1388277 -0.9723406 0.04083353 0.2299706 -0.9348725 0.02114553 0.3543534 -0.9929166 0.06116074 0.1018628 -0.9390106 0.01578905 0.3435254 -0.9904869 0.04191479 0.1310681 -0.9735032 0.02041407 0.2277602 -0.9393142 0.01051531 0.3428968 -0.9934564 0.03522138 0.108645 -0.9392601 0.006404048 0.3431464 -0.9925869 0.02052313 0.119792 -0.9411813 0.004275431 0.337875 -0.9737283 0.003025798 0.227693 -0.9932877 0.006824507 0.1154684 -0.9396343 7.121475e-06 0.3421804 -0.9935261 -0.002699993 0.1135721 -0.9410203 -0.001816237 0.3383451 -0.9931998 -0.008392707 0.1161191 -0.9735418 -0.008508715 0.2283505 -0.9393171 -0.005078614 0.3430125 -0.9935093 -0.01737138 0.1124165 -0.993622 -0.01734521 0.1114204 -0.9731735 -0.01422549 0.2296324 -0.9385467 -0.009219098 0.3450291 -0.9927131 -0.02410508 0.1180664 -0.9375689 -0.008837952 0.3476872 -0.971401 -0.01791002 0.2367684 -0.9924588 -0.02664413 0.1196476 -0.936509 -0.00952522 0.3505142 -0.1621073 0.1218562 -0.9792202 -0.02291894 0.06422897 -0.997672 -0.09342184 0.09960432 -0.9906318 -0.2430841 0.1518776 -0.9580414 -0.2978427 0.2261684 -0.927436 -0.3669748 0.1619409 -0.9160266 -0.1735116 0.1603 -0.9716983 -0.4633996 0.2042996 -0.8622775 -0.4958044 0.2881846 -0.8192238 -0.5534322 0.2309567 -0.8002324 -0.6320034 0.265396 -0.7281048 -0.6419259 0.3312756 -0.6915111 -0.7016938 0.2861312 -0.6524989 1 0 0 1 0 0 1 0 0 1 0 0 1 0 0 1 0 0 1 -1.563805e-08 1.038895e-07 1 2.282825e-08 6.628068e-08 1 2.570242e-09 1.560742e-07 1 3.024674e-08 2.007231e-08 0.9988718 1.02612e-08 -0.04748814 1 0 0 1 0 0 1 0 0 1 0 0 0.9941674 -1.665172e-06 -0.107848 0.9831394 -0.0004307418 -0.1828574 0.9206174 -0.0006257011 -0.3904654 0.9324349 0.0002925115 -0.3613379 0.76178 1.353375e-06 -0.6478358 0.8071268 0.0002824151 -0.5903781 0.6558143 -6.513644e-08 -0.7549222 0.4687935 -1.19629e-07 -0.8833078 0.3826787 0 -0.9238815 0.07391046 0.07350106 -0.9945526 0.09801075 0 -0.9951854 -3.362441e-09 0.03791342 -0.999281 1.261418e-06 0.1806912 -0.9835399 0 0 -1 0.0004584842 0.4684421 -0.8834941 0 0 -1 -3.353516e-08 0.3807901 -0.9246615 0 0 -1 1.204879e-06 0.5644553 -0.8254636 0 0 -1 0.0001356367 0.7618063 -0.6478049 0 0 -1 -6.655352e-08 0.7626463 -0.6468157 0 0 -1 0 0 -1 -0.0003037057 0.9480247 -0.3181966 -7.953535e-08 0.9204112 -0.3909517 -1.44198e-06 0.9831756 -0.1826628 -0.0001234206 0.9985142 -0.05449283 -8.553776e-08 0.9988717 -0.04749052 -8.341946e-08 1 -1.017362e-09 -4.670173e-08 1 -4.234101e-08 -5.017714e-08 1 -3.832361e-08 -6.045116e-08 1 -2.634892e-08 -7.447014e-08 1 -9.874371e-09 -8.278424e-08 1 -4.069672e-15 -0.4677568 0.1787122 -0.8656012 -0.5392488 0.2404587 -0.8070875 -0.3853063 0.1947793 -0.9019978 -0.2383653 0.1392839 -0.9611358 -0.3447656 0.1554823 -0.9257224 -0.2763879 0.1734927 -0.9452566 -0.2171925 0.182121 -0.9589887 -0.1044887 0.06034024 -0.9926939 -0.04853472 0.0269495 -0.9984579 -0.1321541 0.1411241 -0.9811316 -0.05647119 0.07667772 -0.9954554 -0.02854766 0.1000327 -0.9945745 -0.02954118 0.02786127 -0.9991752 -0.01525223 0.02405915 -0.9995942 -0.01601665 0.05575701 -0.9983159</float_array>
          <technique_common>
            <accessor count="2368" source="#normals-array-array" stride="3">
              <param type="float" name="X"/>
              <param type="float" name="Y"/>
              <param type="float" name="Z"/>
            </accessor>
          </technique_common>
        </source>
        <source id="texcoords-array">
          <float_array count="4736" id="texcoords-array-array">0.5489583 0.3794643 0.5489583 0.3794643 0.5489583 0.3794643 0.5489583 0.3794643 0.5489583 0.3794643 0.5489583 0.3794643 0.5489583 0.3794643 0.5489583 0.3794643 0.5489583 0.3794643 0.5489583 0.3794643 0.5489583 0.3794643 0.5489583 0.3794643 0.5489583 0.3794643 0.5489583 0.3794643 0.5489583 0.3794643 0.5489583 0.3794643 0.5489583 0.3794643 0.5489583 0.3794643 0.5489583 0.3794643 0.5489583 0.3794643 0.5489583 0.3794643 0.5489583 0.3794643 0.5489583 0.3794643 0.5489583 0.3794643 0.5489583 0.3794643 0.5489583 0.3794643 0.5489583 0.3794643 0.5489583 0.3794643 0.5489583 0.3794643 0.5489583 0.3794643 0.5489583 0.3794643 0.5489583 0.3794643 0.5489583 0.3794643 0.5489583 0.3794643 0.5489583 0.3794643 0.5489583 0.3794643 0.5489583 0.3794643 0.5489583 0.3794643 0.5489583 0.3794643 0.5489583 0.3794643 0.5489583 0.3794643 0.5489583 0.3794643 0.5489583 0.3794643 0.5489583 0.3794643 0.5489583 0.3794643 0.5489583 0.3794643 0.5489583 0.3794643 0.5489583 0.3794643 0.5489583 0.3794643 0.5489583 0.3794643 0.5489583 0.3794643 0.5489583 0.3794643 0.5489583 0.3794643 0.5489583 0.3794643 0.5489583 0.3794643 0.5489583 0.3794643 0.5489583 0.3794643 0.5489583 0.3794643 0.5489583 0.3794643 0.5489583 0.3794643 0.5489583 0.3794643 0.5489583 0.3794643 0.5489583 0.3794643 0.5489583 0.3794643 0.5489583 0.3794643 0.5489583 0.3794643 0.5489583 0.3794643 0.5489583 0.3794643 0.5489583 0.3794643 0.5489583 0.3794643 0.5489583 0.3794643 0.5489583 0.3794643 0.5489583 0.3794643 0.5489583 0.3794643 0.5489583 0.3794643 0.5489583 0.3794643 0.5489583 0.3794643 0.5489583 0.3794643 0.5489583 0.3794643 0.5489583 0.3794643 0.5489583 0.3794643 0.5489583 0.3794643 0.5489583 0.3794643 0.5489583 0.3794643 0.5489583 0.3794643 0.5489583 0.3794643 0.5489583 0.3794643 0.5489583 0.3794643 0.5489583 0.3794643 0.5489583 0.3794643 0.5489583 0.3794643 0.5489583 0.3794643 0.5489583 0.3794643 0.5489583 0.3794643 0.5489583 0.3794643 0.5489583 0.3794643 0.5489583 0.3794643 0.5489583 0.3794643 0.5489583 0.3794643 0.5489583 0.3794643 0.5489583 0.3794643 0.5489583 0.3794643 0.5489583 0.3794643 0.5489583 0.3794643 0.5489583 0.3794643 0.5489583 0.3794643 0.5489583 0.3794643 0.5489583 0.3794643 0.5489583 0.3794643 0.5489583 0.3794643 0.5489583 0.3794643 0.5489583 0.3794643 0.5489583 0.3794643 0.5489583 0.3794643 0.5489583 0.3794643 0.5489583 0.3794643 0.5489583 0.3794643 0.5489583 0.3794643 0.5489583 0.3794643 0.5489583 0.3794643 0.5489583 0.3794643 0.5489583 0.3794643 0.5489583 0.3794643 0.5489583 0.3794643 0.5489583 0.3794643 0.5489583 0.3794643 0.5489583 0.3794643 0.5489583 0.3794643 0.5489583 0.3794643 0.5489583 0.3794643 0.5489583 0.3794643 0.5489583 0.3794643 0.5489583 0.3794643 0.5489583 0.3794643 0.5489583 0.3794643 0.5489583 0.3794643 0.5489583 0.3794643 0.5489583 0.3794643 0.5489583 0.3794643 0.5489583 0.3794643 0.5489583 0.3794643 0.5489583 0.3794643 0.5489583 0.3794643 0.5489583 0.3794643 0.5489583 0.3794643 0.5489583 0.3794643 0.5489583 0.3794643 0.5489583 0.3794643 0.5489583 0.3794643 0.5489583 0.3794643 0.5489583 0.3794643 0.5489583 0.3794643 0.5489583 0.3794643 0.5489583 0.3794643 0.5489583 0.3794643 0.5489583 0.3794643 0.5489583 0.3794643 0.5489583 0.3794643 0.5489583 0.3794643 0.5489583 0.3794643 0.5489583 0.3794643 0.5489583 0.3794643 0.5489583 0.3794643 0.5489583 0.3794643 0.5489583 0.3794643 0.5489583 0.3794643 0.5489583 0.3794643 0.5489583 0.3794643 0.5489583 0.3794643 0.5489583 0.3794643 0.5489583 0.3794643 0.5489583 0.3794643 0.5489583 0.3794643 0.5489583 0.3794643 0.5489583 0.3794643 0.5489583 0.3794643 0.5489583 0.3794643 0.5489583 0.3794643 0.5489583 0.3794643 0.5489583 0.3794643 0.5489583 0.3794643 0.5489583 0.3794643 0.5489583 0.3794643 0.5489583 0.3794643 0.5489583 0.3794643 0.5489583 0.3794643 0.5489583 0.3794643 0.5489583 0.3794643 0.5489583 0.3794643 0.5489583 0.3794643 0.5489583 0.3794643 0.5489583 0.3794643 0.5489583 0.3794643 0.5489583 0.3794643 0.5489583 0.3794643 0.5489583 0.3794643 0.5489583 0.3794643 0.5489583 0.3794643 0.5489583 0.3794643 0.5489583 0.3794643 0.5489583 0.3794643 0.5489583 0.3794643 0.5489583 0.3794643 0.5489583 0.3794643 0.5489583 0.3794643 0.5489583 0.3794643 0.5489583 0.3794643 0.5489583 0.3794643 0.5489583 0.3794643 0.5489583 0.3794643 0.5489583 0.3794643 0.5489583 0.3794643 0.5489583 0.3794643 0.5489583 0.3794643 0.5489583 0.3794643 0.5489583 0.3794643 0.5489583 0.3794643 0.5489583 0.3794643 0.5489583 0.3794643 0.5489583 0.3794643 0.5489583 0.3794643 0.5489583 0.3794643 0.5489583 0.3794643 0.5489583 0.3794643 0.5489583 0.3794643 0.5489583 0.3794643 0.5489583 0.3794643 0.5489583 0.3794643 0.5489583 0.3794643 0.5489583 0.3794643 0.5489583 0.3794643 0.5489583 0.3794643 0.5489583 0.3794643 0.5489583 0.3794643 0.5489583 0.3794643 0.5489583 0.3794643 0.5489583 0.3794643 0.5489583 0.3794643 0.5489583 0.3794643 0.5489583 0.3794643 0.5489583 0.3794643 0.5489583 0.3794643 0.5489583 0.3794643 0.5489583 0.3794643 0.5489583 0.3794643 0.5489583 0.3794643 0.5489583 0.3794643 0.5489583 0.3794643 0.5489583 0.3794643 0.5489583 0.3794643 0.5489583 0.3794643 0.5489583 0.3794643 0.5489583 0.3794643 0.5489583 0.3794643 0.5489583 0.3794643 0.5489583 0.3794643 0.5489583 0.3794643 0.5489583 0.3794643 0.5489583 0.3794643 0.5489583 0.3794643 0.5489583 0.3794643 0.5489583 0.3794643 0.5489583 0.3794643 0.5489583 0.3794643 0.5489583 0.3794643 0.5489583 0.3794643 0.5489583 0.3794643 0.5489583 0.3794643 0.5489583 0.3794643 0.5489583 0.3794643 0.5489583 0.3794643 0.5489583 0.3794643 0.5489583 0.3794643 0.5489583 0.3794643 0.5489583 0.3794643 0.5489583 0.3794643 0.5489583 0.3794643 0.5489583 0.3794643 0.5489583 0.3794643 0.5489583 0.3794643 0.5489583 0.3794643 0.5489583 0.3794643 0.5489583 0.3794643 0.5489583 0.3794643 0.5489583 0.3794643 0.5489583 0.3794643 0.5489583 0.3794643 0.5489583 0.3794643 0.5489583 0.3794643 0.5489583 0.3794643 0.5489583 0.3794643 0.5489583 0.3794643 0.5489583 0.3794643 0.5489583 0.3794643 0.5489583 0.3794643 0.5489583 0.3794643 0.5489583 0.3794643 0.5489583 0.3794643 0.5489583 0.3794643 0.5489583 0.3794643 0.5489583 0.3794643 0.5489583 0.3794643 0.5489583 0.3794643 0.5489583 0.3794643 0.5489583 0.3794643 0.5489583 0.3794643 0.5489583 0.3794643 0.5489583 0.3794643 0.5489583 0.3794643 0.5489583 0.3794643 0.5489583 0.3794643 0.5489583 0.3794643 0.5489583 0.3794643 0.5489583 0.3794643 0.5489583 0.3794643 0.5489583 0.3794643 0.5489583 0.3794643 0.5489583 0.3794643 0.5489583 0.3794643 0.5489583 0.3794643 0.5489583 0.3794643 0.5489583 0.3794643 0.5489583 0.3794643 0.5489583 0.3794643 0.5489583 0.3794643 0.5489583 0.3794643 0.5489583 0.3794643 0.5489583 0.3794643 0.5489583 0.3794643 0.5489583 0.3794643 0.5489583 0.3794643 0.5489583 0.3794643 0.5489583 0.3794643 0.5489583 0.3794643 0.5489583 0.3794643 0.5489583 0.3794643 0.5489583 0.3794643 0.5489583 0.3794643 0.5489583 0.3794643 0.5489583 0.3794643 0.5489583 0.3794643 0.5489583 0.3794643 0.5489583 0.3794643 0.5489583 0.3794643 0.5489583 0.3794643 0.5489583 0.3794643 0.5489583 0.3794643 0.5489583 0.3794643 0.5489583 0.3794643 0.5489583 0.3794643 0.5489583 0.3794643 0.5489583 0.3794643 0.5489583 0.3794643 0.5489583 0.3794643 0.5489583 0.3794643 0.5489583 0.3794643 0.5489583 0.3794643 0.5489583 0.3794643 0.5489583 0.3794643 0.5489583 0.3794643 0.5489583 0.3794643 0.5489583 0.3794643 0.5489583 0.3794643 0.5489583 0.3794643 0.5489583 0.3794643 0.5489583 0.3794643 0.5489583 0.3794643 0.5489583 0.3794643 0.5489583 0.3794643 0.5489583 0.3794643 0.5489583 0.3794643 0.5489583 0.3794643 0.5489583 0.3794643 0.5489583 0.3794643 0.5489583 0.3794643 0.5489583 0.3794643 0.5489583 0.3794643 0.5489583 0.3794643 0.5489583 0.3794643 0.5489583 0.3794643 0.5489583 0.3794643 0.5489583 0.3794643 0.5489583 0.3794643 0.5489583 0.3794643 0.5489583 0.3794643 0.5489583 0.3794643 0.5489583 0.3794643 0.5489583 0.3794643 0.5489583 0.3794643 0.5489583 0.3794643 0.5489583 0.3794643 0.5489583 0.3794643 0.5489583 0.3794643 0.5489583 0.3794643 0.5489583 0.3794643 0.5489583 0.3794643 0.5489583 0.3794643 0.5489583 0.3794643 0.5489583 0.3794643 0.5489583 0.3794643 0.5489583 0.3794643 0.5489583 0.3794643 0.5489583 0.3794643 0.5489583 0.3794643 0.5489583 0.3794643 0.5489583 0.3794643 0.5489583 0.3794643 0.5489583 0.3794643 0.5489583 0.3794643 0.5489583 0.3794643 0.5489583 0.3794643 0.5489583 0.3794643 0.5489583 0.3794643 0.5489583 0.3794643 0.5489583 0.3794643 0.5489583 0.3794643 0.5489583 0.3794643 0.5489583 0.3794643 0.5489583 0.3794643 0.5489583 0.3794643 0.5489583 0.3794643 0.5489583 0.3794643 0.5489583 0.3794643 0.5489583 0.3794643 0.5489583 0.3794643 0.5489583 0.3794643 0.5489583 0.3794643 0.5489583 0.3794643 0.5489583 0.3794643 0.5489583 0.3794643 0.5489583 0.3794643 0.5489583 0.3794643 0.5489583 0.3794643 0.5489583 0.3794643 0.5489583 0.3794643 0.5489583 0.3794643 0.5489583 0.3794643 0.5489583 0.3794643 0.5489583 0.3794643 0.5489583 0.3794643 0.5489583 0.3794643 0.5489583 0.3794643 0.5489583 0.3794643 0.5489583 0.3794643 0.5489583 0.3794643 0.5489583 0.3794643 0.5489583 0.3794643 0.5489583 0.3794643 0.5489583 0.3794643 0.5489583 0.3794643 0.5489583 0.3794643 0.5489583 0.3794643 0.5489583 0.3794643 0.5489583 0.3794643 0.5489583 0.3794643 0.5489583 0.3794643 0.5489583 0.3794643 0.5489583 0.3794643 0.5489583 0.3794643 0.5489583 0.3794643 0.5489583 0.3794643 0.5489583 0.3794643 0.5489583 0.3794643 0.5489583 0.3794643 0.5489583 0.3794643 0.5489583 0.3794643 0.5489583 0.3794643 0.5489583 0.3794643 0.5489583 0.3794643 0.5489583 0.3794643 0.5489583 0.3794643 0.5489583 0.3794643 0.5489583 0.3794643 0.5489583 0.3794643 0.5489583 0.3794643 0.5489583 0.3794643 0.5489583 0.3794643 0.5489583 0.3794643 0.5489583 0.3794643 0.5489583 0.3794643 0.5489583 0.3794643 0.5489583 0.3794643 0.5489583 0.3794643 0.5489583 0.3794643 0.5489583 0.3794643 0.5489583 0.3794643 0.5489583 0.3794643 0.5489583 0.3794643 0.5489583 0.3794643 0.5489583 0.3794643 0.5489583 0.3794643 0.5489583 0.3794643 0.5489583 0.3794643 0.5489583 0.3794643 0.5489583 0.3794643 0.5489583 0.3794643 0.5489583 0.3794643 0.5489583 0.3794643 0.5489583 0.3794643 0.5489583 0.3794643 0.5489583 0.3794643 0.5489583 0.3794643 0.5489583 0.3794643 0.5489583 0.3794643 0.5489583 0.3794643 0.5489583 0.3794643 0.5489583 0.3794643 0.5489583 0.3794643 0.5489583 0.3794643 0.5489583 0.3794643 0.5489583 0.3794643 0.5489583 0.3794643 0.5489583 0.3794643 0.5489583 0.3794643 0.5489583 0.3794643 0.5489583 0.3794643 0.5489583 0.3794643 0.5489583 0.3794643 0.5489583 0.3794643 0.5489583 0.3794643 0.5489583 0.3794643 0.5489583 0.3794643 0.5489583 0.3794643 0.5489583 0.3794643 0.5489583 0.3794643 0.5489583 0.3794643 0.5489583 0.3794643 0.5489583 0.3794643 0.5489583 0.3794643 0.5489583 0.3794643 0.5489583 0.3794643 0.5489583 0.3794643 0.5489583 0.3794643 0.5489583 0.3794643 0.5489583 0.3794643 0.5489583 0.3794643 0.5489583 0.3794643 0.5489583 0.3794643 0.5489583 0.3794643 0.5489583 0.3794643 0.5489583 0.3794643 0.5489583 0.3794643 0.5489583 0.3794643 0.5489583 0.3794643 0.5489583 0.3794643 0.5489583 0.3794643 0.5489583 0.3794643 0.5489583 0.3794643 0.5489583 0.3794643 0.5489583 0.3794643 0.5489583 0.3794643 0.5489583 0.3794643 0.5489583 0.3794643 0.5489583 0.3794643 0.5489583 0.3794643 0.5489583 0.3794643 0.5489583 0.3794643 0.5489583 0.3794643 0.5489583 0.3794643 0.5489583 0.3794643 0.5489583 0.3794643 0.5489583 0.3794643 0.5489583 0.3794643 0.5489583 0.3794643 0.5489583 0.3794643 0.5489583 0.3794643 0.5489583 0.3794643 0.5489583 0.3794643 0.5489583 0.3794643 0.5489583 0.3794643 0.5489583 0.3794643 0.5489583 0.3794643 0.5489583 0.3794643 0.5489583 0.3794643 0.5489583 0.3794643 0.5489583 0.3794643 0.5489583 0.3794643 0.5489583 0.3794643 0.5489583 0.3794643 0.5489583 0.3794643 0.5489583 0.3794643 0.5489583 0.3794643 0.5489583 0.3794643 0.5489583 0.3794643 0.5489583 0.3794643 0.5489583 0.3794643 0.5489583 0.3794643 0.5489583 0.3794643 0.5489583 0.3794643 0.5489583 0.3794643 0.5489583 0.3794643 0.5489583 0.3794643 0.5489583 0.3794643 0.5489583 0.3794643 0.5489583 0.3794643 0.5489583 0.3794643 0.5489583 0.3794643 0.5489583 0.3794643 0.5489583 0.3794643 0.5489583 0.3794643 0.5489583 0.3794643 0.5489583 0.3794643 0.5489583 0.3794643 0.5489583 0.3794643 0.5489583 0.3794643 0.5489583 0.3794643 0.5489583 0.3794643 0.5489583 0.3794643 0.5489583 0.3794643 0.5489583 0.3794643 0.5489583 0.3794643 0.5489583 0.3794643 0.5489583 0.3794643 0.5489583 0.3794643 0.5489583 0.3794643 0.5489583 0.3794643 0.5489583 0.3794643 0.5489583 0.3794643 0.5489583 0.3794643 0.5489583 0.3794643 0.5489583 0.3794643 0.5489583 0.3794643 0.5489583 0.3794643 0.5489583 0.3794643 0.5489583 0.3794643 0.5489583 0.3794643 0.5489583 0.3794643 0.5489583 0.3794643 0.5489583 0.3794643 0.5489583 0.3794643 0.5489583 0.3794643 0.5489583 0.3794643 0.5489583 0.3794643 0.5489583 0.3794643 0.5489583 0.3794643 0.5489583 0.3794643 0.5489583 0.3794643 0.5489583 0.3794643 0.5489583 0.3794643 0.5489583 0.3794643 0.5489583 0.3794643 0.5489583 0.3794643 0.5489583 0.3794643 0.5489583 0.3794643 0.5489583 0.3794643 0.5489583 0.3794643 0.5489583 0.3794643 0.5489583 0.3794643 0.5489583 0.3794643 0.5489583 0.3794643 0.5489583 0.3794643 0.5489583 0.3794643 0.5489583 0.3794643 0.5489583 0.3794643 0.5489583 0.3794643 0.5489583 0.3794643 0.5489583 0.3794643 0.5489583 0.3794643 0.5489583 0.3794643 0.5489583 0.3794643 0.5489583 0.3794643 0.5489583 0.3794643 0.5489583 0.3794643 0.5489583 0.3794643 0.5489583 0.3794643 0.5489583 0.3794643 0.5489583 0.3794643 0.5489583 0.3794643 0.5489583 0.3794643 0.5489583 0.3794643 0.5489583 0.3794643 0.5489583 0.3794643 0.5489583 0.3794643 0.5489583 0.3794643 0.5489583 0.3794643 0.5489583 0.3794643 0.5489583 0.3794643 0.5489583 0.3794643 0.5489583 0.3794643 0.5489583 0.3794643 0.5489583 0.3794643 0.5489583 0.3794643 0.5489583 0.3794643 0.5489583 0.3794643 0.5489583 0.3794643 0.5489583 0.3794643 0.5489583 0.3794643 0.5489583 0.3794643 0.5489583 0.3794643 0.5489583 0.3794643 0.5489583 0.3794643 0.5489583 0.3794643 0.5489583 0.3794643 0.5489583 0.3794643 0.5489583 0.3794643 0.5489583 0.3794643 0.5489583 0.3794643 0.5489583 0.3794643 0.5489583 0.3794643 0.5489583 0.3794643 0.5489583 0.3794643 0.5489583 0.3794643 0.5489583 0.3794643 0.5489583 0.3794643 0.5489583 0.3794643 0.5489583 0.3794643 0.5489583 0.3794643 0.5489583 0.3794643 0.5489583 0.3794643 0.5489583 0.3794643 0.5489583 0.3794643 0.5489583 0.3794643 0.5489583 0.3794643 0.5489583 0.3794643 0.5489583 0.3794643 0.5489583 0.3794643 0.5489583 0.3794643 0.5489583 0.3794643 0.5489583 0.3794643 0.5489583 0.3794643 0.5489583 0.3794643 0.5489583 0.3794643 0.5489583 0.3794643 0.5489583 0.3794643 0.5489583 0.3794643 0.5489583 0.3794643 0.5489583 0.3794643 0.5489583 0.3794643 0.5489583 0.3794643 0.5489583 0.3794643 0.5489583 0.3794643 0.5489583 0.3794643 0.5489583 0.3794643 0.5489583 0.3794643 0.5489583 0.3794643 0.5489583 0.3794643 0.5489583 0.3794643 0.5489583 0.3794643 0.5489583 0.3794643 0.5489583 0.3794643 0.5489583 0.3794643 0.5489583 0.3794643 0.5489583 0.3794643 0.5489583 0.3794643 0.5489583 0.3794643 0.5489583 0.3794643 0.5489583 0.3794643 0.5489583 0.3794643 0.5489583 0.3794643 0.5489583 0.3794643 0.5489583 0.3794643 0.5489583 0.3794643 0.5489583 0.3794643 0.5489583 0.3794643 0.5489583 0.3794643 0.5489583 0.3794643 0.5489583 0.3794643 0.5489583 0.3794643 0.5489583 0.3794643 0.5489583 0.3794643 0.5489583 0.3794643 0.5489583 0.3794643 0.5489583 0.3794643 0.5489583 0.3794643 0.5489583 0.3794643 0.5489583 0.3794643 0.5489583 0.3794643 0.5489583 0.3794643 0.5489583 0.3794643 0.5489583 0.3794643 0.5489583 0.3794643 0.5489583 0.3794643 0.5489583 0.3794643 0.5489583 0.3794643 0.5489583 0.3794643 0.5489583 0.3794643 0.5489583 0.3794643 0.5489583 0.3794643 0.5489583 0.3794643 0.5489583 0.3794643 0.5489583 0.3794643 0.5489583 0.3794643 0.5489583 0.3794643 0.5489583 0.3794643 0.5489583 0.3794643 0.5489583 0.3794643 0.5489583 0.3794643 0.5489583 0.3794643 0.5489583 0.3794643 0.5489583 0.3794643 0.5489583 0.3794643 0.5489583 0.3794643 0.5489583 0.3794643 0.5489583 0.3794643 0.5489583 0.3794643 0.5489583 0.3794643 0.5489583 0.3794643 0.5489583 0.3794643 0.5489583 0.3794643 0.5489583 0.3794643 0.5489583 0.3794643 0.5489583 0.3794643 0.5489583 0.3794643 0.5489583 0.3794643 0.5489583 0.3794643 0.5489583 0.3794643 0.5489583 0.3794643 0.5489583 0.3794643 0.5489583 0.3794643 0.5489583 0.3794643 0.5489583 0.3794643 0.5489583 0.3794643 0.5489583 0.3794643 0.5489583 0.3794643 0.5489583 0.3794643 0.5489583 0.3794643 0.5489583 0.3794643 0.5489583 0.3794643 0.5489583 0.3794643 0.5489583 0.3794643 0.5489583 0.3794643 0.5489583 0.3794643 0.5489583 0.3794643 0.5489583 0.3794643 0.5489583 0.3794643 0.5489583 0.3794643 0.5489583 0.3794643 0.5489583 0.3794643 0.5489583 0.3794643 0.5489583 0.3794643 0.5489583 0.3794643 0.5489583 0.3794643 0.5489583 0.3794643 0.5489583 0.3794643 0.5489583 0.3794643 0.5489583 0.3794643 0.5489583 0.3794643 0.5489583 0.3794643 0.5489583 0.3794643 0.5489583 0.3794643 0.5489583 0.3794643 0.5489583 0.3794643 0.5489583 0.3794643 0.5489583 0.3794643 0.5489583 0.3794643 0.5489583 0.3794643 0.5489583 0.3794643 0.5489583 0.3794643 0.5489583 0.3794643 0.5489583 0.3794643 0.5489583 0.3794643 0.5489583 0.3794643 0.5489583 0.3794643 0.5489583 0.3794643 0.5489583 0.3794643 0.5489583 0.3794643 0.5489583 0.3794643 0.5489583 0.3794643 0.5489583 0.3794643 0.5489583 0.3794643 0.5489583 0.3794643 0.5489583 0.3794643 0.5489583 0.3794643 0.5489583 0.3794643 0.5489583 0.3794643 0.5489583 0.3794643 0.5489583 0.3794643 0.5489583 0.3794643 0.5489583 0.3794643 0.5489583 0.3794643 0.5489583 0.3794643 0.5489583 0.3794643 0.5489583 0.3794643 0.5489583 0.3794643 0.5489583 0.3794643 0.5489583 0.3794643 0.5489583 0.3794643 0.5489583 0.3794643 0.5489583 0.3794643 0.5489583 0.3794643 0.5489583 0.3794643 0.5489583 0.3794643 0.5489583 0.3794643 0.5489583 0.3794643 0.5489583 0.3794643 0.5489583 0.3794643 0.5489583 0.3794643 0.5489583 0.3794643 0.5489583 0.3794643 0.5489583 0.3794643 0.5489583 0.3794643 0.5489583 0.3794643 0.5489583 0.3794643 0.5489583 0.3794643 0.5489583 0.3794643 0.5489583 0.3794643 0.5489583 0.3794643 0.5489583 0.3794643 0.5489583 0.3794643 0.5489583 0.3794643 0.5489583 0.3794643 0.5489583 0.3794643 0.5489583 0.3794643 0.5489583 0.3794643 0.5489583 0.3794643 0.5489583 0.3794643 0.5489583 0.3794643 0.5489583 0.3794643 0.5489583 0.3794643 0.5489583 0.3794643 0.5489583 0.3794643 0.5489583 0.3794643 0.5489583 0.3794643 0.5489583 0.3794643 0.5489583 0.3794643 0.5489583 0.3794643 0.5489583 0.3794643 0.5489583 0.3794643 0.5489583 0.3794643 0.5489583 0.3794643 0.5489583 0.3794643 0.5489583 0.3794643 0.5489583 0.3794643 0.5489583 0.3794643 0.5489583 0.3794643 0.5489583 0.3794643 0.5489583 0.3794643 0.5489583 0.3794643 0.5489583 0.3794643 0.5489583 0.3794643 0.5489583 0.3794643 0.5489583 0.3794643 0.5489583 0.3794643 0.5489583 0.3794643 0.5489583 0.3794643 0.5489583 0.3794643 0.5489583 0.3794643 0.5489583 0.3794643 0.5489583 0.3794643 0.5489583 0.3794643 0.5489583 0.3794643 0.5489583 0.3794643 0.5489583 0.3794643 0.5489583 0.3794643 0.5489583 0.3794643 0.5489583 0.3794643 0.5489583 0.3794643 0.5489583 0.3794643 0.5489583 0.3794643 0.5489583 0.3794643 0.5489583 0.3794643 0.5489583 0.3794643 0.5489583 0.3794643 0.5489583 0.3794643 0.5489583 0.3794643 0.5489583 0.3794643 0.5489583 0.3794643 0.5489583 0.3794643 0.5489583 0.3794643 0.5489583 0.3794643 0.5489583 0.3794643 0.5489583 0.3794643 0.5489583 0.3794643 0.5489583 0.3794643 0.5489583 0.3794643 0.5489583 0.3794643 0.5489583 0.3794643 0.5489583 0.3794643 0.5489583 0.3794643 0.5489583 0.3794643 0.5489583 0.3794643 0.5489583 0.3794643 0.5489583 0.3794643 0.5489583 0.3794643 0.5489583 0.3794643 0.5489583 0.3794643 0.5489583 0.3794643 0.5489583 0.3794643 0.5489583 0.3794643 0.5489583 0.3794643 0.5489583 0.3794643 0.5489583 0.3794643 0.5489583 0.3794643 0.5489583 0.3794643 0.5489583 0.3794643 0.5489583 0.3794643 0.5489583 0.3794643 0.5489583 0.3794643 0.5489583 0.3794643 0.5489583 0.3794643 0.5489583 0.3794643 0.5489583 0.3794643 0.5489583 0.3794643 0.5489583 0.3794643 0.5489583 0.3794643 0.5489583 0.3794643 0.5489583 0.3794643 0.5489583 0.3794643 0.5489583 0.3794643 0.5489583 0.3794643 0.5489583 0.3794643 0.5489583 0.3794643 0.5489583 0.3794643 0.5489583 0.3794643 0.5489583 0.3794643 0.5489583 0.3794643 0.5489583 0.3794643 0.5489583 0.3794643 0.5489583 0.3794643 0.5489583 0.3794643 0.5489583 0.3794643 0.5489583 0.3794643 0.5489583 0.3794643 0.5489583 0.3794643 0.5489583 0.3794643 0.5489583 0.3794643 0.5489583 0.3794643 0.5489583 0.3794643 0.5489583 0.3794643 0.5489583 0.3794643 0.5489583 0.3794643 0.5489583 0.3794643 0.5489583 0.3794643 0.5489583 0.3794643 0.5489583 0.3794643 0.5489583 0.3794643 0.5489583 0.3794643 0.5489583 0.3794643 0.5489583 0.3794643 0.5489583 0.3794643 0.5489583 0.3794643 0.5489583 0.3794643 0.5489583 0.3794643 0.5489583 0.3794643 0.5489583 0.3794643 0.5489583 0.3794643 0.5489583 0.3794643 0.5489583 0.3794643 0.5489583 0.3794643 0.5489583 0.3794643 0.5489583 0.3794643 0.5489583 0.3794643 0.5489583 0.3794643 0.5489583 0.3794643 0.5489583 0.3794643 0.5489583 0.3794643 0.5489583 0.3794643 0.5489583 0.3794643 0.5489583 0.3794643 0.5489583 0.3794643 0.5489583 0.3794643 0.5489583 0.3794643 0.5489583 0.3794643 0.5489583 0.3794643 0.5489583 0.3794643 0.5489583 0.3794643 0.5489583 0.3794643 0.5489583 0.3794643 0.5489583 0.3794643 0.5489583 0.3794643 0.5489583 0.3794643 0.5489583 0.3794643 0.5489583 0.3794643 0.5489583 0.3794643 0.5489583 0.3794643 0.5489583 0.3794643 0.5489583 0.3794643 0.5489583 0.3794643 0.5489583 0.3794643 0.5489583 0.3794643 0.5489583 0.3794643 0.5489583 0.3794643 0.5489583 0.3794643 0.5489583 0.3794643 0.5489583 0.3794643 0.5489583 0.3794643 0.5489583 0.3794643 0.5489583 0.3794643 0.5489583 0.3794643 0.5489583 0.3794643 0.5489583 0.3794643 0.5489583 0.3794643 0.5489583 0.3794643 0.5489583 0.3794643 0.5489583 0.3794643 0.5489583 0.3794643 0.5489583 0.3794643 0.5489583 0.3794643 0.5489583 0.3794643 0.5489583 0.3794643 0.5489583 0.3794643 0.5489583 0.3794643 0.5489583 0.3794643 0.5489583 0.3794643 0.5489583 0.3794643 0.5489583 0.3794643 0.5489583 0.3794643 0.5489583 0.3794643 0.5489583 0.3794643 0.5489583 0.3794643 0.5489583 0.3794643 0.5489583 0.3794643 0.5489583 0.3794643 0.5489583 0.3794643 0.5489583 0.3794643 0.5489583 0.3794643 0.5489583 0.3794643 0.5489583 0.3794643 0.5489583 0.3794643 0.5489583 0.3794643 0.5489583 0.3794643 0.5489583 0.3794643 0.5489583 0.3794643 0.5489583 0.3794643 0.5489583 0.3794643 0.5489583 0.3794643 0.5489583 0.3794643 0.5489583 0.3794643 0.5489583 0.3794643 0.5489583 0.3794643 0.5489583 0.3794643 0.5489583 0.3794643 0.5489583 0.3794643 0.5489583 0.3794643 0.5489583 0.3794643 0.5489583 0.3794643 0.5489583 0.3794643 0.5489583 0.3794643 0.5489583 0.3794643 0.5489583 0.3794643 0.5489583 0.3794643 0.5489583 0.3794643 0.5489583 0.3794643 0.5489583 0.3794643 0.5489583 0.3794643 0.5489583 0.3794643 0.5489583 0.3794643 0.5489583 0.3794643 0.5489583 0.3794643 0.5489583 0.3794643 0.5489583 0.3794643 0.5489583 0.3794643 0.5489583 0.3794643 0.5489583 0.3794643 0.5489583 0.3794643 0.5489583 0.3794643 0.5489583 0.3794643 0.5489583 0.3794643 0.5489583 0.3794643 0.5489583 0.3794643 0.5489583 0.3794643 0.5489583 0.3794643 0.5489583 0.3794643 0.5489583 0.3794643 0.5489583 0.3794643 0.5489583 0.3794643 0.5489583 0.3794643 0.5489583 0.3794643 0.5489583 0.3794643 0.5489583 0.3794643 0.5489583 0.3794643 0.5489583 0.3794643 0.5489583 0.3794643 0.5489583 0.3794643 0.5489583 0.3794643 0.5489583 0.3794643 0.5489583 0.3794643 0.5489583 0.3794643 0.5489583 0.3794643 0.5489583 0.3794643 0.5489583 0.3794643 0.5489583 0.3794643 0.5489583 0.3794643 0.5489583 0.3794643 0.5489583 0.3794643 0.5489583 0.3794643 0.5489583 0.3794643 0.5489583 0.3794643 0.5489583 0.3794643 0.5489583 0.3794643 0.5489583 0.3794643 0.5489583 0.3794643 0.5489583 0.3794643 0.5489583 0.3794643 0.5489583 0.3794643 0.5489583 0.3794643 0.5489583 0.3794643 0.5489583 0.3794643 0.5489583 0.3794643 0.5489583 0.3794643 0.5489583 0.3794643 0.5489583 0.3794643 0.5489583 0.3794643 0.5489583 0.3794643 0.5489583 0.3794643 0.5489583 0.3794643 0.5489583 0.3794643 0.5489583 0.3794643 0.5489583 0.3794643 0.5489583 0.3794643 0.5489583 0.3794643 0.5489583 0.3794643 0.5489583 0.3794643 0.5489583 0.3794643 0.5489583 0.3794643 0.5489583 0.3794643 0.5489583 0.3794643 0.5489583 0.3794643 0.5489583 0.3794643 0.5489583 0.3794643 0.5489583 0.3794643 0.5489583 0.3794643 0.5489583 0.3794643 0.5489583 0.3794643 0.5489583 0.3794643 0.5489583 0.3794643 0.5489583 0.3794643 0.5489583 0.3794643 0.5489583 0.3794643 0.5489583 0.3794643 0.5489583 0.3794643 0.5489583 0.3794643 0.5489583 0.3794643 0.5489583 0.3794643 0.5489583 0.3794643 0.5489583 0.3794643 0.5489583 0.3794643 0.5489583 0.3794643 0.5489583 0.3794643 0.5489583 0.3794643 0.5489583 0.3794643 0.5489583 0.3794643 0.5489583 0.3794643 0.5489583 0.3794643 0.5489583 0.3794643 0.5489583 0.3794643 0.5489583 0.3794643 0.5489583 0.3794643 0.5489583 0.3794643 0.5489583 0.3794643 0.5489583 0.3794643 0.5489583 0.3794643 0.5489583 0.3794643 0.5489583 0.3794643 0.5489583 0.3794643 0.5489583 0.3794643 0.5489583 0.3794643 0.5489583 0.3794643 0.5489583 0.3794643 0.5489583 0.3794643 0.5489583 0.3794643 0.5489583 0.3794643 0.5489583 0.3794643 0.5489583 0.3794643 0.5489583 0.3794643 0.5489583 0.3794643 0.5489583 0.3794643 0.5489583 0.3794643 0.5489583 0.3794643 0.5489583 0.3794643 0.5489583 0.3794643 0.5489583 0.3794643 0.5489583 0.3794643 0.5489583 0.3794643 0.5489583 0.3794643 0.5489583 0.3794643 0.5489583 0.3794643 0.5489583 0.3794643 0.5489583 0.3794643 0.5489583 0.3794643 0.5489583 0.3794643 0.5489583 0.3794643 0.5489583 0.3794643 0.5489583 0.3794643 0.5489583 0.3794643 0.5489583 0.3794643 0.5489583 0.3794643 0.5489583 0.3794643 0.5489583 0.3794643 0.5489583 0.3794643 0.5489583 0.3794643 0.5489583 0.3794643 0.5489583 0.3794643 0.5489583 0.3794643 0.5489583 0.3794643 0.5489583 0.3794643 0.5489583 0.3794643 0.5489583 0.3794643 0.5489583 0.3794643 0.5489583 0.3794643 0.5489583 0.3794643 0.5489583 0.3794643 0.5489583 0.3794643 0.5489583 0.3794643 0.5489583 0.3794643 0.5489583 0.3794643 0.5489583 0.3794643 0.5489583 0.3794643 0.5489583 0.3794643 0.5489583 0.3794643 0.5489583 0.3794643 0.5489583 0.3794643 0.5489583 0.3794643 0.5489583 0.3794643 0.5489583 0.3794643 0.5489583 0.3794643 0.5489583 0.3794643 0.5489583 0.3794643 0.5489583 0.3794643 0.5489583 0.3794643 0.5489583 0.3794643 0.5489583 0.3794643 0.5489583 0.3794643 0.5489583 0.3794643 0.5489583 0.3794643 0.5489583 0.3794643 0.5489583 0.3794643 0.5489583 0.3794643 0.5489583 0.3794643 0.5489583 0.3794643 0.5489583 0.3794643 0.5489583 0.3794643 0.5489583 0.3794643 0.5489583 0.3794643 0.5489583 0.3794643 0.5489583 0.3794643 0.5489583 0.3794643 0.5489583 0.3794643 0.5489583 0.3794643 0.5489583 0.3794643 0.5489583 0.3794643 0.5489583 0.3794643 0.5489583 0.3794643 0.5489583 0.3794643 0.5489583 0.3794643 0.5489583 0.3794643 0.5489583 0.3794643 0.5489583 0.3794643 0.5489583 0.3794643 0.5489583 0.3794643 0.5489583 0.3794643 0.5489583 0.3794643 0.5489583 0.3794643 0.5489583 0.3794643 0.5489583 0.3794643 0.5489583 0.3794643 0.5489583 0.3794643 0.5489583 0.3794643 0.5489583 0.3794643 0.5489583 0.3794643 0.5489583 0.3794643 0.5489583 0.3794643 0.5489583 0.3794643 0.5489583 0.3794643 0.5489583 0.3794643 0.5489583 0.3794643 0.5489583 0.3794643 0.5489583 0.3794643 0.5489583 0.3794643 0.5489583 0.3794643 0.5489583 0.3794643 0.5489583 0.3794643 0.5489583 0.3794643 0.5489583 0.3794643 0.5489583 0.3794643 0.5489583 0.3794643 0.5489583 0.3794643 0.5489583 0.3794643 0.5489583 0.3794643 0.5489583 0.3794643 0.5489583 0.3794643 0.5489583 0.3794643 0.5489583 0.3794643 0.5489583 0.3794643 0.5489583 0.3794643 0.5489583 0.3794643 0.5489583 0.3794643 0.5489583 0.3794643 0.5489583 0.3794643 0.5489583 0.3794643 0.5489583 0.3794643 0.5489583 0.3794643 0.5489583 0.3794643 0.5489583 0.3794643 0.5489583 0.3794643 0.5489583 0.3794643 0.5489583 0.3794643 0.5489583 0.3794643 0.5489583 0.3794643 0.5489583 0.3794643 0.5489583 0.3794643 0.5489583 0.3794643 0.5489583 0.3794643 0.5489583 0.3794643 0.5489583 0.3794643 0.5489583 0.3794643 0.5489583 0.3794643 0.5489583 0.3794643 0.5489583 0.3794643 0.5489583 0.3794643 0.5489583 0.3794643 0.5489583 0.3794643 0.5489583 0.3794643 0.5489583 0.3794643 0.5489583 0.3794643 0.5489583 0.3794643 0.5489583 0.3794643 0.5489583 0.3794643 0.5489583 0.3794643 0.5489583 0.3794643 0.5489583 0.3794643 0.5489583 0.3794643 0.1489583 0.3794643 0.1489583 0.3794643 0.1489583 0.3794643 0.1489583 0.3794643 0.1489583 0.3794643 0.1489583 0.3794643 0.1489583 0.3794643 0.1489583 0.3794643 0.1489583 0.3794643 0.1489583 0.3794643 0.1489583 0.3794643 0.1489583 0.3794643 0.1489583 0.3794643 0.1489583 0.3794643 0.1489583 0.3794643 0.1489583 0.3794643 0.1489583 0.3794643 0.1489583 0.3794643 0.1489583 0.3794643 0.1489583 0.3794643 0.1489583 0.3794643 0.1489583 0.3794643 0.1489583 0.3794643 0.1489583 0.3794643 0.1489583 0.3794643 0.1489583 0.3794643 0.1489583 0.3794643 0.1489583 0.3794643 0.1489583 0.3794643 0.1489583 0.3794643 0.1489583 0.3794643 0.1489583 0.3794643 0.1489583 0.3794643 0.1489583 0.3794643 0.1489583 0.3794643 0.1489583 0.3794643 0.1489583 0.3794643 0.1489583 0.3794643 0.1489583 0.3794643 0.1489583 0.3794643 0.1489583 0.3794643 0.1489583 0.3794643 0.1489583 0.3794643 0.1489583 0.3794643 0.1489583 0.3794643 0.1489583 0.3794643 0.1489583 0.3794643 0.1489583 0.3794643 0.1489583 0.3794643 0.1489583 0.3794643 0.1489583 0.3794643 0.1489583 0.3794643 0.1489583 0.3794643 0.1489583 0.3794643 0.1489583 0.3794643 0.1489583 0.3794643 0.1489583 0.3794643 0.1489583 0.3794643 0.1489583 0.3794643 0.1489583 0.3794643 0.1489583 0.3794643 0.1489583 0.3794643 0.1489583 0.3794643 0.1489583 0.3794643 0.1489583 0.3794643 0.1489583 0.3794643 0.1489583 0.3794643 0.1489583 0.3794643 0.1489583 0.3794643 0.1489583 0.3794643 0.1489583 0.3794643 0.1489583 0.3794643 0.1489583 0.3794643 0.1489583 0.3794643 0.1489583 0.3794643 0.1489583 0.3794643 0.1489583 0.3794643 0.1489583 0.3794643 0.1489583 0.3794643 0.1489583 0.3794643 0.1489583 0.3794643 0.1489583 0.3794643 0.1489583 0.3794643 0.1489583 0.3794643 0.1489583 0.3794643 0.1489583 0.3794643 0.1489583 0.3794643 0.1489583 0.3794643 0.1489583 0.3794643 0.1489583 0.3794643 0.1489583 0.3794643 0.1489583 0.3794643 0.1489583 0.3794643 0.1489583 0.3794643 0.1489583 0.3794643 0.1489583 0.3794643 0.1489583 0.3794643 0.1489583 0.3794643 0.1489583 0.3794643 0.1489583 0.3794643 0.1489583 0.3794643 0.1489583 0.3794643 0.1489583 0.3794643 0.1489583 0.3794643 0.1489583 0.3794643 0.1489583 0.3794643 0.1489583 0.3794643 0.1489583 0.3794643 0.1489583 0.3794643 0.1489583 0.3794643 0.1489583 0.3794643 0.1489583 0.3794643 0.1489583 0.3794643 0.1489583 0.3794643 0.1489583 0.3794643 0.1489583 0.3794643 0.1489583 0.3794643 0.1489583 0.3794643 0.1489583 0.3794643 0.1489583 0.3794643 0.1489583 0.3794643 0.1489583 0.3794643 0.1489583 0.3794643 0.1489583 0.3794643 0.1489583 0.3794643 0.1489583 0.3794643 0.1489583 0.3794643 0.1489583 0.3794643 0.1489583 0.3794643 0.1489583 0.3794643 0.1489583 0.3794643 0.1489583 0.3794643 0.1489583 0.3794643 0.1489583 0.3794643 0.1489583 0.3794643 0.1489583 0.3794643 0.1489583 0.3794643 0.1489583 0.3794643 0.1489583 0.3794643 0.1489583 0.3794643 0.1489583 0.3794643 0.1489583 0.3794643 0.1489583 0.3794643 0.1489583 0.3794643 0.1489583 0.3794643 0.1489583 0.3794643 0.1489583 0.3794643 0.1489583 0.3794643 0.1489583 0.3794643 0.1489583 0.3794643 0.1489583 0.3794643 0.1489583 0.3794643 0.1489583 0.3794643 0.1489583 0.3794643 0.1489583 0.3794643 0.1489583 0.3794643 0.1489583 0.3794643 0.1489583 0.3794643 0.1489583 0.3794643 0.1489583 0.3794643 0.1489583 0.3794643 0.1489583 0.3794643 0.1489583 0.3794643 0.1489583 0.3794643 0.1489583 0.3794643 0.1489583 0.3794643 0.1489583 0.3794643 0.1489583 0.3794643 0.1489583 0.3794643 0.1489583 0.3794643 0.1489583 0.3794643 0.1489583 0.3794643 0.1489583 0.3794643 0.1489583 0.3794643 0.1489583 0.3794643 0.1489583 0.3794643 0.1489583 0.3794643 0.1489583 0.3794643 0.1489583 0.3794643 0.1489583 0.3794643 0.1489583 0.3794643 0.1489583 0.3794643 0.1489583 0.3794643 0.1489583 0.3794643 0.1489583 0.3794643 0.1489583 0.3794643 0.1489583 0.3794643 0.1489583 0.3794643 0.1489583 0.3794643 0.1489583 0.3794643 0.1489583 0.3794643 0.1489583 0.3794643 0.1489583 0.3794643 0.1489583 0.3794643 0.1489583 0.3794643 0.1489583 0.3794643 0.1489583 0.3794643 0.1489583 0.3794643 0.1489583 0.3794643 0.1489583 0.3794643 0.1489583 0.3794643 0.1489583 0.3794643 0.1489583 0.3794643 0.1489583 0.3794643 0.1489583 0.3794643 0.1489583 0.3794643 0.1489583 0.3794643 0.1489583 0.3794643 0.1489583 0.3794643 0.1489583 0.3794643 0.1489583 0.3794643 0.1489583 0.3794643 0.1489583 0.3794643 0.1489583 0.3794643 0.1489583 0.3794643 0.1489583 0.3794643 0.1489583 0.3794643 0.1489583 0.3794643 0.1489583 0.3794643 0.1489583 0.3794643 0.1489583 0.3794643 0.1489583 0.3794643 0.1489583 0.3794643 0.1489583 0.3794643 0.1489583 0.3794643 0.1489583 0.3794643 0.1489583 0.3794643 0.1489583 0.3794643 0.1489583 0.3794643 0.1489583 0.3794643 0.1489583 0.3794643 0.1489583 0.3794643 0.1489583 0.3794643 0.1489583 0.3794643 0.1489583 0.3794643 0.1489583 0.3794643 0.1489583 0.3794643 0.1489583 0.3794643 0.1489583 0.3794643 0.1489583 0.3794643 0.1489583 0.3794643 0.1489583 0.3794643 0.1489583 0.3794643 0.1489583 0.3794643 0.1489583 0.3794643 0.1489583 0.3794643 0.1489583 0.3794643 0.1489583 0.3794643 0.1489583 0.3794643 0.1489583 0.3794643 0.1489583 0.3794643 0.1489583 0.3794643 0.1489583 0.3794643 0.1489583 0.3794643 0.1489583 0.3794643 0.1489583 0.3794643 0.1489583 0.3794643 0.1489583 0.3794643 0.1489583 0.3794643 0.1489583 0.3794643 0.1489583 0.3794643 0.1489583 0.3794643 0.1489583 0.3794643 0.1489583 0.3794643 0.1489583 0.3794643 0.1489583 0.3794643 0.1489583 0.3794643 0.1489583 0.3794643 0.1489583 0.3794643 0.1489583 0.3794643 0.1489583 0.3794643 0.1489583 0.3794643 0.1489583 0.3794643 0.1489583 0.3794643 0.1489583 0.3794643 0.1489583 0.3794643 0.1489583 0.3794643 0.1489583 0.3794643 0.1489583 0.3794643 0.1489583 0.3794643 0.1489583 0.3794643 0.1489583 0.3794643 0.1489583 0.3794643 0.1489583 0.3794643 0.1489583 0.3794643 0.1489583 0.3794643 0.1489583 0.3794643 0.1489583 0.3794643 0.1489583 0.3794643 0.1489583 0.3794643 0.1489583 0.3794643 0.1489583 0.3794643 0.1489583 0.3794643 0.1489583 0.3794643 0.1489583 0.3794643 0.1489583 0.3794643 0.1489583 0.3794643 0.1489583 0.3794643 0.1489583 0.3794643 0.1489583 0.3794643 0.1489583 0.3794643 0.1489583 0.3794643 0.1489583 0.3794643 0.1489583 0.3794643 0.1489583 0.3794643 0.1489583 0.3794643 0.1489583 0.3794643 0.1489583 0.3794643 0.1489583 0.3794643 0.1489583 0.3794643 0.1489583 0.3794643 0.1489583 0.3794643 0.1489583 0.3794643 0.1489583 0.3794643 0.1489583 0.3794643 0.1489583 0.3794643 0.1489583 0.3794643 0.1489583 0.3794643 0.1489583 0.3794643 0.1489583 0.3794643 0.1489583 0.3794643 0.1489583 0.3794643 0.1489583 0.3794643 0.1489583 0.3794643 0.1489583 0.3794643 0.1489583 0.3794643 0.1489583 0.3794643 0.1489583 0.3794643 0.1489583 0.3794643 0.1489583 0.3794643 0.1489583 0.3794643 0.1489583 0.3794643 0.1489583 0.3794643 0.1489583 0.3794643 0.1489583 0.3794643 0.1489583 0.3794643 0.1489583 0.3794643 0.1489583 0.3794643 0.1489583 0.3794643 0.1489583 0.3794643 0.1489583 0.3794643 0.1489583 0.3794643 0.1489583 0.3794643 0.1489583 0.3794643 0.1489583 0.3794643 0.1489583 0.3794643 0.1489583 0.3794643 0.1489583 0.3794643 0.1489583 0.3794643 0.1489583 0.3794643 0.1489583 0.3794643 0.1489583 0.3794643 0.1489583 0.3794643 0.1489583 0.3794643 0.1489583 0.3794643 0.1489583 0.3794643 0.1489583 0.3794643 0.1489583 0.3794643 0.1489583 0.3794643 0.1489583 0.3794643 0.1489583 0.3794643 0.1489583 0.3794643 0.1489583 0.3794643 0.1489583 0.3794643 0.1489583 0.3794643 0.1489583 0.3794643 0.1489583 0.3794643 0.1489583 0.3794643 0.1489583 0.3794643 0.1489583 0.3794643 0.1489583 0.3794643 0.1489583 0.3794643 0.1489583 0.3794643 0.1489583 0.3794643 0.1489583 0.3794643 0.1489583 0.3794643 0.1489583 0.3794643 0.1489583 0.3794643 0.1489583 0.3794643 0.1489583 0.3794643 0.1489583 0.3794643 0.1489583 0.3794643 0.1489583 0.3794643 0.1489583 0.3794643 0.1489583 0.3794643 0.1489583 0.3794643 0.1489583 0.3794643 0.1489583 0.3794643 0.1489583 0.3794643 0.1489583 0.3794643 0.1489583 0.3794643 0.1489583 0.3794643 0.1489583 0.3794643 0.1489583 0.3794643 0.1489583 0.3794643 0.1489583 0.3794643 0.1489583 0.3794643 0.1489583 0.3794643 0.1489583 0.3794643 0.1489583 0.3794643 0.1489583 0.3794643 0.1489583 0.3794643 0.1489583 0.3794643 0.1489583 0.3794643 0.1489583 0.3794643 0.1489583 0.3794643 0.1489583 0.3794643 0.1489583 0.3794643 0.1489583 0.3794643 0.1489583 0.3794643 0.1489583 0.3794643 0.1489583 0.3794643 0.1489583 0.3794643 0.1489583 0.3794643 0.1489583 0.3794643 0.1489583 0.3794643 0.1489583 0.3794643 0.1489583 0.3794643 0.1489583 0.3794643 0.1489583 0.3794643 0.1489583 0.3794643 0.1489583 0.3794643 0.1489583 0.3794643 0.1489583 0.3794643 0.1489583 0.3794643 0.1489583 0.3794643 0.1489583 0.3794643 0.1489583 0.3794643 0.1489583 0.3794643 0.1489583 0.3794643 0.1489583 0.3794643 0.1489583 0.3794643 0.1489583 0.3794643 0.1489583 0.3794643 0.1489583 0.3794643 0.1489583 0.3794643 0.1489583 0.3794643 0.1489583 0.3794643 0.1489583 0.3794643 0.1489583 0.3794643 0.1489583 0.3794643 0.1489583 0.3794643 0.1489583 0.3794643 0.1489583 0.3794643 0.1489583 0.3794643 0.1489583 0.3794643 0.1489583 0.3794643 0.1489583 0.3794643 0.1489583 0.3794643 0.1489583 0.3794643 0.1489583 0.3794643 0.1489583 0.3794643 0.1489583 0.3794643 0.1489583 0.3794643 0.1489583 0.3794643 0.1489583 0.3794643 0.1489583 0.3794643 0.1489583 0.3794643 0.1489583 0.3794643 0.1489583 0.3794643 0.1489583 0.3794643 0.1489583 0.3794643 0.1489583 0.3794643 0.1489583 0.3794643 0.1489583 0.3794643 0.1489583 0.3794643 0.1489583 0.3794643 0.1489583 0.3794643 0.1489583 0.3794643 0.1489583 0.3794643 0.1489583 0.3794643 0.1489583 0.3794643 0.1489583 0.3794643 0.1489583 0.3794643 0.1489583 0.3794643 0.1489583 0.3794643 0.1489583 0.3794643 0.1489583 0.3794643 0.1489583 0.3794643 0.1489583 0.3794643 0.1489583 0.3794643 0.1489583 0.3794643 0.1489583 0.3794643 0.1489583 0.3794643 0.1489583 0.3794643 0.1489583 0.3794643 0.1489583 0.3794643 0.1489583 0.3794643 0.1489583 0.3794643 0.1489583 0.3794643 0.1489583 0.3794643 0.1489583 0.3794643 0.1489583 0.3794643 0.1489583 0.3794643 0.1489583 0.3794643 0.1489583 0.3794643 0.1489583 0.3794643 0.1489583 0.3794643 0.1489583 0.3794643 0.1489583 0.3794643 0.1489583 0.3794643 0.1489583 0.3794643 0.1489583 0.3794643 0.1489583 0.3794643 0.1489583 0.3794643 0.1489583 0.3794643 0.1489583 0.3794643 0.1489583 0.3794643 0.1489583 0.3794643 0.1489583 0.3794643 0.1489583 0.3794643 0.1489583 0.3794643 0.1489583 0.3794643 0.1489583 0.3794643 0.1489583 0.3794643 0.1489583 0.3794643 0.1489583 0.3794643 0.1489583 0.3794643 0.1489583 0.3794643 0.1489583 0.3794643 0.1489583 0.3794643 0.1489583 0.3794643 0.1489583 0.3794643 0.1489583 0.3794643 0.1489583 0.3794643 0.1489583 0.3794643 0.1489583 0.3794643 0.1489583 0.3794643 0.1489583 0.3794643 0.1489583 0.3794643 0.1489583 0.3794643 0.1489583 0.3794643 0.1489583 0.3794643 0.1489583 0.3794643 0.1489583 0.3794643 0.1489583 0.3794643 0.1489583 0.3794643 0.1489583 0.3794643 0.1489583 0.3794643 0.1489583 0.3794643 0.1489583 0.3794643 0.1489583 0.3794643 0.1489583 0.3794643 0.1489583 0.3794643 0.1489583 0.3794643 0.1489583 0.3794643 0.1489583 0.3794643 0.1489583 0.3794643 0.1489583 0.3794643 0.1489583 0.3794643 0.1489583 0.3794643 0.1489583 0.3794643 0.1489583 0.3794643 0.1489583 0.3794643 0.1489583 0.3794643 0.1489583 0.3794643 0.1489583 0.3794643 0.1489583 0.3794643 0.1489583 0.3794643 0.1489583 0.3794643 0.1489583 0.3794643 0.1489583 0.3794643 0.1489583 0.3794643 0.1489583 0.3794643 0.1489583 0.3794643 0.1489583 0.3794643 0.1489583 0.3794643 0.1489583 0.3794643 0.1489583 0.3794643 0.1489583 0.3794643 0.1489583 0.3794643 0.1489583 0.3794643 0.1489583 0.3794643 0.1489583 0.3794643 0.1489583 0.3794643 0.1489583 0.3794643 0.1489583 0.3794643 0.1489583 0.3794643 0.1489583 0.3794643 0.1489583 0.3794643 0.1489583 0.3794643 0.1489583 0.3794643 0.1489583 0.3794643 0.1489583 0.3794643 0.1489583 0.3794643 0.1489583 0.3794643 0.1489583 0.3794643 0.1489583 0.3794643 0.1489583 0.3794643 0.1489583 0.3794643 0.1489583 0.3794643 0.1489583 0.3794643 0.1489583 0.3794643 0.1489583 0.3794643 0.1489583 0.3794643 0.1489583 0.3794643 0.1489583 0.3794643 0.1489583 0.3794643 0.1489583 0.3794643 0.1489583 0.3794643 0.1489583 0.3794643 0.1489583 0.3794643 0.1489583 0.3794643 0.1489583 0.3794643 0.1489583 0.3794643 0.1489583 0.3794643 0.1489583 0.3794643 0.1489583 0.3794643 0.1489583 0.3794643 0.1489583 0.3794643 0.1489583 0.3794643 0.1489583 0.3794643 0.1489583 0.3794643 0.1489583 0.3794643 0.1489583 0.3794643 0.1489583 0.3794643 0.1489583 0.3794643 0.1489583 0.3794643 0.1489583 0.3794643 0.1489583 0.3794643 0.1489583 0.3794643 0.1489583 0.3794643 0.1489583 0.3794643 0.1489583 0.3794643 0.1489583 0.3794643 0.1489583 0.3794643 0.1489583 0.3794643 0.1489583 0.3794643 0.1489583 0.3794643 0.1489583 0.3794643 0.1489583 0.3794643 0.1489583 0.3794643 0.1489583 0.3794643 0.1489583 0.3794643 0.1489583 0.3794643 0.1489583 0.3794643 0.1489583 0.3794643 0.1489583 0.3794643 0.1489583 0.3794643 0.1489583 0.3794643 0.1489583 0.3794643 0.1489583 0.3794643 0.1489583 0.3794643 0.1489583 0.3794643 0.1489583 0.3794643 0.1489583 0.3794643 0.1489583 0.3794643 0.1489583 0.3794643 0.1489583 0.3794643 0.1489583 0.3794643 0.1489583 0.3794643 0.1489583 0.3794643 0.1489583 0.3794643 0.1489583 0.3794643 0.1489583 0.3794643 0.1489583 0.3794643 0.1489583 0.3794643 0.1489583 0.3794643 0.1489583 0.3794643 0.1489583 0.3794643 0.1489583 0.3794643 0.1489583 0.3794643 0.1489583 0.3794643 0.1489583 0.3794643 0.1489583 0.3794643 0.1489583 0.3794643 0.1489583 0.3794643 0.1489583 0.3794643 0.1489583 0.3794643 0.1489583 0.3794643 0.1489583 0.3794643 0.1489583 0.3794643 0.1489583 0.3794643 0.1489583 0.3794643 0.1489583 0.3794643 0.1489583 0.3794643 0.1489583 0.3794643 0.1489583 0.3794643 0.1489583 0.3794643 0.1489583 0.3794643 0.1489583 0.3794643 0.1489583 0.3794643 0.1489583 0.3794643 0.1489583 0.3794643 0.1489583 0.3794643 0.1489583 0.3794643 0.1489583 0.3794643 0.1489583 0.3794643 0.1489583 0.3794643 0.1489583 0.3794643 0.1489583 0.3794643 0.1489583 0.3794643 0.1489583 0.3794643 0.1489583 0.3794643 0.1489583 0.3794643 0.1489583 0.3794643 0.1489583 0.3794643 0.1489583 0.3794643 0.1489583 0.3794643 0.1489583 0.3794643 0.1489583 0.3794643 0.1489583 0.3794643 0.1489583 0.3794643 0.1489583 0.3794643 0.1489583 0.3794643 0.1489583 0.3794643 0.1489583 0.3794643 0.1489583 0.3794643 0.1489583 0.3794643 0.1489583 0.3794643 0.1489583 0.3794643 0.1489583 0.3794643 0.1489583 0.3794643 0.1489583 0.3794643 0.1489583 0.3794643 0.1489583 0.3794643 0.1489583 0.3794643 0.1489583 0.3794643 0.1489583 0.3794643 0.1489583 0.3794643 0.1489583 0.3794643 0.1489583 0.3794643 0.1489583 0.3794643 0.1489583 0.3794643 0.1489583 0.3794643 0.1489583 0.3794643 0.1489583 0.3794643 0.1489583 0.3794643 0.1489583 0.3794643 0.1489583 0.3794643 0.1489583 0.3794643 0.1489583 0.3794643 0.1489583 0.3794643 0.1489583 0.3794643 0.1489583 0.3794643 0.1489583 0.3794643 0.1489583 0.3794643 0.1489583 0.3794643 0.1489583 0.3794643 0.1489583 0.3794643 0.1489583 0.3794643 0.1489583 0.3794643 0.1489583 0.3794643 0.1489583 0.3794643 0.1489583 0.3794643 0.1489583 0.3794643 0.1489583 0.3794643 0.1489583 0.3794643 0.1489583 0.3794643 0.1489583 0.3794643 0.1489583 0.3794643 0.1489583 0.3794643 0.1489583 0.3794643 0.1489583 0.3794643 0.1489583 0.3794643 0.1489583 0.3794643 0.1489583 0.3794643 0.1489583 0.3794643 0.1489583 0.3794643 0.1489583 0.3794643 0.1489583 0.3794643 0.1489583 0.3794643 0.1489583 0.3794643 0.1489583 0.3794643 0.1489583 0.3794643 0.1489583 0.3794643 0.1489583 0.3794643 0.1489583 0.3794643 0.1489583 0.3794643 0.1489583 0.3794643 0.1489583 0.3794643 0.1489583 0.3794643 0.1489583 0.3794643 0.1489583 0.3794643 0.1489583 0.3794643 0.1489583 0.3794643 0.1489583 0.3794643 0.1489583 0.3794643 0.1489583 0.3794643 0.1489583 0.3794643 0.1489583 0.3794643 0.1489583 0.3794643 0.1489583 0.3794643 0.1489583 0.3794643 0.1489583 0.3794643 0.1489583 0.3794643 0.1489583 0.3794643 0.1489583 0.3794643 0.1489583 0.3794643 0.1489583 0.3794643 0.1489583 0.3794643 0.1489583 0.3794643 0.1489583 0.3794643 0.1489583 0.3794643 0.1489583 0.3794643 0.1489583 0.3794643 0.1489583 0.3794643 0.1489583 0.3794643 0.1489583 0.3794643 0.1489583 0.3794643 0.1489583 0.3794643 0.1489583 0.3794643 0.1489583 0.3794643 0.1489583 0.3794643 0.1489583 0.3794643 0.1489583 0.3794643 0.1489583 0.3794643 0.1489583 0.3794643 0.1489583 0.3794643 0.1489583 0.3794643 0.1489583 0.3794643 0.1489583 0.3794643 0.1489583 0.3794643 0.1489583 0.3794643 0.1489583 0.3794643 0.1489583 0.3794643 0.1489583 0.3794643 0.1489583 0.3794643 0.1489583 0.3794643 0.1489583 0.3794643 0.1489583 0.3794643 0.1489583 0.3794643 0.1489583 0.3794643 0.1489583 0.3794643 0.1489583 0.3794643 0.1489583 0.3794643 0.1489583 0.3794643 0.1489583 0.3794643 0.1489583 0.3794643 0.1489583 0.3794643 0.1489583 0.3794643 0.1489583 0.3794643 0.1489583 0.3794643 0.1489583 0.3794643 0.1489583 0.3794643 0.1489583 0.3794643 0.1489583 0.3794643 0.1489583 0.3794643 0.1489583 0.3794643 0.1489583 0.3794643 0.1489583 0.3794643 0.1489583 0.3794643 0.1489583 0.3794643 0.1489583 0.3794643 0.1489583 0.3794643 0.1489583 0.3794643 0.1489583 0.3794643 0.1489583 0.3794643 0.1489583 0.3794643 0.1489583 0.3794643 0.1489583 0.3794643 0.1489583 0.3794643 0.1489583 0.3794643 0.1489583 0.3794643 0.1489583 0.3794643 0.1489583 0.3794643 0.1489583 0.3794643 0.1489583 0.3794643 0.1489583 0.3794643 0.1489583 0.3794643 0.1489583 0.3794643 0.1489583 0.3794643 0.1489583 0.3794643 0.1489583 0.3794643 0.1489583 0.3794643 0.1489583 0.3794643 0.1489583 0.3794643 0.1489583 0.3794643 0.1489583 0.3794643 0.1489583 0.3794643 0.1489583 0.3794643 0.1489583 0.3794643 0.1489583 0.3794643 0.1489583 0.3794643 0.1489583 0.3794643 0.1489583 0.3794643 0.1489583 0.3794643 0.1489583 0.3794643 0.1489583 0.3794643 0.1489583 0.3794643 0.1489583 0.3794643 0.1489583 0.3794643 0.1489583 0.3794643 0.1489583 0.3794643 0.1489583 0.3794643 0.1489583 0.3794643 0.1489583 0.3794643 0.1489583 0.3794643 0.1489583 0.3794643 0.1489583 0.3794643 0.1489583 0.3794643 0.1489583 0.3794643 0.1489583 0.3794643 0.1489583 0.3794643 0.1489583 0.3794643 0.1489583 0.3794643 0.1489583 0.3794643 0.1489583 0.3794643 0.1489583 0.3794643 0.1489583 0.3794643 0.1489583 0.3794643 0.1489583 0.3794643 0.1489583 0.3794643 0.1489583 0.3794643 0.1489583 0.3794643 0.1489583 0.3794643 0.1489583 0.3794643 0.1489583 0.3794643 0.1489583 0.3794643 0.1489583 0.3794643 0.1489583 0.3794643 0.1489583 0.3794643 0.1489583 0.3794643 0.1489583 0.3794643 0.1489583 0.3794643 0.1489583 0.3794643 0.1489583 0.3794643 0.1489583 0.3794643 0.1489583 0.3794643 0.1489583 0.3794643 0.1489583 0.3794643 0.1489583 0.3794643 0.1489583 0.3794643 0.1489583 0.3794643 0.1489583 0.3794643 0.1489583 0.3794643 0.1489583 0.3794643 0.1489583 0.3794643 0.1489583 0.3794643 0.1489583 0.3794643 0.1489583 0.3794643 0.1489583 0.3794643 0.1489583 0.3794643 0.1489583 0.3794643 0.1489583 0.3794643 0.1489583 0.3794643 0.1489583 0.3794643 0.1489583 0.3794643 0.1489583 0.3794643 0.1489583 0.3794643 0.1489583 0.3794643 0.1489583 0.3794643 0.1489583 0.3794643 0.1489583 0.3794643 0.1489583 0.3794643 0.1489583 0.3794643 0.1489583 0.3794643 0.1489583 0.3794643 0.1489583 0.3794643 0.1489583 0.3794643 0.1489583 0.3794643 0.1489583 0.3794643 0.1489583 0.3794643 0.1489583 0.3794643 0.1489583 0.3794643 0.1489583 0.3794643</float_array>
          <technique_common>
            <accessor count="2368" source="#texcoords-array-array" stride="2">
              <param type="float" name="S"/>
              <param type="float" name="T"/>
            </accessor>
          </technique_common>
        </source>
        <vertices id="verts-array-vertices">
          <input semantic="POSITION" source="#verts-array"/>
        </vertices>
        <triangles count="3279" material="material0">
          <input offset="0" semantic="VERTEX" source="#verts-array-vertices"/>
          <input offset="1" semantic="NORMAL" source="#normals-array"/>
          <input offset="2" semantic="TEXCOORD" source="#texcoords-array"/>
          <p>0 0 0 1 1 1 2 2 2 3 3 3 0 0 0 2 2 2 2 2 2 4 4 4 3 3 3 3 3 3 4 4 4 5 5 5 5 5 5 6 6 6 3 3 3 5 5 5 7 7 7 6 6 6 6 6 6 7 7 7 8 8 8 8 8 8 9 9 9 6 6 6 9 9 9 8 8 8 10 10 10 10 10 10 11 11 11 9 9 9 10 10 10 12 12 12 11 11 11 12 12 12 13 13 13 11 11 11 13 13 13 14 14 14 11 11 11 11 11 11 14 14 14 15 15 15 11 11 11 15 15 15 16 16 16 17 17 17 15 15 15 14 14 14 18 18 18 11 11 11 16 16 16 14 14 14 19 19 19 17 17 17 16 16 16 20 20 20 18 18 18 14 14 14 21 21 21 19 19 19 22 22 22 18 18 18 20 20 20 21 21 21 14 14 14 23 23 23 20 20 20 24 24 24 22 22 22 25 25 25 21 21 21 23 23 23 22 22 22 24 24 24 26 26 26 26 26 26 27 27 27 22 22 22 26 26 26 28 28 28 27 27 27 25 25 25 23 23 23 29 29 29 29 29 29 30 30 30 25 25 25 31 31 31 30 30 30 29 29 29 32 32 32 31 31 31 29 29 29 32 32 32 29 29 29 33 33 33 33 33 33 34 34 34 32 32 32 35 35 35 32 32 32 34 34 34 34 34 34 36 36 36 35 35 35 37 37 37 38 38 38 39 39 39 39 39 39 40 40 40 37 37 37 40 40 40 39 39 39 41 41 41 41 41 41 42 42 42 40 40 40 41 41 41 43 43 43 42 42 42 44 44 44 43 43 43 41 41 41 41 41 41 45 45 45 44 44 44 46 46 46 44 44 44 45 45 45 45 45 45 47 47 47 46 46 46 45 45 45 48 48 48 47 47 47 48 48 48 49 49 49 47 47 47 47 47 47 50 50 50 46 46 46 50 50 50 47 47 47 51 51 51 51 51 51 52 52 52 50 50 50 52 52 52 53 53 53 50 50 50 53 53 53 54 54 54 50 50 50 54 54 54 55 55 55 50 50 50 56 56 56 50 50 50 55 55 55 56 56 56 55 55 55 57 57 57 56 56 56 57 57 57 58 58 58 58 58 58 59 59 59 56 56 56 59 59 59 58 58 58 60 60 60 61 61 61 59 59 59 60 60 60 60 60 60 62 62 62 61 61 61 62 62 62 60 60 60 63 63 63 62 62 62 63 63 63 64 64 64 64 64 64 65 65 65 62 62 62 66 66 66 67 67 67 68 68 68 69 69 69 66 66 66 68 68 68 68 68 68 70 70 70 69 69 69 69 69 69 70 70 70 71 71 71 71 71 71 72 72 72 69 69 69 71 71 71 73 73 73 72 72 72 74 74 74 72 72 72 73 73 73 73 73 73 75 75 75 74 74 74 76 76 76 74 74 74 75 75 75 75 75 75 77 77 77 76 76 76 77 77 77 78 78 78 76 76 76 77 77 77 79 79 79 78 78 78 77 77 77 80 80 80 79 79 79 80 80 80 77 77 77 81 81 81 80 80 80 81 81 81 82 82 82 82 82 82 81 81 81 83 83 83 83 83 83 84 84 84 82 82 82 82 82 82 85 85 85 80 80 80 82 82 82 86 86 86 85 85 85 87 87 87 85 85 85 86 86 86 88 88 88 87 87 87 86 86 86 89 89 89 88 88 88 86 86 86 89 89 89 86 86 86 90 90 90 90 90 90 91 91 91 89 89 89 92 92 92 91 91 91 90 90 90 90 90 90 93 93 93 92 92 92 92 92 92 93 93 93 94 94 94 95 95 95 92 92 92 94 94 94 94 94 94 96 96 96 95 95 95 95 95 95 96 96 96 97 97 97 97 97 97 98 98 98 95 95 95 97 97 97 99 99 99 98 98 98 100 100 100 101 101 101 102 102 102 103 103 103 100 100 100 102 102 102 102 102 102 104 104 104 103 103 103 104 104 104 105 105 105 103 103 103 106 106 106 103 103 103 105 105 105 107 107 107 103 103 103 106 106 106 105 105 105 108 108 108 106 106 106 107 107 107 106 106 106 109 109 109 109 109 109 110 110 110 107 107 107 109 109 109 111 111 111 110 110 110 111 111 111 109 109 109 112 112 112 112 112 112 113 113 113 111 111 111 114 114 114 113 113 113 112 112 112 112 112 112 115 115 115 114 114 114 115 115 115 116 116 116 114 114 114 116 116 116 115 115 115 117 117 117 117 117 117 118 118 118 116 116 116 117 117 117 119 119 119 118 118 118 117 117 117 120 120 120 119 119 119 120 120 120 117 117 117 121 121 121 121 121 121 122 122 122 120 120 120 121 121 121 123 123 123 122 122 122 123 123 123 121 121 121 124 124 124 124 124 124 125 125 125 126 126 126 127 127 127 125 125 125 124 124 124 126 126 126 128 128 128 124 124 124 124 124 124 129 129 129 127 127 127 130 130 130 127 127 127 129 129 129 131 131 131 130 130 130 129 129 129 132 132 132 131 131 131 129 129 129 129 129 129 133 133 133 132 132 132 134 134 134 132 132 132 133 133 133 134 134 134 133 133 133 135 135 135 135 135 135 136 136 136 134 134 134 137 137 137 136 136 136 135 135 135 135 135 135 138 138 138 137 137 137 139 139 139 137 137 137 138 138 138 140 140 140 139 139 139 138 138 138 138 138 138 141 141 141 140 140 140 141 141 141 142 142 142 140 140 140 143 143 143 142 142 142 141 141 141 141 141 141 144 144 144 143 143 143 143 143 143 144 144 144 145 145 145 142 142 142 143 143 143 146 146 146 146 146 146 147 147 147 142 142 142 147 147 147 146 146 146 148 148 148 148 148 148 149 149 149 147 147 147 145 145 145 150 150 150 143 143 143 150 150 150 145 145 145 151 151 151 143 143 143 150 150 150 152 152 152 152 152 152 153 153 153 143 143 143 154 154 154 143 143 143 153 153 153 155 155 155 154 154 154 153 153 153 156 156 156 155 155 155 153 153 153 153 153 153 157 157 157 156 156 156 158 158 158 156 156 156 157 157 157 157 157 157 159 159 159 158 158 158 160 160 160 159 159 159 157 157 157 157 157 157 161 161 161 160 160 160 162 162 162 160 160 160 161 161 161 162 162 162 161 161 161 163 163 163 163 163 163 164 164 164 162 162 162 164 164 164 163 163 163 165 165 165 165 165 165 166 166 166 164 164 164 166 166 166 165 165 165 167 167 167 167 167 167 168 168 168 166 166 166 168 168 168 167 167 167 169 169 169 169 169 169 170 170 170 168 168 168 171 171 171 170 170 170 169 169 169 172 172 172 171 171 171 169 169 169 172 172 172 169 169 169 173 173 173 174 174 174 172 172 172 173 173 173 174 174 174 173 173 173 175 175 175 175 175 175 176 176 176 174 174 174 176 176 176 175 175 175 177 177 177 177 177 177 178 178 178 176 176 176 179 179 179 178 178 178 177 177 177 177 177 177 105 105 105 179 179 179 108 108 108 105 105 105 177 177 177 177 177 177 180 180 180 108 108 108 181 181 181 180 180 180 177 177 177 177 177 177 182 182 182 181 181 181 181 181 181 182 182 182 183 183 183 180 180 180 181 181 181 184 184 184 184 184 184 185 185 185 180 180 180 184 184 184 186 186 186 185 185 185 185 185 185 186 186 186 187 187 187 188 188 188 185 185 185 187 187 187 183 183 183 189 189 189 181 181 181 189 189 189 183 183 183 190 190 190 187 187 187 191 191 191 188 188 188 191 191 191 192 192 192 188 188 188 188 188 188 192 192 192 193 193 193 193 193 193 194 194 194 188 188 188 193 193 193 195 195 195 194 194 194 195 195 195 196 196 196 194 194 194 196 196 196 197 197 197 194 194 194 198 198 198 194 194 194 197 197 197 197 197 197 199 199 199 198 198 198 199 199 199 200 200 200 198 198 198 201 201 201 181 181 181 202 202 202 202 202 202 203 203 203 201 201 201 203 203 203 202 202 202 189 189 189 203 203 203 204 204 204 201 201 201 205 205 205 187 187 187 204 204 204 204 204 204 203 203 203 205 205 205 206 206 206 187 187 187 205 205 205 207 207 207 203 203 203 189 189 189 189 189 189 208 208 208 207 207 207 207 207 207 208 208 208 209 209 209 190 190 190 209 209 209 189 189 189 209 209 209 190 190 190 210 210 210 203 203 203 207 207 207 211 211 211 211 211 211 205 205 205 203 203 203 210 210 210 212 212 212 209 209 209 212 212 212 210 210 210 213 213 213 214 214 214 207 207 207 209 209 209 209 209 209 215 215 215 214 214 214 215 215 215 212 212 212 216 216 216 216 216 216 214 214 214 215 215 215 217 217 217 212 212 212 213 213 213 214 214 214 216 216 216 218 218 218 219 219 219 217 217 217 213 213 213 218 218 218 220 220 220 214 214 214 207 207 207 214 214 214 220 220 220 220 220 220 211 211 211 207 207 207 218 218 218 221 221 221 220 220 220 220 220 220 221 221 221 222 222 222 222 222 222 219 219 219 213 213 213 223 223 223 211 211 211 220 220 220 205 205 205 211 211 211 223 223 223 224 224 224 220 220 220 222 222 222 220 220 220 224 224 224 223 223 223 225 225 225 222 222 222 213 213 213 222 222 222 226 226 226 224 224 224 213 213 213 227 227 227 225 225 225 224 224 224 226 226 226 228 228 228 224 224 224 228 228 228 227 227 227 213 213 213 229 229 229 227 227 227 213 213 213 230 230 230 229 229 229 231 231 231 230 230 230 213 213 213 231 231 231 213 213 213 232 232 232 232 232 232 233 233 233 231 231 231 234 234 234 233 233 233 232 232 232 234 234 234 232 232 232 235 235 235 236 236 236 231 231 231 234 234 234 237 237 237 231 231 231 238 238 238 235 235 235 239 239 239 234 234 234 238 238 238 240 240 240 237 237 237 240 240 240 241 241 241 237 237 237 227 227 227 241 241 241 240 240 240 227 227 227 240 240 240 224 224 224 242 242 242 240 240 240 238 238 238 238 238 238 236 236 236 242 242 242 224 224 224 240 240 240 243 243 243 240 240 240 242 242 242 243 243 243 243 243 243 244 244 244 224 224 224 224 224 224 244 244 244 223 223 223 245 245 245 244 244 244 243 243 243 246 246 246 223 223 223 244 244 244 244 244 244 245 245 245 246 246 246 223 223 223 246 246 246 205 205 205 205 205 205 246 246 246 206 206 206 246 246 246 247 247 247 206 206 206 248 248 248 247 247 247 246 246 246 246 246 246 245 245 245 248 248 248 245 245 245 249 249 249 248 248 248 249 249 249 245 245 245 250 250 250 243 243 243 250 250 250 245 245 245 250 250 250 195 195 195 249 249 249 250 250 250 243 243 243 242 242 242 250 250 250 251 251 251 195 195 195 242 242 242 252 252 252 250 250 250 251 251 251 250 250 250 253 253 253 252 252 252 253 253 253 250 250 250 252 252 252 242 242 242 254 254 254 236 236 236 254 254 254 242 242 242 253 253 253 252 252 252 255 255 255 254 254 254 255 255 255 252 252 252 255 255 255 256 256 256 253 253 253 254 254 254 236 236 236 257 257 257 234 234 234 257 257 257 236 236 236 257 257 257 234 234 234 239 239 239 257 257 257 258 258 258 254 254 254 256 256 256 254 254 254 258 258 258 239 239 239 259 259 259 257 257 257 258 258 258 257 257 257 259 259 259 259 259 259 239 239 239 260 260 260 260 260 260 239 239 239 235 235 235 235 235 235 261 261 261 260 260 260 259 259 259 262 262 262 258 258 258 263 263 263 260 260 260 261 261 261 261 261 261 264 264 264 263 263 263 260 260 260 265 265 265 259 259 259 265 265 265 260 260 260 263 263 263 262 262 262 259 259 259 265 265 265 266 266 266 263 263 263 264 264 264 264 264 264 267 267 267 266 266 266 263 263 263 268 268 268 265 265 265 269 269 269 266 266 266 267 267 267 263 263 263 266 266 266 270 270 270 270 270 270 266 266 266 269 269 269 270 270 270 268 268 268 263 263 263 267 267 267 271 271 271 269 269 269 271 271 271 272 272 272 269 269 269 273 273 273 272 272 272 271 271 271 271 271 271 274 274 274 273 273 273 269 269 269 275 275 275 270 270 270 275 275 275 269 269 269 273 273 273 274 274 274 276 276 276 273 273 273 277 277 277 276 276 276 274 274 274 277 277 277 274 274 274 278 278 278 273 273 273 279 279 279 275 275 275 279 279 279 273 273 273 277 277 277 278 278 278 280 280 280 277 277 277 281 281 281 280 280 280 278 278 278 277 277 277 282 282 282 279 279 279 282 282 282 277 277 277 281 281 281 283 283 283 281 281 281 278 278 278 278 278 278 284 284 284 283 283 283 281 281 281 285 285 285 282 282 282 285 285 285 281 281 281 283 283 283 284 284 284 286 286 286 283 283 283 287 287 287 286 286 286 284 284 284 284 284 284 288 288 288 287 287 287 283 283 283 289 289 289 285 285 285 289 289 289 283 283 283 287 287 287 288 288 288 290 290 290 287 287 287 291 291 291 290 290 290 288 288 288 291 291 291 288 288 288 292 292 292 287 287 287 293 293 293 289 289 289 293 293 293 287 287 287 291 291 291 292 292 292 294 294 294 291 291 291 295 295 295 294 294 294 292 292 292 295 295 295 292 292 292 296 296 296 291 291 291 297 297 297 293 293 293 297 297 297 291 291 291 295 295 295 296 296 296 298 298 298 295 295 295 298 298 298 296 296 296 299 299 299 295 295 295 300 300 300 297 297 297 300 300 300 295 295 295 298 298 298 301 301 301 293 293 293 297 297 297 302 302 302 297 297 297 300 300 300 297 297 297 302 302 302 301 301 301 293 293 293 301 301 301 303 303 303 303 303 303 289 289 289 293 293 293 304 304 304 301 301 301 302 302 302 289 289 289 303 303 303 305 305 305 305 305 305 285 285 285 289 289 289 306 306 306 303 303 303 301 301 301 301 301 301 304 304 304 306 306 306 307 307 307 305 305 305 303 303 303 303 303 303 306 306 306 307 307 307 285 285 285 305 305 305 308 308 308 308 308 308 282 282 282 285 285 285 305 305 305 307 307 307 309 309 309 309 309 309 308 308 308 305 305 305 282 282 282 308 308 308 310 310 310 310 310 310 279 279 279 282 282 282 308 308 308 309 309 309 311 311 311 311 311 311 310 310 310 308 308 308 312 312 312 309 309 309 307 307 307 279 279 279 310 310 310 313 313 313 313 313 313 275 275 275 279 279 279 307 307 307 314 314 314 312 312 312 314 314 314 307 307 307 306 306 306 309 309 309 312 312 312 315 315 315 315 315 315 312 312 312 314 314 314 315 315 315 311 311 311 309 309 309 306 306 306 316 316 316 314 314 314 315 315 315 314 314 314 316 316 316 316 316 316 306 306 306 304 304 304 304 304 304 317 317 317 316 316 316 316 316 316 317 317 317 315 315 315 317 317 317 304 304 304 318 318 318 302 302 302 318 318 318 304 304 304 317 317 317 319 319 319 315 315 315 318 318 318 319 319 319 317 317 317 318 318 318 302 302 302 320 320 320 300 300 300 320 320 320 302 302 302 319 319 319 318 318 318 321 321 321 320 320 320 321 321 321 318 318 318 315 315 315 319 319 319 322 322 322 321 321 321 322 322 322 319 319 319 320 320 320 300 300 300 323 323 323 298 298 298 323 323 323 300 300 300 321 321 321 320 320 320 324 324 324 323 323 323 324 324 324 320 320 320 322 322 322 321 321 321 325 325 325 324 324 324 325 325 325 321 321 321 322 322 322 326 326 326 315 315 315 325 325 325 326 326 326 322 322 322 327 327 327 315 315 315 326 326 326 311 311 311 315 315 315 327 327 327 328 328 328 326 326 326 325 325 325 327 327 327 329 329 329 311 311 311 310 310 310 311 311 311 329 329 329 329 329 329 313 313 313 310 310 310 326 326 326 330 330 330 327 327 327 329 329 329 327 327 327 330 330 330 330 330 330 326 326 326 328 328 328 313 313 313 329 329 329 331 331 331 330 330 330 331 331 331 329 329 329 331 331 331 332 332 332 313 313 313 275 275 275 313 313 313 332 332 332 332 332 332 270 270 270 275 275 275 268 268 268 270 270 270 332 332 332 333 333 333 332 332 332 331 331 331 332 332 332 333 333 333 268 268 268 334 334 334 331 331 331 330 330 330 331 331 331 334 334 334 333 333 333 330 330 330 335 335 335 334 334 334 328 328 328 335 335 335 330 330 330 334 334 334 335 335 335 336 336 336 328 328 328 336 336 336 335 335 335 333 333 333 334 334 334 337 337 337 336 336 336 337 337 337 334 334 334 268 268 268 333 333 333 338 338 338 337 337 337 338 338 338 333 333 333 338 338 338 265 265 265 268 268 268 265 265 265 338 338 338 262 262 262 338 338 338 337 337 337 339 339 339 339 339 339 262 262 262 338 338 338 337 337 337 336 336 336 340 340 340 340 340 340 339 339 339 337 337 337 262 262 262 339 339 339 341 341 341 341 341 341 258 258 258 262 262 262 258 258 258 341 341 341 256 256 256 339 339 339 340 340 340 342 342 342 342 342 342 341 341 341 339 339 339 340 340 340 336 336 336 343 343 343 342 342 342 340 340 340 343 343 343 328 328 328 343 343 343 336 336 336 341 341 341 342 342 342 200 200 200 200 200 200 256 256 256 341 341 341 343 343 343 200 200 200 342 342 342 344 344 344 343 343 343 328 328 328 200 200 200 343 343 343 345 345 345 328 328 328 346 346 346 344 344 344 325 325 325 346 346 346 328 328 328 346 346 346 325 325 325 324 324 324 343 343 343 344 344 344 347 347 347 347 347 347 345 345 345 343 343 343 324 324 324 348 348 348 346 346 346 348 348 348 324 324 324 323 323 323 349 349 349 344 344 344 346 346 346 346 346 346 348 348 348 349 349 349 350 350 350 347 347 347 344 344 344 344 344 344 349 349 349 350 350 350 323 323 323 351 351 351 348 348 348 351 351 351 323 323 323 298 298 298 352 352 352 349 349 349 348 348 348 348 348 348 351 351 351 352 352 352 298 298 298 353 353 353 351 351 351 299 299 299 353 353 353 298 298 298 351 351 351 353 353 353 354 354 354 354 354 354 353 353 353 299 299 299 354 354 354 352 352 352 351 351 351 299 299 299 355 355 355 354 354 354 356 356 356 354 354 354 355 355 355 352 352 352 354 354 354 356 356 356 355 355 355 357 357 357 356 356 356 349 349 349 352 352 352 358 358 358 356 356 356 358 358 358 352 352 352 358 358 358 350 350 350 349 349 349 359 359 359 356 356 356 357 357 357 358 358 358 356 356 356 359 359 359 357 357 357 360 360 360 359 359 359 350 350 350 358 358 358 361 361 361 359 359 359 361 361 361 358 358 358 360 360 360 362 362 362 359 359 359 363 363 363 362 362 362 360 360 360 361 361 361 359 359 359 363 363 363 360 360 360 364 364 364 363 363 363 361 361 361 365 365 365 350 350 350 347 347 347 350 350 350 365 365 365 363 363 363 366 366 366 361 361 361 365 365 365 361 361 361 366 366 366 365 365 365 367 367 367 347 347 347 345 345 345 347 347 347 367 367 367 366 366 366 368 368 368 365 365 365 367 367 367 365 365 365 368 368 368 367 367 367 369 369 369 345 345 345 368 368 368 370 370 370 367 367 367 369 369 369 367 367 367 370 370 370 198 198 198 345 345 345 369 369 369 345 345 345 198 198 198 200 200 200 370 370 370 371 371 371 369 369 369 198 198 198 369 369 369 371 371 371 372 372 372 200 200 200 373 373 373 374 374 374 372 372 372 373 373 373 256 256 256 372 372 372 374 374 374 373 373 373 375 375 375 374 374 374 374 374 374 253 253 253 256 256 256 375 375 375 376 376 376 374 374 374 253 253 253 374 374 374 251 251 251 374 374 374 376 376 376 251 251 251 371 371 371 377 377 377 198 198 198 377 377 377 371 371 371 378 378 378 377 377 377 378 378 378 379 379 379 380 380 380 371 371 371 381 381 381 198 198 198 377 377 377 382 382 382 382 382 382 383 383 383 198 198 198 383 383 383 382 382 382 384 384 384 384 384 384 385 385 385 383 383 383 385 385 385 384 384 384 386 386 386 386 386 386 387 387 387 385 385 385 387 387 387 386 386 386 388 388 388 388 388 388 389 389 389 387 387 387 389 389 389 388 388 388 390 390 390 390 390 390 391 391 391 389 389 389 391 391 391 390 390 390 392 392 392 392 392 392 393 393 393 391 391 391 392 392 392 394 394 394 393 393 393 395 395 395 394 394 394 392 392 392 392 392 392 396 396 396 395 395 395 392 392 392 397 397 397 396 396 396 398 398 398 397 397 397 392 392 392 392 392 392 399 399 399 398 398 398 400 400 400 382 382 382 377 377 377 377 377 377 401 401 401 400 400 400 400 400 400 401 401 401 402 402 402 402 402 402 403 403 403 400 400 400 403 403 403 402 402 402 404 404 404 404 404 404 405 405 405 403 403 403 405 405 405 404 404 404 406 406 406 406 406 406 407 407 407 405 405 405 407 407 407 406 406 406 408 408 408 408 408 408 409 409 409 407 407 407 410 410 410 409 409 409 408 408 408 408 408 408 411 411 411 410 410 410 411 411 411 412 412 412 410 410 410 410 410 410 412 412 412 413 413 413 413 413 413 414 414 414 410 410 410 414 414 414 415 415 415 410 410 410 410 410 410 415 415 415 416 416 416 416 416 416 417 417 417 410 410 410 418 418 418 417 417 417 416 416 416 416 416 416 419 419 419 418 418 418 417 417 417 418 418 418 420 420 420 421 421 421 417 417 417 420 420 420 420 420 420 418 418 418 422 422 422 420 420 420 422 422 422 423 423 423 423 423 423 424 424 424 420 420 420 420 420 420 424 424 424 425 425 425 426 426 426 420 420 420 425 425 425 420 420 420 426 426 426 421 421 421 426 426 426 427 427 427 421 421 421 421 421 421 427 427 427 428 428 428 425 425 425 429 429 429 426 426 426 428 428 428 426 426 426 429 429 429 430 430 430 429 429 429 425 425 425 431 431 431 421 421 421 428 428 428 429 429 429 430 430 430 432 432 432 428 428 428 433 433 433 431 431 431 429 429 429 434 434 434 428 428 428 434 434 434 429 429 429 432 432 432 433 433 433 428 428 428 434 434 434 432 432 432 435 435 435 434 434 434 435 435 435 432 432 432 436 436 436 434 434 434 437 437 437 433 433 433 437 437 437 434 434 434 435 435 435 431 431 431 433 433 433 438 438 438 438 438 438 433 433 433 437 437 437 438 438 438 439 439 439 431 431 431 438 438 438 440 440 440 439 439 439 439 439 439 440 440 440 441 441 441 441 441 441 442 442 442 439 439 439 437 437 437 443 443 443 438 438 438 441 441 441 438 438 438 443 443 443 435 435 435 444 444 444 437 437 437 444 444 444 435 435 435 436 436 436 443 443 443 437 437 437 444 444 444 436 436 436 445 445 445 444 444 444 445 445 445 446 446 446 444 444 444 444 444 444 446 446 446 447 447 447 447 447 447 448 448 448 444 444 444 444 444 444 448 448 448 449 449 449 449 449 449 450 450 450 444 444 444 444 444 444 450 450 450 443 443 443 449 449 449 451 451 451 450 450 450 443 443 443 450 450 450 451 451 451 451 451 451 452 452 452 443 443 443 443 443 443 452 452 452 441 441 441 451 451 451 453 453 453 452 452 452 452 452 452 453 453 453 454 454 454 454 454 454 455 455 455 452 452 452 441 441 441 452 452 452 455 455 455 455 455 455 456 456 456 441 441 441 442 442 442 441 441 441 456 456 456 455 455 455 457 457 457 456 456 456 456 456 456 457 457 457 458 458 458 458 458 458 459 459 459 456 456 456 456 456 456 459 459 459 442 442 442 460 460 460 442 442 442 459 459 459 459 459 459 461 461 461 460 460 460 460 460 460 461 461 461 462 462 462 463 463 463 460 460 460 462 462 462 462 462 462 461 461 461 464 464 464 462 462 462 464 464 464 465 465 465 465 465 465 466 466 466 462 462 462 462 462 462 466 466 466 467 467 467 468 468 468 462 462 462 467 467 467 462 462 462 468 468 468 463 463 463 468 468 468 469 469 469 463 463 463 463 463 463 469 469 469 470 470 470 467 467 467 471 471 471 468 468 468 470 470 470 468 468 468 471 471 471 472 472 472 471 471 471 467 467 467 473 473 473 463 463 463 470 470 470 471 471 471 472 472 472 474 474 474 470 470 470 475 475 475 473 473 473 471 471 471 476 476 476 470 470 470 476 476 476 471 471 471 474 474 474 475 475 475 470 470 470 476 476 476 474 474 474 477 477 477 476 476 476 477 477 477 474 474 474 478 478 478 476 476 476 479 479 479 475 475 475 479 479 479 476 476 476 477 477 477 473 473 473 475 475 475 480 480 480 480 480 480 475 475 475 479 479 479 480 480 480 481 481 481 473 473 473 480 480 480 482 482 482 481 481 481 481 481 481 482 482 482 483 483 483 483 483 483 399 399 399 481 481 481 479 479 479 484 484 484 480 480 480 483 483 483 480 480 480 484 484 484 477 477 477 485 485 485 479 479 479 485 485 485 477 477 477 478 478 478 484 484 484 479 479 479 485 485 485 478 478 478 486 486 486 485 485 485 486 486 486 487 487 487 485 485 485 485 485 485 487 487 487 488 488 488 485 485 485 488 488 488 489 489 489 489 489 489 490 490 490 485 485 485 485 485 485 490 490 490 484 484 484 489 489 489 491 491 491 490 490 490 484 484 484 490 490 490 491 491 491 491 491 491 492 492 492 484 484 484 484 484 484 492 492 492 483 483 483 491 491 491 493 493 493 492 492 492 492 492 492 493 493 493 494 494 494 494 494 494 495 495 495 492 492 492 483 483 483 492 492 492 495 495 495 495 495 495 496 496 496 483 483 483 399 399 399 483 483 483 496 496 496 495 495 495 497 497 497 496 496 496 496 496 496 497 497 497 498 498 498 498 498 498 499 499 499 496 496 496 496 496 496 499 499 499 399 399 399 398 398 398 399 399 399 499 499 499 499 499 499 500 500 500 398 398 398 501 501 501 500 500 500 499 499 499 499 499 499 502 502 502 501 501 501 502 502 502 503 503 503 501 501 501 501 501 501 503 503 503 504 504 504 504 504 504 505 505 505 501 501 501 501 501 501 505 505 505 506 506 506 506 506 506 507 507 507 501 501 501 507 507 507 506 506 506 508 508 508 509 509 509 500 500 500 501 501 501 508 508 508 510 510 510 507 507 507 501 501 501 507 507 507 511 511 511 512 512 512 510 510 510 508 508 508 508 508 508 513 513 513 512 512 512 507 507 507 510 510 510 514 514 514 514 514 514 511 511 511 507 507 507 510 510 510 512 512 512 515 515 515 515 515 515 514 514 514 510 510 510 516 516 516 512 512 512 513 513 513 513 513 513 517 517 517 516 516 516 518 518 518 515 515 515 512 512 512 512 512 512 516 516 516 518 518 518 518 518 518 519 519 519 520 520 520 518 518 518 520 520 520 521 521 521 522 522 522 518 518 518 516 516 516 516 516 516 523 523 523 522 522 522 524 524 524 523 523 523 516 516 516 516 516 516 525 525 525 524 524 524 525 525 525 516 516 516 517 517 517 517 517 517 526 526 526 525 525 525 526 526 526 527 527 527 525 525 525 525 525 525 527 527 527 528 528 528 525 525 525 528 528 528 461 461 461 461 461 461 459 459 459 525 525 525 521 521 521 529 529 529 518 518 518 515 515 515 518 518 518 529 529 529 529 529 529 521 521 521 530 530 530 529 529 529 531 531 531 515 515 515 514 514 514 515 515 515 531 531 531 532 532 532 529 529 529 530 530 530 531 531 531 529 529 529 532 532 532 530 530 530 533 533 533 532 532 532 531 531 531 534 534 534 514 514 514 511 511 511 514 514 514 534 534 534 532 532 532 535 535 535 531 531 531 534 534 534 531 531 531 535 535 535 536 536 536 532 532 532 533 533 533 537 537 537 532 532 532 536 536 536 533 533 533 538 538 538 536 536 536 538 538 538 539 539 539 536 536 536 540 540 540 539 539 539 538 538 538 536 536 536 541 541 541 537 537 537 541 541 541 536 536 536 540 540 540 535 535 535 537 537 537 541 541 541 538 538 538 542 542 542 540 540 540 535 535 535 541 541 541 543 543 543 544 544 544 540 540 540 542 542 542 542 542 542 545 545 545 544 544 544 544 544 544 545 545 545 546 546 546 540 540 540 547 547 547 541 541 541 543 543 543 541 541 541 547 547 547 540 540 540 544 544 544 548 548 548 548 548 548 547 547 547 540 540 540 546 546 546 549 549 549 544 544 544 548 548 548 544 544 544 549 549 549 549 549 549 546 546 546 550 550 550 551 551 551 547 547 547 548 548 548 550 550 550 552 552 552 549 549 549 548 548 548 553 553 553 551 551 551 552 552 552 550 550 550 554 554 554 555 555 555 551 551 551 553 553 553 547 547 547 555 555 555 543 543 543 553 553 553 556 556 556 555 555 555 549 549 549 557 557 557 548 548 548 556 556 556 548 548 548 557 557 557 557 557 557 549 549 549 552 552 552 552 552 552 558 558 558 557 557 557 557 557 557 558 558 558 559 559 559 554 554 554 560 560 560 552 552 552 559 559 559 552 552 552 560 560 560 554 554 554 561 561 561 560 560 560 562 562 562 557 557 557 559 559 559 557 557 557 562 562 562 556 556 556 563 563 563 560 560 560 561 561 561 561 561 561 564 564 564 563 563 563 564 564 564 565 565 565 563 563 563 560 560 560 563 563 563 566 566 566 560 560 560 567 567 567 559 559 559 566 566 566 567 567 567 560 560 560 568 568 568 559 559 559 567 567 567 559 559 559 568 568 568 562 562 562 566 566 566 569 569 569 567 567 567 567 567 567 569 569 569 570 570 570 562 562 562 568 568 568 571 571 571 567 567 567 572 572 572 568 568 568 570 570 570 572 572 572 567 567 567 573 573 573 568 568 568 572 572 572 571 571 571 574 574 574 562 562 562 574 574 574 571 571 571 573 573 573 562 562 562 574 574 574 575 575 575 575 575 575 556 556 556 562 562 562 574 574 574 573 573 573 576 576 576 572 572 572 577 577 577 573 573 573 576 576 576 573 573 573 577 577 577 576 576 576 578 578 578 574 574 574 574 574 574 578 578 578 579 579 579 579 579 579 578 578 578 576 576 576 579 579 579 575 575 575 574 574 574 577 577 577 580 580 580 576 576 576 576 576 576 580 580 580 579 579 579 581 581 581 577 577 577 572 572 572 572 572 572 570 570 570 581 581 581 580 580 580 577 577 577 582 582 582 581 581 581 582 582 582 577 577 577 582 582 582 583 583 583 580 580 580 581 581 581 570 570 570 584 584 584 583 583 583 581 581 581 585 585 585 584 584 584 585 585 585 581 581 581 586 586 586 584 584 584 570 570 570 570 570 570 566 566 566 586 586 586 585 585 585 584 584 584 587 587 587 587 587 587 584 584 584 586 586 586 587 587 587 588 588 588 585 585 585 586 586 586 589 589 589 587 587 587 590 590 590 585 585 585 588 588 588 585 585 585 590 590 590 583 583 583 588 588 588 591 591 591 590 590 590 589 589 589 586 586 586 592 592 592 592 592 592 586 586 586 566 566 566 566 566 566 563 563 563 592 592 592 592 592 592 563 563 563 593 593 593 593 593 593 594 594 594 592 592 592 592 592 592 594 594 594 595 595 595 592 592 592 596 596 596 589 589 589 595 595 595 597 597 597 592 592 592 596 596 596 592 592 592 597 597 597 597 597 597 598 598 598 596 596 596 597 597 597 599 599 599 598 598 598 600 600 600 599 599 599 597 597 597 601 601 601 600 600 600 597 597 597 602 602 602 590 590 590 591 591 591 583 583 583 590 590 590 602 602 602 591 591 591 603 603 603 602 602 602 602 602 602 580 580 580 583 583 583 603 603 603 604 604 604 602 602 602 580 580 580 602 602 602 579 579 579 602 602 602 604 604 604 509 509 509 579 579 579 602 602 602 605 605 605 605 605 605 606 606 606 579 579 579 606 606 606 605 605 605 607 607 607 607 607 607 575 575 575 606 606 606 607 607 607 602 602 602 608 608 608 608 608 608 602 602 602 509 509 509 575 575 575 607 607 607 609 609 609 609 609 609 610 610 610 575 575 575 556 556 556 610 610 610 609 609 609 609 609 609 555 555 555 556 556 556 555 555 555 607 607 607 611 611 611 608 608 608 611 611 611 607 607 607 611 611 611 543 543 543 555 555 555 611 611 611 608 608 608 612 612 612 509 509 509 612 612 612 608 608 608 543 543 543 611 611 611 613 613 613 613 613 613 614 614 614 543 543 543 615 615 615 613 613 613 611 611 611 612 612 612 615 615 615 611 611 611 543 543 543 614 614 614 535 535 535 535 535 535 614 614 614 534 534 534 615 615 615 612 612 612 616 616 616 509 509 509 616 616 616 612 612 612 614 614 614 615 615 615 617 617 617 617 617 617 534 534 534 614 614 614 616 616 616 617 617 617 615 615 615 534 534 534 617 617 617 511 511 511 618 618 618 616 616 616 509 509 509 617 617 617 616 616 616 618 618 618 618 618 618 511 511 511 617 617 617 501 501 501 618 618 618 509 509 509 511 511 511 618 618 618 501 501 501 619 619 619 601 601 601 620 620 620 620 620 620 621 621 621 619 619 619 622 622 622 621 621 621 620 620 620 620 620 620 601 601 601 623 623 623 622 622 622 620 620 620 624 624 624 624 624 624 620 620 620 623 623 623 623 623 623 601 601 601 625 625 625 597 597 597 625 625 625 601 601 601 624 624 624 623 623 623 626 626 626 625 625 625 627 627 627 623 623 623 626 626 626 628 628 628 624 624 624 629 629 629 628 628 628 626 626 626 629 629 629 626 626 626 630 630 630 624 624 624 631 631 631 622 622 622 632 632 632 622 622 622 631 631 631 631 631 631 633 633 633 632 632 632 634 634 634 633 633 633 631 631 631 635 635 635 631 631 631 624 624 624 634 634 634 631 631 631 635 635 635 624 624 624 629 629 629 635 635 635 635 635 635 636 636 636 634 634 634 637 637 637 634 634 634 636 636 636 638 638 638 635 635 635 629 629 629 637 637 637 636 636 636 639 639 639 639 639 639 636 636 636 635 635 635 635 635 635 638 638 638 639 639 639 639 639 639 640 640 640 637 637 637 641 641 641 640 640 640 639 639 639 639 639 639 642 642 642 641 641 641 643 643 643 642 642 642 639 639 639 644 644 644 643 643 643 639 639 639 639 639 639 645 645 645 644 644 644 645 645 645 639 639 639 638 638 638 645 645 645 646 646 646 644 644 644 638 638 638 647 647 647 645 645 645 646 646 646 645 645 645 647 647 647 629 629 629 648 648 648 638 638 638 647 647 647 638 638 638 648 648 648 630 630 630 648 648 648 629 629 629 647 647 647 649 649 649 646 646 646 649 649 649 650 650 650 646 646 646 648 648 648 651 651 651 647 647 647 651 651 651 648 648 648 630 630 630 649 649 649 647 647 647 651 651 651 650 650 650 649 649 649 652 652 652 630 630 630 653 653 653 651 651 651 651 651 651 654 654 654 649 649 649 652 652 652 649 649 649 654 654 654 653 653 653 655 655 655 651 651 651 654 654 654 655 655 655 653 653 653 654 654 654 656 656 656 652 652 652 656 656 656 654 654 654 653 653 653 656 656 656 657 657 657 652 652 652 653 653 653 658 658 658 656 656 656 659 659 659 657 657 657 656 656 656 658 658 658 500 500 500 656 656 656 656 656 656 660 660 660 659 659 659 656 656 656 500 500 500 660 660 660 661 661 661 662 662 662 663 663 663 663 663 663 664 664 664 661 661 661 663 663 663 665 665 665 664 664 664 666 666 666 664 664 664 665 665 665 665 665 665 667 667 667 666 666 666 668 668 668 664 664 664 666 666 666 666 666 666 669 669 669 668 668 668 666 666 666 667 667 667 670 670 670 671 671 671 666 666 666 670 670 670 670 670 670 672 672 672 671 671 671 673 673 673 674 674 674 675 675 675 675 675 675 676 676 676 673 673 673 676 676 676 675 675 675 677 677 677 677 677 677 678 678 678 676 676 676 677 677 677 679 679 679 680 680 680 680 680 680 681 681 681 677 677 677 681 681 681 682 682 682 677 677 677 677 677 677 682 682 682 683 683 683 678 678 678 677 677 677 683 683 683 683 683 683 684 684 684 678 678 678 684 684 684 685 685 685 678 678 678 685 685 685 686 686 686 678 678 678 678 678 678 686 686 686 687 687 687 687 687 687 688 688 688 678 678 678 689 689 689 690 690 690 691 691 691 691 691 691 692 692 692 689 689 689 693 693 693 689 689 689 692 692 692 692 692 692 150 150 150 693 693 693 150 150 150 694 694 694 693 693 693 151 151 151 694 694 694 150 150 150 695 695 695 694 694 694 151 151 151 695 695 695 151 151 151 696 696 696 696 696 696 697 697 697 695 695 695 696 696 696 698 698 698 697 697 697 699 699 699 698 698 698 696 696 696 699 699 699 696 696 696 700 700 700 700 700 700 701 701 701 699 699 699 700 700 700 702 702 702 701 701 701 700 700 700 379 379 379 702 702 702 379 379 379 700 700 700 377 377 377 703 703 703 704 704 704 705 705 705 705 705 705 706 706 706 703 703 703 707 707 707 703 703 703 706 706 706 706 706 706 708 708 708 707 707 707 707 707 707 708 708 708 709 709 709 709 709 709 710 710 710 707 707 707 711 711 711 712 712 712 713 713 713 713 713 713 714 714 714 711 711 711 714 714 714 715 715 715 711 711 711 714 714 714 716 716 716 715 715 715 717 717 717 716 716 716 714 714 714 714 714 714 718 718 718 717 717 717 719 719 719 717 717 717 718 718 718 719 719 719 718 718 718 720 720 720 720 720 720 721 721 721 719 719 719 721 721 721 722 722 722 719 719 719 723 723 723 724 724 724 725 725 725 726 726 726 723 723 723 725 725 725 725 725 725 727 727 727 726 726 726 728 728 728 723 723 723 726 726 726 726 726 726 727 727 727 729 729 729 728 728 728 726 726 726 730 730 730 730 730 730 731 731 731 728 728 728 732 732 732 726 726 726 729 729 729 729 729 729 733 733 733 732 732 732 732 732 732 733 733 733 734 734 734 735 735 735 730 730 730 726 726 726 726 726 726 732 732 732 735 735 735 731 731 731 730 730 730 736 736 736 736 736 736 737 737 737 731 731 731 738 738 738 737 737 737 736 736 736 739 739 739 740 740 740 738 738 738 738 738 738 736 736 736 739 739 739 741 741 741 739 739 739 736 736 736 742 742 742 736 736 736 730 730 730 741 741 741 736 736 736 742 742 742 730 730 730 735 735 735 742 742 742 742 742 742 743 743 743 741 741 741 744 744 744 743 743 743 742 742 742 744 744 744 742 742 742 745 745 745 745 745 745 742 742 742 735 735 735 745 745 745 746 746 746 744 744 744 747 747 747 746 746 746 745 745 745 735 735 735 748 748 748 745 745 745 748 748 748 735 735 735 732 732 732 747 747 747 745 745 745 749 749 749 749 749 749 745 745 745 748 748 748 749 749 749 750 750 750 747 747 747 751 751 751 750 750 750 749 749 749 732 732 732 752 752 752 748 748 748 752 752 752 732 732 732 734 734 734 734 734 734 753 753 753 752 752 752 752 752 752 753 753 753 754 754 754 748 748 748 755 755 755 749 749 749 755 755 755 748 748 748 752 752 752 751 751 751 749 749 749 756 756 756 756 756 756 749 749 749 755 755 755 756 756 756 757 757 757 751 751 751 758 758 758 757 757 757 756 756 756 759 759 759 752 752 752 754 754 754 752 752 752 759 759 759 755 755 755 754 754 754 760 760 760 759 759 759 759 759 759 760 760 760 761 761 761 755 755 755 762 762 762 756 756 756 762 762 762 755 755 755 759 759 759 763 763 763 759 759 759 761 761 761 759 759 759 763 763 763 762 762 762 761 761 761 764 764 764 763 763 763 763 763 763 764 764 764 765 765 765 766 766 766 756 756 756 762 762 762 758 758 758 756 756 756 766 766 766 767 767 767 762 762 762 763 763 763 762 762 762 767 767 767 766 766 766 768 768 768 763 763 763 765 765 765 763 763 763 768 768 768 767 767 767 765 765 765 769 769 769 768 768 768 768 768 768 769 769 769 770 770 770 766 766 766 771 771 771 758 758 758 772 772 772 771 771 771 766 766 766 772 772 772 766 766 766 773 773 773 773 773 773 766 766 766 767 767 767 773 773 773 774 774 774 772 772 772 775 775 775 767 767 767 768 768 768 767 767 767 775 775 775 773 773 773 776 776 776 768 768 768 770 770 770 768 768 768 776 776 776 775 775 775 770 770 770 777 777 777 776 776 776 777 777 777 380 380 380 776 776 776 381 381 381 776 776 776 380 380 380 776 776 776 381 381 381 370 370 370 776 776 776 370 370 370 368 368 368 368 368 368 775 775 775 776 776 776 775 775 775 368 368 368 366 366 366 366 366 366 773 773 773 775 775 775 366 366 366 778 778 778 773 773 773 774 774 774 773 773 773 778 778 778 778 778 778 363 363 363 774 774 774 774 774 774 363 363 363 364 364 364 364 364 364 779 779 779 774 774 774 780 780 780 779 779 779 364 364 364 758 758 758 780 780 780 364 364 364 781 781 781 758 758 758 364 364 364 747 747 747 781 781 781 364 364 364 782 782 782 747 747 747 364 364 364 364 364 364 783 783 783 782 782 782 364 364 364 784 784 784 783 783 783 785 785 785 786 786 786 787 787 787 788 788 788 785 785 785 787 787 787 788 788 788 789 789 789 785 785 785 787 787 787 790 790 790 788 788 788 790 790 790 787 787 787 791 791 791 791 791 791 792 792 792 790 790 790 792 792 792 791 791 791 793 793 793 788 788 788 790 790 790 794 794 794 793 793 793 795 795 795 792 792 792 795 795 795 793 793 793 796 796 796 790 790 790 792 792 792 797 797 797 797 797 797 794 794 794 790 790 790 792 792 792 795 795 795 798 798 798 798 798 798 797 797 797 792 792 792 796 796 796 799 799 799 795 795 795 799 799 799 796 796 796 800 800 800 800 800 800 801 801 801 799 799 799 799 799 799 801 801 801 802 802 802 795 795 795 799 799 799 803 803 803 802 802 802 803 803 803 799 799 799 803 803 803 798 798 798 795 795 795 803 803 803 802 802 802 804 804 804 798 798 798 803 803 803 805 805 805 804 804 804 805 805 805 803 803 803 805 805 805 806 806 806 798 798 798 797 797 797 798 798 798 806 806 806 806 806 806 805 805 805 807 807 807 804 804 804 807 807 807 805 805 805 806 806 806 808 808 808 797 797 797 794 794 794 797 797 797 808 808 808 807 807 807 809 809 809 806 806 806 808 808 808 806 806 806 809 809 809 809 809 809 807 807 807 810 810 810 804 804 804 810 810 810 807 807 807 809 809 809 811 811 811 808 808 808 810 810 810 812 812 812 809 809 809 811 811 811 809 809 809 812 812 812 808 808 808 813 813 813 794 794 794 813 813 813 808 808 808 811 811 811 812 812 812 810 810 810 814 814 814 814 814 814 810 810 810 804 804 804 815 815 815 794 794 794 813 813 813 794 794 794 815 815 815 788 788 788 814 814 814 816 816 816 812 812 812 788 788 788 815 815 815 817 817 817 816 816 816 814 814 814 818 818 818 818 818 818 814 814 814 804 804 804 819 819 819 812 812 812 816 816 816 812 812 812 819 819 819 811 811 811 818 818 818 820 820 820 816 816 816 821 821 821 811 811 811 819 819 819 811 811 811 821 821 821 813 813 813 816 816 816 822 822 822 819 819 819 822 822 822 816 816 816 820 820 820 819 819 819 823 823 823 821 821 821 823 823 823 819 819 819 822 822 822 824 824 824 813 813 813 821 821 821 813 813 813 824 824 824 815 815 815 825 825 825 821 821 821 823 823 823 821 821 821 825 825 825 824 824 824 822 822 822 826 826 826 823 823 823 823 823 823 827 827 827 825 825 825 827 827 827 823 823 823 826 826 826 826 826 826 822 822 822 828 828 828 820 820 820 828 828 828 822 822 822 826 826 826 829 829 829 827 827 827 828 828 828 830 830 830 826 826 826 829 829 829 826 826 826 830 830 830 828 828 828 820 820 820 831 831 831 830 830 830 828 828 828 832 832 832 831 831 831 832 832 832 828 828 828 833 833 833 831 831 831 820 820 820 820 820 820 818 818 818 833 833 833 833 833 833 818 818 818 804 804 804 831 831 831 833 833 833 834 834 834 804 804 804 834 834 834 833 833 833 834 834 834 835 835 835 831 831 831 832 832 832 831 831 831 835 835 835 836 836 836 834 834 834 804 804 804 835 835 835 834 834 834 836 836 836 837 837 837 836 836 836 804 804 804 804 804 804 838 838 838 837 837 837 836 836 836 839 839 839 835 835 835 839 839 839 836 836 836 837 837 837 835 835 835 840 840 840 832 832 832 840 840 840 835 835 835 839 839 839 841 841 841 832 832 832 840 840 840 832 832 832 841 841 841 830 830 830 839 839 839 842 842 842 840 840 840 843 843 843 830 830 830 841 841 841 830 830 830 843 843 843 829 829 829 840 840 840 844 844 844 841 841 841 844 844 844 840 840 840 842 842 842 841 841 841 845 845 845 843 843 843 845 845 845 841 841 841 844 844 844 842 842 842 839 839 839 846 846 846 837 837 837 846 846 846 839 839 839 842 842 842 847 847 847 844 844 844 846 846 846 837 837 837 848 848 848 848 848 848 837 837 837 838 838 838 846 846 846 849 849 849 842 842 842 847 847 847 842 842 842 849 849 849 848 848 848 850 850 850 846 846 846 849 849 849 846 846 846 850 850 850 838 838 838 851 851 851 848 848 848 850 850 850 848 848 848 851 851 851 852 852 852 851 851 851 838 838 838 838 838 838 853 853 853 852 852 852 851 851 851 854 854 854 850 850 850 854 854 854 851 851 851 852 852 852 850 850 850 855 855 855 849 849 849 855 855 855 850 850 850 854 854 854 856 856 856 852 852 852 853 853 853 853 853 853 857 857 857 856 856 856 856 856 856 857 857 857 858 858 858 858 858 858 859 859 859 856 856 856 852 852 852 860 860 860 854 854 854 860 860 860 852 852 852 856 856 856 861 861 861 856 856 856 859 859 859 856 856 856 861 861 861 860 860 860 859 859 859 862 862 862 861 861 861 863 863 863 854 854 854 860 860 860 854 854 854 863 863 863 855 855 855 864 864 864 860 860 860 861 861 861 860 860 860 864 864 864 863 863 863 865 865 865 861 861 861 862 862 862 861 861 861 865 865 865 864 864 864 862 862 862 866 866 866 865 865 865 867 867 867 863 863 863 864 864 864 868 868 868 865 865 865 866 866 866 866 866 866 869 869 869 868 868 868 870 870 870 864 864 864 865 865 865 865 865 865 868 868 868 870 870 870 864 864 864 870 870 870 867 867 867 871 871 871 868 868 868 869 869 869 869 869 869 872 872 872 871 871 871 872 872 872 873 873 873 871 871 871 874 874 874 870 870 870 868 868 868 868 868 868 871 871 871 874 874 874 873 873 873 875 875 875 871 871 871 870 870 870 874 874 874 876 876 876 876 876 876 867 867 867 870 870 870 874 874 874 871 871 871 877 877 877 877 877 877 871 871 871 875 875 875 867 867 867 876 876 876 878 878 878 877 877 877 879 879 879 874 874 874 880 880 880 874 874 874 879 879 879 876 876 876 880 880 880 881 881 881 879 879 879 881 881 881 880 880 880 881 881 881 882 882 882 876 876 876 883 883 883 876 876 876 882 882 882 882 882 882 884 884 884 883 883 883 878 878 878 883 883 883 884 884 884 884 884 884 885 885 885 878 878 878 886 886 886 882 882 882 879 879 879 878 878 878 887 887 887 867 867 867 863 863 863 867 867 867 887 887 887 887 887 887 855 855 855 863 863 863 887 887 887 878 878 878 888 888 888 888 888 888 878 878 878 885 885 885 855 855 855 887 887 887 889 889 889 888 888 888 889 889 889 887 887 887 889 889 889 849 849 849 855 855 855 849 849 849 889 889 889 847 847 847 889 889 889 888 888 888 890 890 890 890 890 890 847 847 847 889 889 889 885 885 885 891 891 891 888 888 888 892 892 892 888 888 888 891 891 891 890 890 890 892 892 892 893 893 893 891 891 891 893 893 893 892 892 892 893 893 893 894 894 894 890 890 890 847 847 847 890 890 890 895 895 895 895 895 895 844 844 844 847 847 847 896 896 896 890 890 890 894 894 894 844 844 844 895 895 895 845 845 845 895 895 895 896 896 896 897 897 897 894 894 894 897 897 897 896 896 896 897 897 897 898 898 898 895 895 895 845 845 845 895 895 895 898 898 898 898 898 898 899 899 899 845 845 845 845 845 845 899 899 899 900 900 900 843 843 843 845 845 845 900 900 900 901 901 901 898 898 898 894 894 894 900 900 900 902 902 902 843 843 843 903 903 903 843 843 843 902 902 902 904 904 904 900 900 900 898 898 898 898 898 898 901 901 901 904 904 904 902 902 902 905 905 905 903 903 903 829 829 829 903 903 903 905 905 905 905 905 905 906 906 906 829 829 829 907 907 907 829 829 829 906 906 906 906 906 906 908 908 908 907 907 907 827 827 827 907 907 907 908 908 908 908 908 908 909 909 909 827 827 827 825 825 825 827 827 827 909 909 909 909 909 909 910 910 910 825 825 825 911 911 911 825 825 825 910 910 910 910 910 910 912 912 912 911 911 911 824 824 824 911 911 911 912 912 912 912 912 912 913 913 913 824 824 824 914 914 914 824 824 824 913 913 913 913 913 913 915 915 915 914 914 914 815 815 815 914 914 914 915 915 915 915 915 915 817 817 817 815 815 815 916 916 916 913 913 913 910 910 910 917 917 917 817 817 817 913 913 913 913 913 913 916 916 916 917 917 917 910 910 910 918 918 918 916 916 916 918 918 918 910 910 910 909 909 909 919 919 919 917 917 917 916 916 916 909 909 909 920 920 920 918 918 918 920 920 920 909 909 909 906 906 906 921 921 921 916 916 916 918 918 918 916 916 916 921 921 921 919 919 919 922 922 922 918 918 918 920 920 920 918 918 918 922 922 922 921 921 921 906 906 906 923 923 923 920 920 920 923 923 923 906 906 906 902 902 902 920 920 920 924 924 924 922 922 922 924 924 924 920 920 920 923 923 923 902 902 902 925 925 925 923 923 923 925 925 925 902 902 902 900 900 900 900 900 900 904 904 904 925 925 925 926 926 926 923 923 923 925 925 925 923 923 923 926 926 926 924 924 924 927 927 927 925 925 925 904 904 904 925 925 925 927 927 927 926 926 926 904 904 904 928 928 928 927 927 927 928 928 928 904 904 904 901 901 901 929 929 929 926 926 926 927 927 927 930 930 930 927 927 927 928 928 928 927 927 927 930 930 930 929 929 929 931 931 931 924 924 924 926 926 926 926 926 926 929 929 929 931 931 931 924 924 924 931 931 931 932 932 932 932 932 932 922 922 922 924 924 924 933 933 933 931 931 931 929 929 929 922 922 922 932 932 932 934 934 934 934 934 934 921 921 921 922 922 922 935 935 935 932 932 932 931 931 931 931 931 931 933 933 933 935 935 935 936 936 936 934 934 934 932 932 932 932 932 932 935 935 935 936 936 936 921 921 921 934 934 934 937 937 937 937 937 937 919 919 919 921 921 921 934 934 934 936 936 936 938 938 938 938 938 938 937 937 937 934 934 934 939 939 939 936 936 936 935 935 935 938 938 938 936 936 936 939 939 939 935 935 935 933 933 933 939 939 939 937 937 937 938 938 938 940 940 940 940 940 940 938 938 938 939 939 939 919 919 919 937 937 937 941 941 941 940 940 940 941 941 941 937 937 937 941 941 941 942 942 942 919 919 919 917 917 917 919 919 919 942 942 942 942 942 942 943 943 943 917 917 917 817 817 817 917 917 917 943 943 943 943 943 943 944 944 944 817 817 817 817 817 817 944 944 944 788 788 788 789 789 789 788 788 788 944 944 944 944 944 944 943 943 943 945 945 945 943 943 943 946 946 946 945 945 945 945 945 945 947 947 947 944 944 944 948 948 948 945 945 945 946 946 946 944 944 944 947 947 947 949 949 949 950 950 950 948 948 948 946 946 946 946 946 946 942 942 942 950 950 950 949 949 949 525 525 525 944 944 944 942 942 942 951 951 951 950 950 950 944 944 944 525 525 525 789 789 789 952 952 952 950 950 950 951 951 951 951 951 951 941 941 941 952 952 952 789 789 789 525 525 525 459 459 459 941 941 941 953 953 953 952 952 952 459 459 459 954 954 954 789 789 789 955 955 955 952 952 952 953 953 953 954 954 954 956 956 956 789 789 789 957 957 957 955 955 955 953 953 953 789 789 789 956 956 956 958 958 958 953 953 953 940 940 940 957 957 957 789 789 789 958 958 958 959 959 959 960 960 960 957 957 957 940 940 940 940 940 940 961 961 961 960 960 960 939 939 939 961 961 961 940 940 940 959 959 959 962 962 962 789 789 789 963 963 963 789 789 789 962 962 962 962 962 962 959 959 959 964 964 964 965 965 965 963 963 963 962 962 962 964 964 964 966 966 966 962 962 962 966 966 966 964 964 964 967 967 967 962 962 962 968 968 968 965 965 965 969 969 969 965 965 965 968 968 968 970 970 970 969 969 969 968 968 968 971 971 971 968 968 968 962 962 962 962 962 962 966 966 966 971 971 971 968 968 968 972 972 972 970 970 970 972 972 972 968 968 968 971 971 971 973 973 973 970 970 970 972 972 972 973 973 973 972 972 972 974 974 974 974 974 974 975 975 975 973 973 973 975 975 975 974 974 974 976 976 976 977 977 977 975 975 975 976 976 976 971 971 971 978 978 978 972 972 972 971 971 971 979 979 979 978 978 978 980 980 980 971 971 971 966 966 966 978 978 978 979 979 979 980 980 980 966 966 966 981 981 981 980 980 980 967 967 967 981 981 981 966 966 966 972 972 972 978 978 978 982 982 982 982 982 982 976 976 976 972 972 972 983 983 983 981 981 981 967 967 967 967 967 967 984 984 984 983 983 983 985 985 985 980 980 980 981 981 981 981 981 981 983 983 983 985 985 985 980 980 980 986 986 986 978 978 978 986 986 986 980 980 980 985 985 985 987 987 987 982 982 982 978 978 978 978 978 978 986 986 986 987 987 987 988 988 988 985 985 985 983 983 983 985 985 985 989 989 989 986 986 986 985 985 985 990 990 990 989 989 989 991 991 991 987 987 987 986 986 986 986 986 986 989 989 989 991 991 991 992 992 992 989 989 989 990 990 990 990 990 990 988 988 988 992 992 992 989 989 989 992 992 992 993 993 993 993 993 993 991 991 991 989 989 989 994 994 994 992 992 992 988 988 988 994 994 994 993 993 993 992 992 992 991 991 991 993 993 993 995 995 995 995 995 995 993 993 993 994 994 994 995 995 995 996 996 996 991 991 991 987 987 987 991 991 991 996 996 996 997 997 997 995 995 995 994 994 994 996 996 996 995 995 995 997 997 997 996 996 996 998 998 998 987 987 987 982 982 982 987 987 987 998 998 998 997 997 997 999 999 999 996 996 996 998 998 998 996 996 996 999 999 999 998 998 998 1000 1000 1000 982 982 982 976 976 976 982 982 982 1000 1000 1000 999 999 999 1001 1001 1001 998 998 998 1000 1000 1000 998 998 998 1001 1001 1001 1000 1000 1000 1002 1002 1002 976 976 976 976 976 976 1002 1002 1002 977 977 977 1002 1002 1002 1000 1000 1000 1003 1003 1003 1001 1001 1001 1003 1003 1003 1000 1000 1000 977 977 977 1002 1002 1002 1004 1004 1004 1003 1003 1003 1004 1004 1004 1002 1002 1002 1004 1004 1004 1005 1005 1005 977 977 977 1003 1003 1003 1001 1001 1001 1006 1006 1006 1005 1005 1005 1004 1004 1004 1007 1007 1007 1007 1007 1007 1008 1008 1008 1005 1005 1005 1004 1004 1004 1003 1003 1003 1009 1009 1009 1009 1009 1009 1007 1007 1007 1004 1004 1004 1006 1006 1006 1009 1009 1009 1003 1003 1003 1008 1008 1008 1007 1007 1007 1010 1010 1010 1010 1010 1010 1011 1011 1011 1008 1008 1008 1010 1010 1010 1007 1007 1007 1012 1012 1012 1013 1013 1013 1012 1012 1012 1009 1009 1009 1012 1012 1012 1013 1013 1013 1010 1010 1010 1011 1011 1011 1010 1010 1010 1014 1014 1014 1014 1014 1014 1015 1015 1015 1011 1011 1011 1010 1010 1010 1013 1013 1013 1016 1016 1016 1016 1016 1016 1014 1014 1014 1010 1010 1010 1014 1014 1014 1017 1017 1017 1015 1015 1015 1015 1015 1015 1017 1017 1017 1018 1018 1018 1018 1018 1018 1019 1019 1019 1015 1015 1015 1020 1020 1020 1018 1018 1018 1014 1014 1014 1014 1014 1014 1016 1016 1016 1020 1020 1020 1019 1019 1019 1018 1018 1018 1021 1021 1021 1021 1021 1021 1018 1018 1018 1020 1020 1020 1021 1021 1021 1022 1022 1022 1019 1019 1019 1021 1021 1021 1023 1023 1023 1022 1022 1022 1024 1024 1024 1022 1022 1022 1023 1023 1023 1023 1023 1023 1025 1025 1025 1024 1024 1024 1025 1025 1025 1026 1026 1026 1024 1024 1024 1020 1020 1020 1027 1027 1027 1021 1021 1021 1020 1020 1020 1028 1028 1028 1027 1027 1027 1029 1029 1029 1020 1020 1020 1016 1016 1016 1027 1027 1027 1028 1028 1028 1029 1029 1029 1030 1030 1030 1025 1025 1025 1021 1021 1021 1021 1021 1021 1027 1027 1027 1030 1030 1030 1026 1026 1026 1025 1025 1025 1031 1031 1031 1031 1031 1031 1032 1032 1032 1026 1026 1026 1031 1031 1031 1033 1033 1033 1032 1032 1032 1034 1034 1034 1033 1033 1033 1031 1031 1031 1025 1025 1025 1030 1030 1030 1035 1035 1035 1035 1035 1035 1031 1031 1031 1025 1025 1025 1034 1034 1034 1031 1031 1031 1036 1036 1036 1037 1037 1037 1035 1035 1035 1030 1030 1030 1036 1036 1036 875 875 875 1034 1034 1034 1030 1030 1030 1038 1038 1038 1037 1037 1037 1038 1038 1038 1030 1030 1030 1027 1027 1027 1039 1039 1039 1036 1036 1036 1031 1031 1031 1031 1031 1031 1040 1040 1040 1039 1039 1039 1039 1039 1039 1040 1040 1040 1035 1035 1035 1039 1039 1039 1035 1035 1035 1041 1041 1041 1036 1036 1036 1039 1039 1039 1042 1042 1042 1042 1042 1042 1043 1043 1043 1036 1036 1036 875 875 875 1036 1036 1036 1043 1043 1043 1044 1044 1044 1042 1042 1042 1039 1039 1039 1043 1043 1043 1045 1045 1045 875 875 875 1045 1045 1045 1046 1046 1046 875 875 875 875 875 875 1046 1046 1046 1047 1047 1047 875 875 875 1047 1047 1047 625 625 625 625 625 625 597 597 597 875 875 875 875 875 875 597 597 597 877 877 877 877 877 877 597 597 597 1048 1048 1048 1039 1039 1039 1049 1049 1049 1044 1044 1044 1041 1041 1041 1049 1049 1049 1039 1039 1039 1050 1050 1050 1044 1044 1044 1049 1049 1049 1049 1049 1049 1041 1041 1041 1037 1037 1037 1049 1049 1049 1037 1037 1037 1051 1051 1051 1050 1050 1050 1049 1049 1049 1052 1052 1052 1051 1051 1051 1052 1052 1052 1049 1049 1049 1052 1052 1052 1053 1053 1053 1050 1050 1050 1052 1052 1052 1051 1051 1051 1054 1054 1054 1054 1054 1054 1037 1037 1037 1038 1038 1038 1053 1053 1053 1052 1052 1052 1055 1055 1055 1055 1055 1055 1056 1056 1056 1053 1053 1053 1052 1052 1052 1054 1054 1054 1057 1057 1057 1057 1057 1057 1055 1055 1055 1052 1052 1052 1038 1038 1038 1058 1058 1058 1054 1054 1054 1057 1057 1057 1054 1054 1054 1058 1058 1058 1056 1056 1056 1055 1055 1055 1059 1059 1059 1059 1059 1059 1060 1060 1060 1056 1056 1056 1059 1059 1059 1061 1061 1061 1060 1060 1060 994 994 994 1061 1061 1061 1059 1059 1059 1062 1062 1062 1055 1055 1055 1057 1057 1057 1062 1062 1062 1059 1059 1059 1055 1055 1055 994 994 994 1059 1059 1059 997 997 997 999 999 999 997 997 997 1059 1059 1059 1059 1059 1059 1063 1063 1063 999 999 999 1063 1063 1063 1059 1059 1059 1062 1062 1062 1001 1001 1001 999 999 999 1063 1063 1063 1063 1063 1063 1006 1006 1006 1001 1001 1001 1057 1057 1057 1064 1064 1064 1062 1062 1062 1058 1058 1058 1064 1064 1064 1057 1057 1057 1063 1063 1063 1062 1062 1062 1065 1065 1065 1065 1065 1065 1066 1066 1066 1063 1063 1063 1006 1006 1006 1066 1066 1066 1065 1065 1065 1064 1064 1064 1058 1058 1058 1067 1067 1067 1006 1006 1006 1065 1065 1065 1068 1068 1068 1068 1068 1068 1069 1069 1069 1006 1006 1006 1009 1009 1009 1069 1069 1069 1068 1068 1068 1009 1009 1009 1068 1068 1068 1013 1013 1013 1013 1013 1013 1068 1068 1068 1070 1070 1070 1070 1070 1070 1016 1016 1016 1013 1013 1013 1016 1016 1016 1070 1070 1070 1029 1029 1029 1068 1068 1068 1065 1065 1065 1071 1071 1071 1071 1071 1071 1070 1070 1070 1068 1068 1068 1072 1072 1072 1071 1071 1071 1065 1065 1065 1065 1065 1065 1062 1062 1062 1072 1072 1072 1070 1070 1070 1071 1071 1071 1073 1073 1073 1073 1073 1073 1029 1029 1029 1070 1070 1070 1071 1071 1071 1072 1072 1072 1074 1074 1074 1074 1074 1074 1073 1073 1073 1071 1071 1071 1074 1074 1074 1072 1072 1072 1062 1062 1062 1075 1075 1075 1029 1029 1029 1073 1073 1073 1029 1029 1029 1075 1075 1075 1027 1027 1027 1027 1027 1027 1075 1075 1075 1038 1038 1038 1058 1058 1058 1038 1038 1038 1075 1075 1075 1075 1075 1075 1067 1067 1067 1058 1058 1058 1073 1073 1073 1067 1067 1067 1075 1075 1075 1073 1073 1073 1076 1076 1076 1067 1067 1067 1076 1076 1076 1074 1074 1074 1077 1077 1077 1077 1077 1077 1067 1067 1067 1076 1076 1076 1062 1062 1062 1077 1077 1077 1074 1074 1074 1067 1067 1067 1077 1077 1077 1064 1064 1064 1062 1062 1062 1064 1064 1064 1077 1077 1077 994 994 994 988 988 988 1078 1078 1078 983 983 983 1078 1078 1078 988 988 988 1078 1078 1078 983 983 983 984 984 984 984 984 984 1079 1079 1079 1078 1078 1078 1078 1078 1078 1079 1079 1079 1080 1080 1080 1080 1080 1080 1081 1081 1081 1078 1078 1078 1078 1078 1078 1081 1081 1081 1082 1082 1082 1078 1078 1078 1082 1082 1082 418 418 418 418 418 418 419 419 419 1078 1078 1078 1078 1078 1078 419 419 419 994 994 994 1083 1083 1083 419 419 419 1084 1084 1084 1084 1084 1084 1085 1085 1085 1083 1083 1083 1084 1084 1084 419 419 419 1086 1086 1086 1087 1087 1087 1085 1085 1085 1084 1084 1084 1086 1086 1086 1088 1088 1088 1084 1084 1084 1087 1087 1087 1084 1084 1084 1088 1088 1088 1088 1088 1088 1086 1086 1086 1089 1089 1089 1089 1089 1089 1090 1090 1090 1088 1088 1088 1091 1091 1091 1090 1090 1090 1089 1089 1089 1091 1091 1091 1089 1089 1089 1092 1092 1092 1088 1088 1088 1093 1093 1093 1087 1087 1087 1094 1094 1094 1087 1087 1087 1093 1093 1093 1093 1093 1093 1095 1095 1095 1094 1094 1094 1096 1096 1096 1095 1095 1095 1093 1093 1093 1097 1097 1097 1093 1093 1093 1088 1088 1088 1096 1096 1096 1093 1093 1093 1097 1097 1097 1088 1088 1088 1091 1091 1091 1097 1097 1097 1097 1097 1097 1098 1098 1098 1096 1096 1096 1099 1099 1099 1096 1096 1096 1098 1098 1098 1100 1100 1100 1097 1097 1097 1091 1091 1091 1099 1099 1099 1098 1098 1098 1101 1101 1101 1101 1101 1101 1098 1098 1098 1097 1097 1097 1097 1097 1097 1100 1100 1100 1101 1101 1101 1101 1101 1101 1102 1102 1102 1099 1099 1099 1101 1101 1101 1103 1103 1103 1102 1102 1102 1104 1104 1104 1103 1103 1103 1101 1101 1101 1105 1105 1105 1104 1104 1104 1101 1101 1101 1101 1101 1101 1106 1106 1106 1105 1105 1105 1106 1106 1106 1101 1101 1101 1100 1100 1100 1106 1106 1106 1107 1107 1107 1105 1105 1105 1100 1100 1100 1108 1108 1108 1106 1106 1106 1107 1107 1107 1106 1106 1106 1108 1108 1108 1091 1091 1091 1109 1109 1109 1100 1100 1100 1108 1108 1108 1100 1100 1100 1109 1109 1109 1092 1092 1092 1109 1109 1109 1091 1091 1091 1108 1108 1108 1110 1110 1110 1107 1107 1107 1110 1110 1110 1111 1111 1111 1107 1107 1107 1109 1109 1109 1112 1112 1112 1108 1108 1108 1112 1112 1112 1109 1109 1109 1092 1092 1092 1110 1110 1110 1108 1108 1108 1112 1112 1112 1111 1111 1111 1110 1110 1110 1113 1113 1113 1092 1092 1092 1114 1114 1114 1112 1112 1112 1112 1112 1112 1115 1115 1115 1110 1110 1110 1113 1113 1113 1110 1110 1110 1115 1115 1115 1114 1114 1114 1116 1116 1116 1112 1112 1112 1115 1115 1115 1116 1116 1116 1114 1114 1114 1115 1115 1115 1117 1117 1117 1113 1113 1113 1117 1117 1117 1115 1115 1115 1114 1114 1114 1117 1117 1117 1118 1118 1118 1113 1113 1113 1114 1114 1114 627 627 627 1117 1117 1117 1119 1119 1119 1118 1118 1118 1117 1117 1117 627 627 627 625 625 625 1117 1117 1117 1117 1117 1117 1120 1120 1120 1119 1119 1119 1117 1117 1117 625 625 625 1120 1120 1120 1121 1121 1121 1122 1122 1122 1123 1123 1123 1123 1123 1123 1124 1124 1124 1121 1121 1121 1123 1123 1123 1125 1125 1125 1124 1124 1124 1124 1124 1124 1125 1125 1125 1126 1126 1126 1121 1121 1121 1124 1124 1124 1127 1127 1127 1127 1127 1127 1128 1128 1128 1121 1121 1121 1127 1127 1127 1129 1129 1129 1128 1128 1128 1126 1126 1126 1130 1130 1130 1124 1124 1124 1127 1127 1127 1124 1124 1124 1130 1130 1130 1126 1126 1126 1131 1131 1131 1130 1130 1130 1131 1131 1131 1132 1132 1132 1130 1130 1130 1130 1130 1130 1132 1132 1132 1133 1133 1133 1129 1129 1129 1127 1127 1127 1134 1134 1134 1134 1134 1134 1135 1135 1135 1129 1129 1129 1134 1134 1134 1136 1136 1136 1135 1135 1135 1130 1130 1130 1137 1137 1137 1127 1127 1127 1134 1134 1134 1127 1127 1127 1137 1137 1137 1136 1136 1136 1134 1134 1134 1138 1138 1138 1138 1138 1138 1139 1139 1139 1136 1136 1136 1134 1134 1134 1140 1140 1140 1138 1138 1138 1141 1141 1141 1140 1140 1140 1134 1134 1134 1142 1142 1142 1139 1139 1139 1143 1143 1143 1143 1143 1143 1141 1141 1141 1142 1142 1142 1134 1134 1134 1144 1144 1144 1141 1141 1141 1137 1137 1137 1144 1144 1144 1134 1134 1134 1144 1144 1144 1145 1145 1145 1141 1141 1141 1146 1146 1146 1145 1145 1145 1144 1144 1144 1141 1141 1141 1146 1146 1146 1142 1142 1142 1147 1147 1147 1144 1144 1144 1137 1137 1137 1144 1144 1144 1147 1147 1147 1146 1146 1146 1147 1147 1147 1148 1148 1148 1146 1146 1146 1142 1142 1142 1146 1146 1146 1149 1149 1149 1150 1150 1150 1148 1148 1148 1147 1147 1147 1142 1142 1142 1149 1149 1149 1151 1151 1151 1147 1147 1147 1152 1152 1152 1150 1150 1150 1152 1152 1152 1153 1153 1153 1150 1150 1150 1154 1154 1154 1153 1153 1153 1152 1152 1152 1142 1142 1142 1151 1151 1151 1155 1155 1155 1154 1154 1154 1152 1152 1152 1156 1156 1156 1156 1156 1156 1157 1157 1157 1154 1154 1154 1155 1155 1155 1157 1157 1157 1156 1156 1156 1155 1155 1155 1158 1158 1158 1142 1142 1142 1158 1158 1158 1159 1159 1159 1142 1142 1142 1159 1159 1159 1160 1160 1160 1142 1142 1142 1142 1142 1142 1160 1160 1160 1161 1161 1161 1162 1162 1162 1142 1142 1142 1161 1161 1161 1155 1155 1155 1156 1156 1156 1163 1163 1163 1163 1163 1163 1164 1164 1164 1155 1155 1155 1165 1165 1165 1164 1164 1164 1163 1163 1163 1161 1161 1161 1166 1166 1166 1162 1162 1162 1167 1167 1167 1162 1162 1162 1166 1166 1166 1165 1165 1165 1163 1163 1163 1168 1168 1168 1168 1168 1168 1169 1169 1169 1165 1165 1165 1159 1159 1159 1169 1169 1169 1168 1168 1168 1161 1161 1161 1159 1159 1159 1168 1168 1168 1168 1168 1168 1170 1170 1170 1161 1161 1161 1171 1171 1171 1170 1170 1170 1168 1168 1168 1172 1172 1172 1166 1166 1166 1161 1161 1161 1161 1161 1161 1171 1171 1171 1172 1172 1172 1166 1166 1166 1173 1173 1173 1167 1167 1167 1174 1174 1174 1167 1167 1167 1173 1173 1173 1166 1166 1166 1172 1172 1172 1175 1175 1175 1175 1175 1175 1173 1173 1173 1166 1166 1166 1173 1173 1173 1176 1176 1176 1174 1174 1174 1173 1173 1173 1175 1175 1175 1177 1177 1177 1177 1177 1177 1176 1176 1176 1173 1173 1173 1174 1174 1174 1176 1176 1176 1178 1178 1178 1178 1178 1178 1176 1176 1176 1177 1177 1177 1178 1178 1178 1179 1179 1179 1174 1174 1174 1180 1180 1180 1177 1177 1177 1175 1175 1175 1179 1179 1179 1178 1178 1178 1181 1181 1181 1181 1181 1181 1182 1182 1182 1179 1179 1179 1177 1177 1177 1183 1183 1183 1178 1178 1178 1183 1183 1183 1177 1177 1177 1180 1180 1180 1181 1181 1181 1184 1184 1184 1182 1182 1182 1182 1182 1182 1184 1184 1184 1185 1185 1185 1186 1186 1186 1182 1182 1182 1185 1185 1185 1187 1187 1187 1181 1181 1181 1178 1178 1178 1178 1178 1178 1183 1183 1183 1187 1187 1187 1185 1185 1185 1188 1188 1188 1186 1186 1186 1186 1186 1186 1188 1188 1188 1189 1189 1189 1190 1190 1190 1185 1185 1185 1181 1181 1181 1181 1181 1181 1187 1187 1187 1190 1190 1190 1191 1191 1191 1189 1189 1189 1185 1185 1185 1185 1185 1185 1190 1190 1190 1191 1191 1191 1186 1186 1186 1189 1189 1189 1192 1192 1192 1192 1192 1192 1193 1193 1193 1186 1186 1186 1189 1189 1189 1191 1191 1191 1194 1194 1194 1194 1194 1194 1192 1192 1192 1189 1189 1189 1192 1192 1192 1195 1195 1195 1193 1193 1193 1193 1193 1193 1195 1195 1195 1196 1196 1196 1197 1197 1197 1193 1193 1193 1196 1196 1196 1192 1192 1192 1194 1194 1194 1198 1198 1198 1198 1198 1198 1196 1196 1196 1192 1192 1192 1196 1196 1196 1199 1199 1199 1197 1197 1197 1197 1197 1197 1199 1199 1199 1200 1200 1200 1201 1201 1201 1197 1197 1197 1200 1200 1200 1196 1196 1196 1198 1198 1198 1202 1202 1202 1202 1202 1202 1200 1200 1200 1196 1196 1196 1203 1203 1203 1198 1198 1198 1194 1194 1194 1204 1204 1204 1202 1202 1202 1198 1198 1198 1198 1198 1198 1203 1203 1203 1204 1204 1204 1200 1200 1200 1202 1202 1202 1205 1205 1205 1194 1194 1194 1206 1206 1206 1203 1203 1203 1206 1206 1206 1194 1194 1194 1191 1191 1191 1205 1205 1205 1207 1207 1207 1200 1200 1200 1200 1200 1200 1207 1207 1207 1201 1201 1201 1207 1207 1207 1208 1208 1208 1201 1201 1201 1201 1201 1201 1208 1208 1208 1209 1209 1209 1209 1209 1209 1210 1210 1210 1201 1201 1201 1209 1209 1209 1211 1211 1211 1210 1210 1210 1210 1210 1210 1211 1211 1211 1212 1212 1212 1213 1213 1213 1210 1210 1210 1212 1212 1212 1214 1214 1214 1209 1209 1209 1207 1207 1207 1207 1207 1207 1205 1205 1205 1214 1214 1214 1212 1212 1212 1215 1215 1215 1213 1213 1213 1216 1216 1216 1213 1213 1213 1215 1215 1215 1217 1217 1217 1212 1212 1212 1209 1209 1209 1209 1209 1209 1214 1214 1214 1217 1217 1217 1218 1218 1218 1215 1215 1215 1212 1212 1212 1212 1212 1212 1217 1217 1217 1218 1218 1218 1215 1215 1215 1219 1219 1219 1216 1216 1216 1219 1219 1219 1215 1215 1215 1218 1218 1218 1220 1220 1220 1216 1216 1216 1219 1219 1219 1221 1221 1221 1218 1218 1218 1217 1217 1217 1219 1219 1219 1222 1222 1222 1220 1220 1220 1223 1223 1223 1220 1220 1220 1222 1222 1222 1218 1218 1218 1224 1224 1224 1219 1219 1219 1224 1224 1224 1218 1218 1218 1221 1221 1221 1225 1225 1225 1222 1222 1222 1219 1219 1219 1219 1219 1219 1224 1224 1224 1225 1225 1225 1222 1222 1222 1226 1226 1226 1223 1223 1223 1222 1222 1222 1225 1225 1225 1227 1227 1227 1227 1227 1227 1226 1226 1226 1222 1222 1222 1223 1223 1223 1226 1226 1226 1228 1228 1228 1228 1228 1228 1229 1229 1229 1223 1223 1223 1226 1226 1226 1227 1227 1227 1230 1230 1230 1230 1230 1230 1228 1228 1228 1226 1226 1226 1228 1228 1228 1231 1231 1231 1229 1229 1229 1229 1229 1229 1231 1231 1231 1232 1232 1232 1232 1232 1232 1228 1228 1228 1233 1233 1233 1229 1229 1229 1232 1232 1232 1234 1234 1234 1233 1233 1233 1235 1235 1235 1232 1232 1232 1235 1235 1235 1233 1233 1233 1230 1230 1230 1235 1235 1235 1236 1236 1236 1232 1232 1232 1237 1237 1237 1236 1236 1236 1235 1235 1235 1229 1229 1229 1234 1234 1234 1238 1238 1238 1235 1235 1235 1239 1239 1239 1237 1237 1237 1239 1239 1239 1240 1240 1240 1237 1237 1237 1238 1238 1238 1240 1240 1240 1239 1239 1239 1238 1238 1238 1241 1241 1241 1229 1229 1229 1241 1241 1241 1242 1242 1242 1229 1229 1229 1229 1229 1229 1242 1242 1242 1243 1243 1243 1239 1239 1239 1244 1244 1244 1238 1238 1238 1244 1244 1244 1245 1245 1245 1238 1238 1238 1246 1246 1246 1245 1245 1245 1244 1244 1244 1247 1247 1247 1248 1248 1248 1229 1229 1229 1249 1249 1249 1247 1247 1247 1229 1229 1229 1243 1243 1243 1249 1249 1249 1229 1229 1229 1250 1250 1250 1248 1248 1248 1251 1251 1251 1251 1251 1251 1252 1252 1252 1250 1250 1250 1251 1251 1251 1253 1253 1253 1252 1252 1252 1252 1252 1252 1253 1253 1253 1249 1249 1249 1254 1254 1254 1250 1250 1250 1252 1252 1252 1255 1255 1255 1254 1254 1254 1252 1252 1252 1256 1256 1256 1255 1255 1255 1252 1252 1252 1249 1249 1249 1257 1257 1257 1252 1252 1252 1249 1249 1249 1258 1258 1258 1257 1257 1257 1257 1257 1257 1258 1258 1258 1243 1243 1243 1252 1252 1252 1259 1259 1259 1256 1256 1256 1260 1260 1260 1256 1256 1256 1259 1259 1259 1261 1261 1261 1260 1260 1260 1259 1259 1259 1252 1252 1252 1257 1257 1257 1262 1262 1262 1262 1262 1262 1259 1259 1259 1252 1252 1252 1243 1243 1243 1263 1263 1263 1257 1257 1257 1262 1262 1262 1257 1257 1257 1263 1263 1263 1243 1243 1243 1264 1264 1264 1263 1263 1263 1263 1263 1263 1264 1264 1264 1265 1265 1265 1259 1259 1259 1266 1266 1266 1261 1261 1261 1267 1267 1267 1261 1261 1261 1266 1266 1266 1266 1266 1266 1268 1268 1268 1267 1267 1267 1269 1269 1269 1268 1268 1268 1266 1266 1266 1270 1270 1270 1266 1266 1266 1259 1259 1259 1266 1266 1266 1270 1270 1270 1269 1269 1269 1259 1259 1259 1262 1262 1262 1270 1270 1270 1271 1271 1271 1269 1269 1269 1270 1270 1270 1270 1270 1270 1272 1272 1272 1271 1271 1271 1273 1273 1273 1272 1272 1272 1270 1270 1270 1274 1274 1274 1273 1273 1273 1270 1270 1270 1270 1270 1270 1262 1262 1262 1275 1275 1275 1263 1263 1263 1275 1275 1275 1262 1262 1262 1270 1270 1270 1276 1276 1276 1274 1274 1274 1275 1275 1275 1276 1276 1276 1270 1270 1270 1276 1276 1276 1277 1277 1277 1274 1274 1274 1278 1278 1278 1277 1277 1277 1276 1276 1276 1275 1275 1275 1263 1263 1263 1279 1279 1279 1265 1265 1265 1279 1279 1279 1263 1263 1263 1265 1265 1265 1280 1280 1280 1279 1279 1279 1279 1279 1279 1280 1280 1280 1246 1246 1246 1244 1244 1244 1279 1279 1279 1246 1246 1246 1279 1279 1279 1281 1281 1281 1275 1275 1275 1281 1281 1281 1279 1279 1279 1244 1244 1244 1276 1276 1276 1275 1275 1275 1281 1281 1281 1244 1244 1244 1282 1282 1282 1281 1281 1281 1282 1282 1282 1244 1244 1244 1239 1239 1239 1281 1281 1281 1283 1283 1283 1276 1276 1276 1283 1283 1283 1281 1281 1281 1282 1282 1282 1278 1278 1278 1276 1276 1276 1283 1283 1283 1283 1283 1283 1284 1284 1284 1278 1278 1278 1285 1285 1285 1284 1284 1284 1283 1283 1283 1285 1285 1285 1283 1283 1283 1286 1286 1286 1282 1282 1282 1286 1286 1286 1283 1283 1283 1286 1286 1286 1287 1287 1287 1285 1285 1285 1286 1286 1286 1288 1288 1288 1287 1287 1287 1289 1289 1289 1288 1288 1288 1286 1286 1286 1239 1239 1239 1290 1290 1290 1282 1282 1282 1286 1286 1286 1282 1282 1282 1290 1290 1290 1290 1290 1290 1239 1239 1239 1235 1235 1235 1286 1286 1286 1291 1291 1291 1289 1289 1289 1290 1290 1290 1291 1291 1291 1286 1286 1286 1291 1291 1291 1292 1292 1292 1289 1289 1289 1293 1293 1293 1292 1292 1292 1291 1291 1291 1235 1235 1235 1294 1294 1294 1290 1290 1290 1291 1291 1291 1290 1290 1290 1294 1294 1294 1294 1294 1294 1235 1235 1235 1230 1230 1230 1293 1293 1293 1291 1291 1291 1295 1295 1295 1294 1294 1294 1295 1295 1295 1291 1291 1291 1295 1295 1295 1296 1296 1296 1293 1293 1293 1297 1297 1297 1296 1296 1296 1295 1295 1295 1230 1230 1230 1298 1298 1298 1294 1294 1294 1295 1295 1295 1294 1294 1294 1298 1298 1298 1298 1298 1298 1230 1230 1230 1227 1227 1227 1297 1297 1297 1295 1295 1295 1299 1299 1299 1299 1299 1299 1300 1300 1300 1297 1297 1297 1299 1299 1299 128 128 128 1300 1300 1300 1301 1301 1301 1299 1299 1299 1295 1295 1295 1298 1298 1298 1301 1301 1301 1295 1295 1295 1227 1227 1227 1302 1302 1302 1298 1298 1298 1301 1301 1301 1298 1298 1298 1302 1302 1302 1302 1302 1302 1227 1227 1227 1225 1225 1225 128 128 128 1301 1301 1301 1303 1303 1303 1302 1302 1302 1303 1303 1303 1301 1301 1301 1225 1225 1225 1304 1304 1304 1302 1302 1302 1303 1303 1303 1302 1302 1302 1304 1304 1304 1304 1304 1304 1225 1225 1225 1224 1224 1224 1303 1303 1303 1305 1305 1305 128 128 128 124 124 124 128 128 128 1305 1305 1305 1304 1304 1304 1306 1306 1306 1303 1303 1303 1305 1305 1305 1303 1303 1303 1306 1306 1306 1224 1224 1224 1307 1307 1307 1304 1304 1304 1306 1306 1306 1304 1304 1304 1307 1307 1307 1221 1221 1221 1307 1307 1307 1224 1224 1224 1306 1306 1306 1308 1308 1308 1305 1305 1305 1307 1307 1307 1309 1309 1309 1306 1306 1306 1308 1308 1308 1306 1306 1306 1309 1309 1309 1307 1307 1307 1221 1221 1221 1310 1310 1310 1310 1310 1310 1309 1309 1309 1307 1307 1307 1305 1305 1305 1308 1308 1308 1311 1311 1311 1305 1305 1305 1311 1311 1311 124 124 124 1309 1309 1309 1312 1312 1312 1308 1308 1308 1311 1311 1311 1308 1308 1308 1312 1312 1312 1309 1309 1309 1310 1310 1310 1313 1313 1313 1313 1313 1313 1312 1312 1312 1309 1309 1309 1310 1310 1310 1221 1221 1221 1314 1314 1314 1217 1217 1217 1314 1314 1314 1221 1221 1221 1314 1314 1314 1217 1217 1217 1214 1214 1214 1314 1314 1314 1315 1315 1315 1310 1310 1310 1313 1313 1313 1310 1310 1310 1315 1315 1315 1214 1214 1214 1316 1316 1316 1314 1314 1314 1315 1315 1315 1314 1314 1314 1316 1316 1316 1316 1316 1316 1214 1214 1214 1205 1205 1205 1315 1315 1315 1317 1317 1317 1313 1313 1313 1205 1205 1205 1318 1318 1318 1316 1316 1316 1318 1318 1318 1205 1205 1205 1202 1202 1202 1316 1316 1316 1319 1319 1319 1315 1315 1315 1319 1319 1319 1316 1316 1316 1318 1318 1318 1317 1317 1317 1315 1315 1315 1319 1319 1319 1202 1202 1202 1204 1204 1204 1318 1318 1318 1319 1319 1319 1320 1320 1320 1317 1317 1317 1318 1318 1318 1321 1321 1321 1319 1319 1319 1321 1321 1321 1318 1318 1318 1204 1204 1204 1320 1320 1320 1319 1319 1319 1321 1321 1321 1322 1322 1322 1313 1313 1313 1317 1317 1317 1317 1317 1317 1320 1320 1320 1322 1322 1322 1312 1312 1312 1313 1313 1313 1322 1322 1322 1321 1321 1321 1323 1323 1323 1320 1320 1320 1320 1320 1320 1323 1323 1323 1322 1322 1322 1204 1204 1204 1324 1324 1324 1321 1321 1321 1323 1323 1323 1321 1321 1321 1324 1324 1324 1324 1324 1324 1204 1204 1204 1203 1203 1203 1203 1203 1203 1325 1325 1325 1324 1324 1324 1325 1325 1325 1203 1203 1203 1206 1206 1206 1326 1326 1326 1324 1324 1324 1325 1325 1325 1324 1324 1324 1326 1326 1326 1323 1323 1323 1325 1325 1325 1327 1327 1327 1326 1326 1326 1323 1323 1323 1326 1326 1326 1327 1327 1327 1206 1206 1206 1328 1328 1328 1325 1325 1325 1327 1327 1327 1325 1325 1325 1328 1328 1328 1328 1328 1328 1206 1206 1206 1329 1329 1329 1191 1191 1191 1329 1329 1329 1206 1206 1206 1329 1329 1329 1191 1191 1191 1190 1190 1190 1328 1328 1328 1330 1330 1330 1327 1327 1327 1323 1323 1323 1327 1327 1327 1330 1330 1330 1329 1329 1329 1331 1331 1331 1328 1328 1328 1330 1330 1330 1328 1328 1328 1331 1331 1331 1190 1190 1190 1332 1332 1332 1329 1329 1329 1331 1331 1331 1329 1329 1329 1332 1332 1332 1332 1332 1332 1190 1190 1190 1187 1187 1187 1331 1331 1331 1333 1333 1333 1330 1330 1330 1330 1330 1330 1333 1333 1333 1323 1323 1323 1332 1332 1332 1334 1334 1334 1331 1331 1331 1333 1333 1333 1331 1331 1331 1334 1334 1334 1187 1187 1187 1335 1335 1335 1332 1332 1332 1334 1334 1334 1332 1332 1332 1335 1335 1335 1335 1335 1335 1187 1187 1187 1183 1183 1183 1334 1334 1334 1336 1336 1336 1333 1333 1333 1323 1323 1323 1333 1333 1333 1336 1336 1336 1335 1335 1335 1337 1337 1337 1334 1334 1334 1336 1336 1336 1334 1334 1334 1337 1337 1337 1183 1183 1183 1338 1338 1338 1335 1335 1335 1337 1337 1337 1335 1335 1335 1338 1338 1338 1180 1180 1180 1338 1338 1338 1183 1183 1183 1323 1323 1323 1336 1336 1336 1339 1339 1339 1337 1337 1337 1339 1339 1339 1336 1336 1336 1339 1339 1339 1322 1322 1322 1323 1323 1323 1339 1339 1339 1337 1337 1337 1340 1340 1340 1340 1340 1340 1322 1322 1322 1339 1339 1339 1338 1338 1338 1340 1340 1340 1337 1337 1337 1341 1341 1341 1322 1322 1322 1340 1340 1340 1322 1322 1322 1341 1341 1341 1312 1312 1312 1342 1342 1342 1340 1340 1340 1338 1338 1338 1340 1340 1340 1342 1342 1342 1341 1341 1341 1338 1338 1338 1180 1180 1180 1342 1342 1342 1341 1341 1341 1311 1311 1311 1312 1312 1312 1342 1342 1342 1180 1180 1180 1343 1343 1343 1175 1175 1175 1343 1343 1343 1180 1180 1180 1343 1343 1343 1175 1175 1175 1172 1172 1172 1341 1341 1341 1342 1342 1342 1344 1344 1344 1343 1343 1343 1344 1344 1344 1342 1342 1342 1344 1344 1344 1311 1311 1311 1341 1341 1341 1172 1172 1172 1345 1345 1345 1343 1343 1343 1344 1344 1344 1343 1343 1343 1345 1345 1345 1345 1345 1345 1172 1172 1172 1171 1171 1171 1311 1311 1311 1344 1344 1344 1346 1346 1346 1345 1345 1345 1346 1346 1346 1344 1344 1344 1346 1346 1346 1347 1347 1347 1311 1311 1311 124 124 124 1311 1311 1311 1347 1347 1347 124 124 124 1347 1347 1347 123 123 123 1346 1346 1346 1345 1345 1345 1348 1348 1348 1171 1171 1171 1348 1348 1348 1345 1345 1345 1347 1347 1347 1346 1346 1346 1349 1349 1349 1349 1349 1349 123 123 123 1347 1347 1347 1348 1348 1348 1349 1349 1349 1346 1346 1346 1350 1350 1350 123 123 123 1351 1351 1351 1352 1352 1352 1351 1351 1351 1349 1349 1349 1351 1351 1351 1352 1352 1352 1350 1350 1350 1352 1352 1352 1349 1349 1349 1348 1348 1348 1352 1352 1352 1353 1353 1353 1350 1350 1350 1354 1354 1354 1353 1353 1353 1352 1352 1352 1355 1355 1355 1348 1348 1348 1171 1171 1171 1348 1348 1348 1355 1355 1355 1352 1352 1352 1171 1171 1171 1168 1168 1168 1355 1355 1355 1352 1352 1352 1356 1356 1356 1354 1354 1354 1356 1356 1356 1352 1352 1352 1355 1355 1355 1356 1356 1356 1357 1357 1357 1354 1354 1354 1358 1358 1358 1357 1357 1357 1356 1356 1356 1359 1359 1359 1355 1355 1355 1168 1168 1168 1355 1355 1355 1359 1359 1359 1356 1356 1356 1168 1168 1168 1163 1163 1163 1359 1359 1359 1358 1358 1358 1356 1356 1356 1360 1360 1360 1360 1360 1360 1356 1356 1356 1359 1359 1359 1360 1360 1360 1361 1361 1361 1358 1358 1358 1362 1362 1362 1361 1361 1361 1360 1360 1360 1363 1363 1363 1362 1362 1362 1360 1360 1360 1364 1364 1364 1359 1359 1359 1163 1163 1163 1359 1359 1359 1364 1364 1364 1360 1360 1360 1163 1163 1163 1156 1156 1156 1364 1364 1364 1360 1360 1360 1365 1365 1365 1363 1363 1363 1365 1365 1365 1360 1360 1360 1364 1364 1364 1365 1365 1365 1366 1366 1366 1363 1363 1363 1367 1367 1367 1366 1366 1366 1365 1365 1365 1368 1368 1368 1364 1364 1364 1156 1156 1156 1364 1364 1364 1368 1368 1368 1365 1365 1365 1156 1156 1156 1152 1152 1152 1368 1368 1368 1365 1365 1365 1369 1369 1369 1367 1367 1367 1369 1369 1369 1365 1365 1365 1368 1368 1368 1369 1369 1369 1370 1370 1370 1367 1367 1367 1133 1133 1133 1370 1370 1370 1369 1369 1369 1133 1133 1133 1369 1369 1369 1130 1130 1130 1371 1371 1371 1368 1368 1368 1152 1152 1152 1368 1368 1368 1371 1371 1371 1369 1369 1369 1130 1130 1130 1369 1369 1369 1371 1371 1371 1152 1152 1152 1147 1147 1147 1371 1371 1371 1371 1371 1371 1137 1137 1137 1130 1130 1130 1137 1137 1137 1371 1371 1371 1147 1147 1147 929 929 929 1372 1372 1372 933 933 933 1372 1372 1372 929 929 929 930 930 930 939 939 939 933 933 933 1372 1372 1372 930 930 930 1373 1373 1373 1372 1372 1372 939 939 939 1372 1372 1372 1373 1373 1373 1373 1373 1373 930 930 930 1374 1374 1374 928 928 928 1374 1374 1374 930 930 930 1374 1374 1374 1375 1375 1375 1373 1373 1373 1373 1373 1373 1375 1375 1375 939 939 939 1374 1374 1374 928 928 928 1376 1376 1376 901 901 901 1376 1376 1376 928 928 928 1375 1375 1375 1374 1374 1374 1377 1377 1377 1376 1376 1376 1377 1377 1377 1374 1374 1374 1376 1376 1376 901 901 901 1378 1378 1378 894 894 894 1378 1378 1378 901 901 901 1378 1378 1378 894 894 894 891 891 891 1378 1378 1378 1379 1379 1379 1376 1376 1376 1377 1377 1377 1376 1376 1376 1379 1379 1379 891 891 891 1380 1380 1380 1378 1378 1378 1379 1379 1379 1378 1378 1378 1380 1380 1380 1380 1380 1380 891 891 891 885 885 885 1379 1379 1379 1381 1381 1381 1377 1377 1377 885 885 885 1382 1382 1382 1380 1380 1380 1382 1382 1382 885 885 885 882 882 882 1380 1380 1380 1383 1383 1383 1379 1379 1379 1383 1383 1383 1380 1380 1380 1382 1382 1382 1381 1381 1381 1379 1379 1379 1383 1383 1383 882 882 882 886 886 886 1382 1382 1382 1384 1384 1384 1377 1377 1377 1381 1381 1381 1377 1377 1377 1384 1384 1384 1375 1375 1375 939 939 939 1375 1375 1375 1384 1384 1384 1381 1381 1381 1385 1385 1385 1384 1384 1384 1384 1384 1384 1385 1385 1385 939 939 939 1385 1385 1385 1381 1381 1381 1386 1386 1386 1383 1383 1383 1386 1386 1386 1381 1381 1381 939 939 939 1385 1385 1385 1387 1387 1387 1386 1386 1386 1387 1387 1387 1385 1385 1385 1382 1382 1382 1388 1388 1388 1383 1383 1383 1386 1386 1386 1383 1383 1383 1388 1388 1388 1388 1388 1388 1382 1382 1382 886 886 886 1387 1387 1387 1386 1386 1386 1389 1389 1389 1388 1388 1388 1389 1389 1389 1386 1386 1386 1387 1387 1387 1390 1390 1390 939 939 939 1389 1389 1389 1390 1390 1390 1387 1387 1387 939 939 939 1390 1390 1390 1391 1391 1391 1391 1391 1391 1392 1392 1392 939 939 939 1390 1390 1390 1389 1389 1389 1393 1393 1393 1393 1393 1393 1391 1391 1391 1390 1390 1390 1389 1389 1389 1388 1388 1388 1394 1394 1394 1394 1394 1394 1393 1393 1393 1389 1389 1389 886 886 886 1394 1394 1394 1388 1388 1388 1391 1391 1391 1393 1393 1393 1395 1395 1395 1394 1394 1394 886 886 886 1396 1396 1396 879 879 879 1396 1396 1396 886 886 886 1396 1396 1396 879 879 879 877 877 877 1393 1393 1393 1394 1394 1394 1397 1397 1397 1396 1396 1396 1397 1397 1397 1394 1394 1394 1397 1397 1397 1395 1395 1395 1393 1393 1393 877 877 877 1398 1398 1398 1396 1396 1396 1397 1397 1397 1396 1396 1396 1398 1398 1398 1048 1048 1048 1398 1398 1398 877 877 877 1398 1398 1398 1048 1048 1048 1399 1399 1399 1399 1399 1399 1400 1400 1400 1398 1398 1398 1398 1398 1398 1400 1400 1400 1401 1401 1401 1398 1398 1398 1401 1401 1401 1402 1402 1402 1398 1398 1398 1403 1403 1403 1397 1397 1397 1402 1402 1402 1403 1403 1403 1398 1398 1398 1395 1395 1395 1397 1397 1397 1403 1403 1403 1403 1403 1403 1402 1402 1402 1404 1404 1404 1404 1404 1404 1405 1405 1405 1403 1403 1403 1403 1403 1403 1405 1405 1405 1395 1395 1395 1405 1405 1405 1404 1404 1404 1406 1406 1406 1405 1405 1405 1406 1406 1406 1407 1407 1407 1408 1408 1408 1395 1395 1395 1405 1405 1405 1395 1395 1395 1408 1408 1408 1391 1391 1391 1392 1392 1392 1391 1391 1391 1408 1408 1408 1407 1407 1407 1409 1409 1409 1405 1405 1405 1405 1405 1405 1409 1409 1409 1408 1408 1408 1392 1392 1392 1408 1408 1408 1409 1409 1409 1409 1409 1409 1407 1407 1407 1410 1410 1410 1409 1409 1409 1411 1411 1411 1392 1392 1392 1410 1410 1410 1411 1411 1411 1409 1409 1409 1412 1412 1412 1413 1413 1413 1414 1414 1414 1414 1414 1414 1415 1415 1415 1412 1412 1412 1414 1414 1414 1416 1416 1416 1415 1415 1415 1415 1415 1415 1416 1416 1416 1417 1417 1417 1415 1415 1415 1417 1417 1417 1418 1418 1418 1418 1418 1418 1419 1419 1419 1415 1415 1415 1415 1415 1415 1419 1419 1419 1420 1420 1420 1420 1420 1420 1421 1421 1421 1415 1415 1415 1421 1421 1421 1422 1422 1422 1415 1415 1415 1422 1422 1422 1423 1423 1423 1415 1415 1415 1415 1415 1415 1423 1423 1423 1424 1424 1424 1424 1424 1424 1425 1425 1425 1415 1415 1415 1425 1425 1425 1424 1424 1424 1426 1426 1426 1425 1425 1425 1426 1426 1426 1427 1427 1427 1427 1427 1427 1428 1428 1428 1425 1425 1425 1428 1428 1428 1429 1429 1429 1425 1425 1425 1415 1415 1415 1425 1425 1425 1430 1430 1430 1430 1430 1430 1431 1431 1431 1415 1415 1415 1415 1415 1415 1431 1431 1431 1432 1432 1432 1433 1433 1433 1415 1415 1415 1432 1432 1432 1434 1434 1434 1433 1433 1433 1432 1432 1432 1435 1435 1435 1434 1434 1434 1432 1432 1432 1432 1432 1432 1436 1436 1436 1435 1435 1435 1437 1437 1437 1436 1436 1436 1432 1432 1432 1432 1432 1432 1438 1438 1438 1437 1437 1437 1432 1432 1432 1439 1439 1439 1438 1438 1438 1440 1440 1440 1439 1439 1439 1432 1432 1432 1432 1432 1432 1441 1441 1441 1440 1440 1440 1442 1442 1442 1443 1443 1443 1444 1444 1444 1445 1445 1445 1442 1442 1442 1444 1444 1444 1444 1444 1444 1446 1446 1446 1445 1445 1445 1447 1447 1447 1445 1445 1445 1446 1446 1446 1446 1446 1446 1448 1448 1448 1447 1447 1447 1447 1447 1447 1448 1448 1448 1449 1449 1449 1447 1447 1447 1449 1449 1449 1450 1450 1450 1447 1447 1447 1450 1450 1450 1451 1451 1451 1452 1452 1452 1447 1447 1447 1451 1451 1451 1451 1451 1451 1453 1453 1453 1452 1452 1452 1452 1452 1452 1453 1453 1453 1454 1454 1454 1455 1455 1455 1452 1452 1452 1454 1454 1454 1454 1454 1454 1456 1456 1456 1455 1455 1455 1455 1455 1455 1456 1456 1456 1457 1457 1457 1455 1455 1455 1457 1457 1457 1458 1458 1458 1458 1458 1458 1459 1459 1459 1455 1455 1455 1460 1460 1460 1461 1461 1461 1462 1462 1462 1462 1462 1462 1463 1463 1463 1460 1460 1460 1463 1463 1463 1464 1464 1464 1460 1460 1460 1465 1465 1465 1464 1464 1464 1463 1463 1463 1463 1463 1463 1466 1466 1466 1465 1465 1465 1465 1465 1465 1466 1466 1466 1467 1467 1467 1465 1465 1465 1467 1467 1467 1468 1468 1468 1468 1468 1468 1469 1469 1469 1465 1465 1465 1465 1465 1465 1469 1469 1469 1470 1470 1470 1470 1470 1470 1469 1469 1469 1471 1471 1471 1464 1464 1464 1465 1465 1465 1472 1472 1472 1470 1470 1470 1472 1472 1472 1465 1465 1465 1471 1471 1471 1473 1473 1473 1470 1470 1470 1472 1472 1472 1474 1474 1474 1464 1464 1464 1473 1473 1473 1471 1471 1471 1475 1475 1475 1473 1473 1473 1475 1475 1475 1476 1476 1476 1474 1474 1474 1472 1472 1472 1477 1477 1477 1477 1477 1477 1478 1478 1478 1474 1474 1474 1477 1477 1477 1479 1479 1479 1478 1478 1478 1479 1479 1479 1477 1477 1477 1480 1480 1480 1480 1480 1480 1481 1481 1481 1479 1479 1479 1482 1482 1482 1481 1481 1481 1480 1480 1480 1480 1480 1480 1483 1483 1483 1482 1482 1482 1480 1480 1480 1484 1484 1484 1483 1483 1483 1480 1480 1480 1485 1485 1485 1484 1484 1484 1484 1484 1484 1485 1485 1485 1486 1486 1486 1486 1486 1486 1487 1487 1487 1484 1484 1484 1486 1486 1486 1488 1488 1488 1487 1487 1487 1487 1487 1487 1488 1488 1488 1489 1489 1489 1486 1486 1486 1480 1480 1480 1490 1490 1490 1490 1490 1490 1480 1480 1480 1472 1472 1472 1489 1489 1489 1491 1491 1491 1487 1487 1487 1490 1490 1490 1492 1492 1492 1486 1486 1486 1489 1489 1489 1486 1486 1486 1492 1492 1492 1493 1493 1493 1490 1490 1490 1472 1472 1472 1492 1492 1492 1490 1490 1490 1493 1493 1493 1494 1494 1494 1493 1493 1493 1472 1472 1472 1473 1473 1473 1494 1494 1494 1472 1472 1472 1493 1493 1493 1495 1495 1495 1492 1492 1492 1495 1495 1495 1493 1493 1493 1494 1494 1494 1496 1496 1496 1494 1494 1494 1473 1473 1473 1494 1494 1494 1496 1496 1496 1495 1495 1495 1476 1476 1476 1497 1497 1497 1473 1473 1473 1497 1497 1497 1476 1476 1476 1498 1498 1498 1498 1498 1498 1499 1499 1499 1497 1497 1497 1473 1473 1473 1499 1499 1499 1496 1496 1496 1499 1499 1499 1498 1498 1498 1500 1500 1500 1500 1500 1500 1501 1501 1501 1499 1499 1499 1501 1501 1501 1500 1500 1500 1502 1502 1502 1502 1502 1502 1503 1503 1503 1501 1501 1501 1504 1504 1504 1496 1496 1496 1499 1499 1499 1499 1499 1499 1503 1503 1503 1504 1504 1504 1503 1503 1503 1502 1502 1502 1505 1505 1505 1502 1502 1502 1506 1506 1506 1505 1505 1505 1505 1505 1505 1507 1507 1507 1503 1503 1503 1504 1504 1504 1503 1503 1503 1507 1507 1507 1508 1508 1508 1505 1505 1505 1506 1506 1506 1508 1508 1508 1507 1507 1507 1505 1505 1505 1506 1506 1506 1509 1509 1509 1508 1508 1508 1510 1510 1510 1508 1508 1508 1509 1509 1509 1509 1509 1509 1511 1511 1511 1510 1510 1510 1510 1510 1510 1511 1511 1511 1512 1512 1512 1507 1507 1507 1513 1513 1513 1504 1504 1504 1514 1514 1514 1507 1507 1507 1515 1515 1515 1513 1513 1513 1516 1516 1516 1504 1504 1504 1515 1515 1515 1517 1517 1517 1514 1514 1514 1513 1513 1513 1514 1514 1514 1517 1517 1517 1517 1517 1517 1515 1515 1515 1518 1518 1518 1519 1519 1519 1504 1504 1504 1516 1516 1516 1496 1496 1496 1504 1504 1504 1519 1519 1519 1519 1519 1519 1495 1495 1495 1496 1496 1496 1516 1516 1516 1520 1520 1520 1519 1519 1519 1495 1495 1495 1519 1519 1519 1521 1521 1521 1521 1521 1521 1519 1519 1519 1520 1520 1520 1521 1521 1521 1492 1492 1492 1495 1495 1495 1492 1492 1492 1521 1521 1521 1489 1489 1489 1489 1489 1489 1521 1521 1521 1522 1522 1522 1522 1522 1522 1523 1523 1523 1489 1489 1489 1524 1524 1524 1522 1522 1522 1521 1521 1521 1520 1520 1520 1524 1524 1524 1521 1521 1521 1489 1489 1489 1523 1523 1523 1491 1491 1491 1491 1491 1491 1523 1523 1523 1525 1525 1525 1526 1526 1526 1527 1527 1527 1491 1491 1491 1491 1491 1491 1525 1525 1525 1526 1526 1526 1528 1528 1528 1523 1523 1523 1529 1529 1529 1529 1529 1529 1530 1530 1530 1528 1528 1528 1530 1530 1530 1529 1529 1529 1524 1524 1524 1528 1528 1528 1530 1530 1530 1531 1531 1531 1531 1531 1531 1532 1532 1532 1528 1528 1528 1525 1525 1525 1532 1532 1532 1531 1531 1531 1533 1533 1533 1530 1530 1530 1524 1524 1524 1524 1524 1524 1534 1534 1534 1533 1533 1533 1533 1533 1533 1534 1534 1534 1520 1520 1520 1535 1535 1535 1531 1531 1531 1530 1530 1530 1530 1530 1530 1533 1533 1533 1535 1535 1535 1531 1531 1531 1536 1536 1536 1525 1525 1525 1536 1536 1536 1531 1531 1531 1535 1535 1535 1536 1536 1536 1537 1537 1537 1525 1525 1525 1538 1538 1538 1537 1537 1537 1536 1536 1536 1526 1526 1526 1525 1525 1525 1538 1538 1538 1535 1535 1535 1539 1539 1539 1536 1536 1536 1536 1536 1536 1540 1540 1540 1538 1538 1538 1540 1540 1540 1536 1536 1536 1539 1539 1539 1540 1540 1540 1541 1541 1541 1538 1538 1538 1526 1526 1526 1538 1538 1538 1542 1542 1542 1542 1542 1542 1541 1541 1541 1540 1540 1540 1539 1539 1539 1535 1535 1535 1543 1543 1543 1543 1543 1543 1535 1535 1535 1533 1533 1533 1539 1539 1539 1544 1544 1544 1540 1540 1540 1533 1533 1533 1545 1545 1545 1543 1543 1543 1520 1520 1520 1545 1545 1545 1533 1533 1533 1520 1520 1520 1546 1546 1546 1545 1545 1545 1545 1545 1545 1546 1546 1546 1513 1513 1513 1513 1513 1513 1517 1517 1517 1545 1545 1545 1545 1545 1545 1517 1517 1517 1547 1547 1547 1547 1547 1547 1543 1543 1543 1545 1545 1545 1547 1547 1547 1517 1517 1517 1518 1518 1518 1518 1518 1518 1548 1548 1548 1547 1547 1547 1547 1547 1547 1548 1548 1548 1549 1549 1549 1543 1543 1543 1550 1550 1550 1539 1539 1539 1550 1550 1550 1543 1543 1543 1547 1547 1547 1544 1544 1544 1539 1539 1539 1550 1550 1550 1549 1549 1549 1551 1551 1551 1547 1547 1547 1547 1547 1547 1551 1551 1551 1550 1550 1550 1551 1551 1551 1549 1549 1549 1552 1552 1552 1553 1553 1553 1550 1550 1550 1551 1551 1551 1550 1550 1550 1553 1553 1553 1544 1544 1544 1554 1554 1554 1551 1551 1551 1552 1552 1552 1551 1551 1551 1554 1554 1554 1553 1553 1553 1552 1552 1552 1555 1555 1555 1554 1554 1554 1554 1554 1554 1555 1555 1555 1556 1556 1556 1557 1557 1557 1544 1544 1544 1553 1553 1553 1558 1558 1558 1553 1553 1553 1554 1554 1554 1553 1553 1553 1558 1558 1558 1557 1557 1557 1554 1554 1554 1559 1559 1559 1558 1558 1558 1559 1559 1559 1554 1554 1554 1556 1556 1556 1560 1560 1560 1557 1557 1557 1558 1558 1558 1558 1558 1558 1561 1561 1561 1560 1560 1560 1558 1558 1558 1562 1562 1562 1561 1561 1561 1562 1562 1562 1558 1558 1558 1559 1559 1559 1559 1559 1559 1563 1563 1563 1562 1562 1562 1559 1559 1559 1564 1564 1564 1563 1563 1563 1557 1557 1557 1560 1560 1560 1565 1565 1565 1564 1564 1564 1559 1559 1559 1566 1566 1566 1566 1566 1566 1567 1567 1567 1564 1564 1564 1559 1559 1559 1568 1568 1568 1566 1566 1566 1556 1556 1556 1568 1568 1568 1559 1559 1559 1557 1557 1557 1565 1565 1565 1569 1569 1569 1569 1569 1569 1570 1570 1570 1557 1557 1557 1544 1544 1544 1557 1557 1557 1570 1570 1570 1570 1570 1570 1540 1540 1540 1544 1544 1544 1540 1540 1540 1570 1570 1570 1542 1542 1542 1570 1570 1570 1571 1571 1571 1542 1542 1542 1572 1572 1572 1571 1571 1571 1570 1570 1570 1572 1572 1572 1570 1570 1570 1569 1569 1569 1526 1526 1526 1542 1542 1542 1572 1572 1572 1569 1569 1569 1573 1573 1573 1572 1572 1572 1572 1572 1572 1574 1574 1574 1526 1526 1526 1574 1574 1574 1572 1572 1572 1573 1573 1573 1574 1574 1574 1575 1575 1575 1526 1526 1526 1575 1575 1575 1574 1574 1574 1576 1576 1576 1576 1576 1576 1577 1577 1577 1575 1575 1575 1577 1577 1577 1576 1576 1576 1578 1578 1578 1578 1578 1578 1579 1579 1579 1577 1577 1577 1579 1579 1579 1578 1578 1578 1580 1580 1580 1580 1580 1580 1581 1581 1581 1579 1579 1579 1581 1581 1581 1580 1580 1580 1582 1582 1582 1582 1582 1582 1583 1583 1583 1581 1581 1581 1583 1583 1583 1582 1582 1582 1584 1584 1584 1584 1584 1584 1585 1585 1585 1583 1583 1583 1586 1586 1586 1585 1585 1585 1584 1584 1584 1584 1584 1584 1587 1587 1587 1586 1586 1586 1588 1588 1588 1586 1586 1586 1587 1587 1587 1587 1587 1587 1589 1589 1589 1588 1588 1588 1590 1590 1590 1588 1588 1588 1589 1589 1589 1589 1589 1589 1591 1591 1591 1590 1590 1590 1592 1592 1592 1590 1590 1590 1591 1591 1591 1591 1591 1591 1593 1593 1593 1592 1592 1592 1594 1594 1594 1592 1592 1592 1593 1593 1593 1593 1593 1593 1595 1595 1595 1594 1594 1594 1596 1596 1596 1594 1594 1594 1595 1595 1595 1595 1595 1595 1597 1597 1597 1596 1596 1596 1596 1596 1596 1597 1597 1597 1598 1598 1598 1598 1598 1598 1599 1599 1599 1596 1596 1596 1600 1600 1600 1599 1599 1599 1598 1598 1598 1598 1598 1598 1601 1601 1601 1600 1600 1600 1601 1601 1601 1602 1602 1602 1600 1600 1600 1601 1601 1601 1603 1603 1603 1602 1602 1602 1603 1603 1603 1601 1601 1601 1604 1604 1604 1604 1604 1604 1605 1605 1605 1603 1603 1603 1605 1605 1605 1604 1604 1604 1606 1606 1606 1605 1605 1605 1606 1606 1606 1607 1607 1607 1607 1607 1607 1608 1608 1608 1605 1605 1605 1609 1609 1609 1608 1608 1608 1607 1607 1607 1609 1609 1609 1607 1607 1607 1610 1610 1610 1610 1610 1610 1611 1611 1611 1609 1609 1609 1611 1611 1611 1610 1610 1610 1612 1612 1612 1612 1612 1612 1613 1613 1613 1611 1611 1611 1613 1613 1613 1612 1612 1612 1614 1614 1614 1614 1614 1614 1615 1615 1615 1613 1613 1613 1615 1615 1615 1614 1614 1614 1616 1616 1616 1616 1616 1616 1617 1617 1617 1615 1615 1615 1617 1617 1617 1616 1616 1616 1618 1618 1618 1618 1618 1618 1619 1619 1619 1617 1617 1617 1619 1619 1619 1618 1618 1618 1620 1620 1620 1619 1619 1619 1620 1620 1620 1621 1621 1621 1621 1621 1621 1622 1622 1622 1619 1619 1619 1622 1622 1622 1623 1623 1623 1619 1619 1619 1623 1623 1623 1624 1624 1624 1619 1619 1619 1625 1625 1625 1626 1626 1626 1627 1627 1627 1627 1627 1627 1628 1628 1628 1625 1625 1625 1629 1629 1629 1625 1625 1625 1628 1628 1628 1628 1628 1628 1630 1630 1630 1629 1629 1629 1629 1629 1629 1630 1630 1630 1631 1631 1631 1631 1631 1631 1632 1632 1632 1629 1629 1629 1633 1633 1633 1631 1631 1631 1630 1630 1630 1633 1633 1633 1630 1630 1630 1634 1634 1634 1632 1632 1632 1631 1631 1631 1635 1635 1635 1634 1634 1634 1636 1636 1636 1633 1633 1633 1634 1634 1634 1637 1637 1637 1636 1636 1636 1636 1636 1636 1637 1637 1637 1638 1638 1638 1638 1638 1638 1639 1639 1639 1636 1636 1636 1639 1639 1639 1640 1640 1640 1636 1636 1636 1641 1641 1641 1636 1636 1636 1640 1640 1640 1640 1640 1640 1642 1642 1642 1641 1641 1641 1636 1636 1636 1641 1641 1641 1643 1643 1643 1633 1633 1633 1636 1636 1636 1643 1643 1643 1643 1643 1643 1644 1644 1644 1633 1633 1633 1633 1633 1633 1644 1644 1644 1645 1645 1645 1645 1645 1645 1646 1646 1646 1633 1633 1633 1631 1631 1631 1633 1633 1633 1646 1646 1646 1646 1646 1646 1635 1635 1635 1631 1631 1631 1646 1646 1646 1645 1645 1645 1647 1647 1647 1635 1635 1635 1646 1646 1646 1648 1648 1648 1647 1647 1647 1648 1648 1648 1646 1646 1646 1635 1635 1635 1649 1649 1649 1632 1632 1632 1648 1648 1648 1649 1649 1649 1635 1635 1635 1649 1649 1649 1650 1650 1650 1632 1632 1632 1649 1649 1649 1651 1651 1651 1650 1650 1650 1652 1652 1652 1651 1651 1651 1649 1649 1649 1649 1649 1649 1648 1648 1648 1653 1653 1653 1649 1649 1649 1654 1654 1654 1652 1652 1652 1653 1653 1653 1654 1654 1654 1649 1649 1649 1655 1655 1655 1652 1652 1652 1654 1654 1654 1654 1654 1654 1656 1656 1656 1655 1655 1655 1654 1654 1654 1657 1657 1657 1656 1656 1656 1658 1658 1658 1657 1657 1657 1654 1654 1654 1654 1654 1654 1659 1659 1659 1658 1658 1658 1660 1660 1660 1658 1658 1658 1659 1659 1659 1660 1660 1660 1659 1659 1659 1661 1661 1661 1661 1661 1661 1662 1662 1662 1660 1660 1660 1663 1663 1663 1662 1662 1662 1661 1661 1661 1664 1664 1664 1663 1663 1663 1661 1661 1661 1661 1661 1661 1659 1659 1659 1665 1665 1665 1661 1661 1661 1666 1666 1666 1664 1664 1664 1667 1667 1667 1664 1664 1664 1666 1666 1666 1665 1665 1665 1668 1668 1668 1661 1661 1661 1666 1666 1666 1661 1661 1661 1668 1668 1668 1666 1666 1666 1669 1669 1669 1667 1667 1667 1670 1670 1670 1667 1667 1667 1669 1669 1669 1669 1669 1669 1666 1666 1666 1671 1671 1671 1668 1668 1668 1671 1671 1671 1666 1666 1666 1671 1671 1671 1672 1672 1672 1669 1669 1669 1670 1670 1670 1669 1669 1669 1672 1672 1672 1671 1671 1671 1668 1668 1668 1673 1673 1673 1672 1672 1672 1671 1671 1671 1674 1674 1674 1673 1673 1673 1674 1674 1674 1671 1671 1671 1674 1674 1674 1675 1675 1675 1672 1672 1672 1672 1672 1672 1675 1675 1675 1670 1670 1670 1673 1673 1673 1668 1668 1668 1676 1676 1676 1665 1665 1665 1676 1676 1676 1668 1668 1668 1676 1676 1676 1677 1677 1677 1673 1673 1673 1673 1673 1673 1677 1677 1677 1678 1678 1678 1679 1679 1679 1676 1676 1676 1665 1665 1665 1674 1674 1674 1673 1673 1673 1680 1680 1680 1680 1680 1680 1673 1673 1673 1678 1678 1678 1675 1675 1675 1674 1674 1674 1681 1681 1681 1680 1680 1680 1681 1681 1681 1674 1674 1674 1681 1681 1681 1682 1682 1682 1675 1675 1675 1670 1670 1670 1675 1675 1675 1682 1682 1682 1681 1681 1681 1680 1680 1680 1683 1683 1683 1682 1682 1682 1681 1681 1681 1684 1684 1684 1683 1683 1683 1684 1684 1684 1681 1681 1681 1682 1682 1682 1685 1685 1685 1670 1670 1670 1684 1684 1684 1685 1685 1685 1682 1682 1682 1683 1683 1683 1680 1680 1680 1686 1686 1686 1678 1678 1678 1686 1686 1686 1680 1680 1680 1685 1685 1685 1684 1684 1684 1687 1687 1687 1688 1688 1688 1686 1686 1686 1678 1678 1678 1687 1687 1687 1689 1689 1689 1685 1685 1685 1670 1670 1670 1685 1685 1685 1689 1689 1689 1690 1690 1690 1687 1687 1687 1684 1684 1684 1684 1684 1684 1683 1683 1683 1690 1690 1690 1689 1689 1689 1691 1691 1691 1670 1670 1670 1689 1689 1689 1687 1687 1687 1692 1692 1692 1692 1692 1692 1691 1691 1691 1689 1689 1689 1691 1691 1691 1693 1693 1693 1670 1670 1670 1694 1694 1694 1670 1670 1670 1693 1693 1693 1695 1695 1695 1694 1694 1694 1693 1693 1693 1693 1693 1693 1696 1696 1696 1695 1695 1695 1693 1693 1693 1697 1697 1697 1696 1696 1696 1698 1698 1698 1697 1697 1697 1693 1693 1693 1699 1699 1699 1693 1693 1693 1691 1691 1691 1693 1693 1693 1699 1699 1699 1698 1698 1698 1691 1691 1691 1692 1692 1692 1699 1699 1699 1700 1700 1700 1698 1698 1698 1699 1699 1699 1701 1701 1701 1700 1700 1700 1699 1699 1699 1699 1699 1699 1702 1702 1702 1701 1701 1701 1702 1702 1702 1699 1699 1699 1692 1692 1692 1703 1703 1703 1701 1701 1701 1702 1702 1702 1702 1702 1702 1704 1704 1704 1703 1703 1703 1702 1702 1702 1705 1705 1705 1704 1704 1704 1692 1692 1692 1706 1706 1706 1702 1702 1702 1705 1705 1705 1702 1702 1702 1706 1706 1706 1706 1706 1706 1692 1692 1692 1687 1687 1687 1706 1706 1706 1707 1707 1707 1705 1705 1705 1687 1687 1687 1690 1690 1690 1706 1706 1706 1706 1706 1706 1708 1708 1708 1707 1707 1707 1709 1709 1709 1708 1708 1708 1706 1706 1706 1709 1709 1709 1706 1706 1706 1690 1690 1690 1710 1710 1710 1707 1707 1707 1709 1709 1709 1690 1690 1690 1711 1711 1711 1709 1709 1709 1711 1711 1711 1690 1690 1690 1683 1683 1683 1709 1709 1709 1712 1712 1712 1710 1710 1710 1712 1712 1712 1709 1709 1709 1711 1711 1711 1713 1713 1713 1710 1710 1710 1712 1712 1712 1714 1714 1714 1713 1713 1713 1712 1712 1712 1715 1715 1715 1714 1714 1714 1712 1712 1712 1683 1683 1683 1716 1716 1716 1711 1711 1711 1717 1717 1717 1716 1716 1716 1683 1683 1683 1686 1686 1686 1717 1717 1717 1683 1683 1683 1711 1711 1711 1718 1718 1718 1712 1712 1712 1718 1718 1718 1711 1711 1711 1717 1717 1717 1719 1719 1719 1717 1717 1717 1686 1686 1686 1717 1717 1717 1719 1719 1719 1718 1718 1718 1686 1686 1686 1688 1688 1688 1719 1719 1719 1720 1720 1720 1712 1712 1712 1718 1718 1718 1712 1712 1712 1720 1720 1720 1715 1715 1715 1721 1721 1721 1718 1718 1718 1719 1719 1719 1718 1718 1718 1721 1721 1721 1720 1720 1720 1715 1715 1715 1720 1720 1720 1722 1722 1722 1722 1722 1722 1723 1723 1723 1715 1715 1715 1722 1722 1722 1724 1724 1724 1723 1723 1723 1725 1725 1725 1722 1722 1722 1720 1720 1720 1725 1725 1725 1720 1720 1720 1721 1721 1721 1721 1721 1721 1726 1726 1726 1725 1725 1725 1727 1727 1727 1726 1726 1726 1721 1721 1721 1728 1728 1728 1724 1724 1724 1729 1729 1729 1729 1729 1729 1730 1730 1730 1728 1728 1728 1731 1731 1731 1727 1727 1727 1721 1721 1721 1732 1732 1732 1730 1730 1730 1729 1729 1729 1729 1729 1729 1733 1733 1733 1732 1732 1732 1734 1734 1734 1730 1730 1730 1732 1732 1732 1732 1732 1732 1735 1735 1735 1734 1734 1734 1732 1732 1732 1733 1733 1733 1736 1736 1736 1737 1737 1737 1735 1735 1735 1732 1732 1732 1736 1736 1736 1727 1727 1727 1738 1738 1738 1738 1738 1738 1732 1732 1732 1736 1736 1736 1732 1732 1732 1738 1738 1738 1739 1739 1739 1739 1739 1739 1727 1727 1727 1740 1740 1740 1732 1732 1732 1739 1739 1739 1741 1741 1741 1740 1740 1740 1742 1742 1742 1739 1739 1739 1732 1732 1732 1743 1743 1743 1737 1737 1737 1741 1741 1741 1743 1743 1743 1732 1732 1732 1744 1744 1744 1737 1737 1737 1743 1743 1743 1745 1745 1745 1744 1744 1744 1743 1743 1743 1746 1746 1746 1727 1727 1727 1747 1747 1747 1743 1743 1743 1748 1748 1748 1745 1745 1745 1749 1749 1749 1745 1745 1745 1748 1748 1748 1750 1750 1750 1749 1749 1749 1748 1748 1748 1748 1748 1748 1751 1751 1751 1750 1750 1750 1752 1752 1752 1751 1751 1751 1748 1748 1748 1752 1752 1752 1748 1748 1748 1753 1753 1753 1753 1753 1753 1512 1512 1512 1752 1752 1752 1754 1754 1754 1753 1753 1753 1748 1748 1748 1754 1754 1754 1748 1748 1748 1743 1743 1743 1743 1743 1743 1741 1741 1741 1754 1754 1754 1747 1747 1747 1755 1755 1755 1746 1746 1746 1747 1747 1747 1756 1756 1756 1755 1755 1755 1740 1740 1740 1746 1746 1746 1755 1755 1755 1755 1755 1755 1756 1756 1756 1757 1757 1757 1757 1757 1757 1758 1758 1758 1755 1755 1755 1757 1757 1757 1759 1759 1759 1758 1758 1758 1758 1758 1758 1759 1759 1759 1760 1760 1760 1740 1740 1740 1755 1755 1755 1761 1761 1761 1761 1761 1761 1762 1762 1762 1740 1740 1740 1755 1755 1755 1758 1758 1758 1763 1763 1763 1763 1763 1763 1761 1761 1761 1755 1755 1755 1764 1764 1764 1762 1762 1762 1761 1761 1761 1742 1742 1742 1740 1740 1740 1764 1764 1764 1764 1764 1764 1765 1765 1765 1742 1742 1742 1741 1741 1741 1765 1765 1765 1766 1766 1766 1764 1764 1764 1766 1766 1766 1765 1765 1765 1766 1766 1766 1767 1767 1767 1741 1741 1741 1767 1767 1767 1766 1766 1766 1768 1768 1768 1766 1766 1766 1764 1764 1764 1768 1768 1768 1769 1769 1769 1767 1767 1767 1768 1768 1768 1754 1754 1754 1769 1769 1769 1768 1768 1768 1768 1768 1768 1770 1770 1770 1754 1754 1754 1770 1770 1770 1768 1768 1768 1771 1771 1771 1772 1772 1772 1771 1771 1771 1768 1768 1768 1768 1768 1768 1773 1773 1773 1772 1772 1772 1772 1772 1772 1773 1773 1773 1512 1512 1512 1774 1774 1774 1512 1512 1512 1773 1773 1773 1775 1775 1775 1774 1774 1774 1773 1773 1773 1773 1773 1773 1776 1776 1776 1775 1775 1775 1777 1777 1777 1774 1774 1774 1775 1775 1775 1512 1512 1512 1777 1777 1777 1510 1510 1510 1776 1776 1776 1768 1768 1768 1778 1778 1778 1778 1778 1778 1775 1775 1775 1776 1776 1776 1778 1778 1778 1768 1768 1768 1779 1779 1779 1779 1779 1779 1780 1780 1780 1778 1778 1778 1778 1778 1778 1781 1781 1781 1775 1775 1775 1775 1775 1775 1781 1781 1781 1782 1782 1782 1782 1782 1782 1778 1778 1778 1780 1780 1780 1783 1783 1783 1768 1768 1768 1784 1784 1784 1782 1782 1782 1785 1785 1785 1775 1775 1775 1777 1777 1777 1775 1775 1775 1785 1785 1785 1784 1784 1784 1786 1786 1786 1783 1783 1783 1786 1786 1786 1784 1784 1784 1764 1764 1764 1786 1786 1786 1787 1787 1787 1783 1783 1783 1761 1761 1761 1786 1786 1786 1764 1764 1764 1788 1788 1788 1787 1787 1787 1786 1786 1786 1789 1789 1789 1786 1786 1786 1761 1761 1761 1786 1786 1786 1789 1789 1789 1788 1788 1788 1789 1789 1789 1790 1790 1790 1788 1788 1788 1761 1761 1761 1763 1763 1763 1789 1789 1789 1791 1791 1791 1790 1790 1790 1789 1789 1789 1789 1789 1789 1792 1792 1792 1791 1791 1791 1792 1792 1792 1789 1789 1789 1763 1763 1763 1792 1792 1792 1793 1793 1793 1791 1791 1791 1794 1794 1794 1793 1793 1793 1792 1792 1792 1763 1763 1763 1795 1795 1795 1792 1792 1792 1795 1795 1795 1763 1763 1763 1758 1758 1758 1792 1792 1792 1796 1796 1796 1794 1794 1794 1796 1796 1796 1792 1792 1792 1795 1795 1795 1796 1796 1796 1797 1797 1797 1794 1794 1794 1798 1798 1798 1797 1797 1797 1796 1796 1796 1758 1758 1758 1799 1799 1799 1795 1795 1795 1760 1760 1760 1799 1799 1799 1758 1758 1758 1760 1760 1760 1800 1800 1800 1799 1799 1799 1799 1799 1799 1800 1800 1800 1801 1801 1801 1795 1795 1795 1802 1802 1802 1796 1796 1796 1802 1802 1802 1795 1795 1795 1799 1799 1799 1801 1801 1801 1803 1803 1803 1799 1799 1799 1799 1799 1799 1803 1803 1803 1802 1802 1802 1801 1801 1801 1804 1804 1804 1803 1803 1803 1803 1803 1803 1804 1804 1804 1805 1805 1805 1796 1796 1796 1802 1802 1802 1806 1806 1806 1806 1806 1806 1802 1802 1802 1803 1803 1803 1805 1805 1805 1806 1806 1806 1803 1803 1803 1796 1796 1796 1806 1806 1806 1798 1798 1798 1805 1805 1805 1807 1807 1807 1806 1806 1806 1806 1806 1806 1808 1808 1808 1798 1798 1798 1806 1806 1806 1807 1807 1807 1809 1809 1809 1810 1810 1810 1808 1808 1808 1806 1806 1806 1809 1809 1809 1811 1811 1811 1806 1806 1806 1806 1806 1806 1811 1811 1811 1810 1810 1810 1809 1809 1809 1812 1812 1812 1811 1811 1811 1811 1811 1811 1812 1812 1812 1813 1813 1813 1811 1811 1811 1814 1814 1814 1810 1810 1810 1815 1815 1815 1814 1814 1814 1811 1811 1811 1813 1813 1813 1816 1816 1816 1811 1811 1811 1811 1811 1811 1816 1816 1816 1815 1815 1815 1813 1813 1813 1817 1817 1817 1816 1816 1816 1818 1818 1818 1816 1816 1816 1817 1817 1817 1817 1817 1817 1819 1819 1819 1818 1818 1818 1818 1818 1818 1820 1820 1820 1816 1816 1816 1821 1821 1821 1816 1816 1816 1820 1820 1820 1816 1816 1816 1821 1821 1821 1815 1815 1815 1820 1820 1820 1822 1822 1822 1821 1821 1821 1823 1823 1823 1821 1821 1821 1822 1822 1822 1822 1822 1822 1824 1824 1824 1823 1823 1823 1824 1824 1824 1825 1825 1825 1823 1823 1823 1815 1815 1815 1826 1826 1826 1827 1827 1827 1827 1827 1827 1826 1826 1826 1825 1825 1825 1827 1827 1827 1828 1828 1828 1815 1815 1815 1827 1827 1827 1829 1829 1829 1828 1828 1828 1825 1825 1825 1830 1830 1830 1827 1827 1827 1828 1828 1828 1829 1829 1829 1831 1831 1831 1831 1831 1831 1810 1810 1810 1828 1828 1828 1831 1831 1831 1832 1832 1832 1810 1810 1810 1831 1831 1831 1794 1794 1794 1832 1832 1832 1831 1831 1831 1833 1833 1833 1794 1794 1794 1833 1833 1833 1831 1831 1831 1834 1834 1834 1834 1834 1834 1835 1835 1835 1833 1833 1833 1836 1836 1836 1837 1837 1837 1830 1830 1830 1830 1830 1830 1825 1825 1825 1836 1836 1836 1836 1836 1836 1825 1825 1825 1838 1838 1838 1838 1838 1838 1825 1825 1825 1839 1839 1839 1838 1838 1838 1840 1840 1840 1836 1836 1836 1839 1839 1839 1841 1841 1841 1838 1838 1838 1840 1840 1840 1838 1838 1838 1842 1842 1842 1843 1843 1843 1838 1838 1838 1841 1841 1841 1842 1842 1842 1844 1844 1844 1840 1840 1840 1841 1841 1841 1845 1845 1845 1843 1843 1843 1845 1845 1845 1841 1841 1841 1846 1846 1846 1846 1846 1846 1847 1847 1847 1845 1845 1845 1843 1843 1843 1845 1845 1845 1848 1848 1848 1848 1848 1848 1842 1842 1842 1843 1843 1843 1849 1849 1849 1848 1848 1848 1845 1845 1845 1845 1845 1845 1847 1847 1847 1849 1849 1849 1842 1842 1842 1848 1848 1848 1849 1849 1849 1847 1847 1847 1850 1850 1850 1849 1849 1849 1850 1850 1850 1847 1847 1847 1851 1851 1851 1849 1849 1849 1852 1852 1852 1842 1842 1842 1851 1851 1851 1852 1852 1852 1850 1850 1850 1852 1852 1852 1851 1851 1851 1819 1819 1819 1852 1852 1852 1853 1853 1853 1842 1842 1842 1819 1819 1819 1853 1853 1853 1852 1852 1852 1854 1854 1854 1844 1844 1844 1842 1842 1842 1854 1854 1854 1842 1842 1842 1853 1853 1853 1855 1855 1855 1844 1844 1844 1854 1854 1854 1853 1853 1853 1644 1644 1644 1854 1854 1854 1855 1855 1855 1854 1854 1854 1642 1642 1642 1647 1647 1647 1644 1644 1644 1853 1853 1853 1853 1853 1853 1819 1819 1819 1647 1647 1647 1642 1642 1642 1856 1856 1856 1855 1855 1855 1855 1855 1855 1856 1856 1856 1857 1857 1857 1857 1857 1857 1858 1858 1858 1855 1855 1855 1858 1858 1858 1859 1859 1859 1855 1855 1855 1860 1860 1860 1647 1647 1647 1819 1819 1819 1648 1648 1648 1647 1647 1647 1860 1860 1860 1819 1819 1819 1813 1813 1813 1860 1860 1860 1860 1860 1860 1653 1653 1653 1648 1648 1648 1813 1813 1813 1861 1861 1861 1860 1860 1860 1862 1862 1862 1860 1860 1860 1861 1861 1861 1653 1653 1653 1860 1860 1860 1862 1862 1862 1861 1861 1861 1863 1863 1863 1862 1862 1862 1863 1863 1863 1864 1864 1864 1862 1862 1862 1862 1862 1862 1865 1865 1865 1653 1653 1653 1654 1654 1654 1653 1653 1653 1865 1865 1865 1865 1865 1865 1665 1665 1665 1654 1654 1654 1665 1665 1665 1865 1865 1865 1679 1679 1679 1866 1866 1866 1862 1862 1862 1864 1864 1864 1865 1865 1865 1862 1862 1862 1866 1866 1866 1866 1866 1866 1679 1679 1679 1865 1865 1865 1864 1864 1864 1867 1867 1867 1866 1866 1866 1868 1868 1868 1866 1866 1866 1867 1867 1867 1679 1679 1679 1866 1866 1866 1868 1868 1868 1867 1867 1867 1869 1869 1869 1868 1868 1868 1869 1869 1869 1870 1870 1870 1868 1868 1868 1868 1868 1868 1871 1871 1871 1679 1679 1679 1676 1676 1676 1679 1679 1679 1871 1871 1871 1871 1871 1871 1678 1678 1678 1676 1676 1676 1678 1678 1678 1871 1871 1871 1688 1688 1688 1872 1872 1872 1868 1868 1868 1870 1870 1870 1871 1871 1871 1868 1868 1868 1872 1872 1872 1872 1872 1872 1688 1688 1688 1871 1871 1871 1870 1870 1870 1873 1873 1873 1872 1872 1872 1873 1873 1873 1874 1874 1874 1872 1872 1872 1688 1688 1688 1872 1872 1872 1875 1875 1875 1875 1875 1875 1872 1872 1872 1874 1874 1874 1875 1875 1875 1719 1719 1719 1688 1688 1688 1874 1874 1874 1731 1731 1731 1875 1875 1875 1719 1719 1719 1875 1875 1875 1721 1721 1721 1721 1721 1721 1875 1875 1875 1731 1731 1731 1876 1876 1876 1877 1877 1877 1878 1878 1878 1876 1876 1876 1878 1878 1878 1879 1879 1879 1879 1879 1879 1880 1880 1880 1876 1876 1876 1880 1880 1880 1879 1879 1879 1881 1881 1881 1881 1881 1881 1882 1882 1882 1880 1880 1880 1880 1880 1880 1882 1882 1882 1883 1883 1883 1883 1883 1883 1884 1884 1884 1880 1880 1880 1884 1884 1884 1883 1883 1883 1885 1885 1885 1885 1885 1885 1886 1886 1886 1884 1884 1884 1884 1884 1884 1886 1886 1886 1887 1887 1887 1887 1887 1887 1888 1888 1888 1884 1884 1884 1887 1887 1887 1889 1889 1889 1888 1888 1888 1888 1888 1888 1889 1889 1889 1890 1890 1890 1890 1890 1890 1891 1891 1891 1888 1888 1888 1892 1892 1892 1888 1888 1888 1891 1891 1891 1891 1891 1891 1893 1893 1893 1892 1892 1892 1892 1892 1892 1893 1893 1893 1894 1894 1894 1894 1894 1894 1895 1895 1895 1892 1892 1892 1896 1896 1896 1892 1892 1892 1895 1895 1895 1895 1895 1895 1897 1897 1897 1896 1896 1896 1897 1897 1897 1898 1898 1898 1896 1896 1896 1896 1896 1896 1898 1898 1898 1899 1899 1899 1896 1896 1896 1899 1899 1899 1900 1900 1900 1900 1900 1900 1901 1901 1901 1896 1896 1896 1900 1900 1900 1902 1902 1902 1901 1901 1901 1901 1901 1901 1902 1902 1902 1903 1903 1903 1901 1901 1901 1903 1903 1903 1904 1904 1904 1904 1904 1904 1905 1905 1905 1901 1901 1901 1905 1905 1905 1904 1904 1904 1906 1906 1906 1906 1906 1906 1907 1907 1907 1905 1905 1905 1905 1905 1905 1907 1907 1907 1908 1908 1908 1909 1909 1909 1905 1905 1905 1908 1908 1908 1908 1908 1908 1910 1910 1910 1909 1909 1909 1910 1910 1910 1911 1911 1911 1909 1909 1909 1909 1909 1909 1911 1911 1911 1912 1912 1912 1909 1909 1909 1912 1912 1912 1913 1913 1913 1913 1913 1913 1914 1914 1914 1909 1909 1909 1915 1915 1915 1909 1909 1909 1914 1914 1914 1914 1914 1914 1916 1916 1916 1915 1915 1915 1915 1915 1915 1916 1916 1916 1917 1917 1917 1917 1917 1917 1918 1918 1918 1915 1915 1915 1919 1919 1919 1915 1915 1915 1918 1918 1918 1918 1918 1918 1920 1920 1920 1919 1919 1919 1920 1920 1920 1921 1921 1921 1919 1919 1919 1919 1919 1919 1921 1921 1921 1922 1922 1922 1922 1922 1922 1923 1923 1923 1919 1919 1919 1922 1922 1922 1924 1924 1924 1923 1923 1923 1917 1917 1917 1914 1914 1914 1925 1925 1925 1914 1914 1914 1926 1926 1926 1925 1925 1925 1926 1926 1926 1927 1927 1927 1928 1928 1928 1928 1928 1928 1925 1925 1925 1926 1926 1926 1928 1928 1928 1929 1929 1929 1925 1925 1925 1925 1925 1925 1929 1929 1929 1930 1930 1930 1925 1925 1925 1931 1931 1931 1917 1917 1917 1931 1931 1931 1932 1932 1932 1917 1917 1917 1933 1933 1933 1932 1932 1932 1931 1931 1931 1930 1930 1930 1934 1934 1934 1925 1925 1925 1931 1931 1931 1925 1925 1925 1934 1934 1934 1930 1930 1930 1935 1935 1935 1934 1934 1934 1934 1934 1934 1935 1935 1935 1936 1936 1936 1933 1933 1933 1931 1931 1931 1937 1937 1937 1937 1937 1937 1938 1938 1938 1933 1933 1933 1939 1939 1939 1938 1938 1938 1937 1937 1937 1934 1934 1934 1940 1940 1940 1931 1931 1931 1937 1937 1937 1931 1931 1931 1940 1940 1940 1941 1941 1941 1939 1939 1939 1937 1937 1937 1942 1942 1942 1943 1943 1943 1941 1941 1941 1941 1941 1941 1944 1944 1944 1942 1942 1942 1941 1941 1941 1945 1945 1945 1944 1944 1944 1937 1937 1937 1945 1945 1945 1941 1941 1941 1946 1946 1946 1945 1945 1945 1937 1937 1937 1937 1937 1937 1947 1947 1947 1946 1946 1946 1948 1948 1948 1947 1947 1947 1937 1937 1937 1937 1937 1937 1949 1949 1949 1948 1948 1948 1940 1940 1940 1949 1949 1949 1937 1937 1937 1950 1950 1950 1948 1948 1948 1949 1949 1949 1951 1951 1951 1950 1950 1950 1949 1949 1949 1949 1949 1949 1952 1952 1952 1951 1951 1951 1953 1953 1953 1951 1951 1951 1952 1952 1952 1952 1952 1952 1954 1954 1954 1953 1953 1953 1955 1955 1955 1954 1954 1954 1952 1952 1952 1956 1956 1956 1955 1955 1955 1952 1952 1952 1957 1957 1957 1952 1952 1952 1949 1949 1949 1952 1952 1952 1957 1957 1957 1956 1956 1956 1949 1949 1949 1940 1940 1940 1957 1957 1957 1957 1957 1957 1958 1958 1958 1956 1956 1956 1835 1835 1835 1958 1958 1958 1957 1957 1957 1957 1957 1957 1959 1959 1959 1835 1835 1835 1960 1960 1960 1959 1959 1959 1957 1957 1957 1833 1833 1833 1835 1835 1835 1960 1960 1960 1961 1961 1961 1957 1957 1957 1940 1940 1940 1960 1960 1960 1957 1957 1957 1961 1961 1961 1940 1940 1940 1934 1934 1934 1961 1961 1961 1961 1961 1961 1934 1934 1934 1936 1936 1936 1961 1961 1961 1962 1962 1962 1960 1960 1960 1936 1936 1936 1963 1963 1963 1961 1961 1961 1964 1964 1964 1962 1962 1962 1961 1961 1961 1964 1964 1964 1961 1961 1961 1963 1963 1963 1960 1960 1960 1964 1964 1964 1833 1833 1833 1963 1963 1963 1965 1965 1965 1964 1964 1964 1965 1965 1965 1963 1963 1963 1966 1966 1966 1966 1966 1966 1967 1967 1967 1965 1965 1965 1964 1964 1964 1965 1965 1965 1968 1968 1968 1968 1968 1968 1833 1833 1833 1964 1964 1964 1969 1969 1969 1968 1968 1968 1965 1965 1965 1965 1965 1965 1967 1967 1967 1969 1969 1969 1833 1833 1833 1968 1968 1968 1970 1970 1970 1970 1970 1970 1971 1971 1971 1833 1833 1833 1833 1833 1833 1971 1971 1971 1972 1972 1972 1833 1833 1833 1972 1972 1972 1973 1973 1973 1973 1973 1973 1972 1972 1972 1974 1974 1974 1974 1974 1974 1972 1972 1972 1975 1975 1975 1833 1833 1833 1973 1973 1973 1976 1976 1976 1976 1976 1976 1977 1977 1977 1833 1833 1833 1976 1976 1976 1978 1978 1978 1977 1977 1977 1976 1976 1976 1780 1780 1780 1978 1978 1978 1974 1974 1974 1979 1979 1979 1973 1973 1973 1979 1979 1979 1980 1980 1980 1973 1973 1973 1981 1981 1981 1980 1980 1980 1979 1979 1979 1780 1780 1780 1976 1976 1976 1982 1982 1982 1982 1982 1982 1983 1983 1983 1780 1780 1780 1983 1983 1983 1782 1782 1782 1780 1780 1780 1984 1984 1984 1982 1982 1982 1976 1976 1976 1782 1782 1782 1985 1985 1985 1785 1785 1785 1785 1785 1785 1985 1985 1985 1983 1983 1983 1986 1986 1986 1984 1984 1984 1976 1976 1976 1987 1987 1987 1986 1986 1986 1976 1976 1976 1988 1988 1988 1987 1987 1987 1976 1976 1976 1989 1989 1989 1988 1988 1988 1976 1976 1976 1990 1990 1990 1989 1989 1989 1976 1976 1976 1990 1990 1990 1976 1976 1976 1981 1981 1981 1785 1785 1785 1991 1991 1991 1777 1777 1777 1992 1992 1992 1991 1991 1991 1785 1785 1785 1777 1777 1777 1992 1992 1992 1510 1510 1510 1992 1992 1992 1993 1993 1993 1510 1510 1510 1510 1510 1510 1993 1993 1993 1994 1994 1994 1995 1995 1995 1992 1992 1992 1785 1785 1785 1556 1556 1556 1510 1510 1510 1994 1994 1994 1994 1994 1994 1996 1996 1996 1556 1556 1556 1996 1996 1996 1997 1997 1997 1556 1556 1556 1556 1556 1556 1997 1997 1997 1998 1998 1998 1556 1556 1556 1998 1998 1998 1999 1999 1999 1999 1999 1999 2000 2000 2000 1556 1556 1556 1999 1999 1999 2001 2001 2001 2000 2000 2000 2001 2001 2001 2002 2002 2002 2000 2000 2000 2000 2000 2000 2002 2002 2002 2003 2003 2003 2003 2003 2003 1567 1567 1567 2000 2000 2000 1567 1567 1567 2003 2003 2003 2004 2004 2004 2004 2004 2004 2005 2005 2005 1567 1567 1567 2004 2004 2004 2006 2006 2006 2005 2005 2005 2007 2007 2007 2005 2005 2005 2006 2006 2006 2007 2007 2007 2006 2006 2006 2008 2008 2008 2008 2008 2008 2009 2009 2009 2007 2007 2007 2010 2010 2010 1567 1567 1567 2011 2011 2011 2009 2009 2009 2008 2008 2008 2012 2012 2012 2013 2013 2013 2010 2010 2010 2011 2011 2011 2012 2012 2012 2014 2014 2014 2009 2009 2009 2011 2011 2011 2015 2015 2015 2013 2013 2013 2013 2013 2013 2015 2015 2015 2016 2016 2016 2017 2017 2017 2010 2010 2010 2013 2013 2013 2013 2013 2013 2016 2016 2016 2018 2018 2018 2013 2013 2013 2019 2019 2019 2017 2017 2017 2020 2020 2020 2017 2017 2017 2019 2019 2019 2018 2018 2018 2021 2021 2021 2013 2013 2013 2019 2019 2019 2013 2013 2013 2021 2021 2021 2018 2018 2018 2022 2022 2022 2021 2021 2021 2021 2021 2021 2022 2022 2022 2023 2023 2023 2019 2019 2019 2024 2024 2024 2020 2020 2020 2025 2025 2025 2020 2020 2020 2024 2024 2024 2021 2021 2021 2026 2026 2026 2019 2019 2019 2024 2024 2024 2019 2019 2019 2026 2026 2026 2026 2026 2026 2021 2021 2021 2023 2023 2023 2024 2024 2024 2027 2027 2027 2025 2025 2025 2027 2027 2027 2024 2024 2024 2026 2026 2026 1565 1565 1565 2025 2025 2025 2027 2027 2027 2023 2023 2023 2028 2028 2028 2026 2026 2026 2023 2023 2023 2029 2029 2029 2028 2028 2028 2028 2028 2028 2029 2029 2029 2030 2030 2030 2026 2026 2026 2031 2031 2031 2027 2027 2027 2031 2031 2031 2026 2026 2026 2028 2028 2028 2027 2027 2027 2032 2032 2032 1565 1565 1565 2032 2032 2032 2027 2027 2027 2031 2031 2031 2032 2032 2032 2033 2033 2033 1565 1565 1565 1573 1573 1573 2033 2033 2033 2032 2032 2032 2032 2032 2032 2034 2034 2034 1573 1573 1573 2035 2035 2035 2034 2034 2034 2032 2032 2032 2031 2031 2031 2036 2036 2036 2032 2032 2032 2032 2032 2032 2036 2036 2036 2035 2035 2035 2036 2036 2036 2031 2031 2031 2037 2037 2037 2037 2037 2037 2031 2031 2031 2028 2028 2028 2035 2035 2035 2036 2036 2036 2038 2038 2038 2037 2037 2037 2038 2038 2038 2036 2036 2036 2038 2038 2038 2039 2039 2039 2035 2035 2035 2040 2040 2040 2039 2039 2039 2038 2038 2038 2041 2041 2041 1573 1573 1573 2035 2035 2035 1574 1574 1574 1573 1573 1573 2041 2041 2041 2041 2041 2041 2035 2035 2035 2042 2042 2042 2041 2041 2041 2043 2043 2043 1574 1574 1574 2041 2041 2041 2042 2042 2042 2044 2044 2044 2043 2043 2043 2041 2041 2041 2045 2045 2045 2045 2045 2045 2046 2046 2046 2043 2043 2043 2047 2047 2047 2048 2048 2048 2046 2046 2046 2046 2046 2046 2045 2045 2045 2047 2047 2047 2047 2047 2047 2045 2045 2045 2049 2049 2049 2049 2049 2049 2050 2050 2050 2047 2047 2047 2051 2051 2051 2050 2050 2050 2052 2052 2052 2052 2052 2052 2053 2053 2053 2051 2051 2051 2053 2053 2053 2052 2052 2052 2049 2049 2049 2053 2053 2053 2054 2054 2054 2051 2051 2051 2055 2055 2055 2054 2054 2054 2053 2053 2053 2056 2056 2056 2053 2053 2053 2049 2049 2049 2049 2049 2049 2057 2057 2057 2056 2056 2056 2055 2055 2055 2053 2053 2053 2058 2058 2058 2058 2058 2058 2053 2053 2053 2056 2056 2056 2058 2058 2058 2059 2059 2059 2055 2055 2055 2058 2058 2058 2060 2060 2060 2059 2059 2059 2061 2061 2061 2060 2060 2060 2058 2058 2058 2057 2057 2057 2045 2045 2045 2062 2062 2062 2062 2062 2062 2056 2056 2056 2057 2057 2057 2056 2056 2056 2062 2062 2062 2063 2063 2063 2063 2063 2063 2064 2064 2064 2056 2056 2056 2065 2065 2065 2045 2045 2045 2066 2066 2066 2067 2067 2067 2056 2056 2056 2064 2064 2064 2056 2056 2056 2067 2067 2067 2058 2058 2058 2064 2064 2064 2068 2068 2068 2067 2067 2067 2067 2067 2067 2068 2068 2068 2069 2069 2069 2069 2069 2069 2070 2070 2070 2067 2067 2067 2058 2058 2058 2071 2071 2071 2061 2061 2061 2071 2071 2071 2058 2058 2058 2067 2067 2067 2071 2071 2071 2072 2072 2072 2061 2061 2061 2071 2071 2071 2073 2073 2073 2072 2072 2072 2074 2074 2074 2067 2067 2067 2070 2070 2070 2067 2067 2067 2074 2074 2074 2071 2071 2071 2070 2070 2070 2075 2075 2075 2074 2074 2074 2073 2073 2073 2071 2071 2071 2076 2076 2076 2076 2076 2076 2077 2077 2077 2073 2073 2073 2078 2078 2078 2076 2076 2076 2071 2071 2071 2078 2078 2078 2071 2071 2071 2074 2074 2074 2077 2077 2077 2076 2076 2076 2079 2079 2079 2079 2079 2079 2080 2080 2080 2077 2077 2077 2074 2074 2074 2081 2081 2081 2078 2078 2078 2082 2082 2082 2081 2081 2081 2074 2074 2074 2079 2079 2079 2078 2078 2078 2083 2083 2083 2078 2078 2078 2014 2014 2014 2083 2083 2083 2084 2084 2084 2083 2083 2083 2014 2014 2014 2014 2014 2014 2012 2012 2012 2084 2084 2084 2083 2083 2083 2085 2085 2085 2079 2079 2079 2085 2085 2085 2086 2086 2086 2079 2079 2079 2086 2086 2086 2085 2085 2085 2087 2087 2087 2087 2087 2087 2088 2088 2088 2086 2086 2086 2080 2080 2080 2086 2086 2086 2088 2088 2088 2082 2082 2082 2074 2074 2074 2089 2089 2089 2089 2089 2089 2074 2074 2074 2075 2075 2075 2089 2089 2089 2090 2090 2090 2082 2082 2082 2075 2075 2075 2091 2091 2091 2089 2089 2089 2089 2089 2089 2091 2091 2091 2092 2092 2092 2092 2092 2092 2093 2093 2093 2089 2089 2089 2094 2094 2094 2090 2090 2090 2089 2089 2089 2089 2089 2089 2093 2093 2093 2094 2094 2094 2093 2093 2093 2095 2095 2095 2094 2094 2094 2094 2094 2094 2095 2095 2095 2096 2096 2096 2096 2096 2096 2097 2097 2097 2094 2094 2094 2098 2098 2098 2080 2080 2080 2088 2088 2088 2099 2099 2099 2080 2080 2080 2098 2098 2098 2099 2099 2099 2098 2098 2098 2100 2100 2100 2100 2100 2100 2101 2101 2101 2099 2099 2099 2102 2102 2102 2101 2101 2101 2100 2100 2100 2098 2098 2098 2103 2103 2103 2100 2100 2100 2104 2104 2104 2098 2098 2098 2088 2088 2088 2100 2100 2100 2103 2103 2103 2104 2104 2104 2102 2102 2102 2100 2100 2100 2105 2105 2105 2105 2105 2105 2106 2106 2106 2102 2102 2102 2107 2107 2107 2106 2106 2106 2105 2105 2105 2104 2104 2104 2108 2108 2108 2100 2100 2100 2104 2104 2104 2109 2109 2109 2108 2108 2108 2110 2110 2110 2104 2104 2104 2088 2088 2088 2108 2108 2108 2109 2109 2109 2110 2110 2110 2111 2111 2111 2110 2110 2110 2088 2088 2088 2100 2100 2100 2108 2108 2108 2112 2112 2112 2112 2112 2112 2105 2105 2105 2100 2100 2100 2110 2110 2110 2113 2113 2113 2108 2108 2108 2110 2110 2110 2114 2114 2114 2113 2113 2113 2113 2113 2113 2114 2114 2114 2111 2111 2111 2115 2115 2115 2112 2112 2112 2108 2108 2108 2108 2108 2108 2113 2113 2113 2115 2115 2115 2105 2105 2105 2112 2112 2112 2116 2116 2116 2111 2111 2111 2117 2117 2117 2113 2113 2113 2111 2111 2111 2118 2118 2118 2117 2117 2117 2119 2119 2119 2111 2111 2111 2088 2088 2088 2117 2117 2117 2118 2118 2118 2119 2119 2119 2088 2088 2088 2120 2120 2120 2119 2119 2119 2113 2113 2113 2117 2117 2117 2121 2121 2121 2121 2121 2121 2115 2115 2115 2113 2113 2113 2119 2119 2119 2122 2122 2122 2117 2117 2117 2121 2121 2121 2117 2117 2117 2122 2122 2122 2119 2119 2119 2123 2123 2123 2122 2122 2122 2122 2122 2122 2123 2123 2123 2124 2124 2124 2125 2125 2125 2119 2119 2119 2120 2120 2120 2124 2124 2124 2126 2126 2126 2122 2122 2122 2124 2124 2124 2127 2127 2127 2126 2126 2126 2128 2128 2128 2125 2125 2125 2120 2120 2120 2126 2126 2126 2127 2127 2127 2128 2128 2128 2122 2122 2122 2129 2129 2129 2121 2121 2121 2122 2122 2122 2126 2126 2126 2130 2130 2130 2130 2130 2130 2129 2129 2129 2122 2122 2122 2129 2129 2129 2131 2131 2131 2121 2121 2121 2115 2115 2115 2121 2121 2121 2131 2131 2131 2129 2129 2129 2130 2130 2130 2132 2132 2132 2131 2131 2131 2133 2133 2133 2115 2115 2115 2112 2112 2112 2115 2115 2115 2133 2133 2133 2133 2133 2133 2116 2116 2116 2112 2112 2112 2131 2131 2131 2129 2129 2129 2134 2134 2134 2132 2132 2132 2134 2134 2134 2129 2129 2129 2133 2133 2133 2131 2131 2131 2135 2135 2135 2134 2134 2134 2135 2135 2135 2131 2131 2131 2136 2136 2136 2116 2116 2116 2133 2133 2133 1886 1886 1886 2135 2135 2135 2134 2134 2134 2134 2134 2134 2137 2137 2137 1886 1886 1886 1886 1886 1886 2138 2138 2138 2135 2135 2135 2139 2139 2139 2137 2137 2137 2134 2134 2134 2134 2134 2134 2132 2132 2132 2139 2139 2139 2135 2135 2135 2138 2138 2138 2140 2140 2140 2132 2132 2132 2141 2141 2141 2139 2139 2139 2142 2142 2142 2141 2141 2141 2132 2132 2132 2140 2140 2140 2143 2143 2143 2135 2135 2135 2135 2135 2135 2143 2143 2143 2133 2133 2133 2140 2140 2140 2144 2144 2144 2143 2143 2143 2133 2133 2133 2143 2143 2143 2136 2136 2136 2143 2143 2143 2144 2144 2144 2145 2145 2145 2142 2142 2142 2132 2132 2132 2146 2146 2146 2146 2146 2146 2147 2147 2147 2142 2142 2142 2146 2146 2146 2132 2132 2132 2130 2130 2130 2148 2148 2148 2147 2147 2147 2146 2146 2146 2149 2149 2149 2143 2143 2143 2145 2145 2145 2143 2143 2143 2149 2149 2149 2136 2136 2136 2145 2145 2145 2150 2150 2150 2149 2149 2149 2149 2149 2149 2150 2150 2150 2151 2151 2151 2148 2148 2148 2146 2146 2146 2152 2152 2152 2152 2152 2152 1895 1895 1895 2148 2148 2148 2153 2153 2153 1895 1895 1895 2152 2152 2152 2130 2130 2130 2154 2154 2154 2146 2146 2146 2152 2152 2152 2146 2146 2146 2154 2154 2154 2154 2154 2154 2130 2130 2130 2126 2126 2126 2152 2152 2152 2155 2155 2155 2153 2153 2153 2155 2155 2155 2156 2156 2156 2153 2153 2153 2157 2157 2157 2156 2156 2156 2155 2155 2155 2154 2154 2154 2158 2158 2158 2152 2152 2152 2155 2155 2155 2152 2152 2152 2158 2158 2158 2126 2126 2126 2159 2159 2159 2154 2154 2154 2158 2158 2158 2154 2154 2154 2159 2159 2159 2128 2128 2128 2159 2159 2159 2126 2126 2126 2128 2128 2128 2160 2160 2160 2159 2159 2159 2159 2159 2159 2160 2160 2160 2161 2161 2161 2161 2161 2161 2128 2128 2128 2120 2120 2120 2159 2159 2159 2162 2162 2162 2158 2158 2158 2161 2161 2161 2162 2162 2162 2159 2159 2159 2161 2161 2161 2163 2163 2163 2162 2162 2162 2162 2162 2162 2163 2163 2163 2164 2164 2164 2164 2164 2164 2161 2161 2161 2120 2120 2120 2165 2165 2165 2158 2158 2158 2162 2162 2162 2158 2158 2158 2165 2165 2165 2155 2155 2155 2166 2166 2166 2162 2162 2162 2164 2164 2164 2162 2162 2162 2166 2166 2166 2165 2165 2165 2164 2164 2164 2167 2167 2167 2166 2166 2166 2166 2166 2166 2167 2167 2167 2168 2168 2168 2168 2168 2168 2164 2164 2164 2120 2120 2120 2169 2169 2169 2165 2165 2165 2166 2166 2166 2170 2170 2170 2166 2166 2166 2168 2168 2168 2166 2166 2166 2170 2170 2170 2169 2169 2169 2168 2168 2168 2171 2171 2171 2170 2170 2170 2170 2170 2170 2171 2171 2171 2172 2172 2172 2172 2172 2172 2168 2168 2168 2120 2120 2120 2173 2173 2173 2170 2170 2170 2172 2172 2172 2169 2169 2169 2170 2170 2170 2173 2173 2173 2172 2172 2172 2174 2174 2174 2173 2173 2173 2173 2173 2173 2174 2174 2174 2175 2175 2175 2175 2175 2175 2172 2172 2172 2120 2120 2120 2173 2173 2173 2176 2176 2176 2169 2169 2169 2177 2177 2177 2173 2173 2173 2175 2175 2175 2176 2176 2176 2173 2173 2173 2177 2177 2177 2175 2175 2175 2178 2178 2178 2177 2177 2177 2177 2177 2177 2178 2178 2178 2179 2179 2179 2120 2120 2120 2179 2179 2179 2175 2175 2175 2177 2177 2177 2180 2180 2180 2176 2176 2176 2181 2181 2181 2177 2177 2177 2179 2179 2179 2180 2180 2180 2177 2177 2177 2181 2181 2181 2179 2179 2179 2182 2182 2182 2181 2181 2181 2120 2120 2120 2183 2183 2183 2179 2179 2179 2181 2181 2181 2182 2182 2182 2183 2183 2183 2120 2120 2120 2184 2184 2184 2183 2183 2183 2120 2120 2120 2185 2185 2185 2184 2184 2184 2120 2120 2120 2186 2186 2186 2185 2185 2185 2183 2183 2183 2184 2184 2184 2187 2187 2187 2187 2187 2187 2181 2181 2181 2183 2183 2183 2187 2187 2187 2184 2184 2184 2188 2188 2188 2189 2189 2189 2181 2181 2181 2187 2187 2187 2181 2181 2181 2189 2189 2189 2180 2180 2180 2188 2188 2188 2190 2190 2190 2187 2187 2187 2188 2188 2188 2191 2191 2191 2190 2190 2190 2191 2191 2191 2192 2192 2192 2193 2193 2193 2193 2193 2193 2190 2190 2190 2191 2191 2191 2190 2190 2190 2193 2193 2193 2194 2194 2194 2194 2194 2194 2195 2195 2195 2190 2190 2190 2190 2190 2190 2195 2195 2195 2196 2196 2196 2197 2197 2197 2187 2187 2187 2190 2190 2190 2187 2187 2187 2197 2197 2197 2189 2189 2189 2196 2196 2196 2198 2198 2198 2190 2190 2190 2190 2190 2190 2198 2198 2198 2197 2197 2197 2196 2196 2196 2199 2199 2199 2198 2198 2198 2198 2198 2198 2199 2199 2199 2200 2200 2200 2200 2200 2200 2201 2201 2201 2198 2198 2198 2200 2200 2200 2202 2202 2202 2201 2201 2201 2202 2202 2202 2203 2203 2203 2204 2204 2204 2204 2204 2204 2201 2201 2201 2202 2202 2202 2201 2201 2201 2204 2204 2204 2205 2205 2205 2198 2198 2198 2201 2201 2201 2206 2206 2206 2206 2206 2206 2201 2201 2201 2205 2205 2205 2206 2206 2206 2197 2197 2197 2198 2198 2198 2205 2205 2205 2207 2207 2207 2206 2206 2206 2206 2206 2206 2207 2207 2207 2208 2208 2208 2197 2197 2197 2206 2206 2206 2209 2209 2209 2208 2208 2208 2209 2209 2209 2206 2206 2206 2209 2209 2209 2189 2189 2189 2197 2197 2197 2208 2208 2208 2210 2210 2210 2209 2209 2209 2209 2209 2209 2210 2210 2210 2211 2211 2211 2189 2189 2189 2209 2209 2209 2212 2212 2212 2211 2211 2211 2212 2212 2212 2209 2209 2209 2212 2212 2212 2180 2180 2180 2189 2189 2189 2211 2211 2211 2213 2213 2213 2212 2212 2212 2212 2212 2212 2213 2213 2213 2214 2214 2214 2180 2180 2180 2212 2212 2212 2215 2215 2215 2215 2215 2215 2212 2212 2212 2214 2214 2214 2214 2214 2214 2216 2216 2216 2215 2215 2215 2215 2215 2215 2216 2216 2216 2217 2217 2217 2215 2215 2215 2176 2176 2176 2180 2180 2180 2215 2215 2215 2217 2217 2217 2218 2218 2218 2176 2176 2176 2215 2215 2215 2219 2219 2219 2218 2218 2218 2219 2219 2219 2215 2215 2215 2219 2219 2219 2169 2169 2169 2176 2176 2176 2218 2218 2218 2220 2220 2220 2219 2219 2219 2165 2165 2165 2169 2169 2169 2219 2219 2219 2219 2219 2219 2220 2220 2220 2157 2157 2157 2219 2219 2219 2155 2155 2155 2165 2165 2165 2157 2157 2157 2155 2155 2155 2219 2219 2219 2221 2221 2221 2222 2222 2222 2223 2223 2223 2223 2223 2223 2224 2224 2224 2221 2221 2221 2225 2225 2225 2224 2224 2224 2223 2223 2223 2223 2223 2223 2226 2226 2226 2225 2225 2225 2226 2226 2226 2227 2227 2227 2225 2225 2225 2225 2225 2225 2227 2227 2227 2228 2228 2228 2228 2228 2228 2229 2229 2229 2225 2225 2225 2230 2230 2230 2229 2229 2229 2228 2228 2228 2231 2231 2231 2228 2228 2228 2227 2227 2227 2228 2228 2228 2231 2231 2231 2230 2230 2230 2227 2227 2227 2232 2232 2232 2231 2231 2231 2231 2231 2231 2233 2233 2233 2230 2230 2230 2232 2232 2232 2234 2234 2234 2231 2231 2231 2235 2235 2235 2233 2233 2233 2231 2231 2231 2236 2236 2236 2231 2231 2231 2234 2234 2234 2235 2235 2235 2231 2231 2231 2236 2236 2236 2234 2234 2234 2237 2237 2237 2236 2236 2236 2236 2236 2236 1967 1967 1967 2235 2235 2235 2236 2236 2236 2237 2237 2237 2238 2238 2238 2239 2239 2239 1967 1967 1967 2240 2240 2240 2239 2239 2239 2240 2240 2240 2241 2241 2241 2241 2241 2241 2240 2240 2240 2236 2236 2236 2241 2241 2241 1970 1970 1970 2239 2239 2239 2242 2242 2242 2241 2241 2241 2236 2236 2236 2242 2242 2242 2236 2236 2236 2238 2238 2238 2238 2238 2238 2186 2186 2186 2242 2242 2242 2243 2243 2243 1970 1970 1970 2242 2242 2242 2242 2242 2242 2186 2186 2186 2244 2244 2244 2242 2242 2242 2245 2245 2245 2243 2243 2243 2244 2244 2244 2245 2245 2245 2242 2242 2242 1975 1975 1975 2243 2243 2243 2245 2245 2245 2245 2245 2245 2244 2244 2244 2246 2246 2246 1975 1975 1975 2245 2245 2245 1974 1974 1974 1974 1974 1974 2245 2245 2245 2246 2246 2246 2246 2246 2246 2247 2247 2247 1974 1974 1974 2247 2247 2247 2248 2248 2248 1974 1974 1974 1974 1974 1974 2248 2248 2248 2249 2249 2249 2249 2249 2249 1979 1979 1979 1974 1974 1974 2249 2249 2249 2250 2250 2250 1979 1979 1979 1979 1979 1979 2250 2250 2250 2251 2251 2251 2252 2252 2252 1979 1979 1979 2251 2251 2251 2251 2251 2251 2253 2253 2253 2252 2252 2252 1981 1981 1981 1979 1979 1979 2252 2252 2252 2252 2252 2252 2253 2253 2253 2012 2012 2012 2252 2252 2252 2254 2254 2254 1981 1981 1981 2255 2255 2255 2254 2254 2254 2252 2252 2252 1981 1981 1981 2255 2255 2255 2256 2256 2256 2256 2256 2256 2255 2255 2255 2252 2252 2252 2256 2256 2256 1990 1990 1990 1981 1981 1981 2257 2257 2257 2252 2252 2252 2012 2012 2012 2252 2252 2252 2257 2257 2257 2256 2256 2256 2012 2012 2012 2008 2008 2008 2257 2257 2257 2257 2257 2257 2258 2258 2258 2256 2256 2256 1990 1990 1990 2258 2258 2258 2257 2257 2257 2008 2008 2008 2259 2259 2259 2257 2257 2257 2257 2257 2257 2259 2259 2259 2260 2260 2260 2257 2257 2257 2261 2261 2261 1990 1990 1990 2260 2260 2260 2261 2261 2261 2257 2257 2257 2261 2261 2261 2262 2262 2262 1990 1990 1990 2260 2260 2260 2263 2263 2263 2261 2261 2261 2264 2264 2264 2262 2262 2262 2261 2261 2261 2261 2261 2261 2263 2263 2263 2265 2265 2265 2264 2264 2264 2261 2261 2261 2266 2266 2266 2266 2266 2266 2261 2261 2261 2265 2265 2265 2266 2266 2266 2267 2267 2267 2264 2264 2264 2265 2265 2265 2268 2268 2268 2266 2266 2266 2266 2266 2266 2269 2269 2269 2267 2267 2267 2266 2266 2266 2268 2268 2268 2270 2270 2270 2271 2271 2271 2269 2269 2269 2266 2266 2266 2272 2272 2272 2266 2266 2266 2270 2270 2270 2266 2266 2266 2272 2272 2272 2271 2271 2271 2270 2270 2270 2273 2273 2273 2272 2272 2272 2272 2272 2272 2274 2274 2274 2271 2271 2271 2273 2273 2273 2275 2275 2275 2272 2272 2272 2276 2276 2276 2274 2274 2274 2272 2272 2272 2272 2272 2272 2275 2275 2275 2277 2277 2277 2272 2272 2272 2278 2278 2278 2276 2276 2276 2277 2277 2277 2278 2278 2278 2272 2272 2272 2278 2278 2278 2279 2279 2279 2276 2276 2276 2277 2277 2277 2280 2280 2280 2278 2278 2278 1984 1984 1984 2279 2279 2279 2278 2278 2278 2278 2278 2278 2280 2280 2280 2281 2281 2281 2278 2278 2278 2282 2282 2282 1984 1984 1984 2281 2281 2281 2282 2282 2282 2278 2278 2278 2282 2282 2282 2283 2283 2283 1984 1984 1984 2282 2282 2282 2281 2281 2281 2284 2284 2284 2285 2285 2285 2283 2283 2283 2282 2282 2282 2286 2286 2286 2282 2282 2282 2284 2284 2284 2282 2282 2282 2286 2286 2286 2285 2285 2285 2284 2284 2284 2287 2287 2287 2286 2286 2286 2286 2286 2286 2288 2288 2288 2285 2285 2285 2286 2286 2286 2287 2287 2287 1995 1995 1995 1983 1983 1983 2288 2288 2288 2286 2286 2286 1785 1785 1785 2286 2286 2286 1995 1995 1995 2286 2286 2286 1785 1785 1785 1983 1983 1983 2289 2289 2289 2290 2290 2290 2291 2291 2291 2289 2289 2289 2291 2291 2291 2292 2292 2292 2292 2292 2292 2293 2293 2293 2289 2289 2289 2292 2292 2292 2294 2294 2294 2293 2293 2293 2295 2295 2295 2289 2289 2289 2293 2293 2293 2151 2151 2151 2295 2295 2295 2293 2293 2293 2293 2293 2293 2294 2294 2294 2296 2296 2296 2293 2293 2293 2149 2149 2149 2151 2151 2151 2296 2296 2296 2297 2297 2297 2293 2293 2293 2149 2149 2149 2293 2293 2293 2297 2297 2297 2296 2296 2296 2298 2298 2298 2297 2297 2297 2297 2297 2297 2136 2136 2136 2149 2149 2149 2297 2297 2297 2298 2298 2298 2299 2299 2299 2136 2136 2136 2297 2297 2297 2300 2300 2300 2299 2299 2299 2300 2300 2300 2297 2297 2297 2300 2300 2300 2116 2116 2116 2136 2136 2136 2299 2299 2299 2301 2301 2301 2300 2300 2300 2116 2116 2116 2300 2300 2300 2105 2105 2105 2300 2300 2300 2301 2301 2301 2107 2107 2107 2107 2107 2107 2105 2105 2105 2300 2300 2300 2302 2302 2302 2303 2303 2303 2304 2304 2304 2304 2304 2304 2305 2305 2305 2302 2302 2302 2306 2306 2306 2305 2305 2305 2304 2304 2304 2304 2304 2304 2307 2307 2307 2306 2306 2306 2307 2307 2307 2304 2304 2304 2308 2308 2308 2308 2308 2308 2309 2309 2309 2307 2307 2307 2308 2308 2308 2310 2310 2310 2309 2309 2309 2310 2310 2310 2311 2311 2311 2309 2309 2309 2312 2312 2312 2309 2309 2309 2311 2311 2311 2311 2311 2311 2313 2313 2313 2312 2312 2312 2313 2313 2313 2314 2314 2314 2312 2312 2312 2312 2312 2312 2314 2314 2314 2315 2315 2315 2312 2312 2312 2315 2315 2315 2316 2316 2316 2316 2316 2316 2317 2317 2317 2312 2312 2312 2318 2318 2318 2312 2312 2312 2317 2317 2317 2319 2319 2319 2318 2318 2318 2317 2317 2317 2317 2317 2317 2320 2320 2320 2319 2319 2319 2321 2321 2321 2319 2319 2319 2320 2320 2320 2320 2320 2320 2322 2322 2322 2321 2321 2321 2322 2322 2322 2323 2323 2323 2321 2321 2321 2324 2324 2324 2321 2321 2321 2323 2323 2323 2323 2323 2323 2325 2325 2325 2324 2324 2324 2326 2326 2326 2324 2324 2324 2325 2325 2325 2325 2325 2325 2327 2327 2327 2326 2326 2326 2328 2328 2328 2326 2326 2326 2327 2327 2327 2326 2326 2326 2328 2328 2328 2329 2329 2329 2327 2327 2327 2330 2330 2330 2328 2328 2328 2329 2329 2329 2331 2331 2331 2326 2326 2326 2330 2330 2330 2327 2327 2327 2332 2332 2332 2329 2329 2329 2333 2333 2333 2331 2331 2331 2334 2334 2334 2330 2330 2330 2332 2332 2332 2331 2331 2331 2333 2333 2333 2335 2335 2335 2332 2332 2332 2336 2336 2336 2334 2334 2334 2335 2335 2335 2337 2337 2337 2331 2331 2331 2338 2338 2338 2336 2336 2336 2332 2332 2332 2335 2335 2335 2339 2339 2339 2337 2337 2337 2332 2332 2332 2340 2340 2340 2338 2338 2338 2332 2332 2332 2341 2341 2341 2340 2340 2340 2337 2337 2337 2339 2339 2339 2342 2342 2342 2342 2342 2342 2343 2343 2343 2337 2337 2337 2344 2344 2344 2343 2343 2343 2342 2342 2342 2342 2342 2342 2345 2345 2345 2344 2344 2344 2345 2345 2345 2346 2346 2346 2344 2344 2344 2347 2347 2347 2346 2346 2346 2345 2345 2345 2345 2345 2345 2348 2348 2348 2347 2347 2347 2347 2347 2347 2348 2348 2348 2349 2349 2349 2347 2347 2347 2349 2349 2349 2350 2350 2350 2350 2350 2350 2351 2351 2351 2347 2347 2347 2351 2351 2351 2352 2352 2352 2347 2347 2347 2030 2030 2030 2353 2353 2353 2028 2028 2028 2030 2030 2030 2354 2354 2354 2353 2353 2353 2028 2028 2028 2353 2353 2353 2037 2037 2037 2353 2353 2353 2354 2354 2354 2355 2355 2355 2037 2037 2037 2353 2353 2353 2355 2355 2355 2355 2355 2355 2356 2356 2356 2037 2037 2037 2355 2355 2355 2357 2357 2357 2356 2356 2356 2356 2356 2356 2357 2357 2357 2358 2358 2358 2038 2038 2038 2037 2037 2037 2356 2356 2356 2356 2356 2356 2358 2358 2358 2359 2359 2359 2356 2356 2356 2360 2360 2360 2038 2038 2038 2040 2040 2040 2038 2038 2038 2360 2360 2360 2360 2360 2360 2361 2361 2361 2040 2040 2040 2044 2044 2044 2361 2361 2361 2360 2360 2360 2359 2359 2359 2362 2362 2362 2356 2356 2356 2360 2360 2360 2356 2356 2356 2362 2362 2362 2362 2362 2362 2359 2359 2359 2065 2065 2065 2066 2066 2066 2362 2362 2362 2065 2065 2065 2362 2362 2362 2363 2363 2363 2360 2360 2360 2363 2363 2363 2362 2362 2362 2066 2066 2066 2360 2360 2360 2363 2363 2363 2044 2044 2044 2066 2066 2066 2364 2364 2364 2363 2363 2363 2363 2363 2363 2365 2365 2365 2044 2044 2044 2366 2366 2366 2365 2365 2365 2363 2363 2363 2041 2041 2041 2044 2044 2044 2366 2366 2366 2363 2363 2363 2364 2364 2364 2367 2367 2367 2364 2364 2364 2041 2041 2041 2367 2367 2367 2367 2367 2367 2366 2366 2366 2363 2363 2363 2366 2366 2366 2367 2367 2367 2041 2041 2041</p>
        </triangles>
      </mesh>
    </geometry>
  </library_geometries>
  <library_materials>
    <material id="7b1aeb1e0e9741269368acc167fd5179" name="pbrmaterial">
      <instance_effect url="#aa4f751d21724b92bc8b257de8edac49"/>
    </material>
  </library_materials>
  <library_visual_scenes>
    <visual_scene id="scene">
      <node id="node0" name="node0">
        <instance_geometry url="#3ce33633af3a43918599f4916c0662b3">
          <bind_material>
            <technique_common>
              <instance_material symbol="material0" target="#7b1aeb1e0e9741269368acc167fd5179"/>
            </technique_common>
          </bind_material>
        </instance_geometry>
      </node>
    </visual_scene>
  </library_visual_scenes>
  <scene>
    <instance_visual_scene url="#scene"/>
  </scene>
</COLLADA>
