<COLLADA xmlns="http://www.collada.org/2005/11/COLLADASchema" version="1.4.1">
  <asset>
    <created>2026-09-25T14:22:25.898627</created>
    <modified>2026-09-25T14:22:25.898630</modified>
    <up_axis>Y_UP</up_axis>
  </asset>
  <library_effects>
    <effect id="8b6ae5f668d941fbba36266b35c428da" name="8b6ae5f668d941fbba36266b35c428da">
      <profile_COMMON>
        <technique sid="common">
          <phong>
            <ambient>
              <color>0.0 0.0 0.0 1.0</color>
            </ambient>
            <diffuse>
              <color>0.3137254901960784 0.27450980392156865 0.23529411764705882 1.0</color>
            </diffuse>
            <specular>
              <color>1.0 1.0 1.0 1.0</color>
            </specular>
            <shininess>
              <float>14.326531172011677</float>
            </shininess>
            <reflective>
              <color>0.0 0.0 0.0 1.0</color>
            </reflective>
            <reflectivity>
              <float>0.0</float>
            </reflectivity>
            <transparent>
              <color>0.0 0.0 0.0 1.0</color>
            </transparent>
            <transparency>
              <float>1.0</float>
            </transparency>
          </phong>
        </technique>
        <extra>
          <technique profile="GOOGLEEARTH">
            <double_sided>0</double_sided>
          </technique>
        </extra>
      </profile_COMMON>
    </effect>
  </library_effects>
  <library_geometries>
    <geometry id="b86001d5f20a4caabe9617b91159c9a1" name="df441eafce174953a3f7b0461bde1dcb">
      <mesh>
        <source id="verts-array">
          <float_array count="3582" id="verts-array-array">0.0015 0.0363 0.005280009 0.0045 0.0363 0.005280009 0.001399999 0.03630167 0.005280009 0.0015 0.0363 -0.005319991 0.001399999 0.03630167 -0.005319991 0.0045 0.0363 -0.005319991 0.005999328 0.0363 -0.003864896 0.005999664 0.0363 -0.003819959 0.005999664 0.0313 -0.003819959 0.005999328 0.0313 -0.003864896 0.0045 0.0363 0.005280009 0.0045 0.0363 -0.005319991 0.001399999 0.03630167 -0.005319991 0.001399999 0.03630167 0.005280009 0.005999327 0.0363 0.003824914 0.005999327 0.0313 0.003824914 0.005999664 0.0313 0.003779977 0.005999664 0.0363 0.003779977 0.005999664 0.0313 -0.003819959 0.005999664 0.0363 -0.003819959 0.005999831 0.0363 -0.00384243 0.005999328 0.0313 -0.003864896 0.005999328 0.0363 -0.003864896 0.005999327 0.0313 0.003824914 0.005999327 0.0363 0.003824914 0.005999831 0.0363 0.003802448 0.005999664 0.0313 0.003779977 0.005999664 0.0363 0.003779977 -0.0015 0.0485491 -0.008368247 -0.0015 0.04920789 -0.007902522 -0.0015 0.049719 -0.007388363 -0.0015 0.04782952 -0.008711844 -0.0015 0.05005401 -0.006918484 -0.0015 0.05032534 -0.006350213 -0.0015 0.05041035 -0.00606692 -0.0015 0.05047836 -0.005516327 -0.0015 0.05047836 0.005476343 -0.0015 0.05040722 0.00603971 -0.0015 0.05030854 0.006355844 -0.0015 0.05000646 0.00695536 -0.0015 0.0497352 0.007328734 -0.0015 0.04919763 0.007871173 -0.0015 0.04863666 0.008275821 -0.0015 0.04791652 0.008637949 -0.0015 0.04697403 -0.009008352 -0.0015 0.04361911 -0.009801663 -0.0015 0.04782952 0.00867186 -0.0015 0.04473174 0.00954351 -0.0015 0.0393 0.010414 -0.0015 0.0396915 -0.01040513 -0.0015 0.0393 -0.01045398 -0.001340547 0.03833496 0.01052752 -0.001431971 0.03866475 -0.01052975 -0.001261683 0.03815634 0.0105473 -0.001329559 0.0383032 -0.01057108 -0.001260014 0.03815749 -0.01058712 -0.001054582 0.03772707 -0.01063448 -0.001126889 0.03785105 0.0105811 -0.0008291245 0.03740918 0.01062826 -0.0008360989 0.03741781 -0.01066734 -0.0006131296 0.03718663 0.0106513 -0.0006092807 0.0371907 -0.0106908 -0.000385148 0.03696629 -0.01071398 -0.0004596329 0.03702847 0.01066766 -2.618628e-05 0.03671722 0.01069909 -7.76986e-05 0.03674836 -0.01073596 0.0003552749 0.03653533 0.01071711 0.0003573795 0.03653968 -0.01075665 0.001399999 0.03630167 -0.005319991 0.0004976493 0.0364724 -0.01076332 0.0008562278 0.03636989 -0.01077336 0.0015 0.0363 -0.01078016 0.0015 0.0363 -0.005319991 0.001399999 0.03630167 0.005280009 0.0045 0.0363 -0.005319991 0.0004540347 0.03648824 0.01072178 0.0009689089 0.03634738 0.01073557 0.005886676 0.0363 -0.01078016 0.0015 0.0363 0.01074018 0.0015 0.0363 0.005280009 0.0045 0.0363 0.005280009 0.005886676 0.0363 0.01074018 0.005999328 0.0363 -0.003864896 0.006640608 0.0363 -0.01069764 0.007107056 0.0363 -0.01055945 0.007725878 0.0363 -0.01025509 0.008123777 0.0363 -0.009966937 0.008606512 0.0363 -0.009473581 0.008887521 0.0363 -0.009067148 0.009179381 0.0363 -0.008440017 0.009309193 0.0363 -0.007965264 0.009377337 0.0363 -0.007275181 0.005999831 0.0363 -0.00384243 0.005999664 0.0363 -0.003819959 0.009377336 0.0363 0.0072352 0.005999664 0.0363 0.003779977 0.005999831 0.0363 0.003802448 0.005999327 0.0363 0.003824914 0.009375993 0.0363 0.007332587 0.006572943 0.0363 0.01067195 0.009289099 0.0363 0.008019283 0.007039648 0.0363 0.0105439 0.009148868 0.0363 0.008483727 0.007664659 0.0363 0.0102523 0.008840901 0.0363 0.0091037 0.008062646 0.0363 0.009976992 0.008556658 0.0363 0.009494392 -0.009493281 0.03139108 -0.007839157 -0.00949828 0.03132335 -0.007783541 -0.0095 0.0313 -0.007720953 -0.009466575 0.03174911 -0.007952311 -0.009500001 0.0313 0.007681045 -0.009496954 0.03134134 0.007762912 -0.009486564 0.03148177 0.007841633 -0.009446738 0.03201023 0.007951261 -0.009402246 0.03257847 -0.008033776 -0.009361846 0.03307122 0.008006618 -0.009180154 0.03500269 -0.00802841 -0.009083934 0.03585722 0.007980284 -0.008918867 0.03708014 -0.008037006 -0.008912062 0.03707911 0.008004538 -0.008886268 0.03733932 -0.008038078 -0.008778222 0.03803061 0.008023425 -0.008493015 0.03957459 -0.008157096 -0.008367704 0.04015611 0.008161382 -0.008173609 0.04090037 0.008225663 -0.008173419 0.04090065 -0.008267007 -0.007989674 0.04166304 -0.0083302 -0.00783754 0.04218903 0.008336961 -0.007419636 0.04345272 -0.00848708 -0.007293162 0.04377731 0.008478237 -0.007280996 0.04377193 -0.008521377 -0.006925236 0.04459106 -0.008609384 -0.006456178 0.04538111 -0.007950623 -0.007286788 0.04379591 0.008479892 -0.006925237 0.04459106 0.008569402 -0.006425837 0.04542485 0.007869719 -0.006388071 0.04547162 0.007821147 -0.006385274 0.04546969 -0.007859187 -0.005900888 0.04607487 0.007194565 -0.005900847 0.04607492 -0.007234493 -0.005670873 0.04630749 0.007027502 -0.005670873 0.04630749 -0.007067485 -0.001669604 0.04762643 -0.008787215 -0.0015 0.04782952 -0.008711844 -0.0015 0.04697403 -0.009008352 -0.002233308 0.04697009 -0.008994455 -0.0015 0.04361911 -0.009801663 -0.002837972 0.04626606 -0.009216755 -0.00452079 0.04441511 -0.009648557 -0.004646105 0.04361679 -0.009788378 -0.004952265 0.04166639 -0.01012998 -0.0015 0.0396915 -0.01040513 -0.005213363 0.03968974 -0.01039187 -0.0015 0.0393 -0.01045398 -0.005364927 0.03854231 -0.01054389 -0.001431971 0.03866475 -0.01052975 -0.001329559 0.0383032 -0.01057108 -0.005034449 0.0445086 -0.009589544 -0.00452079 0.04441511 -0.009648557 -0.005775515 0.03468837 -0.01092976 -0.001054582 0.03772707 -0.01063448 -0.0008360989 0.03741781 -0.01066734 -0.006263703 0.04127327 -0.009954846 -0.005023398 0.04112789 -0.01020133 -0.005702303 0.0445995 -0.009393654 -0.005737824 0.0446014 -0.009375342 -0.00634749 0.04463394 -0.009061041 -0.006704917 0.03790604 -0.01037989 -0.005446118 0.03778022 -0.01062019 -0.006886941 0.0413169 -0.009627781 -0.006918159 0.04459159 -0.008614918 -0.007332786 0.03794655 -0.01005312 -0.007419636 0.04345272 -0.00848708 -0.006925236 0.04459106 -0.008609384 -0.007445259 0.04133252 -0.009173102 -0.007701504 0.04256777 -0.008409508 -0.007901104 0.04131826 -0.008615595 -0.007989674 0.04166304 -0.0083302 -0.008077428 0.04129893 -0.008300019 -0.008425941 0.03985289 -0.008180163 -0.007894515 0.03796503 -0.009596365 -0.008351872 0.0379596 -0.009034742 -0.008679602 0.03793131 -0.008406441 -0.008493015 0.03957459 -0.008157096 -0.008786225 0.03790797 -0.008068357 -0.008886268 0.03733932 -0.008038078 -0.009035191 0.03456077 -0.008726046 -0.009180154 0.03500269 -0.00802841 -0.009224756 0.03451585 -0.008029488 -0.009402246 0.03257847 -0.008033776 -0.00925627 0.03132256 -0.008992917 -0.009466575 0.03174911 -0.007952311 -0.008707534 0.03458789 -0.009357244 -0.009274256 0.03132192 -0.008956619 -0.009414188 0.0313128 -0.008490263 -0.008967346 0.03133282 -0.009576025 -0.009493281 0.03139108 -0.007839157 -0.008930176 0.03133349 -0.00962716 -0.009498905 0.03130098 -0.007807514 -0.00949828 0.03132335 -0.007783541 -0.0095 0.0313 -0.007720953 -0.008681081 0.03133797 -0.009969836 -0.008248617 0.03459758 -0.009920962 -0.008462325 0.03133913 -0.01018355 -0.008186763 0.03134059 -0.01045277 -0.007683929 0.03458865 -0.01037857 -0.007903786 0.03133928 -0.01064853 -0.007786003 0.03133873 -0.01073001 -0.007052203 0.03456223 -0.01070475 -0.007269273 0.03133183 -0.01097116 -0.007159888 0.03133037 -0.01102221 -0.006688868 0.03132027 -0.01115153 -0.005789924 0.03447346 -0.01094817 -0.006002703 0.03130005 -0.01121999 -0.006002703 0.03130005 -0.01121999 -0.000385148 0.03696629 -0.01071398 -7.76986e-05 0.03674836 -0.01073596 0.0004976493 0.0364724 -0.01076332 0.0008562278 0.03636989 -0.01077336 0.0015 0.0363 -0.01078016 0.00600169 0.03130002 -0.01121999 0.005886676 0.0363 -0.01078016 0.006689098 0.0313125 -0.01115149 0.00600169 0.03130002 -0.01121999 0.006640608 0.0363 -0.01069764 0.007159513 0.03131752 -0.01102234 0.007107056 0.0363 -0.01055945 0.007265566 0.03131787 -0.01097286 0.007147605 0.0363 -0.01053951 0.007785785 0.03131957 -0.01073014 0.007725878 0.0363 -0.01025509 0.007896616 0.03131906 -0.01065347 0.007777594 0.0363 -0.01021764 0.00818684 0.03131775 -0.01045271 0.008123777 0.0363 -0.009966937 0.008452796 0.03131432 -0.01019287 0.00833152 0.0363 -0.009754621 0.008681035 0.03131137 -0.009969893 0.008606512 0.0363 -0.009473581 0.008922416 0.03130075 -0.009643591 0.008795431 0.0363 -0.00920034 0.008939303 0.0313 -0.009620762 0.009228908 0.03129693 -0.009070602 0.008887521 0.0363 -0.009067148 0.009246674 0.03129633 -0.00901265 0.009119242 0.0363 -0.00856924 0.009431169 0.03129 -0.008410826 0.009179381 0.0363 -0.008440017 0.009309193 0.0363 -0.007965264 0.009499942 0.03130201 -0.007726995 0.009489658 0.03169765 -0.007681196 0.009421272 0.03477047 -0.007415785 0.009377337 0.0363 -0.007275181 0.009377336 0.0363 0.0072352 0.009438911 0.03378684 0.007457898 0.009421272 0.03477047 -0.007415785 0.009443162 0.03378692 -0.007500738 0.009489658 0.03169765 -0.007681196 0.009476182 0.03226561 0.007592698 0.009498375 0.03136028 0.007683662 0.009499945 0.03130132 0.007687471 0.009499942 0.03130201 -0.007726995 0.009476182 0.03226561 0.007592698 0.009375993 0.0363 0.007332587 0.009289099 0.0363 0.008019283 0.009498375 0.03136028 0.007683662 0.009148868 0.0363 0.008483727 0.009445659 0.03128937 0.00829463 0.009499945 0.03130132 0.007687471 0.009285183 0.03129339 0.008887555 0.009245374 0.03129476 0.008971276 0.009124979 0.0363 0.008531819 0.008840901 0.0363 0.0091037 0.009010324 0.03130289 0.009465612 0.008798308 0.0363 0.009162242 0.008913864 0.03130521 0.00959701 0.008556658 0.0363 0.009494392 0.008605882 0.03131262 0.01001655 0.008331634 0.0363 0.009714218 0.008453907 0.03131411 0.01015308 0.008062646 0.0363 0.009976992 0.008044648 0.03131813 0.01052074 0.007776042 0.0363 0.01017525 0.007893562 0.03131776 0.01060697 0.007664659 0.0363 0.0102523 0.007404676 0.03131657 0.010886 0.00714539 0.0363 0.01049456 0.007266237 0.03131514 0.01093118 0.007039648 0.0363 0.0105439 0.006755995 0.0313099 0.0110977 0.006572943 0.0363 0.01067195 0.006001689 0.03130001 0.01118001 0.005886676 0.0363 0.01074018 0.006001689 0.03130001 0.01118001 0.0015 0.0363 0.01074018 0.0009689089 0.03634738 0.01073557 -0.006002703 0.03130005 0.01118001 0.0004540347 0.03648824 0.01072178 -2.618628e-05 0.03671722 0.01069909 -0.0004596329 0.03702847 0.01066766 -0.005974917 0.03191739 0.01112771 -0.0008291245 0.03740918 0.01062826 -0.006688868 0.03132027 0.01111155 -0.006002703 0.03130005 0.01118001 -0.007159889 0.03133037 0.01098223 -0.007269255 0.03133183 0.01093119 -0.005725289 0.03523962 0.01084002 -0.001126889 0.03785105 0.0105811 -0.001340547 0.03833496 0.01052752 -0.007052013 0.0345642 0.0106646 -0.007786004 0.03133873 0.01069002 -0.005348362 0.03867771 0.01048826 -0.001425975 0.03885198 0.0104667 -0.006704085 0.03791288 0.01033917 -0.00544601 0.03778703 0.01057939 -0.005325215 0.03885173 0.01046493 -0.0015 0.0393 0.010414 -0.004933945 0.04179316 0.01007051 -0.0015 0.04473174 0.00954351 -0.0015 0.04782952 0.00867186 -0.002674895 0.04645204 0.009124872 -0.003985007 0.04499137 0.009487914 -0.004226638 0.04473149 0.00954233 -0.004520791 0.04441511 0.009608574 -0.004520791 0.04441511 0.009608574 -0.005193191 0.04453365 0.009515562 -0.006262975 0.04127827 0.009914136 -0.005736941 0.04459969 0.009330289 -0.005021822 0.04113252 0.0101591 -0.005841957 0.04461244 0.009294507 -0.006353087 0.04462963 0.009007924 -0.007331937 0.03795341 0.01001241 -0.006886198 0.04132189 0.009587083 -0.006445243 0.04463273 0.008956254 -0.006918198 0.04459167 0.008575074 -0.006925237 0.04459106 0.008569402 -0.007286788 0.04379591 0.008479892 -0.007444507 0.04133751 0.00913242 -0.007702587 0.04258277 0.008371984 -0.007683728 0.03459063 0.01033843 -0.00790376 0.03133928 0.01060856 -0.008186763 0.03134059 0.01041278 -0.007893655 0.03797191 0.009555669 -0.007900351 0.04132322 0.008574937 -0.00783754 0.04218903 0.008336961 -0.008068534 0.04130328 0.008260462 -0.008367704 0.04015611 0.008161382 -0.00824841 0.03459958 0.009880836 -0.008462294 0.03133913 0.0101436 -0.008681082 0.03133797 0.009929853 -0.00835101 0.03796646 0.008994066 -0.00842692 0.03984951 0.008141482 -0.008707329 0.03458989 0.009317133 -0.008930144 0.03133349 0.00958722 -0.008967346 0.03133282 0.009536042 -0.009256242 0.03132256 0.008952992 -0.008678747 0.03793816 0.008365787 -0.008778222 0.03803061 0.008023425 -0.008794487 0.03791498 0.00802113 -0.009083934 0.03585722 0.007980284 -0.009034992 0.03456277 0.008685949 -0.009217569 0.03451757 0.007992947 -0.009361846 0.03307122 0.008006618 -0.009446738 0.03201023 0.007951261 -0.009274256 0.03132192 0.008916635 -0.009414189 0.0313128 0.008450279 -0.009486564 0.03148177 0.007841633 -0.009496954 0.03134134 0.007762912 -0.009498909 0.03130098 0.007767397 -0.009500001 0.0313 0.007681045 0.00928367 0.0248 0.008891419 0.008474872 0.0248 0.01015488 0.00721141 0.0248 0.01096368 0.0095 0.0248 0.007680009 0.006 0.0248 0.01118001 -0.009500001 0.0248 0.007680008 -0.006 0.0248 0.01118001 -0.007339392 0.0248 0.01091359 -0.008474874 0.0248 0.01015488 -0.009233579 0.0248 0.009019401 0.009500001 0.0248 -0.007719991 -0.0095 0.0248 -0.007720154 -0.006 0.0248 -0.01121999 -0.009233578 0.0248 -0.009059384 -0.007339391 0.0248 -0.01095357 -0.008474873 0.0248 -0.01019486 0.006 0.0248 -0.01121999 0.00721141 0.0248 -0.01100366 0.009283671 0.0248 -0.0089314 0.008474873 0.0248 -0.01019486 -0.009233577 0.02479999 0.009019398 -0.008474872 0.02479999 0.01015488 -0.007339391 0.02479999 0.01091359 -0.005999999 0.02479999 0.01118001 -0.009499999 0.02479999 0.007680007 0.006000001 0.02479999 0.01118001 0.009500001 0.02479999 0.007680008 0.007339393 0.02479999 0.01091359 0.008474874 0.02479999 0.01015488 0.009233579 0.02479999 0.0090194 0.009500001 0.02479999 -0.007719992 -0.0095 0.02479999 -0.007719993 -0.008474873 0.02479999 -0.01019487 -0.009233578 0.02479999 -0.009059385 -0.007339392 0.02479999 -0.01095357 -0.006 0.02479999 -0.01121999 0.006 0.02479999 -0.01121999 0.007339392 0.02479999 -0.01095357 0.008474873 0.02479999 -0.01019487 0.009233579 0.02479999 -0.009059384 -0.0095 0.0248 -0.007720154 -0.0095 0.0313 -0.007720953 -0.009498905 0.03130098 -0.007807514 -0.009414188 0.0313128 -0.008490263 -0.009233578 0.0248 -0.009059384 -0.009274256 0.03132192 -0.008956619 -0.009225355 0.03132366 -0.009055309 -0.008967346 0.03133282 -0.009576025 -0.008474873 0.0248 -0.01019486 -0.008681081 0.03133797 -0.009969836 -0.008463091 0.03133912 -0.0101828 -0.008186763 0.03134059 -0.01045277 -0.007786003 0.03133873 -0.01073001 -0.007339391 0.0248 -0.01095357 -0.007333593 0.03133269 -0.01094115 -0.007159888 0.03133037 -0.01102221 -0.006688868 0.03132027 -0.01115153 -0.006 0.0248 -0.01121999 -0.006002703 0.03130005 -0.01121999 -0.006002703 0.03130005 -0.01121999 0.00600169 0.03130002 -0.01121999 0.006 0.0248 -0.01121999 0.00600169 0.03130002 -0.01121999 0.006689098 0.0313125 -0.01115149 0.00721141 0.0248 -0.01100366 0.007159513 0.03131752 -0.01102234 0.007209291 0.03131768 -0.01099912 0.007785785 0.03131957 -0.01073014 0.008474873 0.0248 -0.01019486 0.00818684 0.03131775 -0.01045271 0.008463099 0.03131418 -0.01018281 0.008681035 0.03131137 -0.009969893 0.008939303 0.0313 -0.009620762 0.009283671 0.0248 -0.0089314 0.009228908 0.03129693 -0.009070602 0.009272621 0.03129544 -0.008928014 0.009431169 0.03129 -0.008410826 0.009500001 0.0248 -0.007719991 0.009499942 0.03130201 -0.007726995 0.0095 0.0248 0.007680009 0.009499942 0.03130201 -0.007726995 0.009499945 0.03130132 0.007687471 0.009499945 0.03130132 0.007687471 0.009445659 0.03128937 0.00829463 0.00928367 0.0248 0.008891419 0.009285183 0.03129339 0.008887555 0.009283353 0.03129345 0.008891404 0.009010324 0.03130289 0.009465612 0.008474872 0.0248 0.01015488 0.008605882 0.03131262 0.01001655 0.008464613 0.03131401 0.01014346 0.008044648 0.03131813 0.01052074 0.00721141 0.0248 0.01096368 0.007404676 0.03131657 0.010886 0.007207078 0.03131454 0.01095049 0.006755995 0.0313099 0.0110977 0.006 0.0248 0.01118001 0.006001689 0.03130001 0.01118001 -0.006 0.0248 0.01118001 0.006001689 0.03130001 0.01118001 -0.006002703 0.03130005 0.01118001 -0.006002703 0.03130005 0.01118001 -0.006688868 0.03132027 0.01111155 -0.007339392 0.0248 0.01091359 -0.007159889 0.03133037 0.01098223 -0.007333593 0.03133269 0.01090116 -0.007786004 0.03133873 0.01069002 -0.008474874 0.0248 0.01015488 -0.008186763 0.03134059 0.01041278 -0.008463091 0.03133912 0.01014282 -0.008681082 0.03133797 0.009929853 -0.008967346 0.03133282 0.009536042 -0.009233579 0.0248 0.009019401 -0.009225355 0.03132366 0.009015325 -0.009274256 0.03132192 0.008916635 -0.009414189 0.0313128 0.008450279 -0.009500001 0.0248 0.007680008 -0.009498909 0.03130098 0.007767397 -0.009500001 0.0313 0.007681045 -0.009500001 0.0313 0.007681045 -0.0095 0.0313 -0.007720953 -0.0095 0.0248 -0.007720154 -0.0015 0.0485491 -0.008368247 -0.0015 0.04782952 -0.008711844 -0.001669604 0.04762643 -0.008787215 -0.003171314 0.04704206 -0.008856721 -0.002597515 0.04654603 -0.009128354 -0.0015 0.048562 -0.008359126 -0.002837972 0.04626606 -0.009216755 -0.001694024 0.04870141 -0.008227912 -0.0015 0.04891158 -0.008111998 -0.004652351 0.04544449 -0.009286258 -0.004068404 0.0449127 -0.009532477 -0.00452079 0.04441511 -0.009648557 -0.005034449 0.0445086 -0.009589544 -0.005481429 0.04456944 -0.009458439 -0.00522087 0.04589143 -0.008722418 -0.005702303 0.0445995 -0.009393654 -0.00634749 0.04463394 -0.009061041 -0.00644809 0.04462647 -0.008982398 -0.006925236 0.04459106 -0.008609384 -0.006591207 0.04515367 -0.008140262 -0.003729639 0.04743833 -0.008297141 -0.004146017 0.04763594 -0.007541731 -0.006456178 0.04538111 -0.007950623 -0.005900847 0.04607492 -0.007234493 -0.005670873 0.04630749 -0.007067485 -0.002237293 0.04901703 -0.007682874 -0.0015 0.04920789 -0.007902522 -0.0015 0.049719 -0.007388363 -0.0015 0.04979802 -0.007277532 -0.002658795 0.04914345 -0.006976407 -0.0015 0.05005401 -0.006918484 -0.0015 0.05032137 -0.006358525 -0.00290988 0.04906848 -0.006200414 -0.0015 0.05032534 -0.006350213 -0.0015 0.05041035 -0.00606692 -0.0015 0.05047836 -0.005516327 -0.003271047 0.04870732 -0.006375656 -0.0015 0.05047836 0.005476343 -0.004366103 0.04761226 -0.006700903 -0.005369777 0.04660859 -0.006999009 -0.001795401 0.05018296 0.005650418 -0.0015 0.05040722 0.00603971 -0.005670873 0.04630749 0.007027502 -0.0015 0.05032014 0.006318719 -0.003566938 0.04841143 0.006443672 -0.002655201 0.0491471 0.006934782 -0.0015 0.05030854 0.006355844 -0.002908133 0.04907023 0.006148674 -0.0015 0.05000646 0.00695536 -0.0015 0.04980101 0.007238147 -0.004143196 0.04763879 0.007500863 -0.004362385 0.04761598 0.006664404 -0.002233684 0.04902088 0.007641101 -0.0015 0.0497352 0.007328734 -0.0015 0.04919763 0.007871173 -0.0015 0.04891454 0.008075373 -0.001690454 0.04870548 0.008186082 -0.0015 0.04863666 0.008275821 -0.0015 0.04856673 0.008310984 -0.003726808 0.04744129 0.008256203 -0.003168505 0.04704515 0.008815769 -0.0015 0.04791652 0.008637949 -0.0015 0.04782952 0.00867186 -0.002592329 0.04654884 0.009093037 -0.002674895 0.04645204 0.009124872 -0.005632047 0.04613693 0.007899524 -0.005818384 0.04615831 0.007134642 -0.005900888 0.04607487 0.007194565 -0.006425837 0.04542485 0.007869719 -0.006589944 0.04515086 0.008099641 -0.005219339 0.045893 0.008682069 -0.006925237 0.04459106 0.008569402 -0.006445243 0.04463273 0.008956254 -0.005841957 0.04461244 0.009294507 -0.005480522 0.04456855 0.00941766 -0.004650826 0.0454461 0.009245908 -0.005193191 0.04453365 0.009515562 -0.003985007 0.04499137 0.009487914 -0.004520791 0.04441511 0.009608574 -0.004059827 0.0449109 0.009504763 -0.009210431 0.008301483 -0.005823759 -0.009388781 0.008870682 -0.005578324 -0.009388889 0.008871065 -0.01021999 -0.008844124 0.007395855 -0.006058916 -0.008844124 0.007395855 -0.01021999 -0.0085 0.006723749 -0.006119993 -0.008069285 0.006027413 -0.01021999 -0.008069285 0.006027413 -0.006119993 -0.00931817 0.008890866 -0.01059614 -0.007350754 0.005382911 -0.01021999 -0.007350754 0.005382911 -0.006119993 -0.008006287 0.006070139 -0.01060268 -0.006414047 0.005149993 -0.01021999 -0.006414047 0.005149993 -0.006119993 0.006414047 0.005149993 -0.006119992 -0.007316358 0.005447797 -0.01059614 -0.008007406 0.006069379 -0.01059587 -0.006414047 0.005223432 -0.01059614 0.006414047 0.005149993 -0.01021999 0.007345582 0.005380179 -0.006119992 0.006414047 0.005223432 -0.01059614 0.007345243 0.00538154 -0.01021999 0.007350754 0.005382911 -0.01021999 0.008069285 0.006027413 -0.006119992 0.007316358 0.005447797 -0.01059614 0.006414047 0.005227251 -0.01060193 -0.006414047 0.005227251 -0.01060193 0.006414047 0.005439563 -0.01092376 -0.006414047 0.005439563 -0.01092376 -0.007215133 0.005638757 -0.01092376 0.006414047 0.005443397 -0.01092634 -0.006414047 0.005443397 -0.01092634 0.006414047 0.005765134 -0.01114297 -0.006414047 0.005765134 -0.01114297 -0.007826881 0.00619181 -0.0109271 0.006414047 0.005767401 -0.01114342 -0.006414047 0.005767401 -0.01114342 -0.006414047 0.006149993 -0.01121999 -0.007062651 0.005926413 -0.01114297 -0.007559972 0.006372828 -0.01114259 -0.007558382 0.006373907 -0.01114387 0.006414047 0.006149993 -0.01121999 -0.0068824 0.006266452 -0.01121999 -0.007241665 0.006588703 -0.01121999 0.006010435 0.02080863 -0.01121999 0.007038218 0.02028623 -0.01121999 0.007461519 0.0201071 -0.01121999 -0.007937036 0.007816792 -0.01121999 -0.008284164 0.007655706 -0.01114387 -0.008578444 0.007519144 -0.0109271 -0.008794349 0.009037538 -0.01114342 -0.008425927 0.009140698 -0.01121999 -0.008796531 0.009036927 -0.01114297 -0.0085 0.009679966 -0.01121999 0.006 0.02081421 -0.01121999 -0.008884859 0.009679966 -0.01114297 -0.009110045 0.008949143 -0.01092376 -0.009210431 0.009679966 -0.01092376 -0.008775077 0.007427897 -0.01060268 -0.009314492 0.008891896 -0.01060193 -0.009426561 0.009679966 -0.01059614 -0.009210431 0.01936447 -0.01092376 -0.008884859 0.01942348 -0.01114297 -0.009426561 0.01942634 -0.01059614 -0.0085 0.01959883 -0.01121999 -0.007461519 0.0201071 -0.01121999 -0.006416308 0.02059345 -0.01121999 -0.006010435 0.02080863 -0.01121999 -0.006 0.02081421 -0.01121999 -0.0095 0.009679966 -0.01021999 -0.009388781 0.008870682 -0.005578324 -0.009432893 0.009048985 -0.005480145 -0.009499984 0.009670478 -0.00512547 -0.0095 0.01959883 -0.01021999 -0.0095 0.009679966 -0.005119992 -0.0095 0.0201071 -0.009181512 -0.0095 0.02028623 -0.008758211 -0.0095 0.02080863 -0.007730428 -0.0095 0.02081421 -0.007719993 -0.009499999 0.02081421 0.007680007 -0.009499999 0.02479999 0.007680007 -0.0095 0.02479999 -0.007719993 -0.00943653 0.02081421 -0.008383514 -0.0095 0.02080863 -0.007730428 -0.0095 0.02046703 -0.008402505 -0.0095 0.02044332 -0.008449138 -0.009235998 0.02081421 -0.009053527 -0.009233578 0.02479999 -0.009059385 -0.009233032 0.02081421 -0.009059094 -0.008911902 0.02081421 -0.009661853 -0.008474873 0.02479999 -0.01019487 -0.009306377 0.02043152 -0.009082531 -0.0095 0.02028623 -0.008758211 -0.0095 0.02011502 -0.009162788 -0.0095 0.0201071 -0.009181512 -0.008975233 0.02043152 -0.009704086 -0.009155582 0.0201071 -0.009824355 -0.0095 0.01959883 -0.01021999 -0.008528698 0.02043152 -0.01024869 -0.00868198 0.0201071 -0.01040197 -0.009426561 0.01942634 -0.01059614 -0.009210431 0.01936447 -0.01092376 -0.009206482 0.01936518 -0.01092642 -0.008884859 0.01942348 -0.01114297 -0.0085 0.01959883 -0.01121999 -0.008104363 0.0201071 -0.01087558 -0.007461519 0.0201071 -0.01121999 -0.007984093 0.02043152 -0.01069523 -0.008474873 0.02081421 -0.01019487 -0.007362538 0.02043152 -0.01102637 -0.007443373 0.02011555 -0.01121999 -0.007941861 0.02081421 -0.0106319 -0.006726281 0.02044921 -0.01121999 -0.007339392 0.02479999 -0.01095357 -0.007333535 0.02081421 -0.01095599 -0.007339101 0.02081421 -0.01095303 -0.006663521 0.02081421 -0.01115652 -0.006683732 0.02046901 -0.01121999 -0.006416308 0.02059345 -0.01121999 -0.006010435 0.02080863 -0.01121999 -0.006 0.02479999 -0.01121999 0.006 0.02479999 -0.01121999 0.006663521 0.02081421 -0.01115652 0.006010435 0.02080863 -0.01121999 0.006682513 0.02046703 -0.01121999 0.006729146 0.02044332 -0.01121999 0.007333535 0.02081421 -0.01095599 0.007339392 0.02479999 -0.01095357 0.007339102 0.02081421 -0.01095303 0.007941861 0.02081421 -0.01063189 0.008474873 0.02479999 -0.01019487 0.007362538 0.02043152 -0.01102637 0.007038218 0.02028623 -0.01121999 0.007442796 0.02011502 -0.01121999 0.007461519 0.0201071 -0.01121999 0.007984093 0.02043152 -0.01069522 0.008104363 0.0201071 -0.01087557 0.0085 0.01959883 -0.01121999 0.008528698 0.02043152 -0.01024869 0.00868198 0.0201071 -0.01040197 0.008882684 0.01942419 -0.01114387 0.009207106 0.01936446 -0.0109271 0.009423879 0.01942419 -0.01060268 0.009500001 0.01959883 -0.01021999 0.009155582 0.0201071 -0.009824354 0.009500001 0.0201071 -0.009181512 0.008975233 0.02043152 -0.009704085 0.008474873 0.02081421 -0.01019487 0.009306377 0.02043152 -0.00908253 0.009500001 0.02011555 -0.009163365 0.008911903 0.02081421 -0.009661853 0.009500001 0.02044921 -0.008446273 0.009233579 0.02479999 -0.009059384 0.009235999 0.02081421 -0.009053527 0.009233032 0.02081421 -0.009059093 0.00943653 0.02081421 -0.008383513 0.009500001 0.02046901 -0.008403725 0.009500001 0.02059345 -0.008136299 0.009500001 0.02080863 -0.007730427 0.009500001 0.02479999 -0.007719992 0.009500001 0.02081421 -0.007719992 0.009500001 0.02479999 0.007680008 0.009500001 0.02081421 0.007680008 0.009500001 0.009679966 -0.005119992 0.009500001 0.02080863 -0.007730427 0.009500001 0.02059345 -0.008136299 0.009500001 0.0201071 -0.009181512 0.009500001 0.01959883 -0.01021999 0.009436531 0.02081421 0.00834353 0.009500001 0.02080863 0.007690443 0.009500001 0.02046703 0.00836252 0.009500001 0.02044332 0.008409154 0.009235999 0.02081421 0.009013543 0.009233579 0.02479999 0.0090194 0.009233033 0.02081421 0.009019109 0.008911903 0.02081421 0.009621869 0.008474874 0.02479999 0.01015488 0.009306377 0.02043152 0.009042546 0.009500001 0.02028623 0.008718226 0.009500001 0.02011502 0.009122803 0.009500001 0.0201071 0.009141527 0.008975234 0.02043152 0.009664102 0.009155583 0.0201071 0.00978437 0.009500001 0.01959883 0.01018001 0.0085287 0.02043152 0.01020871 0.008681981 0.0201071 0.01036199 0.009426562 0.01942634 0.01055615 0.009210432 0.01936447 0.01088377 0.009206482 0.01936518 0.01088643 0.00888486 0.01942348 0.01110298 0.0085 0.01959883 0.01118001 0.008104363 0.0201071 0.01083559 0.007461519 0.0201071 0.01118001 0.007984094 0.02043152 0.01065524 0.008474874 0.02081421 0.01015488 0.007362538 0.02043152 0.01098638 0.007443374 0.02011555 0.01118001 0.007941862 0.02081421 0.01059191 0.006726282 0.02044921 0.01118001 0.007339393 0.02479999 0.01091359 0.007333536 0.02081421 0.01091601 0.007339103 0.02081421 0.01091304 0.006663522 0.02081421 0.01111654 0.006683733 0.02046901 0.01118001 0.006416309 0.02059345 0.01118001 0.006010436 0.02080863 0.01118001 0.006000001 0.02479999 0.01118001 0.006000001 0.02081421 0.01118001 -0.005999999 0.02479999 0.01118001 -0.005999999 0.02081421 0.01118001 -0.008499999 0.009547431 0.01118001 -0.00666352 0.02081421 0.01111654 0.006010436 0.02080863 0.01118001 -0.006010435 0.02080863 0.01118001 -0.006682513 0.02046703 0.01118001 -0.006010435 0.02080863 0.01118001 -0.006729144 0.02044332 0.01118001 -0.007038218 0.02028623 0.01118001 -0.007461519 0.0201071 0.01118001 -0.008499999 0.01959883 0.01118001 -0.008884858 0.01942348 0.01110298 -0.007333534 0.02081421 0.01091601 -0.007339391 0.02479999 0.01091359 -0.007339101 0.02081421 0.01091304 -0.00794186 0.02081421 0.01059191 -0.008474872 0.02479999 0.01015488 -0.007362537 0.02043152 0.01098638 -0.007038218 0.02028623 0.01118001 -0.007442794 0.02011502 0.01118001 -0.007461519 0.0201071 0.01118001 -0.007984092 0.02043152 0.01065524 -0.008104362 0.0201071 0.01083559 -0.008499999 0.01959883 0.01118001 -0.008528698 0.02043152 0.01020871 -0.008681979 0.0201071 0.01036199 -0.008884858 0.01942348 0.01110298 -0.009207105 0.01936446 0.01088711 -0.00942656 0.01942634 0.01055615 -0.009499999 0.01959883 0.01018001 -0.009155581 0.0201071 0.009784369 -0.009499999 0.0201071 0.009141526 -0.008975232 0.02043152 0.009664101 -0.008474872 0.02081421 0.01015488 -0.009306375 0.02043152 0.009042545 -0.009499999 0.02011555 0.00912338 -0.008911901 0.02081421 0.009621868 -0.009499999 0.02044921 0.008406288 -0.009233577 0.02479999 0.009019398 -0.009235997 0.02081421 0.009013542 -0.009233033 0.02081421 0.009019108 -0.009436529 0.02081421 0.008343529 -0.009499999 0.02046901 0.008363741 -0.009499999 0.02059345 0.008096314 -0.009499999 0.02080863 0.007690443 -0.009499999 0.009547431 0.006080008 -0.009499999 0.02080863 0.007690443 -0.009499999 0.02059345 0.008096314 -0.009499999 0.0201071 0.009141526 -0.009499999 0.01959883 0.01018001 -0.0095 -6.363692e-09 -0.005119992 -0.009499984 0.009670478 -0.00512547 -0.009499999 0.009547431 0.01018001 -0.00942656 0.01942634 0.01055615 -0.009499986 0.009540128 0.006085171 -0.00942656 0.009547431 0.01055615 -0.00920966 0.01936518 0.01088326 -0.009435483 0.009043544 0.01018001 -0.009435483 0.009043544 0.006433377 -0.009207105 0.008291927 0.006787114 -0.008882683 0.007479989 0.007003887 -0.009363128 0.009062381 0.01055589 -0.009361818 0.009062722 0.01056269 -0.008758352 0.007215866 0.01018001 -0.0085 0.00672375 0.007080007 -0.009154524 0.009116689 0.01088327 -0.008244785 0.006387628 0.01018001 -0.008286281 0.006361898 0.007080007 -0.007731217 0.005559391 0.01018001 -0.006395126 0.004140316 0.007080007 -0.008689974 0.007249313 0.01056269 -0.009152038 0.009117337 0.01088711 -0.006395126 0.004140316 0.01018001 -0.005783536 0.00377658 0.007080008 -0.005783145 0.003777237 0.01018001 -0.005779509 0.00377508 0.01018001 -0.005083305 0.003649994 0.007080008 -0.006346956 0.00419575 0.01055615 -0.007670858 0.00560577 0.01056269 -0.005083305 0.003649994 0.01018001 0.005083307 0.003649994 0.007080008 -0.005753946 0.003843926 0.01055615 -0.006344452 0.004198633 0.01056194 -0.006205195 0.004358894 0.01088377 0.005083307 0.003649994 0.01018001 0.005783537 0.00377658 0.007080008 0.005083307 0.00372476 0.01055589 0.005783537 0.00377658 0.01018001 -0.005083305 0.003723432 0.01055615 0.006395128 0.004140316 0.007080008 0.005083307 0.003726114 0.01056269 -0.00567871 0.004046539 0.01088377 -0.005083305 0.003939562 0.01088377 0.005083307 0.003940318 0.01088327 0.005083307 0.003942887 0.01088711 0.005756886 0.003847883 0.01056269 0.006395128 0.004140316 0.01018001 0.005680991 0.004050936 0.01088711 0.007731219 0.005559391 0.01018001 0.008286282 0.006361898 0.007080008 0.006345199 0.004197774 0.01056269 0.008244787 0.006387628 0.01018001 0.0085 0.00672375 0.007080008 0.008758354 0.007215866 0.01018001 0.008882685 0.007479989 0.007003887 0.00767086 0.00560577 0.01056269 0.006203016 0.004361403 0.01088711 0.009435485 0.009043544 0.01018001 0.009207107 0.008291927 0.006787115 0.009435485 0.009043544 0.006433378 0.009364415 0.009062045 0.01055615 0.009500001 0.009547431 0.01018001 0.009499988 0.009540128 0.006085172 0.008689975 0.007249313 0.01056269 0.009500001 0.009547431 0.006080008 0.009360719 0.009063008 0.01056194 0.009155258 0.0091165 0.01088377 0.009426562 0.009547431 0.01055615 0.009426562 0.01942634 0.01055615 0.009500001 0.01959883 0.01018001 0.009210432 0.01936447 0.01088377 0.009500001 0.0201071 0.009141527 0.009500001 0.02028623 0.008718226 0.009500001 0.02080863 0.007690443 0.009210432 0.009547431 0.01088377 0.00888486 0.009547431 0.01110298 0.00888486 0.01942348 0.01110298 0.008840187 0.009198524 0.01110298 0.0085 0.009547431 0.01118001 0.0085 0.01959883 0.01118001 0.008467742 0.009295488 0.01118001 0.00849525 0.007344562 0.01088711 0.008203823 0.007487113 0.01110389 0.008837995 0.009199095 0.01110344 0.00749897 0.005737849 0.01088711 0.007241721 0.005935517 0.01110389 0.005990223 0.00460629 0.01110389 0.007860062 0.007655264 0.01118001 0.006938274 0.006168683 0.01118001 0.005739217 0.004895154 0.01118001 0.005083307 0.004649993 0.01118001 0.005433422 0.004713287 0.01118001 0.005567405 0.004354825 0.01110389 0.005083307 0.00426731 0.01110389 -0.005083302 0.004649993 0.01118001 0.007461519 0.0201071 0.01118001 0.006416309 0.02059345 0.01118001 -0.005083305 0.004265134 0.01110298 0.005083307 0.004265388 0.0111026 -0.005431408 0.004712537 0.01118001 -0.005565377 0.004351748 0.01110298 -0.005739215 0.004895154 0.01118001 -0.005991649 0.004604648 0.01110298 -0.006938272 0.006168683 0.01118001 -0.005990163 0.004606359 0.01110344 -0.007498969 0.005737849 0.01088711 -0.007241719 0.005935517 0.01110389 -0.00786006 0.007655264 0.01118001 -0.00846774 0.009295488 0.01118001 -0.008203821 0.007487113 0.01110389 -0.008884858 0.009547431 0.01110298 -0.009207105 0.01936446 0.01088711 -0.008838079 0.009199074 0.01110389 -0.008495249 0.007344562 0.01088711 -0.00883994 0.009198588 0.0111026 -0.00921043 0.009547431 0.01088377 0.009388889 0.008871065 -0.01021999 0.009388783 0.008870685 -0.005578321 0.009207106 0.008291927 -0.005827099 0.008844125 0.007395855 -0.006058916 0.008844125 0.007395855 -0.01021999 0.0085 0.006723749 -0.006119992 0.008069285 0.006027413 -0.01021999 0.008007406 0.006069379 -0.01059587 0.008006287 0.006070139 -0.01060268 0.008775077 0.007427897 -0.01060268 0.009315588 0.008891589 -0.01060268 0.008578445 0.007519144 -0.0109271 0.009106844 0.008950039 -0.0109271 0.009423879 0.009679966 -0.01060268 0.009207106 0.009679966 -0.0109271 0.008882684 0.009679966 -0.01114387 0.009207106 0.01936446 -0.0109271 0.009423879 0.01942419 -0.01060268 0.008882684 0.01942419 -0.01114387 0.009500001 0.009679966 -0.01021999 0.009388783 0.008870685 -0.005578321 0.00949399 0.009490171 -0.005229461 0.009499985 0.009670478 -0.00512547 0.0085 0.009679966 -0.01121999 0.0085 0.01959883 -0.01121999 0.008794435 0.009037513 -0.01114387 0.008425927 0.009140698 -0.01121999 0.008284164 0.007655706 -0.01114387 0.007826881 0.00619181 -0.0109271 0.007937036 0.007816792 -0.01121999 0.007558382 0.006373907 -0.01114387 0.007215133 0.005638757 -0.01092376 0.007559973 0.006372828 -0.01114259 0.007062651 0.005926413 -0.01114297 0.007241665 0.006588703 -0.01121999 0.0068824 0.006266452 -0.01121999 0.009499985 0.009670478 -0.00512547 0.009500001 -6.363692e-09 -0.005119992 0.00949399 0.009490171 -0.005229461 0.009412703 0.009011536 -0.005499002 0.009500001 -6.363692e-09 0.006080008 0.009499988 0.009540128 0.006085172 0.009435485 0.009043544 0.006433378 0.009418559 0.008987842 0.006459593 0.009426561 -6.363692e-09 -0.005496135 0.00942388 -6.363692e-09 0.006462692 0.009207107 0.008291927 0.006787115 0.009261815 -0.002113955 -0.005119992 0.009422742 -6.363692e-09 -0.005501925 0.009388783 0.008870685 -0.005578321 0.009207106 0.008291927 -0.005827099 0.009210431 -6.363692e-09 -0.005823759 0.009206597 -6.363692e-09 -0.005826341 0.008878662 0.007481114 -0.006036859 0.008884859 -6.363692e-09 -0.006042967 0.009190219 -0.002097614 -0.005496135 0.008882593 -6.363692e-09 -0.006043421 0.008844125 0.007395855 -0.006058916 0.0085 0.006723749 -0.006119992 0.0085 -6.363692e-09 -0.006119992 0.008069285 0.006027413 -0.006119992 0.007345582 0.005380179 -0.006119992 0.006414047 0.005149993 -0.006119992 0.008979506 -0.00204952 -0.005823759 0.008662097 -0.001977073 -0.006042967 0.008286887 -0.001891434 -0.006119992 0.007658236 -0.003688018 -0.006119992 0.008004982 -0.003855002 -0.006042967 0.008298313 -0.003996262 -0.005823759 -0.006414047 0.005149993 -0.006119993 0.008493039 -0.004090038 -0.005496135 0.007201006 -0.005742616 -0.005823759 0.008559204 -0.004121901 -0.005119992 0.007369983 -0.005877371 -0.005496135 0.0074274 -0.005923159 -0.005119992 0.006946463 -0.005539625 -0.006042967 0.005877365 -0.007369989 -0.005496135 0.006645568 -0.00529967 -0.006119992 0.00574261 -0.007201011 -0.005823759 0.005539619 -0.006946468 -0.006042968 0.005299664 -0.006645574 -0.006119992 0.003996257 -0.008298318 -0.005823759 0.003854996 -0.008004988 -0.006042968 0.003688012 -0.007658241 -0.006119992 0.004090032 -0.008493044 -0.005496135 0.002049514 -0.008979512 -0.005823759 0.001977067 -0.008662104 -0.006042968 0.001891428 -0.008286893 -0.006119992 0.002097608 -0.009190223 -0.005496135 2.831187e-10 -0.009210437 -0.005823759 2.756155e-10 -0.008884865 -0.006042968 2.729791e-10 -0.008500006 -0.006119993 2.943328e-10 -0.009426568 -0.005496135 -0.002049514 -0.008979512 -0.005823759 -0.001977067 -0.008662104 -0.006042968 -0.001891428 -0.008286893 -0.006119993 -0.002097607 -0.009190223 -0.005496136 -0.003996256 -0.008298318 -0.005823759 -0.003854996 -0.008004988 -0.006042968 -0.003688011 -0.007658241 -0.006119993 -0.004090031 -0.008493044 -0.005496136 -0.00574261 -0.007201011 -0.005823759 -0.005539618 -0.006946468 -0.006042968 -0.005299664 -0.006645574 -0.006119993 -0.005877365 -0.007369989 -0.005496136 -0.007201005 -0.005742616 -0.005823759 -0.006946462 -0.005539625 -0.006042968 -0.006645567 -0.00529967 -0.006119993 -0.007369983 -0.005877371 -0.005496136 -0.008298312 -0.003996262 -0.005823759 -0.008004981 -0.003855002 -0.006042968 -0.007658235 -0.003688018 -0.006119993 -0.008493038 -0.004090038 -0.005496136 -0.008286887 -0.001891434 -0.006119993 -0.008662096 -0.001977073 -0.006042968 -0.008979506 -0.00204952 -0.005823759 -0.0085 -6.363692e-09 -0.006119993 -0.007350754 0.005382911 -0.006119993 -0.008069285 0.006027413 -0.006119993 -0.0085 0.006723749 -0.006119993 -0.008884859 -6.363692e-09 -0.006042968 -0.008844124 0.007395855 -0.006058916 -0.008880566 0.007485949 -0.006035523 -0.009210431 -6.363692e-09 -0.005823759 -0.009210431 0.008301483 -0.005823759 -0.009426561 -6.363692e-09 -0.005496136 -0.009388781 0.008870682 -0.005578324 -0.009425849 0.009020511 -0.005495824 -0.009432893 0.009048985 -0.005480145 -0.009190218 -0.002097614 -0.005496136 -0.009261815 -0.002113955 -0.005119992 -0.008559204 -0.004121901 -0.005119992 -0.009297395 -0.001951528 0.006080008 -0.007427399 -0.005923159 -0.005119992 -0.009028447 -0.002763734 0.006080008 -0.009034116 -0.002764683 -0.005119992 -0.008624679 -0.00398308 0.006080008 -0.007735926 -0.005447372 0.006080008 -0.007729384 -0.005442553 -0.005119992 -0.007514305 -0.005812511 0.006080008 -0.005923152 -0.007427406 -0.005119992 -0.006022615 -0.007346985 0.006080008 -0.004121895 -0.00855921 -0.005119992 -0.005663887 -0.00757884 0.006080008 -0.005669473 -0.007586802 -0.005119992 -0.004225307 -0.008508636 0.006080008 -0.002113949 -0.009261821 -0.005119992 -0.003017862 -0.008946712 0.006080008 -0.003018121 -0.008945437 -0.005119992 -0.002213584 -0.009238514 0.006080008 3.072076e-10 -0.009500006 -0.005119992 -8.95335e-05 -0.009499584 0.006080008 -8.845842e-05 -0.009490039 -0.005119992 0.002113949 -0.009261821 -0.005119992 0.002039061 -0.009278595 0.006080008 0.004121895 -0.00855921 -0.005119992 0.002848696 -0.009002005 0.006080008 0.002849137 -0.009004567 -0.005119992 0.004064183 -0.008586764 0.006080008 0.005923154 -0.007427406 -0.005119992 0.005520033 -0.00768425 0.006080008 0.005518235 -0.007681832 -0.005119992 0.005883067 -0.007459197 0.006080008 0.007403414 -0.005953112 0.006080008 0.007631879 -0.005592214 0.006080008 0.007634295 -0.005593886 -0.005119992 0.008548074 -0.004144935 0.006080008 0.008974751 -0.002933416 0.006080008 0.008974999 -0.002933627 -0.005119992 0.009258961 -0.002126423 0.006080008 0.009184772 -0.002109385 0.006462692 0.008479581 -0.004111723 0.006462691 0.007344093 -0.005905411 0.006462691 0.00828453 -0.004017144 0.006787115 0.005835928 -0.007399429 0.006462691 0.007175161 -0.005769572 0.006787115 0.005701687 -0.007229224 0.006787115 0.004031618 -0.008517962 0.006462691 0.00393888 -0.008322028 0.006787115 0.002022723 -0.00920425 0.006462691 0.001976195 -0.008992529 0.006787115 -8.881608e-05 -0.009423466 0.006462691 -8.677306e-05 -0.009206703 0.006787115 -0.002195848 -0.009164489 0.006462691 -0.002145338 -0.008953683 0.006787115 -0.00419145 -0.008440458 0.006462691 -0.004095037 -0.008246308 0.006787115 -0.005974357 -0.007288116 0.006462691 -0.005836932 -0.007120471 0.006787114 -0.007454095 -0.005765937 0.006462691 -0.007282632 -0.005633306 0.006787114 -0.008555573 -0.003951165 0.006462691 -0.008358774 -0.003860279 0.006787114 -0.009222898 -0.001935891 0.006462691 -0.009010748 -0.001891361 0.006787114 -0.008064242 -0.003724257 0.007003887 -0.008693243 -0.001824717 0.007003887 -0.009207105 -6.363692e-09 0.006787114 -0.00702602 -0.005434811 0.007003887 -0.009423879 -6.363692e-09 0.006462691 -0.005631261 -0.006869574 0.007003887 -0.009207105 0.008291927 0.006787114 -0.009418558 0.008987842 0.006459592 -0.008882683 0.007479989 0.007003887 -0.009499999 -6.113693e-09 0.006080008 -0.009435483 0.009043544 0.006433377 -0.009499986 0.009540128 0.006085171 -0.008882683 -6.363692e-09 0.007003887 -0.0085 0.00672375 0.007080007 -0.0085 -6.363692e-09 0.007080007 -0.008286281 0.006361898 0.007080007 -0.006395126 0.004140316 0.007080007 -0.005783536 0.00377658 0.007080008 -0.008318721 -0.001746105 0.007080007 -0.005083305 0.003649994 0.007080008 -0.00771682 -0.00356381 0.007080007 -0.006723325 -0.005200668 0.007080007 -0.005388655 -0.006573618 0.007080008 0.005083307 0.003649994 0.007080008 -0.003950743 -0.007955739 0.007003887 -0.003780537 -0.00761299 0.007080008 -0.002069744 -0.00863819 0.007003887 -0.001980576 -0.00826604 0.007080008 -8.371547e-05 -0.008882294 0.007003887 -8.010882e-05 -0.008499628 0.007080008 0.001906561 -0.008675667 0.007003887 0.001824423 -0.008301903 0.007080008 0.003800089 -0.00802879 0.007003887 0.003636374 -0.007682895 0.007080008 0.005500781 -0.006974493 0.007003887 0.005263797 -0.006674019 0.007080008 0.006922335 -0.005566274 0.007003887 0.006624108 -0.005326469 0.007080008 0.007992615 -0.003875595 0.007003887 0.007648277 -0.003708627 0.007080008 0.008284334 -0.00190259 0.007080008 0.005783537 0.00377658 0.007080008 0.008657307 -0.001988247 0.007003887 0.0089735 -0.002060864 0.006787115 0.009207107 -6.363692e-09 0.006787115 0.008882685 0.007479989 0.007003887 0.008882685 -6.363692e-09 0.007003887 0.0085 0.00672375 0.007080008 0.0085 -6.363692e-09 0.007080008 0.008286282 0.006361898 0.007080008 0.006395128 0.004140316 0.007080008</float_array>
          <technique_common>
            <accessor count="1194" source="#verts-array-array" stride="3">
              <param type="float" name="X"/>
              <param type="float" name="Y"/>
              <param type="float" name="Z"/>
            </accessor>
          </technique_common>
        </source>
        <source id="normals-array">
          <float_array count="3582" id="normals-array-array">0 0 1 0 0 1 0 0 1 0 0 -1 0 0 -1 0 0 -1 0.9999719 0 -0.007491824 0.9999719 0 -0.007491824 0.9999719 0 -0.007491824 0.9999719 0 -0.007491824 0.0005383644 0.9999999 1.396717e-11 0.0005383643 0.9999999 2.365051e-11 0.0005383643 0.9999999 2.15086e-11 0.0005383644 0.9999999 1.182526e-11 0.9999719 0 0.007491824 0.9999719 0 0.007491824 0.9999719 0 0.007491824 0.9999719 0 0.007491824 -0.9999723 6.691127e-05 0.007449106 -0.9999723 0 -0.007439284 -0.9999719 1.919951e-07 0.007491623 -0.9999716 6.691126e-05 0.007534541 -0.9997486 0 0.02242086 -0.9999716 6.700447e-05 -0.007534601 -0.9997482 0 -0.0224418 -0.9999719 1.922626e-07 -0.007491775 -0.9999723 6.700447e-05 -0.007449046 -0.9999722 0 0.007459927 1 0 0 1 0 0 1 0 0 1 -1.667642e-08 2.850617e-08 1 0 0 1 0 0 1 0 0 1 -3.11005e-08 2.577992e-08 1 -6.040052e-08 2.569219e-08 1 0 0 1 0 0 1 0 0 1 -6.676407e-07 -2.678526e-07 1 3.220851e-08 1.14447e-07 1 6.880433e-08 1.284339e-07 1 9.91315e-09 4.991797e-08 1 3.355903e-08 3.119337e-08 1 2.089228e-08 3.60031e-08 1 1.359396e-08 4.101389e-08 1 8.915051e-09 4.161184e-08 0.9960293 0.08902601 3.994053e-08 1 -5.39164e-09 3.904086e-08 0.9982897 0.05844389 -0.001387068 0.9555064 0.2949678 0.001256998 0.9806022 0.1959996 -0.001871343 0.9149436 0.4035789 0.001475692 0.9337802 0.3578468 -0.0005127054 0.902484 0.4307233 9.467072e-05 0.8601338 0.5100685 2.657999e-05 0.8730451 0.4876395 0.0001258186 0.7734873 0.6338118 -0.0001816836 0.7621641 0.6473838 0.0001213573 0.7174917 0.6965671 0.0002707999 0.7075661 0.7066471 0.0002625481 0.6423949 0.7663738 1.831333e-05 0.6503314 0.7596506 5.625876e-05 0.5061862 0.8624242 -1.556288e-05 0.5049409 0.8631539 1.716447e-05 0.4171216 0.9086336 0.01986257 0.4192025 0.9076854 -0.01940412 0.1538922 0.9880876 -0.0003000764 0.3601613 0.9323927 -0.0304588 0.1962221 0.9805323 -0.00729951 0.05333742 0.9985762 0.0008251945 0.008343725 0.9999652 3.557902e-10 0.1517301 0.9884219 0.000416857 0 1 0 0.3546399 0.9345341 0.02960687 0.1803703 0.9835804 0.006011014 0 1 0 0.04393675 0.9990341 -0.0006527179 0.008343725 0.9999652 5.336853e-10 0 1 0 0 1 0 0 1 0 0 1 0 0 1 0 0 1 0 0 1 0 0 1 0 0 1 0 0 1 0 0 1 0 0 1 0 0 1 0 0 1 0 0 1 0 0 1 0 0 1 0 0 1 0 0 1 0 0 1 0 0 1 0 0 1 0 0 1 0 0 1 0 0 1 0 0 1 0 0 1 0 -0.9972155 0.07456904 0.0007795331 -0.9972824 0.07367326 8.548451e-05 -0.9972413 0.07422726 0.0001417146 -0.9971075 0.0760036 3.388889e-05 -0.9972759 0.07376163 -4.319754e-05 -0.9972648 0.07391136 -0.0002197354 -0.9972119 0.07462163 -1.460746e-05 -0.9969822 0.0776308 3.622439e-05 -0.9964308 0.0844133 -0.0001598827 -0.9959912 0.08945021 0.0003338996 -0.9941609 0.107907 -0.0004353206 -0.992841 0.1194427 0.000504535 -0.9921384 0.1251451 -0.0001052751 -0.9902635 0.1392048 0.0005482437 -0.988823 0.1490939 -0.0001902922 -0.9862752 0.1651084 0.000657631 -0.9786789 0.2053957 -0.0003663217 -0.9747421 0.2233331 -0.0004735064 -0.9678255 0.2516223 -0.0002552078 -0.972164 0.2343016 -7.229765e-06 -0.9627007 0.2705681 -0.0004340771 -0.9569215 0.2903457 0.0007989109 -0.9352192 0.3540683 -0.0007746417 -0.9439335 0.3300486 -0.007584908 -0.9172564 0.3982966 -0.0007825007 -0.8959984 0.4440534 0.001854275 -0.8411704 0.540758 0.003613684 -0.9289608 0.3700067 -0.01126383 -0.8920831 0.4518561 -0.003719801 -0.8363758 0.5481565 8.83193e-05 -0.7781095 0.6281285 -0.0002363919 -0.7805887 0.6250451 -0.0001582874 -0.7569933 0.6534226 -0.0001419311 -0.7587772 0.6513502 -2.051596e-07 -0.7110797 0.7031115 1.344252e-07 -0.7110755 0.7031156 0 0.0138338 0.3242126 -0.9458831 0.02773633 0.327356 -0.9444939 -0.01604683 0.2743749 -0.9614889 0.00512376 0.2597287 -0.965668 0.007960453 0.1885287 -0.9820354 0.04532421 0.2373371 -0.9703694 0.001222189 0.1933536 -0.9811284 -0.004286604 0.1731696 -0.9848827 -0.08785048 0.1604437 -0.9831277 0.0002981068 0.1345108 -0.9909121 -0.003173203 0.1314844 -0.9913132 -0.001933872 0.1220927 -0.9925168 -0.09295393 0.1264908 -0.987603 -3.41481e-05 0.1157782 -0.9932751 -0.002692996 0.1075834 -0.9941924 -0.1685423 0.1919256 -0.9668289 -0.07906788 0.1840073 -0.9797395 -0.09053518 0.09854749 -0.9910054 -0.005179844 0.1046869 -0.9944917 -0.00423983 0.09774774 -0.9952022 -0.3184921 0.180879 -0.9305082 -0.1754722 0.1520478 -0.9726721 -0.3454065 0.2125172 -0.9140737 -0.4375616 0.2209101 -0.8716298 -0.5240862 0.225906 -0.8211578 -0.3185467 0.1401251 -0.9374929 -0.1749867 0.1165299 -0.9776505 -0.5326545 0.2004745 -0.8222464 -0.6219851 0.2130731 -0.7534815 -0.5372831 0.1559566 -0.8288573 -0.7097342 0.2244841 -0.6677456 -0.6139282 0.1841705 -0.7675763 -0.6905549 0.2025262 -0.6943465 -0.7852874 0.2045442 -0.5843674 -0.8121055 0.1912082 -0.551293 -0.8377507 0.204048 -0.5064959 -0.864762 0.1692269 -0.4728097 -0.8699696 0.1730397 -0.4617469 -0.6966362 0.1606919 -0.6991967 -0.8263513 0.1576222 -0.5406467 -0.9144809 0.1501492 -0.3757393 -0.8725012 0.1686523 -0.4585827 -0.9456967 0.1510527 -0.2878209 -0.9414718 0.1320066 -0.3101695 -0.9263444 0.10812 -0.3608271 -0.9572603 0.1089473 -0.2679239 -0.9625342 0.0887491 -0.2562256 -0.9649267 0.07945583 -0.2502065 -0.9167723 0.1560188 -0.3676775 -0.9793326 0.06486828 -0.1915718 -0.8321126 0.1221732 -0.5409827 -0.795148 0.488088 -0.3598747 -0.952149 0.1850247 -0.2432657 -0.8516041 0.1025244 -0.5140614 -0.9930977 0.02846801 -0.1137832 -0.805174 0.1035149 -0.5839345 -0.9975357 0.03719965 -0.05948645 -0.9987551 0.046704 -0.01752226 -0.9990861 0.04097587 -0.01216668 -0.7532855 0.1041623 -0.649393 -0.7010529 0.1269626 -0.701716 -0.695389 0.1029234 -0.711225 -0.6317652 0.1056106 -0.7679318 -0.5405619 0.1246552 -0.832018 -0.5653691 0.1062105 -0.8179714 -0.4948062 0.1052151 -0.8626103 -0.3234395 0.1178961 -0.9388756 -0.4195502 0.1025734 -0.9019181 -0.3406769 0.1031463 -0.9345053 -0.1815352 0.09979045 -0.9783082 -0.175529 0.1038152 -0.9789852 -0.09619277 0.09134713 -0.9911623 0.001774469 0.08743544 -0.9961686 -0.0058391 0.09468857 -0.9954898 -0.003874055 0.09267088 -0.9956893 -0.002431421 0.09097982 -0.9958498 -0.001191246 0.08935494 -0.9959991 -0.0001877975 0.08790754 -0.9961286 8.900007e-08 0.08762788 -0.9961533 0.05314612 0.08941651 -0.9945754 0.1800153 0.09009533 -0.9795291 0.09716006 0.08943098 -0.9912427 0.1962133 0.09171483 -0.9762626 0.3422238 0.08951934 -0.9353444 0.3635664 0.09021128 -0.9271901 0.4209816 0.08839539 -0.9027518 0.4389057 0.08928059 -0.8940865 0.4948104 0.08715519 -0.8646194 0.5154446 0.08779551 -0.8524135 0.5671705 0.08509483 -0.8191926 0.5840122 0.08532193 -0.8072483 0.6329471 0.08217938 -0.7698211 0.6525774 0.08250187 -0.7532172 0.6974556 0.07893798 -0.7122671 0.7121983 0.07932129 -0.6974824 0.7512778 0.0756102 -0.6556408 0.7710156 0.07564007 -0.6323081 0.8033573 0.07184421 -0.5911476 0.8235154 0.06387374 -0.5636865 0.8444266 0.06896471 -0.5312134 0.9230217 0.06511768 -0.3791973 0.8655725 0.05859118 -0.4973443 0.9532293 0.05793953 -0.2966426 0.9077279 0.05163917 -0.4163694 0.9782746 0.04219625 -0.2029735 0.9375695 0.04511038 -0.34486 0.9830657 0.04142083 -0.1785108 0.9946238 0.0332852 -0.09805876 0.9965058 0.03437618 -0.07612128 0.9932214 0.0327097 -0.1115403 0.9984063 0.0326812 -0.04600973 0.9996646 0.02506908 0.006505387 0.9997003 0.02448176 2.776868e-05 0.9996775 0.02539013 0.0004936194 0.9997529 0.02222529 0.0002842678 0.9997044 0.02431212 0.0001199008 0.9996999 0.0244972 -2.889069e-05 0.9996714 0.02563251 -4.279328e-06 0.9996459 0.02660915 1.713765e-05 0.9996624 0.0259833 9.867941e-07 0.9937853 0.03475534 0.1057488 0.997293 0.0291197 0.06751855 0.9769881 0.02665413 0.2116219 0.9866643 0.06773494 0.1480052 0.9334925 0.04125642 0.3562157 0.5702148 0.8089374 0.1430923 0.9954506 0.03229683 0.08963837 0.245432 0.9645429 0.09705787 0.9381969 0.1292339 0.3210687 0.8939535 0.06049106 0.4440585 0.8548457 0.06531203 0.5147555 0.8561572 0.06611864 0.5124678 0.806638 0.06980312 0.5869094 0.8047823 0.06979613 0.5894522 0.7566836 0.07562494 0.6493926 0.7374437 0.07623982 0.6710918 0.6961349 0.0807049 0.7133603 0.6673135 0.08003294 0.7404643 0.6357373 0.08367742 0.7673566 0.5815068 0.08320446 0.8092755 0.5660146 0.08589937 0.8199078 0.4943662 0.0854475 0.8650438 0.4979943 0.0885915 0.8626432 0.4008813 0.0880867 0.9118854 0.4200209 0.09102382 0.902938 0.3090504 0.08901794 0.9468705 0.3442015 0.09062047 0.9345123 0.2076867 0.08859355 0.9741752 0.180978 0.09077848 0.9792886 0.1061696 0.08850675 0.9904012 0.0487493 0.08863608 0.9948704 -2.960784e-05 0.08764522 0.9961518 -0.0006672951 0.08703134 0.9962054 -0.0007154659 0.08824675 0.9960984 0.002015228 0.08655685 0.9962449 -0.002375445 0.09091129 0.9958562 -0.003888261 0.09268362 0.995688 -0.005485078 0.09494735 0.9954672 -0.08471895 0.09974022 0.9914003 -0.003695357 0.09848212 0.995132 -0.2146932 0.2310204 0.948966 -0.09630981 0.08832513 0.9914248 -0.3397683 0.4863662 0.8049878 -0.3371987 0.1705493 0.9258564 -0.0913695 0.1011574 0.9906658 -0.004170708 0.105937 0.9943641 -0.002212871 0.110102 0.9939178 -0.3210825 0.1130568 0.9402788 -0.4948008 0.1052235 0.8626124 -0.09278514 0.1287049 0.9873327 -6.809418e-05 0.1170532 0.9931256 -0.3188426 0.1405426 0.9373298 -0.1747083 0.1191527 0.9773841 -0.00128167 0.1324645 0.9911869 0.003807324 0.132293 0.9912033 -0.08424089 0.1625625 0.9830956 0.01585802 0.207934 0.9780143 0.05352136 0.2704717 0.961239 0.03289353 0.2574754 0.9657248 0.0006616776 0.2154406 0.9765167 -0.000442337 0.2053343 0.9786918 0.002077896 0.1822257 0.9832545 -0.1019507 0.188165 0.9768316 -0.2004081 0.1978072 0.9595358 -0.3185745 0.1814816 0.9303627 -0.2923343 0.2102873 0.9329094 -0.1739472 0.1535684 0.9727071 -0.385694 0.2154259 0.8971242 -0.469201 0.2220532 0.8547179 -0.537269 0.1560164 0.8288552 -0.5321512 0.2011347 0.8224111 -0.548176 0.2264147 0.8051332 -0.6298518 0.2172201 0.7457225 -0.6254099 0.1994521 0.7543748 -0.6895962 0.2266803 0.6878031 -0.690236 0.2021371 0.6947769 -0.7684584 0.2117454 0.6038507 -0.5405524 0.1246803 0.8320204 -0.5653658 0.1062201 0.8179723 -0.6317669 0.1056207 0.767929 -0.6966196 0.1607532 0.6991992 -0.8168455 0.1940048 0.5432546 -0.7959146 0.2134555 0.5665304 -0.8710047 0.187946 0.4539021 -0.8681815 0.1722433 0.4653958 -0.7010412 0.1269904 0.7017227 -0.6953875 0.1029357 0.7112246 -0.7532845 0.1041728 0.6493924 -0.8263061 0.1573419 0.5407973 -0.9012987 0.1508563 0.4060825 -0.8321009 0.1222031 0.540994 -0.805174 0.1035247 0.5839327 -0.8516033 0.1025351 0.5140607 -0.9112596 0.1497731 0.3836325 -0.9123209 0.1466791 0.3823033 -0.9389178 0.1451943 0.3120127 -0.9428963 0.1265137 0.3081247 -0.948242 0.1233485 0.2926129 -0.9273099 0.1094649 0.3579298 -0.9638656 0.09848808 0.2475142 -0.9620608 0.08530543 0.2591564 -0.9746147 0.07269394 0.2117586 -0.865006 0.3224367 0.3844465 -0.9645692 0.1207771 0.2345618 -0.9918109 0.02576045 0.1250902 -0.995452 0.04152378 0.08573884 -0.9959502 0.05604188 0.07030312 -0.9986912 0.04970313 0.01205973 0 -1 0 0 -1 0 0 -1 0 0 -1 0 0 -1 0 0 -1 0 0 -1 0 0 -1 0 0 -1 0 0 -1 0 0 -1 0 0 -1 0 0 -1 0 0 -1 0 0 -1 0 0 -1 0 0 -1 0 0 -1 0 0 -1 0 0 -1 0 0 1 0 0 1 0 0 1 0 0 1 0 0 1 0 0 1 0 0 1 0 0 1 0 0 1 0 0 1 0 0 1 0 0 1 0 0 1 0 0 1 0 0 1 0 0 1 0 0 1 0 0 1 0 0 1 0 0 1 0 -0.9819691 -0.009485832 -0.1888035 -0.9999201 -1.554019e-06 -0.01264103 -0.9976178 -0.0007590158 -0.0689795 -0.9783511 -0.002049928 -0.2069419 -0.9238191 -0.00968502 -0.3827067 -0.9302164 -1.891881e-05 -0.3670114 -0.8960452 0.001406757 -0.4439606 -0.8540088 -0.002474431 -0.5202526 -0.7069566 -0.009379285 -0.7071948 -0.7578971 -0.001450332 -0.6523725 -0.6988252 0.002578299 -0.7152879 -0.6336934 -0.002589309 -0.77358 -0.5006637 -0.003039885 -0.8656365 -0.3828987 -0.009515312 -0.9237413 -0.4228818 0.002099011 -0.9061824 -0.3444177 -0.0004007944 -0.9388164 -0.1848963 -0.002069569 -0.9827559 -0.0947588 -0.004833735 -0.9954885 -0.09927577 -4.072247e-05 -0.99506 -2.32744e-07 5.730205e-07 -1 -7.355855e-08 2.790991e-07 -1 0.08563582 -0.003860587 -0.996319 0.0991666 -2.563891e-05 -0.9950708 0.1835469 -0.0008240341 -0.9830106 0.363297 -0.009778545 -0.9316221 0.344912 5.587594e-05 -0.938635 0.422818 0.0007691332 -0.9062143 0.499848 -0.003925407 -0.8661043 0.7069677 -0.01184364 -0.7071467 0.6333891 -0.002621698 -0.773829 0.6988363 0.002586656 -0.715277 0.7547376 -0.001230278 -0.6560256 0.8460257 -0.004379428 -0.5331242 0.9316634 -0.0099218 -0.3631871 0.9238317 -0.0004147826 -0.3827987 0.956086 0.001779301 -0.2930807 0.9804597 0.000302781 -0.1967198 0.99632 -0.003869217 -0.08562442 0.9949811 -9.881004e-05 -0.1000631 0.9963234 -0.003963504 0.0855799 1 8.878456e-06 -9.199285e-10 1 8.452036e-06 -1.808763e-07 0.9960269 -9.379639e-05 0.08905255 0.9844859 -0.0005806784 0.1754627 0.9316085 -0.009852618 0.3633297 0.9377719 -1.17888e-05 0.3472517 0.9031151 4.515481e-05 0.4293985 0.8573818 -0.00256717 0.5146746 0.7069485 -0.01139024 0.7071733 0.741913 -0.0006825253 0.6704958 0.6683036 0.002357009 0.7438849 0.583441 -0.001731058 0.8121537 0.363361 -0.009363866 0.9316013 0.4072967 -0.001192934 0.9132951 0.3102344 0.002131101 0.9506577 0.2105342 0.0005355625 0.9775863 0.0857253 -0.003704679 0.9963119 0.1084674 -2.791467e-05 0.9941 -0.09475909 -0.004833676 0.9954885 -4.903879e-08 3.771058e-07 1 -1.551619e-07 5.730524e-07 1 -0.09927704 -4.071586e-05 0.9950598 -0.1848966 -0.002069561 0.9827558 -0.3828987 -0.009515238 0.9237413 -0.344416 -0.0004008474 0.938817 -0.4228811 0.002098912 0.9061827 -0.5006646 -0.00303982 0.865636 -0.7069565 -0.009379163 0.7071948 -0.6336936 -0.002589092 0.7735798 -0.6988244 0.002578501 0.7152886 -0.7578969 -0.001450228 0.6523727 -0.8540092 -0.002474356 0.520252 -0.9238234 -0.00968597 0.3826965 -0.8960452 0.001406885 0.4439606 -0.9302161 -1.877046e-05 0.3670123 -0.978353 -0.002050386 0.206933 -0.9954838 -0.004765048 0.09481152 -0.9976185 -0.0007596172 0.0689692 -0.9999201 -2.016496e-06 0.01263922 -1 9.647173e-12 -6.046765e-08 -1 -3.091155e-12 -6.047302e-08 -1 -7.434451e-12 -6.047486e-08 -0.2333206 0.5247003 -0.8186887 -0.1142022 0.4280778 -0.8964972 -0.1204754 0.4210402 -0.8990055 -0.2349943 0.4805326 -0.844906 -0.1056682 0.3808039 -0.9185982 -0.2066292 0.5354495 -0.8189006 -0.1197659 0.3665471 -0.9226588 -0.2498792 0.5880708 -0.7692419 -0.2926237 0.5992285 -0.7451823 -0.2404443 0.4317717 -0.8693444 -0.1078049 0.3177719 -0.9420187 -0.07298286 0.3227965 -0.9436503 -0.1396601 0.3563983 -0.9238373 -0.230504 0.4667797 -0.8538059 -0.4671563 0.6087139 -0.641274 -0.276626 0.5222156 -0.8067025 -0.4631984 0.5924772 -0.6591039 -0.5186312 0.6607733 -0.5425867 -0.4636943 0.7133961 -0.525408 -0.551758 0.6763401 -0.4879828 -0.453902 0.6353379 -0.6247549 -0.6191777 0.7132878 -0.3283893 -0.6181108 0.6986261 -0.3603618 -0.6715609 0.7232793 -0.160851 -0.6847704 0.7250848 -0.07308585 -0.449931 0.6761501 -0.5834237 -0.3670864 0.6007607 -0.7101648 -0.4485069 0.7027644 -0.5522353 -0.5109763 0.7071466 -0.4887197 -0.6095011 0.7319588 -0.3045402 -0.5507425 0.7269721 -0.410115 -0.6287768 0.7126166 -0.3111547 -0.6664624 0.7315944 -0.1435183 -0.6570524 0.7053408 -0.2660383 -0.6750359 0.7235847 -0.1440548 -0.6984248 0.7148797 -0.03390998 -0.6900275 0.7192929 -0.08049787 -0.6969526 0.7163605 0.03293492 -0.674814 0.7212423 -0.1563188 -0.694171 0.7146615 -0.08593906 -0.6942259 0.7166193 0.06713605 -0.7277789 0.664558 0.1694123 -0.6790374 0.7249787 0.1153869 -0.6720622 0.7173479 0.1836964 -0.6908345 0.7183736 0.0817744 -0.6100177 0.7320231 0.3033489 -0.6093438 0.743458 0.2756273 -0.6670466 0.7311376 0.1431313 -0.544947 0.7223506 0.4257257 -0.5108647 0.7035888 0.4939434 -0.6188245 0.7141019 0.3272838 -0.6760782 0.7197932 0.1575309 -0.450343 0.6759988 0.5832811 -0.4456725 0.7011405 0.5565771 -0.3673147 0.603741 0.7075145 -0.303461 0.5985528 0.7413811 -0.2610796 0.5794827 0.7720345 -0.2231668 0.4849693 0.8455775 -0.1950864 0.4666796 0.8626421 -0.4522701 0.6360085 0.6252559 -0.2354049 0.4813401 0.8443318 -0.1215114 0.4165282 0.9009657 -0.09265618 0.3669189 0.925627 -0.1044012 0.3899264 0.9149086 -0.1177053 0.373889 0.9199742 -0.6188898 0.7027409 0.3508997 -0.6341055 0.7530609 0.1755267 -0.6447658 0.7427623 0.1805026 -0.6376762 0.6971386 0.3276688 -0.5595464 0.6756836 0.4799579 -0.4632681 0.6039462 0.6485613 -0.4753194 0.7149602 0.512741 -0.4884334 0.6449274 0.5877938 -0.318756 0.530606 0.7853992 -0.2629024 0.4756193 0.8394454 -0.2436518 0.43288 0.867899 -0.1796951 0.3755154 0.9092292 -0.1192575 0.3247212 0.938261 -0.09549931 0.3195768 0.9427357 -0.1268349 0.3148814 0.9406182 -0.9432472 -0.3320577 -0.004732213 -0.954253 -0.2990004 -2.507013e-06 -0.9656017 -0.2416654 -0.09597508 -0.9130637 -0.4077903 -0.004655258 -0.9030653 -0.4179139 -0.099101 -0.8714872 -0.4904175 -0.0009100682 -0.7752856 -0.6239229 -0.09824714 -0.7668997 -0.6417669 0 -0.8998944 -0.2251645 -0.373485 -0.466241 -0.8795561 -0.09487075 -0.4683534 -0.8835412 2.408437e-08 -0.7231806 -0.5800263 -0.3749392 -0.1201495 -0.9882107 -0.09488751 -0.1215552 -0.9925847 2.76115e-08 0.1208296 -0.9926733 2.744667e-08 -0.4352807 -0.8216261 -0.3680507 -0.6566624 -0.7299674 -0.1895839 -0.1118093 -0.9218363 -0.3711017 0.1200948 -0.9882103 -0.09496085 0.4669624 -0.8842772 0.0001513213 0.1118087 -0.9218434 -0.3710842 0.2413139 -0.9704471 -0.000342124 0.4665042 -0.8793855 -0.09515793 0.7664991 -0.6422453 0.0001483513 0.435584 -0.8215557 -0.3678488 1.998122e-08 -0.8347369 -0.550649 0 -0.8347165 -0.5506799 0.08807948 -0.7146786 -0.6938851 -0.0880788 -0.7147082 -0.6938547 -0.3391441 -0.6403552 -0.6891491 3.011788e-08 -0.5583676 -0.8295936 6.02253e-08 -0.5584369 -0.829547 0.05048681 -0.3969136 -0.9164664 -0.05048666 -0.3969136 -0.9164664 -0.5588506 -0.450305 -0.6963557 3.628364e-08 -0.1962213 -0.9805596 7.118887e-08 -0.1962202 -0.9805599 -0.01412061 -0.1061383 -0.9942511 -0.1922946 -0.3624154 -0.9119637 -0.3790213 -0.4226511 -0.8232307 -0.3110495 -0.2524669 -0.9162471 0.01412078 -0.1061395 -0.994251 -0.05325353 -0.1004619 -0.9935147 -0.083844 -0.06899173 -0.9940877 0 0 -1 0 0 -1 0 0 -1 -0.09350627 -0.04331077 -0.9946762 -0.3547435 -0.1646347 -0.9203545 -0.6457778 -0.2998913 -0.7021654 -0.1846467 -0.06798313 -0.9804509 -0.1022956 -0.02536222 -0.9944307 -0.3846788 -0.09564455 -0.9180819 -0.1028352 -0.007350014 -0.9946713 0.03128141 0.01394829 -0.9994133 -0.3918612 -0.02729431 -0.9196194 -0.6957821 -0.1736223 -0.6969523 -0.7136716 -0.04888167 -0.6987728 -0.839201 -0.3897768 -0.3792305 -0.784088 -0.2886185 -0.5494592 -0.9249976 -0.06286311 -0.3747369 -0.7107217 0 -0.7034733 -0.35384 0 -0.935306 -0.9378555 0 -0.3470261 -0.07140673 0 -0.9974473 0 0 -1 0 0 -1 0 0 -1 -0.03128143 0.0139483 -0.9994133 -0.9931061 -0.067602 -0.09576124 -0.9746182 -0.2233303 -0.01558534 -0.9878911 -0.1550063 -0.006648333 -0.9993105 -0.03712743 -6.603575e-05 -0.9975748 0 -0.06960269 -0.9999999 -0.0002781304 -0.0002408285 -1 0 0 -1 0 0 -1 0 0 -0.9994133 0.01394808 -0.0312809 -0.9994133 0.01394817 0.03128068 -0.9956636 0.007576501 0.09271812 -0.99522 0.001831798 -0.09764065 -0.975482 0.1084131 -0.1915242 -0.9797926 0.1767055 -0.09371084 -0.9784677 0.1839949 -0.09352403 -0.9405375 0.2534158 -0.226207 -0.9208931 0.1063925 -0.3750154 -0.9258388 0.007815976 -0.3778379 -0.8825711 -0.0001552332 -0.470179 -0.82783 0.0994939 -0.5520856 -0.7070242 0.01530225 -0.7070238 -0.8535244 0.3846173 -0.3515191 -0.8142377 0.5230946 -0.2517717 -0.8022618 0.5497821 -0.2326277 -0.738395 0.5858011 -0.3340806 -0.7668186 0.3873498 -0.5118099 -0.6441838 0.6358781 -0.425072 -0.5637007 0.7126242 -0.4176221 -0.6519854 0.3870783 -0.6519857 -0.5423675 0.6416133 -0.5423743 -0.5317889 0.7122981 -0.4580742 -0.5004128 0.7071072 -0.4995863 -0.4787421 0.7066956 -0.5209485 -0.4589137 0.7121061 -0.531322 -0.4178078 0.712504 -0.5637151 -0.4250715 0.6358786 -0.6441836 -0.3419839 0.5862021 -0.7344482 -0.5118101 0.3873497 -0.7668185 -0.7036599 0.09862235 -0.7036593 -0.3562204 0.3885127 -0.8498029 -0.2568242 0.5518744 -0.7933952 -0.5520861 0.09949292 -0.8278297 -0.2219852 0.2572899 -0.9404916 -0.3826327 0.01528293 -0.9237741 -0.3799234 0.1000506 -0.9195913 -0.470179 -0.0001551783 -0.8825711 -0.1857059 0.1000345 -0.9775001 -0.08610505 0.1850402 -0.9789515 -0.09082606 0.1799004 -0.9794828 -0.09374131 0.1755821 -0.9799916 -0.09271779 0.007576313 -0.9956636 0.09764044 0.001831699 -0.9952201 0.1915241 0.1084143 -0.9754819 0.09371222 0.1767081 -0.9797919 0.09352675 0.1839979 -0.9784669 0.2262077 0.2534177 -0.9405368 0.3749851 0.106392 -0.9209055 0.3778378 0.007815874 -0.9258388 0.4701221 -0.0001551234 -0.8826014 0.552086 0.09949299 -0.8278298 0.7070241 0.01530224 -0.7070239 0.3515196 0.3846171 -0.8535242 0.2517717 0.523095 -0.8142374 0.2326278 0.5497821 -0.8022617 0.3340808 0.5858014 -0.7383947 0.5118101 0.3873497 -0.7668185 0.4250715 0.6358789 -0.6441833 0.41776 0.7125349 -0.5637114 0.6519859 0.387078 -0.6519855 0.5423697 0.6416157 -0.5423693 0.4586309 0.7121736 -0.5314758 0.5000012 0.7071057 -0.5000003 0.531476 0.7121734 -0.4586309 0.563711 0.712535 -0.4177604 0.644183 0.6358788 -0.4250722 0.7344477 0.5862036 -0.3419824 0.7668187 0.3873486 -0.5118107 0.7036595 0.09862157 -0.7036598 0.8498023 0.3885134 -0.3562209 0.7933952 0.5518762 -0.2568205 0.82783 0.09949221 -0.5520858 0.9404911 0.2572905 -0.2219867 0.9237741 0.01528298 -0.3826329 0.9195719 0.1000506 -0.3799701 0.8825245 -0.0001554395 -0.4702663 0.9775 0.1000345 -0.1857065 0.9789514 0.1850403 -0.08610557 0.9794828 0.1799002 -0.09082587 0.9799916 0.175582 -0.09374124 0.9956636 0.007576373 -0.09271808 0.9994133 0.01394829 -0.03128141 0.99522 0.001831818 0.0976407 0.9994133 0.01394816 0.03128062 0.9999999 -0.0002781314 -0.0002408692 1 0 0 1 0 0 1 0 0 0.9974794 0 -0.07095627 0.975482 0.1084131 0.1915242 0.9797914 0.1767118 0.09371067 0.9784677 0.1839949 0.09352403 0.9405374 0.2534158 0.2262075 0.9208932 0.1063918 0.3750154 0.9258389 0.007816004 0.3778376 0.8825711 -0.0001551234 0.470179 0.8278302 0.09949383 0.5520853 0.707024 0.01530227 0.7070239 0.8535245 0.384617 0.3515192 0.8142364 0.5230962 0.2517726 0.8022633 0.5497829 0.2326205 0.7383963 0.5858019 0.3340765 0.7668188 0.3873495 0.5118097 0.6441841 0.6358781 0.4250717 0.5637005 0.7126243 0.4176222 0.6519857 0.3870781 0.6519856 0.5423668 0.6416137 0.5423745 0.5317887 0.7122976 0.4580752 0.5004509 0.7071067 0.4995488 0.4787889 0.7066966 0.5209041 0.4589129 0.712106 0.5313228 0.4178065 0.7125038 0.5637163 0.4250715 0.6358779 0.6441844 0.341986 0.5862009 0.7344481 0.5118101 0.3873488 0.766819 0.7036599 0.0986217 0.7036594 0.3562201 0.3885116 0.8498035 0.2568282 0.5518732 0.7933948 0.5520857 0.0994929 0.82783 0.2219849 0.2572865 0.9404926 0.3826322 0.0152832 0.9237743 0.3799237 0.10005 0.9195912 0.4701791 -0.0001548622 0.882571 0.185705 0.1000322 0.9775005 0.08610262 0.1850351 0.9789527 0.09082351 0.1798953 0.9794839 0.09373841 0.1755898 0.9799905 0.09271763 0.007576529 0.9956636 0.03127993 0.01394807 0.9994133 -0.09764033 0.001831867 0.9952201 -0.03128112 0.01394838 0.9994133 -0.1025506 -0.006815076 0.9947044 -0.1915229 0.108414 0.9754821 0 0 1 -0.09371212 0.1767145 0.9797908 -0.09352808 0.1839981 0.9784668 0 0 1 -0.2262077 0.253417 0.940537 0 0 1 0 0 1 -0.07140574 0 0.9974474 -0.3528165 0 0.9356925 -0.3750442 0.106391 0.9208815 -0.3778378 0.007816313 0.9258388 -0.4702361 -0.0001550684 0.8825406 -0.5520862 0.09949317 0.8278297 -0.7070244 0.01530241 0.7070235 -0.3515187 0.3846151 0.8535255 -0.2517717 0.5230955 0.8142371 -0.2326199 0.5497817 0.8022643 -0.3340765 0.5858011 0.7383969 -0.5118104 0.3873483 0.766819 -0.4250724 0.6358775 0.6441842 -0.4178068 0.7125044 0.5637153 -0.6519865 0.387078 0.6519849 -0.5423693 0.6416131 0.5423727 -0.4587664 0.7121448 0.5313974 -0.5002053 0.7071057 0.4997961 -0.531714 0.7122581 0.4582233 -0.5637006 0.7126242 0.4176224 -0.6441839 0.635878 0.4250721 -0.7344463 0.5862031 0.3419862 -0.7668187 0.3873495 0.5118099 -0.7036604 0.09862253 0.7036587 -0.8498023 0.3885138 0.3562206 -0.793392 0.5518765 0.2568296 -0.8278298 0.09949385 0.5520859 -0.9404913 0.2572889 0.2219876 -0.9237742 0.01528314 0.3826326 -0.9196157 0.1000499 0.3798644 -0.8826318 -0.0001546011 0.470065 -0.9775001 0.1000332 0.1857066 -0.9789519 0.1850377 0.08610551 -0.9794834 0.1798974 0.09082449 -0.9799911 0.1755857 0.09373976 -0.9999999 -0.0002714671 0.0002473698 -1 0 0 -1 0 0 -1 0 0 -0.9975748 0 0.06960283 -0.9938274 -0.05540818 -0.09610903 -0.9994353 -5.729934e-05 -0.03360133 -0.9934052 -0.06306082 0.0957571 -0.9374762 0 0.3480493 -0.9991712 -0.04070451 8.770501e-06 -0.9251012 -0.05888186 0.3751276 -0.8334197 4.369203e-05 0.5526406 -0.966497 -0.2367652 0.09912544 -0.9826905 -0.185255 0 -0.9451361 -0.3265604 0.008724087 -0.9166086 -0.3997099 0.007787175 -0.9727815 -0.1273211 0.1936118 -0.8987741 -0.2211283 0.3785597 -0.8939539 -0.436401 0.1019829 -0.8747493 -0.4845248 0.007029031 -0.8274577 -0.1065579 0.5513249 -0.8502734 -0.5261439 0.01441333 -0.8226126 -0.5685927 -0.003300241 -0.7876309 -0.6086011 0.09613701 -0.6381257 -0.7698641 -0.01023616 -0.8315118 -0.406732 0.3783612 -0.6929567 -0.170402 0.7005527 -0.6227075 -0.7766134 0.09543084 -0.3501895 -0.9366789 -0.0001062822 -0.5102279 -0.8600392 0.0002465131 -0.347464 -0.9328397 0.09528293 -0.08922806 -0.9960112 -0.0001054595 -0.5805669 -0.724208 0.3721087 -0.7341433 -0.5637816 0.3783965 -0.08787009 -0.9915528 0.09540422 0.08930445 -0.9960044 0 -0.3242049 -0.8702698 0.3708391 -0.6081542 -0.5735556 0.5488009 -0.4492456 -0.5615066 0.694902 0.08840649 -0.9913395 0.09711003 0.3501151 -0.9367067 0 6.820998e-05 -0.9807878 0.1950775 0.3484657 -0.9322939 0.09695185 -0.08174721 -0.9240714 0.3733758 0.6381257 -0.7698641 -0.01023624 0.0821412 -0.9222816 0.3776896 -0.2517629 -0.6757549 0.6927992 -0.06392253 -0.7142374 0.6969784 8.940712e-05 -0.8314888 0.5555415 0.06400853 -0.7109807 0.7002923 0.3245537 -0.8683198 0.3750808 0.6229921 -0.7761767 0.0971116 0.25133 -0.6724139 0.6961988 0.7875307 -0.6087137 0.09624475 0.8226126 -0.5685927 -0.003300428 0.5799548 -0.722431 0.3764915 0.8502733 -0.526144 0.01441307 0.8747491 -0.4845252 0.007028847 0.8938982 -0.4365406 0.1018745 0.9166084 -0.3997103 0.007787136 0.7339959 -0.5639962 0.3783625 0.4476824 -0.5585191 0.69831 0.9667342 -0.2363875 0.09770348 0.9451361 -0.3265604 0.008724086 0.9827221 -0.185087 0.0001394828 0.9008516 -0.221448 0.3733994 0.9934078 -0.06309683 0.0957064 0.9991703 -0.04072679 6.945762e-05 0.8313841 -0.406959 0.3783978 0.9999999 -0.0002714397 0.000247316 0.7841209 -0.2897575 0.5488124 0.6966628 -0.1709495 0.6967332 0.9251601 -0.05866276 0.3750167 0.9378552 0 0.3470268 0.9975748 0 0.06960283 0.7107219 0 0.7034731 1 0 0 1 0 0 1 0 0 0.7135179 -0.04556935 0.6991535 0.3914086 -0.02539063 0.9198666 0.3538392 0 0.9353063 0.3853679 -0.0943666 0.9179251 0.1025506 -0.006815076 0.9947044 0.07140575 0 0.9974474 0.1026446 -0.02511881 0.9944009 0.6405764 -0.3135203 0.7009757 0.3531319 -0.1727492 0.9194866 0.1847175 -0.0682742 0.9804173 0.5655383 -0.4345548 0.7009483 0.3117818 -0.2395706 0.9194553 0.248172 -0.3105448 0.9175906 0.09366192 -0.0457444 0.9945526 0.08262162 -0.06348574 0.9945568 0.0664463 -0.08350822 0.9942893 0.009849214 -0.1035225 0.9945783 0.03817766 -0.1021415 0.994037 0.1405039 -0.3759074 0.9159434 0.03605558 -0.3916394 0.9194121 -0.009852053 -0.1041003 0.994518 0 0 1 0 0 1 -0.0360474 -0.3938548 0.9184656 4.489414e-05 -0.5554616 0.8315422 -0.03830984 -0.1027869 0.9939654 -0.1409098 -0.3781528 0.9149562 -0.06681484 -0.08407579 0.9942168 -0.2492236 -0.3125135 0.9166367 -0.08261588 -0.06356062 0.9945525 -0.1432707 -0.1350999 0.9804191 -0.5656175 -0.4344076 0.7009757 -0.3117329 -0.239515 0.9194863 -0.09359955 -0.04578395 0.9945567 -0.1022471 -0.02483083 0.9944491 -0.3532039 -0.1727687 0.9194553 -0.3916545 -0.02561039 0.9197559 -0.7088688 4.700729e-05 0.7053403 -0.382845 -0.09402037 0.9190157 -0.6406743 -0.3133841 0.7009471 -0.5548065 -0.07135912 0.8289135 -0.7137161 -0.04602861 0.6989211 0.965437 -0.2416267 -0.09771316 0.954097 -0.2994979 -2.754355e-06 0.9430526 -0.3326086 -0.004824938 0.9129728 -0.4079931 -0.004733866 0.9031291 -0.4177441 -0.09923547 0.8714869 -0.4904179 -0.0009100793 0.7751101 -0.6241084 -0.09845302 0.6563073 -0.7304045 -0.1891297 0.7231804 -0.5800265 -0.3749391 0.8393487 -0.3895018 -0.379186 0.8981191 -0.2248988 -0.3778924 0.6458921 -0.2997277 -0.7021301 0.6925306 -0.1731329 -0.7003045 0.9232478 -0.0627456 -0.3790468 0.710376 -0.04866209 -0.7021382 0.3896625 -0.02714323 -0.9205576 0.7071072 0 -0.7071063 0.9361402 0 -0.351627 0.3516262 0 -0.9361405 0.9929379 -0.0675901 -0.09749803 0.9867366 -0.1622629 -0.004647859 0.9968554 -0.07922122 -0.001812222 0.9999255 -0.01220257 -1.961697e-05 0.1022244 -0.007306509 -0.9947345 0.07095543 0 -0.9974795 0.3825082 -0.0953102 -0.9190231 0.1016883 -0.02521149 -0.9944968 0.3548316 -0.1646605 -0.9203159 0.5588508 -0.4503051 -0.6963556 0.09343179 -0.0433573 -0.9946812 0.310978 -0.2523926 -0.9162918 0.3391439 -0.6403551 -0.6891493 0.3789213 -0.4225406 -0.8233335 0.192294 -0.3624154 -0.9119638 0.08384498 -0.06899254 -0.9940875 0.05325415 -0.100463 -0.9935146 0.9999279 -5.16454e-06 -0.01200804 0.9938428 -0.05528701 -0.09601959 0.995286 -0.0004883036 -0.09698224 0.9587442 -0.001967803 -0.2842635 0.9936562 -0.05576816 0.09765926 0.9992186 -0.003290203 0.03938759 0.706461 -0.465557 -0.5330755 0.9741247 -0.03141962 0.2238165 0.9254432 -0.05106409 -0.3754296 0.9236725 -0.05175563 0.3796715 0.8062649 0.0005802229 0.5915544 0.970464 -0.2214809 -0.09563428 0.8349017 0.0005890956 -0.5503988 0.9401483 0.0006643544 -0.3407648 0.7776223 -0.001670494 -0.6287295 0.7132835 -0.04010648 -0.6997272 0.5582104 0.0004941709 -0.8296993 0.5384568 7.2064e-05 -0.8426531 0.3907385 -0.02173287 -0.9202451 0.9043462 -0.2064111 -0.3735671 0.1966561 0.0004644883 -0.9804724 0.4861972 0.0006981465 -0.8738488 0.1471234 -0.0009266305 -0.9891177 0.1020833 -0.005944904 -0.9947581 0 0 -1 0 0 -1 1.835101e-08 2.583401e-09 -1 0.6992492 -0.159599 -0.6968348 0.3867243 -0.08826716 -0.9179615 0.1029215 -0.02349117 -0.9944121 0.09511383 -0.0458044 -0.994412 0.3573862 -0.1721082 -0.9179618 0.6462045 -0.3111954 -0.6968337 1.622928e-08 1.607931e-09 -1 0.8357423 -0.402472 -0.3735654 0.5607544 -0.4471869 -0.6968346 0.8968568 -0.4318533 -0.09565861 0.7252294 -0.5783512 -0.3735669 0.7783123 -0.6205514 -0.09563464 0.3101284 -0.2473191 -0.9179617 0.5783506 -0.7252291 -0.3735682 0.08253686 -0.06582081 -0.994412 0.447187 -0.5607548 -0.6968341 0.2473196 -0.3101286 -0.9179615 0.06582019 -0.08253588 -0.9944122 0.3111958 -0.6462047 -0.6968333 0.1721084 -0.3573867 -0.9179616 0.04580385 -0.09511269 -0.9944122 0.4024719 -0.8357416 -0.3735671 0.1595995 -0.699251 -0.6968328 0.08826725 -0.3867243 -0.9179614 0.02349093 -0.1029203 -0.9944122 0.2064111 -0.9043459 -0.3735678 -1.279522e-07 -0.7172325 -0.696834 3.950227e-08 -0.39667 -0.9179613 1.543234e-07 -0.1055678 -0.9944121 1.487603e-08 -0.9276028 -0.373568 -0.1595993 -0.6992509 -0.696833 -0.08826732 -0.3867248 -0.9179612 -0.02349103 -0.1029209 -0.9944121 -0.2064111 -0.9043458 -0.373568 -0.3111957 -0.6462045 -0.6968335 -0.1721085 -0.357387 -0.9179614 -0.04580414 -0.09511324 -0.9944121 -0.4024717 -0.8357417 -0.3735671 -0.4471868 -0.5607545 -0.6968346 -0.2473193 -0.3101286 -0.9179616 -0.0658206 -0.08253645 -0.9944121 -0.578351 -0.7252293 -0.3735674 -0.5607548 -0.447187 -0.6968341 -0.3101283 -0.2473192 -0.9179617 -0.08253634 -0.06582056 -0.9944121 -0.7252294 -0.5783512 -0.3735669 -0.6462046 -0.3111957 -0.6968334 -0.3573863 -0.1721081 -0.9179618 -0.09511335 -0.04580415 -0.9944121 -0.8357418 -0.4024721 -0.3735663 -0.1029211 -0.02349109 -0.9944121 -0.3867238 -0.08826721 -0.9179616 -0.6992497 -0.159599 -0.6968343 -0.1020828 -0.005944847 -0.9947581 0 0 -1 0 0 -1 -0.1471339 -0.0009314873 -0.9891161 -0.3908273 -0.02198602 -0.9202014 -0.4877161 0.0008037142 -0.8730019 -0.5402472 0.0001826344 -0.8415064 -0.7131236 -0.03982562 -0.6999062 -0.7791067 -0.001664931 -0.6268891 -0.925384 -0.05175529 -0.3754808 -0.8982493 -0.0002462861 -0.4394862 -0.912101 8.621939e-05 -0.4099655 -0.9744404 -0.000284888 -0.2246458 -0.9043461 -0.2064111 -0.3735674 -0.9703663 -0.2218164 -0.09584708 -0.8967498 -0.4319796 -0.09609104 -0.9730758 -0.2087531 0.09770206 -0.7781946 -0.6206178 -0.09616008 -0.9492038 -0.3146603 0.001004753 -0.9440851 -0.3297016 -0.000389016 -0.9035736 -0.4171253 0.09778191 -0.8545063 -0.5194409 0.0002604346 -0.8468238 -0.5318726 -0.001011583 -0.7874141 -0.608668 0.0974794 -0.6203679 -0.7784523 -0.09568494 -0.6309033 -0.7696605 0.09789648 -0.4317405 -0.8968873 -0.09588161 -0.5427262 -0.8399091 0.001035916 -0.5325542 -0.8463959 -1.628611e-05 -0.4426729 -0.891336 0.09777977 -0.2214718 -0.9704288 -0.09601119 -0.3407027 -0.940171 0.0004586961 -0.3305413 -0.9437914 -0.0005156493 -0.2320671 -0.9677963 0.09754557 2.160781e-05 -0.9953853 -0.09595879 -0.009363722 -0.9951674 0.09774562 -0.111965 -0.9937118 -0.0008576317 0.2216514 -0.9704157 -0.09572916 0.213627 -0.9720184 0.09769183 0.4319396 -0.8967993 -0.09580772 0.3234351 -0.9462502 0.0004753779 0.3300255 -0.943972 -0.0001647681 0.4257109 -0.8995872 0.09753475 0.6206384 -0.7782225 -0.09580028 0.5271321 -0.8497833 0.0001364403 0.531969 -0.8467637 -0.0003809063 0.6162288 -0.7815219 0.0973944 0.7756025 -0.623641 0.09753274 0.8449483 -0.5348479 0.0003192491 0.8466379 -0.5321694 2.95013e-05 0.8955144 -0.4342308 0.09745545 0.9432382 -0.3321168 0.0001325162 0.9438671 -0.3303255 -4.630287e-05 0.9699921 -0.2227856 0.09737537 0.9023859 -0.2072424 0.377823 0.8331022 -0.4039682 0.3778233 0.7215428 -0.5801945 0.3778231 0.6424317 -0.3115129 0.7001723 0.5733686 -0.7269791 0.3778224 0.5564044 -0.4474063 0.7001726 0.4421424 -0.5605963 0.7001728 0.3960986 -0.8368728 0.3778225 0.3054439 -0.6453385 0.700173 0.1987284 -0.9042996 0.3778218 0.1532456 -0.6973335 0.7001726 -0.008725989 -0.9258363 0.3778241 -0.006729004 -0.713942 0.7001726 -0.2157378 -0.9003928 0.3778227 -0.1663622 -0.6943216 0.7001722 -0.411802 -0.8292583 0.3778225 -0.3175539 -0.6394676 0.7001719 -0.5869687 -0.7160424 0.377824 -0.4526303 -0.5521629 0.7001729 -0.7323503 -0.5664914 0.3778235 -0.5647383 -0.4368393 0.7001729 -0.8405688 -0.3881937 0.3778225 -0.6481889 -0.2993484 0.7001726 -0.905155 -0.1944116 0.3780193 -0.6977733 -0.1499168 0.7004551 -0.3581677 -0.16541 0.9188881 -0.3852309 -0.08282003 0.9190963 -0.7097665 -0.03678914 0.7034757 -0.3120558 -0.2413832 0.9188881 -0.9237908 -0.04743582 0.3799478 -0.2501092 -0.3051075 0.9188878 -0.8062636 0.0005801988 0.5915561 -0.8538193 -0.01163773 0.5204394 -0.50635 0 0.8623281 -0.9939027 -0.0511437 0.09768174 -0.969359 -0.002682666 0.2456339 -0.9992778 -1.920206e-05 0.03799962 -0.3880227 -0.0203648 0.9214248 -0.1629882 0 0.986628 -0.1012073 -0.005417419 0.9948506 0 0 1 -5.068978e-07 2.576987e-07 1 -5.269938e-07 1.692457e-07 1 -0.1023504 -0.0220252 0.9945045 -5.881081e-08 -6.335271e-08 1 -0.09530985 -0.04401623 0.994474 -0.08303927 -0.06423279 0.994474 -0.06655551 -0.08119065 0.994474 0 0 1 -0.1754693 -0.3533479 0.9188884 -0.04669343 -0.09402786 0.994474 -0.09192635 -0.3836593 0.918888 -0.02446202 -0.1020934 0.994474 -0.00371822 -0.3945009 0.918888 -0.0009894152 -0.1049784 0.994474 0.0846785 -0.3853231 0.9188883 0.02253338 -0.1025365 0.994474 0.1687782 -0.3565926 0.9188883 0.04491277 -0.09489121 0.994474 0.2443132 -0.3097668 0.9188882 0.06501298 -0.08243054 0.994474 0.3074507 -0.247222 0.9188881 0.08181415 -0.06578703 0.994474 0.3549866 -0.1721317 0.918888 0.09446345 -0.04580496 0.994474 0.1023195 -0.02349878 0.994474 0 0 1 0.3845081 -0.08830625 0.9188882 0.6958582 -0.1598111 0.7001727 0.7099526 -0.04016738 0.703103 0.5063492 0 0.8623285 0.3884936 -0.02228279 0.921182 0.1629888 0 0.9866279 0.1014975 -0.005947692 0.994818 0 0 1 0 0 1</float_array>
          <technique_common>
            <accessor count="1194" source="#normals-array-array" stride="3">
              <param type="float" name="X"/>
              <param type="float" name="Y"/>
              <param type="float" name="Z"/>
            </accessor>
          </technique_common>
        </source>
        <source id="texcoords-array">
          <float_array count="2388" id="texcoords-array-array">0 1 0 1 0 1 0 1 0 1 0 1 0 1 0 1 0 1 0 1 0 1 0 1 0 1 0 1 0 1 0 1 0 1 0 1 0 1 0 1 0 1 0 1 0 1 0 1 0 1 0 1 0 1 0 1 0 1 0 1 0 1 0 1 0 1 0 1 0 1 0 1 0 1 0 1 0 1 0 1 0 1 0 1 0 1 0 1 0 1 0 1 0 1 0 1 0 1 0 1 0 1 0 1 0 1 0 1 0 1 0 1 0 1 0 1 0 1 0 1 0 1 0 1 0 1 0 1 0 1 0 1 0 1 0 1 0 1 0 1 0 1 0 1 0 1 0 1 0 1 0 1 0 1 0 1 0 1 0 1 0 1 0 1 0 1 0 1 0 1 0 1 0 1 0 1 0 1 0 1 0 1 0 1 0 1 0 1 0 1 0 1 0 1 0 1 0 1 0 1 0 1 0 1 0 1 0 1 0 1 0 1 0 1 0 1 0 1 0 1 0 1 0 1 0 1 0 1 0 1 0 1 0 1 0 1 0 1 0 1 0 1 0 1 0 1 0 1 0 1 0 1 0 1 0 1 0 1 0 1 0 1 0 1 0 1 0 1 0 1 0 1 0 1 0 1 0 1 0 1 0 1 0 1 0 1 0 1 0 1 0 1 0 1 0 1 0 1 0 1 0 1 0 1 0 1 0 1 0 1 0 1 0 1 0 1 0 1 0 1 0 1 0 1 0 1 0 1 0 1 0 1 0 1 0 1 0 1 0 1 0 1 0 1 0 1 0 1 0 1 0 1 0 1 0 1 0 1 0 1 0 1 0 1 0 1 0 1 0 1 0 1 0 1 0 1 0 1 0 1 0 1 0 1 0 1 0 1 0 1 0 1 0 1 0 1 0 1 0 1 0 1 0 1 0 1 0 1 0 1 0 1 0 1 0 1 0 1 0 1 0 1 0 1 0 1 0 1 0 1 0 1 0 1 0 1 0 1 0 1 0 1 0 1 0 1 0 1 0 1 0 1 0 1 0 1 0 1 0 1 0 1 0 1 0 1 0 1 0 1 0 1 0 1 0 1 0 1 0 1 0 1 0 1 0 1 0 1 0 1 0 1 0 1 0 1 0 1 0 1 0 1 0 1 0 1 0 1 0 1 0 1 0 1 0 1 0 1 0 1 0 1 0 1 0 1 0 1 0 1 0 1 0 1 0 1 0 1 0 1 0 1 0 1 0 1 0 1 0 1 0 1 0 1 0 1 0 1 0 1 0 1 0 1 0 1 0 1 0 1 0 1 0 1 0 1 0 1 0 1 0 1 0 1 0 1 0 1 0 1 0 1 0 1 0 1 0 1 0 1 0 1 0 1 0 1 0 1 0 1 0 1 0 1 0 1 0 1 0 1 0 1 0 1 0 1 0 1 0 1 0 1 0 1 0 1 0 1 0 1 0 1 0 1 0 1 0 1 0 1 0 1 0 1 0 1 0 1 0 1 0 1 0 1 0 1 0 1 0 1 0 1 0 1 0 1 0 1 0 1 0 1 0 1 0 1 0 1 0 1 0 1 0 1 0 1 0 1 0 1 0 1 0 1 0 1 0 1 0 1 0 1 0 1 0 1 0 1 0 1 0 1 0 1 0 1 0 1 0 1 0 1 0 1 0 1 0 1 0 1 0 1 0 1 0 1 0 1 0 1 0 1 0 1 0 1 0 1 0 1 0 1 0 1 0 1 0 1 0 1 0 1 0 1 0 1 0 1 0 1 0 1 0 1 0 1 0 1 0 1 0 1 0 1 0 1 0 1 0 1 0 1 0 1 0 1 0 1 0 1 0 1 0 1 0 1 0 1 0 1 0 1 0 1 0 1 0 1 0 1 0 1 0 1 0 1 0 1 0 1 0 1 0 1 0 1 0 1 0 1 0 1 0 1 0 1 0 1 0 1 0 1 0 1 0 1 0 1 0 1 0 1 0 1 0 1 0 1 0 1 0 1 0 1 0 1 0 1 0 1 0 1 0 1 0 1 0 1 0 1 0 1 0 1 0 1 0 1 0 1 0 1 0 1 0 1 0 1 0 1 0 1 0 1 0 1 0 1 0 1 0 1 0 1 0 1 0 1 0 1 0 1 0 1 0 1 0 1 0 1 0 1 0 1 0 1 0 1 0 1 0 1 0 1 0 1 0 1 0 1 0 1 0 1 0 1 0 1 0 1 0 1 0 1 0 1 0 1 0 1 0 1 0 1 0 1 0 1 0 1 0 1 0 1 0 1 0 1 0 1 0 1 0 1 0 1 0 1 0 1 0 1 0 1 0 1 0 1 0 1 0 1 0 1 0 1 0 1 0 1 0 1 0 1 0 1 0 1 0 1 0 1 0 1 0 1 0 1 0 1 0 1 0 1 0 1 0 1 0 1 0 1 0 1 0 1 0 1 0 1 0 1 0 1 0 1 0 1 0 1 0 1 0 1 0 1 0 1 0 1 0 1 0 1 0 1 0 1 0 1 0 1 0 1 0 1 0 1 0 1 0 1 0 1 0 1 0 1 0 1 0 1 0 1 0 1 0 1 0 1 0 1 0 1 0 1 0 1 0 1 0 1 0 1 0 1 0 1 0 1 0 1 0 1 0 1 0 1 0 1 0 1 0 1 0 1 0 1 0 1 0 1 0 1 0 1 0 1 0 1 0 1 0 1 0 1 0 1 0 1 0 1 0 1 0 1 0 1 0 1 0 1 0 1 0 1 0 1 0 1 0 1 0 1 0 1 0 1 0 1 0 1 0 1 0 1 0 1 0 1 0 1 0 1 0 1 0 1 0 1 0 1 0 1 0 1 0 1 0 1 0 1 0 1 0 1 0 1 0 1 0 1 0 1 0 1 0 1 0 1 0 1 0 1 0 1 0 1 0 1 0 1 0 1 0 1 0 1 0 1 0 1 0 1 0 1 0 1 0 1 0 1 0 1 0 1 0 1 0 1 0 1 0 1 0 1 0 1 0 1 0 1 0 1 0 1 0 1 0 1 0 1 0 1 0 1 0 1 0 1 0 1 0 1 0 1 0 1 0 1 0 1 0 1 0 1 0 1 0 1 0 1 0 1 0 1 0 1 0 1 0 1 0 1 0 1 0 1 0 1 0 1 0 1 0 1 0 1 0 1 0 1 0 1 0 1 0 1 0 1 0 1 0 1 0 1 0 1 0 1 0 1 0 1 0 1 0 1 0 1 0 1 0 1 0 1 0 1 0 1 0 1 0 1 0 1 0 1 0 1 0 1 0 1 0 1 0 1 0 1 0 1 0 1 0 1 0 1 0 1 0 1 0 1 0 1 0 1 0 1 0 1 0 1 0 1 0 1 0 1 0 1 0 1 0 1 0 1 0 1 0 1 0 1 0 1 0 1 0 1 0 1 0 1 0 1 0 1 0 1 0 1 0 1 0 1 0 1 0 1 0 1 0 1 0 1 0 1 0 1 0 1 0 1 0 1 0 1 0 1 0 1 0 1 0 1 0 1 0 1 0 1 0 1 0 1 0 1 0 1 0 1 0 1 0 1 0 1 0 1 0 1 0 1 0 1 0 1 0 1 0 1 0 1 0 1 0 1 0 1 0 1 0 1 0 1 0 1 0 1 0 1 0 1 0 1 0 1 0 1 0 1 0 1 0 1 0 1 0 1 0 1 0 1 0 1 0 1 0 1 0 1 0 1 0 1 0 1 0 1 0 1 0 1 0 1 0 1 0 1 0 1 0 1 0 1 0 1 0 1 0 1 0 1 0 1 0 1 0 1 0 1 0 1 0 1 0 1 0 1 0 1 0 1 0 1 0 1 0 1 0 1 0 1 0 1 0 1 0 1 0 1 0 1 0 1 0 1 0 1 0 1 0 1 0 1 0 1 0 1 0 1 0 1 0 1 0 1 0 1 0 1 0 1 0 1 0 1 0 1 0 1 0 1 0 1 0 1 0 1 0 1 0 1 0 1 0 1 0 1 0 1 0 1 0 1 0 1 0 1 0 1 0 1 0 1 0 1 0 1 0 1 0 1 0 1 0 1 0 1 0 1 0 1 0 1 0 1 0 1 0 1 0 1 0 1 0 1 0 1 0 1 0 1 0 1 0 1 0 1 0 1 0 1 0 1 0 1 0 1 0 1 0 1 0 1 0 1 0 1 0 1 0 1 0 1 0 1 0 1 0 1 0 1 0 1 0 1 0 1 0 1 0 1 0 1 0 1 0 1 0 1 0 1 0 1 0 1 0 1 0 1 0 1 0 1 0 1 0 1 0 1 0 1 0 1 0 1 0 1 0 1 0 1 0 1 0 1 0 1 0 1 0 1 0 1 0 1 0 1 0 1 0 1 0 1 0 1 0 1 0 1 0 1 0 1 0 1 0 1 0 1 0 1 0 1 0 1 0 1 0 1 0 1 0 1 0 1 0 1 0 1 0 1 0 1 0 1 0 1 0 1 0 1 0 1 0 1 0 1 0 1 0 1 0 1 0 1 0 1 0 1 0 1 0 1 0 1 0 1 0 1 0 1 0 1 0 1 0 1 0 1 0 1 0 1 0 1 0 1 0 1 0 1 0 1 0 1 0 1 0 1 0 1 0 1 0 1 0 1 0 1 0 1 0 1 0 1 0 1 0 1 0 1 0 1 0 1 0 1 0 1 0 1 0 1 0 1 0 1 0 1 0 1 0 1 0 1 0 1 0 1 0 1 0 1 0 1 0 1 0 1 0 1 0 1 0 1 0 1 0 1 0 1 0 1 0 1 0 1 0 1 0 1 0 1 0 1 0 1 0 1 0 1 0 1 0 1 0 1 0 1 0 1 0 1 0 1 0 1 0 1 0 1 0 1 0 1 0 1 0 1 0 1 0 1 0 1 0 1 0 1 0 1 0 1 0 1 0 1 0 1 0 1 0 1 0 1 0 1 0 1 0 1 0 1 0 1 0 1 0 1 0 1 0 1 0 1 0 1 0 1 0 1 0 1 0 1 0 1 0 1 0 1 0 1 0 1 0 1 0 1 0 1 0 1 0 1 0 1 0 1 0 1 0 1 0 1 0 1 0 1 0 1 0 1 0 1 0 1 0 1 0 1 0 1 0 1 0 1 0 1 0 1 0 1 0 1 0 1 0 1 0 1 0 1 0 1 0 1 0 1 0 1 0 1 0 1 0 1 0 1 0 1 0 1 0 1 0 1 0 1 0 1 0 1 0 1 0 1 0 1 0 1 0 1 0 1 0 1 0 1 0 1 0 1 0 1 0 1 0 1 0 1 0 1 0 1 0 1 0 1 0 1 0 1 0 1 0 1 0 1 0 1 0 1 0 1 0 1 0 1 0 1 0 1 0 1 0 1 0 1 0 1 0 1 0 1</float_array>
          <technique_common>
            <accessor count="1194" source="#texcoords-array-array" stride="2">
              <param type="float" name="S"/>
              <param type="float" name="T"/>
            </accessor>
          </technique_common>
        </source>
        <vertices id="verts-array-vertices">
          <input semantic="POSITION" source="#verts-array"/>
        </vertices>
        <triangles count="1561" material="material0">
          <input offset="0" semantic="VERTEX" source="#verts-array-vertices"/>
          <input offset="1" semantic="NORMAL" source="#normals-array"/>
          <input offset="2" semantic="TEXCOORD" source="#texcoords-array"/>
          <p>0 0 0 1 1 1 2 2 2 3 3 3 4 4 4 5 5 5 6 6 6 7 7 7 8 8 8 8 8 8 9 9 9 6 6 6 10 10 10 11 11 11 12 12 12 12 12 12 13 13 13 10 10 10 14 14 14 15 15 15 16 16 16 16 16 16 17 17 17 14 14 14 18 18 18 19 19 19 20 20 20 20 20 20 21 21 21 18 18 18 20 20 20 22 22 22 21 21 21 23 23 23 24 24 24 25 25 25 25 25 25 26 26 26 23 23 23 25 25 25 27 27 27 26 26 26 28 28 28 29 29 29 30 30 30 30 30 30 31 31 31 28 28 28 31 31 31 30 30 30 32 32 32 32 32 32 33 33 33 31 31 31 31 31 31 33 33 33 34 34 34 34 34 34 35 35 35 31 31 31 31 31 31 35 35 35 36 36 36 36 36 36 37 37 37 38 38 38 38 38 38 39 39 39 36 36 36 39 39 39 40 40 40 36 36 36 36 36 36 40 40 40 41 41 41 41 41 41 42 42 42 36 36 36 42 42 42 43 43 43 36 36 36 36 36 36 43 43 43 31 31 31 43 43 43 44 44 44 31 31 31 43 43 43 45 45 45 44 44 44 45 45 45 43 43 43 46 46 46 45 45 45 46 46 46 47 47 47 47 47 47 48 48 48 45 45 45 48 48 48 49 49 49 45 45 45 48 48 48 50 50 50 49 49 49 50 50 50 48 48 48 51 51 51 51 51 51 52 52 52 50 50 50 51 51 51 53 53 53 52 52 52 53 53 53 54 54 54 52 52 52 53 53 53 55 55 55 54 54 54 56 56 56 55 55 55 53 53 53 53 53 53 57 57 57 56 56 56 57 57 57 58 58 58 56 56 56 58 58 58 59 59 59 56 56 56 58 58 58 60 60 60 59 59 59 60 60 60 61 61 61 59 59 59 62 62 62 61 61 61 60 60 60 60 60 60 63 63 63 62 62 62 63 63 63 64 64 64 62 62 62 64 64 64 65 65 65 62 62 62 64 64 64 66 66 66 65 65 65 66 66 66 67 67 67 65 65 65 68 68 68 67 67 67 66 66 66 69 69 69 67 67 67 68 68 68 68 68 68 70 70 70 69 69 69 71 71 71 70 70 70 68 68 68 68 68 68 72 72 72 71 71 71 66 66 66 73 73 73 68 68 68 71 71 71 72 72 72 74 74 74 73 73 73 66 66 66 75 75 75 75 75 75 76 76 76 73 73 73 74 74 74 77 77 77 71 71 71 73 73 73 76 76 76 78 78 78 78 78 78 79 79 79 73 73 73 80 80 80 79 79 79 78 78 78 78 78 78 81 81 81 80 80 80 82 82 82 77 77 77 74 74 74 83 83 83 77 77 77 82 82 82 82 82 82 84 84 84 83 83 83 85 85 85 84 84 84 82 82 82 82 82 82 86 86 86 85 85 85 87 87 87 86 86 86 82 82 82 82 82 82 88 88 88 87 87 87 82 82 82 89 89 89 88 88 88 82 82 82 90 90 90 89 89 89 82 82 82 91 91 91 90 90 90 82 82 82 92 92 92 91 91 91 91 91 91 92 92 92 93 93 93 74 74 74 93 93 93 82 82 82 93 93 93 74 74 74 80 80 80 94 94 94 91 91 91 93 93 93 80 80 80 95 95 95 93 93 93 93 93 93 95 95 95 94 94 94 95 95 95 96 96 96 94 94 94 97 97 97 95 95 95 80 80 80 94 94 94 96 96 96 97 97 97 80 80 80 81 81 81 97 97 97 98 98 98 94 94 94 97 97 97 97 97 97 81 81 81 99 99 99 100 100 100 98 98 98 97 97 97 97 97 97 99 99 99 101 101 101 102 102 102 100 100 100 97 97 97 101 101 101 103 103 103 97 97 97 104 104 104 102 102 102 97 97 97 103 103 103 105 105 105 97 97 97 106 106 106 104 104 104 97 97 97 105 105 105 106 106 106 97 97 97 107 107 107 108 108 108 109 109 109 109 109 109 110 110 110 107 107 107 110 110 110 109 109 109 111 111 111 111 111 111 112 112 112 113 113 113 111 111 111 113 113 113 110 110 110 113 113 113 114 114 114 110 110 110 114 114 114 115 115 115 110 110 110 114 114 114 116 116 116 115 115 115 117 117 117 115 115 115 116 116 116 116 116 116 118 118 118 117 117 117 119 119 119 117 117 117 118 118 118 118 118 118 120 120 120 119 119 119 121 121 121 119 119 119 120 120 120 120 120 120 122 122 122 121 121 121 123 123 123 121 121 121 122 122 122 122 122 122 124 124 124 123 123 123 124 124 124 125 125 125 123 123 123 125 125 125 126 126 126 123 123 123 127 127 127 126 126 126 125 125 125 125 125 125 128 128 128 127 127 127 129 129 129 127 127 127 128 128 128 128 128 128 130 130 130 129 129 129 130 130 130 131 131 131 129 129 129 132 132 132 131 131 131 130 130 130 133 133 133 132 132 132 130 130 130 130 130 130 134 134 134 133 133 133 133 133 133 134 134 134 135 135 135 135 135 135 136 136 136 133 133 133 133 133 133 136 136 136 137 137 137 137 137 137 138 138 138 133 133 133 138 138 138 137 137 137 139 139 139 140 140 140 138 138 138 139 139 139 140 140 140 139 139 139 141 141 141 141 141 141 142 142 142 140 140 140 143 143 143 144 144 144 145 145 145 145 145 145 146 146 146 143 143 143 146 146 146 145 145 145 147 147 147 147 147 147 148 148 148 146 146 146 149 149 149 148 148 148 147 147 147 147 147 147 150 150 150 149 149 149 151 151 151 150 150 150 147 147 147 147 147 147 152 152 152 151 151 151 152 152 152 153 153 153 151 151 151 153 153 153 152 152 152 154 154 154 154 154 154 155 155 155 153 153 153 154 154 154 156 156 156 155 155 155 155 155 155 156 156 156 157 157 157 158 158 158 159 159 159 151 151 151 157 157 157 160 160 160 155 155 155 157 157 157 161 161 161 160 160 160 160 160 160 161 161 161 162 162 162 151 151 151 163 163 163 158 158 158 151 151 151 164 164 164 163 163 163 163 163 163 164 164 164 155 155 155 165 165 165 158 158 158 163 163 163 163 163 163 166 166 166 165 165 165 167 167 167 166 166 166 163 163 163 155 155 155 168 168 168 163 163 163 155 155 155 169 169 169 168 168 168 168 168 168 169 169 169 160 160 160 163 163 163 170 170 170 167 167 167 171 171 171 167 167 167 170 170 170 163 163 163 168 168 168 172 172 172 172 172 172 170 170 170 163 163 163 173 173 173 174 174 174 171 171 171 170 170 170 175 175 175 171 171 171 171 171 171 175 175 175 173 173 173 175 175 175 170 170 170 172 172 172 176 176 176 173 173 173 175 175 175 175 175 175 177 177 177 176 176 176 178 178 178 176 176 176 177 177 177 177 177 177 179 179 179 178 178 178 180 180 180 179 179 179 177 177 177 177 177 177 175 175 175 181 181 181 172 172 172 181 181 181 175 175 175 177 177 177 182 182 182 180 180 180 181 181 181 182 182 182 177 177 177 182 182 182 183 183 183 180 180 180 184 184 184 180 180 180 183 183 183 183 183 183 185 185 185 184 184 184 186 186 186 185 185 185 183 183 183 186 186 186 183 183 183 187 187 187 187 187 187 188 188 188 186 186 186 187 187 187 189 189 189 188 188 188 190 190 190 189 189 189 187 187 187 187 187 187 191 191 191 190 190 190 191 191 191 192 192 192 190 190 190 193 193 193 187 187 187 183 183 183 191 191 191 187 187 187 193 193 193 183 183 183 182 182 182 193 193 193 192 192 192 191 191 191 194 194 194 192 192 192 194 194 194 195 195 195 193 193 193 196 196 196 191 191 191 195 195 195 197 197 197 192 192 192 193 193 193 198 198 198 196 196 196 197 197 197 195 195 195 199 199 199 199 199 199 200 200 200 197 197 197 199 199 199 201 201 201 200 200 200 202 202 202 198 198 198 193 193 193 193 193 193 203 203 203 202 202 202 203 203 203 193 193 193 182 182 182 203 203 203 204 204 204 202 202 202 182 182 182 181 181 181 203 203 203 205 205 205 204 204 204 203 203 203 206 206 206 203 203 203 181 181 181 203 203 203 206 206 206 205 205 205 181 181 181 172 172 172 206 206 206 206 206 206 207 207 207 205 205 205 208 208 208 207 207 207 206 206 206 209 209 209 206 206 206 172 172 172 208 208 208 206 206 206 209 209 209 172 172 172 168 168 168 209 209 209 209 209 209 210 210 210 208 208 208 211 211 211 210 210 210 209 209 209 160 160 160 209 209 209 168 168 168 209 209 209 212 212 212 211 211 211 160 160 160 213 213 213 209 209 209 212 212 212 209 209 209 213 213 213 213 213 213 214 214 214 212 212 212 162 162 162 215 215 215 160 160 160 215 215 215 162 162 162 216 216 216 216 216 216 217 217 217 215 215 215 215 215 215 217 217 217 218 218 218 218 218 218 219 219 219 215 215 215 215 215 215 219 219 219 220 220 220 220 220 220 221 221 221 215 215 215 220 220 220 222 222 222 221 221 221 223 223 223 224 224 224 222 222 222 222 222 222 225 225 225 223 223 223 226 226 226 223 223 223 225 225 225 225 225 225 227 227 227 226 226 226 227 227 227 228 228 228 226 226 226 227 227 227 229 229 229 228 228 228 230 230 230 228 228 228 229 229 229 229 229 229 231 231 231 230 230 230 231 231 231 232 232 232 230 230 230 231 231 231 233 233 233 232 232 232 234 234 234 232 232 232 233 233 233 234 234 234 233 233 233 235 235 235 235 235 235 236 236 236 234 234 234 235 235 235 237 237 237 236 236 236 238 238 238 236 236 236 237 237 237 238 238 238 237 237 237 239 239 239 239 239 239 240 240 240 238 238 238 239 239 239 241 241 241 240 240 240 242 242 242 240 240 240 241 241 241 243 243 243 242 242 242 241 241 241 241 241 241 244 244 244 243 243 243 245 245 245 243 243 243 244 244 244 244 244 244 246 246 246 245 245 245 247 247 247 245 245 245 246 246 246 246 246 246 248 248 248 247 247 247 247 247 247 248 248 248 249 249 249 249 249 249 250 250 250 247 247 247 251 251 251 250 250 250 249 249 249 249 249 249 252 252 252 251 251 251 249 249 249 253 253 253 252 252 252 253 253 253 254 254 254 255 255 255 255 255 255 256 256 256 253 253 253 255 255 255 257 257 257 256 256 256 258 258 258 257 257 257 255 255 255 255 255 255 259 259 259 258 258 258 258 258 258 259 259 259 260 260 260 260 260 260 261 261 261 258 258 258 261 261 261 262 262 262 258 258 258 263 263 263 254 254 254 264 264 264 263 263 263 264 264 264 265 265 265 265 265 265 266 266 266 263 263 263 266 266 266 265 265 265 267 267 267 268 268 268 269 269 269 266 266 266 266 266 266 270 270 270 268 268 268 266 266 266 271 271 271 270 270 270 267 267 267 271 271 271 266 266 266 267 267 267 272 272 272 271 271 271 271 271 271 272 272 272 273 273 273 273 273 273 274 274 274 271 271 271 274 274 274 273 273 273 275 275 275 275 275 275 276 276 276 274 274 274 276 276 276 275 275 275 277 277 277 278 278 278 276 276 276 277 277 277 277 277 277 279 279 279 278 278 278 279 279 279 280 280 280 278 278 278 280 280 280 279 279 279 281 281 281 282 282 282 280 280 280 281 281 281 281 281 281 283 283 283 282 282 282 283 283 283 284 284 284 282 282 282 284 284 284 283 283 283 285 285 285 286 286 286 284 284 284 285 285 285 285 285 285 287 287 287 286 286 286 287 287 287 288 288 288 286 286 286 288 288 288 287 287 287 289 289 289 290 290 290 288 288 288 289 289 289 289 289 289 291 291 291 290 290 290 292 292 292 290 290 290 291 291 291 291 291 291 293 293 293 292 292 292 294 294 294 293 293 293 295 295 295 294 294 294 295 295 295 296 296 296 296 296 296 297 297 297 294 294 294 297 297 297 296 296 296 298 298 298 297 297 297 298 298 298 299 299 299 297 297 297 299 299 299 300 300 300 301 301 301 297 297 297 300 300 300 300 300 300 302 302 302 301 301 301 303 303 303 304 304 304 301 301 301 305 305 305 303 303 303 301 301 301 301 301 301 306 306 306 305 305 305 307 307 307 301 301 301 302 302 302 302 302 302 308 308 308 307 307 307 308 308 308 309 309 309 307 307 307 310 310 310 306 306 306 301 301 301 301 301 301 307 307 307 310 310 310 311 311 311 306 306 306 310 310 310 312 312 312 307 307 307 309 309 309 312 312 312 309 309 309 313 313 313 314 314 314 310 310 310 307 307 307 307 307 307 315 315 315 314 314 314 314 314 314 315 315 315 312 312 312 313 313 313 316 316 316 312 312 312 316 316 316 313 313 313 317 317 317 318 318 318 316 316 316 317 317 317 318 318 318 317 317 317 319 319 319 319 319 319 320 320 320 321 321 321 319 319 319 321 321 321 322 322 322 322 322 322 323 323 323 319 319 319 319 319 319 323 323 323 324 324 324 319 319 319 324 324 324 318 318 318 318 318 318 325 325 325 326 326 326 326 326 326 327 327 327 318 318 318 326 326 326 328 328 328 327 327 327 327 327 327 329 329 329 318 318 318 312 312 312 329 329 329 327 327 327 327 327 327 314 314 314 312 312 312 327 327 327 328 328 328 330 330 330 327 327 327 330 330 330 331 331 331 332 332 332 314 314 314 327 327 327 310 310 310 314 314 314 332 332 332 331 331 331 333 333 333 327 327 327 327 327 327 333 333 333 332 332 332 333 333 333 331 331 331 334 334 334 333 333 333 334 334 334 335 335 335 335 335 335 336 336 336 337 337 337 335 335 335 338 338 338 333 333 333 337 337 337 338 338 338 335 335 335 332 332 332 333 333 333 338 338 338 338 338 338 337 337 337 339 339 339 332 332 332 340 340 340 310 310 310 310 310 310 340 340 340 311 311 311 340 340 340 341 341 341 311 311 311 342 342 342 341 341 341 340 340 340 338 338 338 343 343 343 332 332 332 340 340 340 332 332 332 343 343 343 339 339 339 344 344 344 338 338 338 343 343 343 338 338 338 344 344 344 344 344 344 339 339 339 345 345 345 345 345 345 346 346 346 344 344 344 344 344 344 346 346 346 347 347 347 342 342 342 340 340 340 348 348 348 343 343 343 348 348 348 340 340 340 348 348 348 349 349 349 342 342 342 350 350 350 349 349 349 348 348 348 344 344 344 351 351 351 343 343 343 347 347 347 351 351 351 344 344 344 348 348 348 343 343 343 351 351 351 351 351 351 347 347 347 352 352 352 350 350 350 348 348 348 353 353 353 351 351 351 353 353 353 348 348 348 353 353 353 354 354 354 350 350 350 355 355 355 354 354 354 353 353 353 356 356 356 355 355 355 353 353 353 352 352 352 357 357 357 351 351 351 353 353 353 351 351 351 357 357 357 357 357 357 352 352 352 358 358 358 358 358 358 359 359 359 357 357 357 357 357 357 359 359 359 360 360 360 357 357 357 361 361 361 353 353 353 360 360 360 361 361 361 357 357 357 353 353 353 361 361 361 356 356 356 360 360 360 362 362 362 361 361 361 361 361 361 362 362 362 363 363 363 363 363 363 356 356 356 361 361 361 363 363 363 364 364 364 356 356 356 365 365 365 356 356 356 364 364 364 366 366 366 365 365 365 364 364 364 364 364 364 367 367 367 366 366 366 366 366 366 367 367 367 368 368 368 368 368 368 369 369 369 366 366 366 368 368 368 370 370 370 369 369 369 371 371 371 372 372 372 373 373 373 373 373 373 374 374 374 371 371 371 373 373 373 375 375 375 374 374 374 376 376 376 374 374 374 375 375 375 375 375 375 377 377 377 376 376 376 376 376 376 377 377 377 378 378 378 378 378 378 379 379 379 376 376 376 379 379 379 380 380 380 376 376 376 381 381 381 374 374 374 376 376 376 376 376 376 382 382 382 381 381 381 381 381 381 382 382 382 383 383 383 383 383 383 382 382 382 384 384 384 385 385 385 383 383 383 384 384 384 384 384 384 386 386 386 385 385 385 383 383 383 387 387 387 381 381 381 381 381 381 387 387 387 388 388 388 389 389 389 381 381 381 388 388 388 388 388 388 390 390 390 389 389 389 391 391 391 392 392 392 393 393 393 393 393 393 394 394 394 391 391 391 394 394 394 395 395 395 391 391 391 395 395 395 394 394 394 396 396 396 396 396 396 397 397 397 395 395 395 397 397 397 396 396 396 398 398 398 398 398 398 399 399 399 397 397 397 399 399 399 400 400 400 397 397 397 395 395 395 397 397 397 401 401 401 401 401 401 402 402 402 395 395 395 403 403 403 404 404 404 402 402 402 405 405 405 403 403 403 402 402 402 402 402 402 406 406 406 405 405 405 406 406 406 402 402 402 401 401 401 401 401 401 407 407 407 406 406 406 408 408 408 407 407 407 401 401 401 401 401 401 409 409 409 408 408 408 401 401 401 410 410 410 409 409 409 411 411 411 412 412 412 413 413 413 411 411 411 413 413 413 414 414 414 414 414 414 415 415 415 411 411 411 415 415 415 414 414 414 416 416 416 416 416 416 417 417 417 415 415 415 415 415 415 417 417 417 418 418 418 419 419 419 415 415 415 418 418 418 418 418 418 420 420 420 419 419 419 420 420 420 421 421 421 419 419 419 419 419 419 421 421 421 422 422 422 419 419 419 422 422 422 423 423 423 423 423 423 424 424 424 419 419 419 423 423 423 425 425 425 424 424 424 424 424 424 425 425 425 426 426 426 424 424 424 426 426 426 427 427 427 428 428 428 424 424 424 427 427 427 427 427 427 429 429 429 428 428 428 428 428 428 430 430 430 431 431 431 431 431 431 432 432 432 428 428 428 432 432 432 433 433 433 434 434 434 434 434 434 435 435 435 432 432 432 434 434 434 436 436 436 435 435 435 436 436 436 437 437 437 435 435 435 435 435 435 437 437 437 438 438 438 439 439 439 435 435 435 438 438 438 438 438 438 440 440 440 439 439 439 440 440 440 441 441 441 439 439 439 439 439 439 441 441 441 442 442 442 442 442 442 443 443 443 439 439 439 444 444 444 439 439 439 443 443 443 443 443 443 445 445 445 444 444 444 445 445 445 446 446 446 444 444 444 444 444 444 446 446 446 447 447 447 448 448 448 444 444 444 447 447 447 447 447 447 449 449 449 448 448 448 450 450 450 448 448 448 451 451 451 451 451 451 452 452 452 450 450 450 450 450 450 453 453 453 454 454 454 455 455 455 450 450 450 454 454 454 454 454 454 456 456 456 455 455 455 456 456 456 457 457 457 455 455 455 455 455 455 457 457 457 458 458 458 459 459 459 455 455 455 458 458 458 458 458 458 460 460 460 459 459 459 460 460 460 461 461 461 459 459 459 459 459 459 461 461 461 462 462 462 463 463 463 459 459 459 462 462 462 462 462 462 464 464 464 463 463 463 464 464 464 465 465 465 463 463 463 463 463 463 465 465 465 466 466 466 467 467 467 463 463 463 466 466 466 466 466 466 468 468 468 467 467 467 469 469 469 467 467 467 470 470 470 470 470 470 471 471 471 469 469 469 469 469 469 472 472 472 473 473 473 473 473 473 474 474 474 469 469 469 473 473 473 475 475 475 474 474 474 475 475 475 476 476 476 474 474 474 474 474 474 476 476 476 477 477 477 478 478 478 474 474 474 477 477 477 477 477 477 479 479 479 478 478 478 479 479 479 480 480 480 478 478 478 478 478 478 480 480 480 481 481 481 478 478 478 481 481 481 482 482 482 482 482 482 483 483 483 478 478 478 482 482 482 484 484 484 483 483 483 483 483 483 484 484 484 485 485 485 485 485 485 486 486 486 483 483 483 487 487 487 483 483 483 486 486 486 486 486 486 488 488 488 487 487 487 488 488 488 489 489 489 487 487 487 487 487 487 490 490 490 491 491 491 491 491 491 492 492 492 487 487 487 493 493 493 494 494 494 495 495 495 495 495 495 496 496 496 493 493 493 495 495 495 497 497 497 496 496 496 498 498 498 493 493 493 496 496 496 496 496 496 497 497 497 499 499 499 496 496 496 500 500 500 498 498 498 498 498 498 500 500 500 501 501 501 502 502 502 496 496 496 499 499 499 499 499 499 503 503 503 502 502 502 502 502 502 503 503 503 504 504 504 504 504 504 505 505 505 502 502 502 505 505 505 506 506 506 502 502 502 507 507 507 502 502 502 506 506 506 496 496 496 502 502 502 507 507 507 506 506 506 508 508 508 507 507 507 508 508 508 509 509 509 507 507 507 509 509 509 510 510 510 507 507 507 510 510 510 511 511 511 512 512 512 512 512 512 507 507 507 510 510 510 507 507 507 513 513 513 496 496 496 500 500 500 496 496 496 513 513 513 507 507 507 512 512 512 514 514 514 514 514 514 513 513 513 507 507 507 514 514 514 512 512 512 515 515 515 514 514 514 515 515 515 516 516 516 514 514 514 516 516 516 517 517 517 513 513 513 518 518 518 500 500 500 518 518 518 513 513 513 514 514 514 501 501 501 500 500 500 518 518 518 518 518 518 519 519 519 501 501 501 518 518 518 520 520 520 519 519 519 518 518 518 521 521 521 520 520 520 521 521 521 518 518 518 522 522 522 514 514 514 522 522 522 518 518 518 522 522 522 523 523 523 521 521 521 522 522 522 524 524 524 523 523 523 524 524 524 522 522 522 525 525 525 525 525 525 526 526 526 524 524 524 527 527 527 526 526 526 525 525 525 525 525 525 528 528 528 527 527 527 529 529 529 525 525 525 522 522 522 529 529 529 522 522 522 514 514 514 530 530 530 528 528 528 529 529 529 514 514 514 531 531 531 529 529 529 532 532 532 531 531 531 514 514 514 517 517 517 532 532 532 514 514 514 529 529 529 533 533 533 530 530 530 529 529 529 532 532 532 533 533 533 534 534 534 530 530 530 533 533 533 532 532 532 517 517 517 535 535 535 533 533 533 536 536 536 534 534 534 537 537 537 533 533 533 532 532 532 532 532 532 535 535 535 537 537 537 538 538 538 536 536 536 533 533 533 539 539 539 536 536 536 538 538 538 533 533 533 540 540 540 538 538 538 538 538 538 540 540 540 537 537 537 538 538 538 541 541 541 539 539 539 542 542 542 541 541 541 538 538 538 543 543 543 538 538 538 537 537 537 537 537 537 544 544 544 543 543 543 543 543 543 544 544 544 535 535 535 538 538 538 545 545 545 542 542 542 545 545 545 538 538 538 543 543 543 546 546 546 542 542 542 545 545 545 547 547 547 546 546 546 545 545 545 548 548 548 547 547 547 545 545 545 545 545 545 549 549 549 548 548 548 550 550 550 548 548 548 549 549 549 549 549 549 551 551 551 550 550 550 549 549 549 545 545 545 552 552 552 543 543 543 552 552 552 545 545 545 551 551 551 549 549 549 553 553 553 552 552 552 553 553 553 549 549 549 553 553 553 554 554 554 551 551 551 555 555 555 554 554 554 553 553 553 553 553 553 556 556 556 555 555 555 557 557 557 556 556 556 553 553 553 552 552 552 543 543 543 558 558 558 535 535 535 558 558 558 543 543 543 535 535 535 559 559 559 558 558 558 558 558 558 559 559 559 560 560 560 560 560 560 561 561 561 558 558 558 561 561 561 562 562 562 558 558 558 558 558 558 563 563 563 552 552 552 563 563 563 558 558 558 562 562 562 553 553 553 552 552 552 563 563 563 562 562 562 564 564 564 565 565 565 562 562 562 565 565 565 563 563 563 563 563 563 565 565 565 566 566 566 563 563 563 566 566 566 567 567 567 563 563 563 568 568 568 553 553 553 567 567 567 568 568 568 563 563 563 557 557 557 553 553 553 568 568 568 568 568 568 567 567 567 569 569 569 568 568 568 570 570 570 557 557 557 568 568 568 569 569 569 571 571 571 568 568 568 572 572 572 570 570 570 571 571 571 572 572 572 568 568 568 573 573 573 574 574 574 575 575 575 576 576 576 573 573 573 575 575 575 575 575 575 577 577 577 576 576 576 578 578 578 576 576 576 577 577 577 578 578 578 577 577 577 579 579 579 579 579 579 580 580 580 578 578 578 577 577 577 575 575 575 581 581 581 580 580 580 579 579 579 582 582 582 582 582 582 583 583 583 580 580 580 584 584 584 579 579 579 577 577 577 583 583 583 582 582 582 585 585 585 585 585 585 586 586 586 583 583 583 587 587 587 586 586 586 585 585 585 588 588 588 582 582 582 579 579 579 579 579 579 589 589 589 588 588 588 588 588 588 589 589 589 584 584 584 590 590 590 585 585 585 582 582 582 582 582 582 588 588 588 590 590 590 585 585 585 591 591 591 587 587 587 592 592 592 587 587 587 591 591 591 585 585 585 590 590 590 593 593 593 593 593 593 591 591 591 585 585 585 591 591 591 594 594 594 592 592 592 592 592 592 594 594 594 595 595 595 596 596 596 592 592 592 595 595 595 591 591 591 593 593 593 597 597 597 597 597 597 595 595 595 591 591 591 598 598 598 593 593 593 590 590 590 590 590 590 599 599 599 598 598 598 600 600 600 598 598 598 599 599 599 601 601 601 590 590 590 588 588 588 599 599 599 601 601 601 600 600 600 588 588 588 602 602 602 601 601 601 602 602 602 588 588 588 584 584 584 603 603 603 600 600 600 601 601 601 601 601 601 604 604 604 603 603 603 605 605 605 603 603 603 604 604 604 606 606 606 601 601 601 602 602 602 604 604 604 606 606 606 605 605 605 584 584 584 607 607 607 602 602 602 608 608 608 605 605 605 606 606 606 606 606 606 609 609 609 608 608 608 608 608 608 609 609 609 610 610 610 602 602 602 611 611 611 606 606 606 610 610 610 606 606 606 611 611 611 602 602 602 607 607 607 612 612 612 612 612 612 611 611 611 602 602 602 611 611 611 612 612 612 613 613 613 610 610 610 614 614 614 608 608 608 611 611 611 615 615 615 610 610 610 616 616 616 615 615 615 611 611 611 611 611 611 613 613 613 616 616 616 617 617 617 610 610 610 615 615 615 615 615 615 616 616 616 617 617 617 617 617 617 618 618 618 610 610 610 614 614 614 610 610 610 618 618 618 618 618 618 619 619 619 614 614 614 616 616 616 620 620 620 617 617 617 616 616 616 613 613 613 621 621 621 621 621 621 620 620 620 616 616 616 622 622 622 621 621 621 613 613 613 613 613 613 607 607 607 622 622 622 620 620 620 621 621 621 623 623 623 623 623 623 624 624 624 620 620 620 617 617 617 620 620 620 624 624 624 625 625 625 623 623 623 621 621 621 625 625 625 621 621 621 622 622 622 617 617 617 624 624 624 626 626 626 626 626 626 627 627 627 617 617 617 624 624 624 625 625 625 628 628 628 628 628 628 626 626 626 624 624 624 622 622 622 629 629 629 625 625 625 630 630 630 628 628 628 625 625 625 625 625 625 629 629 629 630 630 630 631 631 631 622 622 622 607 607 607 629 629 629 622 622 622 631 631 631 607 607 607 584 584 584 631 631 631 577 577 577 631 631 631 584 584 584 581 581 581 631 631 631 577 577 577 631 631 631 632 632 632 629 629 629 581 581 581 632 632 632 631 631 631 629 629 629 581 581 581 633 633 633 633 633 633 630 630 630 629 629 629 628 628 628 630 630 630 634 634 634 634 634 634 630 630 630 633 633 633 634 634 634 635 635 635 628 628 628 626 626 626 628 628 628 635 635 635 633 633 633 636 636 636 634 634 634 635 635 635 637 637 637 626 626 626 626 626 626 637 637 637 638 638 638 638 638 638 639 639 639 626 626 626 626 626 626 639 639 639 640 640 640 626 626 626 640 640 640 641 641 641 641 641 641 627 627 627 626 626 626 636 636 636 633 633 633 642 642 642 642 642 642 633 633 633 581 581 581 581 581 581 575 575 575 642 642 642 642 642 642 575 575 575 643 643 643 643 643 643 644 644 644 642 642 642 642 642 642 644 644 644 645 645 645 642 642 642 646 646 646 636 636 636 645 645 645 647 647 647 642 642 642 646 646 646 642 642 642 647 647 647 647 647 647 648 648 648 646 646 646 647 647 647 649 649 649 648 648 648 650 650 650 649 649 649 647 647 647 651 651 651 650 650 650 647 647 647 647 647 647 652 652 652 651 651 651 651 651 651 652 652 652 653 653 653 653 653 653 654 654 654 651 651 651 655 655 655 651 651 651 654 654 654 656 656 656 651 651 651 655 655 655 655 655 655 657 657 657 656 656 656 658 658 658 657 657 657 655 655 655 654 654 654 659 659 659 655 655 655 658 658 658 655 655 655 659 659 659 659 659 659 654 654 654 660 660 660 660 660 660 661 661 661 659 659 659 662 662 662 661 661 661 660 660 660 662 662 662 660 660 660 663 663 663 659 659 659 664 664 664 658 658 658 665 665 665 658 658 658 664 664 664 664 664 664 666 666 666 665 665 665 667 667 667 666 666 666 664 664 664 668 668 668 664 664 664 659 659 659 667 667 667 664 664 664 668 668 668 659 659 659 662 662 662 668 668 668 668 668 668 669 669 669 667 667 667 670 670 670 667 667 667 669 669 669 671 671 671 668 668 668 662 662 662 670 670 670 669 669 669 672 672 672 672 672 672 669 669 669 668 668 668 668 668 668 671 671 671 672 672 672 672 672 672 673 673 673 670 670 670 674 674 674 673 673 673 672 672 672 672 672 672 675 675 675 674 674 674 676 676 676 675 675 675 672 672 672 677 677 677 676 676 676 672 672 672 672 672 672 678 678 678 677 677 677 678 678 678 672 672 672 671 671 671 678 678 678 679 679 679 677 677 677 671 671 671 680 680 680 678 678 678 679 679 679 678 678 678 680 680 680 662 662 662 681 681 681 671 671 671 680 680 680 671 671 671 681 681 681 663 663 663 681 681 681 662 662 662 680 680 680 682 682 682 679 679 679 682 682 682 683 683 683 679 679 679 681 681 681 684 684 684 680 680 680 684 684 684 681 681 681 663 663 663 682 682 682 680 680 680 684 684 684 683 683 683 682 682 682 685 685 685 663 663 663 686 686 686 684 684 684 684 684 684 687 687 687 682 682 682 685 685 685 682 682 682 687 687 687 686 686 686 688 688 688 684 684 684 687 687 687 688 688 688 686 686 686 687 687 687 689 689 689 685 685 685 689 689 689 687 687 687 686 686 686 689 689 689 690 690 690 685 685 685 691 691 691 690 690 690 689 689 689 689 689 689 692 692 692 691 691 691 686 686 686 693 693 693 689 689 689 689 689 689 641 641 641 692 692 692 693 693 693 641 641 641 689 689 689 641 641 641 693 693 693 694 694 694 694 694 694 627 627 627 641 641 641 695 695 695 627 627 627 694 694 694 696 696 696 627 627 627 695 695 695 695 695 695 697 697 697 696 696 696 698 698 698 697 697 697 695 695 695 694 694 694 699 699 699 695 695 695 698 698 698 695 695 695 699 699 699 699 699 699 694 694 694 700 700 700 700 700 700 701 701 701 699 699 699 702 702 702 701 701 701 700 700 700 702 702 702 700 700 700 703 703 703 699 699 699 704 704 704 698 698 698 705 705 705 698 698 698 704 704 704 704 704 704 706 706 706 705 705 705 707 707 707 706 706 706 704 704 704 708 708 708 704 704 704 699 699 699 707 707 707 704 704 704 708 708 708 699 699 699 702 702 702 708 708 708 708 708 708 709 709 709 707 707 707 710 710 710 707 707 707 709 709 709 711 711 711 708 708 708 702 702 702 710 710 710 709 709 709 712 712 712 712 712 712 709 709 709 708 708 708 708 708 708 711 711 711 712 712 712 712 712 712 713 713 713 710 710 710 712 712 712 714 714 714 713 713 713 715 715 715 714 714 714 712 712 712 716 716 716 715 715 715 712 712 712 712 712 712 717 717 717 716 716 716 717 717 717 712 712 712 711 711 711 717 717 717 718 718 718 716 716 716 711 711 711 719 719 719 717 717 717 718 718 718 717 717 717 719 719 719 702 702 702 720 720 720 711 711 711 719 719 719 711 711 711 720 720 720 703 703 703 720 720 720 702 702 702 719 719 719 721 721 721 718 718 718 721 721 721 722 722 722 718 718 718 720 720 720 723 723 723 719 719 719 723 723 723 720 720 720 703 703 703 721 721 721 719 719 719 723 723 723 722 722 722 721 721 721 724 724 724 703 703 703 725 725 725 723 723 723 723 723 723 726 726 726 721 721 721 724 724 724 721 721 721 726 726 726 725 725 725 727 727 727 723 723 723 726 726 726 727 727 727 725 725 725 726 726 726 728 728 728 724 724 724 728 728 728 726 726 726 725 725 725 728 728 728 729 729 729 724 724 724 730 730 730 729 729 729 728 728 728 728 728 728 731 731 731 730 730 730 725 725 725 732 732 732 728 728 728 728 728 728 733 733 733 731 731 731 732 732 732 733 733 733 728 728 728 733 733 733 732 732 732 734 734 734 734 734 734 735 735 735 733 733 733 733 733 733 735 735 735 736 736 736 736 736 736 737 737 737 733 733 733 736 736 736 738 738 738 737 737 737 739 739 739 738 738 738 736 736 736 740 740 740 739 739 739 736 736 736 741 741 741 735 735 735 734 734 734 742 742 742 735 735 735 741 741 741 741 741 741 743 743 743 742 742 742 744 744 744 743 743 743 741 741 741 734 734 734 745 745 745 741 741 741 744 744 744 741 741 741 745 745 745 745 745 745 734 734 734 746 746 746 746 746 746 747 747 747 745 745 745 748 748 748 747 747 747 746 746 746 748 748 748 746 746 746 749 749 749 745 745 745 750 750 750 744 744 744 751 751 751 744 744 744 750 750 750 750 750 750 752 752 752 751 751 751 753 753 753 752 752 752 750 750 750 754 754 754 750 750 750 745 745 745 753 753 753 750 750 750 754 754 754 745 745 745 748 748 748 754 754 754 754 754 754 755 755 755 753 753 753 756 756 756 753 753 753 755 755 755 757 757 757 754 754 754 748 748 748 756 756 756 755 755 755 758 758 758 758 758 758 755 755 755 754 754 754 754 754 754 757 757 757 758 758 758 758 758 758 759 759 759 756 756 756 760 760 760 759 759 759 758 758 758 758 758 758 761 761 761 760 760 760 762 762 762 761 761 761 758 758 758 763 763 763 762 762 762 758 758 758 758 758 758 764 764 764 763 763 763 764 764 764 758 758 758 757 757 757 764 764 764 765 765 765 763 763 763 757 757 757 766 766 766 764 764 764 765 765 765 764 764 764 766 766 766 748 748 748 767 767 767 757 757 757 766 766 766 757 757 757 767 767 767 749 749 749 767 767 767 748 748 748 766 766 766 768 768 768 765 765 765 768 768 768 769 769 769 765 765 765 767 767 767 770 770 770 766 766 766 770 770 770 767 767 767 749 749 749 768 768 768 766 766 766 770 770 770 769 769 769 768 768 768 771 771 771 749 749 749 772 772 772 770 770 770 770 770 770 773 773 773 768 768 768 771 771 771 768 768 768 773 773 773 772 772 772 774 774 774 770 770 770 773 773 773 774 774 774 772 772 772 773 773 773 775 775 775 771 771 771 775 775 775 773 773 773 772 772 772 775 775 775 776 776 776 771 771 771 777 777 777 776 776 776 775 775 775 775 775 775 778 778 778 777 777 777 772 772 772 779 779 779 775 775 775 775 775 775 780 780 780 778 778 778 779 779 779 780 780 780 775 775 775 780 780 780 779 779 779 781 781 781 781 781 781 782 782 782 780 780 780 783 783 783 780 780 780 782 782 782 784 784 784 782 782 782 781 781 781 785 785 785 780 780 780 783 783 783 786 786 786 782 782 782 784 784 784 784 784 784 787 787 787 786 786 786 782 782 782 788 788 788 783 783 783 789 789 789 787 787 787 784 784 784 788 788 788 790 790 790 783 783 783 783 783 783 790 790 790 791 791 791 791 791 791 792 792 792 783 783 783 783 783 783 792 792 792 793 793 793 789 789 789 784 784 784 794 794 794 781 781 781 794 794 794 784 784 784 794 794 794 781 781 781 795 795 795 795 795 795 796 796 796 794 794 794 797 797 797 796 796 796 795 795 795 797 797 797 795 795 795 798 798 798 794 794 794 799 799 799 789 789 789 800 800 800 789 789 789 799 799 799 799 799 799 801 801 801 800 800 800 802 802 802 801 801 801 799 799 799 803 803 803 799 799 799 794 794 794 802 802 802 799 799 799 803 803 803 794 794 794 797 797 797 803 803 803 803 803 803 804 804 804 802 802 802 805 805 805 802 802 802 804 804 804 806 806 806 803 803 803 797 797 797 805 805 805 804 804 804 807 807 807 807 807 807 804 804 804 803 803 803 803 803 803 806 806 806 807 807 807 807 807 807 808 808 808 805 805 805 807 807 807 809 809 809 808 808 808 810 810 810 809 809 809 807 807 807 811 811 811 810 810 810 807 807 807 807 807 807 812 812 812 811 811 811 812 812 812 807 807 807 806 806 806 812 812 812 813 813 813 811 811 811 806 806 806 814 814 814 812 812 812 813 813 813 812 812 812 814 814 814 797 797 797 815 815 815 806 806 806 814 814 814 806 806 806 815 815 815 798 798 798 815 815 815 797 797 797 814 814 814 816 816 816 813 813 813 816 816 816 817 817 817 813 813 813 815 815 815 818 818 818 814 814 814 818 818 818 815 815 815 798 798 798 816 816 816 814 814 814 818 818 818 817 817 817 816 816 816 819 819 819 798 798 798 820 820 820 818 818 818 818 818 818 821 821 821 816 816 816 819 819 819 816 816 816 821 821 821 820 820 820 822 822 822 818 818 818 821 821 821 822 822 822 820 820 820 821 821 821 823 823 823 819 819 819 823 823 823 821 821 821 820 820 820 823 823 823 824 824 824 819 819 819 820 820 820 653 653 653 823 823 823 825 825 825 824 824 824 823 823 823 823 823 823 826 826 826 825 825 825 653 653 653 652 652 652 823 823 823 823 823 823 652 652 652 826 826 826 827 827 827 828 828 828 652 652 652 827 827 827 829 829 829 828 828 828 830 830 830 829 829 829 827 827 827 652 652 652 647 647 647 827 827 827 831 831 831 830 830 830 827 827 827 827 827 827 647 647 647 832 832 832 832 832 832 647 647 647 833 833 833 827 827 827 834 834 834 831 831 831 835 835 835 831 831 831 834 834 834 834 834 834 827 827 827 836 836 836 834 834 834 837 837 837 835 835 835 838 838 838 835 835 835 837 837 837 836 836 836 839 839 839 834 834 834 837 837 837 834 834 834 839 839 839 836 836 836 840 840 840 839 839 839 839 839 839 840 840 840 841 841 841 839 839 839 841 841 841 842 842 842 839 839 839 843 843 843 837 837 837 837 837 837 843 843 843 844 844 844 842 842 842 845 845 845 839 839 839 844 844 844 839 839 839 845 845 845 845 845 845 842 842 842 846 846 846 837 837 837 844 844 844 847 847 847 848 848 848 845 845 845 846 846 846 846 846 846 849 849 849 848 848 848 850 850 850 848 848 848 849 849 849 850 850 850 849 849 849 851 851 851 845 845 845 852 852 852 844 844 844 852 852 852 845 845 845 850 850 850 853 853 853 844 844 844 852 852 852 851 851 851 854 854 854 850 850 850 854 854 854 851 851 851 855 855 855 855 855 855 856 856 856 854 854 854 857 857 857 856 856 856 855 855 855 857 857 857 855 855 855 858 858 858 850 850 850 854 854 854 859 859 859 859 859 859 854 854 854 857 857 857 850 850 850 860 860 860 852 852 852 859 859 859 860 860 860 850 850 850 858 858 858 861 861 861 857 857 857 861 861 861 858 858 858 862 862 862 857 857 857 863 863 863 859 859 859 863 863 863 857 857 857 861 861 861 859 859 859 864 864 864 860 860 860 865 865 865 859 859 859 863 863 863 860 860 860 864 864 864 865 865 865 862 862 862 866 866 866 861 861 861 866 866 866 862 862 862 867 867 867 861 861 861 866 866 866 868 868 868 867 867 867 869 869 869 866 866 866 868 868 868 870 870 870 861 861 861 861 861 861 870 870 870 863 863 863 869 869 869 867 867 867 871 871 871 870 870 870 868 868 868 872 872 872 872 872 872 866 866 866 869 869 869 873 873 873 863 863 863 870 870 870 863 863 863 873 873 873 865 865 865 872 872 872 874 874 874 870 870 870 870 870 870 874 874 874 873 873 873 872 872 872 875 875 875 874 874 874 874 874 874 875 875 875 876 876 876 869 869 869 877 877 877 872 872 872 876 876 876 872 872 872 877 877 877 877 877 877 869 869 869 878 878 878 871 871 871 878 878 878 869 869 869 877 877 877 879 879 879 876 876 876 880 880 880 878 878 878 871 871 871 871 871 871 881 881 881 880 880 880 878 878 878 882 882 882 877 877 877 882 882 882 878 878 878 880 880 880 879 879 879 877 877 877 882 882 882 881 881 881 883 883 883 880 880 880 883 883 883 881 881 881 884 884 884 884 884 884 885 885 885 883 883 883 884 884 884 886 886 886 885 885 885 880 880 880 887 887 887 882 882 882 887 887 887 880 880 880 885 885 885 882 882 882 888 888 888 879 879 879 888 888 888 882 882 882 887 887 887 889 889 889 885 885 885 886 886 886 886 886 886 890 890 890 889 889 889 890 890 890 891 891 891 889 889 889 885 885 885 889 889 889 892 892 892 893 893 893 889 889 889 891 891 891 892 892 892 889 889 889 893 893 893 891 891 891 894 894 894 893 893 893 892 892 892 895 895 895 885 885 885 885 885 885 895 895 895 887 887 887 894 894 894 896 896 896 893 893 893 892 892 892 897 897 897 895 895 895 895 895 895 897 897 897 898 898 898 893 893 893 899 899 899 892 892 892 898 898 898 892 892 892 899 899 899 900 900 900 899 899 899 893 893 893 893 893 893 901 901 901 900 900 900 901 901 901 893 893 893 896 896 896 899 899 899 900 900 900 902 902 902 896 896 896 903 903 903 901 901 901 896 896 896 904 904 904 903 903 903 905 905 905 904 904 904 896 896 896 735 735 735 905 905 905 896 896 896 896 896 896 736 736 736 735 735 735 902 902 902 906 906 906 899 899 899 899 899 899 906 906 906 898 898 898 907 907 907 906 906 906 902 902 902 902 902 902 908 908 908 907 907 907 909 909 909 898 898 898 906 906 906 906 906 906 907 907 907 909 909 909 910 910 910 907 907 907 908 908 908 908 908 908 911 911 911 910 910 910 912 912 912 909 909 909 907 907 907 907 907 907 910 910 910 912 912 912 913 913 913 898 898 898 909 909 909 898 898 898 913 913 913 895 895 895 909 909 909 914 914 914 913 913 913 909 909 909 915 915 915 914 914 914 895 895 895 913 913 913 916 916 916 916 916 916 887 887 887 895 895 895 887 887 887 916 916 916 888 888 888 917 917 917 916 916 916 913 913 913 913 913 913 914 914 914 917 917 917 918 918 918 888 888 888 916 916 916 916 916 916 917 917 917 918 918 918 919 919 919 914 914 914 915 915 915 915 915 915 912 912 912 919 919 919 920 920 920 917 917 917 914 914 914 914 914 914 919 919 919 920 920 920 917 917 917 920 920 920 921 921 921 921 921 921 918 918 918 917 917 917 922 922 922 920 920 920 919 919 919 922 922 922 919 919 919 912 912 912 921 921 921 920 920 920 922 922 922 912 912 912 910 910 910 922 922 922 918 918 918 921 921 921 923 923 923 922 922 922 923 923 923 921 921 921 923 923 923 924 924 924 918 918 918 924 924 924 923 923 923 922 922 922 888 888 888 918 918 918 924 924 924 924 924 924 879 879 879 888 888 888 879 879 879 924 924 924 925 925 925 922 922 922 925 925 925 924 924 924 925 925 925 876 876 876 879 879 879 910 910 910 926 926 926 922 922 922 925 925 925 922 922 922 926 926 926 926 926 926 910 910 910 911 911 911 911 911 911 927 927 927 926 926 926 927 927 927 928 928 928 926 926 926 926 926 926 928 928 928 785 785 785 925 925 925 926 926 926 929 929 929 929 929 929 930 930 930 925 925 925 876 876 876 930 930 930 929 929 929 876 876 876 929 929 929 874 874 874 929 929 929 926 926 926 931 931 931 931 931 931 926 926 926 785 785 785 874 874 874 929 929 929 932 932 932 931 931 931 932 932 932 929 929 929 932 932 932 873 873 873 874 874 874 932 932 932 931 931 931 933 933 933 785 785 785 933 933 933 931 931 931 873 873 873 932 932 932 934 934 934 933 933 933 934 934 934 932 932 932 934 934 934 865 865 865 873 873 873 785 785 785 935 935 935 933 933 933 936 936 936 933 933 933 935 935 935 937 937 937 865 865 865 934 934 934 865 865 865 937 937 937 860 860 860 934 934 934 936 936 936 938 938 938 935 935 935 938 938 938 936 936 936 934 934 934 938 938 938 937 937 937 785 785 785 939 939 939 935 935 935 938 938 938 935 935 935 939 939 939 940 940 940 939 939 939 785 785 785 783 783 783 940 940 940 785 785 785 939 939 939 941 941 941 938 938 938 941 941 941 939 939 939 940 940 940 937 937 937 938 938 938 941 941 941 940 940 940 783 783 783 942 942 942 793 793 793 942 942 942 783 783 783 942 942 942 793 793 793 943 943 943 940 940 940 944 944 944 941 941 941 942 942 942 944 944 944 940 940 940 941 941 941 945 945 945 937 937 937 945 945 945 941 941 941 944 944 944 860 860 860 937 937 937 945 945 945 945 945 945 852 852 852 860 860 860 852 852 852 945 945 945 853 853 853 944 944 944 853 853 853 945 945 945 942 942 942 946 946 946 944 944 944 947 947 947 853 853 853 946 946 946 946 946 946 942 942 942 947 947 947 943 943 943 947 947 947 942 942 942 947 947 947 847 847 847 853 853 853 943 943 943 838 838 838 947 947 947 847 847 847 947 947 947 837 837 837 837 837 837 947 947 947 838 838 838 948 948 948 949 949 949 950 950 950 948 948 948 950 950 950 951 951 951 951 951 951 952 952 952 948 948 948 952 952 952 951 951 951 953 953 953 954 954 954 952 952 952 953 953 953 953 953 953 596 596 596 954 954 954 595 595 595 954 954 954 596 596 596 955 955 955 954 954 954 595 595 595 595 595 595 597 597 597 955 955 955 956 956 956 955 955 955 597 597 597 957 957 957 952 952 952 954 954 954 954 954 954 956 956 956 957 957 957 952 952 952 957 957 957 958 958 958 958 958 958 948 948 948 952 952 952 959 959 959 957 957 957 956 956 956 960 960 960 958 958 958 957 957 957 957 957 957 959 959 959 960 960 960 948 948 948 958 958 958 961 961 961 958 958 958 960 960 960 962 962 962 962 962 962 961 961 961 958 958 958 963 963 963 962 962 962 960 960 960 961 961 961 962 962 962 964 964 964 964 964 964 962 962 962 963 963 963 964 964 964 965 965 965 961 961 961 963 963 963 966 966 966 964 964 964 967 967 967 961 961 961 965 965 965 961 961 961 967 967 967 948 948 948 965 965 965 740 740 740 967 967 967 968 968 968 948 948 948 967 967 967 967 967 967 969 969 969 968 968 968 970 970 970 969 969 969 967 967 967 736 736 736 967 967 967 740 740 740 967 967 967 736 736 736 970 970 970 966 966 966 963 963 963 971 971 971 971 971 971 972 972 972 966 966 966 619 619 619 972 972 972 971 971 971 971 971 971 614 614 614 619 619 619 971 971 971 963 963 963 973 973 973 960 960 960 973 973 973 963 963 963 973 973 973 960 960 960 959 959 959 973 973 973 974 974 974 971 971 971 614 614 614 971 971 971 974 974 974 959 959 959 975 975 975 973 973 973 974 974 974 973 973 973 975 975 975 975 975 975 959 959 959 976 976 976 956 956 956 976 976 976 959 959 959 975 975 975 977 977 977 974 974 974 974 974 974 977 977 977 614 614 614 976 976 976 978 978 978 975 975 975 977 977 977 975 975 975 978 978 978 979 979 979 976 976 976 956 956 956 956 956 956 597 597 597 979 979 979 979 979 979 597 597 597 593 593 593 980 980 980 976 976 976 979 979 979 593 593 593 600 600 600 979 979 979 979 979 979 981 981 981 980 980 980 981 981 981 979 979 979 600 600 600 978 978 978 980 980 980 981 981 981 600 600 600 605 605 605 981 981 981 978 978 978 982 982 982 977 977 977 982 982 982 978 978 978 981 981 981 614 614 614 977 977 977 982 982 982 983 983 983 981 981 981 605 605 605 605 605 605 614 614 614 983 983 983 981 981 981 983 983 983 982 982 982 982 982 982 983 983 983 614 614 614 984 984 984 736 736 736 985 985 985 985 985 985 986 986 986 984 984 984 985 985 985 736 736 736 896 896 896 987 987 987 986 986 986 985 985 985 896 896 896 988 988 988 985 985 985 988 988 988 896 896 896 989 989 989 989 989 989 990 990 990 991 991 991 988 988 988 989 989 989 991 991 991 985 985 985 992 992 992 987 987 987 991 991 991 993 993 993 988 988 988 993 993 993 991 991 991 994 994 994 995 995 995 985 985 985 988 988 988 992 992 992 985 985 985 995 995 995 992 992 992 996 996 996 987 987 987 997 997 997 987 987 987 996 996 996 998 998 998 997 997 997 996 996 996 996 996 996 999 999 999 998 998 998 999 999 999 1000 1000 1000 998 998 998 1001 1001 1001 998 998 998 1000 1000 1000 1000 1000 1000 1002 1002 1002 1001 1001 1001 999 999 999 992 992 992 1003 1003 1003 995 995 995 1003 1003 1003 992 992 992 1002 1002 1002 1004 1004 1004 1001 1001 1001 1005 1005 1005 1001 1001 1001 1004 1004 1004 1006 1006 1006 1005 1005 1005 1004 1004 1004 1004 1004 1004 1007 1007 1007 1006 1006 1006 1008 1008 1008 1006 1006 1006 1007 1007 1007 1007 1007 1007 1009 1009 1009 1008 1008 1008 1010 1010 1010 1009 1009 1009 1007 1007 1007 1002 1002 1002 999 999 999 1011 1011 1011 1003 1003 1003 1011 1011 1011 999 999 999 1007 1007 1007 1002 1002 1002 1012 1012 1012 1011 1011 1011 1012 1012 1012 1002 1002 1002 1007 1007 1007 1013 1013 1013 1010 1010 1010 1012 1012 1012 1013 1013 1013 1007 1007 1007 1013 1013 1013 1014 1014 1014 1010 1010 1010 1013 1013 1013 1012 1012 1012 1015 1015 1015 1015 1015 1015 1014 1014 1014 1013 1013 1013 1012 1012 1012 1011 1011 1011 1016 1016 1016 1016 1016 1016 1015 1015 1015 1012 1012 1012 1017 1017 1017 1010 1010 1010 1014 1014 1014 1018 1018 1018 1016 1016 1016 1011 1011 1011 1011 1011 1011 1003 1003 1003 1018 1018 1018 1015 1015 1015 1016 1016 1016 1019 1019 1019 1020 1020 1020 1018 1018 1018 1003 1003 1003 1003 1003 1003 995 995 995 1020 1020 1020 1016 1016 1016 1018 1018 1018 1021 1021 1021 1021 1021 1021 1019 1019 1019 1016 1016 1016 1018 1018 1018 1020 1020 1020 1022 1022 1022 1022 1022 1022 1021 1021 1021 1018 1018 1018 1019 1019 1019 1023 1023 1023 1015 1015 1015 1014 1014 1014 1015 1015 1015 1023 1023 1023 1019 1019 1019 1021 1021 1021 1024 1024 1024 1023 1023 1023 1025 1025 1025 1014 1014 1014 1014 1014 1014 1025 1025 1025 1017 1017 1017 1023 1023 1023 1019 1019 1019 1026 1026 1026 1024 1024 1024 1026 1026 1026 1019 1019 1019 1025 1025 1025 1023 1023 1023 1027 1027 1027 1026 1026 1026 1027 1027 1027 1023 1023 1023 1027 1027 1027 1028 1028 1028 1025 1025 1025 1025 1025 1025 1028 1028 1028 1017 1017 1017 1027 1027 1027 1026 1026 1026 1029 1029 1029 1028 1028 1028 1027 1027 1027 1030 1030 1030 1029 1029 1029 1030 1030 1030 1027 1027 1027 1030 1030 1030 1031 1031 1031 1028 1028 1028 1017 1017 1017 1028 1028 1028 1031 1031 1031 1032 1032 1032 1029 1029 1029 1026 1026 1026 1026 1026 1026 1024 1024 1024 1032 1032 1032 1030 1030 1030 1029 1029 1029 1033 1033 1033 1031 1031 1031 1030 1030 1030 1034 1034 1034 1033 1033 1033 1034 1034 1034 1030 1030 1030 1034 1034 1034 1035 1035 1035 1031 1031 1031 1031 1031 1031 1035 1035 1035 1017 1017 1017 1036 1036 1036 1033 1033 1033 1029 1029 1029 1029 1029 1029 1032 1032 1032 1036 1036 1036 1034 1034 1034 1033 1033 1033 1037 1037 1037 1035 1035 1035 1034 1034 1034 1038 1038 1038 1037 1037 1037 1038 1038 1038 1034 1034 1034 1038 1038 1038 1039 1039 1039 1035 1035 1035 1017 1017 1017 1035 1035 1035 1039 1039 1039 1040 1040 1040 1037 1037 1037 1033 1033 1033 1033 1033 1033 1036 1036 1036 1040 1040 1040 1038 1038 1038 1037 1037 1037 1041 1041 1041 1039 1039 1039 1038 1038 1038 1042 1042 1042 1041 1041 1041 1042 1042 1042 1038 1038 1038 1042 1042 1042 1043 1043 1043 1039 1039 1039 1017 1017 1017 1039 1039 1039 1043 1043 1043 1044 1044 1044 1041 1041 1041 1037 1037 1037 1037 1037 1037 1040 1040 1040 1044 1044 1044 1042 1042 1042 1041 1041 1041 1045 1045 1045 1043 1043 1043 1042 1042 1042 1046 1046 1046 1045 1045 1045 1046 1046 1046 1042 1042 1042 1046 1046 1046 1047 1047 1047 1043 1043 1043 1017 1017 1017 1043 1043 1043 1047 1047 1047 1048 1048 1048 1045 1045 1045 1041 1041 1041 1041 1041 1041 1044 1044 1044 1048 1048 1048 1046 1046 1046 1045 1045 1045 1049 1049 1049 1047 1047 1047 1046 1046 1046 1050 1050 1050 1049 1049 1049 1050 1050 1050 1046 1046 1046 1050 1050 1050 1051 1051 1051 1047 1047 1047 1017 1017 1017 1047 1047 1047 1051 1051 1051 1052 1052 1052 1049 1049 1049 1045 1045 1045 1045 1045 1045 1048 1048 1048 1052 1052 1052 1050 1050 1050 1049 1049 1049 1053 1053 1053 1051 1051 1051 1050 1050 1050 1054 1054 1054 1053 1053 1053 1054 1054 1054 1050 1050 1050 1054 1054 1054 1055 1055 1055 1051 1051 1051 1051 1051 1051 1055 1055 1055 1017 1017 1017 1056 1056 1056 1053 1053 1053 1049 1049 1049 1049 1049 1049 1052 1052 1052 1056 1056 1056 1054 1054 1054 1053 1053 1053 1057 1057 1057 1055 1055 1055 1054 1054 1054 1058 1058 1058 1057 1057 1057 1058 1058 1058 1054 1054 1054 1058 1058 1058 1059 1059 1059 1055 1055 1055 1055 1055 1055 1059 1059 1059 1017 1017 1017 1060 1060 1060 1057 1057 1057 1053 1053 1053 1053 1053 1053 1056 1056 1056 1060 1060 1060 1017 1017 1017 1059 1059 1059 1061 1061 1061 1059 1059 1059 1058 1058 1058 1062 1062 1062 1062 1062 1062 1061 1061 1061 1059 1059 1059 1058 1058 1058 1057 1057 1057 1063 1063 1063 1063 1063 1063 1062 1062 1062 1058 1058 1058 1017 1017 1017 1061 1061 1061 1064 1064 1064 1064 1064 1064 1065 1065 1065 1017 1017 1017 1066 1066 1066 1065 1065 1065 1064 1064 1064 1064 1064 1064 1067 1067 1067 1066 1066 1066 1068 1068 1068 1064 1064 1064 1061 1061 1061 1067 1067 1067 1064 1064 1064 1068 1068 1068 1061 1061 1061 1062 1062 1062 1068 1068 1068 1068 1068 1068 1069 1069 1069 1067 1067 1067 1068 1068 1068 1070 1070 1070 1069 1069 1069 1071 1071 1071 1068 1068 1068 1062 1062 1062 1070 1070 1070 1068 1068 1068 1071 1071 1071 1062 1062 1062 1063 1063 1063 1071 1071 1071 1071 1071 1071 1072 1072 1072 1070 1070 1070 1072 1072 1072 1071 1071 1071 1073 1073 1073 1073 1073 1073 1071 1071 1071 1063 1063 1063 1073 1073 1073 1074 1074 1074 1072 1072 1072 1073 1073 1073 1075 1075 1075 1074 1074 1074 1076 1076 1076 1075 1075 1075 1073 1073 1073 1073 1073 1073 833 833 833 1076 1076 1076 833 833 833 1073 1073 1073 832 832 832 1063 1063 1063 1077 1077 1077 1073 1073 1073 832 832 832 1073 1073 1073 1077 1077 1077 1077 1077 1077 1063 1063 1063 1057 1057 1057 1057 1057 1057 1060 1060 1060 1077 1077 1077 1077 1077 1077 1078 1078 1078 832 832 832 1078 1078 1078 1077 1077 1077 1060 1060 1060 1060 1060 1060 1079 1079 1079 1078 1078 1078 1079 1079 1079 1060 1060 1060 1056 1056 1056 832 832 832 1078 1078 1078 1080 1080 1080 1056 1056 1056 1081 1081 1081 1079 1079 1079 1081 1081 1081 1056 1056 1056 1052 1052 1052 1082 1082 1082 1080 1080 1080 1078 1078 1078 1078 1078 1078 1083 1083 1083 1082 1082 1082 1084 1084 1084 1082 1082 1082 1083 1083 1083 1083 1083 1083 1079 1079 1079 1084 1084 1084 1085 1085 1085 1084 1084 1084 1079 1079 1079 1079 1079 1079 1086 1086 1086 1085 1085 1085 1087 1087 1087 1085 1085 1085 1086 1086 1086 1086 1086 1086 1081 1081 1081 1087 1087 1087 1052 1052 1052 1088 1088 1088 1081 1081 1081 1088 1088 1088 1052 1052 1052 1048 1048 1048 1089 1089 1089 1087 1087 1087 1081 1081 1081 1081 1081 1081 1088 1088 1088 1089 1089 1089 1048 1048 1048 1090 1090 1090 1088 1088 1088 1090 1090 1090 1048 1048 1048 1044 1044 1044 1091 1091 1091 1089 1089 1089 1088 1088 1088 1088 1088 1088 1092 1092 1092 1091 1091 1091 1093 1093 1093 1091 1091 1091 1092 1092 1092 1092 1092 1092 1090 1090 1090 1093 1093 1093 1044 1044 1044 1094 1094 1094 1090 1090 1090 1094 1094 1094 1044 1044 1044 1040 1040 1040 1095 1095 1095 1093 1093 1093 1090 1090 1090 1090 1090 1090 1096 1096 1096 1095 1095 1095 1097 1097 1097 1095 1095 1095 1096 1096 1096 1096 1096 1096 1094 1094 1094 1097 1097 1097 1040 1040 1040 1098 1098 1098 1094 1094 1094 1098 1098 1098 1040 1040 1040 1036 1036 1036 1099 1099 1099 1097 1097 1097 1094 1094 1094 1094 1094 1094 1100 1100 1100 1099 1099 1099 1099 1099 1099 1100 1100 1100 1098 1098 1098 1036 1036 1036 1101 1101 1101 1098 1098 1098 1101 1101 1101 1036 1036 1036 1032 1032 1032 1102 1102 1102 1099 1099 1099 1098 1098 1098 1098 1098 1098 1101 1101 1101 1102 1102 1102 1032 1032 1032 1103 1103 1103 1101 1101 1101 1103 1103 1103 1032 1032 1032 1024 1024 1024 1104 1104 1104 1102 1102 1102 1101 1101 1101 1101 1101 1101 1105 1105 1105 1104 1104 1104 1106 1106 1106 1104 1104 1104 1105 1105 1105 1105 1105 1105 1103 1103 1103 1106 1106 1106 1024 1024 1024 1107 1107 1107 1103 1103 1103 1107 1107 1107 1024 1024 1024 1021 1021 1021 1021 1021 1021 1022 1022 1022 1107 1107 1107 1108 1108 1108 1106 1106 1106 1103 1103 1103 1103 1103 1103 1109 1109 1109 1108 1108 1108 1110 1110 1110 1108 1108 1108 1109 1109 1109 1109 1109 1109 1107 1107 1107 1110 1110 1110 1107 1107 1107 1022 1022 1022 1111 1111 1111 1111 1111 1111 1110 1110 1110 1107 1107 1107 1112 1112 1112 1111 1111 1111 1022 1022 1022 1022 1022 1022 1113 1113 1113 1112 1112 1112 1114 1114 1114 1112 1112 1112 1113 1113 1113 1113 1113 1113 1020 1020 1020 1114 1114 1114 1115 1115 1115 1114 1114 1114 1020 1020 1020 1020 1020 1020 1116 1116 1116 1115 1115 1115 1117 1117 1117 1115 1115 1115 1116 1116 1116 1116 1116 1116 995 995 995 1117 1117 1117 988 988 988 1117 1117 1117 995 995 995 1118 1118 1118 1117 1117 1117 988 988 988 988 988 988 993 993 993 1118 1118 1118 1119 1119 1119 1114 1114 1114 1117 1117 1117 1117 1117 1117 1118 1118 1118 1119 1119 1119 1114 1114 1114 1119 1119 1119 1120 1120 1120 1120 1120 1120 1111 1111 1111 1114 1114 1114 1121 1121 1121 1119 1119 1119 1118 1118 1118 1111 1111 1111 1120 1120 1120 1122 1122 1122 1122 1122 1122 1110 1110 1110 1111 1111 1111 1123 1123 1123 1120 1120 1120 1119 1119 1119 1119 1119 1119 1121 1121 1121 1123 1123 1123 1124 1124 1124 1122 1122 1122 1120 1120 1120 1120 1120 1120 1123 1123 1123 1124 1124 1124 1110 1110 1110 1122 1122 1122 1125 1125 1125 1125 1125 1125 1106 1106 1106 1110 1110 1110 1122 1122 1122 1124 1124 1124 1126 1126 1126 1126 1126 1126 1125 1125 1125 1122 1122 1122 1106 1106 1106 1125 1125 1125 1127 1127 1127 1127 1127 1127 1102 1102 1102 1106 1106 1106 1125 1125 1125 1126 1126 1126 1128 1128 1128 1128 1128 1128 1127 1127 1127 1125 1125 1125 1102 1102 1102 1127 1127 1127 1129 1129 1129 1129 1129 1129 1099 1099 1099 1102 1102 1102 1127 1127 1127 1128 1128 1128 1130 1130 1130 1130 1130 1130 1129 1129 1129 1127 1127 1127 1099 1099 1099 1129 1129 1129 1131 1131 1131 1131 1131 1131 1097 1097 1097 1099 1099 1099 1129 1129 1129 1130 1130 1130 1132 1132 1132 1132 1132 1132 1131 1131 1131 1129 1129 1129 1097 1097 1097 1131 1131 1131 1133 1133 1133 1133 1133 1133 1093 1093 1093 1097 1097 1097 1131 1131 1131 1132 1132 1132 1134 1134 1134 1134 1134 1134 1133 1133 1133 1131 1131 1131 1093 1093 1093 1133 1133 1133 1135 1135 1135 1135 1135 1135 1089 1089 1089 1093 1093 1093 1133 1133 1133 1134 1134 1134 1136 1136 1136 1136 1136 1136 1135 1135 1135 1133 1133 1133 1089 1089 1089 1135 1135 1135 1137 1137 1137 1137 1137 1137 1087 1087 1087 1089 1089 1089 1135 1135 1135 1136 1136 1136 1138 1138 1138 1138 1138 1138 1137 1137 1137 1135 1135 1135 1087 1087 1087 1137 1137 1137 1139 1139 1139 1139 1139 1139 1084 1084 1084 1087 1087 1087 1137 1137 1137 1138 1138 1138 1140 1140 1140 1140 1140 1140 1139 1139 1139 1137 1137 1137 1084 1084 1084 1139 1139 1139 1141 1141 1141 1141 1141 1141 1080 1080 1080 1084 1084 1084 1139 1139 1139 1140 1140 1140 1142 1142 1142 1142 1142 1142 1141 1141 1141 1139 1139 1139 1143 1143 1143 1140 1140 1140 1138 1138 1138 1144 1144 1144 1142 1142 1142 1140 1140 1140 1140 1140 1140 1143 1143 1143 1144 1144 1144 1141 1141 1141 1142 1142 1142 1145 1145 1145 1138 1138 1138 1146 1146 1146 1143 1143 1143 1146 1146 1146 1138 1138 1138 1136 1136 1136 1080 1080 1080 1141 1141 1141 1147 1147 1147 1145 1145 1145 1147 1147 1147 1141 1141 1141 1136 1136 1136 1148 1148 1148 1146 1146 1146 1148 1148 1148 1136 1136 1136 1134 1134 1134 1147 1147 1147 1145 1145 1145 1149 1149 1149 1149 1149 1149 1150 1150 1150 1147 1147 1147 1151 1151 1151 1149 1149 1149 1145 1145 1145 1152 1152 1152 1147 1147 1147 1150 1150 1150 1147 1147 1147 1152 1152 1152 1080 1080 1080 1150 1150 1150 1153 1153 1153 1152 1152 1152 1080 1080 1080 1152 1152 1152 832 832 832 1153 1153 1153 1154 1154 1154 1152 1152 1152 832 832 832 1152 1152 1152 827 827 827 1154 1154 1154 827 827 827 1152 1152 1152 1145 1145 1145 1155 1155 1155 1151 1151 1151 1155 1155 1155 1145 1145 1145 1142 1142 1142 1156 1156 1156 1151 1151 1151 1155 1155 1155 1142 1142 1142 1144 1144 1144 1155 1155 1155 1155 1155 1155 1157 1157 1157 1156 1156 1156 1157 1157 1157 1155 1155 1155 1144 1144 1144 1158 1158 1158 1156 1156 1156 1157 1157 1157 1157 1157 1157 1159 1159 1159 1158 1158 1158 1160 1160 1160 1159 1159 1159 1157 1157 1157 1144 1144 1144 1161 1161 1161 1157 1157 1157 1157 1157 1157 1161 1161 1161 1160 1160 1160 1161 1161 1161 1144 1144 1144 1143 1143 1143 1162 1162 1162 1160 1160 1160 1161 1161 1161 1143 1143 1143 1163 1163 1163 1161 1161 1161 1161 1161 1161 1163 1163 1163 1162 1162 1162 1163 1163 1163 1143 1143 1143 1146 1146 1146 1146 1146 1146 1164 1164 1164 1163 1163 1163 1162 1162 1162 1163 1163 1163 1164 1164 1164 1164 1164 1164 1146 1146 1146 1148 1148 1148 1164 1164 1164 1165 1165 1165 1162 1162 1162 1148 1148 1148 1165 1165 1165 1164 1164 1164 1166 1166 1166 1162 1162 1162 1165 1165 1165 1165 1165 1165 1148 1148 1148 1167 1167 1167 1134 1134 1134 1167 1167 1167 1148 1148 1148 1167 1167 1167 1134 1134 1134 1132 1132 1132 1167 1167 1167 1168 1168 1168 1165 1165 1165 1165 1165 1165 1168 1168 1168 1166 1166 1166 1132 1132 1132 1169 1169 1169 1167 1167 1167 1168 1168 1168 1167 1167 1167 1169 1169 1169 1169 1169 1169 1132 1132 1132 1130 1130 1130 1169 1169 1169 1170 1170 1170 1168 1168 1168 1168 1168 1168 1170 1170 1170 1166 1166 1166 1130 1130 1130 1171 1171 1171 1169 1169 1169 1170 1170 1170 1169 1169 1169 1171 1171 1171 1171 1171 1171 1130 1130 1130 1128 1128 1128 1171 1171 1171 1172 1172 1172 1170 1170 1170 1166 1166 1166 1170 1170 1170 1172 1172 1172 1128 1128 1128 1173 1173 1173 1171 1171 1171 1172 1172 1172 1171 1171 1171 1173 1173 1173 1173 1173 1173 1128 1128 1128 1126 1126 1126 1173 1173 1173 1174 1174 1174 1172 1172 1172 1172 1172 1172 1174 1174 1174 1166 1166 1166 1126 1126 1126 1175 1175 1175 1173 1173 1173 1174 1174 1174 1173 1173 1173 1175 1175 1175 1175 1175 1175 1126 1126 1126 1124 1124 1124 1175 1175 1175 1176 1176 1176 1174 1174 1174 1174 1174 1174 1176 1176 1176 1166 1166 1166 1124 1124 1124 1177 1177 1177 1175 1175 1175 1176 1176 1176 1175 1175 1175 1177 1177 1177 1177 1177 1177 1124 1124 1124 1123 1123 1123 1177 1177 1177 1178 1178 1178 1176 1176 1176 1176 1176 1176 1178 1178 1178 1166 1166 1166 1123 1123 1123 1179 1179 1179 1177 1177 1177 1178 1178 1178 1177 1177 1177 1179 1179 1179 1179 1179 1179 1123 1123 1123 1121 1121 1121 1179 1179 1179 1180 1180 1180 1178 1178 1178 1166 1166 1166 1178 1178 1178 1180 1180 1180 1121 1121 1121 1181 1181 1181 1179 1179 1179 1180 1180 1180 1179 1179 1179 1181 1181 1181 1166 1166 1166 1180 1180 1180 1182 1182 1182 1181 1181 1181 1182 1182 1182 1180 1180 1180 1166 1166 1166 1182 1182 1182 1183 1183 1183 1183 1183 1183 1184 1184 1184 1166 1166 1166 1182 1182 1182 1181 1181 1181 1185 1185 1185 1185 1185 1185 1183 1183 1183 1182 1182 1182 1181 1181 1181 1121 1121 1121 1186 1186 1186 1186 1186 1186 1185 1185 1185 1181 1181 1181 1118 1118 1118 1186 1186 1186 1121 1121 1121 1186 1186 1186 1118 1118 1118 993 993 993 993 993 993 1187 1187 1187 1186 1186 1186 1185 1185 1185 1186 1186 1186 1187 1187 1187 994 994 994 1187 1187 1187 993 993 993 1187 1187 1187 994 994 994 1188 1188 1188 1187 1187 1187 1189 1189 1189 1185 1185 1185 1188 1188 1188 1189 1189 1189 1187 1187 1187 1183 1183 1183 1185 1185 1185 1189 1189 1189 1189 1189 1189 1188 1188 1188 1190 1190 1190 1189 1189 1189 1191 1191 1191 1183 1183 1183 1190 1190 1190 1191 1191 1191 1189 1189 1189 1184 1184 1184 1183 1183 1183 1191 1191 1191 1191 1191 1191 1190 1190 1190 1192 1192 1192 1191 1191 1191 1193 1193 1193 1184 1184 1184 1192 1192 1192 1193 1193 1193 1191 1191 1191</p>
        </triangles>
      </mesh>
    </geometry>
  </library_geometries>
  <library_materials>
    <material id="37fe8a6ce2d346ddb9a23d7ca30833fc" name="pbrmaterial">
      <instance_effect url="#8b6ae5f668d941fbba36266b35c428da"/>
    </material>
  </library_materials>
  <library_visual_scenes>
    <visual_scene id="scene">
      <node id="node0" name="node0">
        <instance_geometry url="#b86001d5f20a4caabe9617b91159c9a1">
          <bind_material>
            <technique_common>
              <instance_material symbol="material0" target="#37fe8a6ce2d346ddb9a23d7ca30833fc"/>
            </technique_common>
          </bind_material>
        </instance_geometry>
      </node>
    </visual_scene>
  </library_visual_scenes>
  <scene>
    <instance_visual_scene url="#scene"/>
  </scene>
</COLLADA>
