<COLLADA xmlns="http://www.collada.org/2005/11/COLLADASchema" version="1.4.1">
  <asset>
    <created>2026-09-25T14:22:25.714566</created>
    <modified>2026-09-25T14:22:25.714569</modified>
    <up_axis>Y_UP</up_axis>
  </asset>
  <library_effects>
    <effect id="faad9f674b6f4142be5697e014a9f7cb" name="faad9f674b6f4142be5697e014a9f7cb">
      <profile_COMMON>
        <technique sid="common">
          <phong>
            <ambient>
              <color>0.0 0.0 0.0 1.0</color>
            </ambient>
            <diffuse>
              <color>0.3137254901960784 0.27450980392156865 0.23529411764705882 1.0</color>
            </diffuse>
            <specular>
              <color>1.0 1.0 1.0 1.0</color>
            </specular>
            <shininess>
              <float>14.326531172011677</float>
            </shininess>
            <reflective>
              <color>0.0 0.0 0.0 1.0</color>
            </reflective>
            <reflectivity>
              <float>0.0</float>
            </reflectivity>
            <transparent>
              <color>0.0 0.0 0.0 1.0</color>
            </transparent>
            <transparency>
              <float>1.0</float>
            </transparency>
          </phong>
        </technique>
        <extra>
          <technique profile="GOOGLEEARTH">
            <double_sided>0</double_sided>
          </technique>
        </extra>
      </profile_COMMON>
    </effect>
  </library_effects>
  <library_geometries>
    <geometry id="c60b14eed9b64bed9b6eda96169920fc" name="26c84b1564c041b5b163555ce3cd65c8">
      <mesh>
        <source id="verts-array">
          <float_array count="3981" id="verts-array-array">0.0007788244 -0.003912252 0.007280006 -0.0007788221 -0.003912252 0.007280006 -0.002182213 -0.003236414 0.007280006 0.002182215 -0.003236414 0.007280006 -0.00315339 -0.002018597 0.007280006 -0.003499999 -0.0005000039 0.007280006 0.003153392 -0.002018597 0.007280006 0.003500001 -0.0005000039 0.007280006 -0.003499999 0.005156851 0.007280006 0.003500001 0.005156851 0.007280006 -0.00355719 0.005490184 0.007280006 0.003557192 0.005490184 0.007280006 -0.003722221 0.00578539 0.007280006 -0.005085356 0.007171525 0.007280006 -0.006962725 0.008411401 0.007280006 -0.008499999 0.009499996 0.007280006 0.003722223 0.00578539 0.007280006 0.005095177 0.007179725 0.007280006 -0.008772726 0.00912091 0.007280006 0.006987343 0.008423892 0.007280006 -0.008882683 0.009576117 0.007280006 0.008500001 0.009499996 0.007280006 -0.009150124 0.009323175 0.007280006 0.008743448 0.009112562 0.007280006 -0.009207105 0.009792889 0.007280006 0.008882685 0.009576117 0.007280006 -0.009408329 0.009664747 0.007280006 0.009007598 0.00923082 0.007280006 -0.009499999 0.010083 0.007280006 0.009258376 0.009455161 0.007280006 -0.009423878 0.01011731 0.007280006 -0.009499999 0.0105 0.007280006 0.009207107 0.009792889 0.007280006 0.009420722 0.009748126 0.007280006 0.00947707 0.01007834 0.007280006 0.00942388 0.01011731 0.007280006 0.00947707 0.01028707 0.007280006 0.009067331 0.009523674 -0.006319994 0.009169867 0.009757515 -0.006319994 0.008882685 0.009576117 -0.006319994 0.008829042 0.009245708 -0.006319994 0.0085 0.009499996 -0.006319994 0.008756494 0.009189219 -0.006319994 0.008382938 0.009001782 -0.006319994 0.007011493 0.008436064 -0.006319994 -0.0085 0.009499996 -0.006319994 0.005388889 0.007415444 -0.006319994 -0.009014468 0.009443776 -0.006319994 -0.008882683 0.009576117 -0.006319994 -0.009169865 0.009757515 -0.006319994 0.005102473 0.007064858 -0.006319994 -0.008767525 0.009197254 -0.006319994 -0.008382937 0.009001782 -0.006319994 -0.007011499 0.008436068 -0.006319994 -0.005388888 0.007415444 -0.006319994 -0.005102471 0.007064858 -0.006319994 0.005 0.006623899 -0.006319994 -0.004999999 0.006623899 -0.006319994 0.005 -0.0005000039 -0.006319994 -0.004999999 -0.0005000039 -0.006319994 -0.004504843 -0.002669423 -0.006319994 -0.003117448 -0.00440916 -0.006319994 0.004504845 -0.002669423 -0.006319994 0.00311745 -0.00440916 -0.006319994 0.001112605 -0.005374643 -0.006319994 -0.001112604 -0.005374643 -0.006319994 0.007295622 0.0135 0.01093137 0.008612471 0.0135 0.01000917 0.009378132 0.0135 0.008595552 0.006000001 0.0135 0.01118001 0.009500001 0.0135 0.007680006 -0.005999999 0.0135 0.01118001 -0.009499999 0.0135 0.007680006 0.009500001 0.0135 -0.007719994 -0.009283668 0.0135 0.008891416 -0.007211408 0.0135 0.01096368 -0.008474872 0.0135 0.01015488 -0.009499999 0.0135 -0.007719994 -0.006 0.0135 -0.01121999 -0.009494061 0.0135 -0.007923795 0.006000001 0.0135 -0.01121999 -0.007067026 0.0135 -0.01105338 0.009494062 0.0135 -0.007923796 -0.009137465 0.0135 -0.009271223 -0.008283299 0.0135 -0.01037264 0.007067027 0.0135 -0.01105338 0.009137466 0.0135 -0.009271223 0.0082833 0.0135 -0.01037264 -0.009496115 0.01008235 -0.007555148 -0.009399128 0.01006231 -0.006885772 -0.009496264 0.01041365 -0.007558349 -0.009475531 0.0100781 -0.007922757 -0.009499984 0.01049442 -0.007709559 -0.009499999 0.0105 -0.007719994 -0.009494061 0.0135 -0.007923795 -0.009455859 0.01007405 -0.008274104 -0.009137465 0.0135 -0.009271223 -0.009271162 0.01003531 -0.008964783 -0.00912064 0.01000171 -0.009262725 -0.008942901 0.009962033 -0.009614547 -0.008283299 0.0135 -0.01037264 -0.008550309 0.009866725 -0.01011706 -0.008271309 0.009791732 -0.0103588 -0.007067026 0.0135 -0.01105338 -0.0080096 0.009721387 -0.01058557 -0.007384146 0.009532325 -0.01093467 -0.007061622 0.009421787 -0.01103623 -0.006 0.0135 -0.01121999 -0.006707457 0.009300406 -0.01114775 -0.006 0.009026276 -0.01121999 -0.009499999 0.0135 -0.007719994 -0.009499999 0.0105 0.007280006 -0.009499984 0.01049442 -0.007709559 -0.009496264 0.01041365 -0.007558349 -0.009415089 0.01012005 -0.006996294 -0.009423878 0.01011731 0.007280006 -0.009399128 0.01006231 -0.006885772 -0.009207105 0.009792889 0.007280006 -0.009207007 0.009792966 -0.006389059 -0.008882683 0.009576117 0.007280006 -0.009169865 0.009757515 -0.006319994 -0.008882683 0.009576117 -0.006319994 -0.0085 0.009499996 -0.006319994 -0.008499999 0.009499996 0.007280006 0.008500001 0.009499996 0.007280006 0.0085 0.009499996 -0.006319994 0.008882685 0.009576117 -0.006319994 0.008882685 0.009576117 0.007280006 0.009169867 0.009757515 -0.006319994 0.009207107 0.009792889 0.007280006 0.009201399 0.009797631 -0.006393993 0.00942388 0.01011731 0.007280006 0.00937971 0.01002448 -0.006812451 0.009399129 0.01006231 -0.006885772 0.009423242 0.01011759 -0.006994252 0.00947707 0.01028707 0.007280006 0.009432447 0.01013869 -0.007035662 0.009499986 0.01049442 -0.00770956 0.009500001 0.0105 -0.007719994 0.009499986 0.01049442 0.007669571 0.009500001 0.0105 0.007680006 0.009500001 0.0135 -0.007719994 0.009494062 0.0135 -0.007923796 0.009475761 0.01007817 -0.007922532 0.009499986 0.01049442 -0.00770956 0.009448422 0.01007272 -0.008318644 0.009497968 0.01008259 -0.007600749 0.009432447 0.01013869 -0.007035662 0.009399129 0.01006231 -0.006885772 0.009137466 0.0135 -0.009271223 0.009289211 0.01003955 -0.008916282 0.00912185 0.01000237 -0.009263701 0.008985642 0.009972108 -0.009546451 0.0082833 0.0135 -0.01037264 0.008554008 0.009867704 -0.01011312 0.008271313 0.00979179 -0.01035885 0.007067027 0.0135 -0.01105338 0.008014264 0.009722763 -0.01058229 0.007478783 0.009562441 -0.01089225 0.007061871 0.009422442 -0.01103866 0.006000001 0.0135 -0.01121999 0.006829347 0.00934436 -0.01112032 0.006116847 0.009073958 -0.01121804 0.006000001 0.009026276 -0.01121999 0.006180306 0.008713977 -0.01114826 0.006116847 0.009073958 -0.01121804 0.006829347 0.00934436 -0.01112032 0.006989714 0.009050394 -0.01101857 0.006861264 0.009355078 -0.01110911 0.007478783 0.009562441 -0.01089225 0.006191343 0.008694862 -0.01114387 0.007775703 0.00932968 -0.01067611 0.00769841 0.009628197 -0.01076512 0.008014264 0.009722763 -0.01058229 0.006353554 0.008413903 -0.0109271 0.008475942 0.009540707 -0.01012409 0.008448246 0.009839303 -0.01020505 0.008554008 0.009867704 -0.01011312 0.008985642 0.009972108 -0.009546451 0.007078458 0.008757698 -0.01079699 0.007785688 0.009038004 -0.01047286 0.009023372 0.009682028 -0.009386497 0.009033367 0.009982711 -0.009447381 0.009289211 0.01003955 -0.008916282 0.008417064 0.00924831 -0.009956699 0.009360804 0.009759147 -0.008510751 0.009389811 0.01006051 -0.008538654 0.009448422 0.01007272 -0.008318644 0.008911652 0.009388125 -0.009269795 0.009449244 0.009778122 -0.007567345 0.009497968 0.01008259 -0.007600749 0.009492589 0.01008149 -0.007561835 0.009399129 0.01006231 -0.006885772 0.00937971 0.01002448 -0.006812451 0.009216997 0.009463921 -0.008455268 0.009278084 0.009740935 -0.006636443 0.009295759 0.009917678 -0.006615437 0.009169867 0.009757515 -0.006319994 0.009151001 0.00971449 -0.006319994 0.009142107 0.009446061 -0.00671244 0.009067331 0.009523674 -0.006319994 0.008974023 0.00941483 -0.006319994 0.009297091 0.009482501 -0.007578058 0.008919752 0.009217607 -0.006811088 0.008829042 0.009245708 -0.006319994 0.008756494 0.009189219 -0.006319994 0.008710529 0.009166156 -0.006319994 0.008616983 0.009075392 -0.006810338 0.008382938 0.009001782 -0.006319994 0.008641605 0.009082611 -0.006918016 0.008756406 0.009116269 -0.007420072 0.008616983 0.009075392 -0.006810338 0.007011493 0.008436064 -0.006319994 0.009056265 0.009253125 -0.007591944 0.008755317 0.009115958 -0.007606537 0.00875272 0.009115216 -0.008051871 0.008985725 0.00923501 -0.008383309 0.008692271 0.009097445 -0.008302748 0.008606419 0.009072205 -0.008659063 0.008606419 0.009072205 -0.008659063 0.008371592 0.008998051 -0.009138443 0.008716648 0.009161196 -0.009117783 0.008463634 0.009027117 -0.008950545 0.008371592 0.008998051 -0.009138443 0.008280481 0.00902529 -0.009735895 0.008085434 0.008897555 -0.009493029 0.008002575 0.008868455 -0.009595701 0.007723703 0.008821335 -0.01019738 0.007603033 0.008708125 -0.009897387 0.007551275 0.008687356 -0.009936468 0.007551275 0.008687356 -0.009936468 0.007042556 0.008451599 -0.01014771 0.007101185 0.008550232 -0.01048183 0.007059202 0.008459314 -0.0101408 0.007011971 0.008435175 -0.01015179 0.0065 0.00816025 -0.01021999 0.006463219 0.008223957 -0.01058982 0.00646194 0.008226173 -0.01060268 0.005388889 0.007415444 -0.006319994 0.005388889 0.007415444 -0.01021999 0.005102473 0.007064858 -0.01021999 0.005102473 0.007064858 -0.006319994 0.005342372 0.007475697 -0.01060268 0.0052099 0.007647283 -0.0109271 0.005034153 0.007098424 -0.01060268 0.005 0.006623899 -0.01021999 0.005 0.006623899 -0.006319994 0.00501164 0.007904078 -0.01114387 0.004839594 0.007194012 -0.0109271 0.004777778 0.00820699 -0.01121999 0.004548414 0.007337069 -0.01114387 0.00492388 0.006623899 -0.01060268 0.004707107 0.006623899 -0.0109271 0.004204946 0.007505817 -0.01121999 0.00492388 -0.0005000039 -0.01060268 0.004382684 0.006623899 -0.01114387 -0.004204945 0.007505817 -0.01121999 0.004000001 0.006623899 -0.01121999 0.004382684 -0.0005000039 -0.01114387 0.004707107 -0.0005000039 -0.0109271 0.004000001 -0.0005000039 -0.01121999 0.004476725 -0.001954579 -0.0109271 -0.003999999 0.006623899 -0.01121999 0.00416818 -0.001854328 -0.01114387 0.004682888 -0.002021566 -0.01060268 0.00380813 -0.003266772 -0.0109271 0.003983503 -0.003394189 -0.01060268 0.004755283 -0.002045089 -0.01021999 0.004045086 -0.003438931 -0.01021999 0.005 -0.0005000039 -0.01021999 0.005 -0.0005000039 -0.006319994 0.004504845 -0.002669423 -0.006319994 0.004451117 -0.002642047 -0.01021999 0.00311745 -0.00440916 -0.006319994 0.003096152 -0.004387863 -0.01021999 0.002938927 -0.004545089 -0.01021999 0.001545086 -0.005255287 -0.01021999 0.002894185 -0.004483505 -0.01060268 0.001112605 -0.005374643 -0.006319994 0.001104747 -0.00532503 -0.01021999 5.691995e-10 -0.005500004 -0.01021999 -0.001112604 -0.005374643 -0.006319994 0.001521563 -0.005182892 -0.01060268 -0.001104746 -0.00532503 -0.01021999 -0.001545084 -0.005255287 -0.01021999 -0.003117448 -0.00440916 -0.006319994 5.561008e-10 -0.005423883 -0.01060268 0.002766768 -0.004308134 -0.0109271 0.001454577 -0.004976729 -0.0109271 0.003545666 -0.003076081 -0.01114387 0.002576077 -0.004045669 -0.01114387 0.003804226 -0.001736072 -0.01121999 0.003236069 -0.002851145 -0.01121999 -0.003236067 -0.002851145 -0.01121999 0.002351142 -0.003736073 -0.01121999 0.001354324 -0.004668184 -0.01114387 0.001236069 -0.00430423 -0.01121999 5.449963e-10 -0.005207111 -0.0109271 5.375764e-10 -0.004882687 -0.01114387 -0.001521562 -0.005182892 -0.01060268 -0.001454575 -0.004976729 -0.0109271 5.34971e-10 -0.004500004 -0.01121999 -0.002938926 -0.004545089 -0.01021999 -0.003096151 -0.004387863 -0.01021999 -0.004045084 -0.003438931 -0.01021999 -0.002894183 -0.004483505 -0.01060268 -0.004504843 -0.002669423 -0.006319994 -0.004451116 -0.002642047 -0.01021999 -0.004755282 -0.002045089 -0.01021999 -0.004999999 -0.0005000039 -0.006319994 -0.003983502 -0.003394189 -0.01060268 -0.002766767 -0.004308134 -0.0109271 -0.004999999 -0.0005000039 -0.01021999 -0.004999999 0.006623899 -0.006319994 -0.004682887 -0.002021566 -0.01060268 -0.003808129 -0.003266772 -0.0109271 -0.001354323 -0.004668184 -0.01114387 -0.002576076 -0.004045669 -0.01114387 -0.001236068 -0.00430423 -0.01121999 -0.00235114 -0.003736073 -0.01121999 -0.003545665 -0.003076081 -0.01114387 -0.004476724 -0.001954579 -0.0109271 -0.004168179 -0.001854328 -0.01114387 -0.004923879 -0.0005000039 -0.01060268 -0.004707106 -0.0005000039 -0.0109271 -0.003804225 -0.001736072 -0.01121999 -0.004382683 -0.0005000039 -0.01114387 -0.003999999 -0.0005000039 -0.01121999 -0.004382683 0.006623899 -0.01114387 -0.004707106 0.006623899 -0.0109271 -0.004548413 0.007337069 -0.01114387 -0.004839592 0.007194012 -0.0109271 -0.004923879 0.006623899 -0.01060268 -0.005034152 0.007098424 -0.01060268 -0.004999999 0.006623899 -0.01021999 -0.005102471 0.007064858 -0.01021999 -0.005102471 0.007064858 -0.006319994 -0.005388888 0.007415444 -0.01021999 -0.005388888 0.007415444 -0.006319994 -0.005342371 0.007475697 -0.01060268 -0.0065 0.00816025 -0.01021999 -0.007011499 0.008436068 -0.006319994 -0.005209898 0.007647283 -0.0109271 -0.006461939 0.008226173 -0.01060268 -0.00501164 0.007904078 -0.01114387 -0.006353553 0.008413903 -0.0109271 -0.004777777 0.00820699 -0.01121999 -0.006191342 0.008694862 -0.01114387 -0.006989712 0.009050394 -0.01101857 -0.006180305 0.008713977 -0.01114826 -0.006707457 0.009300406 -0.01114775 -0.006859379 0.009352473 -0.01109991 -0.007384146 0.009532325 -0.01093467 -0.007775701 0.00932968 -0.01067611 -0.007696451 0.009626728 -0.01076035 -0.0080096 0.009721387 -0.01058557 -0.007078457 0.008757698 -0.01079699 -0.00847594 0.009540707 -0.01012409 -0.00844847 0.009839351 -0.0102053 -0.008550309 0.009866725 -0.01011706 -0.008942901 0.009962033 -0.009614547 -0.007785687 0.009038004 -0.01047286 -0.007101183 0.008550232 -0.01048183 -0.006463218 0.008223957 -0.01058981 -0.00902337 0.009682028 -0.009386496 -0.009028728 0.009981193 -0.00944466 -0.009271162 0.01003531 -0.008964783 -0.008417063 0.00924831 -0.009956698 -0.009360803 0.009759147 -0.00851075 -0.009385448 0.01005928 -0.008537405 -0.009455859 0.01007405 -0.008274104 -0.00891165 0.009388125 -0.009269795 -0.007723703 0.008821335 -0.01019738 -0.008280479 0.00902529 -0.009735895 -0.009216996 0.009463921 -0.008455267 -0.007494516 0.008662753 -0.009967959 -0.007059645 0.008459993 -0.01014262 -0.007600768 0.008706112 -0.009892606 -0.007056401 0.00845848 -0.01014392 -0.007951126 0.008849087 -0.009644134 -0.008083244 0.008896219 -0.009490175 -0.008330227 0.008984327 -0.009202365 -0.008716648 0.009161196 -0.009117782 -0.008459551 0.009025476 -0.008947962 -0.008606434 0.009072211 -0.008659016 -0.008985724 0.00923501 -0.008383309 -0.008696751 0.009098808 -0.008303743 -0.008743626 0.009112613 -0.00811935 -0.00929709 0.009482501 -0.007578058 -0.009056264 0.009253125 -0.007591944 -0.008759294 0.009117088 -0.007606265 -0.00876292 0.009118125 -0.007487449 -0.009449242 0.009778122 -0.007567344 -0.009495773 0.01008228 -0.007561252 -0.009496115 0.01008235 -0.007555148 -0.009399128 0.01006231 -0.006885772 -0.009278082 0.009740935 -0.006636442 -0.009294649 0.009915835 -0.00661565 -0.009206573 0.009792356 -0.006387935 -0.009148979 0.009715346 -0.006319994 -0.009169865 0.009757515 -0.006319994 -0.009142105 0.009446061 -0.006712439 -0.009014468 0.009443776 -0.006319994 -0.008981615 0.009410978 -0.006319994 -0.008919751 0.009217607 -0.006811087 -0.008767525 0.009197254 -0.006319994 -0.008709176 0.009167598 -0.006319994 -0.008647203 0.009084382 -0.006916485 -0.008638485 0.009081841 -0.006873469 -0.008382937 0.009001782 -0.006319994 -0.008638485 0.009081841 -0.006873469 -0.008606434 0.009072211 -0.008659016 -0.008330227 0.008984327 -0.009202365 -0.007494516 0.008662753 -0.009967959 -0.007012189 0.008434783 -0.01014996 0.009492821 0.01008156 0.007455927 0.00947707 0.01007834 0.007280006 0.00947707 0.01028707 0.007280006 0.009499986 0.01049442 0.007669571 0.009465777 0.01007622 0.008168259 0.009360746 0.0100544 0.008591235 0.009378132 0.0135 0.008595552 0.009291595 0.01004003 0.008869715 0.009500001 0.0135 0.007680006 0.008612471 0.0135 0.01000917 0.008977534 0.009970188 0.009519652 0.008604995 0.009879885 0.01000341 0.008539215 0.00986394 0.01008882 0.007295622 0.0135 0.01093137 0.007995827 0.009717483 0.01055519 0.007369258 0.009527552 0.01090105 0.007293521 0.009501563 0.0109247 0.006000001 0.0135 0.01118001 0.00670711 0.009300336 0.01110783 0.006000001 0.009026276 0.01118001 -0.002944443 0.006413929 0.01118001 0.009500001 0.01748578 -0.007719994 -0.002614381 0.005823517 0.01118001 0.009500001 0.01748578 0.007680006 0.004351872 0.007860872 0.01118001 0.009436531 0.01748578 0.008343527 0.006191344 0.008694862 0.01110389 0.009233579 0.0135 0.009019397 0.006694743 0.009295544 0.0111091 0.006184911 0.008706002 0.01110644 0.00683625 0.008981659 0.01101658 0.00670711 0.009300336 0.01110783 0.007369258 0.009527552 0.01090105 0.004600551 0.007570003 0.01110389 0.007479898 0.009221934 0.01079005 0.007384397 0.009532141 0.01089269 0.007995827 0.009717483 0.01055519 0.006353555 0.008413903 0.01088711 0.006939535 0.008689868 0.0107906 0.008080618 0.009418305 0.01042848 0.008028409 0.009726265 0.01052723 0.008539215 0.00986394 0.01008882 0.007517925 0.008931342 0.01057511 0.008612747 0.009570721 0.009931442 0.008596344 0.009877788 0.01001464 0.008977534 0.009970188 0.009519652 0.008058649 0.009127614 0.0102361 0.009034717 0.0096777 0.009320686 0.009044336 0.009985044 0.009381409 0.009291595 0.01004003 0.008869715 0.008538448 0.009279087 0.009772679 0.009319296 0.009743093 0.008621139 0.009344739 0.01005107 0.008655699 0.009465777 0.01007622 0.008168259 0.008919516 0.009384791 0.009204559 0.009445083 0.009770294 0.007867923 0.009476913 0.01007842 0.007874948 0.009492821 0.01008156 0.007455927 0.009423933 0.009766945 0.007280006 0.00947707 0.01007834 0.007280006 0.009420722 0.009748126 0.007280006 0.009176831 0.009449068 0.008554421 0.009290654 0.00947571 0.007854596 0.009258376 0.009455161 0.007280006 0.008721518 0.009159876 0.00905419 0.009048366 0.009248418 0.007837419 0.00902369 0.009245214 0.007280006 0.009007598 0.00923082 0.007280006 0.008948168 0.009222452 0.008468347 0.008760161 0.009117336 0.007820048 0.008743448 0.009112562 0.007280006 0.008762987 0.009118143 0.007911401 0.00866874 0.009090661 0.008376868 0.008638323 0.009081791 0.008527091 0.008469434 0.009028852 0.008891769 0.008380049 0.009000833 0.009084776 0.008385631 0.009057147 0.009565301 0.008179353 0.008930954 0.009341552 0.008044574 0.008884027 0.009513992 0.0079626 0.008910235 0.009980491 0.007811509 0.008792601 0.009704764 0.007653387 0.008730574 0.009834192 0.007486189 0.008720304 0.01028129 0.007395072 0.008615436 0.009962526 0.007206741 0.008531492 0.01005609 0.006977702 0.008487236 0.01046796 0.006736706 0.008292666 0.01016644 0.006461941 0.008226173 0.01056269 0.006464135 0.008222372 0.01054063 0.006500002 0.00816025 0.01018001 0.004811371 0.007323415 0.01088711 0.004952237 0.007158651 0.01056269 0.006987343 0.008423892 0.007280006 0.006988909 0.00842081 0.01010723 0.007206741 0.008531492 0.01005609 0.008044574 0.008884027 0.009513992 0.008638323 0.009081791 0.008527091 0.008762987 0.009118143 0.007911401 0.008743448 0.009112562 0.007280006 0.005095177 0.007179725 0.007280006 0.005101228 0.007171168 0.01018001 0.005001702 0.007100793 0.01018001 0.003722223 0.00578539 0.007280006 0.003722223 0.00578539 0.01018001 0.003557192 0.005490184 0.007280006 0.003663019 0.005833234 0.01056269 0.003557192 0.005490184 0.01018001 0.003500001 0.005156851 0.007280006 0.003485425 0.005515557 0.01056269 0.003494418 0.005969485 0.01088711 0.00328105 0.005587815 0.01088711 0.003242088 0.006173398 0.01110389 0.002975181 0.005695956 0.01110389 0.002944445 0.006413929 0.01118001 0.002614383 0.005823517 0.01118001 0.002500001 0.005156851 0.01118001 0.002882685 0.005156851 0.01110389 0.003207108 0.005156851 0.01088711 0.002882685 -0.0005000039 0.01110389 0.003423881 0.005156851 0.01056269 0.003207108 -0.0005000039 0.01088711 0.003500001 0.005156851 0.01018001 0.003423881 -0.0005000039 0.01056269 0.003500001 -0.0005000039 0.01018001 0.003500001 -0.0005000039 0.007280006 0.003288926 -0.001697074 0.01018001 0.003153392 -0.002018597 0.007280006 0.003217396 -0.001671039 0.01056269 0.003115819 -0.001996903 0.01018001 0.002681157 -0.00274976 0.01018001 0.002182215 -0.003236414 0.007280006 0.002622845 -0.00270083 0.01056269 0.002148736 -0.003196514 0.01018001 0.001750001 -0.003531094 0.01018001 0.0007788244 -0.003912252 0.007280006 0.001711941 -0.00346517 0.01056269 0.0007699285 -0.00388781 0.01018001 0.0006077698 -0.003946831 0.01018001 0.0005945517 -0.003871867 0.01056269 -0.0006077673 -0.003946831 0.01018001 -0.0007788221 -0.003912252 0.007280006 -0.0005945492 -0.003871867 0.01056269 -0.000769926 -0.00388781 0.01018001 -0.001749999 -0.003531094 0.01018001 -0.002182213 -0.003236414 0.007280006 -0.001711939 -0.00346517 0.01056269 -0.002148733 -0.003196514 0.01018001 -0.002681154 -0.00274976 0.01018001 -0.00315339 -0.002018597 0.007280006 -0.002622843 -0.00270083 0.01056269 -0.003115816 -0.001996903 0.01018001 -0.003288923 -0.001697074 0.01018001 -0.003499999 -0.0005000039 0.007280006 -0.003217393 -0.001671039 0.01056269 -0.003499999 -0.0005000039 0.01018001 -0.003499999 0.005156851 0.007280006 -0.003423878 -0.0005000039 0.01056269 -0.003499999 0.005156851 0.01018001 -0.00355719 0.005490184 0.007280006 -0.003207106 -0.0005000039 0.01088711 -0.00355719 0.005490184 0.01018001 -0.003722221 0.00578539 0.007280006 -0.003423878 0.005156851 0.01056269 -0.003485423 0.005515557 0.01056269 -0.003722221 0.00578539 0.01018001 -0.003663016 0.005833234 0.01056269 -0.005001699 0.007100793 0.01018001 -0.005085356 0.007171525 0.007280006 -0.004952235 0.007158651 0.01056269 -0.005090814 0.007163806 0.01018001 -0.006499998 0.00816025 0.01018001 -0.006461938 0.008226173 0.01056269 -0.006962725 0.008411401 0.007280006 -0.006353552 0.008413903 0.01088711 -0.006963838 0.008409326 0.01011845 -0.007042645 0.008451644 0.010108 -0.007042645 0.008451644 0.010108 -0.006463447 0.008223561 0.01054753 -0.007552595 0.008687924 0.009895742 -0.007391903 0.008681905 0.01033145 -0.007311238 0.008576094 0.009996201 -0.007409561 0.008891809 0.01062894 -0.008003815 0.008868918 0.009554498 -0.008368719 0.008997106 0.009102872 -0.008237073 0.009009927 0.009739255 -0.008003815 0.008868918 0.009554498 -0.008051557 0.00888569 0.009495407 -0.008598299 0.009069747 0.008640493 -0.008748103 0.009113897 0.00804686 -0.008772726 0.00912091 0.007680006 -0.008772726 0.00912091 0.007280006 -0.009150124 0.009323175 0.007680006 -0.009150124 0.009323175 0.007280006 -0.009048698 0.009268817 0.007680006 -0.008748103 0.009113897 0.00804686 -0.009408329 0.009664747 0.007680006 -0.009408329 0.009664747 0.007280006 -0.009001276 0.009238365 0.008261091 -0.008598299 0.009069747 0.008640493 -0.009234109 0.009465265 0.008323877 -0.009279226 0.009493961 0.007680006 -0.008838649 0.009194911 0.008810314 -0.008579099 0.009063672 0.008679163 -0.009049624 0.009420667 0.008932601 -0.00875379 0.009343089 0.009488747 -0.009380584 0.009758212 0.008372509 -0.009176804 0.009712769 0.009027112 -0.009432965 0.009777153 0.007680006 -0.009499999 0.010083 0.007680006 -0.009499999 0.010083 0.007280006 -0.009426923 0.01006834 0.008391476 -0.0094241 0.01006774 0.008400389 -0.009211345 0.01002274 0.00907186 -0.009499999 0.0135 0.007680006 -0.009426923 0.01006834 0.008391476 -0.00887142 0.009945433 0.009681243 -0.008849715 0.009634058 0.009624876 -0.008855045 0.00994137 0.009700472 -0.008433482 0.00983677 0.01019559 -0.00836781 0.009230394 0.009964156 -0.008422406 0.009520301 0.01013519 -0.008395491 0.009826264 0.0102253 -0.007910525 0.009079536 0.01034801 -0.007915407 0.00936882 0.01054599 -0.007854753 0.009676743 0.01064815 -0.007392426 0.009030043 0.01075004 -0.007853412 0.009676325 0.01064881 -0.00626828 0.008561599 0.01100107 -0.007359123 0.009181282 0.01084466 -0.006191341 0.008694862 0.01110389 -0.007312402 0.009337355 0.01091018 -0.007254825 0.009489779 0.01094419 -0.007227296 0.0094812 0.01095777 -0.006557516 0.009245195 0.01113532 -0.006089115 0.008871923 0.01114455 -0.005999999 0.009026276 0.01118001 -0.004811368 0.007323415 0.01088711 -0.004600549 0.007570003 0.01110389 -0.003494415 0.005969485 0.01088711 -0.00435187 0.007860872 0.01118001 -0.003281047 0.005587815 0.01088711 -0.003242086 0.006173398 0.01110389 -0.003207106 0.005156851 0.01088711 -0.002975178 0.005695956 0.01110389 -0.005999999 0.0135 0.01118001 -0.006557516 0.009245195 0.01113532 -0.007210983 0.009475452 0.0109621 -0.002882682 0.005156851 0.01110389 -0.002499999 0.005156851 0.01118001 -0.002882682 -0.0005000039 0.01110389 0.002500001 -0.0005000039 0.01118001 -0.002499999 -0.0005000039 0.01118001 0.002349233 -0.001355054 0.01118001 0.002708838 -0.00148594 0.01110389 0.001915112 -0.002106973 0.01118001 0.003013696 -0.0015969 0.01088711 0.002208265 -0.002352957 0.01110389 0.002456788 -0.002561493 0.01088711 0.001250001 -0.002665068 0.01118001 0.001441343 -0.002996481 0.01110389 0.001603555 -0.003277439 0.01088711 0.0004341217 -0.002962023 0.01118001 0.000500574 -0.003338892 0.01110389 0.0005569095 -0.003658388 0.01088711 -0.0004341191 -0.002962023 0.01118001 -0.0005005714 -0.003338892 0.01110389 -0.000556907 -0.003658388 0.01088711 -0.001249999 -0.002665068 0.01118001 -0.00144134 -0.002996481 0.01110389 -0.001603552 -0.003277439 0.01088711 -0.00191511 -0.002106973 0.01118001 -0.002208262 -0.002352957 0.01110389 -0.002456785 -0.002561493 0.01088711 -0.00234923 -0.001355054 0.01118001 -0.002708835 -0.00148594 0.01110389 -0.003013693 -0.0015969 0.01088711 0.009233579 0.0135 0.009019397 0.008474875 0.0135 0.01015488 0.007339393 0.0135 0.01091359 0.006000001 0.0135 0.01118001 0.009500001 0.0135 0.007680006 -0.005999999 0.0135 0.01118001 -0.009499999 0.0135 0.007680006 -0.007339391 0.0135 0.01091359 -0.008474872 0.0135 0.01015488 -0.009233577 0.0135 0.009019399 -0.009499999 0.0135 -0.007719994 -0.009233577 0.0135 -0.009059386 -0.008474873 0.0135 -0.01019487 -0.007339391 0.0135 -0.01095357 -0.006 0.0135 -0.01121999 0.006000001 0.0135 -0.01121999 0.009500001 0.0135 -0.007719994 0.007339393 0.0135 -0.01095357 0.008474874 0.0135 -0.01019487 0.009233579 0.0135 -0.009059386 0.009210431 0.0299985 -0.00582376 0.009388782 0.02942931 -0.005578325 0.009388889 0.02942893 -0.01021999 0.008844126 0.03090413 -0.006058918 0.008844125 0.03090413 -0.01021999 0.0085 0.03157624 -0.006119994 0.008069285 0.03227258 -0.01021999 0.008069286 0.03227258 -0.006119994 0.009318171 0.02940912 -0.01059614 0.007350754 0.03291708 -0.01021999 0.007350754 0.03291708 -0.006119994 0.008006287 0.03222985 -0.01060268 0.006414048 0.03315 -0.01021999 0.006414048 0.03315 -0.006119994 -0.006414046 0.03315 -0.006119994 0.007316359 0.0328522 -0.01059614 0.008007406 0.03223061 -0.01059587 0.006414048 0.03307656 -0.01059614 -0.006414047 0.03315 -0.01021999 -0.007345581 0.03291981 -0.006119994 -0.007345242 0.03291845 -0.01021999 -0.007350754 0.03291708 -0.01021999 -0.008069284 0.03227258 -0.006119994 -0.006414047 0.03307656 -0.01059614 -0.008069284 0.03227258 -0.01021999 -0.0085 0.03157624 -0.006119994 -0.007316358 0.0328522 -0.01059614 -0.008007405 0.03223061 -0.01059587 -0.008006286 0.03222985 -0.01060268 -0.008844124 0.03090413 -0.01021999 -0.008844124 0.03090413 -0.006058917 -0.008775076 0.03087209 -0.01060268 -0.009388888 0.02942893 -0.01021999 -0.009207105 0.03000806 -0.005827101 -0.009388781 0.02942931 -0.005578322 -0.009315587 0.0294084 -0.01060268 -0.008578443 0.03078085 -0.0109271 -0.009106844 0.02934995 -0.0109271 -0.009423879 0.02862003 -0.01060268 -0.009207105 0.02862003 -0.0109271 -0.008882684 0.02862003 -0.01114387 -0.009207105 0.01893553 -0.0109271 -0.009423879 0.0188758 -0.01060268 -0.008882684 0.0188758 -0.01114387 -0.009499999 0.02862003 -0.01021999 -0.009388781 0.02942931 -0.005578322 -0.009493989 0.02880982 -0.005229461 -0.009499984 0.02862951 -0.00512547 -0.009499999 0.01870116 -0.01021999 -0.009499999 0.02862003 -0.005119993 -0.009499999 0.01819289 -0.009181513 -0.009499999 0.01770654 -0.008136301 -0.009499999 0.01749136 -0.007730429 -0.009499999 0.01748578 -0.007719994 -0.0085 0.02862003 -0.01121999 -0.0085 0.01870116 -0.01121999 -0.007461519 0.01819289 -0.01121999 -0.008794435 0.02926248 -0.01114387 -0.006414047 0.03215 -0.01121999 -0.007038218 0.01801376 -0.01121999 -0.008425926 0.02915929 -0.01121999 -0.008284163 0.03064428 -0.01114387 -0.007826881 0.03210818 -0.0109271 -0.007937035 0.0304832 -0.01121999 -0.007558381 0.03192608 -0.01114387 -0.007215132 0.03266123 -0.01092376 -0.007559971 0.03192716 -0.01114259 -0.00706265 0.03237358 -0.01114297 -0.007241665 0.03171129 -0.01121999 -0.006414047 0.03286043 -0.01092376 -0.006414047 0.03307274 -0.01060193 0.006414048 0.03307274 -0.01060193 0.006414048 0.03286043 -0.01092376 0.006414048 0.03285659 -0.01092634 -0.006414047 0.03285659 -0.01092634 -0.006414047 0.03253486 -0.01114297 0.006414048 0.03253486 -0.01114297 -0.0068824 0.03203354 -0.01121999 -0.006414047 0.03253259 -0.01114342 0.006414048 0.03215 -0.01121999 0.006414048 0.03253259 -0.01114342 -0.006010435 0.01749136 -0.01121999 0.007062651 0.03237358 -0.01114297 0.006882401 0.03203354 -0.01121999 0.007215134 0.03266123 -0.01092376 0.007241666 0.03171129 -0.01121999 0.007559973 0.03192716 -0.01114259 0.007826881 0.03210818 -0.0109271 0.007558383 0.03192608 -0.01114387 0.008775077 0.03087209 -0.01060268 0.008578445 0.03078085 -0.0109271 0.009314492 0.02940809 -0.01060193 0.009110046 0.02935085 -0.01092376 0.008284164 0.03064428 -0.01114387 0.008796532 0.02926306 -0.01114297 0.007937036 0.0304832 -0.01121999 0.00879435 0.02926245 -0.01114342 0.008425927 0.02915929 -0.01121999 0.009210431 0.02862003 -0.01092376 0.0085 0.02862003 -0.01121999 0.008884859 0.02862003 -0.01114297 -0.006 0.01748578 -0.01121999 0.009210431 0.01893552 -0.01092376 0.008884859 0.01887651 -0.01114297 0.0085 0.01870116 -0.01121999 0.007461519 0.01819289 -0.01121999 0.006416309 0.01770654 -0.01121999 0.006010436 0.01749136 -0.01121999 0.006000001 0.01748578 -0.01121999 0.009426562 0.02862003 -0.01059614 0.009426562 0.01887364 -0.01059614 0.009500001 0.02862003 -0.01021999 0.009388782 0.02942931 -0.005578325 0.009432894 0.02925101 -0.005480147 0.009499986 0.02862951 -0.005125471 0.009500001 0.01870116 -0.01021999 0.009500001 0.02862003 -0.005119994 0.009500001 0.01819289 -0.009181513 0.009500001 0.01801376 -0.008758212 0.009500001 0.01749136 -0.00773043 0.009500001 0.02875256 0.006080006 0.009500001 0.01749136 0.007690441 0.009500001 0.01770654 0.008096313 0.009500001 0.01819289 0.009141525 0.009500002 0.01870116 0.01018001 0.009500001 0.01749136 0.007690441 0.009500001 0.01770654 0.008096313 0.009500001 0.01783098 0.008363739 0.009500001 0.01785078 0.008406287 0.009235999 0.01748578 0.00901354 0.009233034 0.01748578 0.009019107 0.008911904 0.01748578 0.009621867 0.009306378 0.01786847 0.009042543 0.009500001 0.01818445 0.009123378 0.008474875 0.0135 0.01015488 0.009500001 0.01819289 0.009141525 0.008474875 0.01748578 0.01015488 0.008975235 0.01786847 0.009664099 0.009155583 0.01819289 0.009784368 0.009500002 0.01870116 0.01018001 0.0085287 0.01786847 0.0102087 0.007941863 0.01748578 0.01059191 0.007339393 0.0135 0.01091359 0.007339103 0.01748578 0.01091304 0.007333537 0.01748578 0.010916 0.007984095 0.01786847 0.01065524 0.008681982 0.01819289 0.01036199 0.009426562 0.01887364 0.01055615 0.009207108 0.01893553 0.01088711 0.00888486 0.01887651 0.01110298 0.008500001 0.01870116 0.01118001 0.008104364 0.01819289 0.01083559 0.00746152 0.01819289 0.01118001 0.007362539 0.01786847 0.01098638 0.007442797 0.01818497 0.01118001 0.007038219 0.01801376 0.01118001 0.006729146 0.01785666 0.01118001 0.006663523 0.01748578 0.01111654 0.006682514 0.01783296 0.01118001 0.006010436 0.01749136 0.01118001 0.006000001 0.01748578 0.01118001 -0.005999999 0.01748578 0.01118001 0.008500001 0.02875256 0.01118001 0.006010436 0.01749136 0.01118001 0.007038219 0.01801376 0.01118001 0.00746152 0.01819289 0.01118001 0.008500001 0.01870116 0.01118001 0.00888486 0.01887651 0.01110298 0.00888486 0.02875256 0.01110298 0.009207108 0.01893553 0.01088711 -0.006010434 0.01749136 0.01118001 0.009210432 0.02875256 0.01088377 0.009209663 0.01893481 0.01088326 0.008467743 0.0290045 0.01118001 0.008839942 0.0291014 0.0111026 0.008838082 0.02910092 0.01110389 0.00915204 0.02918266 0.01088711 0.008203823 0.03081288 0.01110389 0.009154526 0.0291833 0.01088327 0.007860062 0.03064473 0.01118001 0.009426562 0.02875256 0.01055615 0.009426562 0.01887364 0.01055615 0.00936182 0.02923727 0.01056269 0.009500002 0.02875256 0.01018001 0.00936313 0.02923761 0.01055588 0.009435485 0.02925645 0.01018001 0.009499988 0.02875986 0.00608517 0.009435485 0.02925645 0.006433375 0.009207107 0.03000806 0.006787113 0.008882685 0.03082 0.007003885 0.008758355 0.03108412 0.01018001 0.008500001 0.03157624 0.007080006 0.008244788 0.03191236 0.01018001 0.008286283 0.03193809 0.007080006 0.007731219 0.0327406 0.01018001 0.006395128 0.03415968 0.007080006 0.008689976 0.03105068 0.01056269 0.006395128 0.03415968 0.01018001 0.005783537 0.03452341 0.007080006 0.005783148 0.03452275 0.01018001 0.005779512 0.03452491 0.01018001 0.005083307 0.03464999 0.007080006 0.006346959 0.03410424 0.01055615 0.007670861 0.03269422 0.01056269 0.008495251 0.03095543 0.01088711 0.006344453 0.03410136 0.01056194 0.006205197 0.0339411 0.01088377 0.007498971 0.03256214 0.01088711 0.007241721 0.03236448 0.01110389 0.005991651 0.03369534 0.01110298 0.006938274 0.03213131 0.01118001 0.005990165 0.03369363 0.01110343 0.005739217 0.03340483 0.01118001 0.005678712 0.03425345 0.01088377 0.00543141 0.03358745 0.01118001 0.00556538 0.03394824 0.01110298 0.005083304 0.03365 0.01118001 -0.006416306 0.01770654 0.01118001 -0.007461518 0.01819289 0.01118001 -0.008499999 0.01870116 0.01118001 0.005083308 0.03403486 0.01110298 -0.008499999 0.02875256 0.01118001 -0.008884857 0.01887651 0.01110298 0.005083308 0.03436043 0.01088377 -0.008884857 0.02875256 0.01110298 -0.009210429 0.01893552 0.01088377 -0.00846774 0.0290045 0.01118001 -0.009210429 0.02875256 0.01088377 -0.005083304 0.03365 0.01118001 -0.008840185 0.02910147 0.01110298 -0.00942656 0.02875256 0.01055615 -0.00942656 0.01887364 0.01055615 -0.009155255 0.02918349 0.01088377 -0.009499999 0.02875256 0.01018001 -0.009499999 0.01870116 0.01018001 -0.009364413 0.02923794 0.01055615 -0.008495248 0.03095543 0.01088711 -0.009499999 0.02875256 0.006080006 -0.009499999 0.01819289 0.009141525 -0.009499999 0.01801376 0.008718224 -0.009499999 0.01749136 0.007690441 -0.009499999 0.01748578 0.007680006 -0.009499986 0.02875986 0.00608517 -0.009435483 0.02925645 0.006433376 -0.009435482 0.02925645 0.01018001 -0.009207105 0.03000806 0.006787113 -0.008882683 0.03082 0.007003886 -0.008758352 0.03108412 0.01018001 -0.008499999 0.03157624 0.007080006 -0.008244785 0.03191236 0.01018001 -0.008286281 0.03193809 0.007080006 -0.007731217 0.0327406 0.01018001 -0.006395126 0.03415968 0.007080006 -0.008689974 0.03105068 0.01056269 -0.009360716 0.02923698 0.01056194 -0.007670858 0.03269422 0.01056269 -0.007498968 0.03256214 0.01088711 -0.006395126 0.03415968 0.01018001 -0.006345197 0.03410222 0.01056269 -0.006203013 0.03393859 0.01088711 -0.005783535 0.03452341 0.01018001 -0.005783535 0.03452341 0.007080006 -0.005756884 0.03445211 0.01056269 -0.005083304 0.03464999 0.01018001 -0.005083304 0.03464999 0.007080006 -0.005083304 0.03457388 0.01056269 0.005083307 0.03464999 0.01018001 -0.005083304 0.03457523 0.01055588 0.005083307 0.03457656 0.01055615 0.005753948 0.03445606 0.01055615 -0.005083304 0.03435967 0.01088327 -0.005083304 0.0343571 0.01088711 -0.005083304 0.0340346 0.0111026 -0.005083304 0.03403268 0.01110389 -0.005680989 0.03424906 0.01088711 -0.005567403 0.03394517 0.01110389 -0.005990221 0.0336937 0.01110389 -0.00543342 0.0335867 0.01118001 -0.005739215 0.03340483 0.01118001 -0.007241718 0.03236448 0.01110389 -0.006938271 0.03213131 0.01118001 -0.00820382 0.03081288 0.01110389 -0.008837992 0.02910089 0.01110343 -0.007860059 0.03064473 0.01118001 -0.009499986 0.02875986 0.00608517 -0.009435483 0.02925645 0.006433376 -0.009418557 0.02931215 0.006459591 -0.009499999 0.0383 0.006080006 -0.009423878 0.0383 0.00646269 -0.009207105 0.03000806 0.006787113 -0.009207105 0.0383 0.006787113 -0.008882683 0.03082 0.007003886 -0.00918477 0.04040937 0.00646269 -0.008882683 0.0383 0.007003886 -0.008499999 0.03157624 0.007080006 -0.008973498 0.04036086 0.006787113 -0.008657306 0.04028824 0.007003886 -0.008499999 0.0383 0.007080006 -0.008286281 0.03193809 0.007080006 -0.006395126 0.03415968 0.007080006 -0.005783535 0.03452341 0.007080006 -0.008284332 0.04020258 0.007080006 -0.005083304 0.03464999 0.007080006 -0.007648275 0.04200862 0.007080006 -0.007992613 0.04217559 0.007003885 -0.006624106 0.04362646 0.007080006 -0.008284528 0.04231713 0.006787113 -0.006922333 0.04386627 0.007003885 -0.005263795 0.04497401 0.007080006 -0.007175159 0.04406957 0.006787113 -0.005500779 0.04527448 0.007003885 -0.008479579 0.04241171 0.00646269 -0.003636372 0.04598289 0.007080006 -0.009258959 0.04042641 0.006080006 -0.003800087 0.04632878 0.007003885 -0.009261814 0.04041395 -0.005119993 -0.001824421 0.0466019 0.007080006 -0.005701685 0.04552921 0.006787113 -0.001906559 0.04697566 0.007003885 -0.007344091 0.0442054 0.00646269 -0.003938878 0.04662202 0.006787113 -0.005835927 0.04569942 0.00646269 -0.008548073 0.04244493 0.006080006 -0.007403412 0.0442531 0.006080006 -0.004031616 0.04681795 0.00646269 -0.005883066 0.04575919 0.006080006 -0.001976193 0.04729252 0.006787113 -0.004064181 0.04688675 0.006080006 -0.002022721 0.04750424 0.006462689 8.371736e-05 0.04718229 0.007003885 8.677493e-05 0.0475067 0.006787113 8.01107e-05 0.04679962 0.007080006 0.001980577 0.04656603 0.007080006 0.002069746 0.04693818 0.007003885 0.003780539 0.04591298 0.007080006 0.005388658 0.04487361 0.007080006 0.005083307 0.03464999 0.007080006 0.003950745 0.04625573 0.007003885 0.002145339 0.04725368 0.006787113 8.881792e-05 0.04772346 0.006462689 0.004095039 0.0465463 0.006787113 -0.002039059 0.04757859 0.006080006 0.002195849 0.04746448 0.006462689 8.953532e-05 0.04779958 0.006080006 0.005631262 0.04516957 0.007003885 0.004191452 0.04674045 0.006462689 0.006723327 0.04350066 0.007080006 0.005836934 0.04542046 0.006787113 0.007026021 0.0437348 0.007003885 0.007716821 0.0418638 0.007080006 0.008318723 0.0400461 0.007080006 0.005783537 0.03452341 0.007080006 0.008064244 0.04202425 0.007003885 0.007282634 0.0439333 0.006787113 0.008500001 0.0383 0.007080006 0.006395128 0.03415968 0.007080006 0.008286283 0.03193809 0.007080006 0.008500001 0.03157624 0.007080006 0.008693245 0.04012471 0.007003885 0.008882685 0.0383 0.007003885 0.008882685 0.03082 0.007003885 0.008358776 0.04216027 0.006787113 0.00901075 0.04019135 0.006787113 0.009207107 0.0383 0.006787113 0.009207107 0.03000806 0.006787113 0.008555575 0.04225116 0.006462689 0.00942388 0.0383 0.006462689 0.00941856 0.02931215 0.006459591 0.0092229 0.04023588 0.006462689 0.009500001 0.0383 0.006080006 0.009435485 0.02925645 0.006433375 0.009499988 0.02875986 0.00608517 0.009297397 0.04025152 0.006080006 0.009500001 0.0383 -0.005119994 0.009499986 0.02862951 -0.005125471 0.008624681 0.04228307 0.006080006 0.009261816 0.04041395 -0.005119994 0.009028449 0.04106373 0.006080006 0.009034116 0.04106467 -0.005119994 0.008559205 0.04242189 -0.005119994 0.009190219 0.04039761 -0.005496138 0.007735928 0.04374736 0.006080006 0.007514307 0.0441125 0.006080006 0.007729385 0.04374254 -0.005119994 0.0074274 0.04422315 -0.005119994 0.008493039 0.04239003 -0.005496138 0.007369983 0.04417736 -0.005496138 0.007454097 0.04406593 0.006462689 0.006022616 0.04564698 0.006080006 0.005974359 0.04558811 0.006462689 0.004225309 0.04680862 0.006080006 0.005923154 0.04572739 -0.005119994 0.005663889 0.04587883 0.006080006 0.005669475 0.04588679 -0.005119994 0.004121896 0.0468592 -0.005119994 0.005877366 0.04566998 -0.005496137 0.003017864 0.04724671 0.006080006 0.002213586 0.0475385 0.006080006 0.003018122 0.04724542 -0.005119994 0.00211395 0.04756181 -0.005119994 8.845948e-05 0.04779003 -0.005119994 7.43765e-10 0.0478 -0.005119994 0.002097608 0.04749022 -0.005496137 -0.002113948 0.04756181 -0.005119993 -0.002848694 0.04730199 0.006080006 7.308902e-10 0.04772656 -0.005496137 -0.002849136 0.04730456 -0.005119993 -0.004121895 0.0468592 -0.005119993 -0.005520031 0.04598424 0.006080006 -0.005518235 0.04598182 -0.005119993 -0.005923152 0.04572739 -0.005119993 -0.007427399 0.04422315 -0.005119993 -0.007631877 0.0438922 0.006080006 -0.007634295 0.04389388 -0.005119993 -0.008559204 0.04242189 -0.005119993 -0.00897475 0.04123341 0.006080006 -0.008974998 0.04123362 -0.005119993 -0.008493038 0.04239003 -0.005496137 -0.009190217 0.04039761 -0.005496137 -0.007369982 0.04417736 -0.005496137 -0.008979506 0.04034951 -0.00582376 -0.005877364 0.04566998 -0.005496137 -0.008298311 0.04229626 -0.00582376 -0.007201004 0.04404261 -0.00582376 -0.004090031 0.04679304 -0.005496137 -0.00574261 0.045501 -0.00582376 -0.002097607 0.04749022 -0.005496137 -0.003996256 0.04659831 -0.00582376 -0.002049513 0.0472795 -0.00582376 7.196762e-10 0.04751043 -0.00582376 -0.003854995 0.04630498 -0.006042969 -0.001977067 0.04696209 -0.006042969 -0.005539618 0.04524646 -0.006042969 -0.006946462 0.04383961 -0.006042969 -0.005299663 0.04494557 -0.006119994 -0.008004981 0.04215499 -0.006042969 -0.006645567 0.04359966 -0.006119994 -0.007658235 0.04198801 -0.006119994 -0.008662096 0.04027706 -0.006042969 -0.008286887 0.04019143 -0.006119994 -0.006414046 0.03315 -0.006119994 -0.0085 0.0383 -0.006119994 -0.008884858 0.0383 -0.006042969 -0.00921043 0.0383 -0.00582376 -0.00942656 0.0383 -0.005496137 -0.009499999 0.0383 -0.005119993 -0.009412703 0.02928845 -0.005499003 -0.009422741 0.0383 -0.005501926 -0.009493989 0.02880982 -0.005229461 -0.009388781 0.02942931 -0.005578322 -0.009499984 0.02862951 -0.00512547 -0.009207105 0.03000806 -0.005827101 -0.009206596 0.0383 -0.005826342 -0.008878661 0.03081888 -0.006036861 -0.008882592 0.0383 -0.006043423 -0.008844124 0.03090413 -0.006058917 -0.0085 0.03157624 -0.006119994 -0.008069284 0.03227258 -0.006119994 -0.007345581 0.03291981 -0.006119994 -0.00943653 0.01748578 -0.008383515 -0.009499999 0.01749136 -0.007730429 -0.009499999 0.01770654 -0.008136301 -0.009499999 0.01783098 -0.008403727 -0.009499999 0.01785078 -0.008446275 -0.009233577 0.0135 -0.009059386 -0.009436529 0.01748578 0.008343528 -0.009499999 0.01749136 0.007690441 -0.009499999 0.01783296 0.008362519 -0.009499999 0.01785666 0.008409152 -0.009235997 0.01748578 0.009013541 -0.009233577 0.0135 0.009019399 -0.009283668 0.0135 0.008891416 -0.009269902 0.01003512 0.008887053 -0.008474872 0.0135 0.01015488 -0.00887142 0.009945433 0.009681243 -0.008470973 0.009846072 0.01015156 -0.008433482 0.00983677 0.01019559 -0.009233031 0.01748578 0.009019108 -0.008911901 0.01748578 0.009621867 -0.007211408 0.0135 0.01096368 -0.007227296 0.0094812 0.01095777 -0.008474872 0.01748578 0.01015488 -0.00794186 0.01748578 0.01059191 -0.007339391 0.0135 0.01091359 -0.008528697 0.01786847 0.01020871 -0.0073391 0.01748578 0.01091304 -0.007333533 0.01748578 0.010916 -0.007984092 0.01786847 0.01065524 -0.007362537 0.01786847 0.01098638 -0.006663519 0.01748578 0.01111654 -0.006010434 0.01749136 0.01118001 -0.006416306 0.01770654 0.01118001 -0.006683731 0.01783098 0.01118001 -0.00672628 0.01785078 0.01118001 -0.007443371 0.01818445 0.01118001 -0.007461518 0.01819289 0.01118001 -0.008104362 0.01819289 0.01083559 -0.008499999 0.01870116 0.01118001 -0.008681978 0.01819289 0.01036199 -0.008884857 0.01887651 0.01110298 -0.00920648 0.01893481 0.01088643 -0.009210429 0.01893552 0.01088377 -0.00942656 0.01887364 0.01055615 -0.009499999 0.01870116 0.01018001 -0.00915558 0.01819289 0.009784369 -0.009499999 0.01819289 0.009141525 -0.008975232 0.01786847 0.0096641 -0.009306375 0.01786847 0.009042544 -0.009499999 0.01818497 0.009122802 -0.009499999 0.01801376 0.008718224 -0.003688011 0.04595824 -0.006119994 -0.001891427 0.04658689 -0.006119994 7.121729e-10 0.04718486 -0.006042969 7.095365e-10 0.0468 -0.006119994 0.002049515 0.0472795 -0.00582376 0.001977068 0.04696209 -0.00604297 0.004090033 0.04679304 -0.005496137 0.003996257 0.04659831 -0.00582376 0.00574261 0.045501 -0.00582376 0.003854997 0.04630498 -0.00604297 0.001891429 0.04658689 -0.006119994 0.003688012 0.04595824 -0.006119994 0.00553962 0.04524646 -0.00604297 0.007201006 0.04404261 -0.00582376 0.005299665 0.04494557 -0.006119994 0.006946463 0.04383961 -0.00604297 0.008298313 0.04229626 -0.00582376 0.006645569 0.04359966 -0.006119994 0.008004982 0.04215499 -0.00604297 0.007658236 0.04198801 -0.006119994 0.006414048 0.03315 -0.006119994 0.008979507 0.04034951 -0.00582376 0.008662098 0.04027706 -0.00604297 0.008286888 0.04019143 -0.006119994 0.0085 0.0383 -0.006119994 0.007350754 0.03291708 -0.006119994 0.008069286 0.03227258 -0.006119994 0.0085 0.03157624 -0.006119994 0.008884859 0.0383 -0.00604297 0.008844126 0.03090413 -0.006058918 0.008880566 0.03081404 -0.006035524 0.009210431 0.0383 -0.00582376 0.009210431 0.0299985 -0.00582376 0.009426562 0.0383 -0.005496138 0.009388782 0.02942931 -0.005578325 0.00942585 0.02927948 -0.005495825 0.009432894 0.02925101 -0.005480147 0.009306377 0.01786847 -0.009082532 0.009500001 0.01818497 -0.009162789 0.009500001 0.01801376 -0.008758212 0.009500001 0.01819289 -0.009181513 0.009500001 0.01785666 -0.00844914 0.008975234 0.01786847 -0.009704088 0.009235999 0.01748578 -0.009053529 0.009155582 0.01819289 -0.009824356 0.009500001 0.01870116 -0.01021999 0.00868198 0.01819289 -0.01040198 0.009426562 0.01887364 -0.01059614 0.009210431 0.01893552 -0.01092376 0.009206482 0.01893481 -0.01092642 0.008884859 0.01887651 -0.01114297 0.0085 0.01870116 -0.01121999 0.008104363 0.01819289 -0.01087558 0.007461519 0.01819289 -0.01121999 0.008528699 0.01786847 -0.01024869 0.007984093 0.01786847 -0.01069523 0.008911903 0.01748578 -0.009661855 0.008474874 0.01748578 -0.01019487 0.007362538 0.01786847 -0.01102637 0.007443373 0.01818445 -0.01121999 0.006726282 0.01785078 -0.01121999 0.007941862 0.01748578 -0.0106319 0.008474874 0.0135 -0.01019487 0.009233579 0.0135 -0.009059386 0.009233033 0.01748578 -0.009059096 0.007339393 0.0135 -0.01095357 0.007339102 0.01748578 -0.01095303 0.007333535 0.01748578 -0.01095599 0.009436531 0.01748578 -0.008383516 0.009500001 0.01783296 -0.008402507 0.009500001 0.01749136 -0.00773043 0.006663521 0.01748578 -0.01115652 0.006683733 0.01783098 -0.01121999 0.006416309 0.01770654 -0.01121999 0.006010436 0.01749136 -0.01121999 -0.006663521 0.01748578 -0.01115652 -0.006010435 0.01749136 -0.01121999 -0.006682513 0.01783296 -0.01121999 -0.006729145 0.01785666 -0.01121999 -0.007333535 0.01748578 -0.01095599 -0.007339391 0.0135 -0.01095357 -0.007339101 0.01748578 -0.01095303 -0.007941861 0.01748578 -0.0106319 -0.008474873 0.0135 -0.01019487 -0.007362537 0.01786847 -0.01102637 -0.007038218 0.01801376 -0.01121999 -0.007442795 0.01818497 -0.01121999 -0.007461519 0.01819289 -0.01121999 -0.007984093 0.01786847 -0.01069523 -0.008104363 0.01819289 -0.01087558 -0.0085 0.01870116 -0.01121999 -0.008528698 0.01786847 -0.01024869 -0.00868198 0.01819289 -0.01040197 -0.008882684 0.0188758 -0.01114387 -0.009207105 0.01893553 -0.0109271 -0.009423879 0.0188758 -0.01060268 -0.009499999 0.01870116 -0.01021999 -0.009155581 0.01819289 -0.009824356 -0.009499999 0.01819289 -0.009181513 -0.008975233 0.01786847 -0.009704087 -0.008474873 0.01748578 -0.01019487 -0.009306376 0.01786847 -0.009082532 -0.009499999 0.01818445 -0.009163367 -0.008911901 0.01748578 -0.009661854 -0.009235997 0.01748578 -0.009053528 -0.009233031 0.01748578 -0.009059095</float_array>
          <technique_common>
            <accessor count="1327" source="#verts-array-array" stride="3">
              <param type="float" name="X"/>
              <param type="float" name="Y"/>
              <param type="float" name="Z"/>
            </accessor>
          </technique_common>
        </source>
        <source id="normals-array">
          <float_array count="3981" id="normals-array-array">-9.780344e-08 -4.285043e-07 -1 0 0 -1 -9.780344e-08 -1.098601e-07 -1 -7.382029e-08 -5.527218e-08 -1 -9.572673e-08 -3.703244e-08 -1 -7.382142e-08 -1.665804e-09 -1 -6.347639e-08 2.85317e-08 -1 -6.652304e-08 7.007744e-09 -1 -6.652304e-08 -5.999607e-09 -1 -6.597608e-08 5.580415e-09 -1 -6.586938e-08 -2.6153e-08 -1 -4.923692e-08 6.342882e-09 -1 -6.627551e-08 -5.68604e-08 -1 -7.462837e-08 -1.066517e-07 -1 -6.788187e-08 -9.658734e-08 -1 -9.179973e-09 -5.824429e-09 -1 -3.061362e-08 2.463109e-08 -1 -2.780494e-08 3.777499e-08 -1 0 0 -1 -2.535295e-08 3.624675e-08 -1 0 0 -1 -5.074188e-09 7.132686e-09 -1 0 0 -1 0 0 -1 0 0 -1 0 0 -1 0 0 -1 0 0 -1 0 0 -1 0 0 -1 0 0 -1 0 0 -1 0 0 -1 0 0 -1 0 0 -1 0 0 -1 0 0 -1 0 0 1 0 0 1 0 0 1 0 0 1 5.092494e-09 -7.124719e-09 1 0 0 1 0 0 1 2.543358e-08 -3.656536e-08 1 1.341882e-08 -1.135029e-07 1 2.760467e-08 -3.753456e-08 1 1.023267e-08 -2.9286e-09 1 0 0 1 0 0 1 3.604476e-08 -1.42303e-08 1 4.063415e-08 4.59269e-08 1 4.85259e-08 9.743818e-08 1 5.215061e-08 1.211265e-07 1 4.656946e-08 6.536399e-08 1 4.596852e-08 2.714818e-08 1 4.607896e-08 -5.383891e-09 1 4.656613e-08 5.777219e-09 1 5.167499e-08 -1.166065e-09 1 4.656613e-08 4.905427e-09 1 4.443347e-08 1.99722e-08 1 6.288921e-08 3.913463e-08 1 6.700871e-08 -2.592272e-08 1 7.468627e-08 -7.548153e-08 1 8.590128e-08 -1.059514e-07 1 2.092663e-07 4.345456e-07 1 0 1 0 0 1 0 0 1 0 0 1 0 0 1 0 0 1 0 0 1 0 0 1 0 0 1 0 0 1 0 0 1 0 0 1 0 0 1 0 0 1 0 0 1 0 0 1 0 0 1 0 0 1 0 0 1 0 0 1 0 0 1 0 0 1 0 -0.9989799 -1.301697e-05 0.04515747 -0.9896612 0.000940579 0.1434218 -0.9992324 -0.02191886 0.03246908 -0.9982902 -0.01039882 -0.05752005 -0.9985818 -0.05122304 -0.01450856 -0.9985774 -0.01383238 -0.05149597 -0.990325 0.00694141 -0.1385935 -0.9860228 0.005458655 -0.1665213 -0.8964141 0.01451 -0.4429799 -0.934653 0.004621219 -0.3555313 -0.8927946 -0.005387953 -0.4504317 -0.8363157 0.006180922 -0.5482133 -0.6473413 0.004922639 -0.7621844 -0.7213789 0.004298088 -0.6925272 -0.6325769 0.02711345 -0.7740228 -0.3260979 -0.00156861 -0.9453347 -0.5686176 0.04012058 -0.821623 -0.3834033 0.003011093 -0.9235761 -0.283815 0.01470372 -0.9587663 -0.08811068 -0.001354794 -0.9961098 -0.1863181 0.01448743 -0.9823827 -0.08016233 -0.06983224 -0.9943327 -0.9985553 -0.003783233 -0.0535999 -0.9987963 -0.04905042 -0.0001536086 -0.9999554 -0.009445901 2.520808e-06 -0.9967083 -0.08107048 0.000220899 -0.9644883 -0.2641239 0.0009711985 -0.9240433 -0.3822878 3.040664e-05 -0.9447985 -0.3276514 -0.0005267472 -0.7069467 -0.7072667 0.0003492791 -0.7914785 -0.6111962 0.0009713869 -0.3826866 -0.9238782 1.699233e-06 -0.6373102 -0.7706008 0.003179316 -0.3707886 -0.9287173 0 -0.0980175 -0.9951847 1.225611e-10 -0.09801727 -0.9951847 6.712184e-09 0.0980175 -0.9951847 -1.225611e-10 0.09801727 -0.9951847 -6.712184e-09 0.3707884 -0.9287174 -6.669882e-09 0.3824957 -0.9239572 0.0003217843 0.6989427 -0.7151776 -0.0003346768 0.7073731 -0.7068404 5.041677e-05 0.7876764 -0.6160881 0.001160979 0.9019631 -0.431813 -0.0002811089 0.8728285 -0.4880268 0.000478992 0.9123124 -0.4094949 -4.081028e-06 0.917495 -0.397746 0.001046129 0.9834845 -0.1809924 -4.816386e-05 0.9746721 -0.2236376 -0.0007201122 0.9995891 -0.0286417 0.001131975 0.9986059 -0.01372415 -0.05096969 0.9998107 -0.01945616 -6.083481e-06 0.9977987 -0.008387581 0.06578353 0.9984273 -0.0009145528 -0.05605447 0.990374 0.007427938 -0.1382177 0.9971942 -0.01176092 -0.07392843 0.9997527 -0.02214491 0.002024867 0.9849305 0.006367553 -0.1728333 0.9992703 -0.002935044 0.03808243 0.9826424 -0.1349118 0.1273292 0.9767046 -0.1705891 0.1301824 0.8959411 0.01413446 -0.443948 0.9384181 0.005717297 -0.3454543 0.9011121 -0.004955544 -0.4335579 0.8445217 0.006556062 -0.5354812 0.647861 0.004083131 -0.7617477 0.7260622 0.004982576 -0.687611 0.6336316 0.02736463 -0.7731508 0.3262585 -0.001188526 -0.9452798 0.5752458 0.04237767 -0.8168821 0.407799 0.005280864 -0.9130565 0.311203 0.019286 -0.9501477 0.08555909 -0.00409079 -0.9963247 0.2198708 0.02048594 -0.9753139 0.06288402 0.00122017 -0.9980201 0.04945454 -0.079131 -0.9956367 0.1901232 -0.1414458 -0.9715175 0.145879 -0.1634154 -0.9757124 0.2862434 -0.1602649 -0.9446586 0.3737875 -0.3098752 -0.8742198 0.3647277 -0.1206005 -0.9232709 0.4600558 -0.1773181 -0.870004 0.2369801 -0.2903915 -0.9270994 0.5589847 -0.3061434 -0.7705922 0.5234006 -0.1161686 -0.8441307 0.6207628 -0.179336 -0.7632117 0.390988 -0.582485 -0.7126287 0.7209168 -0.3040195 -0.622777 0.6704763 -0.1355872 -0.7294365 0.7530825 -0.1583561 -0.6385845 0.8436194 -0.1665302 -0.5104644 0.4639657 -0.5888435 -0.661815 0.5732442 -0.5835232 -0.5752319 0.8503464 -0.3076021 -0.4269566 0.8996846 -0.1151682 -0.4210748 0.9238004 -0.1966638 -0.3285059 0.6705445 -0.5832616 -0.4584496 0.9283591 -0.312421 -0.2013516 0.961392 -0.1156572 -0.2496976 0.9742827 -0.1810214 -0.1341805 0.7471379 -0.5860331 -0.3136085 0.9494059 -0.3116192 0.03901126 0.9875483 -0.1552554 0.02537928 0.9810029 -0.1425576 0.1315696 0.9702505 -0.1896928 0.1504348 0.9586424 -0.2126667 0.1891496 0.7945966 -0.589035 -0.1471532 0.9140909 -0.3144308 0.2560686 0.9357229 -0.1324297 0.3269328 0.8899413 -0.3236874 0.3212956 0.8677101 -0.4041017 0.2894493 0.7815216 -0.5948963 0.1879426 0.8214275 -0.5090313 0.2571846 0.7220422 -0.6557648 0.2205169 0.8068792 -0.590043 0.02819875 0.5679754 -0.8164911 0.1036639 0.6763907 -0.7175935 0.1659973 0.5140138 -0.849091 0.1217959 0.4420053 -0.892743 0.08741451 0.4292352 -0.9008448 0.06508285 0.404668 -0.9127393 0.05613187 0.4249396 -0.9044843 0.03653144 0.3982032 -0.9171678 0.01541053 0.3775431 -0.9255244 0.02942462 0.4507518 -0.8926465 -0.002258319 0.5744308 -0.818422 0.01464816 0.4147717 -0.9099251 -0.000903699 0.3928601 -0.9194494 -0.01654462 0.5711604 -0.8171766 -0.07744844 0.416088 -0.9086157 -0.03589255 0.430115 -0.9006074 -0.06250991 0.3439064 -0.9387732 -0.02081463 0.3477825 -0.9373811 -0.01908059 0.55827 -0.8129876 -0.1654863 0.4298342 -0.9000862 -0.07132534 0.4329876 -0.8962785 -0.09595039 0.5378137 -0.8076175 -0.2418892 0.4464683 -0.8881874 -0.1085782 0.4100356 -0.9091339 -0.07311953 0.5133679 -0.8022493 -0.304712 0.4608539 -0.8755451 -0.1450325 0.4039848 -0.9147599 -0.003264926 0.4591176 -0.875255 -0.1521177 0.4652286 -0.8800554 -0.09520997 0.4872475 -0.7992398 -0.3518603 0.4722076 -0.8644766 -0.1723375 0.4730656 -0.8810272 0.0002634256 0.518274 -0.849038 -0.1025986 0.4758568 -0.8583824 -0.1916765 0.4895697 -0.7797356 -0.3902997 0.6643951 -0.7473709 -0.003985348 0.6702085 -0.7355943 -0.09859746 0.8930804 -0.4387737 -0.09942412 0.8975275 -0.4409586 0 0.6211168 -0.6808106 -0.388215 0.4707331 -0.5165475 -0.7152545 0.8253089 -0.4054772 -0.3930057 0.9886075 -0.114181 -0.09807103 0.9934901 -0.1139185 0 0.2470856 -0.2723968 -0.9299186 0.6214632 -0.3053275 -0.7214975 0.05953655 -0.06630986 -0.9960213 0.3213096 -0.1578605 -0.9337238 0.9164797 -0.1064594 -0.385657 0.6975016 -0.08049199 -0.7120482 0.07527563 -0.03698321 -0.9964767 0.9228296 -0.07215034 -0.3783912 0.370005 -0.0417117 -0.9280929 -0.07527584 -0.03698318 -0.9964767 0.09093736 -0.009750145 -0.9958089 0.390663 -0.03143631 -0.9199968 0.7106928 -0.05608708 -0.7012632 0.1028549 -0.008524072 -0.9946598 0.6815109 -0.2214361 -0.6975019 -0.09093725 -0.009750136 -0.9958089 0.3795461 -0.1233221 -0.9169168 0.8812766 -0.2863441 -0.3759768 0.5797271 -0.4211964 -0.6975027 0.7496583 -0.5446589 -0.3759776 0.9472774 -0.3050096 -0.09815597 0.8042324 -0.5859805 -0.09918158 0.9922201 -0.07771859 -0.09725803 0.9945418 -0.1038314 0.0102746 0.9011967 -0.4327555 0.02381659 0.8909002 -0.453936 -0.01545953 0.6209748 -0.7835664 0.02034721 0.7070867 -0.7070847 -0.007722722 0.5827054 -0.8069609 -0.09627377 0.3112052 -0.9454392 -0.09641601 0.5446591 -0.7496584 -0.375977 0.2257575 -0.9739439 0.02160734 0.1564212 -0.9876065 -0.01287903 -1.867412e-08 -0.9950355 -0.09952033 -0.2257575 -0.9739439 0.02160735 0.2863443 -0.8812768 -0.3759764 -0.1564212 -0.9876065 -0.01287901 -0.3112051 -0.9454392 -0.09641591 -0.6209748 -0.7835664 0.02034724 2.172744e-08 -0.9266293 -0.3759762 0.4211972 -0.579728 -0.6975016 0.2214361 -0.6815105 -0.6975023 0.3228612 -0.2345724 -0.9169168 0.2345724 -0.3228611 -0.9169169 0.1024326 -0.03328242 -0.994183 0.08713458 -0.06330694 -0.994183 -0.08713453 -0.06330689 -0.994183 0.0633071 -0.08713474 -0.994183 0.1233218 -0.3795457 -0.916917 0.03328237 -0.1024328 -0.994183 4.649636e-08 -0.7165827 -0.6975021 -1.81934e-08 -0.3990779 -0.916917 -0.2863443 -0.8812767 -0.3759765 -0.2214363 -0.6815105 -0.6975023 -3.656844e-10 -0.1077042 -0.994183 -0.5827057 -0.8069607 -0.09627324 -0.7070867 -0.7070846 -0.007722683 -0.8042324 -0.5859808 -0.09918074 -0.5446592 -0.7496586 -0.3759764 -0.9011966 -0.4327557 0.02381663 -0.8909 -0.4539363 -0.01545954 -0.9472775 -0.3050097 -0.09815548 -0.9945418 -0.1038315 0.01027463 -0.7496587 -0.5446591 -0.3759766 -0.4211968 -0.5797282 -0.6975016 -0.9922201 -0.07771865 -0.09725761 -0.9934902 -0.113918 0 -0.8812766 -0.2863441 -0.3759768 -0.5797273 -0.4211961 -0.6975028 -0.1233219 -0.3795457 -0.916917 -0.2345723 -0.322861 -0.9169169 -0.03328242 -0.1024328 -0.994183 -0.06330705 -0.08713479 -0.994183 -0.3228613 -0.2345724 -0.9169168 -0.6815106 -0.2214361 -0.6975022 -0.3795462 -0.1233221 -0.9169168 -0.9228296 -0.07215036 -0.3783912 -0.7106926 -0.05608703 -0.7012633 -0.1024328 -0.03328243 -0.994183 -0.3906632 -0.03143635 -0.9199967 -0.1028548 -0.008524059 -0.9946599 -0.3700051 -0.04171174 -0.9280928 -0.6975015 -0.08049202 -0.7120482 -0.3213099 -0.1578601 -0.9337238 -0.6214632 -0.3053273 -0.7214975 -0.9164798 -0.1064592 -0.3856569 -0.8253089 -0.4054775 -0.3930053 -0.9886076 -0.1141805 -0.09807059 -0.8930804 -0.4387737 -0.09942327 -0.8975275 -0.4409585 0 -0.6702083 -0.7355947 -0.09859685 -0.6643947 -0.7473713 -0.003985364 -0.6211168 -0.6808106 -0.388215 -0.5158302 -0.8507536 -0.100685 -0.4507623 -0.8926411 -0.00226812 -0.4707329 -0.5165468 -0.7152551 -0.4895703 -0.7797381 -0.390294 -0.2470861 -0.2723969 -0.9299185 -0.3909879 -0.5824845 -0.7126291 -0.05953722 -0.06631056 -0.9960212 -0.2369833 -0.2904008 -0.9270956 -0.3748669 -0.3069416 -0.8747923 -0.1878193 -0.1355595 -0.972804 -0.2581917 -0.169167 -0.9511675 -0.3323281 -0.1088945 -0.9368565 -0.4456433 -0.1763832 -0.8776622 -0.5575491 -0.3010983 -0.7736141 -0.5089492 -0.1064528 -0.8541888 -0.6172658 -0.1767085 -0.7666531 -0.4639662 -0.5888444 -0.6618139 -0.7198562 -0.3051178 -0.6234662 -0.6694466 -0.1369561 -0.7301262 -0.7476382 -0.1566212 -0.6453735 -0.8330836 -0.1765671 -0.5242097 -0.5732439 -0.5835228 -0.5752326 -0.4889886 -0.797639 -0.3530753 -0.47256 -0.8594427 -0.1950519 -0.8517296 -0.3050355 -0.42604 -0.8925174 -0.1014248 -0.4394606 -0.9221542 -0.193691 -0.3348363 -0.670545 -0.5832614 -0.4584491 -0.9295113 -0.3074737 -0.2036385 -0.9624815 -0.1013851 -0.2516953 -0.9746641 -0.1834679 -0.1279434 -0.7471381 -0.5860324 -0.3136092 -0.5135887 -0.8019736 -0.3050655 -0.5381494 -0.8073184 -0.2421411 -0.7945968 -0.5890347 -0.1471532 -0.4590517 -0.8749703 -0.1539432 -0.4722196 -0.8645066 -0.1721539 -0.4604408 -0.8757107 -0.1453443 -0.4674389 -0.8792294 -0.09195881 -0.411921 -0.9081577 -0.07463675 -0.4449395 -0.8888131 -0.1097272 -0.4343721 -0.8952225 -0.09948699 -0.5582436 -0.8130777 -0.1651324 -0.4280774 -0.9008775 -0.07189835 -0.4300402 -0.9005903 -0.0632661 -0.5716502 -0.8168245 -0.0775488 -0.4174239 -0.907911 -0.03814404 -0.3920591 -0.9197571 -0.01834225 -0.8068797 -0.5900424 0.02819907 -0.5743945 -0.8184445 0.01481592 -0.4166517 -0.9090536 -0.004790696 -0.3968107 -0.9178223 0.01198085 -0.949147 -0.3125489 0.03785643 -0.9872403 -0.1499609 -0.05355637 -0.9871425 -0.1538336 0.04341511 -0.9618971 -0.2040053 0.1820324 -0.9155097 -0.3146455 0.2506794 -0.9462785 -0.1250776 0.298182 -0.8929399 -0.3225809 0.3140062 -0.858982 -0.4226559 0.2889842 -0.8679963 -0.4299245 0.2484901 -0.7848383 -0.5909739 0.1864906 -0.7751179 -0.5808042 0.2487143 -0.6842223 -0.7003276 0.2034235 -0.5653032 -0.8183556 0.1035683 -0.5593955 -0.817072 0.1395352 -0.4449837 -0.8910229 0.08982012 -0.4284308 -0.9029544 0.03347305 -0.4289949 -0.9012481 0.06095318 -0.4066494 -0.9118752 0.05585678 -0.3767518 -0.9259156 0.02717207 -0.3438493 -0.9387932 -0.02085885 -0.3494433 -0.9367786 -0.0183103 -0.406912 -0.9134628 -0.002884563 -0.472376 -0.8813971 0.0003808295 0.9992856 -0.006060464 -0.03730442 0.9960155 0 -0.08918023 0.9970772 0.01180646 -0.07548299 0.9994177 -0.03163104 0.01279598 0.9674239 0.1537258 0.2011452 0.9775751 0.02245193 0.2093869 0.9525202 0.00694456 0.3043962 0.9342106 0.01311784 0.3564808 0.9968347 -0.003784572 0.07941134 0.7442936 0.01130596 0.6677568 0.8516313 0.01542121 0.5239145 0.7925206 -0.002607587 0.6098396 0.7047031 0.01853989 0.7092601 0.386881 0.004318107 0.9221196 0.5648749 0.02253203 0.8248689 0.377099 -7.869481e-05 0.926173 0.2822997 0.01513804 0.9592068 0.09628846 -0.0004832053 0.9953534 0.1852811 0.01431022 0.9825814 0.08071691 -0.06861156 0.9943728 -0.07197865 -0.05398348 0.9959442 0.9994133 -0.01394816 -0.03128062 -0.08249239 -0.02916548 0.9961648 0.9994133 -0.01394808 0.03128095 0.06000091 -0.07018066 0.9957282 0.9775001 -0.1000332 0.1857065 0.2325573 -0.2918847 0.9277502 0.9237743 -0.01528315 0.3826323 0.1861128 -0.1872482 0.9645207 0.1761193 -0.1356971 0.9749709 0.3402033 -0.3137832 0.8864547 0.2535208 -0.1699512 0.9522835 0.4353772 -0.1512456 0.8874522 0.242297 -0.2834051 0.9278867 0.4922747 -0.3090881 0.8137138 0.5082991 -0.1254305 0.8519972 0.5959216 -0.1511966 0.7886806 0.3932012 -0.5809935 0.7126285 0.4434734 -0.598835 0.6668794 0.6325564 -0.3071719 0.7109977 0.665232 -0.1233331 0.7363799 0.7348969 -0.154106 0.6604376 0.5302806 -0.5938219 0.6051265 0.7563222 -0.3069784 0.5777033 0.7972837 -0.117802 0.5919978 0.8481177 -0.1577098 0.5057905 0.612354 -0.5915452 0.5244968 0.8548288 -0.3075291 0.4179635 0.899407 -0.1116481 0.4226131 0.9301637 -0.1621665 0.3293896 0.6849507 -0.5923602 0.4242074 0.9210265 -0.3083787 0.2379343 0.9663104 -0.1061409 0.2344744 0.9762847 -0.166678 0.1381544 0.7433661 -0.5946093 0.3063438 0.9504132 -0.3062452 0.05411601 0.9939406 -0.1035188 0.03695935 0.9852134 -0.1674041 -0.03647381 0.9832416 -0.1773005 -0.0424311 0.9821942 -0.1675995 -0.08488252 0.9427224 -0.3320987 -0.03138179 0.7830801 -0.5969564 0.1744379 0.799256 -0.599434 0.04322916 0.7798552 -0.6253995 -0.02648141 0.5515035 -0.8189002 0.158891 0.5650116 -0.8248045 0.02143437 0.6664997 -0.7450785 -0.02522312 0.5384887 -0.8425159 -0.01403066 0.561608 -0.8224814 0.09011589 0.4132936 -0.9105909 -0.003552714 0.4086094 -0.9126979 -0.004576925 0.4180111 -0.9083026 0.01590953 0.4180432 -0.9078967 0.03103926 0.421904 -0.905016 0.0542505 0.4261591 -0.9022088 0.06639019 0.3954048 -0.9165427 0.06003783 0.5372859 -0.81386 0.2212595 0.4384239 -0.8932339 0.09958745 0.4394574 -0.8903613 0.1188861 0.5199747 -0.808803 0.274707 0.4518527 -0.8827173 0.1289932 0.4265013 -0.9009317 0.08011644 0.5011329 -0.8046915 0.3183353 0.4650412 -0.8718121 0.1538843 0.4661349 -0.8696817 0.1623944 0.4821374 -0.8025408 0.3513855 0.4775703 -0.8732492 0.09675959 0.497664 -0.7749133 0.3896664 0.4743273 -0.8593008 0.1913523 0.5324258 -0.8403514 0.1016481 0.4557346 -0.533054 0.712853 0.599257 -0.7009264 0.3867727 0.4580937 -0.8888 0.01359145 0.4527554 -0.8916339 -0.001222687 0.4341749 -0.9008284 0.0006023842 0.3672452 -0.9299549 0.01774473 0.3548024 -0.9346494 0.02336127 0.3613892 -0.9323728 0.008873603 0.3650865 -0.9309685 -0.003068373 0.6371047 -0.7707485 0.006658588 0.5773462 -0.8164915 -0.00361361 0.6471839 -0.7559991 0.09807322 0.8005305 -0.5992908 0.001251324 0.7979784 -0.5945418 0.09874469 0.9428089 -0.3333338 0 0.7391275 -0.5503846 0.3882876 0.9381715 -0.331694 0.09906232 0.9963931 -0.08485715 -4.322336e-08 0.8680252 -0.3068938 0.3903184 0.5605814 -0.4176653 0.7150554 0.6564449 -0.2320886 0.7177848 0.2955677 -0.2206806 0.9294836 0.3435584 -0.1214663 0.931243 0.07197863 -0.05398344 0.9959442 0.08249241 -0.02916548 0.9961648 0.09275328 -0.007509119 0.9956608 0.3733486 -0.0313396 0.9271616 0.7004267 -0.05985942 0.7112097 0.3915025 -0.03512591 0.9195064 0.9193975 -0.07902517 0.3853094 0.7109231 -0.06240888 0.7004952 0.9915407 -0.08489523 0.09818316 0.9224077 -0.08011821 0.3778161 0.991523 -0.08628995 0.09713993 0.9943674 -0.105697 -0.007852731 0.935978 -0.3379326 0.09872568 0.9018715 -0.4315261 -0.02032453 0.8710204 -0.3170254 0.3752577 0.8659282 -0.4999446 0.01495907 0.7624516 -0.6390572 0.101358 0.6226832 -0.7821429 -0.02276215 0.7100625 -0.5958133 0.3752569 0.6426852 -0.7659199 0.01795755 0.4960746 -0.8624453 0.1004896 0.2182792 -0.9757645 -0.01542091 0.4634606 -0.8027357 0.3752594 0.3420065 -0.9396548 0.008968821 0.1695242 -0.980836 0.09603227 0.160958 -0.9128383 0.3752582 -0.1695244 -0.980836 0.09603244 -0.2182792 -0.9757645 -0.0154209 -0.1609583 -0.9128383 0.3752581 -0.3420065 -0.9396548 0.008968842 -0.4960742 -0.8624455 0.1004897 -0.6226832 -0.7821429 -0.02276214 -0.4634599 -0.8027361 0.3752594 -0.6426852 -0.7659199 0.0179576 -0.7624518 -0.639057 0.1013579 -0.9018715 -0.431526 -0.02032445 -0.7100628 -0.5958129 0.375257 -0.8659284 -0.4999443 0.01495914 -0.935978 -0.3379326 0.09872572 -0.9943674 -0.105697 -0.007852622 -0.8710206 -0.3170256 0.3752571 -0.991523 -0.08629005 0.09713968 -0.9963931 -0.08485718 0 -0.922408 -0.08011833 0.3778155 -0.9915406 -0.08489552 0.09818296 -0.9428089 -0.3333338 0 -0.7109226 -0.06240891 0.7004956 -0.9381715 -0.331694 0.09906244 -0.8006534 -0.5991267 0.00112053 -0.9193977 -0.07902501 0.3853088 -0.8680254 -0.3068936 0.3903181 -0.7979786 -0.5945415 0.09874468 -0.7391277 -0.5503847 0.3882872 -0.6471334 -0.7560369 0.09811508 -0.6380773 -0.7699467 0.006283408 -0.5992573 -0.7009268 0.3867716 -0.5773466 -0.8164927 -0.003259739 -0.5286448 -0.8425715 0.1029949 -0.5244804 -0.7624898 0.3788532 -0.4597162 -0.8879583 0.01382541 -0.4088802 -0.5676563 0.7145511 -0.4730064 -0.8810586 -0.0008296187 -0.4508045 -0.8926227 -3.761437e-05 -0.4703031 -0.8662735 0.1684791 -0.5169617 -0.8268562 0.2214934 -0.4322996 -0.8977661 0.08445743 -0.4956716 -0.8017439 0.3339406 -0.4693262 -0.8682051 0.1610988 -0.5058082 -0.6218772 0.5978519 -0.3710606 -0.9284546 0.01691634 -0.4018631 -0.9132369 0.06711549 -0.5334294 -0.808833 0.2474718 -0.4462376 -0.8876162 0.1140587 -0.4485094 -0.8869034 0.1106425 -0.355052 -0.9345023 0.02536763 -0.3605765 -0.9326114 0.01485304 -0.4202371 -0.9073966 0.005676249 -0.4194025 -0.9078004 0 -0.6543372 -0.7561286 0.01059819 -0.6501255 -0.7598268 0 -0.467412 -0.8840367 -0.002266915 -0.4417067 -0.8970843 0.01161846 -0.9102717 -0.4129728 0.02930802 -0.9083296 -0.418255 0 -0.562318 -0.8243048 0.06572729 -0.4240907 -0.9037681 0.05788105 -0.7923055 -0.5956792 0.1319786 -0.7973877 -0.6027696 0.02901003 -0.5582176 -0.8178531 0.139676 -0.4226643 -0.9037406 0.06788093 -0.7625216 -0.595191 0.2535913 -0.7110329 -0.6067495 0.355369 -0.9378159 -0.3008264 0.1732191 -0.8867361 -0.3052916 0.3471255 -0.9755531 -0.2051788 0.07872645 -0.9930749 -0.1064876 0.04962578 -0.9941865 -0.1076714 0 -0.9692322 -0.1645391 0.1830731 -0.9450016 -0.1570875 0.2868719 -0.9147005 -0.07043996 0.3979463 -0.9958918 0.002464469 0.09051721 -0.9788888 -0.0002202044 0.2043936 -0.8258073 -0.1582595 0.5412912 -0.8106235 -0.3027605 0.5012242 -0.767859 -0.1655518 0.6188579 -0.7109946 -0.1586423 0.6850688 -0.6560845 -0.5927573 0.4671101 -0.7106336 -0.3026693 0.6351309 -0.6404621 -0.1589999 0.7513503 -0.5895456 -0.6006511 0.5400502 -0.5961843 -0.3030617 0.74345 -0.5422076 -0.06983788 0.8373372 -0.478075 -0.4664024 0.7442534 -0.4933409 -0.1733814 0.8523812 -0.3629087 -0.4291184 0.8271364 -0.4378342 -0.3152489 0.8419735 -0.2544368 -0.2803334 0.9255674 -0.4050389 -0.1665319 0.8990053 -0.4496392 -0.02935511 0.8927278 -0.3614965 -0.09307683 0.927716 -0.2906751 -0.3273543 0.8990813 -0.1934704 -0.1484663 0.9698077 -0.07284615 -0.07098261 0.994814 -0.4557343 -0.5330539 0.7128533 -0.2422964 -0.2834045 0.927887 -0.560581 -0.4176651 0.7150558 -0.06000089 -0.07018059 0.9957282 -0.6564445 -0.2320882 0.7177852 -0.295567 -0.2206802 0.9294839 -0.7004262 -0.05985937 0.7112103 -0.3435576 -0.1214659 0.9312434 -0.09045772 -0.003270973 0.9958949 -0.1531812 0.009692619 0.9881506 -0.2449832 0.01124655 0.9694621 -0.3733476 -0.03133954 0.927162 -0.09275334 -0.007509117 0.9956608 -0.3915014 -0.03512586 0.9195068 0.1033914 -0.009583582 0.9945946 -0.1033915 -0.009583592 0.9945946 0.102219 -0.03720462 0.9940659 0.3766921 -0.1371048 0.9161361 0.08332976 -0.06992199 0.9940659 0.6743221 -0.2454334 0.6964568 0.3070821 -0.2576723 0.9161362 0.5497125 -0.4612642 0.6964563 0.05438965 -0.09420565 0.9940659 0.2004336 -0.3471619 0.9161359 0.3587994 -0.6214589 0.6964566 0.01888929 -0.1071269 0.9940659 0.06960982 -0.3947767 0.9161364 0.1246098 -0.7066965 0.6964571 -0.01888933 -0.1071269 0.9940659 -0.06960957 -0.3947766 0.9161364 -0.1246097 -0.7066966 0.696457 -0.05438961 -0.09420567 0.9940659 -0.2004339 -0.3471616 0.916136 -0.3587995 -0.6214589 0.6964566 -0.08332977 -0.06992197 0.9940659 -0.307082 -0.2576724 0.9161362 -0.5497124 -0.4612641 0.6964565 -0.102219 -0.03720466 0.9940659 -0.3766913 -0.1371046 0.9161365 -0.6743219 -0.2454335 0.696457 0 -1 0 0 -1 0 0 -1 0 0 -1 0 0 -1 0 0 -1 0 0 -1 0 0 -1 0 0 -1 0 0 -1 0 0 -1 0 0 -1 0 0 -1 0 0 -1 0 0 -1 0 0 -1 0 0 -1 0 0 -1 0 0 -1 0 0 -1 0 0.943247 0.3320582 -0.004732008 0.954252 0.2990036 -2.698758e-06 0.9656016 0.2416659 -0.09597453 0.9130642 0.4077892 -0.004655073 0.9030653 0.4179138 -0.09910174 0.871487 0.4904178 -0.0009102761 0.7752856 0.6239229 -0.09824678 0.7668993 0.6417675 -1.08863e-07 0.8998923 0.225163 -0.3734909 0.4662415 0.879556 -0.0948691 0.4683542 0.8835408 0 0.7231823 0.5800275 -0.374934 0.1201505 0.9882104 -0.09489005 0.1215565 0.9925845 0 -0.1208295 0.9926733 1.372332e-08 0.4352802 0.8216266 -0.3680502 0.6566651 0.7299682 -0.1895716 0.1118081 0.9218534 -0.3710596 -0.1200949 0.9882102 -0.09496221 -0.466963 0.8842768 0.0001510481 -0.2413533 0.9704372 -0.0003426477 -0.4665231 0.8793758 -0.0951549 -0.7664992 0.6422452 0.000148166 -0.1118083 0.9218392 -0.371095 -0.7751101 0.6241085 -0.09845271 -0.871487 0.4904178 -0.0009101032 -0.4355844 0.8215554 -0.3678491 -0.6563079 0.7304041 -0.1891287 -0.7231807 0.5800259 -0.3749395 -0.9031291 0.4177441 -0.09923532 -0.9129729 0.4079926 -0.004733833 -0.8393485 0.3895018 -0.3791864 -0.9654371 0.2416267 -0.09771304 -0.9430527 0.3326083 -0.004824829 -0.9540971 0.2994974 -2.622972e-06 -0.8981191 0.2248991 -0.377892 -0.6458918 0.2997278 -0.7021303 -0.6925313 0.173133 -0.7003038 -0.9232482 0.06274577 -0.3790458 -0.7103759 0.04866209 -0.7021382 -0.3896628 0.02714317 -0.9205575 -0.707107 0 -0.7071066 -0.9361408 0 -0.3516253 -0.3516266 0 -0.9361403 -0.9929382 0.06758959 -0.09749569 -0.9867365 0.1622636 -0.004648015 -0.9968554 0.07922147 -0.001812402 -0.9999263 0.01213724 -1.96759e-05 -0.9974796 0 -0.07095442 -0.9999999 0.0002617951 -0.0002267222 -1 0 0 -1 0 0 -1 0 0 -0.9994133 -0.01394797 -0.03128019 -0.1022241 0.007306508 -0.9947346 -0.07095514 0 -0.9974795 0 0 -1 -0.3825079 0.09531028 -0.9190232 -0.01412061 0.1061378 -0.9942512 0 0 -1 -0.1016882 0.0252115 -0.9944968 -0.3548324 0.1646607 -0.9203156 -0.5588512 0.450305 -0.6963553 -0.09343188 0.04335734 -0.9946812 -0.3109565 0.2523611 -0.9163078 -0.3391442 0.6403543 -0.6891499 -0.3788998 0.4225151 -0.8233565 -0.1922949 0.3624153 -0.9119637 -0.08384498 0.06899184 -0.9940876 -0.08808069 0.7146489 -0.6939155 -3.999205e-08 0.834727 -0.5506639 -4.073411e-08 0.834767 -0.5506033 0.08808022 0.7146482 -0.6939162 0 0.5582992 -0.8296397 0 0.5582992 -0.8296397 -0.05048826 0.3967872 -0.916521 0.05048829 0.3967873 -0.916521 -0.05325251 0.1004602 -0.9935149 0 0.1959495 -0.980614 0.01412049 0.1061377 -0.9942512 0 0.1959495 -0.980614 0 0 -1 0.1922938 0.3624155 -0.9119639 0.05325263 0.1004601 -0.9935149 0.339144 0.6403542 -0.6891501 0.08384401 0.06899143 -0.9940877 0.378818 0.4224265 -0.8234396 0.5588508 0.4503053 -0.6963554 0.3108959 0.2522976 -0.9163458 0.8392005 0.3897766 -0.3792317 0.6457773 0.2998911 -0.7021659 0.7840795 0.2886152 -0.5494731 0.6957826 0.1736222 -0.6969519 0.3547429 0.1646347 -0.9203548 0.3845631 0.09560628 -0.9181343 0.09350634 0.04331082 -0.9946762 0.1844287 0.06790268 -0.9804975 0.1022948 0.02536204 -0.9944308 0.7136712 0.0488812 -0.6987733 0.102834 0.007349928 -0.9946714 0.391861 0.02729401 -0.9196195 -0.03128141 -0.01394829 -0.9994133 0.7107212 0 -0.7034738 0.3538394 0 -0.9353062 0.07140589 0 -0.9974473 0 0 -1 0 0 -1 0 0 -1 0.03128052 -0.01394789 -0.9994133 0.9249969 0.06286297 -0.3747385 0.9378549 0 -0.3470276 0.9931061 0.06760236 -0.09576137 0.9746182 0.2233304 -0.01558536 0.987891 0.1550072 -0.006648451 0.9993129 0.03706265 -6.609099e-05 0.9975748 0 -0.06960283 0.9999999 0.0002617951 -0.0002267222 1 0 0 1 0 0 1 0 0 0.9999999 0.0002714724 0.0002472308 1 0 0 1 0 0 1 -1.019501e-07 -3.516422e-07 0.9975748 -1.180669e-07 0.06960326 0.9799922 -0.1755795 0.09373992 0.9794834 -0.1798973 0.09082491 0.9789527 -0.1850365 0.08609895 0.9404928 -0.2572877 0.2219825 0.9196034 -0.1000511 0.3798939 0.8826019 0.0001549172 0.4701212 0.8278303 -0.0994934 0.5520852 0.8498031 -0.3885132 0.3562194 0.7934123 -0.5518706 0.2567797 0.7070245 -0.0153023 0.7070235 0.7344584 -0.5862015 0.3419631 0.7036598 -0.09862173 0.7036595 0.7668191 -0.3873486 0.51181 0.6441838 -0.6358782 0.425072 0.5637004 -0.7126241 0.4176226 0.651986 -0.3870779 0.6519854 0.5520858 -0.09949301 0.8278299 0.3778377 -0.007815918 0.9258389 0.470122 0.0001550685 0.8826014 0.3749851 -0.1063919 0.9209055 0.51181 -0.3873497 0.7668186 0.5423691 -0.6416136 0.5423723 0.5317144 -0.7122578 0.4582233 0.5002045 -0.7071057 0.499797 0.4587663 -0.712144 0.5313985 0.4178081 -0.7125036 0.5637153 0.4250715 -0.6358787 0.6441835 0.3340787 -0.5858014 0.7383957 0.3515195 -0.3846169 0.8535244 0.2326238 -0.5497819 0.8022631 0.251773 -0.5230933 0.8142382 0.2262046 -0.2534169 0.9405378 0.1915239 -0.1084144 0.9754819 0.09352174 -0.1839976 0.9784675 0.09371222 -0.1767081 0.9797919 0.03128141 -0.01394829 0.9994133 -0.03128145 -0.01394831 0.9994133 0.1025532 0.006815306 0.9947042 0 0 1 0 0 1 0 0 1 0.07140758 0 0.9974472 0.3528173 0 0.9356922 0.3916565 0.02560857 0.9197551 0.7089053 -4.693786e-05 0.7053037 0 0 1 0.7137155 0.04602734 0.6989218 0.8334476 -4.363147e-05 0.5525985 0.1022479 0.02483023 0.994449 0.5549042 0.07136759 0.8288474 0.3828985 0.09402753 0.9189927 0.6929517 0.1704161 0.7005543 0.3532037 0.1727688 0.9194553 0.8274911 0.1065616 0.5512741 0.09359957 0.04578394 0.9945567 0.9251004 0.05888191 0.3751295 0.9374758 0 0.3480503 0.8987723 0.2211377 0.3785585 0.9934051 0.06306159 0.09575815 0.9727878 0.1273224 0.1935792 0.9664968 0.2367659 0.09912534 0.9991712 0.04070414 8.603821e-06 0.9826905 0.1852551 0 0.9451358 0.3265611 0.008724071 0.9166085 0.3997101 0.007786877 0.8939538 0.4364012 0.1019829 0.8747493 0.4845247 0.007028646 0.8502734 0.5261439 0.01441303 0.8226128 0.5685924 -0.003300543 0.7876309 0.608601 0.09613694 0.6381249 0.7698648 -0.01023634 0.8315115 0.4067319 0.3783619 0.6227078 0.7766129 0.09543301 0.3501878 0.9366795 -0.0001071901 0.5105533 0.8598461 0.0002460489 0.3476397 0.9327733 0.09529189 0.08922652 0.9960114 -0.0001061718 0.580572 0.7242111 0.3720947 0.7341429 0.5637813 0.3783977 0.6406736 0.3133842 0.7009477 0.6081686 0.5735701 0.5487698 0.4492449 0.5615064 0.6949026 0.5656175 0.4344073 0.7009759 0.311734 0.2395168 0.9194855 0.2492809 0.3125615 0.9166048 0.08261546 0.06356049 0.9945525 0.1434209 0.135242 0.9803775 0.06681602 0.08407718 0.9942166 0.2517638 0.6757555 0.6927983 0.0383106 0.1027889 0.9939652 0.1409107 0.3781519 0.9149564 0.009852405 0.1041027 0.9945177 0 0 1 0 0 1 -0.07140673 0 0.9974473 0.03604662 0.3938519 0.9184668 -0.102552 0.006815226 0.9947043 -0.35384 0 0.935306 0.06392387 0.7142387 0.696977 -0.3914089 0.02539066 0.9198665 -0.7107209 0 0.703474 -0.1026454 0.02511895 0.9944008 -0.713517 0.04556921 0.6991544 -0.009849052 0.1035225 0.9945783 -0.3854298 0.09439335 0.9178964 -0.9251601 0.05866281 0.3750167 -0.9378552 0 0.3470269 -0.6966623 0.1709496 0.6967337 -0.9934078 0.06309739 0.09570604 -0.9975748 0 0.06960269 -0.9008496 0.2214465 0.3734051 -0.6405771 0.3135205 0.7009749 -0.9999999 0.0002714397 0.000247316 -1 0 0 -1 0 0 -1 0 0 -0.9994133 -0.01394807 0.03128093 -0.9991703 0.04072672 6.945752e-05 -0.9827221 0.1850871 0.0001395749 -0.966734 0.2363885 0.09770272 -0.9451359 0.326561 0.008724311 -0.9166084 0.3997105 0.007787096 -0.893898 0.4365409 0.1018747 -0.8747495 0.4845245 0.007028972 -0.8502736 0.5261436 0.01441338 -0.8226133 0.5685916 -0.003300202 -0.787531 0.6087131 0.09624562 -0.6381248 0.7698649 -0.01023632 -0.8313845 0.4069592 0.3783967 -0.7841128 0.2897547 0.5488255 -0.7339958 0.563996 0.3783631 -0.5655393 0.4345555 0.7009471 -0.6229913 0.7761772 0.09711209 -0.5799546 0.7224308 0.3764922 -0.4476827 0.5585173 0.6983113 -0.3484639 0.9322947 0.09695086 -0.350113 0.9367075 0 -0.3245533 0.868321 0.3750784 -0.08840552 0.9913399 0.09710617 -0.08930343 0.9960045 0 -0.08213974 0.9222533 0.3777592 0.0878671 0.9915531 0.09540394 -6.810328e-05 0.9807593 0.1952209 0.08174807 0.9240738 0.3733695 0.3242031 0.8702694 0.3708416 -8.9788e-05 0.8316048 0.5553678 -0.06400989 0.711055 0.7002168 -4.484326e-05 0.5559247 0.8312326 -0.03605754 0.3918992 0.9193013 -0.2513306 0.6724147 0.6961978 -0.1405047 0.3759058 0.9159439 -0.248172 0.3105432 0.9175912 -0.03817788 0.1021417 0.994037 -0.06644645 0.08350823 0.9942893 -0.3117826 0.2395719 0.9194547 -0.0826213 0.06348538 0.9945568 -0.3531314 0.1727486 0.9194869 -0.184898 0.06834114 0.9803786 -0.09366196 0.04574442 0.9945526 -0.9992186 0.00329021 0.03938753 -0.7063987 0.4655877 -0.5331314 -0.9741251 0.03142114 0.2238147 -0.9936562 0.05576814 0.09765929 -0.9236726 0.05175562 0.3796712 -0.8062649 -0.0005801988 0.5915544 -0.7099532 0.04016739 0.7031025 -0.5063498 0 0.8623281 -0.9023862 0.2072423 0.3778224 -0.3884935 0.0222828 0.921182 -0.1629879 0 0.9866281 -0.6958587 0.1598117 0.700172 -0.3845076 0.08830586 0.9188884 -0.1014969 0.005947656 0.9948181 0 0 1 0 0 1 0 0 1 -0.102319 0.02349867 0.994474 2.353819e-08 7.151186e-09 1 -0.09446395 0.04580532 0.9944739 -0.3549872 0.1721324 0.9188876 -0.08181472 0.06578764 0.9944739 -0.6424324 0.3115132 0.7001715 -0.30745 0.2472211 0.9188886 -0.06501281 0.08243018 0.994474 -0.5564047 0.4474071 0.7001718 -0.2443135 0.3097675 0.9188879 -0.8331024 0.4039676 0.3778236 -0.04491293 0.09489171 0.9944739 -0.9699921 0.2227855 0.09737576 -0.1687787 0.3565933 0.9188879 -0.9704641 0.2214802 -0.0956347 -0.02253329 0.1025361 0.994474 -0.4421429 0.5605969 0.700172 -0.08467883 0.3853258 0.9188871 -0.7215437 0.5801956 0.3778197 -0.3054447 0.6453403 0.700171 -0.5733688 0.7269787 0.3778229 -0.8955142 0.434231 0.09745655 -0.7756022 0.6236416 0.09753135 -0.3960993 0.8368732 0.3778208 -0.6162298 0.781521 0.09739512 -0.1532464 0.6973334 0.7001727 -0.4257107 0.8995873 0.09753469 -0.1987294 0.9042983 0.3778243 0.003718131 0.3945 0.9188884 0.006728856 0.7139415 0.7001731 0.0009894108 0.1049777 0.9944741 0.02446213 0.1020936 0.994474 0.09192633 0.3836582 0.9188884 0.04669319 0.09402753 0.994474 0.06655496 0.08119033 0.994474 2.207986e-08 -6.594636e-10 1 0.1754692 0.3533478 0.9188884 0.1663622 0.6943202 0.7001736 0.008726183 0.9258375 0.3778211 0.3175536 0.6394672 0.7001724 -0.2136287 0.9720181 0.09769173 0.2157387 0.900394 0.3778194 0.009364241 0.9951677 0.09774224 0.2501081 0.3051068 0.9188883 0.4118026 0.8292598 0.3778184 0.08303957 0.06423323 0.994474 0.45263 0.5521628 0.7001731 0.3120561 0.2413832 0.918888 0.09531055 0.04401657 0.994474 0.102351 0.02202533 0.9945045 0 0 1 0.358167 0.1654094 0.9188885 0.5647397 0.4368402 0.7001712 0.1012078 0.005417454 0.9948506 0 0 1 0 0 1 0.1629892 0 0.9866279 0.3852307 0.08281985 0.9190964 0.3880228 0.02036479 0.9214248 0.5063494 0 0.8623284 0.6481882 0.2993485 0.7001732 0.6977729 0.1499166 0.7004556 0.7097671 0.03678903 0.7034751 0.8062642 -0.0005801488 0.5915553 0.8405689 0.3881942 0.3778216 0.923791 0.04743573 0.3799475 0.8538189 0.01163776 0.52044 0.9051554 0.194412 0.378018 0.9939026 0.05114379 0.09768274 0.9693583 0.002682765 0.2456363 0.9992777 1.920407e-05 0.0379999 0.9730761 0.2087521 0.09770062 0.9938274 0.05540816 -0.09610903 0.99944 5.730011e-05 -0.03346021 0.9035735 0.4171255 0.09778135 0.9703663 0.2218168 -0.09584658 0.9492041 0.3146595 0.001004629 0.9440849 0.3297021 -0.000389209 0.8967498 0.4319797 -0.09609041 0.9043458 0.2064113 -0.373568 0.8545058 0.5194418 0.0002602824 0.787414 0.6086682 0.09747933 0.8468238 0.5318725 -0.001011696 0.7781948 0.6206175 -0.09616006 0.835742 0.4024727 -0.3735653 0.7252292 0.578351 -0.3735675 0.7323512 0.5664918 0.377821 0.630902 0.7696618 0.09789443 0.5869694 0.7160434 0.3778211 0.4426751 0.8913354 0.09777488 0.620369 0.7784517 -0.09568329 0.5427231 0.8399111 0.001035986 0.5325559 0.8463948 -1.604705e-05 0.4317408 0.8968873 -0.09588061 0.5783512 0.7252296 -0.3735666 0.3407021 0.9401712 0.0004583258 0.232066 0.967797 0.09754089 0.3305417 0.9437912 -0.0005160746 0.2214729 0.9704292 -0.0960048 0.1119549 0.9937129 -0.0008575566 -2.635651e-05 0.9953856 -0.09595624 0.2064109 0.9043461 -0.3735674 -0.2216518 0.9704163 -0.09572237 -0.323437 0.9462496 0.0004755823 1.218779e-07 0.9276025 -0.3735686 -0.3300254 0.943972 -0.0001644515 -0.4319399 0.8967993 -0.09580661 -0.5271333 0.8497826 0.0001366053 -0.5319718 0.846762 -0.0003808366 -0.6206404 0.7782212 -0.09579798 -0.7783107 0.6205533 -0.0956348 -0.8449475 0.5348492 0.0003194788 -0.8466358 0.5321727 2.975523e-05 -0.8968569 0.431853 -0.09565881 -0.9432383 0.3321168 0.0001326589 -0.9438673 0.3303249 -4.620527e-05 -0.835742 0.4024722 -0.3735658 -0.9043461 0.2064115 -0.3735671 -0.7252291 0.5783514 -0.3735671 -0.6992501 0.1595987 -0.6968339 -0.5783513 0.7252295 -0.3735664 -0.6462045 0.3111961 -0.6968333 -0.5607549 0.4471874 -0.6968338 -0.4024724 0.8357412 -0.3735675 -0.4471882 0.5607554 -0.696833 -0.2064111 0.9043462 -0.3735671 -0.3111956 0.6462033 -0.6968347 -0.159598 0.6992459 -0.6968384 -4.569935e-07 0.7172314 -0.696835 -0.1721088 0.3573882 -0.9179609 -0.08826734 0.3867248 -0.9179612 -0.2473214 0.3101311 -0.9179601 -0.3101295 0.2473199 -0.9179611 -0.06582081 0.08253672 -0.994412 -0.3573868 0.1721085 -0.9179615 -0.08253704 0.06582098 -0.994412 -0.09511359 0.04580433 -0.9944121 -0.386725 0.08826733 -0.9179611 -0.1029218 0.02349125 -0.994412 -1.266623e-08 6.154525e-09 -1 -0.1020836 0.005944899 -0.9947581 -0.3906936 0.02173312 -0.9202642 -0.7132983 0.04010636 -0.699712 -0.9254435 0.05106411 -0.3754288 -0.993843 0.0552868 -0.0960184 -0.958744 0.001967856 -0.284264 -0.8349015 -0.0005890234 -0.5503991 -0.9952861 0.0004883879 -0.09698149 -0.9401423 -0.0006642876 -0.3407813 -0.9999296 5.180129e-06 -0.01186657 -0.7776239 0.001670406 -0.6287275 -0.5582454 -0.0004941469 -0.8296757 -0.5384569 -7.201673e-05 -0.8426531 -0.1965598 -0.0004644228 -0.9804917 -0.4861974 -0.0006980927 -0.8738487 -0.1471235 0.0009266801 -0.9891177 0 0 -1 0 0 -1 -0.9775002 -0.100032 -0.1857064 -0.9799916 -0.1755833 -0.09373844 -0.979484 -0.1798948 -0.09082363 -0.9789533 -0.1850339 -0.08609774 -0.9404932 -0.2572862 -0.2219827 -0.9237741 -0.01528308 -0.3826327 -0.975482 -0.1084133 0.191524 -0.9797926 -0.1767055 0.09371084 -0.9784683 -0.1839947 0.09351906 -0.9405383 -0.2534152 0.2262045 -0.9208931 -0.1063919 0.3750155 -0.9258388 -0.007815978 0.3778379 -0.9305784 0.01198885 0.3658962 -0.953364 -0.004167998 0.3017941 -0.706223 -0.003850362 0.707979 -0.8214916 0.01569415 0.5700047 -0.761539 -0.001401957 0.6481176 -0.6717787 0.01629416 0.7405727 -0.8825711 0.0001552333 0.470179 -0.82783 -0.0994939 0.5520856 -0.3630216 0.003399825 0.9317745 -0.3337678 -6.561365e-05 0.9426553 -0.7036599 -0.09862235 0.7036593 -0.552086 -0.09949293 0.8278298 -0.3826326 -0.01528295 0.9237742 -0.6519857 -0.3870778 0.6519858 -0.4701788 0.0001551784 0.8825712 -0.3799233 -0.1000506 0.9195913 -0.51181 -0.3873498 0.7668185 -0.3562199 -0.3885121 0.8498033 -0.1857059 -0.1000344 0.9775001 -0.09374137 -0.1755822 0.9799916 -0.09082638 -0.1799 0.9794828 -0.08609964 -0.1850391 0.9789522 -0.2219813 -0.2572888 0.9404928 -0.2567796 -0.5518703 0.7934125 -0.3419628 -0.5862012 0.7344587 -0.4250718 -0.6358784 0.6441837 -0.417808 -0.7125038 0.5637152 -0.5423678 -0.6416128 0.5423745 -0.4589137 -0.7121061 0.531322 -0.4787421 -0.7066956 0.5209485 -0.5004123 -0.7071072 0.4995868 -0.5317882 -0.7122983 0.4580747 -0.5637002 -0.7126246 0.4176221 -0.6441837 -0.6358778 0.4250726 -0.7383943 -0.5858021 0.3340806 -0.7668188 -0.3873492 0.51181 -0.8535244 -0.384617 0.3515194 -0.8022604 -0.5497838 0.2326285 -0.8142371 -0.5230945 0.2517738 -0.04580474 0.09511463 -0.994412 -0.02349131 0.1029221 -0.994412 -3.699052e-07 0.3966726 -0.9179602 -4.223473e-08 0.1055682 -0.9944121 0.159599 0.6992464 -0.6968376 0.08826753 0.3867246 -0.9179613 0.4024724 0.8357409 -0.373568 0.3111956 0.646204 -0.696834 0.447188 0.5607558 -0.6968327 0.172109 0.3573883 -0.9179608 0.02349101 0.102921 -0.9944121 0.04580408 0.09511354 -0.9944121 0.247321 0.3101312 -0.9179602 0.5607549 0.4471873 -0.6968339 0.06582016 0.08253579 -0.9944122 0.3101292 0.2473197 -0.9179612 0.6462047 0.3111964 -0.696833 0.08253655 0.06582088 -0.9944121 0.3573864 0.172108 -0.9179618 0.09511305 0.04580394 -0.9944121 -1.834307e-08 2.582281e-09 -1 0.6992498 0.1595985 -0.6968343 0.3867254 0.08826753 -0.9179609 0.102921 0.02349112 -0.9944121 0.102083 0.005944852 -0.9947581 0 0 -1 0 0 -1 0.1471336 0.000931525 -0.9891162 0.3908284 0.0219859 -0.9202009 0.4877467 -0.0008037971 -0.8729848 0.5402521 -0.0001826502 -0.8415032 0.7131231 0.03982536 -0.6999067 0.7791054 0.001664901 -0.6268907 0.9253834 0.05175516 -0.3754823 0.8982483 0.0002462642 -0.4394883 0.9120971 -8.624055e-05 -0.4099742 0.9744397 0.0002848822 -0.2246488 0.8535244 -0.3846169 -0.3515194 0.8022633 -0.5497829 -0.2326205 0.8142372 -0.5230944 -0.2517739 0.7383961 -0.5858019 -0.3340768 0.9405383 -0.2534152 -0.2262045 0.7668188 -0.387349 -0.5118102 0.9208931 -0.1063919 -0.3750155 0.644184 -0.6358778 -0.4250723 0.5637 -0.7126248 -0.4176222 0.5423668 -0.6416137 -0.5423744 0.5317881 -0.7122978 -0.4580757 0.5004836 -0.7071068 -0.4995158 0.4788281 -0.7066981 -0.5208661 0.4589128 -0.7121061 -0.5313229 0.4178071 -0.7125037 -0.563716 0.4250715 -0.6358783 -0.644184 0.3419651 -0.5862 -0.7344586 0.6519857 -0.3870775 -0.6519859 0.5118102 -0.3873486 -0.766819 0.8278301 -0.09949368 -0.5520854 0.70366 -0.09862087 -0.7036594 0.3562197 -0.3885111 -0.8498039 0.2567834 -0.5518688 -0.7934123 0.2219809 -0.2572853 -0.9404939 0.5520857 -0.0994924 -0.8278301 0.707024 -0.01530227 -0.7070239 0.9258389 -0.007816005 -0.3778376 0.8825711 0.0001551234 -0.470179 0.3826322 -0.01528318 -0.9237743 0.4701788 0.0001549721 -0.8825712 0.3799235 -0.1000503 -0.9195912 0.975482 -0.1084133 -0.191524 0.9784683 -0.1839947 -0.09351906 0.9797914 -0.1767118 -0.09371067 0.1857051 -0.1000321 -0.9775005 0.08609727 -0.1850339 -0.9789534 0.09082383 -0.1798951 -0.9794839 0.09373866 -0.1755772 -0.9799927 -0.1915226 -0.1084143 -0.9754821 -0.09371222 -0.1767081 -0.9797919 -0.09352178 -0.1839977 -0.9784674 -0.226204 -0.2534162 -0.9405382 -0.3750523 -0.1063912 -0.9208782 -0.3778377 -0.007816326 -0.9258389 -0.4702511 0.0001551234 -0.8825326 -0.5520861 -0.09949304 -0.8278297 -0.7070244 -0.01530233 -0.7070236 -0.3515189 -0.3846149 -0.8535255 -0.2517731 -0.523093 -0.8142383 -0.2326238 -0.5497819 -0.8022631 -0.3340782 -0.5858009 -0.7383962 -0.5118104 -0.3873484 -0.7668189 -0.4250722 -0.6358775 -0.6441843 -0.417761 -0.7125341 -0.5637117 -0.6519864 -0.3870778 -0.651985 -0.5423703 -0.6416151 -0.5423694 -0.458631 -0.7121728 -0.5314768 -0.5000013 -0.7071054 -0.5000006 -0.5314774 -0.7121727 -0.4586304 -0.5637119 -0.7125341 -0.4177608 -0.6441841 -0.6358777 -0.4250722 -0.7344568 -0.586201 -0.3419673 -0.7668187 -0.3873498 -0.5118098 -0.7036606 -0.098622 -0.7036586 -0.8498029 -0.3885132 -0.3562198 -0.793409 -0.551871 -0.2567889 -0.8278303 -0.09949468 -0.552085 -0.9195907 -0.1000511 -0.3799247 -0.8825711 0.0001552333 -0.470179</float_array>
          <technique_common>
            <accessor count="1327" source="#normals-array-array" stride="3">
              <param type="float" name="X"/>
              <param type="float" name="Y"/>
              <param type="float" name="Z"/>
            </accessor>
          </technique_common>
        </source>
        <source id="texcoords-array">
          <float_array count="2654" id="texcoords-array-array">0 1 0 1 0 1 0 1 0 1 0 1 0 1 0 1 0 1 0 1 0 1 0 1 0 1 0 1 0 1 0 1 0 1 0 1 0 1 0 1 0 1 0 1 0 1 0 1 0 1 0 1 0 1 0 1 0 1 0 1 0 1 0 1 0 1 0 1 0 1 0 1 0 1 0 1 0 1 0 1 0 1 0 1 0 1 0 1 0 1 0 1 0 1 0 1 0 1 0 1 0 1 0 1 0 1 0 1 0 1 0 1 0 1 0 1 0 1 0 1 0 1 0 1 0 1 0 1 0 1 0 1 0 1 0 1 0 1 0 1 0 1 0 1 0 1 0 1 0 1 0 1 0 1 0 1 0 1 0 1 0 1 0 1 0 1 0 1 0 1 0 1 0 1 0 1 0 1 0 1 0 1 0 1 0 1 0 1 0 1 0 1 0 1 0 1 0 1 0 1 0 1 0 1 0 1 0 1 0 1 0 1 0 1 0 1 0 1 0 1 0 1 0 1 0 1 0 1 0 1 0 1 0 1 0 1 0 1 0 1 0 1 0 1 0 1 0 1 0 1 0 1 0 1 0 1 0 1 0 1 0 1 0 1 0 1 0 1 0 1 0 1 0 1 0 1 0 1 0 1 0 1 0 1 0 1 0 1 0 1 0 1 0 1 0 1 0 1 0 1 0 1 0 1 0 1 0 1 0 1 0 1 0 1 0 1 0 1 0 1 0 1 0 1 0 1 0 1 0 1 0 1 0 1 0 1 0 1 0 1 0 1 0 1 0 1 0 1 0 1 0 1 0 1 0 1 0 1 0 1 0 1 0 1 0 1 0 1 0 1 0 1 0 1 0 1 0 1 0 1 0 1 0 1 0 1 0 1 0 1 0 1 0 1 0 1 0 1 0 1 0 1 0 1 0 1 0 1 0 1 0 1 0 1 0 1 0 1 0 1 0 1 0 1 0 1 0 1 0 1 0 1 0 1 0 1 0 1 0 1 0 1 0 1 0 1 0 1 0 1 0 1 0 1 0 1 0 1 0 1 0 1 0 1 0 1 0 1 0 1 0 1 0 1 0 1 0 1 0 1 0 1 0 1 0 1 0 1 0 1 0 1 0 1 0 1 0 1 0 1 0 1 0 1 0 1 0 1 0 1 0 1 0 1 0 1 0 1 0 1 0 1 0 1 0 1 0 1 0 1 0 1 0 1 0 1 0 1 0 1 0 1 0 1 0 1 0 1 0 1 0 1 0 1 0 1 0 1 0 1 0 1 0 1 0 1 0 1 0 1 0 1 0 1 0 1 0 1 0 1 0 1 0 1 0 1 0 1 0 1 0 1 0 1 0 1 0 1 0 1 0 1 0 1 0 1 0 1 0 1 0 1 0 1 0 1 0 1 0 1 0 1 0 1 0 1 0 1 0 1 0 1 0 1 0 1 0 1 0 1 0 1 0 1 0 1 0 1 0 1 0 1 0 1 0 1 0 1 0 1 0 1 0 1 0 1 0 1 0 1 0 1 0 1 0 1 0 1 0 1 0 1 0 1 0 1 0 1 0 1 0 1 0 1 0 1 0 1 0 1 0 1 0 1 0 1 0 1 0 1 0 1 0 1 0 1 0 1 0 1 0 1 0 1 0 1 0 1 0 1 0 1 0 1 0 1 0 1 0 1 0 1 0 1 0 1 0 1 0 1 0 1 0 1 0 1 0 1 0 1 0 1 0 1 0 1 0 1 0 1 0 1 0 1 0 1 0 1 0 1 0 1 0 1 0 1 0 1 0 1 0 1 0 1 0 1 0 1 0 1 0 1 0 1 0 1 0 1 0 1 0 1 0 1 0 1 0 1 0 1 0 1 0 1 0 1 0 1 0 1 0 1 0 1 0 1 0 1 0 1 0 1 0 1 0 1 0 1 0 1 0 1 0 1 0 1 0 1 0 1 0 1 0 1 0 1 0 1 0 1 0 1 0 1 0 1 0 1 0 1 0 1 0 1 0 1 0 1 0 1 0 1 0 1 0 1 0 1 0 1 0 1 0 1 0 1 0 1 0 1 0 1 0 1 0 1 0 1 0 1 0 1 0 1 0 1 0 1 0 1 0 1 0 1 0 1 0 1 0 1 0 1 0 1 0 1 0 1 0 1 0 1 0 1 0 1 0 1 0 1 0 1 0 1 0 1 0 1 0 1 0 1 0 1 0 1 0 1 0 1 0 1 0 1 0 1 0 1 0 1 0 1 0 1 0 1 0 1 0 1 0 1 0 1 0 1 0 1 0 1 0 1 0 1 0 1 0 1 0 1 0 1 0 1 0 1 0 1 0 1 0 1 0 1 0 1 0 1 0 1 0 1 0 1 0 1 0 1 0 1 0 1 0 1 0 1 0 1 0 1 0 1 0 1 0 1 0 1 0 1 0 1 0 1 0 1 0 1 0 1 0 1 0 1 0 1 0 1 0 1 0 1 0 1 0 1 0 1 0 1 0 1 0 1 0 1 0 1 0 1 0 1 0 1 0 1 0 1 0 1 0 1 0 1 0 1 0 1 0 1 0 1 0 1 0 1 0 1 0 1 0 1 0 1 0 1 0 1 0 1 0 1 0 1 0 1 0 1 0 1 0 1 0 1 0 1 0 1 0 1 0 1 0 1 0 1 0 1 0 1 0 1 0 1 0 1 0 1 0 1 0 1 0 1 0 1 0 1 0 1 0 1 0 1 0 1 0 1 0 1 0 1 0 1 0 1 0 1 0 1 0 1 0 1 0 1 0 1 0 1 0 1 0 1 0 1 0 1 0 1 0 1 0 1 0 1 0 1 0 1 0 1 0 1 0 1 0 1 0 1 0 1 0 1 0 1 0 1 0 1 0 1 0 1 0 1 0 1 0 1 0 1 0 1 0 1 0 1 0 1 0 1 0 1 0 1 0 1 0 1 0 1 0 1 0 1 0 1 0 1 0 1 0 1 0 1 0 1 0 1 0 1 0 1 0 1 0 1 0 1 0 1 0 1 0 1 0 1 0 1 0 1 0 1 0 1 0 1 0 1 0 1 0 1 0 1 0 1 0 1 0 1 0 1 0 1 0 1 0 1 0 1 0 1 0 1 0 1 0 1 0 1 0 1 0 1 0 1 0 1 0 1 0 1 0 1 0 1 0 1 0 1 0 1 0 1 0 1 0 1 0 1 0 1 0 1 0 1 0 1 0 1 0 1 0 1 0 1 0 1 0 1 0 1 0 1 0 1 0 1 0 1 0 1 0 1 0 1 0 1 0 1 0 1 0 1 0 1 0 1 0 1 0 1 0 1 0 1 0 1 0 1 0 1 0 1 0 1 0 1 0 1 0 1 0 1 0 1 0 1 0 1 0 1 0 1 0 1 0 1 0 1 0 1 0 1 0 1 0 1 0 1 0 1 0 1 0 1 0 1 0 1 0 1 0 1 0 1 0 1 0 1 0 1 0 1 0 1 0 1 0 1 0 1 0 1 0 1 0 1 0 1 0 1 0 1 0 1 0 1 0 1 0 1 0 1 0 1 0 1 0 1 0 1 0 1 0 1 0 1 0 1 0 1 0 1 0 1 0 1 0 1 0 1 0 1 0 1 0 1 0 1 0 1 0 1 0 1 0 1 0 1 0 1 0 1 0 1 0 1 0 1 0 1 0 1 0 1 0 1 0 1 0 1 0 1 0 1 0 1 0 1 0 1 0 1 0 1 0 1 0 1 0 1 0 1 0 1 0 1 0 1 0 1 0 1 0 1 0 1 0 1 0 1 0 1 0 1 0 1 0 1 0 1 0 1 0 1 0 1 0 1 0 1 0 1 0 1 0 1 0 1 0 1 0 1 0 1 0 1 0 1 0 1 0 1 0 1 0 1 0 1 0 1 0 1 0 1 0 1 0 1 0 1 0 1 0 1 0 1 0 1 0 1 0 1 0 1 0 1 0 1 0 1 0 1 0 1 0 1 0 1 0 1 0 1 0 1 0 1 0 1 0 1 0 1 0 1 0 1 0 1 0 1 0 1 0 1 0 1 0 1 0 1 0 1 0 1 0 1 0 1 0 1 0 1 0 1 0 1 0 1 0 1 0 1 0 1 0 1 0 1 0 1 0 1 0 1 0 1 0 1 0 1 0 1 0 1 0 1 0 1 0 1 0 1 0 1 0 1 0 1 0 1 0 1 0 1 0 1 0 1 0 1 0 1 0 1 0 1 0 1 0 1 0 1 0 1 0 1 0 1 0 1 0 1 0 1 0 1 0 1 0 1 0 1 0 1 0 1 0 1 0 1 0 1 0 1 0 1 0 1 0 1 0 1 0 1 0 1 0 1 0 1 0 1 0 1 0 1 0 1 0 1 0 1 0 1 0 1 0 1 0 1 0 1 0 1 0 1 0 1 0 1 0 1 0 1 0 1 0 1 0 1 0 1 0 1 0 1 0 1 0 1 0 1 0 1 0 1 0 1 0 1 0 1 0 1 0 1 0 1 0 1 0 1 0 1 0 1 0 1 0 1 0 1 0 1 0 1 0 1 0 1 0 1 0 1 0 1 0 1 0 1 0 1 0 1 0 1 0 1 0 1 0 1 0 1 0 1 0 1 0 1 0 1 0 1 0 1 0 1 0 1 0 1 0 1 0 1 0 1 0 1 0 1 0 1 0 1 0 1 0 1 0 1 0 1 0 1 0 1 0 1 0 1 0 1 0 1 0 1 0 1 0 1 0 1 0 1 0 1 0 1 0 1 0 1 0 1 0 1 0 1 0 1 0 1 0 1 0 1 0 1 0 1 0 1 0 1 0 1 0 1 0 1 0 1 0 1 0 1 0 1 0 1 0 1 0 1 0 1 0 1 0 1 0 1 0 1 0 1 0 1 0 1 0 1 0 1 0 1 0 1 0 1 0 1 0 1 0 1 0 1 0 1 0 1 0 1 0 1 0 1 0 1 0 1 0 1 0 1 0 1 0 1 0 1 0 1 0 1 0 1 0 1 0 1 0 1 0 1 0 1 0 1 0 1 0 1 0 1 0 1 0 1 0 1 0 1 0 1 0 1 0 1 0 1 0 1 0 1 0 1 0 1 0 1 0 1 0 1 0 1 0 1 0 1 0 1 0 1 0 1 0 1 0 1 0 1 0 1 0 1 0 1 0 1 0 1 0 1 0 1 0 1 0 1 0 1 0 1 0 1 0 1 0 1 0 1 0 1 0 1 0 1 0 1 0 1 0 1 0 1 0 1 0 1 0 1 0 1 0 1 0 1 0 1 0 1 0 1 0 1 0 1 0 1 0 1 0 1 0 1 0 1 0 1 0 1 0 1 0 1 0 1 0 1 0 1 0 1 0 1 0 1 0 1 0 1 0 1 0 1 0 1 0 1 0 1 0 1 0 1 0 1 0 1 0 1 0 1 0 1 0 1 0 1 0 1 0 1 0 1 0 1 0 1 0 1 0 1 0 1 0 1 0 1 0 1 0 1 0 1 0 1 0 1 0 1 0 1 0 1 0 1 0 1 0 1 0 1 0 1 0 1 0 1 0 1 0 1 0 1 0 1 0 1 0 1 0 1 0 1 0 1 0 1 0 1 0 1 0 1 0 1 0 1 0 1 0 1 0 1 0 1 0 1 0 1 0 1 0 1 0 1 0 1 0 1 0 1 0 1 0 1 0 1 0 1 0 1 0 1 0 1 0 1 0 1 0 1 0 1 0 1 0 1 0 1 0 1 0 1 0 1 0 1 0 1 0 1 0 1 0 1 0 1 0 1 0 1 0 1 0 1 0 1 0 1 0 1 0 1 0 1 0 1 0 1 0 1 0 1 0 1 0 1 0 1 0 1 0 1 0 1 0 1 0 1 0 1 0 1 0 1 0 1 0 1 0 1 0 1 0 1 0 1 0 1 0 1 0 1 0 1 0 1 0 1 0 1 0 1 0 1 0 1 0 1 0 1 0 1 0 1 0 1 0 1 0 1 0 1</float_array>
          <technique_common>
            <accessor count="1327" source="#texcoords-array-array" stride="2">
              <param type="float" name="S"/>
              <param type="float" name="T"/>
            </accessor>
          </technique_common>
        </source>
        <vertices id="verts-array-vertices">
          <input semantic="POSITION" source="#verts-array"/>
        </vertices>
        <triangles count="1969" material="material0">
          <input offset="0" semantic="VERTEX" source="#verts-array-vertices"/>
          <input offset="1" semantic="NORMAL" source="#normals-array"/>
          <input offset="2" semantic="TEXCOORD" source="#texcoords-array"/>
          <p>0 0 0 1 1 1 2 2 2 2 2 2 3 3 3 0 0 0 3 3 3 2 2 2 4 4 4 4 4 4 5 5 5 3 3 3 6 6 6 3 3 3 5 5 5 5 5 5 7 7 7 6 6 6 7 7 7 5 5 5 8 8 8 8 8 8 9 9 9 7 7 7 8 8 8 10 10 10 9 9 9 10 10 10 11 11 11 9 9 9 11 11 11 10 10 10 12 12 12 11 11 11 12 12 12 13 13 13 11 11 11 13 13 13 14 14 14 15 15 15 11 11 11 14 14 14 16 16 16 11 11 11 15 15 15 17 17 17 16 16 16 15 15 15 15 15 15 14 14 14 18 18 18 19 19 19 17 17 17 15 15 15 20 20 20 15 15 15 18 18 18 19 19 19 15 15 15 21 21 21 18 18 18 22 22 22 20 20 20 21 21 21 23 23 23 19 19 19 24 24 24 20 20 20 22 22 22 23 23 23 21 21 21 25 25 25 22 22 22 26 26 26 24 24 24 25 25 25 27 27 27 23 23 23 24 24 24 26 26 26 28 28 28 29 29 29 27 27 27 25 25 25 28 28 28 30 30 30 24 24 24 28 28 28 31 31 31 30 30 30 29 29 29 25 25 25 32 32 32 32 32 32 33 33 33 29 29 29 34 34 34 33 33 33 32 32 32 32 32 32 35 35 35 34 34 34 35 35 35 36 36 36 34 34 34 37 37 37 38 38 38 39 39 39 39 39 39 40 40 40 37 37 37 40 40 40 39 39 39 41 41 41 41 41 41 42 42 42 40 40 40 41 41 41 43 43 43 42 42 42 44 44 44 43 43 43 41 41 41 41 41 41 45 45 45 44 44 44 46 46 46 44 44 44 45 45 45 45 45 45 47 47 47 46 46 46 45 45 45 48 48 48 47 47 47 48 48 48 49 49 49 47 47 47 47 47 47 50 50 50 46 46 46 50 50 50 47 47 47 51 51 51 51 51 51 52 52 52 50 50 50 52 52 52 53 53 53 50 50 50 53 53 53 54 54 54 50 50 50 54 54 54 55 55 55 50 50 50 56 56 56 50 50 50 55 55 55 56 56 56 55 55 55 57 57 57 58 58 58 56 56 56 57 57 57 57 57 57 59 59 59 58 58 58 58 58 58 59 59 59 60 60 60 60 60 60 61 61 61 58 58 58 62 62 62 58 58 58 61 61 61 61 61 61 63 63 63 62 62 62 64 64 64 63 63 63 61 61 61 61 61 61 65 65 65 64 64 64 66 66 66 67 67 67 68 68 68 68 68 68 69 69 69 66 66 66 68 68 68 70 70 70 69 69 69 71 71 71 69 69 69 70 70 70 70 70 70 72 72 72 71 71 71 72 72 72 70 70 70 73 73 73 71 71 71 72 72 72 74 74 74 75 75 75 71 71 71 74 74 74 74 74 74 76 76 76 75 75 75 73 73 73 77 77 77 72 72 72 78 78 78 77 77 77 73 73 73 79 79 79 77 77 77 78 78 78 73 73 73 80 80 80 78 78 78 79 79 79 78 78 78 81 81 81 80 80 80 73 73 73 82 82 82 83 83 83 79 79 79 81 81 81 81 81 81 84 84 84 83 83 83 85 85 85 80 80 80 82 82 82 85 85 85 82 82 82 86 86 86 86 86 86 87 87 87 85 85 85 88 88 88 89 89 89 90 90 90 91 91 91 88 88 88 90 90 90 90 90 90 92 92 92 91 91 91 92 92 92 93 93 93 91 91 91 94 94 94 91 91 91 93 93 93 95 95 95 91 91 91 94 94 94 95 95 95 94 94 94 96 96 96 96 96 96 97 97 97 95 95 95 96 96 96 98 98 98 97 97 97 99 99 99 98 98 98 96 96 96 96 96 96 100 100 100 99 99 99 100 100 100 101 101 101 99 99 99 100 100 100 102 102 102 101 101 101 102 102 102 100 100 100 103 103 103 103 103 103 104 104 104 102 102 102 103 103 103 105 105 105 104 104 104 103 103 103 106 106 106 105 105 105 106 106 106 103 103 103 107 107 107 107 107 107 108 108 108 106 106 106 107 107 107 109 109 109 108 108 108 93 93 93 110 110 110 94 94 94 110 110 110 93 93 93 111 111 111 111 111 111 93 93 93 112 112 112 112 112 112 113 113 113 111 111 111 111 111 111 113 113 113 114 114 114 114 114 114 115 115 115 111 111 111 115 115 115 114 114 114 116 116 116 116 116 116 117 117 117 115 115 115 116 116 116 118 118 118 117 117 117 118 118 118 119 119 119 117 117 117 118 118 118 120 120 120 119 119 119 120 120 120 121 121 121 119 119 119 119 119 119 121 121 121 122 122 122 122 122 122 123 123 123 119 119 119 124 124 124 123 123 123 122 122 122 122 122 122 125 125 125 124 124 124 124 124 124 125 125 125 126 126 126 126 126 126 127 127 127 124 124 124 127 127 127 126 126 126 128 128 128 128 128 128 129 129 129 127 127 127 128 128 128 130 130 130 129 129 129 131 131 131 129 129 129 130 130 130 130 130 130 132 132 132 131 131 131 131 131 131 132 132 132 133 133 133 133 133 133 134 134 134 131 131 131 135 135 135 131 131 131 134 134 134 134 134 134 136 136 136 135 135 135 136 136 136 137 137 137 135 135 135 137 137 137 138 138 138 135 135 135 139 139 139 135 135 135 138 138 138 138 138 138 140 140 140 139 139 139 140 140 140 138 138 138 141 141 141 142 142 142 141 141 141 138 138 138 138 138 138 143 143 143 142 142 142 143 143 143 138 138 138 144 144 144 142 142 142 143 143 143 145 145 145 144 144 144 146 146 146 143 143 143 146 146 146 144 144 144 147 147 147 147 147 147 148 148 148 146 146 146 149 149 149 142 142 142 145 145 145 145 145 145 150 150 150 149 149 149 150 150 150 151 151 151 149 149 149 149 149 149 151 151 151 152 152 152 152 152 152 153 153 153 149 149 149 152 152 152 154 154 154 153 153 153 154 154 154 155 155 155 153 153 153 156 156 156 153 153 153 155 155 155 155 155 155 157 157 157 156 156 156 157 157 157 158 158 158 156 156 156 158 158 158 159 159 159 156 156 156 160 160 160 156 156 156 159 159 159 159 159 159 161 161 161 160 160 160 160 160 160 161 161 161 162 162 162 162 162 162 163 163 163 160 160 160 164 164 164 163 163 163 165 165 165 164 164 164 165 165 165 166 166 166 166 166 166 167 167 167 164 164 164 166 166 166 168 168 168 167 167 167 167 167 167 168 168 168 169 169 169 170 170 170 164 164 164 167 167 167 169 169 169 171 171 171 167 167 167 169 169 169 172 172 172 171 171 171 171 171 171 172 172 172 173 173 173 174 174 174 170 170 170 167 167 167 175 175 175 171 171 171 173 173 173 173 173 173 176 176 176 175 175 175 175 175 175 176 176 176 177 177 177 175 175 175 177 177 177 178 178 178 179 179 179 167 167 167 171 171 171 167 167 167 179 179 179 174 174 174 180 180 180 171 171 171 175 175 175 171 171 171 180 180 180 179 179 179 178 178 178 181 181 181 175 175 175 178 178 178 182 182 182 181 181 181 181 181 181 182 182 182 183 183 183 175 175 175 184 184 184 180 180 180 184 184 184 175 175 175 181 181 181 183 183 183 185 185 185 181 181 181 183 183 183 186 186 186 185 185 185 185 185 185 186 186 186 187 187 187 181 181 181 188 188 188 184 184 184 188 188 188 181 181 181 185 185 185 189 189 189 185 185 185 187 187 187 187 187 187 190 190 190 189 189 189 190 190 190 191 191 191 189 189 189 189 189 189 191 191 191 192 192 192 192 192 192 193 193 193 189 189 189 185 185 185 194 194 194 188 188 188 194 194 194 185 185 185 189 189 189 195 195 195 189 189 189 193 193 193 193 193 193 196 196 196 195 195 195 195 195 195 196 196 196 197 197 197 197 197 197 198 198 198 195 195 195 199 199 199 195 195 195 198 198 198 189 189 189 195 195 195 199 199 199 198 198 198 200 200 200 199 199 199 200 200 200 201 201 201 199 199 199 199 199 199 202 202 202 189 189 189 189 189 189 202 202 202 194 194 194 203 203 203 199 199 199 201 201 201 202 202 202 199 199 199 203 203 203 201 201 201 204 204 204 203 203 203 204 204 204 205 205 205 203 203 203 205 205 205 206 206 206 203 203 203 207 207 207 203 203 203 206 206 206 206 206 206 208 208 208 207 207 207 207 207 207 209 209 209 203 203 203 203 203 203 209 209 209 210 210 210 211 211 211 208 208 208 212 212 212 210 210 210 211 211 211 212 212 212 210 210 210 213 213 213 203 203 203 203 203 203 213 213 213 202 202 202 210 210 210 214 214 214 213 213 213 213 213 213 214 214 214 215 215 215 215 215 215 210 210 210 212 212 212 202 202 202 213 213 213 216 216 216 215 215 215 216 216 216 213 213 213 216 216 216 194 194 194 202 202 202 215 215 215 217 217 217 216 216 216 216 216 216 217 217 217 218 218 218 212 212 212 219 219 219 215 215 215 220 220 220 219 219 219 212 212 212 218 218 218 221 221 221 216 216 216 194 194 194 216 216 216 221 221 221 218 218 218 222 222 222 221 221 221 221 221 221 188 188 188 194 194 194 221 221 221 222 222 222 223 223 223 188 188 188 221 221 221 224 224 224 224 224 224 221 221 221 223 223 223 223 223 223 225 225 225 224 224 224 224 224 224 184 184 184 188 188 188 224 224 224 225 225 225 226 226 226 226 226 226 220 220 220 212 212 212 184 184 184 224 224 224 227 227 227 227 227 227 224 224 224 226 226 226 227 227 227 180 180 180 184 184 184 226 226 226 228 228 228 227 227 227 212 212 212 229 229 229 226 226 226 227 227 227 228 228 228 230 230 230 212 212 212 231 231 231 229 229 229 232 232 232 227 227 227 230 230 230 180 180 180 227 227 227 232 232 232 230 230 230 233 233 233 232 232 232 232 232 232 233 233 233 231 231 231 232 232 232 179 179 179 180 180 180 212 212 212 234 234 234 231 231 231 235 235 235 234 234 234 212 212 212 236 236 236 232 232 232 231 231 231 231 231 231 235 235 235 236 236 236 232 232 232 236 236 236 237 237 237 179 179 179 232 232 232 237 237 237 235 235 235 212 212 212 238 238 238 237 237 237 174 174 174 179 179 179 238 238 238 239 239 239 235 235 235 237 237 237 235 235 235 239 239 239 240 240 240 239 239 239 238 238 238 238 238 238 241 241 241 240 240 240 239 239 239 242 242 242 237 237 237 174 174 174 237 237 237 242 242 242 242 242 242 239 239 239 240 240 240 242 242 242 243 243 243 174 174 174 170 170 170 174 174 174 243 243 243 240 240 240 244 244 244 242 242 242 243 243 243 242 242 242 244 244 244 245 245 245 240 240 240 241 241 241 244 244 244 240 240 240 245 245 245 241 241 241 246 246 246 245 245 245 243 243 243 247 247 247 170 170 170 163 163 163 170 170 170 247 247 247 244 244 244 248 248 248 243 243 243 247 247 247 243 243 243 248 248 248 247 247 247 249 249 249 163 163 163 160 160 160 163 163 163 249 249 249 248 248 248 250 250 250 247 247 247 249 249 249 247 247 247 250 250 250 248 248 248 244 244 244 251 251 251 245 245 245 251 251 251 244 244 244 250 250 250 248 248 248 252 252 252 251 251 251 252 252 252 248 248 248 250 250 250 253 253 253 249 249 249 254 254 254 251 251 251 245 245 245 253 253 253 250 250 250 255 255 255 252 252 252 255 255 255 250 250 250 249 249 249 253 253 253 256 256 256 249 249 249 256 256 256 160 160 160 255 255 255 257 257 257 253 253 253 256 256 256 253 253 253 257 257 257 258 258 258 255 255 255 252 252 252 259 259 259 252 252 252 251 251 251 252 252 252 259 259 259 258 258 258 251 251 251 254 254 254 259 259 259 255 255 255 258 258 258 260 260 260 260 260 260 257 257 257 255 255 255 258 258 258 259 259 259 261 261 261 262 262 262 257 257 257 260 260 260 262 262 262 256 256 256 257 257 257 260 260 260 258 258 258 263 263 263 261 261 261 263 263 263 258 258 258 264 264 264 261 261 261 259 259 259 259 259 259 254 254 254 264 264 264 263 263 263 261 261 261 265 265 265 261 261 261 264 264 264 266 266 266 266 266 266 265 265 265 261 261 261 267 267 267 264 264 264 254 254 254 268 268 268 266 266 266 264 264 264 264 264 264 267 267 267 268 268 268 254 254 254 269 269 269 267 267 267 245 245 245 269 269 269 254 254 254 269 269 269 245 245 245 246 246 246 246 246 246 270 270 270 269 269 269 267 267 267 269 269 269 270 270 270 270 270 270 271 271 271 267 267 267 271 271 271 272 272 272 267 267 267 268 268 268 272 272 272 271 271 271 268 268 268 271 271 271 273 273 273 273 273 273 274 274 274 268 268 268 275 275 275 274 274 274 273 273 273 266 266 266 268 268 268 275 275 275 276 276 276 275 275 275 273 273 273 275 275 275 277 277 277 266 266 266 277 277 277 275 275 275 276 276 276 265 265 265 266 266 266 277 277 277 273 273 273 278 278 278 276 276 276 278 278 278 279 279 279 276 276 276 280 280 280 279 279 279 278 278 278 278 278 278 281 281 281 280 280 280 276 276 276 282 282 282 277 277 277 282 282 282 276 276 276 280 280 280 281 281 281 283 283 283 280 280 280 284 284 284 283 283 283 281 281 281 284 284 284 281 281 281 285 285 285 280 280 280 286 286 286 282 282 282 286 286 286 280 280 280 284 284 284 287 287 287 277 277 277 282 282 282 277 277 277 287 287 287 265 265 265 288 288 288 282 282 282 286 286 286 282 282 282 288 288 288 287 287 287 289 289 289 265 265 265 287 287 287 265 265 265 289 289 289 263 263 263 290 290 290 287 287 287 288 288 288 287 287 287 290 290 290 289 289 289 291 291 291 263 263 263 289 289 289 263 263 263 291 291 291 260 260 260 289 289 289 292 292 292 291 291 291 292 292 292 289 289 289 290 290 290 291 291 291 292 292 292 293 293 293 293 293 293 260 260 260 291 291 291 290 290 290 294 294 294 292 292 292 292 292 292 294 294 294 293 293 293 294 294 294 290 290 290 295 295 295 288 288 288 295 295 295 290 290 290 295 295 295 296 296 296 294 294 294 293 293 293 294 294 294 296 296 296 295 295 295 288 288 288 297 297 297 286 286 286 297 297 297 288 288 288 296 296 296 295 295 295 298 298 298 297 297 297 298 298 298 295 295 295 297 297 297 286 286 286 299 299 299 284 284 284 299 299 299 286 286 286 298 298 298 297 297 297 300 300 300 299 299 299 300 300 300 297 297 297 298 298 298 301 301 301 296 296 296 296 296 296 301 301 301 293 293 293 299 299 299 284 284 284 302 302 302 285 285 285 302 302 302 284 284 284 285 285 285 303 303 303 302 302 302 304 304 304 303 303 303 285 285 285 302 302 302 305 305 305 299 299 299 305 305 305 302 302 302 304 304 304 300 300 300 299 299 299 305 305 305 285 285 285 306 306 306 304 304 304 306 306 306 307 307 307 304 304 304 308 308 308 307 307 307 306 306 306 308 308 308 306 306 306 309 309 309 304 304 304 310 310 310 305 305 305 310 310 310 304 304 304 308 308 308 305 305 305 311 311 311 300 300 300 311 311 311 305 305 305 310 310 310 309 309 309 312 312 312 308 308 308 312 312 312 309 309 309 313 313 313 308 308 308 314 314 314 310 310 310 314 314 314 308 308 308 312 312 312 310 310 310 315 315 315 311 311 311 315 315 315 310 310 310 314 314 314 316 316 316 300 300 300 311 311 311 300 300 300 316 316 316 298 298 298 301 301 301 298 298 298 316 316 316 311 311 311 317 317 317 316 316 316 317 317 317 311 311 311 315 315 315 316 316 316 318 318 318 301 301 301 318 318 318 316 316 316 317 317 317 293 293 293 301 301 301 318 318 318 317 317 317 319 319 319 318 318 318 318 318 318 319 319 319 293 293 293 319 319 319 317 317 317 320 320 320 320 320 320 293 293 293 319 319 319 315 315 315 320 320 320 317 317 317 320 320 320 315 315 315 321 321 321 314 314 314 321 321 321 315 315 315 293 293 293 320 320 320 322 322 322 321 321 321 322 322 322 320 320 320 321 321 321 314 314 314 323 323 323 312 312 312 323 323 323 314 314 314 322 322 322 321 321 321 324 324 324 323 323 323 324 324 324 321 321 321 322 322 322 325 325 325 293 293 293 260 260 260 293 293 293 325 325 325 325 325 325 322 322 322 326 326 326 324 324 324 326 326 326 322 322 322 325 325 325 327 327 327 260 260 260 326 326 326 327 327 327 325 325 325 260 260 260 327 327 327 262 262 262 262 262 262 327 327 327 326 326 326 328 328 328 326 326 326 324 324 324 326 326 326 328 328 328 262 262 262 329 329 329 324 324 324 323 323 323 324 324 324 329 329 329 328 328 328 262 262 262 328 328 328 330 330 330 330 330 330 256 256 256 262 262 262 328 328 328 329 329 329 331 331 331 331 331 331 330 330 330 328 328 328 323 323 323 332 332 332 329 329 329 332 332 332 323 323 323 312 312 312 333 333 333 331 331 331 329 329 329 329 329 329 332 332 332 333 333 333 312 312 312 334 334 334 332 332 332 313 313 313 334 334 334 312 312 312 332 332 332 334 334 334 335 335 335 335 335 335 334 334 334 313 313 313 335 335 335 333 333 333 332 332 332 313 313 313 336 336 336 335 335 335 337 337 337 335 335 335 336 336 336 333 333 333 335 335 335 337 337 337 336 336 336 338 338 338 337 337 337 337 337 337 339 339 339 333 333 333 331 331 331 333 333 333 339 339 339 340 340 340 337 337 337 338 338 338 339 339 339 337 337 337 340 340 340 338 338 338 341 341 341 340 340 340 339 339 339 342 342 342 331 331 331 330 330 330 331 331 331 342 342 342 340 340 340 343 343 343 339 339 339 342 342 342 339 339 339 343 343 343 342 342 342 344 344 344 330 330 330 256 256 256 330 330 330 344 344 344 343 343 343 345 345 345 342 342 342 344 344 344 342 342 342 345 345 345 344 344 344 346 346 346 256 256 256 160 160 160 256 256 256 346 346 346 346 346 346 344 344 344 347 347 347 345 345 345 347 347 347 344 344 344 347 347 347 109 109 109 346 346 346 160 160 160 346 346 346 109 109 109 348 348 348 347 347 347 345 345 345 348 348 348 349 349 349 347 347 347 350 350 350 109 109 109 349 349 349 349 349 349 348 348 348 350 350 350 348 348 348 351 351 351 350 350 350 352 352 352 351 351 351 348 348 348 109 109 109 107 107 107 160 160 160 348 348 348 353 353 353 352 352 352 353 353 353 354 354 354 352 352 352 355 355 355 354 354 354 353 353 353 345 345 345 356 356 356 348 348 348 353 353 353 348 348 348 356 356 356 356 356 356 345 345 345 343 343 343 355 355 355 353 353 353 357 357 357 357 357 357 358 358 358 355 355 355 359 359 359 358 358 358 357 357 357 360 360 360 359 359 359 357 357 357 356 356 356 361 361 361 353 353 353 357 357 357 353 353 353 361 361 361 343 343 343 362 362 362 356 356 356 361 361 361 356 356 356 362 362 362 343 343 343 363 363 363 362 362 362 362 362 362 363 363 363 340 340 340 357 357 357 364 364 364 360 360 360 364 364 364 365 365 365 360 360 360 366 366 366 365 365 365 364 364 364 361 361 361 367 367 367 357 357 357 364 364 364 357 357 357 367 367 367 364 364 364 368 368 368 366 366 366 368 368 368 369 369 369 366 366 366 370 370 370 369 369 369 368 368 368 367 367 367 371 371 371 364 364 364 368 368 368 364 364 364 371 371 371 367 367 367 361 361 361 372 372 372 362 362 362 372 372 372 361 361 361 371 371 371 367 367 367 373 373 373 372 372 372 373 373 373 367 367 367 371 371 371 374 374 374 368 368 368 375 375 375 372 372 372 362 362 362 362 362 362 376 376 376 375 375 375 375 375 375 377 377 377 372 372 372 378 378 378 376 376 376 362 362 362 340 340 340 378 378 378 362 362 362 372 372 372 377 377 377 379 379 379 379 379 379 373 373 373 372 372 372 379 379 379 380 380 380 373 373 373 373 373 373 380 380 380 381 381 381 381 381 381 382 382 382 373 373 373 373 373 373 382 382 382 371 371 371 381 381 381 383 383 383 382 382 382 374 374 374 371 371 371 382 382 382 382 382 382 383 383 383 384 384 384 385 385 385 382 382 382 384 384 384 382 382 382 385 385 385 374 374 374 384 384 384 386 386 386 385 385 385 385 385 385 386 386 386 387 387 387 388 388 388 374 374 374 385 385 385 389 389 389 385 385 385 387 387 387 385 385 385 389 389 389 388 388 388 387 387 387 390 390 390 389 389 389 389 389 389 390 390 390 391 391 391 374 374 374 388 388 388 392 392 392 392 392 392 368 368 368 374 374 374 370 370 370 368 368 368 392 392 392 392 392 392 393 393 393 370 370 370 394 394 394 393 393 393 392 392 392 395 395 395 394 394 394 392 392 392 395 395 395 392 392 392 396 396 396 396 396 396 397 397 397 395 395 395 398 398 398 397 397 397 396 396 396 399 399 399 400 400 400 398 398 398 398 398 398 396 396 396 399 399 399 401 401 401 396 396 396 392 392 392 399 399 399 396 396 396 401 401 401 392 392 392 388 388 388 401 401 401 401 401 401 402 402 402 399 399 399 401 401 401 403 403 403 402 402 402 404 404 404 401 401 401 388 388 388 403 403 403 401 401 401 404 404 404 388 388 388 389 389 389 404 404 404 404 404 404 405 405 405 403 403 403 404 404 404 389 389 389 391 391 391 404 404 404 406 406 406 405 405 405 391 391 391 407 407 407 404 404 404 404 404 404 407 407 407 408 408 408 406 406 406 404 404 404 408 408 408 408 408 408 409 409 409 406 406 406 341 341 341 409 409 409 410 410 410 410 410 410 391 391 391 341 341 341 391 391 391 387 387 387 341 341 341 341 341 341 387 387 387 411 411 411 341 341 341 411 411 411 412 412 412 341 341 341 412 412 412 379 379 379 379 379 379 413 413 413 341 341 341 413 413 413 378 378 378 341 341 341 378 378 378 414 414 414 341 341 341 341 341 341 414 414 414 340 340 340 415 415 415 416 416 416 417 417 417 417 417 417 418 418 418 415 415 415 419 419 419 415 415 415 418 418 418 418 418 418 140 140 140 419 419 419 140 140 140 420 420 420 419 419 419 421 421 421 420 420 420 140 140 140 422 422 422 420 420 420 421 421 421 140 140 140 423 423 423 421 421 421 422 422 422 421 421 421 424 424 424 424 424 424 425 425 425 422 422 422 424 424 424 426 426 426 425 425 425 427 427 427 426 426 426 424 424 424 427 427 427 424 424 424 428 428 428 428 428 428 429 429 429 427 427 427 428 428 428 430 430 430 429 429 429 428 428 428 431 431 431 430 430 430 431 431 431 428 428 428 432 432 432 432 432 432 433 433 433 431 431 431 432 432 432 434 434 434 433 433 433 141 141 141 423 423 423 140 140 140 434 434 434 432 432 432 435 435 435 423 423 423 141 141 141 436 436 436 435 435 435 437 437 437 434 434 434 436 436 436 438 438 438 423 423 423 439 439 439 434 434 434 437 437 437 423 423 423 438 438 438 440 440 440 441 441 441 434 434 434 439 439 439 442 442 442 423 423 423 440 440 440 443 443 443 434 434 434 444 444 444 444 444 444 445 445 445 443 443 443 445 445 445 444 444 444 441 441 441 446 446 446 443 443 443 445 445 445 447 447 447 446 446 446 445 445 445 439 439 439 448 448 448 441 441 441 445 445 445 449 449 449 447 447 447 449 449 449 450 450 450 447 447 447 451 451 451 450 450 450 449 449 449 445 445 445 441 441 441 452 452 452 452 452 452 441 441 441 448 448 448 449 449 449 445 445 445 453 453 453 452 452 452 453 453 453 445 445 445 449 449 449 454 454 454 451 451 451 454 454 454 455 455 455 451 451 451 456 456 456 455 455 455 454 454 454 453 453 453 457 457 457 449 449 449 454 454 454 449 449 449 457 457 457 454 454 454 458 458 458 456 456 456 458 458 458 459 459 459 456 456 456 460 460 460 459 459 459 458 458 458 457 457 457 461 461 461 454 454 454 458 458 458 454 454 454 461 461 461 458 458 458 462 462 462 460 460 460 462 462 462 463 463 463 460 460 460 464 464 464 463 463 463 462 462 462 461 461 461 465 465 465 458 458 458 462 462 462 458 458 458 465 465 465 462 462 462 466 466 466 464 464 464 466 466 466 467 467 467 464 464 464 468 468 468 467 467 467 466 466 466 465 465 465 469 469 469 462 462 462 466 466 466 462 462 462 469 469 469 466 466 466 470 470 470 468 468 468 470 470 470 471 471 471 468 468 468 472 472 472 471 471 471 470 470 470 473 473 473 474 474 474 472 472 472 470 470 470 473 473 473 472 472 472 475 475 475 473 473 473 470 470 470 470 470 470 466 466 466 476 476 476 469 469 469 476 476 476 466 466 466 475 475 475 470 470 470 477 477 477 476 476 476 477 477 477 470 470 470 477 477 477 478 478 478 475 475 475 476 476 476 469 469 469 479 479 479 478 478 478 477 477 477 480 480 480 480 480 480 481 481 481 478 478 478 482 482 482 481 481 481 480 480 480 477 477 477 476 476 476 483 483 483 483 483 483 480 480 480 477 477 477 479 479 479 483 483 483 476 476 476 482 482 482 480 480 480 484 484 484 484 484 484 485 485 485 482 482 482 486 486 486 484 484 484 480 480 480 486 486 486 480 480 480 483 483 483 483 483 483 487 487 487 486 486 486 488 488 488 487 487 487 483 483 483 488 488 488 483 483 483 479 479 479 479 479 479 489 489 489 488 488 488 490 490 490 489 489 489 479 479 479 491 491 491 479 479 479 469 469 469 490 490 490 479 479 479 491 491 491 469 469 469 465 465 465 491 491 491 491 491 491 492 492 492 490 490 490 493 493 493 492 492 492 491 491 491 494 494 494 491 491 491 465 465 465 493 493 493 491 491 491 494 494 494 494 494 494 495 495 495 493 493 493 465 465 465 461 461 461 494 494 494 496 496 496 495 495 495 494 494 494 497 497 497 494 494 494 461 461 461 496 496 496 494 494 494 497 497 497 461 461 461 457 457 457 497 497 497 497 497 497 498 498 498 496 496 496 499 499 499 498 498 498 497 497 497 500 500 500 497 497 497 457 457 457 499 499 499 497 497 497 500 500 500 457 457 457 453 453 453 500 500 500 500 500 500 501 501 501 499 499 499 502 502 502 500 500 500 453 453 453 453 453 453 452 452 452 502 502 502 501 501 501 500 500 500 503 503 503 502 502 502 503 503 503 500 500 500 503 503 503 504 504 504 501 501 501 502 502 502 452 452 452 505 505 505 448 448 448 505 505 505 452 452 452 504 504 504 502 502 502 506 506 506 505 505 505 506 506 506 502 502 502 501 501 501 504 504 504 507 507 507 507 507 507 508 508 508 501 501 501 509 509 509 508 508 508 507 507 507 496 496 496 509 509 509 507 507 507 510 510 510 496 496 496 507 507 507 490 490 490 510 510 510 507 507 507 511 511 511 490 490 490 507 507 507 507 507 507 512 512 512 511 511 511 507 507 507 513 513 513 512 512 512 514 514 514 507 507 507 504 504 504 504 504 504 515 515 515 514 514 514 514 514 514 515 515 515 516 516 516 506 506 506 516 516 516 504 504 504 517 517 517 514 514 514 516 516 516 516 516 516 518 518 518 517 517 517 519 519 519 517 517 517 518 518 518 516 516 516 506 506 506 520 520 520 520 520 520 518 518 518 516 516 516 518 518 518 521 521 521 519 519 519 522 522 522 519 519 519 521 521 521 518 518 518 520 520 520 523 523 523 523 523 523 521 521 521 518 518 518 524 524 524 520 520 520 506 506 506 506 506 506 505 505 505 524 524 524 525 525 525 523 523 523 520 520 520 520 520 520 524 524 524 525 525 525 526 526 526 524 524 524 505 505 505 505 505 505 448 448 448 526 526 526 527 527 527 525 525 525 524 524 524 524 524 524 526 526 526 527 527 527 528 528 528 526 526 526 448 448 448 448 448 448 439 439 439 528 528 528 437 437 437 528 528 528 439 439 439 526 526 526 528 528 528 529 529 529 437 437 437 529 529 529 528 528 528 529 529 529 527 527 527 526 526 526 527 527 527 529 529 529 530 530 530 530 530 530 529 529 529 437 437 437 525 525 525 527 527 527 531 531 531 530 530 530 531 531 531 527 527 527 531 531 531 532 532 532 525 525 525 523 523 523 525 525 525 532 532 532 533 533 533 531 531 531 530 530 530 532 532 532 534 534 534 523 523 523 521 521 521 523 523 523 534 534 534 535 535 535 532 532 532 531 531 531 531 531 531 533 533 533 535 535 535 534 534 534 536 536 536 521 521 521 521 521 521 536 536 536 522 522 522 537 537 537 534 534 534 532 532 532 532 532 532 535 535 535 537 537 537 538 538 538 536 536 536 534 534 534 522 522 522 536 536 536 538 538 538 534 534 534 537 537 537 538 538 538 538 538 538 539 539 539 522 522 522 539 539 539 538 538 538 540 540 540 540 540 540 541 541 541 539 539 539 538 538 538 537 537 537 542 542 542 542 542 542 540 540 540 538 538 538 540 540 540 543 543 543 541 541 541 541 541 541 543 543 543 544 544 544 544 544 544 545 545 545 541 541 541 540 540 540 542 542 542 546 546 546 546 546 546 544 544 544 540 540 540 544 544 544 547 547 547 545 545 545 545 545 545 547 547 547 548 548 548 549 549 549 545 545 545 548 548 548 544 544 544 546 546 546 550 550 550 550 550 550 548 548 548 544 544 544 548 548 548 551 551 551 549 549 549 549 549 549 551 551 551 552 552 552 548 548 548 550 550 550 553 553 553 553 553 553 552 552 552 548 548 548 549 549 549 552 552 552 554 554 554 554 554 554 555 555 555 549 549 549 552 552 552 553 553 553 556 556 556 556 556 556 554 554 554 552 552 552 554 554 554 557 557 557 555 555 555 555 555 555 557 557 557 558 558 558 558 558 558 559 559 559 555 555 555 554 554 554 556 556 556 560 560 560 560 560 560 558 558 558 554 554 554 558 558 558 561 561 561 559 559 559 559 559 559 561 561 561 562 562 562 563 563 563 559 559 559 562 562 562 558 558 558 560 560 560 564 564 564 564 564 564 562 562 562 558 558 558 562 562 562 565 565 565 563 563 563 563 563 563 565 565 565 566 566 566 567 567 567 563 563 563 566 566 566 562 562 562 564 564 564 568 568 568 568 568 568 566 566 566 562 562 562 566 566 566 569 569 569 567 567 567 570 570 570 567 567 567 569 569 569 566 566 566 568 568 568 571 571 571 571 571 571 569 569 569 566 566 566 569 569 569 572 572 572 570 570 570 572 572 572 569 569 569 571 571 571 573 573 573 570 570 570 572 572 572 574 574 574 571 571 571 568 568 568 572 572 572 575 575 575 573 573 573 576 576 576 573 573 573 575 575 575 571 571 571 577 577 577 572 572 572 577 577 577 571 571 571 574 574 574 578 578 578 575 575 575 572 572 572 572 572 572 577 577 577 578 578 578 575 575 575 579 579 579 576 576 576 575 575 575 578 578 578 580 580 580 580 580 580 579 579 579 575 575 575 576 576 576 579 579 579 581 581 581 581 581 581 582 582 582 576 576 576 579 579 579 580 580 580 583 583 583 583 583 583 581 581 581 579 579 579 581 581 581 584 584 584 582 582 582 582 582 582 584 584 584 585 585 585 581 581 581 583 583 583 586 586 586 586 586 586 585 585 585 581 581 581 585 585 585 587 587 587 582 582 582 588 588 588 586 586 586 583 583 583 585 585 585 589 589 589 587 587 587 587 587 587 589 589 589 590 590 590 591 591 591 585 585 585 592 592 592 587 587 587 590 590 590 593 593 593 592 592 592 594 594 594 591 591 591 594 594 594 595 595 595 591 591 591 593 593 593 595 595 595 594 594 594 592 592 592 586 586 586 596 596 596 596 596 596 594 594 594 592 592 592 586 586 586 588 588 588 596 596 596 587 587 587 593 593 593 597 597 597 597 597 597 598 598 598 587 587 587 593 593 593 594 594 594 599 599 599 599 599 599 600 600 600 593 593 593 599 599 599 601 601 601 600 600 600 598 598 598 601 601 601 599 599 599 598 598 598 602 602 602 587 587 587 602 602 602 603 603 603 587 587 587 603 603 603 604 604 604 587 587 587 604 604 604 605 605 605 587 587 587 605 605 605 604 604 604 606 606 606 606 606 606 607 607 607 605 605 605 608 608 608 604 604 604 609 609 609 607 607 607 606 606 606 610 610 610 610 610 610 611 611 611 607 607 607 609 609 609 612 612 612 608 608 608 606 606 606 608 608 608 612 612 612 612 612 612 609 609 609 613 613 613 612 612 612 614 614 614 606 606 606 614 614 614 615 615 615 606 606 606 610 610 610 615 615 615 614 614 614 613 613 613 616 616 616 612 612 612 614 614 614 612 612 612 616 616 616 613 613 613 617 617 617 616 616 616 616 616 616 617 617 617 598 598 598 599 599 599 616 616 616 598 598 598 616 616 616 618 618 618 614 614 614 616 616 616 599 599 599 619 619 619 619 619 619 618 618 618 616 616 616 620 620 620 614 614 614 618 618 618 614 614 614 620 620 620 610 610 610 621 621 621 618 618 618 619 619 619 618 618 618 621 621 621 620 620 620 620 620 620 622 622 622 610 610 610 611 611 611 610 610 610 623 623 623 623 623 623 624 624 624 611 611 611 111 111 111 624 624 624 623 623 623 622 622 622 620 620 620 625 625 625 625 625 625 623 623 623 622 622 622 620 620 620 626 626 626 625 625 625 626 626 626 620 620 620 621 621 621 621 621 621 627 627 627 626 626 626 623 623 623 628 628 628 111 111 111 628 628 628 623 623 623 629 629 629 111 111 111 628 628 628 110 110 110 630 630 630 627 627 627 621 621 621 621 621 621 631 631 631 630 630 630 619 619 619 631 631 631 621 621 621 631 631 631 632 632 632 630 630 630 633 633 633 632 632 632 631 631 631 631 631 631 619 619 619 634 634 634 599 599 599 634 634 634 619 619 619 631 631 631 635 635 635 633 633 633 634 634 634 635 635 635 631 631 631 635 635 635 636 636 636 633 633 633 637 637 637 634 634 634 599 599 599 635 635 635 634 634 634 637 637 637 599 599 599 594 594 594 637 637 637 594 594 594 596 596 596 637 637 637 636 636 636 635 635 635 638 638 638 637 637 637 638 638 638 635 635 635 638 638 638 637 637 637 596 596 596 638 638 638 639 639 639 636 636 636 596 596 596 640 640 640 638 638 638 640 640 640 596 596 596 588 588 588 638 638 638 641 641 641 639 639 639 588 588 588 642 642 642 640 640 640 640 640 640 643 643 643 638 638 638 643 643 643 640 640 640 642 642 642 641 641 641 638 638 638 643 643 643 642 642 642 644 644 644 643 643 643 643 643 643 645 645 645 641 641 641 645 645 645 643 643 643 644 644 644 645 645 645 646 646 646 641 641 641 647 647 647 646 646 646 645 645 645 648 648 648 647 647 647 645 645 645 645 645 645 649 649 649 648 648 648 644 644 644 649 649 649 645 645 645 649 649 649 650 650 650 648 648 648 644 644 644 588 588 588 651 651 651 583 583 583 651 651 651 588 588 588 651 651 651 583 583 583 580 580 580 651 651 651 652 652 652 644 644 644 650 650 650 644 644 644 652 652 652 580 580 580 653 653 653 651 651 651 652 652 652 651 651 651 653 653 653 653 653 653 580 580 580 578 578 578 652 652 652 654 654 654 650 650 650 578 578 578 655 655 655 653 653 653 655 655 655 578 578 578 577 577 577 653 653 653 656 656 656 652 652 652 656 656 656 653 653 653 655 655 655 654 654 654 652 652 652 656 656 656 577 577 577 657 657 657 655 655 655 574 574 574 657 657 657 577 577 577 655 655 655 658 658 658 656 656 656 658 658 658 655 655 655 657 657 657 656 656 656 435 435 435 654 654 654 435 435 435 656 656 656 658 658 658 654 654 654 435 435 435 432 432 432 650 650 650 654 654 654 432 432 432 658 658 658 437 437 437 435 435 435 432 432 432 659 659 659 650 650 650 660 660 660 650 650 650 659 659 659 661 661 661 660 660 660 659 659 659 437 437 437 658 658 658 662 662 662 657 657 657 662 662 662 658 658 658 662 662 662 663 663 663 437 437 437 530 530 530 437 437 437 663 663 663 664 664 664 662 662 662 657 657 657 657 657 657 574 574 574 664 664 664 665 665 665 530 530 530 663 663 663 530 530 530 665 665 665 533 533 533 666 666 666 663 663 663 662 662 662 663 663 663 666 666 666 665 665 665 662 662 662 664 664 664 666 666 666 533 533 533 665 665 665 667 667 667 667 667 667 665 665 665 666 666 666 667 667 667 668 668 668 533 533 533 535 535 535 533 533 533 668 668 668 668 668 668 667 667 667 669 669 669 669 669 669 667 667 667 666 666 666 668 668 668 670 670 670 535 535 535 537 537 537 535 535 535 670 670 670 670 670 670 542 542 542 537 537 537 669 669 669 671 671 671 668 668 668 670 670 670 668 668 668 671 671 671 542 542 542 670 670 670 672 672 672 671 671 671 672 672 672 670 670 670 672 672 672 546 546 546 542 542 542 671 671 671 669 669 669 673 673 673 666 666 666 673 673 673 669 669 669 672 672 672 671 671 671 674 674 674 673 673 673 674 674 674 671 671 671 546 546 546 672 672 672 675 675 675 674 674 674 675 675 675 672 672 672 675 675 675 550 550 550 546 546 546 674 674 674 673 673 673 676 676 676 666 666 666 676 676 676 673 673 673 675 675 675 674 674 674 677 677 677 676 676 676 677 677 677 674 674 674 550 550 550 675 675 675 678 678 678 677 677 677 678 678 678 675 675 675 678 678 678 553 553 553 550 550 550 677 677 677 676 676 676 679 679 679 679 679 679 676 676 676 666 666 666 678 678 678 677 677 677 680 680 680 679 679 679 680 680 680 677 677 677 553 553 553 678 678 678 681 681 681 680 680 680 681 681 681 678 678 678 681 681 681 556 556 556 553 553 553 680 680 680 679 679 679 682 682 682 666 666 666 682 682 682 679 679 679 681 681 681 680 680 680 683 683 683 682 682 682 683 683 683 680 680 680 556 556 556 681 681 681 684 684 684 683 683 683 684 684 684 681 681 681 684 684 684 560 560 560 556 556 556 683 683 683 682 682 682 685 685 685 685 685 685 682 682 682 666 666 666 684 684 684 683 683 683 686 686 686 685 685 685 686 686 686 683 683 683 560 560 560 684 684 684 687 687 687 686 686 686 687 687 687 684 684 684 687 687 687 564 564 564 560 560 560 686 686 686 685 685 685 688 688 688 666 666 666 688 688 688 685 685 685 688 688 688 689 689 689 686 686 686 689 689 689 688 688 688 666 666 666 687 687 687 686 686 686 689 689 689 666 666 666 664 664 664 689 689 689 564 564 564 687 687 687 690 690 690 689 689 689 690 690 690 687 687 687 690 690 690 689 689 689 664 664 664 690 690 690 568 568 568 564 564 564 664 664 664 574 574 574 690 690 690 568 568 568 690 690 690 574 574 574 691 691 691 692 692 692 693 693 693 693 693 693 694 694 694 691 691 691 694 694 694 695 695 695 691 691 691 695 695 695 694 694 694 696 696 696 696 696 696 697 697 697 695 695 695 697 697 697 696 696 696 698 698 698 698 698 698 699 699 699 697 697 697 699 699 699 700 700 700 697 697 697 695 695 695 697 697 697 701 701 701 701 701 701 702 702 702 703 703 703 703 703 703 704 704 704 701 701 701 704 704 704 705 705 705 701 701 701 705 705 705 706 706 706 701 701 701 701 701 701 706 706 706 695 695 695 707 707 707 695 695 695 706 706 706 707 707 707 706 706 706 708 708 708 708 708 708 709 709 709 707 707 707 709 709 709 710 710 710 707 707 707 711 711 711 712 712 712 713 713 713 714 714 714 711 711 711 713 713 713 713 713 713 715 715 715 714 714 714 716 716 716 714 714 714 715 715 715 716 716 716 715 715 715 717 717 717 717 717 717 718 718 718 716 716 716 715 715 715 713 713 713 719 719 719 718 718 718 717 717 717 720 720 720 720 720 720 721 721 721 718 718 718 722 722 722 717 717 717 715 715 715 721 721 721 720 720 720 723 723 723 723 723 723 724 724 724 721 721 721 725 725 725 724 724 724 723 723 723 726 726 726 720 720 720 717 717 717 717 717 717 727 727 727 726 726 726 726 726 726 727 727 727 722 722 722 728 728 728 723 723 723 720 720 720 720 720 720 726 726 726 728 728 728 723 723 723 729 729 729 725 725 725 729 729 729 723 723 723 728 728 728 730 730 730 725 725 725 729 729 729 729 729 729 731 731 731 730 730 730 730 730 730 731 731 731 732 732 732 733 733 733 730 730 730 732 732 732 728 728 728 734 734 734 729 729 729 732 732 732 735 735 735 733 733 733 736 736 736 733 733 733 735 735 735 737 737 737 732 732 732 729 729 729 729 729 729 734 734 734 737 737 737 738 738 738 735 735 735 732 732 732 732 732 732 737 737 737 738 738 738 739 739 739 738 738 738 737 737 737 735 735 735 740 740 740 736 736 736 740 740 740 741 741 741 736 736 736 735 735 735 739 739 739 742 742 742 742 742 742 740 740 740 735 735 735 741 741 741 740 740 740 743 743 743 743 743 743 744 744 744 741 741 741 743 743 743 745 745 745 744 744 744 740 740 740 742 742 742 746 746 746 746 746 746 743 743 743 740 740 740 747 747 747 742 742 742 739 739 739 748 748 748 746 746 746 742 742 742 742 742 742 747 747 747 748 748 748 743 743 743 746 746 746 749 749 749 746 746 746 748 748 748 750 750 750 750 750 750 749 749 749 746 746 746 751 751 751 750 750 750 748 748 748 749 749 749 750 750 750 752 752 752 752 752 752 750 750 750 751 751 751 752 752 752 753 753 753 749 749 749 751 751 751 754 754 754 752 752 752 755 755 755 749 749 749 753 753 753 749 749 749 755 755 755 743 743 743 756 756 756 743 743 743 755 755 755 755 755 755 757 757 757 756 756 756 758 758 758 757 757 757 755 755 755 753 753 753 759 759 759 755 755 755 755 755 755 760 760 760 758 758 758 760 760 760 755 755 755 759 759 759 759 759 759 761 761 761 760 760 760 761 761 761 762 762 762 760 760 760 760 760 760 762 762 762 763 763 763 760 760 760 763 763 763 764 764 764 754 754 754 751 751 751 765 765 765 765 765 765 766 766 766 754 754 754 767 767 767 766 766 766 765 765 765 765 765 765 751 751 751 768 768 768 748 748 748 768 768 768 751 751 751 768 768 768 748 748 748 747 747 747 765 765 765 769 769 769 767 767 767 770 770 770 767 767 767 769 769 769 768 768 768 771 771 771 765 765 765 769 769 769 765 765 765 771 771 771 747 747 747 772 772 772 768 768 768 771 771 771 768 768 768 772 772 772 772 772 772 747 747 747 773 773 773 739 739 739 773 773 773 747 747 747 772 772 772 774 774 774 771 771 771 771 771 771 774 774 774 769 769 769 773 773 773 775 775 775 772 772 772 774 774 774 772 772 772 775 775 775 776 776 776 773 773 773 739 739 739 739 739 739 737 737 737 776 776 776 777 777 777 773 773 773 776 776 776 776 776 776 737 737 737 734 734 734 775 775 775 777 777 777 778 778 778 776 776 776 778 778 778 777 777 777 775 775 775 779 779 779 774 774 774 779 779 779 775 775 775 778 778 778 769 769 769 774 774 774 779 779 779 734 734 734 780 780 780 776 776 776 778 778 778 776 776 776 780 780 780 781 781 781 734 734 734 728 728 728 728 728 728 782 782 782 781 781 781 780 780 780 781 781 781 782 782 782 782 782 782 783 783 783 780 780 780 783 783 783 728 728 728 726 726 726 780 780 780 783 783 783 784 784 784 784 784 784 785 785 785 780 780 780 786 786 786 785 785 785 784 784 784 780 780 780 786 786 786 778 778 778 784 784 784 787 787 787 786 786 786 788 788 788 778 778 778 786 786 786 778 778 778 788 788 788 779 779 779 779 779 779 788 788 788 769 769 769 786 786 786 769 769 769 788 788 788 789 789 789 786 786 786 787 787 787 790 790 790 769 769 769 789 789 789 769 769 769 790 790 790 770 770 770 787 787 787 791 791 791 789 789 789 789 789 789 791 791 791 790 790 790 792 792 792 770 770 770 790 790 790 790 790 790 787 787 787 793 793 793 792 792 792 790 790 790 794 794 794 793 793 793 794 794 794 790 790 790 787 787 787 783 783 783 795 795 795 795 795 795 793 793 793 787 787 787 726 726 726 795 795 795 783 783 783 795 795 795 726 726 726 722 722 722 796 796 796 794 794 794 793 793 793 794 794 794 796 796 796 792 792 792 797 797 797 793 793 793 795 795 795 795 795 795 798 798 798 797 797 797 722 722 722 798 798 798 795 795 795 793 793 793 797 797 797 799 799 799 793 793 793 799 799 799 796 796 796 798 798 798 722 722 722 800 800 800 715 715 715 800 800 800 722 722 722 719 719 719 800 800 800 715 715 715 799 799 799 798 798 798 801 801 801 800 800 800 801 801 801 798 798 798 719 719 719 802 802 802 800 800 800 800 800 800 802 802 802 803 803 803 803 803 803 801 801 801 800 800 800 801 801 801 804 804 804 799 799 799 796 796 796 799 799 799 804 804 804 801 801 801 803 803 803 805 805 805 805 805 805 804 804 804 801 801 801 804 804 804 806 806 806 796 796 796 796 796 796 806 806 806 792 792 792 805 805 805 807 807 807 804 804 804 806 806 806 804 804 804 807 807 807 807 807 807 808 808 808 806 806 806 792 792 792 806 806 806 808 808 808 805 805 805 803 803 803 809 809 809 792 792 792 808 808 808 810 810 810 808 808 808 805 805 805 811 811 811 809 809 809 811 811 811 805 805 805 811 811 811 810 810 810 808 808 808 810 810 810 812 812 812 792 792 792 811 811 811 809 809 809 813 813 813 813 813 813 814 814 814 811 811 811 810 810 810 811 811 811 814 814 814 814 814 814 815 815 815 810 810 810 810 810 810 815 815 815 816 816 816 816 816 816 817 817 817 810 810 810 810 810 810 817 817 817 818 818 818 810 810 810 818 818 818 819 819 819 819 819 819 812 812 812 810 810 810 813 813 813 809 809 809 820 820 820 820 820 820 809 809 809 803 803 803 820 820 820 821 821 821 813 813 813 803 803 803 719 719 719 820 820 820 821 821 821 820 820 820 822 822 822 822 822 822 820 820 820 719 719 719 719 719 719 713 713 713 822 822 822 822 822 822 713 713 713 823 823 823 823 823 823 824 824 824 822 822 822 822 822 822 824 824 824 825 825 825 822 822 822 826 826 826 821 821 821 825 825 825 827 827 827 822 822 822 826 826 826 822 822 822 827 827 827 827 827 827 828 828 828 826 826 826 827 827 827 829 829 829 828 828 828 830 830 830 829 829 829 827 827 827 436 436 436 830 830 830 827 827 827 827 827 827 438 438 438 436 436 436 438 438 438 827 827 827 831 831 831 831 831 831 832 832 832 438 438 438 831 831 831 833 833 833 832 832 832 834 834 834 833 833 833 831 831 831 835 835 835 834 834 834 831 831 831 440 440 440 438 438 438 836 836 836 440 440 440 836 836 836 837 837 837 837 837 837 838 838 838 440 440 440 440 440 440 838 838 838 839 839 839 840 840 840 440 440 440 839 839 839 440 440 440 840 840 840 442 442 442 840 840 840 841 841 841 442 442 442 442 442 442 841 841 841 842 842 842 839 839 839 843 843 843 840 840 840 842 842 842 840 840 840 843 843 843 844 844 844 843 843 843 839 839 839 845 845 845 442 442 442 842 842 842 843 843 843 844 844 844 846 846 846 842 842 842 847 847 847 845 845 845 843 843 843 848 848 848 842 842 842 848 848 848 843 843 843 846 846 846 847 847 847 842 842 842 848 848 848 846 846 846 849 849 849 848 848 848 849 849 849 846 846 846 850 850 850 848 848 848 851 851 851 847 847 847 851 851 851 848 848 848 849 849 849 845 845 845 847 847 847 852 852 852 852 852 852 847 847 847 851 851 851 852 852 852 853 853 853 845 845 845 852 852 852 854 854 854 853 853 853 853 853 853 854 854 854 855 855 855 855 855 855 432 432 432 853 853 853 851 851 851 856 856 856 852 852 852 855 855 855 852 852 852 856 856 856 849 849 849 857 857 857 851 851 851 857 857 857 849 849 849 850 850 850 856 856 856 851 851 851 857 857 857 850 850 850 858 858 858 857 857 857 858 858 858 859 859 859 857 857 857 857 857 857 859 859 859 860 860 860 857 857 857 860 860 860 861 861 861 861 861 861 862 862 862 857 857 857 857 857 857 862 862 862 856 856 856 861 861 861 863 863 863 862 862 862 856 856 856 862 862 862 863 863 863 863 863 863 864 864 864 856 856 856 856 856 856 864 864 864 855 855 855 863 863 863 865 865 865 864 864 864 864 864 864 865 865 865 866 866 866 866 866 866 867 867 867 864 864 864 855 855 855 864 864 864 867 867 867 867 867 867 868 868 868 855 855 855 432 432 432 855 855 855 868 868 868 867 867 867 869 869 869 868 868 868 868 868 868 869 869 869 870 870 870 870 870 870 871 871 871 868 868 868 868 868 868 871 871 871 432 432 432 659 659 659 432 432 432 871 871 871 871 871 871 872 872 872 659 659 659 873 873 873 872 872 872 871 871 871 871 871 871 874 874 874 873 873 873 874 874 874 875 875 875 873 873 873 873 873 873 875 875 875 876 876 876 876 876 876 877 877 877 873 873 873 873 873 873 877 877 877 878 878 878 878 878 878 879 879 879 873 873 873 879 879 879 878 878 878 880 880 880 881 881 881 872 872 872 873 873 873 880 880 880 882 882 882 879 879 879 880 880 880 883 883 883 882 882 882 884 884 884 873 873 873 879 879 879 873 873 873 884 884 884 881 881 881 885 885 885 879 879 879 882 882 882 879 879 879 885 885 885 886 886 886 879 879 879 886 886 886 884 884 884 882 882 882 887 887 887 885 885 885 884 884 884 886 886 886 888 888 888 882 882 882 889 889 889 887 887 887 888 888 888 890 890 890 884 884 884 884 884 884 890 890 890 881 881 881 889 889 889 882 882 882 891 891 891 891 891 891 882 882 882 883 883 883 883 883 883 892 892 892 891 891 891 891 891 891 893 893 893 889 889 889 894 894 894 891 891 891 892 892 892 892 892 892 835 835 835 894 894 894 891 891 891 895 895 895 893 893 893 831 831 831 894 894 894 835 835 835 896 896 896 895 895 895 891 891 891 891 891 891 894 894 894 896 896 896 894 894 894 831 831 831 897 897 897 897 897 897 896 896 896 894 894 894 897 897 897 898 898 898 896 896 896 896 896 896 898 898 898 899 899 899 896 896 896 899 899 899 900 900 900 900 900 900 901 901 901 896 896 896 893 893 893 896 896 896 901 901 901 901 901 901 900 900 900 902 902 902 903 903 903 901 901 901 902 902 902 902 902 902 904 904 904 903 903 903 905 905 905 903 903 903 904 904 904 905 905 905 904 904 904 906 906 906 901 901 901 907 907 907 893 893 893 907 907 907 901 901 901 905 905 905 887 887 887 893 893 893 907 907 907 906 906 906 908 908 908 905 905 905 908 908 908 906 906 906 909 909 909 909 909 909 910 910 910 908 908 908 911 911 911 910 910 910 909 909 909 911 911 911 909 909 909 912 912 912 905 905 905 908 908 908 913 913 913 913 913 913 908 908 908 911 911 911 905 905 905 914 914 914 907 907 907 913 913 913 914 914 914 905 905 905 907 907 907 915 915 915 887 887 887 915 915 915 907 907 907 914 914 914 886 886 886 887 887 887 915 915 915 915 915 915 888 888 888 886 886 886 913 913 913 916 916 916 914 914 914 914 914 914 916 916 916 917 917 917 914 914 914 918 918 918 915 915 915 888 888 888 915 915 915 918 918 918 917 917 917 918 918 918 914 914 914 918 918 918 919 919 919 888 888 888 890 890 890 888 888 888 919 919 919 918 918 918 917 917 917 920 920 920 920 920 920 919 919 919 918 918 918 919 919 919 921 921 921 890 890 890 881 881 881 890 890 890 921 921 921 920 920 920 922 922 922 919 919 919 921 921 921 919 919 919 922 922 922 922 922 922 923 923 923 921 921 921 881 881 881 921 921 921 923 923 923 920 920 920 917 917 917 924 924 924 881 881 881 923 923 923 925 925 925 923 923 923 920 920 920 926 926 926 926 926 926 925 925 925 923 923 923 924 924 924 926 926 926 920 920 920 925 925 925 927 927 927 881 881 881 927 927 927 928 928 928 881 881 881 929 929 929 928 928 928 927 927 927 930 930 930 929 929 929 927 927 927 925 925 925 926 926 926 931 931 931 931 931 931 927 927 927 925 925 925 927 927 927 932 932 932 930 930 930 933 933 933 930 930 930 932 932 932 934 934 934 931 931 931 926 926 926 926 926 926 924 924 924 934 934 934 932 932 932 935 935 935 933 933 933 936 936 936 933 933 933 935 935 935 935 935 935 932 932 932 937 937 937 935 935 935 938 938 938 936 936 936 937 937 937 932 932 932 939 939 939 932 932 932 927 927 927 939 939 939 937 937 937 940 940 940 935 935 935 938 938 938 935 935 935 940 940 940 936 936 936 938 938 938 941 941 941 941 941 941 942 942 942 936 936 936 940 940 940 943 943 943 938 938 938 941 941 941 938 938 938 943 943 943 942 942 942 941 941 941 944 944 944 944 944 944 945 945 945 942 942 942 943 943 943 946 946 946 941 941 941 944 944 944 941 941 941 946 946 946 947 947 947 943 943 943 940 940 940 945 945 945 944 944 944 948 948 948 948 948 948 949 949 949 945 945 945 948 948 948 950 950 950 949 949 949 951 951 951 950 950 950 948 948 948 952 952 952 951 951 951 948 948 948 953 953 953 948 948 948 944 944 944 954 954 954 953 953 953 944 944 944 944 944 944 955 955 955 954 954 954 946 946 946 955 955 955 944 944 944 956 956 956 954 954 954 955 955 955 957 957 957 956 956 956 955 955 955 955 955 955 958 958 958 957 957 957 958 958 958 955 955 955 946 946 946 959 959 959 957 957 957 958 958 958 959 959 959 958 958 958 960 960 960 960 960 960 961 961 961 959 959 959 961 961 961 960 960 960 962 962 962 963 963 963 961 961 961 962 962 962 946 946 946 964 964 964 958 958 958 946 946 946 965 965 965 964 964 964 964 964 964 965 965 965 943 943 943 943 943 943 947 947 947 964 964 964 958 958 958 964 964 964 966 966 966 966 966 966 962 962 962 958 958 958 964 964 964 947 947 947 967 967 967 967 967 967 966 966 966 964 964 964 962 962 962 968 968 968 963 963 963 962 962 962 966 966 966 969 969 969 969 969 969 968 968 968 962 962 962 966 966 966 967 967 967 970 970 970 970 970 970 969 969 969 966 966 966 963 963 963 968 968 968 971 971 971 971 971 971 972 972 972 963 963 963 968 968 968 969 969 969 973 973 973 973 973 973 971 971 971 968 968 968 972 972 972 971 971 971 974 974 974 974 974 974 975 975 975 972 972 972 971 971 971 973 973 973 976 976 976 976 976 976 974 974 974 971 971 971 975 975 975 974 974 974 977 977 977 977 977 977 912 912 912 975 975 975 977 977 977 974 974 974 978 978 978 912 912 912 977 977 977 911 911 911 978 978 978 979 979 979 977 977 977 979 979 979 978 978 978 976 976 976 980 980 980 911 911 911 977 977 977 977 977 977 979 979 979 980 980 980 911 911 911 980 980 980 913 913 913 917 917 917 913 913 913 980 980 980 980 980 980 924 924 924 917 917 917 924 924 924 980 980 980 979 979 979 979 979 979 934 934 934 924 924 924 976 976 976 934 934 934 979 979 979 976 976 976 981 981 981 934 934 934 934 934 934 981 981 981 982 982 982 982 982 982 976 976 976 973 973 973 982 982 982 931 931 931 934 934 934 982 982 982 983 983 983 931 931 931 931 931 931 983 983 983 984 984 984 984 984 984 927 927 927 931 931 931 973 973 973 985 985 985 982 982 982 984 984 984 982 982 982 985 985 985 985 985 985 973 973 973 969 969 969 984 984 984 939 939 939 927 927 927 969 969 969 970 970 970 985 985 985 985 985 985 986 986 986 984 984 984 986 986 986 985 985 985 970 970 970 939 939 939 984 984 984 986 986 986 970 970 970 987 987 987 986 986 986 987 987 987 970 970 970 967 967 967 986 986 986 988 988 988 939 939 939 988 988 988 986 986 986 987 987 987 939 939 939 988 988 988 989 989 989 987 987 987 989 989 989 988 988 988 967 967 967 990 990 990 987 987 987 989 989 989 987 987 987 990 990 990 990 990 990 967 967 967 947 947 947 989 989 989 991 991 991 939 939 939 990 990 990 991 991 991 989 989 989 947 947 947 992 992 992 990 990 990 991 991 991 990 990 990 992 992 992 940 940 940 992 992 992 947 947 947 940 940 940 993 993 993 992 992 992 939 939 939 991 991 991 994 994 994 992 992 992 994 994 994 991 991 991 994 994 994 992 992 992 993 993 993 939 939 939 994 994 994 937 937 937 993 993 993 937 937 937 994 994 994 995 995 995 996 996 996 997 997 997 998 998 998 995 995 995 997 997 997 998 998 998 948 948 948 995 995 995 997 997 997 999 999 999 998 998 998 999 999 999 997 997 997 1000 1000 1000 1000 1000 1000 1001 1001 1001 999 999 999 1001 1001 1001 1000 1000 1000 1002 1002 1002 998 998 998 999 999 999 1003 1003 1003 1002 1002 1002 1004 1004 1004 1001 1001 1001 1004 1004 1004 1002 1002 1002 1005 1005 1005 999 999 999 1001 1001 1001 1006 1006 1006 1006 1006 1006 1003 1003 1003 999 999 999 1001 1001 1001 1004 1004 1004 1007 1007 1007 1007 1007 1007 1006 1006 1006 1001 1001 1001 1005 1005 1005 1008 1008 1008 1004 1004 1004 1008 1008 1008 1005 1005 1005 1009 1009 1009 1009 1009 1009 1010 1010 1010 1008 1008 1008 1008 1008 1008 1010 1010 1010 1011 1011 1011 1004 1004 1004 1008 1008 1008 1012 1012 1012 1011 1011 1011 1012 1012 1012 1008 1008 1008 1012 1012 1012 1007 1007 1007 1004 1004 1004 1012 1012 1012 1011 1011 1011 1013 1013 1013 1007 1007 1007 1012 1012 1012 1014 1014 1014 1013 1013 1013 1014 1014 1014 1012 1012 1012 1014 1014 1014 1015 1015 1015 1007 1007 1007 1006 1006 1006 1007 1007 1007 1015 1015 1015 1015 1015 1015 1014 1014 1014 1016 1016 1016 1013 1013 1013 1016 1016 1016 1014 1014 1014 1015 1015 1015 1017 1017 1017 1006 1006 1006 1003 1003 1003 1006 1006 1006 1017 1017 1017 1016 1016 1016 1018 1018 1018 1015 1015 1015 1017 1017 1017 1015 1015 1015 1018 1018 1018 1018 1018 1018 1016 1016 1016 1019 1019 1019 1013 1013 1013 1019 1019 1019 1016 1016 1016 1018 1018 1018 1020 1020 1020 1017 1017 1017 1019 1019 1019 1021 1021 1021 1018 1018 1018 1020 1020 1020 1018 1018 1018 1021 1021 1021 1017 1017 1017 1022 1022 1022 1003 1003 1003 1022 1022 1022 1017 1017 1017 1020 1020 1020 1021 1021 1021 1019 1019 1019 1023 1023 1023 1023 1023 1023 1019 1019 1019 1013 1013 1013 1024 1024 1024 1003 1003 1003 1022 1022 1022 1003 1003 1003 1024 1024 1024 998 998 998 1023 1023 1023 1025 1025 1025 1021 1021 1021 998 998 998 1024 1024 1024 1026 1026 1026 1025 1025 1025 1023 1023 1023 1027 1027 1027 1027 1027 1027 1023 1023 1023 1013 1013 1013 1028 1028 1028 1021 1021 1021 1025 1025 1025 1021 1021 1021 1028 1028 1028 1020 1020 1020 1027 1027 1027 1029 1029 1029 1025 1025 1025 1030 1030 1030 1020 1020 1020 1028 1028 1028 1020 1020 1020 1030 1030 1030 1022 1022 1022 1025 1025 1025 1031 1031 1031 1028 1028 1028 1031 1031 1031 1025 1025 1025 1029 1029 1029 1028 1028 1028 1032 1032 1032 1030 1030 1030 1032 1032 1032 1028 1028 1028 1031 1031 1031 1033 1033 1033 1022 1022 1022 1030 1030 1030 1022 1022 1022 1033 1033 1033 1024 1024 1024 1034 1034 1034 1030 1030 1030 1032 1032 1032 1030 1030 1030 1034 1034 1034 1033 1033 1033 1031 1031 1031 1035 1035 1035 1032 1032 1032 1032 1032 1032 1036 1036 1036 1034 1034 1034 1036 1036 1036 1032 1032 1032 1035 1035 1035 1035 1035 1035 1031 1031 1031 1037 1037 1037 1029 1029 1029 1037 1037 1037 1031 1031 1031 1035 1035 1035 1038 1038 1038 1036 1036 1036 1037 1037 1037 1039 1039 1039 1035 1035 1035 1038 1038 1038 1035 1035 1035 1039 1039 1039 1037 1037 1037 1029 1029 1029 1040 1040 1040 1039 1039 1039 1037 1037 1037 1041 1041 1041 1040 1040 1040 1041 1041 1041 1037 1037 1037 1042 1042 1042 1040 1040 1040 1029 1029 1029 1029 1029 1029 1027 1027 1027 1042 1042 1042 1042 1042 1042 1027 1027 1027 1013 1013 1013 1040 1040 1040 1042 1042 1042 1043 1043 1043 1013 1013 1013 1043 1043 1043 1042 1042 1042 1043 1043 1043 1044 1044 1044 1040 1040 1040 1041 1041 1041 1040 1040 1040 1044 1044 1044 1045 1045 1045 1043 1043 1043 1013 1013 1013 1044 1044 1044 1043 1043 1043 1045 1045 1045 1046 1046 1046 1045 1045 1045 1013 1013 1013 1013 1013 1013 1047 1047 1047 1046 1046 1046 1045 1045 1045 1048 1048 1048 1044 1044 1044 1048 1048 1048 1045 1045 1045 1046 1046 1046 1044 1044 1044 1049 1049 1049 1041 1041 1041 1049 1049 1049 1044 1044 1044 1048 1048 1048 1050 1050 1050 1041 1041 1041 1049 1049 1049 1041 1041 1041 1050 1050 1050 1039 1039 1039 1048 1048 1048 1051 1051 1051 1049 1049 1049 1052 1052 1052 1039 1039 1039 1050 1050 1050 1039 1039 1039 1052 1052 1052 1038 1038 1038 1049 1049 1049 1053 1053 1053 1050 1050 1050 1053 1053 1053 1049 1049 1049 1051 1051 1051 1050 1050 1050 1054 1054 1054 1052 1052 1052 1054 1054 1054 1050 1050 1050 1053 1053 1053 1051 1051 1051 1048 1048 1048 1055 1055 1055 1046 1046 1046 1055 1055 1055 1048 1048 1048 1051 1051 1051 1056 1056 1056 1053 1053 1053 1055 1055 1055 1046 1046 1046 1057 1057 1057 1057 1057 1057 1046 1046 1046 1047 1047 1047 1055 1055 1055 1058 1058 1058 1051 1051 1051 1056 1056 1056 1051 1051 1051 1058 1058 1058 1057 1057 1057 1059 1059 1059 1055 1055 1055 1058 1058 1058 1055 1055 1055 1059 1059 1059 1047 1047 1047 1060 1060 1060 1057 1057 1057 1059 1059 1059 1057 1057 1057 1060 1060 1060 1061 1061 1061 1060 1060 1060 1047 1047 1047 1047 1047 1047 1062 1062 1062 1061 1061 1061 1060 1060 1060 1063 1063 1063 1059 1059 1059 1063 1063 1063 1060 1060 1060 1061 1061 1061 1059 1059 1059 1064 1064 1064 1058 1058 1058 1064 1064 1064 1059 1059 1059 1063 1063 1063 1065 1065 1065 1061 1061 1061 1062 1062 1062 1062 1062 1062 1066 1066 1066 1065 1065 1065 1065 1065 1065 1066 1066 1066 1067 1067 1067 1067 1067 1067 1068 1068 1068 1065 1065 1065 1061 1061 1061 1069 1069 1069 1063 1063 1063 1069 1069 1069 1061 1061 1061 1065 1065 1065 1070 1070 1070 1065 1065 1065 1068 1068 1068 1065 1065 1065 1070 1070 1070 1069 1069 1069 1068 1068 1068 1071 1071 1071 1070 1070 1070 1072 1072 1072 1063 1063 1063 1069 1069 1069 1063 1063 1063 1072 1072 1072 1064 1064 1064 1073 1073 1073 1069 1069 1069 1070 1070 1070 1069 1069 1069 1073 1073 1073 1072 1072 1072 1074 1074 1074 1070 1070 1070 1071 1071 1071 1070 1070 1070 1074 1074 1074 1073 1073 1073 1071 1071 1071 1075 1075 1075 1074 1074 1074 1076 1076 1076 1072 1072 1072 1073 1073 1073 1077 1077 1077 1074 1074 1074 1075 1075 1075 1075 1075 1075 1078 1078 1078 1077 1077 1077 1079 1079 1079 1073 1073 1073 1074 1074 1074 1074 1074 1074 1077 1077 1077 1079 1079 1079 1073 1073 1073 1079 1079 1079 1076 1076 1076 1080 1080 1080 1077 1077 1077 1078 1078 1078 1078 1078 1078 1081 1081 1081 1080 1080 1080 1081 1081 1081 1082 1082 1082 1080 1080 1080 1082 1082 1082 831 831 831 1080 1080 1080 1083 1083 1083 1079 1079 1079 1077 1077 1077 1077 1077 1077 1080 1080 1080 1083 1083 1083 1084 1084 1084 1080 1080 1080 831 831 831 1083 1083 1083 1080 1080 1080 1084 1084 1084 831 831 831 827 827 827 1084 1084 1084 1084 1084 1084 827 827 827 1085 1085 1085 1079 1079 1079 1083 1083 1083 1086 1086 1086 1086 1086 1086 1076 1076 1076 1079 1079 1079 1084 1084 1084 1087 1087 1087 1083 1083 1083 1088 1088 1088 1083 1083 1083 1087 1087 1087 1086 1086 1086 1088 1088 1088 1089 1089 1089 1087 1087 1087 1089 1089 1089 1088 1088 1088 1089 1089 1089 1090 1090 1090 1086 1086 1086 1091 1091 1091 1087 1087 1087 1084 1084 1084 1092 1092 1092 1086 1086 1086 1090 1090 1090 1076 1076 1076 1086 1086 1086 1093 1093 1093 1090 1090 1090 1094 1094 1094 1092 1092 1092 1093 1093 1093 1092 1092 1092 1094 1094 1094 1094 1094 1094 1095 1095 1095 1093 1093 1093 1096 1096 1096 1090 1090 1090 1087 1087 1087 1087 1087 1087 1091 1091 1091 1096 1096 1096 1097 1097 1097 1095 1095 1095 1090 1090 1090 1090 1090 1090 1096 1096 1096 1097 1097 1097 1093 1093 1093 1098 1098 1098 1076 1076 1076 1072 1072 1072 1076 1076 1076 1098 1098 1098 1098 1098 1098 1064 1064 1064 1072 1072 1072 1098 1098 1098 1093 1093 1093 1099 1099 1099 1099 1099 1099 1093 1093 1093 1095 1095 1095 1064 1064 1064 1098 1098 1098 1100 1100 1100 1099 1099 1099 1100 1100 1100 1098 1098 1098 1100 1100 1100 1058 1058 1058 1064 1064 1064 1058 1058 1058 1100 1100 1100 1056 1056 1056 1100 1100 1100 1099 1099 1099 1101 1101 1101 1101 1101 1101 1056 1056 1056 1100 1100 1100 1095 1095 1095 1102 1102 1102 1099 1099 1099 1103 1103 1103 1099 1099 1099 1102 1102 1102 1101 1101 1101 1103 1103 1103 1104 1104 1104 1102 1102 1102 1104 1104 1104 1103 1103 1103 1104 1104 1104 1105 1105 1105 1101 1101 1101 1106 1106 1106 1102 1102 1102 1095 1095 1095 1095 1095 1095 1097 1097 1097 1106 1106 1106 1107 1107 1107 1101 1101 1101 1105 1105 1105 1056 1056 1056 1101 1101 1101 1108 1108 1108 1108 1108 1108 1053 1053 1053 1056 1056 1056 1105 1105 1105 1109 1109 1109 1107 1107 1107 1108 1108 1108 1107 1107 1107 1109 1109 1109 1053 1053 1053 1108 1108 1108 1054 1054 1054 1109 1109 1109 1110 1110 1110 1108 1108 1108 1054 1054 1054 1108 1108 1108 1110 1110 1110 1110 1110 1110 1111 1111 1111 1054 1054 1054 1054 1054 1054 1111 1111 1111 1112 1112 1112 1052 1052 1052 1054 1054 1054 1112 1112 1112 1113 1113 1113 1110 1110 1110 1105 1105 1105 1112 1112 1112 1114 1114 1114 1052 1052 1052 1115 1115 1115 1052 1052 1052 1114 1114 1114 1116 1116 1116 1112 1112 1112 1110 1110 1110 1110 1110 1110 1113 1113 1113 1116 1116 1116 1114 1114 1114 1117 1117 1117 1115 1115 1115 1038 1038 1038 1115 1115 1115 1117 1117 1117 1117 1117 1117 1118 1118 1118 1038 1038 1038 1119 1119 1119 1038 1038 1038 1118 1118 1118 1118 1118 1118 1120 1120 1120 1119 1119 1119 1036 1036 1036 1119 1119 1119 1120 1120 1120 1120 1120 1120 1121 1121 1121 1036 1036 1036 1034 1034 1034 1036 1036 1036 1121 1121 1121 1121 1121 1121 1122 1122 1122 1034 1034 1034 1123 1123 1123 1034 1034 1034 1122 1122 1122 1122 1122 1122 1124 1124 1124 1123 1123 1123 1033 1033 1033 1123 1123 1123 1124 1124 1124 1124 1124 1124 1125 1125 1125 1033 1033 1033 1126 1126 1126 1033 1033 1033 1125 1125 1125 1125 1125 1125 1127 1127 1127 1126 1126 1126 1024 1024 1024 1126 1126 1126 1127 1127 1127 1127 1127 1127 1026 1026 1026 1024 1024 1024 1128 1128 1128 1125 1125 1125 1122 1122 1122 1129 1129 1129 1026 1026 1026 1125 1125 1125 1125 1125 1125 1128 1128 1128 1129 1129 1129 1122 1122 1122 1130 1130 1130 1128 1128 1128 1130 1130 1130 1122 1122 1122 1121 1121 1121 1131 1131 1131 1129 1129 1129 1128 1128 1128 1121 1121 1121 1132 1132 1132 1130 1130 1130 1132 1132 1132 1121 1121 1121 1118 1118 1118 1133 1133 1133 1128 1128 1128 1130 1130 1130 1128 1128 1128 1133 1133 1133 1131 1131 1131 1134 1134 1134 1130 1130 1130 1132 1132 1132 1130 1130 1130 1134 1134 1134 1133 1133 1133 1118 1118 1118 1135 1135 1135 1132 1132 1132 1135 1135 1135 1118 1118 1118 1114 1114 1114 1132 1132 1132 1136 1136 1136 1134 1134 1134 1136 1136 1136 1132 1132 1132 1135 1135 1135 1114 1114 1114 1137 1137 1137 1135 1135 1135 1137 1137 1137 1114 1114 1114 1112 1112 1112 1112 1112 1112 1116 1116 1116 1137 1137 1137 1138 1138 1138 1135 1135 1135 1137 1137 1137 1135 1135 1135 1138 1138 1138 1136 1136 1136 1139 1139 1139 1137 1137 1137 1116 1116 1116 1137 1137 1137 1139 1139 1139 1138 1138 1138 1116 1116 1116 1140 1140 1140 1139 1139 1139 1140 1140 1140 1116 1116 1116 1113 1113 1113 1141 1141 1141 1138 1138 1138 1139 1139 1139 1142 1142 1142 1139 1139 1139 1140 1140 1140 1139 1139 1139 1142 1142 1142 1141 1141 1141 1143 1143 1143 1136 1136 1136 1138 1138 1138 1138 1138 1138 1141 1141 1141 1143 1143 1143 1136 1136 1136 1143 1143 1143 1144 1144 1144 1144 1144 1144 1134 1134 1134 1136 1136 1136 1145 1145 1145 1143 1143 1143 1141 1141 1141 1134 1134 1134 1144 1144 1144 1146 1146 1146 1146 1146 1146 1133 1133 1133 1134 1134 1134 1147 1147 1147 1144 1144 1144 1143 1143 1143 1143 1143 1143 1145 1145 1145 1147 1147 1147 1148 1148 1148 1146 1146 1146 1144 1144 1144 1144 1144 1144 1147 1147 1147 1148 1148 1148 1133 1133 1133 1146 1146 1146 1149 1149 1149 1149 1149 1149 1131 1131 1131 1133 1133 1133 1146 1146 1146 1148 1148 1148 1150 1150 1150 1150 1150 1150 1149 1149 1149 1146 1146 1146 1151 1151 1151 1148 1148 1148 1147 1147 1147 1150 1150 1150 1148 1148 1148 1151 1151 1151 1147 1147 1147 1145 1145 1145 1151 1151 1151 1149 1149 1149 1150 1150 1150 1152 1152 1152 1152 1152 1152 1150 1150 1150 1151 1151 1151 1131 1131 1131 1149 1149 1149 1153 1153 1153 1152 1152 1152 1153 1153 1153 1149 1149 1149 1153 1153 1153 1154 1154 1154 1131 1131 1131 1129 1129 1129 1131 1131 1131 1154 1154 1154 1154 1154 1154 1155 1155 1155 1129 1129 1129 1026 1026 1026 1129 1129 1129 1155 1155 1155 1155 1155 1155 1156 1156 1156 1026 1026 1026 1026 1026 1026 1156 1156 1156 998 998 998 948 948 948 998 998 998 1156 1156 1156 1156 1156 1156 1155 1155 1155 1157 1157 1157 1155 1155 1155 1158 1158 1158 1157 1157 1157 1157 1157 1157 1159 1159 1159 1156 1156 1156 1160 1160 1160 1157 1157 1157 1158 1158 1158 1156 1156 1156 1159 1159 1159 1161 1161 1161 1162 1162 1162 1160 1160 1160 1158 1158 1158 1158 1158 1158 1154 1154 1154 1162 1162 1162 1161 1161 1161 760 760 760 1156 1156 1156 1156 1156 1156 760 760 760 948 948 948 1154 1154 1154 1163 1163 1163 1162 1162 1162 948 948 948 760 760 760 952 952 952 1164 1164 1164 1162 1162 1162 1163 1163 1163 1163 1163 1163 1153 1153 1153 1164 1164 1164 1153 1153 1153 1165 1165 1165 1164 1164 1164 1166 1166 1166 1164 1164 1164 1165 1165 1165 1167 1167 1167 1166 1166 1166 1165 1165 1165 1165 1165 1165 1152 1152 1152 1167 1167 1167 1168 1168 1168 1167 1167 1167 1152 1152 1152 1152 1152 1152 1169 1169 1169 1168 1168 1168 1151 1151 1151 1169 1169 1169 1152 1152 1152 764 764 764 952 952 952 760 760 760 952 952 952 764 764 764 110 110 110 110 110 110 764 764 764 1170 1170 1170 1170 1170 1170 764 764 764 1171 1171 1171 1170 1170 1170 1171 1171 1171 1172 1172 1172 1172 1172 1172 1173 1173 1173 1170 1170 1170 1170 1170 1170 1173 1173 1173 1174 1174 1174 110 110 110 628 628 628 952 952 952 1175 1175 1175 110 110 110 1170 1170 1170 1176 1176 1176 952 952 952 628 628 628 1177 1177 1177 952 952 952 1176 1176 1176 1176 1176 1176 1178 1178 1178 1177 1177 1177 1179 1179 1179 1178 1178 1178 1176 1176 1176 628 628 628 1180 1180 1180 1176 1176 1176 1179 1179 1179 1176 1176 1176 1180 1180 1180 1180 1180 1180 628 628 628 1181 1181 1181 629 629 629 1182 1182 1182 628 628 628 629 629 629 1183 1183 1183 1182 1182 1182 1182 1182 1182 1183 1183 1183 627 627 627 1184 1184 1184 1182 1182 1182 627 627 627 627 627 627 1185 1185 1185 1184 1184 1184 1185 1185 1185 1186 1186 1186 1184 1184 1184 1184 1184 1184 1186 1186 1186 1187 1187 1187 1181 1181 1181 1188 1188 1188 1180 1180 1180 1189 1189 1189 1188 1188 1188 1181 1181 1181 1189 1189 1189 1181 1181 1181 1184 1184 1184 1187 1187 1187 1190 1190 1190 1184 1184 1184 1187 1187 1187 639 639 639 1190 1190 1190 639 639 639 1191 1191 1191 1190 1190 1190 1191 1191 1191 661 661 661 1190 1190 1190 659 659 659 1190 1190 1190 661 661 661 1184 1184 1184 1192 1192 1192 1189 1189 1189 1193 1193 1193 1192 1192 1192 1184 1184 1184 1184 1184 1184 1194 1194 1194 1193 1193 1193 1189 1189 1189 1192 1192 1192 1195 1195 1195 1194 1194 1194 1196 1196 1196 1193 1193 1193 1197 1197 1197 1196 1196 1196 1194 1194 1194 1192 1192 1192 1193 1193 1193 1198 1198 1198 1198 1198 1198 1195 1195 1195 1192 1192 1192 1193 1193 1193 1197 1197 1197 1199 1199 1199 1199 1199 1199 1198 1198 1198 1193 1193 1193 1200 1200 1200 1197 1197 1197 1194 1194 1194 1194 1194 1194 659 659 659 1200 1200 1200 659 659 659 872 872 872 1200 1200 1200 1200 1200 1200 872 872 872 1201 1201 1201 1200 1200 1200 1201 1201 1201 1202 1202 1202 1202 1202 1202 1203 1203 1203 1200 1200 1200 1200 1200 1200 1203 1203 1203 1204 1204 1204 1197 1197 1197 1200 1200 1200 1204 1204 1204 1204 1204 1204 1199 1199 1199 1197 1197 1197 1205 1205 1205 1199 1199 1199 1204 1204 1204 1199 1199 1199 1205 1205 1205 1206 1206 1206 1198 1198 1198 1199 1199 1199 1206 1206 1206 1206 1206 1206 1207 1207 1207 1198 1198 1198 1195 1195 1195 1198 1198 1198 1207 1207 1207 1207 1207 1207 1206 1206 1206 1208 1208 1208 1209 1209 1209 1207 1207 1207 1208 1208 1208 1207 1207 1207 1209 1209 1209 1195 1195 1195 1208 1208 1208 1210 1210 1210 1209 1209 1209 1210 1210 1210 1211 1211 1211 1209 1209 1209 1209 1209 1209 1211 1211 1211 1212 1212 1212 1212 1212 1212 1213 1213 1213 1209 1209 1209 1209 1209 1209 1213 1213 1213 1214 1214 1214 1214 1214 1214 1215 1215 1215 1209 1209 1209 1214 1214 1214 1216 1216 1216 1215 1215 1215 1209 1209 1209 1215 1215 1215 1217 1217 1217 1217 1217 1217 1215 1215 1215 1216 1216 1216 1217 1217 1217 1195 1195 1195 1209 1209 1209 1195 1195 1195 1217 1217 1217 1189 1189 1189 1180 1180 1180 1189 1189 1189 1217 1217 1217 1216 1216 1216 1218 1218 1218 1217 1217 1217 1217 1217 1217 1218 1218 1218 1180 1180 1180 1216 1216 1216 1219 1219 1219 1218 1218 1218 1180 1180 1180 1218 1218 1218 1179 1179 1179 1218 1218 1218 1219 1219 1219 1220 1220 1220 1220 1220 1220 1179 1179 1179 1218 1218 1218 1141 1141 1141 1221 1221 1221 1145 1145 1145 1221 1221 1221 1141 1141 1141 1142 1142 1142 1151 1151 1151 1145 1145 1145 1221 1221 1221 1142 1142 1142 1222 1222 1222 1221 1221 1221 1151 1151 1151 1221 1221 1221 1222 1222 1222 1222 1222 1222 1142 1142 1142 1223 1223 1223 1140 1140 1140 1223 1223 1223 1142 1142 1142 1223 1223 1223 1224 1224 1224 1222 1222 1222 1222 1222 1222 1224 1224 1224 1151 1151 1151 1223 1223 1223 1140 1140 1140 1225 1225 1225 1113 1113 1113 1225 1225 1225 1140 1140 1140 1224 1224 1224 1223 1223 1223 1226 1226 1226 1225 1225 1225 1226 1226 1226 1223 1223 1223 1225 1225 1225 1113 1113 1113 1227 1227 1227 1105 1105 1105 1227 1227 1227 1113 1113 1113 1227 1227 1227 1105 1105 1105 1102 1102 1102 1102 1102 1102 1106 1106 1106 1227 1227 1227 1227 1227 1227 1228 1228 1228 1225 1225 1225 1228 1228 1228 1227 1227 1227 1106 1106 1106 1226 1226 1226 1225 1225 1225 1228 1228 1228 1106 1106 1106 1229 1229 1229 1228 1228 1228 1229 1229 1229 1106 1106 1106 1097 1097 1097 1228 1228 1228 1230 1230 1230 1226 1226 1226 1230 1230 1230 1228 1228 1228 1229 1229 1229 1226 1226 1226 1231 1231 1231 1224 1224 1224 1231 1231 1231 1226 1226 1226 1230 1230 1230 1151 1151 1151 1224 1224 1224 1231 1231 1231 1230 1230 1230 1232 1232 1232 1231 1231 1231 1231 1231 1231 1232 1232 1232 1151 1151 1151 1229 1229 1229 1233 1233 1233 1230 1230 1230 1232 1232 1232 1230 1230 1230 1233 1233 1233 1097 1097 1097 1234 1234 1234 1229 1229 1229 1233 1233 1233 1229 1229 1229 1234 1234 1234 1234 1234 1234 1097 1097 1097 1096 1096 1096 1233 1233 1233 1235 1235 1235 1232 1232 1232 1151 1151 1151 1232 1232 1232 1235 1235 1235 1234 1234 1234 1236 1236 1236 1233 1233 1233 1235 1235 1235 1233 1233 1233 1236 1236 1236 1096 1096 1096 1237 1237 1237 1234 1234 1234 1236 1236 1236 1234 1234 1234 1237 1237 1237 1237 1237 1237 1096 1096 1096 1091 1091 1091 1236 1236 1236 1238 1238 1238 1235 1235 1235 1235 1235 1235 1238 1238 1238 1151 1151 1151 1237 1237 1237 1239 1239 1239 1236 1236 1236 1238 1238 1238 1236 1236 1236 1239 1239 1239 1151 1151 1151 1238 1238 1238 1240 1240 1240 1239 1239 1239 1240 1240 1240 1238 1238 1238 1240 1240 1240 1241 1241 1241 1151 1151 1151 1239 1239 1239 1237 1237 1237 1242 1242 1242 1091 1091 1091 1242 1242 1242 1237 1237 1237 1240 1240 1240 1239 1239 1239 1243 1243 1243 1242 1242 1242 1243 1243 1243 1239 1239 1239 1241 1241 1241 1240 1240 1240 1244 1244 1244 1243 1243 1243 1244 1244 1244 1240 1240 1240 1241 1241 1241 1244 1244 1244 1245 1245 1245 1245 1245 1245 1246 1246 1246 1241 1241 1241 1247 1247 1247 1246 1246 1246 1245 1245 1245 1245 1245 1245 1248 1248 1248 1247 1247 1247 1249 1249 1249 1245 1245 1245 1244 1244 1244 1248 1248 1248 1245 1245 1245 1249 1249 1249 1244 1244 1244 1243 1243 1243 1249 1249 1249 1249 1249 1249 1250 1250 1250 1248 1248 1248 1249 1249 1249 1251 1251 1251 1250 1250 1250 1252 1252 1252 1249 1249 1249 1243 1243 1243 1251 1251 1251 1249 1249 1249 1252 1252 1252 1243 1243 1243 1242 1242 1242 1252 1252 1252 1252 1252 1252 1253 1253 1253 1251 1251 1251 1254 1254 1254 1252 1252 1252 1242 1242 1242 1253 1253 1253 1252 1252 1252 1254 1254 1254 1242 1242 1242 1091 1091 1091 1254 1254 1254 1254 1254 1254 1255 1255 1255 1253 1253 1253 1084 1084 1084 1254 1254 1254 1091 1091 1091 1254 1254 1254 1256 1256 1256 1255 1255 1255 1085 1085 1085 1254 1254 1254 1084 1084 1084 1257 1257 1257 1256 1256 1256 1254 1254 1254 1254 1254 1254 1085 1085 1085 1257 1257 1257 1258 1258 1258 1259 1259 1259 1260 1260 1260 1261 1261 1261 1259 1259 1259 1258 1258 1258 1260 1260 1260 1262 1262 1262 1258 1258 1258 1261 1261 1261 1258 1258 1258 1263 1263 1263 1264 1264 1264 1258 1258 1258 1262 1262 1262 1263 1263 1263 1258 1258 1258 1264 1264 1264 1263 1263 1263 1265 1265 1265 1261 1261 1261 1266 1266 1266 1261 1261 1261 1265 1265 1265 1266 1266 1266 1265 1265 1265 1267 1267 1267 1267 1267 1267 1265 1265 1265 1263 1263 1263 1267 1267 1267 1268 1268 1268 1266 1266 1266 1269 1269 1269 1268 1268 1268 1267 1267 1267 1267 1267 1267 1270 1270 1270 1269 1269 1269 1271 1271 1271 1270 1270 1270 1267 1267 1267 1272 1272 1272 1271 1271 1271 1267 1267 1267 1267 1267 1267 1273 1273 1273 1272 1272 1272 1273 1273 1273 1274 1274 1274 1272 1272 1272 1273 1273 1273 1267 1267 1267 1275 1275 1275 1263 1263 1263 1275 1275 1275 1267 1267 1267 1274 1274 1274 1273 1273 1273 1276 1276 1276 1275 1275 1275 1276 1276 1276 1273 1273 1273 1275 1275 1275 1263 1263 1263 1277 1277 1277 1264 1264 1264 1277 1277 1277 1263 1263 1263 1276 1276 1276 1275 1275 1275 1278 1278 1278 1277 1277 1277 1278 1278 1278 1275 1275 1275 1276 1276 1276 1279 1279 1279 1274 1274 1274 1279 1279 1279 1280 1280 1280 1274 1274 1274 1280 1280 1280 1279 1279 1279 1281 1281 1281 1278 1278 1278 1282 1282 1282 1276 1276 1276 1279 1279 1279 1276 1276 1276 1282 1282 1282 1283 1283 1283 1278 1278 1278 1277 1277 1277 1282 1282 1282 1278 1278 1278 1283 1283 1283 1277 1277 1277 1284 1284 1284 1283 1283 1283 1277 1277 1277 1285 1285 1285 1284 1284 1284 1284 1284 1284 1285 1285 1285 1264 1264 1264 1283 1283 1283 1286 1286 1286 1282 1282 1282 1264 1264 1264 141 141 141 1284 1284 1284 1286 1286 1286 1287 1287 1287 1282 1282 1282 1282 1282 1282 1288 1288 1288 1279 1279 1279 1288 1288 1288 1287 1287 1287 1286 1286 1286 1281 1281 1281 1279 1279 1279 1288 1288 1288 1264 1264 1264 1289 1289 1289 141 141 141 1262 1262 1262 1289 1289 1289 1264 1264 1264 1289 1289 1289 436 436 436 141 141 141 1262 1262 1262 1290 1290 1290 1289 1289 1289 1291 1291 1291 436 436 436 1289 1289 1289 1289 1289 1289 1290 1290 1290 1291 1291 1291 1288 1288 1288 1292 1292 1292 1281 1281 1281 1292 1292 1292 1288 1288 1288 1286 1286 1286 1292 1292 1292 1293 1293 1293 1281 1281 1281 1294 1294 1294 1293 1293 1293 1292 1292 1292 1292 1292 1292 1295 1295 1295 1294 1294 1294 1286 1286 1286 160 160 160 1292 1292 1292 1292 1292 1292 819 819 819 1295 1295 1295 160 160 160 819 819 819 1292 1292 1292 819 819 819 160 160 160 107 107 107 107 107 107 812 812 812 819 819 819 1296 1296 1296 812 812 812 107 107 107 1297 1297 1297 812 812 812 1296 1296 1296 1296 1296 1296 1298 1298 1298 1297 1297 1297 1299 1299 1299 1298 1298 1298 1296 1296 1296 1300 1300 1300 1296 1296 1296 107 107 107 1299 1299 1299 1296 1296 1296 1300 1300 1300 1300 1300 1300 107 107 107 1301 1301 1301 1301 1301 1301 1302 1302 1302 1300 1300 1300 1303 1303 1303 1302 1302 1302 1301 1301 1301 1303 1303 1303 1301 1301 1301 1304 1304 1304 1300 1300 1300 1305 1305 1305 1299 1299 1299 1306 1306 1306 1299 1299 1299 1305 1305 1305 1305 1305 1305 1307 1307 1307 1306 1306 1306 1308 1308 1308 1307 1307 1307 1305 1305 1305 1309 1309 1309 1305 1305 1305 1300 1300 1300 1308 1308 1308 1305 1305 1305 1309 1309 1309 1300 1300 1300 1303 1303 1303 1309 1309 1309 1309 1309 1309 1310 1310 1310 1308 1308 1308 1311 1311 1311 1308 1308 1308 1310 1310 1310 1312 1312 1312 1309 1309 1309 1303 1303 1303 1311 1311 1311 1310 1310 1310 1313 1313 1313 1313 1313 1313 1310 1310 1310 1309 1309 1309 1309 1309 1309 1312 1312 1312 1313 1313 1313 1313 1313 1313 1314 1314 1314 1311 1311 1311 1313 1313 1313 1315 1315 1315 1314 1314 1314 1316 1316 1316 1315 1315 1315 1313 1313 1313 1317 1317 1317 1316 1316 1316 1313 1313 1313 1313 1313 1313 1318 1318 1318 1317 1317 1317 1318 1318 1318 1313 1313 1313 1312 1312 1312 1318 1318 1318 1319 1319 1319 1317 1317 1317 1312 1312 1312 1320 1320 1320 1318 1318 1318 1319 1319 1319 1318 1318 1318 1320 1320 1320 1303 1303 1303 1321 1321 1321 1312 1312 1312 1320 1320 1320 1312 1312 1312 1321 1321 1321 1304 1304 1304 1321 1321 1321 1303 1303 1303 1320 1320 1320 1322 1322 1322 1319 1319 1319 1322 1322 1322 1323 1323 1323 1319 1319 1319 1323 1323 1323 1322 1322 1322 1174 1174 1174 1321 1321 1321 1324 1324 1324 1320 1320 1320 1324 1324 1324 1321 1321 1321 1304 1304 1304 1322 1322 1322 1320 1320 1320 1324 1324 1324 1304 1304 1304 1175 1175 1175 1324 1324 1324 1174 1174 1174 1322 1322 1322 1325 1325 1325 1324 1324 1324 1325 1325 1325 1322 1322 1322 1325 1325 1325 1170 1170 1170 1174 1174 1174 1170 1170 1170 1325 1325 1325 1175 1175 1175 1175 1175 1175 1326 1326 1326 1324 1324 1324 1325 1325 1325 1326 1326 1326 1175 1175 1175</p>
        </triangles>
      </mesh>
    </geometry>
  </library_geometries>
  <library_materials>
    <material id="704923f4bb974d86907f380783749956" name="pbrmaterial">
      <instance_effect url="#faad9f674b6f4142be5697e014a9f7cb"/>
    </material>
  </library_materials>
  <library_visual_scenes>
    <visual_scene id="scene">
      <node id="node0" name="node0">
        <instance_geometry url="#c60b14eed9b64bed9b6eda96169920fc">
          <bind_material>
            <technique_common>
              <instance_material symbol="material0" target="#704923f4bb974d86907f380783749956"/>
            </technique_common>
          </bind_material>
        </instance_geometry>
      </node>
    </visual_scene>
  </library_visual_scenes>
  <scene>
    <instance_visual_scene url="#scene"/>
  </scene>
</COLLADA>
