<COLLADA xmlns="http://www.collada.org/2005/11/COLLADASchema" version="1.4.1">
  <asset>
    <created>2026-09-25T14:22:25.683103</created>
    <modified>2026-09-25T14:22:25.683105</modified>
    <up_axis>Y_UP</up_axis>
  </asset>
  <library_effects>
    <effect id="9f3f4ac23f3542e9a04aba95783d8cf4" name="9f3f4ac23f3542e9a04aba95783d8cf4">
      <profile_COMMON>
        <technique sid="common">
          <phong>
            <ambient>
              <color>0.0 0.0 0.0 1.0</color>
            </ambient>
            <diffuse>
              <color>0.3137254901960784 0.27450980392156865 0.23529411764705882 1.0</color>
            </diffuse>
            <specular>
              <color>1.0 1.0 1.0 1.0</color>
            </specular>
            <shininess>
              <float>14.326531172011677</float>
            </shininess>
            <reflective>
              <color>0.0 0.0 0.0 1.0</color>
            </reflective>
            <reflectivity>
              <float>0.0</float>
            </reflectivity>
            <transparent>
              <color>0.0 0.0 0.0 1.0</color>
            </transparent>
            <transparency>
              <float>1.0</float>
            </transparency>
          </phong>
        </technique>
        <extra>
          <technique profile="GOOGLEEARTH">
            <double_sided>0</double_sided>
          </technique>
        </extra>
      </profile_COMMON>
    </effect>
  </library_effects>
  <library_geometries>
    <geometry id="0af8cb7147604e328d7397871282e244" name="444fd94ff0a547d2a440a46886071a3f">
      <mesh>
        <source id="verts-array">
          <float_array count="3588" id="verts-array-array">-0.005299999 0.001500006 -0.0363 -0.005299999 0.004500006 -0.0363 -0.005299999 0.001400005 -0.03630167 0.005300001 0.001500006 -0.0363 0.005300001 0.001400005 -0.03630167 0.005300001 0.004500006 -0.0363 0.003844906 0.005999333 -0.0363 0.003799969 0.00599967 -0.0363 0.003799969 0.00599967 -0.0313 0.003844906 0.005999333 -0.0313 -0.005299999 0.004500006 -0.0363 0.005300001 0.004500006 -0.0363 0.005300001 0.001400005 -0.03630167 -0.005299999 0.001400005 -0.03630167 -0.003844904 0.005999333 -0.0363 -0.003844904 0.005999333 -0.0313 -0.003799967 0.00599967 -0.0313 -0.003799967 0.00599967 -0.0363 0.003799969 0.00599967 -0.0313 0.003799969 0.00599967 -0.0363 0.00382244 0.005999838 -0.0363 0.003844906 0.005999333 -0.0313 0.003844906 0.005999333 -0.0363 -0.003844904 0.005999333 -0.0313 -0.003844904 0.005999333 -0.0363 -0.003822438 0.005999838 -0.0363 -0.003799967 0.00599967 -0.0313 -0.003799967 0.00599967 -0.0363 0.008348257 -0.001499994 -0.0485491 0.007882531 -0.001499994 -0.04920789 0.007368374 -0.001499994 -0.049719 0.008691853 -0.001499994 -0.04782952 0.006898494 -0.001499994 -0.05005401 0.006330223 -0.001499994 -0.05032534 0.00604693 -0.001499994 -0.05041035 0.005496336 -0.001499994 -0.05047837 -0.005496334 -0.001499994 -0.05047837 -0.006059701 -0.001499994 -0.05040722 -0.006375835 -0.001499994 -0.05030854 -0.006975351 -0.001499994 -0.05000647 -0.007348725 -0.001499994 -0.0497352 -0.007891164 -0.001499994 -0.04919763 -0.008295811 -0.001499994 -0.04863666 -0.00865794 -0.001499994 -0.04791652 0.008988362 -0.001499994 -0.04697403 0.009781674 -0.001499994 -0.04361911 -0.008691851 -0.001499994 -0.04782952 -0.009563501 -0.001499994 -0.04473174 -0.01043398 -0.001499994 -0.0393 0.01038514 -0.001499994 -0.0396915 0.01043399 -0.001499994 -0.0393 -0.01054751 -0.001340541 -0.03833496 0.01050976 -0.001431966 -0.03866475 -0.01056729 -0.001261677 -0.03815634 0.01055109 -0.001329554 -0.03830321 0.01056713 -0.001260008 -0.03815749 0.01061449 -0.001054577 -0.03772707 -0.01060109 -0.001126883 -0.03785105 -0.01064826 -0.0008291184 -0.03740918 0.01064735 -0.0008360935 -0.03741781 -0.01067129 -0.0006131235 -0.03718663 0.01067081 -0.0006092752 -0.0371907 0.01069399 -0.0003851425 -0.03696629 -0.01068765 -0.0004596268 -0.03702847 -0.01071908 -2.618017e-05 -0.03671722 0.01071597 -7.769323e-05 -0.03674836 -0.0107371 0.000355281 -0.03653534 0.01073666 0.0003573849 -0.03653968 0.005300001 0.001400005 -0.03630167 0.01074333 0.0004976547 -0.0364724 0.01075337 0.0008562331 -0.03636989 0.01076017 0.001500006 -0.0363 0.005300001 0.001500006 -0.0363 -0.005299999 0.001400005 -0.03630167 0.005300001 0.004500006 -0.0363 -0.01074177 0.0004540408 -0.03648825 -0.01075556 0.0009689151 -0.03634738 0.01076017 0.005886681 -0.0363 -0.01076017 0.001500006 -0.0363 -0.005299999 0.001500006 -0.0363 -0.005299999 0.004500006 -0.0363 -0.01076017 0.005886681 -0.0363 0.003844906 0.005999333 -0.0363 0.01067765 0.006640614 -0.0363 0.01053946 0.007107062 -0.0363 0.0102351 0.007725884 -0.0363 0.009946948 0.008123782 -0.0363 0.009453591 0.008606517 -0.0363 0.009047158 0.008887527 -0.0363 0.008420027 0.009179385 -0.0363 0.007945275 0.009309199 -0.0363 0.007255191 0.009377343 -0.0363 0.00382244 0.005999838 -0.0363 0.003799969 0.00599967 -0.0363 -0.007255189 0.009377343 -0.0363 -0.003799967 0.00599967 -0.0363 -0.003822438 0.005999838 -0.0363 -0.003844904 0.005999333 -0.0363 -0.007352577 0.009376 -0.0363 -0.01069194 0.006572949 -0.0363 -0.008039274 0.009289104 -0.0363 -0.01056389 0.007039654 -0.0363 -0.008503717 0.009148874 -0.0363 -0.01027229 0.007664665 -0.0363 -0.009123689 0.008840906 -0.0363 -0.009996982 0.008062652 -0.0363 -0.009514383 0.008556664 -0.0363 0.007819167 -0.009493276 -0.03139108 0.00776355 -0.009498274 -0.03132336 0.007700963 -0.009499994 -0.0313 0.00793232 -0.00946657 -0.03174911 -0.007701036 -0.009499994 -0.0313 -0.007782903 -0.009496948 -0.03134135 -0.007861624 -0.009486559 -0.03148177 -0.007971252 -0.009446733 -0.03201024 0.008013785 -0.009402241 -0.03257848 -0.008026609 -0.009361842 -0.03307122 0.00800842 -0.009180149 -0.03500269 -0.008000275 -0.009083929 -0.03585723 0.008017016 -0.008918861 -0.03708014 -0.008024529 -0.008912056 -0.03707911 0.008018089 -0.008886263 -0.03733932 -0.008043416 -0.008778216 -0.03803061 0.008137107 -0.008493008 -0.03957459 -0.008181372 -0.008367698 -0.04015611 -0.008245653 -0.008173604 -0.04090037 0.008247018 -0.008173414 -0.04090065 0.008310209 -0.007989668 -0.04166304 -0.008356951 -0.007837534 -0.04218903 0.00846709 -0.00741963 -0.04345272 -0.008498228 -0.007293155 -0.04377731 0.008501387 -0.007280991 -0.04377193 0.008589394 -0.00692523 -0.04459106 0.007930633 -0.006456172 -0.04538111 -0.008499882 -0.007286781 -0.04379591 -0.008589393 -0.00692523 -0.04459106 -0.007889709 -0.00642583 -0.04542486 -0.007841138 -0.006388065 -0.04547162 0.007839197 -0.006385269 -0.04546969 -0.007214556 -0.005900882 -0.04607487 0.007214503 -0.005900841 -0.04607492 -0.007047492 -0.005670867 -0.04630749 0.007047494 -0.005670867 -0.04630749 0.008767226 -0.001669598 -0.04762643 0.008691853 -0.001499994 -0.04782952 0.008988362 -0.001499994 -0.04697403 0.008974466 -0.002233302 -0.04697009 0.009781674 -0.001499994 -0.04361911 0.009196765 -0.002837966 -0.04626606 0.009628567 -0.004520784 -0.04441511 0.009768388 -0.004646099 -0.04361679 0.01010999 -0.00495226 -0.0416664 0.01038514 -0.001499994 -0.0396915 0.01037188 -0.005213357 -0.03968974 0.01043399 -0.001499994 -0.0393 0.0105239 -0.005364922 -0.03854231 0.01050976 -0.001431966 -0.03866475 0.01055109 -0.001329554 -0.03830321 0.01090977 -0.005775509 -0.03468838 0.01061449 -0.001054577 -0.03772707 0.01064735 -0.0008360935 -0.03741781 0.0112 -0.006002698 -0.03130005 0.01069399 -0.0003851425 -0.03696629 0.01071597 -7.769323e-05 -0.03674836 0.01074333 0.0004976547 -0.0364724 0.01075337 0.0008562331 -0.03636989 0.01076017 0.001500006 -0.0363 0.0112 0.006001695 -0.03130002 0.01076017 0.005886681 -0.0363 0.0111315 0.006689104 -0.03131251 0.0112 0.006001695 -0.03130002 0.01067765 0.006640614 -0.0363 0.01100235 0.007159519 -0.03131752 0.01053946 0.007107062 -0.0363 0.01095287 0.007265572 -0.03131787 0.01051952 0.007147611 -0.0363 0.01071015 0.007785791 -0.03131957 0.0102351 0.007725884 -0.0363 0.01063348 0.007896622 -0.03131907 0.01019765 0.0077776 -0.0363 0.01043272 0.008186845 -0.03131776 0.009946948 0.008123782 -0.0363 0.01017288 0.008452802 -0.03131432 0.009734632 0.008331525 -0.0363 0.009949903 0.008681039 -0.03131137 0.009453591 0.008606517 -0.0363 0.009623601 0.008922421 -0.03130075 0.00918035 0.008795436 -0.0363 0.009600773 0.008939308 -0.0313 0.009050613 0.009228914 -0.03129693 0.009047158 0.008887527 -0.0363 0.008992661 0.009246679 -0.03129633 0.00854925 0.009119248 -0.0363 0.008390836 0.009431175 -0.03129 0.008420027 0.009179385 -0.0363 0.007945275 0.009309199 -0.0363 0.007707005 0.009499947 -0.03130201 0.007661207 0.009489664 -0.03169765 0.007395796 0.009421278 -0.03477047 0.007255191 0.009377343 -0.0363 -0.007477888 0.009438917 -0.03378684 -0.007255189 0.009377343 -0.0363 0.007480749 0.009443168 -0.03378692 0.007661207 0.009489664 -0.03169765 -0.007612688 0.009476189 -0.03226562 -0.007703652 0.009498381 -0.03136028 -0.00770746 0.00949995 -0.03130132 0.007707005 0.009499947 -0.03130201 -0.007612688 0.009476189 -0.03226562 -0.007352577 0.009376 -0.0363 -0.008039274 0.009289104 -0.0363 -0.007703652 0.009498381 -0.03136028 -0.008503717 0.009148874 -0.0363 -0.00831462 0.009445664 -0.03128937 -0.00770746 0.00949995 -0.03130132 -0.008907544 0.009285188 -0.03129339 -0.008991267 0.00924538 -0.03129477 -0.00855181 0.009124985 -0.0363 -0.009123689 0.008840906 -0.0363 -0.009485601 0.00901033 -0.03130289 -0.009182232 0.008798313 -0.0363 -0.009617001 0.00891387 -0.03130521 -0.009514383 0.008556664 -0.0363 -0.01003654 0.008605887 -0.03131262 -0.009734208 0.008331641 -0.0363 -0.01017307 0.008453913 -0.03131411 -0.009996982 0.008062652 -0.0363 -0.01054073 0.008044654 -0.03131813 -0.01019524 0.007776048 -0.0363 -0.01062696 0.007893569 -0.03131776 -0.01027229 0.007664665 -0.0363 -0.01090599 0.007404682 -0.03131657 -0.01051455 0.007145396 -0.0363 -0.01095117 0.007266243 -0.03131515 -0.01056389 0.007039654 -0.0363 -0.01111769 0.006756 -0.0313099 -0.01069194 0.006572949 -0.0363 -0.0112 0.006001695 -0.03130002 -0.01076017 0.005886681 -0.0363 -0.0112 0.006001695 -0.03130002 -0.01076017 0.001500006 -0.0363 -0.01075556 0.0009689151 -0.03634738 -0.01119999 -0.006002697 -0.03130005 -0.01074177 0.0004540408 -0.03648825 -0.01071908 -2.618017e-05 -0.03671722 -0.01068765 -0.0004596268 -0.03702847 -0.0111477 -0.005974911 -0.03191739 -0.01064826 -0.0008291184 -0.03740918 -0.01113154 -0.006688862 -0.03132027 -0.01119999 -0.006002697 -0.03130005 -0.01100222 -0.007159883 -0.03133037 -0.01095118 -0.007269249 -0.03133183 -0.01086001 -0.005725283 -0.03523963 -0.01060109 -0.001126883 -0.03785105 -0.01054751 -0.001340541 -0.03833496 -0.01068459 -0.007052006 -0.0345642 -0.01071001 -0.007785998 -0.03133873 -0.01050825 -0.005348356 -0.03867771 -0.01048669 -0.001425968 -0.03885198 -0.01048492 -0.005325209 -0.03885173 -0.01043398 -0.001499994 -0.0393 -0.01009051 -0.004933939 -0.04179316 -0.009563501 -0.001499994 -0.04473174 -0.009628564 -0.004520784 -0.04441511 -0.009562321 -0.004226631 -0.04473149 -0.009507905 -0.003985 -0.04499137 -0.009144863 -0.002674888 -0.04645204 -0.008691851 -0.001499994 -0.04782952 -0.01035916 -0.006704079 -0.03791289 -0.01059938 -0.005446004 -0.03778704 -0.01050825 -0.005348356 -0.03867771 -0.0100324 -0.007331931 -0.03795341 -0.009934127 -0.006262969 -0.04127827 -0.01017909 -0.005021816 -0.04113253 -0.01009051 -0.004933939 -0.04179316 -0.009628564 -0.004520784 -0.04441511 -0.009535553 -0.005193184 -0.04453366 -0.00935028 -0.005736935 -0.04459969 -0.009314498 -0.00584195 -0.04461245 -0.009027915 -0.006353081 -0.04462964 -0.009607073 -0.006886193 -0.0413219 -0.008976244 -0.006445237 -0.04463274 -0.008595064 -0.006918192 -0.04459167 -0.008589393 -0.00692523 -0.04459106 -0.008499882 -0.007286781 -0.04379591 -0.009152411 -0.007444501 -0.04133751 -0.008391974 -0.007702581 -0.04258277 -0.009575659 -0.007893649 -0.03797191 -0.008594927 -0.007900344 -0.04132322 -0.008356951 -0.007837534 -0.04218903 -0.008280451 -0.008068528 -0.04130328 -0.008181372 -0.008367698 -0.04015611 -0.009014057 -0.008351004 -0.03796647 -0.008161473 -0.008426913 -0.03984952 -0.01035842 -0.007683722 -0.03459063 -0.01062855 -0.007903755 -0.03133928 -0.01043278 -0.008186758 -0.0313406 -0.009900827 -0.008248405 -0.03459958 -0.01016359 -0.008462288 -0.03133913 -0.009949843 -0.008681076 -0.03133797 -0.009337123 -0.008707322 -0.03458989 -0.009607211 -0.008930138 -0.03133349 -0.009556033 -0.008967339 -0.03133283 -0.008972983 -0.009256236 -0.03132256 -0.008385777 -0.008678741 -0.03793817 -0.008043416 -0.008778216 -0.03803061 -0.00804112 -0.008794481 -0.03791498 -0.008000275 -0.009083929 -0.03585723 -0.00870594 -0.009034987 -0.03456277 -0.008012937 -0.009217563 -0.03451758 -0.008026609 -0.009361842 -0.03307122 -0.007971252 -0.009446733 -0.03201024 -0.008936626 -0.00927425 -0.03132193 -0.00847027 -0.009414183 -0.0313128 -0.007861624 -0.009486559 -0.03148177 -0.007782903 -0.009496948 -0.03134135 -0.007787388 -0.009498903 -0.03130098 -0.007701036 -0.009499994 -0.0313 -0.008911408 0.009283676 -0.0248 -0.01017487 0.008474878 -0.0248 -0.01098367 0.007211415 -0.0248 -0.007699999 0.009500005 -0.0248 -0.0112 0.006000006 -0.0248 -0.007699999 -0.009499994 -0.0248 -0.0112 -0.005999995 -0.0248 -0.01093358 -0.007339387 -0.0248 -0.01017487 -0.008474869 -0.0248 -0.009039392 -0.009233573 -0.0248 0.007700001 0.009500005 -0.0248 0.007700163 -0.009499994 -0.0248 0.0112 -0.005999995 -0.0248 0.009039394 -0.009233573 -0.0248 0.01093358 -0.007339387 -0.0248 0.01017488 -0.008474869 -0.0248 0.0112 0.006000006 -0.0248 0.01098367 0.007211415 -0.0248 0.008911411 0.009283676 -0.0248 0.01017488 0.008474878 -0.0248 0.007700163 -0.009499994 -0.0248 0.007700963 -0.009499994 -0.0313 0.007787524 -0.0094989 -0.03130098 0.008470273 -0.009414183 -0.0313128 0.009039394 -0.009233573 -0.0248 0.008936629 -0.009274251 -0.03132193 0.009035319 -0.00922535 -0.03132366 0.009556036 -0.00896734 -0.03133283 0.01017488 -0.008474869 -0.0248 0.009949846 -0.008681077 -0.03133797 0.01016281 -0.008463086 -0.03133912 0.01043278 -0.008186758 -0.0313406 0.01071002 -0.007785998 -0.03133873 0.01093358 -0.007339387 -0.0248 0.01092116 -0.007333588 -0.03133269 0.01100222 -0.007159883 -0.03133037 0.01113154 -0.006688862 -0.03132027 0.0112 -0.005999995 -0.0248 0.0112 -0.006002698 -0.03130005 0.0112 -0.006002698 -0.03130005 0.0112 0.006001695 -0.03130002 0.0112 0.006000006 -0.0248 0.0112 0.006001695 -0.03130002 0.0111315 0.006689104 -0.03131251 0.01098367 0.007211415 -0.0248 0.01100235 0.007159519 -0.03131752 0.01097913 0.007209296 -0.03131768 0.01071015 0.007785791 -0.03131957 0.01017488 0.008474878 -0.0248 0.01043272 0.008186845 -0.03131776 0.01016282 0.008463103 -0.03131418 0.009949903 0.008681039 -0.03131137 0.009600773 0.008939308 -0.0313 0.008911411 0.009283676 -0.0248 0.009050613 0.009228914 -0.03129693 0.008908024 0.009272627 -0.03129544 0.008390836 0.009431175 -0.03129 0.007700001 0.009500005 -0.0248 0.007707005 0.009499947 -0.03130201 -0.007699999 0.009500005 -0.0248 0.007707005 0.009499947 -0.03130201 -0.00770746 0.00949995 -0.03130132 -0.00770746 0.00949995 -0.03130132 -0.00831462 0.009445664 -0.03128937 -0.008911408 0.009283676 -0.0248 -0.008907544 0.009285188 -0.03129339 -0.008911395 0.009283359 -0.03129345 -0.009485601 0.00901033 -0.03130289 -0.01017487 0.008474878 -0.0248 -0.01003654 0.008605887 -0.03131262 -0.01016345 0.008464619 -0.03131401 -0.01054073 0.008044654 -0.03131813 -0.01098367 0.007211415 -0.0248 -0.01090599 0.007404682 -0.03131657 -0.01097048 0.007207084 -0.03131454 -0.01111769 0.006756 -0.0313099 -0.0112 0.006000006 -0.0248 -0.0112 0.006001695 -0.03130002 -0.0112 -0.005999995 -0.0248 -0.0112 0.006001695 -0.03130002 -0.01119999 -0.006002697 -0.03130005 -0.01119999 -0.006002697 -0.03130005 -0.01113154 -0.006688862 -0.03132027 -0.01093358 -0.007339387 -0.0248 -0.01100222 -0.007159883 -0.03133037 -0.01092115 -0.007333588 -0.03133269 -0.01071001 -0.007785998 -0.03133873 -0.01017487 -0.008474869 -0.0248 -0.01043278 -0.008186758 -0.0313406 -0.01016281 -0.008463086 -0.03133912 -0.009949843 -0.008681076 -0.03133797 -0.009556033 -0.008967339 -0.03133283 -0.009039392 -0.009233573 -0.0248 -0.009035316 -0.009225351 -0.03132366 -0.008936626 -0.00927425 -0.03132193 -0.00847027 -0.009414183 -0.0313128 -0.007699999 -0.009499994 -0.0248 -0.007787388 -0.009498903 -0.03130098 -0.007701036 -0.009499994 -0.0313 -0.007701036 -0.009499994 -0.0313 0.007700963 -0.009499994 -0.0313 0.007700163 -0.009499994 -0.0248 0.007787524 -0.0094989 -0.03130098 0.007700963 -0.009499994 -0.0313 0.00776355 -0.009498274 -0.03132336 0.007819167 -0.009493276 -0.03139108 0.008470273 -0.009414183 -0.0313128 0.00793232 -0.00946657 -0.03174911 0.008936629 -0.009274251 -0.03132193 0.008972928 -0.009256264 -0.03132256 0.008013785 -0.009402241 -0.03257848 0.008706057 -0.009035186 -0.03456077 0.008009498 -0.00922475 -0.03451585 0.00800842 -0.009180149 -0.03500269 0.008018089 -0.008886263 -0.03733932 0.009337254 -0.008707529 -0.0345879 0.009556036 -0.00896734 -0.03133283 0.00960717 -0.00893017 -0.03133349 0.009949846 -0.008681077 -0.03133797 0.00838645 -0.008679597 -0.03793131 0.008048366 -0.00878622 -0.03790797 0.008137107 -0.008493008 -0.03957459 0.008160173 -0.008425935 -0.03985289 0.009014751 -0.008351866 -0.0379596 0.009900972 -0.008248611 -0.03459759 0.01016356 -0.00846232 -0.03133913 0.01043278 -0.008186758 -0.0313406 0.008595606 -0.007901099 -0.04131826 0.00828003 -0.008077423 -0.04129893 0.008310209 -0.007989668 -0.04166304 0.008389518 -0.007701498 -0.04256777 0.009576375 -0.007894509 -0.03796504 0.01035858 -0.007683923 -0.03458865 0.01062854 -0.007903782 -0.03133928 0.01071002 -0.007785998 -0.03133873 0.009153112 -0.007445253 -0.04133253 0.00846709 -0.00741963 -0.04345272 0.008589394 -0.00692523 -0.04459106 0.008594927 -0.006918153 -0.04459159 0.009607791 -0.006886936 -0.0413169 0.009041051 -0.006347484 -0.04463394 0.01003313 -0.007332781 -0.03794655 0.009934855 -0.006263697 -0.04127327 0.009355351 -0.005737819 -0.0446014 0.009373664 -0.005702297 -0.0445995 0.009569555 -0.005034443 -0.0445086 0.009628567 -0.004520784 -0.04441511 0.01010999 -0.00495226 -0.0416664 0.01018133 -0.005023392 -0.04112789 0.0103599 -0.006704912 -0.03790604 0.0106002 -0.005446113 -0.03778022 0.01068476 -0.007052198 -0.03456223 0.01095117 -0.007269268 -0.03133183 0.01100222 -0.007159883 -0.03133037 0.01092818 -0.005789919 -0.03447346 0.01113154 -0.006688862 -0.03132027 0.0112 -0.006002698 -0.03130005 -0.00903939 -0.009233574 -0.0248 -0.01017487 -0.008474871 -0.0248 -0.01093358 -0.007339389 -0.0248 -0.0112 -0.005999996 -0.0248 -0.007699999 -0.009499996 -0.0248 -0.0112 0.006000004 -0.0248 -0.007699999 0.009500003 -0.0248 -0.01093358 0.007339396 -0.0248 -0.01017487 0.008474877 -0.0248 -0.009039391 0.009233582 -0.0248 0.007700001 0.009500003 -0.0248 0.007700001 -0.009499996 -0.0248 0.01017487 -0.008474871 -0.0248 0.009039394 -0.009233574 -0.0248 0.01093358 -0.007339389 -0.0248 0.0112 -0.005999996 -0.0248 0.0112 0.006000004 -0.0248 0.01093358 0.007339396 -0.0248 0.01017487 0.008474877 -0.0248 0.009039394 0.009233582 -0.0248 0.008348257 -0.001499994 -0.0485491 0.008691853 -0.001499994 -0.04782952 0.008767226 -0.001669598 -0.04762643 0.008836731 -0.003171308 -0.04704206 0.009108364 -0.00259751 -0.04654603 0.008339137 -0.001499994 -0.048562 0.009196765 -0.002837966 -0.04626606 0.008207921 -0.001694018 -0.04870141 0.008092009 -0.001499994 -0.04891158 0.009266268 -0.004652346 -0.04544449 0.009512487 -0.004068398 -0.0449127 0.009628567 -0.004520784 -0.04441511 0.009569555 -0.005034443 -0.0445086 0.00943845 -0.005481424 -0.04456944 0.008702427 -0.005220864 -0.04589143 0.009373664 -0.005702297 -0.0445995 0.009041051 -0.006347484 -0.04463394 0.008962408 -0.006448084 -0.04462647 0.008589394 -0.00692523 -0.04459106 0.008120272 -0.006591202 -0.04515367 0.00827715 -0.003729633 -0.04743833 0.007521741 -0.004146011 -0.04763595 0.007930633 -0.006456172 -0.04538111 0.007214503 -0.005900841 -0.04607492 0.007047494 -0.005670867 -0.04630749 0.007662884 -0.002237288 -0.04901703 0.007882531 -0.001499994 -0.04920789 0.007368374 -0.001499994 -0.049719 0.007257543 -0.001499994 -0.04979802 0.006956416 -0.00265879 -0.04914345 0.006898494 -0.001499994 -0.05005401 0.006338535 -0.001499994 -0.05032137 0.006180424 -0.002909874 -0.04906848 0.006330223 -0.001499994 -0.05032534 0.00604693 -0.001499994 -0.05041035 0.005496336 -0.001499994 -0.05047837 0.006355665 -0.003271041 -0.04870732 -0.005496334 -0.001499994 -0.05047837 0.006680913 -0.004366098 -0.04761226 0.006979019 -0.005369772 -0.04660859 -0.005670408 -0.001795394 -0.05018296 -0.006059701 -0.001499994 -0.05040722 -0.007047492 -0.005670867 -0.04630749 -0.006338709 -0.001499994 -0.05032014 -0.006463662 -0.003566931 -0.04841143 -0.006954773 -0.002655195 -0.0491471 -0.006375835 -0.001499994 -0.05030854 -0.006168664 -0.002908127 -0.04907023 -0.006975351 -0.001499994 -0.05000647 -0.007258137 -0.001499994 -0.04980101 -0.007520854 -0.004143189 -0.0476388 -0.006684395 -0.004362379 -0.04761598 -0.007661092 -0.002233678 -0.04902088 -0.007348725 -0.001499994 -0.0497352 -0.007891164 -0.001499994 -0.04919763 -0.008095363 -0.001499994 -0.04891454 -0.008206073 -0.001690448 -0.04870548 -0.008295811 -0.001499994 -0.04863666 -0.008330975 -0.001499994 -0.04856674 -0.008276194 -0.003726802 -0.04744129 -0.00883576 -0.003168499 -0.04704515 -0.00865794 -0.001499994 -0.04791652 -0.008691851 -0.001499994 -0.04782952 -0.009113028 -0.002592322 -0.04654884 -0.009144863 -0.002674888 -0.04645204 -0.007919515 -0.005632041 -0.04613693 -0.007154632 -0.005818378 -0.04615831 -0.007214556 -0.005900882 -0.04607487 -0.007889709 -0.00642583 -0.04542486 -0.008119632 -0.006589937 -0.04515086 -0.00870206 -0.005219332 -0.04589301 -0.008589393 -0.00692523 -0.04459106 -0.008976244 -0.006445237 -0.04463274 -0.009314498 -0.00584195 -0.04461245 -0.00943765 -0.005480515 -0.04456855 -0.009265899 -0.00465082 -0.0454461 -0.009535553 -0.005193184 -0.04453366 -0.009507905 -0.003985 -0.04499137 -0.009628564 -0.004520784 -0.04441511 -0.009524754 -0.004059821 -0.0449109 0.005803767 -0.009210426 -0.008301494 0.005558332 -0.009388777 -0.008870692 0.0102 -0.009388885 -0.008871076 0.006038925 -0.00884412 -0.007395865 0.0102 -0.00884412 -0.007395865 0.006100001 -0.008499996 -0.00672376 0.0102 -0.008069281 -0.006027423 0.006100001 -0.008069281 -0.006027423 0.01057614 -0.009318166 -0.008890876 0.0102 -0.007350749 -0.005382921 0.006100001 -0.007350749 -0.005382921 0.01058268 -0.008006282 -0.006070149 0.0102 -0.006414043 -0.005150003 0.006100001 -0.006414043 -0.005150003 0.006100001 0.006414051 -0.005150003 0.01057614 -0.007316354 -0.005447807 0.01057588 -0.008007402 -0.006069389 0.01057614 -0.006414043 -0.005223441 0.0102 0.006414052 -0.005150003 0.006100001 0.007345586 -0.005380188 0.01057614 0.006414052 -0.005223441 0.0102 0.007345247 -0.00538155 0.0102 0.007350758 -0.005382921 0.006100001 0.00806929 -0.006027422 0.01057614 0.007316363 -0.005447806 0.01058193 0.006414052 -0.00522726 0.01058193 -0.006414043 -0.005227261 0.01090377 0.006414052 -0.005439572 0.01090377 -0.006414043 -0.005439572 0.01090377 -0.007215129 -0.005638767 0.01090635 0.006414052 -0.005443407 0.01090635 -0.006414043 -0.005443407 0.01112298 0.006414052 -0.005765143 0.01112298 -0.006414043 -0.005765143 0.01090711 -0.007826877 -0.00619182 0.01112343 0.006414052 -0.00576741 0.01112343 -0.006414043 -0.00576741 0.0112 -0.006414043 -0.006150004 0.01112298 -0.007062647 -0.005926423 0.0111226 -0.007559968 -0.006372838 0.01112388 -0.007558378 -0.006373917 0.0112 0.006414052 -0.006150003 0.0112 -0.006882396 -0.006266462 0.0112 -0.007241661 -0.006588713 0.0112 0.006010439 -0.02080864 0.0112 0.007038223 -0.02028624 0.0112 0.007461523 -0.02010711 0.0112 -0.007937031 -0.007816803 0.01112388 -0.008284159 -0.007655717 0.01090711 -0.00857844 -0.007519154 0.01112343 -0.008794344 -0.009037549 0.0112 -0.008425922 -0.009140708 0.01112298 -0.008796527 -0.009036937 0.0112 -0.008499996 -0.009679976 0.0112 0.006000004 -0.02081422 0.01112298 -0.008884855 -0.009679976 0.01090377 -0.00911004 -0.008949152 0.01090377 -0.009210426 -0.009679976 0.01058268 -0.008775072 -0.007427907 0.01058193 -0.009314488 -0.008891907 0.01057614 -0.009426557 -0.009679976 0.01090377 -0.009210427 -0.01936448 0.01112298 -0.008884856 -0.01942349 0.01057614 -0.009426557 -0.01942636 0.0112 -0.008499996 -0.01959884 0.0112 -0.007461516 -0.02010711 0.0112 -0.006416304 -0.02059346 0.0112 -0.006010431 -0.02080864 0.0112 -0.005999996 -0.02081422 0.0102 -0.009499995 -0.009679976 0.005558332 -0.009388777 -0.008870692 0.005460154 -0.00943289 -0.009048996 0.005105478 -0.00949998 -0.009670489 0.0102 -0.009499996 -0.01959884 0.005100001 -0.009499995 -0.009679976 0.00916152 -0.009499996 -0.02010711 0.008738219 -0.009499996 -0.02028624 0.007710436 -0.009499996 -0.02080864 0.007700001 -0.009499996 -0.02081422 -0.007699999 -0.009499996 -0.02081422 -0.007699999 -0.009499996 -0.0248 0.007700001 -0.009499996 -0.0248 0.008363523 -0.009436526 -0.02081422 0.007710436 -0.009499996 -0.02080864 0.008382514 -0.009499996 -0.02046704 0.008429146 -0.009499996 -0.02044334 0.009033537 -0.009235994 -0.02081422 0.009039394 -0.009233574 -0.0248 0.009039103 -0.009233028 -0.02081422 0.009641862 -0.008911898 -0.02081422 0.01017487 -0.008474871 -0.0248 0.009062539 -0.009306372 -0.02043153 0.008738219 -0.009499996 -0.02028624 0.009142797 -0.009499996 -0.02011503 0.00916152 -0.009499996 -0.02010711 0.009684094 -0.008975229 -0.02043153 0.009804363 -0.009155578 -0.02010711 0.0102 -0.009499996 -0.01959884 0.0102287 -0.008528695 -0.02043153 0.01038198 -0.008681976 -0.02010711 0.01057614 -0.009426557 -0.01942636 0.01090377 -0.009210427 -0.01936448 0.01090643 -0.009206478 -0.01936519 0.01112298 -0.008884856 -0.01942349 0.0112 -0.008499996 -0.01959884 0.01085558 -0.008104359 -0.02010711 0.0112 -0.007461516 -0.02010711 0.01067523 -0.00798409 -0.02043153 0.01017487 -0.00847487 -0.02081422 0.01100638 -0.007362534 -0.02043153 0.0112 -0.007443369 -0.02011555 0.0106119 -0.007941857 -0.02081422 0.0112 -0.006726278 -0.02044922 0.01093358 -0.007339389 -0.0248 0.010936 -0.007333531 -0.02081422 0.01093303 -0.007339098 -0.02081422 0.01113653 -0.006663517 -0.02081422 0.0112 -0.006683729 -0.02046902 0.0112 -0.006416304 -0.02059346 0.0112 -0.006010431 -0.02080864 0.0112 -0.005999996 -0.0248 0.0112 0.006000004 -0.0248 0.01113653 0.006663525 -0.02081422 0.0112 0.006010439 -0.02080864 0.0112 0.006682517 -0.02046704 0.0112 0.006729149 -0.02044333 0.010936 0.007333539 -0.02081422 0.01093358 0.007339396 -0.0248 0.01093303 0.007339105 -0.02081422 0.0106119 0.007941864 -0.02081422 0.01017487 0.008474877 -0.0248 0.01100638 0.007362541 -0.02043153 0.0112 0.007038223 -0.02028624 0.0112 0.007442799 -0.02011503 0.0112 0.007461523 -0.02010711 0.01067523 0.007984097 -0.02043153 0.01085558 0.008104366 -0.02010711 0.0112 0.008500003 -0.01959884 0.0102287 0.008528703 -0.02043153 0.01038198 0.008681984 -0.02010711 0.01112388 0.008882687 -0.0194242 0.01090711 0.00920711 -0.01936447 0.01058268 0.009423884 -0.0194242 0.0102 0.009500003 -0.01959884 0.009804363 0.009155585 -0.02010711 0.00916152 0.009500003 -0.02010711 0.009684094 0.008975237 -0.02043153 0.01017487 0.008474877 -0.02081422 0.009062539 0.00930638 -0.02043153 0.009143374 0.009500003 -0.02011555 0.009641862 0.008911907 -0.02081422 0.008426283 0.009500003 -0.02044922 0.009039394 0.009233582 -0.0248 0.009033537 0.009236001 -0.02081422 0.009039103 0.009233036 -0.02081422 0.008363523 0.009436534 -0.02081422 0.008383733 0.009500003 -0.02046902 0.008116309 0.009500003 -0.02059346 0.007710436 0.009500003 -0.02080864 0.007700001 0.009500003 -0.0248 0.007700001 0.009500003 -0.02081422 -0.007699999 0.009500003 -0.0248 -0.007699999 0.009500003 -0.02081422 0.005100001 0.009500003 -0.009679975 0.007710436 0.009500003 -0.02080864 0.008116309 0.009500003 -0.02059346 0.00916152 0.009500003 -0.02010711 0.0102 0.009500003 -0.01959884 -0.008363521 0.009436534 -0.02081422 -0.007710434 0.009500003 -0.02080864 -0.008382511 0.009500003 -0.02046704 -0.008429144 0.009500003 -0.02044333 -0.009033534 0.009236001 -0.02081422 -0.009039391 0.009233582 -0.0248 -0.0090391 0.009233036 -0.02081422 -0.00964186 0.008911907 -0.02081422 -0.01017487 0.008474877 -0.0248 -0.009062536 0.00930638 -0.02043153 -0.008738217 0.009500003 -0.02028624 -0.009142794 0.009500003 -0.02011503 -0.009161517 0.009500003 -0.02010711 -0.009684092 0.008975237 -0.02043153 -0.009804361 0.009155585 -0.02010711 -0.0102 0.009500003 -0.01959884 -0.0102287 0.008528703 -0.02043153 -0.01038198 0.008681984 -0.02010711 -0.01057614 0.009426565 -0.01942635 -0.01090377 0.009210435 -0.01936448 -0.01090642 0.009206486 -0.01936519 -0.01112297 0.008884862 -0.01942349 -0.0112 0.008500003 -0.01959884 -0.01085558 0.008104366 -0.02010711 -0.0112 0.007461523 -0.02010711 -0.01067523 0.007984097 -0.02043153 -0.01017487 0.008474877 -0.02081422 -0.01100637 0.007362541 -0.02043153 -0.0112 0.007443377 -0.02011555 -0.0106119 0.007941864 -0.02081422 -0.0112 0.006726285 -0.02044922 -0.01093358 0.007339396 -0.0248 -0.010936 0.007333539 -0.02081422 -0.01093303 0.007339105 -0.02081422 -0.01113653 0.006663525 -0.02081422 -0.0112 0.006683736 -0.02046902 -0.0112 0.006416311 -0.02059346 -0.0112 0.006010439 -0.02080864 -0.0112 0.006000004 -0.0248 -0.0112 0.006000004 -0.02081422 -0.0112 -0.005999996 -0.0248 -0.0112 -0.005999996 -0.02081422 -0.0112 -0.008499996 -0.00954744 -0.01113653 -0.006663517 -0.02081422 -0.0112 0.006010439 -0.02080864 -0.0112 -0.006010431 -0.02080864 -0.0112 -0.00668251 -0.02046704 -0.0112 -0.006010431 -0.02080864 -0.0112 -0.006729142 -0.02044334 -0.0112 -0.007038215 -0.02028624 -0.0112 -0.007461516 -0.02010711 -0.0112 -0.008499996 -0.01959884 -0.01112297 -0.008884856 -0.01942349 -0.010936 -0.007333531 -0.02081422 -0.01093358 -0.007339389 -0.0248 -0.01093303 -0.007339098 -0.02081422 -0.0106119 -0.007941857 -0.02081422 -0.01017487 -0.008474871 -0.0248 -0.01100637 -0.007362534 -0.02043153 -0.0112 -0.007038215 -0.02028624 -0.0112 -0.007442791 -0.02011503 -0.0112 -0.007461516 -0.02010711 -0.01067523 -0.00798409 -0.02043153 -0.01085558 -0.008104359 -0.02010711 -0.0112 -0.008499996 -0.01959884 -0.0102287 -0.008528695 -0.02043153 -0.01038198 -0.008681976 -0.02010711 -0.01112297 -0.008884856 -0.01942349 -0.01090711 -0.009207102 -0.01936447 -0.01057614 -0.009426557 -0.01942636 -0.0102 -0.009499996 -0.01959884 -0.009804361 -0.009155578 -0.02010711 -0.009161517 -0.009499996 -0.02010711 -0.009684092 -0.008975229 -0.02043153 -0.01017487 -0.00847487 -0.02081422 -0.009062536 -0.009306372 -0.02043153 -0.009143371 -0.009499996 -0.02011555 -0.00964186 -0.008911898 -0.02081422 -0.00842628 -0.009499996 -0.02044922 -0.00903939 -0.009233574 -0.0248 -0.009033534 -0.009235994 -0.02081422 -0.0090391 -0.00923303 -0.02081422 -0.008363521 -0.009436526 -0.02081422 -0.008383731 -0.009499996 -0.02046902 -0.008116306 -0.009499996 -0.02059346 -0.007710434 -0.009499996 -0.02080864 -0.006099999 -0.009499995 -0.00954744 -0.007710434 -0.009499996 -0.02080864 -0.008116306 -0.009499996 -0.02059346 -0.009161517 -0.009499996 -0.02010711 -0.0102 -0.009499996 -0.01959884 0.005100001 -0.009499995 -3.426839e-09 0.005105478 -0.00949998 -0.009670489 -0.0102 -0.009499995 -0.00954744 -0.01057614 -0.009426557 -0.01942636 -0.006105163 -0.009499982 -0.009540138 -0.01057614 -0.009426557 -0.00954744 -0.01090325 -0.009209657 -0.01936519 -0.0102 -0.00943548 -0.009043554 -0.006453368 -0.00943548 -0.009043554 -0.006807106 -0.009207102 -0.008291937 -0.007023878 -0.008882679 -0.007479999 -0.01057588 -0.009363124 -0.009062392 -0.01058268 -0.009361816 -0.009062733 -0.0102 -0.008758349 -0.007215876 -0.007099999 -0.008499996 -0.00672376 -0.01090326 -0.00915452 -0.009116699 -0.0102 -0.008244782 -0.006387638 -0.007099999 -0.008286278 -0.006361907 -0.0102 -0.007731214 -0.0055594 -0.007099999 -0.006395122 -0.004140326 -0.01058268 -0.008689971 -0.007249323 -0.01090711 -0.009152034 -0.009117346 -0.0102 -0.006395122 -0.004140326 -0.007099999 -0.005783532 -0.00377659 -0.0102 -0.005783142 -0.003777247 -0.0102 -0.005779506 -0.00377509 -0.007099999 -0.005083302 -0.003650003 -0.01057614 -0.006346953 -0.00419576 -0.01058268 -0.007670855 -0.005605781 -0.0102 -0.005083302 -0.003650003 -0.007099999 0.00508331 -0.003650003 -0.01057614 -0.005753942 -0.003843936 -0.01058193 -0.006344448 -0.004198643 -0.01090377 -0.006205191 -0.004358904 -0.0102 0.00508331 -0.003650003 -0.007099999 0.005783541 -0.00377659 -0.01057588 0.00508331 -0.00372477 -0.0102 0.005783541 -0.00377659 -0.01057614 -0.005083302 -0.003723442 -0.007099999 0.006395131 -0.004140325 -0.01058268 0.00508331 -0.003726124 -0.01090377 -0.005678707 -0.004046548 -0.01090377 -0.005083302 -0.003939572 -0.01090326 0.00508331 -0.003940328 -0.01090711 0.00508331 -0.003942896 -0.01058268 0.005756889 -0.003847892 -0.0102 0.006395131 -0.004140325 -0.01090711 0.005680994 -0.004050945 -0.0102 0.007731223 -0.0055594 -0.007099999 0.008286286 -0.006361907 -0.01058268 0.006345203 -0.004197784 -0.0102 0.008244791 -0.006387638 -0.007099999 0.008500004 -0.00672376 -0.0102 0.008758358 -0.007215875 -0.007023878 0.008882688 -0.007479998 -0.01058268 0.007670864 -0.00560578 -0.01090711 0.00620302 -0.004361412 -0.0102 0.009435488 -0.009043553 -0.006807106 0.00920711 -0.008291936 -0.006453368 0.009435488 -0.009043553 -0.01057614 0.009364418 -0.009062055 -0.0102 0.009500003 -0.00954744 -0.006105163 0.00949999 -0.009540137 -0.01058268 0.008689979 -0.007249322 -0.006099999 0.009500003 -0.00954744 -0.01058193 0.009360722 -0.009063018 -0.01090377 0.00915526 -0.009116508 -0.01057614 0.009426566 -0.00954744 -0.01057614 0.009426565 -0.01942635 -0.0102 0.009500003 -0.01959884 -0.01090377 0.009210435 -0.01936448 -0.009161517 0.009500003 -0.02010711 -0.008738217 0.009500003 -0.02028624 -0.007710434 0.009500003 -0.02080864 -0.01090377 0.009210435 -0.00954744 -0.01112297 0.008884863 -0.00954744 -0.01112297 0.008884862 -0.01942349 -0.01112297 0.00884019 -0.009198533 -0.0112 0.008500004 -0.00954744 -0.0112 0.008500003 -0.01959884 -0.0112 0.008467746 -0.009295497 -0.01090711 0.008495254 -0.007344571 -0.01112388 0.008203826 -0.007487122 -0.01112343 0.008837998 -0.009199104 -0.01090711 0.007498974 -0.005737858 -0.01112388 0.007241724 -0.005935526 -0.01112388 0.005990227 -0.0046063 -0.0112 0.007860065 -0.007655273 -0.0112 0.006938277 -0.006168692 -0.0112 0.005739221 -0.004895164 -0.0112 0.00508331 -0.004650003 -0.0112 0.005433425 -0.004713296 -0.01112388 0.005567409 -0.004354834 -0.01112388 0.00508331 -0.004267319 -0.0112 -0.005083298 -0.004650003 -0.0112 0.007461523 -0.02010711 -0.0112 0.006416311 -0.02059346 -0.01112297 -0.005083302 -0.004265144 -0.01112259 0.00508331 -0.004265397 -0.0112 -0.005431405 -0.004712547 -0.01112297 -0.005565374 -0.004351758 -0.0112 -0.005739212 -0.004895164 -0.01112297 -0.005991645 -0.004604658 -0.0112 -0.006938268 -0.006168692 -0.01112343 -0.005990159 -0.004606369 -0.01090711 -0.007498965 -0.005737858 -0.01112388 -0.007241716 -0.005935527 -0.0112 -0.007860056 -0.007655274 -0.0112 -0.008467738 -0.009295498 -0.01112388 -0.008203818 -0.007487123 -0.01112297 -0.008884855 -0.00954744 -0.01090711 -0.009207102 -0.01936447 -0.01112388 -0.008838076 -0.009199083 -0.01090711 -0.008495245 -0.007344572 -0.01112259 -0.008839937 -0.009198598 -0.01090377 -0.009210426 -0.00954744 0.0102 0.009388893 -0.008871075 0.00555833 0.009388787 -0.008870695 0.005807108 0.00920711 -0.008291936 0.006038925 0.008844129 -0.007395864 0.0102 0.008844129 -0.007395864 0.006100001 0.008500004 -0.006723759 0.0102 0.00806929 -0.006027422 0.01057588 0.00800741 -0.006069388 0.01058268 0.008006291 -0.006070148 0.01058268 0.008775081 -0.007427906 0.01058268 0.009315592 -0.008891599 0.01090711 0.008578449 -0.007519154 0.01090711 0.009106848 -0.008950048 0.01058268 0.009423884 -0.009679975 0.01090711 0.00920711 -0.009679975 0.01112388 0.008882688 -0.009679975 0.01090711 0.00920711 -0.01936447 0.01058268 0.009423884 -0.0194242 0.01112388 0.008882687 -0.0194242 0.0102 0.009500003 -0.009679975 0.00555833 0.009388787 -0.008870695 0.005209469 0.009493994 -0.00949018 0.005105478 0.009499989 -0.009670488 0.0112 0.008500004 -0.009679975 0.0112 0.008500003 -0.01959884 0.01112388 0.008794439 -0.009037524 0.0112 0.008425931 -0.009140708 0.01112388 0.008284167 -0.007655716 0.01090711 0.007826885 -0.00619182 0.0112 0.007937039 -0.007816802 0.01112388 0.007558386 -0.006373916 0.01090377 0.007215137 -0.005638766 0.0111226 0.007559977 -0.006372837 0.01112298 0.007062655 -0.005926422 0.0112 0.00724167 -0.006588713 0.0112 0.006882404 -0.006266462 0.005105478 0.009499989 -0.009670488 0.005100001 0.009500004 -2.776497e-09 0.005209469 0.009493994 -0.00949018 0.00547901 0.009412708 -0.009011545 -0.006099999 0.009500004 -2.776497e-09 -0.006105163 0.00949999 -0.009540137 -0.006453368 0.009435488 -0.009043553 -0.006479583 0.009418563 -0.008987851 0.005476145 0.009426566 -2.779011e-09 -0.006482682 0.009423884 -2.779103e-09 -0.006807106 0.00920711 -0.008291936 0.005100001 0.00926182 0.002113946 0.005481934 0.009422746 -2.779142e-09 0.00555833 0.009388787 -0.008870695 0.005807108 0.00920711 -0.008291936 0.005803767 0.009210436 -2.786408e-09 0.00580635 0.009206601 -2.78654e-09 0.006016868 0.008878666 -0.007481123 0.006022977 0.008884864 -2.797552e-09 0.005476145 0.009190222 0.002097605 0.00602343 0.008882598 -2.79763e-09 0.006038925 0.008844129 -0.007395864 0.006100001 0.008500004 -0.006723759 0.006100001 0.008500004 -2.810725e-09 0.006100001 0.00806929 -0.006027422 0.006100001 0.007345586 -0.005380188 0.006100001 0.006414051 -0.005150003 0.005803767 0.008979511 0.002049511 0.006022977 0.008662102 0.001977064 0.006100001 0.008286892 0.001891425 0.006100001 0.00765824 0.003688009 0.006022977 0.008004987 0.003854993 0.005803767 0.008298317 0.003996253 0.006100001 -0.006414043 -0.005150003 0.005476145 0.008493043 0.004090029 0.005803767 0.00720101 0.005742607 0.005100001 0.008559209 0.004121893 0.005476145 0.007369988 0.005877363 0.005100001 0.007427404 0.00592315 0.006022977 0.006946467 0.005539616 0.005476145 0.00587737 0.00736998 0.006100001 0.006645572 0.005299661 0.005803767 0.005742615 0.007201002 0.006022977 0.005539624 0.006946459 0.006100001 0.005299668 0.006645565 0.005803767 0.003996261 0.00829831 0.006022977 0.003855001 0.008004978 0.006100001 0.003688016 0.007658232 0.005476145 0.004090036 0.008493035 0.005803767 0.002049519 0.008979503 0.006022977 0.001977072 0.008662094 0.006100001 0.001891433 0.008286884 0.005476145 0.002097612 0.009190215 0.005803767 4.801865e-09 0.009210428 0.006022977 4.790721e-09 0.008884856 0.006100001 4.777548e-09 0.008499997 0.005476145 4.809263e-09 0.009426557 0.005803767 -0.002049509 0.008979503 0.006022977 -0.001977063 0.008662093 0.006100001 -0.001891423 0.008286884 0.005476145 -0.002097603 0.009190215 0.005803767 -0.003996252 0.00829831 0.006022977 -0.003854991 0.008004978 0.006100001 -0.003688007 0.007658232 0.005476145 -0.004090027 0.008493035 0.005803767 -0.005742605 0.007201002 0.006022977 -0.005539614 0.006946459 0.006100001 -0.005299659 0.006645564 0.005476145 -0.005877361 0.007369979 0.005803767 -0.007201 0.005742606 0.006022977 -0.006946458 0.005539616 0.006100001 -0.006645563 0.00529966 0.005476145 -0.007369978 0.005877362 0.005803767 -0.008298308 0.003996253 0.006022977 -0.008004977 0.003854993 0.006100001 -0.007658231 0.003688008 0.005476145 -0.008493033 0.004090028 0.006100001 -0.008286882 0.001891424 0.006022977 -0.008662092 0.001977064 0.005803767 -0.008979501 0.00204951 0.006100001 -0.008499995 -3.392611e-09 0.006100001 -0.007350749 -0.005382921 0.006100001 -0.008069281 -0.006027423 0.006100001 -0.008499996 -0.00672376 0.006022977 -0.008884855 -3.405784e-09 0.006038925 -0.00884412 -0.007395865 0.006015531 -0.008880561 -0.007485959 0.005803767 -0.009210426 -3.416928e-09 0.005803767 -0.009210426 -0.008301494 0.005476145 -0.009426557 -3.424326e-09 0.005558332 -0.009388777 -0.008870692 0.005475832 -0.009425845 -0.009020521 0.005460154 -0.00943289 -0.009048996 0.005476145 -0.009190214 0.002097604 0.005100001 -0.00926181 0.002113946 0.005100001 -0.008559199 0.004121892 -0.006099999 -0.009297391 0.001951519 0.005100001 -0.007427395 0.00592315 -0.006099999 -0.009028443 0.002763725 0.005100001 -0.009034111 0.002764674 -0.006099999 -0.008624677 0.003983071 -0.006099999 -0.007735922 0.005447363 0.005100001 -0.007729379 0.005442543 -0.006099999 -0.007514301 0.005812501 0.005100001 -0.005923148 0.007427396 -0.006099999 -0.006022611 0.007346976 0.005100001 -0.004121891 0.008559201 -0.006099999 -0.005663882 0.007578832 0.005100001 -0.005669469 0.007586793 -0.006099999 -0.004225303 0.008508626 0.005100001 -0.002113944 0.009261812 -0.006099999 -0.003017858 0.008946703 0.005100001 -0.003018116 0.008945429 -0.006099999 -0.00221358 0.009238505 0.005100001 4.811777e-09 0.009499997 -0.006099999 -8.952939e-05 0.009499575 0.005100001 -8.845391e-05 0.00949003 0.005100001 0.002113954 0.009261812 -0.006099999 0.002039065 0.009278587 0.005100001 0.0041219 0.008559201 -0.006099999 0.0028487 0.009001995 0.005100001 0.002849142 0.009004558 -0.006099999 0.004064187 0.008586755 0.005100001 0.005923158 0.007427397 -0.006099999 0.005520037 0.007684242 0.005100001 0.00551824 0.007681822 -0.006099999 0.005883071 0.007459188 -0.006099999 0.007403418 0.005953102 -0.006099999 0.007631883 0.005592206 0.005100001 0.0076343 0.005593877 -0.006099999 0.008548078 0.004144926 -0.006099999 0.008974754 0.002933407 0.005100001 0.008975004 0.002933618 -0.006099999 0.009258965 0.002126414 -0.006482682 0.009184776 0.002109376 -0.006482682 0.008479586 0.004111714 -0.006482682 0.007344097 0.005905402 -0.006807106 0.008284534 0.004017134 -0.006482682 0.005835932 0.007399419 -0.006807106 0.007175165 0.005769563 -0.006807106 0.005701691 0.007229215 -0.006482682 0.004031622 0.008517953 -0.006807106 0.003938884 0.008322018 -0.006482682 0.002022726 0.009204241 -0.006807106 0.001976199 0.00899252 -0.006482682 -8.881198e-05 0.009423458 -0.006807106 -8.676897e-05 0.009206695 -0.006482682 -0.002195843 0.00916448 -0.006807106 -0.002145333 0.008953675 -0.006482682 -0.004191446 0.00844045 -0.006807106 -0.004095033 0.008246299 -0.006482682 -0.005974354 0.007288107 -0.006807106 -0.005836928 0.007120462 -0.006482682 -0.007454091 0.005765928 -0.006807106 -0.007282628 0.005633297 -0.006482682 -0.00855557 0.003951156 -0.006807106 -0.00835877 0.003860269 -0.006482682 -0.009222894 0.001935882 -0.006807106 -0.009010744 0.001891352 -0.007023878 -0.008064238 0.003724248 -0.007023878 -0.00869324 0.001824707 -0.006807106 -0.009207102 -3.416814e-09 -0.007023878 -0.007026016 0.005434801 -0.006482682 -0.009423875 -3.424234e-09 -0.007023878 -0.005631256 0.006869564 -0.006807106 -0.009207102 -0.008291937 -0.006479583 -0.009418555 -0.008987852 -0.007023878 -0.008882679 -0.007479999 -0.006099999 -0.009499995 -3.676839e-09 -0.006453368 -0.00943548 -0.009043554 -0.006105163 -0.009499982 -0.009540138 -0.007023878 -0.008882679 -3.405709e-09 -0.007099999 -0.008499996 -0.00672376 -0.007099999 -0.008499995 -3.392611e-09 -0.007099999 -0.008286278 -0.006361907 -0.007099999 -0.006395122 -0.004140326 -0.007099999 -0.005783532 -0.00377659 -0.007099999 -0.008318718 0.001746095 -0.007099999 -0.005083302 -0.003650003 -0.007099999 -0.007716815 0.0035638 -0.007099999 -0.006723321 0.005200659 -0.007099999 -0.005388652 0.00657361 -0.007099999 0.00508331 -0.003650003 -0.007023878 -0.003950739 0.00795573 -0.007099999 -0.003780533 0.00761298 -0.007023878 -0.00206974 0.00863818 -0.007099999 -0.001980571 0.008266031 -0.007023878 -8.371141e-05 0.008882286 -0.007099999 -8.010476e-05 0.00849962 -0.007023878 0.001906565 0.008675658 -0.007099999 0.001824427 0.008301893 -0.007023878 0.003800093 0.008028782 -0.007099999 0.003636378 0.007682886 -0.007023878 0.005500786 0.006974484 -0.007099999 0.005263801 0.00667401 -0.007023878 0.006922339 0.005566265 -0.007099999 0.006624111 0.00532646 -0.007023878 0.007992619 0.003875586 -0.007099999 0.007648281 0.003708618 -0.007099999 0.008284338 0.001902581 -0.007099999 0.005783541 -0.00377659 -0.007023878 0.008657311 0.001988238 -0.006807106 0.008973503 0.002060855 -0.006807106 0.009207111 -2.786522e-09 -0.007023878 0.008882688 -0.007479998 -0.007023878 0.008882688 -2.797627e-09 -0.007099999 0.008500004 -0.00672376 -0.007099999 0.008500004 -2.810725e-09 -0.007099999 0.008286286 -0.006361907 -0.007099999 0.006395131 -0.004140325</float_array>
          <technique_common>
            <accessor count="1196" source="#verts-array-array" stride="3">
              <param type="float" name="X"/>
              <param type="float" name="Y"/>
              <param type="float" name="Z"/>
            </accessor>
          </technique_common>
        </source>
        <source id="normals-array">
          <float_array count="3588" id="normals-array-array">-1 0 0 -1 0 0 -1 0 0 1 0 0 1 0 0 1 0 0 0.007491824 0.9999719 0 0.007491824 0.9999719 0 0.007491824 0.9999719 0 0.007491824 0.9999719 0 0 0.0005371626 -0.9999999 0 0.0005371626 -0.9999999 0 0.0005371626 -0.9999999 0 0.0005371626 -0.9999999 -0.007491824 0.9999719 0 -0.007491824 0.9999719 0 -0.007491824 0.9999719 0 -0.007491824 0.9999719 0 -0.007449047 -0.9999723 -6.700408e-05 0.007460005 -0.9999722 0 -0.007491621 -0.9999719 -1.922613e-07 -0.007534601 -0.9999716 -6.700407e-05 -0.02244157 -0.9997482 0 0.007534601 -0.9999716 -6.700442e-05 0.0224418 -0.9997482 0 0.007491775 -0.9999719 -1.922623e-07 0.007449046 -0.9999723 -6.700442e-05 -0.007459927 -0.9999722 0 -8.738453e-07 1 7.319136e-07 0 1 0 -1.910649e-07 1 2.532858e-07 -5.601578e-08 1 7.561371e-08 -8.991732e-08 1 1.771573e-07 -4.427706e-08 1 1.351848e-07 -1.702619e-08 1 1.076648e-07 -2.406234e-09 1 9.080188e-08 1.010201e-08 1 8.941894e-08 0 1 0 0 1 0 0 1 0 0 1 0 0 1 0 2.790617e-07 1 4.241866e-07 4.725652e-08 1 9.083212e-08 -1.146138e-09 1 2.145919e-08 2.338912e-10 1 3.12331e-08 5.859136e-09 1 1.941954e-09 4.594672e-09 1 2.47439e-08 1.404007e-09 0.9960293 -0.08902633 2.565563e-10 1 1.364304e-08 0.001387117 0.9982897 -0.0584439 -0.001256848 0.9555076 -0.2949637 0.001871351 0.9806019 -0.196001 -0.001475548 0.9149441 -0.4035778 0.0005126596 0.9337795 -0.3578485 -9.472178e-05 0.9024839 -0.4307235 -2.658785e-05 0.8601338 -0.5100685 -0.0001257692 0.8730439 -0.4876415 0.000181712 0.7734874 -0.6338117 -0.0001212664 0.762167 -0.6473805 -0.0002708021 0.717496 -0.6965626 -0.0002624016 0.7075688 -0.7066444 -1.823277e-05 0.6423948 -0.7663738 -5.626409e-05 0.6503357 -0.7596469 1.556794e-05 0.5061827 -0.8624263 -1.706737e-05 0.5049409 -0.8631539 -0.01986228 0.4171183 -0.9086351 0.01940422 0.4192026 -0.9076853 0.0003001716 0.1538806 -0.9880894 0.03045885 0.3601615 -0.9323926 0.007299261 0.1962196 -0.9805328 -0.0008254748 0.05333437 -0.9985764 0 0.008325105 -0.9999653 -0.0004168236 0.1517202 -0.9884234 0 0 -1 -0.02960622 0.3546399 -0.9345341 -0.006010332 0.1803703 -0.9835804 0 0 -1 0.0006530563 0.04393655 -0.9990341 0 0.008325105 -0.9999653 0 0 -1 0 0 -1 0 0 -1 0 0 -1 0 0 -1 0 0 -1 0 0 -1 0 0 -1 0 0 -1 0 0 -1 0 0 -1 0 0 -1 0 0 -1 0 0 -1 0 0 -1 0 0 -1 0 0 -1 0 0 -1 0 0 -1 0 0 -1 0 0 -1 0 0 -1 0 0 -1 0 0 -1 0 0 -1 0 0 -1 0 0 -1 -0.0007829114 -0.9972154 -0.07457037 -9.180916e-05 -0.997282 -0.07367843 -0.0001429267 -0.9972413 -0.07422755 -3.408915e-05 -0.9971076 -0.07600342 4.345291e-05 -0.9972763 -0.07375682 0.0002211483 -0.9972651 -0.07390752 1.472789e-05 -0.9972121 -0.07461948 -3.621711e-05 -0.9969822 -0.07763025 0.000159898 -0.9964308 -0.08441317 -0.0003338992 -0.9959913 -0.08945 0.0004353302 -0.9941609 -0.1079071 -0.0005045588 -0.9928409 -0.1194431 0.0001052573 -0.9921384 -0.1251453 -0.000548261 -0.9902635 -0.1392047 0.0001903073 -0.988823 -0.1490941 -0.0006576198 -0.9862752 -0.1651083 0.0003663738 -0.978679 -0.2053956 0.0004734725 -0.9747423 -0.2233322 0.0002551661 -0.9678256 -0.2516219 7.282693e-06 -0.972164 -0.2343013 0.0004340776 -0.9627007 -0.2705682 -0.00079894 -0.9569213 -0.2903464 0.0007745673 -0.9352197 -0.3540672 0.007589193 -0.943947 -0.3300097 0.0007824001 -0.917257 -0.3982952 -0.001854437 -0.8959983 -0.4440537 -0.003613872 -0.8411708 -0.5407574 0.01126858 -0.9289768 -0.3699664 0.003719877 -0.8920831 -0.4518561 -8.817986e-05 -0.8363701 -0.5481652 0.0002365542 -0.7780922 -0.6281501 0.0001582299 -0.7805914 -0.6250416 0.0001418777 -0.7569935 -0.6534224 1.880524e-07 -0.7587768 -0.6513507 -1.571118e-07 -0.7110804 -0.7031108 0 -0.7110755 -0.7031156 0.9458829 0.01384026 -0.3242129 0.9444934 0.02774546 -0.3273568 0.961489 -0.01604613 -0.2743746 0.9656681 0.005123688 -0.2597285 0.9820354 0.007960219 -0.1885287 0.9703694 0.04532397 -0.2373373 0.9811283 0.001221919 -0.1933538 0.9848827 -0.004286896 -0.1731696 0.9886189 0.0001200965 -0.1504415 0.9909122 0.0002980248 -0.1345096 0.9913131 -0.003173013 -0.131485 0.9925168 -0.001933827 -0.1220931 0.9876029 -0.0929544 -0.1264909 0.9932752 -3.401306e-05 -0.1157774 0.9941925 -0.002693508 -0.1075829 0.9910054 -0.09053556 -0.09854766 0.9944916 -0.005180799 -0.1046881 0.9952022 -0.004239753 -0.09774751 0.9961686 0.001774477 -0.08743532 0.9954898 -0.005838958 -0.09468833 0.9956893 -0.003874092 -0.09267081 0.9958501 -0.002428934 -0.09097661 0.9959991 -0.001191413 -0.08935542 0.9961286 -0.0001881571 -0.08790788 0.9961533 4.891736e-08 -0.0876276 0.9945754 0.05314585 -0.08941627 0.9795293 0.1800146 -0.09009511 0.991243 0.09715681 -0.08943049 0.9762626 0.1962133 -0.09171475 0.9353445 0.3422235 -0.08951927 0.9271901 0.3635663 -0.09021116 0.9027524 0.4209803 -0.08839533 0.8940865 0.4389058 -0.08928044 0.8646213 0.494807 -0.08715519 0.8524136 0.5154445 -0.0877954 0.8191949 0.5671672 -0.0850949 0.8072483 0.5840122 -0.08532193 0.7698201 0.6329483 -0.08217931 0.7532172 0.6525775 -0.08250177 0.7122656 0.6974572 -0.07893777 0.6974812 0.7121995 -0.07932107 0.6556406 0.7512779 -0.07561008 0.6323078 0.7710159 -0.07563997 0.591156 0.8033511 -0.07184475 0.5636874 0.8235148 -0.06387381 0.5312217 0.8444213 -0.06896531 0.3791904 0.9230246 -0.0651179 0.4973443 0.8655725 -0.05859114 0.2966362 0.9532313 -0.05793963 0.4163668 0.9077291 -0.05163924 0.2029734 0.9782747 -0.04219615 0.3448582 0.9375702 -0.04511057 0.1785118 0.9830655 -0.04142087 0.09805885 0.9946238 -0.03328497 0.07613407 0.9965049 -0.03437532 0.05570274 0.9980232 -0.02910188 0.04600968 0.9984063 -0.03268121 -2.770265e-05 0.9997003 -0.02448177 -0.006505321 0.9996646 -0.02506906 -0.0002842056 0.9997529 -0.02222525 -0.0001198389 0.9997044 -0.02431088 2.895652e-05 0.9996999 -0.02449717 4.526356e-06 0.9996717 -0.02562402 -1.673576e-05 0.9996463 -0.02659357 -9.262904e-07 0.9996624 -0.02598095 -0.1057507 0.9937851 -0.03475534 -0.06751907 0.9972929 -0.02911974 -0.2116218 0.9769881 -0.02665428 -0.1480051 0.9866648 -0.06772732 -0.3562186 0.9334914 -0.04125677 -0.1430932 0.5702368 -0.8089217 -0.08963803 0.9954512 -0.03228039 -0.0970544 0.2454277 -0.9645443 -0.3210695 0.9381969 -0.1292323 -0.4440624 0.8939516 -0.06049136 -0.5147558 0.8548455 -0.06531203 -0.512467 0.8561576 -0.06611858 -0.5869088 0.8066384 -0.06980308 -0.5894513 0.804783 -0.06979603 -0.6493922 0.756684 -0.07562484 -0.6710922 0.7374434 -0.07623968 -0.7133603 0.6961349 -0.08070471 -0.7404643 0.6673136 -0.08003275 -0.7673562 0.6357378 -0.08367719 -0.8092734 0.5815098 -0.08320424 -0.8199095 0.5660122 -0.08589934 -0.8650424 0.4943687 -0.08544751 -0.862645 0.4979911 -0.08859159 -0.9118855 0.400881 -0.08808677 -0.9029379 0.4200211 -0.09102383 -0.9468706 0.3090499 -0.08901793 -0.934512 0.3442023 -0.09062034 -0.9741752 0.2076871 -0.08859341 -0.9792886 0.1809783 -0.09077843 -0.9904011 0.106171 -0.08850656 -0.9948704 0.0487486 -0.08863624 -0.9961517 -2.959799e-05 -0.08764532 -0.9962052 -0.0006658757 -0.08703279 -0.9960983 -0.0007154829 -0.08824753 -0.9962449 0.002015116 -0.08655687 -0.9958561 -0.002376088 -0.09091202 -0.995688 -0.003888339 -0.09268354 -0.9954673 -0.005484405 -0.09494656 -0.9914003 -0.08471859 -0.09974029 -0.995132 -0.003694822 -0.09848199 -0.9489666 -0.2146914 -0.2310196 -0.9914249 -0.09630848 -0.08832508 -0.8049716 -0.3397751 -0.4863883 -0.9258555 -0.3372001 -0.170551 -0.9906659 -0.09136955 -0.1011572 -0.9943639 -0.00417156 -0.1059385 -0.9939178 -0.002212843 -0.1101024 -0.9402787 -0.3210827 -0.1130567 -0.8626116 -0.4948022 -0.1052237 -0.9931988 -0.000720038 -0.1164286 -0.9931256 -6.794489e-05 -0.1170536 -0.9911871 -0.001281429 -0.1324632 -0.9912033 0.003807537 -0.132293 -0.9882025 0.006832264 -0.1530005 -0.9780143 0.01585799 -0.2079339 -0.9832546 0.002077648 -0.1822252 -0.9786922 -0.0004423371 -0.2053323 -0.9765167 0.0006616777 -0.2154406 -0.9657248 0.03289353 -0.2574754 -0.961239 0.05352135 -0.2704717 -0.9373293 -0.3188439 -0.1405428 -0.977384 -0.1747081 -0.1191533 -0.9731445 -0.1829308 -0.139736 -0.8288545 -0.5372701 -0.1560164 -0.9303627 -0.3185745 -0.1814814 -0.9727069 -0.173948 -0.153569 -0.9699327 -0.1735046 -0.1706654 -0.976832 -0.1019473 -0.1881649 -0.9595358 -0.2004079 -0.1978073 -0.9329099 -0.2923328 -0.2102872 -0.8971253 -0.3856916 -0.2154256 -0.8547185 -0.4692002 -0.2220529 -0.8224109 -0.5321514 -0.2011346 -0.8051324 -0.5481773 -0.2264143 -0.7457555 -0.6298201 -0.217199 -0.7544672 -0.6253157 -0.1993979 -0.6878045 -0.6895949 -0.2266802 -0.6947767 -0.6902362 -0.2021369 -0.6038509 -0.7684582 -0.2117453 -0.6991996 -0.6966193 -0.1607532 -0.5432554 -0.8168451 -0.1940045 -0.5665229 -0.7959202 -0.2134545 -0.4539049 -0.8710034 -0.1879453 -0.465396 -0.8681813 -0.1722436 -0.5407976 -0.8263059 -0.157342 -0.4060866 -0.9012966 -0.1508582 -0.8320207 -0.5405519 -0.1246804 -0.8179723 -0.5653659 -0.1062203 -0.7679302 -0.6317653 -0.1056209 -0.7017227 -0.7010412 -0.1269904 -0.7112234 -0.6953887 -0.1029359 -0.6493913 -0.7532854 -0.104173 -0.5409942 -0.8321008 -0.122203 -0.5839311 -0.8051751 -0.1035251 -0.5140598 -0.8516038 -0.1025353 -0.3836344 -0.9112593 -0.1497704 -0.3823043 -0.9123205 -0.146679 -0.3120148 -0.9389173 -0.1451932 -0.3081263 -0.9428959 -0.1265126 -0.2926134 -0.9482418 -0.1233488 -0.357931 -0.9273094 -0.1094651 -0.2475142 -0.9638656 -0.09848827 -0.259157 -0.9620606 -0.08530533 -0.2117586 -0.9746148 -0.07269338 -0.3844553 -0.8649971 -0.3224502 -0.2345618 -0.9645693 -0.1207761 -0.1250893 -0.9918111 -0.02575733 -0.08573885 -0.9954522 -0.04151841 -0.07030217 -0.9959506 -0.05603662 -0.01205979 -0.9986915 -0.04969856 0 0 1 0 0 1 0 0 1 2.596925e-08 -7.790776e-08 1 5.893796e-08 -8.219129e-08 1 -2.229582e-08 -8.936483e-08 1 -1.241763e-07 -1.241763e-07 1 0 0 1 0 0 1 0 0 1 -2.214817e-08 -8.877292e-08 1 2.614309e-08 -7.842679e-08 1 5.933432e-08 -8.273938e-08 1 0 0 1 0 0 1 0 0 1 -1.23354e-07 -1.23354e-07 1 0 0 1 0 0 1 0 0 1 0.1888035 -0.9819691 0.009485984 0.01264103 -0.9999201 1.554926e-06 0.06897882 -0.9976178 0.0007590118 0.2069424 -0.978351 0.002049939 0.3827062 -0.9238194 0.00968508 0.3670125 -0.930216 1.895198e-05 0.4439606 -0.8960452 -0.001406693 0.5202517 -0.8540094 0.002474448 0.7071947 -0.7069567 0.009379248 0.6523726 -0.757897 0.001450238 0.7152892 -0.6988238 -0.002578501 0.7735799 -0.6336935 0.002588983 0.8656359 -0.5006649 0.003039751 0.9237416 -0.3828981 0.009515305 0.9061825 -0.4228816 -0.002098883 0.9388171 -0.344416 0.0004009584 0.9827559 -0.184896 0.002069709 0.9954885 -0.09475882 0.004833777 0.9950598 -0.09927711 4.085136e-05 1 -1.551624e-07 -4.297733e-07 1 -4.903895e-08 -2.33826e-07 0.9963191 0.08563545 0.003860686 0.9950711 0.0991638 2.562397e-05 0.9830107 0.1835466 0.0008240513 0.9316222 0.3632965 0.009778665 0.9386368 0.3449073 -5.578458e-05 0.9062159 0.4228146 -0.0007690037 0.8661044 0.4998478 0.003925555 0.7071469 0.7069674 0.01184371 0.7738291 0.6333891 0.002621789 0.7152756 0.6988376 -0.002586656 0.656026 0.7547373 0.001230164 0.5331254 0.8460249 0.00437939 0.3631871 0.9316634 0.009921925 0.3827971 0.9238323 0.0004148773 0.2930799 0.9560863 -0.001779205 0.1967194 0.9804598 -0.0003027312 0.08562434 0.99632 0.003869277 0.1000617 0.9949812 9.880859e-05 -0.08557991 0.9963234 0.003963501 6.138098e-08 1 -8.878425e-06 2.41295e-07 1 -8.452105e-06 -0.08905249 0.9960269 9.378355e-05 -0.1754629 0.9844859 0.0005806708 -0.3633297 0.9316085 0.009852621 -0.3470913 0.9378314 1.189813e-05 -0.4292691 0.9031766 -4.496642e-05 -0.5146753 0.8573813 0.002567259 -0.7071733 0.7069485 0.01139023 -0.6704971 0.7419118 0.0006824726 -0.7438857 0.6683027 -0.002357115 -0.8121534 0.5834414 0.001731032 -0.9316013 0.3633611 0.009363865 -0.913295 0.4072969 0.00119297 -0.9506578 0.310234 -0.002131101 -0.9775863 0.2105345 -0.0005355033 -0.9963119 0.08572539 0.003704754 -0.9940999 0.1084686 2.804185e-05 -0.9954885 -0.0947588 0.004833722 -1 -7.35585e-08 -2.790991e-07 -1 -2.327439e-07 -5.730204e-07 -0.99506 -0.09927571 4.070109e-05 -0.9827559 -0.1848962 0.002069549 -0.9237414 -0.3828984 0.009515241 -0.9388167 -0.3444168 0.0004007973 -0.9061824 -0.4228818 -0.002099012 -0.8656362 -0.5006642 0.003039793 -0.7071946 -0.7069567 0.009379123 -0.7735806 -0.6336927 0.002589159 -0.7152877 -0.6988253 -0.002578399 -0.652371 -0.7578984 0.001450229 -0.5202529 -0.8540087 0.002474413 -0.3826963 -0.9238234 0.009686021 -0.4439552 -0.8960479 -0.001406629 -0.3670063 -0.9302185 1.887971e-05 -0.2069334 -0.9783529 0.002050371 -0.0948115 -0.9954838 0.004765114 -0.06896851 -0.9976185 0.0007596083 -0.01263922 -0.9999201 2.016496e-06 0 -1 0 0 -1 0 0 -1 0 0.0594877 -0.9975358 -0.03719611 0.01216675 -0.9990863 -0.04096939 0.01752456 -0.9987553 -0.04669907 0.1137821 -0.9930978 -0.02846794 0.2432652 -0.952149 -0.185025 0.1915715 -0.9793326 -0.06486884 0.359891 -0.7951046 -0.4881466 0.3676808 -0.9167708 -0.1560195 0.2502064 -0.9649267 -0.07945589 0.3608264 -0.9263446 -0.1081198 0.2562256 -0.9625342 -0.08874826 0.2679249 -0.9572601 -0.1089469 0.3101695 -0.9414718 -0.1320064 0.5409825 -0.8321128 -0.1221734 0.5140653 -0.8516018 -0.1025243 0.5839362 -0.8051728 -0.1035146 0.6493924 -0.753286 -0.1041622 0.3757397 -0.9144807 -0.1501492 0.2878218 -0.9456965 -0.1510523 0.4585706 -0.8725077 -0.1686516 0.4617467 -0.8699698 -0.1730395 0.5406464 -0.8263515 -0.1576221 0.7017166 -0.7010523 -0.1269627 0.7112258 -0.6953881 -0.1029235 0.7679317 -0.6317652 -0.1056107 0.5512926 -0.8121057 -0.1912087 0.4728104 -0.8647614 -0.169228 0.5064943 -0.8377514 -0.2040492 0.5843659 -0.7852884 -0.2045447 0.6991963 -0.6966366 -0.1606918 0.8320181 -0.5405617 -0.1246552 0.8179711 -0.5653693 -0.1062107 0.862611 -0.494805 -0.1052152 0.6943465 -0.6905547 -0.2025267 0.6677452 -0.7097345 -0.2244847 0.7676854 -0.6138108 -0.1841072 0.753523 -0.6219437 -0.2130474 0.8222472 -0.5326532 -0.2004745 0.8211577 -0.5240865 -0.2259058 0.8288577 -0.5372824 -0.1559565 0.9305084 -0.3184915 -0.1808789 0.8716313 -0.4375589 -0.2209097 0.9140736 -0.3454069 -0.212517 0.9668289 -0.1685424 -0.1919254 0.9797396 -0.07906783 -0.1840073 0.9701104 -0.1740593 -0.1690831 0.9726721 -0.1754722 -0.1520478 0.9374929 -0.3185466 -0.140125 0.9776504 -0.1749875 -0.1165292 0.9388755 -0.3234399 -0.1178961 0.9019166 -0.4195535 -0.1025734 0.9345041 -0.3406801 -0.1031466 0.978985 -0.1755299 -0.1038153 0.9783082 -0.1815347 -0.09979055 0.9911621 -0.09619459 -0.09134721 0 0 -1 0 0 -1 0 0 -1 0 0 -1 0 0 -1 0 0 -1 0 0 -1 0 0 -1 0 0 -1 0 0 -1 0 0 -1 0 0 -1 0 0 -1 0 0 -1 0 0 -1 0 0 -1 0 0 -1 0 0 -1 0 0 -1 0 0 -1 0.8187127 -0.233291 -0.5246759 0.8964988 -0.1141913 -0.4280774 0.8990054 -0.1204743 -0.4210406 0.8449059 -0.2349947 -0.4805326 0.9185982 -0.1056684 -0.3808038 0.8189098 -0.2066169 -0.5354401 0.9226588 -0.1197659 -0.3665471 0.7692409 -0.2498776 -0.5880728 0.745181 -0.2926209 -0.5992315 0.8693442 -0.2404445 -0.431772 0.9420187 -0.1078049 -0.3177719 0.9436503 -0.07298286 -0.3227965 0.9238373 -0.13966 -0.3563982 0.8538056 -0.2305043 -0.4667801 0.6412747 -0.4671561 -0.6087134 0.8067028 -0.2766247 -0.5222158 0.659094 -0.4632052 -0.5924829 0.542581 -0.5186332 -0.6607764 0.5254089 -0.4636896 -0.7133985 0.4879831 -0.5517573 -0.6763404 0.6247567 -0.4539008 -0.635337 0.3283903 -0.6191771 -0.7132878 0.3603584 -0.6181132 -0.6986257 0.1608483 -0.6715626 -0.7232783 0.07308351 -0.6847718 -0.7250837 0.5834234 -0.4499306 -0.6761506 0.7101649 -0.3670855 -0.6007612 0.5522356 -0.4485068 -0.7027642 0.4887191 -0.5109765 -0.7071468 0.3045395 -0.6095006 -0.7319595 0.410115 -0.5507424 -0.7269722 0.3111364 -0.6287794 -0.7126223 0.1435184 -0.6664624 -0.7315943 0.2660243 -0.6570542 -0.7053445 0.1440575 -0.6750354 -0.7235845 0.03391175 -0.6984251 -0.7148793 0.08049685 -0.6900272 -0.7192932 -0.03293706 -0.6969563 -0.7163568 0.1563162 -0.6748146 -0.7212423 0.08593787 -0.6941721 -0.7146606 -0.06713665 -0.6942273 -0.7166179 -0.1694133 -0.7277798 -0.6645567 -0.1153855 -0.6790331 -0.7249829 -0.1836961 -0.6720614 -0.7173487 -0.08177275 -0.6908349 -0.7183734 -0.3033488 -0.6100176 -0.7320232 -0.2756263 -0.6093429 -0.743459 -0.143128 -0.6670477 -0.7311373 -0.4257266 -0.5449468 -0.7223502 -0.4939476 -0.5108633 -0.7035869 -0.3272836 -0.6188245 -0.714102 -0.1575279 -0.676079 -0.7197931 -0.5832819 -0.4503423 -0.6759985 -0.5565755 -0.4456736 -0.701141 -0.7075131 -0.3673149 -0.6037425 -0.7413815 -0.3034631 -0.5985513 -0.7720342 -0.2610806 -0.5794826 -0.8455712 -0.2231531 -0.4849866 -0.8626378 -0.1950838 -0.4666888 -0.6252567 -0.4522692 -0.6360084 -0.8443319 -0.2354047 -0.4813401 -0.900968 -0.1215098 -0.4165238 -0.9256318 -0.09265071 -0.3669081 -0.9149086 -0.1044012 -0.3899264 -0.9199742 -0.1177054 -0.373889 -0.3508992 -0.6188902 -0.7027408 -0.1755307 -0.6341064 -0.7530591 -0.1805073 -0.6447849 -0.7427446 -0.3276752 -0.6376749 -0.6971368 -0.4799565 -0.5595469 -0.6756841 -0.6485617 -0.4632675 -0.6039462 -0.5127361 -0.4753217 -0.7149622 -0.5877916 -0.4884338 -0.644929 -0.7854014 -0.3187521 -0.5306051 -0.8394443 -0.2629029 -0.475621 -0.8678995 -0.2436509 -0.4328795 -0.9092268 -0.1796985 -0.3755198 -0.938261 -0.1192573 -0.3247214 -0.942736 -0.09549699 -0.3195764 -0.9406182 -0.1268353 -0.3148811 0.004732255 -0.9432471 0.332058 2.698599e-06 -0.9542526 0.2990018 0.09597394 -0.9656019 0.2416651 0.004655197 -0.9130639 0.4077899 0.09910179 -0.9030652 0.4179139 0.0009100732 -0.8714869 0.4904179 0.09824717 -0.7752854 0.6239232 0 -0.7668995 0.6417672 0.3735029 -0.8998874 0.2251629 0.0948709 -0.4662411 0.879556 0 -0.4683535 0.8835412 0.3749393 -0.7231804 0.5800264 0.09488716 -0.1201495 0.9882108 0 -0.1215554 0.9925846 -2.744658e-08 0.1208292 0.9926733 0.3680499 -0.435281 0.8216263 0.1895839 -0.6566623 0.7299675 0.3710967 -0.1118094 0.9218383 0.09496031 0.1200948 0.9882104 -0.0001512583 0.4669619 0.8842774 0.3710836 0.1118087 0.9218437 0.0003423171 0.2413139 0.9704471 0.09515762 0.4665041 0.8793855 -0.0001483108 0.7664994 0.642245 0.3678483 0.4355842 0.8215558 0.550649 -4.545661e-08 0.8347369 0.5506716 -3.087987e-08 0.834722 0.693895 0.08807981 0.7146689 0.6939045 -0.08808042 0.7146596 0.6891483 -0.3391445 0.6403559 0.8296086 -1.013927e-08 0.5583454 0.8296241 -1.032527e-08 0.5583223 0.9165055 0.05048784 0.3968232 0.9165055 -0.05048788 0.3968232 0.6963554 -0.5588512 0.4503049 0.9805984 -3.492977e-09 0.1960275 0.9805984 0 0.1960274 0.9942511 -0.01412062 0.1061386 0.9119639 -0.1922945 0.3624152 0.823376 -0.3788805 0.4224944 0.9163105 -0.3109486 0.2523611 0.9942511 0.0141206 0.1061387 0.9935147 -0.05325343 0.1004617 0.9940876 -0.08384501 0.06899215 1 0 0 1 0 0 1 0 0 0.9946761 -0.09350738 0.04331126 0.9203544 -0.3547437 0.164635 0.7021657 -0.6457775 0.2998913 0.9805021 -0.184407 0.06789464 0.9944306 -0.1022961 0.02536236 0.9181321 -0.3845688 0.09560466 0.9946713 -0.1028352 0.007350018 0.9994133 0.0312793 -0.013949 0.9196194 -0.3918611 0.02729403 0.6969519 -0.6957825 0.1736225 0.6987729 -0.7136715 0.04888151 0.3792315 -0.8392005 0.3897768 0.5494892 -0.7840695 0.2886116 0.3747363 -0.9249978 0.06286307 0.7034727 -0.7107223 2.813079e-08 0.935306 -0.3538399 2.289224e-08 0.3470258 -0.9378556 5.383828e-08 0.9974473 -0.07140647 0 1 0 0 1 0 0 1 0 0 0.9994133 -0.03128112 -0.01394838 0.09576033 -0.9931062 0.06760198 0.01558553 -0.9746182 0.2233302 0.00664853 -0.9878911 0.1550063 6.609764e-05 -0.9993129 0.03706257 0.06960282 -0.9975748 8.440106e-08 0.0002267025 -0.9999999 0.0002618233 -3.450436e-08 -1 7.587728e-08 -3.540819e-08 -1 7.56628e-08 -3.901793e-08 -1 7.453445e-08 0.03128092 -0.9994133 -0.01394804 -0.0312809 -0.9994133 -0.01394803 -0.09271805 -0.9956636 -0.007576509 0.09764067 -0.99522 -0.001831816 0.1915237 -0.9754821 -0.1084131 0.09371084 -0.9797926 -0.1767054 0.09351511 -0.9784688 -0.1839939 0.226202 -0.9405391 -0.2534143 0.3750457 -0.9208809 -0.1063915 0.3778375 -0.9258389 -0.007815923 0.4702362 -0.8825406 0.0001553297 0.5520855 -0.8278301 -0.09949311 0.7070238 -0.7070242 -0.0153021 0.3515204 -0.8535237 -0.3846175 0.2517744 -0.8142352 -0.5230973 0.232705 -0.8022323 -0.5497925 0.3341181 -0.7383755 -0.5858043 0.5118102 -0.7668186 -0.3873495 0.4250717 -0.6441833 -0.6358789 0.4176222 -0.5636996 -0.712625 0.651986 -0.651986 -0.387077 0.5423741 -0.5423666 -0.6416142 0.458074 -0.5317882 -0.7122987 0.4996187 -0.5003794 -0.7071079 0.5209867 -0.4787014 -0.706695 0.5313221 -0.4589136 -0.7121061 0.5637141 -0.4178083 -0.7125045 0.644183 -0.4250718 -0.635879 0.7344488 -0.341982 -0.5862024 0.7668188 -0.5118107 -0.3873484 0.7036593 -0.7036601 -0.09862044 0.8498025 -0.3562206 -0.3885134 0.7933967 -0.2568201 -0.5518742 0.8278301 -0.5520856 -0.09949258 0.9404925 -0.2219821 -0.2572892 0.9237743 -0.3826323 -0.01528285 0.9196036 -0.3798936 -0.1000508 0.8826017 -0.4701215 0.0001551784 0.9775001 -0.1857062 -0.1000343 0.9789522 -0.08609918 -0.1850391 0.979483 -0.09082586 -0.1798992 0.9799905 -0.09374115 -0.1755882 0.9956636 -0.09271778 -0.007576316 0.9952201 0.09764047 -0.001831708 0.9754818 0.1915242 -0.1084144 0.9797834 0.09371148 -0.176756 0.9784668 0.0935276 -0.1839981 0.9405365 0.2262081 -0.2534184 0.9209056 0.3749848 -0.1063918 0.925839 0.3778375 -0.007815947 0.8826016 0.4701216 0.0001550685 0.8278302 0.5520855 -0.09949299 0.7070239 0.707024 -0.01530228 0.8535236 0.3515197 -0.3846184 0.8142343 0.2517713 -0.5231002 0.8022348 0.2327006 -0.5497906 0.7383772 0.3341164 -0.5858032 0.7668189 0.5118099 -0.3873491 0.6441839 0.425072 -0.6358781 0.5637118 0.4177596 -0.7125348 0.6519855 0.6519861 -0.3870775 0.5423699 0.5423699 -0.641615 0.531476 0.4586305 -0.7121737 0.5000008 0.5000007 -0.7071057 0.4586304 0.5314759 -0.7121738 0.4177595 0.5637118 -0.7125349 0.425072 0.6441837 -0.6358782 0.3419861 0.7344464 -0.5862031 0.5118099 0.7668189 -0.3873491 0.7036596 0.7036597 -0.09862167 0.3562207 0.8498025 -0.3885133 0.2568297 0.793392 -0.5518765 0.5520854 0.8278303 -0.09949284 0.2219859 0.9404918 -0.2572887 0.3826327 0.9237741 -0.01528309 0.3799244 0.9195909 -0.10005 0.4701787 0.8825712 0.0001551234 0.1857063 0.9775001 -0.1000333 0.0861031 0.9789522 -0.1850374 0.09082463 0.9794834 -0.1798977 0.09373986 0.9799922 -0.1755794 0.09271797 0.9956636 -0.007576481 0.03128093 0.9994133 -0.01394807 -0.0976407 0.99522 -0.001831818 -0.03128091 0.9994133 -0.01394806 0.0002267174 0.9999999 0.0002617481 0 1 0 0 1 0 0 1 0 0.07095458 0.9974795 0 -0.1915243 0.975482 -0.1084129 -0.09371077 0.9797926 -0.1767054 -0.09352527 0.9784676 -0.183995 -0.2262081 0.9405371 -0.2534163 -0.3750153 0.9208933 -0.1063913 -0.3778377 0.9258389 -0.007816122 -0.4701784 0.8825714 0.0001551234 -0.5520853 0.8278303 -0.09949314 -0.7070238 0.7070242 -0.0153023 -0.3515197 0.8535237 -0.3846181 -0.2517719 0.8142331 -0.5231016 -0.2327052 0.8022322 -0.5497925 -0.334118 0.7383758 -0.585804 -0.5118097 0.7668193 -0.3873487 -0.4250718 0.6441842 -0.6358779 -0.4176224 0.5637006 -0.7126241 -0.651986 0.6519852 -0.3870782 -0.5423745 0.5423673 -0.6416134 -0.4580731 0.5317898 -0.7122982 -0.4995488 0.5004492 -0.7071079 -0.520908 0.4787831 -0.7066977 -0.5313238 0.4589116 -0.7121061 -0.5637153 0.4178082 -0.7125037 -0.6441835 0.4250716 -0.6358787 -0.7344459 0.3419863 -0.5862035 -0.7668186 0.5118098 -0.3873498 -0.7036601 0.7036591 -0.09862238 -0.8498022 0.356221 -0.3885135 -0.7933917 0.2568298 -0.5518768 -0.82783 0.5520858 -0.0994928 -0.9404913 0.2219862 -0.2572904 -0.9237741 0.3826327 -0.01528286 -0.919591 0.3799242 -0.1000501 -0.882571 0.4701791 0.0001552747 -0.9775 0.1857065 -0.1000345 -0.9789515 0.08610499 -0.1850402 -0.9794828 0.09082628 -0.1799 -0.9799832 0.09374052 -0.1756295 -0.9956636 0.09271781 -0.007576328 -0.9994133 0.0312793 -0.013949 -0.9952201 -0.09764045 -0.001831689 -0.9994133 -0.03128112 -0.01394838 -0.9947042 -0.1025532 0.006815283 -0.9754819 -0.1915237 -0.1084144 -1 0 0 -0.9797908 -0.09371212 -0.1767144 -0.9784681 -0.09351655 -0.1839967 -1 0 0 -0.9405386 -0.226202 -0.2534163 -1 0 0 -1 0 0 -0.9974472 -0.07140731 0 -0.9356921 -0.3528177 2.248242e-08 -0.9208933 -0.3750153 -0.1063914 -0.9258389 -0.3778377 -0.007815822 -0.8825711 -0.470179 0.0001553846 -0.8278301 -0.5520856 -0.09949244 -0.7070235 -0.7070245 -0.01530214 -0.8535233 -0.3515209 -0.384618 -0.8142349 -0.2517744 -0.5230976 -0.802235 -0.2326971 -0.5497918 -0.738377 -0.3341144 -0.5858046 -0.7668187 -0.5118101 -0.3873493 -0.6441829 -0.4250714 -0.6358795 -0.563714 -0.4178089 -0.7125042 -0.6519858 -0.6519858 -0.3870775 -0.5423723 -0.5423685 -0.6416141 -0.5313983 -0.4587661 -0.7121443 -0.4997976 -0.5002026 -0.7071066 -0.4582231 -0.531713 -0.712259 -0.417622 -0.5636995 -0.7126252 -0.4250716 -0.6441834 -0.6358788 -0.3419858 -0.7344463 -0.5862033 -0.5118101 -0.7668189 -0.387349 -0.7036596 -0.7036597 -0.0986213 -0.3562212 -0.8498023 -0.3885131 -0.2568302 -0.7933918 -0.5518766 -0.5520856 -0.8278301 -0.0994932 -0.2219831 -0.9404928 -0.2572873 -0.3826324 -0.9237743 -0.0152831 -0.3798947 -0.9196033 -0.1000494 -0.470122 -0.8826014 0.0001548074 -0.1857064 -0.9775002 -0.1000328 -0.08609839 -0.9789528 -0.1850363 -0.09082432 -0.9794837 -0.1798962 -0.0937398 -0.9799923 -0.175579 -0.0002473436 -0.9999999 0.0002715122 4.09496e-08 -1 7.684581e-08 3.886273e-08 -1 7.721911e-08 3.689542e-08 -1 7.749927e-08 -0.06960283 -0.9975748 8.443587e-08 0.09610899 -0.9938275 0.05540811 0.03345939 -0.9994401 5.731586e-05 -0.09575594 -0.9934054 0.06306007 -0.3480493 -0.9374762 5.312741e-08 -8.76895e-06 -0.9991713 0.04070285 -0.375128 -0.925101 0.05888177 -0.5526407 -0.8334196 -4.363108e-05 -0.09912548 -0.966497 0.2367649 0 -0.9826906 0.1852542 -0.008723956 -0.9451359 0.3265609 -0.007786892 -0.9166086 0.39971 -0.1935499 -0.9727933 0.1273247 -0.3785288 -0.8987865 0.2211308 -0.101983 -0.8939538 0.4364013 -0.007028918 -0.8747493 0.4845247 -0.5513174 -0.8274627 0.106558 -0.01441331 -0.8502734 0.5261439 0.003300296 -0.8226127 0.5685925 -0.09613804 -0.7876308 0.608601 0.01023629 -0.6381258 0.769864 -0.3783622 -0.8315114 0.4067319 -0.7005528 -0.6929562 0.170404 -0.09543129 -0.6227073 0.7766135 0.0001062918 -0.3501897 0.9366788 -0.0002466543 -0.5102482 0.8600272 -0.0952834 -0.3474753 0.9328355 0.000105448 -0.08922803 0.9960112 -0.3720721 -0.5805771 0.7242186 -0.3783979 -0.7341428 0.5637813 -0.09540463 -0.08787005 0.9915527 0 0.08930459 0.9960044 -0.3708384 -0.3242051 0.87027 -0.5487366 -0.608185 0.5735844 -0.6949026 -0.4492454 0.561506 -0.09710997 0.08840664 0.9913395 0 0.3501151 0.9367067 -0.1950647 6.818485e-05 0.9807904 -0.09695122 0.3484657 0.932294 -0.3733753 -0.08174715 0.9240716 0.01023627 0.6381256 0.7698642 -0.3776836 0.08214125 0.9222841 -0.6927992 -0.2517631 0.6757548 -0.6969785 -0.06392251 0.7142373 -0.5555534 8.939432e-05 0.8314809 -0.7002979 0.06400839 0.7109752 -0.3750808 0.3245537 0.8683198 -0.09711141 0.622992 0.7761767 -0.6961994 0.2513297 0.6724134 -0.0962455 0.7875307 0.6087135 0.003300419 0.8226128 0.5685924 -0.3764919 0.5799548 0.7224308 -0.0144131 0.8502734 0.5261439 -0.007028868 0.8747491 0.4845251 -0.1018745 0.8938982 0.4365405 -0.007787048 0.9166086 0.39971 -0.3783626 0.733996 0.5639962 -0.6983104 0.4476822 0.5585188 -0.09770375 0.9667342 0.2363874 -0.008723987 0.9451362 0.32656 -0.0001394828 0.9827221 0.185087 -0.3733472 0.9008714 0.2214556 -0.09570551 0.9934079 0.06309711 -6.945764e-05 0.9991703 0.04072679 -0.3783973 0.8313843 0.406959 -0.0002473296 0.9999999 0.0002714058 -0.5487184 0.7841786 0.2897792 -0.696734 0.696662 0.1709497 -0.3750156 0.9251605 0.05866348 -0.3470266 0.9378553 -3.434466e-08 -0.06960283 0.9975748 0 -0.7034738 0.7107212 -6.545724e-08 0 1 0 0 1 0 0 1 0 -0.6991544 0.713517 0.04556921 -0.9198661 0.39141 0.0253907 -0.9353056 0.353841 -3.317945e-08 -0.9179251 0.385368 0.09436625 -0.9947042 0.1025532 0.006815247 -0.9974472 0.07140757 -6.616342e-09 -0.9944006 0.1026473 0.02511948 -0.7009757 0.6405765 0.3135201 -0.9194863 0.3531325 0.1727493 -0.9804169 0.1847196 0.06827471 -0.700948 0.5655386 0.434555 -0.919455 0.3117824 0.2395711 -0.9175903 0.2481726 0.3105452 -0.9945525 0.0936632 0.04574489 -0.9945567 0.08262266 0.06348654 -0.9942892 0.06644716 0.08350906 -0.9945782 0.009849298 0.1035237 -0.9940369 0.03817818 0.1021429 -0.9159429 0.1405043 0.3759084 -0.9193786 0.03605624 0.391718 -0.9945178 -0.009852278 0.1041027 -1 0 0 -1 0 0 -0.9184652 -0.03604747 0.3938556 -0.8314497 4.486871e-05 0.5556 -0.9939651 -0.03831084 0.1027894 -0.914956 -0.14091 0.3781533 -0.9942165 -0.0668165 0.08407783 -0.9166374 -0.2492212 0.3125134 -0.9945525 -0.08261597 0.06356101 -0.9804215 -0.1432613 0.1350919 -0.7009755 -0.5656174 0.434408 -0.919486 -0.3117333 0.2395159 -0.9945567 -0.09359953 0.04578397 -0.994449 -0.102248 0.02483024 -0.9194552 -0.3532039 0.1727689 -0.9197556 -0.3916553 0.025608 -0.7053415 -0.7088676 -4.691257e-05 -0.9190156 -0.3828459 0.09401766 -0.7009476 -0.6406737 0.3133842 -0.8289135 -0.5548072 0.07135447 -0.6989226 -0.7137147 0.04602749 0.09771213 0.9654372 0.2416264 2.694226e-06 0.9540971 0.2994975 0.004824905 0.9430527 0.3326083 0.004733866 0.9129727 0.4079932 0.09923538 0.9031292 0.417744 0.0009100618 0.8714872 0.4904175 0.09845381 0.77511 0.6241084 0.1891302 0.6563072 0.7304045 0.3749398 0.7231803 0.5800262 0.3791862 0.8393486 0.3895019 0.3778916 0.8981194 0.2248987 0.7021303 0.6458919 0.2997277 0.7003046 0.6925304 0.173133 0.3790457 0.9232483 0.06274546 0.7021383 0.7103758 0.04866186 0.9205575 0.3896628 0.02714325 0.707107 0.7071065 -2.643728e-08 0.3516252 0.9361409 0 0.9361406 0.351626 -3.341588e-08 0.09749573 0.9929382 0.06758957 0.004648031 0.9867366 0.162263 0.001812406 0.9968554 0.07922118 1.96782e-05 0.9999263 0.01213729 0.9947346 0.1022242 0.007306552 0.9974795 0.07095529 -6.662282e-09 0.9190234 0.3825073 0.09531031 0.9944968 0.1016884 0.02521151 0.9203159 0.3548318 0.1646605 0.6963553 0.5588512 0.450305 0.9946812 0.09343178 0.04335728 0.9163178 0.3109362 0.2523497 0.6891486 0.3391443 0.6403556 0.8233951 0.3788618 0.4224738 0.9119638 0.1922942 0.3624153 0.9940876 0.08384494 0.06899208 0.9935147 0.05325349 0.1004617 0.01186661 0.9999296 5.083855e-06 0.09601841 0.993843 0.05528677 0.09698169 0.995286 0.0004882925 0.2842628 0.9587444 0.001967759 -0.09765938 0.9936562 0.05576812 -0.03938763 0.9992186 0.003289875 0.533019 0.7065244 0.4655256 -0.2238185 0.9741244 0.03141696 0.3754375 0.92544 0.0510642 -0.3796714 0.9236725 0.05175569 -0.5915552 0.8062643 -0.0005802335 0.09563533 0.9704639 0.2214807 0.5504146 0.8348913 -0.0005891057 0.3407733 0.9401453 -0.0006643682 0.628729 0.7776227 0.001670407 0.699697 0.7133131 0.04010624 0.8296524 0.5582801 -0.0004942619 0.8426524 0.5384579 -7.212774e-05 0.9202642 0.3906936 0.02173311 0.3735681 0.9043458 0.206411 0.9804919 0.196559 -0.0004644661 0.873845 0.486204 -0.000698196 0.9891178 0.1471225 0.0009266684 0.9947582 0.1020827 0.005944852 1 0 0 1 0 0 1 0 0 0.6968336 0.6992503 0.1595993 0.9179611 0.3867252 0.08826741 0.9944121 0.1029209 0.023491 0.9944121 0.09511315 0.0458041 0.9179612 0.3573875 0.1721088 0.6968328 0.6462052 0.3111957 1 0 0 0.3735678 0.8357413 0.4024717 0.6968343 0.5607546 0.447187 0.09566058 0.8968567 0.4318532 0.3735673 0.7252294 0.578351 0.09563418 0.7783122 0.6205516 0.9179613 0.310129 0.2473197 0.3735685 0.5783505 0.7252291 0.9944121 0.08253629 0.06582049 0.696834 0.4471871 0.5607549 0.9179611 0.24732 0.3101293 0.9944121 0.06582052 0.08253632 0.6968332 0.3111959 0.6462048 0.9179614 0.1721085 0.3573871 0.9944121 0.04580416 0.09511333 0.3735668 0.402472 0.8357417 0.6968336 0.1595991 0.6992503 0.917961 0.08826755 0.3867252 0.9944121 0.02349099 0.1029209 0.3735681 0.2064109 0.9043459 0.6968331 6.946982e-08 0.7172333 0.9179613 -9.961018e-08 0.3966699 0.9944121 -5.043539e-09 0.1055679 0.3735679 1.150726e-08 0.9276028 0.696834 -0.1595992 0.6992499 0.9179612 -0.08826733 0.3867248 0.9944121 -0.02349105 0.1029211 0.3735679 -0.206411 0.9043459 0.6968333 -0.3111956 0.6462048 0.9179614 -0.1721086 0.3573871 0.9944121 -0.04580416 0.09511335 0.3735669 -0.4024719 0.8357417 0.6968339 -0.4471873 0.5607549 0.9179612 -0.2473198 0.3101292 0.9944121 -0.06582046 0.08253623 0.3735674 -0.5783511 0.7252292 0.6968342 -0.5607548 0.4471869 0.9179611 -0.3101294 0.24732 0.9944121 -0.08253634 0.06582058 0.3735684 -0.7252291 0.5783506 0.6968329 -0.646205 0.3111961 0.9179612 -0.3573876 0.1721088 0.9944121 -0.09511326 0.04580411 0.3735669 -0.8357416 0.4024721 0.9944121 -0.1029209 0.023491 0.917961 -0.3867252 0.08826746 0.6968343 -0.6992497 0.159599 0.9947581 -0.1020827 0.005944854 1 0 0 1 0 0 0.9891161 -0.1471339 0.0009315055 0.920201 -0.3908283 0.02198598 0.8729896 -0.4877381 -0.0008038005 0.8415041 -0.5402507 -0.00018265 0.6999059 -0.7131238 0.03982555 0.6268907 -0.7791054 0.001664971 0.3754815 -0.9253837 0.05175518 0.439488 -0.8982484 0.0002463553 0.4099741 -0.9120972 -8.614637e-05 0.2246466 -0.9744403 0.0002849867 0.3735678 -0.904346 0.206411 0.09584616 -0.9703664 0.2218166 0.0960911 -0.8967498 0.4319796 -0.09770202 -0.9730758 0.208753 0.09616043 -0.7781946 0.6206177 -0.001004679 -0.9492039 0.31466 0.0003891213 -0.9440851 0.3297015 -0.09778261 -0.9035735 0.4171253 -0.0002603713 -0.854506 0.5194414 0.001011586 -0.8468239 0.5318724 -0.09747921 -0.7874141 0.6086681 0.09568494 -0.6203684 0.7784519 -0.09789588 -0.6309035 0.7696604 0.09588151 -0.4317408 0.8968872 -0.001035894 -0.5427265 0.8399089 1.628507e-05 -0.5325552 0.8463953 -0.09777888 -0.442673 0.891336 0.09601011 -0.2214714 0.970429 -0.000458734 -0.3407028 0.940171 0.0005156139 -0.3305412 0.9437914 -0.09754564 -0.232067 0.9677963 0.09595973 2.140327e-05 0.9953852 -0.09774465 -0.009364033 0.9951675 0.0008576356 -0.111965 0.9937118 0.09572792 0.2216513 0.9704158 -0.09769298 0.2136273 0.9720182 0.09580784 0.4319397 0.8967993 -0.0004753914 0.3234355 0.9462501 0.0001647144 0.3300252 0.9439721 -0.09753497 0.4257108 0.8995873 0.09580014 0.6206384 0.7782225 -0.0001364544 0.527132 0.8497834 0.0003809013 0.5319691 0.8467637 -0.09739524 0.6162288 0.7815218 -0.09753288 0.7756025 0.623641 -0.000319277 0.8449482 0.534848 -2.959364e-05 0.8466375 0.53217 -0.09745454 0.8955145 0.4342307 -0.0001326876 0.9432382 0.3321171 4.617599e-05 0.9438672 0.3303251 -0.09737548 0.969992 0.2227858 -0.3778236 0.9023857 0.2072421 -0.3778224 0.8331026 0.4039683 -0.3778227 0.7215428 0.5801947 -0.7001726 0.6424315 0.3115125 -0.3778229 0.5733686 0.7269789 -0.7001725 0.5564045 0.4474064 -0.7001723 0.4421427 0.5605967 -0.3778227 0.3960986 0.8368727 -0.7001726 0.3054441 0.6453388 -0.377823 0.1987285 0.9042991 -0.7001722 0.1532459 0.6973339 -0.3778231 -0.00872612 0.9258367 -0.7001726 -0.006728947 0.7139419 -0.377822 -0.215738 0.900393 -0.7001723 -0.1663622 0.6943215 -0.3778224 -0.4118018 0.8292584 -0.7001722 -0.3175537 0.6394674 -0.3778233 -0.586969 0.7160425 -0.7001734 -0.4526299 0.5521625 -0.3778226 -0.7323505 0.5664916 -0.7001727 -0.5647384 0.4368394 -0.377823 -0.8405685 0.3881938 -0.7001728 -0.6481887 0.2993484 -0.3780191 -0.9051551 0.1944115 -0.7004552 -0.6977732 0.1499168 -0.9188882 -0.3581677 0.16541 -0.9190963 -0.3852309 0.08282 -0.7034758 -0.7097664 0.03678913 -0.9188881 -0.3120558 0.2413832 -0.3799475 -0.923791 0.04743582 -0.9188881 -0.2501086 0.305107 -0.5915554 -0.8062642 -0.0005802228 -0.5204611 -0.8538061 0.01163874 -0.8623284 -0.5063494 0 -0.0976817 -0.9939027 0.05114369 -0.2456374 -0.9693581 0.002682907 -0.0380001 -0.9992777 1.920418e-05 -0.9214249 -0.3880226 0.02036479 -0.9866278 -0.1629892 4.909904e-10 -0.9948506 -0.1012076 0.005417444 -1 0 0 -1 0 0 -1 0 0 -0.9945045 -0.102351 0.02202528 -1 0 0 -0.994474 -0.09531023 0.04401643 -0.994474 -0.08303942 0.06423313 -0.994474 -0.06655519 0.0811905 -1 0 0 -0.9188884 -0.1754693 0.3533478 -0.994474 -0.04669311 0.09402742 -0.9188884 -0.09192607 0.3836582 -0.994474 -0.0244621 0.1020936 -0.918888 -0.00371833 0.394501 -0.994474 -0.0009894403 0.1049784 -0.9188881 0.08467859 0.3853235 -0.994474 0.02253336 0.1025362 -0.9188881 0.1687783 0.356593 -0.994474 0.04491273 0.09489112 -0.9188882 0.2443133 0.3097669 -0.994474 0.06501294 0.08243045 -0.9188883 0.3074505 0.2472218 -0.994474 0.0818141 0.06578696 -0.9188882 0.3549862 0.1721314 -0.994474 0.09446343 0.04580495 -0.994474 0.1023195 0.02349878 -1 0 0 -0.918888 0.3845086 0.08830643 -0.7001728 0.6958581 0.1598109 -0.7031027 0.7099529 0.04016748 -0.862328 0.5063501 -5.251053e-08 -0.921182 0.3884936 0.02228279 -0.9866279 0.1629888 0 -0.994818 0.1014975 0.005947691 -1 0 0 -1 0 0</float_array>
          <technique_common>
            <accessor count="1196" source="#normals-array-array" stride="3">
              <param type="float" name="X"/>
              <param type="float" name="Y"/>
              <param type="float" name="Z"/>
            </accessor>
          </technique_common>
        </source>
        <source id="texcoords-array">
          <float_array count="2392" id="texcoords-array-array">0 1 0 1 0 1 0 1 0 1 0 1 0 1 0 1 0 1 0 1 0 1 0 1 0 1 0 1 0 1 0 1 0 1 0 1 0 1 0 1 0 1 0 1 0 1 0 1 0 1 0 1 0 1 0 1 0 1 0 1 0 1 0 1 0 1 0 1 0 1 0 1 0 1 0 1 0 1 0 1 0 1 0 1 0 1 0 1 0 1 0 1 0 1 0 1 0 1 0 1 0 1 0 1 0 1 0 1 0 1 0 1 0 1 0 1 0 1 0 1 0 1 0 1 0 1 0 1 0 1 0 1 0 1 0 1 0 1 0 1 0 1 0 1 0 1 0 1 0 1 0 1 0 1 0 1 0 1 0 1 0 1 0 1 0 1 0 1 0 1 0 1 0 1 0 1 0 1 0 1 0 1 0 1 0 1 0 1 0 1 0 1 0 1 0 1 0 1 0 1 0 1 0 1 0 1 0 1 0 1 0 1 0 1 0 1 0 1 0 1 0 1 0 1 0 1 0 1 0 1 0 1 0 1 0 1 0 1 0 1 0 1 0 1 0 1 0 1 0 1 0 1 0 1 0 1 0 1 0 1 0 1 0 1 0 1 0 1 0 1 0 1 0 1 0 1 0 1 0 1 0 1 0 1 0 1 0 1 0 1 0 1 0 1 0 1 0 1 0 1 0 1 0 1 0 1 0 1 0 1 0 1 0 1 0 1 0 1 0 1 0 1 0 1 0 1 0 1 0 1 0 1 0 1 0 1 0 1 0 1 0 1 0 1 0 1 0 1 0 1 0 1 0 1 0 1 0 1 0 1 0 1 0 1 0 1 0 1 0 1 0 1 0 1 0 1 0 1 0 1 0 1 0 1 0 1 0 1 0 1 0 1 0 1 0 1 0 1 0 1 0 1 0 1 0 1 0 1 0 1 0 1 0 1 0 1 0 1 0 1 0 1 0 1 0 1 0 1 0 1 0 1 0 1 0 1 0 1 0 1 0 1 0 1 0 1 0 1 0 1 0 1 0 1 0 1 0 1 0 1 0 1 0 1 0 1 0 1 0 1 0 1 0 1 0 1 0 1 0 1 0 1 0 1 0 1 0 1 0 1 0 1 0 1 0 1 0 1 0 1 0 1 0 1 0 1 0 1 0 1 0 1 0 1 0 1 0 1 0 1 0 1 0 1 0 1 0 1 0 1 0 1 0 1 0 1 0 1 0 1 0 1 0 1 0 1 0 1 0 1 0 1 0 1 0 1 0 1 0 1 0 1 0 1 0 1 0 1 0 1 0 1 0 1 0 1 0 1 0 1 0 1 0 1 0 1 0 1 0 1 0 1 0 1 0 1 0 1 0 1 0 1 0 1 0 1 0 1 0 1 0 1 0 1 0 1 0 1 0 1 0 1 0 1 0 1 0 1 0 1 0 1 0 1 0 1 0 1 0 1 0 1 0 1 0 1 0 1 0 1 0 1 0 1 0 1 0 1 0 1 0 1 0 1 0 1 0 1 0 1 0 1 0 1 0 1 0 1 0 1 0 1 0 1 0 1 0 1 0 1 0 1 0 1 0 1 0 1 0 1 0 1 0 1 0 1 0 1 0 1 0 1 0 1 0 1 0 1 0 1 0 1 0 1 0 1 0 1 0 1 0 1 0 1 0 1 0 1 0 1 0 1 0 1 0 1 0 1 0 1 0 1 0 1 0 1 0 1 0 1 0 1 0 1 0 1 0 1 0 1 0 1 0 1 0 1 0 1 0 1 0 1 0 1 0 1 0 1 0 1 0 1 0 1 0 1 0 1 0 1 0 1 0 1 0 1 0 1 0 1 0 1 0 1 0 1 0 1 0 1 0 1 0 1 0 1 0 1 0 1 0 1 0 1 0 1 0 1 0 1 0 1 0 1 0 1 0 1 0 1 0 1 0 1 0 1 0 1 0 1 0 1 0 1 0 1 0 1 0 1 0 1 0 1 0 1 0 1 0 1 0 1 0 1 0 1 0 1 0 1 0 1 0 1 0 1 0 1 0 1 0 1 0 1 0 1 0 1 0 1 0 1 0 1 0 1 0 1 0 1 0 1 0 1 0 1 0 1 0 1 0 1 0 1 0 1 0 1 0 1 0 1 0 1 0 1 0 1 0 1 0 1 0 1 0 1 0 1 0 1 0 1 0 1 0 1 0 1 0 1 0 1 0 1 0 1 0 1 0 1 0 1 0 1 0 1 0 1 0 1 0 1 0 1 0 1 0 1 0 1 0 1 0 1 0 1 0 1 0 1 0 1 0 1 0 1 0 1 0 1 0 1 0 1 0 1 0 1 0 1 0 1 0 1 0 1 0 1 0 1 0 1 0 1 0 1 0 1 0 1 0 1 0 1 0 1 0 1 0 1 0 1 0 1 0 1 0 1 0 1 0 1 0 1 0 1 0 1 0 1 0 1 0 1 0 1 0 1 0 1 0 1 0 1 0 1 0 1 0 1 0 1 0 1 0 1 0 1 0 1 0 1 0 1 0 1 0 1 0 1 0 1 0 1 0 1 0 1 0 1 0 1 0 1 0 1 0 1 0 1 0 1 0 1 0 1 0 1 0 1 0 1 0 1 0 1 0 1 0 1 0 1 0 1 0 1 0 1 0 1 0 1 0 1 0 1 0 1 0 1 0 1 0 1 0 1 0 1 0 1 0 1 0 1 0 1 0 1 0 1 0 1 0 1 0 1 0 1 0 1 0 1 0 1 0 1 0 1 0 1 0 1 0 1 0 1 0 1 0 1 0 1 0 1 0 1 0 1 0 1 0 1 0 1 0 1 0 1 0 1 0 1 0 1 0 1 0 1 0 1 0 1 0 1 0 1 0 1 0 1 0 1 0 1 0 1 0 1 0 1 0 1 0 1 0 1 0 1 0 1 0 1 0 1 0 1 0 1 0 1 0 1 0 1 0 1 0 1 0 1 0 1 0 1 0 1 0 1 0 1 0 1 0 1 0 1 0 1 0 1 0 1 0 1 0 1 0 1 0 1 0 1 0 1 0 1 0 1 0 1 0 1 0 1 0 1 0 1 0 1 0 1 0 1 0 1 0 1 0 1 0 1 0 1 0 1 0 1 0 1 0 1 0 1 0 1 0 1 0 1 0 1 0 1 0 1 0 1 0 1 0 1 0 1 0 1 0 1 0 1 0 1 0 1 0 1 0 1 0 1 0 1 0 1 0 1 0 1 0 1 0 1 0 1 0 1 0 1 0 1 0 1 0 1 0 1 0 1 0 1 0 1 0 1 0 1 0 1 0 1 0 1 0 1 0 1 0 1 0 1 0 1 0 1 0 1 0 1 0 1 0 1 0 1 0 1 0 1 0 1 0 1 0 1 0 1 0 1 0 1 0 1 0 1 0 1 0 1 0 1 0 1 0 1 0 1 0 1 0 1 0 1 0 1 0 1 0 1 0 1 0 1 0 1 0 1 0 1 0 1 0 1 0 1 0 1 0 1 0 1 0 1 0 1 0 1 0 1 0 1 0 1 0 1 0 1 0 1 0 1 0 1 0 1 0 1 0 1 0 1 0 1 0 1 0 1 0 1 0 1 0 1 0 1 0 1 0 1 0 1 0 1 0 1 0 1 0 1 0 1 0 1 0 1 0 1 0 1 0 1 0 1 0 1 0 1 0 1 0 1 0 1 0 1 0 1 0 1 0 1 0 1 0 1 0 1 0 1 0 1 0 1 0 1 0 1 0 1 0 1 0 1 0 1 0 1 0 1 0 1 0 1 0 1 0 1 0 1 0 1 0 1 0 1 0 1 0 1 0 1 0 1 0 1 0 1 0 1 0 1 0 1 0 1 0 1 0 1 0 1 0 1 0 1 0 1 0 1 0 1 0 1 0 1 0 1 0 1 0 1 0 1 0 1 0 1 0 1 0 1 0 1 0 1 0 1 0 1 0 1 0 1 0 1 0 1 0 1 0 1 0 1 0 1 0 1 0 1 0 1 0 1 0 1 0 1 0 1 0 1 0 1 0 1 0 1 0 1 0 1 0 1 0 1 0 1 0 1 0 1 0 1 0 1 0 1 0 1 0 1 0 1 0 1 0 1 0 1 0 1 0 1 0 1 0 1 0 1 0 1 0 1 0 1 0 1 0 1 0 1 0 1 0 1 0 1 0 1 0 1 0 1 0 1 0 1 0 1 0 1 0 1 0 1 0 1 0 1 0 1 0 1 0 1 0 1 0 1 0 1 0 1 0 1 0 1 0 1 0 1 0 1 0 1 0 1 0 1 0 1 0 1 0 1 0 1 0 1 0 1 0 1 0 1 0 1 0 1 0 1 0 1 0 1 0 1 0 1 0 1 0 1 0 1 0 1 0 1 0 1 0 1 0 1 0 1 0 1 0 1 0 1 0 1 0 1 0 1 0 1 0 1 0 1 0 1 0 1 0 1 0 1 0 1 0 1 0 1 0 1 0 1 0 1 0 1 0 1 0 1 0 1 0 1 0 1 0 1 0 1 0 1 0 1 0 1 0 1 0 1 0 1 0 1 0 1 0 1 0 1 0 1 0 1 0 1 0 1 0 1 0 1 0 1 0 1 0 1 0 1 0 1 0 1 0 1 0 1 0 1 0 1 0 1 0 1 0 1 0 1 0 1 0 1 0 1 0 1 0 1 0 1 0 1 0 1 0 1 0 1 0 1 0 1 0 1 0 1 0 1 0 1 0 1 0 1 0 1 0 1 0 1 0 1 0 1 0 1 0 1 0 1 0 1 0 1 0 1 0 1 0 1 0 1 0 1 0 1 0 1 0 1 0 1 0 1 0 1 0 1 0 1 0 1 0 1 0 1 0 1 0 1 0 1 0 1 0 1 0 1 0 1 0 1 0 1 0 1 0 1 0 1 0 1 0 1 0 1 0 1 0 1 0 1 0 1 0 1 0 1 0 1 0 1 0 1 0 1 0 1 0 1 0 1 0 1 0 1 0 1 0 1 0 1 0 1 0 1 0 1 0 1 0 1 0 1 0 1 0 1 0 1 0 1 0 1 0 1 0 1 0 1 0 1 0 1 0 1 0 1 0 1 0 1 0 1 0 1 0 1 0 1 0 1 0 1 0 1 0 1 0 1 0 1 0 1 0 1 0 1 0 1 0 1 0 1 0 1 0 1 0 1 0 1 0 1 0 1 0 1 0 1 0 1 0 1 0 1 0 1 0 1 0 1 0 1 0 1 0 1 0 1 0 1 0 1 0 1 0 1 0 1 0 1 0 1 0 1 0 1 0 1 0 1 0 1 0 1 0 1 0 1 0 1 0 1 0 1 0 1 0 1 0 1 0 1 0 1 0 1 0 1 0 1 0 1 0 1 0 1 0 1 0 1 0 1 0 1 0 1 0 1</float_array>
          <technique_common>
            <accessor count="1196" source="#texcoords-array-array" stride="2">
              <param type="float" name="S"/>
              <param type="float" name="T"/>
            </accessor>
          </technique_common>
        </source>
        <vertices id="verts-array-vertices">
          <input semantic="POSITION" source="#verts-array"/>
        </vertices>
        <triangles count="1561" material="material0">
          <input offset="0" semantic="VERTEX" source="#verts-array-vertices"/>
          <input offset="1" semantic="NORMAL" source="#normals-array"/>
          <input offset="2" semantic="TEXCOORD" source="#texcoords-array"/>
          <p>0 0 0 1 1 1 2 2 2 3 3 3 4 4 4 5 5 5 6 6 6 7 7 7 8 8 8 8 8 8 9 9 9 6 6 6 10 10 10 11 11 11 12 12 12 12 12 12 13 13 13 10 10 10 14 14 14 15 15 15 16 16 16 16 16 16 17 17 17 14 14 14 18 18 18 19 19 19 20 20 20 20 20 20 21 21 21 18 18 18 20 20 20 22 22 22 21 21 21 23 23 23 24 24 24 25 25 25 25 25 25 26 26 26 23 23 23 25 25 25 27 27 27 26 26 26 28 28 28 29 29 29 30 30 30 30 30 30 31 31 31 28 28 28 31 31 31 30 30 30 32 32 32 32 32 32 33 33 33 31 31 31 31 31 31 33 33 33 34 34 34 34 34 34 35 35 35 31 31 31 31 31 31 35 35 35 36 36 36 36 36 36 37 37 37 38 38 38 38 38 38 39 39 39 36 36 36 39 39 39 40 40 40 36 36 36 36 36 36 40 40 40 41 41 41 41 41 41 42 42 42 36 36 36 42 42 42 43 43 43 36 36 36 36 36 36 43 43 43 31 31 31 43 43 43 44 44 44 31 31 31 43 43 43 45 45 45 44 44 44 45 45 45 43 43 43 46 46 46 45 45 45 46 46 46 47 47 47 47 47 47 48 48 48 45 45 45 48 48 48 49 49 49 45 45 45 48 48 48 50 50 50 49 49 49 50 50 50 48 48 48 51 51 51 51 51 51 52 52 52 50 50 50 51 51 51 53 53 53 52 52 52 53 53 53 54 54 54 52 52 52 53 53 53 55 55 55 54 54 54 56 56 56 55 55 55 53 53 53 53 53 53 57 57 57 56 56 56 57 57 57 58 58 58 56 56 56 58 58 58 59 59 59 56 56 56 58 58 58 60 60 60 59 59 59 60 60 60 61 61 61 59 59 59 62 62 62 61 61 61 60 60 60 60 60 60 63 63 63 62 62 62 63 63 63 64 64 64 62 62 62 64 64 64 65 65 65 62 62 62 64 64 64 66 66 66 65 65 65 66 66 66 67 67 67 65 65 65 68 68 68 67 67 67 66 66 66 69 69 69 67 67 67 68 68 68 68 68 68 70 70 70 69 69 69 71 71 71 70 70 70 68 68 68 68 68 68 72 72 72 71 71 71 66 66 66 73 73 73 68 68 68 71 71 71 72 72 72 74 74 74 73 73 73 66 66 66 75 75 75 75 75 75 76 76 76 73 73 73 74 74 74 77 77 77 71 71 71 73 73 73 76 76 76 78 78 78 78 78 78 79 79 79 73 73 73 80 80 80 79 79 79 78 78 78 78 78 78 81 81 81 80 80 80 82 82 82 77 77 77 74 74 74 83 83 83 77 77 77 82 82 82 82 82 82 84 84 84 83 83 83 85 85 85 84 84 84 82 82 82 82 82 82 86 86 86 85 85 85 87 87 87 86 86 86 82 82 82 82 82 82 88 88 88 87 87 87 82 82 82 89 89 89 88 88 88 82 82 82 90 90 90 89 89 89 82 82 82 91 91 91 90 90 90 82 82 82 92 92 92 91 91 91 91 91 91 92 92 92 93 93 93 74 74 74 93 93 93 82 82 82 93 93 93 74 74 74 80 80 80 94 94 94 91 91 91 93 93 93 80 80 80 95 95 95 93 93 93 93 93 93 95 95 95 94 94 94 95 95 95 96 96 96 94 94 94 97 97 97 95 95 95 80 80 80 94 94 94 96 96 96 97 97 97 80 80 80 81 81 81 97 97 97 98 98 98 94 94 94 97 97 97 97 97 97 81 81 81 99 99 99 100 100 100 98 98 98 97 97 97 97 97 97 99 99 99 101 101 101 102 102 102 100 100 100 97 97 97 101 101 101 103 103 103 97 97 97 104 104 104 102 102 102 97 97 97 103 103 103 105 105 105 97 97 97 106 106 106 104 104 104 97 97 97 105 105 105 106 106 106 97 97 97 107 107 107 108 108 108 109 109 109 109 109 109 110 110 110 107 107 107 110 110 110 109 109 109 111 111 111 111 111 111 112 112 112 113 113 113 111 111 111 113 113 113 110 110 110 113 113 113 114 114 114 110 110 110 114 114 114 115 115 115 110 110 110 114 114 114 116 116 116 115 115 115 117 117 117 115 115 115 116 116 116 116 116 116 118 118 118 117 117 117 119 119 119 117 117 117 118 118 118 118 118 118 120 120 120 119 119 119 121 121 121 119 119 119 120 120 120 120 120 120 122 122 122 121 121 121 123 123 123 121 121 121 122 122 122 122 122 122 124 124 124 123 123 123 124 124 124 125 125 125 123 123 123 125 125 125 126 126 126 123 123 123 127 127 127 126 126 126 125 125 125 125 125 125 128 128 128 127 127 127 129 129 129 127 127 127 128 128 128 128 128 128 130 130 130 129 129 129 130 130 130 131 131 131 129 129 129 132 132 132 131 131 131 130 130 130 133 133 133 132 132 132 130 130 130 130 130 130 134 134 134 133 133 133 133 133 133 134 134 134 135 135 135 135 135 135 136 136 136 133 133 133 133 133 133 136 136 136 137 137 137 137 137 137 138 138 138 133 133 133 138 138 138 137 137 137 139 139 139 140 140 140 138 138 138 139 139 139 140 140 140 139 139 139 141 141 141 141 141 141 142 142 142 140 140 140 143 143 143 144 144 144 145 145 145 145 145 145 146 146 146 143 143 143 146 146 146 145 145 145 147 147 147 147 147 147 148 148 148 146 146 146 149 149 149 148 148 148 147 147 147 147 147 147 150 150 150 149 149 149 151 151 151 150 150 150 147 147 147 147 147 147 152 152 152 151 151 151 152 152 152 153 153 153 151 151 151 153 153 153 152 152 152 154 154 154 154 154 154 155 155 155 153 153 153 154 154 154 156 156 156 155 155 155 155 155 155 156 156 156 157 157 157 157 157 157 158 158 158 155 155 155 157 157 157 159 159 159 158 158 158 158 158 158 159 159 159 160 160 160 160 160 160 161 161 161 158 158 158 161 161 161 160 160 160 162 162 162 162 162 162 163 163 163 161 161 161 161 161 161 163 163 163 164 164 164 164 164 164 165 165 165 161 161 161 161 161 161 165 165 165 166 166 166 166 166 166 167 167 167 161 161 161 166 166 166 168 168 168 167 167 167 169 169 169 170 170 170 168 168 168 168 168 168 171 171 171 169 169 169 172 172 172 169 169 169 171 171 171 171 171 171 173 173 173 172 172 172 173 173 173 174 174 174 172 172 172 173 173 173 175 175 175 174 174 174 176 176 176 174 174 174 175 175 175 175 175 175 177 177 177 176 176 176 177 177 177 178 178 178 176 176 176 177 177 177 179 179 179 178 178 178 180 180 180 178 178 178 179 179 179 180 180 180 179 179 179 181 181 181 181 181 181 182 182 182 180 180 180 181 181 181 183 183 183 182 182 182 184 184 184 182 182 182 183 183 183 184 184 184 183 183 183 185 185 185 185 185 185 186 186 186 184 184 184 185 185 185 187 187 187 186 186 186 188 188 188 186 186 186 187 187 187 189 189 189 188 188 188 187 187 187 187 187 187 190 190 190 189 189 189 191 191 191 189 189 189 190 190 190 190 190 190 192 192 192 191 191 191 193 193 193 191 191 191 192 192 192 192 192 192 194 194 194 193 193 193 193 193 193 194 194 194 195 195 195 195 195 195 196 196 196 193 193 193 197 197 197 196 196 196 195 195 195 195 195 195 198 198 198 197 197 197 195 195 195 199 199 199 198 198 198 200 200 200 198 198 198 199 199 199 199 199 199 201 201 201 200 200 200 200 200 200 202 202 202 198 198 198 203 203 203 202 202 202 200 200 200 200 200 200 204 204 204 203 203 203 203 203 203 204 204 204 205 205 205 205 205 205 206 206 206 203 203 203 206 206 206 207 207 207 203 203 203 208 208 208 201 201 201 209 209 209 208 208 208 209 209 209 210 210 210 210 210 210 211 211 211 208 208 208 211 211 211 210 210 210 212 212 212 213 213 213 214 214 214 211 211 211 211 211 211 215 215 215 213 213 213 211 211 211 216 216 216 215 215 215 212 212 212 216 216 216 211 211 211 212 212 212 217 217 217 216 216 216 216 216 216 217 217 217 218 218 218 218 218 218 219 219 219 216 216 216 219 219 219 218 218 218 220 220 220 220 220 220 221 221 221 219 219 219 221 221 221 220 220 220 222 222 222 223 223 223 221 221 221 222 222 222 222 222 222 224 224 224 223 223 223 224 224 224 225 225 225 223 223 223 225 225 225 224 224 224 226 226 226 227 227 227 225 225 225 226 226 226 226 226 226 228 228 228 227 227 227 228 228 228 229 229 229 227 227 227 229 229 229 228 228 228 230 230 230 231 231 231 229 229 229 230 230 230 230 230 230 232 232 232 231 231 231 232 232 232 233 233 233 231 231 231 233 233 233 232 232 232 234 234 234 235 235 235 233 233 233 234 234 234 234 234 234 236 236 236 235 235 235 237 237 237 235 235 235 236 236 236 236 236 236 238 238 238 237 237 237 239 239 239 238 238 238 240 240 240 239 239 239 240 240 240 241 241 241 241 241 241 242 242 242 239 239 239 242 242 242 241 241 241 243 243 243 242 242 242 243 243 243 244 244 244 242 242 242 244 244 244 245 245 245 246 246 246 242 242 242 245 245 245 245 245 245 247 247 247 246 246 246 248 248 248 249 249 249 246 246 246 250 250 250 248 248 248 246 246 246 246 246 246 251 251 251 250 250 250 252 252 252 246 246 246 247 247 247 247 247 247 253 253 253 252 252 252 253 253 253 254 254 254 252 252 252 255 255 255 251 251 251 246 246 246 246 246 246 252 252 252 255 255 255 256 256 256 251 251 251 255 255 255 257 257 257 252 252 252 254 254 254 257 257 257 254 254 254 258 258 258 258 258 258 259 259 259 257 257 257 259 259 259 258 258 258 260 260 260 261 261 261 259 259 259 260 260 260 261 261 261 260 260 260 262 262 262 262 262 262 263 263 263 261 261 261 262 262 262 264 264 264 263 263 263 265 265 265 264 264 264 262 262 262 262 262 262 266 266 266 265 265 265 262 262 262 267 267 267 266 266 266 268 268 268 255 255 255 252 252 252 252 252 252 269 269 269 268 268 268 268 268 268 269 269 269 270 270 270 255 255 255 268 268 268 271 271 271 272 272 272 268 268 268 270 270 270 271 271 271 268 268 268 272 272 272 270 270 270 273 273 273 272 272 272 272 272 272 273 273 273 274 274 274 274 274 274 275 275 275 276 276 276 276 276 276 272 272 272 274 274 274 276 276 276 277 277 277 272 272 272 272 272 272 277 277 277 278 278 278 272 272 272 278 278 278 279 279 279 279 279 279 280 280 280 272 272 272 272 272 272 280 280 280 271 271 271 280 280 280 279 279 279 281 281 281 280 280 280 281 281 281 282 282 282 282 282 282 283 283 283 284 284 284 282 282 282 285 285 285 280 280 280 284 284 284 285 285 285 282 282 282 271 271 271 280 280 280 285 285 285 285 285 285 284 284 284 286 286 286 285 285 285 287 287 287 271 271 271 286 286 286 288 288 288 285 285 285 287 287 287 285 285 285 288 288 288 288 288 288 286 286 286 289 289 289 289 289 289 290 290 290 288 288 288 288 288 288 290 290 290 291 291 291 291 291 291 292 292 292 288 288 288 288 288 288 292 292 292 287 287 287 292 292 292 291 291 291 293 293 293 294 294 294 271 271 271 287 287 287 271 271 271 294 294 294 255 255 255 255 255 255 294 294 294 256 256 256 294 294 294 295 295 295 256 256 256 296 296 296 295 295 295 294 294 294 287 287 287 297 297 297 294 294 294 296 296 296 294 294 294 297 297 297 297 297 297 287 287 287 292 292 292 297 297 297 298 298 298 296 296 296 299 299 299 298 298 298 297 297 297 299 299 299 297 297 297 300 300 300 292 292 292 300 300 300 297 297 297 300 300 300 301 301 301 299 299 299 302 302 302 301 301 301 300 300 300 303 303 303 302 302 302 300 300 300 300 300 300 292 292 292 304 304 304 293 293 293 304 304 304 292 292 292 304 304 304 293 293 293 305 305 305 305 305 305 306 306 306 304 304 304 304 304 304 306 306 306 307 307 307 304 304 304 308 308 308 300 300 300 307 307 307 308 308 308 304 304 304 300 300 300 308 308 308 303 303 303 307 307 307 309 309 309 308 308 308 308 308 308 309 309 309 310 310 310 310 310 310 303 303 303 308 308 308 310 310 310 311 311 311 303 303 303 312 312 312 303 303 303 311 311 311 313 313 313 312 312 312 311 311 311 311 311 311 314 314 314 313 313 313 313 313 313 314 314 314 315 315 315 315 315 315 316 316 316 313 313 313 315 315 315 317 317 317 316 316 316 318 318 318 319 319 319 320 320 320 320 320 320 321 321 321 318 318 318 320 320 320 322 322 322 321 321 321 323 323 323 321 321 321 322 322 322 322 322 322 324 324 324 323 323 323 323 323 323 324 324 324 325 325 325 325 325 325 326 326 326 323 323 323 326 326 326 327 327 327 323 323 323 328 328 328 321 321 321 323 323 323 323 323 323 329 329 329 328 328 328 328 328 328 329 329 329 330 330 330 330 330 330 329 329 329 331 331 331 332 332 332 330 330 330 331 331 331 331 331 331 333 333 333 332 332 332 330 330 330 334 334 334 328 328 328 328 328 328 334 334 334 335 335 335 336 336 336 328 328 328 335 335 335 335 335 335 337 337 337 336 336 336 338 338 338 339 339 339 340 340 340 338 338 338 340 340 340 341 341 341 341 341 341 342 342 342 338 338 338 342 342 342 341 341 341 343 343 343 343 343 343 344 344 344 342 342 342 342 342 342 344 344 344 345 345 345 346 346 346 342 342 342 345 345 345 345 345 345 347 347 347 346 346 346 347 347 347 348 348 348 346 346 346 346 346 346 348 348 348 349 349 349 346 346 346 349 349 349 350 350 350 350 350 350 351 351 351 346 346 346 350 350 350 352 352 352 351 351 351 351 351 351 352 352 352 353 353 353 351 351 351 353 353 353 354 354 354 355 355 355 351 351 351 354 354 354 354 354 354 356 356 356 355 355 355 355 355 355 357 357 357 358 358 358 358 358 358 359 359 359 355 355 355 359 359 359 360 360 360 361 361 361 361 361 361 362 362 362 359 359 359 361 361 361 363 363 363 362 362 362 363 363 363 364 364 364 362 362 362 362 362 362 364 364 364 365 365 365 366 366 366 362 362 362 365 365 365 365 365 365 367 367 367 366 366 366 367 367 367 368 368 368 366 366 366 366 366 366 368 368 368 369 369 369 369 369 369 370 370 370 366 366 366 371 371 371 366 366 366 370 370 370 370 370 370 372 372 372 371 371 371 372 372 372 373 373 373 371 371 371 371 371 371 373 373 373 374 374 374 375 375 375 371 371 371 374 374 374 374 374 374 376 376 376 375 375 375 377 377 377 375 375 375 378 378 378 378 378 378 379 379 379 377 377 377 377 377 377 380 380 380 381 381 381 382 382 382 377 377 377 381 381 381 381 381 381 383 383 383 382 382 382 383 383 383 384 384 384 382 382 382 382 382 382 384 384 384 385 385 385 386 386 386 382 382 382 385 385 385 385 385 385 387 387 387 386 386 386 387 387 387 388 388 388 386 386 386 386 386 386 388 388 388 389 389 389 390 390 390 386 386 386 389 389 389 389 389 389 391 391 391 390 390 390 391 391 391 392 392 392 390 390 390 390 390 390 392 392 392 393 393 393 394 394 394 390 390 390 393 393 393 393 393 393 395 395 395 394 394 394 396 396 396 394 394 394 397 397 397 397 397 397 398 398 398 396 396 396 396 396 396 399 399 399 400 400 400 400 400 400 401 401 401 396 396 396 400 400 400 402 402 402 401 401 401 402 402 402 403 403 403 401 401 401 401 401 401 403 403 403 404 404 404 405 405 405 401 401 401 404 404 404 404 404 404 406 406 406 405 405 405 406 406 406 407 407 407 405 405 405 405 405 405 407 407 407 408 408 408 405 405 405 408 408 408 409 409 409 409 409 409 410 410 410 405 405 405 409 409 409 411 411 411 410 410 410 410 410 410 411 411 411 412 412 412 412 412 412 413 413 413 410 410 410 414 414 414 410 410 410 413 413 413 413 413 413 415 415 415 414 414 414 415 415 415 416 416 416 414 414 414 414 414 414 417 417 417 418 418 418 418 418 418 419 419 419 414 414 414 420 420 420 421 421 421 422 422 422 420 420 420 422 422 422 423 423 423 423 423 423 424 424 424 420 420 420 424 424 424 423 423 423 425 425 425 425 425 425 426 426 426 424 424 424 425 425 425 427 427 427 426 426 426 427 427 427 425 425 425 428 428 428 429 429 429 427 427 427 428 428 428 428 428 428 430 430 430 429 429 429 429 429 429 430 430 430 431 431 431 429 429 429 431 431 431 432 432 432 427 427 427 429 429 429 433 433 433 433 433 433 434 434 434 427 427 427 433 433 433 435 435 435 434 434 434 436 436 436 435 435 435 433 433 433 432 432 432 437 437 437 429 429 429 433 433 433 429 429 429 437 437 437 432 432 432 438 438 438 437 437 437 437 437 437 438 438 438 439 439 439 439 439 439 440 440 440 437 437 437 437 437 437 441 441 441 433 433 433 441 441 441 437 437 437 440 440 440 433 433 433 442 442 442 436 436 436 442 442 442 433 433 433 441 441 441 442 442 442 443 443 443 436 436 436 444 444 444 443 443 443 442 442 442 445 445 445 441 441 441 440 440 440 440 440 440 446 446 446 445 445 445 445 445 445 446 446 446 447 447 447 447 447 447 448 448 448 445 445 445 441 441 441 449 449 449 442 442 442 449 449 449 441 441 441 445 445 445 442 442 442 450 450 450 444 444 444 450 450 450 442 442 442 449 449 449 450 450 450 451 451 451 444 444 444 452 452 452 451 451 451 450 450 450 453 453 453 445 445 445 448 448 448 445 445 445 453 453 453 449 449 449 448 448 448 454 454 454 453 453 453 454 454 454 455 455 455 456 456 456 456 456 456 453 453 453 454 454 454 457 457 457 453 453 453 456 456 456 456 456 456 458 458 458 457 457 457 459 459 459 449 449 449 453 453 453 453 453 453 457 457 457 459 459 459 449 449 449 459 459 459 450 450 450 460 460 460 457 457 457 458 458 458 459 459 459 457 457 457 460 460 460 458 458 458 461 461 461 460 460 460 460 460 460 461 461 461 462 462 462 462 462 462 463 463 463 460 460 460 463 463 463 464 464 464 465 465 465 465 465 465 460 460 460 463 463 463 465 465 465 466 466 466 460 460 460 460 460 460 466 466 466 155 155 155 155 155 155 467 467 467 460 460 460 460 460 460 467 467 467 459 459 459 155 155 155 468 468 468 467 467 467 467 467 467 468 468 468 158 158 158 459 459 459 467 467 467 469 469 469 158 158 158 469 469 469 467 467 467 469 469 469 450 450 450 459 459 459 452 452 452 450 450 450 469 469 469 469 469 469 470 470 470 452 452 452 471 471 471 470 470 470 469 469 469 158 158 158 472 472 472 469 469 469 469 469 469 473 473 473 471 471 471 473 473 473 469 469 469 472 472 472 472 472 472 474 474 474 473 473 473 475 475 475 476 476 476 477 477 477 477 477 477 478 478 478 475 475 475 478 478 478 479 479 479 475 475 475 479 479 479 478 478 478 480 480 480 480 480 480 481 481 481 479 479 479 481 481 481 480 480 480 482 482 482 482 482 482 483 483 483 481 481 481 483 483 483 484 484 484 481 481 481 479 479 479 481 481 481 485 485 485 485 485 485 486 486 486 479 479 479 487 487 487 488 488 488 486 486 486 489 489 489 487 487 487 486 486 486 486 486 486 490 490 490 489 489 489 490 490 490 486 486 486 485 485 485 485 485 485 491 491 491 490 490 490 492 492 492 491 491 491 485 485 485 485 485 485 493 493 493 492 492 492 485 485 485 494 494 494 493 493 493 495 495 495 496 496 496 497 497 497 497 497 497 498 498 498 495 495 495 497 497 497 499 499 499 498 498 498 500 500 500 495 495 495 498 498 498 498 498 498 499 499 499 501 501 501 498 498 498 502 502 502 500 500 500 500 500 500 502 502 502 503 503 503 504 504 504 498 498 498 501 501 501 501 501 501 505 505 505 504 504 504 504 504 504 505 505 505 506 506 506 506 506 506 507 507 507 504 504 504 507 507 507 508 508 508 504 504 504 509 509 509 504 504 504 508 508 508 498 498 498 504 504 504 509 509 509 508 508 508 510 510 510 509 509 509 510 510 510 511 511 511 509 509 509 511 511 511 512 512 512 509 509 509 512 512 512 513 513 513 514 514 514 514 514 514 509 509 509 512 512 512 509 509 509 515 515 515 498 498 498 502 502 502 498 498 498 515 515 515 509 509 509 514 514 514 516 516 516 516 516 516 515 515 515 509 509 509 516 516 516 514 514 514 517 517 517 516 516 516 517 517 517 518 518 518 516 516 516 518 518 518 519 519 519 515 515 515 520 520 520 502 502 502 520 520 520 515 515 515 516 516 516 503 503 503 502 502 502 520 520 520 520 520 520 521 521 521 503 503 503 520 520 520 522 522 522 521 521 521 520 520 520 523 523 523 522 522 522 523 523 523 520 520 520 524 524 524 516 516 516 524 524 524 520 520 520 524 524 524 525 525 525 523 523 523 524 524 524 526 526 526 525 525 525 526 526 526 524 524 524 527 527 527 527 527 527 528 528 528 526 526 526 529 529 529 528 528 528 527 527 527 527 527 527 530 530 530 529 529 529 531 531 531 527 527 527 524 524 524 531 531 531 524 524 524 516 516 516 532 532 532 530 530 530 531 531 531 516 516 516 533 533 533 531 531 531 534 534 534 533 533 533 516 516 516 519 519 519 534 534 534 516 516 516 531 531 531 535 535 535 532 532 532 531 531 531 534 534 534 535 535 535 536 536 536 532 532 532 535 535 535 534 534 534 519 519 519 537 537 537 535 535 535 538 538 538 536 536 536 539 539 539 535 535 535 534 534 534 534 534 534 537 537 537 539 539 539 540 540 540 538 538 538 535 535 535 541 541 541 538 538 538 540 540 540 535 535 535 542 542 542 540 540 540 540 540 540 542 542 542 539 539 539 540 540 540 543 543 543 541 541 541 544 544 544 543 543 543 540 540 540 545 545 545 540 540 540 539 539 539 539 539 539 546 546 546 545 545 545 545 545 545 546 546 546 537 537 537 540 540 540 547 547 547 544 544 544 547 547 547 540 540 540 545 545 545 548 548 548 544 544 544 547 547 547 549 549 549 548 548 548 547 547 547 550 550 550 549 549 549 547 547 547 547 547 547 551 551 551 550 550 550 552 552 552 550 550 550 551 551 551 551 551 551 553 553 553 552 552 552 551 551 551 547 547 547 554 554 554 545 545 545 554 554 554 547 547 547 553 553 553 551 551 551 555 555 555 554 554 554 555 555 555 551 551 551 555 555 555 556 556 556 553 553 553 557 557 557 556 556 556 555 555 555 555 555 555 558 558 558 557 557 557 559 559 559 558 558 558 555 555 555 554 554 554 545 545 545 560 560 560 537 537 537 560 560 560 545 545 545 537 537 537 561 561 561 560 560 560 560 560 560 561 561 561 562 562 562 562 562 562 563 563 563 560 560 560 563 563 563 564 564 564 560 560 560 560 560 560 565 565 565 554 554 554 565 565 565 560 560 560 564 564 564 555 555 555 554 554 554 565 565 565 564 564 564 566 566 566 567 567 567 564 564 564 567 567 567 565 565 565 565 565 565 567 567 567 568 568 568 565 565 565 568 568 568 569 569 569 565 565 565 570 570 570 555 555 555 569 569 569 570 570 570 565 565 565 559 559 559 555 555 555 570 570 570 570 570 570 569 569 569 571 571 571 570 570 570 572 572 572 559 559 559 570 570 570 571 571 571 573 573 573 570 570 570 574 574 574 572 572 572 573 573 573 574 574 574 570 570 570 575 575 575 576 576 576 577 577 577 578 578 578 575 575 575 577 577 577 577 577 577 579 579 579 578 578 578 580 580 580 578 578 578 579 579 579 580 580 580 579 579 579 581 581 581 581 581 581 582 582 582 580 580 580 579 579 579 577 577 577 583 583 583 582 582 582 581 581 581 584 584 584 584 584 584 585 585 585 582 582 582 586 586 586 581 581 581 579 579 579 585 585 585 584 584 584 587 587 587 587 587 587 588 588 588 585 585 585 589 589 589 588 588 588 587 587 587 590 590 590 584 584 584 581 581 581 581 581 581 591 591 591 590 590 590 590 590 590 591 591 591 586 586 586 592 592 592 587 587 587 584 584 584 584 584 584 590 590 590 592 592 592 587 587 587 593 593 593 589 589 589 594 594 594 589 589 589 593 593 593 587 587 587 592 592 592 595 595 595 595 595 595 593 593 593 587 587 587 593 593 593 596 596 596 594 594 594 594 594 594 596 596 596 597 597 597 598 598 598 594 594 594 597 597 597 593 593 593 595 595 595 599 599 599 599 599 599 597 597 597 593 593 593 600 600 600 595 595 595 592 592 592 592 592 592 601 601 601 600 600 600 602 602 602 600 600 600 601 601 601 603 603 603 592 592 592 590 590 590 601 601 601 603 603 603 602 602 602 590 590 590 604 604 604 603 603 603 604 604 604 590 590 590 586 586 586 605 605 605 602 602 602 603 603 603 603 603 603 606 606 606 605 605 605 607 607 607 605 605 605 606 606 606 608 608 608 603 603 603 604 604 604 606 606 606 608 608 608 607 607 607 586 586 586 609 609 609 604 604 604 610 610 610 607 607 607 608 608 608 608 608 608 611 611 611 610 610 610 610 610 610 611 611 611 612 612 612 604 604 604 613 613 613 608 608 608 612 612 612 608 608 608 613 613 613 604 604 604 609 609 609 614 614 614 614 614 614 613 613 613 604 604 604 613 613 613 614 614 614 615 615 615 612 612 612 616 616 616 610 610 610 613 613 613 617 617 617 612 612 612 618 618 618 617 617 617 613 613 613 613 613 613 615 615 615 618 618 618 619 619 619 612 612 612 617 617 617 617 617 617 618 618 618 619 619 619 619 619 619 620 620 620 612 612 612 616 616 616 612 612 612 620 620 620 620 620 620 621 621 621 616 616 616 618 618 618 622 622 622 619 619 619 618 618 618 615 615 615 623 623 623 623 623 623 622 622 622 618 618 618 624 624 624 623 623 623 615 615 615 615 615 615 609 609 609 624 624 624 622 622 622 623 623 623 625 625 625 625 625 625 626 626 626 622 622 622 619 619 619 622 622 622 626 626 626 627 627 627 625 625 625 623 623 623 627 627 627 623 623 623 624 624 624 619 619 619 626 626 626 628 628 628 628 628 628 629 629 629 619 619 619 626 626 626 627 627 627 630 630 630 630 630 630 628 628 628 626 626 626 624 624 624 631 631 631 627 627 627 632 632 632 630 630 630 627 627 627 627 627 627 631 631 631 632 632 632 633 633 633 624 624 624 609 609 609 631 631 631 624 624 624 633 633 633 609 609 609 586 586 586 633 633 633 579 579 579 633 633 633 586 586 586 583 583 583 633 633 633 579 579 579 633 633 633 634 634 634 631 631 631 583 583 583 634 634 634 633 633 633 631 631 631 583 583 583 635 635 635 635 635 635 632 632 632 631 631 631 630 630 630 632 632 632 636 636 636 636 636 636 632 632 632 635 635 635 636 636 636 637 637 637 630 630 630 628 628 628 630 630 630 637 637 637 635 635 635 638 638 638 636 636 636 637 637 637 639 639 639 628 628 628 628 628 628 639 639 639 640 640 640 640 640 640 641 641 641 628 628 628 628 628 628 641 641 641 642 642 642 628 628 628 642 642 642 643 643 643 643 643 643 629 629 629 628 628 628 638 638 638 635 635 635 644 644 644 644 644 644 635 635 635 583 583 583 583 583 583 577 577 577 644 644 644 644 644 644 577 577 577 645 645 645 645 645 645 646 646 646 644 644 644 644 644 644 646 646 646 647 647 647 644 644 644 648 648 648 638 638 638 647 647 647 649 649 649 644 644 644 648 648 648 644 644 644 649 649 649 649 649 649 650 650 650 648 648 648 649 649 649 651 651 651 650 650 650 652 652 652 651 651 651 649 649 649 653 653 653 652 652 652 649 649 649 649 649 649 654 654 654 653 653 653 653 653 653 654 654 654 655 655 655 655 655 655 656 656 656 653 653 653 657 657 657 653 653 653 656 656 656 658 658 658 653 653 653 657 657 657 657 657 657 659 659 659 658 658 658 660 660 660 659 659 659 657 657 657 656 656 656 661 661 661 657 657 657 660 660 660 657 657 657 661 661 661 661 661 661 656 656 656 662 662 662 662 662 662 663 663 663 661 661 661 664 664 664 663 663 663 662 662 662 664 664 664 662 662 662 665 665 665 661 661 661 666 666 666 660 660 660 667 667 667 660 660 660 666 666 666 666 666 666 668 668 668 667 667 667 669 669 669 668 668 668 666 666 666 670 670 670 666 666 666 661 661 661 669 669 669 666 666 666 670 670 670 661 661 661 664 664 664 670 670 670 670 670 670 671 671 671 669 669 669 672 672 672 669 669 669 671 671 671 673 673 673 670 670 670 664 664 664 672 672 672 671 671 671 674 674 674 674 674 674 671 671 671 670 670 670 670 670 670 673 673 673 674 674 674 674 674 674 675 675 675 672 672 672 676 676 676 675 675 675 674 674 674 674 674 674 677 677 677 676 676 676 678 678 678 677 677 677 674 674 674 679 679 679 678 678 678 674 674 674 674 674 674 680 680 680 679 679 679 680 680 680 674 674 674 673 673 673 680 680 680 681 681 681 679 679 679 673 673 673 682 682 682 680 680 680 681 681 681 680 680 680 682 682 682 664 664 664 683 683 683 673 673 673 682 682 682 673 673 673 683 683 683 665 665 665 683 683 683 664 664 664 682 682 682 684 684 684 681 681 681 684 684 684 685 685 685 681 681 681 683 683 683 686 686 686 682 682 682 686 686 686 683 683 683 665 665 665 684 684 684 682 682 682 686 686 686 685 685 685 684 684 684 687 687 687 665 665 665 688 688 688 686 686 686 686 686 686 689 689 689 684 684 684 687 687 687 684 684 684 689 689 689 688 688 688 690 690 690 686 686 686 689 689 689 690 690 690 688 688 688 689 689 689 691 691 691 687 687 687 691 691 691 689 689 689 688 688 688 691 691 691 692 692 692 687 687 687 693 693 693 692 692 692 691 691 691 691 691 691 694 694 694 693 693 693 688 688 688 695 695 695 691 691 691 691 691 691 643 643 643 694 694 694 695 695 695 643 643 643 691 691 691 643 643 643 695 695 695 696 696 696 696 696 696 629 629 629 643 643 643 697 697 697 629 629 629 696 696 696 698 698 698 629 629 629 697 697 697 697 697 697 699 699 699 698 698 698 700 700 700 699 699 699 697 697 697 696 696 696 701 701 701 697 697 697 700 700 700 697 697 697 701 701 701 701 701 701 696 696 696 702 702 702 702 702 702 703 703 703 701 701 701 704 704 704 703 703 703 702 702 702 704 704 704 702 702 702 705 705 705 701 701 701 706 706 706 700 700 700 707 707 707 700 700 700 706 706 706 706 706 706 708 708 708 707 707 707 709 709 709 708 708 708 706 706 706 710 710 710 706 706 706 701 701 701 709 709 709 706 706 706 710 710 710 701 701 701 704 704 704 710 710 710 710 710 710 711 711 711 709 709 709 712 712 712 709 709 709 711 711 711 713 713 713 710 710 710 704 704 704 712 712 712 711 711 711 714 714 714 714 714 714 711 711 711 710 710 710 710 710 710 713 713 713 714 714 714 714 714 714 715 715 715 712 712 712 714 714 714 716 716 716 715 715 715 717 717 717 716 716 716 714 714 714 718 718 718 717 717 717 714 714 714 714 714 714 719 719 719 718 718 718 719 719 719 714 714 714 713 713 713 719 719 719 720 720 720 718 718 718 713 713 713 721 721 721 719 719 719 720 720 720 719 719 719 721 721 721 704 704 704 722 722 722 713 713 713 721 721 721 713 713 713 722 722 722 705 705 705 722 722 722 704 704 704 721 721 721 723 723 723 720 720 720 723 723 723 724 724 724 720 720 720 722 722 722 725 725 725 721 721 721 725 725 725 722 722 722 705 705 705 723 723 723 721 721 721 725 725 725 724 724 724 723 723 723 726 726 726 705 705 705 727 727 727 725 725 725 725 725 725 728 728 728 723 723 723 726 726 726 723 723 723 728 728 728 727 727 727 729 729 729 725 725 725 728 728 728 729 729 729 727 727 727 728 728 728 730 730 730 726 726 726 730 730 730 728 728 728 727 727 727 730 730 730 731 731 731 726 726 726 732 732 732 731 731 731 730 730 730 730 730 730 733 733 733 732 732 732 727 727 727 734 734 734 730 730 730 730 730 730 735 735 735 733 733 733 734 734 734 735 735 735 730 730 730 735 735 735 734 734 734 736 736 736 736 736 736 737 737 737 735 735 735 735 735 735 737 737 737 738 738 738 738 738 738 739 739 739 735 735 735 738 738 738 740 740 740 739 739 739 741 741 741 740 740 740 738 738 738 742 742 742 741 741 741 738 738 738 743 743 743 737 737 737 736 736 736 744 744 744 737 737 737 743 743 743 743 743 743 745 745 745 744 744 744 746 746 746 745 745 745 743 743 743 736 736 736 747 747 747 743 743 743 746 746 746 743 743 743 747 747 747 747 747 747 736 736 736 748 748 748 748 748 748 749 749 749 747 747 747 750 750 750 749 749 749 748 748 748 750 750 750 748 748 748 751 751 751 747 747 747 752 752 752 746 746 746 753 753 753 746 746 746 752 752 752 752 752 752 754 754 754 753 753 753 755 755 755 754 754 754 752 752 752 756 756 756 752 752 752 747 747 747 755 755 755 752 752 752 756 756 756 747 747 747 750 750 750 756 756 756 756 756 756 757 757 757 755 755 755 758 758 758 755 755 755 757 757 757 759 759 759 756 756 756 750 750 750 758 758 758 757 757 757 760 760 760 760 760 760 757 757 757 756 756 756 756 756 756 759 759 759 760 760 760 760 760 760 761 761 761 758 758 758 762 762 762 761 761 761 760 760 760 760 760 760 763 763 763 762 762 762 764 764 764 763 763 763 760 760 760 765 765 765 764 764 764 760 760 760 760 760 760 766 766 766 765 765 765 766 766 766 760 760 760 759 759 759 766 766 766 767 767 767 765 765 765 759 759 759 768 768 768 766 766 766 767 767 767 766 766 766 768 768 768 750 750 750 769 769 769 759 759 759 768 768 768 759 759 759 769 769 769 751 751 751 769 769 769 750 750 750 768 768 768 770 770 770 767 767 767 770 770 770 771 771 771 767 767 767 769 769 769 772 772 772 768 768 768 772 772 772 769 769 769 751 751 751 770 770 770 768 768 768 772 772 772 771 771 771 770 770 770 773 773 773 751 751 751 774 774 774 772 772 772 772 772 772 775 775 775 770 770 770 773 773 773 770 770 770 775 775 775 774 774 774 776 776 776 772 772 772 775 775 775 776 776 776 774 774 774 775 775 775 777 777 777 773 773 773 777 777 777 775 775 775 774 774 774 777 777 777 778 778 778 773 773 773 779 779 779 778 778 778 777 777 777 777 777 777 780 780 780 779 779 779 774 774 774 781 781 781 777 777 777 777 777 777 782 782 782 780 780 780 781 781 781 782 782 782 777 777 777 782 782 782 781 781 781 783 783 783 783 783 783 784 784 784 782 782 782 785 785 785 782 782 782 784 784 784 786 786 786 784 784 784 783 783 783 787 787 787 782 782 782 785 785 785 788 788 788 784 784 784 786 786 786 786 786 786 789 789 789 788 788 788 784 784 784 790 790 790 785 785 785 791 791 791 789 789 789 786 786 786 790 790 790 792 792 792 785 785 785 785 785 785 792 792 792 793 793 793 793 793 793 794 794 794 785 785 785 785 785 785 794 794 794 795 795 795 791 791 791 786 786 786 796 796 796 783 783 783 796 796 796 786 786 786 796 796 796 783 783 783 797 797 797 797 797 797 798 798 798 796 796 796 799 799 799 798 798 798 797 797 797 799 799 799 797 797 797 800 800 800 796 796 796 801 801 801 791 791 791 802 802 802 791 791 791 801 801 801 801 801 801 803 803 803 802 802 802 804 804 804 803 803 803 801 801 801 805 805 805 801 801 801 796 796 796 804 804 804 801 801 801 805 805 805 796 796 796 799 799 799 805 805 805 805 805 805 806 806 806 804 804 804 807 807 807 804 804 804 806 806 806 808 808 808 805 805 805 799 799 799 807 807 807 806 806 806 809 809 809 809 809 809 806 806 806 805 805 805 805 805 805 808 808 808 809 809 809 809 809 809 810 810 810 807 807 807 809 809 809 811 811 811 810 810 810 812 812 812 811 811 811 809 809 809 813 813 813 812 812 812 809 809 809 809 809 809 814 814 814 813 813 813 814 814 814 809 809 809 808 808 808 814 814 814 815 815 815 813 813 813 808 808 808 816 816 816 814 814 814 815 815 815 814 814 814 816 816 816 799 799 799 817 817 817 808 808 808 816 816 816 808 808 808 817 817 817 800 800 800 817 817 817 799 799 799 816 816 816 818 818 818 815 815 815 818 818 818 819 819 819 815 815 815 817 817 817 820 820 820 816 816 816 820 820 820 817 817 817 800 800 800 818 818 818 816 816 816 820 820 820 819 819 819 818 818 818 821 821 821 800 800 800 822 822 822 820 820 820 820 820 820 823 823 823 818 818 818 821 821 821 818 818 818 823 823 823 822 822 822 824 824 824 820 820 820 823 823 823 824 824 824 822 822 822 823 823 823 825 825 825 821 821 821 825 825 825 823 823 823 822 822 822 825 825 825 826 826 826 821 821 821 822 822 822 655 655 655 825 825 825 827 827 827 826 826 826 825 825 825 825 825 825 828 828 828 827 827 827 655 655 655 654 654 654 825 825 825 825 825 825 654 654 654 828 828 828 829 829 829 830 830 830 654 654 654 829 829 829 831 831 831 830 830 830 832 832 832 831 831 831 829 829 829 654 654 654 649 649 649 829 829 829 833 833 833 832 832 832 829 829 829 829 829 829 649 649 649 834 834 834 834 834 834 649 649 649 835 835 835 829 829 829 836 836 836 833 833 833 837 837 837 833 833 833 836 836 836 836 836 836 829 829 829 838 838 838 836 836 836 839 839 839 837 837 837 840 840 840 837 837 837 839 839 839 838 838 838 841 841 841 836 836 836 839 839 839 836 836 836 841 841 841 838 838 838 842 842 842 841 841 841 841 841 841 842 842 842 843 843 843 841 841 841 843 843 843 844 844 844 841 841 841 845 845 845 839 839 839 839 839 839 845 845 845 846 846 846 844 844 844 847 847 847 841 841 841 846 846 846 841 841 841 847 847 847 847 847 847 844 844 844 848 848 848 839 839 839 846 846 846 849 849 849 850 850 850 847 847 847 848 848 848 848 848 848 851 851 851 850 850 850 852 852 852 850 850 850 851 851 851 852 852 852 851 851 851 853 853 853 847 847 847 854 854 854 846 846 846 854 854 854 847 847 847 852 852 852 855 855 855 846 846 846 854 854 854 853 853 853 856 856 856 852 852 852 856 856 856 853 853 853 857 857 857 857 857 857 858 858 858 856 856 856 859 859 859 858 858 858 857 857 857 859 859 859 857 857 857 860 860 860 852 852 852 856 856 856 861 861 861 861 861 861 856 856 856 859 859 859 852 852 852 862 862 862 854 854 854 861 861 861 862 862 862 852 852 852 860 860 860 863 863 863 859 859 859 863 863 863 860 860 860 864 864 864 859 859 859 865 865 865 861 861 861 865 865 865 859 859 859 863 863 863 861 861 861 866 866 866 862 862 862 867 867 867 861 861 861 865 865 865 862 862 862 866 866 866 867 867 867 864 864 864 868 868 868 863 863 863 868 868 868 864 864 864 869 869 869 863 863 863 868 868 868 870 870 870 869 869 869 871 871 871 868 868 868 870 870 870 872 872 872 863 863 863 863 863 863 872 872 872 865 865 865 871 871 871 869 869 869 873 873 873 872 872 872 870 870 870 874 874 874 874 874 874 868 868 868 871 871 871 875 875 875 865 865 865 872 872 872 865 865 865 875 875 875 867 867 867 874 874 874 876 876 876 872 872 872 872 872 872 876 876 876 875 875 875 874 874 874 877 877 877 876 876 876 876 876 876 877 877 877 878 878 878 871 871 871 879 879 879 874 874 874 878 878 878 874 874 874 879 879 879 879 879 879 871 871 871 880 880 880 873 873 873 880 880 880 871 871 871 879 879 879 881 881 881 878 878 878 882 882 882 880 880 880 873 873 873 873 873 873 883 883 883 882 882 882 880 880 880 884 884 884 879 879 879 884 884 884 880 880 880 882 882 882 881 881 881 879 879 879 884 884 884 883 883 883 885 885 885 882 882 882 885 885 885 883 883 883 886 886 886 886 886 886 887 887 887 885 885 885 886 886 886 888 888 888 887 887 887 882 882 882 889 889 889 884 884 884 889 889 889 882 882 882 887 887 887 884 884 884 890 890 890 881 881 881 890 890 890 884 884 884 889 889 889 891 891 891 887 887 887 888 888 888 888 888 888 892 892 892 891 891 891 892 892 892 893 893 893 891 891 891 887 887 887 891 891 891 894 894 894 895 895 895 891 891 891 893 893 893 894 894 894 891 891 891 895 895 895 893 893 893 896 896 896 895 895 895 894 894 894 897 897 897 887 887 887 887 887 887 897 897 897 889 889 889 896 896 896 898 898 898 895 895 895 894 894 894 899 899 899 897 897 897 897 897 897 899 899 899 900 900 900 895 895 895 901 901 901 894 894 894 900 900 900 894 894 894 901 901 901 902 902 902 901 901 901 895 895 895 895 895 895 903 903 903 902 902 902 903 903 903 895 895 895 898 898 898 901 901 901 902 902 902 904 904 904 898 898 898 905 905 905 903 903 903 898 898 898 906 906 906 905 905 905 907 907 907 906 906 906 898 898 898 737 737 737 907 907 907 898 898 898 898 898 898 738 738 738 737 737 737 904 904 904 908 908 908 901 901 901 901 901 901 908 908 908 900 900 900 909 909 909 908 908 908 904 904 904 904 904 904 910 910 910 909 909 909 911 911 911 900 900 900 908 908 908 908 908 908 909 909 909 911 911 911 912 912 912 909 909 909 910 910 910 910 910 910 913 913 913 912 912 912 914 914 914 911 911 911 909 909 909 909 909 909 912 912 912 914 914 914 915 915 915 900 900 900 911 911 911 900 900 900 915 915 915 897 897 897 911 911 911 916 916 916 915 915 915 911 911 911 917 917 917 916 916 916 897 897 897 915 915 915 918 918 918 918 918 918 889 889 889 897 897 897 889 889 889 918 918 918 890 890 890 919 919 919 918 918 918 915 915 915 915 915 915 916 916 916 919 919 919 920 920 920 890 890 890 918 918 918 918 918 918 919 919 919 920 920 920 921 921 921 916 916 916 917 917 917 917 917 917 914 914 914 921 921 921 922 922 922 919 919 919 916 916 916 916 916 916 921 921 921 922 922 922 919 919 919 922 922 922 923 923 923 923 923 923 920 920 920 919 919 919 924 924 924 922 922 922 921 921 921 924 924 924 921 921 921 914 914 914 923 923 923 922 922 922 924 924 924 914 914 914 912 912 912 924 924 924 920 920 920 923 923 923 925 925 925 924 924 924 925 925 925 923 923 923 925 925 925 926 926 926 920 920 920 926 926 926 925 925 925 924 924 924 890 890 890 920 920 920 926 926 926 926 926 926 881 881 881 890 890 890 881 881 881 926 926 926 927 927 927 924 924 924 927 927 927 926 926 926 927 927 927 878 878 878 881 881 881 912 912 912 928 928 928 924 924 924 927 927 927 924 924 924 928 928 928 928 928 928 912 912 912 913 913 913 913 913 913 929 929 929 928 928 928 929 929 929 930 930 930 928 928 928 928 928 928 930 930 930 787 787 787 927 927 927 928 928 928 931 931 931 931 931 931 932 932 932 927 927 927 878 878 878 932 932 932 931 931 931 878 878 878 931 931 931 876 876 876 931 931 931 928 928 928 933 933 933 933 933 933 928 928 928 787 787 787 876 876 876 931 931 931 934 934 934 933 933 933 934 934 934 931 931 931 934 934 934 875 875 875 876 876 876 934 934 934 933 933 933 935 935 935 787 787 787 935 935 935 933 933 933 875 875 875 934 934 934 936 936 936 935 935 935 936 936 936 934 934 934 936 936 936 867 867 867 875 875 875 787 787 787 937 937 937 935 935 935 938 938 938 935 935 935 937 937 937 939 939 939 867 867 867 936 936 936 867 867 867 939 939 939 862 862 862 936 936 936 938 938 938 940 940 940 937 937 937 940 940 940 938 938 938 936 936 936 940 940 940 939 939 939 787 787 787 941 941 941 937 937 937 940 940 940 937 937 937 941 941 941 942 942 942 941 941 941 787 787 787 785 785 785 942 942 942 787 787 787 941 941 941 943 943 943 940 940 940 943 943 943 941 941 941 942 942 942 939 939 939 940 940 940 943 943 943 942 942 942 785 785 785 944 944 944 795 795 795 944 944 944 785 785 785 944 944 944 795 795 795 945 945 945 942 942 942 946 946 946 943 943 943 944 944 944 946 946 946 942 942 942 943 943 943 947 947 947 939 939 939 947 947 947 943 943 943 946 946 946 862 862 862 939 939 939 947 947 947 947 947 947 854 854 854 862 862 862 854 854 854 947 947 947 855 855 855 946 946 946 855 855 855 947 947 947 944 944 944 948 948 948 946 946 946 949 949 949 855 855 855 948 948 948 948 948 948 944 944 944 949 949 949 945 945 945 949 949 949 944 944 944 949 949 949 849 849 849 855 855 855 945 945 945 840 840 840 949 949 949 849 849 849 949 949 949 839 839 839 839 839 839 949 949 949 840 840 840 950 950 950 951 951 951 952 952 952 950 950 950 952 952 952 953 953 953 953 953 953 954 954 954 950 950 950 954 954 954 953 953 953 955 955 955 956 956 956 954 954 954 955 955 955 955 955 955 598 598 598 956 956 956 597 597 597 956 956 956 598 598 598 957 957 957 956 956 956 597 597 597 597 597 597 599 599 599 957 957 957 958 958 958 957 957 957 599 599 599 959 959 959 954 954 954 956 956 956 956 956 956 958 958 958 959 959 959 954 954 954 959 959 959 960 960 960 960 960 960 950 950 950 954 954 954 961 961 961 959 959 959 958 958 958 962 962 962 960 960 960 959 959 959 959 959 959 961 961 961 962 962 962 950 950 950 960 960 960 963 963 963 960 960 960 962 962 962 964 964 964 964 964 964 963 963 963 960 960 960 965 965 965 964 964 964 962 962 962 963 963 963 964 964 964 966 966 966 966 966 966 964 964 964 965 965 965 966 966 966 967 967 967 963 963 963 965 965 965 968 968 968 966 966 966 969 969 969 963 963 963 967 967 967 963 963 963 969 969 969 950 950 950 967 967 967 742 742 742 969 969 969 970 970 970 950 950 950 969 969 969 969 969 969 971 971 971 970 970 970 972 972 972 971 971 971 969 969 969 738 738 738 969 969 969 742 742 742 969 969 969 738 738 738 972 972 972 968 968 968 965 965 965 973 973 973 973 973 973 974 974 974 968 968 968 621 621 621 974 974 974 973 973 973 973 973 973 616 616 616 621 621 621 973 973 973 965 965 965 975 975 975 962 962 962 975 975 975 965 965 965 975 975 975 962 962 962 961 961 961 975 975 975 976 976 976 973 973 973 616 616 616 973 973 973 976 976 976 961 961 961 977 977 977 975 975 975 976 976 976 975 975 975 977 977 977 977 977 977 961 961 961 978 978 978 958 958 958 978 978 978 961 961 961 977 977 977 979 979 979 976 976 976 976 976 976 979 979 979 616 616 616 978 978 978 980 980 980 977 977 977 979 979 979 977 977 977 980 980 980 981 981 981 978 978 978 958 958 958 958 958 958 599 599 599 981 981 981 981 981 981 599 599 599 595 595 595 982 982 982 978 978 978 981 981 981 595 595 595 602 602 602 981 981 981 981 981 981 983 983 983 982 982 982 983 983 983 981 981 981 602 602 602 980 980 980 982 982 982 983 983 983 602 602 602 607 607 607 983 983 983 980 980 980 984 984 984 979 979 979 984 984 984 980 980 980 983 983 983 616 616 616 979 979 979 984 984 984 985 985 985 983 983 983 607 607 607 607 607 607 616 616 616 985 985 985 983 983 983 985 985 985 984 984 984 984 984 984 985 985 985 616 616 616 986 986 986 738 738 738 987 987 987 987 987 987 988 988 988 986 986 986 987 987 987 738 738 738 898 898 898 989 989 989 988 988 988 987 987 987 898 898 898 990 990 990 987 987 987 990 990 990 898 898 898 991 991 991 991 991 991 992 992 992 993 993 993 990 990 990 991 991 991 993 993 993 987 987 987 994 994 994 989 989 989 993 993 993 995 995 995 990 990 990 995 995 995 993 993 993 996 996 996 997 997 997 987 987 987 990 990 990 994 994 994 987 987 987 997 997 997 994 994 994 998 998 998 989 989 989 999 999 999 989 989 989 998 998 998 1000 1000 1000 999 999 999 998 998 998 998 998 998 1001 1001 1001 1000 1000 1000 1001 1001 1001 1002 1002 1002 1000 1000 1000 1003 1003 1003 1000 1000 1000 1002 1002 1002 1002 1002 1002 1004 1004 1004 1003 1003 1003 1001 1001 1001 994 994 994 1005 1005 1005 997 997 997 1005 1005 1005 994 994 994 1004 1004 1004 1006 1006 1006 1003 1003 1003 1007 1007 1007 1003 1003 1003 1006 1006 1006 1008 1008 1008 1007 1007 1007 1006 1006 1006 1006 1006 1006 1009 1009 1009 1008 1008 1008 1010 1010 1010 1008 1008 1008 1009 1009 1009 1009 1009 1009 1011 1011 1011 1010 1010 1010 1012 1012 1012 1011 1011 1011 1009 1009 1009 1004 1004 1004 1001 1001 1001 1013 1013 1013 1005 1005 1005 1013 1013 1013 1001 1001 1001 1009 1009 1009 1004 1004 1004 1014 1014 1014 1013 1013 1013 1014 1014 1014 1004 1004 1004 1009 1009 1009 1015 1015 1015 1012 1012 1012 1014 1014 1014 1015 1015 1015 1009 1009 1009 1015 1015 1015 1016 1016 1016 1012 1012 1012 1015 1015 1015 1014 1014 1014 1017 1017 1017 1017 1017 1017 1016 1016 1016 1015 1015 1015 1014 1014 1014 1013 1013 1013 1018 1018 1018 1018 1018 1018 1017 1017 1017 1014 1014 1014 1019 1019 1019 1012 1012 1012 1016 1016 1016 1020 1020 1020 1018 1018 1018 1013 1013 1013 1013 1013 1013 1005 1005 1005 1020 1020 1020 1017 1017 1017 1018 1018 1018 1021 1021 1021 1022 1022 1022 1020 1020 1020 1005 1005 1005 1005 1005 1005 997 997 997 1022 1022 1022 1018 1018 1018 1020 1020 1020 1023 1023 1023 1023 1023 1023 1021 1021 1021 1018 1018 1018 1020 1020 1020 1022 1022 1022 1024 1024 1024 1024 1024 1024 1023 1023 1023 1020 1020 1020 1021 1021 1021 1025 1025 1025 1017 1017 1017 1016 1016 1016 1017 1017 1017 1025 1025 1025 1021 1021 1021 1023 1023 1023 1026 1026 1026 1025 1025 1025 1027 1027 1027 1016 1016 1016 1016 1016 1016 1027 1027 1027 1019 1019 1019 1025 1025 1025 1021 1021 1021 1028 1028 1028 1026 1026 1026 1028 1028 1028 1021 1021 1021 1027 1027 1027 1025 1025 1025 1029 1029 1029 1028 1028 1028 1029 1029 1029 1025 1025 1025 1029 1029 1029 1030 1030 1030 1027 1027 1027 1027 1027 1027 1030 1030 1030 1019 1019 1019 1029 1029 1029 1028 1028 1028 1031 1031 1031 1030 1030 1030 1029 1029 1029 1032 1032 1032 1031 1031 1031 1032 1032 1032 1029 1029 1029 1032 1032 1032 1033 1033 1033 1030 1030 1030 1019 1019 1019 1030 1030 1030 1033 1033 1033 1034 1034 1034 1031 1031 1031 1028 1028 1028 1028 1028 1028 1026 1026 1026 1034 1034 1034 1032 1032 1032 1031 1031 1031 1035 1035 1035 1033 1033 1033 1032 1032 1032 1036 1036 1036 1035 1035 1035 1036 1036 1036 1032 1032 1032 1036 1036 1036 1037 1037 1037 1033 1033 1033 1033 1033 1033 1037 1037 1037 1019 1019 1019 1038 1038 1038 1035 1035 1035 1031 1031 1031 1031 1031 1031 1034 1034 1034 1038 1038 1038 1036 1036 1036 1035 1035 1035 1039 1039 1039 1037 1037 1037 1036 1036 1036 1040 1040 1040 1039 1039 1039 1040 1040 1040 1036 1036 1036 1040 1040 1040 1041 1041 1041 1037 1037 1037 1019 1019 1019 1037 1037 1037 1041 1041 1041 1042 1042 1042 1039 1039 1039 1035 1035 1035 1035 1035 1035 1038 1038 1038 1042 1042 1042 1040 1040 1040 1039 1039 1039 1043 1043 1043 1041 1041 1041 1040 1040 1040 1044 1044 1044 1043 1043 1043 1044 1044 1044 1040 1040 1040 1044 1044 1044 1045 1045 1045 1041 1041 1041 1019 1019 1019 1041 1041 1041 1045 1045 1045 1046 1046 1046 1043 1043 1043 1039 1039 1039 1039 1039 1039 1042 1042 1042 1046 1046 1046 1044 1044 1044 1043 1043 1043 1047 1047 1047 1045 1045 1045 1044 1044 1044 1048 1048 1048 1047 1047 1047 1048 1048 1048 1044 1044 1044 1048 1048 1048 1049 1049 1049 1045 1045 1045 1019 1019 1019 1045 1045 1045 1049 1049 1049 1050 1050 1050 1047 1047 1047 1043 1043 1043 1043 1043 1043 1046 1046 1046 1050 1050 1050 1048 1048 1048 1047 1047 1047 1051 1051 1051 1049 1049 1049 1048 1048 1048 1052 1052 1052 1051 1051 1051 1052 1052 1052 1048 1048 1048 1052 1052 1052 1053 1053 1053 1049 1049 1049 1019 1019 1019 1049 1049 1049 1053 1053 1053 1054 1054 1054 1051 1051 1051 1047 1047 1047 1047 1047 1047 1050 1050 1050 1054 1054 1054 1052 1052 1052 1051 1051 1051 1055 1055 1055 1053 1053 1053 1052 1052 1052 1056 1056 1056 1055 1055 1055 1056 1056 1056 1052 1052 1052 1056 1056 1056 1057 1057 1057 1053 1053 1053 1053 1053 1053 1057 1057 1057 1019 1019 1019 1058 1058 1058 1055 1055 1055 1051 1051 1051 1051 1051 1051 1054 1054 1054 1058 1058 1058 1056 1056 1056 1055 1055 1055 1059 1059 1059 1057 1057 1057 1056 1056 1056 1060 1060 1060 1059 1059 1059 1060 1060 1060 1056 1056 1056 1060 1060 1060 1061 1061 1061 1057 1057 1057 1057 1057 1057 1061 1061 1061 1019 1019 1019 1062 1062 1062 1059 1059 1059 1055 1055 1055 1055 1055 1055 1058 1058 1058 1062 1062 1062 1019 1019 1019 1061 1061 1061 1063 1063 1063 1061 1061 1061 1060 1060 1060 1064 1064 1064 1064 1064 1064 1063 1063 1063 1061 1061 1061 1060 1060 1060 1059 1059 1059 1065 1065 1065 1065 1065 1065 1064 1064 1064 1060 1060 1060 1019 1019 1019 1063 1063 1063 1066 1066 1066 1066 1066 1066 1067 1067 1067 1019 1019 1019 1068 1068 1068 1067 1067 1067 1066 1066 1066 1066 1066 1066 1069 1069 1069 1068 1068 1068 1070 1070 1070 1066 1066 1066 1063 1063 1063 1069 1069 1069 1066 1066 1066 1070 1070 1070 1063 1063 1063 1064 1064 1064 1070 1070 1070 1070 1070 1070 1071 1071 1071 1069 1069 1069 1070 1070 1070 1072 1072 1072 1071 1071 1071 1073 1073 1073 1070 1070 1070 1064 1064 1064 1072 1072 1072 1070 1070 1070 1073 1073 1073 1064 1064 1064 1065 1065 1065 1073 1073 1073 1073 1073 1073 1074 1074 1074 1072 1072 1072 1074 1074 1074 1073 1073 1073 1075 1075 1075 1075 1075 1075 1073 1073 1073 1065 1065 1065 1075 1075 1075 1076 1076 1076 1074 1074 1074 1075 1075 1075 1077 1077 1077 1076 1076 1076 1078 1078 1078 1077 1077 1077 1075 1075 1075 1075 1075 1075 835 835 835 1078 1078 1078 835 835 835 1075 1075 1075 834 834 834 1065 1065 1065 1079 1079 1079 1075 1075 1075 834 834 834 1075 1075 1075 1079 1079 1079 1079 1079 1079 1065 1065 1065 1059 1059 1059 1059 1059 1059 1062 1062 1062 1079 1079 1079 1079 1079 1079 1080 1080 1080 834 834 834 1080 1080 1080 1079 1079 1079 1062 1062 1062 1062 1062 1062 1081 1081 1081 1080 1080 1080 1081 1081 1081 1062 1062 1062 1058 1058 1058 834 834 834 1080 1080 1080 1082 1082 1082 1058 1058 1058 1083 1083 1083 1081 1081 1081 1083 1083 1083 1058 1058 1058 1054 1054 1054 1084 1084 1084 1082 1082 1082 1080 1080 1080 1080 1080 1080 1085 1085 1085 1084 1084 1084 1086 1086 1086 1084 1084 1084 1085 1085 1085 1085 1085 1085 1081 1081 1081 1086 1086 1086 1087 1087 1087 1086 1086 1086 1081 1081 1081 1081 1081 1081 1088 1088 1088 1087 1087 1087 1089 1089 1089 1087 1087 1087 1088 1088 1088 1088 1088 1088 1083 1083 1083 1089 1089 1089 1054 1054 1054 1090 1090 1090 1083 1083 1083 1090 1090 1090 1054 1054 1054 1050 1050 1050 1091 1091 1091 1089 1089 1089 1083 1083 1083 1083 1083 1083 1090 1090 1090 1091 1091 1091 1050 1050 1050 1092 1092 1092 1090 1090 1090 1092 1092 1092 1050 1050 1050 1046 1046 1046 1093 1093 1093 1091 1091 1091 1090 1090 1090 1090 1090 1090 1094 1094 1094 1093 1093 1093 1095 1095 1095 1093 1093 1093 1094 1094 1094 1094 1094 1094 1092 1092 1092 1095 1095 1095 1046 1046 1046 1096 1096 1096 1092 1092 1092 1096 1096 1096 1046 1046 1046 1042 1042 1042 1097 1097 1097 1095 1095 1095 1092 1092 1092 1092 1092 1092 1098 1098 1098 1097 1097 1097 1099 1099 1099 1097 1097 1097 1098 1098 1098 1098 1098 1098 1096 1096 1096 1099 1099 1099 1042 1042 1042 1100 1100 1100 1096 1096 1096 1100 1100 1100 1042 1042 1042 1038 1038 1038 1101 1101 1101 1099 1099 1099 1096 1096 1096 1096 1096 1096 1102 1102 1102 1101 1101 1101 1101 1101 1101 1102 1102 1102 1100 1100 1100 1038 1038 1038 1103 1103 1103 1100 1100 1100 1103 1103 1103 1038 1038 1038 1034 1034 1034 1104 1104 1104 1101 1101 1101 1100 1100 1100 1100 1100 1100 1103 1103 1103 1104 1104 1104 1034 1034 1034 1105 1105 1105 1103 1103 1103 1105 1105 1105 1034 1034 1034 1026 1026 1026 1106 1106 1106 1104 1104 1104 1103 1103 1103 1103 1103 1103 1107 1107 1107 1106 1106 1106 1108 1108 1108 1106 1106 1106 1107 1107 1107 1107 1107 1107 1105 1105 1105 1108 1108 1108 1026 1026 1026 1109 1109 1109 1105 1105 1105 1109 1109 1109 1026 1026 1026 1023 1023 1023 1023 1023 1023 1024 1024 1024 1109 1109 1109 1110 1110 1110 1108 1108 1108 1105 1105 1105 1105 1105 1105 1111 1111 1111 1110 1110 1110 1112 1112 1112 1110 1110 1110 1111 1111 1111 1111 1111 1111 1109 1109 1109 1112 1112 1112 1109 1109 1109 1024 1024 1024 1113 1113 1113 1113 1113 1113 1112 1112 1112 1109 1109 1109 1114 1114 1114 1113 1113 1113 1024 1024 1024 1024 1024 1024 1115 1115 1115 1114 1114 1114 1116 1116 1116 1114 1114 1114 1115 1115 1115 1115 1115 1115 1022 1022 1022 1116 1116 1116 1117 1117 1117 1116 1116 1116 1022 1022 1022 1022 1022 1022 1118 1118 1118 1117 1117 1117 1119 1119 1119 1117 1117 1117 1118 1118 1118 1118 1118 1118 997 997 997 1119 1119 1119 990 990 990 1119 1119 1119 997 997 997 1120 1120 1120 1119 1119 1119 990 990 990 990 990 990 995 995 995 1120 1120 1120 1121 1121 1121 1116 1116 1116 1119 1119 1119 1119 1119 1119 1120 1120 1120 1121 1121 1121 1116 1116 1116 1121 1121 1121 1122 1122 1122 1122 1122 1122 1113 1113 1113 1116 1116 1116 1123 1123 1123 1121 1121 1121 1120 1120 1120 1113 1113 1113 1122 1122 1122 1124 1124 1124 1124 1124 1124 1112 1112 1112 1113 1113 1113 1125 1125 1125 1122 1122 1122 1121 1121 1121 1121 1121 1121 1123 1123 1123 1125 1125 1125 1126 1126 1126 1124 1124 1124 1122 1122 1122 1122 1122 1122 1125 1125 1125 1126 1126 1126 1112 1112 1112 1124 1124 1124 1127 1127 1127 1127 1127 1127 1108 1108 1108 1112 1112 1112 1124 1124 1124 1126 1126 1126 1128 1128 1128 1128 1128 1128 1127 1127 1127 1124 1124 1124 1108 1108 1108 1127 1127 1127 1129 1129 1129 1129 1129 1129 1104 1104 1104 1108 1108 1108 1127 1127 1127 1128 1128 1128 1130 1130 1130 1130 1130 1130 1129 1129 1129 1127 1127 1127 1104 1104 1104 1129 1129 1129 1131 1131 1131 1131 1131 1131 1101 1101 1101 1104 1104 1104 1129 1129 1129 1130 1130 1130 1132 1132 1132 1132 1132 1132 1131 1131 1131 1129 1129 1129 1101 1101 1101 1131 1131 1131 1133 1133 1133 1133 1133 1133 1099 1099 1099 1101 1101 1101 1131 1131 1131 1132 1132 1132 1134 1134 1134 1134 1134 1134 1133 1133 1133 1131 1131 1131 1099 1099 1099 1133 1133 1133 1135 1135 1135 1135 1135 1135 1095 1095 1095 1099 1099 1099 1133 1133 1133 1134 1134 1134 1136 1136 1136 1136 1136 1136 1135 1135 1135 1133 1133 1133 1095 1095 1095 1135 1135 1135 1137 1137 1137 1137 1137 1137 1091 1091 1091 1095 1095 1095 1135 1135 1135 1136 1136 1136 1138 1138 1138 1138 1138 1138 1137 1137 1137 1135 1135 1135 1091 1091 1091 1137 1137 1137 1139 1139 1139 1139 1139 1139 1089 1089 1089 1091 1091 1091 1137 1137 1137 1138 1138 1138 1140 1140 1140 1140 1140 1140 1139 1139 1139 1137 1137 1137 1089 1089 1089 1139 1139 1139 1141 1141 1141 1141 1141 1141 1086 1086 1086 1089 1089 1089 1139 1139 1139 1140 1140 1140 1142 1142 1142 1142 1142 1142 1141 1141 1141 1139 1139 1139 1086 1086 1086 1141 1141 1141 1143 1143 1143 1143 1143 1143 1082 1082 1082 1086 1086 1086 1141 1141 1141 1142 1142 1142 1144 1144 1144 1144 1144 1144 1143 1143 1143 1141 1141 1141 1145 1145 1145 1142 1142 1142 1140 1140 1140 1146 1146 1146 1144 1144 1144 1142 1142 1142 1142 1142 1142 1145 1145 1145 1146 1146 1146 1143 1143 1143 1144 1144 1144 1147 1147 1147 1140 1140 1140 1148 1148 1148 1145 1145 1145 1148 1148 1148 1140 1140 1140 1138 1138 1138 1082 1082 1082 1143 1143 1143 1149 1149 1149 1147 1147 1147 1149 1149 1149 1143 1143 1143 1138 1138 1138 1150 1150 1150 1148 1148 1148 1150 1150 1150 1138 1138 1138 1136 1136 1136 1149 1149 1149 1147 1147 1147 1151 1151 1151 1151 1151 1151 1152 1152 1152 1149 1149 1149 1153 1153 1153 1151 1151 1151 1147 1147 1147 1154 1154 1154 1149 1149 1149 1152 1152 1152 1149 1149 1149 1154 1154 1154 1082 1082 1082 1152 1152 1152 1155 1155 1155 1154 1154 1154 1082 1082 1082 1154 1154 1154 834 834 834 1155 1155 1155 1156 1156 1156 1154 1154 1154 834 834 834 1154 1154 1154 829 829 829 1156 1156 1156 829 829 829 1154 1154 1154 1147 1147 1147 1157 1157 1157 1153 1153 1153 1157 1157 1157 1147 1147 1147 1144 1144 1144 1158 1158 1158 1153 1153 1153 1157 1157 1157 1144 1144 1144 1146 1146 1146 1157 1157 1157 1157 1157 1157 1159 1159 1159 1158 1158 1158 1159 1159 1159 1157 1157 1157 1146 1146 1146 1160 1160 1160 1158 1158 1158 1159 1159 1159 1159 1159 1159 1161 1161 1161 1160 1160 1160 1162 1162 1162 1161 1161 1161 1159 1159 1159 1146 1146 1146 1163 1163 1163 1159 1159 1159 1159 1159 1159 1163 1163 1163 1162 1162 1162 1163 1163 1163 1146 1146 1146 1145 1145 1145 1164 1164 1164 1162 1162 1162 1163 1163 1163 1145 1145 1145 1165 1165 1165 1163 1163 1163 1163 1163 1163 1165 1165 1165 1164 1164 1164 1165 1165 1165 1145 1145 1145 1148 1148 1148 1148 1148 1148 1166 1166 1166 1165 1165 1165 1164 1164 1164 1165 1165 1165 1166 1166 1166 1166 1166 1166 1148 1148 1148 1150 1150 1150 1166 1166 1166 1167 1167 1167 1164 1164 1164 1150 1150 1150 1167 1167 1167 1166 1166 1166 1168 1168 1168 1164 1164 1164 1167 1167 1167 1167 1167 1167 1150 1150 1150 1169 1169 1169 1136 1136 1136 1169 1169 1169 1150 1150 1150 1169 1169 1169 1136 1136 1136 1134 1134 1134 1169 1169 1169 1170 1170 1170 1167 1167 1167 1167 1167 1167 1170 1170 1170 1168 1168 1168 1134 1134 1134 1171 1171 1171 1169 1169 1169 1170 1170 1170 1169 1169 1169 1171 1171 1171 1171 1171 1171 1134 1134 1134 1132 1132 1132 1171 1171 1171 1172 1172 1172 1170 1170 1170 1170 1170 1170 1172 1172 1172 1168 1168 1168 1132 1132 1132 1173 1173 1173 1171 1171 1171 1172 1172 1172 1171 1171 1171 1173 1173 1173 1173 1173 1173 1132 1132 1132 1130 1130 1130 1173 1173 1173 1174 1174 1174 1172 1172 1172 1168 1168 1168 1172 1172 1172 1174 1174 1174 1130 1130 1130 1175 1175 1175 1173 1173 1173 1174 1174 1174 1173 1173 1173 1175 1175 1175 1175 1175 1175 1130 1130 1130 1128 1128 1128 1175 1175 1175 1176 1176 1176 1174 1174 1174 1174 1174 1174 1176 1176 1176 1168 1168 1168 1128 1128 1128 1177 1177 1177 1175 1175 1175 1176 1176 1176 1175 1175 1175 1177 1177 1177 1177 1177 1177 1128 1128 1128 1126 1126 1126 1177 1177 1177 1178 1178 1178 1176 1176 1176 1176 1176 1176 1178 1178 1178 1168 1168 1168 1126 1126 1126 1179 1179 1179 1177 1177 1177 1178 1178 1178 1177 1177 1177 1179 1179 1179 1179 1179 1179 1126 1126 1126 1125 1125 1125 1179 1179 1179 1180 1180 1180 1178 1178 1178 1178 1178 1178 1180 1180 1180 1168 1168 1168 1125 1125 1125 1181 1181 1181 1179 1179 1179 1180 1180 1180 1179 1179 1179 1181 1181 1181 1181 1181 1181 1125 1125 1125 1123 1123 1123 1181 1181 1181 1182 1182 1182 1180 1180 1180 1168 1168 1168 1180 1180 1180 1182 1182 1182 1123 1123 1123 1183 1183 1183 1181 1181 1181 1182 1182 1182 1181 1181 1181 1183 1183 1183 1168 1168 1168 1182 1182 1182 1184 1184 1184 1183 1183 1183 1184 1184 1184 1182 1182 1182 1168 1168 1168 1184 1184 1184 1185 1185 1185 1185 1185 1185 1186 1186 1186 1168 1168 1168 1184 1184 1184 1183 1183 1183 1187 1187 1187 1187 1187 1187 1185 1185 1185 1184 1184 1184 1183 1183 1183 1123 1123 1123 1188 1188 1188 1188 1188 1188 1187 1187 1187 1183 1183 1183 1120 1120 1120 1188 1188 1188 1123 1123 1123 1188 1188 1188 1120 1120 1120 995 995 995 995 995 995 1189 1189 1189 1188 1188 1188 1187 1187 1187 1188 1188 1188 1189 1189 1189 996 996 996 1189 1189 1189 995 995 995 1189 1189 1189 996 996 996 1190 1190 1190 1189 1189 1189 1191 1191 1191 1187 1187 1187 1190 1190 1190 1191 1191 1191 1189 1189 1189 1185 1185 1185 1187 1187 1187 1191 1191 1191 1191 1191 1191 1190 1190 1190 1192 1192 1192 1191 1191 1191 1193 1193 1193 1185 1185 1185 1192 1192 1192 1193 1193 1193 1191 1191 1191 1186 1186 1186 1185 1185 1185 1193 1193 1193 1193 1193 1193 1192 1192 1192 1194 1194 1194 1193 1193 1193 1195 1195 1195 1186 1186 1186 1194 1194 1194 1195 1195 1195 1193 1193 1193</p>
        </triangles>
      </mesh>
    </geometry>
  </library_geometries>
  <library_materials>
    <material id="e2ab33b5020f4242ae230588285926f6" name="pbrmaterial">
      <instance_effect url="#9f3f4ac23f3542e9a04aba95783d8cf4"/>
    </material>
  </library_materials>
  <library_visual_scenes>
    <visual_scene id="scene">
      <node id="node0" name="node0">
        <instance_geometry url="#0af8cb7147604e328d7397871282e244">
          <bind_material>
            <technique_common>
              <instance_material symbol="material0" target="#e2ab33b5020f4242ae230588285926f6"/>
            </technique_common>
          </bind_material>
        </instance_geometry>
      </node>
    </visual_scene>
  </library_visual_scenes>
  <scene>
    <instance_visual_scene url="#scene"/>
  </scene>
</COLLADA>
