<COLLADA xmlns="http://www.collada.org/2005/11/COLLADASchema" version="1.4.1">
  <asset>
    <created>2026-09-25T14:22:25.194303</created>
    <modified>2026-09-25T14:22:25.194305</modified>
    <up_axis>Y_UP</up_axis>
  </asset>
  <library_effects>
    <effect id="fc273a632f5348ab82ca635401cd7971" name="fc273a632f5348ab82ca635401cd7971">
      <profile_COMMON>
        <technique sid="common">
          <phong>
            <ambient>
              <color>0.0 0.0 0.0 1.0</color>
            </ambient>
            <diffuse>
              <color>1.0 1.0 1.0 1.0</color>
            </diffuse>
            <specular>
              <color>1.0 1.0 1.0 1.0</color>
            </specular>
            <shininess>
              <float>0.0</float>
            </shininess>
            <reflective>
              <color>0.0 0.0 0.0 1.0</color>
            </reflective>
            <reflectivity>
              <float>0.0</float>
            </reflectivity>
            <transparent>
              <color>0.0 0.0 0.0 1.0</color>
            </transparent>
            <transparency>
              <float>1.0</float>
            </transparency>
          </phong>
        </technique>
        <extra>
          <technique profile="GOOGLEEARTH">
            <double_sided>0</double_sided>
          </technique>
        </extra>
      </profile_COMMON>
    </effect>
  </library_effects>
  <library_geometries>
    <geometry id="33fad1eefe5443e4b1c66181b12c7921" name="fec921e462e44b7c984719060c757b47">
      <mesh>
        <source id="verts-array">
          <float_array count="17931" id="verts-array-array">0.1222883 -0.03314666 -0.06471571 0.1265316 -0.02765269 -0.06464614 0.1244101 -0.03058752 -0.06454328 0.1169985 -0.03836353 -0.0644897 0.117001 -0.03794927 -0.06433263 0.1156712 -0.03949419 -0.06452101 0.1169985 -0.03836353 -0.0644897 0.1219965 -0.03343653 -0.06444731 0.117001 -0.03794927 -0.06433263 0.1353902 -0.002040409 -0.0646963 0.1355674 0.0008721246 -0.0647781 0.1353386 0.006123422 -0.06462946 0.1211934 0.03825073 -0.06466033 0.1158809 0.04323341 -0.06481208 0.1156229 0.04332267 -0.06462862 0.04076827 -0.03143796 -0.08751857 0.04059347 -0.03159427 -0.08718172 0.03792599 -0.02757901 -0.08728492 0.07573251 -0.04939168 -0.08298741 0.07555676 -0.04934281 -0.0831629 0.07581118 -0.04412176 -0.08312958 0.08063033 -0.04242881 -0.08878276 0.07876154 -0.04236351 -0.08866946 0.07870336 -0.0467306 -0.08870309 0.08243717 -0.04241765 -0.08889106 0.07870336 -0.0467306 -0.08870309 0.08241403 -0.04652361 -0.08893371 0.07870336 -0.0467306 -0.08870309 0.07876154 -0.04236351 -0.08866946 0.07697747 -0.04344133 -0.08553129 0.01392201 -0.0178585 -0.06517005 0.01545265 -0.02461223 -0.06512038 0.01356425 -0.01685833 -0.06494786 0.01768532 -0.01573167 -0.06453362 0.01951139 -0.01472679 -0.07052152 0.01943622 -0.01436929 -0.07072636 0.0237547 -0.02737482 -0.06447357 0.02577671 -0.02550969 -0.07155243 0.02560548 -0.02600761 -0.07127178 0.01953834 -0.009851067 -0.05457387 0.02080311 -0.004857006 -0.05612173 0.02095095 -0.0048253 -0.05703768 0.01973826 -0.000585084 -0.06462825 0.018326 -0.00276501 -0.06483106 0.01857431 -0.002749602 -0.06454481 0.05267723 -0.05658866 -0.06446695 0.0586166 -0.06078339 -0.06446282 0.05246122 -0.0558687 -0.06449229 0.04155171 -0.04903413 -0.06446172 0.04187076 -0.04919095 -0.06446282 0.03495896 -0.04543211 -0.06446888 0.04148428 -0.05043082 -0.07070525 0.04106251 -0.04920171 -0.0706754 0.04110286 -0.04999379 -0.07044494 0.02180685 -0.0129215 -0.07086194 0.02147589 -0.01285617 -0.0708321 0.02274593 -0.0132914 -0.07135244 0.02579766 -0.02501187 -0.07176977 0.02560548 -0.02600761 -0.07127178 0.02577671 -0.02550969 -0.07155243 0.07732177 -0.05527989 -0.06510482 0.08168148 -0.05401086 -0.06510293 0.08329055 -0.05364451 -0.06491785 0.02836039 0.0117928 -0.07005898 0.02917528 0.01374782 -0.06994233 0.02809732 0.01048366 -0.07073472 0.03877686 0.03222885 -0.06475837 0.03736998 0.03050241 -0.06465018 0.04016095 0.03415165 -0.06468155 0.07588825 -0.0465963 -0.08305622 0.07581118 -0.04412176 -0.08312958 0.07922542 -0.0443706 -0.08312482 0.02256042 -0.00129351 -0.06265399 0.02256589 -0.001380644 -0.06209257 0.02287653 -0.0001186668 -0.06255955 0.0278341 0.012509 -0.06235899 0.02563253 0.007944399 -0.06168602 0.02800973 0.01284384 -0.06151751 0.07555676 -0.04934281 -0.0831629 0.07866345 -0.04687397 -0.08886252 0.07870336 -0.0467306 -0.08870309 0.02526738 -0.03429201 -0.06448614 0.02733536 -0.03280694 -0.07074697 0.02577759 -0.03409472 -0.06452853 0.02444398 -0.03597255 -0.06447139 0.02634215 -0.03430044 -0.07059388 0.02448526 -0.03527985 -0.06450539 0.02444398 -0.03597255 -0.06447139 0.02448664 -0.03653742 -0.06446222 0.02636991 -0.0349136 -0.07055995 0.02636991 -0.0349136 -0.07055995 0.02634215 -0.03430044 -0.07059388 0.02444398 -0.03597255 -0.06447139 0.03703105 -0.04262289 -0.07143739 0.03689188 -0.04361238 -0.0710363 0.03703079 -0.04306678 -0.07121557 0.08131732 -0.05004342 -0.05983924 0.08332499 -0.04997087 -0.06050664 0.08250019 -0.04903625 -0.05981668 0.08408707 -0.05184496 -0.07169235 0.08235378 -0.05262173 -0.06993273 0.0778897 -0.05288452 -0.07156827 0.1286717 0.0028367 -0.0933819 0.1285105 0.0052246 -0.09351669 0.1304877 0.0054948 -0.08807971 0.04883419 -0.003880567 -0.1011291 0.04942509 -0.007253793 -0.1011778 0.04830659 -0.002618555 -0.1012687 0.05471179 -0.01835963 -0.1012847 0.05783046 -0.02162654 -0.1010724 0.05783768 -0.02197625 -0.1011888 0.05783046 -0.02162654 -0.1010724 0.06026506 -0.02420543 -0.1011247 0.05783768 -0.02197625 -0.1011888 0.09358339 -0.03373316 -0.1009835 0.08967908 -0.03473874 -0.1009703 0.08719543 -0.03508834 -0.1010247 0.08924304 -0.04392901 -0.08330159 0.08899298 -0.04402659 -0.08313792 0.08905172 -0.04326719 -0.08306442 0.04830659 -0.002618555 -0.1012687 0.04862021 -0.0007120492 -0.1004876 0.04883419 -0.003880567 -0.1011291 0.1116885 0.0431268 -0.0629059 0.1123604 0.0419799 -0.06278811 0.1151618 0.0404299 -0.0629059 0.1072194 0.045955 -0.06290591 0.1123604 0.0419799 -0.06278811 0.1050196 0.0471203 -0.06290591 0.1038907 0.04693635 -0.06277923 0.09843943 0.04918112 -0.06277668 0.1050196 0.0471203 -0.06290591 0.09808599 0.049977 -0.06290798 0.09218187 0.05079469 -0.06278365 0.08968914 0.05195256 -0.06290933 0.08849739 0.05135848 -0.0627854 0.08250019 0.0524226 -0.06290591 0.08254628 0.05173482 -0.06278215 0.08254628 0.05173482 -0.06278215 0.07932017 0.05163799 -0.0627852 0.07927545 0.0521772 -0.06290591 0.0749688 0.0511479 -0.06278344 0.07486396 0.0518416 -0.06290591 0.07045746 0.0502419 -0.06278613 0.0749688 0.0511479 -0.06278344 0.06976517 0.0505684 -0.06290591 0.06602739 0.0489158 -0.06278778 0.06578696 0.0495751 -0.06290591 0.06578696 0.0495751 -0.06290591 0.05976735 0.04624794 -0.06277972 0.05729395 0.04567586 -0.06290767 0.05444518 0.0430603 -0.06278615 0.05096201 0.04135495 -0.06290646 0.05139804 0.0408061 -0.06278615 0.05096201 0.04135495 -0.06290646 0.04981625 0.03948609 -0.06278276 0.04881683 0.03954194 -0.0628994 0.04780824 0.03752603 -0.06277377 0.1151618 0.0404299 -0.0629059 0.117665 0.0381565 -0.0629059 0.1183997 0.03640665 -0.06278455 0.1210513 0.03342965 -0.06278201 0.1183997 0.03640665 -0.06278455 0.1227922 0.03242186 -0.06290986 0.1222878 0.0318509 -0.06278612 0.1237308 0.02993564 -0.06277721 0.1227922 0.03242186 -0.06290986 0.1271199 0.02558316 -0.06290865 0.1269293 0.02433702 -0.06278419 0.1282876 0.0214595 -0.06278612 0.1302219 0.01856998 -0.06290793 0.1294478 0.01840085 -0.06278487 0.1297091 0.0177117 -0.06278612 0.1302219 0.01856998 -0.06290793 0.1312581 0.01219934 -0.06277637 0.1321267 0.0111523 -0.0629059 0.132941 0.006249987 -0.06290175 0.1321941 0.005808332 -0.06278053 0.1322046 -0.0006503058 -0.06278112 0.1327128 -0.003671189 -0.06290749 0.1318831 -0.004257923 -0.06278191 0.1308841 -0.00996148 -0.06277288 0.1309472 -0.01223212 -0.06290472 0.1303377 -0.01185805 -0.06278306 0.1309472 -0.01223212 -0.06290472 0.1283086 -0.01937831 -0.06291468 0.1277285 -0.01898425 -0.06278667 0.1283086 -0.01937831 -0.06291468 0.124511 -0.02602416 -0.0629059 0.1245723 -0.02467063 -0.06278307 0.1220964 -0.02934861 -0.0629059 0.124511 -0.02602416 -0.0629059 0.1222277 -0.02810747 -0.06278738 0.1184093 -0.03251363 -0.06278542 0.1220964 -0.02934861 -0.0629059 0.1197173 -0.03214321 -0.0629059 0.1137055 -0.0369221 -0.06278697 0.1142349 -0.03744874 -0.0629363 0.1184093 -0.03251363 -0.06278542 0.1137055 -0.0369221 -0.06278697 0.1120152 -0.03812569 -0.06278246 0.1090269 -0.04099102 -0.06289425 0.108657 -0.04039471 -0.06277445 0.1055043 -0.04219359 -0.06276144 0.1036181 -0.04389683 -0.06288023 0.1032914 -0.04330063 -0.06277525 0.1344764 -0.008286106 -0.06458738 0.1327992 -0.01484768 -0.06464215 0.1342985 -0.009589596 -0.06469267 0.1307888 -0.02002432 -0.06470768 0.1328778 -0.0146725 -0.06477371 0.1316292 -0.0142939 -0.07312691 0.1342985 -0.009589596 -0.06469267 0.1329651 -0.009334 -0.07324957 0.1305194 -0.02049164 -0.06446682 0.128628 -0.02425914 -0.06460087 0.1327992 -0.01484768 -0.06464215 0.1264796 -0.02754088 -0.06442651 0.1285989 -0.02347246 -0.06433144 0.1264796 -0.02754088 -0.06442651 0.1228201 -0.03199552 -0.06432986 0.1219965 -0.03343653 -0.06444731 0.1305194 -0.02049164 -0.06446682 0.1328102 -0.01428111 -0.0644341 0.1344764 -0.008286106 -0.06458738 0.1342831 -0.00811173 -0.06442554 0.135371 -0.0007845045 -0.06454536 0.1349272 -0.00394326 -0.06434263 0.135371 -0.0007845045 -0.06454536 0.1353902 -0.002040409 -0.0646963 0.135371 -0.0007845045 -0.06454536 0.1342985 -0.009589596 -0.06469267 0.1327992 -0.01484768 -0.06464215 0.1328778 -0.0146725 -0.06477371 0.1351898 0.004103921 -0.06436718 0.1349272 -0.00394326 -0.06434263 0.1353386 0.006123422 -0.06462946 0.1349339 0.00624613 -0.0643537 0.1353902 -0.002040409 -0.0646963 0.135371 -0.0007845045 -0.06454536 0.1353386 0.006123422 -0.06462946 0.1343385 0.01157281 -0.0643637 0.1341575 0.01345417 -0.06454814 0.1341046 0.01422645 -0.06471041 0.1320992 0.0208301 -0.06468486 0.1322296 0.02005606 -0.06454998 0.1317848 0.02053645 -0.06435017 0.1293535 0.02676893 -0.06468201 0.1269988 0.03082207 -0.06477027 0.1247096 0.03408188 -0.06467474 0.1292476 0.0266759 -0.06452262 0.1292476 0.0266759 -0.06452262 0.1291229 0.02615014 -0.06434068 0.1253745 0.03298999 -0.06455598 0.1247096 0.03408188 -0.06467474 0.1211934 0.03825073 -0.06466033 0.1282385 0.0280214 -0.06434136 0.1291229 0.02615014 -0.06434068 0.1237804 0.03461577 -0.06434812 0.1211934 0.03825073 -0.06466033 0.120652 0.03800727 -0.06434527 0.1176116 0.04115993 -0.06435709 0.120652 0.03800727 -0.06434527 0.1156229 0.04332267 -0.06462862 0.1113357 0.04603431 -0.06436465 0.1099385 0.04736047 -0.06463047 0.1033524 0.05067039 -0.06461734 0.1099385 0.04736047 -0.06463047 0.1041808 0.04994308 -0.0643552 0.0965123 0.05277823 -0.0643878 0.09655721 0.05310489 -0.06466062 0.09020725 0.05446266 -0.06470772 0.08853062 0.05438493 -0.06439181 0.08192673 0.05502512 -0.06462179 0.0818976 0.05477412 -0.06438357 0.07541406 0.05453994 -0.06462668 0.0735871 0.05411667 -0.06445453 0.06832679 0.05291709 -0.06445486 0.06832679 0.05291709 -0.06445486 0.06782123 0.05247362 -0.06434387 0.06154995 0.05052275 -0.06442864 0.05613663 0.04773268 -0.06435268 0.05815127 0.0486637 -0.06433388 0.0600912 0.05006738 -0.06456225 0.06819142 0.05312778 -0.06457822 0.07541406 0.05453994 -0.06462668 0.07212145 0.05391971 -0.06472448 0.05436953 0.04690612 -0.06451835 0.05709888 0.04850769 -0.06478258 0.05613663 0.04773268 -0.06435268 0.04923372 0.04309824 -0.06437522 0.04949182 0.04342874 -0.06457116 0.0439331 0.03844321 -0.06467171 0.04935758 0.0433549 -0.06479128 0.04439753 0.03884397 -0.06450491 0.0439331 0.03844321 -0.06467171 0.04923372 0.04309824 -0.06437522 0.04949182 0.04342874 -0.06457116 0.04016095 0.03415165 -0.06468155 0.04439753 0.03884397 -0.06450491 0.04463224 0.0388359 -0.06430801 0.04923372 0.04309824 -0.06437522 0.04021642 0.0341162 -0.06444382 0.04016095 0.03415165 -0.06468155 0.0403397 0.0340065 -0.06428508 0.0439331 0.03844321 -0.06467171 0.04535135 0.0382167 -0.07215471 0.04075211 0.0329176 -0.07202604 0.03877686 0.03222885 -0.06475837 0.03672576 0.0271949 -0.07189646 0.0348685 0.0267573 -0.06478816 0.04075211 0.0329176 -0.07202604 0.04691387 0.0377856 -0.07908286 0.04081667 0.03071312 -0.07875216 0.03672576 0.0271949 -0.07189646 0.03325629 0.0212453 -0.07176778 0.02941594 0.01576273 -0.06701485 0.02977533 0.01726552 -0.06566036 0.03495941 0.02109279 -0.07833876 0.05005803 0.04247305 -0.07232599 0.0439331 0.03844321 -0.06467171 0.04935758 0.0433549 -0.06479128 0.05095748 0.04142261 -0.07928104 0.02917528 0.01374782 -0.06994233 0.02941594 0.01576273 -0.06701485 0.02802718 0.009587647 -0.07150784 0.03125243 0.0129526 -0.0780108 0.02729559 0.006678605 -0.07249884 0.02802718 0.009587647 -0.07150784 0.02809732 0.01048366 -0.07073472 0.02761966 0.01002909 -0.07014567 0.02836039 0.0117928 -0.07005898 0.02564211 0.006373015 -0.07016118 0.02558831 0.0064068 -0.07000718 0.02527814 0.009314227 -0.06462939 0.02558831 0.0064068 -0.07000718 0.02558831 0.0064068 -0.07000718 0.01774171 -0.006998971 -0.07011662 0.01794603 -0.007144548 -0.07046979 0.02453333 0.003814999 -0.07051364 0.02761966 0.01002909 -0.07014567 0.01794603 -0.007144548 -0.07046979 0.01690046 -0.00921219 -0.0704203 0.01672945 -0.00906428 -0.07007921 0.02608827 0.006300111 -0.07061367 0.02761966 0.01002909 -0.07014567 0.02698301 0.0065118 -0.07194974 0.02761966 0.01002909 -0.07014567 0.02836039 0.0117928 -0.07005898 0.02809732 0.01048366 -0.07073472 0.02698301 0.0065118 -0.07194974 0.02729559 0.006678605 -0.07249884 0.0267016 0.004065713 -0.07296208 0.02626958 0.003599435 -0.07238964 0.02626958 0.003599435 -0.07238964 0.0267016 0.004065713 -0.07296208 0.02598223 0.0004951495 -0.07368134 0.02498069 -0.002061853 -0.07270914 0.02522087 -0.003652955 -0.07376619 0.02499997 -0.004734786 -0.07373811 0.02434262 -0.004812574 -0.07266559 0.0267016 0.004065713 -0.07296208 0.02784121 0.003120914 -0.07762425 0.03125243 0.0129526 -0.0780108 0.02499997 -0.004734786 -0.07373811 0.02495033 -0.0075099 -0.07389176 0.02441296 -0.0091434 -0.07319301 0.02398805 -0.0091349 -0.07258079 0.02366761 -0.004687485 -0.07208751 0.02335445 -0.003075171 -0.07150233 0.02366761 -0.004687485 -0.07208751 0.02398805 -0.0091349 -0.07258079 0.02235756 -0.003135722 -0.0711453 0.02155442 -0.001856524 -0.07067908 0.0215802 -0.004473872 -0.07086578 0.02260654 -0.004616908 -0.07123163 0.02335445 -0.003075171 -0.07150233 0.02235756 -0.003135722 -0.0711453 0.02335445 -0.003075171 -0.07150233 0.02108955 -0.004418741 -0.0707928 0.02038232 -0.0043362 -0.07070671 0.02108955 -0.004418741 -0.0707928 0.02074458 -0.0090697 -0.07075328 0.02147589 -0.01285617 -0.0708321 0.02092081 -0.01292181 -0.07068886 0.02260654 -0.004616908 -0.07123163 0.0215802 -0.004473872 -0.07086578 0.02274593 -0.0132914 -0.07135244 0.0200451 -0.009053561 -0.07070623 0.02108955 -0.004418741 -0.0707928 0.02406715 -0.01323668 -0.07250381 0.02398805 -0.0091349 -0.07258079 0.02308631 -0.01371621 -0.07161708 0.02074458 -0.0090697 -0.07075328 0.02092081 -0.01292181 -0.07068886 0.02017948 -0.01321875 -0.07073735 0.02318791 -0.01402817 -0.07165495 0.02308631 -0.01371621 -0.07161708 0.02415419 -0.01955057 -0.07172364 0.01761741 -0.009149845 -0.07071341 0.01970751 -0.01382451 -0.07071056 0.01943622 -0.01436929 -0.07072636 0.02583527 -0.02068803 -0.07338862 0.02579766 -0.02501187 -0.07176977 0.01672324 -0.0129168 -0.07070671 0.01671666 -0.01623742 -0.07070601 0.02030823 -0.02067077 -0.07070671 0.02899249 -0.03160458 -0.07181644 0.0204326 -0.02065344 -0.07067782 0.02223584 -0.02681229 -0.07070597 0.01943622 -0.01436929 -0.07072636 0.02071128 -0.02140447 -0.07059174 0.0222859 -0.02645484 -0.07059574 0.01943622 -0.01436929 -0.07072636 0.01951139 -0.01472679 -0.07052152 0.01921976 -0.02656042 -0.07070994 0.02223584 -0.02681229 -0.07070597 0.02067833 -0.02968786 -0.07070671 0.01672324 -0.0129168 -0.07070671 0.01639973 -0.0138679 -0.07077152 0.02144975 -0.03185352 -0.07070609 0.01748287 -0.02153718 -0.07067566 0.01593708 -0.01622485 -0.07030994 0.01579859 -0.0137792 -0.07024487 0.01631632 -0.01616216 -0.07061037 0.01689976 -0.02097489 -0.07046147 0.01593708 -0.01622485 -0.07030994 0.01631632 -0.01616216 -0.07061037 0.01593708 -0.01622485 -0.07030994 0.01734316 -0.02315279 -0.07015577 0.01853091 -0.02666617 -0.07015911 0.01841656 -0.02629857 -0.07047697 0.02121776 -0.03318848 -0.07022339 0.0201905 -0.02972293 -0.07067136 0.02144975 -0.03185352 -0.07070609 0.0201905 -0.02972293 -0.07067136 0.0243283 -0.03759834 -0.07071273 0.02131774 -0.03302452 -0.07046563 0.02443483 -0.0387324 -0.07020463 0.02729257 -0.04247361 -0.07023222 0.02719348 -0.04231686 -0.07006305 0.02729257 -0.04247361 -0.07023222 0.0245656 -0.0390056 -0.07005362 0.02443483 -0.0387324 -0.07020463 0.0245656 -0.0390056 -0.07005362 0.02121776 -0.03318848 -0.07022339 0.02121776 -0.03318848 -0.07022339 0.02132936 -0.0375568 -0.06510994 0.02572932 -0.0437861 -0.06506762 0.02719348 -0.04231686 -0.07006305 0.02982314 -0.04553373 -0.07009965 0.02565898 -0.03893332 -0.07070671 0.03060403 -0.04516153 -0.07070926 0.03095099 -0.04942609 -0.06516292 0.03504356 -0.05038492 -0.07023185 0.03550862 -0.05337252 -0.06490379 0.03970749 -0.05624193 -0.06504143 0.04232219 -0.05534567 -0.07026783 0.04455902 -0.05900788 -0.06507423 0.05001271 -0.06142759 -0.06513784 0.02963543 -0.04825906 -0.06483697 0.0494988 -0.05999966 -0.06765287 0.04672048 -0.05746561 -0.07022035 0.05013767 -0.05906967 -0.07015562 0.0494988 -0.05999966 -0.06765287 0.03550862 -0.05337252 -0.06490379 0.051371 -0.06170677 -0.06509005 0.05001271 -0.06142759 -0.06513784 0.05250794 -0.05966863 -0.0702524 0.0495716 -0.06127981 -0.06488551 0.04455902 -0.05900788 -0.06507423 0.051371 -0.06170677 -0.06509005 0.05142849 -0.06174033 -0.06477189 0.04219062 -0.05769328 -0.06477858 0.0495716 -0.06127981 -0.06488551 0.03970749 -0.05624193 -0.06504143 0.05503421 -0.0620131 -0.06514213 0.051371 -0.06170677 -0.06509005 0.05490949 -0.05991737 -0.07015736 0.05633789 -0.0618733 -0.06496537 0.05490949 -0.05991737 -0.07015736 0.05736302 -0.05971595 -0.07003794 0.05633789 -0.0618733 -0.06496537 0.05866196 -0.06130892 -0.06502046 0.05921218 -0.06026683 -0.06756461 0.07732177 -0.05527989 -0.06510482 0.07749655 -0.05524522 -0.06486109 0.08329055 -0.05364451 -0.06491785 0.05736302 -0.05971595 -0.07003794 0.05965314 -0.05929414 -0.07000718 0.07438609 -0.05455635 -0.07000718 0.05250794 -0.05966863 -0.0702524 0.05477263 -0.05984382 -0.0703576 0.07851432 -0.05338955 -0.07010325 0.08168148 -0.05401086 -0.06510293 0.08395367 -0.05286977 -0.06751937 0.07487053 -0.05427072 -0.07031846 0.08235378 -0.05262173 -0.06993273 0.05961262 -0.05917563 -0.07028326 0.05965314 -0.05929414 -0.07000718 0.05736302 -0.05971595 -0.07003794 0.08329055 -0.05364451 -0.06491785 0.08168148 -0.05401086 -0.06510293 0.05721111 -0.05956163 -0.07051314 0.09055305 -0.05027996 -0.071813 0.05949847 -0.05890038 -0.07056569 0.0715766 -0.05507901 -0.07050978 0.07487053 -0.05427072 -0.07031846 0.08697378 -0.05272719 -0.06500605 0.05949847 -0.05890038 -0.07056569 0.09177346 -0.05142676 -0.06488393 0.08687119 -0.05271639 -0.06472645 0.05736302 -0.05971595 -0.07003794 0.05490949 -0.05991737 -0.07015736 0.06890842 -0.05570746 -0.07059133 0.0715766 -0.05507901 -0.07050978 0.05684669 -0.05914346 -0.0707223 0.06283128 -0.05734071 -0.0706672 0.05252988 -0.05938663 -0.07054875 0.0502121 -0.05888161 -0.0704288 0.05043398 -0.05827328 -0.07071523 0.05277807 -0.05887067 -0.07071285 0.05336736 -0.0558782 -0.07073084 0.05230857 -0.0559657 -0.07070604 0.05336736 -0.0558782 -0.07073084 0.05405547 -0.05576995 -0.07070698 0.05389337 -0.0556499 -0.0705741 0.06283128 -0.05734071 -0.0706672 0.05230857 -0.0559657 -0.07070604 0.05258314 -0.05588342 -0.07061531 0.05258314 -0.05588342 -0.07061531 0.04699772 -0.05373394 -0.07067848 0.04804223 -0.05413739 -0.07056907 0.04148428 -0.05043082 -0.07070525 0.05238077 -0.05586183 -0.07044899 0.05258314 -0.05588342 -0.07061531 0.04680489 -0.0537766 -0.0707067 0.04134363 -0.05069028 -0.07070697 0.04699772 -0.05373394 -0.07067848 0.0426341 -0.05462506 -0.07071015 0.04753679 -0.05726309 -0.07069643 0.03613205 -0.05023222 -0.07070676 0.04148428 -0.05043082 -0.07070525 0.04106251 -0.04920171 -0.0706754 0.03456666 -0.04505796 -0.0707067 0.03555752 -0.04509199 -0.07070661 0.04106251 -0.04920171 -0.0706754 0.04099095 -0.04867458 -0.07072969 0.03748766 -0.04571779 -0.07074703 0.03658307 -0.04421239 -0.07082128 0.03689188 -0.04361238 -0.0710363 0.04151696 -0.04816407 -0.07081411 0.04099095 -0.04867458 -0.07072969 0.03748766 -0.04571779 -0.07074703 0.0421287 -0.04762858 -0.07100389 0.0421287 -0.04762858 -0.07100389 0.03878749 -0.04423329 -0.07143286 0.03703105 -0.04262289 -0.07143739 0.0392146 -0.04374919 -0.07179784 0.03703105 -0.04262289 -0.07143739 0.03689057 -0.04204432 -0.07159608 0.04355671 -0.04732696 -0.07177388 0.03878749 -0.04423329 -0.07143286 0.03456666 -0.04505796 -0.0707067 0.0349744 -0.04494141 -0.07067966 0.03404328 -0.04488711 -0.07070585 0.03401064 -0.0445038 -0.07057694 0.03571583 -0.04484577 -0.07048355 0.03555752 -0.04509199 -0.07070661 0.03608288 -0.04465182 -0.07053515 0.03658307 -0.04421239 -0.07082128 0.03608288 -0.04465182 -0.07053515 0.03396244 -0.04640217 -0.06447327 0.03608288 -0.04465182 -0.07053515 0.03658307 -0.04421239 -0.07082128 0.03466234 -0.04589586 -0.06448698 0.03396244 -0.04640217 -0.06447327 0.03689188 -0.04361238 -0.0710363 0.03495896 -0.04543211 -0.06446888 0.03466234 -0.04589586 -0.06448698 0.03571583 -0.04484577 -0.07048355 0.0349744 -0.04494141 -0.07067966 0.0330632 -0.04641713 -0.06447364 0.0349744 -0.04494141 -0.07067966 0.03244605 -0.04629366 -0.06446782 0.03401064 -0.0445038 -0.07057694 0.03205734 -0.04598761 -0.06446282 0.03205734 -0.04598761 -0.06446282 0.0280626 -0.04163775 -0.06447533 0.02999421 -0.04006105 -0.07057058 0.02999421 -0.04006105 -0.07057058 0.02448664 -0.03653742 -0.06446222 0.02636991 -0.0349136 -0.07055995 0.03456666 -0.04505796 -0.0707067 0.02981105 -0.04022149 -0.07070671 0.02994997 -0.0401461 -0.0706614 0.0261924 -0.03490049 -0.07069471 0.02639546 -0.03538494 -0.07070671 0.02639546 -0.03538494 -0.07070671 0.02565898 -0.03893332 -0.07070671 0.02144975 -0.03185352 -0.07070609 0.02999421 -0.04006105 -0.07057058 0.03401064 -0.0445038 -0.07057694 0.0261924 -0.03490049 -0.07069471 0.02636991 -0.0349136 -0.07055995 0.0261924 -0.03490049 -0.07069471 0.02638568 -0.03373942 -0.07076985 0.02634215 -0.03430044 -0.07059388 0.02636991 -0.0349136 -0.07055995 0.02638568 -0.03373942 -0.07076985 0.02223584 -0.02681229 -0.07070597 0.02366683 -0.02733348 -0.07070441 0.0222859 -0.02645484 -0.07059574 0.0227972 -0.02699458 -0.07065754 0.02366683 -0.02733348 -0.07070441 0.02322633 -0.02727867 -0.07054114 0.02223584 -0.02681229 -0.07070597 0.02542287 -0.03171775 -0.07070632 0.02366683 -0.02733348 -0.07070441 0.02671552 -0.03331369 -0.07067767 0.02422119 -0.02726482 -0.07069548 0.0260532 -0.03138517 -0.07074707 0.02366683 -0.02733348 -0.07070441 0.0260532 -0.03138517 -0.07074707 0.02733536 -0.03280694 -0.07074697 0.02664856 -0.03106387 -0.07088046 0.02733536 -0.03280694 -0.07074697 0.02422119 -0.02726482 -0.07069548 0.02664856 -0.03106387 -0.07088046 0.02496025 -0.02696078 -0.07093523 0.02723347 -0.0307482 -0.07111003 0.02733536 -0.03280694 -0.07074697 0.02812333 -0.03258206 -0.0710017 0.02560548 -0.02600761 -0.07127178 0.02779007 -0.0304478 -0.07143328 0.02579766 -0.02501187 -0.07176977 0.02895608 -0.03270427 -0.07120986 0.02779007 -0.0304478 -0.07143328 0.02812333 -0.03258206 -0.0710017 0.02962385 -0.03301504 -0.07161041 0.03316424 -0.03754076 -0.07184496 0.03065365 -0.03310844 -0.07230745 0.03358892 -0.03719708 -0.0722941 0.02788268 -0.02831604 -0.07229368 0.02899249 -0.03160458 -0.07181644 0.03292511 -0.03773567 -0.07155046 0.02962385 -0.03301504 -0.07161041 0.02955535 -0.02949134 -0.07344119 0.03054375 -0.03124371 -0.07340057 0.0281687 -0.02705605 -0.07346114 0.02616869 -0.0210205 -0.07357552 0.03054375 -0.03124371 -0.07340057 0.03065365 -0.03310844 -0.07230745 0.0320332 -0.0338149 -0.07340091 0.0320332 -0.0338149 -0.07340091 0.03419094 -0.03671885 -0.07339423 0.02724242 -0.0197198 -0.07657471 0.02616869 -0.0210205 -0.07357552 0.02895628 -0.02492847 -0.07641724 0.02955535 -0.02949134 -0.07344119 0.03161843 -0.03029531 -0.07628654 0.03729065 -0.03424393 -0.08041137 0.03161843 -0.03029531 -0.07628654 0.03054375 -0.03124371 -0.07340057 0.0320332 -0.0338149 -0.07340091 0.03406752 -0.0280537 -0.08192223 0.03135143 -0.02248607 -0.08205955 0.03796812 -0.03369552 -0.08182289 0.02965293 -0.0170477 -0.0822384 0.03406752 -0.0280537 -0.08192223 0.03625736 -0.02513336 -0.0872244 0.03387969 -0.0199503 -0.08732006 0.02724242 -0.0197198 -0.07657471 0.03792599 -0.02757901 -0.08728492 0.03406752 -0.0280537 -0.08192223 0.04059347 -0.03159427 -0.08718172 0.02583527 -0.02068803 -0.07338862 0.02475666 -0.01350161 -0.07369468 0.02632711 -0.0147213 -0.07675276 0.04265003 -0.0387146 -0.08198443 0.04386738 -0.03528869 -0.08721441 0.03729065 -0.03424393 -0.08041137 0.03135143 -0.02248607 -0.08205955 0.03338544 -0.01873702 -0.08734552 0.02965293 -0.0170477 -0.0822384 0.03231016 -0.01388022 -0.08773983 0.02882201 -0.0117804 -0.08244867 0.03174552 -0.0121305 -0.0875309 0.03161361 -0.008859464 -0.0878029 0.02632711 -0.0147213 -0.07675276 0.02870474 -0.006728699 -0.08268341 0.02605823 -0.0099867 -0.07694679 0.02914697 -0.0019377 -0.08293586 0.02475666 -0.01350161 -0.07369468 0.02474756 -0.01170944 -0.07378787 0.02628366 -0.0055693 -0.07715242 0.02448486 -0.0134313 -0.0731132 0.02441296 -0.0091434 -0.07319301 0.02495033 -0.0075099 -0.07389176 0.02487372 -0.0091566 -0.07384886 0.02487372 -0.0091566 -0.07384886 0.02448486 -0.0134313 -0.0731132 0.02474756 -0.01170944 -0.07378787 0.0304349 0.004582029 -0.08329625 0.02499997 -0.004734786 -0.07373811 0.02495033 -0.0075099 -0.07389176 0.02690293 -0.0013663 -0.07736523 0.02522087 -0.003652955 -0.07376619 0.02598223 0.0004951495 -0.07368134 0.02784121 0.003120914 -0.07762425 0.02690293 -0.0013663 -0.07736523 0.02628366 -0.0055693 -0.07715242 0.02487372 -0.0091566 -0.07384886 0.02605823 -0.0099867 -0.07694679 0.02474756 -0.01170944 -0.07378787 0.03283168 0.0118084 -0.08373463 0.0347163 0.0164255 -0.08400125 0.03691027 0.0209745 -0.08426673 0.03495941 0.02109279 -0.07833876 0.03834528 0.01980628 -0.08916812 0.03708281 0.0174332 -0.08898907 0.03283168 0.0118084 -0.08373463 0.0362508 0.01503306 -0.08907571 0.0362508 0.01503306 -0.08907571 0.03436485 0.01049205 -0.088588 0.03212537 0.001784659 -0.0880859 0.02914697 -0.0019377 -0.08293586 0.02870474 -0.006728699 -0.08268341 0.03135579 -0.004218339 -0.08780307 0.02882201 -0.0117804 -0.08244867 0.03135579 -0.004218339 -0.08780307 0.03161361 -0.008859464 -0.0878029 0.040581 0.02405407 -0.0894617 0.03834528 0.01980628 -0.08916812 0.0347163 0.0164255 -0.08400125 0.03691027 0.0209745 -0.08426673 0.04081667 0.03071312 -0.07875216 0.04527618 0.0335576 -0.0850547 0.04605841 0.03177613 -0.09024475 0.04863751 0.0371765 -0.08531301 0.05101097 0.0369814 -0.09066719 0.04605841 0.03177613 -0.09024475 0.04863751 0.0371765 -0.08531301 0.04691387 0.0377856 -0.07908286 0.05095748 0.04142261 -0.07928104 0.05305886 0.03873787 -0.09086536 0.05101097 0.0369814 -0.09066719 0.05191764 0.04013483 -0.08543053 0.05501601 0.04252721 -0.08573917 0.05654191 0.04535356 -0.07956848 0.06354534 0.0469134 -0.08634952 0.06781974 0.05063233 -0.08024711 0.05735886 0.04178128 -0.09121209 0.06088149 0.04373803 -0.0914394 0.06484488 0.0455048 -0.09172574 0.06852369 0.04676376 -0.09198514 0.06354534 0.0469134 -0.08634952 0.06808285 0.0484878 -0.08665399 0.06078155 0.04344988 -0.09186067 0.05735886 0.04178128 -0.09121209 0.05665 0.04102078 -0.09157454 0.06391012 0.04485787 -0.09213257 0.06484488 0.0455048 -0.09172574 0.05735886 0.04178128 -0.09121209 0.05325852 0.0384528 -0.09136678 0.06971529 0.04682782 -0.09252314 0.06852369 0.04676376 -0.09198514 0.06623825 0.0356308 -0.1009726 0.06896844 0.03658559 -0.10114 0.07390056 0.03832221 -0.1010344 0.07364903 0.04769848 -0.09267723 0.06623825 0.0356308 -0.1009726 0.06078155 0.04344988 -0.09186067 0.06274905 0.03370243 -0.1009775 0.05325852 0.0384528 -0.09136678 0.05920298 0.03104798 -0.1010962 0.05620033 0.0347919 -0.09617158 0.06971529 0.04682782 -0.09252314 0.07364903 0.04769848 -0.09267723 0.07360285 0.04788286 -0.09233247 0.07360285 0.04788286 -0.09233247 0.07275579 0.0495952 -0.08694266 0.07751589 0.0502274 -0.08721338 0.07757921 0.04834099 -0.09255598 0.07360285 0.04788286 -0.09233247 0.07751589 0.0502274 -0.08721338 0.07816081 0.04832382 -0.0928694 0.08370815 0.05042037 -0.08753604 0.0828101 0.04845967 -0.09287707 0.07751589 0.0502274 -0.08721338 0.08264668 0.04832851 -0.09320089 0.08715204 0.0479164 -0.09348167 0.0828101 0.04845967 -0.09287707 0.08735248 0.0480724 -0.09309176 0.07816081 0.04832382 -0.0928694 0.08264668 0.04832851 -0.09320089 0.09191035 0.04723534 -0.09334318 0.07757921 0.04834099 -0.09255598 0.07364903 0.04769848 -0.09267723 0.07786477 0.04819228 -0.09303049 0.08264668 0.04832851 -0.09320089 0.08715204 0.0479164 -0.09348167 0.08735248 0.0480724 -0.09309176 0.08264668 0.04832851 -0.09320089 0.08413053 0.03935115 -0.1009989 0.08926914 0.0386322 -0.1011054 0.07900018 0.03917678 -0.1010694 0.09437592 0.04623534 -0.09397854 0.09498647 0.03713661 -0.1010888 0.07389646 0.0378449 -0.1012415 0.06896844 0.03658559 -0.10114 0.07933135 0.0387151 -0.1012362 0.06927342 0.03636244 -0.1012541 0.08488242 0.03866126 -0.1012604 0.0636701 0.0337847 -0.1012193 0.08476879 0.0391303 -0.1010973 0.08476879 0.0391303 -0.1010973 0.08413053 0.03935115 -0.1009989 0.08926914 0.0386322 -0.1011054 0.06274905 0.03370243 -0.1009775 0.06623825 0.0356308 -0.1009726 0.0636701 0.0337847 -0.1012193 0.05920298 0.03104798 -0.1010962 0.05955589 0.03060556 -0.101263 0.09034087 0.03806307 -0.1012359 0.09516904 0.03668535 -0.1012298 0.09498647 0.03713661 -0.1010888 0.1002788 0.03455321 -0.1011599 0.09183764 0.03746307 -0.1012572 0.08488242 0.03866126 -0.1012604 0.09516904 0.03668535 -0.1012298 0.1000119 0.0344128 -0.1012563 0.1049381 0.03133428 -0.1012269 0.1042699 0.0315236 -0.1012571 0.08687136 0.03621956 -0.101276 0.08264524 0.03643392 -0.1012706 0.09293591 0.03490778 -0.1012651 0.09785501 0.03285776 -0.1012724 0.07827435 0.03841775 -0.1012571 0.1032759 0.02961265 -0.1012869 0.07923514 0.03628863 -0.1012925 0.1042699 0.0315236 -0.1012571 0.07374 0.03533722 -0.1012764 0.08488242 0.03866126 -0.1012604 0.07933135 0.0387151 -0.1012362 0.07389646 0.0378449 -0.1012415 0.06927342 0.03636244 -0.1012541 0.06516261 0.03429861 -0.1012571 0.06856252 0.03350413 -0.1012904 0.06367174 0.03093437 -0.1012573 0.06392382 0.03086674 -0.1011959 0.05944933 0.02741203 -0.1011707 0.06168648 0.0290351 -0.1010145 0.05920298 0.03104798 -0.1010962 0.05673008 0.02879895 -0.1011405 0.05928411 0.0275553 -0.1012571 0.05571742 0.02347725 -0.101186 0.05753095 0.02526 -0.1010145 0.05250369 0.01869846 -0.1012052 0.05406906 0.0208847 -0.1010145 0.05464033 0.0258237 -0.1012571 0.05549208 0.023518 -0.1012571 0.05250369 0.01869846 -0.1012052 0.0549796 0.02664364 -0.1012416 0.05255694 0.02413386 -0.1010841 0.05067923 0.02021251 -0.1012571 0.05028056 0.01998903 -0.1012659 0.04991332 0.0198535 -0.1010194 0.0486791 0.0174269 -0.1011314 0.04991332 0.0198535 -0.1010194 0.04721503 0.01295338 -0.1012258 0.04703405 0.0131537 -0.1010244 0.05028056 0.01998903 -0.1012659 0.0486791 0.0174269 -0.1011314 0.05464033 0.0258237 -0.1012571 0.04782605 0.01395207 -0.1012571 0.05239366 0.0189268 -0.1012571 0.05018329 0.014049 -0.1012727 0.04926913 0.01098132 -0.1012503 0.04618613 0.007266126 -0.1012571 0.04816553 0.005506352 -0.1012823 0.04581311 0.006356268 -0.1012313 0.04578081 0.001913674 -0.1012572 0.04581311 0.006356268 -0.1012313 0.04792365 0.001532281 -0.1012849 0.04572971 -0.0012355 -0.1012379 0.04537554 0.002610873 -0.1011236 0.04537554 0.002610873 -0.1011236 0.04525656 0.004401375 -0.1010404 0.04608446 0.009918367 -0.1010487 0.04721503 0.01295338 -0.1012258 0.04703405 0.0131537 -0.1010244 0.04537554 0.002610873 -0.1011236 0.04551298 -0.002441213 -0.101114 0.04611278 -0.004987911 -0.1012078 0.04611278 -0.004987911 -0.1012078 0.04661683 -0.008513133 -0.1010762 0.04743379 -0.01015325 -0.1012273 0.04944684 -0.01525275 -0.1011406 0.0502006 -0.01579184 -0.1012571 0.05137761 -0.01831901 -0.1011449 0.05377106 -0.02099809 -0.1012574 0.05350278 -0.02122048 -0.1011857 0.05137761 -0.01831901 -0.1011449 0.05323253 -0.02147961 -0.1010727 0.05137761 -0.01831901 -0.1011449 0.0557127 -0.02422987 -0.1010354 0.05299771 -0.02733276 -0.09807284 0.05009062 -0.02399191 -0.09798681 0.04690358 -0.02654642 -0.09480643 0.05299771 -0.02733276 -0.09807284 0.05053888 -0.03053665 -0.09479642 0.05626708 -0.03514972 -0.09480516 0.05633423 -0.03023195 -0.09806712 0.05990958 -0.03266839 -0.09807312 0.0557127 -0.02422987 -0.1010354 0.05633423 -0.03023195 -0.09806712 0.05902095 -0.02721254 -0.1010245 0.06147334 -0.02894599 -0.1010752 0.05902095 -0.02721254 -0.1010245 0.06363502 -0.03460903 -0.09809511 0.06147334 -0.02894599 -0.1010752 0.06461412 -0.03090451 -0.1010106 0.06745712 -0.03227925 -0.1010198 0.06363502 -0.03460903 -0.09809511 0.06871119 -0.03655646 -0.09813987 0.072128 -0.03393075 -0.1010529 0.07930374 -0.04045607 -0.09597626 0.07642856 -0.03491382 -0.1010225 0.08168462 -0.0354439 -0.1010245 0.07866345 -0.04687397 -0.08886252 0.08675113 -0.0458358 -0.08929543 0.08733926 -0.04026696 -0.09549928 0.08719543 -0.03508834 -0.1010247 0.0713846 -0.04041974 -0.09509261 0.07246172 -0.04700683 -0.08853287 0.08675113 -0.0458358 -0.08929543 0.06700768 -0.03962957 -0.09506977 0.06363502 -0.03460903 -0.09809511 0.09216537 -0.03920351 -0.09564234 0.08967908 -0.03473874 -0.1009703 0.0674292 -0.04665916 -0.08825482 0.0713846 -0.04041974 -0.09509261 0.06240322 -0.04569624 -0.08816694 0.06185783 -0.04177383 -0.09151068 0.05712535 -0.03985418 -0.09138661 0.05653317 -0.04377808 -0.08781525 0.06185783 -0.04177383 -0.09151068 0.05712535 -0.03985418 -0.09138661 0.05653317 -0.04377808 -0.08781525 0.05576189 -0.04354306 -0.08767146 0.05250191 -0.03715565 -0.09129988 0.05053888 -0.03053665 -0.09479642 0.05576189 -0.04354306 -0.08767146 0.05263637 -0.04177618 -0.08772996 0.05250191 -0.03715565 -0.09129988 0.04662869 -0.03764174 -0.08754604 0.04570606 -0.03652194 -0.08763526 0.04804984 -0.03357316 -0.09125227 0.04804984 -0.03357316 -0.09125227 0.04570606 -0.03652194 -0.08763526 0.04321725 -0.03416765 -0.08757374 0.04590831 -0.03141713 -0.09124237 0.04690358 -0.02654642 -0.09480643 0.04389685 -0.02894696 -0.09121463 0.04321725 -0.03416765 -0.08757374 0.04076827 -0.03143796 -0.08751857 0.04389685 -0.02894696 -0.09121463 0.04037352 -0.02384524 -0.0913345 0.04037352 -0.02384524 -0.0913345 0.04076827 -0.03143796 -0.08751857 0.03811421 -0.02732167 -0.08762149 0.04385546 -0.02209572 -0.09484684 0.05009062 -0.02399191 -0.09798681 0.0378581 -0.0187311 -0.09138111 0.04156028 -0.0176039 -0.0948577 0.03361013 -0.01859083 -0.08766164 0.03354049 -0.0181753 -0.08777095 0.03634905 -0.02463849 -0.0876269 0.0378581 -0.0187311 -0.09138111 0.04037352 -0.02384524 -0.0913345 0.03811421 -0.02732167 -0.08762149 0.05009062 -0.02399191 -0.09798681 0.04749484 -0.0204111 -0.09809583 0.05137761 -0.01831901 -0.1011449 0.04944684 -0.01525275 -0.1011406 0.05137761 -0.01831901 -0.1011449 0.04043071 -0.01525963 -0.09486989 0.04156028 -0.0176039 -0.0948577 0.03354049 -0.0181753 -0.08777095 0.04661683 -0.008513133 -0.1010762 0.03231016 -0.01388022 -0.08773983 0.03185787 -0.009012317 -0.0880538 0.03903551 -0.0085467 -0.09495606 0.04272494 -0.008450599 -0.09811766 0.03903551 -0.0085467 -0.09495606 0.04212628 -0.0043861 -0.09815206 0.03865748 -0.0040531 -0.0950403 0.04551298 -0.002441213 -0.101114 0.04272494 -0.008450599 -0.09811766 0.04206513 0.003643332 -0.09824848 0.04212628 -0.0043861 -0.09815206 0.04537554 0.002610873 -0.1011236 0.03877157 0.0003717 -0.09513945 0.03930318 0.0046932 -0.09524704 0.04277589 0.0075964 -0.09829216 0.03930318 0.0046932 -0.09524704 0.03247229 0.001909553 -0.08860767 0.03343814 0.005491977 -0.08884183 0.0350794 0.01151332 -0.08918796 0.03877157 0.0003717 -0.09513945 0.04017602 0.0088769 -0.09535695 0.03164342 -0.0044378 -0.08819731 0.04608446 0.009918367 -0.1010487 0.03903551 -0.0085467 -0.09495606 0.03185787 -0.009012317 -0.0880538 0.04525656 0.004401375 -0.1010404 0.04277589 0.0075964 -0.09829216 0.04206513 0.003643332 -0.09824848 0.04537554 0.002610873 -0.1011236 0.04608446 0.009918367 -0.1010487 0.04276391 0.01673063 -0.09563912 0.04703405 0.0131537 -0.1010244 0.0350794 0.01151332 -0.08918796 0.03647099 0.0147728 -0.08942012 0.03647099 0.0147728 -0.08942012 0.0362508 0.01503306 -0.08907571 0.03449268 0.01029157 -0.08893367 0.03449268 0.01029157 -0.08893367 0.03343814 0.005491977 -0.08884183 0.03212537 0.001784659 -0.0880859 0.03436485 0.01049205 -0.088588 0.03321631 0.006000866 -0.08868705 0.03212906 0.0007019957 -0.08836492 0.03212537 0.001784659 -0.0880859 0.03343814 0.005491977 -0.08884183 0.03321631 0.006000866 -0.08868705 0.03247229 0.001909553 -0.08860767 0.03135579 -0.004218339 -0.08780307 0.03212906 0.0007019957 -0.08836492 0.03247229 0.001909553 -0.08860767 0.03164342 -0.0044378 -0.08819731 0.03247229 0.001909553 -0.08860767 0.03321631 0.006000866 -0.08868705 0.03164342 -0.0044378 -0.08819731 0.03161361 -0.008859464 -0.0878029 0.03185787 -0.009012317 -0.0880538 0.03840613 0.01940151 -0.08974206 0.04276391 0.01673063 -0.09563912 0.0486791 0.0174269 -0.1011314 0.04703405 0.0131537 -0.1010244 0.04449017 0.0203668 -0.09568408 0.04991332 0.0198535 -0.1010194 0.0486791 0.0174269 -0.1011314 0.04645075 0.023785 -0.09578838 0.04274558 0.0271118 -0.09018818 0.04274558 0.0271118 -0.09018818 0.05255694 0.02413386 -0.1010841 0.04991332 0.0198535 -0.1010194 0.0497346 0.02848512 -0.09590108 0.05673008 0.02879895 -0.1011405 0.04645075 0.023785 -0.09578838 0.05368366 0.0325858 -0.0960739 0.05673008 0.02879895 -0.1011405 0.05920298 0.03104798 -0.1010962 0.05620033 0.0347919 -0.09617158 0.04861046 0.03438094 -0.09079089 0.05368366 0.0325858 -0.0960739 0.05325852 0.0384528 -0.09136678 0.04058759 0.0236486 -0.08970191 0.04861046 0.03438094 -0.09079089 0.05101097 0.0369814 -0.09066719 0.04605841 0.03177613 -0.09024475 0.04274558 0.0271118 -0.09018818 0.040581 0.02405407 -0.0894617 0.04058759 0.0236486 -0.08970191 0.03834528 0.01980628 -0.08916812 0.03708281 0.0174332 -0.08898907 0.0362508 0.01503306 -0.08907571 0.03647099 0.0147728 -0.08942012 0.03449268 0.01029157 -0.08893367 0.03436485 0.01049205 -0.088588 0.05191764 0.04013483 -0.08543053 0.05735886 0.04178128 -0.09121209 0.05501601 0.04252721 -0.08573917 0.04863751 0.0371765 -0.08531301 0.05305886 0.03873787 -0.09086536 0.1348845 -0.006321052 -0.06478389 0.1353902 -0.002040409 -0.0646963 0.1342985 -0.009589596 -0.06469267 0.1353902 -0.002040409 -0.0646963 0.1338033 -0.0042683 -0.07336096 0.1341359 0.0008536999 -0.07346053 0.1355674 0.0008721246 -0.0647781 0.1341359 0.0008536999 -0.07346053 0.1339613 0.0059816 -0.07354778 0.1353386 0.006123422 -0.06462946 0.1339613 0.0059816 -0.07354778 0.1351874 0.007971636 -0.06479657 0.1332814 0.0110654 -0.07362226 0.134434 0.01268473 -0.0647857 0.1353386 0.006123422 -0.06462946 0.1341046 0.01422645 -0.06471041 0.134434 0.01268473 -0.0647857 0.1339613 0.0059816 -0.07354778 0.1325717 0.003289535 -0.08132139 0.1341359 0.0008536999 -0.07346053 0.131645 0.0106886 -0.08151366 0.1320126 -0.006671265 -0.08098327 0.1314326 0.01854191 -0.07369907 0.1338033 -0.0042683 -0.07336096 0.129821 0.01789597 -0.08164614 0.1329651 -0.009334 -0.07324957 0.1283107 0.0255675 -0.07376623 0.1267787 0.0247355 -0.08175708 0.1257317 0.0299964 -0.07378696 0.1216824 0.03317468 -0.0818129 0.1227299 0.03415 -0.07379388 0.1283107 0.0255675 -0.07376623 0.1269988 0.03082207 -0.06477027 0.1293535 0.02676893 -0.06468201 0.1172757 0.04009183 -0.07377006 0.1320992 0.0208301 -0.06468486 0.1283107 0.0255675 -0.07376623 0.1341046 0.01422645 -0.06471041 0.1332814 0.0110654 -0.07362226 0.134434 0.01268473 -0.0647857 0.1257317 0.0299964 -0.07378696 0.1247096 0.03408188 -0.06467474 0.1227299 0.03415 -0.07379388 0.1211934 0.03825073 -0.06466033 0.1227299 0.03415 -0.07379388 0.1158809 0.04323341 -0.06481208 0.1099385 0.04736047 -0.06463047 0.1156229 0.04332267 -0.06462862 0.1092835 0.04612429 -0.07371417 0.1099385 0.04736047 -0.06463047 0.1035668 0.05069313 -0.06481012 0.102517 0.0495016 -0.07362231 0.1035668 0.05069313 -0.06481012 0.1033524 0.05067039 -0.06461734 0.09655721 0.05310489 -0.06466062 0.0961331 0.051851 -0.07352208 0.09655721 0.05310489 -0.06466062 0.09020725 0.05446266 -0.06470772 0.08338384 0.05302198 -0.07805464 0.08192673 0.05502512 -0.06462179 0.07541406 0.05453994 -0.06462668 0.0723244 0.0527186 -0.07299369 0.07212145 0.05391971 -0.06472448 0.06819142 0.05312778 -0.06457822 0.0723244 0.0527186 -0.07299369 0.06593972 0.05114491 -0.07280969 0.0600912 0.05006738 -0.06456225 0.05783073 0.0475834 -0.07253725 0.05709888 0.04850769 -0.06478258 0.05654191 0.04535356 -0.07956848 0.05341605 0.0449402 -0.07236898 0.05095748 0.04142261 -0.07928104 0.05005803 0.04247305 -0.07232599 0.05783073 0.0475834 -0.07253725 0.05307513 0.04607669 -0.06477533 0.04935758 0.0433549 -0.06479128 0.04949182 0.04342874 -0.06457116 0.05307513 0.04607669 -0.06477533 0.05436953 0.04690612 -0.06451835 0.05709888 0.04850769 -0.06478258 0.09183802 0.0492555 -0.08789884 0.09529992 0.05041327 -0.08133688 0.1017909 0.0479875 -0.08151374 0.102517 0.0495016 -0.07362231 0.1090033 0.04443231 -0.08167881 0.1092835 0.04612429 -0.07371417 0.1028686 0.0456322 -0.08830108 0.1017909 0.0479875 -0.08151374 0.09191035 0.04723534 -0.09334318 0.09972979 0.04472082 -0.09366184 0.1093245 0.0416119 -0.08846349 0.1131309 0.0386892 -0.08853572 0.1178604 0.03428587 -0.08858999 0.122628 0.0279288 -0.08857916 0.1117943 0.03700788 -0.09402211 0.1093245 0.0416119 -0.08846349 0.1250564 0.0237899 -0.08853568 0.1267787 0.0247355 -0.08175708 0.1231989 0.02277639 -0.09398448 0.1207994 0.02678881 -0.09407034 0.1270743 0.0194357 -0.08846344 0.1286625 0.0149069 -0.08836292 0.1298045 0.0102454 -0.08823476 0.131645 0.0106886 -0.08151366 0.1304877 0.0054948 -0.08807971 0.1325717 0.003289535 -0.08132139 0.1307022 0.0006996 -0.08789873 0.1283153 -0.005593056 -0.09325332 0.1286758 0.000609272 -0.09329759 0.1304443 -0.0040938 -0.08769304 0.1304443 -0.0040938 -0.08769304 0.129713 -0.0088387 -0.087464 0.1285134 -0.0134876 -0.08721323 0.129713 -0.0088387 -0.087464 0.1278366 -0.00853472 -0.09282158 0.1294351 -0.01631744 -0.08055455 0.1283153 -0.005593056 -0.09325332 0.1268539 -0.0179936 -0.08694251 0.1328778 -0.0146725 -0.06477371 0.1298069 -0.0190987 -0.07299359 0.1307888 -0.02002432 -0.06470768 0.1298069 -0.0190987 -0.07299359 0.1307888 -0.02002432 -0.06470768 0.1287009 -0.02409578 -0.06477349 0.1262272 -0.02304736 -0.08021841 0.123649 -0.02997354 -0.07263236 0.1265316 -0.02765269 -0.06464614 0.1220434 -0.02946237 -0.07981545 0.1222883 -0.03314666 -0.06471571 0.117111 -0.03484749 -0.07942107 0.1188999 -0.03667654 -0.06468832 0.1180759 -0.03584412 -0.07236888 0.1180759 -0.03584412 -0.07236888 0.1148532 -0.03847715 -0.07306993 0.114916 -0.03857343 -0.0723137 0.1188999 -0.03667654 -0.06468832 0.1169985 -0.03836353 -0.0644897 0.1156712 -0.03949419 -0.06452101 0.1244101 -0.03058752 -0.06454328 0.1219965 -0.03343653 -0.06444731 0.1188999 -0.03667654 -0.06468832 0.1222883 -0.03314666 -0.06471571 0.1169985 -0.03836353 -0.0644897 0.1244101 -0.03058752 -0.06454328 0.1265316 -0.02765269 -0.06464614 0.128628 -0.02425914 -0.06460087 0.1265316 -0.02765269 -0.06464614 0.1307888 -0.02002432 -0.06470768 0.1287009 -0.02409578 -0.06477349 0.1113018 -0.04266299 -0.06472656 0.1156712 -0.03949419 -0.06452101 0.1097514 -0.0422271 -0.07221027 0.1148532 -0.03847715 -0.07306993 0.1053329 -0.04605338 -0.06476001 0.103581 -0.04555085 -0.07208081 0.1053258 -0.04601677 -0.06446673 0.1104615 -0.04314722 -0.06445406 0.1156712 -0.03949419 -0.06452101 0.1113018 -0.04266299 -0.06472656 0.09732162 -0.04954155 -0.06486397 0.1053258 -0.04601677 -0.06446673 0.1002311 -0.04824813 -0.0644083 0.09694605 -0.04955178 -0.06439062 0.09166084 -0.05136781 -0.06452923 0.08687119 -0.05271639 -0.06472645 0.09177346 -0.05142676 -0.06488393 0.08683524 -0.05252227 -0.06451119 0.08687119 -0.05271639 -0.06472645 0.08683524 -0.05252227 -0.06451119 0.0834838 -0.0533963 -0.06456559 0.08962554 -0.05169335 -0.06442679 0.08683524 -0.05252227 -0.06451119 0.09694605 -0.04955178 -0.06439062 0.09380025 -0.05031442 -0.06436024 0.08651152 -0.05243438 -0.06446154 0.08683524 -0.05252227 -0.06451119 0.08651152 -0.05243438 -0.06446154 0.0834838 -0.0533963 -0.06456559 0.08356252 -0.05314273 -0.0644474 0.08360814 -0.05192078 -0.06438243 0.08356252 -0.05314273 -0.0644474 0.08632622 -0.051334 -0.06429379 0.08962554 -0.05169335 -0.06442679 0.08360254 -0.05111943 -0.06427967 0.08360814 -0.05192078 -0.06438243 0.09443399 -0.04965715 -0.06407932 0.08962554 -0.05169335 -0.06442679 0.09380025 -0.05031442 -0.06436024 0.09694605 -0.04955178 -0.06439062 0.09443399 -0.04965715 -0.06407932 0.1002311 -0.04824813 -0.0644083 0.0855775 -0.05072623 -0.06419451 0.08360254 -0.05111943 -0.06427967 0.08847698 -0.05009225 -0.06366747 0.09405334 -0.04875869 -0.06341925 0.09847956 -0.04697897 -0.06327645 0.1052173 -0.04589468 -0.06429871 0.1042286 -0.04466249 -0.06334921 0.09396368 -0.04823425 -0.06278181 0.09134144 -0.04898463 -0.062563 0.08819502 -0.04953785 -0.06278865 0.08940171 -0.04927205 -0.06206382 0.08819502 -0.04953785 -0.06278865 0.08819502 -0.04953785 -0.06278865 0.08664167 -0.04970498 -0.06300365 0.08373262 -0.05003107 -0.06345557 0.08360254 -0.05111943 -0.06427967 0.08658952 -0.04957246 -0.06226232 0.08664167 -0.04970498 -0.06300365 0.0835675 -0.04973614 -0.06242177 0.08836927 -0.04940229 -0.06179483 0.08819502 -0.04953785 -0.06278865 0.08940171 -0.04927205 -0.06206382 0.08527514 -0.04967053 -0.06196294 0.08836927 -0.04940229 -0.06179483 0.08534569 -0.04978398 -0.06107808 0.08534569 -0.04978398 -0.06107808 0.0835675 -0.04973614 -0.06242177 0.08332499 -0.04997087 -0.06050664 0.1286717 0.0028367 -0.0933819 0.1286758 0.000609272 -0.09329759 0.1285428 0.0006376156 -0.09366363 0.1304877 0.0054948 -0.08807971 0.1286758 0.000609272 -0.09329759 0.1307022 0.0006996 -0.08789873 0.08612794 -0.04604203 -0.08897829 0.08675113 -0.0458358 -0.08929543 0.09224282 -0.04466153 -0.08922248 0.08926406 -0.04751081 -0.08309041 0.09224282 -0.04466153 -0.08922248 0.09111849 -0.04666813 -0.08433141 0.0934382 -0.04416471 -0.08961668 0.09111849 -0.04666813 -0.08433141 0.1001511 -0.04393048 -0.0848228 0.09977417 -0.04207738 -0.08983301 0.1023245 -0.04082771 -0.08998924 0.1006781 -0.04340165 -0.08485903 0.0934382 -0.04416471 -0.08961668 0.1051965 -0.04126588 -0.08512035 0.1023245 -0.04082771 -0.08998924 0.1051965 -0.04126588 -0.08512035 0.1058867 -0.03894505 -0.09031914 0.09056883 -0.04472616 -0.08979035 0.09216537 -0.03920351 -0.09564234 0.1094524 -0.03878349 -0.08537896 0.1051965 -0.04126588 -0.08512035 0.111964 -0.03490973 -0.09077291 0.1130579 -0.03625678 -0.08542961 0.1140307 -0.03745768 -0.07952179 0.1096702 -0.04060445 -0.07914499 0.1130579 -0.03625678 -0.08542961 0.0934382 -0.04416471 -0.08961668 0.09568448 -0.04321695 -0.09013177 0.1097514 -0.0422271 -0.07221027 0.1140307 -0.03745768 -0.07952179 0.09111849 -0.04666813 -0.08433141 0.08926406 -0.04751081 -0.08309041 0.0891358 -0.04763294 -0.08292571 0.1166076 -0.03433394 -0.08312638 0.1220434 -0.02946237 -0.07981545 0.111964 -0.03490973 -0.09077291 0.1147525 -0.03239589 -0.09108259 0.08926406 -0.04751081 -0.08309041 0.08226235 -0.04882648 -0.08296603 0.1147525 -0.03239589 -0.09108259 0.1182544 -0.02863422 -0.09145347 0.08226235 -0.04882648 -0.08296603 0.1222198 -0.026393 -0.08634933 0.1207295 -0.02536107 -0.09176974 0.1262272 -0.02304736 -0.08021841 0.1247499 -0.02231053 -0.08665382 0.1222198 -0.026393 -0.08634933 0.1232934 -0.02121417 -0.09200495 0.1268539 -0.0179936 -0.08694251 0.1250957 -0.0174587 -0.09227502 0.1266967 -0.01305962 -0.09257618 0.1250957 -0.0174587 -0.09227502 0.1285134 -0.0134876 -0.08721323 0.129713 -0.0088387 -0.087464 0.123953 -0.01979167 -0.09247557 0.1267481 -0.0124571 -0.09290124 0.1277881 -0.008051864 -0.09318621 0.1266967 -0.01305962 -0.09257618 0.1210344 -0.02448364 -0.09218176 0.1207295 -0.02536107 -0.09176974 0.1252621 -0.01648002 -0.09276275 0.1207295 -0.02536107 -0.09176974 0.1179928 -0.02866715 -0.09186916 0.1182544 -0.02863422 -0.09145347 0.1151895 -0.03176456 -0.09145666 0.1138635 -0.03275356 -0.09156565 0.1151895 -0.03176456 -0.09145666 0.1117977 -0.03468545 -0.09122255 0.1147525 -0.03239589 -0.09108259 0.1058623 -0.02722068 -0.1010444 0.1138635 -0.03275356 -0.09156565 0.1110648 -0.02221165 -0.101032 0.1179928 -0.02866715 -0.09186916 0.1210344 -0.02448364 -0.09218176 0.1143341 -0.01764842 -0.1009882 0.1228521 -0.02132489 -0.09254733 0.1210344 -0.02448364 -0.09218176 0.1168049 -0.01277188 -0.1011057 0.1143341 -0.01764842 -0.1009882 0.1264803 -0.01290032 -0.09301976 0.1252621 -0.01648002 -0.09276275 0.1267481 -0.0124571 -0.09290124 0.1168049 -0.01277188 -0.1011057 0.1186953 -0.007455697 -0.1009938 0.1277881 -0.008051864 -0.09318621 0.1283317 -0.003981712 -0.09354746 0.1196008 -0.002899803 -0.1009885 0.1186953 -0.007455697 -0.1009938 0.1197037 -0.00214344 -0.1009675 0.1196008 -0.002899803 -0.1009885 0.1197037 -0.00214344 -0.1009675 0.128208 -0.0034896 -0.09360573 0.1285428 0.0006376156 -0.09366363 0.1286758 0.000609272 -0.09329759 0.1197037 -0.00214344 -0.1009675 0.1198734 0.000586194 -0.1009992 0.1285428 0.0006376156 -0.09366363 0.128215 0.005657604 -0.09390022 0.1286717 0.0028367 -0.0933819 0.1285105 0.0052246 -0.09351669 0.1277308 0.01006321 -0.09373447 0.1275764 0.0100075 -0.09401394 0.128215 0.005657604 -0.09390022 0.1198734 0.000586194 -0.1009992 0.128215 0.005657604 -0.09390022 0.1197499 0.003927396 -0.1010914 0.1193316 0.00855799 -0.1009928 0.1275764 0.0100075 -0.09401394 0.1264289 0.01438644 -0.09416482 0.1184823 0.0121922 -0.1009938 0.1197499 0.003927396 -0.1010914 0.1190908 0.0087844 -0.1011019 0.1197037 -0.00214344 -0.1009675 0.1184823 0.0121922 -0.1009938 0.1190908 0.0087844 -0.1011019 0.1177135 0.01386099 -0.1011328 0.117861 0.01412614 -0.1009932 0.1172837 0.01571 -0.1009945 0.1249086 0.01860068 -0.09427133 0.1184823 0.0121922 -0.1009938 0.1172837 0.01571 -0.1009945 0.1249086 0.01860068 -0.09427133 0.1155358 0.0191178 -0.101104 0.1149951 0.02069458 -0.1009729 0.124189 0.02062684 -0.09422437 0.1122421 0.02448978 -0.1010943 0.1092716 0.02808107 -0.10101 0.1090941 0.0279184 -0.1011524 0.1265589 0.0142107 -0.09400655 0.1277308 0.01006321 -0.09373447 0.1264289 0.01438644 -0.09416482 0.1286625 0.0149069 -0.08836292 0.1298045 0.0102454 -0.08823476 0.1265589 0.0142107 -0.09400655 0.1285105 0.0052246 -0.09351669 0.1298045 0.0102454 -0.08823476 0.1304877 0.0054948 -0.08807971 0.1257875 0.01709357 -0.09389555 0.1286625 0.0149069 -0.08836292 0.1250564 0.0237899 -0.08853568 0.1207994 0.02678881 -0.09407034 0.1207994 0.02678881 -0.09407034 0.1206159 0.02657359 -0.09445538 0.1229592 0.02270553 -0.09436275 0.1172837 0.01571 -0.1009945 0.1229592 0.02270553 -0.09436275 0.1179732 0.03027106 -0.09444254 0.1122421 0.02448978 -0.1010943 0.1149276 0.03377803 -0.09440668 0.1180886 0.03048885 -0.09413356 0.1207994 0.02678881 -0.09407034 0.1150323 0.0338072 -0.09429755 0.1149276 0.03377803 -0.09440668 0.1150461 0.0339813 -0.09401911 0.1120577 0.0365215 -0.09436278 0.1065055 0.030631 -0.1009948 0.1150323 0.0338072 -0.09429755 0.1117943 0.03700788 -0.09402211 0.1077757 0.04015037 -0.09403447 0.10505 0.03177543 -0.1010425 0.1065055 0.030631 -0.1009948 0.1045857 0.04197303 -0.09423614 0.1004293 0.03480422 -0.100997 0.1011599 0.0435482 -0.09418991 0.1002521 0.04416441 -0.09397296 0.09700689 0.0363926 -0.100993 0.1002521 0.04416441 -0.09397296 0.1011599 0.0435482 -0.09418991 0.09700689 0.0363926 -0.100993 0.1002788 0.03455321 -0.1011599 0.10505 0.03177543 -0.1010425 0.1049381 0.03133428 -0.1012269 0.1150461 0.0339813 -0.09401911 0.1131309 0.0386892 -0.08853572 0.1178604 0.03428587 -0.08858999 0.1207994 0.02678881 -0.09407034 0.122628 0.0279288 -0.08857916 0.10505 0.03177543 -0.1010425 0.1065055 0.030631 -0.1009948 0.1092716 0.02808107 -0.10101 0.1090941 0.0279184 -0.1011524 0.1000119 0.0344128 -0.1012563 0.1002788 0.03455321 -0.1011599 0.09516904 0.03668535 -0.1012298 0.1093957 0.02695434 -0.1012571 0.1124951 0.02361779 -0.1012181 0.1122421 0.02448978 -0.1010943 0.1076424 0.02569341 -0.1012571 0.1151927 0.01922936 -0.1012251 0.1177135 0.01386099 -0.1011328 0.1075722 0.02547806 -0.1012063 0.1102094 0.02232041 -0.1011786 0.1068022 0.02616045 -0.1010431 0.1068022 0.02616045 -0.1010431 0.1032759 0.02961265 -0.1012869 0.1102264 0.02258642 -0.1012573 0.1102094 0.02232041 -0.1011786 0.1133282 0.01770405 -0.1012827 0.1135866 0.02149947 -0.1012571 0.1151927 0.01922936 -0.1012251 0.1170441 0.01456132 -0.101258 0.1159698 0.01064305 -0.101271 0.1186863 0.008874475 -0.1012561 0.1186863 0.008874475 -0.1012561 0.1169609 0.004743997 -0.1012591 0.1194172 0.003500352 -0.1012247 0.1197499 0.003927396 -0.1010914 0.1193278 -0.0021172 -0.1011805 0.1192201 0.001961777 -0.1012571 0.1183446 -0.007821752 -0.1011223 0.1186953 -0.007455697 -0.1009938 0.1168049 -0.01277188 -0.1011057 0.1194172 0.003500352 -0.1012247 0.1186863 0.008874475 -0.1012561 0.1190415 -0.002205817 -0.101258 0.1194172 0.003500352 -0.1012247 0.1180758 -0.00746783 -0.1012577 0.1166458 -0.01194762 -0.1012556 0.1168049 -0.01277188 -0.1011057 0.1144395 -0.01697022 -0.1011407 0.1139833 -0.01710927 -0.1012566 0.1107798 -0.0218156 -0.1012451 0.1143341 -0.01764842 -0.1009882 0.1110648 -0.02221165 -0.101032 0.1107798 -0.0218156 -0.1012451 0.1068139 -0.02585125 -0.1012479 0.1058623 -0.02722068 -0.1010444 0.1030959 -0.02861943 -0.101253 0.1028306 -0.02934312 -0.1010491 0.09805914 -0.03185992 -0.101118 0.09701126 -0.03185482 -0.1012562 0.09193102 -0.03368341 -0.1012483 0.09358339 -0.03373316 -0.1009835 0.08745871 -0.03475971 -0.101163 0.08719543 -0.03508834 -0.1010247 0.08161828 -0.03519639 -0.1011151 0.08745871 -0.03475971 -0.101163 0.08840061 -0.03434816 -0.1012569 0.08249825 -0.03478717 -0.1012594 0.08168462 -0.0354439 -0.1010245 0.08719543 -0.03508834 -0.1010247 0.07642856 -0.03491382 -0.1010225 0.07674459 -0.03442986 -0.1012594 0.07947926 -0.03465354 -0.101257 0.07083961 -0.03308521 -0.1012413 0.072128 -0.03393075 -0.1010529 0.07947926 -0.03465354 -0.101257 0.07169034 -0.03321191 -0.101257 0.07169034 -0.03321191 -0.101257 0.06643945 -0.03137686 -0.1012289 0.06745712 -0.03227925 -0.1010198 0.06170597 -0.02863619 -0.1012329 0.06147334 -0.02894599 -0.1010752 0.06461412 -0.03090451 -0.1010106 0.06147334 -0.02894599 -0.1010752 0.05714814 -0.0254342 -0.1011062 0.05902095 -0.02721254 -0.1010245 0.0557127 -0.02422987 -0.1010354 0.05350278 -0.02122048 -0.1011857 0.05762367 -0.02516376 -0.1012599 0.05350278 -0.02122048 -0.1011857 0.06489071 -0.03029898 -0.1012572 0.06643945 -0.03137686 -0.1012289 0.05696754 -0.02139039 -0.101257 0.0680387 -0.02944214 -0.1012571 0.05783768 -0.02197625 -0.1011888 0.06039869 -0.02456055 -0.1012574 0.05471179 -0.01835963 -0.1012847 0.06333991 -0.0268162 -0.1012589 0.06039869 -0.02456055 -0.1012574 0.0634786 -0.02662497 -0.1011517 0.05408003 -0.01765703 -0.1012587 0.0521862 -0.01455642 -0.1012604 0.05224857 -0.01424172 -0.1011773 0.05471179 -0.01835963 -0.1012847 0.05326879 -0.0156714 -0.1011139 0.05124638 -0.01182132 -0.1011366 0.05060758 -0.01081656 -0.1011891 0.05060758 -0.01081656 -0.1011891 0.05012967 -0.0089935 -0.1010823 0.05012967 -0.0089935 -0.1010823 0.04942509 -0.007253793 -0.1011778 0.04856708 -0.01219026 -0.09637567 0.04942509 -0.007253793 -0.1011778 0.04743379 -0.01015325 -0.1012273 0.04830659 -0.002618555 -0.1012687 0.04639128 -0.0047834 -0.1012571 0.06505218 -0.02767153 -0.1010783 0.06026506 -0.02420543 -0.1011247 0.06807592 -0.0291255 -0.1011542 0.07062027 -0.03031234 -0.1010015 0.07062027 -0.03031234 -0.1010015 0.07319664 -0.0310271 -0.1011532 0.07062027 -0.03031234 -0.1010015 0.07646756 -0.03178904 -0.1010261 0.07854882 -0.0321092 -0.1011585 0.07308143 -0.03130488 -0.1012571 0.0835378 -0.032446 -0.1012136 0.07646756 -0.03178904 -0.1010261 0.07835201 -0.03236315 -0.1012571 0.08248943 -0.03260284 -0.1012574 0.08249825 -0.03478717 -0.1012594 0.08840061 -0.03434816 -0.1012569 0.0835378 -0.032446 -0.1012136 0.09193102 -0.03368341 -0.1012483 0.09701126 -0.03185482 -0.1012562 0.09067074 -0.03173968 -0.101299 0.09701126 -0.03185482 -0.1012562 0.09636446 -0.02952995 -0.1012414 0.1030959 -0.02861943 -0.101253 0.09978717 -0.02797928 -0.1012571 0.1068139 -0.02585125 -0.1012479 0.09636446 -0.02952995 -0.1012414 0.09990636 -0.02771092 -0.101173 0.1032249 -0.02572967 -0.1012659 0.1061921 -0.02321523 -0.1012601 0.1107798 -0.0218156 -0.1012451 0.09990636 -0.02771092 -0.101173 0.1029727 -0.02558544 -0.1011011 0.09990636 -0.02771092 -0.101173 0.1051733 -0.023894 -0.1010743 0.1060196 -0.02300928 -0.1011073 0.1051733 -0.023894 -0.1010743 0.1088317 -0.02006281 -0.1011064 0.1087775 -0.02051247 -0.1012638 0.1088317 -0.02006281 -0.1011064 0.1139833 -0.01710927 -0.1012566 0.1119244 -0.01618955 -0.1012583 0.1166458 -0.01194762 -0.1012556 0.1150049 -0.009269469 -0.1012359 0.1158978 -0.006815957 -0.1012744 0.1180758 -0.00746783 -0.1012577 0.1169859 -0.0003035676 -0.1012668 0.1168864 0.001645176 -0.1011932 0.1168864 0.001645176 -0.1011932 0.1167108 0.004962603 -0.1011446 0.1159698 0.01064305 -0.101271 0.05263637 -0.04177618 -0.08772996 0.05576189 -0.04354306 -0.08767146 0.05352656 -0.04258458 -0.08740435 0.06034282 -0.04540404 -0.08776291 0.05653317 -0.04377808 -0.08781525 0.0674292 -0.04665916 -0.08825482 0.06608359 -0.04668973 -0.08786413 0.06783407 -0.04703418 -0.08791954 0.06034282 -0.04540404 -0.08776291 0.06240322 -0.04569624 -0.08816694 0.0674292 -0.04665916 -0.08825482 0.07246172 -0.04700683 -0.08853287 0.07539453 -0.047197 -0.0883208 0.07866345 -0.04687397 -0.08886252 0.078379 -0.04699111 -0.08860268 0.07866345 -0.04687397 -0.08886252 0.07547257 -0.0492321 -0.08347404 0.07555676 -0.04934281 -0.0831629 0.07539453 -0.047197 -0.0883208 0.07171599 -0.04942063 -0.08327678 0.07171599 -0.04942063 -0.08327678 0.06783407 -0.04703418 -0.08791954 0.06707092 -0.04923338 -0.08299861 0.06608359 -0.04668973 -0.08786413 0.06229464 -0.04861723 -0.08274581 0.06229464 -0.04861723 -0.08274581 0.06034282 -0.04540404 -0.08776291 0.05738747 -0.04739751 -0.08251083 0.05576189 -0.04354306 -0.08767146 0.05242674 -0.04543358 -0.08230042 0.05352656 -0.04258458 -0.08740435 0.05576189 -0.04354306 -0.08767146 0.04936478 -0.04017577 -0.08735519 0.04386738 -0.03528869 -0.08721441 0.04969287 -0.04619269 -0.07933021 0.05738747 -0.04739751 -0.08251083 0.04861279 -0.0487771 -0.07354096 0.04175009 -0.04428566 -0.07337695 0.03665191 -0.03974721 -0.0732728 0.03419094 -0.03671885 -0.07339423 0.0562853 -0.05139099 -0.07374179 0.04861279 -0.0487771 -0.07354096 0.05852798 -0.05049096 -0.07700259 0.05899837 -0.05196287 -0.07384986 0.06289133 -0.05123716 -0.07720882 0.06707092 -0.04923338 -0.08299861 0.06394327 -0.0527211 -0.07383732 0.06756266 -0.05285756 -0.07381026 0.05899837 -0.05196287 -0.07384986 0.05852798 -0.05049096 -0.07700259 0.06394327 -0.0527211 -0.07383732 0.07547257 -0.0492321 -0.08347404 0.07555676 -0.04934281 -0.0831629 0.07168515 -0.05151553 -0.07763842 0.07135868 -0.05294631 -0.07336153 0.07572199 -0.04944213 -0.08290142 0.07555676 -0.04934281 -0.0831629 0.07573251 -0.04939168 -0.08298741 0.07572199 -0.04944213 -0.08290142 0.08312669 -0.0485612 -0.08302467 0.08926406 -0.04751081 -0.08309041 0.07168515 -0.05151553 -0.07763842 0.07669725 -0.05115358 -0.07785437 0.0778897 -0.05288452 -0.07156827 0.07209787 -0.05295943 -0.07327109 0.08408707 -0.05184496 -0.07169235 0.08395367 -0.05286977 -0.06751937 0.07851432 -0.05338955 -0.07010325 0.07669725 -0.05115358 -0.07785437 0.07135868 -0.05294631 -0.07336153 0.07163684 -0.05377676 -0.07169826 0.0715766 -0.05507901 -0.07050978 0.06756266 -0.05285756 -0.07381026 0.06394327 -0.0527211 -0.07383732 0.06602139 -0.05336236 -0.07280245 0.061168 -0.05291307 -0.07282889 0.06583498 -0.05470338 -0.07139758 0.0562853 -0.05139099 -0.07374179 0.06602139 -0.05336236 -0.07280245 0.0547022 -0.05123505 -0.07306392 0.07015887 -0.05488298 -0.07097927 0.0715766 -0.05507901 -0.07050978 0.06890842 -0.05570746 -0.07059133 0.06299274 -0.05511378 -0.07118886 0.06576746 -0.05532018 -0.07111532 0.06583498 -0.05470338 -0.07139758 0.06890842 -0.05570746 -0.07059133 0.06292108 -0.05585164 -0.07092501 0.06292108 -0.05585164 -0.07092501 0.0586119 -0.05379917 -0.07154021 0.05848504 -0.054476 -0.0711753 0.05466543 -0.05309768 -0.0714187 0.05848504 -0.054476 -0.0711753 0.05834249 -0.05517469 -0.07090805 0.06292108 -0.05585164 -0.07092501 0.05465288 -0.05396871 -0.07094424 0.05819698 -0.05588793 -0.07075327 0.05453911 -0.05488505 -0.07065805 0.05465288 -0.05396871 -0.07094424 0.0586119 -0.05379917 -0.07154021 0.05453911 -0.05488505 -0.07065805 0.05834249 -0.05517469 -0.07090805 0.05416448 -0.05251734 -0.07168454 0.04873259 -0.05025983 -0.07172116 0.05389337 -0.0556499 -0.0705741 0.05453911 -0.05488505 -0.07065805 0.04555483 -0.04735201 -0.07290995 0.05071677 -0.04985373 -0.0730328 0.04861279 -0.0487771 -0.07354096 0.0562853 -0.05139099 -0.07374179 0.05071677 -0.04985373 -0.0730328 0.04175009 -0.04428566 -0.07337695 0.03689057 -0.04204432 -0.07159608 0.03419094 -0.03671885 -0.07339423 0.03316424 -0.03754076 -0.07184496 0.03292511 -0.03773567 -0.07155046 0.04393862 -0.04758762 -0.07169129 0.04873259 -0.05025983 -0.07172116 0.04187076 -0.04919095 -0.06446282 0.04355671 -0.04732696 -0.07177388 0.04155171 -0.04903413 -0.06446172 0.04781507 -0.05242627 -0.06446125 0.04063839 -0.04889696 -0.06451201 0.04355671 -0.04732696 -0.07177388 0.0421287 -0.04762858 -0.07100389 0.04063839 -0.04889696 -0.06451201 0.04011706 -0.04907754 -0.06447183 0.04011706 -0.04907754 -0.06447183 0.03971 -0.04936547 -0.06447829 0.04151696 -0.04816407 -0.07081411 0.04114726 -0.04863282 -0.07062051 0.03932603 -0.04996784 -0.06453843 0.03971 -0.04936547 -0.06447829 0.05379283 -0.05238425 -0.07161502 0.05416448 -0.05251734 -0.07168454 0.04781507 -0.05242627 -0.06446125 0.0517188 -0.05395714 -0.06446282 0.07924559 -0.04910762 -0.05873068 0.07807059 -0.05005043 -0.05873146 0.07912155 -0.0500785 -0.05913212 0.07924559 -0.04910762 -0.05873068 0.08086032 -0.04909683 -0.05927755 0.08131732 -0.05004342 -0.05983924 0.07912155 -0.0500785 -0.05913212 0.08250019 -0.04903625 -0.05981668 0.08925956 -0.04713993 -0.08336189 0.08926406 -0.04751081 -0.08309041 0.08924304 -0.04392901 -0.08330159 0.08612794 -0.04604203 -0.08897829 0.08926406 -0.04751081 -0.08309041 0.08063033 -0.04242881 -0.08878276 0.07870336 -0.0467306 -0.08870309 0.08243717 -0.04241765 -0.08889106 0.08241403 -0.04652361 -0.08893371 0.07866345 -0.04687397 -0.08886252 0.04797279 -0.04691953 -0.053703 0.0509665 -0.04751935 -0.05367353 0.04975151 -0.04642406 -0.05321581 0.04078039 -0.0437655 -0.05323011 0.04797279 -0.04691953 -0.053703 0.04565455 -0.04642567 -0.05372794 0.04024655 -0.04462716 -0.05370626 0.03509882 -0.04230098 -0.0537018 0.03542487 -0.04124128 -0.05323508 0.0299088 -0.03873297 -0.05370267 0.03215402 -0.03895396 -0.05322957 0.02966626 -0.03713849 -0.0532323 0.03215402 -0.03895396 -0.05322957 0.02762026 -0.03490867 -0.05323361 0.02966626 -0.03713849 -0.0532323 0.02448374 -0.03286744 -0.05370168 0.02543732 -0.03251735 -0.05324128 0.02543732 -0.03251735 -0.05324128 0.02218291 -0.02921993 -0.05369347 0.02190297 -0.02642368 -0.05323872 0.02033669 -0.02499172 -0.05375394 0.02092081 -0.01292181 -0.07068886 0.02147589 -0.01285617 -0.0708321 0.01957705 -0.01425925 -0.06443281 0.0191296 -0.0142862 -0.06452478 0.02092081 -0.01292181 -0.07068886 0.01848072 -0.01455376 -0.06449033 0.02017948 -0.01321875 -0.07073735 0.01760405 -0.0162559 -0.06446282 0.01951139 -0.01472679 -0.07052152 0.01768532 -0.01573167 -0.06453362 0.02071128 -0.02140447 -0.07059174 0.01760405 -0.0162559 -0.06446282 0.0185678 -0.02225368 -0.06446184 0.02218087 -0.02628537 -0.07043253 0.02029538 -0.02775176 -0.06446282 0.0222859 -0.02645484 -0.07059574 0.02218087 -0.02628537 -0.07043253 0.0222859 -0.02645484 -0.07059574 0.02071128 -0.02140447 -0.07059174 0.02054461 -0.02823481 -0.06446498 0.02106736 -0.02860961 -0.06451865 0.0227972 -0.02699458 -0.07065754 0.02322633 -0.02727867 -0.07054114 0.0227972 -0.02699458 -0.07065754 0.01976654 -0.0115208 -0.05655338 0.01919423 -0.01119669 -0.0543156 0.01953834 -0.009851067 -0.05457387 0.02095095 -0.0048253 -0.05703768 0.01976654 -0.0115208 -0.05655338 0.02115874 -0.007183516 -0.06032073 0.02080311 -0.004857006 -0.05612173 0.02309151 0.002510268 -0.0584916 0.02145642 -0.0047667 -0.05978346 0.02317605 0.0020834 -0.05951285 0.02145642 -0.0047667 -0.05978346 0.02400946 0.004098907 -0.0604289 0.02570643 0.008492178 -0.06036338 0.02240851 -0.001071652 -0.06042219 0.02240851 -0.001071652 -0.06042219 0.02164616 -0.0046892 -0.06041338 0.02164616 -0.0046892 -0.06041338 0.02111364 -0.0082003 -0.06041841 0.02047882 -0.0116791 -0.05911041 0.02089519 -0.0102301 -0.06034698 0.02092066 -0.01302874 -0.06042681 0.01976654 -0.0115208 -0.05655338 0.02024295 -0.015481 -0.058461 0.01949867 -0.0151425 -0.05598868 0.01961011 -0.0191074 -0.05517484 0.01878747 -0.01780204 -0.05370319 0.0187797 -0.01481108 -0.05379876 0.01919423 -0.01119669 -0.0543156 0.01949867 -0.0151425 -0.05598868 0.01976654 -0.0115208 -0.05655338 0.01961011 -0.0191074 -0.05517484 0.01889951 -0.01893411 -0.05369412 0.01878747 -0.01780204 -0.05370319 0.02124208 -0.01581845 -0.06040232 0.02141929 -0.01701823 -0.06044761 0.0229838 -0.02406576 -0.05825171 0.02092066 -0.01302874 -0.06042681 0.02124208 -0.01581845 -0.06040232 0.02047882 -0.0116791 -0.05911041 0.02033669 -0.02499172 -0.05375394 0.02141929 -0.01701823 -0.06044761 0.02224085 -0.01955552 -0.06042686 0.02338697 -0.02228455 -0.06044123 0.01908328 -0.02015819 -0.05369353 0.01961011 -0.0191074 -0.05517484 0.01889951 -0.01893411 -0.05369412 0.02649369 -0.029281 -0.05836262 0.02218291 -0.02921993 -0.05369347 0.02448374 -0.03286744 -0.05370168 0.0299088 -0.03873297 -0.05370267 0.02442659 -0.02440322 -0.06026936 0.02338697 -0.02228455 -0.06044123 0.02995326 -0.0359554 -0.05591485 0.03509882 -0.04230098 -0.0537018 0.04024655 -0.04462716 -0.05370626 0.04004161 -0.04255369 -0.05550819 0.0250412 -0.02522236 -0.06042572 0.02442659 -0.02440322 -0.06026936 0.02649369 -0.029281 -0.05836262 0.02857914 -0.02995037 -0.06042059 0.03344428 -0.03439606 -0.06044339 0.04020812 -0.03874465 -0.06042301 0.04252677 -0.04259038 -0.05655729 0.04793186 -0.04244712 -0.06043552 0.04797279 -0.04691953 -0.053703 0.04565455 -0.04642567 -0.05372794 0.0509665 -0.04751935 -0.05367353 0.05722511 -0.04872176 -0.05378503 0.04565455 -0.04642567 -0.05372794 0.04004161 -0.04255369 -0.05550819 0.04024655 -0.04462716 -0.05370626 0.05701195 -0.04539208 -0.0603749 0.06277841 -0.04919729 -0.05429745 0.05977419 -0.04630019 -0.06042764 0.0670148 -0.04955598 -0.05511419 0.06775776 -0.048851 -0.0577883 0.06972511 -0.04875576 -0.05972134 0.0687513 -0.04837789 -0.06043745 0.07035146 -0.04872285 -0.06041585 0.06972511 -0.04875576 -0.05972134 0.07317002 -0.04976841 -0.05740476 0.07475623 -0.04939696 -0.06041817 0.07550976 -0.04950979 -0.06043504 0.07245573 -0.04980152 -0.05677198 0.06775776 -0.048851 -0.0577883 0.0670148 -0.04955598 -0.05511419 0.07317002 -0.04976841 -0.05740476 0.07245573 -0.04980152 -0.05677198 0.07912155 -0.0500785 -0.05913212 0.07807059 -0.05005043 -0.05873146 0.07828141 -0.04979088 -0.06041883 0.08131732 -0.05004342 -0.05983924 0.07912155 -0.0500785 -0.05913212 0.0687513 -0.04837789 -0.06043745 0.06274429 -0.04683737 -0.06120631 0.06801974 -0.04800736 -0.06204715 0.07035146 -0.04872285 -0.06041585 0.06801974 -0.04800736 -0.06204715 0.07475623 -0.04939696 -0.06041817 0.07035146 -0.04872285 -0.06041585 0.07377857 -0.04908431 -0.06206524 0.07354566 -0.04907219 -0.06246272 0.07550976 -0.04950979 -0.06043504 0.07475623 -0.04939696 -0.06041817 0.07947394 -0.0496854 -0.0622865 0.07828141 -0.04979088 -0.06041883 0.07377857 -0.04908431 -0.06206524 0.08019999 -0.04986895 -0.06041883 0.07910721 -0.04979223 -0.06286649 0.08332499 -0.04997087 -0.06050664 0.0835675 -0.04973614 -0.06242177 0.08131732 -0.05004342 -0.05983924 0.07828141 -0.04979088 -0.06041883 0.08019999 -0.04986895 -0.06041883 0.08332499 -0.04997087 -0.06050664 0.08201378 -0.04991511 -0.06288724 0.07947394 -0.0496854 -0.0622865 0.07910721 -0.04979223 -0.06286649 0.07229596 -0.0491904 -0.0635557 0.07870083 -0.0504975 -0.06404035 0.08201378 -0.04991511 -0.06288724 0.08373262 -0.05003107 -0.06345557 0.0835675 -0.04973614 -0.06242177 0.08373262 -0.05003107 -0.06345557 0.08360254 -0.05111943 -0.06427967 0.08356252 -0.05314273 -0.0644474 0.08360814 -0.05192078 -0.06438243 0.07847589 -0.05124253 -0.06434152 0.0834838 -0.0533963 -0.06456559 0.07722551 -0.05497233 -0.0644851 0.07740505 -0.05475339 -0.06446283 0.06978948 -0.0498764 -0.06431523 0.06722184 -0.051281 -0.06446292 0.06415136 -0.04735652 -0.06339914 0.05246122 -0.0558687 -0.06449229 0.05283679 -0.05514043 -0.06447925 0.0586166 -0.06078339 -0.06446282 0.05248635 -0.0545045 -0.06450777 0.07722551 -0.05497233 -0.0644851 0.05866615 -0.06096255 -0.06449105 0.05866615 -0.06096255 -0.06449105 0.07738089 -0.05511328 -0.06458477 0.05622332 -0.06129099 -0.06446282 0.05656249 -0.06169924 -0.0645979 0.05267723 -0.05658866 -0.06446695 0.05247204 -0.05685695 -0.06446282 0.05622332 -0.06129099 -0.06446282 0.05215454 -0.05711593 -0.06450813 0.05622332 -0.06129099 -0.06446282 0.0556635 -0.06140974 -0.06446282 0.05876514 -0.06115173 -0.06464303 0.05876514 -0.06115173 -0.06464303 0.07738089 -0.05511328 -0.06458477 0.05866886 -0.06128426 -0.06483397 0.05876514 -0.06115173 -0.06464303 0.07749655 -0.05524522 -0.06486109 0.0834838 -0.0533963 -0.06456559 0.08329055 -0.05364451 -0.06491785 0.07722551 -0.05497233 -0.0644851 0.07738089 -0.05511328 -0.06458477 0.05866196 -0.06130892 -0.06502046 0.07749655 -0.05524522 -0.06486109 0.05633789 -0.0618733 -0.06496537 0.05866886 -0.06128426 -0.06483397 0.05396433 -0.06187569 -0.06456063 0.05215454 -0.05711593 -0.06450813 0.0515772 -0.05742026 -0.06446282 0.05225169 -0.06135391 -0.06446282 0.05225169 -0.06135391 -0.06446282 0.05043168 -0.06132906 -0.06452659 0.04885651 -0.06087123 -0.06468924 0.04219062 -0.05769328 -0.06477858 0.04222816 -0.05758516 -0.06459171 0.05225169 -0.06135391 -0.06446282 0.04897289 -0.06049783 -0.06446278 0.04219062 -0.05769328 -0.06477858 0.03619086 -0.05369473 -0.06464234 0.03970749 -0.05624193 -0.06504143 0.03619086 -0.05369473 -0.06464234 0.03105216 -0.04913482 -0.06449234 0.02560105 -0.04348764 -0.06465039 0.0515772 -0.05742026 -0.06446282 0.05112204 -0.05744403 -0.06449069 0.05052507 -0.05738416 -0.06446282 0.04256496 -0.05751559 -0.06446445 0.04537259 -0.05536745 -0.06446247 0.03577826 -0.05288625 -0.06446352 0.03989754 -0.05224077 -0.06446282 0.03957896 -0.05195579 -0.06449369 0.03922309 -0.05138963 -0.06451017 0.03922712 -0.05065069 -0.06450371 0.03932603 -0.04996784 -0.06453843 0.0330632 -0.04641713 -0.06447364 0.03396244 -0.04640217 -0.06447327 0.0330632 -0.04641713 -0.06447364 0.03466234 -0.04589586 -0.06448698 0.03396244 -0.04640217 -0.06447327 0.03971 -0.04936547 -0.06447829 0.03495896 -0.04543211 -0.06446888 0.04011706 -0.04907754 -0.06447183 0.03495896 -0.04543211 -0.06446888 0.04063839 -0.04889696 -0.06451201 0.04063839 -0.04889696 -0.06451201 0.04155171 -0.04903413 -0.06446172 0.03922712 -0.05065069 -0.06450371 0.0330632 -0.04641713 -0.06447364 0.03244605 -0.04629366 -0.06446782 0.03097247 -0.04858978 -0.06446282 0.03244605 -0.04629366 -0.06446782 0.03205734 -0.04598761 -0.06446282 0.02938972 -0.04717213 -0.06446282 0.0236349 -0.04032212 -0.06446335 0.0280626 -0.04163775 -0.06447533 0.02191601 -0.03735496 -0.06446164 0.02448664 -0.03653742 -0.06446222 0.03649437 -0.05364815 -0.06448025 0.04256496 -0.05751559 -0.06446445 0.03649437 -0.05364815 -0.06448025 0.03097247 -0.04858978 -0.06446282 0.02938972 -0.04717213 -0.06446282 0.04222816 -0.05758516 -0.06459171 0.04256496 -0.05751559 -0.06446445 0.05043168 -0.06132906 -0.06452659 0.02559151 -0.04304723 -0.06447337 0.0236349 -0.04032212 -0.06446335 0.0215848 -0.0375442 -0.06454811 0.0236349 -0.04032212 -0.06446335 0.02141201 -0.0376781 -0.06493868 0.02572932 -0.0437861 -0.06506762 0.02132936 -0.0375568 -0.06510994 0.01792003 -0.03104971 -0.06499983 0.01792003 -0.03104971 -0.06499983 0.02121776 -0.03318848 -0.07022339 0.01853091 -0.02666617 -0.07015911 0.01792003 -0.03104971 -0.06499983 0.01802297 -0.03117624 -0.06474674 0.01545265 -0.02461223 -0.06512038 0.01853091 -0.02666617 -0.07015911 0.01734316 -0.02315279 -0.07015577 0.01482729 -0.0166845 -0.06765287 0.01392201 -0.0178585 -0.06517005 0.01792003 -0.03104971 -0.06499983 0.01356425 -0.01685833 -0.06494786 0.01482729 -0.0166845 -0.06765287 0.01734316 -0.02315279 -0.07015577 0.01593708 -0.01622485 -0.07030994 0.01482729 -0.0166845 -0.06765287 0.01579859 -0.0137792 -0.07024487 0.01374191 -0.01214079 -0.06490844 0.01631965 -0.01140648 -0.07054429 0.01374191 -0.01214079 -0.06490844 0.01450291 -0.0096468 -0.06500169 0.01672945 -0.00906428 -0.07007921 0.01510248 -0.008207964 -0.06478262 0.01672945 -0.00906428 -0.07007921 0.01543231 -0.007737371 -0.06510719 0.01774171 -0.006998971 -0.07011662 0.0184192 -0.002653707 -0.06511764 0.018326 -0.00276501 -0.06483106 0.01510248 -0.008207964 -0.06478262 0.0184192 -0.002653707 -0.06511764 0.01374191 -0.01214079 -0.06490844 0.01450291 -0.0096468 -0.06500169 0.01356425 -0.01685833 -0.06494786 0.01360362 -0.01452155 -0.06471762 0.01396532 -0.01213435 -0.06455193 0.01360362 -0.01452155 -0.06471762 0.01374191 -0.01214079 -0.06490844 0.01511815 -0.00844973 -0.06447653 0.018326 -0.00276501 -0.06483106 0.01857431 -0.002749602 -0.06454481 0.01510248 -0.008207964 -0.06478262 0.01457568 -0.01098619 -0.06446256 0.01404683 -0.01457363 -0.06445368 0.01360362 -0.01452155 -0.06471762 0.01801036 -0.01508784 -0.06453148 0.01457568 -0.01098619 -0.06446256 0.01768532 -0.01573167 -0.06453362 0.01801036 -0.01508784 -0.06453148 0.01511815 -0.00844973 -0.06447653 0.01848072 -0.01455376 -0.06449033 0.01816734 -0.006125151 -0.06445767 0.01419242 -0.01688575 -0.06446271 0.01760405 -0.0162559 -0.06446282 0.0185678 -0.02225368 -0.06446184 0.01863295 -0.0040578 -0.06446282 0.01997915 -0.0009030016 -0.06445295 0.01857431 -0.002749602 -0.06454481 0.01511815 -0.00844973 -0.06447653 0.02004065 -0.006149778 -0.06431624 0.02042959 -0.0009561 -0.06442089 0.01863295 -0.0040578 -0.06446282 0.0191296 -0.0142862 -0.06452478 0.01848072 -0.01455376 -0.06449033 0.01997888 -0.01060351 -0.06426535 0.0191296 -0.0142862 -0.06452478 0.01957705 -0.01425925 -0.06443281 0.01957705 -0.01425925 -0.06443281 0.02013048 -0.01443956 -0.06424376 0.0204433 -0.005989 -0.06424271 0.02143314 -0.000985146 -0.06427418 0.02042959 -0.0009561 -0.06442089 0.02013048 -0.01443956 -0.06424376 0.02066264 -0.01497144 -0.06402325 0.02053654 -0.01066959 -0.06389991 0.02066264 -0.01497144 -0.06402325 0.0209498 -0.01554417 -0.06373636 0.0204433 -0.005989 -0.06424271 0.02178619 -0.00128625 -0.06399446 0.0162931 -0.02536356 -0.06446282 0.01561882 -0.02384641 -0.06449679 0.0162931 -0.02536356 -0.06446282 0.02029538 -0.02775176 -0.06446282 0.01406539 -0.01705432 -0.06445598 0.01360362 -0.01452155 -0.06471762 0.01380225 -0.0171015 -0.06475038 0.01857643 -0.03089977 -0.06446282 0.02054461 -0.02823481 -0.06446498 0.02106736 -0.02860961 -0.06451865 0.01842223 -0.03132959 -0.06447654 0.01545301 -0.02432305 -0.06473749 0.01561882 -0.02384641 -0.06449679 0.01380225 -0.0171015 -0.06475038 0.01949942 -0.03345735 -0.06446367 0.021548 -0.02887577 -0.06446771 0.02192638 -0.02889442 -0.06447039 0.021548 -0.02887577 -0.06446771 0.01356425 -0.01685833 -0.06494786 0.01949942 -0.03345735 -0.06446367 0.02448664 -0.03653742 -0.06446222 0.02444398 -0.03597255 -0.06447139 0.02444398 -0.03597255 -0.06447139 0.02192638 -0.02889442 -0.06447039 0.02282501 -0.02872977 -0.06449375 0.02331869 -0.02835042 -0.06446815 0.02282501 -0.02872977 -0.06449375 0.02361112 -0.02794143 -0.0644673 0.02448526 -0.03527985 -0.06450539 0.02490472 -0.03462039 -0.06450312 0.02490472 -0.03462039 -0.06450312 0.02526738 -0.03429201 -0.06448614 0.02526738 -0.03429201 -0.06448614 0.02577759 -0.03409472 -0.06452853 0.0237547 -0.02737482 -0.06447357 0.02662379 -0.034071 -0.06449381 0.0237547 -0.02737482 -0.06447357 0.02849514 -0.03264411 -0.06446282 0.02719761 -0.03427361 -0.06446686 0.02719761 -0.03427361 -0.06446686 0.02755226 -0.03457289 -0.06446847 0.0298447 -0.03405883 -0.06446282 0.02755226 -0.03457289 -0.06446847 0.02771601 -0.0348578 -0.06447183 0.03312968 -0.03650716 -0.06446179 0.03093555 -0.03937823 -0.06444746 0.0347327 -0.04354814 -0.064392 0.03500979 -0.0440959 -0.06447247 0.03355573 -0.03581952 -0.06444102 0.03312968 -0.03650716 -0.06446179 0.04330076 -0.04260396 -0.06445641 0.03513484 -0.04465581 -0.06446397 0.03508663 -0.04501022 -0.06446429 0.04352832 -0.04209713 -0.06444617 0.04934798 -0.04381843 -0.06432593 0.06072421 -0.04771382 -0.06439483 0.05204163 -0.05410542 -0.06446724 0.04187076 -0.04919095 -0.06446282 0.0517188 -0.05395714 -0.06446282 0.04781507 -0.05242627 -0.06446125 0.04352832 -0.04209713 -0.06444617 0.04397275 -0.04136841 -0.06430187 0.04934798 -0.04381843 -0.06432593 0.04976188 -0.0432685 -0.06402348 0.03872695 -0.03870647 -0.06431299 0.03927943 -0.03815222 -0.0638957 0.03413494 -0.03519204 -0.06417309 0.03872695 -0.03870647 -0.06431299 0.04440066 -0.04093844 -0.06397294 0.05011191 -0.04288016 -0.06339075 0.04191788 -0.03893937 -0.06272151 0.05011191 -0.04288016 -0.06339075 0.04892113 -0.04221801 -0.06255509 0.03938309 -0.03765772 -0.06176317 0.03486064 -0.03487757 -0.06328487 0.03137878 -0.03205954 -0.06284764 0.03042893 -0.0312026 -0.06326868 0.03042893 -0.0312026 -0.06326868 0.02935974 -0.03106371 -0.06412056 0.02659035 -0.02693892 -0.06327682 0.02676566 -0.02689375 -0.06289566 0.0261312 -0.02710386 -0.06392974 0.02359411 -0.02263925 -0.06376131 0.02370308 -0.02203323 -0.06293857 0.02910019 -0.03205264 -0.06444025 0.02849514 -0.03264411 -0.06446282 0.02377861 -0.02677082 -0.06435446 0.02562154 -0.02745508 -0.06431299 0.02254602 -0.02299858 -0.06432784 0.0261312 -0.02710386 -0.06392974 0.02254602 -0.02299858 -0.06432784 0.0217863 -0.02012486 -0.06414036 0.02196902 -0.0197442 -0.06395619 0.02102096 -0.01597822 -0.06378373 0.02196902 -0.0197442 -0.06395619 0.02194811 -0.01764197 -0.06303027 0.0209498 -0.01554417 -0.06373636 0.02102922 -0.01242124 -0.06317257 0.02475614 -0.0239919 -0.06252334 0.02676566 -0.02689375 -0.06289566 0.02879258 -0.02933146 -0.06245985 0.02137245 -0.0054133 -0.0635936 0.02178619 -0.00128625 -0.06399446 0.02214942 -0.001127027 -0.06378736 0.02236734 -0.001276938 -0.06341128 0.02214942 -0.001127027 -0.06378736 0.021587 -0.005176 -0.06328274 0.02236734 -0.001276938 -0.06341128 0.02236734 -0.001276938 -0.06341128 0.02250209 -0.001260016 -0.06306321 0.02250209 -0.001260016 -0.06306321 0.02174397 -0.004957 -0.06293455 0.02256042 -0.00129351 -0.06265399 0.02174397 -0.004957 -0.06293455 0.02112836 -0.0121836 -0.06276255 0.02102922 -0.01242124 -0.06317257 0.02209851 -0.01788493 -0.06260891 0.02174397 -0.004957 -0.06293455 0.02183754 -0.0047805 -0.06255498 0.02125442 -0.0106952 -0.06241079 0.02112836 -0.0121836 -0.06276255 0.02154194 -0.01523345 -0.0622925 0.02209851 -0.01788493 -0.06260891 0.02302073 -0.02020099 -0.06220333 0.0258053 -0.02559424 -0.06210653 0.02879258 -0.02933146 -0.06245985 0.02676566 -0.02689375 -0.06289566 0.03137878 -0.03205954 -0.06284764 0.03547733 -0.03504802 -0.06175835 0.03126248 -0.03169575 -0.06155966 0.03551222 -0.03520937 -0.06140306 0.03001717 -0.03103536 -0.06105986 0.02507499 -0.02492465 -0.06110484 0.03551222 -0.03520937 -0.06140306 0.03547733 -0.03504802 -0.06175835 0.0250412 -0.02522236 -0.06042572 0.02857914 -0.02995037 -0.06042059 0.03344428 -0.03439606 -0.06044339 0.04020812 -0.03874465 -0.06042301 0.03551422 -0.03540145 -0.06105837 0.03551422 -0.03540145 -0.06105837 0.04053175 -0.0383273 -0.06143894 0.04825368 -0.04200054 -0.06202177 0.04892113 -0.04221801 -0.06255509 0.0456696 -0.04123446 -0.06106415 0.04053175 -0.0383273 -0.06143894 0.05701195 -0.04539208 -0.0603749 0.05705933 -0.04521643 -0.06118119 0.06398701 -0.04707756 -0.06228747 0.06274429 -0.04683737 -0.06120631 0.05705933 -0.04521643 -0.06118119 0.02247124 -0.0194445 -0.06113116 0.0236662 -0.02217123 -0.06107862 0.02338697 -0.02228455 -0.06044123 0.02224085 -0.01955552 -0.06042686 0.0236662 -0.02217123 -0.06107862 0.0250412 -0.02522236 -0.06042572 0.02338697 -0.02228455 -0.06044123 0.02208446 -0.01783971 -0.06186228 0.02302073 -0.02020099 -0.06220333 0.02154194 -0.01523345 -0.0622925 0.0211605 -0.01152566 -0.06195212 0.02125442 -0.0106952 -0.06241079 0.02183754 -0.0047805 -0.06255498 0.02186929 -0.004657 -0.06214968 0.02256042 -0.00129351 -0.06265399 0.02256589 -0.001380644 -0.06209257 0.02113663 -0.01361915 -0.06118156 0.0211605 -0.01152566 -0.06195212 0.02165669 -0.0165331 -0.06112769 0.02165669 -0.0165331 -0.06112769 0.02224085 -0.01955552 -0.06042686 0.02141929 -0.01701823 -0.06044761 0.02141929 -0.01701823 -0.06044761 0.02124208 -0.01581845 -0.06040232 0.02092066 -0.01302874 -0.06042681 0.02092066 -0.01302874 -0.06042681 0.02111435 -0.0105495 -0.06120745 0.02089519 -0.0102301 -0.06034698 0.02111364 -0.0082003 -0.06041841 0.02047882 -0.0116791 -0.05911041 0.02111435 -0.0105495 -0.06120745 0.0211605 -0.01152566 -0.06195212 0.02179687 -0.004529 -0.06128276 0.02256589 -0.001380644 -0.06209257 0.02248147 -0.0012729 -0.06131675 0.02111364 -0.0082003 -0.06041841 0.02111435 -0.0105495 -0.06120745 0.02179687 -0.004529 -0.06128276 0.02164616 -0.0046892 -0.06041338 0.02240851 -0.001071652 -0.06042219 0.02179687 -0.004529 -0.06128276 0.01973826 -0.000585084 -0.06462825 0.01956488 -0.0006439592 -0.0649269 0.018326 -0.00276501 -0.06483106 0.01956488 -0.0006439592 -0.0649269 0.01959896 -0.0006488 -0.06511749 0.02555714 0.00979583 -0.06448374 0.02490158 0.008397953 -0.06431229 0.02490158 0.008397953 -0.06431229 0.02754268 0.01335952 -0.06427395 0.02803289 0.01430777 -0.06447557 0.02555714 0.00979583 -0.06448374 0.03041921 0.01900882 -0.06437521 0.03035258 0.01890299 -0.06459666 0.02803289 0.01430777 -0.06447557 0.03035258 0.01890299 -0.06459666 0.03264188 0.02284711 -0.06440738 0.03264188 0.02284711 -0.06440738 0.03486659 0.02680809 -0.06460205 0.0349451 0.02650632 -0.06432929 0.03035258 0.01890299 -0.06459666 0.02801617 0.01426492 -0.06466743 0.02555714 0.00979583 -0.06448374 0.02803289 0.01430777 -0.06447557 0.02977533 0.01726552 -0.06566036 0.03035258 0.01890299 -0.06459666 0.03325629 0.0212453 -0.07176778 0.0348685 0.0267573 -0.06478816 0.03672576 0.0271949 -0.07189646 0.03486659 0.02680809 -0.06460205 0.03877686 0.03222885 -0.06475837 0.03736998 0.03050241 -0.06465018 0.04016095 0.03415165 -0.06468155 0.04021642 0.0341162 -0.06444382 0.03755351 0.0304207 -0.0643286 0.0403397 0.0340065 -0.06428508 0.03755351 0.0304207 -0.0643286 0.03769573 0.0303186 -0.06428558 0.0349451 0.02650632 -0.06432929 0.03769573 0.0303186 -0.06428558 0.04084216 0.03361471 -0.0638721 0.03769573 0.0303186 -0.06428558 0.03573979 0.0252709 -0.06336465 0.03382881 0.02197178 -0.06294283 0.03264188 0.02284711 -0.06440738 0.03041921 0.01900882 -0.06437521 0.03773171 0.027733 -0.06328788 0.04084216 0.03361471 -0.0638721 0.04159112 0.0331057 -0.06335071 0.03126841 0.01891798 -0.06334089 0.0307309 0.01727983 -0.06225932 0.02980903 0.0157847 -0.06196627 0.0307309 0.01727983 -0.06225932 0.0289134 0.01459858 -0.06262135 0.02980903 0.0157847 -0.06196627 0.0292041 0.01478552 -0.06177764 0.02539395 0.007799386 -0.06275906 0.0241062 0.005416647 -0.06352317 0.02490158 0.008397953 -0.06431229 0.02349963 0.005775827 -0.06426475 0.02435198 0.005274965 -0.0629866 0.02553505 0.007836699 -0.06237856 0.0278341 0.012509 -0.06235899 0.02563253 0.007944399 -0.06168602 0.0235525 0.002798232 -0.06264151 0.02338766 0.002730486 -0.06320188 0.02435198 0.005274965 -0.0629866 0.02539395 0.007799386 -0.06275906 0.0289134 0.01459858 -0.06262135 0.0278341 0.012509 -0.06235899 0.02800973 0.01284384 -0.06151751 0.0292041 0.01478552 -0.06177764 0.02563253 0.007944399 -0.06168602 0.02567048 0.0081261 -0.06093065 0.02690121 0.01069937 -0.06086971 0.02214942 -0.001127027 -0.06378736 0.02269737 -1.439578e-05 -0.06338431 0.02236734 -0.001276938 -0.06341128 0.02269737 -1.439578e-05 -0.06338431 0.02338766 0.002730486 -0.06320188 0.0235525 0.002798232 -0.06264151 0.02178619 -0.00128625 -0.06399446 0.02318361 0.002836 -0.06358328 0.02287653 -0.0001186668 -0.06255955 0.02318361 0.002836 -0.06358328 0.0236836 0.0028365 -0.06207507 0.02373563 0.0030008 -0.06133457 0.02567048 0.0081261 -0.06093065 0.02400946 0.004098907 -0.0604289 0.02240851 -0.001071652 -0.06042219 0.02248147 -0.0012729 -0.06131675 0.02256589 -0.001380644 -0.06209257 0.02250209 -0.001260016 -0.06306321 0.02256042 -0.00129351 -0.06265399 0.02269737 -1.439578e-05 -0.06338431 0.02236734 -0.001276938 -0.06341128 0.02256589 -0.001380644 -0.06209257 0.0236836 0.0028365 -0.06207507 0.02373563 0.0030008 -0.06133457 0.02188614 0.0005012801 -0.06421126 0.02143314 -0.000985146 -0.06427418 0.02244717 0.003932357 -0.06442539 0.02349963 0.005775827 -0.06426475 0.02097845 0.00141337 -0.0644886 0.02188614 0.0005012801 -0.06421126 0.02143314 -0.000985146 -0.06427418 0.02042959 -0.0009561 -0.06442089 0.01997915 -0.0009030016 -0.06445295 0.02244717 0.003932357 -0.06442539 0.02096163 0.00174392 -0.06471918 0.02097845 0.00141337 -0.0644886 0.02527814 0.009314227 -0.06462939 0.01956488 -0.0006439592 -0.0649269 0.01959896 -0.0006488 -0.06511749 0.02527814 0.009314227 -0.06462939 0.01973826 -0.000585084 -0.06462825 0.02097845 0.00141337 -0.0644886 0.01956488 -0.0006439592 -0.0649269 0.08697378 -0.05272719 -0.06500605 0.08687119 -0.05271639 -0.06472645 0.08329055 -0.05364451 -0.06491785 0.0834838 -0.0533963 -0.06456559 0.08329055 -0.05364451 -0.06491785 0.07588825 -0.0465963 -0.08305622 0.07922542 -0.0443706 -0.08312482 0.07573251 -0.04939168 -0.08298741 0.07573251 -0.04939168 -0.08298741 0.07581118 -0.04412176 -0.08312958 0.07922542 -0.0443706 -0.08312482 0.08250013 -0.04448572 -0.08312634 0.08587801 -0.04436224 -0.08312955 0.08586897 -0.04808614 -0.08303683 0.08926406 -0.04751081 -0.08309041 0.08312669 -0.0485612 -0.08302467 0.08909161 -0.04741842 -0.08305346 0.08909161 -0.04741842 -0.08305346 0.08899298 -0.04402659 -0.08313792 0.08587801 -0.04436224 -0.08312955 0.08926406 -0.04751081 -0.08309041 0.08924304 -0.04392901 -0.08330159 0.02240851 -0.001071652 -0.06042219 0.02400946 0.004098907 -0.0604289 0.02373563 0.0030008 -0.06133457 0.02570643 0.008492178 -0.06036338 0.02567048 0.0081261 -0.06093065 0.02690121 0.01069937 -0.06086971 0.07807059 -0.05005043 -0.05873146 0.07924559 -0.04910762 -0.05873068 0.07621572 -0.0489937 -0.05768824 0.07621572 -0.0489937 -0.05768824 0.07245573 -0.04980152 -0.05677198 0.07305683 -0.04887576 -0.05660417 0.0670148 -0.04955598 -0.05511419 0.07305683 -0.04887576 -0.05660417 0.06688184 -0.04852002 -0.05475187 0.07922542 -0.0443706 -0.08312482 0.07581118 -0.04412176 -0.08312958 0.07589629 -0.04324114 -0.08303487 0.08236682 -0.04388132 -0.08293758 0.07922542 -0.0443706 -0.08312482 0.08250013 -0.04448572 -0.08312634 0.08587801 -0.04436224 -0.08312955 0.08236682 -0.04388132 -0.08293758 0.08669791 -0.04360995 -0.08296276 0.08899298 -0.04402659 -0.08313792 0.08905172 -0.04326719 -0.08306442 0.02125066 -0.02305038 -0.05286874 0.02079529 -0.02140908 -0.05288272 0.02025653 -0.02161344 -0.05323868 0.02190297 -0.02642368 -0.05323872 0.02025653 -0.02161344 -0.05323868 0.02256403 -0.02698197 -0.05276714 0.0243631 -0.0303237 -0.05288485 0.02543732 -0.03251735 -0.05324128 0.02677379 -0.03383192 -0.05277421 0.02762026 -0.03490867 -0.05323361 0.03053159 -0.0375923 -0.05286786 0.02762026 -0.03490867 -0.05323361 0.02966626 -0.03713849 -0.0532323 0.03212336 -0.03882203 -0.05285215 0.03215402 -0.03895396 -0.05322957 0.0403397 0.0340065 -0.06428508 0.04084216 0.03361471 -0.0638721 0.04463224 0.0388359 -0.06430801 0.04561696 0.03778701 -0.06342639 0.04159112 0.0331057 -0.06335071 0.04463224 0.0388359 -0.06430801 0.05035707 0.04211696 -0.06346998 0.04923372 0.04309824 -0.06437522 0.05613663 0.04773268 -0.06435268 0.05454112 0.0449257 -0.06347325 0.05713071 0.04670388 -0.06348814 0.05815127 0.0486637 -0.06433388 0.03361013 -0.01859083 -0.08766164 0.03634905 -0.02463849 -0.0876269 0.03540818 -0.02322199 -0.08748773 0.03540818 -0.02322199 -0.08748773 0.03387969 -0.0199503 -0.08732006 0.03625736 -0.02513336 -0.0872244 0.03338544 -0.01873702 -0.08734552 0.03231016 -0.01388022 -0.08773983 0.03361013 -0.01859083 -0.08766164 0.03354049 -0.0181753 -0.08777095 0.03174552 -0.0121305 -0.0875309 0.03161361 -0.008859464 -0.0878029 0.03185787 -0.009012317 -0.0880538 0.03161361 -0.008859464 -0.0878029 0.07578301 -0.04397614 -0.08341089 0.07581118 -0.04412176 -0.08312958 0.07555676 -0.04934281 -0.0831629 0.07870336 -0.0467306 -0.08870309 0.07555676 -0.04934281 -0.0831629 0.07697747 -0.04344133 -0.08553129 0.08735029 -0.04311682 -0.08664041 0.08594429 -0.04217931 -0.08910806 0.08612794 -0.04604203 -0.08897829 0.08924304 -0.04392901 -0.08330159 0.08735029 -0.04311682 -0.08664041 0.08925956 -0.04713993 -0.08336189 0.021548 -0.02887577 -0.06446771 0.02322633 -0.02727867 -0.07054114 0.02106736 -0.02860961 -0.06451865 0.02366683 -0.02733348 -0.07070441 0.02192638 -0.02889442 -0.06447039 0.021548 -0.02887577 -0.06446771 0.02422119 -0.02726482 -0.07069548 0.02366683 -0.02733348 -0.07070441 0.02282501 -0.02872977 -0.06449375 0.02496025 -0.02696078 -0.07093523 0.02331869 -0.02835042 -0.06446815 0.02496025 -0.02696078 -0.07093523 0.02560548 -0.02600761 -0.07127178 0.02361112 -0.02794143 -0.0644673 0.0237547 -0.02737482 -0.06447357 0.05283679 -0.05514043 -0.06447925 0.05466543 -0.05309768 -0.0714187 0.05465288 -0.05396871 -0.07094424 0.05248635 -0.0545045 -0.06450777 0.05283679 -0.05514043 -0.06447925 0.05416448 -0.05251734 -0.07168454 0.05204163 -0.05410542 -0.06446724 0.0517188 -0.05395714 -0.06446282 0.05379283 -0.05238425 -0.07161502 0.05416448 -0.05251734 -0.07168454 0.03513484 -0.04465581 -0.06446397 0.03500979 -0.0440959 -0.06447247 0.03703105 -0.04262289 -0.07143739 0.03703079 -0.04306678 -0.07121557 0.03513484 -0.04465581 -0.06446397 0.03500979 -0.0440959 -0.06447247 0.03689057 -0.04204432 -0.07159608 0.0347327 -0.04354814 -0.064392 0.0347327 -0.04354814 -0.064392 0.036563 -0.04184501 -0.07158867 0.03292511 -0.03773567 -0.07155046 0.03689057 -0.04204432 -0.07159608 0.03093555 -0.03937823 -0.06444746 0.03292511 -0.03773567 -0.07155046 0.02771601 -0.0348578 -0.06447183 0.03284705 -0.03778226 -0.07149748 0.02962385 -0.03301504 -0.07161041 0.02755226 -0.03457289 -0.06446847 0.02895608 -0.03270427 -0.07120986 0.02962385 -0.03301504 -0.07161041 0.02719761 -0.03427361 -0.06446686 0.02662379 -0.034071 -0.06449381 0.02895608 -0.03270427 -0.07120986 0.02812333 -0.03258206 -0.0710017 0.02577759 -0.03409472 -0.06452853 0.02812333 -0.03258206 -0.0710017 0.02733536 -0.03280694 -0.07074697 0.03508663 -0.04501022 -0.06446429 0.03689188 -0.04361238 -0.0710363 0.03495896 -0.04543211 -0.06446888 0.03513484 -0.04465581 -0.06446397 0.03703079 -0.04306678 -0.07121557 0.03689188 -0.04361238 -0.0710363 0.02058685 -0.009438033 -0.0544876 0.01953834 -0.009851067 -0.05457387 0.02010279 -0.01192048 -0.05392156 0.01919423 -0.01119669 -0.0543156 0.01953834 -0.009851067 -0.05457387 0.01977872 -0.0141016 -0.05355763 0.0187797 -0.01481108 -0.05379876 0.01973104 -0.0156203 -0.0534334 0.0187797 -0.01481108 -0.05379876 0.01966847 -0.01736069 -0.05329618 0.01878747 -0.01780204 -0.05370319 0.01889951 -0.01893411 -0.05369412 0.02025653 -0.02161344 -0.05323868 0.01908328 -0.02015819 -0.05369353 0.08735029 -0.04311682 -0.08664041 0.08924304 -0.04392901 -0.08330159 0.08905172 -0.04326719 -0.08306442 0.0859279 -0.04167469 -0.08882485 0.08905172 -0.04326719 -0.08306442 0.08594429 -0.04217931 -0.08910806 0.07697747 -0.04344133 -0.08553129 0.07876154 -0.04236351 -0.08866946 0.07881363 -0.04174611 -0.08838227 0.07881363 -0.04174611 -0.08838227 0.07741296 -0.042692 -0.0859195 0.07578301 -0.04397614 -0.08341089 0.07589629 -0.04324114 -0.08303487 0.04952207 -0.006006343 -0.1005416 0.05039901 -0.009044961 -0.1005869 0.05012967 -0.0089935 -0.1010823 0.04952207 -0.006006343 -0.1005416 0.04942509 -0.007253793 -0.1011778 0.05039901 -0.009044961 -0.1005869 0.05124638 -0.01182132 -0.1011366 0.05118502 -0.01117842 -0.1006092 0.05124638 -0.01182132 -0.1011366 0.05224857 -0.01424172 -0.1011773 0.05326879 -0.0156714 -0.1011139 0.05330498 -0.01530699 -0.1006113 0.05326879 -0.0156714 -0.1011139 0.05471179 -0.01835963 -0.1012847 0.0552665 -0.0182498 -0.1006061 0.05683961 -0.02024172 -0.1005766 0.05783046 -0.02162654 -0.1010724 0.06060742 -0.02405003 -0.1005659 0.06026506 -0.02420543 -0.1011247 0.03193304 0.0160454 -0.06163788 0.03138451 0.01654158 -0.06178595 0.02914472 0.01139281 -0.0606514 0.02776995 0.01019581 -0.06031211 0.02835311 0.009830791 -0.06020962 0.02914472 0.01139281 -0.0606514 0.02586302 0.006696217 -0.05942708 0.02600348 0.0049521 -0.05887026 0.02544761 0.0035139 -0.05839231 0.02439695 0.002720198 -0.05815927 0.02586302 0.006696217 -0.05942708 0.02470837 0.0016481 -0.05781302 0.0243272 0.0006861 -0.05751432 0.02314231 -0.00336083 -0.05623264 0.02314231 -0.00336083 -0.05623264 0.02239769 -0.002841623 -0.05644233 0.02161595 -0.008555559 -0.05461405 0.02130955 -0.0098109 -0.05426638 0.02058685 -0.009438033 -0.0544876 0.02239769 -0.002841623 -0.05644233 0.06709848 -0.0480103 -0.05464103 0.06488124 -0.04781005 -0.05407969 0.06688184 -0.04852002 -0.05475187 0.06329053 -0.04826258 -0.05415903 0.06488124 -0.04781005 -0.05407969 0.05938441 -0.04747153 -0.05324264 0.0576947 -0.04775059 -0.0533655 0.05938441 -0.04747153 -0.05324264 0.0566191 -0.04717014 -0.05303103 0.05420024 -0.04716427 -0.0533378 0.0566191 -0.04717014 -0.05303103 0.04931098 -0.04597018 -0.05290456 0.05420024 -0.04716427 -0.0533378 0.04975151 -0.04642406 -0.05321581 0.07305683 -0.04887576 -0.05660417 0.06709848 -0.0480103 -0.05464103 0.06688184 -0.04852002 -0.05475187 0.07319923 -0.04818994 -0.05656728 0.07940615 -0.04841085 -0.05862192 0.07305683 -0.04887576 -0.05660417 0.07621572 -0.0489937 -0.05768824 0.07924559 -0.04910762 -0.05873068 0.08250019 -0.0483314 -0.05970246 0.08250019 -0.04903625 -0.05981668 0.08696102 -0.04788976 -0.06101266 0.08585992 -0.04875324 -0.0608241 0.08923198 -0.04829126 -0.06165379 0.08969035 -0.0474987 -0.06165837 0.08696102 -0.04788976 -0.06101266 0.09773842 -0.04545449 -0.06265894 0.09632514 -0.04586701 -0.06254084 0.09623402 -0.04671125 -0.06270523 0.09623402 -0.04671125 -0.06270523 0.1032914 -0.04330063 -0.06277525 0.1036181 -0.04389683 -0.06288023 0.09343401 -0.04671124 -0.06228139 0.09623402 -0.04671125 -0.06270523 0.09169954 -0.04785474 -0.06213178 0.08969035 -0.0474987 -0.06165837 0.09169954 -0.04785474 -0.06213178 0.08923198 -0.04829126 -0.06165379 0.1042286 -0.04466249 -0.06334921 0.1052173 -0.04589468 -0.06429871 0.1120192 -0.04036415 -0.06348499 0.1104615 -0.04314722 -0.06445406 0.1120192 -0.04036415 -0.06348499 0.1156712 -0.03949419 -0.06452101 0.1146454 -0.03819734 -0.06347148 0.117001 -0.03794927 -0.06433263 0.1203344 -0.03288841 -0.06348047 0.1219965 -0.03343653 -0.06444731 0.1203344 -0.03288841 -0.06348047 0.1252438 -0.02662905 -0.06346941 0.1228201 -0.03199552 -0.06432986 0.08243717 -0.04241765 -0.08889106 0.08241403 -0.04652361 -0.08893371 0.08594429 -0.04217931 -0.08910806 0.08612794 -0.04604203 -0.08897829 0.02190297 -0.02642368 -0.05323872 0.02025653 -0.02161344 -0.05323868 0.02033669 -0.02499172 -0.05375394 0.01908328 -0.02015819 -0.05369353 0.02013048 -0.01443956 -0.06424376 0.01957705 -0.01425925 -0.06443281 0.02147589 -0.01285617 -0.0708321 0.02180685 -0.0129215 -0.07086194 0.02013048 -0.01443956 -0.06424376 0.02274593 -0.0132914 -0.07135244 0.02066264 -0.01497144 -0.06402325 0.0209498 -0.01554417 -0.06373636 0.02066264 -0.01497144 -0.06402325 0.02308631 -0.01371621 -0.07161708 0.02308631 -0.01371621 -0.07161708 0.02318791 -0.01402817 -0.07165495 0.02102096 -0.01597822 -0.06378373 0.01943622 -0.01436929 -0.07072636 0.01970751 -0.01382451 -0.07071056 0.01768532 -0.01573167 -0.06453362 0.01801036 -0.01508784 -0.06453148 0.02017948 -0.01321875 -0.07073735 0.01848072 -0.01455376 -0.06449033 0.01970751 -0.01382451 -0.07071056 0.02415419 -0.01955057 -0.07172364 0.0217863 -0.02012486 -0.06414036 0.02318791 -0.01402817 -0.07165495 0.02102096 -0.01597822 -0.06378373 0.02377861 -0.02677082 -0.06435446 0.02577671 -0.02550969 -0.07155243 0.0237547 -0.02737482 -0.06447357 0.02579766 -0.02501187 -0.07176977 0.02415419 -0.01955057 -0.07172364 0.02377861 -0.02677082 -0.06435446 0.02254602 -0.02299858 -0.06432784 0.0217863 -0.02012486 -0.06414036 0.02377861 -0.02677082 -0.06435446 0.03922712 -0.05065069 -0.06450371 0.04106251 -0.04920171 -0.0706754 0.03932603 -0.04996784 -0.06453843 0.04114726 -0.04863282 -0.07062051 0.03922309 -0.05138963 -0.06451017 0.04106251 -0.04920171 -0.0706754 0.03922712 -0.05065069 -0.06450371 0.04110286 -0.04999379 -0.07044494 0.03957896 -0.05195579 -0.06449369 0.04148428 -0.05043082 -0.07070525 0.03922309 -0.05138963 -0.06451017 0.04170509 -0.05069086 -0.07046214 0.04148428 -0.05043082 -0.07070525 0.03989754 -0.05224077 -0.06446282 0.04804223 -0.05413739 -0.07056907 0.04537259 -0.05536745 -0.06446247 0.05052507 -0.05738416 -0.06446282 0.05112204 -0.05744403 -0.06449069 0.05258314 -0.05588342 -0.07061531 0.05238077 -0.05586183 -0.07044899 0.05336736 -0.0558782 -0.07073084 0.05112204 -0.05744403 -0.06449069 0.0515772 -0.05742026 -0.06446282 0.05336736 -0.0558782 -0.07073084 0.05215454 -0.05711593 -0.06450813 0.05247204 -0.05685695 -0.06446282 0.05267723 -0.05658866 -0.06446695 0.05453911 -0.05488505 -0.07065805 0.05246122 -0.0558687 -0.06449229 0.05453911 -0.05488505 -0.07065805 0.05465288 -0.05396871 -0.07094424 0.05283679 -0.05514043 -0.06447925 0.04099095 -0.04867458 -0.07072969 0.04151696 -0.04816407 -0.07081411 0.04106251 -0.04920171 -0.0706754 0.04114726 -0.04863282 -0.07062051 0.1220964 -0.02934861 -0.0629059 0.1252438 -0.02662905 -0.06346941 0.124511 -0.02602416 -0.0629059 0.1203344 -0.03288841 -0.06348047 0.1220964 -0.02934861 -0.0629059 0.1197173 -0.03214321 -0.0629059 0.1146454 -0.03819734 -0.06347148 0.1142349 -0.03744874 -0.0629363 0.1120192 -0.04036415 -0.06348499 0.1146454 -0.03819734 -0.06347148 0.1090269 -0.04099102 -0.06289425 0.1042286 -0.04466249 -0.06334921 0.1036181 -0.04389683 -0.06288023 0.02733536 -0.03280694 -0.07074697 0.02526738 -0.03429201 -0.06448614 0.02671552 -0.03331369 -0.07067767 0.02490472 -0.03462039 -0.06450312 0.02448526 -0.03527985 -0.06450539 0.02671552 -0.03331369 -0.07067767 0.02638568 -0.03373942 -0.07076985 0.02634215 -0.03430044 -0.07059388 0.1338033 -0.0042683 -0.07336096 0.1348845 -0.006321052 -0.06478389 0.1329651 -0.009334 -0.07324957 0.1342985 -0.009589596 -0.06469267 0.08612794 -0.04604203 -0.08897829 0.08241403 -0.04652361 -0.08893371 0.08675113 -0.0458358 -0.08929543 0.07866345 -0.04687397 -0.08886252 0.08243717 -0.04241765 -0.08889106 0.08594429 -0.04217931 -0.08910806 0.0859279 -0.04167469 -0.08882485 0.08249307 -0.04183744 -0.08859936 0.08063033 -0.04242881 -0.08878276 0.08243717 -0.04241765 -0.08889106 0.07876154 -0.04236351 -0.08866946 0.07881363 -0.04174611 -0.08838227 0.04902964 0.007428674 -0.100518 0.04816553 0.005506352 -0.1012823 0.04974692 0.01065953 -0.1005132 0.04926913 0.01098132 -0.1012503 0.04902964 0.007428674 -0.100518 0.04852312 0.002031069 -0.1004923 0.04816553 0.005506352 -0.1012823 0.04792365 0.001532281 -0.1012849 0.04862021 -0.0007120492 -0.1004876 0.04852312 0.002031069 -0.1004923 0.04830659 -0.002618555 -0.1012687 0.04862021 -0.0007120492 -0.1004876 0.04952207 -0.006006343 -0.1005416 0.04883419 -0.003880567 -0.1011291 0.04942509 -0.007253793 -0.1011778 0.06026506 -0.02420543 -0.1011247 0.06060742 -0.02405003 -0.1005659 0.06505218 -0.02767153 -0.1010783 0.06532959 -0.02730353 -0.1005264 0.06505218 -0.02767153 -0.1010783 0.07062027 -0.03031234 -0.1010015 0.07076106 -0.02996524 -0.1005272 0.07062027 -0.03031234 -0.1010015 0.07646756 -0.03178904 -0.1010261 0.07639403 -0.03141528 -0.1005211 0.07639403 -0.03141528 -0.1005211 0.08271084 -0.03208937 -0.1004927 0.0835378 -0.032446 -0.1012136 0.09067074 -0.03173968 -0.101299 0.08912451 -0.03130006 -0.1005156 0.09245802 -0.03046424 -0.1005191 0.09636446 -0.02952995 -0.1012414 0.09556185 -0.02934766 -0.1005063 0.09245802 -0.03046424 -0.1005191 0.09968448 -0.02728366 -0.1005219 0.09990636 -0.02771092 -0.101173 0.1046004 -0.02388481 -0.1004872 0.1051733 -0.023894 -0.1010743 0.1087804 -0.01947498 -0.100521 0.1088317 -0.02006281 -0.1011064 0.1119244 -0.01618955 -0.1012583 0.1119988 -0.01490926 -0.100499 0.1087804 -0.01947498 -0.100521 0.1137736 -0.01100623 -0.1005164 0.1150049 -0.009269469 -0.1012359 0.1145973 -0.0089929 -0.1005176 0.1150049 -0.009269469 -0.1012359 0.1158978 -0.006815957 -0.1012744 0.1150923 -0.0072003 -0.1005176 0.03616014 -0.04136337 -0.05296726 0.03212336 -0.03882203 -0.05285215 0.03542487 -0.04124128 -0.05323508 0.03215402 -0.03895396 -0.05322957 0.04078039 -0.0437655 -0.05323011 0.03616014 -0.04136337 -0.05296726 0.04347685 -0.04450937 -0.0529228 0.04931098 -0.04597018 -0.05290456 0.04975151 -0.04642406 -0.05321581 0.04780824 0.03752603 -0.06277377 0.04881683 0.03954194 -0.0628994 0.0454755 0.0349738 -0.06276944 0.04537952 0.036152 -0.06289225 0.04293173 0.03214826 -0.06276127 0.04235878 0.0325536 -0.06288074 0.08250019 -0.04903625 -0.05981668 0.08250019 -0.0483314 -0.05970246 0.08086032 -0.04909683 -0.05927755 0.08057645 -0.0483978 -0.05906435 0.07924559 -0.04910762 -0.05873068 0.07940615 -0.04841085 -0.05862192 0.1329016 0.01215272 -0.06347463 0.1343385 0.01157281 -0.0643637 0.1316118 0.01665368 -0.06347447 0.1317848 0.02053645 -0.06435017 0.1306284 0.02004653 -0.06347656 0.1279664 0.025887 -0.06348322 0.1291229 0.02615014 -0.06434068 0.1282385 0.0280214 -0.06434136 0.1254751 0.0299086 -0.06347282 0.1282385 0.0280214 -0.06434136 0.1237804 0.03461577 -0.06434812 0.1226446 0.0340836 -0.06347282 0.120652 0.03800727 -0.06434527 0.1169871 0.04010005 -0.06347758 0.1176116 0.04115993 -0.06435709 0.1111136 0.04467463 -0.06347576 0.1113357 0.04603431 -0.06436465 0.1072175 0.04685932 -0.06347405 0.1036875 0.04879836 -0.06347676 0.1041808 0.04994308 -0.0643552 0.09617997 0.05152148 -0.06347381 0.0965123 0.05277823 -0.0643878 0.08897987 0.05296749 -0.06347898 0.08853062 0.05438493 -0.06439181 0.08853062 0.05438493 -0.06439181 0.07931314 0.05329663 -0.0634861 0.0818976 0.05477412 -0.06438357 0.07230666 0.05236209 -0.06349096 0.0735871 0.05411667 -0.06445453 0.06782123 0.05247362 -0.06434387 0.06338522 0.0497028 -0.0634787 0.06154995 0.05052275 -0.06442864 0.06338522 0.0497028 -0.0634787 0.05713071 0.04670388 -0.06348814 0.05815127 0.0486637 -0.06433388 0.1072194 0.045955 -0.06290591 0.1072175 0.04685932 -0.06347405 0.1050196 0.0471203 -0.06290591 0.1036875 0.04879836 -0.06347676 0.09808599 0.049977 -0.06290798 0.09617997 0.05152148 -0.06347381 0.08968914 0.05195256 -0.06290933 0.08897987 0.05296749 -0.06347898 0.08250019 0.0524226 -0.06290591 0.07931314 0.05329663 -0.0634861 0.07927545 0.0521772 -0.06290591 0.07486396 0.0518416 -0.06290591 0.07931314 0.05329663 -0.0634861 0.07230666 0.05236209 -0.06349096 0.06976517 0.0505684 -0.06290591 0.07230666 0.05236209 -0.06349096 0.06578696 0.0495751 -0.06290591 0.06338522 0.0497028 -0.0634787 0.06578696 0.0495751 -0.06290591 0.05729395 0.04567586 -0.06290767 0.05713071 0.04670388 -0.06348814 0.05454112 0.0449257 -0.06347325 0.05096201 0.04135495 -0.06290646 0.05454112 0.0449257 -0.06347325 0.05035707 0.04211696 -0.06346998 0.05096201 0.04135495 -0.06290646 0.04881683 0.03954194 -0.0628994 0.04561696 0.03778701 -0.06342639 0.04537952 0.036152 -0.06289225 0.04235878 0.0325536 -0.06288074 0.04159112 0.0331057 -0.06335071 0.04975151 -0.04642406 -0.05321581 0.0509665 -0.04751935 -0.05367353 0.05420024 -0.04716427 -0.0533378 0.05722511 -0.04872176 -0.05378503 0.0576947 -0.04775059 -0.0533655 0.06277841 -0.04919729 -0.05429745 0.06329053 -0.04826258 -0.05415903 0.06688184 -0.04852002 -0.05475187 0.0670148 -0.04955598 -0.05511419 0.09169954 -0.04785474 -0.06213178 0.08923198 -0.04829126 -0.06165379 0.09134144 -0.04898463 -0.062563 0.08940171 -0.04927205 -0.06206382 0.09169954 -0.04785474 -0.06213178 0.09396368 -0.04823425 -0.06278181 0.09623402 -0.04671125 -0.06270523 0.1042286 -0.04466249 -0.06334921 0.1036181 -0.04389683 -0.06288023 0.09847956 -0.04697897 -0.06327645 0.09396368 -0.04823425 -0.06278181 0.06168648 0.0290351 -0.1010145 0.06184391 0.02885206 -0.1005198 0.05944933 0.02741203 -0.1011707 0.06184391 0.02885206 -0.1005198 0.0576428 0.02513754 -0.1005253 0.05753095 0.02526 -0.1010145 0.05571742 0.02347725 -0.101186 0.0576428 0.02513754 -0.1005253 0.05406906 0.0208847 -0.1010145 0.05394483 0.02032511 -0.1005104 0.05394483 0.02032511 -0.1005104 0.05250369 0.01869846 -0.1012052 0.05133845 0.01551083 -0.1005346 0.05250369 0.01869846 -0.1012052 0.05018329 0.014049 -0.1012727 0.04926913 0.01098132 -0.1012503 0.04974692 0.01065953 -0.1005132 0.06649185 0.03194287 -0.1005233 0.06168648 0.0290351 -0.1010145 0.06392382 0.03086674 -0.1011959 0.06856252 0.03350413 -0.1012904 0.07162496 0.03409463 -0.1005356 0.07374 0.03533722 -0.1012764 0.07645442 0.0353274 -0.1005178 0.07923514 0.03628863 -0.1012925 0.08246259 0.03592947 -0.1005092 0.08264524 0.03643392 -0.1012706 0.08856036 0.03540727 -0.1005269 0.08246259 0.03592947 -0.1005092 0.08687136 0.03621956 -0.101276 0.09293591 0.03490778 -0.1012651 0.09396265 0.03384686 -0.1005183 0.09545857 0.0332378 -0.1005176 0.1006973 0.03065137 -0.1004871 0.09785501 0.03285776 -0.1012724 0.03249134 0.01691262 -0.06183548 0.03138451 0.01654158 -0.06178595 0.03193304 0.0160454 -0.06163788 0.03659164 0.02439145 -0.06269877 0.03721962 0.0240578 -0.06259247 0.0391599 0.0268017 -0.06263722 0.04235878 0.0325536 -0.06288074 0.04293173 0.03214826 -0.06276127 0.02067469 -0.0129315 -0.05354504 0.02130955 -0.0098109 -0.05426638 0.02058685 -0.009438033 -0.0544876 0.02010279 -0.01192048 -0.05392156 0.02050268 -0.01415659 -0.05333557 0.01977872 -0.0141016 -0.05355763 0.01977872 -0.0141016 -0.05355763 0.02035379 -0.01726299 -0.05300187 0.01973104 -0.0156203 -0.0534334 0.01966847 -0.01736069 -0.05329618 0.02025653 -0.02161344 -0.05323868 0.02079529 -0.02140908 -0.05288272 0.02035379 -0.01726299 -0.05300187 0.1342831 -0.00811173 -0.06442554 0.1349272 -0.00394326 -0.06434263 0.1336204 -0.003712917 -0.06347983 0.1320684 -0.0117548 -0.06348192 0.1328102 -0.01428111 -0.0644341 0.1296886 -0.01844596 -0.0634722 0.1296886 -0.01844596 -0.0634722 0.1305194 -0.02049164 -0.06446682 0.1252438 -0.02662905 -0.06346941 0.1285989 -0.02347246 -0.06433144 0.1264796 -0.02754088 -0.06442651 0.1228201 -0.03199552 -0.06432986 0.1349272 -0.00394326 -0.06434263 0.1351898 0.004103921 -0.06436718 0.1336204 -0.003712917 -0.06347983 0.1338836 0.004067698 -0.06347287 0.1349339 0.00624613 -0.0643537 0.1349339 0.00624613 -0.0643537 0.1343385 0.01157281 -0.0643637 0.1329016 0.01215272 -0.06347463 0.05352656 -0.04258458 -0.08740435 0.04936478 -0.04017577 -0.08735519 0.05263637 -0.04177618 -0.08772996 0.04662869 -0.03764174 -0.08754604 0.04386738 -0.03528869 -0.08721441 0.04570606 -0.03652194 -0.08763526 0.04321725 -0.03416765 -0.08757374 0.04076827 -0.03143796 -0.08751857 0.04059347 -0.03159427 -0.08718172 0.02239769 -0.002841623 -0.05644233 0.02080311 -0.004857006 -0.05612173 0.02058685 -0.009438033 -0.0544876 0.01953834 -0.009851067 -0.05457387 0.02309151 0.002510268 -0.0584916 0.02239769 -0.002841623 -0.05644233 0.02439695 0.002720198 -0.05815927 0.02570643 0.008492178 -0.06036338 0.02439695 0.002720198 -0.05815927 0.02586302 0.006696217 -0.05942708 0.02776995 0.01019581 -0.06031211 0.02690121 0.01069937 -0.06086971 0.02800973 0.01284384 -0.06151751 0.0292041 0.01478552 -0.06177764 0.02800973 0.01284384 -0.06151751 0.03138451 0.01654158 -0.06178595 0.02980903 0.0157847 -0.06196627 0.1111136 0.04467463 -0.06347576 0.1072175 0.04685932 -0.06347405 0.1072194 0.045955 -0.06290591 0.1116885 0.0431268 -0.0629059 0.1169871 0.04010005 -0.06347758 0.1151618 0.0404299 -0.0629059 0.117665 0.0381565 -0.0629059 0.1226446 0.0340836 -0.06347282 0.1227922 0.03242186 -0.06290986 0.1254751 0.0299086 -0.06347282 0.1271199 0.02558316 -0.06290865 0.1279664 0.025887 -0.06348322 0.1306284 0.02004653 -0.06347656 0.1279664 0.025887 -0.06348322 0.1271199 0.02558316 -0.06290865 0.1302219 0.01856998 -0.06290793 0.1316118 0.01665368 -0.06347447 0.1329016 0.01215272 -0.06347463 0.1302219 0.01856998 -0.06290793 0.1321267 0.0111523 -0.0629059 0.1338836 0.004067698 -0.06347287 0.132941 0.006249987 -0.06290175 0.1336204 -0.003712917 -0.06347983 0.1338836 0.004067698 -0.06347287 0.1327128 -0.003671189 -0.06290749 0.1320684 -0.0117548 -0.06348192 0.1309472 -0.01223212 -0.06290472 0.1296886 -0.01844596 -0.0634722 0.1309472 -0.01223212 -0.06290472 0.1283086 -0.01937831 -0.06291468 0.1252438 -0.02662905 -0.06346941 0.124511 -0.02602416 -0.0629059 0.03138451 0.01654158 -0.06178595 0.0307309 0.01727983 -0.06225932 0.02980903 0.0157847 -0.06196627 0.03382881 0.02197178 -0.06294283 0.03659164 0.02439145 -0.06269877 0.03773171 0.027733 -0.06328788 0.04159112 0.0331057 -0.06335071 0.04235878 0.0325536 -0.06288074 0.08836927 -0.04940229 -0.06179483 0.08940171 -0.04927205 -0.06206382 0.08923198 -0.04829126 -0.06165379 0.08585992 -0.04875324 -0.0608241 0.08534569 -0.04978398 -0.06107808 0.08332499 -0.04997087 -0.06050664 0.08250019 -0.04903625 -0.05981668 0.09785501 0.03285776 -0.1012724 0.1032759 0.02961265 -0.1012869 0.1006973 0.03065137 -0.1004871 0.1064737 0.026069 -0.1005318 0.1068022 0.02616045 -0.1010431 0.1101561 0.02157544 -0.1005446 0.1064737 0.026069 -0.1005318 0.1102094 0.02232041 -0.1011786 0.1133282 0.01770405 -0.1012827 0.1133295 0.01629556 -0.1005398 0.1159698 0.01064305 -0.101271 0.1152453 0.0107666 -0.1005176 0.1156882 0.009495376 -0.100538 0.1167108 0.004962603 -0.1011446 0.1164113 0.002003268 -0.1005089 0.1168864 0.001645176 -0.1011932 0.1117977 -0.03468545 -0.09122255 0.1151895 -0.03176456 -0.09145666 0.1076359 -0.03751095 -0.09101907 0.1060806 -0.03869507 -0.09063313 0.1058867 -0.03894505 -0.09031914 0.1023245 -0.04082771 -0.08998924 0.09992671 -0.04175225 -0.09033556 0.09992671 -0.04175225 -0.09033556 0.09977417 -0.04207738 -0.08983301 0.09593146 -0.03803708 -0.09574764 0.09358339 -0.03373316 -0.1009835 0.1018163 -0.03428268 -0.0971479 0.1076359 -0.03751095 -0.09101907 0.09593146 -0.03803708 -0.09574764 0.09805914 -0.03185992 -0.101118 0.1028306 -0.02934312 -0.1010491 0.1117977 -0.03468545 -0.09122255 0.1058623 -0.02722068 -0.1010444 0.1076359 -0.03751095 -0.09101907 0.03634905 -0.02463849 -0.0876269 0.03811421 -0.02732167 -0.08762149 0.03792599 -0.02757901 -0.08728492 0.04076827 -0.03143796 -0.08751857 0.03540818 -0.02322199 -0.08748773 0.03634905 -0.02463849 -0.0876269 0.03625736 -0.02513336 -0.0872244 0.02982314 -0.04553373 -0.07009965 0.02719348 -0.04231686 -0.07006305 0.03504356 -0.05038492 -0.07023185 0.02954826 -0.0449854 -0.07054369 0.03622376 -0.05120846 -0.07039007 0.04232219 -0.05534567 -0.07026783 0.03623005 -0.05076452 -0.07064845 0.04068584 -0.05416213 -0.07045233 0.04071728 -0.05388853 -0.07061169 0.04071728 -0.05388853 -0.07061169 0.04573495 -0.05693169 -0.07051288 0.04753679 -0.05726309 -0.07069643 0.0502121 -0.05888161 -0.0704288 0.04672048 -0.05746561 -0.07022035 0.04232219 -0.05534567 -0.07026783 0.04068584 -0.05416213 -0.07045233 0.02155442 -0.001856524 -0.07067908 0.02038232 -0.0043362 -0.07070671 0.01844917 -0.007397228 -0.07070671 0.01794603 -0.007144548 -0.07046979 0.02155442 -0.001856524 -0.07067908 0.02453333 0.003814999 -0.07051364 0.01844917 -0.007397228 -0.07070671 0.01631965 -0.01140648 -0.07054429 0.01672945 -0.00906428 -0.07007921 0.01672324 -0.0129168 -0.07070671 0.01579859 -0.0137792 -0.07024487 0.1164113 0.002003268 -0.1005089 0.1168864 0.001645176 -0.1011932 0.1159051 -0.004425103 -0.1004858 0.1169859 -0.0003035676 -0.1012668 0.1158978 -0.006815957 -0.1012744 0.1150923 -0.0072003 -0.1005176 0.05265086 -0.07766142 -0.0005999866 0.05500815 -0.08900086 -0.0006260954 0.05382849 -0.08908992 -0.0005968237 0.05241569 -0.08748103 0.01685286 0.05212779 -0.08882485 0.01696014 0.0526627 -0.08903958 0.01557673 0.04575543 -0.04215863 0.009400833 0.04575307 -0.04259405 0.009963697 0.04525179 -0.04172726 0.01126232 0.009007734 -0.01273498 0.01579032 0.009154949 -0.01199215 0.01555697 0.008995654 -0.01133169 0.01263193 0.008994406 -0.01042419 0.006979204 0.009017956 -0.01216465 0.01023687 0.008995654 -0.01133169 0.01263193 0.009154949 -0.01199215 0.01555697 0.009007734 -0.01273498 0.01579032 0.009609111 -0.01242691 0.01732047 0.02923291 -0.0194538 0.01175502 0.02887828 -0.01855675 0.008166322 0.02630927 -0.01065698 0.009084454 0.02963743 -0.02181189 0.01777459 0.02877569 -0.01974531 0.01293001 0.02914955 -0.02010125 0.01451585 0.02710939 -0.0202927 0.01785698 0.02454083 -0.0187813 0.01791764 0.01870627 -0.01661366 0.01784984 0.009657835 -0.0138588 0.01672428 0.00959933 -0.01373723 0.01733815 0.009465995 -0.01221882 0.009302167 0.01679696 -0.01309969 -0.0001352284 0.009477049 -0.01142854 -7.865215e-05 0.01162308 -0.0116873 -9.108912e-05 0.02877569 -0.01974531 0.01293001 0.02845095 -0.0187712 0.008791647 0.02847412 -0.0184564 0.008740975 0.02314231 -0.00336083 -0.05623264 0.02254853 -0.0038514 -0.05326452 0.0243272 0.0006861 -0.05751432 0.03721962 0.0240578 -0.06259247 0.03617403 0.0237477 -0.0583781 0.0391599 0.0268017 -0.06263722 0.05431829 -0.1106386 -0.007653937 0.05436904 -0.110673 -0.007158329 0.05452946 -0.121 -0.007178938 0.05486741 -0.1111181 -0.0007058552 0.05435136 -0.0991677 -0.0006498251 0.05463531 -0.1045764 2.388186e-09 0.04244789 -0.03962291 0.01788114 0.04282244 -0.03952832 0.01657629 0.04191724 -0.03862366 0.01808962 -1.834971e-07 -0.02734269 -0.04012466 -0.002543713 -0.02665665 -0.03953534 9.485561e-07 -0.02665644 -0.03960979 0.05479492 -0.1084097 -0.0005329913 0.05478097 -0.1078457 -0.00138398 0.05475835 -0.1063454 -0.0006472826 0.05478097 -0.1078457 -0.00138398 0.0547848 -0.1105056 -0.002783035 0.05449287 -0.1107569 -0.005949176 0.0548391 -0.1108251 -0.00144534 0.05479492 -0.1084097 -0.0005329913 0.05486741 -0.1111181 -0.0007058552 0.05475301 -0.1024158 -0.0006499976 0.05475835 -0.1063454 -0.0006472826 0.05462317 -0.1072029 -0.004088732 0.05399418 -0.12 2.360161e-09 0.05399418 -0.1170235 -0.0009999976 0.05399418 -0.1170235 0.001000002 0.1365 0.00195 -0.001649994 0.1365 0.00095 -0.004626502 0.1365 0.00295 -0.004626502 0.06916516 -0.05388945 -0.0005954005 0.06979463 -0.05432907 -0.000631984 0.06438445 -0.05234855 -0.0005999211 0.06978218 -0.05528958 -0.000673433 0.06438445 -0.05234855 -0.0005999211 0.06945455 -0.05619495 -0.0006012034 0.06085599 -0.05121184 -0.0005998975 0.06694803 -0.05788904 -0.000597686 0.05819108 -0.04988629 -0.0005998943 0.06325459 -0.06163293 -0.0005982199 0.05315552 -0.04738156 -0.000599888 0.06325459 -0.06163293 -0.0005982199 0.05228115 -0.04677987 -0.0006001908 0.06037271 -0.06620774 -0.0005970963 0.04922976 -0.05480368 -0.0006000284 0.05108661 -0.06599284 -0.000600018 0.05809136 -0.07181697 -0.0005971665 0.05265086 -0.07766142 -0.0005999866 0.05627901 -0.07919098 -0.000607483 0.05500815 -0.08900086 -0.0006260954 0.05507533 -0.08897806 0.0009238402 0.05500815 -0.08900086 -0.0006260954 0.05627901 -0.07919098 -0.000607483 0.05507533 -0.08897806 0.0009238402 0.05504819 -0.08882374 0.002301757 0.02512198 -0.002391343 0.003937133 0.02511175 -0.0029239 0.007812385 0.02621592 -0.0097842 0.004290565 0.02861686 -0.01785097 0.003310408 0.02862836 -0.0178777 0.002588249 0.02884309 -0.018462 0.007480999 0.02621592 -0.0097842 0.004290565 0.02887828 -0.01855675 0.008166322 0.02630927 -0.01065698 0.009084454 0.02621592 -0.0097842 0.004290565 0.02511175 -0.0029239 0.007812385 0.02513593 -0.0031727 0.009039846 0.02630927 -0.01065698 0.009084454 0.02518749 -0.0037033 0.01165799 0.02582345 -0.0079824 0.01376007 0.02676012 -0.0121853 0.01378642 0.02527937 -0.0042819 0.01373076 0.02499435 -0.003003584 0.0117745 0.02923291 -0.0194538 0.01175502 0.02801717 -0.016301 0.01381278 0.02950429 -0.02011666 0.01375854 0.02995465 -0.02116019 0.01628066 0.02801717 -0.016301 0.01381278 0.02995465 -0.02116019 0.01628066 0.02814905 -0.01666892 0.01838956 0.030509 -0.022543 0.01838357 0.02527937 -0.0042819 0.01373076 0.02491567 -0.003544844 0.01484429 0.02558728 -0.005751923 0.01824767 0.02406404 -0.00240699 0.01201282 0.02524085 -0.004879236 0.01823956 0.02369806 -0.003189602 0.01491414 0.02445058 -0.004562177 0.01838662 0.02371176 -0.004454332 0.01831217 0.02558728 -0.005751923 0.01824767 0.0252423 -0.005485559 0.01840098 0.02445058 -0.004562177 0.01838662 0.02327184 -0.004800905 0.01836645 0.02369806 -0.003189602 0.01491414 0.02304501 -0.003454627 0.01495547 0.02371176 -0.004454332 0.01831217 0.02327184 -0.004800905 0.01836645 0.02334757 -0.004995815 0.01839814 0.02093211 -0.007418726 0.01839714 0.02334757 -0.004995815 0.01839814 0.02093211 -0.007418726 0.01839714 0.02645 -0.01180116 0.01839726 0.02812017 -0.01745569 0.01839776 0.02645 -0.01180116 0.01839726 0.02642011 -0.01110126 0.01836072 0.02558728 -0.005751923 0.01824767 0.02639255 -0.01018473 0.01825071 0.01848945 -0.0095438 0.01839775 0.02814905 -0.01666892 0.01838956 0.02683361 -0.01212471 0.01814672 0.030509 -0.022543 0.01838357 0.02981994 -0.02156997 0.01840946 0.01995541 -0.01702898 0.01839658 0.01837717 -0.009335378 0.01835517 0.01526852 -0.01110221 0.01840295 0.01536585 -0.0112993 0.01839775 0.01157258 -0.01255186 0.01839585 0.01199813 -0.01323402 0.01839831 0.01463131 -0.0154568 0.01839775 0.01110809 -0.01449062 0.01833501 0.01105554 -0.01354217 0.01832122 0.02093211 -0.007418726 0.01839714 0.02024834 -0.007852139 0.01823517 0.02298169 -0.00499599 0.0181983 0.02268868 -0.003681788 0.01470494 0.0202506 -0.004932615 0.009055633 0.0225463 -0.002940046 0.01199332 0.01859988 -0.0075576 0.01374616 0.02268868 -0.003681788 0.01470494 0.02327184 -0.004800905 0.01836645 0.02268868 -0.003681788 0.01470494 0.01687987 -0.008735701 0.01373334 0.01837717 -0.009335378 0.01835517 0.02024834 -0.007852139 0.01823517 0.02306399 -0.001515453 0.008054809 0.02238649 -0.001865735 0.006335611 0.0225463 -0.002940046 0.01199332 0.02397001 -0.001196347 0.005877352 0.02325022 -0.0008643842 -0.0006336754 0.02249507 -0.0015154 -0.000599999 0.02063132 -0.0037368 -0.0005999991 0.02446819 -0.0009596982 -0.000583244 0.01897099 -0.005739375 0.004233723 0.02506891 -0.00187882 0.003882557 0.02513102 -0.00167355 -0.0005915797 0.02524819 -0.0022221 -0.0005056689 0.02512198 -0.002391343 0.003937133 0.02512198 -0.002391343 0.003937133 0.02511175 -0.0029239 0.007812385 0.02489024 -0.002023549 0.006964241 0.02511175 -0.0029239 0.007812385 0.02513593 -0.0031727 0.009039846 0.02499435 -0.003003584 0.0117745 0.02513593 -0.0031727 0.009039846 0.02518749 -0.0037033 0.01165799 0.02063132 -0.0037368 -0.0005999991 0.01943521 -0.0051624 -0.0005999992 0.01604257 -0.007562504 -0.0005881065 0.01716498 -0.0070009 0.004235856 0.01329226 -0.0089586 0.004220895 0.01336925 -0.0086386 -0.0005999994 0.01716498 -0.0070009 0.004235856 0.01705987 -0.007679791 0.009045513 0.01687987 -0.008735701 0.01373334 0.01526852 -0.01110221 0.01840295 0.01837717 -0.009335378 0.01835517 0.01312855 -0.0105207 0.01370769 0.01186465 -0.01226878 0.01824758 0.01319285 -0.0095418 0.008996785 0.01329226 -0.0089586 0.004220895 0.009193432 -0.009913684 -0.0006883498 0.009231701 -0.0106547 0.008968095 0.009249149 -0.01040712 0.007707403 0.009011743 -0.009991435 0.001467457 0.01319285 -0.0095418 0.008996785 0.009231701 -0.0106547 0.008968095 0.008994406 -0.01042419 0.006979204 0.009011743 -0.009991435 0.001467457 0.008995654 -0.01133169 0.01263193 0.009231701 -0.0106547 0.008968095 0.009218656 -0.01125802 0.01250328 0.009154949 -0.01199215 0.01555697 0.009218656 -0.01125802 0.01250328 0.009154949 -0.01199215 0.01555697 0.009231701 -0.0106547 0.008968095 0.009609111 -0.01242691 0.01732047 0.01186465 -0.01226878 0.01824758 0.01157258 -0.01255186 0.01839585 0.01526852 -0.01110221 0.01840295 0.01157258 -0.01255186 0.01839585 0.02773829 0.0116044 -0.0006499988 0.02819603 0.01306861 -0.0006499988 0.027994 0.0127414 -0.009096316 0.02853454 0.01415149 -0.000650027 0.027994 0.0127414 -0.009096316 0.02952962 0.0180216 -0.02462176 0.02753417 0.0124492 -0.01812094 0.02603411 0.0067711 -0.01178467 0.02526804 0.00409 -0.004487949 0.02638537 0.0072532 -0.002716553 0.02773829 0.0116044 -0.0006499988 0.02638537 0.0072532 -0.002716553 0.02557608 0.004834858 -0.0006454772 0.02526804 0.00409 -0.004487949 0.02409999 0.001377416 -0.0006500485 0.02882839 0.01559835 -0.007821504 0.02952962 0.0180216 -0.02462176 0.03196932 0.02382194 -0.000645078 0.02882839 0.01559835 -0.007821504 0.03191892 0.023496 -0.005700957 0.03210261 0.02351898 -0.02260594 0.03191892 0.023496 -0.005700957 0.03196932 0.02382194 -0.000645078 0.03499322 0.028735 -0.0206826 0.0342918 0.02855185 -0.0006575555 0.0363447 0.03197616 -0.0006804474 0.03655945 0.03207414 -0.007665792 0.03499322 0.028735 -0.0206826 0.03716215 0.03248802 -0.01636538 0.03543076 0.0286541 -0.02806846 0.03817287 0.03305061 -0.0259041 0.03733296 0.0327575 -0.01634653 0.0363447 0.03197616 -0.0006804474 0.04145541 0.0385606 -0.0006499982 0.03716215 0.03248802 -0.01636538 0.03655945 0.03207414 -0.007665792 0.04169924 0.0383431 -0.01634653 0.04169924 0.0383431 -0.01634653 0.03733296 0.0327575 -0.01634653 0.03817287 0.03305061 -0.0259041 0.04653796 0.043564 -0.000649998 0.03905436 0.03340664 -0.03246462 0.04509387 0.0415215 -0.02488542 0.05222522 0.0478677 -0.0006499977 0.04092306 0.0337115 -0.04556258 0.04367568 0.0365802 -0.04762739 0.0484833 0.041313 -0.04762739 0.055356 0.04939056 -0.02331697 0.05842157 0.0513992 -0.0006499974 0.06502281 0.0540993 -0.0006499971 0.04256775 0.03274073 -0.05881776 0.04367568 0.0365802 -0.04762739 0.0454755 0.0349738 -0.06276944 0.04293173 0.03214826 -0.06276127 0.0454755 0.0349738 -0.06276944 0.04780824 0.03752603 -0.06277377 0.04981625 0.03948609 -0.06278276 0.05139804 0.0408061 -0.06278615 0.0484833 0.041313 -0.04762739 0.05444518 0.0430603 -0.06278615 0.05386292 0.0453838 -0.04762739 0.05444518 0.0430603 -0.06278615 0.05976735 0.04624794 -0.06277972 0.05444518 0.0430603 -0.06278615 0.05972408 0.0487243 -0.04762739 0.06602739 0.0489158 -0.06278778 0.05972408 0.0487243 -0.04762739 0.06593706 0.05275279 -0.03816217 0.07191793 0.0559224 -0.0006499969 0.07045746 0.0502419 -0.06278613 0.06602739 0.0489158 -0.06278778 0.07080212 0.05426636 -0.03729965 0.0749688 0.0511479 -0.06278344 0.07899099 0.0568379 -0.0006499965 0.0749688 0.0511479 -0.06278344 0.07932017 0.05163799 -0.0627852 0.07918081 0.0538688 -0.04762739 0.07918081 0.0538688 -0.04762739 0.08254628 0.05173482 -0.06278215 0.08592708 0.0538618 -0.04762739 0.08849739 0.05135848 -0.0627854 0.08309255 0.05649834 -0.02471859 0.08612306 0.0568305 -0.0006499962 0.09319419 0.0559003 -0.0006499959 0.08592708 0.0538618 -0.04762739 0.09218187 0.05079469 -0.06278365 0.0926157 0.0529819 -0.04762739 0.09662833 0.05460184 -0.02491892 0.1000855 0.0540628 -0.0006499956 0.09913424 0.0512438 -0.04762739 0.1066811 0.0513491 -0.0006499953 0.09843943 0.04918112 -0.06277668 0.0926157 0.0529819 -0.04762739 0.1038907 0.04693635 -0.06277923 0.09913424 0.0512438 -0.04762739 0.1053731 0.0486769 -0.04762739 0.1064043 0.05075831 -0.0246485 0.1128701 0.0478047 -0.0006499951 0.1123604 0.0419799 -0.06278811 0.1038907 0.04693635 -0.06277923 0.115349 0.04496972 -0.03230585 0.1185484 0.0434892 -0.0006499948 0.1183997 0.03640665 -0.06278455 0.1236206 0.0384753 -0.0006499946 0.1210513 0.03342965 -0.06278201 0.121496 0.03738844 -0.04323725 0.1233763 0.0382583 -0.01634653 0.1280012 0.0328471 -0.0006499944 0.127731 0.0326636 -0.01634653 0.1316168 0.0266994 -0.0006499942 0.1313251 0.0265524 -0.01634652 0.1344065 0.0201356 -0.0006499941 0.1340981 0.0200275 -0.01634652 0.1363233 0.0132659 -0.000649994 0.1360036 0.0131987 -0.01634652 0.1373351 0.006206 -0.000649994 0.1370093 0.0061807 -0.01634652 0.1374711 0.00295 -0.004626502 0.1370985 -0.0009085 -0.01634652 0.1374711 0.00095 -0.004626502 0.127731 0.0326636 -0.01634653 0.1222878 0.0318509 -0.06278612 0.1210513 0.03342965 -0.06278201 0.1255399 0.0311758 -0.04762738 0.1296233 0.0279847 -0.03201376 0.1313251 0.0265524 -0.01634652 0.1340981 0.0200275 -0.01634652 0.1289599 0.0253606 -0.04762738 0.1331616 0.0196994 -0.03201505 0.1360036 0.0131987 -0.01634652 0.1350325 0.0129945 -0.03201505 0.1370093 0.0061807 -0.01634652 0.13602 0.0061039 -0.03201505 0.1370985 -0.0009085 -0.01634652 0.1361075 -0.0008566 -0.03201505 0.1362695 -0.0079495 -0.01634652 0.1352936 -0.0077698 -0.03201505 0.1345364 -0.0148241 -0.01634652 0.133592 -0.0145197 -0.03201505 0.1319283 -0.02141669 -0.01634652 0.1331616 0.0196994 -0.03201505 0.1285874 -0.02273676 -0.04762943 0.1284891 -0.02761632 -0.01634653 0.1315986 0.0191518 -0.04762738 0.1350325 0.0129945 -0.03201505 0.1334118 0.0126538 -0.04762738 0.13602 0.0061039 -0.03201505 0.1343688 0.0059757 -0.04762738 0.1361075 -0.0008566 -0.03201505 0.1282876 0.0214595 -0.06278612 0.1269293 0.02433702 -0.06278419 0.1344536 -0.00077 -0.04762738 0.1352936 -0.0077698 -0.03201505 0.1289599 0.0253606 -0.04762738 0.1294478 0.01840085 -0.06278487 0.1315986 0.0191518 -0.04762738 0.1297091 0.0177117 -0.06278612 0.1294478 0.01840085 -0.06278487 0.1336649 -0.00747 -0.04762738 0.1308841 -0.00996148 -0.06277288 0.1318831 -0.004257923 -0.06278191 0.1320157 -0.0140116 -0.04762738 0.1308841 -0.00996148 -0.06277288 0.1303377 -0.01185805 -0.06278306 0.1320157 -0.0140116 -0.04762738 0.1277285 -0.01898425 -0.06278667 0.1245723 -0.02467063 -0.06278307 0.1344536 -0.00077 -0.04762738 0.1318831 -0.004257923 -0.06278191 0.1322046 -0.0006503058 -0.06278112 0.1207097 -0.0381099 -0.01634571 0.1237308 0.02993564 -0.06277721 0.1255399 0.0311758 -0.04762738 0.1269293 0.02433702 -0.06278419 0.1255399 0.0311758 -0.04762738 0.1222878 0.0318509 -0.06278612 0.1197092 -0.03473824 -0.04762503 0.1222277 -0.02810747 -0.06278738 0.1184093 -0.03251363 -0.06278542 0.1137055 -0.0369221 -0.06278697 0.1120152 -0.03812569 -0.06278246 0.112309 -0.04068802 -0.04762739 0.112309 -0.04068802 -0.04762739 0.108657 -0.04039471 -0.06277445 0.1071971 -0.04544861 -0.03803023 0.1055043 -0.04219359 -0.06276144 0.1032914 -0.04330063 -0.06277525 0.1055043 -0.04219359 -0.06276144 0.1003687 -0.04690988 -0.04762739 0.09773842 -0.04545449 -0.06265894 0.1003687 -0.04690988 -0.04762739 0.09632514 -0.04586701 -0.06254084 0.09343401 -0.04671124 -0.06228139 0.09389594 -0.04881131 -0.04762739 0.08969035 -0.0474987 -0.06165837 0.09343401 -0.04671124 -0.06228139 0.08696102 -0.04788976 -0.06101266 0.09389594 -0.04881131 -0.04762739 0.08723155 -0.04985918 -0.04762739 0.08164339 -0.04933687 -0.05334051 0.08249646 -0.04982935 -0.04955544 0.08250019 -0.0483314 -0.05970246 0.08057645 -0.0483978 -0.05906435 0.08250019 -0.0483314 -0.05970246 0.08033277 -0.0487144 -0.05695801 0.08057645 -0.0483978 -0.05906435 0.07940615 -0.04841085 -0.05862192 0.09768726 -0.05048408 -0.0235187 0.08738218 -0.05150845 -0.03201506 0.08245589 -0.05220021 -0.02573796 0.08247695 -0.05258336 -0.01844724 0.08723155 -0.04985918 -0.04762739 0.08249992 -0.05009831 -0.04762718 0.08249646 -0.04982935 -0.04955544 0.08245589 -0.05220021 -0.02573796 0.0825 -0.05189704 -0.03005444 0.08100452 -0.05184144 -0.03119197 0.08118159 -0.05056189 -0.04436694 0.08093143 -0.050153 -0.04747081 0.0776718 -0.05120538 -0.04252328 0.08093143 -0.050153 -0.04747081 0.08249646 -0.04982935 -0.04955544 0.07696043 -0.04994714 -0.04945566 0.07488109 -0.05136274 -0.04425744 0.07488109 -0.05136274 -0.04425744 0.07355369 -0.05091093 -0.04663032 0.07296406 -0.04996097 -0.04943763 0.07696043 -0.04994714 -0.04945566 0.06459786 -0.05286389 -0.04425167 0.06770603 -0.05369578 -0.04103078 0.06737067 -0.05005457 -0.04928371 0.07296406 -0.04996097 -0.04943763 0.0620701 -0.05616545 -0.03893522 0.05875852 -0.05303211 -0.04584635 0.06048263 -0.05025337 -0.04923282 0.05635195 -0.05029374 -0.04911847 0.05407935 -0.05673286 -0.04299445 0.05875852 -0.05303211 -0.04584635 0.05635195 -0.05029374 -0.04911847 0.05147489 -0.05453366 -0.04588877 0.04632851 -0.05778936 -0.0447147 0.05825755 -0.05998576 -0.03495152 0.04438643 -0.05628117 -0.04605418 0.04903224 -0.05046165 -0.04909396 0.06294178 -0.05691451 -0.03625327 0.06770603 -0.05369578 -0.04103078 0.06833052 -0.0543037 -0.03824959 0.0743963 -0.05208991 -0.04092725 0.07488165 -0.05265413 -0.03478711 0.0743963 -0.05208991 -0.04092725 0.06294178 -0.05691451 -0.03625327 0.06922653 -0.05503966 -0.03236878 0.08100452 -0.05184144 -0.03119197 0.08118159 -0.05056189 -0.04436694 0.07793675 -0.05231827 -0.02972816 0.08245589 -0.05220021 -0.02573796 0.07710629 -0.05321573 -0.01620461 0.08247695 -0.05258336 -0.01844724 0.08244886 -0.05273664 -0.01634413 0.07881168 -0.05325343 -0.0006392917 0.08248776 -0.05302023 -0.004921743 0.08251198 -0.05305085 -0.0006499437 0.07534924 -0.05385309 -0.002542581 0.07592144 -0.05372349 -0.0006499967 0.07504617 -0.053974 -0.0006499967 0.07534924 -0.05385309 -0.002542581 0.07504617 -0.053974 -0.0006499967 0.07285346 -0.05461874 -0.0006483474 0.07466408 -0.05346622 -0.02694029 0.07710629 -0.05321573 -0.01620461 0.07793675 -0.05231827 -0.02972816 0.07179543 -0.0549083 -0.01423135 0.06945908 -0.05615009 -0.0006491569 0.07179543 -0.0549083 -0.01423135 0.06940071 -0.05614595 -0.01341643 0.06994065 -0.05541662 -0.02601167 0.06940071 -0.05614595 -0.01341643 0.06685952 -0.05774121 -0.01650831 0.06518272 -0.05927889 -0.0006298642 0.06425755 -0.05793068 -0.03057205 0.06294178 -0.05691451 -0.03625327 0.0623872 -0.06257212 -0.005192533 0.06086655 -0.06519245 -0.0005813692 0.06501174 -0.05851373 -0.02460757 0.06425755 -0.05793068 -0.03057205 0.06113112 -0.06199903 -0.02354732 0.05777356 -0.06395867 -0.02731428 0.0603172 -0.06483352 -0.01397684 0.06113112 -0.06199903 -0.02354732 0.05799325 -0.07076157 -0.009773914 0.05798099 -0.07216306 -0.0006499974 0.05684036 -0.07589159 -0.004885002 0.05532895 -0.07415545 -0.01697069 0.05496151 -0.08043308 -0.01139467 0.05532895 -0.07415545 -0.01697069 0.05601148 -0.07969451 -0.005437558 0.05536772 -0.0833725 -0.006272303 0.05267148 -0.08219748 -0.0180045 0.0547906 -0.08706263 -0.007376724 0.05311375 -0.08957867 -0.01452689 0.05311375 -0.08957867 -0.01452689 0.05162276 -0.0979222 -0.01794585 0.05323069 -0.0994852 -0.01257768 0.05162276 -0.0979222 -0.01794585 0.05107848 -0.1081646 -0.01978633 0.05058127 -0.1077939 -0.02096301 0.04930374 -0.1068549 -0.02375839 0.05162276 -0.0979222 -0.01794585 0.05298917 -0.1096236 -0.01423416 0.05107848 -0.1081646 -0.01978633 0.05354808 -0.1100972 -0.01182052 0.05323069 -0.0994852 -0.01257768 0.05390789 -0.1058254 -0.009513061 0.05354808 -0.1100972 -0.01182052 0.05426627 -0.1009026 -0.007077275 0.05462317 -0.1072029 -0.004088732 0.05470559 -0.1021855 -0.001556946 0.05475301 -0.1024158 -0.0006499976 0.05474946 -0.1000557 -0.0006537049 0.05426627 -0.1009026 -0.007077275 0.05474946 -0.1000557 -0.0006537049 0.05457406 -0.09633997 -0.004934468 0.05472477 -0.09713671 -0.0006620235 0.05426627 -0.1009026 -0.007077275 0.05485582 -0.09209127 -0.003103669 0.05514452 -0.08826737 -0.0006583658 0.05472477 -0.09713671 -0.0006620235 0.05457406 -0.09633997 -0.004934468 0.05516086 -0.08808809 -0.001592526 0.05548882 -0.08494057 -0.0006499976 0.05514452 -0.08826737 -0.0006583658 0.05485582 -0.09209127 -0.003103669 0.05514452 -0.08826737 -0.0006583658 1.622417e-05 -0.03210163 -0.04321298 6.334616e-06 -0.0277261 -0.04051282 0.003220451 -0.02844705 -0.04115385 -1.834971e-07 -0.02734269 -0.04012466 0.003220451 -0.02844705 -0.04115385 0.005257516 -0.02610311 -0.03979092 0.009901474 -0.02707446 -0.0420352 0.008259382 -0.02637448 -0.04109303 0.01189992 -0.02493999 -0.04229674 0.01405979 -0.02488623 -0.04415159 0.01647882 -0.02307416 -0.04623622 0.009650133 -0.02947963 -0.04324677 0.01504606 -0.02168933 -0.04390486 0.01694524 -0.0196379 -0.04640737 0.01189618 -0.02223057 -0.04044636 0.007890034 -0.02231573 -0.03748652 0.01557518 -0.0201296 -0.04382577 0.008259382 -0.02637448 -0.04109303 0.01189618 -0.02223057 -0.04044636 0.01504606 -0.02168933 -0.04390486 0.01454707 -0.0191083 -0.04124391 0.01274651 -0.0195601 -0.03889804 0.01454707 -0.0191083 -0.04124391 0.01445726 -0.01803798 -0.03964715 0.005257516 -0.02610311 -0.03979092 6.638833e-05 -0.02507156 -0.03809512 -1.834971e-07 -0.02734269 -0.04012466 0.005257516 -0.02610311 -0.03979092 9.485561e-07 -0.02665644 -0.03960979 0.002341638 -0.02421323 -0.03760665 1.719662e-07 -0.02383017 -0.03692782 1.719662e-07 -0.02383017 -0.03692782 3.91914e-06 -0.02321539 -0.0362404 4.510431e-05 -0.02099926 -0.03360913 0.003961389 -0.01890272 -0.03067298 0.009916065 -0.01765273 -0.03224798 0.01181699 -0.0185954 -0.03623534 0.01391046 -0.01613974 -0.03538213 0.01181699 -0.0185954 -0.03623534 0.01185483 -0.01431802 -0.02594238 0.0147786 -0.01321076 -0.02820517 0.01661631 -0.01513171 -0.04076803 0.0147151 -0.0141061 -0.03173788 0.01601983 -0.01378524 -0.03468485 0.0147151 -0.0141061 -0.03173788 0.01391046 -0.01613974 -0.03538213 0.01792672 -0.0127199 -0.04061089 0.01767243 -0.01580853 -0.04556339 0.01914855 -0.0103354 -0.04037308 0.01853148 -0.0196402 -0.04896354 0.01647882 -0.02307416 -0.04623622 0.01815514 -0.02444686 -0.04836912 0.01946864 -0.008847595 -0.03329218 0.02037495 -0.007838675 -0.04021868 0.0202654 -0.0093536 -0.04683916 0.02184197 -0.0044558 -0.04658544 0.0202654 -0.0093536 -0.04683916 0.01792672 -0.0127199 -0.04061089 0.01945144 -0.0117148 -0.04680738 0.02078212 -0.0090096 -0.05004575 0.01867662 -0.01579068 -0.04870449 0.01853148 -0.0196402 -0.04896354 0.01948986 -0.0138898 -0.04968807 0.01987192 -0.0196544 -0.05157138 0.02000326 -0.0165888 -0.05216711 0.01987192 -0.0196544 -0.05157138 0.02035379 -0.01726299 -0.05300187 0.02079529 -0.02140908 -0.05288272 0.01993605 -0.0229964 -0.05092735 0.02125066 -0.02305038 -0.05286874 0.02256403 -0.02698197 -0.05276714 0.01993605 -0.0229964 -0.05092735 0.02019449 -0.02649347 -0.05032793 0.02256403 -0.02698197 -0.05276714 0.02019449 -0.02649347 -0.05032793 0.0243631 -0.0303237 -0.05288485 0.01821994 -0.02986254 -0.04803756 0.02065383 -0.03001254 -0.04983056 0.02401339 -0.03370993 -0.05101296 0.02065383 -0.03001254 -0.04983056 0.02401339 -0.03370993 -0.05101296 0.02677379 -0.03383192 -0.05277421 0.03053159 -0.0375923 -0.05286786 0.02823348 -0.03741343 -0.05177877 0.02401339 -0.03370993 -0.05101296 0.01883703 -0.03267647 -0.04826299 0.02688341 -0.04051374 -0.05011205 0.02823348 -0.03741343 -0.05177877 0.03053159 -0.0375923 -0.05286786 0.03212336 -0.03882203 -0.05285215 0.03332447 -0.04100696 -0.05209523 0.03616014 -0.04136337 -0.05296726 0.03332447 -0.04100696 -0.05209523 0.02218348 -0.03678651 -0.04920565 0.01678604 -0.03610532 -0.04726316 0.03583434 -0.04420014 -0.0511729 0.03616014 -0.04136337 -0.05296726 0.03583434 -0.04420014 -0.0511729 0.04245958 -0.04729173 -0.05065612 0.04347685 -0.04450937 -0.0529228 0.04611996 -0.04731785 -0.05113008 0.03530055 -0.04721795 -0.04996781 0.04931098 -0.04597018 -0.05290456 0.04611996 -0.04731785 -0.05113008 0.02846392 -0.04351236 -0.04976578 0.02326421 -0.03999403 -0.04906304 0.02218348 -0.03678651 -0.04920565 0.04903224 -0.05046165 -0.04909396 0.05635195 -0.05029374 -0.04911847 0.0566191 -0.04717014 -0.05303103 0.06058631 -0.04908609 -0.05086377 0.06048263 -0.05025337 -0.04923282 0.04307807 -0.05062819 -0.04909997 0.04504608 -0.05057724 -0.04903506 0.02272597 -0.04750532 -0.04874746 0.03716218 -0.05072749 -0.04893429 0.02846392 -0.04351236 -0.04976578 0.02203234 -0.05100413 -0.04871539 0.01447714 -0.03862265 -0.04688554 0.01753561 -0.04797982 -0.04841069 0.01874889 -0.0511567 -0.04867174 0.01874889 -0.0511567 -0.04867174 0.01533142 -0.05067132 -0.04859553 0.01874889 -0.0511567 -0.04867174 0.01546716 -0.05117238 -0.04862514 0.004365821 -0.04709546 -0.0476006 0.01533142 -0.05067132 -0.04859553 0.01177694 -0.05124664 -0.04857403 0.01164423 -0.05030386 -0.04845626 0.01177694 -0.05124664 -0.04857403 0.009802909 -0.05128323 -0.04853459 1.105339e-05 -0.05147987 -0.04839979 0.009802909 -0.05128323 -0.04853459 -6.031573e-05 -0.04670319 -0.047461 0.00530088 -0.04315416 -0.04681221 0.004365821 -0.04709546 -0.0476006 -6.031573e-05 -0.04670319 -0.047461 -1.036827e-06 -0.0410897 -0.04625452 0.006291173 -0.03968635 -0.04612923 -2.50706e-05 -0.04052453 -0.04623021 -1.036827e-06 -0.0410897 -0.04625452 0.006291173 -0.03968635 -0.04612923 0.007333051 -0.03614843 -0.04540623 -2.50706e-05 -0.04052453 -0.04623021 9.496053e-06 -0.03494304 -0.04449543 0.01176143 -0.03528982 -0.04582633 1.622417e-05 -0.03210163 -0.04321298 0.01176143 -0.03528982 -0.04582633 0.01561614 -0.03279465 -0.04657887 0.01563297 -0.02973018 -0.04632942 0.01285749 -0.02958241 -0.04474838 0.01577987 -0.02809547 -0.04625976 0.01285749 -0.02958241 -0.04474838 0.01563297 -0.02973018 -0.04632942 0.01285749 -0.02958241 -0.04474838 0.01321718 -0.0280484 -0.0445219 0.01597115 -0.02643274 -0.04622068 0.01620523 -0.02475352 -0.04621323 0.01405979 -0.02488623 -0.04415159 0.01361836 -0.0264798 -0.04432176 0.01620523 -0.02475352 -0.04621323 0.01321718 -0.0280484 -0.0445219 -0.002857018 -0.03492718 -0.04440484 9.496053e-06 -0.03494304 -0.04449543 -0.002721052 -0.03060183 -0.04229161 6.334616e-06 -0.0277261 -0.04051282 -0.002543713 -0.02665665 -0.03953534 -1.834971e-07 -0.02734269 -0.04012466 6.638833e-05 -0.02507156 -0.03809512 9.485561e-07 -0.02665644 -0.03960979 -2.50706e-05 -0.04052453 -0.04623021 -0.002329281 -0.02318686 -0.03620256 1.719662e-07 -0.02383017 -0.03692782 3.91914e-06 -0.02321539 -0.0362404 4.510431e-05 -0.02099926 -0.03360913 3.91914e-06 -0.02321539 -0.0362404 -0.002095723 -0.02029632 -0.03238695 2.966086e-08 -0.0180636 -0.02870787 4.510431e-05 -0.02099926 -0.03360913 -0.004474317 -0.016907 -0.02609431 -0.006623075 -0.0202762 -0.03175735 -0.008819918 -0.016907 -0.0249628 1.952857e-05 -0.01572843 -0.02393032 2.966086e-08 -0.0180636 -0.02870787 0.004439529 -0.01704057 -0.02727349 -0.01999406 -0.02088973 -0.02743987 -0.007406393 -0.02318686 -0.03551332 -0.01492616 -0.01689617 -0.02206521 0.005412118 -0.01485373 -0.02264622 1.952857e-05 -0.01572843 -0.02393032 -9.352215e-07 -0.01427977 -0.02016214 1.215138e-07 -0.013878 -0.01912014 1.435808e-05 -0.01276545 -0.01524309 4.510431e-05 -0.02099926 -0.03360913 2.966086e-08 -0.0180636 -0.02870787 0.01185483 -0.01431802 -0.02594238 0.008218274 -0.0126241 -0.01718367 0.009438295 -0.0132474 -0.02018004 0.009438295 -0.0132474 -0.02018004 0.009469504 -0.01104699 -0.01207922 -2.420781e-06 -0.01146007 -0.009281 3.666301e-07 -0.01129876 -0.007761127 -1.329788e-06 -0.01088637 -0.004036696 0.000183529 -0.01074024 -0.0005986251 0.005670624 -0.01052532 -0.0006554959 0.01270603 -0.009155417 -0.0006538736 0.01389174 -0.01026027 -0.01386781 0.01560829 -0.0079846 -0.005045755 0.01754217 -0.0067436 -0.003728633 0.01749399 -0.006729736 -0.0006539602 0.01754217 -0.0067436 -0.003728633 0.01925364 -0.0053536 -0.002450175 0.01958393 -0.005883322 -0.01029403 0.02064465 -0.003929981 -0.0006555157 0.02201843 -0.0025821 -0.008376231 0.01958393 -0.005883322 -0.01029403 0.02201843 -0.0025821 -0.008376231 0.02248107 -0.001581227 -0.0006520937 0.02201843 -0.0025821 -0.008376231 0.02386354 0.0007816 -0.006392899 0.02409999 0.001377416 -0.0006500485 0.02526804 0.00409 -0.004487949 0.02490839 0.0035817 -0.01330133 0.02603411 0.0067711 -0.01178467 0.02546794 0.0064027 -0.02053251 0.02753417 0.0124492 -0.01812094 0.008218274 -0.0126241 -0.01718367 0.02693597 0.01194708 -0.03462496 0.02952962 0.0180216 -0.02462176 0.01445379 -0.01172571 -0.02134093 0.02505299 0.0062619 -0.02891014 0.02327107 -2.42e-05 -0.02305363 0.02360103 0.0002689 -0.0148778 0.02200564 -0.0030991 -0.0164657 0.02360103 0.0002689 -0.0148778 0.02490839 0.0035817 -0.01330133 0.02386354 0.0007816 -0.006392899 0.02202382 -0.0028605 -0.01245931 0.01996996 -0.0063641 -0.01803479 0.01818729 -0.007788868 -0.01479956 0.0139773 -0.01257802 -0.02309417 0.01727699 -0.0106833 -0.02707645 0.01727699 -0.0106833 -0.02707645 0.01891653 -0.0091439 -0.02992674 0.01727699 -0.0106833 -0.02707645 0.01840933 -0.0093567 -0.02652108 0.01840933 -0.0093567 -0.02652108 0.01789895 -0.009414758 -0.02308582 0.01996996 -0.0063641 -0.01803479 0.02038056 -0.006453 -0.02541441 0.01891653 -0.0091439 -0.02992674 0.02075884 -0.006133641 -0.03167293 0.02017294 -0.0064782 -0.02175231 0.02038056 -0.006453 -0.02541441 0.02196936 -0.0032929 -0.02426532 0.02196936 -0.0032929 -0.02426532 0.02327107 -2.42e-05 -0.02305363 0.02202824 -0.0030458 -0.03182069 0.0230813 4.32e-05 -0.03093085 0.02311345 0.000404 -0.03851907 0.02505299 0.0062619 -0.02891014 0.02495006 0.0063352 -0.03689463 0.02742885 0.0122694 -0.04267427 0.02037495 -0.007838675 -0.04021868 0.02340494 0.0008936 -0.04580668 0.03174263 0.02126991 -0.04017411 0.02810674 0.0123941 -0.0499783 0.02254853 -0.0038514 -0.05326452 0.02131958 -0.00879 -0.05319853 0.02314231 -0.00336083 -0.05623264 0.02161595 -0.008555559 -0.05461405 0.02161595 -0.008555559 -0.05461405 0.02130955 -0.0098109 -0.05426638 0.0252005 0.0065502 -0.04447832 0.02311345 0.000404 -0.03851907 0.02399361 0.00136 -0.05276411 0.02580878 0.0068269 -0.05165948 0.02544761 0.0035139 -0.05839231 0.02470837 0.0016481 -0.05781302 0.02399361 0.00136 -0.05276411 0.02600348 0.0049521 -0.05887026 0.02835311 0.009830791 -0.06020962 0.02677033 0.0071098 -0.058442 0.02580878 0.0068269 -0.05165948 0.02742885 0.0122694 -0.04267427 0.02495006 0.0063352 -0.03689463 0.02677033 0.0071098 -0.058442 0.02311345 0.000404 -0.03851907 0.0230813 4.32e-05 -0.03093085 0.02202824 -0.0030458 -0.03182069 0.02196936 -0.0032929 -0.02426532 0.02912196 0.0125811 -0.05686713 0.02835311 0.009830791 -0.06020962 0.02914472 0.01139281 -0.0606514 0.03193304 0.0160454 -0.06163788 0.02914472 0.01139281 -0.0606514 0.02912196 0.0125811 -0.05686713 0.03188597 0.0180579 -0.0546749 0.03249134 0.01691262 -0.06183548 0.03188597 0.0180579 -0.0546749 0.03320099 0.0182749 -0.06119307 0.03721962 0.0240578 -0.06259247 0.03249134 0.01691262 -0.06183548 0.03320099 0.0182749 -0.06119307 0.03617403 0.0237477 -0.0583781 0.03750002 0.02887271 -0.04635857 0.0391599 0.0268017 -0.06263722 0.04293173 0.03214826 -0.06276127 0.04256775 0.03274073 -0.05881776 0.04092306 0.0337115 -0.04556258 0.03905436 0.03340664 -0.03246462 0.03606805 0.0286325 -0.0351883 0.03606805 0.0286325 -0.0351883 0.03817287 0.03305061 -0.0259041 0.02050268 -0.01415659 -0.05333557 0.02035379 -0.01726299 -0.05300187 0.02000326 -0.0165888 -0.05216711 0.02067469 -0.0129315 -0.05354504 0.02032353 -0.0138153 -0.05263672 -0.04271575 -0.03952832 -0.01684931 -0.0423797 -0.03952832 -0.01755143 -0.04543585 -0.05562909 -0.01882015 -0.04543585 -0.05562909 -0.01882015 -0.04428572 -0.03952832 -0.01186311 -0.0446635 -0.03952832 -0.01066331 -0.04750366 -0.05562909 -0.01272857 -0.04750366 -0.05562909 -0.01272857 -0.04543717 -0.03952832 -0.005978945 -0.04875867 -0.05562909 -0.006419203 -0.04572032 -0.03952832 -0.004264611 -0.05127966 -0.07185873 -0.006751097 -0.05172215 -0.07185873 -2.260848e-09 -0.05354198 -0.08818524 -2.340395e-09 -0.05308392 -0.08818524 0.006988628 -0.0541679 -0.1045764 0.007131337 -0.05277366 -0.1045764 0.01414066 -0.05312592 -0.121 0.01423505 -0.0541679 -0.1045764 0.007131337 -0.05452946 -0.121 0.007178938 -0.05081337 -0.121 0.02104759 -0.05047645 -0.1045764 0.02090803 -0.05277366 -0.1045764 0.01414066 -0.05312592 -0.121 0.01423505 -0.05171758 -0.08818524 0.01385768 -0.05081337 -0.121 0.02104759 -0.0476314 -0.121 0.0275 -0.05308392 -0.08818524 0.006988628 -0.05127966 -0.07185873 0.006751093 -0.05172215 -0.07185873 -2.260848e-09 -0.04917941 -0.05562909 -2.149701e-09 -0.04875867 -0.05562909 -0.006419203 -0.04581561 -0.03952832 2.302074e-06 -0.04572032 -0.03952832 -0.004264611 -0.04586513 -0.03952832 0.002219162 -0.04917941 -0.05562909 -2.149701e-09 -0.04543717 -0.03952832 -0.005978945 -0.04430434 -0.03492718 -0.004132535 -0.04731557 -0.1045764 0.02731766 -0.05047645 -0.1045764 0.02090803 -0.0476314 -0.121 0.0275 -0.04363443 -0.121 0.03348188 -0.04334511 -0.1045764 0.03325987 -0.04946634 -0.08818524 0.02048963 -0.05171758 -0.08818524 0.01385768 -0.04995976 -0.07185873 0.01338668 -0.05127966 -0.07185873 0.006751093 -0.04636871 -0.08818524 0.02677099 -0.04946634 -0.08818524 0.02048963 -0.04778504 -0.07185873 0.01979321 -0.04875867 -0.05562909 0.006419199 -0.04917941 -0.05562909 -2.149701e-09 -0.04541532 -0.03952832 0.005980373 -0.04586513 -0.03952832 0.002219162 -0.04750366 -0.05562909 0.01272857 -0.04875867 -0.05562909 0.006419199 -0.0442434 -0.03952832 0.01185515 -0.04509503 -0.03952832 0.008658668 -0.04342539 -0.03952832 0.01492546 -0.0442434 -0.03952832 0.01185515 -0.04654774 -0.064597 0.02098758 -0.04636871 -0.08818524 0.02677099 -0.04231963 -0.03952832 0.01752826 -0.04342539 -0.03952832 0.01492546 -0.04088953 -0.03952832 0.02089451 -0.04259062 -0.05562909 0.02458971 -0.04103394 -0.07185873 0.03148645 -0.03967615 -0.03952832 0.02290465 -0.03962316 -0.03492718 0.0202474 -0.04091594 -0.09552946 0.03587136 -0.04363443 -0.121 0.03348188 -0.03889087 -0.121 0.03889086 -0.03348188 -0.121 0.04363443 -0.0378599 -0.08818524 0.0378599 -0.03325987 -0.1045764 0.04334511 -0.0275 -0.121 0.0476314 -0.02731766 -0.1045764 0.04731557 -0.0275 -0.121 0.0476314 -0.02104759 -0.121 0.05081337 -0.02090803 -0.1045764 0.05047645 -0.03259429 -0.08818524 0.04247771 -0.0378599 -0.08818524 0.0378599 -0.03761842 -0.06755634 0.03501257 -0.04259062 -0.05562909 0.02458971 -0.02677099 -0.08818524 0.04636871 -0.03259429 -0.08818524 0.04247771 -0.03148645 -0.07185873 0.04103394 -0.0347751 -0.05562909 0.0347751 -0.03249593 -0.03952096 0.03247966 -0.02104759 -0.121 0.05081337 -0.01423505 -0.121 0.05312592 -0.01414066 -0.1045764 0.05277366 -0.03635694 -0.03952832 0.02789411 -0.03753801 -0.03952832 0.02644678 -0.03967615 -0.03952832 0.02290465 -0.04259062 -0.05562909 0.02458971 -0.04088953 -0.03952832 0.02089451 -0.01423505 -0.121 0.05312592 -0.007178942 -0.121 0.05452946 -0.007131342 -0.1045764 0.0541679 -0.007178942 -0.121 0.05452946 -2.404127e-09 -0.121 0.055 -0.01385768 -0.08818524 0.05171758 -0.02048963 -0.08818524 0.04946634 -0.02677099 -0.08818524 0.04636871 -0.02048963 -0.08818524 0.04946634 -0.02724977 -0.06763209 0.04357756 -0.03148645 -0.07185873 0.04103394 -0.0347751 -0.05562909 0.0347751 -0.0180454 -0.0777918 0.04969894 -0.02867038 -0.03952832 0.03586841 -0.0279222 -0.03952832 0.0363843 -0.02778245 -0.03492718 0.03475756 -0.02333116 -0.03952832 0.03954986 -0.03240212 -0.03492718 0.0304968 -0.03635694 -0.03952832 0.02789411 -0.0308601 -0.03060183 0.02904546 -0.02646028 -0.03060183 0.03310344 -0.02802847 -0.0250959 0.02638139 -0.02458971 -0.05562909 0.04259062 -0.02294673 -0.03952832 0.03974142 -0.02425925 -0.02556957 0.03035187 -0.02458971 -0.05562909 0.04259062 -0.01752654 -0.03952832 0.04244237 -0.01187382 -0.03952832 0.04432154 -0.01272857 -0.05562909 0.04750366 -0.0113723 -0.03952832 0.04448826 -0.01272857 -0.05562909 0.04750366 -0.01338668 -0.07185873 0.04995976 -0.006751097 -0.07185873 0.05127966 -0.006988633 -0.08818524 0.05308392 -0.007131342 -0.1045764 0.0541679 -0.006988633 -0.08818524 0.05308392 -2.388186e-09 -0.1045764 0.05463531 -2.340395e-09 -0.08818524 0.05354198 0.007131337 -0.1045764 0.0541679 -2.404127e-09 -0.121 0.055 0.007178938 -0.121 0.05452946 0.007178938 -0.121 0.05452946 0.01423505 -0.121 0.05312592 0.01414066 -0.1045764 0.05277366 0.01423505 -0.121 0.05312592 0.02104759 -0.121 0.05081337 0.02090803 -0.1045764 0.05047645 0.006988628 -0.08818524 0.05308392 -2.340395e-09 -0.08818524 0.05354198 -0.001758184 -0.06775386 0.05137354 -0.005044888 -0.0394985 0.04563687 -0.0113723 -0.03952832 0.04448826 3.097258e-06 -0.03952832 0.04583776 -2.149701e-09 -0.05562909 0.04917941 -0.004836636 -0.03492718 0.04423301 3.097258e-06 -0.03952832 0.04583776 0.001489434 -0.03952832 0.04589461 3.097258e-06 -0.03952832 0.04583776 0.001425345 -0.03255836 0.0436084 0.007937589 -0.03951248 0.04524593 -0.004606461 -0.03060183 0.04212796 -0.00414415 -0.0247536 0.03790526 0.00128503 -0.02665665 0.03959624 0.001176703 -0.02318686 0.03625832 -0.00353147 -0.02028452 0.03226055 -0.008034289 -0.0202762 0.03143 -0.009432076 -0.024738 0.03689649 -0.00353147 -0.02028452 0.03226055 0.001052253 -0.0202762 0.03242356 -0.004606461 -0.03060183 0.04212796 0.002743373 -0.0202762 0.03224855 0.001052253 -0.0202762 0.03242356 -0.01049565 -0.03060183 0.0410588 -0.0110201 -0.03492718 0.04311044 -0.005044888 -0.0394985 0.04563687 -0.0113723 -0.03952832 0.04448826 -0.002245249 -0.016907 0.02637975 -0.008034289 -0.0202762 0.03143 0.002245247 -0.016907 0.02637975 -0.006671153 -0.016907 0.02562085 -0.01238218 -0.02027628 0.02998473 0.001052253 -0.0202762 0.03242356 0.002743373 -0.0202762 0.03224855 0.005624783 -0.02027633 0.03194914 -0.01464908 -0.02499624 0.03546886 -0.01049565 -0.03060183 0.0410588 -0.01617548 -0.03060183 0.03917063 -0.01698373 -0.03492718 0.04112791 -0.01187382 -0.03952832 0.04432154 -0.01752654 -0.03952832 0.04244237 -0.0113723 -0.03952832 0.04448826 -0.0110201 -0.03492718 0.04311044 -0.02294673 -0.03952832 0.03974142 -0.02260859 -0.03492718 0.03832498 -0.02333116 -0.03952832 0.03954986 -0.01698373 -0.03492718 0.04112791 -0.02153264 -0.03060183 0.03650109 -0.01617548 -0.03060183 0.03917063 -0.0279222 -0.03952832 0.0363843 -0.01966341 -0.02535339 0.03333542 -0.01464908 -0.02499624 0.03546886 -0.02778245 -0.03492718 0.03475756 -0.02867038 -0.03952832 0.03586841 -0.02260859 -0.03492718 0.03832498 -0.02646028 -0.03060183 0.03310344 -0.02153264 -0.03060183 0.03650109 -0.01649429 -0.02028231 0.02794539 -0.01090514 -0.016907 0.02412489 -0.02029824 -0.02019881 0.02537144 -0.006671153 -0.016907 0.02562085 -3.397673e-05 -0.01228547 0.01440191 -0.002245249 -0.016907 0.02637975 -0.0148254 -0.016907 0.0219349 -0.01649429 -0.02028231 0.02794539 -0.02029824 -0.02019881 0.02537144 0.01005525 -0.0202762 0.03084293 0.0112445 -0.02318686 0.03449075 0.007386419 -0.02998392 0.04205184 0.001176703 -0.02318686 0.03625832 0.00128503 -0.02665665 0.03959624 0.001425345 -0.03255836 0.0436084 0.01227966 -0.02665665 0.03766595 0.001489434 -0.03952832 0.04589461 0.0133691 -0.03167705 0.04101106 0.007937589 -0.03951248 0.04524593 0.01185857 -0.03952832 0.04424959 0.01423292 -0.03952832 0.04365728 0.01961467 -0.03492718 0.03994017 0.0186812 -0.03060183 0.03803941 0.01227966 -0.02665665 0.03766595 0.02021568 -0.03949015 0.04128251 0.01423292 -0.03952832 0.04365728 0.0174637 -0.02665665 0.03556027 0.0112445 -0.02318686 0.03449075 0.01599153 -0.02318686 0.03256258 0.01334101 -0.0202762 0.02950831 0.01430023 -0.0202762 0.02911869 0.01005525 -0.0202762 0.03084293 0.01334101 -0.0202762 0.02950831 0.01090514 -0.016907 0.02412489 0.0148344 -0.0168775 0.02194661 0.01204307 -0.01471425 0.0178697 0.01069194 -0.01436117 0.01749096 0.009657835 -0.0138588 0.01672428 0.008305754 -0.0142399 0.0183744 0.01069194 -0.01436117 0.01749096 0.01204307 -0.01471425 0.0178697 0.009657835 -0.0138588 0.01672428 0.01870627 -0.01661366 0.01784984 0.009465995 -0.01221882 0.009302167 0.02501492 -0.0202762 0.02065546 0.02710939 -0.0202927 0.01785698 0.02241283 -0.0202762 0.02338824 0.02185541 -0.0202762 0.02397364 0.01825994 -0.0202762 0.0268136 0.01430023 -0.0202762 0.02911869 0.02241283 -0.0202762 0.02338824 0.02444027 -0.02318686 0.02680903 0.02710939 -0.0202927 0.01785698 0.02939815 -0.02476655 0.02427457 0.02501492 -0.0202762 0.02065546 0.02963743 -0.02181189 0.01777459 0.02444027 -0.02318686 0.02680903 0.01825994 -0.0202762 0.0268136 0.02041956 -0.02318686 0.02998487 0.01599153 -0.02318686 0.03256258 0.02041956 -0.02318686 0.02998487 0.02229937 -0.02665665 0.03274526 0.0174637 -0.02665665 0.03556027 0.02778441 -0.02859723 0.03047631 0.02229937 -0.02665665 0.03274526 0.02456122 -0.03265895 0.03606642 0.0186812 -0.03060183 0.03803941 0.01961467 -0.03492718 0.03994017 0.02997762 -0.03492718 0.03288305 0.02021568 -0.03949015 0.04128251 0.02290186 -0.03952832 0.03966801 0.02584642 -0.03952832 0.03795388 0.02584642 -0.03952832 0.03795388 0.02788533 -0.03952832 0.0363434 0.03093571 -0.03952832 0.033934 0.02997762 -0.03492718 0.03288305 0.03093571 -0.03952832 0.033934 0.03239643 -0.03952832 0.03239992 0.0343113 -0.03492718 0.02833173 0.02778441 -0.02859723 0.03047631 0.0343113 -0.03492718 0.02833173 0.0354079 -0.03952832 0.02923722 0.03916421 -0.03950588 0.0239622 0.03796056 -0.03492718 0.02321525 0.04098111 -0.0377613 0.01967347 0.03820569 -0.03457833 0.0226406 0.04098111 -0.0377613 0.01967347 0.03820569 -0.03457833 0.0226406 0.03599168 -0.03169128 0.02351507 0.03916421 -0.03950588 0.0239622 0.03970705 -0.03952832 0.02292841 0.03970705 -0.03952832 0.02292841 0.04191724 -0.03862366 0.01808962 0.04244789 -0.03962291 0.01788114 0.03267842 -0.03060183 0.02698342 0.03599168 -0.03169128 0.02351507 0.03267842 -0.03060183 0.02698342 0.0339126 -0.02864568 0.02331897 0.03222507 -0.02572881 0.02180547 0.03078841 -0.02299605 0.0188713 0.02994993 -0.02114221 0.01548688 0.02877569 -0.01974531 0.01293001 0.02909936 -0.01911468 0.009886844 0.02845095 -0.0187712 0.008791647 0.02819361 -0.01811317 0.005872016 0.02801947 -0.01770198 -7.473382e-05 0.02873875 -0.0181619 0.002928285 0.02870951 -0.01807457 -0.00065001 0.02205775 -0.01495619 -0.0006493666 0.02226308 -0.01499916 -0.0001022241 0.0164456 -0.01325106 -0.0006499934 0.01679696 -0.01309969 -0.0001352284 0.02226308 -0.01499916 -0.0001022241 0.0354079 -0.03952832 0.02923722 0.03901665 -0.05562909 0.02993853 0.0347751 -0.05562909 0.0347751 0.03239643 -0.03952832 0.03239992 0.04103394 -0.07185873 0.03148645 0.03657308 -0.07185873 0.03657308 0.04310937 -0.09642119 0.03307966 0.03304791 -0.08917365 0.04306845 0.0382488 -0.09312538 0.03824876 0.02788533 -0.03952832 0.0363434 0.03657308 -0.07185873 0.03657308 0.04363443 -0.121 0.03348188 0.03889086 -0.121 0.03889087 0.03348188 -0.121 0.04363443 0.04363443 -0.121 0.03348188 0.0476314 -0.121 0.0275 0.04705581 -0.09643235 0.02716828 0.04103394 -0.07185873 0.03148645 0.02458971 -0.05562909 0.04259062 0.02586108 -0.07185873 0.0447927 0.02716507 -0.09611087 0.04704724 0.03348188 -0.121 0.04363443 0.0275 -0.121 0.0476314 0.02290186 -0.03952832 0.03966801 0.02458971 -0.05562909 0.04259062 0.01882015 -0.05562909 0.04543585 0.02586108 -0.07185873 0.0447927 0.01979321 -0.07185873 0.04778504 0.02048963 -0.08818524 0.04946634 0.02290186 -0.03952832 0.03966801 0.02021568 -0.03949015 0.04128251 0.01272857 -0.05562909 0.04750366 0.01185857 -0.03952832 0.04424959 0.01979321 -0.07185873 0.04778504 0.01272857 -0.05562909 0.04750366 0.01338668 -0.07185873 0.04995976 0.006419199 -0.05562909 0.04875867 0.006751093 -0.07185873 0.05127966 0.01338668 -0.07185873 0.04995976 0.006988628 -0.08818524 0.05308392 0.01385768 -0.08818524 0.05171758 0.01385768 -0.08818524 0.05171758 0.0275 -0.121 0.0476314 0.02104759 -0.121 0.05081337 -0.01562497 -0.03948778 -0.04316865 -0.0118547 -0.03952832 -0.04424848 -0.01272857 -0.05562909 -0.04750366 -0.006013341 -0.03953112 -0.04546462 -0.01272857 -0.05562909 -0.04750366 -6.031573e-05 -0.04670319 -0.047461 -1.036827e-06 -0.0410897 -0.04625452 -0.009084433 -0.03492718 -0.04355945 -0.002721052 -0.03060183 -0.04229161 -0.008404495 -0.02847864 -0.04028077 -0.007406393 -0.02318686 -0.03551332 -0.002095723 -0.02029632 -0.03238695 -0.006623075 -0.0202762 -0.03175735 -0.009084433 -0.03492718 -0.04355945 -0.0118547 -0.03952832 -0.04424848 -0.01513064 -0.03492718 -0.04184514 -0.01562497 -0.03948778 -0.04316865 -0.008404495 -0.02847864 -0.04028077 -0.01441057 -0.03060183 -0.03985373 -0.0129833 -0.02444125 -0.03588339 -0.02332954 -0.02665665 -0.03201947 -0.0256922 -0.03264443 -0.03526279 -0.02047952 -0.03262096 -0.03855184 -0.01441057 -0.03060183 -0.03985373 -0.01513064 -0.03492718 -0.04184514 -0.01562497 -0.03948778 -0.04316865 -0.02154219 -0.03952832 -0.04055205 -0.02291384 -0.03952832 -0.03969401 -0.02154219 -0.03952832 -0.04055205 -0.02704044 -0.03952832 -0.03711265 -0.02291384 -0.03952832 -0.03969401 -0.02458971 -0.05562909 -0.04259062 -0.02154219 -0.03952832 -0.04055205 -0.02458971 -0.05562909 -0.04259062 -0.03304694 -0.08911536 -0.04306697 -0.02586108 -0.07185873 -0.0447927 -0.02791079 -0.03952832 -0.03637905 -0.03199931 -0.03952832 -0.03293294 -0.02716506 -0.09611024 -0.04704722 -0.0275 -0.121 -0.0476314 -0.03348188 -0.121 -0.04363443 -0.0256922 -0.03264443 -0.03526279 -0.02791079 -0.03952832 -0.03637905 -0.03199931 -0.03952832 -0.03293294 -0.03100828 -0.03492718 -0.031913 -0.03100828 -0.03492718 -0.031913 -0.02953259 -0.03060183 -0.03039425 -0.02332954 -0.02665665 -0.03201947 -0.02689528 -0.02522375 -0.02768031 -0.03199931 -0.03952832 -0.03293294 -0.03243824 -0.03952832 -0.03244157 -0.03637754 -0.03947007 -0.02800052 -0.03519502 -0.03492718 -0.02722615 -0.03519502 -0.03492718 -0.02722615 -0.02953259 -0.03060183 -0.03039425 -0.03978484 -0.03949183 -0.02290695 -0.03352008 -0.03060183 -0.02593045 -0.03800117 -0.03271268 -0.02156425 -0.03058617 -0.02531628 -0.02366017 -0.03352008 -0.03060183 -0.02593045 -0.02260696 -0.02027632 -0.02326655 -0.01987415 -0.016907 -0.01749145 -0.03443804 -0.02665665 -0.01958407 -0.03153495 -0.02318686 -0.01793315 -0.02566293 -0.02027858 -0.01985062 -0.02819974 -0.0202762 -0.0160365 -0.02566293 -0.02027858 -0.01985062 -0.01987415 -0.016907 -0.01749145 -0.02254434 -0.016907 -0.0138811 -0.02819974 -0.0202762 -0.0160365 -0.02456598 -0.016907 -0.009871425 -0.01470759 -0.01428051 -0.01691186 -0.02254434 -0.016907 -0.0138811 -0.02456598 -0.016907 -0.009871425 -0.008819918 -0.016907 -0.0249628 -0.0258809 -0.016907 -0.005577762 -0.003407804 -0.0142399 -0.01987438 -0.004474317 -0.016907 -0.02609431 -9.352215e-07 -0.01427977 -0.02016214 1.952857e-05 -0.01572843 -0.02393032 1.215138e-07 -0.013878 -0.01912014 -9.352215e-07 -0.01427977 -0.02016214 -0.003407804 -0.0142399 -0.01987438 1.435808e-05 -0.01276545 -0.01524309 -0.002296858 -0.0123095 -0.01339533 -2.420781e-06 -0.01146007 -0.009281 1.435808e-05 -0.01276545 -0.01524309 -0.005969521 -0.01232755 -0.01229871 -0.01042525 -0.01233589 -0.009174276 -0.002296858 -0.0123095 -0.01339533 3.666301e-07 -0.01129876 -0.007761127 -1.329788e-06 -0.01088637 -0.004036696 -0.001155966 -0.0111411 -0.006741613 -0.001155966 -0.0111411 -0.006741613 0.000183529 -0.01074024 -0.0005986251 0 -0.01075 0 -0.005969521 -0.01232755 -0.01229871 -0.01108147 -0.0123867 0.008209685 0 -0.01075 0 0.003056764 -0.01078934 -0.0006433386 0.000183529 -0.01074024 -0.0005986251 -0.01318537 -0.01233404 -0.003646729 -0.01365755 -0.01230889 0.0005803151 -0.01299509 -0.0123095 0.003979701 -0.01318537 -0.01233404 -0.003646729 -0.006643217 -0.01233176 0.01194326 -0.01712439 -0.01318759 0.009435477 0.004732861 -0.0111411 0.004938179 -0.01365755 -0.01230889 0.0005803151 0.004732861 -0.0111411 0.004938179 0.003056764 -0.01078934 -0.0006433386 0.009477049 -0.01142854 -7.865215e-05 0.01679696 -0.01309969 -0.0001352284 0.0164456 -0.01325106 -0.0006499934 0.01249672 -0.01207868 -0.0006495586 -0.01299509 -0.0123095 0.003979701 -0.01108147 -0.0123867 0.008209685 -0.006643217 -0.01233176 0.01194326 -0.0148254 -0.016907 0.0219349 -0.02645127 -0.016907 -0.001123637 -0.02626069 -0.016907 0.003362812 -0.02531464 -0.016907 0.00775252 -0.02364033 -0.016907 0.0119192 -0.02645127 -0.016907 -0.001123637 -0.03241799 -0.02028592 0.001560358 -0.03230042 -0.0202762 -0.003012856 -0.02888938 -0.02027605 0.01475761 -0.03068968 -0.02028242 0.01054348 -0.02651985 -0.02027626 0.01868415 -0.03124459 -0.02481493 0.02201427 -0.0308601 -0.03060183 0.02904546 -0.03464433 -0.03060183 0.02440809 -0.03240212 -0.03492718 0.0304968 -0.03124459 -0.02481493 0.02201427 -0.03637544 -0.03492718 0.02562771 -0.03753801 -0.03952832 0.02644678 -0.03753801 -0.03952832 0.02644678 -0.03773749 -0.03060183 0.01928383 -0.03464433 -0.03060183 0.02440809 -0.03474579 -0.02577548 0.01775588 -0.03430756 -0.02318686 0.01179162 -0.03068968 -0.02028242 0.01054348 -0.03746589 -0.02665665 0.01287715 -0.03773749 -0.03060183 0.01928383 -0.02531464 -0.016907 0.00775252 -0.02364033 -0.016907 0.0119192 -0.03185867 -0.0202762 0.006117163 -0.0412907 -0.03265021 0.01419163 -0.03962316 -0.03492718 0.0202474 -0.04231963 -0.03952832 0.01752826 -0.04088953 -0.03952832 0.02089451 -0.03962316 -0.03492718 0.0202474 -0.04342539 -0.03952832 0.01492546 -0.0442434 -0.03952832 0.01185515 -0.04342539 -0.03952832 0.01492546 -0.04509503 -0.03952832 0.008658668 -0.04541532 -0.03952832 0.005980373 -0.04875867 -0.05562909 0.006419199 -0.04238668 -0.03172483 0.008137695 -0.04541532 -0.03952832 0.005980373 -0.03890639 -0.02665665 0.007470391 -0.03746589 -0.02665665 0.01287715 -0.03562662 -0.02318686 0.006840645 -0.03430756 -0.02318686 0.01179162 -0.03209858 -0.0202762 0.004111053 -0.03562662 -0.02318686 0.006840645 -0.03623503 -0.02318686 0.001753214 -0.03890639 -0.02665665 0.007470391 -0.03241799 -0.02028592 0.001560358 -0.03623503 -0.02318686 0.001753214 -0.0395708 -0.02665665 0.001914614 -0.04232954 -0.03060183 0.002048094 -0.04444466 -0.03492718 0.002150433 -0.04586513 -0.03952832 0.002219162 -0.04232954 -0.03060183 0.002048094 -0.04219589 -0.03060183 -0.003935867 -0.04430434 -0.03492718 -0.004132535 -0.03795243 -0.02475931 -0.003540114 -0.04581561 -0.03952832 2.302074e-06 -0.04586513 -0.03952832 0.002219162 -0.04444466 -0.03492718 0.002150433 -0.0395708 -0.02665665 0.001914614 -0.03241799 -0.02028592 0.001560358 -0.03230042 -0.0202762 -0.003012856 -0.03209858 -0.0202762 0.004111053 -0.02626069 -0.016907 0.003362812 -0.03185867 -0.0202762 0.006117163 -0.02531464 -0.016907 0.00775252 -0.03230042 -0.0202762 -0.003012856 -0.03167037 -0.0202762 -0.00682761 -0.0315538 -0.0202762 -0.007533404 -0.0352857 -0.02318686 -0.008424386 -0.0352857 -0.02318686 -0.008424386 -0.04011509 -0.02859968 -0.009576843 -0.04219589 -0.03060183 -0.003935867 -0.04328025 -0.03492718 -0.01033307 -0.04543717 -0.03952832 -0.005978945 -0.0446635 -0.03952832 -0.01066331 -0.0315538 -0.0202762 -0.007533404 -0.03013671 -0.02026842 -0.01197812 -0.03374691 -0.02318686 -0.01331153 -0.04011509 -0.02859968 -0.009576843 -0.03685363 -0.02665665 -0.01453699 -0.04060962 -0.03269835 -0.01601785 -0.04328025 -0.03492718 -0.01033307 -0.04428572 -0.03952832 -0.01186311 -0.04271575 -0.03952832 -0.01684931 -0.0446635 -0.03952832 -0.01066331 -0.04328025 -0.03492718 -0.01033307 -0.03013671 -0.02026842 -0.01197812 -0.03153495 -0.02318686 -0.01793315 -0.03685363 -0.02665665 -0.01453699 -0.03443804 -0.02665665 -0.01958407 -0.04060962 -0.03269835 -0.01601785 -0.0423797 -0.03952832 -0.01755143 -0.04271575 -0.03952832 -0.01684931 -0.03978484 -0.03949183 -0.02290695 -0.02456598 -0.016907 -0.009871425 -0.02819974 -0.0202762 -0.0160365 -0.03013671 -0.02026842 -0.01197812 -0.03153495 -0.02318686 -0.01793315 -0.0258809 -0.016907 -0.005577762 -0.03167037 -0.0202762 -0.00682761 -0.02645127 -0.016907 -0.001123637 -0.05463531 -0.1045764 -2.388186e-09 -0.055 -0.121 -2.404127e-09 -0.05452946 -0.121 0.007178938 -0.0541679 -0.1045764 0.007131337 -0.05463531 -0.1045764 -2.388186e-09 -0.05354198 -0.08818524 -2.340395e-09 -0.05308392 -0.08818524 -0.006988633 -0.05127966 -0.07185873 -0.006751097 -0.04995976 -0.07185873 -0.01338668 -0.04778504 -0.07185873 -0.01979321 -0.05171758 -0.08818524 -0.01385768 -0.04259062 -0.05562909 -0.02458971 -0.05308392 -0.08818524 -0.006988633 -0.0423797 -0.03952832 -0.01755143 -0.0541679 -0.1045764 -0.007131342 -0.03978484 -0.03949183 -0.02290695 -0.05463531 -0.1045764 -2.388186e-09 -0.055 -0.121 -2.404127e-09 -0.0541679 -0.1045764 -0.007131342 -0.05452946 -0.121 -0.007178942 -0.04259062 -0.05562909 -0.02458971 -0.03637754 -0.03947007 -0.02800052 -0.03901665 -0.05562909 -0.02993853 -0.04526689 -0.07530653 -0.0261349 -0.04778504 -0.07185873 -0.01979321 -0.04103394 -0.07185873 -0.03148645 -0.04311771 -0.09655777 -0.03308723 -0.0347751 -0.05562909 -0.0347751 -0.04103394 -0.07185873 -0.03148645 -0.04363443 -0.121 -0.03348188 -0.0476314 -0.121 -0.0275 -0.03657308 -0.07185873 -0.03657308 -0.04731557 -0.1045764 -0.02731766 -0.0382488 -0.09312538 -0.03824876 -0.04363443 -0.121 -0.03348188 -0.03889086 -0.121 -0.03889087 -0.0476314 -0.121 -0.0275 -0.05081337 -0.121 -0.02104759 -0.03348188 -0.121 -0.04363443 -0.03657308 -0.07185873 -0.03657308 -0.03243824 -0.03952832 -0.03244157 -0.03637754 -0.03947007 -0.02800052 -0.05037484 -0.0996673 -0.02086597 -0.05171758 -0.08818524 -0.01385768 -0.05277366 -0.1045764 -0.01414066 -0.05081337 -0.121 -0.02104759 -0.05312592 -0.121 -0.01423505 -0.05312592 -0.121 -0.01423505 -0.05452946 -0.121 -0.007178942 -0.0541679 -0.1045764 -0.007131342 -0.05171758 -0.08818524 -0.01385768 0.05449287 -0.1107569 -0.005949176 0.05476343 -0.1109385 -0.003307639 0.05496953 -0.1170235 -0.0009999976 0.05496953 -0.1170235 -0.0009999976 0.05436904 -0.110673 -0.007158329 0.05452946 -0.121 -0.007178938 0.05497873 -0.1176188 -0.0007999976 0.05497873 -0.1176188 -0.0007999976 0.05502289 -0.1209994 -0.0007886357 0.05499864 -0.12 2.404068e-09 0.05452946 -0.121 0.007178942 0.05496953 -0.1170235 0.001000002 0.0476314 -0.121 -0.0275 0.04731528 -0.1052574 -0.02739024 0.04765764 -0.105659 -0.02675594 0.04363443 -0.121 -0.03348188 0.04731528 -0.1052574 -0.02739024 0.04613646 -0.1045762 -0.02917589 0.04613646 -0.1045762 -0.02917589 0.04334511 -0.1045764 -0.03325987 0.03889087 -0.121 -0.03889086 0.04613646 -0.1045762 -0.02917589 0.04277696 -0.1022309 -0.03390135 0.038633 -0.1045764 -0.038633 0.03348188 -0.121 -0.04363443 0.03879254 -0.09949838 -0.03811353 0.03325987 -0.1045764 -0.04334511 0.038633 -0.1045764 -0.038633 0.0275 -0.121 -0.0476314 0.03444064 -0.09656989 -0.04185188 0.02731766 -0.1045764 -0.04731557 0.03325987 -0.1045764 -0.04334511 0.02104759 -0.121 -0.05081337 0.02815326 -0.09215271 -0.0459779 0.02090803 -0.1045764 -0.05047645 0.02312002 -0.08836269 -0.04834854 0.01999449 -0.08590767 -0.04946597 0.02104759 -0.121 -0.05081337 0.01423505 -0.121 -0.05312592 0.01414066 -0.1045764 -0.05277366 0.01385768 -0.08818524 -0.05171758 0.01527793 -0.08183019 -0.0506862 0.01999449 -0.08590767 -0.04946597 0.01364788 -0.08023106 -0.05096191 0.01423505 -0.121 -0.05312592 0.007178942 -0.121 -0.05452946 0.007131342 -0.1045764 -0.0541679 0.01385768 -0.08818524 -0.05171758 0.006988633 -0.08818524 -0.05308392 0.01026389 -0.07659445 -0.05130913 0.007537493 -0.07318041 -0.05137496 0.01026389 -0.07659445 -0.05130913 0.007178942 -0.121 -0.05452946 2.404127e-09 -0.121 -0.055 -1.284247e-06 -0.09618489 -0.05432783 0.007537493 -0.07318041 -0.05137496 2.404127e-09 -0.121 -0.055 -0.007178938 -0.121 -0.05452946 -0.007101121 -0.09431207 -0.05393851 2.260848e-09 -0.07185873 -0.05172215 2.260848e-09 -0.07185873 -0.05172215 0.005232671 -0.06967582 -0.05115609 2.149701e-09 -0.05562909 -0.04917941 0.004220032 -0.06778545 -0.05096745 0.003430037 -0.06631071 -0.05082027 0.002592417 -0.06427091 -0.05054822 0.001668038 -0.06188837 -0.05021824 0.0008114408 -0.05878403 -0.04972502 2.149701e-09 -0.05562909 -0.04917941 0.0003691895 -0.05668722 -0.04936714 1.105339e-05 -0.05147987 -0.04839979 -6.031573e-05 -0.04670319 -0.047461 0.007537493 -0.07318041 -0.05137496 0.009136174 -0.07012347 -0.05075054 0.004220032 -0.06778545 -0.05096745 0.009136174 -0.07012347 -0.05075054 0.00957788 -0.06568481 -0.05023058 0.01531523 -0.07804418 -0.05018197 0.01026389 -0.07659445 -0.05130913 0.01364788 -0.08023106 -0.05096191 0.01527793 -0.08183019 -0.0506862 0.004220032 -0.06778545 -0.05096745 0.003430037 -0.06631071 -0.05082027 0.01531523 -0.07804418 -0.05018197 0.02398768 -0.07509602 -0.0474686 0.01999449 -0.08590767 -0.04946597 0.02312002 -0.08836269 -0.04834854 0.002592417 -0.06427091 -0.05054822 0.002768993 -0.06239365 -0.05026053 0.001668038 -0.06188837 -0.05021824 0.0008114408 -0.05878403 -0.04972502 0.00381865 -0.05838194 -0.04961811 0.00381865 -0.05838194 -0.04961811 0.003430037 -0.06631071 -0.05082027 0.01066618 -0.06184748 -0.04974454 0.01066618 -0.06184748 -0.04974454 0.01259174 -0.0584972 -0.04924847 0.01736188 -0.06526461 -0.04911622 0.02209603 -0.06226314 -0.04829705 0.02542889 -0.06560595 -0.04734968 0.03335597 -0.06605235 -0.04497996 0.01736188 -0.06526461 -0.04911622 0.02542889 -0.06560595 -0.04734968 0.03617975 -0.06308822 -0.04495215 0.03289147 -0.07204876 -0.04409518 0.03943912 -0.06590349 -0.04263609 0.03335597 -0.06605235 -0.04497996 0.03098844 -0.05979416 -0.04691635 0.0218026 -0.05921048 -0.04829312 0.04204969 -0.06123903 -0.0439784 0.01554222 -0.05542866 -0.0488006 0.04920532 -0.06045289 -0.04168848 0.005873799 -0.05487146 -0.04906527 0.00381865 -0.05838194 -0.04961811 0.0003691895 -0.05668722 -0.04936714 0.0008114408 -0.05878403 -0.04972502 1.105339e-05 -0.05147987 -0.04839979 0.005873799 -0.05487146 -0.04906527 1.105339e-05 -0.05147987 -0.04839979 0.009802909 -0.05128323 -0.04853459 0.01554222 -0.05542866 -0.0488006 0.01177694 -0.05124664 -0.04857403 0.01546716 -0.05117238 -0.04862514 0.01964748 -0.05242119 -0.04864148 0.02544749 -0.05612515 -0.04813213 0.02203234 -0.05100413 -0.04871539 0.01874889 -0.0511567 -0.04867174 0.01964748 -0.05242119 -0.04864148 0.02203234 -0.05100413 -0.04871539 0.02544749 -0.05612515 -0.04813213 0.03098844 -0.05979416 -0.04691635 0.03015209 -0.05287731 -0.04840764 0.03716218 -0.05072749 -0.04893429 0.0351471 -0.05641483 -0.04721602 0.0351471 -0.05641483 -0.04721602 0.03617975 -0.06308822 -0.04495215 0.04289287 -0.05144081 -0.04844902 0.04307807 -0.05062819 -0.04909997 0.04504608 -0.05057724 -0.04903506 0.04289287 -0.05144081 -0.04844902 0.03984179 -0.05974387 -0.04528926 0.04204969 -0.06123903 -0.0439784 0.04289287 -0.05144081 -0.04844902 0.03984179 -0.05974387 -0.04528926 0.05147489 -0.05453366 -0.04588877 0.04730849 -0.06873593 -0.03623333 0.03932925 -0.07660077 -0.03878979 0.05252215 -0.06977724 -0.0284881 0.0337446 -0.07719251 -0.04274127 0.03158635 -0.08547241 -0.04352669 0.02815326 -0.09215271 -0.0459779 0.03610129 -0.08780573 -0.04024159 0.0337446 -0.07719251 -0.04274127 0.03610129 -0.08780573 -0.04024159 0.03444064 -0.09656989 -0.04185188 0.04297219 -0.093904 -0.03366878 0.03879254 -0.09949838 -0.03811353 0.04277696 -0.1022309 -0.03390135 0.04613646 -0.1045762 -0.02917589 0.04731528 -0.1052574 -0.02739024 0.04947391 -0.0962034 -0.02308265 0.04765764 -0.105659 -0.02675594 0.04731528 -0.1052574 -0.02739024 0.04930374 -0.1068549 -0.02375839 0.04978827 -0.08317787 -0.02447028 0.05226207 -0.07639301 -0.02320523 0.05520855 -0.06966238 -0.02253534 0.05226207 -0.07639301 -0.02320523 0.04642305 -0.07988726 -0.03065048 0.05536772 -0.0833725 -0.006272303 0.05555162 -0.08420489 -0.0006555186 0.05548882 -0.08494057 -0.0006499976 0.05548882 -0.08494057 -0.0006499976 0.0547906 -0.08706263 -0.007376724 0.0552665 -0.0182498 -0.1006061 0.05330498 -0.01530699 -0.1006113 0.05531206 -0.0151103 -0.1017986 0.05683961 -0.02024172 -0.1005766 0.0552665 -0.0182498 -0.1006061 0.06066269 -0.01801349 -0.1032474 0.06060742 -0.02405003 -0.1005659 0.05531206 -0.0151103 -0.1017986 0.05531206 -0.0151103 -0.1017986 0.06018808 -0.01258408 -0.1049251 0.05330498 -0.01530699 -0.1006113 0.05429778 -0.0105268 -0.1025523 0.05118502 -0.01117842 -0.1006092 0.05039901 -0.009044961 -0.1005869 0.05362466 -0.006032106 -0.1031538 0.05936176 -0.009107472 -0.1053483 0.06003039 -0.01178024 -0.1049588 0.05593066 -0.001790345 -0.1047854 0.06003039 -0.01178024 -0.1049588 0.05362466 -0.006032106 -0.1031538 0.04952207 -0.006006343 -0.1005416 0.04862021 -0.0007120492 -0.1004876 0.05349624 0.002711982 -0.1035712 0.05936176 -0.009107472 -0.1053483 0.06628785 -0.0100404 -0.1075601 0.06449466 -0.007128099 -0.1075601 0.06212194 -0.001219903 -0.1075561 0.06449466 -0.007128099 -0.1075601 0.05349624 0.002711982 -0.1035712 0.04862021 -0.0007120492 -0.1004876 0.04852312 0.002031069 -0.1004923 0.04902964 0.007428674 -0.100518 0.04974692 0.01065953 -0.1005132 0.05079177 0.0088049 -0.1015237 0.0566191 0.0075278 -0.104893 0.05079177 0.0088049 -0.1015237 0.05079177 0.0088049 -0.1015237 0.05106501 0.0099647 -0.1015238 0.04974692 0.01065953 -0.1005132 0.05106501 0.0099647 -0.1015238 0.05282864 0.0150661 -0.1015244 0.05133845 0.01551083 -0.1005346 0.05793418 0.01183418 -0.1049248 0.05493561 0.0189262 -0.1015238 0.05394483 0.02032511 -0.1005104 0.05493561 0.0189262 -0.1015238 0.05541572 0.019806 -0.1015238 0.05880331 0.02400439 -0.101565 0.05394483 0.02032511 -0.1005104 0.06262586 0.0194414 -0.104893 0.0658678 0.0225486 -0.104893 0.06892145 0.0025268 -0.1094905 0.06936865 -0.002305975 -0.1094817 0.06942925 0.005952995 -0.1094911 0.06449466 -0.007128099 -0.1075601 0.07155278 0.01020813 -0.109464 0.07225645 -0.007091931 -0.1094898 0.06628785 -0.0100404 -0.1075601 0.07231662 0.02308489 -0.1065855 0.07560019 0.01388962 -0.109495 0.08020314 0.0153453 -0.1094905 0.06003039 -0.01178024 -0.1049588 0.0825 0.0221144 -0.1075601 0.07845891 -0.01429473 -0.1092368 0.07656353 -0.01051726 -0.1094901 0.08134743 -0.0115918 -0.1094905 0.08481026 -0.01152437 -0.1094909 0.08809808 -0.0104343 -0.1094905 0.06567628 -0.01867425 -0.1048707 0.07159487 -0.02217489 -0.104893 0.06066269 -0.01801349 -0.1032474 0.06567628 -0.01867425 -0.1048707 0.06154525 -0.02281476 -0.1015238 0.06060742 -0.02405003 -0.1005659 0.06593695 -0.02594938 -0.1015328 0.07159487 -0.02217489 -0.104893 0.07079714 -0.02830538 -0.101524 0.06532959 -0.02730353 -0.1005264 0.06154525 -0.02281476 -0.1015238 0.06593695 -0.02594938 -0.1015328 0.06593695 -0.02594938 -0.1015328 0.07076106 -0.02996524 -0.1005272 0.07079714 -0.02830538 -0.101524 0.07079714 -0.02830538 -0.101524 0.07860578 -0.03055523 -0.1014495 0.07639403 -0.03141528 -0.1005211 0.08271084 -0.03208937 -0.1004927 0.08912451 -0.03130006 -0.1005156 0.08671884 -0.03021305 -0.101523 0.08498736 -0.02514271 -0.1048805 0.08671884 -0.03021305 -0.101523 0.09198054 -0.02906902 -0.101526 0.09198054 -0.02906902 -0.101526 0.08912451 -0.03130006 -0.1005156 0.09245802 -0.03046424 -0.1005191 0.09556185 -0.02934766 -0.1005063 0.09340514 -0.02217489 -0.104893 0.1004331 -0.0252847 -0.1015213 0.09968448 -0.02728366 -0.1005219 0.09732541 -0.0199849 -0.104893 0.1046004 -0.02388481 -0.1004872 0.1020316 -0.01618397 -0.1048917 0.1057095 -0.0207153 -0.1015238 0.1087804 -0.01947498 -0.100521 0.1057095 -0.0207153 -0.1015238 0.1092037 -0.01646584 -0.1015229 0.1092037 -0.01646584 -0.1015229 0.1087804 -0.01947498 -0.100521 0.1119988 -0.01490926 -0.100499 0.1118405 -0.01187554 -0.101527 0.1137736 -0.01100623 -0.1005164 0.1145973 -0.0089929 -0.1005176 0.1061403 -0.0099692 -0.104893 0.1118405 -0.01187554 -0.101527 0.1137341 -0.006814076 -0.1015228 0.1150923 -0.0072003 -0.1005176 0.1159051 -0.004425103 -0.1004858 0.1078146 -0.0058025 -0.104893 0.1087607 -0.0014128 -0.104893 0.1078146 -0.0058025 -0.104893 0.1152115 0.001161517 -0.1014247 0.1137341 -0.006814076 -0.1015228 0.1159051 -0.004425103 -0.1004858 0.1164113 0.002003268 -0.1005089 0.1156882 0.009495376 -0.100538 0.1141375 0.009056085 -0.1015339 0.1091954 0.008964361 -0.1048946 0.1141375 0.009056085 -0.1015339 0.1078146 -0.0058025 -0.104893 0.1087607 -0.0014128 -0.104893 0.1133295 0.01629556 -0.1005398 0.1152453 0.0107666 -0.1005176 0.1156882 0.009495376 -0.100538 0.1141375 0.009056085 -0.1015339 0.1100065 0.01916024 -0.1015689 0.1101561 0.02157544 -0.1005446 0.1064737 0.026069 -0.1005318 0.1067764 0.0235884 -0.1016577 0.1050443 0.0158311 -0.104893 0.1006973 0.03065137 -0.1004871 0.1009989 0.02124014 -0.1048153 0.09838174 0.0302372 -0.1015238 0.09545857 0.0332378 -0.1005176 0.1100065 0.01916024 -0.1015689 0.1050443 0.0158311 -0.104893 0.09346241 0.03248175 -0.101524 0.09838174 0.0302372 -0.1015238 0.09396265 0.03384686 -0.1005183 0.08856036 0.03540727 -0.1005269 0.09346241 0.03248175 -0.101524 0.08825505 0.03387601 -0.1015237 0.08246259 0.03592947 -0.1005092 0.09365499 0.02615147 -0.1048936 0.08288116 0.0343884 -0.1015238 0.08697432 0.0280443 -0.104893 0.0825 0.0284251 -0.104893 0.08288116 0.0343884 -0.1015238 0.07702769 0.0339298 -0.1015259 0.07645442 0.0353274 -0.1005178 0.0825 0.0284251 -0.104893 0.07702769 0.0339298 -0.1015259 0.07162496 0.03409463 -0.1005356 0.07210901 0.03271209 -0.1015091 0.07210901 0.03271209 -0.1015091 0.07802568 0.0280443 -0.104893 0.06649185 0.03194287 -0.1005233 0.07162496 0.03409463 -0.1005356 0.06478374 0.02946171 -0.1014249 0.06184391 0.02885206 -0.1005198 0.0576428 0.02513754 -0.1005253 0.05880331 0.02400439 -0.101565 0.05541572 0.019806 -0.1015238 0.06262586 0.0194414 -0.104893 0.0658678 0.0225486 -0.104893 0.07802568 0.0280443 -0.104893 0.05880331 0.02400439 -0.101565 0.05394483 0.02032511 -0.1005104 0.0576428 0.02513754 -0.1005253 0.08697432 0.0280443 -0.104893 0.08991331 0.02147942 -0.1075502 0.09596431 0.005019003 -0.109486 0.09349194 0.01007934 -0.1094909 0.09598075 0.0002237 -0.1094905 0.09017558 0.01330415 -0.1094888 0.08594595 0.0151824 -0.1094903 0.08250001 0.0155408 -0.1094905 0.0825 0.0221144 -0.1075601 0.0939253 -0.009919783 -0.1092689 0.09518174 -0.003146329 -0.1094916 0.09223063 -0.007844475 -0.1094847 0.09732541 -0.0199849 -0.104893 0.09340514 -0.02217489 -0.104893 0.08672374 0.009146865 -0.1106511 0.08134403 0.0086916 -0.1106588 0.08594595 0.0151824 -0.1094903 0.09349194 0.01007934 -0.1094909 0.09596431 0.005019003 -0.109486 0.08134403 0.0086916 -0.1106588 0.08020314 0.0153453 -0.1094905 0.08098614 0.0007954924 -0.1115279 0.09598075 0.0002237 -0.1094905 0.07560019 0.01388962 -0.109495 0.09518174 -0.003146329 -0.1094916 0.07155278 0.01020813 -0.109464 0.09223063 -0.007844475 -0.1094847 0.06942925 0.005952995 -0.1094911 0.08809808 -0.0104343 -0.1094905 0.06892145 0.0025268 -0.1094905 0.08481026 -0.01152437 -0.1094909 0.06936865 -0.002305975 -0.1094817 0.08134743 -0.0115918 -0.1094905 0.07225645 -0.007091931 -0.1094898 0.07656353 -0.01051726 -0.1094901 0.05461789 -0.08896688 0.006828153 0.05504819 -0.08882374 0.002301757 0.05619259 -0.07955374 0.004270817 0.05504819 -0.08882374 0.002301757 0.05627901 -0.07919098 -0.000607483 0.05731098 -0.07488327 0.00428858 0.05627901 -0.07919098 -0.000607483 0.05809136 -0.07181697 -0.0005971665 0.05883641 -0.07032645 0.004306343 0.06037271 -0.06620774 -0.0005970963 0.06037271 -0.06620774 -0.0005970963 0.06085969 -0.06596337 0.004324106 0.04391889 -0.04123329 0.01469662 0.04244789 -0.03962291 0.01788114 0.04429596 -0.04132126 0.01435294 0.04537561 -0.04246181 0.01047018 0.04575307 -0.04259405 0.009963697 0.04429596 -0.04132126 0.01435294 0.04678047 -0.04338249 0.004787714 0.04645215 -0.04334182 0.006013716 0.04537561 -0.04246181 0.01047018 0.04678047 -0.04338249 0.004787714 0.04681725 -0.04361546 -9.360968e-05 0.04698613 -0.04357313 -0.0001085992 0.01110809 -0.01449062 0.01833501 0.01144555 -0.01438351 0.01789583 0.01463131 -0.0154568 0.01839775 0.01463131 -0.0154568 0.01839775 0.01995541 -0.01702898 0.01839658 0.01870627 -0.01661366 0.01784984 0.02454083 -0.0187813 0.01791764 0.02981994 -0.02156997 0.01840946 0.01995541 -0.01702898 0.01839658 0.02710939 -0.0202927 0.01785698 0.02963743 -0.02181189 0.01777459 0.030509 -0.022543 0.01838357 0.00959933 -0.01373723 0.01733815 0.01110809 -0.01449062 0.01833501 0.01105554 -0.01354217 0.01832122 0.0100787 -0.01304631 0.01788093 0.009011322 -0.01339652 0.01613016 0.01105554 -0.01354217 0.01832122 0.01157258 -0.01255186 0.01839585 0.0100787 -0.01304631 0.01788093 0.009609111 -0.01242691 0.01732047 0.009011322 -0.01339652 0.01613016 0.009007734 -0.01273498 0.01579032 0.01144555 -0.01438351 0.01789583 0.01204307 -0.01471425 0.0178697 0.01870627 -0.01661366 0.01784984 0.01069194 -0.01436117 0.01749096 0.01204307 -0.01471425 0.0178697 0.009657835 -0.0138588 0.01672428 0.02817816 -0.01761128 0.002261247 0.02819361 -0.01811317 0.005872016 0.02801947 -0.01770198 -7.473382e-05 0.02845095 -0.0187712 0.008791647 0.02847412 -0.0184564 0.008740975 0.02817816 -0.01761128 0.002261247 0.05189815 -0.08781764 0.01798493 0.05197198 -0.08690955 0.01820694 0.05182949 -0.08646602 0.01839481 0.05149414 -0.08719336 0.01828722 0.05182949 -0.08646602 0.01839481 0.05125675 -0.08884162 0.01683311 0.05212779 -0.08882485 0.01696014 0.05156536 -0.08908825 0.0154145 0.0524384 -0.08910133 0.0153968 0.05149414 -0.08719336 0.01828722 0.0506236 -0.08781595 0.01794794 0.05040036 -0.0866699 0.01838521 0.0526627 -0.08903958 0.01557673 0.0530386 -0.0891053 0.01358455 0.0524384 -0.08910133 0.0153968 0.05325044 -0.08901781 0.0137234 0.0530386 -0.0891053 0.01358455 0.0520326 -0.08909322 0.01358064 0.05156536 -0.08908825 0.0154145 0.05439807 -0.0890986 0.007714336 0.05443411 -0.08883524 0.00819934 0.05325044 -0.08901781 0.0137234 0.05565509 -0.07970832 0.00908428 0.05466003 -0.07977169 0.01379343 0.05461789 -0.08896688 0.006828153 0.05443411 -0.08883524 0.00819934 0.05325044 -0.08901781 0.0137234 0.0526627 -0.08903958 0.01557673 0.05489903 -0.08908398 0.002287903 0.05504819 -0.08882374 0.002301757 0.05437029 -0.08910835 0.006607069 0.05241569 -0.08748103 0.01685286 0.05189815 -0.08781764 0.01798493 0.05212779 -0.08882485 0.01696014 0.05197198 -0.08690955 0.01820694 0.05241569 -0.08748103 0.01685286 0.05466003 -0.07977169 0.01379343 0.05507533 -0.08897806 0.0009238402 0.05504819 -0.08882374 0.002301757 0.05477646 -0.08910381 0.001934237 0.05500815 -0.08900086 -0.0006260954 0.0529237 -0.0812927 0.01820099 0.05331472 -0.07974619 0.0182003 0.05489903 -0.08908398 0.002287903 0.05452165 -0.07519468 0.01819324 0.05588792 -0.07522686 0.01382132 0.05304048 -0.0890942 0.009023556 0.05362244 -0.08909586 0.004489849 0.05439807 -0.0890986 0.007714336 0.05269205 -0.08909399 0.01097265 0.05500815 -0.08900086 -0.0006260954 0.05382849 -0.08908992 -0.0005968237 0.05362244 -0.08909586 0.004489849 0.05437029 -0.08910835 0.006607069 0.05588792 -0.07522686 0.01382132 0.05759174 -0.07256249 0.009132581 0.05747769 -0.07079221 0.01384922 0.05609218 -0.07075948 0.01831571 0.05747769 -0.07079221 0.01384922 0.05807216 -0.0664782 0.0181983 0.059454 -0.06651153 0.01387711 0.059454 -0.06651153 0.01387711 0.05331472 -0.07974619 0.0182003 0.05405174 -0.07647426 0.01834384 0.05609218 -0.07075948 0.01831571 0.06040513 -0.06634251 0.009173284 0.05542398 -0.07216372 0.01839625 0.05721433 -0.06785519 0.01839751 0.05381871 -0.07660113 0.01839801 0.05936805 -0.06345324 0.01840212 0.05268181 -0.08110227 0.01839803 0.05967193 -0.06346722 0.01822513 0.06284612 -0.06077753 0.01389479 0.06291469 -0.06231172 0.009202952 0.0659616 -0.05869013 0.009232623 0.06884265 -0.05631192 0.009404476 0.06225002 -0.05925923 0.01820295 0.06216225 -0.05931696 0.01834274 0.05967193 -0.06346722 0.01822513 0.06642305 -0.05858807 0.006808688 0.0659616 -0.05869013 0.009232623 0.06884265 -0.05631192 0.009404476 0.06904969 -0.05637297 0.006821957 0.06914815 -0.05640474 0.006227235 0.06642305 -0.05858807 0.006808688 0.06914815 -0.05640474 0.006227235 0.06674819 -0.05841423 0.004359633 0.06938608 -0.05639039 0.004261111 0.06347787 -0.06192774 0.004341869 0.06291469 -0.06231172 0.009202952 0.06085969 -0.06596337 0.004324106 0.06040513 -0.06634251 0.009173284 0.05883641 -0.07032645 0.004306343 0.05731098 -0.07488327 0.00428858 0.05619259 -0.07955374 0.004270817 0.05565509 -0.07970832 0.00908428 0.05461789 -0.08896688 0.006828153 0.05443411 -0.08883524 0.00819934 0.06693608 -0.05817083 0.001889063 0.06674819 -0.05841423 0.004359633 0.06938608 -0.05639039 0.004261111 0.06085969 -0.06596337 0.004324106 0.06325459 -0.06163293 -0.0005982199 0.06037271 -0.06620774 -0.0005970963 0.06693608 -0.05817083 0.001889063 0.06694803 -0.05788904 -0.000597686 0.06939089 -0.05634581 0.001895096 0.06945455 -0.05619495 -0.0006012034 0.06694803 -0.05788904 -0.000597686 0.06968457 -0.05625736 0.004137204 0.06904969 -0.05637297 0.006821957 0.06978218 -0.05528958 -0.000673433 0.06984189 -0.0559259 0.0003776185 0.06939089 -0.05634581 0.001895096 0.06938608 -0.05639039 0.004261111 0.06939089 -0.05634581 0.001895096 0.07000538 -0.05543867 0.004219186 0.07011007 -0.05513652 0.000550139 0.06984189 -0.0559259 0.0003776185 0.06978218 -0.05528958 -0.000673433 0.06962804 -0.05444183 0.004297684 0.06978218 -0.05528958 -0.000673433 0.06979463 -0.05432907 -0.000631984 0.06916516 -0.05388945 -0.0005954005 0.06894656 -0.0540981 0.004115623 0.06438445 -0.05234855 -0.0005999211 0.06872052 -0.05410688 0.006143565 0.06375547 -0.05255274 0.004365317 0.06085599 -0.05121184 -0.0005998975 0.05763368 -0.04997996 0.004389939 0.05819108 -0.04988629 -0.0005998943 0.06872052 -0.05410688 0.006143565 0.06894656 -0.0540981 0.004115623 0.05186378 -0.04670797 0.004414563 0.05315552 -0.04738156 -0.000599888 0.05763368 -0.04997996 0.004389939 0.05315552 -0.04738156 -0.000599888 0.05228115 -0.04677987 -0.0006001908 0.04690264 -0.04307874 -0.0006020539 0.04681151 -0.04301294 0.002802032 0.05653197 -0.04949938 0.009269086 0.06375547 -0.05255274 0.004365317 0.04664399 -0.04288163 0.004587599 0.05186378 -0.04670797 0.004414563 0.05084952 -0.0460906 0.009310323 0.04575543 -0.04215863 0.009400833 0.05084952 -0.0460906 0.009310323 0.04924559 -0.04495779 0.01396142 0.04575543 -0.04215863 0.009400833 0.04525179 -0.04172726 0.01126232 0.04419548 -0.04081102 0.01419984 0.05485852 -0.04855758 0.01392186 0.0608404 -0.05153976 0.01387836 0.0560703 -0.0490273 0.01807846 0.05872013 -0.05026468 0.0180766 0.0608404 -0.05153976 0.01387836 0.06818497 -0.05401103 0.009356763 0.06045775 -0.05107609 0.01807538 0.0670745 -0.0536505 0.01305793 0.06680055 -0.05359088 0.01384346 0.06886081 -0.05440646 0.009805607 0.06785108 -0.05415926 0.01339807 0.0670745 -0.0536505 0.01305793 0.06818497 -0.05401103 0.009356763 0.07000538 -0.05543867 0.004219186 0.06858984 -0.05547138 0.01197494 0.06587213 -0.05335389 0.0182314 0.0656922 -0.05481707 0.01832145 0.06591369 -0.05430675 0.01827872 0.06485198 -0.05269024 0.01807662 0.06546699 -0.05313303 0.01842419 0.06043793 -0.05112294 0.0183112 0.05872013 -0.05026468 0.0180766 0.06516031 -0.05304627 0.01839213 0.06034275 -0.05135227 0.01839775 0.06567162 -0.05424666 0.01839842 0.06516031 -0.05304627 0.01839213 0.06498379 -0.0554643 0.01833545 0.06193881 -0.05928538 0.01839775 0.05721433 -0.06785519 0.01839751 0.04858354 -0.07205679 0.01839776 0.05542398 -0.07216372 0.01839625 0.04729635 -0.06381489 0.01839774 0.05040036 -0.0866699 0.01838521 0.0559323 -0.04929297 0.01839775 0.05182949 -0.08646602 0.01839481 0.04496873 -0.05113053 0.01839921 0.05281655 -0.08127643 0.01835583 0.0529237 -0.0812927 0.01820099 0.05182949 -0.08646602 0.01839481 0.05331472 -0.07974619 0.0182003 0.05184893 -0.04695515 0.01839775 0.04784294 -0.04419622 0.01839775 0.04350981 -0.0448191 0.01839775 0.05194104 -0.04674841 0.01834048 0.04425439 -0.04125449 0.01839846 0.04226858 -0.03941237 0.01839775 0.04196064 -0.03876735 0.01829193 0.04408913 -0.04075882 0.0182705 0.04795218 -0.04402804 0.01835126 0.0478546 -0.04383067 0.01812227 0.05203151 -0.04671593 0.01809078 0.05607234 -0.04908126 0.01831965 0.0560703 -0.0490273 0.01807846 0.05203151 -0.04671593 0.01809078 0.0560703 -0.0490273 0.01807846 0.05485852 -0.04855758 0.01392186 0.0478546 -0.04383067 0.01812227 0.04309921 -0.0398026 0.01661651 0.04440357 -0.04099177 0.01809331 0.04196064 -0.03876735 0.01829193 0.04440357 -0.04099177 0.01809331 0.04196064 -0.03876735 0.01829193 0.04408913 -0.04075882 0.0182705 0.0478546 -0.04383067 0.01812227 0.03970705 -0.03952832 0.02292841 0.04262608 -0.0409683 0.01783336 0.04244789 -0.03962291 0.01788114 0.04543585 -0.05562909 0.01882015 0.04262608 -0.0409683 0.01783336 0.04398912 -0.04749768 0.01784374 0.04259062 -0.05562909 0.02458971 0.03901665 -0.05562909 0.02993853 0.04778504 -0.07185873 0.01979321 0.0447927 -0.07185873 0.02586108 0.0447927 -0.07185873 0.02586108 0.0476314 -0.121 0.0275 0.05081337 -0.121 0.02104759 0.05047645 -0.1045764 0.02090803 0.04946634 -0.08818524 0.02048963 0.0509163 -0.088232 0.01654523 0.05061804 -0.08748372 0.01744506 0.05061804 -0.08748372 0.01744506 0.05033325 -0.08654458 0.01784768 0.0509163 -0.088232 0.01654523 0.04946634 -0.08818524 0.02048963 0.05033325 -0.08654458 0.01784768 0.04723802 -0.06349091 0.01784112 0.04543585 -0.05562909 0.01882015 0.05312592 -0.121 0.01423505 0.05081337 -0.121 0.02104759 0.05277366 -0.1045764 0.01414066 0.05132319 -0.08854002 0.01610708 0.05198029 -0.08861252 0.01299349 0.05452946 -0.121 0.007178942 0.0541679 -0.1045764 0.007131342 0.05496953 -0.1170235 0.001000002 0.05463531 -0.1045764 2.388186e-09 0.05497896 -0.1170232 -9.417533e-08 0.05486741 -0.1111181 -0.0007058552 0.0263836 -0.01012237 -0.000601958 0.02513102 -0.00167355 -0.0005915797 0.02524819 -0.0022221 -0.0005056689 0.02862836 -0.0178777 0.002588249 0.02856106 -0.01776204 -0.0006051705 0.02621592 -0.0097842 0.004290565 0.02512198 -0.002391343 0.003937133 0.02524819 -0.0022221 -0.0005056689 0.04922976 -0.05480368 -0.0006000284 0.04690264 -0.04307874 -0.0006020539 0.06325459 -0.06163293 -0.0005982199 0.05228115 -0.04677987 -0.0006001908 0.0520326 -0.08909322 0.01358064 0.05269205 -0.08909399 0.01097265 0.0530386 -0.0891053 0.01358455 0.05439807 -0.0890986 0.007714336 0.05345388 -0.08859348 0.004165604 0.05362244 -0.08909586 0.004489849 0.05306413 -0.08859449 0.008788862 0.05304048 -0.0890942 0.009023556 0.05362244 -0.08909586 0.004489849 0.05345388 -0.08859348 0.004165604 0.05382849 -0.08908992 -0.0005968237 0.05385276 -0.0887026 -8.823453e-05 0.04664399 -0.04288163 0.004587599 0.04678047 -0.04338249 0.004787714 0.04575543 -0.04215863 0.009400833 0.04575307 -0.04259405 0.009963697 0.04429596 -0.04132126 0.01435294 0.04525179 -0.04172726 0.01126232 0.04575307 -0.04259405 0.009963697 0.04419548 -0.04081102 0.01419984 0.04429596 -0.04132126 0.01435294 0.04309921 -0.0398026 0.01661651 0.04244789 -0.03962291 0.01788114 0.04196064 -0.03876735 0.01829193 0.04417561 -0.04744138 0.01792361 0.04497376 -0.0513567 0.01792294 0.04496873 -0.05113053 0.01839921 0.04350981 -0.0448191 0.01839775 0.04244789 -0.03962291 0.01788114 0.04417561 -0.04744138 0.01792361 0.04226858 -0.03941237 0.01839775 0.04196064 -0.03876735 0.01829193 0.04497376 -0.0513567 0.01792294 0.04752086 -0.06390873 0.01791901 0.04496873 -0.05113053 0.01839921 0.04729635 -0.06381489 0.01839774 0.04858354 -0.07205679 0.01839776 0.04752086 -0.06390873 0.01791901 0.05040036 -0.0866699 0.01838521 0.05046228 -0.08605777 0.0179192 0.05040036 -0.0866699 0.01838521 0.05061804 -0.08748372 0.01744506 0.0506236 -0.08781595 0.01794794 0.05125675 -0.08884162 0.01683311 0.05132319 -0.08854002 0.01610708 0.05156536 -0.08908825 0.0154145 0.05132319 -0.08854002 0.01610708 0.0520326 -0.08909322 0.01358064 0.05269205 -0.08909399 0.01097265 0.05306413 -0.08859449 0.008788862 0.05304048 -0.0890942 0.009023556 0.05198029 -0.08861252 0.01299349 0.0529356 -0.0886155 0.008284275 0.05306413 -0.08859449 0.008788862 0.05132319 -0.08854002 0.01610708 0.05061804 -0.08748372 0.01744506 0.0509163 -0.088232 0.01654523 0.05046228 -0.08605777 0.0179192 0.05033325 -0.08654458 0.01784768 0.04752086 -0.06390873 0.01791901 0.04723802 -0.06349091 0.01784112 0.04398912 -0.04749768 0.01784374 0.04497376 -0.0513567 0.01792294 0.04417561 -0.04744138 0.01792361 0.04262608 -0.0409683 0.01783336 0.04244789 -0.03962291 0.01788114 0.00959933 -0.01373723 0.01733815 0.009657835 -0.0138588 0.01672428 0.01110809 -0.01449062 0.01833501 0.01144555 -0.01438351 0.01789583 0.009488125 -0.011612 0.006076044 0.008997655 -0.01158284 0.006069548 0.009496741 -0.01143027 0.004214942 0.008997746 -0.01137438 0.004054134 0.00900002 -0.01127679 0.0008402526 0.009496741 -0.01143027 0.004214942 0.009477049 -0.01142854 -7.865215e-05 0.009 -0.0112296 -0.0005999996 0.01162308 -0.0116873 -9.108912e-05 0.01908923 -0.01366069 -0.0006027835 0.01679696 -0.01309969 -0.0001352284 0.02211572 -0.01482007 -3.297565e-05 0.01679696 -0.01309969 -0.0001352284 0.02856106 -0.01776204 -0.0006051705 0.02856106 -0.01776204 -0.0006051705 0.02801947 -0.01770198 -7.473382e-05 0.02817816 -0.01761128 0.002261247 0.02862836 -0.0178777 0.002588249 0.02861686 -0.01785097 0.003310408 0.02847412 -0.0184564 0.008740975 0.02884309 -0.018462 0.007480999 0.02887828 -0.01855675 0.008166322 0.02877569 -0.01974531 0.01293001 0.02923291 -0.0194538 0.01175502 0.02923291 -0.0194538 0.01175502 0.02950429 -0.02011666 0.01375854 0.02877569 -0.01974531 0.01293001 0.02914955 -0.02010125 0.01451585 0.02950429 -0.02011666 0.01375854 0.02995465 -0.02116019 0.01628066 0.02963743 -0.02181189 0.01777459 0.030509 -0.022543 0.01838357 0.009007734 -0.01273498 0.01579032 0.008995654 -0.01133169 0.01263193 0.009011322 -0.01339652 0.01613016 0.009017956 -0.01216465 0.01023687 0.009 -0.0112296 -0.0005999996 0.00900002 -0.01127679 0.0008402526 0.009193432 -0.009913684 -0.0006883498 0.009011743 -0.009991435 0.001467457 0.00900002 -0.01127679 0.0008402526 0.008997746 -0.01137438 0.004054134 0.009011743 -0.009991435 0.001467457 0.008994406 -0.01042419 0.006979204 0.008997746 -0.01137438 0.004054134 0.008997655 -0.01158284 0.006069548 0.008994406 -0.01042419 0.006979204 0.009017956 -0.01216465 0.01023687 0.02814905 -0.01666892 0.01838956 0.02801717 -0.016301 0.01381278 0.02683361 -0.01212471 0.01814672 0.02676012 -0.0121853 0.01378642 0.02639255 -0.01018473 0.01825071 0.02683361 -0.01212471 0.01814672 0.02582345 -0.0079824 0.01376007 0.009488125 -0.011612 0.006076044 0.009496741 -0.01143027 0.004214942 0.009465995 -0.01221882 0.009302167 0.009477049 -0.01142854 -7.865215e-05 0.02801947 -0.01770198 -7.473382e-05 0.02226308 -0.01499916 -0.0001022241 0.02211572 -0.01482007 -3.297565e-05 0.01679696 -0.01309969 -0.0001352284 0.1297091 0.0177117 -0.06278612 0.1315986 0.0191518 -0.04762738 0.1312581 0.01219934 -0.06277637 0.1334118 0.0126538 -0.04762738 0.1312581 0.01219934 -0.06277637 0.1321941 0.005808332 -0.06278053 0.1344536 -0.00077 -0.04762738 0.1343688 0.0059757 -0.04762738 0.1322046 -0.0006503058 -0.06278112 0.08248776 -0.05302023 -0.004921743 0.08244886 -0.05273664 -0.01634413 0.08747242 -0.05249666 -0.01634653 0.08251198 -0.05305085 -0.0006499437 0.08750212 -0.05282203 -0.0006499962 0.08747242 -0.05249666 -0.01634653 0.08247695 -0.05258336 -0.01844724 0.08248776 -0.05302023 -0.004921743 0.09454765 -0.05171424 -0.0006499959 0.1013906 -0.04970407 -0.0006499956 0.1079158 -0.04682531 -0.0006499953 0.1140137 -0.04312639 -0.000649995 0.1195817 -0.03866948 -0.0006499948 0.1245262 -0.03352955 -0.0006499945 0.1284891 -0.02761632 -0.01634653 0.1287639 -0.027793 -0.0006499944 0.1319283 -0.02141669 -0.01634652 0.1322237 -0.02155633 -0.0006499942 0.1345364 -0.0148241 -0.01634652 0.1348474 -0.0149244 -0.0006499941 0.1362695 -0.0079495 -0.01634652 0.1365908 -0.0080087 -0.000649994 0.1370985 -0.0009085 -0.01634652 0.1374248 -0.0009255 -0.000649994 0.1374711 0.00095 -0.004626502 0.137499 0.00195 -0.001649994 0.1374248 -0.0009255 -0.000649994 0.137499 0.00195 -0.001649994 0.1373351 0.006206 -0.000649994 0.1374711 0.00295 -0.004626502 0.05476343 -0.1109385 -0.003307639 0.05486741 -0.1111181 -0.0007058552 0.05496953 -0.1170235 -0.0009999976 0.05497896 -0.1170232 -9.417533e-08 0.05431829 -0.1106386 -0.007653937 0.05452946 -0.121 -0.007178938 0.05354808 -0.1100972 -0.01182052 0.05312592 -0.121 -0.01423505 0.0541679 -0.1045764 0.007131342 0.0529356 -0.0886155 0.008284275 0.05277366 -0.1045764 0.01414066 0.05198029 -0.08861252 0.01299349 0.03599168 -0.03169128 -0.0006499984 0.0339126 -0.02864568 0.02331897 0.03599168 -0.03169128 0.02351507 0.03820569 -0.03457833 0.0226406 0.03599168 -0.03169128 -0.0006499984 0.03222507 -0.02572881 0.02180547 0.04098111 -0.0377613 0.01967347 0.03181714 -0.02499452 -0.0006499986 0.04104526 -0.03775219 -0.0006499982 0.03078841 -0.02299605 0.0188713 0.02994993 -0.02114221 0.01548688 0.04191724 -0.03862366 0.01808962 0.02870951 -0.01807457 -0.00065001 0.02873875 -0.0181619 0.002928285 0.04282244 -0.03952832 0.01657629 0.04450578 -0.04107522 0.01262066 0.04628381 -0.04259008 0.006113725 0.04664908 -0.0428705 -0.0006501885 0.02909936 -0.01911468 0.009886844 0.02994993 -0.02114221 0.01548688 0.02873875 -0.0181619 0.002928285 0.05486741 -0.1111181 -0.0007058552 0.05476343 -0.1109385 -0.003307639 0.0547848 -0.1105056 -0.002783035 0.05449287 -0.1107569 -0.005949176 0.05601148 -0.07969451 -0.005437558 0.05604281 -0.08025625 -0.0006631406 0.05536772 -0.0833725 -0.006272303 0.05555162 -0.08420489 -0.0006555186 0.05798099 -0.07216306 -0.0006499974 0.05604281 -0.08025625 -0.0006631406 0.05684036 -0.07589159 -0.004885002 0.05601148 -0.07969451 -0.005437558 0.05399418 -0.1170235 0.001000002 0.05496953 -0.1170235 0.001000002 0.05399418 -0.12 2.360161e-09 0.05499864 -0.12 2.404068e-09 0.1365 0.00295 -0.004626502 0.1374711 0.00295 -0.004626502 0.1365 0.00195 -0.001649994 0.137499 0.00195 -0.001649994 0.1365 0.00195 -0.001649994 0.137499 0.00195 -0.001649994 0.1365 0.00095 -0.004626502 0.1374711 0.00095 -0.004626502 0.1365 0.00095 -0.004626502 0.1374711 0.00095 -0.004626502 0.1365 0.00295 -0.004626502 0.1374711 0.00295 -0.004626502 0.05382849 -0.08908992 -0.0005968237 0.05385276 -0.0887026 -8.823453e-05 0.05265086 -0.07766142 -0.0005999866 0.05109067 -0.06599677 -9.693901e-05 0.05108661 -0.06599284 -0.000600018 0.02518749 -0.0037033 0.01165799 0.02527937 -0.0042819 0.01373076 0.02582345 -0.0079824 0.01376007 0.02558728 -0.005751923 0.01824767 0.02639255 -0.01018473 0.01825071 0.02050268 -0.01415659 -0.05333557 0.02000326 -0.0165888 -0.05216711 0.02032353 -0.0138153 -0.05263672 0.01945144 -0.0117148 -0.04680738 0.0202654 -0.0093536 -0.04683916 0.02131958 -0.00879 -0.05319853 0.02032353 -0.0138153 -0.05263672 0.02130955 -0.0098109 -0.05426638 0.02067469 -0.0129315 -0.05354504 0.02470837 0.0016481 -0.05781302 0.0243272 0.0006861 -0.05751432 0.02399361 0.00136 -0.05276411 0.02254853 -0.0038514 -0.05326452 0.02340494 0.0008936 -0.04580668 0.04765764 -0.105659 -0.02675594 0.04930374 -0.1068549 -0.02375839 0.0476314 -0.121 -0.0275 0.05058127 -0.1077939 -0.02096301 0.05081337 -0.121 -0.02104759 0.05107848 -0.1081646 -0.01978633 0.05107848 -0.1081646 -0.01978633 0.05298917 -0.1096236 -0.01423416 0.05312592 -0.121 -0.01423505 0.05354808 -0.1100972 -0.01182052 0.05399418 -0.12 2.360161e-09 0.05499864 -0.12 2.404068e-09 0.05399418 -0.1170235 -0.0009999976 0.05497873 -0.1176188 -0.0007999976 0.05496953 -0.1170235 -0.0009999976 0.05496953 -0.1170235 0.001000002 0.05399418 -0.1170235 0.001000002 0.05497896 -0.1170232 -9.417533e-08 0.05399418 -0.1170235 -0.0009999976 0.05496953 -0.1170235 -0.0009999976 0.04664399 -0.04288163 0.004587599 0.04681151 -0.04301294 0.002802032 0.04678047 -0.04338249 0.004787714 0.04698613 -0.04357313 -0.0001085992 0.04690264 -0.04307874 -0.0006020539 0.04922976 -0.05480368 -0.0006000284 0.05109067 -0.06599677 -9.693901e-05 0.05108661 -0.06599284 -0.000600018 0.04822614 -0.05129302 -9.542824e-05 0.04681725 -0.04361546 -9.360968e-05 0.04698613 -0.04357313 -0.0001085992 0.05109067 -0.06599677 -9.693901e-05 0.05087741 -0.0660077 -8.800031e-05 0.05357492 -0.08858844 -9.477722e-05 0.05385276 -0.0887026 -8.823453e-05 0.05385276 -0.0887026 -8.823453e-05 0.05345388 -0.08859348 0.004165604 0.05357492 -0.08858844 -9.477722e-05 0.0529356 -0.0886155 0.008284275 0.05306413 -0.08859449 0.008788862 0.009017956 -0.01216465 0.01023687 0.00959933 -0.01373723 0.01733815 0.009011322 -0.01339652 0.01613016 0.009465995 -0.01221882 0.009302167 0.008997655 -0.01158284 0.006069548 0.009488125 -0.011612 0.006076044 0.02513102 -0.00167355 -0.0005915797 0.02325022 -0.0008643842 -0.0006336754 0.02446819 -0.0009596982 -0.000583244 0.02249507 -0.0015154 -0.000599999 0.0263836 -0.01012237 -0.000601958 0.02063132 -0.0037368 -0.0005999991 0.01943521 -0.0051624 -0.0005999992 0.02856106 -0.01776204 -0.0006051705 0.01604257 -0.007562504 -0.0005881065 0.01908923 -0.01366069 -0.0006027835 0.01336925 -0.0086386 -0.0005999994 0.009193432 -0.009913684 -0.0006883498 0.009 -0.0112296 -0.0005999996 0.04244789 -0.03962291 0.01788114 0.04391889 -0.04123329 0.01469662 0.04282244 -0.03952832 0.01657629 0.04450578 -0.04107522 0.01262066 0.04537561 -0.04246181 0.01047018 0.04628381 -0.04259008 0.006113725 0.04645215 -0.04334182 0.006013716 0.04628381 -0.04259008 0.006113725 0.04664908 -0.0428705 -0.0006501885 0.04681725 -0.04361546 -9.360968e-05 0.04822614 -0.05129302 -9.542824e-05 0.05001436 -0.05997357 -0.0006527725 0.04664908 -0.0428705 -0.0006501885 0.05087741 -0.0660077 -8.800031e-05 0.05300289 -0.08194526 -0.0006519791 0.05357492 -0.08858844 -9.477722e-05 0.05435136 -0.0991677 -0.0006498251 0.05463531 -0.1045764 2.388186e-09 0.0541679 -0.1045764 0.007131342 0.0529356 -0.0886155 0.008284275 0.05486741 -0.1111181 -0.0007058552 0.0547848 -0.1105056 -0.002783035 0.0548391 -0.1108251 -0.00144534 0.05479492 -0.1084097 -0.0005329913 0.05478097 -0.1078457 -0.00138398 0.05462317 -0.1072029 -0.004088732 0.05475835 -0.1063454 -0.0006472826 0.05478097 -0.1078457 -0.00138398 0.05449287 -0.1107569 -0.005949176 0.05390789 -0.1058254 -0.009513061 0.05436904 -0.110673 -0.007158329 0.05431829 -0.1106386 -0.007653937 0.05354808 -0.1100972 -0.01182052 0.005670624 -0.01052532 -0.0006554959 0.000183529 -0.01074024 -0.0005986251 0.003056764 -0.01078934 -0.0006433386 0.01249672 -0.01207868 -0.0006495586 0.01270603 -0.009155417 -0.0006538736 0.0164456 -0.01325106 -0.0006499934 0.02205775 -0.01495619 -0.0006493666 0.01749399 -0.006729736 -0.0006539602 0.02064465 -0.003929981 -0.0006555157 0.02248107 -0.001581227 -0.0006520937 0.02409999 0.001377416 -0.0006500485 0.02870951 -0.01807457 -0.00065001 0.02557608 0.004834858 -0.0006454772 0.02773829 0.0116044 -0.0006499988 0.02819603 0.01306861 -0.0006499988 0.03181714 -0.02499452 -0.0006499986 0.03599168 -0.03169128 -0.0006499984 0.04104526 -0.03775219 -0.0006499982 0.04664908 -0.0428705 -0.0006501885 0.06518272 -0.05927889 -0.0006298642 0.05001436 -0.05997357 -0.0006527725 0.06945908 -0.05615009 -0.0006491569 0.06086655 -0.06519245 -0.0005813692 0.05798099 -0.07216306 -0.0006499974 0.07285346 -0.05461874 -0.0006483474 0.05300289 -0.08194526 -0.0006519791 0.07504617 -0.053974 -0.0006499967 0.05604281 -0.08025625 -0.0006631406 0.07592144 -0.05372349 -0.0006499967 0.05555162 -0.08420489 -0.0006555186 0.07881168 -0.05325343 -0.0006392917 0.05548882 -0.08494057 -0.0006499976 0.08251198 -0.05305085 -0.0006499437 0.05514452 -0.08826737 -0.0006583658 0.05472477 -0.09713671 -0.0006620235 0.05435136 -0.0991677 -0.0006498251 0.05474946 -0.1000557 -0.0006537049 0.05475301 -0.1024158 -0.0006499976 0.05475835 -0.1063454 -0.0006472826 0.05479492 -0.1084097 -0.0005329913 0.05486741 -0.1111181 -0.0007058552 0.03196932 0.02382194 -0.000645078 0.02853454 0.01415149 -0.000650027 0.08750212 -0.05282203 -0.0006499962 0.09454765 -0.05171424 -0.0006499959 0.1013906 -0.04970407 -0.0006499956 0.1079158 -0.04682531 -0.0006499953 0.1140137 -0.04312639 -0.000649995 0.1195817 -0.03866948 -0.0006499948 0.1245262 -0.03352955 -0.0006499945 0.1287639 -0.027793 -0.0006499944 0.0342918 0.02855185 -0.0006575555 0.0363447 0.03197616 -0.0006804474 0.04145541 0.0385606 -0.0006499982 0.0363447 0.03197616 -0.0006804474 0.04653796 0.043564 -0.000649998 0.05222522 0.0478677 -0.0006499977 0.05842157 0.0513992 -0.0006499974 0.06502281 0.0540993 -0.0006499971 0.07191793 0.0559224 -0.0006499969 0.07899099 0.0568379 -0.0006499965 0.08612306 0.0568305 -0.0006499962 0.09319419 0.0559003 -0.0006499959 0.1000855 0.0540628 -0.0006499956 0.1322237 -0.02155633 -0.0006499942 0.1348474 -0.0149244 -0.0006499941 0.1365908 -0.0080087 -0.000649994 0.1374248 -0.0009255 -0.000649994 0.1373351 0.006206 -0.000649994 0.1363233 0.0132659 -0.000649994 0.1344065 0.0201356 -0.0006499941 0.1316168 0.0266994 -0.0006499942 0.1280012 0.0328471 -0.0006499944 0.1236206 0.0384753 -0.0006499946 0.1185484 0.0434892 -0.0006499948 0.1128701 0.0478047 -0.0006499951 0.1066811 0.0513491 -0.0006499953 -0.007178938 -0.121 -0.05452946 -0.01423505 -0.121 -0.05312592 -0.0140627 -0.09611111 -0.05247497 -0.01423505 -0.121 -0.05312592 -0.02104759 -0.121 -0.05081337 -0.01338668 -0.07185873 -0.04995976 -0.02077499 -0.08919151 -0.05015437 -0.01338668 -0.07185873 -0.04995976 -0.01562497 -0.03948778 -0.04316865 -0.02586108 -0.07185873 -0.0447927 -0.0275 -0.121 -0.0476314 -0.02104759 -0.121 -0.05081337 0.08467746 -0.04284862 -0.08593386 0.08905172 -0.04326719 -0.08306442 0.08669791 -0.04360995 -0.08296276 0.0859279 -0.04167469 -0.08882485 0.08905172 -0.04326719 -0.08306442 0.08249307 -0.04183744 -0.08859936 0.07741296 -0.042692 -0.0859195 0.07881363 -0.04174611 -0.08838227 0.08236682 -0.04388132 -0.08293758 0.08467746 -0.04284862 -0.08593386 0.07589629 -0.04324114 -0.08303487 0.05938441 -0.04747153 -0.05324264 0.06058631 -0.04908609 -0.05086377 0.06737067 -0.05005457 -0.04928371 0.06488124 -0.04781005 -0.05407969 0.06709848 -0.0480103 -0.05464103 0.07296406 -0.04996097 -0.04943763 0.08164339 -0.04933687 -0.05334051 0.07696043 -0.04994714 -0.04945566 0.08249646 -0.04982935 -0.04955544 0.07319923 -0.04818994 -0.05656728 0.07940615 -0.04841085 -0.05862192 0.08033277 -0.0487144 -0.05695801 0.05081337 -0.121 -0.02104759 0.05312592 -0.121 -0.01423505 0 -0.121 0 0.0476314 -0.121 -0.0275 0.05452946 -0.121 -0.007178938 0.04363443 -0.121 -0.03348188 0.05502289 -0.1209994 -0.0007886357 0.03889087 -0.121 -0.03889086 0.05452946 -0.121 0.007178942 0.03348188 -0.121 -0.04363443 0.05312592 -0.121 0.01423505 0.0275 -0.121 -0.0476314 0.05081337 -0.121 0.02104759 0.02104759 -0.121 -0.05081337 0.0476314 -0.121 0.0275 0.01423505 -0.121 -0.05312592 0.04363443 -0.121 0.03348188 0.007178942 -0.121 -0.05452946 0.03889086 -0.121 0.03889087 2.404127e-09 -0.121 -0.055 0.03348188 -0.121 0.04363443 -0.007178938 -0.121 -0.05452946 0.0275 -0.121 0.0476314 -0.01423505 -0.121 -0.05312592 0.02104759 -0.121 0.05081337 -0.02104759 -0.121 -0.05081337 0.01423505 -0.121 0.05312592 -0.0275 -0.121 -0.0476314 0.007178938 -0.121 0.05452946 -0.03348188 -0.121 -0.04363443 -2.404127e-09 -0.121 0.055 -0.03889086 -0.121 -0.03889087 -0.007178942 -0.121 0.05452946 -0.04363443 -0.121 -0.03348188 -0.01423505 -0.121 0.05312592 -0.0476314 -0.121 -0.0275 -0.02104759 -0.121 0.05081337 -0.05081337 -0.121 -0.02104759 -0.0275 -0.121 0.0476314 -0.05312592 -0.121 -0.01423505 -0.03348188 -0.121 0.04363443 -0.05452946 -0.121 -0.007178942 -0.03889087 -0.121 0.03889086 -0.055 -0.121 -2.404127e-09 -0.04363443 -0.121 0.03348188 -0.05452946 -0.121 0.007178938 -0.0476314 -0.121 0.0275 -0.05312592 -0.121 0.01423505 -0.05081337 -0.121 0.02104759</float_array>
          <technique_common>
            <accessor count="5977" source="#verts-array-array" stride="3">
              <param type="float" name="X"/>
              <param type="float" name="Y"/>
              <param type="float" name="Z"/>
            </accessor>
          </technique_common>
        </source>
        <source id="normals-array">
          <float_array count="17931" id="normals-array-array">0.6140593 -0.4662086 -0.6368522 0.6140593 -0.4662086 -0.6368522 0.6140593 -0.4662086 -0.6368522 0.2707265 -0.342725 0.8995814 0.2707265 -0.342725 0.8995814 0.2707265 -0.342725 0.8995814 0.324753 -0.3370365 0.8837092 0.324753 -0.3370365 0.8837092 0.324753 -0.3370365 0.8837092 0.4751717 -0.004198495 0.8798831 0.4751717 -0.004198495 0.8798831 0.4751717 -0.004198495 0.8798831 0.581385 0.6353544 0.5082482 0.581385 0.6353544 0.5082482 0.581385 0.6353544 0.5082482 -0.6786368 -0.4654437 -0.5681674 -0.6786368 -0.4654437 -0.5681674 -0.6786368 -0.4654437 -0.5681674 0.7021269 -0.0296756 -0.7114332 0.7021269 -0.0296756 -0.7114332 0.7021269 -0.0296756 -0.7114332 0.06021909 -0.008489254 0.9981491 0.06021909 -0.008489254 0.9981491 0.06021909 -0.008489254 0.9981491 0.06262432 -0.01072043 0.9979796 0.06262432 -0.01072043 0.9979796 0.06262432 -0.01072043 0.9979796 0.8714934 -0.01538556 0.4901658 0.8714934 -0.01538556 0.4901658 0.8714934 -0.01538556 0.4901658 -0.8514385 -0.196542 -0.4862342 -0.8514385 -0.196542 -0.4862342 -0.8514385 -0.196542 -0.4862342 0.869353 0.3703044 0.3272614 0.869353 0.3703044 0.3272614 0.869353 0.3703044 0.3272614 -0.9540728 0.2049119 -0.2185318 -0.9540728 0.2049119 -0.2185318 -0.9540728 0.2049119 -0.2185318 -0.9685438 0.1989678 -0.1494479 -0.9685438 0.1989678 -0.1494479 -0.9685438 0.1989678 -0.1494479 -0.7027105 0.400543 0.5880164 -0.7027105 0.400543 0.5880164 -0.7027105 0.400543 0.5880164 0.03061236 0.04432883 0.9985479 0.03061236 0.04432883 0.9985479 0.03061236 0.04432883 0.9985479 0.04396577 0.0824492 0.995625 0.04396577 0.0824492 0.995625 0.04396577 0.0824492 0.995625 0.7139181 0.2289101 0.661756 0.7139181 0.2289101 0.661756 0.7139181 0.2289101 0.661756 -0.1409389 -0.9012232 0.4097963 -0.1409389 -0.9012232 0.4097963 -0.1409389 -0.9012232 0.4097963 0.3619499 0.3601549 0.8598143 0.3619499 0.3601549 0.8598143 0.3619499 0.3601549 0.8598143 0.2470082 -0.8478928 -0.4691106 0.2470082 -0.8478928 -0.4691106 0.2470082 -0.8478928 -0.4691106 -0.8386967 0.373244 -0.3965813 -0.8386967 0.373244 -0.3965813 -0.8386967 0.373244 -0.3965813 -0.6413531 0.4854037 -0.5941796 -0.6413531 0.4854037 -0.5941796 -0.6413531 0.4854037 -0.5941796 -0.0007697863 -0.02965626 -0.9995599 -0.0007697863 -0.02965626 -0.9995599 -0.0007697863 -0.02965626 -0.9995599 -0.9654733 0.2558309 0.04911003 -0.9654733 0.2558309 0.04911003 -0.9654733 0.2558309 0.04911003 -0.8997919 0.4360859 0.01426693 -0.8997919 0.4360859 0.01426693 -0.8997919 0.4360859 0.01426693 0.8337917 -0.4977211 0.238883 0.8337917 -0.4977211 0.238883 0.8337917 -0.4977211 0.238883 0.3510998 -0.9304618 -0.1047367 0.3510998 -0.9304618 -0.1047367 0.3510998 -0.9304618 -0.1047367 0.957529 -0.04306372 0.2851031 0.957529 -0.04306372 0.2851031 0.957529 -0.04306372 0.2851031 0.946732 0.07656904 0.312787 0.946732 0.07656904 0.312787 0.946732 0.07656904 0.312787 0.9486564 0.06014023 0.3105384 0.9486564 0.06014023 0.3105384 0.9486564 0.06014023 0.3105384 -0.5161301 0.3831072 0.7660539 -0.5161301 0.3831072 0.7660539 -0.5161301 0.3831072 0.7660539 0.3044075 -0.3770967 0.8747195 0.3044075 -0.3770967 0.8747195 0.3044075 -0.3770967 0.8747195 0.1541596 -0.9510154 -0.2679637 0.1541596 -0.9510154 -0.2679637 0.1541596 -0.9510154 -0.2679637 0.9381781 0.04394116 -0.3433527 0.9381781 0.04394116 -0.3433527 0.9381781 0.04394116 -0.3433527 0.4558264 0.09263879 -0.8852346 0.4558264 0.09263879 -0.8852346 0.4558264 0.09263879 -0.8852346 0.3739109 0.2999185 -0.8776329 0.3739109 0.2999185 -0.8776329 0.3739109 0.2999185 -0.8776329 0.3052769 0.3064792 -0.9015966 0.3052769 0.3064792 -0.9015966 0.3052769 0.3064792 -0.9015966 0.05112924 -0.211317 -0.9760794 0.05112924 -0.211317 -0.9760794 0.05112924 -0.211317 -0.9760794 -0.5766002 0.12278 -0.8077483 -0.5766002 0.12278 -0.8077483 -0.5766002 0.12278 -0.8077483 0.6536893 0.1923165 -0.7319185 0.6536893 0.1923165 -0.7319185 0.6536893 0.1923165 -0.7319185 0.10666 0.1632181 0.9808076 0.1422972 0.1832632 0.9727107 0.1422972 0.1832632 0.9727107 0.07628366 0.1293531 0.98866 0.0978048 0.1397753 0.9853411 0.08440761 0.1593407 0.9836086 0.07929403 0.1812166 0.9802413 0.07116947 0.1928791 0.9786381 0.07914036 0.1913488 0.9783264 0.05515435 0.187269 0.9807591 0.04768589 0.2078718 0.976993 0.02354276 0.166195 0.9858118 0.01446074 0.1761739 0.9842528 0.001847261 0.1796543 0.9837281 0.01178566 0.1778533 0.9839864 -0.00623558 0.1766924 0.9842464 -0.0195432 0.2141223 0.9766113 -0.01971354 0.2145322 0.9765179 -0.01393052 0.1754098 0.9843969 -0.02455213 0.1726422 0.9846786 -0.05876051 0.2264407 0.9722509 -0.03446594 0.1686945 0.9850656 -0.06257673 0.2182652 0.9738811 -0.05323434 0.1598715 0.9857014 -0.04042821 0.1619169 0.9859759 -0.06597856 0.1567457 0.9854327 -0.09804605 0.2093694 0.9729087 -0.08563526 0.1436041 0.9859232 -0.1164603 0.1711953 0.9783298 -0.1025575 0.1399949 0.9848266 -0.1038942 0.1335072 0.985587 -0.1072566 0.1309921 0.9855644 -0.1079031 0.1272388 0.9859854 -0.1084489 0.1202197 0.986806 -0.1087447 0.1159304 0.9872866 0.1062452 0.1169846 0.9874343 0.1071851 0.1137089 0.9877154 0.1023245 0.1115127 0.988481 0.1459569 0.1278918 0.9809894 0.1427822 0.1280102 0.9814411 0.1333872 0.1054148 0.9854418 0.1287105 0.1001181 0.9866154 0.1928915 0.1235523 0.9734103 0.1399365 0.1053575 0.9845393 0.1451363 0.07889966 0.9862608 0.1540824 0.07483264 0.9852201 0.1784416 0.07860097 0.980806 0.1497905 0.05866223 0.986976 0.1451552 0.05446041 0.9879089 0.1540303 0.04804639 0.9868973 0.154467 0.05018693 0.9867225 0.2033966 0.04989735 0.9778242 0.1883992 0.03486717 0.9814734 0.1550844 0.01407947 0.9878009 0.1557655 0.007709136 0.987764 0.2050802 -0.005949621 0.9787271 0.1673927 -0.01793516 0.9857272 0.166403 -0.02435166 0.9857571 0.2318824 -0.04912378 0.9715027 0.1794171 -0.05205256 0.982395 0.1627116 -0.05602059 0.985082 0.1596613 -0.06032571 0.9853269 0.1724544 -0.06373603 0.9829533 0.1664865 -0.07518805 0.9831729 0.156996 -0.08841142 0.9836339 0.1720643 -0.09524449 0.9804705 0.1690029 -0.09716176 0.9808148 0.1525804 -0.1065525 0.9825303 0.1314738 -0.09549146 0.9867097 0.1535824 -0.1100211 0.9819918 0.1232019 -0.1100922 0.986256 0.1241018 -0.1070229 0.986481 0.1215457 -0.1082921 0.9866608 0.134017 -0.1433375 0.9805579 0.125894 -0.1511499 0.9804613 0.1300629 -0.1400238 0.9815686 0.1168616 -0.1604513 0.9801014 0.115608 -0.1588614 0.980509 0.09298633 -0.1443784 0.9851439 0.09121056 -0.1414681 0.9857319 0.09341998 -0.1706562 0.980892 0.06870489 -0.1449246 0.9870545 0.06348312 -0.1392234 0.988224 0.5145283 -0.1385849 0.8462002 0.9288708 -0.3608803 0.08345388 0.5145283 -0.1385849 0.8462002 0.8866815 -0.36137 0.2884575 0.9518319 -0.2921784 -0.09299384 0.9369274 -0.3025977 -0.1749332 0.9523882 -0.2625696 -0.1549644 0.9527528 -0.2604793 -0.1562456 0.8829033 -0.4354563 0.1756687 0.4937735 -0.2772164 0.8242201 0.7158202 -0.2555494 0.6498431 0.7461916 -0.4897106 0.4509785 0.4696188 -0.2643122 0.842376 0.4216255 -0.2728834 0.864735 0.3661909 -0.2815865 0.8869122 0.3661909 -0.2815865 0.8869122 0.6947554 -0.2598004 0.6706853 0.797053 -0.2196206 0.5625596 0.8559245 -0.1411241 0.4974709 0.5937088 -0.0984124 0.7986394 0.975606 -0.1475151 -0.1625797 0.975606 -0.1475151 -0.1625797 0.5018577 -0.01374475 0.864841 0.6491652 -0.08178711 0.7562377 0.6462031 -0.08130869 0.7588217 0.9771454 -0.1722911 0.1245097 0.9412753 -0.2664057 0.2074338 0.9412753 -0.2664057 0.2074338 0.8110954 0.01396826 0.5847471 0.4929953 -0.01343753 0.8699282 0.6092944 0.06051942 0.7906312 0.575347 0.06496412 0.8153254 0.9967855 0.005651664 0.07991688 0.9967855 0.005651664 0.07991688 0.5872451 0.06844048 0.8065104 0.8287097 0.1314394 0.5440257 0.7219447 0.1476926 0.676005 0.681591 0.1948944 0.7053013 0.5194677 0.2304493 0.8228283 0.6729585 0.2056171 0.7105269 0.6113951 0.2579714 0.7480955 0.6635316 0.3574665 0.6572241 0.376898 0.23845 0.895036 0.376898 0.23845 0.895036 0.6728101 0.3504495 0.6515456 0.4443918 0.21441 0.8697956 0.4300977 0.2024548 0.8797886 0.6671834 0.4365214 0.6035854 0.423335 0.3487462 0.83616 0.4060835 0.3395718 0.8484027 0.63612 0.3896442 0.6659795 0.4287648 0.202956 0.8803236 0.5372473 0.4386779 0.7203659 0.3663027 0.3451684 0.8641071 0.3591965 0.3306019 0.872743 0.4824578 0.527532 0.6992456 0.3523822 0.3431032 0.8706934 0.3074761 0.3941158 0.8661012 0.3855589 0.5524248 0.7390339 0.4041471 0.5692865 0.7159455 0.2034591 0.5272806 0.8249725 0.1966167 0.3876592 0.90059 0.3335209 0.6319932 0.6995344 0.1729517 0.6147177 0.7695517 0.1676327 0.6182621 0.7678876 0.1174016 0.6214227 0.7746294 0.06818872 0.8194596 0.5690661 -0.002305413 0.6916344 0.7222441 -0.008001605 0.6868973 0.7267105 -0.0555734 0.5749318 0.8163118 -0.2171684 0.9710574 0.0994254 -0.1190428 0.4455894 0.8872874 -0.07294382 0.3196027 0.9447398 -0.1215092 0.3691262 0.9214018 -0.3049781 0.8524995 0.4245385 -0.1905734 0.39423 0.8990353 -0.1905734 0.39423 0.8990353 -0.2113141 0.4043459 0.88986 -0.1285828 0.445864 0.885817 -0.1506658 0.7909446 0.5930485 -0.1871977 0.963932 0.1891879 -0.2802654 0.4228823 0.8617551 -0.4563832 0.8304603 0.3194528 -0.418884 0.8154709 0.3994289 -0.4849182 0.6749295 0.5561695 -0.554275 0.7177836 0.4213858 -0.6609803 0.7338081 0.1569417 -0.6609803 0.7338081 0.1569417 -0.6354243 0.6620342 0.3974249 -0.6740492 0.6043044 0.4248221 -0.622704 0.6970448 0.3554832 -0.622704 0.6970448 0.3554832 -0.7702636 0.61794 -0.1576205 -0.6700908 0.5879509 0.4530916 -0.5277849 0.5438644 0.6524221 -0.5171901 0.5684297 0.6398453 -0.6427953 0.5732388 0.5081451 -0.7208668 0.6409227 0.2637597 -0.5164423 0.4624538 0.7207106 -0.7412122 0.6518711 -0.1602138 -0.7048897 0.6864384 -0.1786978 -0.7652469 0.6150801 -0.1899306 -0.8015859 0.5742049 -0.1665796 -0.8048511 0.5686754 -0.1697734 -0.800868 0.573012 -0.1739762 -0.8082562 0.5649073 -0.1661377 -0.6998031 0.6851026 -0.2022623 -0.7900968 0.5738218 -0.2155822 -0.8294482 0.50681 -0.2348602 -0.8631788 0.4469583 -0.2348419 -0.8794224 0.4171049 -0.2294336 -0.8794224 0.4171049 -0.2294336 -0.85844 0.4543881 -0.2379334 -0.6385796 0.7520258 -0.16332 -0.6659218 0.7312145 -0.1478971 -0.6656442 0.7315474 -0.1474997 -0.6280388 0.7463389 -0.2203302 -0.8898256 0.3878066 -0.2404504 -0.8712792 0.4292169 -0.2380029 -0.8967419 0.3438032 -0.2786636 -0.890412 0.3853571 -0.2422113 -0.903696 0.3230174 -0.2810574 -0.8926827 0.3324393 -0.3043053 -0.860964 0.3692527 -0.3498478 -0.8526215 0.4370334 -0.2864235 -0.8839206 0.3843276 -0.2664145 -0.7632399 0.4250878 -0.4865852 -0.8126671 0.4411822 -0.3806974 -0.8829464 0.4684098 -0.03159026 -0.826816 0.4734558 -0.3036693 -0.7965003 0.4693157 -0.3812217 -0.7213702 0.3881154 -0.5735777 -0.7016838 0.4127551 -0.5807522 -0.6262379 0.3225899 -0.7097619 -0.7172996 0.3904313 -0.5771002 -0.7363177 0.3586076 -0.5737917 -0.6288545 0.2436844 -0.7383495 -0.7603848 0.3629278 -0.5386078 -0.6884367 0.3439185 -0.6385726 -0.5762311 0.3304574 -0.7474996 -0.7938633 0.3850849 -0.4706281 -0.8349314 0.3666806 -0.4104082 -0.840295 0.3722816 -0.3940947 -0.8467539 0.3635061 -0.3884213 -0.8506005 0.3034497 -0.4294147 -0.8853248 0.3048496 -0.3510936 -0.8615412 0.2718681 -0.4287592 -0.8615412 0.2718681 -0.4287592 -0.7895768 0.2703212 -0.5509038 -0.8607843 0.2613966 -0.4367175 -0.9120005 0.2280144 -0.3409758 -0.7607126 0.1818648 -0.6230903 -0.8762346 0.1678273 -0.4517156 -0.852161 0.1826297 -0.4903754 -0.750464 0.09901876 -0.6534516 -0.9267229 0.2530062 -0.2777994 -0.9128942 0.2411335 -0.3293611 -0.890184 0.3205221 -0.3237869 -0.853195 0.04403543 -0.5197299 -0.8469365 0.04982086 -0.5293548 -0.8276376 0.05458453 -0.5586023 -0.8217209 0.01516593 -0.5696883 -0.6369497 0.1390182 -0.7582671 -0.4402858 -0.300874 -0.8459452 -0.6286263 0.0700023 -0.7745506 -0.6459192 0.03802742 -0.7624581 -0.4153534 0.07049522 -0.9069244 -0.2832693 0.1363927 -0.9492921 -0.2242256 0.02835832 -0.9741246 -0.4484243 0.06130857 -0.8917157 -0.3370771 -0.001784243 -0.9414754 -0.3370771 -0.001784243 -0.9414754 -0.613045 0.1616096 -0.7733422 -0.125687 0.06673504 -0.9898228 -0.1168924 0.03371508 -0.9925721 -0.1468443 0.002485345 -0.9891565 -0.1062977 -0.003538492 -0.9943281 -0.3250422 -0.02597563 -0.9453427 -0.2467166 -0.0274858 -0.9686978 -0.4918536 0.0252925 -0.8703105 -0.3357208 0.0003924106 -0.9419615 -0.5599898 -0.02455773 -0.8281355 -0.0288898 -0.002249887 -0.9995801 -0.115042 0.007369678 -0.9933333 -0.7496478 -0.05722616 -0.6593583 -0.9259652 -0.02492703 -0.3767851 -0.6546973 -0.05493658 -0.7538922 -0.06755356 -0.01977159 -0.9975197 0.04953658 0.006730188 -0.9987496 0.002301693 -0.004389917 -0.9999877 -0.6389178 -0.1072258 -0.7617655 -0.6349864 -0.1140517 -0.7640579 -0.7356413 -0.1333577 -0.6641141 -0.199711 0.08642855 -0.9760357 0.009660714 0.003710606 -0.9999464 0.001640252 0.001666032 -0.9999973 -0.7340929 -0.2000164 -0.648923 -0.6160118 -0.2714996 -0.739471 -0.007300969 -0.0001055164 -0.9999733 0.002292349 -0.002271702 -0.9999948 0.1046714 0.02216729 -0.9942598 -0.5514039 -0.3286231 -0.7667859 0.340523 0.06033299 -0.9382985 0.2167724 0.06792024 -0.9738565 0.2225277 0.02775416 -0.9745312 0.8442078 0.2577265 -0.4699896 0.8570976 0.2675774 -0.4402113 0.9799469 0.1758113 -0.09377924 0.9828371 0.1771444 -0.05148889 -0.1563578 -0.05311339 -0.9862714 0.001308877 -6.3648e-05 -0.9999991 0.003694868 0.0009407234 -0.9999927 0.1981322 -0.0005997161 -0.9801751 -0.2666494 0.0122077 -0.9637163 0.009377323 0.00478798 -0.9999446 -0.2613169 -0.06818963 -0.9628414 -0.6269172 -0.02940919 -0.7785306 -0.6603216 -0.01741765 -0.7507809 -0.6068642 -0.03527969 -0.7940221 -0.8249222 -0.1710688 -0.5387382 -0.6079565 -0.09807769 -0.7878893 -0.6079565 -0.09807769 -0.7878893 -0.9800286 -0.1987874 0.005241662 -0.7210286 -0.2381303 -0.650701 -0.9299237 -0.356112 -0.09179464 -0.7844222 -0.2487979 -0.5681385 -0.7370956 -0.3835875 -0.5563728 -0.5214454 -0.2259578 -0.8228231 -0.1627194 -0.08013969 -0.9834124 -0.1008757 -0.04341636 -0.9939513 -0.3274237 -0.2044559 -0.922492 -0.5786007 -0.286884 -0.7634912 -0.545093 -0.3916535 -0.74127 -0.7905789 -0.6046011 0.09717216 -0.7909944 -0.6052174 0.08966428 -0.724489 -0.5686468 -0.3895592 -0.7442507 -0.5456429 -0.3851815 -0.8376786 -0.5095793 -0.1965288 -0.8538285 -0.4960029 -0.157981 -0.8538285 -0.4960029 -0.157981 -0.7956147 -0.4690774 -0.3833583 -0.7820987 -0.5060191 -0.3636843 -0.7635304 -0.633038 -0.1276099 -0.7213011 -0.5781193 -0.3814483 -0.6820886 -0.6320415 -0.3678025 0.0232739 0.01869145 -0.9995544 -0.09493068 -0.09612979 -0.9908316 -0.6641782 -0.7263704 -0.176786 -0.5827329 -0.7210776 -0.3747927 -0.5579087 -0.7436945 -0.3683156 -0.4995278 -0.7786264 -0.3797538 -0.4620588 -0.7963609 -0.3902704 -0.4009101 -0.8210854 -0.4063126 -0.2951458 -0.9549434 -0.03117772 -0.7167874 -0.6675081 0.2016155 -0.3774649 -0.8362731 -0.397703 -0.3932621 -0.8306135 -0.3942411 -0.3099408 -0.859336 -0.4067902 -0.3820112 -0.8301972 -0.4060049 -0.5216378 -0.6298344 0.5755021 -0.145808 -0.9569171 -0.2510969 -0.1681701 -0.8905459 -0.4226664 -0.1540403 -0.9067746 -0.3924684 -0.3716106 -0.9203107 -0.1222043 -0.3824735 -0.7972722 0.4669809 -0.2368573 -0.9697205 -0.05950401 -0.1432193 -0.9313055 0.3349004 -0.4918541 -0.8661198 -0.08897215 -0.3746324 -0.7856628 0.4923257 -0.4928324 -0.8631301 -0.110103 0.04061776 -0.9970037 -0.06583105 -0.08241242 -0.9206361 -0.3816245 -0.08279149 -0.9330782 -0.3500152 0.1498026 -0.9109389 -0.384382 0.1023963 -0.9212595 -0.3752278 0.1326278 -0.9224969 -0.3625041 0.1834074 -0.917427 -0.353114 0.2402182 -0.9129373 -0.3299102 0.235606 -0.9163071 -0.3238381 0.2851984 -0.9401227 -0.186631 0.2654287 -0.9626495 -0.05341867 0.2654287 -0.9626495 -0.05341867 0.1749274 -0.9251685 -0.3368438 0.2424578 -0.9155767 -0.3208327 0.2770355 -0.8981177 -0.34152 -0.1340327 -0.7223286 -0.6784369 -0.02492342 -0.7646855 -0.6439215 0.2420298 -0.9299243 -0.2768796 0.2358263 -0.9348166 -0.2655256 0.2198826 -0.9476159 -0.2316801 0.2446249 -0.8735285 -0.4208403 0.2054322 -0.9480218 -0.2430068 0.2140137 -0.794093 -0.5688713 0.2264487 -0.8825638 -0.4120705 0.1806558 -0.9154426 -0.3596226 0.2356257 -0.9464211 -0.220834 0.2405605 -0.9453262 -0.2202021 0.1032588 -0.723103 -0.6829785 0.2589153 -0.9365698 -0.2362201 0.2109249 -0.6560642 -0.7246313 0.1944622 -0.6103769 -0.7678701 0.1997757 -0.7876557 -0.5828277 0.250053 -0.9643014 -0.08715657 0.1165002 -0.4058049 -0.9065043 0.3049013 -0.9516606 -0.03711249 0.2561533 -0.9577219 0.130974 0.09326532 -0.937822 -0.3343524 0.08226336 -0.9186669 -0.3863727 0.0998979 -0.3019101 -0.9480879 0.1005305 -0.3038838 -0.9473902 0.01661824 -0.2308059 -0.9728579 0.03936664 -0.1002964 -0.9941785 -0.09992534 -0.5206782 -0.8478851 -0.1379571 -0.420112 -0.8969246 -0.07025609 -0.1955809 -0.9781678 -0.02367946 -0.1529337 -0.9879527 -0.00687313 0.1663398 -0.9860445 -0.008263286 0.002305948 -0.9999632 -0.02330182 -0.001422517 -0.9997275 -0.1124506 0.1985424 -0.9736199 -0.08302531 0.6869506 -0.7219458 -0.01121064 -0.1630592 -0.9865526 0.1383296 0.4884188 -0.8615753 -0.07919143 0.8517701 -0.5178962 0.1703352 0.4163693 -0.8930971 0.2287976 0.3872784 -0.8931221 0.3631365 0.9312897 -0.02883543 0.2506711 0.4113083 -0.8763501 0.3438538 0.8853075 0.3130418 0.3446053 0.8881659 0.3039878 0.04869536 0.09328964 -0.9944475 0.0007871078 0.003980299 -0.9999918 0.09119124 0.2289725 -0.9691521 -0.08338633 -0.1517543 -0.9848946 -0.02355861 -0.0489774 -0.998522 -0.05629093 -0.06611087 -0.9962232 0.0008719674 0.01588532 -0.9998734 0.001198511 0.02468735 -0.9996945 9.917753e-05 4.152402e-05 -1 -0.01329801 -0.01282287 -0.9998294 -0.03498716 -0.05444208 -0.9979038 -0.07646008 -0.1095761 -0.9910333 -0.08004049 -0.1061084 -0.9911279 -0.176752 -0.1541583 -0.972108 -0.2584936 -0.2810726 -0.9242182 -0.1091141 -0.1462172 -0.9832165 -0.07152485 -0.09056915 -0.9933184 -0.07152485 -0.09056915 -0.9933184 -0.2677658 -0.3477238 -0.8985486 -0.3151067 -0.4177521 -0.8521683 -0.318698 -0.3903078 -0.8637658 -0.3027344 -0.3327008 -0.8931193 -0.4188449 -0.4870923 -0.7663615 -0.3132 -0.321178 -0.8937284 -0.3132 -0.321178 -0.8937284 -0.4020153 -0.5440953 -0.7364401 -0.3166044 -0.3929094 -0.8633562 0.03133931 0.1205999 -0.9922064 0.0286758 0.2631882 -0.9643182 0.01674463 0.1072059 -0.9940958 0.04536828 0.3218988 -0.9456865 -0.3954627 0.8556266 -0.3339347 -0.09030539 0.7269065 -0.680773 -0.4600541 0.7401422 -0.4904485 -0.648418 0.7605055 0.0344316 -0.648418 0.7605055 0.0344316 -0.4543481 0.8855525 0.0967711 -0.6000387 0.7994101 0.02995238 -0.8522442 0.510686 -0.1134882 -0.5886703 0.8078912 0.02791336 -0.2499638 0.9553047 0.1578324 -0.8999272 0.4088449 -0.1515813 -0.8385591 0.5331699 -0.1120199 -0.8353356 0.538591 -0.1101548 -0.1767497 0.9641141 0.1980998 -0.1638222 0.9658743 0.2006219 0.1060165 0.9595487 0.2608195 0.4032093 0.8462208 0.3483284 0.4206725 0.8423878 0.336775 0.5511125 0.7488463 0.368109 0.5794645 0.7300434 0.3622949 0.6834573 0.6287268 0.3709296 0.7230784 0.5790026 0.3767142 0.6869686 0.6205066 0.3782138 0.7582928 0.5319538 0.3768517 0.7583117 0.5318878 0.3769068 0.7580106 0.5329361 0.3760307 0.0006138819 0.001187218 -0.9999991 0.1069326 0.08353454 -0.9907509 0.3946653 0.3217965 -0.8606314 0.10185 0.07150187 -0.9922268 0.04844836 0.03603361 -0.9981755 -6.428311e-05 0.0002329604 -1 -0.0003346623 6.94604e-05 -0.9999999 -0.002041933 0.0007833626 -0.9999976 0.5673462 0.444538 -0.6931841 0.5267322 0.4771937 -0.7034482 0.5723043 0.4044596 -0.7133584 0.5718642 0.4041223 -0.7139023 0.2121671 -0.00875123 -0.9771942 -0.03530629 -0.05868006 -0.9976523 0.9050674 -0.1596235 -0.3941743 0.6038138 -0.01675875 -0.7969492 0.200397 0.04540544 -0.978662 0.08602034 0.1358869 -0.9869829 0.001042774 -0.0001389557 -0.9999994 0.1690823 0.2687396 -0.9482564 0.3243162 0.8463973 -0.4224105 0.3357149 0.790634 0.5120482 0.3162562 0.7272742 0.6091422 0.3141347 0.8613074 -0.3993356 -0.0153495 0.0001787372 -0.9998822 -7.207082e-05 0.000407876 -0.9999999 0.05105389 0.02777482 -0.9983096 0.009231508 0.004925576 -0.9999453 -0.05761025 -0.01311654 -0.998253 0.01528633 0.006559333 -0.9998616 -0.1187734 -0.08061991 -0.989643 -0.0640788 -0.05785957 -0.9962661 -0.224183 -0.1346286 -0.9652031 -0.1476652 -0.1332369 -0.9800219 -0.2535127 -0.1152155 -0.9604461 -0.233418 -0.1281818 -0.9638908 -0.2812365 -0.128163 -0.9510417 -0.3328626 -0.1882656 -0.9239905 -0.2593641 -0.1801615 -0.9488267 -0.2556486 -0.1801556 -0.9498356 -0.5125159 -0.2284019 -0.8277439 -0.4821728 -0.2285009 -0.8457522 -0.5792993 -0.2601477 -0.7724866 -0.5128006 -0.3290464 -0.7929464 -0.3662575 -0.2772094 -0.8882626 -0.2636784 -0.1838798 -0.9469223 -0.598605 -0.371609 -0.7096329 -0.5449834 -0.3856139 -0.7445099 -0.5630216 -0.3856516 -0.7309442 -0.5752408 -0.4599516 -0.6764189 -0.8528766 -0.2709873 0.4462818 -0.4757447 -0.3403394 -0.8110709 -0.5637905 -0.3931386 -0.7263486 -0.4434711 -0.32076 -0.8369267 -0.6932454 -0.4037256 -0.5970063 -0.6934033 -0.4049204 -0.5960128 -0.7808984 -0.352695 -0.5155617 -0.6375639 -0.2252324 -0.7367378 -0.6881046 -0.3967123 -0.6075618 -0.6865113 -0.4207777 -0.5929994 -0.6863184 -0.3974917 -0.6090709 -0.6780311 -0.4909048 -0.5470706 -0.6798833 -0.4985492 -0.5377801 -0.8525651 -0.2916891 -0.4336477 -0.8021852 -0.3867292 -0.454906 -0.8122281 -0.3419524 -0.4726035 -0.7778972 -0.4252587 -0.4626348 -0.7524554 -0.454804 -0.4764075 -0.6819347 -0.5269735 -0.507212 -0.7529981 -0.4469918 -0.4828998 -0.7783563 -0.4500486 -0.4377417 -0.7087617 -0.4953399 -0.50229 -0.7462184 -0.4386636 -0.5007319 -0.7939225 -0.3434163 -0.5017492 -0.6630618 -0.5291771 -0.5294532 -0.8546341 -0.1974829 -0.4802095 -0.7597358 -0.3835769 -0.5250431 -0.7354368 -0.4115448 -0.538297 -0.7719809 -0.3419279 -0.5358458 -0.861 -0.2178785 -0.4595736 -0.6962314 -0.474541 -0.538584 -0.6914381 -0.479938 -0.5399748 -0.6685203 -0.522986 -0.5287402 -0.8320369 -0.308293 -0.4611616 -0.896021 -0.1677894 -0.4110876 -0.9023726 -0.1792005 -0.3919323 -0.5885153 -0.6323435 -0.5037772 -0.6419668 -0.5643042 -0.5190755 -0.6308039 -0.5715374 -0.5248157 -0.8122313 -0.2804862 -0.5114761 -0.806464 -0.2739482 -0.5239925 -0.8175645 -0.2720304 -0.5075311 -0.8406915 -0.2031547 -0.5019622 -0.8825935 -0.1075916 -0.4576601 -0.8610123 -0.1541135 -0.4846718 -0.866565 -0.07595986 -0.4932497 -0.8847697 -0.1144372 -0.4517595 -0.9149412 0.02581768 -0.4027605 -0.8998595 -0.03854173 -0.4344736 -0.9202128 0.128333 -0.3697824 -0.9065892 -0.07814336 -0.4147163 -0.9167902 -0.02537966 -0.3985619 -0.9141285 0.07204592 -0.3989718 -0.8688368 -0.09182994 -0.4865078 -0.8195031 -0.01213288 -0.5729463 -0.8178192 0.02306662 -0.5750127 -0.8178192 0.02306662 -0.5750127 -0.8366863 -0.01809139 -0.5473835 -0.9077858 0.01041838 -0.4193046 -0.962065 0.04110138 -0.2697067 -0.8987789 0.2172945 -0.3807618 -0.9298633 0.09900624 -0.3543332 -0.9321399 0.03486098 -0.3604164 -0.9072354 0.125386 -0.4014999 -0.9301362 0.1800696 -0.3200337 -0.9304679 0.177339 -0.3205937 -0.9302054 0.1765599 -0.3217833 -0.929952 0.1758131 -0.3229225 -0.9311761 0.03150725 -0.3632056 -0.9307739 0.03426289 -0.3639862 -0.9305833 0.03281892 -0.3646061 -0.9300358 0.03722802 -0.3655782 -0.9050442 0.3432997 -0.2510784 -0.8776765 0.3689875 -0.3058304 -0.8393238 0.4585023 -0.292081 -0.8524385 0.4343291 -0.2910446 -0.8473466 0.4269572 -0.3157709 -0.8593852 0.3876945 -0.3333918 -0.87681 0.284917 -0.3873326 -0.8741172 0.3163199 -0.368593 -0.8873715 0.3003915 -0.3497667 -0.8957945 0.3140584 -0.3145148 -0.8921114 0.1517058 -0.4255851 -0.8878397 0.08460673 -0.4523078 -0.8847615 -0.001404161 -0.466042 -0.9023374 0.09588058 -0.420231 -0.8768831 -0.04505743 -0.4785873 -0.8762339 -0.04604925 -0.4796808 -0.8745527 -0.04860093 -0.482489 -0.8154236 0.4887953 -0.3101024 -0.8446653 0.4093935 -0.3448731 -0.8536616 0.3916842 -0.3432861 -0.8536616 0.3916842 -0.3432861 -0.7863679 0.5475752 -0.2859843 -0.743545 0.6067666 -0.2810253 -0.7918241 0.5310694 -0.3016287 -0.7023379 0.6284936 -0.3342413 -0.7001688 0.6337535 -0.3288162 -0.6983275 0.6381084 -0.3242782 -0.6844712 0.6828728 -0.2553115 -0.7007018 0.6648386 -0.2588564 -0.6541381 0.7136049 -0.2507417 -0.5738865 0.678492 -0.4585879 -0.6364013 0.7072496 -0.307882 -0.6298276 0.7346563 -0.2521852 -0.5173914 0.8133467 -0.2660326 -0.4927619 0.8345787 -0.2463006 -0.41446 0.8658191 -0.2803214 -0.2746686 0.9351892 -0.2235585 -0.4762441 0.8206756 -0.3157263 -0.4341586 0.8202347 -0.3724532 -0.3618031 0.8766518 -0.3171436 -0.3284331 0.8908826 -0.3137832 -0.3288651 0.8905915 -0.314157 -0.2845316 0.905263 -0.3155007 -0.4366318 0.7839302 -0.4413685 -0.445172 0.6924864 -0.5677011 -0.4826693 0.6440055 -0.5935379 -0.3475427 0.7335074 -0.584107 -0.3160918 0.7878365 -0.5285826 -0.5418771 0.715351 -0.4411827 -0.5181921 0.6383117 -0.5692409 -0.2279247 0.6600926 -0.715771 -0.2722291 0.8353821 -0.4775229 -0.2654366 0.6312234 -0.7287664 -0.2424513 0.6345395 -0.733878 -0.1316254 0.5362866 -0.8337095 -0.1522625 0.6524073 -0.7424156 -0.3345525 0.6067806 -0.7210353 -0.3613227 0.5968629 -0.7163802 -0.3827064 0.5901406 -0.7108233 -0.4440655 0.5477809 -0.709043 -0.4144862 0.5841567 -0.6978267 -0.5285926 -0.799435 0.2854707 -0.2146683 0.9048149 -0.3677328 -0.2172891 0.8527662 -0.4749476 -0.2197901 0.8476995 -0.4828021 -0.2246136 0.9179659 -0.3269362 -0.1792635 0.9376039 -0.2979319 -0.1427099 0.9327635 -0.331038 -0.143377 0.9337759 -0.3278805 -0.1329047 0.9109477 -0.390526 -0.05920784 0.9881149 -0.1418571 -0.07387544 0.9425958 -0.3256617 0.02812916 0.9561254 -0.2916041 0.01693146 0.9316782 -0.3628899 -0.03872553 0.9430024 -0.330525 0.05872603 0.9145964 -0.4000808 0.05930308 0.9158668 -0.3970782 0.05932884 0.9159233 -0.396944 0.1098894 0.9352245 -0.33657 -0.07072932 0.8473018 -0.526381 -0.02781192 0.9313059 -0.3631745 0.1368995 0.8234538 -0.5506199 -0.1255042 0.9502844 -0.2849708 -0.1404164 0.8651292 -0.4814921 -0.1032615 0.7711104 -0.6282721 -0.0438771 0.8118129 -0.5822667 0.07087581 0.7277837 -0.6821346 0.1402077 0.8923203 -0.4290761 -0.04093676 0.2169727 -0.9753189 0.02425552 0.6554733 -0.7548288 0.1149954 0.6322545 -0.7661791 -0.05113063 0.5076476 -0.8600463 0.216625 0.7779589 -0.589791 0.2094512 0.5980838 -0.77358 -0.09861101 0.392888 -0.9142838 -0.1327401 0.312528 -0.9405883 -0.01709204 0.3289234 -0.9442019 -0.1167798 0.3210112 -0.939848 0.0123253 0.1803183 -0.9835311 -0.05664266 0.09040936 -0.9942926 0.01530147 0.3301551 -0.9438027 0.05208085 0.5280976 -0.8475851 0.003445711 0.4152202 -0.9097144 0.03654825 0.2896077 -0.9564474 -0.2630499 0.4093684 -0.8736259 -0.1597771 0.2915065 -0.9431305 -0.2587516 0.4883719 -0.833391 -0.1735823 0.2403946 -0.9550286 -0.08876114 0.1138245 -0.9895279 0.06845213 0.2605049 -0.9630428 0.1399354 0.3478781 -0.9270377 0.1075096 0.335853 -0.9357588 0.2546744 0.4047226 -0.87826 0.02056512 0.06887251 -0.9974135 0.01152346 0.06419806 -0.9978706 0.02203221 0.05922963 -0.9980012 0.004058039 0.01053423 -0.9999363 0.07698794 0.1137199 -0.9905254 0.07698794 0.1137199 -0.9905254 0.001228324 0.006778833 -0.9999763 0.0001390642 0.007347007 -0.999973 0.001879384 0.004303922 -0.999989 0.001841588 0.007803999 -0.9999679 -0.01227632 0.08321896 -0.9964557 0.0055936 0.007139664 -0.9999589 0.001184664 0.01717162 -0.9998519 0.01601849 0.01941547 -0.9996832 -0.003208576 0.01119439 -0.9999322 -0.003548234 0.08265622 -0.9965718 -0.004334856 0.08543578 -0.9963342 -0.008031506 0.03422631 -0.9993818 -0.004144885 0.01067294 -0.9999345 -0.04383667 0.08413554 -0.9954896 -0.004057266 0.01419223 -0.9998911 0.07966032 -0.1188887 -0.9897069 0.1649194 -0.2882791 -0.9432374 0.2621518 -0.2921145 -0.919753 0.5473688 -0.7121424 -0.4395914 -0.1806599 0.2175268 -0.9591893 -0.1590291 0.1762309 -0.9714177 0.1212301 -0.1324446 -0.9837488 0.2788553 -0.2321246 -0.9318572 0.638924 -0.6041324 -0.4762353 0.7618874 -0.5107678 -0.3983011 0.7618874 -0.5107678 -0.3983011 -0.03780453 0.0272836 -0.9989126 0.1258625 -0.09459829 -0.9875271 0.2236934 -0.1131029 -0.9680749 -0.2944869 0.2598512 -0.9196493 -0.2591389 0.1863294 -0.9476964 0.01670632 -0.00901096 -0.9998198 -0.5967124 0.3534262 -0.7204334 -0.6079546 0.3648258 -0.7051903 -0.6095767 0.2980133 -0.7345777 -0.6074416 0.3420445 -0.716952 -0.2440688 0.08037792 -0.9664211 -0.6099231 0.2157025 -0.7625394 0.01546668 -0.008298584 -0.9998459 -0.2387698 0.09852751 -0.9660649 0 0 -1 -0.07443596 0.02752866 -0.9968458 0.09835958 -0.05737586 -0.9934955 -0.002858169 -0.001422768 -0.9999949 -0.0005147266 -0.0006191578 -0.9999997 -0.07646049 0.01732119 -0.9969221 -0.0102688 0.002978501 -0.9999428 -0.5324044 0.07720588 -0.842962 -0.4530313 0.005154521 -0.8914797 -0.08613308 0.006432269 -0.9962629 -0.01175876 -0.000329451 -0.9999308 -0.2170036 -0.011349 -0.9761048 -0.2695128 0.003792357 -0.9629894 -0.3797503 0.01776612 -0.9249184 -0.3910759 0.02146037 -0.9201082 -0.3628006 0.07849321 -0.9285551 -0.6099468 0.1822031 -0.7712114 -0.6286969 0.19019 -0.7540345 -0.4379227 -0.0136184 -0.8989095 -0.3346351 -0.03987414 -0.9415038 -0.1586854 -0.02810669 -0.9869291 -0.6117302 -0.116666 -0.7824163 -0.3592543 -0.09141725 -0.9287514 -0.667505 -0.2706883 -0.6936605 -0.2360724 -0.1156888 -0.9648243 -0.1153324 0.1517032 -0.9816744 -0.1992166 -0.1358501 -0.9704934 -0.08424496 -0.06543609 -0.9942942 -0.2084202 -0.1390437 -0.9681053 -0.1697687 -0.1105766 -0.9792606 -0.3681879 -0.280097 -0.886557 -0.2425434 -0.1642053 -0.9561429 -0.4293985 -0.398212 -0.8105826 -0.4532212 -0.3921033 -0.8005283 -0.4713531 -0.3897822 -0.7911359 -0.4711432 -0.4123328 -0.7797472 -0.4228734 -0.4472205 -0.7881446 -0.4311118 -0.4618363 -0.775145 -0.3467831 -0.5553476 -0.7558641 -0.4031684 -0.5020125 -0.7651397 -0.3100177 -0.545111 -0.7789371 -0.3884324 -0.4404955 -0.8093726 -0.3674034 -0.4650235 -0.8054613 -0.3939521 -0.4399049 -0.8070226 -0.3476788 -0.4860594 -0.8017891 -0.3527348 -0.4754893 -0.8059083 -0.294769 -0.5306891 -0.7946573 -0.2995902 -0.5313475 -0.7924112 -0.2957648 -0.5412865 -0.7871036 -0.238825 -0.5759878 -0.7817932 -0.2465457 -0.5749177 -0.7801826 -0.1754925 -0.6319296 -0.7548956 -0.1514766 -0.6554409 -0.7399001 -0.02152416 -0.7212848 -0.6923041 -0.1266982 -0.7029527 -0.6998608 0.002918937 -0.7128376 -0.7013231 0.0008553454 -0.732293 -0.6809892 0.05984909 -0.7438299 -0.665684 0.09855786 -0.7341277 -0.6718205 0.08752675 -0.729001 -0.6788936 -0.08483036 -0.6818506 -0.7265559 -0.05307177 -0.7089832 -0.7032256 0.108958 -0.7550861 -0.6465084 -0.1938549 -0.6523257 -0.7327288 -0.3163942 -0.6364385 -0.7034492 0.1343383 -0.7234542 -0.6771759 0.1451114 -0.7239683 -0.674398 -0.1205138 -0.7001525 -0.7037492 -0.117123 -0.698938 -0.7055267 -0.2108346 -0.6631943 -0.718138 -0.2802762 -0.6450105 -0.7109197 -0.2630441 -0.6369863 -0.7246077 -0.2501318 -0.6307905 -0.7345321 -0.2495323 -0.6247547 -0.7398751 -0.3128352 -0.5944695 -0.74077 -0.3210126 -0.6105273 -0.7240217 -0.3210126 -0.6105273 -0.7240217 -0.3887107 -0.5552339 -0.7352682 -0.4553202 -0.4863325 -0.7457642 -0.3294666 -0.6067638 -0.7233875 -0.3651917 -0.5840062 -0.7249633 -0.4007062 -0.5509333 -0.7320567 -0.455118 -0.5175708 -0.7245606 -0.5084125 -0.476059 -0.7175546 -0.5084125 -0.476059 -0.7175546 -0.456983 -0.4998104 -0.7357691 -0.4866288 -0.495637 -0.7194 -0.4882025 -0.4919399 -0.7208699 -0.5053296 -0.4544251 -0.7335801 -0.5216319 -0.3967999 -0.7552814 -0.53315 -0.4259385 -0.7309771 -0.5216991 -0.4534415 -0.7226485 -0.5247521 -0.4431585 -0.7268051 -0.544876 -0.4069734 -0.7331322 -0.5768937 -0.3458482 -0.7399883 -0.5629677 -0.3943165 -0.7263483 -0.5628698 -0.3943425 -0.7264101 -0.5776032 -0.3903488 -0.7169396 -0.5559694 -0.3359352 -0.760293 -0.4877117 -0.3456117 -0.8016794 -0.638305 -0.195489 -0.7445473 -0.604519 -0.2966824 -0.739281 -0.6290981 -0.2872743 -0.7222943 -0.6207915 -0.2950949 -0.7263174 -0.606729 -0.3365203 -0.7201624 -0.6247678 -0.2988359 -0.7213614 -0.603342 -0.3307363 -0.7256665 -0.5831196 -0.3850518 -0.7153367 -0.5060311 -0.3902464 -0.7691815 -0.5119649 -0.325794 -0.7948272 -0.489131 -0.3369107 -0.8045135 -0.5323397 -0.2603872 -0.8054892 -0.4824425 -0.3026306 -0.8219878 -0.6154884 -0.2235039 -0.755791 -0.2599505 -0.1302302 -0.9567998 -0.6599461 -0.2022046 -0.7235914 -0.5853014 -0.1674818 -0.7933298 -0.6736246 -0.1496928 -0.7237555 -0.6852098 -0.110103 -0.7199756 -0.6717845 -0.137673 -0.7278404 -0.6239133 -0.142714 -0.7683521 -0.6511481 -0.1123768 -0.7505848 -0.6484981 -0.06968267 -0.7580201 -0.6889265 -0.03162477 -0.724141 -0.6386771 -0.05228161 -0.7676967 -0.6107694 -0.1077696 -0.7844402 -0.6912727 0.04498778 -0.7211922 -0.6536777 -0.0140648 -0.7566423 -0.6590387 -0.01935493 -0.75186 -0.7014732 0.03687033 -0.7117415 -0.7205341 0.1158308 -0.6836767 -0.7044879 0.1518795 -0.6932744 -0.7126822 0.08937227 -0.6957706 -0.7117723 0.07938136 -0.6979103 -0.7192529 0.1530445 -0.6776819 -0.7233301 0.1506962 -0.6738577 -0.7194464 0.002988183 -0.6945416 -0.7144456 0.1679298 -0.6792401 -0.6958449 -0.01079316 -0.718111 -0.6840306 0.12064 -0.7194081 -0.6933365 -0.06716085 -0.7174775 -0.6902395 -0.05499211 -0.7214882 -0.6674995 0.05550708 -0.7425385 -0.6738404 0.1058173 -0.7312605 -0.6672209 0.0826533 -0.7402599 -0.6572371 -0.008637424 -0.7536343 -0.6958146 0.2069709 -0.6877537 -0.7031818 0.2133423 -0.678248 -0.6939918 0.208866 -0.6890214 -0.774522 0.2630986 -0.5752345 -0.7184995 0.2590387 -0.6454901 -0.7135091 0.2582332 -0.651322 -0.7197132 0.2600557 -0.6437267 -0.8774377 0.2109018 -0.4308406 -0.5797601 0.1119376 -0.8070614 -0.5834794 0.1128085 -0.8042549 -0.9637103 0.2662323 -0.019565 -0.8756187 0.1998469 -0.4397194 -0.8833307 0.2819536 0.3744717 -0.8286743 0.1370408 -0.5426957 -0.8391409 0.1330599 -0.5273875 -0.4580371 0.06986585 -0.8861832 -0.4456245 0.07701578 -0.891901 -0.4629145 0.06703447 -0.8838645 -0.8064808 0.01864371 -0.5909662 -0.8059042 0.07107134 -0.5877647 -0.663321 0.03830308 -0.7473541 -0.663321 0.03830308 -0.7473541 -0.8616297 0.1472675 -0.4857021 -0.8616297 0.1472675 -0.4857021 -0.8077532 -0.007441538 -0.5894738 -0.7371551 -0.05510391 -0.673473 -0.7321433 -0.05561965 -0.678876 -0.7690857 0.3552727 -0.5313082 -0.6846821 0.2943426 -0.666763 -0.6729971 0.2623211 -0.6915653 -0.6752875 0.2425187 -0.6965425 -0.6664242 0.3356181 -0.6657622 -0.6388514 0.3533809 -0.6833673 -0.638019 0.3560196 -0.6827751 -0.6400352 0.3698851 -0.6734537 -0.6645044 0.3611798 -0.6542042 -0.6487439 0.3998914 -0.6474706 -0.5851808 0.4260034 -0.6899888 -0.620083 0.3725393 -0.690443 -0.5821136 0.4527908 -0.6753698 -0.5393269 0.4808865 -0.6912847 -0.6225617 0.4191207 -0.6608742 -0.5108518 0.5098242 -0.6921775 -0.4789989 0.5402983 -0.6918365 -0.4814778 0.5361971 -0.693305 -0.499887 0.5241343 -0.6894899 -0.5599521 0.4819851 -0.6739021 -0.5181604 0.5242995 -0.6757365 -0.5527599 0.5413788 -0.6335341 -0.7396721 0.3692701 -0.5626053 -0.7164022 0.6655011 -0.2094664 -0.4937407 0.489954 -0.7184464 -0.566408 0.3984087 -0.721424 -0.8170818 0.5757263 -0.03027442 -0.7199443 0.3608906 -0.5928222 -0.7050247 0.3529451 -0.6151178 -0.8210084 0.4183343 -0.388512 -0.7652196 0.2957028 -0.5718381 -0.7255825 0.2590422 -0.6375164 -0.7161744 0.2542032 -0.6499807 -0.8288862 0.2930721 -0.4765043 -0.8288862 0.2930721 -0.4765043 -0.6125622 0.7206855 -0.3246228 -0.5762396 0.7480009 -0.3293061 -0.5936397 0.7233164 -0.3527115 -0.6419394 0.699272 -0.3145354 -0.6419394 0.699272 -0.3145354 0.8242061 -0.1087424 0.5557512 0.61796 -0.08898826 0.7811572 0.61796 -0.08898826 0.7811572 0.983815 -0.08513846 -0.1576692 0.9839547 -0.07933313 -0.1598108 0.9844017 -0.06655451 -0.1628616 0.9871391 -0.01116251 -0.1594734 0.9862003 0.03081098 -0.1626645 0.9865365 0.03648753 -0.1594188 0.9865459 0.0569162 -0.1532572 0.9789994 0.1203709 -0.1645328 0.9569389 0.1274755 0.2608025 0.9674276 0.1629649 -0.1937168 0.9753409 0.1562676 -0.1558543 0.7466043 0.1202343 0.6543132 0.6880758 0.1092336 0.71737 0.6506268 0.1022671 0.7524801 0.9749292 0.08751458 -0.2045832 0.9777685 0.03040837 -0.2074705 0.9791934 -0.02642132 -0.2012018 0.9619481 0.1762077 -0.2088222 0.9598756 -0.1620827 -0.2288406 0.92933 0.317789 -0.1880317 0.9749036 -0.106708 -0.1953876 0.9180454 0.3131353 -0.243185 0.9552713 -0.2224248 -0.1948947 0.8705724 0.4434038 -0.2132997 0.8677887 0.4474734 -0.2161257 0.8359622 0.514506 -0.190921 0.7510279 0.6112391 -0.2496873 0.762536 0.6227293 -0.1753482 0.8532299 0.4948704 -0.164627 0.8301884 0.532575 -0.1647761 0.87559 0.4555219 -0.1607543 0.6574652 0.7264037 -0.2001929 0.9214296 0.3566236 -0.1542306 0.899475 0.4050535 -0.1639401 0.956293 0.2453494 -0.1590829 0.9574819 0.232435 -0.1708874 0.9628865 0.2137776 -0.1647688 0.8004756 0.5752969 -0.168144 0.7812449 0.6025146 -0.163195 0.7989525 0.5771213 -0.1691329 0.7199238 0.6754855 -0.1594649 0.7345902 0.656557 -0.1712018 0.6177398 0.7831286 -0.07146445 0.5343411 0.7524213 0.3851515 0.5343411 0.7524213 0.3851515 0.5156805 0.840354 -0.1669691 0.5116016 0.8468043 -0.1455553 0.4513003 0.8777907 -0.1606598 0.3874744 0.9063124 -0.1687051 0.3700253 0.8814436 0.2934935 0.3252769 0.8266163 0.459239 0.3012251 0.8485127 0.4350743 0.252137 0.9504407 -0.1819049 0.2639177 0.9531992 -0.1475085 0.1393901 0.9776787 -0.1572095 0.01551236 0.9767284 -0.2139184 -0.008789509 0.9888856 -0.1484185 -0.1225627 0.9799597 -0.1570264 -0.1462049 0.9740052 -0.1730259 -0.1898085 0.9709517 -0.1456897 -0.2715826 0.9516964 -0.1432371 -0.2292413 0.96025 -0.1592742 -0.3281129 0.9323712 -0.1517427 -0.4034551 0.9030318 -0.1475042 -0.4417812 0.8797476 -0.1757083 -0.4802238 0.8645076 -0.1483634 -0.4996824 0.8439309 -0.1951874 -0.5531028 0.8153879 -0.1709382 -0.5713041 0.7974036 -0.1943171 -0.5763819 0.7920801 -0.2009803 -0.5119017 0.845949 -0.1494223 -0.5477483 0.8233887 -0.1483334 -0.5895934 0.8056331 -0.05774836 -0.588114 0.8031818 0.09497867 -0.5574934 0.784379 0.2719386 -0.5163248 0.8463299 -0.1308982 -0.5111036 0.84551 -0.1545508 0.1932801 0.9323841 -0.3054548 0.2450231 0.9392693 -0.2402849 0.383462 0.8999848 -0.2073263 0.3838538 0.9000471 -0.2063287 0.5319439 0.811593 -0.2415627 0.5107443 0.8371375 -0.1958086 0.3975753 0.8606872 -0.3180432 0.3702205 0.8942427 -0.2515288 0.2766137 0.9021498 -0.3310751 0.3045139 0.7823727 -0.5432902 0.5457859 0.7825787 -0.2994799 0.6197338 0.7364768 -0.2711678 0.6905109 0.6707246 -0.2707826 0.8093387 0.4986342 -0.3103784 0.6036212 0.7107136 -0.3612861 0.5315545 0.7697272 -0.3535107 0.8372883 0.4545511 -0.3038612 0.8523992 0.4445315 -0.2753313 0.757329 0.4083475 -0.5096127 0.802384 0.4720266 -0.3651996 0.8776976 0.3575478 -0.3190714 0.9262951 0.258023 -0.2745934 0.946605 0.1786254 -0.2683877 0.9474654 0.1753624 -0.267502 0.9582262 0.08677008 -0.2725316 0.9647838 0.02638478 -0.2617176 0.9558094 -0.03701236 -0.291648 0.9361878 -0.06047323 -0.346259 0.9350221 -0.05684503 -0.3500032 0.9358072 -0.110136 -0.3348656 0.9597312 -0.09970776 -0.2626296 0.9406001 -0.2168541 -0.2612389 0.9221125 -0.2919623 -0.2539025 0.9288852 -0.1593033 -0.3343572 0.902706 -0.2206196 -0.3693897 0.9105115 -0.3476891 -0.2237882 0.7702441 -0.1713948 -0.6142864 0.8816366 -0.383411 -0.2751597 0.9211665 -0.3586801 -0.1509994 0.9217087 -0.3567593 -0.1522363 0.9204656 -0.361134 -0.1494163 0.8814765 -0.4381713 -0.1760825 0.880156 -0.4488584 -0.1544394 0.8593647 -0.4838197 -0.165562 0.8546172 -0.4845617 -0.1866262 0.7834315 -0.5971727 -0.1721044 0.8226215 -0.5519579 -0.1365151 0.7639163 -0.6087724 -0.2140751 0.7560825 -0.6542943 -0.01543396 0.6773578 -0.7094533 -0.1945826 0.7130071 -0.6846137 -0.15141 0.6803428 -0.717228 -0.1507238 0.6766658 -0.7112354 -0.1904406 0.6453876 -0.7449592 -0.1688509 0.608748 -0.7785796 -0.1524454 0.6463118 -0.7478563 -0.151631 0.64528 -0.7487403 -0.1516632 0.6430899 -0.7507506 -0.1510264 0.7580771 -0.58986 0.2781805 0.7275347 -0.6814444 0.0795412 0.5973495 -0.6096627 0.5210422 0.7210752 -0.6918841 0.03670139 0.5933381 -0.6064443 0.5293158 0.3772702 -0.2899853 0.8795315 0.7493657 -0.5013752 0.4325204 0.3470192 -0.2021592 -0.9158108 0.864677 -0.4836465 -0.1357196 0.8717065 -0.4869191 -0.05511352 0.4572232 -0.2482736 0.8539948 0.538508 -0.8283388 -0.1544796 0.5850098 -0.7968742 -0.1508478 0.5207126 -0.8380703 -0.1627773 0.5759073 -0.797672 -0.1790254 0.4448644 -0.8953853 -0.01951513 0.4064538 -0.8914648 -0.2002144 0.4840258 -0.8668037 0.1198764 0.5010444 -0.8653651 0.009888529 0.548278 -0.7762023 0.3112898 0.5461247 -0.7885724 0.2826685 0.352935 -0.9354106 0.02106885 0.395109 -0.9107567 0.120046 0.3996259 -0.9154767 0.04692126 0.3251296 -0.9151838 0.2381791 0.2164943 -0.7373877 0.6398355 0.2542907 -0.9377455 0.2365789 0.2542907 -0.9377455 0.2365789 0.1739767 -0.7166703 0.6753634 0.1749266 -0.7164645 0.6753364 0.1758355 -0.7162669 0.67531 0.1758355 -0.7162669 0.67531 0.1213001 -0.4921428 0.8620219 0.1234707 -0.502742 0.8555732 0.09251748 -0.332107 0.9386935 0.07685239 -0.2788725 0.9572481 0.02080937 -0.1607828 0.9867704 0.06259965 -0.3060708 0.9499484 0.06509991 -0.307589 0.9492897 0.1094679 -0.4409196 0.890846 0.1119073 -0.4481725 0.886915 0.01396817 -0.07463814 0.9971129 0.0176994 -0.05374347 0.9983979 -0.02225801 -0.2235675 0.9744343 0.01772087 -0.1998843 0.9796592 -0.004878445 -0.1272232 0.9918621 -0.004878445 -0.1272232 0.9918621 0.1367353 -0.5169096 0.845049 0.1553391 -0.5110903 0.8453736 0.1498352 -0.5072053 0.8487003 0.1297155 -0.3278431 0.9357846 0.1273863 -0.491126 0.8617238 0.1940377 -0.4806043 0.8552011 -0.008744951 -0.4846544 0.874662 -0.008383051 -0.1712695 0.9851886 0.09269054 -0.6992288 0.7088635 0.1961452 -0.6542371 0.7304114 0.1921188 -0.5114744 0.8375466 0.2069629 -0.484978 0.8496839 0.2071383 -0.4874351 0.8482339 0.2659154 -0.7257453 0.6344941 0.165197 -0.9530524 0.2537738 0.1668324 -0.9825226 0.08256089 0.1668324 -0.9825226 0.08256089 0.1131545 -0.9424704 0.3145561 0.01637053 -0.8432758 0.5372318 0.05046785 -0.8776182 0.4766962 0.04832219 -0.834495 0.5488926 0.08700977 -0.607959 0.7891864 0.07736271 -0.9906926 0.1119965 0.08042718 -0.9802115 0.1808779 0.04003299 -0.970548 0.2375585 0.1134775 -0.9868945 0.1147261 0.1519209 -0.9825411 0.107392 0.1519209 -0.9825411 0.107392 0.07187426 -0.9923968 -0.09991315 0.08951487 -0.994095 -0.06133762 0.09281085 -0.9866393 -0.133899 0.06622836 -0.9902073 -0.1228955 0.06329922 -0.9908693 -0.1190427 0.05947915 -0.9916967 -0.1140169 0.9469462 -0.01042923 -0.321223 0.9395617 -0.01123654 -0.3421951 0.9395617 -0.01123654 -0.3421951 0.9387539 0.01929214 -0.3440479 0.9425969 0.006985457 -0.3338596 0.9356835 0.02858294 -0.3516807 0.1983282 -0.9320998 -0.3030773 0.2069719 -0.9546413 -0.2140621 0.2069719 -0.9546413 -0.2140621 0.1952827 -0.9222444 -0.3336613 0.2214812 -0.8889076 -0.4009856 0.1960348 -0.9222209 -0.333285 0.2693286 -0.9068452 -0.3241819 0.2615347 -0.9116454 -0.3170209 0.4037248 -0.8558517 -0.323302 0.3604569 -0.8734646 -0.327308 0.4042625 -0.8629223 -0.3032111 0.3306124 -0.5289616 -0.7815977 0.2188258 -0.8608162 -0.4594678 0.4510115 -0.8545372 -0.2575942 0.407372 -0.8563464 -0.3173624 0.4020152 -0.8599177 -0.314524 0.4612931 -0.8257921 -0.3244629 0.1744663 -0.8124063 -0.556379 0.1822663 -0.7254724 -0.6636782 0.5102107 -0.8102716 -0.2883488 0.4651816 -0.8296745 -0.3086201 0.4891666 -0.7604569 -0.427108 0.5529298 -0.7940604 -0.2524611 0.5523507 -0.7946493 -0.2518752 0.5011204 -0.8359711 -0.2236754 0.5778128 -0.760344 -0.2966638 0.1880638 -0.7741901 -0.6043689 0.242781 -0.8143743 -0.5271165 0.4970039 -0.8416526 -0.2112063 0.6041163 -0.7695137 -0.2071043 0.2621524 -0.9302947 -0.2565695 0.311456 -0.9139914 -0.2600285 0.28072 -0.8922208 -0.3537489 0.6628941 -0.7036729 -0.2557654 0.7580377 -0.6038195 -0.2465378 0.5798944 -0.6997147 -0.417279 0.6148001 -0.7212698 -0.3190465 0.1499846 -0.8464789 -0.5108602 0.03213837 -0.3187591 -0.9472908 0.677686 -0.6623805 -0.3193648 0.7160034 -0.6274495 -0.3060167 0.1460059 -0.952071 -0.2687809 0.7658358 -0.5839873 -0.2691736 0.7709263 -0.5515874 -0.3184713 0.8411341 -0.482758 -0.2437993 0.8323034 -0.4772549 -0.2819553 0.7953806 -0.5165823 -0.3170369 0.7952975 -0.4808118 -0.3692179 0.843989 -0.4308001 -0.3195213 0.7895938 -0.3582839 -0.498171 0.8575778 -0.3148006 -0.4067688 0.8813227 -0.3430032 -0.3249909 0.8961715 -0.2994032 -0.3274666 0.9100817 -0.2502598 -0.3303351 0.7360726 -0.3874325 -0.5550614 0.8106951 -0.2415449 -0.5333193 0.8739638 -0.2338909 -0.4260074 0.9162634 -0.2478916 -0.3146604 0.7194247 -0.4845619 -0.4976223 0.7332688 -0.4806523 -0.4809265 0.9054073 -0.3715099 -0.2054703 0.6289078 -0.5027604 -0.5930488 0.6777981 -0.6184596 -0.3976147 0.6940916 -0.606563 -0.387709 0.425944 -0.4870417 -0.762471 0.5356989 -0.6602021 -0.5264597 0.6695442 -0.661839 -0.3371642 0.4318302 -0.5838516 -0.6874882 0.5634127 -0.6728992 -0.4793463 0.4817576 -0.5163189 -0.7080427 0.4497448 -0.5463219 -0.7065847 0.5198042 -0.458084 -0.7210844 0.4986761 -0.4847526 -0.7185659 0.5459908 -0.4187612 -0.725626 0.5574326 -0.3946482 -0.7304257 0.6164363 -0.4045377 -0.6755409 0.6698831 -0.453516 -0.5878604 0.5965517 -0.3114438 -0.7396816 0.5941602 -0.3188351 -0.7384564 0.6871966 -0.2546511 -0.6803776 0.7532517 -0.298427 -0.5861342 0.7532517 -0.298427 -0.5861342 0.6258007 -0.2066986 -0.7520966 0.6327342 -0.1716447 -0.7551063 0.6539619 -0.1761079 -0.7357444 0.8353229 -0.06195707 -0.5462572 -0.04107064 0.009312531 -0.9991128 -0.3900414 0.07857186 -0.9174389 -0.3900414 0.07857186 -0.9174389 0.6424631 -0.06616788 -0.7634546 0.643082 -0.06243028 -0.7632483 0.5062116 -0.007574424 -0.8623761 0.9205292 -0.04672548 -0.3878696 0.9369543 -0.05692009 -0.3447852 0.6492358 -0.04917903 -0.7589956 0.6482859 -0.05222474 -0.7596038 0.6457701 -0.0286284 -0.762995 0.8059173 0.02176223 -0.591628 0.8155455 0.02580341 -0.5781174 0.8138369 0.04138049 -0.5796182 0.8594156 0.116076 -0.4979269 0.8502289 0.1587902 -0.501893 0.8435515 0.1100964 -0.5256421 0.3395436 -0.01310279 -0.9404991 0.6416896 0.04068313 -0.7658847 0.6427234 0.03604393 -0.76525 0.5547911 0.0915359 -0.826939 0.6317407 0.1046944 -0.7680773 0.6695643 0.1783735 -0.7210177 0.6215243 0.1450519 -0.769849 0.3215142 0.0220474 -0.9466481 0.4582234 0.06027502 -0.886791 0.4807934 -0.05246083 -0.8752632 0.3845635 0.09990543 -0.9176763 0.4257769 0.08721039 -0.9006156 0.4875614 0.162499 -0.8578333 0.550611 0.1901347 -0.81282 0.5979052 0.2173269 -0.7715429 0.5979052 0.2173269 -0.7715429 0.6076009 0.1954118 -0.7698281 0.3621753 0.1541132 -0.9192813 0.8260606 0.3050525 -0.4738849 0.455362 0.2156483 -0.8637947 0.4368102 0.2550672 -0.8626341 0.7674632 0.3430931 -0.5415602 0.3270443 0.2447813 -0.9127563 0.4335128 0.4092395 -0.8028634 0.3822608 0.3363818 -0.8606532 0.8538579 0.2287722 -0.467536 0.8939324 0.1893845 -0.4062246 0.8741361 0.3101947 -0.3737183 0.9078667 0.2206949 -0.3564713 0.9117202 0.2137145 -0.3508452 0.8989405 0.2423048 -0.3649579 0.9280159 0.1286393 -0.3496261 0.9285916 0.1273699 -0.3485605 0.9307267 0.1226029 -0.3445523 0.764388 0.2673371 -0.5867213 0.8914414 0.2890273 -0.3489922 0.8486324 0.383929 -0.3638978 0.6456228 0.3718217 -0.6670231 0.714808 0.4074138 -0.5683868 0.6193802 0.3972105 -0.6771942 0.8657532 0.4979648 -0.0500246 0.576429 0.2650969 -0.772951 0.5616124 0.3045609 -0.7693076 0.572106 0.4504878 -0.6853871 0.5063333 0.3868145 -0.7707147 0.4762778 0.4189195 -0.7730885 0.6889308 0.5445589 -0.4783617 0.6614908 0.4747053 -0.58059 0.6273489 0.5559194 -0.545332 0.5039763 0.5107754 -0.696503 0.6382805 0.638103 -0.4306071 0.5036807 0.5828262 -0.6376671 0.4272891 0.468115 -0.7734936 0.5718774 0.6121503 -0.5461027 0.5366007 0.6595848 -0.5263151 0.4410832 0.6481887 -0.620723 0.376657 0.5123316 -0.771781 0.4075716 0.4861529 -0.7730076 0.4656861 0.8518967 -0.2396006 0.2707275 0.4960878 -0.824987 0.289223 0.6477088 -0.704857 0.3404379 0.6885009 -0.640366 0.258769 0.5838291 -0.7695337 0.2220244 0.6041375 -0.7653255 0.2238575 0.6001611 -0.7679157 0.2045449 0.4430345 -0.8728584 0.2047698 0.4434124 -0.8726138 0.2161844 0.3325249 -0.9179823 0.1696056 0.2106832 -0.9627287 0.6565024 0.6539715 -0.3759335 0.6331365 0.6826123 -0.3649364 0.6889825 0.6233599 -0.3697641 0.7512778 0.5552769 -0.3567202 0.745381 0.5583942 -0.364147 0.2742348 0.3108698 -0.9100304 0.2778423 0.3174924 -0.9066434 0.3435754 0.3778197 -0.8597722 0.2203978 0.2355538 -0.9465407 0.1656983 0.3248083 -0.9311518 0.1770503 0.306132 -0.9353803 0.1552691 0.3417079 -0.9268911 0.0952874 0.08404992 -0.9918951 0.2316023 0.152589 -0.9607689 0.2552033 0.208121 -0.9442229 -0.08030703 -0.08482056 -0.9931547 0.3875037 0.2203274 -0.8951518 0.269142 0.08257277 -0.9595542 -0.3929841 -0.3444147 -0.8526089 -0.5666252 -0.4791035 -0.6703699 -0.5666252 -0.4791035 -0.6703699 -0.672215 -0.7030255 -0.2321253 -0.672215 -0.7030255 -0.2321253 -0.1535593 -0.1216428 -0.9806236 -0.362072 -0.2431381 -0.8998821 0.005605575 0.003067647 -0.9999796 0.08498529 0.05454401 -0.9948882 0.07531412 0.03756908 -0.9964519 0.16354 0.06503262 -0.9843909 0.006254251 0.0007889551 -0.9999801 0.3668229 0.07560484 -0.9272135 0.004553126 -0.0003187385 -0.9999896 -0.2128381 -0.0131002 -0.9769997 0.381353 -0.005484968 -0.9244132 0.3413319 0.02724578 -0.9395479 0.387733 -0.0413411 -0.9208442 0.1211713 -0.004195495 -0.9926228 0.4069053 -0.1175367 -0.905877 0.4204365 -0.08562926 -0.9032723 0.4777408 -0.2106669 -0.8528676 0.1043309 0.007587725 -0.9945137 0.1013651 0.007973951 -0.9948173 0.1451117 -0.01888574 -0.989235 0.2645015 -0.01179796 -0.9643131 0.357105 -0.08295471 -0.9303733 0.3141562 -0.1113417 -0.9428197 0.2578175 -0.1244024 -0.9581514 0.3797696 -0.21397 -0.8999955 0.2960987 -0.1912456 -0.9358155 0.2995604 -0.2061692 -0.9315352 0.3858149 -0.2590055 -0.8854733 0.3156231 -0.2680768 -0.910229 0.320616 -0.2594632 -0.9109798 0.3536205 -0.3717539 -0.8583423 0.2301616 -0.2996849 -0.9258588 0.2267186 -0.3356833 -0.9142841 0.1992473 -0.3328389 -0.9216934 0.1277688 -0.255484 -0.9583335 0.1220821 -0.3248516 -0.9378525 0.1177999 -0.5260398 -0.842262 0.1327444 -0.4014446 -0.9062125 0.08171712 -0.4438011 -0.8923917 0.0427175 -0.4164406 -0.9081588 -0.01265942 -0.3300734 -0.9438704 0.02361729 -0.2760606 -0.96085 0.06787982 -0.3669945 -0.9277432 0.009660504 -0.2477049 -0.9687874 -0.001938737 -0.3441473 -0.9389137 0.02180989 -0.3384476 -0.9407324 -0.0709139 -0.396685 -0.9152116 -0.03056152 -0.2130123 -0.9765714 0.002832437 0.04544364 0.9989629 -0.1075284 -0.2807179 -0.9537479 -0.0735982 -0.3211766 -0.9441551 -0.0005131478 -5.551808e-05 -0.9999999 0.001577457 0.00846077 -0.999963 -0.02416631 -0.09724302 -0.9949672 -0.2866808 -0.5121465 -0.8096419 -0.1475971 -0.374012 -0.9156037 -0.1253641 -0.1914708 -0.9734592 -0.1502033 -0.2164389 -0.9646726 -0.08382664 -0.1668126 -0.9824188 -0.2072285 -0.3158966 -0.9258864 -0.3579722 -0.3928963 -0.8470469 -0.2011644 -0.2552835 -0.9457078 -0.2408485 -0.2316821 -0.9425049 -0.2089261 -0.1988223 -0.9575069 -0.09948093 -0.1096816 -0.988976 -0.1482915 -0.1365531 -0.9794707 -0.04204615 -0.07394192 -0.9963758 -0.03093988 -0.07064378 -0.9970217 0.07013845 0.05073178 -0.9962464 0.06297849 0.1411093 -0.9879888 0.2563195 0.2726934 -0.9273288 0.2661549 0.2881727 -0.9198468 -0.2556865 -0.1978957 -0.9462884 0.1100725 0.1686356 -0.9795132 0.005941281 0.008203434 -0.9999487 0.3007416 0.4319161 -0.8502958 -0.06442099 -0.04028038 -0.9971095 -0.07992132 0.1868821 -0.979126 0.3468234 0.1792661 -0.9206396 0.49409 0.3166508 -0.8096959 0.49409 0.3166508 -0.8096959 0.2940929 0.1375028 -0.9458342 0.2948962 0.1380307 -0.9455072 -0.3931002 -0.1288277 -0.9104261 0.2821767 0.1296798 -0.9505574 0.6089501 0.2045488 -0.7663808 0.6089501 0.2045488 -0.7663808 0.1531831 0.2279433 -0.9615492 -0.8828511 -0.239535 -0.4039764 0.9516695 0.2811645 -0.1235783 -0.01973341 -0.1426354 -0.9895786 0.1599053 -0.1328199 -0.978156 0.2062912 0.3766581 0.9030906 0.3655239 0.4942771 -0.788722 0.3323176 0.6969118 -0.6355147 0.425313 0.892374 -0.150922 0.1937832 0.5222568 0.8304793 0.1713434 0.6621566 -0.7295136 0.222398 0.887361 -0.4038931 0.1607689 0.7890533 0.592915 0.03272152 0.4376666 -0.8985417 0.04384986 0.1521777 -0.9873799 0.007660337 0.2709787 -0.9625549 0.02565968 0.5198201 -0.8538903 0.02384387 0.1591678 -0.9869636 0.004630843 0.1193294 -0.9928439 0.0003643559 0.0009394757 -0.9999995 -0.004923945 -0.006013626 -0.9999698 0.0216876 0.07811813 -0.9967082 0.006786424 -0.02316778 -0.9997086 0.006786424 -0.02316778 -0.9997086 0.002490496 -0.01483395 -0.9998869 0.002505515 0.004022512 -0.9999888 0.002005383 0.005544232 -0.9999826 0.0006187033 -0.000170752 -0.9999998 -0.09132749 0.1756492 -0.9802074 0.00426133 -0.003913007 -0.9999833 -0.1682613 0.3621129 -0.9168219 -0.2383702 0.385306 -0.8914701 -0.156725 0.202721 -0.9666134 -0.1673226 0.1790022 -0.969516 0.005137877 -0.005736937 -0.9999703 -0.2929507 0.4511517 -0.8429958 -0.105694 0.1599575 -0.9814491 0.1247844 -0.1468179 -0.9812611 -0.150177 0.1799988 0.9721354 -0.6099161 0.6036997 -0.5133702 -0.7227553 0.6898058 -0.04234013 -0.7227553 0.6898058 -0.04234013 -0.1889688 0.1695557 -0.967234 -0.4451116 0.3432105 -0.8270926 0.001461158 -0.0007359431 -0.9999987 -0.007192941 0.006302496 -0.9999543 -0.004345034 0.001522355 -0.9999894 -0.01761945 -0.003468759 -0.9998387 0.002226148 -0.002444365 -0.9999945 0.007076734 -0.002048217 -0.9999729 -0.006773096 0.0004459174 -0.999977 -0.618304 -0.001861526 -0.7859368 -0.422838 -0.009120636 -0.9061594 -0.4598664 -0.06216195 -0.8858097 -0.4726773 -0.08118421 -0.8774881 -0.3625644 -0.6630454 -0.6549182 -0.3510061 -0.7409782 -0.572491 -0.3625644 -0.6630454 -0.6549182 -0.2322645 -0.76077 -0.6060382 -0.3335464 -0.7976789 -0.5024491 -0.1689872 -0.7490265 -0.6406267 -0.1744291 -0.7324704 -0.6580741 -0.107488 -0.733272 -0.6713855 -0.2350689 -0.5975439 -0.7666054 -0.1918935 -0.9332686 -0.3036224 -0.09390718 -0.7329014 -0.6738227 -0.0383103 -0.9353513 -0.3516395 -0.01259817 -0.8332249 -0.5527906 0.01994839 -0.9070655 -0.4205166 0.02580313 -0.9215331 -0.3874416 0.0308985 -0.9222696 -0.3853105 0.05898692 -0.9269484 -0.3705228 0.08824462 -0.9306798 -0.3550325 0.006503087 -0.9166 -0.3997526 0.02590963 -0.9215604 -0.3873694 -0.02513888 -0.9234079 -0.3829959 -0.1138483 -0.898156 -0.4246815 -0.1088386 -0.8980111 -0.4262982 -0.1795684 -0.8780762 -0.4435508 -0.1688171 -0.8899321 -0.4236999 -0.2197232 -0.8581032 -0.4640912 -0.2619559 -0.8386059 -0.4776184 -0.2997559 -0.82413 -0.480579 -0.3368821 -0.802155 -0.4930089 -0.3645133 -0.7740051 -0.5177316 -0.4128021 -0.7545524 -0.5101422 -0.3895394 -0.7659291 -0.5114799 -0.5023456 -0.6940936 -0.5156384 -0.5670386 -0.6223075 -0.5396301 -0.4256303 -0.7703077 -0.4748314 -0.2817265 -0.8535167 -0.438337 -0.5018357 -0.7511155 -0.4289364 -0.5495977 -0.6497551 -0.5251292 -0.6003534 -0.5663312 -0.5646634 -0.6658927 -0.5608586 -0.4919599 -0.2678102 -0.8661754 -0.4219216 -0.3005554 -0.8487937 -0.4349893 -0.2496947 -0.8722535 -0.4205073 -0.2048304 -0.8982601 -0.3888102 -0.1265794 -0.9127829 -0.3883363 -0.08338223 -0.9215752 -0.3791393 -0.05315131 -0.9281854 -0.3683025 -0.01761756 -0.9392527 -0.342774 -0.1807735 -0.896827 -0.4037602 -0.1729577 -0.9020968 -0.3953568 -0.1403969 -0.9216094 -0.3618352 0.02917349 -0.9392153 -0.3420871 0.02280441 -0.9365626 -0.3497577 0.01352184 -0.9422464 -0.3346474 0.01519772 -0.948579 -0.3161753 0.0751111 -0.9327857 -0.3525184 0.2334104 -0.8508711 -0.4706783 0.1651713 -0.8571119 -0.4879321 0.07641544 -0.8640301 -0.4976069 0.02791971 -0.2107541 -0.9771403 0.05642293 -0.3872668 -0.9202396 0.06868872 -0.9388207 -0.3374871 0.1085722 -0.9427266 -0.3154024 -0.004811944 -0.9888918 0.148559 0.06590797 -0.9219124 -0.3817507 0.1123374 -0.5289867 -0.8411619 0.2153087 -0.9465889 -0.2400243 0.1965215 -0.8364348 -0.5116211 0.05464599 -0.9464856 -0.3180863 0.03080508 -0.9133318 -0.4060493 0.0921856 -0.7997638 -0.5931944 0.2048888 -0.6649557 -0.7182301 -0.02428622 -0.9329477 -0.3591918 -0.07372494 -0.9010092 -0.4274893 0.05377526 -0.7854071 -0.6166392 -0.1212397 -0.7687493 -0.6279534 0.0108801 -0.6214927 -0.7833444 -0.2253263 -0.9182089 -0.3257614 -0.06266625 -0.7177641 -0.6934606 -0.2562976 -0.7561758 -0.6020877 0.1126608 -0.6056291 -0.7877315 0.1536459 -0.6568303 -0.7382188 0.1689545 -0.6176515 -0.7680892 -0.02376755 -0.4634455 -0.8858066 0.0559091 -0.3833998 -0.9218887 0.0699683 -0.4214167 -0.9041639 0.08291787 -0.4965575 -0.8640343 -9.088846e-05 -0.3366987 -0.9416124 -0.0344069 -0.168482 -0.985104 -0.1206575 -0.6038061 -0.7879467 -0.09488278 -0.4211915 -0.901995 -0.1686838 -0.5852694 -0.7930986 -0.05198318 -0.3474985 -0.9362385 -0.06139334 -0.2943284 -0.9537304 -0.04328023 -0.2494419 -0.9674221 -0.08666848 -0.2937204 -0.9519542 -0.0349431 -0.1452127 -0.9887832 -0.009437328 0.06034663 -0.9981329 -0.1114505 -0.4718768 -0.8745919 -0.1131142 -0.4580374 -0.8817068 -0.08401638 -0.2770723 -0.9571688 -0.08002485 -0.2097127 -0.9744827 -0.3094697 -0.6332856 -0.7093503 -0.2797266 -0.6146847 -0.7375064 -0.6532323 0.7066841 -0.2718182 -0.4626733 0.2990159 -0.8345795 -0.4064336 -0.6488053 -0.6433222 -0.03211234 -0.115015 0.9928446 -0.4307564 -0.8866351 -0.1683068 -0.2920211 -0.8192462 -0.4935172 -0.2953676 -0.8135965 -0.500818 -0.4904329 -0.6569422 -0.5726277 -0.5026436 -0.5366669 -0.6777449 -0.624833 -0.5307267 -0.5726368 -0.4902763 -0.4470113 -0.7482046 -0.512225 -0.463772 -0.72287 -0.4590291 -0.8049591 -0.3759431 -0.4123903 -0.8562589 -0.3110544 -0.4386134 -0.8425494 -0.312616 -0.4840949 -0.8146637 -0.3193356 -0.2636651 -0.9208407 -0.2872857 -0.4549111 -0.8359635 -0.3069542 -0.10334 -0.9627975 -0.2496833 0.08304607 -0.9804129 -0.1785887 0.2929741 -0.9502077 -0.1061671 0.3176397 -0.9416843 -0.1110658 0.3176397 -0.9416843 -0.1110658 0.5774983 -0.8163854 -0.003244367 0.5848537 -0.8111383 0.0008784862 0.7129474 -0.6977817 0.06933074 0.8021522 -0.5866301 0.1114316 0.8281359 -0.5446232 0.1325765 0.8295659 -0.542145 0.133788 -0.365303 -0.8885711 -0.2774799 -0.3686041 -0.8912027 -0.2643647 -0.3544071 -0.8852037 -0.3013469 -0.348755 -0.889028 -0.2966464 0.317728 -0.3966873 0.8612131 0.317728 -0.3966873 0.8612131 0.3093523 -0.3968458 0.8641843 0.2967938 -0.3970242 0.868496 0.2947063 -0.3818802 0.8759656 0.2962653 -0.377547 0.877317 0.2888607 -0.3815572 0.878051 0.3020586 -0.3743824 0.8766974 -0.9483362 0.1798262 0.261383 -0.9999425 -0.005318832 0.009309013 -0.9999425 -0.005318832 0.009309013 -0.7824462 0.3616084 0.5069686 -0.7824462 0.3616084 0.5069686 0.05988161 -0.008337684 0.9981707 0.08282925 -0.6728456 0.7351314 0.05988161 -0.008337684 0.9981707 0.08260537 -0.7512225 0.6548596 0.08260537 -0.7512225 0.6548596 -0.1047801 -0.4801756 0.8708918 -0.1047801 -0.4801756 0.8708918 -0.1100421 -0.4674385 0.8771499 -0.1504833 -0.3994314 0.9043281 -0.1232929 -0.4162213 0.9008655 -0.08206551 -0.3265773 0.941601 -0.1572025 -0.4012553 0.9023755 -0.1947433 -0.3471004 0.9173856 -0.2019616 -0.3415085 0.9179234 -0.2510048 -0.3122542 0.916239 -0.2255064 -0.3246824 0.9185468 -0.2250661 -0.3070198 0.9247076 -0.2250661 -0.3070198 0.9247076 -0.3338945 -0.3081175 0.89083 -0.3420832 -0.313365 0.8858789 -0.3440884 -0.2554494 0.9035202 -0.3256949 -0.2944323 0.8984612 -0.3474111 -0.217804 0.9120674 -0.3352452 -0.187115 0.9233627 -0.4345395 -0.1867882 0.8810707 -0.4571259 -0.1871653 0.8694855 0.06535725 -0.97859 -0.1951668 0.06535725 -0.97859 -0.1951668 0.09606068 -0.9773991 -0.1883174 0.2584354 -0.9563249 -0.136579 0.3620293 -0.9267975 -0.09990562 0.3751891 -0.9220607 -0.0950639 0.37549 -0.9219533 -0.09491717 0.955625 -0.1113092 0.2727472 0.9317631 0.149215 0.3309869 0.955625 -0.1113092 0.2727472 0.9130743 0.2165374 0.345553 0.9277 0.1562781 0.3390426 0.9116113 0.217428 0.3488408 0.8933089 0.2805171 0.3511544 0.8632296 0.3573295 0.3565814 0.7911372 0.4919819 0.3633947 0.9120858 0.259755 0.3172172 0.9130723 0.2844492 0.2922115 0.9130723 0.2844492 0.2922115 0.7134671 0.5921675 0.3745696 0.5695441 0.7328046 0.3723131 0.6976171 0.6196882 0.3596067 0.4517279 0.8232242 0.343866 0.4517279 0.8232242 0.343866 -0.9442482 0.1898417 -0.2689896 -0.9442482 0.1898417 -0.2689896 -0.9536374 0.1667142 -0.2505637 -0.9624955 0.2124391 -0.1687366 -0.9643798 0.1550955 -0.2142823 -0.9517302 0.1158281 -0.284242 -0.9571016 0.250385 -0.1458212 -0.9422906 0.2827652 -0.1792545 -0.9542817 0.2448559 -0.1714412 -0.9415553 0.2756021 -0.1936935 -0.9589234 0.1786283 -0.2203586 -0.9262702 0.3410677 -0.1603004 -0.9225012 0.3584655 -0.1431574 -0.9332303 0.2886764 -0.2138857 -0.9692446 0.242156 -0.04388002 -0.9449311 0.198498 -0.2601996 -0.9483984 0.1755189 -0.2640712 -0.957444 0.06938058 -0.280156 -0.9575305 0.03172911 -0.286581 -0.947882 0.0004626082 -0.3186211 -0.947882 0.0004626082 -0.3186211 -0.9605742 0.03671868 -0.2755882 -0.9286709 -0.1120672 -0.3535694 -0.9517112 -0.03633166 -0.3048373 -0.9058282 -0.109465 -0.4092587 -0.922186 -0.07877703 -0.3786385 -0.9485934 0.02624789 -0.3154069 -0.9600369 0.04317615 -0.276523 -0.9538638 0.05179962 -0.2957375 -0.9671827 0.03223874 -0.2520283 -0.8674572 -0.211766 -0.4501924 -0.9018654 -0.09263947 -0.4219677 -0.9018654 -0.09263947 -0.4219677 -0.8912412 -0.1150786 -0.4386867 -0.9053874 -0.2417848 -0.3490183 -0.7856866 -0.3900615 -0.4801547 -0.9325666 -0.0306188 -0.3596971 -0.891503 -0.1065804 -0.4402987 -0.9468383 0.003795209 -0.3216875 -0.7727008 -0.3128721 -0.5523084 -0.9056539 -0.2957297 -0.3038665 -0.8953746 -0.304292 -0.3251318 -0.8309758 -0.3466996 -0.4350615 -0.8746978 -0.1900037 -0.4458726 -0.8796957 -0.1796423 -0.4403 -0.8993565 -0.13522 -0.4157806 -0.6647455 -0.4549565 -0.5925606 -0.6887022 -0.3568004 -0.6311757 -0.6082383 -0.4803531 -0.6319075 -0.4449398 -0.5556241 -0.7023606 -0.7569142 -0.4598487 -0.464349 -0.7634633 -0.4147866 -0.4950514 -0.4971919 -0.5775142 -0.6475164 -0.2376683 -0.4860262 -0.8410067 -0.3405493 -0.5905614 -0.731617 -0.3667945 -0.6869169 -0.6273811 -0.7437685 -0.487151 -0.4577034 -0.6869696 -0.3995792 -0.6069672 -0.681481 -0.5205105 -0.5144438 -0.6418562 -0.5423619 -0.5420924 -0.4798689 -0.6468882 -0.5926731 -0.3949774 -0.7261173 -0.5628024 -0.2955688 -0.7515152 -0.5898 -0.2814982 -0.8001521 -0.5296371 -0.1243876 -0.6504831 -0.749266 -0.1317098 -0.6557988 -0.7433576 -0.1965577 -0.8051457 -0.5595582 -0.1712613 -0.8695765 -0.4631482 -0.2515993 -0.6809431 -0.6877603 -0.2519257 -0.6812305 -0.6873562 -0.2198056 -0.6521976 -0.7254817 -0.2517451 -0.8829159 -0.3963382 -0.1531187 -0.9117683 -0.3810949 -0.2615386 -0.9126701 -0.3140555 -0.1772025 -0.9281702 -0.3272604 -0.2066614 -0.9372759 -0.2807223 -0.2164239 -0.9462113 -0.2405097 -0.2173975 -0.9537439 -0.2076318 -0.1679844 -0.9649219 -0.2017598 -0.1705694 -0.963285 -0.2073359 -0.149842 -0.9690081 -0.196394 -0.1491021 -0.9688145 -0.1979064 -0.1128153 -0.9789449 -0.1701167 -0.1418616 -0.9598604 -0.2419573 -0.1387657 -0.9572452 -0.2538221 -0.1300986 -0.9492373 -0.2863965 -0.1107564 -0.9781582 -0.1758966 -0.133776 -0.970144 -0.2022984 -0.1003243 -0.9813559 -0.1639378 -0.201975 -0.8594772 -0.4695796 -0.0843632 -0.9827474 -0.1645919 -0.04539149 -0.9808107 -0.189605 -0.04539149 -0.9808107 -0.189605 -0.2158904 -0.9680749 -0.1273669 -0.2228172 -0.9582561 -0.1791584 -0.2149214 -0.9690496 -0.1214562 -0.2073127 -0.969732 -0.1290007 -0.2040656 -0.9506687 -0.233637 -0.1755287 -0.9784459 -0.1087808 -0.1479434 -0.9659611 -0.212207 -0.1522762 -0.9883015 -0.008484795 -0.1433719 -0.9772902 0.1560394 -0.111199 -0.9840647 -0.1387499 -0.1495139 -0.9838895 -0.09801549 -0.07032525 -0.9973729 -0.01737091 -0.08590341 -0.9897148 -0.1143904 -0.10383 -0.9848767 -0.1386979 -0.03834178 -0.9886422 -0.1453152 -0.1069571 -0.9635783 0.2451064 -0.02134598 -0.9933499 -0.1131382 -0.0133666 -0.999473 -0.02958089 -0.0381704 -0.9747854 -0.2198554 -0.0396879 -0.9753427 -0.2170978 -0.03797888 -0.9747144 -0.2202033 -0.03797888 -0.9747144 -0.2202033 -0.003013568 -0.9382238 0.3460158 -0.0358463 -0.9745901 0.221109 -0.06603469 -0.8924852 0.446217 -0.128429 -0.8083961 0.5744578 -0.05535907 -0.6295404 0.7749931 0.03513781 -0.936595 0.3486476 0.02723305 -0.9601214 0.2782539 0.02723305 -0.9601214 0.2782539 -0.01578312 -0.7110484 0.7029659 -0.008938365 -0.3553004 0.9347094 0.05048394 -0.2083775 0.9767447 0.8596568 -0.05906856 0.5074457 -0.02069595 -0.2192808 0.9754423 0.1248871 -0.4507769 0.8838571 0.03624407 -0.1459109 0.9886336 0.01551779 -0.06463659 0.9977882 -0.0591729 -0.3221354 0.9448425 -0.01020165 -0.03248059 0.9994203 -0.2171355 -0.8246494 0.522308 0.001202031 -0.007723896 0.9999694 -0.002654732 0.005665227 0.9999804 0.01968321 -0.07426105 0.9970446 0.00957389 0.02212991 0.9997093 0.09112741 -0.2831642 0.9547323 0.04586885 -0.1430956 0.9886454 0.1236633 -0.434561 0.8921122 0.1473985 -0.4575516 0.876881 0.04721416 -0.2684693 0.9621305 0.1257279 -0.6920882 0.7107787 0.006615236 0.01035231 0.9999245 -0.03665309 -0.02891089 0.9989098 0.02877878 -0.1356693 0.9903361 -0.07938422 -0.06657002 0.9946188 -0.007293114 0.003743999 0.9999664 0.01979824 -0.1631568 0.9864015 0.1899483 -0.708097 0.680087 0.1784101 -0.5578362 0.8105483 0.2511095 -0.8275976 0.5020221 0.2663116 -0.898459 0.3490696 0.274061 -0.8492492 0.4512941 0.2469795 -0.8305538 0.4991808 0.2370747 -0.8423418 0.4839999 0.239595 -0.8506536 0.4679559 0.130247 -0.4726889 0.8715509 0.130247 -0.4726889 0.8715509 0.2692492 -0.9561013 0.1156509 0.3060407 -0.9484294 -0.08258841 0.1137684 -0.9273025 0.3566045 0.2352544 -0.9619547 0.1389189 -0.02935316 -0.733817 0.6787127 0.05082537 0.05205894 0.9973498 0.03394086 0.03476463 0.998819 -0.001608749 0.002348751 0.9999959 -0.03439832 -0.2920712 0.9557778 -0.1887933 -0.6214695 0.7603504 -0.3102755 -0.8826227 0.3531378 -0.373345 -0.7684997 0.5196362 -0.4245015 -0.7441334 0.515814 -0.03658202 -0.140153 0.9894538 -0.0002698093 -0.009605998 0.9999538 -0.4699966 -0.7219323 0.5078552 -0.3622717 -0.4667319 0.8067964 -0.4733096 -0.7171435 0.5115498 -0.5129593 -0.7559714 0.4066694 -0.3194981 -0.3639364 0.8749121 -0.6536973 -0.513367 0.5559984 -0.06057933 -0.01038735 0.9981093 -0.009874648 -0.009252146 0.9999084 0.02506228 -0.01257053 0.9996069 -0.0002379154 -0.000495173 0.9999998 -0.0002084072 -0.0006029414 0.9999998 -0.04351126 -0.05121716 0.9977392 -0.003953444 0.02414525 0.9997006 -0.008963082 0.06895595 0.9975794 0.00963593 0.00899183 0.9999131 0.02731941 0.01994564 0.9994277 0.0008403036 -0.002640026 0.9999962 0.03613781 0.04552464 0.9983094 -0.0001075911 -0.01843382 0.9998301 -0.0001075911 -0.01843382 0.9998301 -0.002619285 -0.01153174 0.9999301 0.01570889 0.005357312 0.9998623 -0.02666324 -0.03785474 0.9989275 -0.01921516 -0.02560272 0.9994875 0.03039472 0.04219665 0.9986469 -0.004393528 -0.009216963 0.9999479 0.05170616 0.07235334 0.9960379 -0.07463885 -0.1346467 0.9880786 -0.07463885 -0.1346467 0.9880786 0.008364274 0.005075559 0.9999521 0.006002051 0.0009072161 0.9999816 0.00875227 -0.003439748 0.9999558 0.00229438 0.0008315761 0.999997 0.009682314 -0.004036647 0.999945 0.004149846 -0.001043978 0.9999908 -1.541467e-05 3.47149e-05 1 0.002958334 0.001722004 0.9999941 0.004283812 0.005767888 0.9999742 -0.0936941 -0.05610679 0.9940188 0.0008530529 -0.001971451 0.9999977 -0.2118015 -0.3023204 0.9293775 -0.04125301 -0.06067836 0.9973045 -0.09173544 -0.1079649 0.9899132 -0.05556193 -0.06209445 0.9965225 -0.2174018 -0.1983052 0.9557256 -0.2472307 -0.4143274 0.8759051 -0.2312244 -0.4543059 0.8603147 -0.223506 -0.474934 0.8511656 -0.2617039 -0.1968071 0.9448693 -0.03071884 -0.02573032 0.9991968 -0.52326 -0.3176618 0.7907528 -0.7234274 -0.5200342 0.4541114 -0.8165674 -0.5186699 0.2533755 -0.8048297 -0.5722022 0.1575875 -0.8720655 -0.4883208 -0.03231958 -0.8809236 -0.4631943 0.09708097 -0.8480509 -0.3712106 -0.3781698 -0.8420141 -0.3912733 -0.3713724 -0.8507237 -0.3465574 -0.3951798 -0.8781115 -0.4614417 0.1264585 -0.8011273 -0.3636241 0.4753657 -0.9488103 -0.3034167 -0.08773446 -0.8616939 -0.3144612 -0.3982434 -0.881969 -0.2455364 -0.4022966 -0.890691 -0.2005827 -0.4079659 -0.8821021 -0.2107506 -0.4212838 -0.9163305 -0.3474888 0.198972 -0.9090189 -0.1006605 -0.4044158 -0.8903641 -0.1971246 -0.410358 -0.8937121 -0.1904252 -0.4062227 -0.9051151 -0.116746 -0.408824 -0.8300977 -0.3760212 -0.4117594 -0.9166031 0.06088071 -0.3951357 -0.9243691 0.06439204 -0.3760259 -0.9027056 0.1989756 -0.3814857 -0.8909053 0.2578684 -0.3738872 -0.8784682 0.3209652 -0.3539421 -0.8799951 0.3188318 -0.3520724 -0.8583689 0.3948915 -0.3275112 -0.8566188 0.3986199 -0.3275764 -0.8552554 0.4568135 -0.2446624 -0.832628 0.4539095 -0.3173275 -0.8592615 0.5046851 -0.08344299 -0.8591202 0.5046835 -0.08489494 -0.914848 0.3615392 0.1798401 -0.8414135 0.4919911 -0.2235354 -0.843085 0.2580817 0.4718066 -0.8295659 0.2713766 0.4880319 -0.9736602 0.03854474 -0.2247225 -0.9736602 0.03854474 -0.2247225 -0.5876003 0.1234534 0.7996781 -0.8445677 0.0913466 0.5275995 -0.8445677 0.0913466 0.5275995 -0.8751676 0.3402865 0.3439284 -0.6967514 0.4290243 0.5748701 -0.6940605 0.4277664 0.5790474 -0.7833975 0.4676006 0.4094363 -0.2479816 0.05655449 0.9671126 -0.258397 0.00285686 0.9660346 -0.5100631 0.01759473 0.859957 0.01859985 -0.007899509 0.9997958 0.0207631 0.0005897658 0.9997842 0.004788404 0.03720194 0.9992963 -0.0373704 -0.02455155 0.9989998 0.0002038976 -0.002988856 0.9999955 -0.04256088 -0.02570356 0.9987632 -0.03719289 0.001474039 0.999307 0.02760723 0.002448429 0.9996158 -0.01403786 0.07620187 0.9969936 -0.0002081446 -8.54666e-05 1 -0.02685575 0.008634874 0.999602 -0.0744738 0.03139452 0.9967287 -0.3612016 0.2298335 0.9037201 -0.3612016 0.2298335 0.9037201 -0.1335775 0.01387071 0.9909413 -0.06801751 0.02518886 0.9973661 -0.07501396 0.01937776 0.9969942 0.01759851 -0.002496723 0.999842 0.05378757 -0.00186893 0.9985507 -0.440271 0.01101949 0.8977973 -0.199955 -0.02289135 0.9795376 -0.199955 -0.02289135 0.9795376 -0.3254478 -0.007539656 0.94553 -0.3254478 -0.007539656 0.94553 -0.1928421 0.03448152 0.9806238 -0.337227 0.07047694 0.9387816 -0.1437082 0.03069153 0.9891441 -0.391547 -0.01029503 0.9201005 -0.4222822 -0.01586985 0.9063255 -0.6541919 0.03049981 0.7557134 -0.745856 -0.04092539 0.6648488 -0.745856 -0.04092539 0.6648488 -0.3945523 0.06144385 0.9168168 -0.5423348 0.1109024 0.8328107 -0.1131582 -0.02805126 0.9931809 -0.2160456 -0.06910308 0.9739348 -0.1373667 -0.05019737 0.9892475 0.001212129 -0.0007255516 0.999999 -0.6214906 -0.09646139 0.7774604 -0.5390297 -0.01127243 0.8422113 -0.7387615 -0.06539585 0.6707867 -0.01317818 -0.00803111 0.9998809 0.03189191 -0.02274326 0.9992325 -0.004744321 -0.0032758 0.9999834 -0.35881 -0.1695353 0.9178851 -0.8154177 -0.2483599 0.5228875 -0.646745 -0.1524087 0.7473235 -0.7223078 -0.1639114 0.6718665 -0.0003326295 0.002631546 0.9999965 -0.08419401 0.03852539 0.9957044 0.005112086 -0.001246243 0.9999862 0.006959011 -0.002228617 0.9999733 -0.9548843 -0.2365493 0.1795559 -0.8866263 -0.4502292 -0.1057711 -0.0048213 0.01587059 0.9998624 0.02834797 0.01589631 0.9994717 0.004685767 0.001524567 0.9999879 0.0202934 0.007076042 0.999769 0.02442611 0.008546008 0.9996651 -0.01561908 -0.002731086 0.9998743 -0.04622873 -0.007249742 0.9989046 0.02734975 0.001713655 0.9996245 0.2377957 0.02328589 0.971036 0.002309598 -0.004914944 0.9999853 -0.03567853 -0.01226884 0.999288 -0.03567853 -0.01226884 0.999288 0.07628633 0.0169389 0.9969421 0.01425706 -0.002906079 0.9998941 0.03467785 0.002264871 0.999396 -0.02835307 -0.002111101 0.9995957 -0.1382007 -0.1504872 0.9789046 -0.008634342 -0.002453514 0.9999597 -0.03731039 0.02723373 0.9989326 0.001463261 -0.003643321 0.9999923 5.440747e-05 -0.002954616 0.9999956 -0.008193242 -0.009747879 0.9999189 0.000160479 -0.01170105 0.9999315 -0.0005948085 -0.006294265 0.99998 -0.01056956 -0.00474968 0.9999329 -0.002987881 0.007273532 0.9999691 0.4198793 0.1045299 0.9015403 0.0344623 0.01465532 0.9992985 -0.09761244 -0.1235733 0.9875229 -0.01561078 -0.02052548 0.9996674 -0.008613035 -0.009695118 0.9999159 -0.002388362 0.005819622 0.9999802 -0.002410895 -0.00450549 0.9999869 -0.02350854 -0.009651473 0.999677 -0.05853209 -0.1860735 0.9807908 -0.1020551 -0.3025464 0.9476552 0.2321589 0.1776054 0.9563256 0.01080139 0.02146761 0.9997112 0.2241698 0.4631863 0.8574417 0.002112579 0.004365074 0.9999882 -0.05110228 -0.1021962 0.9934508 -0.1440302 -0.3022545 0.9422831 -0.14852 -0.3761784 0.9145664 -0.2188943 -0.5783652 0.7858619 -0.1405528 -0.2694186 0.9527112 -0.3580642 -0.5901322 0.7235565 -0.3347508 -0.4529775 0.8262889 -0.2722224 -0.3906949 0.8793477 -0.2744611 -0.6198223 0.7351812 -0.3100247 -0.7288498 0.610461 -0.4407939 -0.8608896 0.254106 -0.2896975 -0.8669896 0.4054682 -0.4006299 -0.904555 0.145863 -0.5255719 -0.8451024 -0.09785787 -0.4370677 -0.6382351 0.633741 -0.6144693 -0.7212118 0.3198141 -0.5445452 -0.5933923 0.5927531 -0.7078102 -0.6568428 0.2599273 -0.4187741 -0.4034035 0.8135686 -0.697517 -0.5169599 0.4962081 -0.7259953 -0.5576741 0.4024058 -0.6610527 -0.4712233 0.583916 -0.6271661 -0.3421789 0.6996972 -0.8163802 -0.3545095 0.4559016 -0.1209541 -0.1270161 0.9844984 -0.02008295 -0.01759799 0.9996434 -0.06421503 -0.06252004 0.9959757 -0.2292004 -0.1872215 0.9552043 -0.02857568 -0.0163905 0.9994572 -0.4176195 -0.3213954 0.8498818 -0.4064315 -0.2147186 0.8880931 -0.4647413 -0.1878741 0.8652854 -0.5064775 -0.1662479 0.8460746 -0.8026493 -0.1991596 0.5622185 -0.622803 -0.2780677 0.7312966 -0.888066 -0.2385096 0.3930038 -0.7439873 -0.1170267 0.6578659 -0.8574013 -0.04364549 0.5127944 -0.8668258 -0.4958337 0.05255486 -0.7607626 -0.5672831 0.3153254 -0.7520285 -0.5644481 0.3403697 -0.8868361 0.1179401 0.4467795 -0.5569053 0.1354236 0.8194613 -0.534684 0.1346331 0.8342583 -0.8205827 0.1733646 0.5445997 -0.8205827 0.1733646 0.5445997 -0.9006632 0.1397211 0.4114412 -0.8697064 0.1890891 0.4559124 -0.9177978 0.1950845 0.3458168 -0.9177978 0.1950845 0.3458168 -0.9654215 0.2036376 0.1627668 -0.9338759 0.1647205 0.3174003 -0.9668805 0.2037025 0.1537771 -0.966786 0.2036285 0.1544676 -0.970935 -0.002334947 0.239332 -0.9594461 -0.07288397 0.272307 -0.9341769 -0.3247325 0.1478591 -0.9755384 0.1362575 0.1725071 -0.9725201 0.167237 0.1619764 -0.9960509 0.07423186 0.04870625 -0.9030616 -0.03792873 0.4278331 -0.9666812 -0.170852 -0.1906226 -0.8515354 -0.2455021 0.4632668 -0.9075609 -0.3928721 -0.1482724 -0.7812911 -0.5938695 -0.1921024 -0.7464241 -0.6636325 0.04942632 -0.7188268 -0.6443469 -0.2609695 -0.7188268 -0.6443469 -0.2609695 -0.3282596 -0.4834386 -0.8115003 -0.595452 -0.7075303 -0.3805757 -0.553234 -0.6899458 -0.466805 -0.6106275 -0.5974794 -0.5197619 -0.8224388 -0.4918111 -0.2858605 -0.5480878 -0.7598217 -0.3496723 -0.5753815 -0.7644885 -0.2906776 -0.7368346 -0.5958996 -0.3193407 -0.6388816 -0.5046477 -0.5806557 -0.494498 -0.6320007 -0.5966966 -0.3830955 -0.6680242 -0.6379511 -0.493964 -0.7702078 -0.4034594 -0.5123706 -0.7383701 -0.4385041 -0.44169 -0.865902 -0.2347845 -0.3754851 -0.9119559 -0.1653701 -0.3328777 -0.9425557 -0.02794954 -0.4112857 -0.8489881 -0.3317578 -0.4951904 -0.8656511 0.07372012 -0.3151389 -0.9213366 -0.2276539 -0.3058454 -0.9057431 -0.2934077 -0.251594 -0.9655647 0.06622125 -0.2641253 -0.9578854 -0.1126647 -0.2979179 -0.9257502 -0.2328766 -0.8707546 -0.3367998 -0.3582629 -0.3594923 -0.1752061 -0.9165523 -0.8321966 -0.3688939 -0.4139638 -0.8674045 -0.3624946 -0.3408915 -0.8130057 -0.4089279 -0.4144872 -0.8553126 -0.4429577 -0.2687542 -0.7879959 -0.4459472 -0.4244921 -0.9335565 -0.2601527 -0.246562 -0.7736639 -0.3799939 0.5069999 -0.940265 -0.1370007 0.3116609 -0.9671853 -0.04569961 -0.2499285 -0.9946811 0.07158643 -0.07405995 -0.9889349 0.1449098 0.03176307 -0.9863848 0.159739 -0.03909703 -0.9775946 0.2067796 0.03938216 -0.9774347 0.2070885 0.04166161 -0.949239 -0.1095234 -0.2948729 -0.904606 -0.1381112 -0.4032534 -0.1904611 -0.05211671 -0.9803104 -0.8936701 -0.1836034 -0.4094429 -0.8962627 -0.2570354 -0.3614498 -0.8309173 -0.2730106 -0.4848109 -0.9079686 -0.1189417 -0.4018032 -0.9241235 -0.1519557 -0.3505786 -0.9751696 -0.1140211 -0.189851 -0.9642114 -0.008114316 -0.2650104 -0.9682991 -0.002998015 -0.2497756 -0.9672726 0.07443467 -0.2425762 -0.9720984 0.09710542 -0.2135305 -0.9720984 0.09710542 -0.2135305 -0.9852711 0.07462501 -0.1538567 -0.9962315 0.0176756 -0.08491395 -0.9806967 0.1631768 -0.1077375 -0.9703632 0.2034993 -0.13032 -0.9705006 0.2033891 -0.1294659 -0.9441467 0.09954469 -0.3141304 -0.9532275 0.09597821 -0.2866103 -0.9686956 0.162983 -0.1872576 -0.9722362 0.1928222 -0.1325761 -0.970877 0.2042945 -0.1251463 -0.9704594 0.2026738 -0.1308891 -0.7958813 0.4814553 0.3671155 -0.7958813 0.4814553 0.3671155 -0.8636028 0.5026594 -0.03903541 -0.8511248 0.5002905 -0.1590472 -0.831562 0.4893114 -0.2628287 -0.8202435 0.4308182 0.3762928 -0.7570355 0.41221 0.5069322 -0.8123262 0.4293608 0.394684 -0.831885 0.4566275 0.3153706 -0.8902392 0.4547705 -0.0256494 -0.8694966 0.4768701 0.1287268 -0.8743417 0.4843417 0.0306559 -0.8909176 0.4511216 0.05248896 -0.8927314 0.450102 -0.02094754 -0.865115 0.5008643 0.02666545 -0.7789037 0.4639487 0.4219723 -0.8563586 0.4891152 0.1655787 -0.6479809 0.4191924 0.6359233 -0.660067 0.401921 0.6346425 -0.882571 0.4655447 -0.06585298 -0.8759064 0.4666358 -0.1226338 -0.8725636 0.4830916 0.07249289 -0.8762466 0.4808633 -0.03102093 -0.8717378 0.4397172 -0.2161529 -0.8657743 0.4584217 -0.2007099 -0.8541636 0.4835652 -0.1912307 -0.8418475 0.5136095 -0.1658255 -0.8496205 0.4913034 -0.1917445 -0.826994 0.5377497 -0.1640309 -0.5306429 0.3606615 -0.7670341 -0.7862683 0.5433296 -0.2942366 -0.7646109 0.5870672 0.2659365 -0.6835954 0.5225919 0.5095048 -0.6817195 0.5076592 0.5268212 -0.4977625 0.3692391 0.7847897 -0.3846532 0.2645886 0.8843273 -0.1939655 0.1389285 0.9711211 -0.5221544 0.3641696 0.7711908 -0.1987405 0.1322624 0.9710864 -0.4436689 0.3184341 0.8377098 -0.4527946 0.3264361 0.8297087 -0.4835844 0.3718888 0.7923666 -0.6035138 0.3879017 0.6966372 -0.6064918 0.3620165 0.7078925 -0.6782625 0.3981964 0.6175756 -0.4072442 0.3026442 0.8617184 -0.400778 0.2979982 0.8663568 -0.4006712 0.2979483 0.8664233 -0.7083838 0.484134 0.5136212 -0.709668 0.5352966 0.4580708 -0.8251593 0.4998187 0.2632365 -0.7195823 0.5313132 0.4471103 -0.8753206 0.4828371 -0.02612031 -0.8290414 0.5335336 0.1674285 -0.8290414 0.5335336 0.1674285 -0.8835091 0.3799603 0.2739377 -0.7544493 0.3113812 0.5777958 -0.6340194 0.3514741 0.688829 -0.6340194 0.3514741 0.688829 -0.8720949 0.3226795 0.36787 -0.9001206 0.3992359 0.1743376 -0.8958655 0.4405783 0.05758288 -0.8958655 0.4405783 0.05758288 -0.9427315 0.2764791 0.1865924 -0.8542108 0.2736296 0.4420982 -0.8425143 0.2803867 0.4599488 -0.856198 0.437631 0.274598 -0.8490509 0.5136888 0.1234357 -0.8882772 0.4440859 -0.1172659 -0.8818131 0.471106 0.02156106 -0.8294968 0.5327192 0.1677658 -0.9192322 0.3933269 -0.01749614 -0.9071069 0.4170299 -0.05694894 -0.896037 0.4310696 -0.1062854 -0.6465577 0.1013826 0.7560983 -0.7663418 0.1512249 0.6243807 -0.8109758 0.2002419 0.5497467 -0.9288569 0.222491 0.2961799 -0.9426549 0.2204033 0.2506476 -0.9426549 0.2204033 0.2506476 -0.5574947 0.1020492 0.8238844 -0.8299718 0.2306975 0.5078636 -0.960339 0.2377532 0.1456793 -0.7007096 0.2041691 0.6836088 -0.8520332 -0.4707379 0.2290091 -0.9492587 0.3144719 0.003910462 -0.9341838 0.3552633 -0.03299407 -0.9196275 0.3596185 -0.1579866 -0.9502295 0.2782706 -0.1401046 -0.9500897 0.2782253 -0.1411391 -0.9499727 0.2781874 -0.1419986 -0.9391344 0.232456 0.2529639 -0.95685 0.2448842 0.1564281 -0.9435349 0.2132657 0.2534948 -0.9110942 0.2308615 0.3414824 -0.9660072 0.2558786 0.03682711 -0.9665443 0.2561156 0.01403065 -0.9665771 0.2561365 0.01108551 -0.423285 0.1245466 0.8973951 -0.5446632 0.1309252 0.8283723 -0.5779386 0.1883079 0.7940574 -0.7964568 0.4165069 0.4383818 -0.1977078 0.07536729 0.9773594 -0.2573098 0.03754334 0.9655994 -0.1739362 0.05492412 0.9832241 -0.1005206 0.05168073 0.9935918 -0.06579672 0.04373119 0.9968743 -0.6197611 0.3233498 0.7150812 -0.7985221 0.4502138 0.3995872 -0.692653 0.3886103 0.6076297 -0.8571829 0.4867607 0.1682302 -0.8549091 0.4951102 -0.1549076 -0.8533372 0.4945141 -0.1651407 -0.8533372 0.4945141 -0.1651407 -0.8058512 0.4388176 0.3975462 -0.6936256 0.3880406 0.6068839 -0.8111835 0.441088 0.3839567 0.2425834 -0.9618929 0.1261563 0.2407481 -0.9592716 0.1477783 0.2425834 -0.9618929 0.1261563 0.1937357 -0.848854 0.4918469 0.1937357 -0.848854 0.4918469 0.03169803 -0.02636205 -0.9991498 -0.00429825 -0.02436987 -0.9996938 -0.00429825 -0.02436987 -0.9996938 0.0006068761 -0.02596517 -0.9996627 0.05777181 -0.02778506 -0.9979431 -0.00184457 -0.02560822 -0.9996704 -0.0007541149 -0.02505501 -0.9996858 -6.704018e-05 -0.0249246 -0.9996893 -0.1020026 0.5676546 -0.8169234 -0.06198427 0.2764571 -0.9590252 -0.1635377 0.9360404 -0.3115826 -0.1387357 0.1334729 -0.9812937 -3.161208e-06 -0.02489334 -0.9996901 -0.3037394 -0.04179512 -0.951838 -5.40525e-06 -0.02489161 -0.9996902 -0.2498297 -0.0326334 -0.9677397 -0.5323323 -0.05293687 -0.8448787 -0.9529717 0.294976 -0.06952752 -0.9483327 0.3053397 -0.08621378 -0.9529717 0.294976 -0.06952752 -0.8928418 0.4020775 -0.2028969 -0.9055116 0.3803613 -0.1880799 -0.8782516 0.425227 -0.2187604 0.2913126 -0.3625916 0.8852481 0.2908745 -0.3632403 0.8851263 0.2908745 -0.3632403 0.8851263 0.293068 -0.3590019 0.8861314 0.27231 -0.3406889 0.8998768 0.2921972 -0.3509901 0.8896217 0.2598844 -0.2929125 0.9201426 0.2608055 -0.3269169 0.9083534 0.2597555 -0.2889335 0.9214361 0.009114231 0.1060596 -0.994318 0.009114231 0.1060596 -0.994318 0.01247649 0.1158797 -0.9931849 0.01310677 0.282884 -0.9590646 0.03035272 0.1813016 -0.982959 -0.002274603 0.297662 -0.9546686 -0.0218507 0.2430049 -0.9697789 -0.0129881 0.2874637 -0.9577035 -0.0302078 0.2301143 -0.9726947 -0.05285889 0.1253376 -0.990705 -0.05754736 0.1005861 -0.9932627 -0.5789577 -0.191887 0.7924566 -0.5102872 -0.1343441 0.849446 -0.5102872 -0.1343441 0.849446 -0.6902012 -0.2515289 0.678495 -0.5811829 -0.1989329 0.7890831 -0.7262385 -0.3711517 0.5786399 -0.7693464 -0.4492477 0.4541834 -0.6585116 -0.4435364 0.6079786 -0.7155989 -0.6444217 0.2695162 -0.7219681 -0.658374 0.2128515 -0.5605397 -0.6906255 0.456981 -0.6554464 -0.6613545 0.3646919 -0.5525959 -0.5352351 0.6388749 -0.5735829 -0.7822314 0.2431392 -0.5740913 -0.7863407 0.2282267 -0.4052487 0.3641802 0.8385381 -0.3904712 0.351053 0.8510546 -0.4052487 0.3641802 0.8385381 -0.3677904 0.3698207 0.8532074 -0.3738998 0.335525 0.8646513 -0.366584 0.3723503 0.8526262 -0.3202633 0.4167479 0.8507365 -0.325738 0.4120892 0.8509273 -0.2670119 0.455957 0.849004 -0.2899428 0.4323116 0.8538383 -0.2662413 0.4562577 0.8490845 -0.2318607 0.484695 0.8433928 -0.6976967 -0.2975868 -0.6516605 -0.4325191 -0.2009329 -0.87895 -0.4325191 -0.2009329 -0.87895 -0.9010438 -0.4143932 -0.128056 -0.7184066 -0.3039452 -0.6257071 -0.9027008 -0.4161222 -0.1094235 -0.7238389 -0.2650269 -0.6370384 -0.6726324 -0.1326586 -0.7279885 -0.7669501 -0.2216479 -0.6022123 -0.8860904 -0.2509988 -0.3896709 -0.5804654 -0.09069675 -0.8092181 -0.5804654 -0.09069675 -0.8092181 -0.7451869 -0.1116425 -0.6574438 -0.7451869 -0.1116425 -0.6574438 0.9598937 -0.02728577 0.2790334 0.9911631 -0.04751055 -0.1238488 0.9911631 -0.04751055 -0.1238488 0.8723894 -0.01385801 0.4886151 0.8723109 -0.01419188 0.4887456 0.8725947 -0.01298195 0.4882725 -0.8726616 -0.02510555 0.4876796 -0.8726616 -0.02510555 0.4876796 -0.8730593 -0.02217282 0.4871096 -0.8738338 -0.01719962 0.4859204 -0.8723206 -0.02571029 0.4882579 -0.8744517 -0.01360585 0.4849218 0.4280937 0.8378915 0.3386349 0.2285042 0.9272509 0.2966339 0.4280937 0.8378915 0.3386349 0.224977 0.9285359 0.2953073 -0.03564919 0.9705322 0.23832 0.04932883 0.9625063 0.2667363 -0.257546 0.9513335 0.1692175 -0.1235207 0.9702028 0.2084446 -0.3550923 0.9263909 0.1253371 -0.3361094 0.9307208 0.1441845 -0.7009534 0.7128778 -0.02166899 -0.8331514 0.544931 -0.09438728 -0.8501322 0.5157776 -0.1060594 -0.8806108 0.4560885 -0.1284832 -0.9482373 0.2379506 -0.2102986 -0.9453352 -0.1453755 -0.2919029 -0.7618806 -0.5505373 -0.3412429 -0.9453352 -0.1453755 -0.2919029 -0.7334849 -0.5833505 -0.3488584 -0.8133847 -0.4639655 -0.350915 -0.6299077 -0.6980206 -0.3405635 -0.5166504 -0.7920001 -0.3252817 -0.4008089 -0.8635033 -0.306128 -0.3717155 -0.877707 -0.3024203 -0.3709933 -0.8780454 -0.3023249 -0.9257666 -0.2115162 -0.313396 -0.9257666 -0.2115162 -0.313396 -0.9124116 -0.2579356 -0.3177644 -0.94228 -0.1492335 -0.2997293 -0.94228 -0.1492335 -0.2997293 -0.8607584 -0.3813921 -0.337098 -0.7159149 -0.6106319 -0.3385181 -0.8589696 -0.3849262 -0.3376435 -0.6937876 -0.6371884 -0.3356333 -0.4100965 -0.4793655 -0.7759057 -0.7041467 -0.6201471 -0.3458252 -0.03675679 -0.02325112 -0.9990537 -0.7310531 -0.5931805 -0.3371918 -0.6928052 -0.6354087 -0.3409938 -0.793633 -0.5057063 -0.3382422 -0.7714357 -0.5382672 -0.3393454 -0.7753249 -0.5296907 -0.3439464 -0.7208416 -0.6053354 -0.3375744 -0.5547494 -0.7648406 -0.3275239 -0.5529913 -0.7661179 -0.3275118 -0.4577927 -0.832121 -0.3130503 -0.1187407 -0.9602588 -0.2525939 -0.211779 -0.9407094 -0.2649819 -0.2040764 -0.9430272 -0.2627787 0.05057327 -0.9764257 -0.2098456 0.20659 -0.9666999 -0.1510357 0.2288993 -0.9630238 -0.1420923 -0.950977 0.2221633 -0.2151422 -0.9378256 0.2859289 -0.1967936 -0.9378256 0.2859289 -0.1967936 -0.9620543 0.1310861 -0.2393073 -0.9591382 0.1676002 -0.2279565 -0.9589534 0.1694382 -0.2273742 -0.177374 0.2515345 0.9514562 -0.177374 0.2515345 0.9514562 -0.2374097 0.2118786 0.9480211 -0.2418067 0.2216818 0.9446622 -0.2206436 0.237974 0.9458778 -0.3195982 0.149271 0.9357217 -0.3139498 0.1220636 0.9415604 -0.2925713 0.08603547 0.9523654 -0.3503285 0.06210171 0.9345659 -0.4026821 0.00923545 0.9152933 -0.4152744 -0.009917567 0.9096421 -0.3979625 -0.04245631 0.9164187 -0.405463 -0.05020939 0.9127315 -0.4286673 -0.06392233 0.9011982 -0.8767373 -0.2577458 0.4060774 -0.8410741 -0.3808022 0.3841667 -0.8410741 -0.3808022 0.3841667 -0.8786011 -0.2541872 0.4042882 -0.8785304 -0.2492207 0.407521 -0.8786108 -0.2551074 0.403687 0.8658647 -0.2899957 0.4076528 0.8747468 -0.2630954 0.4069383 0.8747468 -0.2630954 0.4069383 0.8723676 -0.3120499 0.3762972 0.8701002 -0.3095433 0.3835474 0.8602027 -0.3263423 0.3918571 0.8596132 -0.3314288 0.3888703 0.8603831 0.2548879 -0.4413311 0.8603831 0.2548879 -0.4413311 0.8433163 0.2915726 -0.4514456 0.733534 0.2626652 -0.6268452 0.733534 0.2626652 -0.6268452 0.8466879 0.3395247 -0.4096859 0.881334 0.3349648 -0.3332401 0.8784615 0.3433089 -0.3323318 0.8657299 0.3642454 -0.3432741 0.5284246 0.3286587 -0.782784 0.7824869 0.4150501 -0.4641634 0.8097243 0.4354338 -0.3933751 0.8017388 0.4549768 -0.3875706 0.663 0.4730295 -0.5802362 0.6446445 0.469849 -0.6030551 0.6723441 0.6133173 -0.414482 0.6316648 0.6174524 -0.4687773 0.6106881 0.5891869 -0.5290736 0.60858 0.5853919 -0.5356741 -0.04918781 0.2352889 0.97068 -0.03840243 0.2309345 0.9722111 0.08055447 0.1809444 0.9801888 0.003607678 0.2524894 0.9675929 -0.01084581 0.2641378 0.964424 0.0009385835 0.2717143 0.9623775 -0.06448598 0.2956303 0.9531234 0.01037799 0.3048725 0.9523366 -0.01999664 0.310054 0.9505086 -0.01935123 0.3047734 0.9522283 -0.02511328 0.3120915 0.9497201 -0.017304 0.3027333 0.9529182 -0.002978301 0.3023328 0.9531978 -0.001354251 0.3022833 0.9532172 -0.05056702 0.3107994 0.9491294 -0.050475 0.3109177 0.9490956 -0.1506965 0.3152334 0.9369731 -0.1370615 0.2953192 0.9455161 -0.1447893 0.3037807 0.9416758 -0.1602359 0.3206299 0.9335529 0.2098485 -0.2920886 0.9330851 0.1138746 -0.49478 0.861525 0.1937575 -0.3290414 0.9242239 0.09830371 -0.5098037 0.8546558 0.09992325 -0.5018724 0.8591504 0.05284105 -0.6334107 0.7720095 0.00370495 -0.5170841 0.8559266 0.01509642 -0.4780577 0.8781987 -0.08303995 -0.6085841 0.7891323 -0.0993535 -0.6285801 0.7713728 -0.09586194 -0.6621666 0.7431997 -0.0830478 -0.6224207 0.7782644 -0.09538448 -0.6607053 0.7445605 -0.08100048 -0.6159713 0.7835932 0.2944643 -0.1225701 0.9477697 0.2595831 -0.2971521 0.9188674 0.2569734 -0.3083799 0.9158965 0.3029114 -0.1137829 0.946202 0.3103312 -0.208542 0.9274722 0.308712 -0.1222366 0.9432683 0.3100694 -0.2130227 0.926541 0.3103834 -0.2160231 0.9257409 0.2924055 -0.1529817 0.9439786 0.2928216 -0.155095 0.9435047 0.2952296 -0.1674555 0.9406371 0.2878396 -0.1624531 0.9437994 0.2547851 -0.1418228 0.9565411 0.252525 -0.1337517 0.9583014 0.2424384 -0.09839032 0.9651647 0.07512193 -0.1263577 0.9891362 0.1427836 -0.2040051 0.9685013 0.1404629 -0.2038279 0.9688779 0.0675467 -0.1194372 0.9905414 0.07381381 -0.1324486 0.9884376 0.07424262 -0.133339 0.9882858 0.1545546 -0.1158054 0.9811738 0.1469266 -0.1904772 0.9706343 0.1489583 -0.09719713 0.9840549 0.2065972 -0.1245268 0.9704693 0.1983819 -0.1651024 0.966119 0.2084767 -0.1149557 0.971248 0.2621818 -0.4481944 0.8546242 0.2615748 -0.4475267 0.8551599 0.2591204 -0.444825 0.857314 0.2729958 -0.4490375 0.8507871 0.3422332 -0.4628938 0.8176831 0.3453571 -0.4200945 0.8391955 0.3454449 -0.4038294 0.8471066 0.3536492 -0.3847922 0.8525651 0.364506 -0.3830049 0.8487889 0.3897881 -0.343218 0.8545564 0.3980125 -0.3136964 0.8620792 0.4091824 -0.3180408 0.8552309 0.5131216 -0.3568998 0.7805951 0.06247987 -0.01071971 0.9979887 0.03350102 0.01288391 0.9993556 0.03666554 0.0103091 0.9992744 0.007594746 0.03393742 0.9993951 -0.4271881 -0.1462247 0.8922604 -0.4961598 -0.142403 0.8564735 -0.435711 -0.1458074 0.8881982 -0.5057632 -0.141787 0.8509407 -0.2137786 -0.9390204 -0.2693315 -0.2139144 -0.938984 -0.2693505 -0.2099817 -0.9400293 -0.2687986 -0.3852978 -0.8733757 -0.297927 -0.5854829 -0.7383798 -0.3346716 -0.7351977 -0.590197 -0.3333946 -0.5924249 -0.7321154 -0.3362139 -0.8976547 -0.3026084 -0.3203812 -0.7597794 -0.5525765 -0.3426287 -0.8262785 -0.4565382 -0.3299042 -0.9148705 -0.260515 -0.308454 -0.9162678 -0.2560997 -0.3080036 -0.948469 -0.1236512 -0.2917481 0.8829907 -0.4441165 0.1519474 0.8829313 -0.4442559 0.1518849 0.8822832 -0.4457731 0.1512043 0.8348952 -0.5380043 0.1161954 0.7842478 -0.6140037 0.08918939 0.7466817 -0.6623321 0.0615034 0.787473 -0.6094932 0.09167517 -0.9386594 -0.1604439 -0.3052479 -0.9416472 -0.1530402 -0.2997985 -0.9401901 -0.15668 -0.3024798 -0.9433878 -0.1486166 -0.2965343 -0.9639354 0.08183259 -0.2532429 -0.9572912 -0.07579012 -0.2790151 -0.9636984 0.08787145 -0.2521191 -0.9309872 -0.2049341 -0.3021008 -0.9111683 -0.2653151 -0.3152463 -0.9104253 -0.2713369 -0.3122533 -0.9093298 -0.2646106 -0.3210927 -0.9251839 -0.2246312 -0.3059011 -0.8976941 -0.2909913 -0.3308616 0.9585761 -0.1258622 0.2555201 0.9543939 -0.1638053 0.2496 0.9583986 -0.1277896 0.2552292 0.9540842 -0.1661761 0.2492164 0.9578255 0.004356597 0.2873173 0.9368187 0.128837 0.3252256 0.9589769 -0.007708209 0.2833793 0.8811934 0.3156814 0.351914 0.6959264 0.6161275 0.3688813 0.7983347 0.4806099 0.3628717 0.7829668 0.5028116 0.366256 0.4948224 0.7950942 0.3506794 0.5255373 0.7747997 0.35142 0.5335113 0.7643815 0.3620587 0.3897766 0.8559679 0.3396956 0.4141279 0.8398661 0.350889 0.2496059 0.9181094 0.3078506 0.1085547 0.9568061 0.2696998 0.1152476 0.953986 0.2768189 0.3675948 0.8677015 0.3346164 0.02556074 0.9674036 0.2519464 -0.05692836 0.973001 0.22367 -0.2225688 0.9598081 0.1709723 -0.4213604 0.9012095 0.1013752 -0.531766 0.8453019 0.051862 -0.7050252 0.7087767 -0.02397878 -0.9402655 0.27307 -0.2033064 -0.765893 0.640694 -0.05402952 -0.955974 0.02937152 -0.2919779 -0.9477872 0.003271359 -0.3188867 -0.9505204 0.0644401 -0.3039052 -0.8756021 0.4544865 -0.1635941 -0.05310431 -0.109426 -0.9925754 0.7148594 -0.3906119 -0.5799987 0.5168007 -0.3318326 -0.7891794 0.6143679 -0.165955 0.7713696 0.4524116 -0.3539666 0.8185544 0.4198469 -0.3090699 0.8533489 0.413313 -0.3001956 0.8596831 0.375155 -0.3577172 0.8551591 0.393179 -0.3347218 0.8563711 0.3740421 -0.3535765 0.8573658 0.3733652 -0.3913652 0.8410896 0.350422 -0.3983758 0.8476445 0.262175 -0.3767483 0.8884397 0.3394681 -0.4167029 0.8432794 0.2585992 -0.434165 0.8629178 0.2143181 -0.3910063 0.8950876 0.2088077 -0.3843236 0.8992745 0.6344935 -0.7724792 0.02634325 0.6676739 -0.7434478 0.03869109 0.6357931 -0.7713934 0.02681878 0.7770208 -0.6220764 0.09622702 0.8487086 -0.5097661 0.1408268 0.7837111 -0.6149615 0.08728837 0.895975 -0.4098525 0.1710256 0.9555268 0.01817642 0.2943437 0.9729684 -0.1645542 -0.162032 0.9719085 -0.1740758 -0.1584029 0.9726196 -0.1677931 -0.1608001 0.9713778 -0.1785228 -0.1566999 0.1149151 -0.9207271 -0.3729023 0.05372646 -0.708721 -0.7034401 0.1097801 -0.9065641 -0.4075412 0.05209942 -0.7020346 -0.7102345 0.08056188 -0.4574336 0.885587 0.08681875 -0.4854371 0.8699502 0.08601403 -0.4818414 0.8720267 0.0668308 -0.4494246 0.8908149 0.04251683 -0.4156722 0.9085202 0.0561328 -0.4527728 0.8898572 0.04258801 -0.4227027 0.9052672 0.04283296 -0.4243367 0.9044908 0.8516164 -0.1883332 -0.4891627 0.8300005 -0.1756993 -0.5293665 0.8014472 -0.1599345 -0.5762841 0.7960402 -0.157047 -0.5845137 0.7472086 -0.07326505 -0.6605388 0.8027843 -0.05241291 -0.5939615 0.7542492 -0.07077305 -0.6527628 0.8053787 0.006462779 -0.5927254 0.8389551 0.06859734 -0.5398599 0.7890753 0.02688239 -0.613708 0.8471351 0.07609503 -0.5259008 0.8714073 0.1531918 -0.4660275 0.8782801 0.1596499 -0.4507061 0.8722295 0.1539533 -0.4642349 0.8791559 0.1604888 -0.4486961 0.50917 0.6964606 -0.5056566 0.5049244 0.6925915 -0.5151392 0.4445735 0.6350197 -0.6317471 0.3874034 0.6656387 -0.637843 0.3385436 0.6953869 -0.633897 0.3450767 0.7046747 -0.6199642 0.2685352 0.7390101 -0.6178616 0.1904593 0.7644254 -0.6159376 0.1382734 0.8099781 -0.5699262 0.2067123 0.8006273 -0.5623753 0.08871827 0.8068022 -0.5841226 0.03394782 0.9054971 -0.4229924 -0.05164987 0.8703092 -0.48979 -0.1734277 0.7131035 -0.6792689 -0.1129542 0.7545529 -0.6464451 -0.2702269 0.7487588 -0.6052583 -0.3432862 0.7482481 -0.5676966 -0.3120967 0.7848466 -0.5353611 -0.2882935 0.8072946 -0.514939 -0.4091533 0.6934891 -0.5930146 -0.4076203 0.6962238 -0.5908622 -0.531623 0.6568883 -0.5346726 -0.5638434 0.6062295 -0.5608622 -0.6303278 0.519987 -0.576455 -0.6067669 0.5336382 -0.5891216 -0.6506514 0.4204203 -0.6323761 -0.7438232 0.3723725 -0.5550367 -0.6070657 0.4311431 -0.6675229 -0.7876713 0.3487286 -0.5078999 -0.790754 0.3536184 -0.499662 -0.7712023 0.2848438 -0.5693075 -0.7779434 0.2948028 -0.5548832 -0.744003 0.2258282 -0.628857 -0.719799 0.1987625 -0.6651187 -0.3594909 -0.6032758 0.7119162 -0.5480489 -0.7909734 0.2720358 -0.3649634 -0.6298206 0.6856586 -0.5569928 -0.7970577 0.2333623 -0.2488106 -0.5796782 0.7759294 -0.3370849 -0.715329 0.6121097 -0.2442319 -0.9549572 -0.1685454 -0.2044192 -0.6881611 0.6961659 -0.2026187 -0.6799303 0.7047272 -0.1436987 0.1330043 0.9806429 -0.1187587 0.1149217 0.9862502 -0.1014559 0.09644169 0.9901544 -0.09619115 0.09631717 0.9906918 -0.124763 0.1085416 0.9862317 -0.1275523 0.1102291 0.9856876 0.3137554 -0.1518954 0.9372755 0.3142683 -0.1532083 0.9368899 0.3162645 -0.1561354 0.9357342 0.321593 -0.166592 0.9321079 0.3372421 -0.1998508 0.9199606 0.3469506 -0.2221778 0.9111873 0.5656849 0.1620683 0.8085385 0.5642888 0.1611152 0.8097037 0.5595872 0.158931 0.8133899 0.537916 0.2009039 0.8187087 0.5359908 0.1981974 0.8206288 0.5180373 0.2595132 0.81504 0.5380561 0.2541322 0.8036868 0.4786895 0.2742962 0.8340371 0.4747441 0.3173978 0.8208999 0.4778201 0.3238651 0.8165779 0.4592041 0.3575113 0.8132142 0.452301 0.3662381 0.8131995 0.4215553 0.3974829 0.8150451 0.3962604 0.4339005 0.8091403 0.3902189 0.4414316 0.8080021 0.329121 0.4779956 0.8143707 0.3103173 0.4858048 0.8171272 0.2779268 0.5056588 0.816741 0.2380024 0.5247186 0.8173281 0.2371553 0.5250467 0.8173637 0.1553375 0.5538342 0.8180085 0.1545904 0.5539175 0.8180936 0.07587689 0.556876 0.8271226 0.1129247 0.5630264 0.8186875 0.01916763 0.5386528 0.8423098 -0.0627293 0.5985643 0.7986149 0.0119658 0.499073 0.8664773 -0.1190208 0.5416414 0.832141 -0.07173377 0.5198303 0.8512525 -0.1515166 0.5143296 0.8441018 -0.176343 0.5394125 0.8233695 -0.2167041 0.4951188 0.841366 -0.228487 0.4738525 0.8504455 -0.2373383 0.4823187 0.8432314 -0.2438581 0.4885216 0.8377827 0.2714456 0.512422 0.814703 0.2715903 0.5087703 0.8169403 0.2564799 0.4897864 0.8332631 0.1974965 0.4578301 0.8668257 0.1826837 0.5237108 0.8320779 0.1193035 0.4725921 0.8731686 0.08641582 0.5280426 0.8448096 0.05424355 0.5224303 0.8509549 0.01420234 0.5817078 0.8132739 -0.02500349 0.4879936 0.872489 -0.0350605 0.4608045 0.8868089 -0.07747915 0.5350669 0.8412493 -0.04131253 0.476506 0.8782 -0.1064034 0.4650835 0.8788491 -0.1118036 0.4477737 0.8871294 -0.1319588 0.4896266 0.861889 -0.1613588 0.5495526 0.8197288 -0.188556 0.4363378 0.8798045 -0.1902773 0.4140456 0.8901465 -0.2616602 0.4396761 0.8591966 -0.2482222 0.4461125 0.8598659 -0.2933334 0.4343156 0.8516604 -0.2812802 0.4189784 0.8633299 -0.2914358 0.4279213 0.8555399 -0.3051545 0.4030045 0.8628257 -0.321943 0.384297 0.8652563 -0.3518613 0.3931951 0.8494653 -0.343045 0.340401 0.8754697 -0.3829176 0.3366437 0.8602587 -0.338644 0.3036825 0.89056 -0.3318838 0.2998729 0.8943877 -0.04659214 -0.4287256 0.9022325 -0.04768753 -0.4217839 0.9054415 -0.05437589 -0.3785428 0.9239852 -0.01261353 -0.3913569 0.9201525 0.009540923 -0.3870252 0.9220198 0.124475 -0.234591 0.9640918 0.1340375 -0.2166421 0.9670058 0.1533965 -0.2970504 0.9424598 0.1548381 -0.3083929 0.9385728 0.2430099 -0.4121446 0.8781133 0.2681873 -0.3572609 0.8946732 0.2300653 -0.3958101 0.8890469 0.2807508 -0.328433 0.9018375 0.1928263 -0.3910413 0.899947 0.2015119 -0.3588272 0.9113923 0.1928368 -0.3499943 0.9166886 0.1768067 -0.4084559 0.8954905 0.1766702 -0.4078243 0.8958052 0.180194 -0.4030305 0.8972717 0.1943576 -0.3360673 0.921566 0.5477445 -0.7128097 -0.4380391 0.5203555 -0.7336439 -0.4370318 0.5364969 -0.6035776 -0.589801 0.5220892 -0.5895599 -0.6163132 0.6709146 -0.639432 -0.3755001 0.6875325 -0.6516708 -0.3203501 0.6089035 -0.4447337 -0.6568473 0.6781515 -0.6281904 -0.3814281 0.7232731 -0.5350176 -0.4366145 0.7135877 -0.5496857 -0.434325 0.7614187 -0.4965695 -0.4167256 0.7665004 -0.5153871 -0.3832145 0.7792699 -0.364586 -0.509721 0.7223667 -0.3849298 -0.5744697 0.7197641 -0.2398289 -0.6514767 0.7525127 -0.247337 -0.6103679 0.7584012 -0.2514554 -0.60133 0.4286764 -0.7736718 -0.4665496 0.4916184 -0.7330339 -0.4700772 0.4301132 -0.611022 -0.6645711 0.30965 -0.7268715 -0.6130046 0.2738266 -0.7822767 -0.5595196 0.1929958 -0.7416656 -0.6424055 0.1416165 -0.8178795 -0.5576898 0.07956189 -0.7680331 -0.6354487 0.04561631 -0.8234879 -0.565497 -0.0215571 -0.8255538 -0.5639116 -0.1620541 -0.8214218 -0.5468131 -0.07215076 -0.8234068 -0.562846 -0.05859018 -0.7398793 -0.6701834 -0.2201848 -0.7047833 -0.674388 -0.2740249 -0.7166546 -0.6413397 -0.3818842 -0.7909081 -0.4781514 -0.2980123 -0.6680506 -0.6818336 -0.2479948 -0.592336 -0.7665746 -0.005073294 0.1414999 0.9899253 -0.02146892 0.1949378 0.9805806 -0.03906916 0.2458319 0.9685248 -0.09642258 0.1301218 0.9867984 -0.09995344 0.1263042 0.986943 -0.1300085 0.1134664 0.9849991 -0.1266497 0.1121628 0.9855858 -0.1263088 0.111976 0.9856508 -0.2485074 0.2107702 0.9454205 -0.1612914 0.2532991 0.9538473 -0.1646246 0.2530774 0.9533365 -0.199903 0.2408391 0.9497554 -0.2782813 0.1564424 0.9476736 -0.273692 0.1977227 0.9412749 -0.3014637 0.1116261 0.9469209 -0.3871181 0.09057867 0.9175702 -0.4019595 0.08706515 0.9115088 -0.4061081 0.03082372 0.913305 -0.5336072 -0.06238331 0.8434285 -0.520053 -0.05771672 0.8521817 -0.3926949 -0.01538893 0.91954 0.5337284 -0.1060819 0.8389759 0.5359785 -0.0994913 0.8383487 0.5337743 -0.1001096 0.8396803 0.5496174 -0.1411836 0.8234002 0.5137097 -0.1698514 0.8409833 0.4957033 -0.1750665 0.8506644 0.4933404 -0.2100507 0.8440935 0.4652187 -0.2286944 0.8551435 0.4418869 -0.2873833 0.8497922 0.4617131 -0.2590799 0.8483505 0.4400813 -0.2940828 0.8484361 0.4176433 -0.3246859 0.8486184 0.5490312 -0.01537096 0.8356605 0.563372 0.02102232 0.8259359 0.5509432 -0.01589893 0.8343913 0.5628247 0.02199874 0.8262835 0.5626864 0.06202426 0.8243404 0.5598177 0.06413113 0.8261303 0.5458468 0.06606344 0.8352765 0.5442185 0.06628607 0.8363207 -0.4057718 -0.6888052 -0.6007468 -0.3001759 -0.397422 -0.8671506 -0.400778 -0.6739408 -0.6206293 -0.6271915 -0.6966647 -0.3482659 -0.5390635 -0.5289457 -0.6554594 -0.3818481 -0.3816732 -0.8417349 -0.6032457 -0.5372739 -0.5894331 -0.6166772 -0.5414445 -0.571443 -0.6167403 -0.5414868 -0.5713348 -0.2418026 0.3361165 0.9102512 -0.2468983 0.3413042 0.9069469 -0.2118243 0.3372117 0.9172888 -0.2084151 0.3373156 0.9180312 -0.285979 0.3832652 0.8782504 -0.296158 0.3747894 0.8785348 -0.285519 0.3887788 0.8759737 -0.3507027 0.4022016 0.8457195 -0.3713542 0.4035634 0.8362013 -0.368729 0.4042299 0.8370407 -0.3375129 0.3966992 0.8536479 -0.3195936 0.3998843 0.8590416 -0.3071938 0.4171729 0.8553355 -0.3112791 0.3715663 0.8746678 -0.4788032 0.3992722 0.7818754 -0.2844095 0.3573432 0.8896163 -0.2623244 0.3300025 0.9067989 0.2820289 0.4289747 0.8581611 0.2864048 0.5101334 0.8110094 0.283613 0.4978205 0.8195965 0.3215868 0.4302476 0.8434862 0.3502718 0.3866923 0.8530995 0.3395921 0.4250289 0.8390636 0.3952259 0.3806261 0.8360145 0.3905588 0.329555 0.8595681 0.4472079 0.3184312 0.835827 0.444911 0.282904 0.8497174 0.4622587 0.2852883 0.8395996 0.4656227 0.2862806 0.8374001 0.4844983 0.1967766 0.8523734 0.4907595 0.2246401 0.8418384 0.4876153 0.2223995 0.8442569 0.5310904 0.1731952 0.8294253 0.5521571 0.1585044 0.8185346 0.4987558 0.1082326 0.8599584 0.5249334 0.1451382 0.8386775 0.5240868 0.0846441 0.8474482 0.6378676 0.09704375 0.7640075 0.6719018 0.09737068 0.7342118 0.5290694 -0.05594316 0.8467325 0.4884905 -0.01730927 0.8723975 0.5289296 -0.05890117 0.8466192 0.4972738 -0.1247753 0.8585743 0.5032071 -0.1537093 0.8503859 0.4797843 -0.1945939 0.855535 0.4675799 -0.173854 0.8666855 0.5038253 -0.2570208 0.824682 0.454262 -0.2572657 0.8529129 0.4483104 -0.2550414 0.8567215 -0.2853989 0.3342859 0.8982207 -0.2803075 0.3298506 0.9014579 -0.2671288 0.3413413 0.9011816 -0.3747573 0.3458019 0.8602197 -0.3282222 0.2780001 0.9027658 -0.3770752 0.2840674 0.8815441 -0.3561519 0.271227 0.8941989 -0.3539585 0.2700601 0.8954222 0.2688966 -0.3281388 0.9055493 0.276746 -0.3294832 0.9026918 0.2722174 -0.3262884 0.9052257 0.2697025 -0.3539128 0.895548 0.2752698 -0.3572458 0.8925256 0.2929526 -0.3812774 0.876816 0.2946631 -0.3854662 0.8744081 -0.4517614 -0.7525287 -0.4791787 -0.4513584 -0.5783578 -0.6795424 -0.4528497 -0.7295315 -0.5125534 -0.5750101 -0.6300937 -0.5218671 -0.6295264 -0.5807751 -0.5161364 -0.6515102 -0.4599023 -0.6033443 -0.6608802 -0.540082 -0.5211034 -0.6174136 -0.4837261 -0.6203302 -0.6528202 -0.3596188 -0.6667084 -0.7441889 -0.3086563 -0.5923801 -0.7522463 -0.2224313 -0.6202014 -0.7183988 -0.2469845 -0.650309 -0.814329 -0.1483025 -0.561137 -0.744932 -0.07260042 -0.6631784 -0.8166394 -0.04103641 -0.5756875 -0.8295687 -0.03576924 -0.5572578 0.4969605 -0.6918 -0.523873 0.5453609 -0.6732882 -0.4992639 0.5085115 -0.7839766 -0.3560853 0.3871424 -0.726905 -0.5672124 0.4244502 -0.8176555 -0.3889491 0.3769816 -0.8046038 -0.4588002 0.2662657 -0.742704 -0.6144049 0.3785223 -0.8231591 -0.4232375 0.3028004 -0.8394754 -0.4512128 0.2059396 -0.7178368 -0.6650559 0.2260427 -0.6987394 -0.6787253 0.3278459 -0.653379 -0.6823584 0.316546 -0.6816734 -0.6596362 0.2742862 -0.6825724 -0.6773936 0.2951421 -0.6655878 -0.6854809 0.3804253 -0.6093121 -0.6957121 0.3882338 -0.6119681 -0.6890353 0.4125312 -0.5877312 -0.6959813 0.3839569 -0.6151447 -0.688603 -0.624107 -0.4119121 -0.6639419 -0.6223791 -0.4137789 -0.6644029 -0.622659 -0.4138403 -0.6641023 -0.6199709 -0.4163686 -0.6650363 -0.6608293 -0.4111056 -0.6279306 -0.7619607 -0.4614684 -0.4543818 -0.5298197 -0.3422895 -0.7759697 -0.2732099 -0.2659806 -0.9244516 -0.7666036 -0.6281819 0.1330657 -0.4622369 -0.5198762 -0.7183772 -0.6518777 -0.621074 -0.435112 -0.5253743 -0.7400495 -0.4198911 -0.5598119 -0.8221305 0.1034991 -0.2477735 -0.3079863 -0.9185601 -0.2812542 -0.4593084 -0.8425745 -0.2915676 -0.4562063 -0.8407522 -0.1242512 -0.19326 -0.9732483 -0.3291968 -0.6778053 -0.6574264 -0.1749694 -0.4730543 -0.8634844 -0.1602392 -0.4067019 -0.8993981 -0.3762232 -0.8696183 -0.3197188 -0.3230477 -0.5710651 -0.7546687 -0.5084805 -0.7647187 -0.395794 -0.06989506 0.04414131 -0.9965773 -0.06010243 0.0379569 -0.9974703 -0.1178936 0.06880254 -0.9906398 -0.3482755 0.1822228 -0.9195102 -0.3884146 0.229723 -0.8923908 -0.3900187 0.2308569 -0.8913981 -0.3490535 0.1691763 -0.9217055 -0.2969781 0.07174612 -0.9521851 -0.8194595 0.2461498 -0.517587 -0.08886437 0.08299728 -0.9925798 -0.6541464 0.04840203 -0.7548177 -0.8045829 0.06123821 -0.5906744 -0.7812961 0.05384291 -0.6218338 -0.8572921 0.1496369 -0.4926045 -0.6124692 0.01083114 -0.7904203 -0.7543093 0.20774 -0.6227853 -0.7215894 0.2188638 -0.6568161 -0.02459383 -0.002810904 -0.9996936 -0.02459383 -0.002810904 -0.9996936 -0.02459383 -0.002810904 -0.9996936 0.9110313 -0.1650154 0.3778782 0.9110313 -0.1650154 0.3778782 0.9110313 -0.1650154 0.3778782 -0.9474733 -0.2510453 -0.1981682 -0.9474733 -0.2510453 -0.1981682 -0.9474733 -0.2510453 -0.1981682 -0.9689586 0.2245303 0.1034667 -0.9689586 0.2245303 0.1034667 -0.9689586 0.2245303 0.1034667 -0.9998203 -0.01874884 -0.002789234 -0.9998203 -0.01874884 -0.002789234 -0.9998203 -0.01874884 -0.002789234 -0.912184 0.2759407 0.3029474 -0.912184 0.2759407 0.3029474 -0.912184 0.2759407 0.3029474 0.9502986 0.3109188 -0.01618944 0.9502986 0.3109188 -0.01618944 0.9502986 0.3109188 -0.01618944 0.92372 -0.2644682 -0.2771245 0.92372 -0.2644682 -0.2771245 0.92372 -0.2644682 -0.2771245 -0.0708686 -0.1599568 0.9845768 -0.0708686 -0.1599568 0.9845768 -0.0708686 -0.1599568 0.9845768 -0.9600093 -0.2775761 -0.03651976 -0.9600093 -0.2775761 -0.03651976 -0.9600093 -0.2775761 -0.03651976 -0.003630331 0.01794764 -0.9998323 -0.003630331 0.01794764 -0.9998323 -0.003630331 0.01794764 -0.9998323 0.9911449 -0.08883999 -0.09868727 0.9911449 -0.08883999 -0.09868727 0.9911449 -0.08883999 -0.09868727 -0.9603733 0.2325107 -0.1536942 -0.9603733 0.2325107 -0.1536942 -0.9603733 0.2325107 -0.1536942 -0.8073852 0.568339 -0.1584926 -0.8073852 0.568339 -0.1584926 -0.8073852 0.568339 -0.1584926 0.9947857 0.01565436 -0.1007785 0.9947857 0.01565436 -0.1007785 0.9947857 0.01565436 -0.1007785 0.9962883 0.04337094 -0.07435453 0.9962883 0.04337094 -0.07435453 0.9962883 0.04337094 -0.07435453 0.8709605 0.4042462 0.2793077 0.8709605 0.4042462 0.2793077 0.8709605 0.4042462 0.2793077 -0.02344722 0.5999907 -0.7996633 -0.02344722 0.5999907 -0.7996633 -0.02344722 0.5999907 -0.7996633 0.9998362 0.01744232 -0.004826682 0.9998362 0.01744232 -0.004826682 0.9998362 0.01744232 -0.004826682 0.9940549 0.05180249 -0.09576712 0.9940549 0.05180249 -0.09576712 0.9940549 0.05180249 -0.09576712 0.9992309 0.02846548 -0.02696934 0.9992309 0.02846548 -0.02696934 0.9992309 0.02846548 -0.02696934 0.9992154 0.001331972 -0.03958202 0.9992154 0.001331972 -0.03958202 0.9992154 0.001331972 -0.03958202 1 0 0 1 0 0 1 0 0 1 0 0 1 0 0 1 0 0 0.05087431 0.1549455 -0.9866122 0.01478197 0.0565413 -0.9982908 0.05087431 0.1549455 -0.9866122 -0.02540859 -0.02165153 -0.9994427 -0.001680587 -0.0004633643 -0.9999985 -0.02435487 -0.03193433 -0.9991932 -0.0003123659 -0.0005684684 -0.9999998 -0.0002908428 -0.0005544068 -0.9999998 -7.117478e-05 -0.0002029473 -1 9.403881e-05 -0.0001631047 -1 0.0004271637 0.0001856591 -0.9999999 -3.912406e-05 -0.0001447702 -1 0.0005188211 0.0002506111 -0.9999998 0.0001901235 -0.0001303528 -1 0.0002044821 -5.730928e-05 -1 0.00034779 1.804802e-05 -0.9999999 0.0001229004 0.0002503073 -1 -0.0007788334 0.001350074 -0.9999988 -0.001260226 0.001911723 -0.9999974 -0.001200725 0.002052861 -0.9999972 0.9908865 -0.1282901 -0.0410557 0.9908865 -0.1282901 -0.0410557 0.9923747 -0.1230813 -0.006594925 0.9925988 -0.1169684 0.03264993 0.9925988 -0.1169684 0.03264993 0.988811 0.1474105 0.02286812 0.988811 0.1474105 0.02286812 0.9858111 0.1666166 0.02038085 0.9583661 0.2855322 -0.002387671 0.9585942 0.2847364 0.004720292 0.9537872 0.3004829 -0.0001724215 0.9580669 0.2863697 -0.01001312 0.9507569 0.3098801 -0.005969894 0.9716627 0.2352639 0.02285793 0.9749039 0.2215988 0.02136075 0.9878898 0.1547738 0.01089551 0.9878516 0.1549406 0.01194575 0.973425 0.2289923 0.002495833 0.9794009 0.2008954 0.0203719 0.9838858 0.1787981 -4.690496e-05 0.9608367 0.2770154 0.007433374 0.9647911 0.2612815 0.03016831 0.8160916 0.5683521 0.1047393 0.9391615 0.3431618 0.01468212 0.9480472 0.3036557 0.09486662 0.9316083 0.3632598 -0.01217976 0.9315392 0.3632876 -0.016029 0.929347 0.3691977 -0.002671145 0.9280497 0.3724538 0.001375929 0.9282284 0.3720025 0.002490087 0.9279136 0.372795 0.0005327354 0.9344891 0.3480333 0.07485231 0.6660032 0.7169939 0.2058144 0.9276246 0.3692323 0.05639326 0.2399719 0.9461031 0.2174913 0.622954 0.5638141 0.5422564 0.05304047 0.9526691 0.2993465 0.1733647 0.7357528 -0.654685 0.07081791 0.6469359 0.7592489 0.5324313 0.218955 0.8176647 0.278221 0.1200647 0.9529835 0.03948322 0.09255604 0.9949243 -0.1676211 0.2289845 0.9588896 -0.3370459 0.8819086 0.3296016 -0.5057221 0.8111294 0.2937929 -0.5567095 0.7593924 0.3367456 -0.5567095 0.7593924 0.3367456 -0.01690874 0.0553324 0.9983248 -0.1176566 0.1276356 0.9848178 -0.1160635 0.1153005 0.9865268 -0.000280519 -6.292945e-05 1 0.09559003 0.02824996 0.9950198 0.01488034 0.006891244 0.9998655 0.3342374 0.06336057 0.9403567 0.3557047 0.09095173 0.9301623 0.4642134 0.09089301 0.8810473 0.6170511 0.1184879 0.7779515 -0.04410054 0.06850266 0.9966757 0.03017839 0.01360573 0.9994519 0.8440602 0.218157 -0.4898673 0.08155321 0.03551638 0.996036 0.07924895 0.03529348 0.9962299 -0.0009930417 -0.0003074711 0.9999995 -0.1089948 0.1615602 0.9808254 0.007515305 -0.01806318 0.9998086 0.004317944 -0.01036939 0.9999369 0.001118858 0.0008256667 0.999999 -0.06910044 -0.001012835 0.9976092 -0.003438295 -0.004325345 0.9999847 -0.04718214 -0.01689643 0.9987434 -0.08468493 0.009786504 0.9963597 -0.4592829 0.4351855 0.7743855 -0.6065965 0.7050834 0.3672847 -0.6648839 0.6604667 0.3488741 -0.75122 0.6215584 0.2221118 -0.7127741 0.6874194 0.1393116 -0.643952 0.7329549 0.2193239 -0.5653122 0.7911797 0.2333599 -0.657199 0.6856278 0.3130559 -0.64871 0.6921763 0.3163342 -0.6345127 0.7363996 0.2347535 -0.544079 0.791312 0.2789327 -0.5772349 0.7708462 0.2694365 -0.5882499 0.7636363 0.2661233 -0.3414802 0.9235061 0.1747221 -0.6785315 0.731039 0.07195161 -0.7474392 0.6484805 0.1442489 0.2426171 0.9654276 0.09532312 -0.3081905 0.9504665 0.04039745 -0.7089932 0.7047896 0.02450134 -0.7609031 0.6486274 0.01757461 0.4302807 0.9014212 0.04793999 -0.6690676 0.7413739 0.05208957 0.8748588 0.4812536 0.05492778 0.8769493 0.4793668 0.03416717 0.9783999 0.2053337 0.02390867 0.9938064 0.1063331 0.03228264 0.9943514 0.1047645 0.01702211 0.9943514 0.1047645 0.01702211 0.7960042 0.596228 0.1043528 0.9602584 0.2759173 0.04211275 0.9620566 0.2704816 0.03587285 0.8104556 0.5770745 0.100731 0.9634605 0.2657542 0.03344538 0.9648315 0.260683 0.03382997 -0.7660697 0.6427498 0.003149995 -0.6862871 0.7270312 0.02087235 -0.4809126 0.876058 0.03529147 -0.5722062 0.8192399 0.03776149 -0.4339323 0.89927 0.05492011 -0.3337967 0.9409126 0.05712478 -0.4961952 0.864759 0.07734419 -0.5353034 0.8336577 0.1358864 -0.4688015 0.8569146 0.2142953 -0.4008959 0.8751852 0.2708013 -0.4737405 0.8406194 0.2625432 -0.3266589 0.9159837 0.2329545 -0.3236481 0.909703 0.2601774 -0.3725009 0.9141516 0.1599062 -0.3108126 0.9472417 0.07828631 -0.2642015 0.9626818 0.05866261 -0.2670083 0.9455678 0.1860326 -0.3755084 0.9163324 0.1390269 0.2419414 0.9687121 0.05532818 -0.2478689 0.9622575 0.1123452 -0.5107254 0.8449394 0.1588614 -0.299347 0.9504049 0.08439104 -0.2767306 0.9580667 0.07435251 -0.2008896 0.9579047 0.2050901 -0.3446579 0.92682 0.1490492 -0.2319037 0.9563082 0.1780315 -0.2121755 0.9353662 0.2829692 -0.1855039 0.9562943 0.2260297 -0.2462181 0.9435197 0.2216919 -0.2310522 0.9592158 0.1628495 -0.2109553 0.9220398 0.3245618 -0.2547619 0.7537545 0.6057644 -0.3198666 0.6771326 0.6627041 -0.2526112 0.6404907 0.7252304 -0.2526112 0.6404907 0.7252304 -0.9543874 0.2983583 0.01126972 -0.9543896 0.2983513 0.01127005 -0.9543874 0.2983583 0.01126972 -0.9501235 0.3112629 0.01951132 -0.954918 0.2964341 0.016075 -0.9271525 0.3730307 0.03516296 -0.934625 0.3537911 0.03616665 -0.9529761 0.3018719 0.02664458 -0.9460995 0.3232909 0.01946028 -0.9460995 0.3232909 0.01946028 -0.9544979 0.2980808 0.009033567 -0.9530636 0.3027332 0.004731432 -0.9364483 0.3508054 -0.0003960969 -0.9330603 0.3596841 0.0050757 -0.9196865 0.3926462 -0.002386082 -0.9498728 0.3125941 0.005164456 -0.9158344 0.4010764 0.01962457 -0.9356796 0.3528121 0.005228676 -0.9387522 0.3442006 0.01644157 -0.9298186 0.3677349 -0.01443675 -0.8880985 0.4590283 -0.02396133 -0.9468493 0.3215265 -0.009851519 -0.8953437 0.4447221 -0.02412495 -0.8567497 0.5140397 -0.04175168 -0.8794079 0.4754419 -0.02442897 -0.8575775 0.513998 -0.01915415 -0.8067867 0.5905152 -0.01967194 -0.8536759 0.5199019 -0.03065053 -0.8444985 0.5340732 -0.03985117 -0.8510944 0.5200778 -0.07181441 -0.8345225 0.5481105 -0.05609896 -0.8147044 0.5792842 -0.0262029 -0.7883649 0.6149125 -0.01906344 -0.7468755 0.6646553 -0.02025682 -0.8164366 0.5732427 -0.06945582 -0.8431172 0.5367239 -0.03287561 -0.7441801 0.6673393 -0.02922764 -0.7893146 0.6118059 -0.05172959 -0.4056875 0.3171273 -0.8572327 -0.7732605 0.6308476 -0.0640279 -0.6510781 0.7585634 -0.02605435 -0.7598098 0.6446041 -0.08470276 -0.6830532 0.7272282 -0.06765727 -0.5558891 0.830978 -0.021515 -0.7561755 0.6450939 -0.109784 -0.7240878 0.6819701 -0.1030222 -0.6495512 0.7504293 -0.1222259 -0.4913233 0.8691485 -0.05641223 -0.4317906 0.9017174 -0.02150884 -0.314727 0.9484403 -0.03752217 -0.7323674 0.6623455 -0.1579127 -0.7331211 0.6644377 -0.1451073 -0.7330275 0.6594477 -0.1667314 -0.7330275 0.6594477 -0.1667314 -0.7284316 0.6668107 -0.1573242 -0.7081124 0.6897978 -0.1508504 -0.6633625 0.7337583 -0.1467954 -0.6098091 0.7794819 -0.1433203 -0.6056206 0.7828671 -0.1426281 -0.588882 0.7960277 -0.1398497 -0.5489046 0.8267574 -0.1231907 -0.5971384 0.7891265 -0.1438924 -0.4490947 0.8809841 -0.1489327 -0.5079148 0.8483281 -0.1495395 -0.4679346 0.8719782 -0.1438442 -0.3843244 0.9112119 -0.1482824 -0.4236267 0.8970393 -0.12594 -0.34045 0.9351619 -0.09780566 -0.1922277 0.9805062 -0.04069602 -0.2398768 0.9592182 -0.1495315 -0.283532 0.947371 -0.148653 -0.1951679 0.9766492 -0.08980968 -0.1945704 0.9692858 -0.1504243 -0.07222939 0.9969798 -0.02853505 -0.1108957 0.9841257 -0.1385592 -0.07252036 0.987061 -0.1430086 -0.08310823 0.9882406 -0.1283491 -0.003033919 0.9901332 -0.1400964 0.01433037 0.988905 -0.1478567 0.0516848 0.9917317 -0.1174599 0.1112724 0.98337 -0.1435334 0.006329044 0.9982407 -0.05895336 0.07095323 0.9972214 -0.0226958 0.1897383 0.9815417 -0.02398612 0.1323827 0.9807079 -0.1438291 0.196078 0.9702235 -0.1421965 0.1679061 0.9788469 -0.1169031 0.2547867 0.9648541 -0.06434553 0.3251387 0.9453273 -0.02531978 0.3000062 0.9466089 -0.1180166 0.4376936 0.8986373 -0.02958362 0.3137351 0.9386046 -0.143498 0.2530333 0.9568616 -0.1427937 0.3767996 0.9153555 -0.1419377 0.3766872 0.9153946 -0.1419842 0.4447625 0.8867811 -0.1257198 0.4385249 0.8968434 -0.05803366 0.5511001 0.8340106 -0.02673923 0.5913312 0.7941013 -0.1404653 0.4994756 0.853775 -0.1469435 0.6059876 0.7910513 -0.08376689 0.658408 0.752007 -0.03137422 0.7030607 0.6964058 -0.1439607 0.7438857 0.6677363 -0.02760959 0.7383566 0.6575213 -0.1499841 0.7370529 0.6659097 -0.1154006 0.7348491 0.6771009 -0.03913082 0.8271182 0.5616427 -0.02080697 0.8271156 0.5616467 -0.02080476 0.8928377 0.4498978 -0.02080517 0.8928417 0.4498897 -0.02080926 0.94355 0.3305756 -0.0208115 0.9435509 0.3305732 -0.02081255 0.9783934 0.2057018 -0.0208107 0.9783933 0.2057024 -0.02081048 0.9926564 0.1191673 -0.02079289 0.9962601 0.08204742 -0.02709183 0.9989175 0.03827102 -0.0264405 0.9993097 0.01114616 -0.03543841 0.9994951 0 -0.03177473 0.8207528 0.5675781 -0.06496153 0.7796966 0.6100245 -0.1412205 0.7791695 0.6106517 -0.1414195 0.8102098 0.5736183 -0.1205077 0.8669857 0.4912225 -0.08388231 0.8939937 0.4445069 -0.05647122 0.9417513 0.3302528 -0.06354196 0.8792168 0.4599483 -0.124199 0.9415769 0.3308141 -0.06320509 0.976649 0.2053335 -0.0632055 0.9766487 0.2053351 -0.06320466 0.9950082 0.07722749 -0.06320335 0.9950083 0.07722573 -0.06320413 0.9966354 -0.05218204 -0.06320575 0.9966352 -0.05218445 -0.06320683 0.9815032 -0.1807108 -0.06320612 0.9815044 -0.1807051 -0.06320354 0.9498693 -0.3061924 -0.06320247 0.9442874 -0.3183615 -0.08347074 0.9006393 -0.4288057 -0.07053047 0.938301 0.3294271 -0.1052094 0.8416043 -0.5275349 -0.1157982 0.8317023 -0.5478089 -0.09042468 0.9384883 0.3288042 -0.1054872 0.973145 0.2046 -0.1054871 0.9731453 0.2045987 -0.1054879 0.9914391 0.07694614 -0.1054886 0.9881304 0.09830297 -0.1180455 0.9930601 -0.05199632 -0.1054894 0.9135025 0.38238 -0.1389197 0.8942678 0.4222381 -0.1483241 0.9930608 -0.05198932 -0.1054863 0.9779846 -0.1800533 -0.1054841 0.9126286 0.3818464 -0.1459535 0.9226274 0.360912 -0.1360193 0.9106045 0.3857454 -0.148324 0.9245739 0.350839 -0.1485768 0.9245739 0.350839 -0.1485768 0.9759427 -0.1797293 -0.1234234 0.9737182 -0.1707818 -0.1506867 0.9737182 -0.1707818 -0.1506867 0.9468185 -0.3039851 -0.1054881 0.9529576 -0.2738477 -0.1299203 0.9431627 -0.3007337 -0.1414334 0.9422033 -0.3030127 -0.1429552 0.9003926 -0.4058058 -0.1568912 0.8334334 -0.536987 -0.1305131 0.9836748 -0.1116076 -0.1411655 0.9848539 -0.09466042 -0.145266 0.9852457 -0.08779237 -0.1469132 0.6853755 -0.7264367 -0.05049888 0.8255361 0.5453393 -0.1452421 0.8531281 0.5017361 -0.1429453 0.8586307 0.4907115 -0.1481738 0.7907746 0.5951345 -0.1431451 0.7907746 0.5951345 -0.1431451 0.7376799 -0.6659583 -0.1110312 0.7950505 -0.593037 -0.1272863 0.7123372 -0.6830488 -0.161307 0.6152828 -0.7772298 -0.1316847 0.5737872 -0.8077718 -0.1351777 0.6202337 -0.7713753 -0.1424443 0.5623175 -0.8178378 -0.1222306 0.5213347 -0.8405374 -0.1473328 0.4665091 -0.8795174 -0.09390603 0.4897818 -0.8594248 -0.1466383 0.401041 -0.9040068 -0.1481141 0.4432924 -0.8842865 -0.1467284 0.3488103 -0.9286268 -0.1264269 0.3087056 -0.940035 -0.1450348 0.2764186 -0.9502362 -0.1436802 0.2663854 -0.9538023 -0.1389242 0.269386 -0.9527435 -0.1403959 0.2340887 -0.9647342 -0.1203762 0.1444086 -0.9802673 -0.1349895 0.1804782 -0.9728168 -0.1451038 0.0945166 -0.985893 -0.1381363 0.147553 -0.978542 -0.1438181 0.1117128 -0.9829694 -0.145916 0.04348369 -0.9881364 -0.1472941 0.05082343 -0.9888301 -0.1401144 0.05406 -0.9873929 -0.1487708 -0.0297051 -0.9872015 -0.156687 -0.01850475 -0.9871839 -0.1585105 -0.0453466 -0.9870895 -0.1536163 -0.04493491 -0.9871152 -0.1535726 -0.04714097 -0.9869758 -0.1538068 0.2870023 -0.9563379 -0.05520403 0.1060894 -0.9904769 -0.08775223 0.07289484 -0.9959542 -0.0525505 0.07289484 -0.9959542 -0.0525505 0.0967302 -0.9893136 -0.1090961 0.03959015 -0.9912129 -0.1262122 0.04998561 -0.9891614 -0.138062 0.05140587 -0.9962602 -0.06944884 0.03489452 -0.9961481 -0.08044478 0.04301881 -0.993905 -0.1014997 0.1035355 -0.9879998 -0.1146155 0.06191043 -0.9892956 -0.1321412 0.1520817 -0.9809583 -0.1207975 0.03268964 -0.98555 -0.1662007 0.01945342 -0.990086 -0.1391092 0.06122086 -0.9743512 -0.2165449 0.1069931 -0.959101 -0.2620645 0.1817159 -0.9688676 -0.1681515 0.07292995 -0.9525926 -0.2953787 0.001831875 -0.9471188 -0.3208779 0.001831875 -0.9471188 -0.3208779 0.1702013 -0.8852166 -0.4329238 0.1693752 -0.9022798 -0.3964886 0.06963723 -0.8865916 -0.4572811 0.006986731 -0.9467677 -0.3218417 0.2998345 -0.8633546 -0.4058548 0.04470298 -0.8173662 -0.5743815 0.007401902 -0.7748857 -0.6320581 -0.01011344 -0.7704916 -0.6373699 0.2872276 -0.7373291 -0.6114296 0.1696637 -0.7271377 -0.6651955 0.1291632 -0.658617 -0.74131 0.3187555 -0.7785052 -0.5406705 0.2179248 -0.5691643 -0.7928182 0.4903472 -0.7614432 -0.4239856 0.1248525 -0.4719818 -0.8727228 0.000244972 -0.4684654 -0.8834818 0.3684992 -0.861556 -0.3491843 0.2480122 -0.9305742 -0.2692982 0.312548 -0.9277384 -0.2039982 0.2573447 -0.9536839 -0.1557587 0.2864926 -0.9523893 -0.1042912 0.210791 -0.9717716 -0.1059584 0.3774167 -0.9100446 -0.1713927 0.3872128 -0.9107221 -0.1437062 0.09678563 -0.9914247 -0.08780428 0.131514 -0.9868405 -0.09407427 0.1237089 -0.9887756 -0.08377931 0.08159456 -0.9946705 -0.06303137 0.1453221 -0.9890603 -0.02532207 0.7806899 -0.6239352 -0.03504477 -0.08866483 -0.9945689 -0.0545086 0.1116656 -0.9936623 -0.01288261 0.03896858 -0.9990208 -0.02095137 0.05464254 -0.9984781 -0.007467208 0.2288641 -0.9733227 -0.01625137 0.2071431 -0.9783009 0.004366451 0.2751196 -0.9612534 -0.0173527 0.2751196 -0.9612534 -0.0173527 0.2820486 -0.9592648 -0.01611607 0.3491449 -0.936929 -0.0161825 0.3244229 -0.944119 -0.05821512 0.2029238 -0.9789168 -0.0233211 0.270851 -0.9595246 -0.07715103 0.4190112 -0.907766 -0.0197599 0.5027314 -0.8643471 -0.01285159 0.4491244 -0.8934583 -0.004430526 0.5099714 -0.860169 -0.006203939 0.4391723 -0.89562 -0.07065791 0.4501747 -0.8923535 -0.03237317 0.6232906 -0.7807945 -0.04323079 0.6992718 -0.7145506 -0.02089004 0.4504179 -0.8674402 -0.2113559 0.4546642 -0.8525404 -0.2577893 0.7883687 -0.6145984 -0.02726863 0.8721344 -0.4858191 -0.05797811 0.5830991 -0.8054673 -0.1059146 0.5642063 -0.7949556 -0.2229728 0.6398131 -0.7554061 -0.1414243 0.6632038 -0.6730113 -0.3274395 0.8178692 -0.566076 -0.1031892 0.741043 -0.6435629 -0.1915259 0.9302322 -0.3540367 -0.09657165 0.9415937 -0.3330347 -0.04989102 0.9645034 -0.2531918 -0.07501333 0.9099792 -0.3353358 -0.243901 0.9609472 -0.1926887 -0.1986242 0.9353423 -0.2639428 -0.2355185 0.974033 -0.1689364 -0.1507325 0.9815253 -0.1216759 -0.1476587 0.9282072 -0.1741655 -0.3287821 0.9862727 -0.08201017 -0.1433199 0.9595348 -0.07090183 -0.2725175 0.9726605 -0.06311227 -0.2234915 0.9261137 -0.03218376 -0.3758692 0.9719239 -0.01155378 -0.2350115 0.9546728 -0.02122654 -0.2968994 0.9333892 0.01482976 -0.3585592 0.9179633 0.02416275 -0.3959287 0.9127131 0.02829008 -0.4076204 0.9127131 0.02829008 -0.4076204 0.9628009 0.02107856 -0.2693883 0.9475201 0.02944031 -0.3183377 0.9747035 0.01323368 -0.2231097 0.9747035 0.01323368 -0.2231097 0.9858402 0.009639735 -0.1674102 0.9828927 0.01630791 -0.1834556 0.9905395 0.01172134 -0.1367266 0.9950893 0.007631735 -0.09868629 0.9979589 0.01063311 -0.06296779 0.9986886 0.004932839 -0.05095926 0.9986539 0.001420789 -0.05184916 0.9971546 -0.02197672 -0.07210908 0.9981103 -0.003416565 -0.06135214 0.9935426 -0.03207903 -0.1088304 0.9993972 0.008356514 -0.03369535 0.983419 0.0183901 -0.1804132 0.9974814 -0.04489228 -0.05491381 0.9979157 -0.04720967 -0.04399434 0.9979152 -0.04721357 -0.04400244 0.9979149 -0.04721545 -0.04400634 0.996296 -0.07776137 -0.03670692 0.9944949 -0.08546751 -0.06062396 0.9946853 -0.1029353 -0.002357516 0.9970291 -0.07698025 0.002664754 0.9970291 -0.07698025 0.002664754 -0.05188745 0.5243665 -0.8499103 -0.009573453 0.6402643 -0.7680951 -0.05188745 0.5243665 -0.8499103 -0.01631684 0.655799 -0.7547592 -0.1184719 0.5222091 -0.8445484 -0.1932146 0.6003238 -0.7760667 -0.3987278 0.397254 -0.8265624 -0.35422 0.3410572 -0.8707515 -0.5864892 0.4307114 -0.6859432 -0.6509209 0.06965395 -0.7559434 -0.7699387 0.1766924 -0.6131673 -0.3193406 0.364764 -0.874625 -0.768292 0.2927588 -0.5692273 -0.8546836 0.2142605 -0.4728725 -0.6035996 0.4490796 -0.658783 -0.371708 0.6804549 -0.6315175 -0.8386808 0.2879552 -0.462273 -0.3517144 0.5881817 -0.728244 -0.6304851 0.5079353 -0.5869329 -0.7312163 0.2796061 -0.6222083 -0.7264857 0.4950667 -0.476579 -0.4458421 0.1018454 -0.8892988 -0.7461302 0.5239697 -0.4107864 -0.7373039 0.5442998 -0.4001507 -0.3486661 -0.658975 -0.6664712 -0.1057539 0.6742724 -0.7308713 -0.04506777 0.6663916 -0.7442386 -0.1096272 0.6641031 -0.73956 0.9723376 0.1391503 -0.1876083 -0.1394823 0.7354148 -0.6631061 -0.09987256 0.6787754 -0.7275228 -0.07104622 0.7436989 -0.6647288 -0.05606218 0.7581611 -0.6496529 0.02105308 0.7850478 -0.6190774 -0.1912513 0.8517572 -0.4877834 -0.425469 0.8088571 -0.4058648 -0.5791778 0.7111592 -0.3985043 -0.637257 0.6868311 -0.3495233 -0.6341544 0.6729316 -0.3808035 -0.4465835 0.8403796 -0.3071242 -0.6220354 0.7591335 -0.1918026 -0.8375036 0.4701916 -0.278402 -0.7308337 0.6646496 -0.1553158 -0.7528453 0.6299331 -0.1908093 -0.6897856 0.6862843 -0.2306723 -0.6919631 0.6862797 -0.2240697 -0.8574685 0.4707816 -0.2076351 -0.8952435 0.338494 -0.2897601 -0.876224 0.4722451 -0.09600022 -0.8269407 0.1289798 -0.5472963 -0.7672167 0.06765166 -0.6378102 -0.7595076 -0.03149539 -0.6497355 -0.8401428 0.5347695 -0.09045263 -0.9072507 0.4153799 -0.06599808 -0.9407477 0.3273165 -0.08864394 -0.9535822 0.2910816 -0.07715182 -0.9212414 0.3578483 -0.1525087 -0.9062789 0.3975924 -0.1434536 -0.9376435 0.2919613 -0.1886352 -0.9491909 0.274616 -0.1536969 -0.9344054 0.1638868 -0.3162716 -0.9011201 0.04115873 -0.4316116 -0.938929 0.2151448 -0.268561 -0.8693885 0.001110739 -0.4941279 -0.9310874 0.01050414 -0.364645 -0.8953926 -0.08303584 -0.4374667 -0.9176144 -0.05090393 -0.3941986 -0.8556998 -0.1473197 -0.4960592 -0.7875777 -0.1530791 -0.5968987 -0.8033735 -0.257674 -0.5368382 -0.7983898 -0.2804754 -0.5328295 -0.7983898 -0.2804754 -0.5328295 -0.7385231 -0.09736203 -0.6671614 -0.7125482 -0.3076309 -0.6305856 -0.6781051 -0.2060033 -0.7055041 -0.6097376 -0.3212636 -0.7245755 -0.5833925 -0.04525878 -0.8109284 -0.6098194 -0.1617197 -0.7758654 -0.6161561 -0.3313564 -0.714531 -0.537425 -0.2287463 -0.8116954 -0.5103355 -0.3750852 -0.7738661 -0.4930926 -0.4003465 -0.7723874 -0.4180554 -0.3974254 -0.8168738 -0.4390529 -0.4022361 -0.803392 -0.4851765 -0.3085943 -0.8181524 -0.4632532 -0.08339677 -0.8822933 -0.3235182 -0.2863454 -0.9018549 -0.4198959 -0.2810705 -0.8629524 -0.3456016 -0.3784317 -0.8586903 -0.3035045 -0.4423547 -0.8439238 -0.3133047 -0.4600387 -0.8307855 -0.3133047 -0.4600387 -0.8307855 -0.2971754 -0.4682864 -0.8321025 -0.09612774 0.1475036 -0.9843791 -0.3055785 0.03214163 -0.9516242 -0.218963 -0.3835161 -0.8972015 -0.2558337 -0.5052961 -0.8241511 -0.1733859 -0.5121759 -0.8411975 -0.1231711 -0.563928 -0.8165868 -0.1815646 -0.5896613 -0.7869777 -0.1065532 -0.6042999 -0.7895999 -0.1114517 -0.3567008 -0.9275468 -0.1038613 -0.6652531 -0.7393586 -0.1351512 -0.6228001 -0.7706194 -0.1572031 -0.1946608 -0.9681913 -0.2628638 -0.09166101 -0.9604691 -0.3386465 -0.1553615 -0.9279986 -0.04971965 -0.607547 -0.7927261 -0.05193798 -0.7556944 -0.6528617 -0.1049276 -0.7903426 -0.6036131 -0.02193234 -0.7964464 -0.6043113 0.00483626 -0.8133222 -0.5817935 -0.001978153 -0.2480742 -0.968739 0.02796517 -0.9975002 -0.06489413 -0.09396595 -0.01270052 -0.9954944 -0.02594446 -0.05837394 -0.9979576 -0.1158646 -0.08586532 -0.9895466 -0.03366961 0.01392822 -0.999336 -0.1710176 0.1170291 -0.978293 -0.05345467 0.1060855 -0.9929192 -0.01676207 0.07552631 -0.9970029 -0.01120584 0.07764134 -0.9969184 -0.03196958 0.08741483 -0.9956589 -0.01444219 0.05508368 -0.9983773 -0.01464862 0.05502776 -0.9983774 -0.03088582 0.1979658 -0.9797222 -0.01615033 0.0806897 -0.9966084 -0.02461467 0.1149615 -0.9930649 -0.01912307 0.1751502 -0.984356 -0.02206648 0.120863 -0.9924239 -0.02206648 0.120863 -0.9924239 -0.01908595 0.1932351 -0.9809668 -0.01587845 0.1093451 -0.993877 -0.01387322 0.1926278 -0.9811738 -0.04718199 0.1979458 -0.9790768 -0.01325427 0.1991511 -0.9798792 -0.0177491 0.2056813 -0.9784581 -0.02232944 0.2068815 -0.9781112 -0.0154659 0.1978972 -0.9801008 0.01021223 0.04340091 -0.9990055 0.01021223 0.04340091 -0.9990055 -0.1188469 0.2273986 -0.9665223 -0.1073123 0.3075424 -0.9454638 -0.05301347 0.2701537 -0.9613566 -0.04702443 0.3400199 -0.9392418 -0.2203219 0.2281434 -0.9483717 -0.02465734 0.4588316 -0.8881811 -0.2571543 0.1076284 -0.9603582 -0.3575984 0.06063668 -0.9319048 -0.4933533 0.1176368 -0.8618376 -0.4691574 0.2500637 -0.8469708 -0.5784438 0.06667615 -0.8129926 -0.4397369 0.2378387 -0.8660625 -0.4900813 0.08102219 -0.8679031 -0.4900813 0.08102219 -0.8679031 -0.5016324 0.2157925 -0.8377342 -0.6760158 0.1080114 -0.7289281 -0.7230157 0.1207139 -0.6802033 -0.6403482 0.2307275 -0.7326111 -0.5715388 0.2491577 -0.7818336 -0.6265601 0.09077596 -0.7740686 -0.4729946 0.2295054 -0.8506488 -0.07922053 0.36238 -0.9286576 -0.02651907 0.4112892 -0.911119 -0.03425352 0.5081472 -0.8605888 -0.02255948 0.6124364 -0.7901979 -0.07386869 0.6488129 -0.7573541 0.02918287 0.7113898 -0.7021915 -0.02622485 0.6905191 -0.7228386 -0.02119238 0.6912161 -0.7223373 -0.02933153 0.2331621 -0.9719954 -0.06135073 0.741179 -0.6684982 -0.02470315 0.7071726 -0.7066093 -0.001698224 0.7453936 -0.6666225 -0.05804885 0.7886515 -0.6120941 -0.001095995 0.7648735 -0.6441796 -0.04847329 0.8498654 -0.5247659 -0.05163582 0.8665266 -0.4964528 -0.01171689 0.8577797 -0.5138839 -0.07546285 0.8792594 -0.4703279 -0.1565114 0.8416912 -0.5167786 -0.1758896 0.8631204 -0.4733772 -0.0443685 0.9007507 -0.4320643 -0.0464122 0.8975299 -0.4385043 -0.1477872 0.8908543 -0.4295784 -0.3439786 0.8059428 -0.4818039 -0.1621014 0.7687961 -0.6186078 -0.2652702 0.8705549 -0.4144464 -0.09385654 0.923491 -0.3719616 -0.06571717 0.9312612 -0.3583766 -0.06589202 0.9311151 -0.3587239 -0.02502413 0.9529458 -0.3021061 -0.07948806 0.9607994 -0.2656054 -0.06394257 0.8656575 -0.4965364 -0.03155535 0.8573309 -0.5137976 -0.3363623 0.8920648 -0.3017958 -0.1386712 0.9481092 -0.2861107 -0.2285809 0.9298299 -0.2883871 -0.2759067 0.9225236 -0.2698624 -0.188622 0.9652745 -0.1807398 -0.0872094 0.9848605 -0.149814 -0.07563504 0.9912625 -0.1080649 -0.04623604 0.9967435 -0.06606568 -0.03952249 0.9984052 -0.04031203 -0.09607389 0.9926138 -0.07407864 -0.3447644 0.9361863 -0.06850299 -0.3910823 0.8992341 -0.1960424 -0.4439807 0.8903639 -0.1006642 -0.5289742 0.8461438 -0.06501452 -0.5496483 0.8349815 -0.02631731 -0.573533 0.8167929 -0.06252317 -0.6710641 0.7400042 -0.04546214 -0.5921978 0.8019017 -0.07909129 -0.7346497 0.6776152 -0.03357841 -0.7125335 0.7016249 -0.004294894 -0.7024503 0.7067963 -0.08368113 -0.8253813 0.5624269 -0.04921151 -0.8384225 0.5445849 -0.02179551 -0.851485 0.5241062 -0.01691224 -0.9022293 0.4312565 -0.0003267236 -0.8928635 0.4502176 -0.009948522 -0.9254613 0.3787738 0.007189295 -0.9444221 0.327002 0.03371428 -0.9480187 0.3162558 0.03525196 -0.9480403 0.3158552 0.03814636 -0.9459369 0.3226299 0.03336527 -0.222275 0.9325547 -0.2844916 -0.9243719 0.3812338 -0.01404592 -0.9142097 0.4050798 -0.0114438 -0.4931228 0.8441469 -0.2103471 -0.9398771 0.3390603 0.04085441 -0.9428229 0.3317654 0.0318854 -0.918802 0.3946226 0.00871302 -0.8792669 0.4761097 -0.0144671 -0.9229634 0.3841613 0.0236345 -0.9349745 0.3531529 0.03325296 -0.8982682 0.4393467 -0.00941865 -0.8515486 0.5231401 -0.03448769 -0.784416 0.617061 -0.06266752 -0.618528 0.7728103 -0.1420822 -0.4850397 0.8388516 -0.2471121 -0.6888343 0.7196979 -0.08684605 -0.6884882 0.6932974 -0.2128914 -0.7159302 0.6962858 -0.05128462 -0.7442508 0.6642919 -0.06933255 -0.7442508 0.6642919 -0.06933255 -0.7577322 0.6408269 -0.1232185 -0.6813749 0.7265578 -0.08855525 -0.7842685 0.6150715 -0.08130205 -0.8231325 0.5627048 -0.07626427 -0.8534021 0.5174643 -0.06273331 -0.9051374 0.4243265 -0.02594845 -0.8261026 0.5619411 -0.04215133 -0.864683 0.5008735 -0.03806724 -0.9165411 0.3998931 0.0061607 -0.8950115 0.445006 -0.0303988 -0.9366902 0.3499138 0.01310573 -0.9239859 0.3812703 0.0297164 -0.9512933 0.3075265 0.02164625 -0.9454059 0.3257028 -0.0111946 -0.9523046 0.3045841 0.01855953 -0.9448221 0.3275403 -0.005340015 -0.9030254 0.4259902 -0.05547558 -0.9426332 0.3322772 -0.03216244 -0.9509019 0.3062513 -0.04467268 -0.8648388 0.4959975 -0.07771957 -0.8925187 0.4399184 -0.09940848 -0.9623696 0.2473037 -0.1126307 -0.9649697 0.2226266 -0.1388196 -0.9594457 0.2356975 -0.1546305 -0.9592313 0.2312042 -0.1625419 -0.9670114 0.1886012 -0.1712269 -0.9670114 0.1886012 -0.1712269 -0.9383712 0.3430555 -0.04209989 -0.9517952 0.306235 -0.01749641 -0.9408355 0.3273195 -0.08769507 -0.9259935 0.3666224 -0.09013329 -0.937017 0.3308137 -0.1120781 -0.9352483 0.3353833 -0.1132633 -0.9352483 0.3353833 -0.1132633 -0.9303053 0.3424914 -0.1312699 -0.89877 0.3670234 -0.2398047 -0.9125801 0.3620538 -0.1900386 -0.9282565 0.3531025 -0.1168699 -0.9235547 0.380379 -0.04856492 -0.9486394 0.316136 -0.01188739 -0.8992227 0.4187689 -0.1266144 -0.9537877 0.3004772 -0.001571999 -0.9491809 0.3146349 0.007783448 -0.9471162 0.3208105 0.007174837 -0.9467831 0.3218569 0.003147989 -0.8885914 0.4380301 -0.136143 -0.8954051 0.4221936 -0.1414292 -0.8986796 0.4168868 -0.1363095 -0.8531302 0.4989617 -0.1523354 -0.861449 0.4830151 -0.1568504 -0.8631993 0.4876215 -0.1308139 -0.8314917 0.5392814 -0.1334059 -0.845777 0.5110553 -0.153244 -0.8448963 0.5124649 -0.153395 -0.834537 0.5202505 -0.1813487 -0.8280678 0.5345117 -0.169118 -0.826521 0.5255928 -0.2015325 -0.8312141 0.5367516 -0.1448479 -0.825746 0.5441809 -0.1483599 -0.8182359 0.5613904 -0.1238174 -0.8078496 0.5687164 -0.1547277 -0.8106145 0.5645 -0.1557046 -0.8128842 0.5610142 -0.1564683 -0.8009732 0.5864468 -0.1205078 -0.8216431 0.56365 -0.08486025 -0.8349315 0.5446924 -0.0787379 -0.8254209 0.5594355 -0.07557981 -0.8273138 0.5558703 -0.08099434 -0.9487476 0.06737349 -0.3087697 -0.9213173 0.002391704 -0.3888043 -0.9213173 0.002391704 -0.3888043 -0.9543879 0.08507123 -0.2861932 -0.9543879 0.08507123 -0.2861932 -0.9126655 0.1979562 -0.3575681 -0.8835904 0.201042 -0.4229067 -0.8835904 0.201042 -0.4229067 -0.909392 0.177704 -0.3760685 -0.9339236 0.1992702 -0.2967796 -0.9544249 0.1971055 -0.2241039 -0.9340746 0.2024954 -0.2941093 -0.9506506 0.1780593 -0.2540834 -0.9662904 0.1989055 -0.1634606 -0.968084 0.1770157 -0.1774224 -0.9638466 0.251168 -0.0889631 -0.9871779 0.1380187 -0.08019176 -0.9907036 0.1271572 -0.04834739 -0.9943539 0.09417266 0.04890569 -0.9931704 0.08290579 0.08209218 -0.982689 0.05006914 0.1783689 -0.966092 0.04590596 0.2540845 -0.9805447 0.02215181 0.1950421 -0.9805447 0.02215179 0.195042 -0.9805447 0.02215179 0.195042 -0.9466977 0.02215182 0.3213608 -0.9405794 0.03855856 0.3373775 -0.9466977 0.02215188 0.3213609 -0.9466977 0.02215188 0.3213609 -0.9739585 0.082906 0.2110249 -0.8966531 0.02215171 0.4421792 -0.896653 0.02215187 0.4421796 -0.9794635 0.09417289 0.1782769 -0.9885385 0.1271574 0.08137992 -0.9891995 0.1380188 0.04934765 -0.9830164 0.1765581 -0.05006093 -0.9817415 0.1803624 -0.06043974 -0.9797849 0.198235 -0.0269162 -0.9669625 0.2399309 -0.08612044 -0.9786307 0.2044602 -0.02186068 -0.9786307 0.2044602 -0.02186068 -0.942839 0.2946252 -0.1557262 -0.942839 0.2946252 -0.1557262 -0.8651734 0.04434723 0.4995081 -0.9030392 0.05006923 0.4266302 -0.8312654 0.02215227 0.5554342 -0.8312655 0.02215218 0.555434 -0.8008011 0.03357268 0.5979886 -0.9380821 0.08290572 0.3363459 -0.9478146 0.09417262 0.3045965 -0.9573844 0.1326928 0.2565301 -0.9742957 0.1380187 0.1780412 -0.8861541 0.082906 0.455914 -0.8999474 0.09417292 0.4257067 -0.9294009 0.1121662 0.3516145 -0.981103 0.176768 0.07867599 -0.9812282 0.18022 0.06864373 -0.9763275 0.1895479 0.1041934 -0.9758255 0.1847849 0.1167008 -0.9515919 0.1804452 0.248822 -0.963874 0.17999 0.1963428 -0.9530261 0.1867552 0.2384611 -0.9503283 0.1810252 0.2531917 -0.9424438 0.2024036 0.2661436 -0.9457357 0.2051714 0.2519697 -0.9061447 0.1410145 0.398769 -0.8110001 0.1226039 0.5720553 -0.900885 0.2047582 0.3827274 -0.9008851 0.2047582 0.3827271 -0.8620065 0.2473594 0.4424455 -0.8567239 0.1845821 0.4816155 -0.8136679 0.1143646 0.5699696 -0.8181183 0.294625 0.4938405 -0.7965037 0.3666326 0.4807935 -0.7507664 0.0703411 0.656812 -0.7516549 0.02215195 0.6591845 -0.7034804 0.02964502 0.7100961 -0.6119944 0.027644 0.7903788 -0.7098836 0.1068991 0.6961593 -0.6179579 0.0395348 0.7852165 -0.5554343 0.02215206 0.8312653 -0.4995083 0.04434719 0.8651733 -0.4421796 0.02215212 0.8966529 -0.4421799 0.02215201 0.8966528 -0.3823071 0.0443471 0.9229705 -0.6442236 0.08300301 0.76032 -0.668389 0.09292424 0.7379845 -0.7232104 0.1501752 0.6741025 -0.7971119 0.1811169 0.5760289 -0.5394753 0.08290604 0.8379099 -0.5665898 0.09417321 0.8186009 -0.637365 0.1231297 0.7606608 -0.7499623 0.1913892 0.6331878 -0.6922651 0.2461422 0.6783679 -0.3213609 0.02215168 0.9466977 -0.3213608 0.02215173 0.9466977 -0.2585642 0.04434713 0.9649756 -0.755991 0.1928919 0.625516 -0.7992879 0.195824 0.5681477 -0.8380029 0.2046306 0.5058433 -0.8380036 0.2046306 0.5058422 -0.8380036 0.2046306 0.5058422 -0.195042 0.02215186 0.9805447 -0.1950421 0.02215184 0.9805447 -0.1781118 0.03855862 0.9832545 -0.06538779 0.02215179 0.997614 -0.06538745 0.02215194 0.997614 -0.2499112 0.07826818 0.9651002 -0.4254882 0.08300379 0.9011494 -0.4546128 0.09294495 0.8858264 -0.3526655 0.06658089 0.9333777 -0.525174 0.1513599 0.8374261 -0.5990551 0.1244656 0.7909749 -0.6186043 0.1801955 0.7647603 -0.3414124 0.1130514 0.93309 -0.6147334 0.2268066 0.7554215 -0.5569385 0.1934128 0.8077196 -0.6256564 0.3714496 0.6859878 -0.5147476 0.2295191 0.8260484 -0.6572101 0.3560773 0.6642919 -0.7388132 0.2912742 0.6077124 -0.5842298 0.5073701 0.6334439 -0.5852863 0.5066282 0.6330623 -0.5311844 0.6836979 0.5004002 -0.5593502 0.190523 0.8067393 -0.4370104 0.1997862 0.8769877 -0.4615266 0.669015 0.5825909 -0.3913438 0.1799862 0.9024716 -0.3889477 0.2235846 0.8937168 -0.3154443 0.1912532 0.9294714 -0.418588 0.1897579 0.8881307 -0.3090685 0.2001589 0.9297382 -0.1515115 0.1814299 0.9716622 -0.2164022 0.1390932 0.9663453 -0.1498643 0.1264659 0.9805851 -0.1777563 0.0829058 0.980576 -0.08204669 0.05006932 0.99537 -0.08130155 0.09417276 0.9922306 5.919503e-08 0.04434714 0.9990162 -0.04824466 0.08290577 0.9953889 0.1303974 0.044347 0.9904695 0.06538779 0.02215235 0.997614 0.06538745 0.02215221 0.997614 0.195042 0.02215179 0.9805447 0.1950421 0.02215181 0.9805447 0.2585643 0.04434708 0.9649756 0.3213609 0.02215188 0.9466977 0.3213608 0.02215182 0.9466977 0.3820443 0.03978017 0.9232874 0.0820917 0.08301824 0.9931611 0.04921326 0.09300177 0.994449 -0.03314982 0.1499291 0.9881409 -0.08405954 0.2268479 0.9702958 -0.1760557 0.1955149 0.9647685 -0.04330606 0.194881 0.9798704 -0.04856117 0.1905892 0.980468 -0.1060658 0.3616505 0.9262607 -0.03182568 0.3063885 0.9513744 0.01118695 0.2348462 0.9719682 -0.03742266 0.2030798 0.9784468 -0.03989299 0.4435148 0.8953788 0.1491297 0.2317811 0.9612689 -0.03599276 0.5300747 0.8471867 -0.07818406 0.6875861 0.7218813 -0.03286407 0.6098434 0.7918403 -0.006490809 0.759425 0.6505624 -0.1109677 0.7850062 0.6094682 -0.1122615 0.7844936 0.6098911 -0.1769921 0.6926698 0.6992012 -0.04722472 0.8449115 0.5328174 -0.02295586 0.7959695 0.6049013 -0.154312 0.513953 0.8438247 0.1003483 0.7581494 0.6443133 0.02414614 0.8366162 0.5472571 -0.1531495 0.5146837 0.8435911 -0.2292318 0.3688717 0.9007699 -0.1711931 0.2956497 0.939832 -0.1720255 0.294651 0.9399936 -0.04315783 0.8720965 0.487427 -0.1472343 0.843089 0.5172262 0.2141486 0.9071959 0.3621269 -0.1031075 0.8707375 0.480817 -0.2160093 0.8267823 0.5193948 0.05111863 0.8679818 0.4939579 0.05124087 0.8679809 0.493947 0.09754937 0.8279734 0.5522176 -0.227717 0.6828265 0.694185 -0.2679769 0.5118995 0.8161785 -0.2714131 0.50967 0.8164383 -0.3241613 0.3510806 0.8784429 -0.301455 0.2946248 0.9068192 -0.3014593 0.2946252 0.9068176 -0.3014502 0.2946244 0.906821 -0.3014502 0.2946244 0.906821 -0.4262052 0.2946243 0.8553044 -0.4436379 0.35164 0.824339 -0.4262025 0.2946241 0.8553058 -0.409608 0.3956664 0.8219911 -0.3847527 0.5057766 0.772111 -0.3821426 0.5075922 0.7722158 -0.5424599 0.2946234 0.7867238 -0.3758387 0.6793149 0.6302988 -0.324374 0.6901908 0.6468525 -0.5281238 0.3666326 0.7659411 -0.5424662 0.2946223 0.7867198 -0.5217688 0.3938565 0.7567261 -0.4897163 0.5057042 0.7102402 -0.489657 0.5057551 0.7102448 -0.2954441 0.7992076 0.523431 -0.1706368 0.908485 0.3814945 -0.3798438 0.8166256 0.4345587 -0.1102435 0.9236815 0.366959 -0.01174861 0.9691199 0.24631 -0.03182747 0.9344488 0.3546723 -0.2454334 0.8727581 0.4219665 -0.2542303 0.8717018 0.4189307 -0.2624196 0.870647 0.4160645 0.1466183 0.7959668 0.5873159 0.1235199 0.7486278 0.6513825 0.1486162 0.523256 0.8391164 0.1987571 0.7345681 0.6487722 0.05405434 0.6552227 0.7534994 0.0567493 0.4092295 0.910665 0.2022059 0.6583518 0.7250418 0.09437202 0.3110632 0.9456921 0.3004645 0.4474318 0.8423336 0.2344513 0.321136 0.9175534 0.2351816 0.327517 0.9151078 0.2643371 0.3340202 0.9047411 0.3477652 0.3611513 0.8652336 0.3365177 0.5152312 0.7882212 0.2914763 0.6328439 0.7173215 0.3494876 0.3064976 0.8853912 0.3138699 0.2132643 0.9252048 0.2914092 0.632752 0.7174298 0.2565847 0.731523 0.6316948 0.2511261 0.7447784 0.6182563 0.2278063 0.7959632 0.5608449 0.2131958 0.8384965 0.501469 0.1498593 0.8663795 0.4763704 0.1865123 0.8685419 0.4591821 0.1124375 0.8993649 0.4224932 0.2553437 0.8934995 0.3694025 0.143583 0.9254742 0.3505444 0.1599682 0.9213679 0.3542476 0.179286 0.9161555 0.3584907 0.0884083 0.9287381 0.3600409 0.1755711 0.9209855 0.3477938 0.2303633 0.9160393 0.3283363 0.09671027 0.9636062 0.2492192 0.3192668 0.8871275 0.3332769 0.1002781 0.9839003 0.1479341 0.4175603 0.8470786 0.3287876 0.3845142 0.8787981 0.2825999 0.341787 0.8770093 0.3376926 0.3696531 0.8394548 0.3983368 0.2793822 0.8683595 0.4097529 0.2839949 0.8254388 0.48785 0.4468879 0.7911814 0.4175203 0.4383909 0.795964 0.4174383 0.4927139 0.7864262 0.3725143 0.5449422 0.6977367 0.4649747 0.4496165 0.7839406 0.4281146 0.494152 0.7995762 0.3413089 0.4467829 0.7433101 0.4978707 0.3401923 0.7966918 0.4995512 0.3357233 0.7447785 0.5767104 0.3357233 0.7447784 0.5767105 0.4222667 0.7397773 0.5238515 0.3929561 0.6244401 0.675026 0.3963988 0.6279832 0.6697052 0.5087036 0.5753714 0.6404439 0.4757982 0.6423954 0.6007863 0.5056672 0.4347374 0.7451873 0.4297857 0.5215914 0.7370392 0.4686573 0.3565358 0.8082342 0.6331241 0.3787486 0.6750581 0.4938395 0.3046393 0.814443 0.4885335 0.3088537 0.8160542 0.5363211 0.2281409 0.8125955 0.5883378 0.3147318 0.7448507 0.5852282 0.3070522 0.7504845 0.6343157 0.2219499 0.7405281 0.5923224 0.2946243 0.7499005 0.6920657 0.2946242 0.6589701 0.6920649 0.2946241 0.658971 0.6876473 0.4075923 0.6008409 0.5983645 0.5602263 0.5728058 0.7519653 0.2953166 0.5893524 0.7365677 0.2952979 0.6084958 0.8016174 0.2954227 0.5197451 0.788732 0.3141468 0.5284068 0.8263601 0.2503016 0.5044582 0.8263601 0.2503016 0.5044582 0.8710771 0.2029652 0.4472469 0.7477862 0.392168 0.5357425 0.7417937 0.4075483 0.5325847 0.8389529 0.2026327 0.5050723 0.8682845 0.2055715 0.451467 0.8664429 0.2361301 0.4399082 0.8450758 0.3005271 0.4421882 0.8269553 0.3468152 0.4425654 0.6297982 0.4960201 0.597761 0.705617 0.4766075 0.5243567 0.6812803 0.5058351 0.5291389 0.6500754 0.5642125 0.5089855 0.6074373 0.6634167 0.4369189 0.4973832 0.7840298 0.3713585 0.4037886 0.8640556 0.3006038 0.4713438 0.8505304 0.233309 0.2048459 0.9563718 0.2083055 0.1658442 0.9647414 0.2043762 0.6586597 0.7514371 0.03885392 0.4480165 0.893512 -0.03029067 0.1182966 0.9853834 0.1225788 0.4618342 0.886733 -0.02034323 0.3641174 0.9282062 -0.07649743 0.4237045 0.901494 -0.08822111 0.2621436 0.8626389 -0.4325908 0.2662656 0.8696457 -0.4157149 0.3281135 0.9433635 -0.04905989 0.7552336 0.2030302 0.6232182 0.7472352 0.1767162 0.6406332 0.6548969 0.1755659 0.735042 0.708933 0.2043158 0.6750326 0.7454605 0.1299869 0.6537523 0.746411 0.1304031 0.6525838 0.7890412 0.06156095 0.611248 0.6040015 0.09146838 0.7917169 0.7278326 0.06985545 0.6821875 0.6109925 0.1683212 0.7735348 0.6466425 0.1489859 0.7481021 0.7491352 0.03158773 0.6616636 0.7090635 0.02819019 0.7045809 0.6591816 0.02235514 0.7516515 0.8311697 0.02684417 0.5553704 0.8312132 0.02686722 0.5553042 0.8676657 0.06603853 0.4927424 0.82445 0.1299186 0.5508206 0.6246749 0.1683725 0.7625168 0.5542933 0.1485144 0.8189642 0.477094 0.05589148 0.8770732 0.5529914 0.0261574 0.8327762 0.5553683 0.02698133 0.8311667 0.4811212 0.2051477 0.8523126 0.4386749 0.1810649 0.8802158 0.3753225 0.1807454 0.9091007 0.4385109 0.1304106 0.8892139 0.4396106 0.1307614 0.8886191 0.3819657 0.09455029 0.9193272 0.5091914 0.1729412 0.8430987 0.4404935 0.1816798 0.8791803 0.3174976 0.204736 0.9258933 0.2337161 0.1970664 0.9521248 0.318609 0.1324137 0.938592 0.2344809 0.1712949 0.95691 0.3036894 0.1380187 0.9427214 0.1279167 0.179611 0.9753857 0.1321577 0.1307045 0.9825735 0.2097129 0.1271573 0.9694594 0.1781861 0.0941733 0.97948 0.3045965 0.09417262 0.9478146 0.2110249 0.082906 0.9739585 0.4447733 0.02342092 0.8953369 0.4421792 0.02215171 0.8966531 -0.2674602 0.2048722 -0.9415373 -0.2336079 0.2048484 -0.9505075 -0.2674602 0.2048722 -0.9415373 -0.1375174 0.2384771 -0.9613624 -0.2568929 0.166642 -0.9519645 -0.1148811 0.1727523 -0.9782428 0.9541298 0.05324586 -0.2946206 -0.1301151 0.3957619 -0.9090889 -0.110189 0.4963349 -0.8611098 -0.1131502 0.5735408 -0.8113248 -0.09052277 0.7372747 -0.6695011 -0.08062407 0.7963993 -0.5993729 -0.07991975 0.7959099 -0.6001168 -0.2353232 0.3540194 -0.9051482 -0.2385534 0.2829479 -0.9289956 -0.2470132 0.3725853 -0.8945193 -0.2601497 0.2950116 -0.9193967 -0.2092965 0.5534288 -0.8061709 -0.2315389 0.4854098 -0.84307 -0.2446397 0.7138978 -0.656126 -0.3881401 0.6140401 -0.6872424 -0.464022 0.4491505 -0.76351 -0.426057 0.4550023 -0.7819516 -0.3403581 0.5163201 -0.7858562 -0.3770345 0.350052 -0.8575014 -0.3948696 0.3037967 -0.8670557 -0.386164 0.310895 -0.8684594 -0.504815 0.3123593 -0.8047319 -0.5040551 0.3108816 -0.8057798 -0.57502 0.248788 -0.7793949 -0.5192475 0.2033806 -0.8300713 -0.6062694 0.1697076 -0.7769406 -0.4505571 0.1856677 -0.8732272 -0.3196454 0.1758598 -0.9310747 -0.603994 0.09167135 -0.7916992 -0.5534538 0.1485081 -0.8195329 -0.6353778 0.167481 -0.7538204 -0.677012 0.1851593 -0.7122996 -0.5015625 0.04569619 -0.8639137 -0.5553683 0.02698139 -0.8311667 -0.552999 0.0261601 -0.8327711 -0.5773581 0.4364311 -0.690062 -0.6087943 0.3093811 -0.7305155 -0.6158736 0.2946229 -0.7306826 -0.6158736 0.2946229 -0.7306826 -0.6572676 0.3723218 -0.6552677 -0.5588186 0.5168127 -0.6485571 -0.4868924 0.6206541 -0.6145927 -0.5143496 0.6759395 -0.5277786 -0.7126799 0.2946228 -0.6366198 -0.7127703 0.2945072 -0.6365721 -0.7543557 0.2858897 -0.5909438 -0.7131001 0.2940985 -0.6363917 -0.7363549 0.3736607 -0.564056 -0.6429558 0.506686 -0.5743493 -0.7958913 0.3058929 -0.5224813 -0.6428493 0.5064558 -0.5746715 -0.7822065 0.4381076 -0.4429614 -0.5856347 0.6750754 -0.4486704 -0.7083999 0.522624 -0.4743773 -0.4066037 0.8324428 -0.376447 -0.3296265 0.8750192 -0.3545246 -0.664851 0.613137 -0.426657 -0.5476247 0.7548021 -0.361083 -0.4697415 0.806246 -0.3595974 -0.5038068 0.7959661 -0.335584 -0.3773894 0.8699905 -0.3173227 -0.3920766 0.861887 -0.3216003 -0.4158058 0.8728538 -0.2554051 -0.4198789 0.8700439 -0.2583124 -0.4360768 0.8726374 -0.219866 -0.2555405 0.926235 -0.277106 -0.3837382 0.8983737 -0.2137047 -0.3313781 0.9365073 -0.1146413 -0.1199501 0.9138907 -0.3878346 -0.3052085 0.9499798 -0.06622762 -0.05769029 0.922534 -0.3815795 -0.07907444 0.9229772 -0.3766435 -0.04041806 0.9245247 -0.378973 -0.07161472 0.9308716 -0.3582589 -0.03193152 0.949734 -0.3114254 -0.01946216 0.932874 -0.3596767 -0.05895294 0.9596833 -0.2748318 -0.03628869 0.9596869 -0.2787188 -0.02845413 0.9679894 -0.2493729 -0.1453642 0.9818712 -0.1216475 0.02176381 0.9766415 -0.21377 -0.09515348 0.968574 -0.2298047 -0.1089007 0.9908057 -0.0802791 -0.05752135 0.9853423 -0.1605984 -0.02107194 0.9890152 -0.1463038 -0.1151803 0.9923569 -0.04428557 0.03847056 0.9931921 -0.1099524 -0.127015 0.9882293 -0.08526405 -0.1525894 0.9877975 -0.03118636 -0.1535461 0.9876561 -0.03096854 -0.08721982 0.9928504 -0.08149113 -0.07040603 0.9969135 0.03473354 -0.05682311 0.9976205 0.03904414 0.01742099 0.999614 0.02164228 0.01742099 0.999614 0.02164228 0.01002561 0.9999462 0.002662357 0.03752089 0.9992928 -0.002476882 0.06999734 0.9974563 -0.01346139 -0.4108339 0.9079092 -0.08316504 -0.002740509 0.9999306 -0.01145823 -0.27612 0.9489223 0.1526574 0.01431219 0.9917819 0.1271367 -0.3216457 0.9463184 -0.03202248 0.6490812 0.4881606 -0.583432 0.05929161 0.9940025 0.09188898 0.1303451 0.8296555 -0.5428461 0.1658601 0.895655 -0.4126652 0.170134 0.9262398 -0.3363542 0.001126476 0.003423401 0.9999935 -0.1507168 0.9875581 0.04487099 -0.1112727 0.9889847 0.09760967 -0.1763801 0.8824905 0.4360053 -0.2485683 0.9149355 0.3179731 -0.3427987 0.9389926 -0.02796267 -0.4247621 0.9047267 0.03235434 -0.4309866 0.8941725 0.1212689 -0.3875717 0.8720747 0.2987873 -0.4894043 0.872002 0.00979377 -0.4927559 0.8701676 3.33995e-05 -0.491058 0.8698918 -0.04637222 -0.4981176 0.8277807 0.2581819 -0.5356858 0.8270048 0.1705983 -0.442302 0.8345738 0.3284136 -0.558898 0.6906491 0.4589518 -0.6681362 0.5093231 0.5423874 -0.6660684 0.5108096 0.5435314 -0.7134611 0.3898851 0.5822053 -0.6202999 0.6947637 0.3640486 -0.7603061 0.3674261 0.535661 -0.7403824 0.2946248 0.6041772 -0.8181178 0.2946249 0.4938416 -0.7391676 0.5045307 0.4461838 -0.73564 0.5076736 0.4484432 -0.668456 0.6631534 0.3367406 -0.602894 0.7520878 0.2662384 -0.511552 0.8387458 0.186601 -0.7281534 0.6215053 0.2890047 -0.7838159 0.5166648 0.3445143 -0.4612383 0.8716333 0.1658752 -0.4533388 0.8725246 0.1821667 -0.5651007 0.8165965 0.1176066 -0.8521179 0.435106 0.2908227 -0.8506698 0.3700595 0.3733858 -0.8785945 0.3044913 0.3679087 -0.8795324 0.2946247 0.3736563 -0.8795324 0.2946247 0.3736563 -0.8747072 0.3111212 0.3716059 -0.9183365 0.3111193 0.2446688 -0.9183364 0.311119 0.2446698 -0.9444859 0.2896033 0.1551655 -0.9718431 0.2049722 0.1162212 -0.9718431 0.2049722 0.1162212 -0.8701638 0.4636854 0.1667657 -0.9399004 0.3182393 0.1237372 -0.7502495 0.6287218 0.2045351 -0.7536055 0.6259123 0.2007796 -0.6448707 0.7447434 0.1717527 -0.6449136 0.7446907 0.1718205 -0.6011022 0.795922 0.07200253 -0.6625902 0.7447787 0.07923965 -0.6731877 0.7350762 0.08050682 -0.7690612 0.6325235 0.09197195 -0.6011838 0.7958379 0.0722503 -0.6451246 0.764073 -0.002588233 -0.7689569 0.63263 0.09211123 -0.8524656 0.5154829 0.08706192 -0.9287566 0.3668413 0.05327828 -0.9488516 0.2946254 0.1134749 -0.8596372 0.5103209 -0.02442286 -0.8576855 0.5138176 -0.0191562 -0.9234265 0.3742923 -0.08478705 -0.7175315 0.6933548 -0.06639051 -0.9553748 0.2946247 -0.02133829 -0.9553745 0.2946253 -0.02134119 -0.9553745 0.2946253 -0.02134119 -0.7869194 0.6167651 -0.01894007 -0.5649919 0.8250253 0.01083314 -0.6205536 0.7840338 -0.01428705 -0.4933338 0.8678548 0.05873449 -0.4813801 0.8720541 0.08828822 -0.487576 0.870002 0.07325453 -0.475458 0.8737505 0.1024686 -0.6124391 0.7840196 -0.1011514 -0.6041352 0.7913222 -0.09396732 -0.5206062 0.8466665 -0.1101139 -0.5972536 0.7959635 -0.09864173 -0.6491457 0.743593 -0.1602478 -0.8169298 0.5602194 -0.1370402 -0.8568876 0.4961315 -0.1399895 -0.9143954 0.3755971 -0.1510225 -0.9428403 0.2946241 -0.1557202 -0.9428402 0.294625 -0.1557192 -0.5771793 0.7959342 -0.1826274 -0.4995636 0.8471628 -0.1809734 -0.6236963 0.7432602 -0.2420066 -0.7808078 0.5752192 -0.2438484 -0.7314301 0.6421799 -0.2293794 -0.861126 0.4284026 -0.2737392 -0.8894102 0.365484 -0.2745375 -0.9075787 0.3018591 -0.2918595 -0.9056032 0.3139701 -0.2851413 -0.9114971 0.2946247 -0.2870004 -0.9114971 0.2946247 -0.2870004 -0.546509 0.7955572 -0.2615657 -0.618139 0.7282704 -0.2958486 -0.7047763 0.624107 -0.337314 -0.7046697 0.6248491 -0.3361609 -0.8130567 0.4369529 -0.3847219 -0.8572426 0.3119596 -0.4096538 -0.8563918 0.3139813 -0.4098888 -0.8571817 0.3073789 -0.4132285 -0.4637964 0.8708103 -0.163041 -0.5072393 0.8266376 -0.2436772 -0.5456884 0.7959876 -0.2619693 -0.5456884 0.7959876 -0.2619693 -0.4780055 0.8720995 -0.1046579 -0.48828 0.8689529 -0.08064442 -0.4830979 0.8733782 -0.06186277 -0.997614 0.02215235 0.06538779 -0.997614 0.02215235 0.06538779 -0.997614 0.02215221 0.06538745 -0.9970203 0.04099129 0.06534757 -0.9975638 0.05006899 0.04857608 -0.9953889 0.08290577 -0.04824466 -0.9922306 0.09417276 -0.08130155 -0.9759175 0.1271574 -0.1772456 -0.9573844 0.1326928 -0.2565302 -0.9327856 0.1380187 -0.3329592 -0.9731299 0.09417267 -0.2101184 -0.8831118 0.1772526 -0.4343905 -0.980576 0.0829058 -0.1777563 -0.8817012 0.1986283 -0.42796 -0.99537 0.05006932 -0.08204669 -0.8507975 0.1986587 -0.4864959 -0.9970202 0.04099169 -0.06534756 -0.997614 0.02215194 -0.06538745 -0.997614 0.02215179 -0.06538779 -0.997614 0.02215179 -0.06538779 -0.8184237 0.176527 -0.546828 -0.8150111 0.1984577 -0.5444001 -0.7808972 0.1766218 -0.5991696 -0.8607426 0.1191283 -0.4949046 -0.8997461 0.1289791 -0.4169188 -0.8180251 0.1373658 -0.5585388 -0.7974472 0.0631289 -0.6000773 -0.6342046 0.1810483 -0.7516688 -0.7454669 0.1299225 -0.6537578 -0.8311765 0.02653845 -0.555375 -0.8296798 0.025743 -0.5576457 -0.7464434 0.1303473 -0.6525579 -0.8623442 0.0379309 -0.5048997 -0.7279505 0.06994282 -0.6820529 -0.749008 0.03153812 -0.6618099 -0.7090604 0.02819501 -0.7045839 -0.8966529 0.02215212 -0.4421796 -0.8966645 0.02216382 -0.4421555 -0.6591813 0.02236932 -0.7516512 -0.6474118 0.1489811 -0.7474373 -0.7311076 0.2006231 -0.6520982 -0.7315865 0.2006151 -0.6515633 -0.920158 0.06166533 -0.386661 -0.938331 0.0934436 -0.3328712 -0.9663321 0.04009735 -0.2541545 -0.9466967 0.02219691 -0.3213606 -0.946688 0.02218762 -0.3213869 -0.9805447 0.02215186 -0.195042 -0.9805447 0.02215184 -0.1950421 -0.979961 0.04099144 -0.1949261 -0.97862 0.06641305 -0.1946593 0.9947482 -0.005071089 -0.1022265 0.9947473 -0.005077931 -0.1022351 0.9947473 -0.005077931 -0.1022351 0.9971769 0.004183419 -0.07497205 0.9958043 0.005587769 -0.09133743 0.9967818 0.01353833 -0.07901108 0.9977565 -0.006954478 -0.06658532 0.9983319 0.01285289 -0.0562862 0.9998421 0.002116091 -0.01764622 0.9990036 -0.007006543 0.04407513 0.9978943 -0.01473944 0.063164 0.9979079 -0.01160841 0.06360103 0.8329948 0.02058194 -0.5528978 0.8853041 0.02101632 -0.4645374 0.8853041 0.02101632 -0.4645374 0.7928445 0.02135447 -0.6090497 0.8358639 0.01687507 -0.5486773 0.8372004 0.01578522 -0.5466683 0.8253825 0.02216595 -0.5641386 0.7939597 0.0254097 -0.6074391 0.7069326 0.02219942 -0.7069325 0.8247257 0.04560757 -0.5636909 0.7694212 0.02417987 -0.6382839 0.7187567 0.02624063 -0.6947663 0.6086119 0.0221995 -0.7931575 0.6936932 0.04681928 -0.7187474 0.6252723 0.02975169 -0.7798393 0.6583074 0.05610752 -0.7506553 0.4998767 0.0221996 -0.865812 0.6090348 0.05046037 -0.7915367 0.4996199 0.04325027 -0.8651644 0.5540906 0.07294198 -0.8292545 0.4421799 0.02215201 -0.8966528 0.4977311 0.05444229 -0.865621 0.3820895 0.04372143 -0.9230905 0.4107026 0.06334182 -0.9095665 0.3475054 0.06743603 -0.9352499 0.3213609 0.02215168 -0.9466977 0.3213608 0.02215173 -0.9466977 0.2586253 0.04442989 -0.9649554 0.3150652 0.07405548 -0.9461764 0.2789635 0.09277752 -0.9558094 0.3160557 0.08275399 -0.9451246 0.2133456 0.09533894 -0.9723138 0.195042 0.02215186 -0.9805447 0.1950421 0.02215184 -0.9805447 0.1307353 0.03981716 -0.9906174 0.1944321 0.08208382 -0.9774755 0.1258791 0.09181636 -0.9877875 0.1998886 0.09287118 -0.9754074 0.1565821 0.10611 -0.9819484 0.1565821 0.10611 -0.9819484 0.06538779 0.02215179 -0.997614 0.06246481 0.023429 -0.9977721 0.01949579 0.06272252 -0.9978406 0.06256128 0.1061042 -0.992385 -0.06537996 0.02701568 -0.9974947 -0.06244929 0.02616971 -0.997705 -0.1293787 0.07635157 -0.9886514 0.05651833 0.1143827 -0.9918277 -0.150522 0.1481777 -0.9774387 0.08867863 0.134675 -0.9869137 -0.3285369 0.1745088 -0.9282296 0.0538651 0.1276879 -0.9903506 0.036328 0.1384264 -0.9897062 0.0233508 0.1450558 -0.9891479 -0.01139467 0.151005 -0.9884673 -0.05763328 0.1542993 -0.9863418 0.01849866 0.1815286 -0.9832117 -0.04198693 0.1603188 -0.9861719 -0.4251687 0.168236 -0.8893415 -0.4343292 0.1674544 -0.8850521 0.1829312 0.1201937 -0.9757508 0.118099 0.1390745 -0.9832146 0.1058799 0.1311864 -0.9856874 0.1750962 0.1006434 -0.9793938 0.1108148 0.0991528 -0.9888826 0.2435323 0.09397131 -0.9653297 0.264505 0.1858739 -0.9463023 0.2699039 0.1342702 -0.9534796 0.28362 0.09847776 -0.9538668 0.0802402 0.1414548 -0.9866874 0.07378589 0.142462 -0.9870462 0.2572769 0.1250812 -0.9582084 0.06608361 0.6999641 -0.7111141 0.3379744 0.04880987 -0.9398888 0.4435028 0.04523809 -0.8951306 0.03764714 0.1479133 -0.9882835 0.0452468 0.1456081 -0.9883071 0.02615553 0.1525411 -0.987951 0.01361874 0.1605613 -0.9869319 0.01361874 0.1605613 -0.9869319 0.04889912 0.1400075 -0.9889423 0.07878931 0.1540393 -0.9849183 0.07340762 0.1094568 -0.9912772 0.1036233 0.09308851 -0.9902508 0.07552488 0.09022542 -0.9930536 0.144924 0.04643133 -0.9883528 0.1726736 -0.02268654 -0.9847178 0.2698341 -0.003858021 -0.9628991 0.2591845 -0.2146228 -0.9416796 0.1815296 0.05281889 -0.981966 0.2959051 -0.0542893 -0.9536734 0.2839323 -0.3055043 -0.9088727 0.4076479 -0.1707613 -0.8970305 0.3929343 -0.3638676 -0.8445134 0.3168312 -0.1624245 -0.9344711 0.2047765 -0.201941 -0.9577507 0.1073189 -0.01187211 -0.9941538 0.306069 -0.4438524 -0.8422095 0.05356341 0.03744553 -0.9978621 0.3767866 -0.5997508 -0.7059255 0.03145711 0.133735 -0.9905177 0.01791767 0.1493357 -0.9886242 0.001888447 0.1712991 -0.9852173 0.0121988 0.1707315 -0.9852421 -0.00618903 0.1822278 -0.9832369 -0.002829503 0.1564762 -0.9876777 -0.01687805 0.1643435 -0.9862588 0.01078145 0.1075679 -0.9941393 0.01889838 0.09006043 -0.995757 -0.01899345 0.03702906 -0.9991337 -0.005272003 0.0340379 -0.9994066 0.04098339 -0.03463521 -0.9985593 0.04727206 -0.06306453 -0.9968893 0.01907935 -0.1088117 -0.9938793 -0.0133249 -0.03338762 -0.9993536 -0.01242757 -0.03275073 -0.9993863 -0.01178418 -0.03229406 -0.9994089 0.08007502 -0.1182588 -0.9897489 0.1239635 -0.221031 -0.9673564 0.026343 -0.2044895 -0.9785142 0.02797135 -0.3114376 -0.9498548 0.01878268 -0.2952524 -0.9552346 0.1178603 -0.2938307 -0.9485634 0.1951082 -0.3115079 -0.9299976 0.00563946 -0.5310959 -0.8472929 0.01851138 -0.6276543 -0.7782721 0.009677513 -0.5779145 -0.8160399 0.04188662 -0.6304438 -0.7751039 0.2215099 -0.3777166 -0.8990348 0.2297094 -0.4342062 -0.871033 0.04271245 -0.4376266 -0.8981418 0.1186414 -0.3909423 -0.9127367 0.255721 -0.6227588 -0.7394445 0.591153 -0.4721188 -0.6539434 0.6035038 -0.1980915 -0.772362 0.7612779 -0.4514896 -0.4654171 0.4866286 -0.100095 -0.8678557 0.5271222 -0.010093 -0.8497295 0.5257702 0.05194767 -0.849039 0.5766778 -0.04419841 -0.8157752 0.5757441 -0.06413385 -0.8151108 0.6455364 -0.03064905 -0.7631142 0.6392856 0.03551501 -0.7681489 0.7713198 -0.02112556 -0.6360971 0.6975755 0.04688047 -0.7149759 0.7831168 -0.000991947 -0.6218738 0.8323985 0.01356982 -0.5540113 0.8487558 0.0328207 -0.5277655 0.890166 -0.02426662 -0.4549897 0.8811575 0.01434085 -0.4726054 0.8832086 0.01247418 -0.4688145 0.8933079 0.01422744 -0.44922 0.871435 -0.139022 -0.4703976 0.8597484 -0.3058351 -0.4090202 0.832897 -0.4604822 -0.3069833 0.8268252 -0.3229492 -0.460504 0.7785216 -0.2116675 -0.5908477 0.9893786 -0.1331003 -0.05843118 0.9953273 -0.08531033 -0.04523065 0.9953273 -0.08531033 -0.04523065 0.9888056 -0.1368483 -0.05946414 0.9888056 -0.1368483 -0.05946414 -0.461593 -0.3091257 -0.8314886 -0.461593 -0.3091257 -0.8314886 -0.4478316 -0.3117956 -0.8379919 -0.3907976 -0.3461138 -0.8529258 -0.3912797 -0.3218014 -0.862174 -0.3944713 -0.3314204 -0.8570606 -0.3750646 -0.3734571 -0.8484435 -0.4512197 -0.2741547 -0.8492585 -0.4188366 -0.2660804 -0.8682034 -0.3582036 -0.2161618 -0.9082754 -0.4760303 -0.2441898 -0.844847 -0.4570393 -0.2031179 -0.8659435 -0.4871071 -0.2048083 -0.8489878 -0.5104563 -0.1658058 -0.8437671 -0.4981278 -0.1878729 -0.846506 -0.4335234 -0.1889827 -0.8811033 -0.419273 -0.2327588 -0.8775155 -0.443773 -0.05496729 -0.8944518 -0.3707398 -0.1605663 -0.9147516 -0.437549 -0.1245646 -0.8905249 -0.5344158 -0.1081077 -0.8382795 -0.5183925 -0.06015029 -0.8530247 -0.5116848 -0.04846861 -0.8578051 -0.347303 -0.1700179 -0.9222118 -0.3226031 -0.2034081 -0.92442 -0.3223121 -0.1984572 -0.9255969 -0.3384548 -0.0305006 -0.9404882 -0.3463949 -0.1384801 -0.9278113 -0.4699912 0.03670938 -0.8819074 -0.5243051 -0.02000976 -0.8512953 -0.5273355 0.009784564 -0.8496008 -0.5375107 0.06958845 -0.8403807 -0.564385 0.1265213 -0.8157585 -0.5457121 0.08991443 -0.8331349 -0.4078773 0.0851269 -0.9090597 -0.4864488 0.07656003 -0.8703483 -0.507349 0.119447 -0.8534222 -0.5010958 0.1471935 -0.852782 -0.5369168 0.1692605 -0.8264812 -0.5277631 0.1434553 -0.8371897 -0.475089 0.2109371 -0.8542809 -0.497082 0.2102348 -0.8418496 -0.3763062 0.1688494 -0.9109794 -0.481399 0.2637999 -0.8358616 -0.4648412 0.3042039 -0.8314942 -0.4312133 0.2353762 -0.871007 -0.4440552 0.2871741 -0.848732 -0.4443596 0.3504524 -0.824456 -0.4825851 0.2633493 -0.8353196 -0.1215578 0.07910826 -0.9894269 -0.2711974 0.2991862 -0.914844 -0.3069942 0.03725874 -0.9509818 -0.2548987 -0.09017206 -0.9627542 -0.3237857 0.09780812 -0.9410613 -0.2510527 -0.1300685 -0.9591948 -0.2720062 0.1998903 -0.9413057 -0.2131518 -0.1764736 -0.9609492 -0.2406052 -0.2540161 -0.936795 -0.1767264 0.3385471 -0.9242043 -0.1551442 0.2472346 -0.9564546 -0.05678694 0.2826623 -0.9575371 -0.3556529 -0.1087382 -0.928271 -0.02347299 0.3601497 -0.9325992 -0.06514648 -0.2566989 -0.9642933 -0.07052756 -0.1019487 -0.9922864 -0.003670301 -0.08957713 -0.9959731 0.1052004 -0.3273358 -0.9390336 0.05474702 -0.1861426 -0.9809963 -0.2304383 -0.2617455 -0.9372233 -0.1396492 -0.4027818 -0.90458 -0.3326268 -0.3379257 -0.8804349 -0.2964381 -0.3774251 -0.8773111 -0.3414907 -0.3838887 -0.8579124 -0.3162024 -0.4197033 -0.8508027 -0.2505995 -0.4240336 -0.8702847 -0.2346554 -0.4260772 -0.8737248 -0.1541064 -0.4538552 -0.8776484 -0.2832805 -0.4823733 -0.8288958 -0.3009069 -0.4415011 -0.8452998 -0.3316955 -0.4623519 -0.8223192 -0.2456377 -0.5026274 -0.8288714 -0.1799962 -0.5067941 -0.8430665 -0.2389616 -0.4960789 -0.8347473 -0.138164 -0.5076699 -0.8504011 -0.07621857 -0.5429039 -0.836329 -0.1241111 -0.5629566 -0.8171146 0.01202746 -0.5320057 -0.8466553 0.06980497 -0.5905522 -0.8039747 0.05995399 -0.5757835 -0.815401 0.0374711 -0.4413929 -0.8965312 0.07838704 -0.5329004 -0.8425394 0.1712636 -0.4764209 -0.8623758 0.1550717 -0.5374061 -0.8289436 0.1188424 -0.5318458 -0.8384608 0.1659236 -0.5391308 -0.8257162 0.2102302 -0.4797661 -0.8518379 0.2005892 -0.4495661 -0.8704334 0.3018087 -0.4609456 -0.8345302 0.278965 -0.5109643 -0.8130769 0.2712919 -0.3983566 -0.8761922 0.36249 -0.4166892 -0.8336493 0.3303047 -0.3001609 -0.8948755 0.4109623 -0.4101018 -0.814203 0.4291003 -0.4129021 -0.8033585 0.3666989 -0.3504053 -0.8618283 0.408302 -0.2783627 -0.8693697 0.4657507 -0.324022 -0.8234598 0.4292231 -0.3390932 -0.837128 0.4775259 -0.2739237 -0.8348262 0.4962035 -0.2210836 -0.8395857 0.5287772 -0.2241332 -0.8186324 0.5219336 -0.1841577 -0.8328693 0.3857831 -0.1956847 -0.901598 0.4492858 -0.2329689 -0.8624777 0.5093217 -0.1459998 -0.8481011 0.5590231 -0.1543877 -0.8146518 0.5590176 -0.1544073 -0.8146519 0.4584639 -0.178597 -0.8705825 0.4853861 -0.0659705 -0.8718075 0.4787527 -0.1031839 -0.8718652 0.555993 -0.02160945 -0.830906 0.5018995 -0.08238291 -0.8609936 0.5160053 -0.07927286 -0.8529094 0.5986925 0.01789129 -0.8007791 0.5347202 0.05910703 -0.8429594 0.5273205 0.06001809 -0.847544 0.424594 0.1147278 -0.8980854 0.5370823 0.1426054 -0.8313882 0.3049159 -0.06085215 -0.9504332 0.0009097063 -0.0001960659 -0.9999996 0.4425276 0.1883187 -0.8767585 0.5032847 0.1766229 -0.8458776 0.4932723 0.1854796 -0.8498704 0.4932723 0.1854796 -0.8498704 0.4812787 0.2811095 -0.83027 0.4320186 0.3293248 -0.8395863 0.3726299 0.4139768 -0.8305241 0.4371346 0.3660714 -0.8215261 0.08381085 0.05090346 -0.9951807 0.3014933 0.4413767 -0.8451558 0.2879317 0.2871482 -0.913587 0.2694129 0.4603744 -0.8458558 0.2304994 0.5132533 -0.8267049 0.3820028 0.2794571 -0.8808959 0.3839615 0.2997118 -0.8733536 0.1819419 0.4844937 -0.8556652 0.2295545 0.5030376 -0.8332214 0.1874849 0.5371473 -0.8223881 0.09407225 0.5331168 -0.8407954 0.1553827 0.5418775 -0.8259691 0.09079998 0.5084258 -0.8563052 -0.003711988 0.5504388 -0.8348673 0.1969042 0.4100881 -0.8905372 0.01757701 0.5253636 -0.8506962 0.0882222 0.4826806 -0.8713416 0.04165689 0.4894607 -0.8710298 -0.005894233 0.5220047 -0.8529223 -0.0704083 0.5156961 -0.8538737 -0.1003652 0.5546367 -0.8260175 -0.01845917 0.4241546 -0.9054016 -0.1355618 0.5414957 -0.829702 -0.135912 0.5390876 -0.8312114 -0.1785995 0.4957783 -0.849886 -0.1211446 0.4773666 -0.8703132 -0.06452942 0.4872789 -0.8708589 -0.2362119 0.4765304 -0.846831 -0.2159862 0.5104823 -0.8323207 -0.2985716 0.4570933 -0.837807 -0.3450657 0.4116645 -0.8434821 -0.3524346 0.4066657 -0.84286 -0.3658982 0.3604382 -0.8580226 -0.3902336 0.3063496 -0.8682555 -0.3553797 0.3379164 -0.8715032 -0.3382428 0.3529113 -0.8723792 -0.07133243 0.3947216 -0.9160276 -0.3878524 0.352254 -0.8517556 -0.4314295 0.3289078 -0.8400525 -0.4314295 0.3289078 -0.8400525 0.06015011 0.398019 -0.9154031 0.1399708 0.3087319 -0.9407937 0.3087165 0.06868406 -0.948671 0.2883008 0.2486397 -0.924695 0.369328 -0.06817745 -0.9267949 0.1776853 0.2126184 -0.9608441 0.06003139 0.2591776 -0.9639622 -0.0008577688 0.2321384 -0.9726824 0.01677922 0.2817222 -0.9593493 0.1849868 -0.1781746 -0.9664542 0.491764 -0.1195788 -0.8624785 0.05806992 -0.05625291 -0.9967264 0.2153989 -0.327238 -0.9200645 0.1429188 -0.3381928 -0.9301612 0.07780358 0.1130179 -0.9905421 -0.01299911 0.1702627 -0.985313 0.04512913 0.1942778 -0.9799079 0.154553 0.1010651 -0.9828017 0.140027 0.02419519 -0.989852 -0.1747755 0.1196499 -0.9773113 -0.03814887 0.1531793 -0.9874618 -0.02190977 -0.0215682 -0.9995273 0.1340958 -0.01410326 -0.990868 -0.07153695 0.1242248 -0.989672 0.1275758 -0.05222343 -0.990453 -0.1219616 0.09441287 -0.9880342 0.1029223 -0.1000814 -0.9896417 -0.1506905 0.05219287 -0.9872022 0.06670702 -0.1370603 -0.988314 -0.1658276 0.004904829 -0.9861426 0.02823407 -0.1545229 -0.9875857 -0.1598439 -0.05162161 -0.9857916 -0.01509818 -0.1627034 -0.9865595 -0.1285855 -0.1122887 -0.9853208 -0.07035466 -0.1501303 -0.9861598 0.9860192 -0.1406916 0.08928574 0.9860192 -0.1406916 0.08928574 0.9845121 -0.1745976 0.01586048 0.9922144 -0.124262 0.008337472 0.9857317 -0.1682513 0.00495149 0.9648861 -0.2623475 -0.01298818 0.9710848 -0.2386756 0.005313327 0.9483712 -0.3163739 -0.02235459 0.9298698 -0.3649821 -0.0461541 0.9259979 -0.3766172 -0.02621803 0.9051633 -0.4194689 -0.06873956 0.9051633 -0.4194689 -0.06873956 -0.2698543 0.8194833 -0.5055944 -0.3082144 0.784004 -0.5388335 -0.3082144 0.784004 -0.5388335 -0.07024725 0.9511335 -0.3006831 0.09171145 0.9792975 -0.1804591 -0.04248799 0.955706 -0.29124 -0.8389475 0.4880086 -0.2408624 -0.8014324 0.5495223 -0.2360748 0.1236308 0.9787809 -0.1634115 -0.05808505 0.9971556 -0.04802916 -0.2411451 0.9692974 -0.04807889 -0.2468648 0.9678578 -0.04805327 -0.2360679 -0.8866569 -0.3976325 -0.2400236 -0.8926099 -0.3816231 -0.2360679 -0.8866569 -0.3976325 -0.2746096 -0.9297689 -0.2451924 -0.3411411 -0.9378438 0.06381004 -0.3005496 -0.953037 -0.03728919 -0.3587735 -0.7798841 -0.5128961 -0.6083527 -0.6842015 0.4022131 -0.3464999 -0.7542926 -0.5576562 -0.4558628 -0.7903995 0.409216 -0.5837611 -0.6885867 0.4301991 -0.7372234 -0.5331186 0.4150737 -0.7721418 0.08014461 0.630376 -0.5576891 -0.01883615 0.8298361 -0.5576891 -0.01883615 0.8298361 -0.5833096 -0.0952869 0.8066414 -0.8521503 0.2172462 0.4760714 -0.2757266 0.2747451 0.9211352 -0.3065699 -0.06285416 0.9497706 -0.5482684 0.2095326 0.8096282 -0.7923544 0.04200955 0.608613 -0.9170888 0.08807011 0.3888339 -0.9287672 0.1653781 0.3317251 -0.3609655 -0.6047577 0.7099099 -0.03980061 -0.1499522 0.9878918 -0.03980061 -0.1499522 0.9878918 -0.4483914 0.2768058 0.8498963 -0.3566786 -0.6938156 0.6256199 -0.4314534 0.3685251 0.8234301 0.9402828 -0.3365812 -0.05080781 0.2509387 -0.9582225 -0.1372564 0.9402828 -0.3365812 -0.05080781 0.9900949 -0.09019659 -0.1075953 0.9869818 -0.1168781 -0.1104829 0.2009303 -0.9701596 -0.1357106 -0.1997395 -0.5746528 0.7936487 0.3937383 -0.2483895 0.885027 0.3937383 -0.2483895 0.885027 0.1305481 -0.3623799 0.9228424 0.2799546 -0.26555 0.9225555 -0.03553812 -0.8681023 0.4951115 -0.03946603 -0.9023044 0.4292892 -0.009594796 -0.9851587 0.1713774 0.1197039 -0.9862257 0.1141487 0.02167089 -0.3529571 0.9353885 0.08932272 -0.5700035 0.8167726 -0.09475907 -0.3709389 0.9238101 0.1559333 -0.9765941 0.1481511 0.3283257 -0.9409431 0.08263351 0.03136508 -0.9970929 0.06944114 0.3419281 -0.9355594 0.08839567 -0.01199755 -0.9999264 -0.001782301 -0.01277508 -0.9999171 -0.001608528 -0.01500648 -0.9998868 -0.001109801 0.8647407 -0.4782362 0.1533418 0.9235524 -0.3348833 0.1868267 0.9678695 -0.1491035 0.2024764 0.9584067 -0.2036154 0.1999933 0.9480031 -0.2120937 0.2372895 0.7080092 -0.7027605 0.06964709 0.8947145 -0.4170136 0.1599549 0.9434835 -0.1460897 0.2974838 0.9379457 -0.1411914 0.3167377 0.8055797 -0.5898012 0.05635549 0.8641631 -0.4988149 0.06637649 0.04605812 -0.9989324 0.003570178 0.9246291 -0.1397522 0.3543025 0.914614 -0.1654059 0.3689473 0.9145565 -0.1665119 0.3685922 0.8917114 -0.1437166 0.4291811 0.9146535 -0.1646314 0.3691957 0.933477 -0.1755158 0.3127538 0.4130878 -0.9106911 0.0004535048 0.8636191 -0.4988493 0.07287949 0.1312512 -0.9911769 -0.01848078 0.3796381 -0.9251307 -0.002844447 0.8959547 -0.1940103 0.3995312 0.9281189 -0.2398533 0.2847202 0.1304696 -0.991398 0.01037781 0.9295773 -0.3098068 0.1997642 0.9233341 -0.2512417 0.2903994 -0.004032597 -0.9999918 0.0002145842 -0.01300666 -0.9999146 -0.001303124 0.004044242 -0.9999633 0.007551133 -0.003787724 -0.9999927 -0.0005700809 0.07441475 -0.9966698 -0.03334235 0.05379365 -0.9982232 -0.02562761 -0.01108434 -0.9999368 -0.001894767 -0.01119305 -0.9999355 -0.001943861 0.9295478 -0.2979887 0.2171257 0.9345256 -0.333863 0.1232781 0.9024776 -0.3253032 0.282333 0.8903057 -0.3596038 0.2793578 0.8978335 -0.3895618 0.205272 0.7901281 -0.3878213 0.4746496 0.8705001 -0.403728 0.281484 0.862266 -0.4615382 0.208518 0.7368308 -0.1943832 0.6475304 0.5292528 -0.1513004 0.834865 0.8380713 -0.3750413 0.3962076 0.8704202 -0.4634 0.1662204 0.4050465 -0.141439 0.9032897 0.5650066 -0.2376758 0.7901125 0.1290562 -0.03609998 0.99098 0.2405006 -0.1404358 0.960436 0.1145518 -0.02614836 0.9930731 0.6894875 -0.4069162 0.5991879 0.7744424 -0.5789221 0.2551238 0.7947454 -0.5772149 0.1876238 0.6696176 -0.7330698 0.119252 0.8913889 -0.4074183 0.1985855 0.7777035 -0.552604 0.2996766 0.5771327 -0.3782923 0.7237491 0.8126916 -0.496298 0.3053206 0.690893 -0.7202684 0.06229256 0.7037616 -0.702725 0.1043895 0.6382637 -0.7659852 0.07672108 0.6404888 -0.7601385 0.1093784 0.7427939 -0.6512484 0.1553469 0.6373475 -0.7566325 0.1459299 0.616638 -0.7854779 0.05274471 0.6731579 -0.7381455 0.04471818 0.6088968 -0.7903363 0.06792005 0.784242 -0.6203867 -0.009208226 0.8068218 -0.589366 0.041064 0.874069 -0.4833149 0.04909273 0.881928 -0.4693748 0.04347685 0.9221088 -0.3814998 0.06460043 0.9622576 -0.2629307 0.07019805 0.9751805 -0.2009419 0.09297999 0.9743819 -0.1992418 0.1043194 0.9807055 -0.1424811 0.1338501 0.9787337 -0.1450022 0.1451025 0.6714034 -0.7407678 -0.02191932 0.6775752 -0.7351566 -0.02089714 0.5041057 -0.8635049 0.01538988 0.8411037 -0.537153 -0.06333358 0.7787077 -0.6235268 -0.06948859 0.8447234 -0.5321416 -0.05716363 0.6471926 -0.7597664 -0.0624241 0.7098365 -0.7002609 -0.07593944 0.5964976 -0.8022624 -0.02378296 0.7425812 -0.6551953 -0.1388964 0.5575667 -0.8251488 -0.09082302 0.7304955 -0.6812017 0.04837975 0.4092498 -0.9106047 0.05756398 0.9008402 -0.346826 -0.2611487 0.7984316 -0.5985675 -0.06499178 0.6224888 -0.7819993 -0.0313817 0.4013368 -0.915783 -0.01644006 0.5841015 -0.810458 -0.04453442 0.9994513 -0.003647406 0.0329196 0.9978377 0.03227984 -0.05725359 0.9376982 -0.271057 -0.217371 0.9376982 -0.271057 -0.217371 0.7467903 0.6602325 0.07998246 0.9659615 -0.001357648 -0.2586825 0.850544 0.5219277 -0.06454703 0.4418074 0.8957963 0.04853017 0.3909322 0.9184597 0.06003195 0.3006915 0.9510057 0.07192179 0.4459474 0.8933344 0.05553876 0.3204292 0.9455826 0.05655674 0.3796837 0.9235508 0.05379773 0.4074316 0.9124512 0.0378451 0.4580794 0.8872888 0.0536834 0.3021192 0.9530916 0.01845238 0.2867304 0.9573309 0.03610067 0.5204895 0.8534167 0.02775991 0.4453495 0.8953396 -0.005546488 0.4538734 0.8905418 0.03056564 0.5665209 0.823289 0.03534631 0.5665206 0.8232892 0.03534628 0.5802874 0.8142698 0.01520636 0.5906609 0.8069183 -0.001606439 0.4625885 0.8865552 0.005633991 0.3446874 0.9387171 0.0009407383 0.5978399 0.8016147 0.001139916 0.5608633 0.8278571 0.00922216 0.5995435 0.8002811 0.009883451 0.611053 0.7915839 0.00303136 0.5401626 0.8415039 -0.009771337 0.5855994 0.8105811 -0.005617124 0.632318 0.774663 -0.00843801 0.633197 0.7739176 -0.01063087 0.6414215 0.7670713 -0.0134207 0.488577 0.8725148 -0.003235003 0.3852704 0.9212887 -0.0528572 0.4375689 0.8982773 -0.04038998 0.422274 0.9043853 -0.06141522 0.3676694 0.9299443 0.004773238 0.3768338 0.9256973 0.03287632 0.3820087 0.9210628 0.07558189 0.3901731 0.9198615 0.04024634 0.4212183 0.9060265 0.04112377 0.8171005 0.5593111 0.1397061 0.8035109 0.5458852 0.2374439 0.5094197 0.8530783 0.1129114 0.4776082 0.8769458 0.05344473 0.9857775 -0.05046231 0.1603009 0.8830822 -0.3323413 0.3312327 0.7207637 0.4557968 0.5222538 0.557059 -0.3475832 0.7542355 0.7368982 -0.0897361 0.6700213 0.3928169 0.89367 0.2169076 0.344827 0.5028177 0.792634 0.2856366 0.6868372 0.668331 0.4149566 0.8865516 0.2045417 -0.2367714 -0.5475782 0.8025568 0.06176066 0.1494636 0.9868365 0.2489752 -0.01876071 0.9683281 -0.02998093 -0.007532755 0.9995221 0.2121443 -0.173113 0.9617831 0.1077294 -0.06983877 0.9917242 -0.0002124784 -4.806654e-05 1 -0.0001737324 -0.0001026031 1 0.0002182856 -0.0001107879 1 3.199012e-05 -1.918204e-05 1 0.0002768755 -0.04253498 0.9990949 0.06771406 0.1283873 0.9894097 0.319189 -0.08793955 0.9436022 0.0001006537 5.414472e-05 1 0.5525107 -0.1124434 0.8258865 0.8078822 -0.1362796 0.573371 0.2506866 -0.04041463 0.9672243 0.8053471 -0.2056724 0.555981 0.06450014 0.1029278 0.9925954 0.06656494 0.08877126 0.9938253 -6.589566e-05 1.228793e-05 1 0.3672077 0.5762883 0.730103 0.1308691 0.1600795 0.9783904 0.2098046 0.2265342 0.9511384 0.2677522 0.2863367 0.9199566 0.3159732 0.3405075 0.8855595 0.3703281 0.5063445 0.7787634 0.5734748 0.7261916 0.3791733 0.5438709 0.7840799 0.299037 0.3386739 0.6558471 0.6746588 0.4150727 0.8885809 0.1952911 0.5189115 0.8504637 0.0862687 0.4950311 0.8645362 0.08672608 0.5171023 0.8554893 -0.02726181 0.6128939 0.7901054 -0.009719848 0.6594937 0.7517099 0.0005184947 0.6337964 0.7710819 0.06111239 0.673296 0.7393727 0.0006920296 0.6439976 0.7581666 0.1022277 0.663114 0.7060637 0.2485032 0.6598818 0.7149527 0.2310815 0.6308962 0.7680534 0.1098357 0.872262 0.1934066 0.4491691 0.8752394 0.09910656 0.4734278 0.8752394 0.09910656 0.4734278 0.8834427 0.1779369 0.4334368 0.8769113 0.1975547 0.4381765 0.9490003 0.1982786 0.2451205 0.8529921 0.1767002 0.4911024 0.8190245 0.1723678 0.5472552 0.9207518 0.1308366 0.3675567 0.8244235 0.129905 0.5508635 0.8883765 0.1317833 0.4397959 0.8965466 0.02697474 0.4421272 0.8952404 0.02610454 0.4448182 0.9218926 0.03703581 0.3856714 0.9109106 0.08370897 0.4040232 0.9376323 -0.04133719 0.3451622 0.9376323 -0.04133719 0.3451622 0.9194709 0.118048 0.3750173 0.9194709 0.118048 0.3750173 0.8836581 0.03714026 0.4666571 0.9218849 0.1107733 0.3712918 0.9240722 0.111925 0.3654632 0.9061526 0.1544614 0.3937373 0.9573983 0.1926804 0.2150879 0.9656878 0.0221993 0.2587552 0.9466977 0.02215168 0.3213609 0.9599248 0.03481482 0.2780867 0.8555038 0.01390863 0.5176097 0.9767851 0.06325156 0.2046706 0.9880468 0.02219381 0.152548 0.9907316 0.02569633 0.1333815 0.9983179 0.02580087 0.05191971 0.997504 0.03153403 0.06317695 0.9995225 0.0275963 0.01389942 0.9969723 0.02752543 0.07272198 0.9760384 0.2170412 0.01556377 0.9153681 0.1361726 -0.3788908 0.9153681 0.1361726 -0.3788908 0.9608394 0.2770948 -0.002474061 0.9616475 0.2740933 -0.01033924 0.9777929 0.2087024 0.01908567 0.9891569 0.1437442 0.03010511 0.9893315 0.1417761 0.03350567 4.962699e-05 -0.0001629026 -1 0.000198939 -3.131274e-05 -1 0.0001335599 -8.893181e-05 -1 0.0005188859 0.0002506589 -0.9999998 -0.01199381 -0.9999243 -0.0027385 -0.009174539 -0.9999531 -0.003112688 -0.01134418 -0.9999317 -0.002824726 -0.008751078 -0.9999567 -0.003168889 -0.9287931 -0.3622159 -0.0783774 -0.9353985 -0.3441109 -0.08134672 -0.9915902 -0.03438351 -0.1247662 -0.9917807 -0.01284688 -0.1273026 -0.9396091 -0.3400815 -0.03846031 -0.9460064 -0.3215579 -0.04089441 -0.9908111 0.1022009 -0.08859109 -0.9774328 0.18793 -0.09647509 -0.9427786 -0.3079601 -0.1277849 -0.9445552 -0.3015765 -0.1298733 -0.9650976 -0.2078724 -0.1592976 -0.9659372 -0.2027099 -0.1608538 -0.9340601 -0.2487903 -0.2561936 -0.9506406 -0.1434122 -0.2751644 -0.9513632 -0.1361817 -0.2763378 -0.9225978 -0.2656224 -0.2797462 -0.9152724 -0.2473545 -0.3179501 -0.8937392 -0.06781523 -0.4434314 -0.8710517 -0.270142 -0.4102345 -0.8649519 -0.2991122 -0.4029766 -0.9683252 -0.2227283 -0.1128643 -0.976364 -0.1990486 0.08421972 -0.9770189 -0.200844 0.0713849 -0.961948 -0.2142223 -0.1696022 -0.9375527 -0.2776047 -0.2095964 -0.9620255 -0.2135114 -0.1700585 -0.9164429 -0.3620015 -0.1705501 -0.8869005 -0.444221 -0.126788 -0.9765726 -0.1981956 0.08381246 -0.9097869 -0.167434 -0.3798074 -0.9779137 -0.1978463 0.06739172 -0.9057215 -0.1557118 -0.3942365 -0.988151 -0.1235237 0.09110142 -0.9112897 -0.1413993 -0.3867263 -0.9517209 -0.1261338 -0.2798529 -0.9594518 -0.1027674 -0.2624712 -0.983476 -0.07034877 -0.1668112 -0.9579311 -0.2319438 -0.1690269 -0.956669 -0.2476977 -0.1530693 -0.9290099 -0.3047467 -0.2099286 -0.9170627 -0.3314769 -0.2216281 -0.963539 -0.1305771 -0.2335429 -0.9631123 -0.1907895 -0.1897739 -0.9621767 -0.1224379 -0.2433617 -0.9438521 -0.2472728 -0.2190875 -0.9788825 -0.08454214 -0.1861229 -0.9837561 -0.0360309 -0.1758573 0.498046 -0.8581372 0.1247025 0.08924213 -0.9958338 0.01873377 0.09273884 -0.9954968 0.01963657 0.1971613 -0.7602344 0.6190082 0.326811 -0.477272 0.8157242 0.1578051 -0.732905 0.6617762 -0.2561778 -0.07369907 0.963816 0.3356243 -0.2233673 0.9151302 -0.3299375 -0.04754059 0.9428049 -0.3592307 -0.06968629 0.9306434 -0.3729268 -0.0762715 0.9247206 -0.3695745 -0.075289 0.9261459 -0.3732818 -0.07636963 0.9245693 -0.4176417 -0.08736681 0.9044017 -0.4181013 -0.08747996 0.9041784 -0.5062399 -0.8538812 0.1208641 -0.4307366 -0.9018343 0.03407299 -0.1576783 -0.9592876 -0.2343177 -0.08456949 -0.9511415 -0.2969476 -0.057782 -0.9935773 -0.09729066 -0.06112607 -0.9932909 -0.09816702 -0.07523977 -0.9919499 -0.1018548 -0.09225011 -0.9939763 -0.05917032 -0.3012905 -0.953516 -0.00558937 -0.125425 -0.9917453 -0.02664166 -0.2353667 -0.9615041 -0.1418184 -0.2509741 -0.9647487 -0.07919517 -0.2188001 -0.9366678 0.2734592 -0.2932708 -0.9174655 -0.2687922 -0.2619225 -0.9551656 -0.1380409 -0.386015 -0.9016547 0.1949649 -0.2861579 -0.9036299 -0.3186952 -0.3860637 -0.891731 0.236158 -0.2903144 -0.9460132 -0.1441408 -0.2526421 -0.9559043 -0.1497297 -0.4510518 -0.8922856 -0.01945801 -0.5142274 -0.8576041 0.00923644 -0.2977374 -0.9499699 -0.09439051 -0.484271 -0.8532753 -0.193398 -0.3945235 -0.9120985 -0.1114785 -0.3990003 -0.9066465 -0.1370795 -0.1273291 -0.9617107 -0.242693 -0.003716111 -0.9702301 -0.2421566 -0.1490167 -0.944631 -0.2923463 -0.287742 -0.9425997 -0.1694416 -0.1829671 -0.9471193 -0.2636058 -0.4717202 -0.8508482 -0.2313813 -0.5412656 -0.8067224 -0.2371297 -0.2644341 -0.8693837 -0.4174285 -0.3577554 -0.8256971 -0.4361598 -0.3793993 -0.815824 -0.4364487 -0.9999883 -0.004480777 0.001833909 -0.9998914 -0.01420707 -0.003907463 -0.999966 -0.008236794 -0.0003831767 -0.9998831 -0.01469945 -0.004198126 -0.9893107 0.1457445 0.004789417 -0.9951897 0.08319313 -0.05173357 -0.9942879 0.100367 -0.03630495 -0.9954098 0.04914937 -0.08211938 -0.9999564 0.00932679 -0.0004244014 -0.999981 0.005685212 -0.002371475 -0.9999643 0.008402615 -0.0009185467 -0.9999839 0.004967279 -0.002755327 -0.9999967 -0.002560186 -0.0003100951 -0.9999926 -0.003681646 0.00111835 -0.9999826 -0.005109958 0.00293766 -0.999974 -0.005973333 0.004037392 0.9606261 0.2777928 -0.00534833 0.9585853 0.2845355 -0.01240307 0.9585586 0.2846214 -0.01249314 0.966593 0.255614 -0.01896194 0.9752633 0.220278 -0.01841435 0.9747043 0.2226443 -0.0195208 0.975935 0.2173926 -0.01706603 -0.9996936 0.02465231 -0.002220608 -0.9976903 0.0677799 0.004476538 -0.9984964 0.05476281 0.002453939 -0.9976341 0.06859357 0.004603001 0.2481547 0.5201998 -0.8171973 0.233427 0.5117901 -0.8267906 0.1832569 0.4820878 -0.8567428 0.1699011 0.4739135 -0.8640252 0.9527197 0.2674725 -0.1441652 0.9531168 0.2663321 -0.1436508 0.9528559 0.2670819 -0.143989 0.9684358 0.2036119 -0.1437856 0.9794551 0.1427012 -0.1424926 0.9867656 0.07414373 -0.1442094 0.9896238 0.009685346 -0.1433557 0.9897627 0.01244265 -0.1421794 0.9891665 0.001620027 -0.1467889 0.04641956 -0.9988358 -0.01312603 0.04763751 -0.9976933 -0.04836149 0.04768963 -0.9985505 -0.02495382 0.04580461 -0.9989229 -0.0074203 0.1070792 -0.9940109 -0.02182464 0.1229793 -0.9915002 -0.04246609 0.04542185 -0.9967268 -0.06687661 0.057171 -0.9981477 -0.02079862 0.2131673 -0.9767384 -0.02327566 0.3517489 -0.9356673 -0.02827308 0.4640001 -0.8847329 -0.04417752 0.5561035 -0.8306332 -0.02823787 0.6716982 -0.740502 0.02187111 0.7734201 -0.6338886 -0.002562901 0.8406447 -0.5411763 -0.02109065 0.8409831 -0.5406611 -0.02080964 0.9038742 -0.4272919 -0.0208105 0.9038722 -0.4272959 -0.02081254 0.9515654 -0.3067411 -0.02081301 0.9515658 -0.30674 -0.02081239 0.9832568 -0.1810332 -0.02081093 0.9832571 -0.1810314 -0.02081 0.9934341 -0.1125043 -0.02077183 0.9963816 -0.083644 -0.01507707 0.9981352 -0.05886785 -0.01614358 0.9996614 -0.02601191 -0.0006294712 0.9938874 0.01250181 0.1096883 0.9972408 0.02172487 0.07098461 0.9990277 0.03113916 0.03121026 0.9992834 0.03770618 0.00330293 0.9990702 0.01920024 -0.03860248 0.9991769 0.01906283 -0.03580673 0.9997142 0.01806842 -0.01565576 0.9997978 0.0177599 -0.009432742 0.9835446 0.01178061 -0.180281 0.9814546 0.00678451 -0.1915747 0.9825242 0.009295487 -0.1859027 0.980772 0.005227687 -0.1950872 0.9789279 0.0615148 0.1947206 0.9783229 0.06251309 0.1974246 0.9787737 0.06177058 0.1954134 0.9781074 0.06286509 0.198378 0.8259067 0.5638068 1.273219e-07 0.8438881 0.5364956 0.005030118 0.8110612 0.5849613 1.250333e-07 0.7794326 0.626476 0.003563412 0.8095946 0.5869814 0.003072892 0.8678011 0.49687 0.006436341 0.7415875 0.6708241 0.006556605 0.8819479 0.4713316 0.003802307 0.723745 0.6900514 0.004720238 0.8908041 0.4543873 0.0004260727 0.9077444 0.4194952 0.004890821 0.6864533 0.7271714 0.001874861 0.9122314 0.4096675 0.002543432 0.9122314 0.4096675 0.002543432 0.7015346 0.7126346 0.00110184 0.6800618 0.7331282 0.006242356 0.6719845 0.740508 0.00920688 0.674386 0.7383562 0.005807796 0.9134244 0.4069191 0.008528874 0.913449 0.4068629 0.008566581 0.9133458 0.4070979 0.008408842 0.9991996 -0.0008650645 -0.03999272 0.995179 0.05179272 -0.08328485 0.9985115 0.01443944 -0.05259476 0.9929247 0.0685102 -0.09698914 0.9856789 -0.1666059 -0.02606961 0.9893417 -0.1395633 -0.04153431 0.9883543 -0.1476182 -0.03694051 0.9910619 -0.1233792 -0.05073266 0.9709481 -0.2324333 -0.05687262 0.9742389 -0.2210813 -0.04451497 0.97351 -0.2236884 -0.04734798 0.9775192 -0.2085619 -0.0309525 1.131426e-07 0.3184714 -0.9479325 9.905399e-08 0.3184714 -0.9479325 5.518407e-08 0.3184714 -0.9479325 4.143548e-08 0.3184714 -0.9479325 0 -0.9479325 -0.3184714 7.255285e-09 -0.9479325 -0.3184714 3.002549e-08 -0.9479325 -0.3184714 3.711192e-08 -0.9479325 -0.3184714 3.711192e-08 0.9479325 -0.3184713 3.000409e-08 0.9479325 -0.3184713 7.277515e-09 0.9479325 -0.3184713 0 0.9479325 -0.3184713 0 0 1 0 0 1 0 0 1 0 0 1 -0.9869937 -0.1016688 0.1245264 -0.9879413 -0.102151 0.1163492 -0.9592869 -0.1166905 -0.2572004 -0.9911773 -0.1325406 -0.0007695016 -0.9911098 -0.1328647 0.006955344 0.9893619 0.145439 -0.003257538 0.989325 0.1453799 -0.01003607 0.9871963 0.1577786 -0.02343808 0.9858643 0.1648307 -0.03004215 0.9832269 0.1785902 -0.03701987 -0.9587657 0.06382275 -0.2769387 -0.9602243 0.06489796 -0.2715833 -0.9560442 0.1143584 -0.270003 -0.9487199 0.2701449 -0.1641715 -0.9394149 0.3222662 -0.116808 -0.9659629 0.2096615 -0.1515184 -0.9697585 0.1649042 -0.1799307 -0.9712846 0.172461 -0.1639005 -0.9618484 0.1415649 -0.2341089 -0.935242 0.3354017 -0.1132614 -0.9429039 0.3141027 -0.1107778 -0.9568593 0.2778293 -0.08503638 -0.9581883 0.2737081 -0.08342116 -0.9601515 0.2722902 -0.0629854 0.8799251 0.02151478 -0.474625 0.8950728 0.01208765 -0.4457563 0.8961149 0.01674007 -0.4435063 0.9134155 0.01152926 -0.406865 0.9229058 0.01536734 -0.384719 0.9230763 0.01868365 -0.3841627 0.9464827 0.01214357 -0.3225259 0.9599472 0.01185169 -0.2799301 0.9508757 0.01145402 -0.309361 0.9746577 0.01173315 -0.2233936 -4.143548e-08 0.3184714 0.9479325 -6.197961e-07 0.3184713 0.9479325 -1.349107e-06 0.3184723 0.9479322 -2.079955e-06 0.3184719 0.9479323 0 0.318475 0.9479312 3.378941e-11 -1 -0.0002830947 0.0001423366 -1 -0.000142938 0.0001460288 -1 2.203604e-08 0.0001423542 -1 0.0001429482 0 -1 0.0002831494 -0.9552796 -0.2876678 -0.06846985 -0.9901126 -0.1347307 -0.03904623 -0.9641884 -0.2576227 -0.06301747 -0.9815198 -0.1890626 -0.02956684 -0.9811682 -0.1914262 -0.02578574 -0.9251802 -0.1694958 -0.3395772 -0.9864233 -0.1641754 -0.003938523 -0.9864861 -0.1637087 0.006677326 -0.0530016 -0.01021525 -0.9985422 -0.08459825 -0.01528839 -0.9962978 -0.08413895 -0.01521469 -0.9963379 -0.04135359 -0.006199331 -0.9991253 -0.04154856 -0.006425591 -0.9991158 0.02431532 0.002578131 -0.999701 0.02461401 0.002610977 -0.9996936 -0.379781 -0.9250001 -0.01188548 0.03437874 -0.9994089 -0.0001038943 -0.3683087 -0.9296316 -0.01156501 0.12114 -0.9925857 0.009937891 0.1225259 -0.9924138 0.01011321 -0.4226779 -0.8927822 -0.1558309 -0.1943658 -0.9609657 -0.1968931 -0.1449471 -0.9684745 -0.2026018 -0.371661 -0.9185008 -0.1349976 -0.08651734 -0.9798122 -0.1802299 -0.05588295 -0.9811609 -0.1849335 0.009793848 0.002990188 -0.9999476 0.006440952 -0.03701564 -0.9992939 0.04552228 0.05391674 -0.9975072 0.00115748 -0.01272779 -0.9999183 0.0002682025 0.0004914138 -0.9999998 -0.0001762909 0.0001479568 -1 -0.001243459 -0.000549396 -0.9999991 -0.0004159539 0.0006594936 -0.9999997 0.0005780636 0.001709748 -0.9999984 0.002164624 0.002120163 -0.9999954 0.01123779 0.01335371 -0.9998477 -0.005583733 -0.03756596 -0.9992786 -0.01585577 -0.06466004 -0.9977814 0.9178768 0.2776257 0.2835951 0.9219163 0.2664813 0.2811727 0.9178696 0.2779989 0.2832525 0.9435827 0.1903801 0.2709373 0.9397986 0.2802465 0.1955519 0.9601863 0.2007614 0.1942605 0.9729132 0.2054996 0.1058766 0.9761212 0.2127457 0.04389387 0.9745548 0.2239571 0.009280788 0.9767751 0.2140958 -0.008567228 0.9714863 0.1905401 0.1410984 0.9223489 0.1653948 0.3491662 0.9715097 0.1911375 0.1401263 0.9892147 0.1356432 -0.05527447 0.9301536 0.1101002 0.3502745 0.9967617 0.07598625 -0.02630973 0.9909834 0.06663145 0.116242 0.9954048 0.06642797 0.06896811 0.9953356 0.06789326 0.06853824 0.9945474 0.07128823 0.07611437 0.99892 -0.01472377 -0.04406832 0.9993271 0.02335949 -0.02827993 0.9991922 0.001729946 -0.04014882 0.9997647 0.01344546 -0.01702005 0.9999067 0.007459137 -0.01144447 0.9965713 0.01283027 -0.08173773 0.9980369 0.03907725 -0.04894133 0.9983138 0.02535207 -0.05221893 0.9944362 0.02771138 -0.10163 0.9888068 0.02422091 -0.1472222 0.9940357 0.04668891 -0.09855519 0.9912845 0.03552264 -0.1268587 0.9835708 0.01435774 -0.179951 0.002720183 0.01283178 0.999914 0.01392243 -0.09198821 0.9956628 0.0131321 -0.08413134 0.9963681 0.0001441058 0.001880857 0.9999982 -0.0001156822 0.00114735 0.9999993 0.0002942861 0.001216094 0.9999992 -0.0001061326 0.0002624223 1 -9.868229e-05 0.0005036375 0.9999999 -0.001566737 0.0003568845 0.9999987 -0.001827664 0.0002617401 0.9999983 -0.001732517 -0.0003309203 0.9999984 -1.339136e-06 7.076961e-06 1 0.001249032 -2.701891e-05 0.9999992 0.0002072036 6.403987e-06 1 -0.0004048797 -0.0001680786 0.9999999 9.211883e-06 5.777156e-06 1 2.89138e-06 2.396971e-06 1 7.723982e-05 4.90186e-05 1 -0.002625682 -0.00179627 0.9999949 0.0002689834 0.00362947 0.9999934 -0.002755529 0.0002361001 0.9999962 0.0009425355 0.001071827 0.999999 -0.005553282 0.002133947 0.9999823 -0.002635993 -0.00196402 0.9999946 0.0002726639 0.0002042904 0.9999999 0.002298139 0.0001402157 0.9999973 0.0002470593 0.0001726799 1 0.00455823 -0.001595745 0.9999883 -0.002066788 -0.001476763 0.9999968 0.006048439 0.005255953 0.9999679 0.0007352193 0.0007225459 0.9999995 -0.0006940792 8.549109e-05 0.9999998 0.0008155356 0.0006264721 0.9999995 0.0008829149 -0.0007111379 0.9999994 0.02102399 0.001828439 0.9997773 0.01473757 0.002683375 0.9998878 0.01370348 0.001774843 0.9999045 0.006362084 0.0007336432 0.9999795 0.8065519 0.04594261 0.5893754 -0.9590219 -0.04248598 0.2801286 -0.962671 -0.04282373 0.2672653 0.0004814422 0.0009982636 0.9999994 -0.01262832 0.003973646 0.9999124 1.032974e-05 -5.668494e-05 1 1.317377e-05 -5.419276e-05 1 1.880828e-05 -4.91244e-05 1 2.36986e-05 -4.412769e-05 1 2.797048e-05 -3.916772e-05 1 3.171312e-05 -3.421813e-05 1 3.499896e-05 -2.924378e-05 1 1.461413e-05 6.737882e-06 1 0.002038797 0.003552597 0.9999916 0.002877983 0.00495964 0.9999836 -0.00116172 -0.00152854 0.9999982 -0.002210555 -0.002908604 0.9999933 -4.366927e-08 2.540499e-10 1 -4.386878e-08 2.430039e-10 1 -4.514701e-08 -1.145822e-09 1 -4.342947e-08 3.141428e-10 1 -4.48517e-08 -5.579532e-10 1 -4.613943e-08 -1.687451e-09 1 -4.086171e-08 1.421203e-09 1 -4.128223e-08 1.233193e-09 1 -4.269393e-08 8.229257e-10 1 -4.222255e-08 5.293249e-10 1 -5.143969e-08 -3.138767e-09 1 -4.03914e-08 2.502189e-09 1 -3.860893e-08 3.422254e-09 1 -4.605046e-08 -1.787554e-09 1 -5.333233e-08 -7.422922e-09 1 -4.933318e-08 -3.582875e-09 1 -3.612658e-08 9.423742e-09 1 -5.506418e-08 -1.209419e-08 1 -3.57455e-08 1.32455e-08 1 -4.222317e-08 3.342757e-09 1 -5.335391e-08 -1.598437e-08 1 -3.672947e-08 1.79775e-08 1 -0.1950415 0.02228082 -0.9805419 -0.1979152 0.02306708 -0.9799477 -0.2539239 0.05241679 -0.9658028 -0.3213228 0.02698221 -0.9465852 -0.3186165 0.02616013 -0.9475227 -0.1094202 0.1447789 -0.9833953 -0.3808891 0.093052 -0.9199265 -0.3238017 0.1485154 -0.9343959 -0.4007159 0.1681035 -0.9006486 -0.431761 0.1485149 -0.8896774 -0.4447701 0.02301744 -0.895349 -0.4421771 0.02236612 -0.8966488 0.0659558 -0.9379187 -0.3405265 0.1226293 -0.9381487 -0.3237887 0.1015974 -0.9448934 -0.3112145 0.06592517 -0.9341262 -0.3508022 0.1245725 -0.9369269 -0.3265727 -0.01169785 -0.9348668 -0.3548058 -0.05926017 -0.9528367 -0.2976415 -0.04537832 -0.9236433 -0.3805574 -0.00966318 -0.9520443 -0.3058077 0.02363057 -0.9506313 -0.3094216 -0.09228363 -0.9681311 -0.2328214 -0.09964599 -0.8624648 -0.4962108 -0.003598824 -0.8253336 -0.564634 -0.03772149 -0.9160716 -0.3992367 -0.1369236 -0.9225785 -0.3606949 -0.09570524 -0.9447466 -0.3135193 -0.03615751 -0.9568326 -0.2883816 -0.03319428 -0.9855355 -0.1661862 0.006194167 -0.988984 -0.1478926 0.01868269 -0.9909208 -0.1331427 -0.07746641 -0.985988 -0.1477383 -0.07933805 -0.9870449 -0.1394557 -0.05258528 -0.9871633 -0.1508091 0 -1 0 0 -1 0 4.851816e-07 -1 -2.307257e-09 0 -1 0 6.559021e-06 -1 4.982073e-05 0 -1 0 1.179058e-05 -1 1.014642e-05 0 -1 0 5.244629e-06 -1 -3.98369e-05 0 -1 0 0 -1 0 0 -1 0 0 -1 0 0 -1 0 0 -1 0 0 -1 0 0 -1 0 0 -1 0 0 -1 0 0 -1 0 0 -1 0 0 -1 0 0 -1 0 0 -1 0 0 -1 0 0 -1 0 0 -1 0 0 -1 0 0 -1 0 0 -1 0 0 -1 0 0 -1 0 0 -1 0 0 -1 0 0 -1 0 0 -1 0 0 -1 0 0 -1 0 0 -1 0 0 -1 0 0 -1 0 0 -1 0 0 -1 0 0 -1 0 0 -1 0 0 -1 0 0 -1 0 0 -1 0 0 -1 0</float_array>
          <technique_common>
            <accessor count="5977" source="#normals-array-array" stride="3">
              <param type="float" name="X"/>
              <param type="float" name="Y"/>
              <param type="float" name="Z"/>
            </accessor>
          </technique_common>
        </source>
        <source id="texcoords-array">
          <float_array count="11954" id="texcoords-array-array">0.5489583 0.3794643 0.5489583 0.3794643 0.5489583 0.3794643 0.5489583 0.3794643 0.5489583 0.3794643 0.5489583 0.3794643 0.5489583 0.3794643 0.5489583 0.3794643 0.5489583 0.3794643 0.5489583 0.3794643 0.5489583 0.3794643 0.5489583 0.3794643 0.5489583 0.3794643 0.5489583 0.3794643 0.5489583 0.3794643 0.5489583 0.3794643 0.5489583 0.3794643 0.5489583 0.3794643 0.5489583 0.3794643 0.5489583 0.3794643 0.5489583 0.3794643 0.5489583 0.3794643 0.5489583 0.3794643 0.5489583 0.3794643 0.5489583 0.3794643 0.5489583 0.3794643 0.5489583 0.3794643 0.5489583 0.3794643 0.5489583 0.3794643 0.5489583 0.3794643 0.5489583 0.3794643 0.5489583 0.3794643 0.5489583 0.3794643 0.5489583 0.3794643 0.5489583 0.3794643 0.5489583 0.3794643 0.5489583 0.3794643 0.5489583 0.3794643 0.5489583 0.3794643 0.5489583 0.3794643 0.5489583 0.3794643 0.5489583 0.3794643 0.5489583 0.3794643 0.5489583 0.3794643 0.5489583 0.3794643 0.5489583 0.3794643 0.5489583 0.3794643 0.5489583 0.3794643 0.5489583 0.3794643 0.5489583 0.3794643 0.5489583 0.3794643 0.5489583 0.3794643 0.5489583 0.3794643 0.5489583 0.3794643 0.5489583 0.3794643 0.5489583 0.3794643 0.5489583 0.3794643 0.5489583 0.3794643 0.5489583 0.3794643 0.5489583 0.3794643 0.5489583 0.3794643 0.5489583 0.3794643 0.5489583 0.3794643 0.5489583 0.3794643 0.5489583 0.3794643 0.5489583 0.3794643 0.5489583 0.3794643 0.5489583 0.3794643 0.5489583 0.3794643 0.5489583 0.3794643 0.5489583 0.3794643 0.5489583 0.3794643 0.5489583 0.3794643 0.5489583 0.3794643 0.5489583 0.3794643 0.5489583 0.3794643 0.5489583 0.3794643 0.5489583 0.3794643 0.5489583 0.3794643 0.5489583 0.3794643 0.5489583 0.3794643 0.5489583 0.3794643 0.5489583 0.3794643 0.5489583 0.3794643 0.5489583 0.3794643 0.5489583 0.3794643 0.5489583 0.3794643 0.5489583 0.3794643 0.5489583 0.3794643 0.5489583 0.3794643 0.5489583 0.3794643 0.5489583 0.3794643 0.5489583 0.3794643 0.5489583 0.3794643 0.5489583 0.3794643 0.5489583 0.3794643 0.5489583 0.3794643 0.5489583 0.3794643 0.5489583 0.3794643 0.5489583 0.3794643 0.5489583 0.3794643 0.5489583 0.3794643 0.5489583 0.3794643 0.5489583 0.3794643 0.5489583 0.3794643 0.5489583 0.3794643 0.5489583 0.3794643 0.5489583 0.3794643 0.5489583 0.3794643 0.5489583 0.3794643 0.5489583 0.3794643 0.5489583 0.3794643 0.5489583 0.3794643 0.5489583 0.3794643 0.5489583 0.3794643 0.5489583 0.3794643 0.5489583 0.3794643 0.5489583 0.3794643 0.5489583 0.3794643 0.5489583 0.3794643 0.5489583 0.3794643 0.5489583 0.3794643 0.5489583 0.3794643 0.5489583 0.3794643 0.5489583 0.3794643 0.5489583 0.3794643 0.5489583 0.3794643 0.5489583 0.3794643 0.5489583 0.3794643 0.5489583 0.3794643 0.5489583 0.3794643 0.5489583 0.3794643 0.5489583 0.3794643 0.5489583 0.3794643 0.5489583 0.3794643 0.5489583 0.3794643 0.5489583 0.3794643 0.5489583 0.3794643 0.5489583 0.3794643 0.5489583 0.3794643 0.5489583 0.3794643 0.5489583 0.3794643 0.5489583 0.3794643 0.5489583 0.3794643 0.5489583 0.3794643 0.5489583 0.3794643 0.5489583 0.3794643 0.5489583 0.3794643 0.5489583 0.3794643 0.5489583 0.3794643 0.5489583 0.3794643 0.5489583 0.3794643 0.5489583 0.3794643 0.5489583 0.3794643 0.5489583 0.3794643 0.5489583 0.3794643 0.5489583 0.3794643 0.5489583 0.3794643 0.5489583 0.3794643 0.5489583 0.3794643 0.5489583 0.3794643 0.5489583 0.3794643 0.5489583 0.3794643 0.5489583 0.3794643 0.5489583 0.3794643 0.5489583 0.3794643 0.5489583 0.3794643 0.5489583 0.3794643 0.5489583 0.3794643 0.5489583 0.3794643 0.5489583 0.3794643 0.5489583 0.3794643 0.5489583 0.3794643 0.5489583 0.3794643 0.5489583 0.3794643 0.5489583 0.3794643 0.5489583 0.3794643 0.5489583 0.3794643 0.5489583 0.3794643 0.5489583 0.3794643 0.5489583 0.3794643 0.5489583 0.3794643 0.5489583 0.3794643 0.5489583 0.3794643 0.5489583 0.3794643 0.5489583 0.3794643 0.5489583 0.3794643 0.5489583 0.3794643 0.5489583 0.3794643 0.5489583 0.3794643 0.5489583 0.3794643 0.5489583 0.3794643 0.5489583 0.3794643 0.5489583 0.3794643 0.5489583 0.3794643 0.5489583 0.3794643 0.5489583 0.3794643 0.5489583 0.3794643 0.5489583 0.3794643 0.5489583 0.3794643 0.5489583 0.3794643 0.5489583 0.3794643 0.5489583 0.3794643 0.5489583 0.3794643 0.5489583 0.3794643 0.5489583 0.3794643 0.5489583 0.3794643 0.5489583 0.3794643 0.5489583 0.3794643 0.5489583 0.3794643 0.5489583 0.3794643 0.5489583 0.3794643 0.5489583 0.3794643 0.5489583 0.3794643 0.5489583 0.3794643 0.5489583 0.3794643 0.5489583 0.3794643 0.5489583 0.3794643 0.5489583 0.3794643 0.5489583 0.3794643 0.5489583 0.3794643 0.5489583 0.3794643 0.5489583 0.3794643 0.5489583 0.3794643 0.5489583 0.3794643 0.5489583 0.3794643 0.5489583 0.3794643 0.5489583 0.3794643 0.5489583 0.3794643 0.5489583 0.3794643 0.5489583 0.3794643 0.5489583 0.3794643 0.5489583 0.3794643 0.5489583 0.3794643 0.5489583 0.3794643 0.5489583 0.3794643 0.5489583 0.3794643 0.5489583 0.3794643 0.5489583 0.3794643 0.5489583 0.3794643 0.5489583 0.3794643 0.5489583 0.3794643 0.5489583 0.3794643 0.5489583 0.3794643 0.5489583 0.3794643 0.5489583 0.3794643 0.5489583 0.3794643 0.5489583 0.3794643 0.5489583 0.3794643 0.5489583 0.3794643 0.5489583 0.3794643 0.5489583 0.3794643 0.5489583 0.3794643 0.5489583 0.3794643 0.5489583 0.3794643 0.5489583 0.3794643 0.5489583 0.3794643 0.5489583 0.3794643 0.5489583 0.3794643 0.5489583 0.3794643 0.5489583 0.3794643 0.5489583 0.3794643 0.5489583 0.3794643 0.5489583 0.3794643 0.5489583 0.3794643 0.5489583 0.3794643 0.5489583 0.3794643 0.5489583 0.3794643 0.5489583 0.3794643 0.5489583 0.3794643 0.5489583 0.3794643 0.5489583 0.3794643 0.5489583 0.3794643 0.5489583 0.3794643 0.5489583 0.3794643 0.5489583 0.3794643 0.5489583 0.3794643 0.5489583 0.3794643 0.5489583 0.3794643 0.5489583 0.3794643 0.5489583 0.3794643 0.5489583 0.3794643 0.5489583 0.3794643 0.5489583 0.3794643 0.5489583 0.3794643 0.5489583 0.3794643 0.5489583 0.3794643 0.5489583 0.3794643 0.5489583 0.3794643 0.5489583 0.3794643 0.5489583 0.3794643 0.5489583 0.3794643 0.5489583 0.3794643 0.5489583 0.3794643 0.5489583 0.3794643 0.5489583 0.3794643 0.5489583 0.3794643 0.5489583 0.3794643 0.5489583 0.3794643 0.5489583 0.3794643 0.5489583 0.3794643 0.5489583 0.3794643 0.5489583 0.3794643 0.5489583 0.3794643 0.5489583 0.3794643 0.5489583 0.3794643 0.5489583 0.3794643 0.5489583 0.3794643 0.5489583 0.3794643 0.5489583 0.3794643 0.5489583 0.3794643 0.5489583 0.3794643 0.5489583 0.3794643 0.5489583 0.3794643 0.5489583 0.3794643 0.5489583 0.3794643 0.5489583 0.3794643 0.5489583 0.3794643 0.5489583 0.3794643 0.5489583 0.3794643 0.5489583 0.3794643 0.5489583 0.3794643 0.5489583 0.3794643 0.5489583 0.3794643 0.5489583 0.3794643 0.5489583 0.3794643 0.5489583 0.3794643 0.5489583 0.3794643 0.5489583 0.3794643 0.5489583 0.3794643 0.5489583 0.3794643 0.5489583 0.3794643 0.5489583 0.3794643 0.5489583 0.3794643 0.5489583 0.3794643 0.5489583 0.3794643 0.5489583 0.3794643 0.5489583 0.3794643 0.5489583 0.3794643 0.5489583 0.3794643 0.5489583 0.3794643 0.5489583 0.3794643 0.5489583 0.3794643 0.5489583 0.3794643 0.5489583 0.3794643 0.5489583 0.3794643 0.5489583 0.3794643 0.5489583 0.3794643 0.5489583 0.3794643 0.5489583 0.3794643 0.5489583 0.3794643 0.5489583 0.3794643 0.5489583 0.3794643 0.5489583 0.3794643 0.5489583 0.3794643 0.5489583 0.3794643 0.5489583 0.3794643 0.5489583 0.3794643 0.5489583 0.3794643 0.5489583 0.3794643 0.5489583 0.3794643 0.5489583 0.3794643 0.5489583 0.3794643 0.5489583 0.3794643 0.5489583 0.3794643 0.5489583 0.3794643 0.5489583 0.3794643 0.5489583 0.3794643 0.5489583 0.3794643 0.5489583 0.3794643 0.5489583 0.3794643 0.5489583 0.3794643 0.5489583 0.3794643 0.5489583 0.3794643 0.5489583 0.3794643 0.5489583 0.3794643 0.5489583 0.3794643 0.5489583 0.3794643 0.5489583 0.3794643 0.5489583 0.3794643 0.5489583 0.3794643 0.5489583 0.3794643 0.5489583 0.3794643 0.5489583 0.3794643 0.5489583 0.3794643 0.5489583 0.3794643 0.5489583 0.3794643 0.5489583 0.3794643 0.5489583 0.3794643 0.5489583 0.3794643 0.5489583 0.3794643 0.5489583 0.3794643 0.5489583 0.3794643 0.5489583 0.3794643 0.5489583 0.3794643 0.5489583 0.3794643 0.5489583 0.3794643 0.5489583 0.3794643 0.5489583 0.3794643 0.5489583 0.3794643 0.5489583 0.3794643 0.5489583 0.3794643 0.5489583 0.3794643 0.5489583 0.3794643 0.5489583 0.3794643 0.5489583 0.3794643 0.5489583 0.3794643 0.5489583 0.3794643 0.5489583 0.3794643 0.5489583 0.3794643 0.5489583 0.3794643 0.5489583 0.3794643 0.5489583 0.3794643 0.5489583 0.3794643 0.5489583 0.3794643 0.5489583 0.3794643 0.5489583 0.3794643 0.5489583 0.3794643 0.5489583 0.3794643 0.5489583 0.3794643 0.5489583 0.3794643 0.5489583 0.3794643 0.5489583 0.3794643 0.5489583 0.3794643 0.5489583 0.3794643 0.5489583 0.3794643 0.5489583 0.3794643 0.5489583 0.3794643 0.5489583 0.3794643 0.5489583 0.3794643 0.5489583 0.3794643 0.5489583 0.3794643 0.5489583 0.3794643 0.5489583 0.3794643 0.5489583 0.3794643 0.5489583 0.3794643 0.5489583 0.3794643 0.5489583 0.3794643 0.5489583 0.3794643 0.5489583 0.3794643 0.5489583 0.3794643 0.5489583 0.3794643 0.5489583 0.3794643 0.5489583 0.3794643 0.5489583 0.3794643 0.5489583 0.3794643 0.5489583 0.3794643 0.5489583 0.3794643 0.5489583 0.3794643 0.5489583 0.3794643 0.5489583 0.3794643 0.5489583 0.3794643 0.5489583 0.3794643 0.5489583 0.3794643 0.5489583 0.3794643 0.5489583 0.3794643 0.5489583 0.3794643 0.5489583 0.3794643 0.5489583 0.3794643 0.5489583 0.3794643 0.5489583 0.3794643 0.5489583 0.3794643 0.5489583 0.3794643 0.5489583 0.3794643 0.5489583 0.3794643 0.5489583 0.3794643 0.5489583 0.3794643 0.5489583 0.3794643 0.5489583 0.3794643 0.5489583 0.3794643 0.5489583 0.3794643 0.5489583 0.3794643 0.5489583 0.3794643 0.5489583 0.3794643 0.5489583 0.3794643 0.5489583 0.3794643 0.5489583 0.3794643 0.5489583 0.3794643 0.5489583 0.3794643 0.5489583 0.3794643 0.5489583 0.3794643 0.5489583 0.3794643 0.5489583 0.3794643 0.5489583 0.3794643 0.5489583 0.3794643 0.5489583 0.3794643 0.5489583 0.3794643 0.5489583 0.3794643 0.5489583 0.3794643 0.5489583 0.3794643 0.5489583 0.3794643 0.5489583 0.3794643 0.5489583 0.3794643 0.5489583 0.3794643 0.5489583 0.3794643 0.5489583 0.3794643 0.5489583 0.3794643 0.5489583 0.3794643 0.5489583 0.3794643 0.5489583 0.3794643 0.5489583 0.3794643 0.5489583 0.3794643 0.5489583 0.3794643 0.5489583 0.3794643 0.5489583 0.3794643 0.5489583 0.3794643 0.5489583 0.3794643 0.5489583 0.3794643 0.5489583 0.3794643 0.5489583 0.3794643 0.5489583 0.3794643 0.5489583 0.3794643 0.5489583 0.3794643 0.5489583 0.3794643 0.5489583 0.3794643 0.5489583 0.3794643 0.5489583 0.3794643 0.5489583 0.3794643 0.5489583 0.3794643 0.5489583 0.3794643 0.5489583 0.3794643 0.5489583 0.3794643 0.5489583 0.3794643 0.5489583 0.3794643 0.5489583 0.3794643 0.5489583 0.3794643 0.5489583 0.3794643 0.5489583 0.3794643 0.5489583 0.3794643 0.5489583 0.3794643 0.5489583 0.3794643 0.5489583 0.3794643 0.5489583 0.3794643 0.5489583 0.3794643 0.5489583 0.3794643 0.5489583 0.3794643 0.5489583 0.3794643 0.5489583 0.3794643 0.5489583 0.3794643 0.5489583 0.3794643 0.5489583 0.3794643 0.5489583 0.3794643 0.5489583 0.3794643 0.5489583 0.3794643 0.5489583 0.3794643 0.5489583 0.3794643 0.5489583 0.3794643 0.5489583 0.3794643 0.5489583 0.3794643 0.5489583 0.3794643 0.5489583 0.3794643 0.5489583 0.3794643 0.5489583 0.3794643 0.5489583 0.3794643 0.5489583 0.3794643 0.5489583 0.3794643 0.5489583 0.3794643 0.5489583 0.3794643 0.5489583 0.3794643 0.5489583 0.3794643 0.5489583 0.3794643 0.5489583 0.3794643 0.5489583 0.3794643 0.5489583 0.3794643 0.5489583 0.3794643 0.5489583 0.3794643 0.5489583 0.3794643 0.5489583 0.3794643 0.5489583 0.3794643 0.5489583 0.3794643 0.5489583 0.3794643 0.5489583 0.3794643 0.5489583 0.3794643 0.5489583 0.3794643 0.5489583 0.3794643 0.5489583 0.3794643 0.5489583 0.3794643 0.5489583 0.3794643 0.5489583 0.3794643 0.5489583 0.3794643 0.5489583 0.3794643 0.5489583 0.3794643 0.5489583 0.3794643 0.5489583 0.3794643 0.5489583 0.3794643 0.5489583 0.3794643 0.5489583 0.3794643 0.5489583 0.3794643 0.5489583 0.3794643 0.5489583 0.3794643 0.5489583 0.3794643 0.5489583 0.3794643 0.5489583 0.3794643 0.5489583 0.3794643 0.5489583 0.3794643 0.5489583 0.3794643 0.5489583 0.3794643 0.5489583 0.3794643 0.5489583 0.3794643 0.5489583 0.3794643 0.5489583 0.3794643 0.5489583 0.3794643 0.5489583 0.3794643 0.5489583 0.3794643 0.5489583 0.3794643 0.5489583 0.3794643 0.5489583 0.3794643 0.5489583 0.3794643 0.5489583 0.3794643 0.5489583 0.3794643 0.5489583 0.3794643 0.5489583 0.3794643 0.5489583 0.3794643 0.5489583 0.3794643 0.5489583 0.3794643 0.5489583 0.3794643 0.5489583 0.3794643 0.5489583 0.3794643 0.5489583 0.3794643 0.5489583 0.3794643 0.5489583 0.3794643 0.5489583 0.3794643 0.5489583 0.3794643 0.5489583 0.3794643 0.5489583 0.3794643 0.5489583 0.3794643 0.5489583 0.3794643 0.5489583 0.3794643 0.5489583 0.3794643 0.5489583 0.3794643 0.5489583 0.3794643 0.5489583 0.3794643 0.5489583 0.3794643 0.5489583 0.3794643 0.5489583 0.3794643 0.5489583 0.3794643 0.5489583 0.3794643 0.5489583 0.3794643 0.5489583 0.3794643 0.5489583 0.3794643 0.5489583 0.3794643 0.5489583 0.3794643 0.5489583 0.3794643 0.5489583 0.3794643 0.5489583 0.3794643 0.5489583 0.3794643 0.5489583 0.3794643 0.5489583 0.3794643 0.5489583 0.3794643 0.5489583 0.3794643 0.5489583 0.3794643 0.5489583 0.3794643 0.5489583 0.3794643 0.5489583 0.3794643 0.5489583 0.3794643 0.5489583 0.3794643 0.5489583 0.3794643 0.5489583 0.3794643 0.5489583 0.3794643 0.5489583 0.3794643 0.5489583 0.3794643 0.5489583 0.3794643 0.5489583 0.3794643 0.5489583 0.3794643 0.5489583 0.3794643 0.5489583 0.3794643 0.5489583 0.3794643 0.5489583 0.3794643 0.5489583 0.3794643 0.5489583 0.3794643 0.5489583 0.3794643 0.5489583 0.3794643 0.5489583 0.3794643 0.5489583 0.3794643 0.5489583 0.3794643 0.5489583 0.3794643 0.5489583 0.3794643 0.5489583 0.3794643 0.5489583 0.3794643 0.5489583 0.3794643 0.5489583 0.3794643 0.5489583 0.3794643 0.5489583 0.3794643 0.5489583 0.3794643 0.5489583 0.3794643 0.5489583 0.3794643 0.5489583 0.3794643 0.5489583 0.3794643 0.5489583 0.3794643 0.5489583 0.3794643 0.5489583 0.3794643 0.5489583 0.3794643 0.5489583 0.3794643 0.5489583 0.3794643 0.5489583 0.3794643 0.5489583 0.3794643 0.5489583 0.3794643 0.5489583 0.3794643 0.5489583 0.3794643 0.5489583 0.3794643 0.5489583 0.3794643 0.5489583 0.3794643 0.5489583 0.3794643 0.5489583 0.3794643 0.5489583 0.3794643 0.5489583 0.3794643 0.5489583 0.3794643 0.5489583 0.3794643 0.5489583 0.3794643 0.5489583 0.3794643 0.5489583 0.3794643 0.5489583 0.3794643 0.5489583 0.3794643 0.5489583 0.3794643 0.5489583 0.3794643 0.5489583 0.3794643 0.5489583 0.3794643 0.5489583 0.3794643 0.5489583 0.3794643 0.5489583 0.3794643 0.5489583 0.3794643 0.5489583 0.3794643 0.5489583 0.3794643 0.5489583 0.3794643 0.5489583 0.3794643 0.5489583 0.3794643 0.5489583 0.3794643 0.5489583 0.3794643 0.5489583 0.3794643 0.5489583 0.3794643 0.5489583 0.3794643 0.5489583 0.3794643 0.5489583 0.3794643 0.5489583 0.3794643 0.5489583 0.3794643 0.5489583 0.3794643 0.5489583 0.3794643 0.5489583 0.3794643 0.5489583 0.3794643 0.5489583 0.3794643 0.5489583 0.3794643 0.5489583 0.3794643 0.5489583 0.3794643 0.5489583 0.3794643 0.5489583 0.3794643 0.5489583 0.3794643 0.5489583 0.3794643 0.5489583 0.3794643 0.5489583 0.3794643 0.5489583 0.3794643 0.5489583 0.3794643 0.5489583 0.3794643 0.5489583 0.3794643 0.5489583 0.3794643 0.5489583 0.3794643 0.5489583 0.3794643 0.5489583 0.3794643 0.5489583 0.3794643 0.5489583 0.3794643 0.5489583 0.3794643 0.5489583 0.3794643 0.5489583 0.3794643 0.5489583 0.3794643 0.5489583 0.3794643 0.5489583 0.3794643 0.5489583 0.3794643 0.5489583 0.3794643 0.5489583 0.3794643 0.5489583 0.3794643 0.5489583 0.3794643 0.5489583 0.3794643 0.5489583 0.3794643 0.5489583 0.3794643 0.5489583 0.3794643 0.5489583 0.3794643 0.5489583 0.3794643 0.5489583 0.3794643 0.5489583 0.3794643 0.5489583 0.3794643 0.5489583 0.3794643 0.5489583 0.3794643 0.5489583 0.3794643 0.5489583 0.3794643 0.5489583 0.3794643 0.5489583 0.3794643 0.5489583 0.3794643 0.5489583 0.3794643 0.5489583 0.3794643 0.5489583 0.3794643 0.5489583 0.3794643 0.5489583 0.3794643 0.5489583 0.3794643 0.5489583 0.3794643 0.5489583 0.3794643 0.5489583 0.3794643 0.5489583 0.3794643 0.5489583 0.3794643 0.5489583 0.3794643 0.5489583 0.3794643 0.5489583 0.3794643 0.5489583 0.3794643 0.5489583 0.3794643 0.5489583 0.3794643 0.5489583 0.3794643 0.5489583 0.3794643 0.5489583 0.3794643 0.5489583 0.3794643 0.5489583 0.3794643 0.5489583 0.3794643 0.5489583 0.3794643 0.5489583 0.3794643 0.5489583 0.3794643 0.5489583 0.3794643 0.5489583 0.3794643 0.5489583 0.3794643 0.5489583 0.3794643 0.5489583 0.3794643 0.5489583 0.3794643 0.5489583 0.3794643 0.5489583 0.3794643 0.5489583 0.3794643 0.5489583 0.3794643 0.5489583 0.3794643 0.5489583 0.3794643 0.5489583 0.3794643 0.5489583 0.3794643 0.5489583 0.3794643 0.5489583 0.3794643 0.5489583 0.3794643 0.5489583 0.3794643 0.5489583 0.3794643 0.5489583 0.3794643 0.5489583 0.3794643 0.5489583 0.3794643 0.5489583 0.3794643 0.5489583 0.3794643 0.5489583 0.3794643 0.5489583 0.3794643 0.5489583 0.3794643 0.5489583 0.3794643 0.5489583 0.3794643 0.5489583 0.3794643 0.5489583 0.3794643 0.5489583 0.3794643 0.5489583 0.3794643 0.5489583 0.3794643 0.5489583 0.3794643 0.5489583 0.3794643 0.5489583 0.3794643 0.5489583 0.3794643 0.5489583 0.3794643 0.5489583 0.3794643 0.5489583 0.3794643 0.5489583 0.3794643 0.5489583 0.3794643 0.5489583 0.3794643 0.5489583 0.3794643 0.5489583 0.3794643 0.5489583 0.3794643 0.5489583 0.3794643 0.5489583 0.3794643 0.5489583 0.3794643 0.5489583 0.3794643 0.5489583 0.3794643 0.5489583 0.3794643 0.5489583 0.3794643 0.5489583 0.3794643 0.5489583 0.3794643 0.5489583 0.3794643 0.5489583 0.3794643 0.5489583 0.3794643 0.5489583 0.3794643 0.5489583 0.3794643 0.5489583 0.3794643 0.5489583 0.3794643 0.5489583 0.3794643 0.5489583 0.3794643 0.5489583 0.3794643 0.5489583 0.3794643 0.5489583 0.3794643 0.5489583 0.3794643 0.5489583 0.3794643 0.5489583 0.3794643 0.5489583 0.3794643 0.5489583 0.3794643 0.5489583 0.3794643 0.5489583 0.3794643 0.5489583 0.3794643 0.5489583 0.3794643 0.5489583 0.3794643 0.5489583 0.3794643 0.5489583 0.3794643 0.5489583 0.3794643 0.5489583 0.3794643 0.5489583 0.3794643 0.5489583 0.3794643 0.5489583 0.3794643 0.5489583 0.3794643 0.5489583 0.3794643 0.5489583 0.3794643 0.5489583 0.3794643 0.5489583 0.3794643 0.5489583 0.3794643 0.5489583 0.3794643 0.5489583 0.3794643 0.5489583 0.3794643 0.5489583 0.3794643 0.5489583 0.3794643 0.5489583 0.3794643 0.5489583 0.3794643 0.5489583 0.3794643 0.5489583 0.3794643 0.5489583 0.3794643 0.5489583 0.3794643 0.5489583 0.3794643 0.5489583 0.3794643 0.5489583 0.3794643 0.5489583 0.3794643 0.5489583 0.3794643 0.5489583 0.3794643 0.5489583 0.3794643 0.5489583 0.3794643 0.5489583 0.3794643 0.5489583 0.3794643 0.5489583 0.3794643 0.5489583 0.3794643 0.5489583 0.3794643 0.5489583 0.3794643 0.5489583 0.3794643 0.5489583 0.3794643 0.5489583 0.3794643 0.5489583 0.3794643 0.5489583 0.3794643 0.5489583 0.3794643 0.5489583 0.3794643 0.5489583 0.3794643 0.5489583 0.3794643 0.5489583 0.3794643 0.5489583 0.3794643 0.5489583 0.3794643 0.5489583 0.3794643 0.5489583 0.3794643 0.5489583 0.3794643 0.5489583 0.3794643 0.5489583 0.3794643 0.5489583 0.3794643 0.5489583 0.3794643 0.5489583 0.3794643 0.5489583 0.3794643 0.5489583 0.3794643 0.5489583 0.3794643 0.5489583 0.3794643 0.5489583 0.3794643 0.5489583 0.3794643 0.5489583 0.3794643 0.5489583 0.3794643 0.5489583 0.3794643 0.5489583 0.3794643 0.5489583 0.3794643 0.5489583 0.3794643 0.5489583 0.3794643 0.5489583 0.3794643 0.5489583 0.3794643 0.5489583 0.3794643 0.5489583 0.3794643 0.5489583 0.3794643 0.5489583 0.3794643 0.5489583 0.3794643 0.5489583 0.3794643 0.5489583 0.3794643 0.5489583 0.3794643 0.5489583 0.3794643 0.5489583 0.3794643 0.5489583 0.3794643 0.5489583 0.3794643 0.5489583 0.3794643 0.5489583 0.3794643 0.5489583 0.3794643 0.5489583 0.3794643 0.5489583 0.3794643 0.5489583 0.3794643 0.5489583 0.3794643 0.5489583 0.3794643 0.5489583 0.3794643 0.5489583 0.3794643 0.5489583 0.3794643 0.5489583 0.3794643 0.5489583 0.3794643 0.5489583 0.3794643 0.5489583 0.3794643 0.5489583 0.3794643 0.5489583 0.3794643 0.5489583 0.3794643 0.5489583 0.3794643 0.5489583 0.3794643 0.5489583 0.3794643 0.5489583 0.3794643 0.5489583 0.3794643 0.5489583 0.3794643 0.5489583 0.3794643 0.5489583 0.3794643 0.5489583 0.3794643 0.5489583 0.3794643 0.5489583 0.3794643 0.5489583 0.3794643 0.5489583 0.3794643 0.5489583 0.3794643 0.5489583 0.3794643 0.5489583 0.3794643 0.5489583 0.3794643 0.5489583 0.3794643 0.5489583 0.3794643 0.5489583 0.3794643 0.5489583 0.3794643 0.5489583 0.3794643 0.5489583 0.3794643 0.5489583 0.3794643 0.5489583 0.3794643 0.5489583 0.3794643 0.5489583 0.3794643 0.5489583 0.3794643 0.5489583 0.3794643 0.5489583 0.3794643 0.5489583 0.3794643 0.5489583 0.3794643 0.5489583 0.3794643 0.5489583 0.3794643 0.5489583 0.3794643 0.5489583 0.3794643 0.5489583 0.3794643 0.5489583 0.3794643 0.5489583 0.3794643 0.5489583 0.3794643 0.5489583 0.3794643 0.5489583 0.3794643 0.5489583 0.3794643 0.5489583 0.3794643 0.5489583 0.3794643 0.5489583 0.3794643 0.5489583 0.3794643 0.5489583 0.3794643 0.5489583 0.3794643 0.5489583 0.3794643 0.5489583 0.3794643 0.5489583 0.3794643 0.5489583 0.3794643 0.5489583 0.3794643 0.5489583 0.3794643 0.5489583 0.3794643 0.5489583 0.3794643 0.5489583 0.3794643 0.5489583 0.3794643 0.5489583 0.3794643 0.5489583 0.3794643 0.5489583 0.3794643 0.5489583 0.3794643 0.5489583 0.3794643 0.5489583 0.3794643 0.5489583 0.3794643 0.5489583 0.3794643 0.5489583 0.3794643 0.5489583 0.3794643 0.5489583 0.3794643 0.5489583 0.3794643 0.5489583 0.3794643 0.5489583 0.3794643 0.5489583 0.3794643 0.5489583 0.3794643 0.5489583 0.3794643 0.5489583 0.3794643 0.5489583 0.3794643 0.5489583 0.3794643 0.5489583 0.3794643 0.5489583 0.3794643 0.5489583 0.3794643 0.5489583 0.3794643 0.5489583 0.3794643 0.5489583 0.3794643 0.5489583 0.3794643 0.5489583 0.3794643 0.5489583 0.3794643 0.5489583 0.3794643 0.5489583 0.3794643 0.5489583 0.3794643 0.5489583 0.3794643 0.5489583 0.3794643 0.5489583 0.3794643 0.5489583 0.3794643 0.5489583 0.3794643 0.5489583 0.3794643 0.5489583 0.3794643 0.5489583 0.3794643 0.5489583 0.3794643 0.5489583 0.3794643 0.5489583 0.3794643 0.5489583 0.3794643 0.5489583 0.3794643 0.5489583 0.3794643 0.5489583 0.3794643 0.5489583 0.3794643 0.5489583 0.3794643 0.5489583 0.3794643 0.5489583 0.3794643 0.5489583 0.3794643 0.5489583 0.3794643 0.5489583 0.3794643 0.5489583 0.3794643 0.5489583 0.3794643 0.5489583 0.3794643 0.5489583 0.3794643 0.5489583 0.3794643 0.5489583 0.3794643 0.5489583 0.3794643 0.5489583 0.3794643 0.5489583 0.3794643 0.5489583 0.3794643 0.5489583 0.3794643 0.5489583 0.3794643 0.5489583 0.3794643 0.5489583 0.3794643 0.5489583 0.3794643 0.5489583 0.3794643 0.5489583 0.3794643 0.5489583 0.3794643 0.5489583 0.3794643 0.5489583 0.3794643 0.5489583 0.3794643 0.5489583 0.3794643 0.5489583 0.3794643 0.5489583 0.3794643 0.5489583 0.3794643 0.5489583 0.3794643 0.5489583 0.3794643 0.5489583 0.3794643 0.5489583 0.3794643 0.5489583 0.3794643 0.5489583 0.3794643 0.5489583 0.3794643 0.5489583 0.3794643 0.5489583 0.3794643 0.5489583 0.3794643 0.5489583 0.3794643 0.5489583 0.3794643 0.5489583 0.3794643 0.5489583 0.3794643 0.5489583 0.3794643 0.5489583 0.3794643 0.5489583 0.3794643 0.5489583 0.3794643 0.5489583 0.3794643 0.5489583 0.3794643 0.5489583 0.3794643 0.5489583 0.3794643 0.5489583 0.3794643 0.5489583 0.3794643 0.5489583 0.3794643 0.5489583 0.3794643 0.5489583 0.3794643 0.5489583 0.3794643 0.5489583 0.3794643 0.5489583 0.3794643 0.5489583 0.3794643 0.5489583 0.3794643 0.5489583 0.3794643 0.5489583 0.3794643 0.5489583 0.3794643 0.5489583 0.3794643 0.5489583 0.3794643 0.5489583 0.3794643 0.5489583 0.3794643 0.5489583 0.3794643 0.5489583 0.3794643 0.5489583 0.3794643 0.5489583 0.3794643 0.5489583 0.3794643 0.5489583 0.3794643 0.5489583 0.3794643 0.5489583 0.3794643 0.5489583 0.3794643 0.5489583 0.3794643 0.5489583 0.3794643 0.5489583 0.3794643 0.5489583 0.3794643 0.5489583 0.3794643 0.5489583 0.3794643 0.5489583 0.3794643 0.5489583 0.3794643 0.5489583 0.3794643 0.5489583 0.3794643 0.5489583 0.3794643 0.5489583 0.3794643 0.5489583 0.3794643 0.5489583 0.3794643 0.5489583 0.3794643 0.5489583 0.3794643 0.5489583 0.3794643 0.5489583 0.3794643 0.5489583 0.3794643 0.5489583 0.3794643 0.5489583 0.3794643 0.5489583 0.3794643 0.5489583 0.3794643 0.5489583 0.3794643 0.5489583 0.3794643 0.5489583 0.3794643 0.5489583 0.3794643 0.5489583 0.3794643 0.5489583 0.3794643 0.5489583 0.3794643 0.5489583 0.3794643 0.5489583 0.3794643 0.5489583 0.3794643 0.5489583 0.3794643 0.5489583 0.3794643 0.5489583 0.3794643 0.5489583 0.3794643 0.5489583 0.3794643 0.5489583 0.3794643 0.5489583 0.3794643 0.5489583 0.3794643 0.5489583 0.3794643 0.5489583 0.3794643 0.5489583 0.3794643 0.5489583 0.3794643 0.5489583 0.3794643 0.5489583 0.3794643 0.5489583 0.3794643 0.5489583 0.3794643 0.5489583 0.3794643 0.5489583 0.3794643 0.5489583 0.3794643 0.5489583 0.3794643 0.5489583 0.3794643 0.5489583 0.3794643 0.5489583 0.3794643 0.5489583 0.3794643 0.5489583 0.3794643 0.5489583 0.3794643 0.5489583 0.3794643 0.5489583 0.3794643 0.5489583 0.3794643 0.5489583 0.3794643 0.5489583 0.3794643 0.5489583 0.3794643 0.5489583 0.3794643 0.5489583 0.3794643 0.5489583 0.3794643 0.5489583 0.3794643 0.5489583 0.3794643 0.5489583 0.3794643 0.5489583 0.3794643 0.5489583 0.3794643 0.5489583 0.3794643 0.5489583 0.3794643 0.5489583 0.3794643 0.5489583 0.3794643 0.5489583 0.3794643 0.5489583 0.3794643 0.5489583 0.3794643 0.5489583 0.3794643 0.5489583 0.3794643 0.5489583 0.3794643 0.5489583 0.3794643 0.5489583 0.3794643 0.5489583 0.3794643 0.5489583 0.3794643 0.5489583 0.3794643 0.5489583 0.3794643 0.5489583 0.3794643 0.5489583 0.3794643 0.5489583 0.3794643 0.5489583 0.3794643 0.5489583 0.3794643 0.5489583 0.3794643 0.5489583 0.3794643 0.5489583 0.3794643 0.5489583 0.3794643 0.5489583 0.3794643 0.5489583 0.3794643 0.5489583 0.3794643 0.5489583 0.3794643 0.5489583 0.3794643 0.5489583 0.3794643 0.5489583 0.3794643 0.5489583 0.3794643 0.5489583 0.3794643 0.5489583 0.3794643 0.5489583 0.3794643 0.5489583 0.3794643 0.5489583 0.3794643 0.5489583 0.3794643 0.5489583 0.3794643 0.5489583 0.3794643 0.5489583 0.3794643 0.5489583 0.3794643 0.5489583 0.3794643 0.5489583 0.3794643 0.5489583 0.3794643 0.5489583 0.3794643 0.5489583 0.3794643 0.5489583 0.3794643 0.5489583 0.3794643 0.5489583 0.3794643 0.5489583 0.3794643 0.5489583 0.3794643 0.5489583 0.3794643 0.5489583 0.3794643 0.5489583 0.3794643 0.5489583 0.3794643 0.5489583 0.3794643 0.5489583 0.3794643 0.5489583 0.3794643 0.5489583 0.3794643 0.5489583 0.3794643 0.5489583 0.3794643 0.5489583 0.3794643 0.5489583 0.3794643 0.5489583 0.3794643 0.5489583 0.3794643 0.5489583 0.3794643 0.5489583 0.3794643 0.5489583 0.3794643 0.5489583 0.3794643 0.5489583 0.3794643 0.5489583 0.3794643 0.5489583 0.3794643 0.5489583 0.3794643 0.5489583 0.3794643 0.5489583 0.3794643 0.5489583 0.3794643 0.5489583 0.3794643 0.5489583 0.3794643 0.5489583 0.3794643 0.5489583 0.3794643 0.5489583 0.3794643 0.5489583 0.3794643 0.5489583 0.3794643 0.5489583 0.3794643 0.5489583 0.3794643 0.5489583 0.3794643 0.5489583 0.3794643 0.5489583 0.3794643 0.5489583 0.3794643 0.5489583 0.3794643 0.5489583 0.3794643 0.5489583 0.3794643 0.5489583 0.3794643 0.5489583 0.3794643 0.5489583 0.3794643 0.5489583 0.3794643 0.5489583 0.3794643 0.5489583 0.3794643 0.5489583 0.3794643 0.5489583 0.3794643 0.5489583 0.3794643 0.5489583 0.3794643 0.5489583 0.3794643 0.5489583 0.3794643 0.5489583 0.3794643 0.5489583 0.3794643 0.5489583 0.3794643 0.5489583 0.3794643 0.5489583 0.3794643 0.5489583 0.3794643 0.5489583 0.3794643 0.5489583 0.3794643 0.5489583 0.3794643 0.5489583 0.3794643 0.5489583 0.3794643 0.5489583 0.3794643 0.5489583 0.3794643 0.5489583 0.3794643 0.5489583 0.3794643 0.5489583 0.3794643 0.5489583 0.3794643 0.5489583 0.3794643 0.5489583 0.3794643 0.5489583 0.3794643 0.5489583 0.3794643 0.5489583 0.3794643 0.5489583 0.3794643 0.5489583 0.3794643 0.5489583 0.3794643 0.5489583 0.3794643 0.5489583 0.3794643 0.5489583 0.3794643 0.5489583 0.3794643 0.5489583 0.3794643 0.5489583 0.3794643 0.5489583 0.3794643 0.5489583 0.3794643 0.5489583 0.3794643 0.5489583 0.3794643 0.5489583 0.3794643 0.5489583 0.3794643 0.5489583 0.3794643 0.5489583 0.3794643 0.5489583 0.3794643 0.5489583 0.3794643 0.5489583 0.3794643 0.5489583 0.3794643 0.5489583 0.3794643 0.5489583 0.3794643 0.5489583 0.3794643 0.5489583 0.3794643 0.5489583 0.3794643 0.5489583 0.3794643 0.5489583 0.3794643 0.5489583 0.3794643 0.5489583 0.3794643 0.5489583 0.3794643 0.5489583 0.3794643 0.5489583 0.3794643 0.5489583 0.3794643 0.5489583 0.3794643 0.5489583 0.3794643 0.5489583 0.3794643 0.5489583 0.3794643 0.5489583 0.3794643 0.5489583 0.3794643 0.5489583 0.3794643 0.5489583 0.3794643 0.5489583 0.3794643 0.5489583 0.3794643 0.5489583 0.3794643 0.5489583 0.3794643 0.5489583 0.3794643 0.5489583 0.3794643 0.5489583 0.3794643 0.5489583 0.3794643 0.5489583 0.3794643 0.5489583 0.3794643 0.5489583 0.3794643 0.5489583 0.3794643 0.5489583 0.3794643 0.5489583 0.3794643 0.5489583 0.3794643 0.5489583 0.3794643 0.5489583 0.3794643 0.5489583 0.3794643 0.5489583 0.3794643 0.5489583 0.3794643 0.5489583 0.3794643 0.5489583 0.3794643 0.5489583 0.3794643 0.5489583 0.3794643 0.5489583 0.3794643 0.5489583 0.3794643 0.5489583 0.3794643 0.5489583 0.3794643 0.5489583 0.3794643 0.5489583 0.3794643 0.5489583 0.3794643 0.5489583 0.3794643 0.5489583 0.3794643 0.5489583 0.3794643 0.5489583 0.3794643 0.5489583 0.3794643 0.5489583 0.3794643 0.5489583 0.3794643 0.5489583 0.3794643 0.5489583 0.3794643 0.5489583 0.3794643 0.5489583 0.3794643 0.5489583 0.3794643 0.5489583 0.3794643 0.5489583 0.3794643 0.5489583 0.3794643 0.5489583 0.3794643 0.5489583 0.3794643 0.5489583 0.3794643 0.5489583 0.3794643 0.5489583 0.3794643 0.5489583 0.3794643 0.5489583 0.3794643 0.5489583 0.3794643 0.5489583 0.3794643 0.5489583 0.3794643 0.5489583 0.3794643 0.5489583 0.3794643 0.5489583 0.3794643 0.5489583 0.3794643 0.5489583 0.3794643 0.5489583 0.3794643 0.5489583 0.3794643 0.5489583 0.3794643 0.5489583 0.3794643 0.5489583 0.3794643 0.5489583 0.3794643 0.5489583 0.3794643 0.5489583 0.3794643 0.5489583 0.3794643 0.5489583 0.3794643 0.5489583 0.3794643 0.5489583 0.3794643 0.5489583 0.3794643 0.5489583 0.3794643 0.5489583 0.3794643 0.5489583 0.3794643 0.5489583 0.3794643 0.5489583 0.3794643 0.5489583 0.3794643 0.5489583 0.3794643 0.5489583 0.3794643 0.5489583 0.3794643 0.5489583 0.3794643 0.5489583 0.3794643 0.5489583 0.3794643 0.5489583 0.3794643 0.5489583 0.3794643 0.5489583 0.3794643 0.5489583 0.3794643 0.5489583 0.3794643 0.5489583 0.3794643 0.5489583 0.3794643 0.5489583 0.3794643 0.5489583 0.3794643 0.5489583 0.3794643 0.5489583 0.3794643 0.5489583 0.3794643 0.5489583 0.3794643 0.5489583 0.3794643 0.5489583 0.3794643 0.5489583 0.3794643 0.5489583 0.3794643 0.5489583 0.3794643 0.5489583 0.3794643 0.5489583 0.3794643 0.5489583 0.3794643 0.5489583 0.3794643 0.5489583 0.3794643 0.5489583 0.3794643 0.5489583 0.3794643 0.5489583 0.3794643 0.5489583 0.3794643 0.5489583 0.3794643 0.5489583 0.3794643 0.5489583 0.3794643 0.5489583 0.3794643 0.5489583 0.3794643 0.5489583 0.3794643 0.5489583 0.3794643 0.5489583 0.3794643 0.5489583 0.3794643 0.5489583 0.3794643 0.5489583 0.3794643 0.5489583 0.3794643 0.5489583 0.3794643 0.5489583 0.3794643 0.5489583 0.3794643 0.5489583 0.3794643 0.5489583 0.3794643 0.5489583 0.3794643 0.5489583 0.3794643 0.5489583 0.3794643 0.5489583 0.3794643 0.5489583 0.3794643 0.5489583 0.3794643 0.5489583 0.3794643 0.5489583 0.3794643 0.5489583 0.3794643 0.5489583 0.3794643 0.5489583 0.3794643 0.5489583 0.3794643 0.5489583 0.3794643 0.5489583 0.3794643 0.5489583 0.3794643 0.5489583 0.3794643 0.5489583 0.3794643 0.5489583 0.3794643 0.5489583 0.3794643 0.5489583 0.3794643 0.5489583 0.3794643 0.5489583 0.3794643 0.5489583 0.3794643 0.5489583 0.3794643 0.5489583 0.3794643 0.5489583 0.3794643 0.5489583 0.3794643 0.5489583 0.3794643 0.5489583 0.3794643 0.5489583 0.3794643 0.5489583 0.3794643 0.5489583 0.3794643 0.5489583 0.3794643 0.5489583 0.3794643 0.5489583 0.3794643 0.5489583 0.3794643 0.5489583 0.3794643 0.5489583 0.3794643 0.5489583 0.3794643 0.5489583 0.3794643 0.5489583 0.3794643 0.5489583 0.3794643 0.5489583 0.3794643 0.5489583 0.3794643 0.5489583 0.3794643 0.5489583 0.3794643 0.5489583 0.3794643 0.5489583 0.3794643 0.5489583 0.3794643 0.5489583 0.3794643 0.5489583 0.3794643 0.5489583 0.3794643 0.5489583 0.3794643 0.5489583 0.3794643 0.5489583 0.3794643 0.5489583 0.3794643 0.5489583 0.3794643 0.5489583 0.3794643 0.5489583 0.3794643 0.5489583 0.3794643 0.5489583 0.3794643 0.5489583 0.3794643 0.5489583 0.3794643 0.5489583 0.3794643 0.5489583 0.3794643 0.5489583 0.3794643 0.5489583 0.3794643 0.5489583 0.3794643 0.5489583 0.3794643 0.5489583 0.3794643 0.5489583 0.3794643 0.5489583 0.3794643 0.5489583 0.3794643 0.5489583 0.3794643 0.5489583 0.3794643 0.5489583 0.3794643 0.5489583 0.3794643 0.5489583 0.3794643 0.5489583 0.3794643 0.5489583 0.3794643 0.5489583 0.3794643 0.5489583 0.3794643 0.5489583 0.3794643 0.5489583 0.3794643 0.5489583 0.3794643 0.5489583 0.3794643 0.5489583 0.3794643 0.5489583 0.3794643 0.5489583 0.3794643 0.5489583 0.3794643 0.5489583 0.3794643 0.5489583 0.3794643 0.5489583 0.3794643 0.5489583 0.3794643 0.5489583 0.3794643 0.5489583 0.3794643 0.5489583 0.3794643 0.5489583 0.3794643 0.5489583 0.3794643 0.5489583 0.3794643 0.5489583 0.3794643 0.5489583 0.3794643 0.5489583 0.3794643 0.5489583 0.3794643 0.5489583 0.3794643 0.5489583 0.3794643 0.5489583 0.3794643 0.5489583 0.3794643 0.5489583 0.3794643 0.5489583 0.3794643 0.5489583 0.3794643 0.5489583 0.3794643 0.5489583 0.3794643 0.5489583 0.3794643 0.5489583 0.3794643 0.5489583 0.3794643 0.5489583 0.3794643 0.5489583 0.3794643 0.5489583 0.3794643 0.5489583 0.3794643 0.5489583 0.3794643 0.5489583 0.3794643 0.5489583 0.3794643 0.5489583 0.3794643 0.5489583 0.3794643 0.5489583 0.3794643 0.5489583 0.3794643 0.5489583 0.3794643 0.5489583 0.3794643 0.5489583 0.3794643 0.5489583 0.3794643 0.5489583 0.3794643 0.5489583 0.3794643 0.5489583 0.3794643 0.5489583 0.3794643 0.5489583 0.3794643 0.5489583 0.3794643 0.5489583 0.3794643 0.5489583 0.3794643 0.5489583 0.3794643 0.5489583 0.3794643 0.5489583 0.3794643 0.5489583 0.3794643 0.5489583 0.3794643 0.5489583 0.3794643 0.5489583 0.3794643 0.5489583 0.3794643 0.5489583 0.3794643 0.5489583 0.3794643 0.5489583 0.3794643 0.5489583 0.3794643 0.5489583 0.3794643 0.5489583 0.3794643 0.5489583 0.3794643 0.5489583 0.3794643 0.5489583 0.3794643 0.5489583 0.3794643 0.5489583 0.3794643 0.5489583 0.3794643 0.5489583 0.3794643 0.5489583 0.3794643 0.5489583 0.3794643 0.5489583 0.3794643 0.5489583 0.3794643 0.5489583 0.3794643 0.5489583 0.3794643 0.5489583 0.3794643 0.5489583 0.3794643 0.5489583 0.3794643 0.5489583 0.3794643 0.5489583 0.3794643 0.5489583 0.3794643 0.5489583 0.3794643 0.5489583 0.3794643 0.5489583 0.3794643 0.5489583 0.3794643 0.5489583 0.3794643 0.5489583 0.3794643 0.5489583 0.3794643 0.5489583 0.3794643 0.5489583 0.3794643 0.5489583 0.3794643 0.5489583 0.3794643 0.5489583 0.3794643 0.5489583 0.3794643 0.5489583 0.3794643 0.5489583 0.3794643 0.5489583 0.3794643 0.5489583 0.3794643 0.5489583 0.3794643 0.5489583 0.3794643 0.5489583 0.3794643 0.5489583 0.3794643 0.5489583 0.3794643 0.5489583 0.3794643 0.5489583 0.3794643 0.5489583 0.3794643 0.5489583 0.3794643 0.5489583 0.3794643 0.5489583 0.3794643 0.5489583 0.3794643 0.5489583 0.3794643 0.5489583 0.3794643 0.5489583 0.3794643 0.5489583 0.3794643 0.5489583 0.3794643 0.5489583 0.3794643 0.5489583 0.3794643 0.5489583 0.3794643 0.5489583 0.3794643 0.5489583 0.3794643 0.5489583 0.3794643 0.5489583 0.3794643 0.5489583 0.3794643 0.5489583 0.3794643 0.5489583 0.3794643 0.5489583 0.3794643 0.5489583 0.3794643 0.5489583 0.3794643 0.5489583 0.3794643 0.5489583 0.3794643 0.5489583 0.3794643 0.5489583 0.3794643 0.5489583 0.3794643 0.5489583 0.3794643 0.5489583 0.3794643 0.5489583 0.3794643 0.5489583 0.3794643 0.5489583 0.3794643 0.5489583 0.3794643 0.5489583 0.3794643 0.5489583 0.3794643 0.5489583 0.3794643 0.5489583 0.3794643 0.5489583 0.3794643 0.5489583 0.3794643 0.5489583 0.3794643 0.5489583 0.3794643 0.5489583 0.3794643 0.5489583 0.3794643 0.5489583 0.3794643 0.5489583 0.3794643 0.5489583 0.3794643 0.5489583 0.3794643 0.5489583 0.3794643 0.5489583 0.3794643 0.5489583 0.3794643 0.5489583 0.3794643 0.5489583 0.3794643 0.5489583 0.3794643 0.5489583 0.3794643 0.5489583 0.3794643 0.5489583 0.3794643 0.5489583 0.3794643 0.5489583 0.3794643 0.5489583 0.3794643 0.5489583 0.3794643 0.5489583 0.3794643 0.5489583 0.3794643 0.5489583 0.3794643 0.5489583 0.3794643 0.5489583 0.3794643 0.5489583 0.3794643 0.5489583 0.3794643 0.5489583 0.3794643 0.5489583 0.3794643 0.5489583 0.3794643 0.5489583 0.3794643 0.5489583 0.3794643 0.5489583 0.3794643 0.5489583 0.3794643 0.5489583 0.3794643 0.5489583 0.3794643 0.5489583 0.3794643 0.5489583 0.3794643 0.5489583 0.3794643 0.5489583 0.3794643 0.5489583 0.3794643 0.5489583 0.3794643 0.5489583 0.3794643 0.5489583 0.3794643 0.5489583 0.3794643 0.5489583 0.3794643 0.5489583 0.3794643 0.5489583 0.3794643 0.5489583 0.3794643 0.5489583 0.3794643 0.5489583 0.3794643 0.5489583 0.3794643 0.5489583 0.3794643 0.5489583 0.3794643 0.5489583 0.3794643 0.5489583 0.3794643 0.5489583 0.3794643 0.5489583 0.3794643 0.5489583 0.3794643 0.5489583 0.3794643 0.5489583 0.3794643 0.5489583 0.3794643 0.5489583 0.3794643 0.5489583 0.3794643 0.5489583 0.3794643 0.5489583 0.3794643 0.5489583 0.3794643 0.5489583 0.3794643 0.5489583 0.3794643 0.5489583 0.3794643 0.5489583 0.3794643 0.5489583 0.3794643 0.5489583 0.3794643 0.5489583 0.3794643 0.5489583 0.3794643 0.5489583 0.3794643 0.5489583 0.3794643 0.5489583 0.3794643 0.5489583 0.3794643 0.5489583 0.3794643 0.5489583 0.3794643 0.5489583 0.3794643 0.5489583 0.3794643 0.5489583 0.3794643 0.5489583 0.3794643 0.5489583 0.3794643 0.5489583 0.3794643 0.5489583 0.3794643 0.5489583 0.3794643 0.5489583 0.3794643 0.5489583 0.3794643 0.5489583 0.3794643 0.5489583 0.3794643 0.5489583 0.3794643 0.5489583 0.3794643 0.5489583 0.3794643 0.5489583 0.3794643 0.5489583 0.3794643 0.5489583 0.3794643 0.5489583 0.3794643 0.5489583 0.3794643 0.5489583 0.3794643 0.5489583 0.3794643 0.5489583 0.3794643 0.5489583 0.3794643 0.5489583 0.3794643 0.5489583 0.3794643 0.5489583 0.3794643 0.5489583 0.3794643 0.5489583 0.3794643 0.5489583 0.3794643 0.5489583 0.3794643 0.5489583 0.3794643 0.5489583 0.3794643 0.5489583 0.3794643 0.5489583 0.3794643 0.5489583 0.3794643 0.5489583 0.3794643 0.5489583 0.3794643 0.5489583 0.3794643 0.5489583 0.3794643 0.5489583 0.3794643 0.5489583 0.3794643 0.5489583 0.3794643 0.5489583 0.3794643 0.5489583 0.3794643 0.5489583 0.3794643 0.5489583 0.3794643 0.5489583 0.3794643 0.5489583 0.3794643 0.5489583 0.3794643 0.5489583 0.3794643 0.5489583 0.3794643 0.5489583 0.3794643 0.5489583 0.3794643 0.5489583 0.3794643 0.5489583 0.3794643 0.5489583 0.3794643 0.5489583 0.3794643 0.5489583 0.3794643 0.5489583 0.3794643 0.5489583 0.3794643 0.5489583 0.3794643 0.5489583 0.3794643 0.5489583 0.3794643 0.5489583 0.3794643 0.5489583 0.3794643 0.5489583 0.3794643 0.5489583 0.3794643 0.5489583 0.3794643 0.5489583 0.3794643 0.5489583 0.3794643 0.5489583 0.3794643 0.5489583 0.3794643 0.5489583 0.3794643 0.5489583 0.3794643 0.5489583 0.3794643 0.5489583 0.3794643 0.5489583 0.3794643 0.5489583 0.3794643 0.5489583 0.3794643 0.5489583 0.3794643 0.5489583 0.3794643 0.5489583 0.3794643 0.5489583 0.3794643 0.5489583 0.3794643 0.5489583 0.3794643 0.5489583 0.3794643 0.5489583 0.3794643 0.5489583 0.3794643 0.5489583 0.3794643 0.5489583 0.3794643 0.5489583 0.3794643 0.5489583 0.3794643 0.5489583 0.3794643 0.5489583 0.3794643 0.5489583 0.3794643 0.5489583 0.3794643 0.5489583 0.3794643 0.5489583 0.3794643 0.5489583 0.3794643 0.5489583 0.3794643 0.5489583 0.3794643 0.5489583 0.3794643 0.5489583 0.3794643 0.5489583 0.3794643 0.5489583 0.3794643 0.5489583 0.3794643 0.5489583 0.3794643 0.5489583 0.3794643 0.5489583 0.3794643 0.5489583 0.3794643 0.5489583 0.3794643 0.5489583 0.3794643 0.5489583 0.3794643 0.5489583 0.3794643 0.5489583 0.3794643 0.5489583 0.3794643 0.5489583 0.3794643 0.5489583 0.3794643 0.5489583 0.3794643 0.5489583 0.3794643 0.5489583 0.3794643 0.5489583 0.3794643 0.5489583 0.3794643 0.5489583 0.3794643 0.5489583 0.3794643 0.5489583 0.3794643 0.5489583 0.3794643 0.5489583 0.3794643 0.5489583 0.3794643 0.5489583 0.3794643 0.5489583 0.3794643 0.5489583 0.3794643 0.5489583 0.3794643 0.5489583 0.3794643 0.5489583 0.3794643 0.5489583 0.3794643 0.5489583 0.3794643 0.5489583 0.3794643 0.5489583 0.3794643 0.5489583 0.3794643 0.5489583 0.3794643 0.5489583 0.3794643 0.5489583 0.3794643 0.5489583 0.3794643 0.5489583 0.3794643 0.5489583 0.3794643 0.5489583 0.3794643 0.5489583 0.3794643 0.5489583 0.3794643 0.5489583 0.3794643 0.5489583 0.3794643 0.5489583 0.3794643 0.5489583 0.3794643 0.5489583 0.3794643 0.5489583 0.3794643 0.5489583 0.3794643 0.5489583 0.3794643 0.5489583 0.3794643 0.5489583 0.3794643 0.5489583 0.3794643 0.5489583 0.3794643 0.5489583 0.3794643 0.5489583 0.3794643 0.5489583 0.3794643 0.5489583 0.3794643 0.5489583 0.3794643 0.5489583 0.3794643 0.5489583 0.3794643 0.5489583 0.3794643 0.5489583 0.3794643 0.5489583 0.3794643 0.5489583 0.3794643 0.5489583 0.3794643 0.5489583 0.3794643 0.5489583 0.3794643 0.5489583 0.3794643 0.5489583 0.3794643 0.5489583 0.3794643 0.5489583 0.3794643 0.5489583 0.3794643 0.5489583 0.3794643 0.5489583 0.3794643 0.5489583 0.3794643 0.5489583 0.3794643 0.5489583 0.3794643 0.5489583 0.3794643 0.5489583 0.3794643 0.5489583 0.3794643 0.5489583 0.3794643 0.5489583 0.3794643 0.5489583 0.3794643 0.5489583 0.3794643 0.5489583 0.3794643 0.5489583 0.3794643 0.5489583 0.3794643 0.5489583 0.3794643 0.5489583 0.3794643 0.5489583 0.3794643 0.5489583 0.3794643 0.5489583 0.3794643 0.5489583 0.3794643 0.5489583 0.3794643 0.5489583 0.3794643 0.5489583 0.3794643 0.5489583 0.3794643 0.5489583 0.3794643 0.5489583 0.3794643 0.5489583 0.3794643 0.5489583 0.3794643 0.5489583 0.3794643 0.5489583 0.3794643 0.5489583 0.3794643 0.5489583 0.3794643 0.5489583 0.3794643 0.5489583 0.3794643 0.5489583 0.3794643 0.5489583 0.3794643 0.5489583 0.3794643 0.5489583 0.3794643 0.5489583 0.3794643 0.5489583 0.3794643 0.5489583 0.3794643 0.5489583 0.3794643 0.5489583 0.3794643 0.5489583 0.3794643 0.5489583 0.3794643 0.5489583 0.3794643 0.5489583 0.3794643 0.5489583 0.3794643 0.5489583 0.3794643 0.5489583 0.3794643 0.5489583 0.3794643 0.5489583 0.3794643 0.5489583 0.3794643 0.5489583 0.3794643 0.5489583 0.3794643 0.5489583 0.3794643 0.5489583 0.3794643 0.5489583 0.3794643 0.5489583 0.3794643 0.5489583 0.3794643 0.5489583 0.3794643 0.5489583 0.3794643 0.5489583 0.3794643 0.5489583 0.3794643 0.5489583 0.3794643 0.5489583 0.3794643 0.5489583 0.3794643 0.5489583 0.3794643 0.5489583 0.3794643 0.5489583 0.3794643 0.5489583 0.3794643 0.5489583 0.3794643 0.5489583 0.3794643 0.5489583 0.3794643 0.5489583 0.3794643 0.5489583 0.3794643 0.5489583 0.3794643 0.5489583 0.3794643 0.5489583 0.3794643 0.5489583 0.3794643 0.5489583 0.3794643 0.5489583 0.3794643 0.5489583 0.3794643 0.5489583 0.3794643 0.5489583 0.3794643 0.5489583 0.3794643 0.5489583 0.3794643 0.5489583 0.3794643 0.5489583 0.3794643 0.5489583 0.3794643 0.5489583 0.3794643 0.5489583 0.3794643 0.5489583 0.3794643 0.5489583 0.3794643 0.5489583 0.3794643 0.5489583 0.3794643 0.5489583 0.3794643 0.5489583 0.3794643 0.5489583 0.3794643 0.5489583 0.3794643 0.5489583 0.3794643 0.5489583 0.3794643 0.5489583 0.3794643 0.5489583 0.3794643 0.5489583 0.3794643 0.5489583 0.3794643 0.5489583 0.3794643 0.5489583 0.3794643 0.5489583 0.3794643 0.5489583 0.3794643 0.5489583 0.3794643 0.5489583 0.3794643 0.5489583 0.3794643 0.5489583 0.3794643 0.5489583 0.3794643 0.5489583 0.3794643 0.5489583 0.3794643 0.5489583 0.3794643 0.5489583 0.3794643 0.5489583 0.3794643 0.5489583 0.3794643 0.5489583 0.3794643 0.5489583 0.3794643 0.5489583 0.3794643 0.5489583 0.3794643 0.5489583 0.3794643 0.5489583 0.3794643 0.5489583 0.3794643 0.5489583 0.3794643 0.5489583 0.3794643 0.5489583 0.3794643 0.5489583 0.3794643 0.5489583 0.3794643 0.5489583 0.3794643 0.5489583 0.3794643 0.5489583 0.3794643 0.5489583 0.3794643 0.5489583 0.3794643 0.5489583 0.3794643 0.5489583 0.3794643 0.5489583 0.3794643 0.5489583 0.3794643 0.5489583 0.3794643 0.5489583 0.3794643 0.5489583 0.3794643 0.5489583 0.3794643 0.5489583 0.3794643 0.5489583 0.3794643 0.5489583 0.3794643 0.5489583 0.3794643 0.5489583 0.3794643 0.5489583 0.3794643 0.5489583 0.3794643 0.5489583 0.3794643 0.5489583 0.3794643 0.5489583 0.3794643 0.5489583 0.3794643 0.5489583 0.3794643 0.5489583 0.3794643 0.5489583 0.3794643 0.5489583 0.3794643 0.5489583 0.3794643 0.5489583 0.3794643 0.5489583 0.3794643 0.5489583 0.3794643 0.5489583 0.3794643 0.5489583 0.3794643 0.5489583 0.3794643 0.5489583 0.3794643 0.5489583 0.3794643 0.5489583 0.3794643 0.5489583 0.3794643 0.5489583 0.3794643 0.5489583 0.3794643 0.5489583 0.3794643 0.5489583 0.3794643 0.5489583 0.3794643 0.5489583 0.3794643 0.5489583 0.3794643 0.5489583 0.3794643 0.5489583 0.3794643 0.5489583 0.3794643 0.5489583 0.3794643 0.5489583 0.3794643 0.5489583 0.3794643 0.5489583 0.3794643 0.5489583 0.3794643 0.5489583 0.3794643 0.5489583 0.3794643 0.5489583 0.3794643 0.5489583 0.3794643 0.5489583 0.3794643 0.5489583 0.3794643 0.5489583 0.3794643 0.5489583 0.3794643 0.5489583 0.3794643 0.5489583 0.3794643 0.5489583 0.3794643 0.5489583 0.3794643 0.5489583 0.3794643 0.5489583 0.3794643 0.5489583 0.3794643 0.5489583 0.3794643 0.5489583 0.3794643 0.5489583 0.3794643 0.5489583 0.3794643 0.5489583 0.3794643 0.5489583 0.3794643 0.5489583 0.3794643 0.5489583 0.3794643 0.5489583 0.3794643 0.5489583 0.3794643 0.5489583 0.3794643 0.5489583 0.3794643 0.5489583 0.3794643 0.5489583 0.3794643 0.5489583 0.3794643 0.5489583 0.3794643 0.5489583 0.3794643 0.5489583 0.3794643 0.5489583 0.3794643 0.5489583 0.3794643 0.5489583 0.3794643 0.5489583 0.3794643 0.5489583 0.3794643 0.5489583 0.3794643 0.5489583 0.3794643 0.5489583 0.3794643 0.5489583 0.3794643 0.5489583 0.3794643 0.5489583 0.3794643 0.5489583 0.3794643 0.5489583 0.3794643 0.5489583 0.3794643 0.5489583 0.3794643 0.5489583 0.3794643 0.5489583 0.3794643 0.5489583 0.3794643 0.5489583 0.3794643 0.5489583 0.3794643 0.5489583 0.3794643 0.5489583 0.3794643 0.5489583 0.3794643 0.5489583 0.3794643 0.5489583 0.3794643 0.5489583 0.3794643 0.5489583 0.3794643 0.5489583 0.3794643 0.5489583 0.3794643 0.5489583 0.3794643 0.5489583 0.3794643 0.5489583 0.3794643 0.5489583 0.3794643 0.5489583 0.3794643 0.5489583 0.3794643 0.5489583 0.3794643 0.5489583 0.3794643 0.5489583 0.3794643 0.5489583 0.3794643 0.5489583 0.3794643 0.5489583 0.3794643 0.5489583 0.3794643 0.5489583 0.3794643 0.5489583 0.3794643 0.5489583 0.3794643 0.5489583 0.3794643 0.5489583 0.3794643 0.5489583 0.3794643 0.5489583 0.3794643 0.5489583 0.3794643 0.5489583 0.3794643 0.5489583 0.3794643 0.5489583 0.3794643 0.5489583 0.3794643 0.5489583 0.3794643 0.5489583 0.3794643 0.5489583 0.3794643 0.5489583 0.3794643 0.5489583 0.3794643 0.5489583 0.3794643 0.5489583 0.3794643 0.5489583 0.3794643 0.5489583 0.3794643 0.5489583 0.3794643 0.5489583 0.3794643 0.5489583 0.3794643 0.5489583 0.3794643 0.5489583 0.3794643 0.5489583 0.3794643 0.5489583 0.3794643 0.5489583 0.3794643 0.5489583 0.3794643 0.5489583 0.3794643 0.5489583 0.3794643 0.5489583 0.3794643 0.5489583 0.3794643 0.5489583 0.3794643 0.5489583 0.3794643 0.5489583 0.3794643 0.5489583 0.3794643 0.5489583 0.3794643 0.5489583 0.3794643 0.5489583 0.3794643 0.5489583 0.3794643 0.5489583 0.3794643 0.5489583 0.3794643 0.5489583 0.3794643 0.5489583 0.3794643 0.5489583 0.3794643 0.5489583 0.3794643 0.5489583 0.3794643 0.5489583 0.3794643 0.5489583 0.3794643 0.5489583 0.3794643 0.5489583 0.3794643 0.5489583 0.3794643 0.5489583 0.3794643 0.5489583 0.3794643 0.5489583 0.3794643 0.5489583 0.3794643 0.5489583 0.3794643 0.5489583 0.3794643 0.5489583 0.3794643 0.5489583 0.3794643 0.5489583 0.3794643 0.5489583 0.3794643 0.5489583 0.3794643 0.5489583 0.3794643 0.5489583 0.3794643 0.5489583 0.3794643 0.5489583 0.3794643 0.5489583 0.3794643 0.5489583 0.3794643 0.5489583 0.3794643 0.5489583 0.3794643 0.5489583 0.3794643 0.5489583 0.3794643 0.5489583 0.3794643 0.5489583 0.3794643 0.5489583 0.3794643 0.5489583 0.3794643 0.5489583 0.3794643 0.5489583 0.3794643 0.5489583 0.3794643 0.5489583 0.3794643 0.5489583 0.3794643 0.5489583 0.3794643 0.5489583 0.3794643 0.5489583 0.3794643 0.5489583 0.3794643 0.5489583 0.3794643 0.5489583 0.3794643 0.5489583 0.3794643 0.5489583 0.3794643 0.5489583 0.3794643 0.5489583 0.3794643 0.5489583 0.3794643 0.5489583 0.3794643 0.5489583 0.3794643 0.5489583 0.3794643 0.5489583 0.3794643 0.5489583 0.3794643 0.5489583 0.3794643 0.5489583 0.3794643 0.5489583 0.3794643 0.5489583 0.3794643 0.5489583 0.3794643 0.5489583 0.3794643 0.5489583 0.3794643 0.5489583 0.3794643 0.5489583 0.3794643 0.5489583 0.3794643 0.5489583 0.3794643 0.5489583 0.3794643 0.5489583 0.3794643 0.5489583 0.3794643 0.5489583 0.3794643 0.5489583 0.3794643 0.5489583 0.3794643 0.5489583 0.3794643 0.5489583 0.3794643 0.5489583 0.3794643 0.5489583 0.3794643 0.5489583 0.3794643 0.5489583 0.3794643 0.5489583 0.3794643 0.5489583 0.3794643 0.5489583 0.3794643 0.5489583 0.3794643 0.5489583 0.3794643 0.5489583 0.3794643 0.5489583 0.3794643 0.5489583 0.3794643 0.5489583 0.3794643 0.5489583 0.3794643 0.5489583 0.3794643 0.5489583 0.3794643 0.5489583 0.3794643 0.5489583 0.3794643 0.5489583 0.3794643 0.5489583 0.3794643 0.5489583 0.3794643 0.5489583 0.3794643 0.5489583 0.3794643 0.5489583 0.3794643 0.5489583 0.3794643 0.5489583 0.3794643 0.5489583 0.3794643 0.5489583 0.3794643 0.5489583 0.3794643 0.5489583 0.3794643 0.5489583 0.3794643 0.5489583 0.3794643 0.5489583 0.3794643 0.5489583 0.3794643 0.5489583 0.3794643 0.5489583 0.3794643 0.5489583 0.3794643 0.5489583 0.3794643 0.5489583 0.3794643 0.5489583 0.3794643 0.5489583 0.3794643 0.5489583 0.3794643 0.5489583 0.3794643 0.5489583 0.3794643 0.5489583 0.3794643 0.5489583 0.3794643 0.5489583 0.3794643 0.5489583 0.3794643 0.5489583 0.3794643 0.5489583 0.3794643 0.5489583 0.3794643 0.5489583 0.3794643 0.5489583 0.3794643 0.5489583 0.3794643 0.5489583 0.3794643 0.5489583 0.3794643 0.5489583 0.3794643 0.5489583 0.3794643 0.5489583 0.3794643 0.5489583 0.3794643 0.5489583 0.3794643 0.5489583 0.3794643 0.5489583 0.3794643 0.5489583 0.3794643 0.5489583 0.3794643 0.5489583 0.3794643 0.5489583 0.3794643 0.5489583 0.3794643 0.5489583 0.3794643 0.5489583 0.3794643 0.5489583 0.3794643 0.5489583 0.3794643 0.5489583 0.3794643 0.5489583 0.3794643 0.5489583 0.3794643 0.5489583 0.3794643 0.5489583 0.3794643 0.5489583 0.3794643 0.5489583 0.3794643 0.5489583 0.3794643 0.5489583 0.3794643 0.5489583 0.3794643 0.5489583 0.3794643 0.5489583 0.3794643 0.5489583 0.3794643 0.5489583 0.3794643 0.5489583 0.3794643 0.5489583 0.3794643 0.5489583 0.3794643 0.5489583 0.3794643 0.5489583 0.3794643 0.5489583 0.3794643 0.5489583 0.3794643 0.5489583 0.3794643 0.5489583 0.3794643 0.5489583 0.3794643 0.5489583 0.3794643 0.5489583 0.3794643 0.5489583 0.3794643 0.5489583 0.3794643 0.5489583 0.3794643 0.5489583 0.3794643 0.5489583 0.3794643 0.5489583 0.3794643 0.5489583 0.3794643 0.5489583 0.3794643 0.5489583 0.3794643 0.5489583 0.3794643 0.5489583 0.3794643 0.5489583 0.3794643 0.5489583 0.3794643 0.5489583 0.3794643 0.5489583 0.3794643 0.5489583 0.3794643 0.5489583 0.3794643 0.5489583 0.3794643 0.5489583 0.3794643 0.5489583 0.3794643 0.5489583 0.3794643 0.5489583 0.3794643 0.5489583 0.3794643 0.5489583 0.3794643 0.5489583 0.3794643 0.5489583 0.3794643 0.5489583 0.3794643 0.5489583 0.3794643 0.5489583 0.3794643 0.5489583 0.3794643 0.5489583 0.3794643 0.5489583 0.3794643 0.5489583 0.3794643 0.5489583 0.3794643 0.5489583 0.3794643 0.5489583 0.3794643 0.5489583 0.3794643 0.5489583 0.3794643 0.5489583 0.3794643 0.5489583 0.3794643 0.5489583 0.3794643 0.5489583 0.3794643 0.5489583 0.3794643 0.5489583 0.3794643 0.5489583 0.3794643 0.5489583 0.3794643 0.5489583 0.3794643 0.5489583 0.3794643 0.5489583 0.3794643 0.5489583 0.3794643 0.5489583 0.3794643 0.5489583 0.3794643 0.5489583 0.3794643 0.5489583 0.3794643 0.5489583 0.3794643 0.5489583 0.3794643 0.5489583 0.3794643 0.5489583 0.3794643 0.5489583 0.3794643 0.5489583 0.3794643 0.5489583 0.3794643 0.5489583 0.3794643 0.5489583 0.3794643 0.5489583 0.3794643 0.5489583 0.3794643 0.5489583 0.3794643 0.5489583 0.3794643 0.5489583 0.3794643 0.5489583 0.3794643 0.5489583 0.3794643 0.5489583 0.3794643 0.5489583 0.3794643 0.5489583 0.3794643 0.5489583 0.3794643 0.5489583 0.3794643 0.5489583 0.3794643 0.5489583 0.3794643 0.5489583 0.3794643 0.5489583 0.3794643 0.5489583 0.3794643 0.5489583 0.3794643 0.5489583 0.3794643 0.5489583 0.3794643 0.5489583 0.3794643 0.5489583 0.3794643 0.5489583 0.3794643 0.5489583 0.3794643 0.5489583 0.3794643 0.5489583 0.3794643 0.5489583 0.3794643 0.5489583 0.3794643 0.5489583 0.3794643 0.5489583 0.3794643 0.5489583 0.3794643 0.5489583 0.3794643 0.5489583 0.3794643 0.5489583 0.3794643 0.5489583 0.3794643 0.5489583 0.3794643 0.5489583 0.3794643 0.5489583 0.3794643 0.5489583 0.3794643 0.5489583 0.3794643 0.5489583 0.3794643 0.5489583 0.3794643 0.5489583 0.3794643 0.5489583 0.3794643 0.5489583 0.3794643 0.5489583 0.3794643 0.5489583 0.3794643 0.5489583 0.3794643 0.5489583 0.3794643 0.5489583 0.3794643 0.5489583 0.3794643 0.5489583 0.3794643 0.5489583 0.3794643 0.5489583 0.3794643 0.5489583 0.3794643 0.5489583 0.3794643 0.5489583 0.3794643 0.5489583 0.3794643 0.5489583 0.3794643 0.5489583 0.3794643 0.5489583 0.3794643 0.5489583 0.3794643 0.5489583 0.3794643 0.5489583 0.3794643 0.5489583 0.3794643 0.5489583 0.3794643 0.5489583 0.3794643 0.5489583 0.3794643 0.5489583 0.3794643 0.5489583 0.3794643 0.5489583 0.3794643 0.5489583 0.3794643 0.5489583 0.3794643 0.5489583 0.3794643 0.5489583 0.3794643 0.5489583 0.3794643 0.5489583 0.3794643 0.5489583 0.3794643 0.5489583 0.3794643 0.5489583 0.3794643 0.5489583 0.3794643 0.5489583 0.3794643 0.5489583 0.3794643 0.5489583 0.3794643 0.5489583 0.3794643 0.5489583 0.3794643 0.5489583 0.3794643 0.5489583 0.3794643 0.5489583 0.3794643 0.5489583 0.3794643 0.5489583 0.3794643 0.5489583 0.3794643 0.5489583 0.3794643 0.5489583 0.3794643 0.5489583 0.3794643 0.5489583 0.3794643 0.5489583 0.3794643 0.5489583 0.3794643 0.5489583 0.3794643 0.5489583 0.3794643 0.5489583 0.3794643 0.5489583 0.3794643 0.5489583 0.3794643 0.5489583 0.3794643 0.5489583 0.3794643 0.5489583 0.3794643 0.5489583 0.3794643 0.5489583 0.3794643 0.5489583 0.3794643 0.5489583 0.3794643 0.5489583 0.3794643 0.5489583 0.3794643 0.5489583 0.3794643 0.5489583 0.3794643 0.5489583 0.3794643 0.5489583 0.3794643 0.5489583 0.3794643 0.5489583 0.3794643 0.5489583 0.3794643 0.5489583 0.3794643 0.5489583 0.3794643 0.5489583 0.3794643 0.5489583 0.3794643 0.5489583 0.3794643 0.5489583 0.3794643 0.5489583 0.3794643 0.5489583 0.3794643 0.5489583 0.3794643 0.5489583 0.3794643 0.5489583 0.3794643 0.5489583 0.3794643 0.5489583 0.3794643 0.5489583 0.3794643 0.5489583 0.3794643 0.5489583 0.3794643 0.5489583 0.3794643 0.5489583 0.3794643 0.5489583 0.3794643 0.5489583 0.3794643 0.5489583 0.3794643 0.5489583 0.3794643 0.5489583 0.3794643 0.5489583 0.3794643 0.5489583 0.3794643 0.5489583 0.3794643 0.5489583 0.3794643 0.5489583 0.3794643 0.5489583 0.3794643 0.5489583 0.3794643 0.5489583 0.3794643 0.5489583 0.3794643 0.5489583 0.3794643 0.5489583 0.3794643 0.5489583 0.3794643 0.5489583 0.3794643 0.5489583 0.3794643 0.5489583 0.3794643 0.5489583 0.3794643 0.5489583 0.3794643 0.5489583 0.3794643 0.5489583 0.3794643 0.5489583 0.3794643 0.5489583 0.3794643 0.5489583 0.3794643 0.5489583 0.3794643 0.5489583 0.3794643 0.5489583 0.3794643 0.5489583 0.3794643 0.5489583 0.3794643 0.5489583 0.3794643 0.5489583 0.3794643 0.5489583 0.3794643 0.5489583 0.3794643 0.5489583 0.3794643 0.5489583 0.3794643 0.5489583 0.3794643 0.5489583 0.3794643 0.5489583 0.3794643 0.5489583 0.3794643 0.5489583 0.3794643 0.5489583 0.3794643 0.5489583 0.3794643 0.5489583 0.3794643 0.5489583 0.3794643 0.5489583 0.3794643 0.5489583 0.3794643 0.5489583 0.3794643 0.5489583 0.3794643 0.5489583 0.3794643 0.5489583 0.3794643 0.5489583 0.3794643 0.5489583 0.3794643 0.5489583 0.3794643 0.5489583 0.3794643 0.5489583 0.3794643 0.5489583 0.3794643 0.5489583 0.3794643 0.5489583 0.3794643 0.5489583 0.3794643 0.5489583 0.3794643 0.5489583 0.3794643 0.5489583 0.3794643 0.5489583 0.3794643 0.5489583 0.3794643 0.5489583 0.3794643 0.5489583 0.3794643 0.5489583 0.3794643 0.5489583 0.3794643 0.5489583 0.3794643 0.5489583 0.3794643 0.5489583 0.3794643 0.5489583 0.3794643 0.5489583 0.3794643 0.5489583 0.3794643 0.5489583 0.3794643 0.5489583 0.3794643 0.5489583 0.3794643 0.5489583 0.3794643 0.5489583 0.3794643 0.5489583 0.3794643 0.5489583 0.3794643 0.5489583 0.3794643 0.5489583 0.3794643 0.5489583 0.3794643 0.5489583 0.3794643 0.5489583 0.3794643 0.5489583 0.3794643 0.5489583 0.3794643 0.5489583 0.3794643 0.5489583 0.3794643 0.5489583 0.3794643 0.5489583 0.3794643 0.5489583 0.3794643 0.5489583 0.3794643 0.5489583 0.3794643 0.5489583 0.3794643 0.5489583 0.3794643 0.5489583 0.3794643 0.5489583 0.3794643 0.5489583 0.3794643 0.5489583 0.3794643 0.5489583 0.3794643 0.5489583 0.3794643 0.5489583 0.3794643 0.5489583 0.3794643 0.5489583 0.3794643 0.5489583 0.3794643 0.5489583 0.3794643 0.5489583 0.3794643 0.5489583 0.3794643 0.5489583 0.3794643 0.5489583 0.3794643 0.5489583 0.3794643 0.5489583 0.3794643 0.5489583 0.3794643 0.5489583 0.3794643 0.5489583 0.3794643 0.5489583 0.3794643 0.5489583 0.3794643 0.5489583 0.3794643 0.5489583 0.3794643 0.5489583 0.3794643 0.5489583 0.3794643 0.5489583 0.3794643 0.5489583 0.3794643 0.5489583 0.3794643 0.5489583 0.3794643 0.5489583 0.3794643 0.5489583 0.3794643 0.5489583 0.3794643 0.5489583 0.3794643 0.5489583 0.3794643 0.5489583 0.3794643 0.5489583 0.3794643 0.5489583 0.3794643 0.5489583 0.3794643 0.5489583 0.3794643 0.5489583 0.3794643 0.5489583 0.3794643 0.5489583 0.3794643 0.5489583 0.3794643 0.5489583 0.3794643 0.5489583 0.3794643 0.5489583 0.3794643 0.5489583 0.3794643 0.5489583 0.3794643 0.5489583 0.3794643 0.5489583 0.3794643 0.5489583 0.3794643 0.5489583 0.3794643 0.5489583 0.3794643 0.5489583 0.3794643 0.5489583 0.3794643 0.5489583 0.3794643 0.5489583 0.3794643 0.5489583 0.3794643 0.5489583 0.3794643 0.5489583 0.3794643 0.5489583 0.3794643 0.5489583 0.3794643 0.5489583 0.3794643 0.5489583 0.3794643 0.5489583 0.3794643 0.5489583 0.3794643 0.5489583 0.3794643 0.5489583 0.3794643 0.5489583 0.3794643 0.5489583 0.3794643 0.5489583 0.3794643 0.5489583 0.3794643 0.5489583 0.3794643 0.5489583 0.3794643 0.5489583 0.3794643 0.5489583 0.3794643 0.5489583 0.3794643 0.5489583 0.3794643 0.5489583 0.3794643 0.5489583 0.3794643 0.5489583 0.3794643 0.5489583 0.3794643 0.5489583 0.3794643 0.5489583 0.3794643 0.5489583 0.3794643 0.5489583 0.3794643 0.5489583 0.3794643 0.5489583 0.3794643 0.5489583 0.3794643 0.5489583 0.3794643 0.5489583 0.3794643 0.5489583 0.3794643 0.5489583 0.3794643 0.5489583 0.3794643 0.5489583 0.3794643 0.5489583 0.3794643 0.5489583 0.3794643 0.5489583 0.3794643 0.5489583 0.3794643 0.5489583 0.3794643 0.5489583 0.3794643 0.5489583 0.3794643 0.5489583 0.3794643 0.5489583 0.3794643 0.5489583 0.3794643 0.5489583 0.3794643 0.5489583 0.3794643 0.5489583 0.3794643 0.5489583 0.3794643 0.5489583 0.3794643 0.5489583 0.3794643 0.5489583 0.3794643 0.5489583 0.3794643 0.5489583 0.3794643 0.5489583 0.3794643 0.5489583 0.3794643 0.5489583 0.3794643 0.5489583 0.3794643 0.5489583 0.3794643 0.5489583 0.3794643 0.5489583 0.3794643 0.5489583 0.3794643 0.5489583 0.3794643 0.5489583 0.3794643 0.5489583 0.3794643 0.5489583 0.3794643 0.5489583 0.3794643 0.5489583 0.3794643 0.5489583 0.3794643 0.5489583 0.3794643 0.5489583 0.3794643 0.5489583 0.3794643 0.5489583 0.3794643 0.5489583 0.3794643 0.5489583 0.3794643 0.5489583 0.3794643 0.5489583 0.3794643 0.5489583 0.3794643 0.5489583 0.3794643 0.5489583 0.3794643 0.5489583 0.3794643 0.5489583 0.3794643 0.5489583 0.3794643 0.5489583 0.3794643 0.5489583 0.3794643 0.5489583 0.3794643 0.5489583 0.3794643 0.5489583 0.3794643 0.5489583 0.3794643 0.5489583 0.3794643 0.5489583 0.3794643 0.5489583 0.3794643 0.5489583 0.3794643 0.5489583 0.3794643 0.5489583 0.3794643 0.5489583 0.3794643 0.5489583 0.3794643 0.5489583 0.3794643 0.5489583 0.3794643 0.5489583 0.3794643 0.5489583 0.3794643 0.5489583 0.3794643 0.5489583 0.3794643 0.5489583 0.3794643 0.5489583 0.3794643 0.5489583 0.3794643 0.5489583 0.3794643 0.5489583 0.3794643 0.5489583 0.3794643 0.5489583 0.3794643 0.5489583 0.3794643 0.5489583 0.3794643 0.5489583 0.3794643 0.5489583 0.3794643 0.5489583 0.3794643 0.5489583 0.3794643 0.5489583 0.3794643 0.5489583 0.3794643 0.5489583 0.3794643 0.5489583 0.3794643 0.5489583 0.3794643 0.5489583 0.3794643 0.5489583 0.3794643 0.5489583 0.3794643 0.5489583 0.3794643 0.5489583 0.3794643 0.5489583 0.3794643 0.5489583 0.3794643 0.5489583 0.3794643 0.5489583 0.3794643 0.5489583 0.3794643 0.5489583 0.3794643 0.5489583 0.3794643 0.5489583 0.3794643 0.5489583 0.3794643 0.5489583 0.3794643 0.5489583 0.3794643 0.5489583 0.3794643 0.5489583 0.3794643 0.5489583 0.3794643 0.5489583 0.3794643 0.5489583 0.3794643 0.5489583 0.3794643 0.5489583 0.3794643 0.5489583 0.3794643 0.5489583 0.3794643 0.5489583 0.3794643 0.5489583 0.3794643 0.5489583 0.3794643 0.5489583 0.3794643 0.5489583 0.3794643 0.5489583 0.3794643 0.5489583 0.3794643 0.5489583 0.3794643 0.5489583 0.3794643 0.5489583 0.3794643 0.5489583 0.3794643 0.5489583 0.3794643 0.5489583 0.3794643 0.5489583 0.3794643 0.5489583 0.3794643 0.5489583 0.3794643 0.5489583 0.3794643 0.5489583 0.3794643 0.5489583 0.3794643 0.5489583 0.3794643 0.5489583 0.3794643 0.5489583 0.3794643 0.5489583 0.3794643 0.5489583 0.3794643 0.5489583 0.3794643 0.5489583 0.3794643 0.5489583 0.3794643 0.5489583 0.3794643 0.5489583 0.3794643 0.5489583 0.3794643 0.5489583 0.3794643 0.5489583 0.3794643 0.5489583 0.3794643 0.5489583 0.3794643 0.5489583 0.3794643 0.5489583 0.3794643 0.5489583 0.3794643 0.5489583 0.3794643 0.5489583 0.3794643 0.5489583 0.3794643 0.5489583 0.3794643 0.5489583 0.3794643 0.5489583 0.3794643 0.5489583 0.3794643 0.5489583 0.3794643 0.5489583 0.3794643 0.5489583 0.3794643 0.5489583 0.3794643 0.5489583 0.3794643 0.5489583 0.3794643 0.5489583 0.3794643 0.5489583 0.3794643 0.5489583 0.3794643 0.5489583 0.3794643 0.5489583 0.3794643 0.5489583 0.3794643 0.5489583 0.3794643 0.5489583 0.3794643 0.5489583 0.3794643 0.5489583 0.3794643 0.5489583 0.3794643 0.5489583 0.3794643 0.5489583 0.3794643 0.5489583 0.3794643 0.5489583 0.3794643 0.5489583 0.3794643 0.5489583 0.3794643 0.5489583 0.3794643 0.5489583 0.3794643 0.5489583 0.3794643 0.5489583 0.3794643 0.5489583 0.3794643 0.5489583 0.3794643 0.5489583 0.3794643 0.5489583 0.3794643 0.5489583 0.3794643 0.5489583 0.3794643 0.5489583 0.3794643 0.5489583 0.3794643 0.5489583 0.3794643 0.5489583 0.3794643 0.5489583 0.3794643 0.5489583 0.3794643 0.5489583 0.3794643 0.5489583 0.3794643 0.5489583 0.3794643 0.5489583 0.3794643 0.5489583 0.3794643 0.5489583 0.3794643 0.5489583 0.3794643 0.5489583 0.3794643 0.5489583 0.3794643 0.5489583 0.3794643 0.5489583 0.3794643 0.5489583 0.3794643 0.5489583 0.3794643 0.5489583 0.3794643 0.5489583 0.3794643 0.5489583 0.3794643 0.5489583 0.3794643 0.5489583 0.3794643 0.5489583 0.3794643 0.5489583 0.3794643 0.5489583 0.3794643 0.5489583 0.3794643 0.5489583 0.3794643 0.5489583 0.3794643 0.5489583 0.3794643 0.5489583 0.3794643 0.5489583 0.3794643 0.5489583 0.3794643 0.5489583 0.3794643 0.5489583 0.3794643 0.5489583 0.3794643 0.5489583 0.3794643 0.5489583 0.3794643 0.5489583 0.3794643 0.5489583 0.3794643 0.5489583 0.3794643 0.5489583 0.3794643 0.5489583 0.3794643 0.5489583 0.3794643 0.5489583 0.3794643 0.5489583 0.3794643 0.5489583 0.3794643 0.5489583 0.3794643 0.5489583 0.3794643 0.5489583 0.3794643 0.5489583 0.3794643 0.5489583 0.3794643 0.5489583 0.3794643 0.5489583 0.3794643 0.5489583 0.3794643 0.5489583 0.3794643 0.5489583 0.3794643 0.5489583 0.3794643 0.5489583 0.3794643 0.5489583 0.3794643 0.5489583 0.3794643 0.5489583 0.3794643 0.5489583 0.3794643 0.5489583 0.3794643 0.5489583 0.3794643 0.5489583 0.3794643 0.5489583 0.3794643 0.5489583 0.3794643 0.5489583 0.3794643 0.5489583 0.3794643 0.5489583 0.3794643 0.5489583 0.3794643 0.5489583 0.3794643 0.5489583 0.3794643 0.5489583 0.3794643 0.5489583 0.3794643 0.5489583 0.3794643 0.5489583 0.3794643 0.5489583 0.3794643 0.5489583 0.3794643 0.5489583 0.3794643 0.5489583 0.3794643 0.5489583 0.3794643 0.5489583 0.3794643 0.5489583 0.3794643 0.5489583 0.3794643 0.5489583 0.3794643 0.5489583 0.3794643 0.5489583 0.3794643 0.5489583 0.3794643 0.5489583 0.3794643 0.5489583 0.3794643 0.5489583 0.3794643 0.5489583 0.3794643 0.5489583 0.3794643 0.5489583 0.3794643 0.5489583 0.3794643 0.5489583 0.3794643 0.5489583 0.3794643 0.5489583 0.3794643 0.5489583 0.3794643 0.5489583 0.3794643 0.5489583 0.3794643 0.5489583 0.3794643 0.5489583 0.3794643 0.5489583 0.3794643 0.5489583 0.3794643 0.5489583 0.3794643 0.5489583 0.3794643 0.5489583 0.3794643 0.5489583 0.3794643 0.5489583 0.3794643 0.5489583 0.3794643 0.5489583 0.3794643 0.5489583 0.3794643 0.5489583 0.3794643 0.5489583 0.3794643 0.5489583 0.3794643 0.5489583 0.3794643 0.5489583 0.3794643 0.5489583 0.3794643 0.5489583 0.3794643 0.5489583 0.3794643 0.5489583 0.3794643 0.1489583 0.3794643 0.1489583 0.3794643 0.1489583 0.3794643 0.1489583 0.3794643 0.1489583 0.3794643 0.1489583 0.3794643 0.1489583 0.3794643 0.1489583 0.3794643 0.1489583 0.3794643 0.1489583 0.3794643 0.1489583 0.3794643 0.1489583 0.3794643 0.1489583 0.3794643 0.1489583 0.3794643 0.1489583 0.3794643 0.1489583 0.3794643 0.1489583 0.3794643 0.1489583 0.3794643 0.1489583 0.3794643 0.1489583 0.3794643 0.1489583 0.3794643 0.1489583 0.3794643 0.1489583 0.3794643 0.1489583 0.3794643 0.1489583 0.3794643 0.1489583 0.3794643 0.1489583 0.3794643 0.1489583 0.3794643 0.1489583 0.3794643 0.1489583 0.3794643 0.1489583 0.3794643 0.1489583 0.3794643 0.1489583 0.3794643 0.1489583 0.3794643 0.1489583 0.3794643 0.1489583 0.3794643 0.1489583 0.3794643 0.1489583 0.3794643 0.1489583 0.3794643 0.1489583 0.3794643 0.1489583 0.3794643 0.1489583 0.3794643 0.1489583 0.3794643 0.1489583 0.3794643 0.1489583 0.3794643 0.1489583 0.3794643 0.1489583 0.3794643 0.1489583 0.3794643 0.1489583 0.3794643 0.1489583 0.3794643 0.1489583 0.3794643 0.1489583 0.3794643 0.1489583 0.3794643 0.1489583 0.3794643 0.1489583 0.3794643 0.1489583 0.3794643 0.1489583 0.3794643 0.1489583 0.3794643 0.1489583 0.3794643 0.1489583 0.3794643 0.1489583 0.3794643 0.1489583 0.3794643 0.1489583 0.3794643 0.1489583 0.3794643 0.1489583 0.3794643 0.1489583 0.3794643 0.1489583 0.3794643 0.1489583 0.3794643 0.1489583 0.3794643 0.1489583 0.3794643 0.1489583 0.3794643 0.1489583 0.3794643 0.1489583 0.3794643 0.1489583 0.3794643 0.1489583 0.3794643 0.1489583 0.3794643 0.1489583 0.3794643 0.1489583 0.3794643 0.1489583 0.3794643 0.1489583 0.3794643 0.1489583 0.3794643 0.1489583 0.3794643 0.1489583 0.3794643 0.1489583 0.3794643 0.1489583 0.3794643 0.1489583 0.3794643 0.1489583 0.3794643 0.1489583 0.3794643 0.1489583 0.3794643 0.1489583 0.3794643 0.1489583 0.3794643 0.1489583 0.3794643 0.1489583 0.3794643 0.1489583 0.3794643 0.1489583 0.3794643 0.1489583 0.3794643 0.1489583 0.3794643 0.1489583 0.3794643 0.1489583 0.3794643 0.1489583 0.3794643 0.1489583 0.3794643 0.1489583 0.3794643 0.1489583 0.3794643 0.1489583 0.3794643 0.1489583 0.3794643 0.1489583 0.3794643 0.1489583 0.3794643 0.1489583 0.3794643 0.1489583 0.3794643 0.1489583 0.3794643 0.1489583 0.3794643 0.1489583 0.3794643 0.1489583 0.3794643 0.1489583 0.3794643 0.1489583 0.3794643 0.1489583 0.3794643 0.1489583 0.3794643 0.1489583 0.3794643 0.1489583 0.3794643 0.1489583 0.3794643 0.1489583 0.3794643 0.1489583 0.3794643 0.1489583 0.3794643 0.1489583 0.3794643 0.1489583 0.3794643 0.1489583 0.3794643 0.1489583 0.3794643 0.1489583 0.3794643 0.1489583 0.3794643 0.1489583 0.3794643 0.1489583 0.3794643 0.1489583 0.3794643 0.1489583 0.3794643 0.1489583 0.3794643 0.1489583 0.3794643 0.1489583 0.3794643 0.1489583 0.3794643 0.1489583 0.3794643 0.1489583 0.3794643 0.1489583 0.3794643 0.1489583 0.3794643 0.1489583 0.3794643 0.1489583 0.3794643 0.1489583 0.3794643 0.1489583 0.3794643 0.1489583 0.3794643 0.1489583 0.3794643 0.1489583 0.3794643 0.1489583 0.3794643 0.1489583 0.3794643 0.1489583 0.3794643 0.1489583 0.3794643 0.1489583 0.3794643 0.1489583 0.3794643 0.1489583 0.3794643 0.1489583 0.3794643 0.1489583 0.3794643 0.1489583 0.3794643 0.1489583 0.3794643 0.1489583 0.3794643 0.1489583 0.3794643 0.1489583 0.3794643 0.1489583 0.3794643 0.1489583 0.3794643 0.1489583 0.3794643 0.1489583 0.3794643 0.1489583 0.3794643 0.1489583 0.3794643 0.1489583 0.3794643 0.1489583 0.3794643 0.1489583 0.3794643 0.1489583 0.3794643 0.1489583 0.3794643 0.1489583 0.3794643 0.1489583 0.3794643 0.1489583 0.3794643 0.1489583 0.3794643 0.1489583 0.3794643 0.1489583 0.3794643 0.1489583 0.3794643 0.1489583 0.3794643 0.1489583 0.3794643 0.1489583 0.3794643 0.1489583 0.3794643 0.1489583 0.3794643 0.1489583 0.3794643 0.1489583 0.3794643 0.1489583 0.3794643 0.1489583 0.3794643 0.1489583 0.3794643 0.1489583 0.3794643 0.1489583 0.3794643 0.1489583 0.3794643 0.1489583 0.3794643 0.1489583 0.3794643 0.1489583 0.3794643 0.1489583 0.3794643 0.1489583 0.3794643 0.1489583 0.3794643 0.1489583 0.3794643 0.1489583 0.3794643 0.1489583 0.3794643 0.1489583 0.3794643 0.1489583 0.3794643 0.1489583 0.3794643 0.1489583 0.3794643 0.1489583 0.3794643 0.1489583 0.3794643 0.1489583 0.3794643 0.1489583 0.3794643 0.1489583 0.3794643 0.1489583 0.3794643 0.1489583 0.3794643 0.1489583 0.3794643 0.1489583 0.3794643 0.1489583 0.3794643 0.1489583 0.3794643 0.1489583 0.3794643 0.1489583 0.3794643 0.1489583 0.3794643 0.1489583 0.3794643 0.1489583 0.3794643 0.1489583 0.3794643 0.1489583 0.3794643 0.1489583 0.3794643 0.1489583 0.3794643 0.1489583 0.3794643 0.1489583 0.3794643 0.1489583 0.3794643 0.1489583 0.3794643 0.1489583 0.3794643 0.1489583 0.3794643 0.1489583 0.3794643 0.1489583 0.3794643 0.1489583 0.3794643 0.1489583 0.3794643 0.1489583 0.3794643 0.1489583 0.3794643 0.1489583 0.3794643 0.1489583 0.3794643 0.1489583 0.3794643 0.1489583 0.3794643 0.1489583 0.3794643 0.1489583 0.3794643 0.1489583 0.3794643 0.1489583 0.3794643 0.1489583 0.3794643 0.1489583 0.3794643 0.1489583 0.3794643 0.1489583 0.3794643 0.1489583 0.3794643 0.1489583 0.3794643 0.1489583 0.3794643 0.1489583 0.3794643 0.1489583 0.3794643 0.1489583 0.3794643 0.1489583 0.3794643 0.1489583 0.3794643 0.1489583 0.3794643 0.1489583 0.3794643 0.1489583 0.3794643 0.1489583 0.3794643 0.1489583 0.3794643 0.1489583 0.3794643 0.1489583 0.3794643 0.1489583 0.3794643 0.1489583 0.3794643 0.1489583 0.3794643 0.1489583 0.3794643 0.1489583 0.3794643 0.1489583 0.3794643 0.1489583 0.3794643 0.1489583 0.3794643 0.1489583 0.3794643 0.1489583 0.3794643 0.1489583 0.3794643 0.1489583 0.3794643 0.1489583 0.3794643 0.1489583 0.3794643 0.1489583 0.3794643 0.1489583 0.3794643 0.1489583 0.3794643 0.1489583 0.3794643 0.1489583 0.3794643 0.1489583 0.3794643 0.1489583 0.3794643 0.1489583 0.3794643 0.1489583 0.3794643 0.1489583 0.3794643 0.1489583 0.3794643 0.1489583 0.3794643 0.1489583 0.3794643 0.1489583 0.3794643 0.1489583 0.3794643 0.1489583 0.3794643 0.1489583 0.3794643 0.1489583 0.3794643 0.1489583 0.3794643 0.1489583 0.3794643 0.1489583 0.3794643 0.1489583 0.3794643 0.1489583 0.3794643 0.1489583 0.3794643 0.1489583 0.3794643 0.1489583 0.3794643 0.1489583 0.3794643 0.1489583 0.3794643 0.1489583 0.3794643 0.1489583 0.3794643 0.1489583 0.3794643 0.1489583 0.3794643 0.1489583 0.3794643 0.1489583 0.3794643 0.1489583 0.3794643 0.1489583 0.3794643 0.1489583 0.3794643 0.1489583 0.3794643 0.1489583 0.3794643 0.1489583 0.3794643 0.1489583 0.3794643 0.1489583 0.3794643 0.1489583 0.3794643 0.1489583 0.3794643 0.1489583 0.3794643 0.1489583 0.3794643 0.1489583 0.3794643 0.1489583 0.3794643 0.1489583 0.3794643 0.1489583 0.3794643 0.1489583 0.3794643 0.1489583 0.3794643 0.1489583 0.3794643 0.1489583 0.3794643 0.1489583 0.3794643 0.1489583 0.3794643 0.1489583 0.3794643 0.1489583 0.3794643 0.1489583 0.3794643 0.1489583 0.3794643 0.1489583 0.3794643 0.1489583 0.3794643 0.1489583 0.3794643 0.1489583 0.3794643 0.1489583 0.3794643 0.1489583 0.3794643 0.1489583 0.3794643 0.1489583 0.3794643 0.1489583 0.3794643 0.1489583 0.3794643 0.1489583 0.3794643 0.1489583 0.3794643 0.1489583 0.3794643 0.1489583 0.3794643 0.1489583 0.3794643 0.1489583 0.3794643 0.1489583 0.3794643 0.1489583 0.3794643 0.1489583 0.3794643 0.1489583 0.3794643 0.1489583 0.3794643 0.1489583 0.3794643 0.1489583 0.3794643 0.1489583 0.3794643 0.1489583 0.3794643 0.1489583 0.3794643 0.1489583 0.3794643 0.1489583 0.3794643 0.1489583 0.3794643 0.1489583 0.3794643 0.1489583 0.3794643 0.1489583 0.3794643 0.1489583 0.3794643 0.1489583 0.3794643 0.1489583 0.3794643 0.1489583 0.3794643 0.1489583 0.3794643 0.1489583 0.3794643 0.1489583 0.3794643 0.1489583 0.3794643 0.1489583 0.3794643 0.1489583 0.3794643 0.1489583 0.3794643 0.1489583 0.3794643 0.1489583 0.3794643 0.1489583 0.3794643 0.1489583 0.3794643 0.1489583 0.3794643 0.1489583 0.3794643 0.1489583 0.3794643 0.1489583 0.3794643 0.1489583 0.3794643 0.1489583 0.3794643 0.1489583 0.3794643 0.1489583 0.3794643 0.1489583 0.3794643 0.1489583 0.3794643 0.1489583 0.3794643 0.1489583 0.3794643 0.1489583 0.3794643 0.1489583 0.3794643 0.1489583 0.3794643 0.1489583 0.3794643 0.1489583 0.3794643 0.1489583 0.3794643 0.1489583 0.3794643 0.1489583 0.3794643 0.1489583 0.3794643 0.1489583 0.3794643 0.1489583 0.3794643 0.1489583 0.3794643 0.1489583 0.3794643 0.1489583 0.3794643 0.1489583 0.3794643 0.1489583 0.3794643 0.1489583 0.3794643 0.1489583 0.3794643 0.1489583 0.3794643 0.1489583 0.3794643 0.1489583 0.3794643 0.1489583 0.3794643 0.1489583 0.3794643 0.1489583 0.3794643 0.1489583 0.3794643 0.1489583 0.3794643 0.1489583 0.3794643 0.1489583 0.3794643 0.1489583 0.3794643 0.1489583 0.3794643 0.1489583 0.3794643 0.1489583 0.3794643 0.1489583 0.3794643 0.1489583 0.3794643 0.1489583 0.3794643 0.1489583 0.3794643 0.1489583 0.3794643 0.1489583 0.3794643 0.1489583 0.3794643 0.1489583 0.3794643 0.1489583 0.3794643 0.1489583 0.3794643 0.1489583 0.3794643 0.1489583 0.3794643 0.1489583 0.3794643 0.1489583 0.3794643 0.1489583 0.3794643 0.1489583 0.3794643 0.1489583 0.3794643 0.1489583 0.3794643 0.1489583 0.3794643 0.1489583 0.3794643 0.1489583 0.3794643 0.1489583 0.3794643 0.1489583 0.3794643 0.1489583 0.3794643 0.1489583 0.3794643 0.1489583 0.3794643 0.1489583 0.3794643 0.1489583 0.3794643 0.1489583 0.3794643 0.1489583 0.3794643 0.1489583 0.3794643 0.1489583 0.3794643 0.1489583 0.3794643 0.1489583 0.3794643 0.1489583 0.3794643 0.1489583 0.3794643 0.1489583 0.3794643 0.1489583 0.3794643 0.1489583 0.3794643 0.1489583 0.3794643 0.1489583 0.3794643 0.1489583 0.3794643 0.1489583 0.3794643 0.1489583 0.3794643 0.1489583 0.3794643 0.1489583 0.3794643 0.1489583 0.3794643 0.1489583 0.3794643 0.1489583 0.3794643 0.1489583 0.3794643 0.1489583 0.3794643 0.1489583 0.3794643 0.1489583 0.3794643 0.1489583 0.3794643 0.1489583 0.3794643 0.1489583 0.3794643 0.1489583 0.3794643 0.1489583 0.3794643 0.1489583 0.3794643 0.1489583 0.3794643 0.1489583 0.3794643 0.1489583 0.3794643 0.1489583 0.3794643 0.1489583 0.3794643 0.1489583 0.3794643 0.1489583 0.3794643 0.1489583 0.3794643 0.1489583 0.3794643 0.1489583 0.3794643 0.1489583 0.3794643 0.1489583 0.3794643 0.1489583 0.3794643 0.1489583 0.3794643 0.1489583 0.3794643 0.1489583 0.3794643 0.1489583 0.3794643 0.1489583 0.3794643 0.1489583 0.3794643 0.1489583 0.3794643 0.1489583 0.3794643 0.1489583 0.3794643 0.1489583 0.3794643 0.1489583 0.3794643 0.1489583 0.3794643 0.1489583 0.3794643 0.1489583 0.3794643 0.1489583 0.3794643 0.1489583 0.3794643 0.1489583 0.3794643 0.1489583 0.3794643 0.1489583 0.3794643 0.1489583 0.3794643 0.1489583 0.3794643 0.1489583 0.3794643 0.1489583 0.3794643 0.1489583 0.3794643 0.1489583 0.3794643 0.1489583 0.3794643 0.1489583 0.3794643 0.1489583 0.3794643 0.1489583 0.3794643 0.1489583 0.3794643 0.1489583 0.3794643 0.1489583 0.3794643 0.1489583 0.3794643 0.1489583 0.3794643 0.1489583 0.3794643 0.1489583 0.3794643 0.1489583 0.3794643 0.1489583 0.3794643 0.1489583 0.3794643 0.1489583 0.3794643 0.1489583 0.3794643 0.1489583 0.3794643 0.1489583 0.3794643 0.1489583 0.3794643 0.1489583 0.3794643 0.1489583 0.3794643 0.1489583 0.3794643 0.1489583 0.3794643 0.1489583 0.3794643 0.1489583 0.3794643 0.1489583 0.3794643 0.1489583 0.3794643 0.1489583 0.3794643 0.1489583 0.3794643 0.1489583 0.3794643 0.1489583 0.3794643 0.1489583 0.3794643 0.1489583 0.3794643 0.1489583 0.3794643 0.1489583 0.3794643 0.1489583 0.3794643 0.1489583 0.3794643 0.1489583 0.3794643 0.1489583 0.3794643 0.1489583 0.3794643 0.1489583 0.3794643 0.1489583 0.3794643 0.1489583 0.3794643 0.1489583 0.3794643 0.1489583 0.3794643 0.1489583 0.3794643 0.1489583 0.3794643 0.1489583 0.3794643 0.1489583 0.3794643 0.1489583 0.3794643 0.1489583 0.3794643 0.1489583 0.3794643 0.1489583 0.3794643 0.1489583 0.3794643 0.1489583 0.3794643 0.1489583 0.3794643 0.1489583 0.3794643 0.1489583 0.3794643 0.1489583 0.3794643 0.1489583 0.3794643 0.1489583 0.3794643 0.1489583 0.3794643 0.1489583 0.3794643 0.1489583 0.3794643 0.1489583 0.3794643 0.1489583 0.3794643 0.1489583 0.3794643 0.1489583 0.3794643 0.1489583 0.3794643 0.1489583 0.3794643 0.1489583 0.3794643 0.1489583 0.3794643 0.1489583 0.3794643 0.1489583 0.3794643 0.1489583 0.3794643 0.1489583 0.3794643 0.1489583 0.3794643 0.1489583 0.3794643 0.1489583 0.3794643 0.1489583 0.3794643 0.1489583 0.3794643 0.1489583 0.3794643 0.1489583 0.3794643 0.1489583 0.3794643 0.1489583 0.3794643 0.1489583 0.3794643 0.1489583 0.3794643 0.1489583 0.3794643 0.1489583 0.3794643 0.1489583 0.3794643 0.1489583 0.3794643 0.1489583 0.3794643 0.1489583 0.3794643 0.1489583 0.3794643 0.1489583 0.3794643 0.1489583 0.3794643 0.1489583 0.3794643 0.1489583 0.3794643 0.1489583 0.3794643 0.1489583 0.3794643 0.1489583 0.3794643 0.1489583 0.3794643 0.1489583 0.3794643 0.1489583 0.3794643 0.1489583 0.3794643 0.1489583 0.3794643 0.1489583 0.3794643 0.1489583 0.3794643 0.1489583 0.3794643 0.1489583 0.3794643 0.1489583 0.3794643 0.1489583 0.3794643 0.1489583 0.3794643 0.1489583 0.3794643 0.1489583 0.3794643 0.1489583 0.3794643 0.1489583 0.3794643 0.1489583 0.3794643 0.1489583 0.3794643 0.1489583 0.3794643 0.1489583 0.3794643 0.1489583 0.3794643 0.1489583 0.3794643 0.1489583 0.3794643 0.1489583 0.3794643 0.1489583 0.3794643 0.1489583 0.3794643 0.1489583 0.3794643 0.1489583 0.3794643 0.1489583 0.3794643 0.1489583 0.3794643 0.1489583 0.3794643 0.1489583 0.3794643 0.1489583 0.3794643 0.1489583 0.3794643 0.1489583 0.3794643 0.1489583 0.3794643 0.1489583 0.3794643 0.1489583 0.3794643 0.1489583 0.3794643 0.1489583 0.3794643 0.1489583 0.3794643 0.1489583 0.3794643 0.1489583 0.3794643 0.1489583 0.3794643 0.1489583 0.3794643 0.1489583 0.3794643 0.1489583 0.3794643 0.1489583 0.3794643 0.1489583 0.3794643 0.1489583 0.3794643 0.1489583 0.3794643 0.1489583 0.3794643 0.1489583 0.3794643 0.1489583 0.3794643 0.1489583 0.3794643 0.1489583 0.3794643 0.1489583 0.3794643 0.1489583 0.3794643 0.1489583 0.3794643 0.1489583 0.3794643 0.1489583 0.3794643 0.1489583 0.3794643 0.1489583 0.3794643 0.1489583 0.3794643 0.1489583 0.3794643 0.1489583 0.3794643 0.1489583 0.3794643 0.1489583 0.3794643 0.1489583 0.3794643 0.1489583 0.3794643 0.1489583 0.3794643 0.1489583 0.3794643 0.1489583 0.3794643 0.1489583 0.3794643 0.1489583 0.3794643 0.1489583 0.3794643 0.1489583 0.3794643 0.1489583 0.3794643 0.1489583 0.3794643 0.1489583 0.3794643 0.1489583 0.3794643 0.1489583 0.3794643 0.1489583 0.3794643 0.1489583 0.3794643 0.1489583 0.3794643 0.1489583 0.3794643 0.1489583 0.3794643 0.1489583 0.3794643 0.1489583 0.3794643 0.1489583 0.3794643 0.1489583 0.3794643 0.1489583 0.3794643 0.1489583 0.3794643 0.1489583 0.3794643 0.1489583 0.3794643 0.1489583 0.3794643 0.1489583 0.3794643 0.1489583 0.3794643 0.1489583 0.3794643 0.1489583 0.3794643 0.1489583 0.3794643 0.1489583 0.3794643 0.1489583 0.3794643 0.1489583 0.3794643 0.1489583 0.3794643 0.1489583 0.3794643 0.1489583 0.3794643 0.1489583 0.3794643 0.1489583 0.3794643 0.1489583 0.3794643 0.1489583 0.3794643 0.1489583 0.3794643 0.1489583 0.3794643 0.1489583 0.3794643 0.1489583 0.3794643 0.1489583 0.3794643 0.1489583 0.3794643 0.1489583 0.3794643 0.1489583 0.3794643 0.1489583 0.3794643 0.1489583 0.3794643 0.1489583 0.3794643 0.1489583 0.3794643 0.1489583 0.3794643 0.1489583 0.3794643 0.1489583 0.3794643 0.1489583 0.3794643 0.1489583 0.3794643 0.1489583 0.3794643 0.1489583 0.3794643 0.1489583 0.3794643 0.1489583 0.3794643 0.1489583 0.3794643 0.1489583 0.3794643 0.1489583 0.3794643 0.1489583 0.3794643 0.1489583 0.3794643 0.1489583 0.3794643 0.1489583 0.3794643 0.1489583 0.3794643 0.1489583 0.3794643 0.1489583 0.3794643 0.1489583 0.3794643 0.1489583 0.3794643 0.1489583 0.3794643 0.1489583 0.3794643 0.1489583 0.3794643 0.1489583 0.3794643 0.1489583 0.3794643 0.1489583 0.3794643 0.1489583 0.3794643 0.1489583 0.3794643 0.1489583 0.3794643 0.1489583 0.3794643 0.1489583 0.3794643 0.1489583 0.3794643 0.1489583 0.3794643 0.1489583 0.3794643 0.1489583 0.3794643 0.1489583 0.3794643 0.1489583 0.3794643 0.1489583 0.3794643 0.1489583 0.3794643 0.1489583 0.3794643 0.1489583 0.3794643 0.1489583 0.3794643 0.1489583 0.3794643 0.1489583 0.3794643 0.1489583 0.3794643 0.1489583 0.3794643 0.1489583 0.3794643 0.1489583 0.3794643 0.1489583 0.3794643 0.1489583 0.3794643 0.1489583 0.3794643 0.1489583 0.3794643 0.1489583 0.3794643 0.1489583 0.3794643 0.1489583 0.3794643 0.1489583 0.3794643 0.1489583 0.3794643 0.1489583 0.3794643 0.1489583 0.3794643 0.1489583 0.3794643 0.1489583 0.3794643 0.1489583 0.3794643 0.1489583 0.3794643 0.1489583 0.3794643 0.1489583 0.3794643 0.1489583 0.3794643 0.1489583 0.3794643 0.1489583 0.3794643 0.1489583 0.3794643 0.1489583 0.3794643 0.1489583 0.3794643 0.1489583 0.3794643 0.1489583 0.3794643 0.1489583 0.3794643 0.1489583 0.3794643 0.1489583 0.3794643 0.1489583 0.3794643 0.1489583 0.3794643 0.1489583 0.3794643 0.1489583 0.3794643 0.1489583 0.3794643 0.1489583 0.3794643 0.1489583 0.3794643 0.1489583 0.3794643 0.1489583 0.3794643 0.1489583 0.3794643 0.1489583 0.3794643 0.1489583 0.3794643 0.1489583 0.3794643 0.1489583 0.3794643 0.1489583 0.3794643 0.1489583 0.3794643 0.1489583 0.3794643 0.1489583 0.3794643 0.1489583 0.3794643 0.1489583 0.3794643 0.1489583 0.3794643 0.1489583 0.3794643 0.1489583 0.3794643 0.1489583 0.3794643 0.1489583 0.3794643 0.1489583 0.3794643 0.1489583 0.3794643 0.1489583 0.3794643 0.1489583 0.3794643 0.1489583 0.3794643 0.1489583 0.3794643 0.1489583 0.3794643 0.1489583 0.3794643 0.1489583 0.3794643 0.1489583 0.3794643 0.1489583 0.3794643 0.1489583 0.3794643 0.1489583 0.3794643 0.1489583 0.3794643 0.1489583 0.3794643 0.1489583 0.3794643 0.1489583 0.3794643 0.1489583 0.3794643 0.1489583 0.3794643 0.1489583 0.3794643 0.1489583 0.3794643 0.1489583 0.3794643 0.1489583 0.3794643 0.1489583 0.3794643 0.1489583 0.3794643 0.1489583 0.3794643 0.1489583 0.3794643 0.1489583 0.3794643 0.1489583 0.3794643 0.1489583 0.3794643 0.1489583 0.3794643 0.1489583 0.3794643 0.1489583 0.3794643 0.1489583 0.3794643 0.1489583 0.3794643 0.1489583 0.3794643 0.1489583 0.3794643 0.1489583 0.3794643 0.1489583 0.3794643 0.1489583 0.3794643 0.1489583 0.3794643 0.1489583 0.3794643 0.1489583 0.3794643 0.1489583 0.3794643 0.1489583 0.3794643 0.1489583 0.3794643 0.1489583 0.3794643 0.1489583 0.3794643 0.1489583 0.3794643 0.1489583 0.3794643 0.1489583 0.3794643 0.1489583 0.3794643 0.1489583 0.3794643 0.1489583 0.3794643 0.1489583 0.3794643 0.1489583 0.3794643 0.1489583 0.3794643 0.1489583 0.3794643 0.1489583 0.3794643 0.1489583 0.3794643 0.1489583 0.3794643 0.1489583 0.3794643 0.1489583 0.3794643 0.1489583 0.3794643 0.1489583 0.3794643 0.1489583 0.3794643 0.1489583 0.3794643 0.1489583 0.3794643 0.1489583 0.3794643 0.1489583 0.3794643 0.1489583 0.3794643 0.1489583 0.3794643 0.1489583 0.3794643 0.1489583 0.3794643 0.1489583 0.3794643 0.1489583 0.3794643 0.1489583 0.3794643 0.1489583 0.3794643 0.1489583 0.3794643 0.1489583 0.3794643 0.1489583 0.3794643 0.1489583 0.3794643 0.1489583 0.3794643 0.1489583 0.3794643 0.1489583 0.3794643 0.1489583 0.3794643 0.1489583 0.3794643 0.1489583 0.3794643 0.1489583 0.3794643 0.1489583 0.3794643 0.1489583 0.3794643 0.1489583 0.3794643 0.1489583 0.3794643 0.1489583 0.3794643 0.1489583 0.3794643 0.1489583 0.3794643 0.1489583 0.3794643 0.1489583 0.3794643 0.1489583 0.3794643 0.1489583 0.3794643 0.1489583 0.3794643 0.1489583 0.3794643 0.1489583 0.3794643 0.1489583 0.3794643 0.1489583 0.3794643 0.1489583 0.3794643 0.1489583 0.3794643 0.1489583 0.3794643 0.1489583 0.3794643 0.1489583 0.3794643 0.1489583 0.3794643 0.1489583 0.3794643 0.1489583 0.3794643 0.1489583 0.3794643 0.1489583 0.3794643 0.1489583 0.3794643 0.1489583 0.3794643 0.1489583 0.3794643 0.1489583 0.3794643 0.1489583 0.3794643 0.1489583 0.3794643 0.1489583 0.3794643 0.1489583 0.3794643 0.1489583 0.3794643 0.1489583 0.3794643 0.1489583 0.3794643 0.1489583 0.3794643 0.1489583 0.3794643 0.1489583 0.3794643 0.1489583 0.3794643 0.1489583 0.3794643 0.1489583 0.3794643 0.1489583 0.3794643 0.1489583 0.3794643 0.1489583 0.3794643 0.1489583 0.3794643 0.1489583 0.3794643 0.1489583 0.3794643 0.1489583 0.3794643 0.1489583 0.3794643 0.1489583 0.3794643 0.1489583 0.3794643 0.1489583 0.3794643 0.1489583 0.3794643 0.1489583 0.3794643 0.1489583 0.3794643 0.1489583 0.3794643 0.1489583 0.3794643 0.1489583 0.3794643 0.1489583 0.3794643 0.1489583 0.3794643 0.1489583 0.3794643 0.1489583 0.3794643 0.1489583 0.3794643 0.1489583 0.3794643 0.1489583 0.3794643 0.1489583 0.3794643 0.1489583 0.3794643 0.1489583 0.3794643 0.1489583 0.3794643 0.1489583 0.3794643 0.1489583 0.3794643 0.1489583 0.3794643 0.1489583 0.3794643 0.1489583 0.3794643 0.1489583 0.3794643 0.1489583 0.3794643 0.1489583 0.3794643 0.1489583 0.3794643 0.1489583 0.3794643 0.1489583 0.3794643 0.1489583 0.3794643 0.1489583 0.3794643 0.1489583 0.3794643 0.1489583 0.3794643 0.1489583 0.3794643 0.1489583 0.3794643 0.1489583 0.3794643 0.1489583 0.3794643 0.1489583 0.3794643 0.1489583 0.3794643 0.1489583 0.3794643 0.1489583 0.3794643 0.1489583 0.3794643 0.1489583 0.3794643 0.1489583 0.3794643 0.1489583 0.3794643 0.1489583 0.3794643 0.1489583 0.3794643 0.1489583 0.3794643 0.1489583 0.3794643 0.1489583 0.3794643 0.1489583 0.3794643 0.1489583 0.3794643 0.1489583 0.3794643 0.1489583 0.3794643 0.1489583 0.3794643 0.1489583 0.3794643 0.1489583 0.3794643 0.1489583 0.3794643 0.1489583 0.3794643 0.1489583 0.3794643 0.1489583 0.3794643 0.1489583 0.3794643 0.1489583 0.3794643 0.1489583 0.3794643 0.1489583 0.3794643 0.1489583 0.3794643 0.1489583 0.3794643 0.1489583 0.3794643 0.1489583 0.3794643 0.1489583 0.3794643 0.1489583 0.3794643 0.1489583 0.3794643 0.1489583 0.3794643 0.1489583 0.3794643 0.1489583 0.3794643 0.1489583 0.3794643 0.1489583 0.3794643 0.1489583 0.3794643 0.1489583 0.3794643 0.1489583 0.3794643 0.1489583 0.3794643 0.1489583 0.3794643 0.1489583 0.3794643 0.1489583 0.3794643 0.1489583 0.3794643 0.1489583 0.3794643 0.1489583 0.3794643 0.1489583 0.3794643 0.1489583 0.3794643 0.1489583 0.3794643 0.1489583 0.3794643 0.1489583 0.3794643 0.1489583 0.3794643 0.1489583 0.3794643 0.1489583 0.3794643 0.1489583 0.3794643 0.1489583 0.3794643 0.1489583 0.3794643 0.1489583 0.3794643 0.1489583 0.3794643 0.1489583 0.3794643 0.1489583 0.3794643 0.1489583 0.3794643 0.1489583 0.3794643 0.1489583 0.3794643 0.1489583 0.3794643 0.1489583 0.3794643 0.1489583 0.3794643 0.1489583 0.3794643 0.1489583 0.3794643 0.1489583 0.3794643 0.1489583 0.3794643 0.1489583 0.3794643 0.1489583 0.3794643 0.1489583 0.3794643 0.1489583 0.3794643 0.1489583 0.3794643 0.1489583 0.3794643 0.1489583 0.3794643 0.1489583 0.3794643 0.1489583 0.3794643 0.1489583 0.3794643 0.1489583 0.3794643 0.1489583 0.3794643 0.1489583 0.3794643 0.1489583 0.3794643 0.1489583 0.3794643 0.1489583 0.3794643 0.1489583 0.3794643 0.1489583 0.3794643 0.1489583 0.3794643 0.1489583 0.3794643 0.1489583 0.3794643 0.1489583 0.3794643 0.1489583 0.3794643 0.1489583 0.3794643 0.1489583 0.3794643 0.1489583 0.3794643 0.1489583 0.3794643 0.1489583 0.3794643 0.1489583 0.3794643 0.1489583 0.3794643 0.1489583 0.3794643 0.1489583 0.3794643 0.1489583 0.3794643 0.1489583 0.3794643 0.1489583 0.3794643 0.1489583 0.3794643 0.1489583 0.3794643 0.1489583 0.3794643 0.1489583 0.3794643 0.1489583 0.3794643 0.1489583 0.3794643 0.1489583 0.3794643 0.1489583 0.3794643 0.1489583 0.3794643 0.1489583 0.3794643 0.1489583 0.3794643 0.1489583 0.3794643 0.1489583 0.3794643 0.1489583 0.3794643 0.1489583 0.3794643 0.1489583 0.3794643 0.1489583 0.3794643 0.1489583 0.3794643 0.1489583 0.3794643 0.1489583 0.3794643 0.1489583 0.3794643 0.1489583 0.3794643 0.1489583 0.3794643 0.1489583 0.3794643 0.1489583 0.3794643 0.1489583 0.3794643 0.1489583 0.3794643 0.1489583 0.3794643 0.1489583 0.3794643 0.1489583 0.3794643 0.1489583 0.3794643 0.1489583 0.3794643 0.1489583 0.3794643 0.1489583 0.3794643 0.1489583 0.3794643 0.1489583 0.3794643 0.1489583 0.3794643 0.1489583 0.3794643 0.1489583 0.3794643 0.1489583 0.3794643 0.1489583 0.3794643 0.1489583 0.3794643 0.1489583 0.3794643 0.1489583 0.3794643 0.1489583 0.3794643 0.1489583 0.3794643 0.1489583 0.3794643 0.1489583 0.3794643 0.1489583 0.3794643 0.1489583 0.3794643 0.1489583 0.3794643 0.1489583 0.3794643 0.1489583 0.3794643 0.1489583 0.3794643 0.1489583 0.3794643 0.1489583 0.3794643 0.1489583 0.3794643 0.1489583 0.3794643 0.1489583 0.3794643 0.1489583 0.3794643 0.1489583 0.3794643 0.1489583 0.3794643 0.1489583 0.3794643 0.1489583 0.3794643 0.1489583 0.3794643 0.1489583 0.3794643 0.1489583 0.3794643 0.1489583 0.3794643 0.1489583 0.3794643 0.1489583 0.3794643 0.1489583 0.3794643 0.1489583 0.3794643 0.1489583 0.3794643 0.1489583 0.3794643 0.1489583 0.3794643 0.1489583 0.3794643 0.1489583 0.3794643 0.1489583 0.3794643 0.1489583 0.3794643 0.1489583 0.3794643 0.1489583 0.3794643 0.1489583 0.3794643 0.1489583 0.3794643 0.1489583 0.3794643 0.1489583 0.3794643 0.1489583 0.3794643 0.1489583 0.3794643 0.1489583 0.3794643 0.1489583 0.3794643 0.1489583 0.3794643 0.1489583 0.3794643 0.1489583 0.3794643 0.1489583 0.3794643 0.1489583 0.3794643 0.1489583 0.3794643 0.1489583 0.3794643 0.1489583 0.3794643 0.1489583 0.3794643 0.1489583 0.3794643 0.1489583 0.3794643 0.1489583 0.3794643 0.1489583 0.3794643 0.1489583 0.3794643 0.1489583 0.3794643 0.1489583 0.3794643 0.1489583 0.3794643 0.1489583 0.3794643 0.1489583 0.3794643 0.1489583 0.3794643 0.1489583 0.3794643 0.1489583 0.3794643 0.1489583 0.3794643 0.1489583 0.3794643 0.1489583 0.3794643 0.1489583 0.3794643 0.1489583 0.3794643 0.1489583 0.3794643 0.1489583 0.3794643 0.1489583 0.3794643 0.1489583 0.3794643 0.1489583 0.3794643 0.1489583 0.3794643 0.1489583 0.3794643 0.1489583 0.3794643 0.1489583 0.3794643 0.1489583 0.3794643 0.1489583 0.3794643 0.1489583 0.3794643 0.1489583 0.3794643 0.1489583 0.3794643 0.1489583 0.3794643 0.1489583 0.3794643 0.1489583 0.3794643 0.1489583 0.3794643 0.1489583 0.3794643 0.1489583 0.3794643 0.1489583 0.3794643 0.1489583 0.3794643 0.1489583 0.3794643 0.1489583 0.3794643 0.1489583 0.3794643 0.1489583 0.3794643 0.1489583 0.3794643 0.1489583 0.3794643 0.1489583 0.3794643 0.1489583 0.3794643 0.1489583 0.3794643 0.1489583 0.3794643 0.1489583 0.3794643 0.1489583 0.3794643 0.1489583 0.3794643 0.1489583 0.3794643 0.1489583 0.3794643 0.1489583 0.3794643 0.1489583 0.3794643 0.1489583 0.3794643 0.1489583 0.3794643 0.1489583 0.3794643 0.1489583 0.3794643 0.1489583 0.3794643 0.1489583 0.3794643 0.1489583 0.3794643 0.1489583 0.3794643 0.1489583 0.3794643 0.1489583 0.3794643 0.1489583 0.3794643 0.1489583 0.3794643 0.1489583 0.3794643 0.1489583 0.3794643 0.1489583 0.3794643 0.1489583 0.3794643 0.1489583 0.3794643 0.1489583 0.3794643 0.1489583 0.3794643 0.1489583 0.3794643 0.1489583 0.3794643 0.1489583 0.3794643 0.1489583 0.3794643 0.1489583 0.3794643 0.1489583 0.3794643 0.1489583 0.3794643 0.1489583 0.3794643 0.1489583 0.3794643 0.1489583 0.3794643 0.1489583 0.3794643 0.1489583 0.3794643 0.1489583 0.3794643 0.1489583 0.3794643 0.1489583 0.3794643 0.1489583 0.3794643 0.1489583 0.3794643 0.1489583 0.3794643 0.1489583 0.3794643 0.1489583 0.3794643 0.1489583 0.3794643 0.1489583 0.3794643 0.1489583 0.3794643 0.1489583 0.3794643 0.1489583 0.3794643 0.1489583 0.3794643 0.1489583 0.3794643 0.1489583 0.3794643 0.1489583 0.3794643 0.1489583 0.3794643 0.1489583 0.3794643 0.1489583 0.3794643 0.1489583 0.3794643 0.1489583 0.3794643 0.1489583 0.3794643 0.1489583 0.3794643 0.1489583 0.3794643 0.1489583 0.3794643 0.1489583 0.3794643 0.1489583 0.3794643 0.1489583 0.3794643 0.1489583 0.3794643 0.1489583 0.3794643 0.1489583 0.3794643 0.1489583 0.3794643 0.1489583 0.3794643 0.1489583 0.3794643 0.1489583 0.3794643 0.1489583 0.3794643 0.1489583 0.3794643 0.1489583 0.3794643 0.1489583 0.3794643 0.1489583 0.3794643 0.1489583 0.3794643 0.1489583 0.3794643 0.1489583 0.3794643 0.1489583 0.3794643 0.1489583 0.3794643 0.1489583 0.3794643 0.1489583 0.3794643 0.1489583 0.3794643 0.1489583 0.3794643 0.1489583 0.3794643 0.1489583 0.3794643 0.1489583 0.3794643 0.1489583 0.3794643 0.1489583 0.3794643 0.1489583 0.3794643 0.1489583 0.3794643 0.1489583 0.3794643 0.1489583 0.3794643 0.1489583 0.3794643 0.1489583 0.3794643 0.1489583 0.3794643 0.1489583 0.3794643 0.1489583 0.3794643 0.1489583 0.3794643 0.1489583 0.3794643 0.1489583 0.3794643 0.1489583 0.3794643 0.1489583 0.3794643 0.1489583 0.3794643 0.1489583 0.3794643 0.1489583 0.3794643 0.1489583 0.3794643 0.1489583 0.3794643 0.1489583 0.3794643 0.1489583 0.3794643 0.1489583 0.3794643 0.1489583 0.3794643 0.1489583 0.3794643 0.1489583 0.3794643 0.1489583 0.3794643 0.1489583 0.3794643 0.1489583 0.3794643 0.1489583 0.3794643 0.1489583 0.3794643 0.1489583 0.3794643 0.1489583 0.3794643 0.1489583 0.3794643 0.1489583 0.3794643 0.1489583 0.3794643 0.1489583 0.3794643 0.1489583 0.3794643 0.1489583 0.3794643 0.1489583 0.3794643 0.1489583 0.3794643 0.1489583 0.3794643 0.1489583 0.3794643 0.1489583 0.3794643 0.1489583 0.3794643 0.1489583 0.3794643 0.1489583 0.3794643 0.1489583 0.3794643 0.1489583 0.3794643 0.1489583 0.3794643 0.1489583 0.3794643 0.1489583 0.3794643 0.1489583 0.3794643 0.1489583 0.3794643 0.1489583 0.3794643 0.1489583 0.3794643 0.1489583 0.3794643 0.1489583 0.3794643 0.1489583 0.3794643 0.1489583 0.3794643 0.1489583 0.3794643 0.1489583 0.3794643 0.1489583 0.3794643 0.1489583 0.3794643 0.1489583 0.3794643 0.1489583 0.3794643 0.1489583 0.3794643 0.1489583 0.3794643 0.1489583 0.3794643 0.1489583 0.3794643 0.1489583 0.3794643 0.1489583 0.3794643 0.1489583 0.3794643 0.1489583 0.3794643 0.1489583 0.3794643 0.1489583 0.3794643 0.1489583 0.3794643 0.1489583 0.3794643 0.1489583 0.3794643 0.1489583 0.3794643 0.1489583 0.3794643 0.1489583 0.3794643 0.1489583 0.3794643 0.1489583 0.3794643 0.1489583 0.3794643 0.1489583 0.3794643 0.1489583 0.3794643 0.1489583 0.3794643 0.1489583 0.3794643 0.1489583 0.3794643 0.1489583 0.3794643 0.1489583 0.3794643 0.1489583 0.3794643 0.1489583 0.3794643 0.1489583 0.3794643 0.1489583 0.3794643 0.1489583 0.3794643 0.1489583 0.3794643 0.1489583 0.3794643 0.1489583 0.3794643 0.1489583 0.3794643 0.1489583 0.3794643 0.1489583 0.3794643 0.1489583 0.3794643 0.1489583 0.3794643 0.1489583 0.3794643 0.1489583 0.3794643 0.1489583 0.3794643 0.1489583 0.3794643 0.1489583 0.3794643 0.1489583 0.3794643 0.1489583 0.3794643 0.1489583 0.3794643 0.1489583 0.3794643 0.1489583 0.3794643 0.1489583 0.3794643 0.1489583 0.3794643 0.1489583 0.3794643 0.1489583 0.3794643 0.1489583 0.3794643 0.1489583 0.3794643 0.1489583 0.3794643 0.1489583 0.3794643 0.1489583 0.3794643 0.1489583 0.3794643 0.1489583 0.3794643 0.1489583 0.3794643 0.1489583 0.3794643 0.1489583 0.3794643 0.1489583 0.3794643 0.1489583 0.3794643 0.1489583 0.3794643 0.1489583 0.3794643 0.1489583 0.3794643 0.1489583 0.3794643 0.1489583 0.3794643 0.1489583 0.3794643 0.1489583 0.3794643 0.1489583 0.3794643 0.1489583 0.3794643 0.1489583 0.3794643 0.1489583 0.3794643 0.1489583 0.3794643 0.1489583 0.3794643 0.1489583 0.3794643 0.1489583 0.3794643 0.1489583 0.3794643 0.1489583 0.3794643 0.1489583 0.3794643 0.1489583 0.3794643 0.1489583 0.3794643 0.1489583 0.3794643 0.1489583 0.3794643 0.1489583 0.3794643 0.1489583 0.3794643 0.1489583 0.3794643 0.1489583 0.3794643 0.1489583 0.3794643 0.1489583 0.3794643 0.1489583 0.3794643 0.1489583 0.3794643 0.1489583 0.3794643 0.1489583 0.3794643 0.1489583 0.3794643 0.1489583 0.3794643 0.1489583 0.3794643 0.1489583 0.3794643 0.1489583 0.3794643 0.1489583 0.3794643 0.1489583 0.3794643 0.1489583 0.3794643 0.1489583 0.3794643 0.1489583 0.3794643 0.1489583 0.3794643 0.1489583 0.3794643 0.1489583 0.3794643 0.1489583 0.3794643 0.1489583 0.3794643 0.1489583 0.3794643 0.1489583 0.3794643 0.1489583 0.3794643 0.1489583 0.3794643 0.1489583 0.3794643 0.1489583 0.3794643 0.1489583 0.3794643 0.1489583 0.3794643 0.1489583 0.3794643 0.1489583 0.3794643 0.1489583 0.3794643 0.1489583 0.3794643 0.1489583 0.3794643 0.1489583 0.3794643 0.1489583 0.3794643 0.1489583 0.3794643 0.1489583 0.3794643 0.1489583 0.3794643 0.1489583 0.3794643 0.1489583 0.3794643 0.1489583 0.3794643 0.1489583 0.3794643 0.1489583 0.3794643 0.1489583 0.3794643 0.1489583 0.3794643 0.1489583 0.3794643 0.1489583 0.3794643 0.1489583 0.3794643 0.1489583 0.3794643 0.1489583 0.3794643 0.1489583 0.3794643 0.1489583 0.3794643 0.1489583 0.3794643 0.1489583 0.3794643 0.1489583 0.3794643 0.1489583 0.3794643 0.1489583 0.3794643 0.1489583 0.3794643 0.1489583 0.3794643 0.1489583 0.3794643 0.1489583 0.3794643 0.1489583 0.3794643 0.1489583 0.3794643 0.1489583 0.3794643 0.1489583 0.3794643 0.1489583 0.3794643 0.1489583 0.3794643 0.1489583 0.3794643 0.1489583 0.3794643 0.1489583 0.3794643 0.1489583 0.3794643 0.1489583 0.3794643 0.1489583 0.3794643 0.1489583 0.3794643 0.1489583 0.3794643 0.1489583 0.3794643 0.1489583 0.3794643 0.1489583 0.3794643 0.1489583 0.3794643 0.1489583 0.3794643 0.1489583 0.3794643 0.1489583 0.3794643 0.1489583 0.3794643 0.1489583 0.3794643 0.1489583 0.3794643 0.1489583 0.3794643 0.1489583 0.3794643 0.1489583 0.3794643 0.1489583 0.3794643 0.1489583 0.3794643 0.1489583 0.3794643 0.1489583 0.3794643 0.1489583 0.3794643 0.1489583 0.3794643 0.1489583 0.3794643 0.1489583 0.3794643 0.1489583 0.3794643 0.1489583 0.3794643 0.1489583 0.3794643 0.1489583 0.3794643 0.1489583 0.3794643 0.1489583 0.3794643 0.1489583 0.3794643 0.1489583 0.3794643 0.1489583 0.3794643 0.1489583 0.3794643 0.1489583 0.3794643 0.1489583 0.3794643 0.1489583 0.3794643 0.1489583 0.3794643 0.1489583 0.3794643 0.1489583 0.3794643 0.1489583 0.3794643 0.1489583 0.3794643 0.1489583 0.3794643 0.1489583 0.3794643 0.1489583 0.3794643 0.1489583 0.3794643 0.1489583 0.3794643 0.1489583 0.3794643 0.1489583 0.3794643 0.1489583 0.3794643 0.1489583 0.3794643 0.1489583 0.3794643 0.1489583 0.3794643 0.1489583 0.3794643 0.1489583 0.3794643 0.1489583 0.3794643 0.1489583 0.3794643 0.1489583 0.3794643 0.1489583 0.3794643 0.1489583 0.3794643 0.1489583 0.3794643 0.1489583 0.3794643 0.1489583 0.3794643 0.1489583 0.3794643 0.1489583 0.3794643 0.1489583 0.3794643 0.1489583 0.3794643 0.1489583 0.3794643 0.1489583 0.3794643 0.1489583 0.3794643 0.1489583 0.3794643 0.1489583 0.3794643 0.1489583 0.3794643 0.1489583 0.3794643 0.1489583 0.3794643 0.1489583 0.3794643 0.1489583 0.3794643 0.1489583 0.3794643 0.1489583 0.3794643 0.1489583 0.3794643 0.1489583 0.3794643 0.1489583 0.3794643 0.1489583 0.3794643 0.1489583 0.3794643 0.1489583 0.3794643 0.1489583 0.3794643 0.1489583 0.3794643 0.1489583 0.3794643 0.1489583 0.3794643 0.1489583 0.3794643 0.1489583 0.3794643 0.1489583 0.3794643 0.1489583 0.3794643 0.1489583 0.3794643 0.1489583 0.3794643 0.1489583 0.3794643 0.1489583 0.3794643 0.1489583 0.3794643 0.1489583 0.3794643 0.1489583 0.3794643 0.1489583 0.3794643 0.1489583 0.3794643 0.1489583 0.3794643 0.1489583 0.3794643 0.1489583 0.3794643 0.1489583 0.3794643 0.1489583 0.3794643 0.1489583 0.3794643 0.1489583 0.3794643 0.1489583 0.3794643 0.1489583 0.3794643 0.1489583 0.3794643 0.1489583 0.3794643 0.1489583 0.3794643 0.1489583 0.3794643 0.1489583 0.3794643 0.1489583 0.3794643 0.1489583 0.3794643 0.1489583 0.3794643 0.1489583 0.3794643 0.1489583 0.3794643 0.1489583 0.3794643 0.1489583 0.3794643 0.1489583 0.3794643 0.1489583 0.3794643 0.1489583 0.3794643 0.1489583 0.3794643 0.1489583 0.3794643 0.1489583 0.3794643 0.1489583 0.3794643 0.1489583 0.3794643 0.1489583 0.3794643 0.1489583 0.3794643 0.1489583 0.3794643 0.1489583 0.3794643 0.1489583 0.3794643 0.1489583 0.3794643 0.1489583 0.3794643 0.1489583 0.3794643 0.1489583 0.3794643 0.1489583 0.3794643 0.1489583 0.3794643 0.1489583 0.3794643 0.1489583 0.3794643 0.1489583 0.3794643 0.1489583 0.3794643 0.1489583 0.3794643 0.1489583 0.3794643 0.1489583 0.3794643 0.1489583 0.3794643 0.1489583 0.3794643 0.1489583 0.3794643 0.1489583 0.3794643 0.1489583 0.3794643 0.1489583 0.3794643 0.1489583 0.3794643 0.1489583 0.3794643 0.1489583 0.3794643 0.1489583 0.3794643 0.1489583 0.3794643 0.1489583 0.3794643 0.1489583 0.3794643 0.1489583 0.3794643 0.1489583 0.3794643 0.1489583 0.3794643 0.1489583 0.3794643 0.1489583 0.3794643 0.1489583 0.3794643 0.1489583 0.3794643 0.1489583 0.3794643 0.1489583 0.3794643 0.1489583 0.3794643 0.1489583 0.3794643 0.1489583 0.3794643 0.1489583 0.3794643 0.1489583 0.3794643 0.1489583 0.3794643 0.1489583 0.3794643 0.1489583 0.3794643 0.1489583 0.3794643 0.1489583 0.3794643 0.1489583 0.3794643 0.1489583 0.3794643 0.1489583 0.3794643 0.1489583 0.3794643 0.1489583 0.3794643 0.1489583 0.3794643 0.1489583 0.3794643 0.1489583 0.3794643 0.1489583 0.3794643 0.1489583 0.3794643 0.1489583 0.3794643 0.1489583 0.3794643 0.1489583 0.3794643 0.1489583 0.3794643 0.1489583 0.3794643 0.1489583 0.3794643 0.1489583 0.3794643 0.1489583 0.3794643 0.1489583 0.3794643 0.1489583 0.3794643 0.1489583 0.3794643 0.1489583 0.3794643 0.1489583 0.3794643 0.1489583 0.3794643 0.1489583 0.3794643 0.1489583 0.3794643 0.1489583 0.3794643 0.1489583 0.3794643 0.1489583 0.3794643 0.1489583 0.3794643 0.1489583 0.3794643 0.1489583 0.3794643 0.1489583 0.3794643 0.1489583 0.3794643 0.1489583 0.3794643 0.1489583 0.3794643 0.1489583 0.3794643 0.1489583 0.3794643 0.1489583 0.3794643 0.1489583 0.3794643 0.1489583 0.3794643 0.1489583 0.3794643 0.1489583 0.3794643 0.1489583 0.3794643 0.1489583 0.3794643 0.1489583 0.3794643 0.1489583 0.3794643 0.1489583 0.3794643 0.1489583 0.3794643 0.1489583 0.3794643 0.1489583 0.3794643 0.1489583 0.3794643 0.1489583 0.3794643 0.1489583 0.3794643 0.1489583 0.3794643 0.1489583 0.3794643 0.1489583 0.3794643 0.1489583 0.3794643 0.1489583 0.3794643 0.1489583 0.3794643 0.1489583 0.3794643 0.1489583 0.3794643 0.1489583 0.3794643 0.1489583 0.3794643 0.1489583 0.3794643 0.1489583 0.3794643 0.1489583 0.3794643 0.1489583 0.3794643 0.1489583 0.3794643 0.1489583 0.3794643 0.1489583 0.3794643 0.1489583 0.3794643 0.1489583 0.3794643 0.1489583 0.3794643 0.1489583 0.3794643 0.1489583 0.3794643 0.1489583 0.3794643 0.1489583 0.3794643 0.1489583 0.3794643 0.1489583 0.3794643 0.1489583 0.3794643 0.1489583 0.3794643 0.1489583 0.3794643 0.1489583 0.3794643 0.1489583 0.3794643 0.1489583 0.3794643 0.1489583 0.3794643 0.1489583 0.3794643 0.1489583 0.3794643 0.1489583 0.3794643 0.1489583 0.3794643 0.1489583 0.3794643 0.1489583 0.3794643 0.1489583 0.3794643 0.1489583 0.3794643 0.1489583 0.3794643 0.1489583 0.3794643 0.1489583 0.3794643 0.1489583 0.3794643 0.1489583 0.3794643 0.1489583 0.3794643 0.1489583 0.3794643 0.1489583 0.3794643 0.1489583 0.3794643 0.1489583 0.3794643 0.1489583 0.3794643 0.1489583 0.3794643 0.1489583 0.3794643 0.1489583 0.3794643 0.1489583 0.3794643 0.1489583 0.3794643 0.1489583 0.3794643 0.1489583 0.3794643 0.1489583 0.3794643 0.1489583 0.3794643 0.1489583 0.3794643 0.1489583 0.3794643 0.1489583 0.3794643 0.1489583 0.3794643 0.1489583 0.3794643 0.1489583 0.3794643 0.1489583 0.3794643 0.1489583 0.3794643 0.1489583 0.3794643 0.1489583 0.3794643 0.1489583 0.3794643 0.1489583 0.3794643 0.1489583 0.3794643 0.1489583 0.3794643 0.1489583 0.3794643 0.1489583 0.3794643 0.1489583 0.3794643 0.1489583 0.3794643 0.1489583 0.3794643 0.1489583 0.3794643 0.1489583 0.3794643 0.1489583 0.3794643 0.1489583 0.3794643 0.1489583 0.3794643 0.1489583 0.3794643 0.1489583 0.3794643 0.1489583 0.3794643 0.1489583 0.3794643 0.1489583 0.3794643 0.1489583 0.3794643 0.1489583 0.3794643 0.1489583 0.3794643 0.1489583 0.3794643 0.1489583 0.3794643 0.1489583 0.3794643 0.1489583 0.3794643 0.1489583 0.3794643 0.1489583 0.3794643 0.1489583 0.3794643 0.1489583 0.3794643 0.1489583 0.3794643 0.1489583 0.3794643 0.1489583 0.3794643 0.1489583 0.3794643 0.1489583 0.3794643 0.1489583 0.3794643 0.1489583 0.3794643 0.1489583 0.3794643 0.1489583 0.3794643 0.1489583 0.3794643 0.1489583 0.3794643 0.1489583 0.3794643 0.1489583 0.3794643 0.1489583 0.3794643 0.1489583 0.3794643 0.1489583 0.3794643 0.1489583 0.3794643 0.1489583 0.3794643 0.1489583 0.3794643 0.1489583 0.3794643 0.1489583 0.3794643 0.1489583 0.3794643 0.1489583 0.3794643 0.1489583 0.3794643 0.1489583 0.3794643 0.1489583 0.3794643 0.1489583 0.3794643 0.1489583 0.3794643 0.1489583 0.3794643 0.1489583 0.3794643 0.1489583 0.3794643 0.1489583 0.3794643 0.1489583 0.3794643 0.1489583 0.3794643 0.1489583 0.3794643 0.1489583 0.3794643 0.1489583 0.3794643 0.1489583 0.3794643 0.1489583 0.3794643 0.1489583 0.3794643 0.1489583 0.3794643 0.1489583 0.3794643 0.1489583 0.3794643 0.1489583 0.3794643 0.1489583 0.3794643 0.1489583 0.3794643 0.1489583 0.3794643 0.1489583 0.3794643 0.1489583 0.3794643 0.1489583 0.3794643 0.1489583 0.3794643 0.1489583 0.3794643 0.1489583 0.3794643 0.1489583 0.3794643 0.1489583 0.3794643 0.1489583 0.3794643 0.1489583 0.3794643 0.1489583 0.3794643 0.1489583 0.3794643 0.1489583 0.3794643 0.1489583 0.3794643 0.1489583 0.3794643 0.1489583 0.3794643 0.1489583 0.3794643 0.1489583 0.3794643 0.1489583 0.3794643 0.1489583 0.3794643 0.1489583 0.3794643 0.1489583 0.3794643 0.1489583 0.3794643 0.1489583 0.3794643 0.1489583 0.3794643 0.1489583 0.3794643 0.1489583 0.3794643 0.1489583 0.3794643 0.1489583 0.3794643 0.1489583 0.3794643 0.1489583 0.3794643 0.1489583 0.3794643 0.1489583 0.3794643 0.1489583 0.3794643 0.1489583 0.3794643 0.1489583 0.3794643 0.1489583 0.3794643 0.1489583 0.3794643 0.1489583 0.3794643 0.1489583 0.3794643 0.1489583 0.3794643 0.1489583 0.3794643 0.1489583 0.3794643 0.1489583 0.3794643 0.1489583 0.3794643 0.1489583 0.3794643 0.1489583 0.3794643 0.1489583 0.3794643 0.1489583 0.3794643 0.1489583 0.3794643 0.1489583 0.3794643 0.1489583 0.3794643 0.1489583 0.3794643 0.1489583 0.3794643 0.1489583 0.3794643 0.1489583 0.3794643 0.1489583 0.3794643 0.1489583 0.3794643 0.1489583 0.3794643 0.1489583 0.3794643 0.1489583 0.3794643 0.1489583 0.3794643 0.1489583 0.3794643 0.1489583 0.3794643 0.1489583 0.3794643 0.1489583 0.3794643 0.1489583 0.3794643 0.1489583 0.3794643 0.1489583 0.3794643 0.1489583 0.3794643 0.1489583 0.3794643 0.1489583 0.3794643 0.1489583 0.3794643 0.1489583 0.3794643 0.1489583 0.3794643 0.1489583 0.3794643 0.1489583 0.3794643 0.1489583 0.3794643 0.1489583 0.3794643 0.1489583 0.3794643 0.1489583 0.3794643 0.1489583 0.3794643 0.1489583 0.3794643 0.1489583 0.3794643 0.1489583 0.3794643 0.1489583 0.3794643 0.1489583 0.3794643 0.1489583 0.3794643 0.1489583 0.3794643 0.1489583 0.3794643 0.1489583 0.3794643 0.1489583 0.3794643 0.1489583 0.3794643 0.1489583 0.3794643 0.1489583 0.3794643 0.1489583 0.3794643 0.1489583 0.3794643 0.1489583 0.3794643 0.1489583 0.3794643 0.1489583 0.3794643 0.1489583 0.3794643 0.1489583 0.3794643 0.1489583 0.3794643 0.1489583 0.3794643 0.1489583 0.3794643 0.1489583 0.3794643 0.1489583 0.3794643 0.1489583 0.3794643 0.1489583 0.3794643 0.1489583 0.3794643 0.1489583 0.3794643 0.1489583 0.3794643 0.1489583 0.3794643 0.1489583 0.3794643 0.1489583 0.3794643 0.1489583 0.3794643 0.1489583 0.3794643 0.1489583 0.3794643 0.1489583 0.3794643 0.1489583 0.3794643 0.1489583 0.3794643 0.1489583 0.3794643 0.1489583 0.3794643 0.1489583 0.3794643 0.1489583 0.3794643 0.1489583 0.3794643 0.1489583 0.3794643 0.1489583 0.3794643 0.1489583 0.3794643 0.1489583 0.3794643 0.1489583 0.3794643 0.1489583 0.3794643 0.1489583 0.3794643 0.1489583 0.3794643 0.1489583 0.3794643 0.1489583 0.3794643 0.1489583 0.3794643 0.1489583 0.3794643 0.1489583 0.3794643 0.1489583 0.3794643 0.1489583 0.3794643 0.1489583 0.3794643 0.1489583 0.3794643 0.1489583 0.3794643 0.1489583 0.3794643 0.1489583 0.3794643 0.1489583 0.3794643 0.1489583 0.3794643 0.1489583 0.3794643 0.1489583 0.3794643 0.1489583 0.3794643 0.1489583 0.3794643 0.1489583 0.3794643 0.1489583 0.3794643 0.1489583 0.3794643 0.1489583 0.3794643 0.1489583 0.3794643 0.1489583 0.3794643 0.1489583 0.3794643 0.1489583 0.3794643 0.1489583 0.3794643 0.1489583 0.3794643 0.1489583 0.3794643 0.1489583 0.3794643 0.1489583 0.3794643 0.1489583 0.3794643 0.1489583 0.3794643 0.1489583 0.3794643 0.1489583 0.3794643 0.1489583 0.3794643 0.1489583 0.3794643 0.1489583 0.3794643 0.1489583 0.3794643 0.1489583 0.3794643 0.1489583 0.3794643 0.1489583 0.3794643 0.1489583 0.3794643 0.1489583 0.3794643 0.1489583 0.3794643 0.1489583 0.3794643 0.1489583 0.3794643 0.1489583 0.3794643 0.1489583 0.3794643 0.1489583 0.3794643 0.1489583 0.3794643 0.1489583 0.3794643 0.1489583 0.3794643 0.1489583 0.3794643 0.1489583 0.3794643 0.1489583 0.3794643 0.1489583 0.3794643 0.1489583 0.3794643 0.1489583 0.3794643 0.1489583 0.3794643 0.1489583 0.3794643 0.1489583 0.3794643 0.1489583 0.3794643 0.1489583 0.3794643 0.1489583 0.3794643 0.1489583 0.3794643 0.1489583 0.3794643 0.1489583 0.3794643 0.1489583 0.3794643 0.1489583 0.3794643 0.1489583 0.3794643 0.1489583 0.3794643 0.1489583 0.3794643 0.1489583 0.3794643 0.1489583 0.3794643 0.1489583 0.3794643 0.1489583 0.3794643 0.1489583 0.3794643 0.1489583 0.3794643 0.1489583 0.3794643 0.1489583 0.3794643 0.1489583 0.3794643 0.1489583 0.3794643 0.1489583 0.3794643 0.1489583 0.3794643 0.1489583 0.3794643 0.1489583 0.3794643 0.1489583 0.3794643 0.1489583 0.3794643 0.1489583 0.3794643 0.1489583 0.3794643 0.1489583 0.3794643 0.1489583 0.3794643 0.1489583 0.3794643 0.1489583 0.3794643 0.1489583 0.3794643 0.1489583 0.3794643 0.1489583 0.3794643 0.1489583 0.3794643 0.1489583 0.3794643 0.1489583 0.3794643 0.1489583 0.3794643 0.1489583 0.3794643 0.1489583 0.3794643 0.1489583 0.3794643 0.1489583 0.3794643 0.1489583 0.3794643 0.1489583 0.3794643 0.1489583 0.3794643 0.1489583 0.3794643 0.1489583 0.3794643 0.1489583 0.3794643 0.1489583 0.3794643 0.1489583 0.3794643 0.1489583 0.3794643 0.1489583 0.3794643 0.1489583 0.3794643 0.1489583 0.3794643 0.1489583 0.3794643 0.1489583 0.3794643 0.1489583 0.3794643 0.1489583 0.3794643 0.1489583 0.3794643 0.1489583 0.3794643 0.1489583 0.3794643 0.1489583 0.3794643 0.1489583 0.3794643 0.1489583 0.3794643 0.1489583 0.3794643 0.1489583 0.3794643 0.1489583 0.3794643 0.1489583 0.3794643 0.1489583 0.3794643 0.1489583 0.3794643 0.1489583 0.3794643 0.1489583 0.3794643 0.1489583 0.3794643 0.1489583 0.3794643 0.1489583 0.3794643 0.1489583 0.3794643 0.1489583 0.3794643 0.1489583 0.3794643 0.1489583 0.3794643 0.1489583 0.3794643 0.1489583 0.3794643 0.1489583 0.3794643 0.1489583 0.3794643 0.1489583 0.3794643 0.1489583 0.3794643 0.1489583 0.3794643 0.1489583 0.3794643 0.1489583 0.3794643 0.1489583 0.3794643 0.1489583 0.3794643 0.1489583 0.3794643 0.1489583 0.3794643 0.1489583 0.3794643 0.1489583 0.3794643 0.1489583 0.3794643 0.1489583 0.3794643 0.1489583 0.3794643 0.1489583 0.3794643 0.1489583 0.3794643 0.1489583 0.3794643 0.1489583 0.3794643 0.1489583 0.3794643 0.1489583 0.3794643 0.1489583 0.3794643 0.1489583 0.3794643 0.1489583 0.3794643 0.1489583 0.3794643 0.1489583 0.3794643 0.1489583 0.3794643 0.1489583 0.3794643 0.1489583 0.3794643 0.1489583 0.3794643 0.1489583 0.3794643 0.1489583 0.3794643 0.1489583 0.3794643 0.1489583 0.3794643 0.1489583 0.3794643 0.1489583 0.3794643 0.1489583 0.3794643 0.1489583 0.3794643 0.1489583 0.3794643 0.1489583 0.3794643 0.1489583 0.3794643 0.1489583 0.3794643 0.1489583 0.3794643 0.1489583 0.3794643 0.1489583 0.3794643 0.1489583 0.3794643 0.1489583 0.3794643 0.1489583 0.3794643 0.1489583 0.3794643 0.1489583 0.3794643 0.1489583 0.3794643 0.1489583 0.3794643 0.1489583 0.3794643 0.1489583 0.3794643 0.1489583 0.3794643 0.1489583 0.3794643 0.1489583 0.3794643 0.1489583 0.3794643 0.1489583 0.3794643 0.1489583 0.3794643 0.1489583 0.3794643 0.1489583 0.3794643 0.1489583 0.3794643 0.1489583 0.3794643 0.1489583 0.3794643 0.1489583 0.3794643 0.1489583 0.3794643 0.1489583 0.3794643 0.1489583 0.3794643 0.1489583 0.3794643 0.1489583 0.3794643 0.1489583 0.3794643 0.1489583 0.3794643 0.1489583 0.3794643 0.1489583 0.3794643 0.1489583 0.3794643 0.1489583 0.3794643 0.1489583 0.3794643 0.1489583 0.3794643 0.1489583 0.3794643 0.1489583 0.3794643 0.1489583 0.3794643 0.1489583 0.3794643 0.1489583 0.3794643 0.1489583 0.3794643 0.1489583 0.3794643 0.1489583 0.3794643 0.1489583 0.3794643 0.1489583 0.3794643 0.1489583 0.3794643 0.1489583 0.3794643 0.1489583 0.3794643 0.1489583 0.3794643 0.1489583 0.3794643 0.1489583 0.3794643 0.1489583 0.3794643 0.1489583 0.3794643 0.1489583 0.3794643 0.1489583 0.3794643 0.1489583 0.3794643 0.1489583 0.3794643 0.1489583 0.3794643 0.1489583 0.3794643 0.1489583 0.3794643 0.1489583 0.3794643 0.1489583 0.3794643 0.1489583 0.3794643 0.1489583 0.3794643 0.1489583 0.3794643 0.1489583 0.3794643 0.1489583 0.3794643 0.1489583 0.3794643 0.1489583 0.3794643 0.1489583 0.3794643 0.1489583 0.3794643 0.1489583 0.3794643 0.1489583 0.3794643 0.1489583 0.3794643 0.1489583 0.3794643 0.1489583 0.3794643 0.1489583 0.3794643 0.1489583 0.3794643 0.1489583 0.3794643 0.1489583 0.3794643 0.1489583 0.3794643 0.1489583 0.3794643 0.1489583 0.3794643 0.1489583 0.3794643 0.1489583 0.3794643 0.1489583 0.3794643 0.1489583 0.3794643 0.1489583 0.3794643 0.1489583 0.3794643 0.1489583 0.3794643 0.1489583 0.3794643 0.1489583 0.3794643 0.1489583 0.3794643 0.1489583 0.3794643 0.1489583 0.3794643 0.1489583 0.3794643 0.1489583 0.3794643 0.1489583 0.3794643 0.1489583 0.3794643 0.1489583 0.3794643 0.1489583 0.3794643 0.1489583 0.3794643 0.1489583 0.3794643 0.1489583 0.3794643 0.1489583 0.3794643 0.1489583 0.3794643 0.1489583 0.3794643 0.1489583 0.3794643 0.1489583 0.3794643 0.1489583 0.3794643 0.1489583 0.3794643 0.1489583 0.3794643 0.1489583 0.3794643 0.1489583 0.3794643 0.1489583 0.3794643 0.1489583 0.3794643 0.1489583 0.3794643 0.1489583 0.3794643 0.1489583 0.3794643 0.1489583 0.3794643 0.1489583 0.3794643 0.1489583 0.3794643 0.1489583 0.3794643 0.1489583 0.3794643 0.1489583 0.3794643 0.1489583 0.3794643 0.1489583 0.3794643 0.1489583 0.3794643 0.1489583 0.3794643 0.1489583 0.3794643 0.1489583 0.3794643 0.1489583 0.3794643 0.1489583 0.3794643 0.1489583 0.3794643 0.1489583 0.3794643 0.1489583 0.3794643 0.1489583 0.3794643 0.1489583 0.3794643 0.1489583 0.3794643 0.1489583 0.3794643 0.1489583 0.3794643 0.1489583 0.3794643 0.1489583 0.3794643 0.1489583 0.3794643 0.1489583 0.3794643 0.1489583 0.3794643 0.1489583 0.3794643 0.1489583 0.3794643 0.1489583 0.3794643 0.1489583 0.3794643 0.1489583 0.3794643 0.1489583 0.3794643 0.1489583 0.3794643 0.1489583 0.3794643 0.1489583 0.3794643 0.1489583 0.3794643 0.1489583 0.3794643 0.1489583 0.3794643 0.1489583 0.3794643 0.1489583 0.3794643 0.1489583 0.3794643 0.1489583 0.3794643 0.1489583 0.3794643 0.1489583 0.3794643 0.1489583 0.3794643 0.1489583 0.3794643 0.1489583 0.3794643 0.1489583 0.3794643 0.1489583 0.3794643 0.1489583 0.3794643 0.1489583 0.3794643 0.1489583 0.3794643 0.1489583 0.3794643 0.1489583 0.3794643 0.1489583 0.3794643 0.1489583 0.3794643 0.1489583 0.3794643 0.1489583 0.3794643 0.1489583 0.3794643 0.1489583 0.3794643 0.1489583 0.3794643 0.1489583 0.3794643 0.1489583 0.3794643 0.1489583 0.3794643 0.1489583 0.3794643 0.1489583 0.3794643 0.1489583 0.3794643 0.1489583 0.3794643 0.1489583 0.3794643 0.1489583 0.3794643 0.1489583 0.3794643 0.1489583 0.3794643 0.1489583 0.3794643 0.1489583 0.3794643 0.1489583 0.3794643 0.1489583 0.3794643 0.1489583 0.3794643 0.1489583 0.3794643 0.1489583 0.3794643 0.1489583 0.3794643 0.1489583 0.3794643 0.1489583 0.3794643 0.1489583 0.3794643 0.1489583 0.3794643 0.1489583 0.3794643 0.1489583 0.3794643 0.1489583 0.3794643 0.1489583 0.3794643 0.1489583 0.3794643 0.1489583 0.3794643 0.1489583 0.3794643 0.1489583 0.3794643 0.1489583 0.3794643 0.1489583 0.3794643 0.1489583 0.3794643 0.1489583 0.3794643 0.1489583 0.3794643 0.1489583 0.3794643 0.1489583 0.3794643 0.1489583 0.3794643 0.1489583 0.3794643 0.1489583 0.3794643 0.1489583 0.3794643 0.1489583 0.3794643 0.1489583 0.3794643 0.1489583 0.3794643 0.1489583 0.3794643 0.1489583 0.3794643 0.1489583 0.3794643 0.1489583 0.3794643 0.1489583 0.3794643 0.1489583 0.3794643 0.1489583 0.3794643 0.1489583 0.3794643 0.1489583 0.3794643 0.1489583 0.3794643 0.1489583 0.3794643 0.1489583 0.3794643 0.1489583 0.3794643 0.1489583 0.3794643 0.1489583 0.3794643 0.1489583 0.3794643 0.1489583 0.3794643 0.1489583 0.3794643 0.1489583 0.3794643 0.1489583 0.3794643 0.1489583 0.3794643 0.1489583 0.3794643 0.1489583 0.3794643 0.1489583 0.3794643 0.1489583 0.3794643 0.1489583 0.3794643 0.1489583 0.3794643 0.1489583 0.3794643 0.1489583 0.3794643 0.1489583 0.3794643 0.1489583 0.3794643 0.1489583 0.3794643 0.1489583 0.3794643 0.1489583 0.3794643 0.1489583 0.3794643 0.1489583 0.3794643 0.1489583 0.3794643 0.1489583 0.3794643 0.1489583 0.3794643 0.1489583 0.3794643 0.1489583 0.3794643 0.1489583 0.3794643 0.1489583 0.3794643 0.1489583 0.3794643 0.1489583 0.3794643 0.1489583 0.3794643 0.1489583 0.3794643 0.1489583 0.3794643 0.1489583 0.3794643 0.1489583 0.3794643 0.1489583 0.3794643 0.1489583 0.3794643 0.1489583 0.3794643 0.1489583 0.3794643 0.1489583 0.3794643 0.1489583 0.3794643 0.1489583 0.3794643 0.1489583 0.3794643 0.1489583 0.3794643 0.1489583 0.3794643 0.1489583 0.3794643 0.1489583 0.3794643 0.1489583 0.3794643 0.1489583 0.3794643 0.1489583 0.3794643 0.1489583 0.3794643 0.1489583 0.3794643 0.1489583 0.3794643 0.1489583 0.3794643 0.1489583 0.3794643 0.1489583 0.3794643 0.1489583 0.3794643 0.1489583 0.3794643 0.1489583 0.3794643 0.1489583 0.3794643 0.1489583 0.3794643 0.1489583 0.3794643 0.1489583 0.3794643 0.1489583 0.3794643 0.1489583 0.3794643 0.1489583 0.3794643 0.1489583 0.3794643 0.1489583 0.3794643 0.1489583 0.3794643 0.1489583 0.3794643 0.1489583 0.3794643 0.1489583 0.3794643 0.1489583 0.3794643 0.1489583 0.3794643 0.1489583 0.3794643 0.1489583 0.3794643 0.1489583 0.3794643 0.1489583 0.3794643 0.1489583 0.3794643 0.1489583 0.3794643 0.1489583 0.3794643 0.1489583 0.3794643 0.1489583 0.3794643 0.1489583 0.3794643 0.1489583 0.3794643 0.1489583 0.3794643 0.1489583 0.3794643 0.1489583 0.3794643 0.1489583 0.3794643 0.1489583 0.3794643 0.1489583 0.3794643 0.1489583 0.3794643 0.1489583 0.3794643 0.1489583 0.3794643 0.1489583 0.3794643 0.1489583 0.3794643 0.1489583 0.3794643 0.1489583 0.3794643 0.1489583 0.3794643 0.1489583 0.3794643 0.1489583 0.3794643 0.1489583 0.3794643 0.1489583 0.3794643 0.1489583 0.3794643 0.1489583 0.3794643 0.1489583 0.3794643 0.1489583 0.3794643 0.1489583 0.3794643 0.1489583 0.3794643 0.1489583 0.3794643 0.1489583 0.3794643 0.1489583 0.3794643 0.1489583 0.3794643 0.1489583 0.3794643 0.1489583 0.3794643 0.1489583 0.3794643 0.1489583 0.3794643 0.1489583 0.3794643 0.1489583 0.3794643 0.1489583 0.3794643 0.1489583 0.3794643 0.1489583 0.3794643 0.1489583 0.3794643 0.1489583 0.3794643 0.1489583 0.3794643 0.1489583 0.3794643 0.1489583 0.3794643 0.1489583 0.3794643 0.1489583 0.3794643 0.1489583 0.3794643 0.1489583 0.3794643 0.1489583 0.3794643 0.1489583 0.3794643 0.1489583 0.3794643 0.1489583 0.3794643 0.1489583 0.3794643 0.1489583 0.3794643 0.1489583 0.3794643 0.1489583 0.3794643 0.1489583 0.3794643 0.1489583 0.3794643 0.1489583 0.3794643 0.1489583 0.3794643 0.1489583 0.3794643 0.1489583 0.3794643 0.1489583 0.3794643 0.1489583 0.3794643 0.1489583 0.3794643 0.1489583 0.3794643 0.1489583 0.3794643 0.1489583 0.3794643 0.1489583 0.3794643 0.1489583 0.3794643 0.1489583 0.3794643 0.1489583 0.3794643 0.1489583 0.3794643 0.1489583 0.3794643 0.1489583 0.3794643 0.1489583 0.3794643 0.1489583 0.3794643 0.1489583 0.3794643 0.1489583 0.3794643 0.1489583 0.3794643 0.1489583 0.3794643 0.1489583 0.3794643 0.1489583 0.3794643 0.1489583 0.3794643 0.1489583 0.3794643 0.1489583 0.3794643 0.1489583 0.3794643 0.1489583 0.3794643 0.1489583 0.3794643 0.1489583 0.3794643 0.1489583 0.3794643 0.1489583 0.3794643 0.1489583 0.3794643 0.1489583 0.3794643</float_array>
          <technique_common>
            <accessor count="5977" source="#texcoords-array-array" stride="2">
              <param type="float" name="S"/>
              <param type="float" name="T"/>
            </accessor>
          </technique_common>
        </source>
        <vertices id="verts-array-vertices">
          <input semantic="POSITION" source="#verts-array"/>
        </vertices>
        <triangles count="5340" material="material0">
          <input offset="0" semantic="VERTEX" source="#verts-array-vertices"/>
          <input offset="1" semantic="NORMAL" source="#normals-array"/>
          <input offset="2" semantic="TEXCOORD" source="#texcoords-array"/>
          <p>0 0 0 1 1 1 2 2 2 3 3 3 4 4 4 5 5 5 6 6 6 7 7 7 8 8 8 9 9 9 10 10 10 11 11 11 12 12 12 13 13 13 14 14 14 15 15 15 16 16 16 17 17 17 18 18 18 19 19 19 20 20 20 21 21 21 22 22 22 23 23 23 24 24 24 25 25 25 26 26 26 27 27 27 28 28 28 29 29 29 30 30 30 31 31 31 32 32 32 33 33 33 34 34 34 35 35 35 36 36 36 37 37 37 38 38 38 39 39 39 40 40 40 41 41 41 42 42 42 43 43 43 44 44 44 45 45 45 46 46 46 47 47 47 48 48 48 49 49 49 50 50 50 51 51 51 52 52 52 53 53 53 54 54 54 55 55 55 56 56 56 57 57 57 58 58 58 59 59 59 60 60 60 61 61 61 62 62 62 63 63 63 64 64 64 65 65 65 66 66 66 67 67 67 68 68 68 69 69 69 70 70 70 71 71 71 72 72 72 73 73 73 74 74 74 75 75 75 76 76 76 77 77 77 78 78 78 79 79 79 80 80 80 81 81 81 82 82 82 83 83 83 84 84 84 85 85 85 86 86 86 87 87 87 88 88 88 89 89 89 90 90 90 91 91 91 92 92 92 93 93 93 94 94 94 95 95 95 96 96 96 97 97 97 98 98 98 99 99 99 100 100 100 101 101 101 102 102 102 103 103 103 104 104 104 105 105 105 106 106 106 107 107 107 108 108 108 109 109 109 110 110 110 111 111 111 112 112 112 113 113 113 114 114 114 115 115 115 116 116 116 117 117 117 118 118 118 119 119 119 120 120 120 121 121 121 122 122 122 123 123 123 124 124 124 125 125 125 126 126 126 127 127 127 123 123 123 128 128 128 129 129 129 126 126 126 129 129 129 127 127 127 126 126 126 130 130 130 129 129 129 131 131 131 132 132 132 130 130 130 131 131 131 130 130 130 132 132 132 133 133 133 132 132 132 134 134 134 133 133 133 135 135 135 133 133 133 134 134 134 136 136 136 135 135 135 134 134 134 137 137 137 135 135 135 136 136 136 138 138 138 136 136 136 139 139 139 136 136 136 140 140 140 139 139 139 140 140 140 141 141 141 139 139 139 140 140 140 142 142 142 141 141 141 143 143 143 144 144 144 142 142 142 145 145 145 143 143 143 142 142 142 146 146 146 143 143 143 145 145 145 147 147 147 146 146 146 145 145 145 146 146 146 148 148 148 149 149 149 148 148 148 150 150 150 149 149 149 151 151 151 149 149 149 150 150 150 152 152 152 151 151 151 150 150 150 153 153 153 151 151 151 152 152 152 153 153 153 154 154 154 155 155 155 154 154 154 156 156 156 155 155 155 156 156 156 157 157 157 155 155 155 158 158 158 127 127 127 159 159 159 127 127 127 160 160 160 159 159 159 161 161 161 159 159 159 162 162 162 163 163 163 159 159 159 161 161 161 163 163 163 161 161 161 164 164 164 164 164 164 165 165 165 166 166 166 166 166 166 165 165 165 167 167 167 165 165 165 168 168 168 167 167 167 169 169 169 167 167 167 168 168 168 170 170 170 167 167 167 169 169 169 171 171 171 170 170 170 169 169 169 171 171 171 172 172 172 173 173 173 172 172 172 174 174 174 173 173 173 173 173 173 174 174 174 175 175 175 175 175 175 174 174 174 176 176 176 174 174 174 177 177 177 176 176 176 178 178 178 176 176 176 177 177 177 179 179 179 176 176 176 178 178 178 180 180 180 179 179 179 178 178 178 180 180 180 181 181 181 179 179 179 179 179 179 181 181 181 182 182 182 182 182 182 181 181 181 183 183 183 184 184 184 183 183 183 185 185 185 183 183 183 186 186 186 185 185 185 187 187 187 186 186 186 188 188 188 186 186 186 189 189 189 188 188 188 190 190 190 191 191 191 189 189 189 192 192 192 190 190 190 189 189 189 192 192 192 193 193 193 194 194 194 194 194 194 193 193 193 195 195 195 196 196 196 197 197 197 193 193 193 197 197 197 195 195 195 198 198 198 199 199 199 200 200 200 197 197 197 197 197 197 200 200 200 201 201 201 200 200 200 202 202 202 201 201 201 202 202 202 203 203 203 201 201 201 201 201 201 203 203 203 204 204 204 204 204 204 203 203 203 205 205 205 206 206 206 207 207 207 208 208 208 209 209 209 210 210 210 207 207 207 210 210 210 211 211 211 212 212 212 211 211 211 213 213 213 212 212 212 209 209 209 214 214 214 215 215 215 216 216 216 214 214 214 209 209 209 215 215 215 214 214 214 217 217 217 218 218 218 219 219 219 214 214 214 220 220 220 221 221 221 219 219 219 222 222 222 216 216 216 223 223 223 216 216 216 224 224 224 223 223 223 223 223 223 224 224 224 225 225 225 226 226 226 227 227 227 225 225 225 224 224 224 228 228 228 225 225 225 224 224 224 229 229 229 230 230 230 231 231 231 229 229 229 224 224 224 232 232 232 233 233 233 231 231 231 228 228 228 234 234 234 235 235 235 236 236 236 234 234 234 228 228 228 237 237 237 234 234 234 236 236 236 238 238 238 236 236 236 239 239 239 237 237 237 240 240 240 241 241 241 240 240 240 242 242 242 241 241 241 236 236 236 243 243 243 242 242 242 243 243 243 244 244 244 242 242 242 245 245 245 241 241 241 242 242 242 242 242 242 244 244 244 245 245 245 246 246 246 241 241 241 245 245 245 244 244 244 247 247 247 245 245 245 247 247 247 248 248 248 249 249 249 250 250 250 245 245 245 247 247 247 245 245 245 251 251 251 246 246 246 246 246 246 251 251 251 252 252 252 253 253 253 250 250 250 247 247 247 253 253 253 247 247 247 254 254 254 255 255 255 253 253 253 254 254 254 256 256 256 257 257 257 251 251 251 253 253 253 256 256 256 251 251 251 258 258 258 256 256 256 253 253 253 253 253 253 259 259 259 258 258 258 258 258 258 259 259 259 260 260 260 261 261 261 262 262 262 259 259 259 263 263 263 261 261 261 259 259 259 263 263 263 264 264 264 261 261 261 265 265 265 264 264 264 263 263 263 266 266 266 264 264 264 267 267 267 268 268 268 264 264 264 266 266 266 268 268 268 266 266 266 269 269 269 266 266 266 270 270 270 269 269 269 271 271 271 269 269 269 270 270 270 272 272 272 269 269 269 271 271 271 273 273 273 272 272 272 271 271 271 274 274 274 272 272 272 273 273 273 275 275 275 274 274 274 273 273 273 276 276 276 274 274 274 275 275 275 277 277 277 276 276 276 275 275 275 276 276 276 278 278 278 279 279 279 279 279 279 277 277 277 280 280 280 281 281 281 282 282 282 280 280 280 280 280 280 277 277 277 283 283 283 283 283 283 277 277 277 284 284 284 277 277 277 285 285 285 284 284 284 285 285 285 286 286 286 284 284 284 287 287 287 280 280 280 283 283 283 288 288 288 287 287 287 283 283 283 289 289 289 280 280 280 287 287 287 287 287 287 290 290 290 289 289 289 291 291 291 290 290 290 287 287 287 292 292 292 291 291 291 293 293 293 294 294 294 291 291 291 295 295 295 296 296 296 297 297 297 294 294 294 295 295 295 298 298 298 299 299 299 294 294 294 300 300 300 301 301 301 294 294 294 302 302 302 300 300 300 303 303 303 302 302 302 294 294 294 300 300 300 302 302 302 304 304 304 305 305 305 306 306 306 298 298 298 306 306 306 307 307 307 298 298 298 298 298 298 307 307 307 308 308 308 308 308 308 309 309 309 310 310 310 311 311 311 309 309 309 308 308 308 307 307 307 306 306 306 312 312 312 313 313 313 307 307 307 312 312 312 314 314 314 307 307 307 313 313 313 315 315 315 314 314 314 313 313 313 316 316 316 317 317 317 315 315 315 318 318 318 315 315 315 313 313 313 312 312 312 306 306 306 319 319 319 319 319 319 306 306 306 320 320 320 321 321 321 319 319 319 320 320 320 322 322 322 312 312 312 319 319 319 323 323 323 315 315 315 318 318 318 323 323 323 324 324 324 315 315 315 325 325 325 323 323 323 318 318 318 326 326 326 325 325 325 318 318 318 327 327 327 325 325 325 326 326 326 323 323 323 328 328 328 329 329 329 330 330 330 323 323 323 331 331 331 330 330 330 324 324 324 323 323 323 332 332 332 333 333 333 330 330 330 324 324 324 330 330 330 334 334 334 330 330 330 335 335 335 334 334 334 336 336 336 332 332 332 337 337 337 337 337 337 332 332 332 338 338 338 339 339 339 338 338 338 332 332 332 339 339 339 332 332 332 340 340 340 341 341 341 342 342 342 337 337 337 342 342 342 343 343 343 337 337 337 344 344 344 339 339 339 345 345 345 346 346 346 344 344 344 347 347 347 348 348 348 349 349 349 347 347 347 347 347 347 349 349 349 350 350 350 328 328 328 351 351 351 349 349 349 349 349 349 351 351 351 350 350 350 352 352 352 353 353 353 351 351 351 344 344 344 350 350 350 354 354 354 354 354 354 350 350 350 351 351 351 344 344 344 354 354 354 339 339 339 354 354 354 355 355 355 356 356 356 357 357 357 339 339 339 354 354 354 357 357 357 354 354 354 356 356 356 356 356 356 358 358 358 357 357 357 358 358 358 359 359 359 357 357 357 359 359 359 360 360 360 357 357 357 356 356 356 361 361 361 362 362 362 362 362 362 361 361 361 351 351 351 362 362 362 351 351 351 363 363 363 360 360 360 364 364 364 365 365 365 366 366 366 360 360 360 365 365 365 367 367 367 360 360 360 366 366 366 360 360 360 368 368 368 357 357 357 368 368 368 369 369 369 357 357 357 370 370 370 360 360 360 371 371 371 369 369 369 372 372 372 357 357 357 372 372 372 339 339 339 357 357 357 373 373 373 339 339 339 372 372 372 374 374 374 373 373 373 372 372 372 374 374 374 372 372 372 375 375 375 376 376 376 375 375 375 377 377 377 375 375 375 378 378 378 370 370 370 373 373 373 374 374 374 379 379 379 380 380 380 373 373 373 379 379 379 381 381 381 374 374 374 382 382 382 374 374 374 383 383 383 382 382 382 382 382 382 383 383 383 384 384 384 385 385 385 383 383 383 386 386 386 385 385 385 370 370 370 383 383 383 383 383 383 370 370 370 387 387 387 382 382 382 388 388 388 389 389 389 389 389 389 388 388 388 380 380 380 370 370 370 390 390 390 387 387 387 390 390 390 370 370 370 391 391 391 387 387 387 390 390 390 392 392 392 393 393 393 394 394 394 388 388 388 388 388 388 394 394 394 395 395 395 390 390 390 396 396 396 397 397 397 398 398 398 396 396 396 390 390 390 388 388 388 395 395 395 399 399 399 395 395 395 400 400 400 399 399 399 399 399 399 400 400 400 401 401 401 390 390 390 402 402 402 398 398 398 398 398 398 402 402 402 403 403 403 399 399 399 401 401 401 404 404 404 404 404 404 401 401 401 405 405 405 401 401 401 406 406 406 405 405 405 407 407 407 403 403 403 402 402 402 408 408 408 409 409 409 406 406 406 406 406 406 410 410 410 408 408 408 408 408 408 411 411 411 412 412 412 408 408 408 413 413 413 411 411 411 413 413 413 414 414 414 411 411 411 405 405 405 406 406 406 415 415 415 416 416 416 415 415 415 406 406 406 417 417 417 415 415 415 416 416 416 418 418 418 405 405 405 419 419 419 420 420 420 415 415 415 417 417 417 415 415 415 421 421 421 405 405 405 419 419 419 422 422 422 423 423 423 424 424 424 422 422 422 419 419 419 424 424 424 421 421 421 425 425 425 426 426 426 427 427 427 425 425 425 428 428 428 425 425 425 429 429 429 429 429 429 425 425 425 430 430 430 425 425 425 421 421 421 431 431 431 425 425 425 431 431 431 430 430 430 421 421 421 415 415 415 431 431 431 430 430 430 431 431 431 432 432 432 431 431 431 415 415 415 433 433 433 415 415 415 434 434 434 435 435 435 435 435 435 434 434 434 436 436 436 431 431 431 433 433 433 437 437 437 431 431 431 437 437 437 432 432 432 433 433 433 436 436 436 437 437 437 432 432 432 437 437 437 438 438 438 437 437 437 436 436 436 438 438 438 438 438 438 439 439 439 440 440 440 438 438 438 436 436 436 441 441 441 440 440 440 442 442 442 443 443 443 443 443 443 444 444 444 445 445 445 446 446 446 442 442 442 447 447 447 447 447 447 442 442 442 448 448 448 442 442 442 449 449 449 448 448 448 449 449 449 450 450 450 448 448 448 451 451 451 436 436 436 420 420 420 452 452 452 436 436 436 451 451 451 448 448 448 450 450 450 453 453 453 450 450 450 454 454 454 453 453 453 453 453 453 454 454 454 455 455 455 456 456 456 455 455 455 454 454 454 457 457 457 456 456 456 454 454 454 458 458 458 456 456 456 457 457 457 457 457 457 459 459 459 458 458 458 448 448 448 453 453 453 460 460 460 461 461 461 459 459 459 457 457 457 462 462 462 461 461 461 457 457 457 463 463 463 459 459 459 461 461 461 462 462 462 463 463 463 464 464 464 465 465 465 460 460 460 453 453 453 466 466 466 467 467 467 463 463 463 463 463 463 468 468 468 466 466 466 469 469 469 459 459 459 466 466 466 470 470 470 459 459 459 469 469 469 471 471 471 472 472 472 469 469 469 473 473 473 470 470 470 474 474 474 470 470 470 473 473 473 475 475 475 476 476 476 472 472 472 466 466 466 468 468 468 476 476 476 477 477 477 478 478 478 476 476 476 468 468 468 479 479 479 476 476 476 480 480 480 480 480 480 481 481 481 482 482 482 482 482 482 481 481 481 483 483 483 481 481 481 484 484 484 483 483 483 484 484 484 485 485 485 483 483 483 486 486 486 485 485 485 487 487 487 488 488 488 489 489 489 484 484 484 489 489 489 490 490 490 484 484 484 490 490 490 485 485 485 484 484 484 478 478 478 491 491 491 492 492 492 493 493 493 485 485 485 490 490 490 494 494 494 485 485 485 493 493 493 493 493 493 495 495 495 494 494 494 493 493 493 490 490 490 496 496 496 497 497 497 495 495 495 493 493 493 496 496 496 490 490 490 498 498 498 498 498 498 490 490 490 499 499 499 499 499 499 500 500 500 498 498 498 495 495 495 501 501 501 502 502 502 500 500 500 503 503 503 498 498 498 504 504 504 501 501 501 495 495 495 505 505 505 506 506 506 498 498 498 506 506 506 507 507 507 498 498 498 508 508 508 501 501 501 504 504 504 509 509 509 498 498 498 503 503 503 508 508 508 510 510 510 511 511 511 510 510 510 508 508 508 504 504 504 512 512 512 513 513 513 503 503 503 513 513 513 492 492 492 503 503 503 514 514 514 515 515 515 509 509 509 516 516 516 509 509 509 503 503 503 509 509 509 516 516 516 514 514 514 492 492 492 516 516 516 503 503 503 514 514 514 516 516 516 517 517 517 492 492 492 518 518 518 516 516 516 491 491 491 518 518 518 492 492 492 518 518 518 491 491 491 519 519 519 519 519 519 520 520 520 518 518 518 518 518 518 521 521 521 516 516 516 518 518 518 520 520 520 521 521 521 521 521 521 522 522 522 516 516 516 523 523 523 524 524 524 521 521 521 520 520 520 523 523 523 521 521 521 522 522 522 525 525 525 516 516 516 526 526 526 525 525 525 522 522 522 525 525 525 527 527 527 516 516 516 528 528 528 529 529 529 522 522 522 530 530 530 528 528 528 531 531 531 532 532 532 529 529 529 531 531 531 531 531 531 533 533 533 532 532 532 534 534 534 535 535 535 532 532 532 536 536 536 537 537 537 531 531 531 538 538 538 523 523 523 536 536 536 536 536 536 523 523 523 520 520 520 537 537 537 536 536 536 539 539 539 536 536 536 520 520 520 539 539 539 540 540 540 539 539 539 520 520 520 541 541 541 537 537 537 539 539 539 537 537 537 541 541 541 542 542 542 541 541 541 543 543 543 542 542 542 544 544 544 545 545 545 541 541 541 541 541 541 545 545 545 546 546 546 545 545 545 547 547 547 546 546 546 548 548 548 547 547 547 545 545 545 549 549 549 548 548 548 545 545 545 550 550 550 548 548 548 549 549 549 551 551 551 548 548 548 550 550 550 551 551 551 552 552 552 553 553 553 550 550 550 554 554 554 551 551 551 555 555 555 550 550 550 556 556 556 556 556 556 550 550 550 557 557 557 558 558 558 556 556 556 557 557 557 559 559 559 560 560 560 558 558 558 561 561 561 554 554 554 562 562 562 558 558 558 561 561 561 562 562 562 563 563 563 564 564 564 545 545 545 565 565 565 564 564 564 563 563 563 565 565 565 566 566 566 564 564 564 564 564 564 567 567 567 568 568 568 569 569 569 568 568 568 567 567 567 570 570 570 568 568 568 571 571 571 572 572 572 573 573 573 567 567 567 574 574 574 573 573 573 575 575 575 575 575 575 573 573 573 576 576 576 577 577 577 574 574 574 578 578 578 578 578 578 574 574 574 579 579 579 580 580 580 581 581 581 576 576 576 576 576 576 581 581 581 582 582 582 582 582 582 583 583 583 584 584 584 583 583 583 585 585 585 584 584 584 586 586 586 584 584 584 585 585 585 587 587 587 585 585 585 588 588 588 585 585 585 589 589 589 588 588 588 588 588 588 590 590 590 591 591 591 590 590 590 592 592 592 591 591 591 565 565 565 593 593 593 452 452 452 452 452 452 593 593 593 541 541 541 594 594 594 565 565 565 452 452 452 595 595 595 565 565 565 594 594 594 594 594 594 596 596 596 595 595 595 597 597 597 596 596 596 594 594 594 598 598 598 594 594 594 452 452 452 599 599 599 598 598 598 452 452 452 600 600 600 597 597 597 599 599 599 595 595 595 601 601 601 602 602 602 595 595 595 603 603 603 601 601 601 603 603 603 604 604 604 601 601 601 605 605 605 597 597 597 600 600 600 606 606 606 605 605 605 600 600 600 605 605 605 607 607 607 608 608 608 607 607 607 605 605 605 609 609 609 610 610 610 611 611 611 600 600 600 417 417 417 610 610 610 600 600 600 610 610 610 612 612 612 613 613 613 614 614 614 613 613 613 615 615 615 614 614 614 616 616 616 613 613 613 609 609 609 600 600 600 617 617 617 600 600 600 618 618 618 617 617 617 617 617 617 619 619 619 609 609 609 620 620 620 621 621 621 617 617 617 622 622 622 620 620 620 617 617 617 623 623 623 619 619 619 617 617 617 624 624 624 619 619 619 623 623 623 625 625 625 626 626 626 623 623 623 623 623 623 627 627 627 628 628 628 627 627 627 629 629 629 628 628 628 625 625 625 629 629 629 630 630 630 630 630 630 631 631 631 628 628 628 632 632 632 631 631 631 630 630 630 630 630 630 629 629 629 633 633 633 630 630 630 633 633 633 634 634 634 634 634 634 633 633 633 635 635 635 635 635 635 407 407 407 634 634 634 407 407 407 636 636 636 634 634 634 637 637 637 636 636 636 630 630 630 636 636 636 638 638 638 630 630 630 639 639 639 636 636 636 407 407 407 640 640 640 407 407 407 641 641 641 642 642 642 640 640 640 641 641 641 641 641 641 407 407 407 643 643 643 644 644 644 640 640 640 645 645 645 646 646 646 644 644 644 645 645 645 643 643 643 407 407 407 402 402 402 643 643 643 647 647 647 648 648 648 649 649 649 647 647 647 643 643 643 402 402 402 649 649 649 643 643 643 650 650 650 649 649 649 402 402 402 643 643 643 651 651 651 652 652 652 652 652 652 651 651 651 653 653 653 652 652 652 654 654 654 642 642 642 642 642 642 654 654 654 655 655 655 656 656 656 649 649 649 657 657 657 658 658 658 649 649 649 656 656 656 659 659 659 649 649 649 658 658 658 660 660 660 659 659 659 658 658 658 660 660 660 661 661 661 655 655 655 662 662 662 663 663 663 659 659 659 655 655 655 664 664 664 662 662 662 664 664 664 663 663 663 662 662 662 661 661 661 662 662 662 665 665 665 665 665 665 662 662 662 666 666 666 662 662 662 658 658 658 666 666 666 667 667 667 661 661 661 665 665 665 666 666 666 658 658 658 668 668 668 669 669 669 666 666 666 670 670 670 670 670 670 666 666 666 671 671 671 658 658 658 672 672 672 668 668 668 673 673 673 674 674 674 670 670 670 667 667 667 674 674 674 673 673 673 675 675 675 667 667 667 673 673 673 657 657 657 676 676 676 672 672 672 676 676 676 677 677 677 672 672 672 672 672 672 677 677 677 678 678 678 679 679 679 667 667 667 675 675 675 675 675 675 680 680 680 679 679 679 681 681 681 667 667 667 679 679 679 682 682 682 683 683 683 671 671 671 684 684 684 683 683 683 682 682 682 668 668 668 685 685 685 683 683 683 686 686 686 685 685 685 668 668 668 668 668 668 672 672 672 686 686 686 687 687 687 685 685 685 686 686 686 688 688 688 687 687 687 686 686 686 672 672 672 689 689 689 686 686 686 686 686 686 689 689 689 690 690 690 689 689 689 691 691 691 690 690 690 690 690 690 691 691 691 692 692 692 689 689 689 693 693 693 691 691 691 693 693 693 694 694 694 691 691 691 691 691 691 695 695 695 692 692 692 694 694 694 693 693 693 696 696 696 696 696 696 693 693 693 402 402 402 402 402 402 390 390 390 696 696 696 390 390 390 367 367 367 696 696 696 696 696 696 367 367 367 697 697 697 698 698 698 699 699 699 697 697 697 697 697 697 700 700 700 701 701 701 700 700 700 702 702 702 701 701 701 692 692 692 695 695 695 703 703 703 704 704 704 695 695 695 705 705 705 706 706 706 695 695 695 704 704 704 695 695 695 706 706 706 703 703 703 707 707 707 706 706 706 704 704 704 708 708 708 709 709 709 707 707 707 709 709 709 710 710 710 707 707 707 706 706 706 362 362 362 703 703 703 705 705 705 711 711 711 712 712 712 711 711 711 713 713 713 712 712 712 712 712 712 713 713 713 714 714 714 703 703 703 362 362 362 715 715 715 715 715 715 362 362 362 716 716 716 362 362 362 363 363 363 716 716 716 716 716 716 363 363 363 717 717 717 363 363 363 718 718 718 717 717 717 719 719 719 720 720 720 716 716 716 716 716 716 720 720 720 721 721 721 720 720 720 722 722 722 721 721 721 721 721 721 723 723 723 703 703 703 723 723 723 724 724 724 703 703 703 724 724 724 725 725 725 703 703 703 703 703 703 725 725 725 726 726 726 726 726 726 725 725 725 727 727 727 725 725 725 728 728 728 727 727 727 729 729 729 727 727 727 730 730 730 731 731 731 729 729 729 730 730 730 717 717 717 718 718 718 732 732 732 717 717 717 732 732 732 733 733 733 733 733 733 734 734 734 735 735 735 718 718 718 736 736 736 732 732 732 732 732 732 737 737 737 738 738 738 732 732 732 736 736 736 737 737 737 739 739 739 740 740 740 737 737 737 740 740 740 741 741 741 737 737 737 737 737 737 736 736 736 742 742 742 736 736 736 743 743 743 742 742 742 742 742 742 743 743 743 744 744 744 745 745 745 746 746 746 742 742 742 322 322 322 747 747 747 742 742 742 747 747 747 322 322 322 748 748 748 322 322 322 749 749 749 748 748 748 748 748 748 749 749 749 750 750 750 749 749 749 751 751 751 750 750 750 752 752 752 748 748 748 753 753 753 750 750 750 753 753 753 748 748 748 754 754 754 753 753 753 750 750 750 755 755 755 754 754 754 756 756 756 757 757 757 755 755 755 756 756 756 750 750 750 751 751 751 757 757 757 753 753 753 758 758 758 759 759 759 758 758 758 760 760 760 759 759 759 758 758 758 753 753 753 761 761 761 762 762 762 761 761 761 753 753 753 745 745 745 763 763 763 760 760 760 745 745 745 760 760 760 764 764 764 765 765 765 761 761 761 762 762 762 766 766 766 765 765 765 762 762 762 767 767 767 761 761 761 768 768 768 761 761 761 765 765 765 768 768 768 768 768 768 765 765 765 769 769 769 765 765 765 770 770 770 769 769 769 771 771 771 772 772 772 761 761 761 773 773 773 772 772 772 771 771 771 760 760 760 772 772 772 773 773 773 774 774 774 760 760 760 773 773 773 775 775 775 774 774 774 773 773 773 776 776 776 774 774 774 775 775 775 777 777 777 766 766 766 778 778 778 778 778 778 766 766 766 779 779 779 780 780 780 766 766 766 781 781 781 781 781 781 766 766 766 757 757 757 757 757 757 751 751 751 781 781 781 782 782 782 783 783 783 781 781 781 783 783 783 784 784 784 781 781 781 781 781 781 751 751 751 785 785 785 786 786 786 783 783 783 785 785 785 785 785 785 751 751 751 787 787 787 788 788 788 786 786 786 789 789 789 787 787 787 788 788 788 789 789 789 790 790 790 788 788 788 791 791 791 791 791 791 792 792 792 793 793 793 787 787 787 793 793 793 788 788 788 794 794 794 788 788 788 795 795 795 796 796 796 793 793 793 787 787 787 797 797 797 794 794 794 784 784 784 794 794 794 798 798 798 784 784 784 778 778 778 794 794 794 799 799 799 799 799 799 794 794 794 800 800 800 801 801 801 802 802 802 796 796 796 801 801 801 799 799 799 803 803 803 799 799 799 801 801 801 804 804 804 804 804 804 801 801 801 805 805 805 799 799 799 804 804 804 806 806 806 770 770 770 799 799 799 806 806 806 801 801 801 807 807 807 805 805 805 796 796 796 807 807 807 801 801 801 769 769 769 770 770 770 806 806 806 805 805 805 807 807 807 808 808 808 809 809 809 769 769 769 806 806 806 810 810 810 769 769 769 809 809 809 806 806 806 811 811 811 809 809 809 809 809 809 812 812 812 810 810 810 813 813 813 811 811 811 806 806 806 810 810 810 812 812 812 814 814 814 806 806 806 815 815 815 813 813 813 816 816 816 806 806 806 817 817 817 816 816 816 817 817 817 818 818 818 819 819 819 820 820 820 810 810 810 821 821 821 819 819 819 810 810 810 821 821 821 822 822 822 819 819 819 823 823 823 822 822 822 821 821 821 815 815 815 818 818 818 824 824 824 813 813 813 815 815 815 824 824 824 824 824 824 818 818 818 825 825 825 818 818 818 826 826 826 825 825 825 825 825 825 826 826 826 827 827 827 824 824 824 828 828 828 829 829 829 830 830 830 828 828 828 824 824 824 830 830 830 831 831 831 828 828 828 831 831 831 832 832 832 833 833 833 813 813 813 828 828 828 834 834 834 835 835 835 813 813 813 834 834 834 834 834 834 828 828 828 836 836 836 828 828 828 831 831 831 836 836 836 836 836 836 831 831 831 837 837 837 838 838 838 813 813 813 835 835 835 837 837 837 831 831 831 839 839 839 840 840 840 838 838 838 835 835 835 831 831 831 841 841 841 839 839 839 842 842 842 838 838 838 840 840 840 843 843 843 838 838 838 844 844 844 844 844 844 838 838 838 845 845 845 845 845 845 838 838 838 846 846 846 846 846 846 838 838 838 842 842 842 847 847 847 846 846 846 842 842 842 846 846 846 847 847 847 814 814 814 848 848 848 847 847 847 842 842 842 814 814 814 847 847 847 823 823 823 849 849 849 847 847 847 848 848 848 823 823 823 847 847 847 849 849 849 849 849 849 848 848 848 850 850 850 851 851 851 850 850 850 852 852 852 851 851 851 849 849 849 850 850 850 853 853 853 823 823 823 854 854 854 849 849 849 851 851 851 855 855 855 855 855 855 823 823 823 849 849 849 856 856 856 851 851 851 857 857 857 851 851 851 856 856 856 855 855 855 858 858 858 856 856 856 859 859 859 860 860 860 823 823 823 855 855 855 855 855 855 856 856 856 861 861 861 861 861 861 860 860 860 855 855 855 856 856 856 862 862 862 861 861 861 823 823 823 860 860 860 863 863 863 823 823 823 863 863 863 854 854 854 863 863 863 864 864 864 854 854 854 860 860 860 865 865 865 863 863 863 866 866 866 864 864 864 863 863 863 867 867 867 864 864 864 866 866 866 868 868 868 869 869 869 866 866 866 870 870 870 871 871 871 868 868 868 872 872 872 863 863 863 865 865 865 872 872 872 870 870 870 873 873 873 861 861 861 865 865 865 874 874 874 875 875 875 870 870 870 872 872 872 865 865 865 875 875 875 872 872 872 876 876 876 865 865 865 861 861 861 861 861 861 862 862 862 876 876 876 862 862 862 877 877 877 876 876 876 877 877 877 865 865 865 876 876 876 877 877 877 875 875 875 865 865 865 878 878 878 875 875 875 877 877 877 875 875 875 879 879 879 870 870 870 879 879 879 875 875 875 878 878 878 880 880 880 879 879 879 878 878 878 870 870 870 879 879 879 881 881 881 882 882 882 879 879 879 880 880 880 879 879 879 882 882 882 883 883 883 880 880 880 884 884 884 882 882 882 883 883 883 882 882 882 885 885 885 885 885 885 886 886 886 881 881 881 881 881 881 887 887 887 888 888 888 889 889 889 881 881 881 888 888 888 890 890 890 881 881 881 889 889 889 891 891 891 890 890 890 889 889 889 892 892 892 885 885 885 893 893 893 893 893 893 885 885 885 894 894 894 885 885 885 882 882 882 894 894 894 895 895 895 896 896 896 893 893 893 897 897 897 896 896 896 895 895 895 898 898 898 896 896 896 897 897 897 897 897 897 899 899 899 898 898 898 898 898 898 899 899 899 900 900 900 900 900 900 899 899 899 901 901 901 901 901 901 902 902 902 903 903 903 902 902 902 904 904 904 905 905 905 906 906 906 907 907 907 904 904 904 904 904 904 907 907 907 908 908 908 909 909 909 908 908 908 910 910 910 909 909 909 910 910 910 911 911 911 911 911 911 910 910 910 912 912 912 910 910 910 913 913 913 912 912 912 913 913 913 914 914 914 912 912 912 910 910 910 915 915 915 916 916 916 915 915 915 917 917 917 916 916 916 918 918 918 916 916 916 919 919 919 914 914 914 916 916 916 918 918 918 920 920 920 914 914 914 921 921 921 922 922 922 920 920 920 921 921 921 922 922 922 923 923 923 924 924 924 924 924 924 923 923 923 925 925 925 926 926 926 925 925 925 923 923 923 927 927 927 925 925 925 926 926 926 928 928 928 927 927 927 926 926 926 928 928 928 929 929 929 927 927 927 930 930 930 927 927 927 931 931 931 927 927 927 929 929 929 932 932 932 932 932 932 929 929 929 933 933 933 927 927 927 930 930 930 934 934 934 930 930 930 935 935 935 934 934 934 934 934 934 925 925 925 927 927 927 936 936 936 927 927 927 932 932 932 937 937 937 925 925 925 934 934 934 938 938 938 925 925 925 937 937 937 914 914 914 938 938 938 937 937 937 939 939 939 932 932 932 933 933 933 940 940 940 939 939 939 933 933 933 912 912 912 914 914 914 937 937 937 935 935 935 941 941 941 942 942 942 942 942 942 941 941 941 937 937 937 937 937 937 941 941 941 943 943 943 944 944 944 943 943 943 945 945 945 943 943 943 946 946 946 945 945 945 943 943 943 947 947 947 937 937 937 937 937 937 947 947 947 912 912 912 947 947 947 948 948 948 912 912 912 949 949 949 950 950 950 948 948 948 948 948 948 951 951 951 912 912 912 912 912 912 951 951 951 952 952 952 953 953 953 954 954 954 948 948 948 948 948 948 954 954 954 955 955 955 955 955 955 954 954 954 956 956 956 956 956 956 957 957 957 958 958 958 959 959 959 955 955 955 956 956 956 952 952 952 955 955 955 959 959 959 959 959 959 960 960 960 961 961 961 962 962 962 959 959 959 961 961 961 962 962 962 952 952 952 959 959 959 963 963 963 952 952 952 962 962 962 964 964 964 963 963 963 962 962 962 965 965 965 966 966 966 962 962 962 966 966 966 967 967 967 962 962 962 963 963 963 967 967 967 968 968 968 969 969 969 967 967 967 970 970 970 971 971 971 969 969 969 970 970 970 963 963 963 968 968 968 972 972 972 973 973 973 963 963 963 972 972 972 968 968 968 974 974 974 972 972 972 972 972 972 974 974 974 975 975 975 974 974 974 976 976 976 975 975 975 975 975 975 976 976 976 977 977 977 978 978 978 976 976 976 979 979 979 980 980 980 978 978 978 979 979 979 981 981 981 978 978 978 980 980 980 982 982 982 972 972 972 983 983 983 984 984 984 973 973 973 983 983 983 904 904 904 973 973 973 984 984 984 985 985 985 986 986 986 983 983 983 983 983 983 972 972 972 987 987 987 987 987 987 985 985 985 983 983 983 972 972 972 988 988 988 987 987 987 988 988 988 989 989 989 987 987 987 985 985 985 987 987 987 990 990 990 989 989 989 991 991 991 987 987 987 992 992 992 993 993 993 991 991 991 993 993 993 987 987 987 991 991 991 987 987 987 994 994 994 990 990 990 987 987 987 995 995 995 994 994 994 994 994 994 995 995 995 996 996 996 995 995 995 997 997 997 996 996 996 998 998 998 990 990 990 999 999 999 996 996 996 998 998 998 999 999 999 996 996 996 997 997 997 1000 1000 1000 1001 1001 1001 1000 1000 1000 998 998 998 998 998 998 1000 1000 1000 1002 1002 1002 997 997 997 1003 1003 1003 1000 1000 1000 1003 1003 1003 1004 1004 1004 1000 1000 1000 1000 1000 1000 1004 1004 1004 1005 1005 1005 1006 1006 1006 1003 1003 1003 1007 1007 1007 1008 1008 1008 1006 1006 1006 1007 1007 1007 1009 1009 1009 1004 1004 1004 1008 1008 1008 1010 1010 1010 997 997 997 1007 1007 1007 1011 1011 1011 1004 1004 1004 1009 1009 1009 1004 1004 1004 1011 1011 1011 1005 1005 1005 1007 1007 1007 997 997 997 1012 1012 1012 1005 1005 1005 1011 1011 1011 1013 1013 1013 1014 1014 1014 1012 1012 1012 997 997 997 1015 1015 1015 1012 1012 1012 1014 1014 1014 1013 1013 1013 1016 1016 1016 1017 1017 1017 1017 1017 1017 1016 1016 1016 1018 1018 1018 1018 1018 1018 1016 1016 1016 1019 1019 1019 1020 1020 1020 1011 1011 1011 1021 1021 1021 1021 1021 1021 1022 1022 1022 1020 1020 1020 1021 1021 1021 1011 1011 1011 1023 1023 1023 1023 1023 1023 1024 1024 1024 1021 1021 1021 1025 1025 1025 1023 1023 1023 1026 1026 1026 1023 1023 1023 1027 1027 1027 1026 1026 1026 1028 1028 1028 1023 1023 1023 1029 1029 1029 1030 1030 1030 1031 1031 1031 1027 1027 1027 1032 1032 1032 1030 1030 1030 1027 1027 1027 1032 1032 1032 1033 1033 1033 1034 1034 1034 1028 1028 1028 1035 1035 1035 1036 1036 1036 1036 1036 1036 1035 1035 1035 1037 1037 1037 1038 1038 1038 1034 1034 1034 1039 1039 1039 1039 1039 1039 1040 1040 1040 1041 1041 1041 1042 1042 1042 1039 1039 1039 1043 1043 1043 1044 1044 1044 1038 1038 1038 1039 1039 1039 1038 1038 1038 1044 1044 1044 1045 1045 1045 1045 1045 1045 1044 1044 1044 1046 1046 1046 1024 1024 1024 1047 1047 1047 1048 1048 1048 1049 1049 1049 1050 1050 1050 1048 1048 1048 1051 1051 1051 1049 1049 1049 1048 1048 1048 1048 1048 1048 1047 1047 1047 1051 1051 1051 1051 1051 1051 1052 1052 1052 1053 1053 1053 1054 1054 1054 1052 1052 1052 1051 1051 1051 1055 1055 1055 1054 1054 1054 1051 1051 1051 1047 1047 1047 1056 1056 1056 1051 1051 1051 1057 1057 1057 1058 1058 1058 1054 1054 1054 1059 1059 1059 1057 1057 1057 1054 1054 1054 1060 1060 1060 1057 1057 1057 1059 1059 1059 1061 1061 1061 1056 1056 1056 1059 1059 1059 1062 1062 1062 1060 1060 1060 1059 1059 1059 1063 1063 1063 1062 1062 1062 1064 1064 1064 1062 1062 1062 1065 1065 1065 1064 1064 1064 1059 1059 1059 1056 1056 1056 1066 1066 1066 1067 1067 1067 1059 1059 1059 1066 1066 1066 1065 1065 1065 1067 1067 1067 1066 1066 1066 1068 1068 1068 1065 1065 1065 1066 1066 1066 1069 1069 1069 1056 1056 1056 1047 1047 1047 745 745 745 1068 1068 1068 1070 1070 1070 745 745 745 1070 1070 1070 1071 1071 1071 1072 1072 1072 1071 1071 1071 1070 1070 1070 1070 1070 1070 1073 1073 1073 1072 1072 1072 1072 1072 1072 1073 1073 1073 1074 1074 1074 1075 1075 1075 1074 1074 1074 1073 1073 1073 1074 1074 1074 1069 1069 1069 1076 1076 1076 1069 1069 1069 1047 1047 1047 1076 1076 1076 1047 1047 1047 1077 1077 1077 1076 1076 1076 1077 1077 1077 1047 1047 1047 1078 1078 1078 1078 1078 1078 1047 1047 1047 1079 1079 1079 1080 1080 1080 1081 1081 1081 1078 1078 1078 745 745 745 1082 1082 1082 1083 1083 1083 1082 1082 1082 1084 1084 1084 1083 1083 1083 1085 1085 1085 1082 1082 1082 1086 1086 1086 1087 1087 1087 1088 1088 1088 1089 1089 1089 1090 1090 1090 1087 1087 1087 1091 1091 1091 1092 1092 1092 1090 1090 1090 1091 1091 1091 1093 1093 1093 1090 1090 1090 1092 1092 1092 1094 1094 1094 1095 1095 1095 1093 1093 1093 1093 1093 1093 1095 1095 1095 1096 1096 1096 1097 1097 1097 1098 1098 1098 1096 1096 1096 1099 1099 1099 1098 1098 1098 1097 1097 1097 1100 1100 1100 1098 1098 1098 1099 1099 1099 1101 1101 1101 1098 1098 1098 1102 1102 1102 1102 1102 1102 1098 1098 1098 1103 1103 1103 1099 1099 1099 1104 1104 1104 1105 1105 1105 1104 1104 1104 1106 1106 1106 1105 1105 1105 1107 1107 1107 1099 1099 1099 1105 1105 1105 1105 1105 1105 1106 1106 1106 1108 1108 1108 1109 1109 1109 1099 1099 1099 1107 1107 1107 1106 1106 1106 1110 1110 1110 1108 1108 1108 1111 1111 1111 1109 1109 1109 1107 1107 1107 1110 1110 1110 1112 1112 1112 1108 1108 1108 1113 1113 1113 1109 1109 1109 1111 1111 1111 1114 1114 1114 1113 1113 1113 1111 1111 1111 1115 1115 1115 1113 1113 1113 1114 1114 1114 1116 1116 1116 1115 1115 1115 1114 1114 1114 1117 1117 1117 1115 1115 1115 1116 1116 1116 1118 1118 1118 1115 1115 1115 1119 1119 1119 1120 1120 1120 1118 1118 1118 1119 1119 1119 1121 1121 1121 1117 1117 1117 1116 1116 1116 1120 1120 1120 1122 1122 1122 1123 1123 1123 1123 1123 1123 1122 1122 1122 1109 1109 1109 1122 1122 1122 1124 1124 1124 1109 1109 1109 1109 1109 1109 1124 1124 1124 1125 1125 1125 1124 1124 1124 1126 1126 1126 1125 1125 1125 1127 1127 1127 1128 1128 1128 1119 1119 1119 1129 1129 1129 1128 1128 1128 1127 1127 1127 1130 1130 1130 1128 1128 1128 1131 1131 1131 1121 1121 1121 1130 1130 1130 1131 1131 1131 1130 1130 1130 1121 1121 1121 1132 1132 1132 1132 1132 1132 1133 1133 1133 1134 1134 1134 1135 1135 1135 1132 1132 1132 1121 1121 1121 1136 1136 1136 1132 1132 1132 1135 1135 1135 1136 1136 1136 1135 1135 1135 1137 1137 1137 1135 1135 1135 1138 1138 1138 1137 1137 1137 1136 1136 1136 1139 1139 1139 1140 1140 1140 1140 1140 1140 1139 1139 1139 1141 1141 1141 1142 1142 1142 1139 1139 1139 1138 1138 1138 1143 1143 1143 1139 1139 1139 1142 1142 1142 1144 1144 1144 1143 1143 1143 1142 1142 1142 1142 1142 1142 1145 1145 1145 1144 1144 1144 1146 1146 1146 1144 1144 1144 1145 1145 1145 1147 1147 1147 1146 1146 1146 1145 1145 1145 1145 1145 1145 1148 1148 1148 1147 1147 1147 1147 1147 1147 1148 1148 1148 1149 1149 1149 1150 1150 1150 1149 1149 1149 1151 1151 1151 1152 1152 1152 1150 1150 1150 1151 1151 1151 1150 1150 1150 1152 1152 1152 1153 1153 1153 1152 1152 1152 1148 1148 1148 751 751 751 1148 1148 1148 1145 1145 1145 751 751 751 1154 1154 1154 1153 1153 1153 1152 1152 1152 1154 1154 1154 1152 1152 1152 751 751 751 1155 1155 1155 1153 1153 1153 1154 1154 1154 1156 1156 1156 1154 1154 1154 751 751 751 751 751 751 1145 1145 1145 787 787 787 1157 1157 1157 1154 1154 1154 1156 1156 1156 1158 1158 1158 1159 1159 1159 1156 1156 1156 1159 1159 1159 1157 1157 1157 1156 1156 1156 1160 1160 1160 1161 1161 1161 1155 1155 1155 1157 1157 1157 1161 1161 1161 1160 1160 1160 1161 1161 1161 1157 1157 1157 319 319 319 1162 1162 1162 1161 1161 1161 319 319 319 1163 1163 1163 1164 1164 1164 1162 1162 1162 1165 1165 1165 1164 1164 1164 1163 1163 1163 1166 1166 1166 1164 1164 1164 1165 1165 1165 787 787 787 1145 1145 1145 1167 1167 1167 1167 1167 1167 796 796 796 787 787 787 1145 1145 1145 1168 1168 1168 1167 1167 1167 1145 1145 1145 1142 1142 1142 1168 1168 1168 1168 1168 1168 1142 1142 1142 1169 1169 1169 1142 1142 1142 1170 1170 1170 1169 1169 1169 1169 1169 1169 1170 1170 1170 1171 1171 1171 1170 1170 1170 1172 1172 1172 1171 1171 1171 1172 1172 1172 1121 1121 1121 1171 1171 1171 1171 1171 1171 1121 1121 1121 1116 1116 1116 1167 1167 1167 1168 1168 1168 1173 1173 1173 1168 1168 1168 1174 1174 1174 1173 1173 1173 1174 1174 1174 1171 1171 1171 1173 1173 1173 1175 1175 1175 1167 1167 1167 1176 1176 1176 1167 1167 1167 1173 1173 1173 1176 1176 1176 796 796 796 1176 1176 1176 807 807 807 1173 1173 1173 1171 1171 1171 1177 1177 1177 1177 1177 1177 1171 1171 1171 1178 1178 1178 1178 1178 1178 1171 1171 1171 1179 1179 1179 1171 1171 1171 1116 1116 1116 1179 1179 1179 1179 1179 1179 1116 1116 1116 1180 1180 1180 1178 1178 1178 1181 1181 1181 1182 1182 1182 1180 1180 1180 1116 1116 1116 1183 1183 1183 1116 1116 1116 1184 1184 1184 1183 1183 1183 1183 1183 1183 1185 1185 1185 1180 1180 1180 1185 1185 1185 1186 1186 1186 1180 1180 1180 1183 1183 1183 1184 1184 1184 1187 1187 1187 1184 1184 1184 1111 1111 1111 1187 1187 1187 1187 1187 1187 1111 1111 1111 1188 1188 1188 1188 1188 1188 1111 1111 1111 1189 1189 1189 1111 1111 1111 1190 1190 1190 1189 1189 1189 1189 1189 1189 1190 1190 1190 1191 1191 1191 1190 1190 1190 1192 1192 1192 1191 1191 1191 1191 1191 1191 1192 1192 1192 1193 1193 1193 1193 1193 1193 1194 1194 1194 1195 1195 1195 1196 1196 1196 1194 1194 1194 1193 1193 1193 1193 1193 1193 1192 1192 1192 1197 1197 1197 1192 1192 1192 1108 1108 1108 1197 1197 1197 1197 1197 1197 1108 1108 1108 1198 1198 1198 1198 1198 1198 1108 1108 1108 1199 1199 1199 1196 1196 1196 1200 1200 1200 1201 1201 1201 1108 1108 1108 1202 1202 1202 1199 1199 1199 1203 1203 1203 1196 1196 1196 1201 1201 1201 1108 1108 1108 1112 1112 1112 1202 1202 1202 1112 1112 1112 211 211 211 1202 1202 1202 1199 1199 1199 1202 1202 1202 1204 1204 1204 211 211 211 1205 1205 1205 1206 1206 1206 1205 1205 1205 1207 1207 1207 1206 1206 1206 211 211 211 1208 1208 1208 1202 1202 1202 1209 1209 1209 1210 1210 1210 1208 1208 1208 1202 1202 1202 1208 1208 1208 1211 1211 1211 1208 1208 1208 1210 1210 1210 1212 1212 1212 1208 1208 1208 1212 1212 1212 1211 1211 1211 1212 1212 1212 1210 1210 1210 1213 1213 1213 1211 1211 1211 1212 1212 1212 1214 1214 1214 1213 1213 1213 1215 1215 1215 1212 1212 1212 1214 1214 1214 1212 1212 1212 1216 1216 1216 1217 1217 1217 1212 1212 1212 1215 1215 1215 1218 1218 1218 1212 1212 1212 1217 1217 1217 1212 1212 1212 1219 1219 1219 1216 1216 1216 1216 1216 1216 1219 1219 1219 1220 1220 1220 1219 1219 1219 1221 1221 1221 1220 1220 1220 1218 1218 1218 1222 1222 1222 1221 1221 1221 1221 1221 1221 1222 1222 1222 1223 1223 1223 1224 1224 1224 1221 1221 1221 1223 1223 1223 1215 1215 1215 1225 1225 1225 1226 1226 1226 1227 1227 1227 1228 1228 1228 1226 1226 1226 1226 1226 1226 1229 1229 1229 1227 1227 1227 217 217 217 1226 1226 1226 1230 1230 1230 1231 1231 1231 217 217 217 1225 1225 1225 1232 1232 1232 217 217 217 1231 1231 1231 1232 1232 1232 1233 1233 1233 1234 1234 1234 1233 1233 1233 1235 1235 1235 1234 1234 1234 1236 1236 1236 1221 1221 1221 1237 1237 1237 1238 1238 1238 1221 1221 1221 1236 1236 1236 1239 1239 1239 1221 1221 1221 1238 1238 1238 1236 1236 1236 1240 1240 1240 1238 1238 1238 1238 1238 1238 1240 1240 1240 1241 1241 1241 1242 1242 1242 1240 1240 1240 1243 1243 1243 1244 1244 1244 1243 1243 1243 1245 1245 1245 1243 1243 1243 1240 1240 1240 1245 1245 1245 1240 1240 1240 1246 1246 1246 1241 1241 1241 1240 1240 1240 1247 1247 1247 1246 1246 1246 1246 1246 1246 1247 1247 1247 1248 1248 1248 1248 1248 1248 1249 1249 1249 1246 1246 1246 1246 1246 1246 1249 1249 1249 1250 1250 1250 1250 1250 1250 1251 1251 1251 1252 1252 1252 510 510 510 1246 1246 1246 1250 1250 1250 1246 1246 1246 510 510 510 504 504 504 504 504 504 1241 1241 1241 1246 1246 1246 1253 1253 1253 1254 1254 1254 1250 1250 1250 1254 1254 1254 1255 1255 1255 1256 1256 1256 1257 1257 1257 1258 1258 1258 1250 1250 1250 1259 1259 1259 1257 1257 1257 1250 1250 1250 1259 1259 1259 1260 1260 1260 1257 1257 1257 1261 1261 1261 1262 1262 1262 1257 1257 1257 1262 1262 1262 1263 1263 1263 1264 1264 1264 1264 1264 1264 1263 1263 1263 1265 1265 1265 1266 1266 1266 1267 1267 1267 1261 1261 1261 1261 1261 1261 1268 1268 1268 1266 1266 1266 1269 1269 1269 1268 1268 1268 1261 1261 1261 1268 1268 1268 1270 1270 1270 1271 1271 1271 1268 1268 1268 1269 1269 1269 1272 1272 1272 1273 1273 1273 1274 1274 1274 1272 1272 1272 1274 1274 1274 1275 1275 1275 1276 1276 1276 1275 1275 1275 1277 1277 1277 1272 1272 1272 1268 1268 1268 1278 1278 1278 1279 1279 1279 1280 1280 1280 1268 1268 1268 1272 1272 1272 1268 1268 1268 1280 1280 1280 1278 1278 1278 1272 1272 1272 1277 1277 1277 1281 1281 1281 1280 1280 1280 1272 1272 1272 1281 1281 1281 1277 1277 1277 1282 1282 1282 1281 1281 1281 1277 1277 1277 1283 1283 1283 1282 1282 1282 1282 1282 1282 1283 1283 1283 1284 1284 1284 1281 1281 1281 1282 1282 1282 1285 1285 1285 1286 1286 1286 1281 1281 1281 1285 1285 1285 1287 1287 1287 1286 1286 1286 1288 1288 1288 1289 1289 1289 1281 1281 1281 1286 1286 1286 1289 1289 1289 1280 1280 1280 1281 1281 1281 1290 1290 1290 1291 1291 1291 1280 1280 1280 1291 1291 1291 1278 1278 1278 1280 1280 1280 1278 1278 1278 1291 1291 1291 1292 1292 1292 1278 1278 1278 1292 1292 1292 1293 1293 1293 1294 1294 1294 1292 1292 1292 1291 1291 1291 1294 1294 1294 1295 1295 1295 1289 1289 1289 1296 1296 1296 1292 1292 1292 1294 1294 1294 1297 1297 1297 1294 1294 1294 1289 1289 1289 1297 1297 1297 1298 1298 1298 1299 1299 1299 1294 1294 1294 1300 1300 1300 1296 1296 1296 1301 1301 1301 1300 1300 1300 1294 1294 1294 1301 1301 1301 1302 1302 1302 1300 1300 1300 1300 1300 1300 1303 1303 1303 1304 1304 1304 1304 1304 1304 1303 1303 1303 1305 1305 1305 1306 1306 1306 1307 1307 1307 1308 1308 1308 1306 1306 1306 1309 1309 1309 1310 1310 1310 1309 1309 1309 1311 1311 1311 1310 1310 1310 1312 1312 1312 1313 1313 1313 1314 1314 1314 1315 1315 1315 1312 1312 1312 1316 1316 1316 1317 1317 1317 1315 1315 1315 1316 1316 1316 1316 1316 1316 1318 1318 1318 1319 1319 1319 1319 1319 1319 1318 1318 1318 1320 1320 1320 1318 1318 1318 1321 1321 1321 1320 1320 1320 1321 1321 1321 1322 1322 1322 1323 1323 1323 1320 1320 1320 1321 1321 1321 1323 1323 1323 936 936 936 1324 1324 1324 1316 1316 1316 1325 1325 1325 1320 1320 1320 1323 1323 1323 1323 1323 1323 1326 1326 1326 1327 1327 1327 1326 1326 1326 1328 1328 1328 1327 1327 1327 1324 1324 1324 936 936 936 1329 1329 1329 936 936 936 932 932 932 1329 1329 1329 932 932 932 1330 1330 1330 1329 1329 1329 1331 1331 1331 1332 1332 1332 1328 1328 1328 1331 1331 1331 1328 1328 1328 1333 1333 1333 1334 1334 1334 1335 1335 1335 1331 1331 1331 1335 1335 1335 1336 1336 1336 1331 1331 1331 1331 1331 1331 1336 1336 1336 1325 1325 1325 1333 1333 1333 1337 1337 1337 1331 1331 1331 1336 1336 1336 1320 1320 1320 1325 1325 1325 1338 1338 1338 1329 1329 1329 1339 1339 1339 1339 1339 1339 1329 1329 1329 1330 1330 1330 1336 1336 1336 1340 1340 1340 1320 1320 1320 1239 1239 1239 1340 1340 1340 1336 1336 1336 1340 1340 1340 1241 1241 1241 1320 1320 1320 1341 1341 1341 1239 1239 1239 1336 1336 1336 1241 1241 1241 504 504 504 1320 1320 1320 1216 1216 1216 1239 1239 1239 1341 1341 1341 1320 1320 1320 504 504 504 1342 1342 1342 1342 1342 1342 504 504 504 1343 1343 1343 1344 1344 1344 1343 1343 1343 504 504 504 1345 1345 1345 1216 1216 1216 1341 1341 1341 1341 1341 1341 1337 1337 1337 1345 1345 1345 1346 1346 1346 1216 1216 1216 1345 1345 1345 1347 1347 1347 1345 1345 1345 1337 1337 1337 1348 1348 1348 1345 1345 1345 1347 1347 1347 1349 1349 1349 1344 1344 1344 1350 1350 1350 1351 1351 1351 1352 1352 1352 1345 1345 1345 1353 1353 1353 1344 1344 1344 504 504 504 1354 1354 1354 1345 1345 1345 1352 1352 1352 1354 1354 1354 1346 1346 1346 1345 1345 1345 1355 1355 1355 1354 1354 1354 1352 1352 1352 1356 1356 1356 1346 1346 1346 1354 1354 1354 1357 1357 1357 1356 1356 1356 1354 1354 1354 1358 1358 1358 1355 1355 1355 1357 1357 1357 1202 1202 1202 1356 1356 1356 1357 1357 1357 1204 1204 1204 1202 1202 1202 1357 1357 1357 1355 1355 1355 1359 1359 1359 1357 1357 1357 1360 1360 1360 1357 1357 1357 1359 1359 1359 1361 1361 1361 1360 1360 1360 1359 1359 1359 1362 1362 1362 1204 1204 1204 1363 1363 1363 1364 1364 1364 1204 1204 1204 1362 1362 1362 1364 1364 1364 1362 1362 1362 1365 1365 1365 1362 1362 1362 1201 1201 1201 1365 1365 1365 1362 1362 1362 1361 1361 1361 1366 1366 1366 1361 1361 1361 1359 1359 1359 1366 1366 1366 1362 1362 1362 1366 1366 1366 1367 1367 1367 1368 1368 1368 1201 1201 1201 1367 1367 1367 1201 1201 1201 1369 1369 1369 1367 1367 1367 1370 1370 1370 1359 1359 1359 1371 1371 1371 1366 1366 1366 1359 1359 1359 1370 1370 1370 1367 1367 1367 1366 1366 1366 1372 1372 1372 1370 1370 1370 1373 1373 1373 1374 1374 1374 1373 1373 1373 1375 1375 1375 1374 1374 1374 1376 1376 1376 1377 1377 1377 1374 1374 1374 1374 1374 1374 1375 1375 1375 1378 1378 1378 1378 1378 1378 1379 1379 1379 1377 1377 1377 1378 1378 1378 1375 1375 1375 1380 1380 1380 1379 1379 1379 1381 1381 1381 1382 1382 1382 1381 1381 1381 1383 1383 1383 1382 1382 1382 1383 1383 1383 1384 1384 1384 1382 1382 1382 1385 1385 1385 1384 1384 1384 1383 1383 1383 1386 1386 1386 1385 1385 1385 1383 1383 1383 1387 1387 1387 1385 1385 1385 1386 1386 1386 1387 1387 1387 1366 1366 1366 1388 1388 1388 1372 1372 1372 1366 1366 1366 1387 1387 1387 1372 1372 1372 1387 1387 1387 1389 1389 1389 1389 1389 1389 1387 1387 1387 1390 1390 1390 1391 1391 1391 1372 1372 1372 1389 1389 1389 1392 1392 1392 1391 1391 1391 1393 1393 1393 1394 1394 1394 1395 1395 1395 1391 1391 1391 1391 1391 1391 1396 1396 1396 1367 1367 1367 1391 1391 1391 1395 1395 1395 1397 1397 1397 1391 1391 1391 1397 1397 1397 1396 1396 1396 1395 1395 1395 1398 1398 1398 1397 1397 1397 1399 1399 1399 1400 1400 1400 1398 1398 1398 1396 1396 1396 1203 1203 1203 1201 1201 1201 1397 1397 1397 1203 1203 1203 1396 1396 1396 1401 1401 1401 1402 1402 1402 1397 1397 1397 1397 1397 1397 1402 1402 1402 1403 1403 1403 1404 1404 1404 1203 1203 1203 1397 1397 1397 1403 1403 1403 1404 1404 1404 1397 1397 1397 1405 1405 1405 1203 1203 1203 1404 1404 1404 1406 1406 1406 1407 1407 1407 1403 1403 1403 1403 1403 1403 1407 1407 1407 1408 1408 1408 1404 1404 1404 1409 1409 1409 1410 1410 1410 1409 1409 1409 1411 1411 1411 1410 1410 1410 1412 1412 1412 1411 1411 1411 1413 1413 1413 1413 1413 1413 1411 1411 1411 1414 1414 1414 1408 1408 1408 1415 1415 1415 1416 1416 1416 1415 1415 1415 1417 1417 1417 1416 1416 1416 1417 1417 1417 1418 1418 1418 1416 1416 1416 1416 1416 1416 1418 1418 1418 1419 1419 1419 1419 1419 1419 1418 1418 1418 1420 1420 1420 1418 1418 1418 1421 1421 1421 1420 1420 1420 1418 1418 1418 1422 1422 1422 1423 1423 1423 1422 1422 1422 1415 1415 1415 1424 1424 1424 1425 1425 1425 1418 1418 1418 1426 1426 1426 1427 1427 1427 1425 1425 1425 1426 1426 1426 1428 1428 1428 1425 1425 1425 1427 1427 1427 1428 1428 1428 1429 1429 1429 1430 1430 1430 1431 1431 1431 1428 1428 1428 1420 1420 1420 1432 1432 1432 1428 1428 1428 1427 1427 1427 1420 1420 1420 1428 1428 1428 1433 1433 1433 1434 1434 1434 1432 1432 1432 1427 1427 1427 1435 1435 1435 1432 1432 1432 1434 1434 1434 1420 1420 1420 1433 1433 1433 1436 1436 1436 1437 1437 1437 1435 1435 1435 1434 1434 1434 1438 1438 1438 1437 1437 1437 1439 1439 1439 1413 1413 1413 1420 1420 1420 1440 1440 1440 1413 1413 1413 1440 1440 1440 1441 1441 1441 1440 1440 1440 1442 1442 1442 1436 1436 1436 1443 1443 1443 1444 1444 1444 1441 1441 1441 1445 1445 1445 1443 1443 1443 1441 1441 1441 1446 1446 1446 1441 1441 1441 1447 1447 1447 1448 1448 1448 1446 1446 1446 1447 1447 1447 1445 1445 1445 1449 1449 1449 1450 1450 1450 1450 1450 1450 1449 1449 1449 1187 1187 1187 1451 1451 1451 1187 1187 1187 1449 1449 1449 1436 1436 1436 1449 1449 1449 1440 1440 1440 1185 1185 1185 1451 1451 1451 1449 1449 1449 1436 1436 1436 1185 1185 1185 1449 1449 1449 1452 1452 1452 1185 1185 1185 1436 1436 1436 1453 1453 1453 1436 1436 1436 1454 1454 1454 1454 1454 1454 1436 1436 1436 1455 1455 1455 1436 1436 1436 1433 1433 1433 1455 1455 1455 1455 1455 1455 1433 1433 1433 1456 1456 1456 1456 1456 1456 1435 1435 1435 1457 1457 1457 1457 1457 1457 1435 1435 1435 1454 1454 1454 1458 1458 1458 1454 1454 1454 1435 1435 1435 1459 1459 1459 1458 1458 1458 1435 1435 1435 1460 1460 1460 1458 1458 1458 1459 1459 1459 1438 1438 1438 1460 1460 1460 1459 1459 1459 1458 1458 1458 1461 1461 1461 1454 1454 1454 1454 1454 1454 1461 1461 1461 1462 1462 1462 1461 1461 1461 1458 1458 1458 1463 1463 1463 1463 1463 1463 1458 1458 1458 1464 1464 1464 1465 1465 1465 1461 1461 1461 1463 1463 1463 1464 1464 1464 1438 1438 1438 1466 1466 1466 1438 1438 1438 1467 1467 1467 1466 1466 1466 1464 1464 1464 1466 1466 1466 1468 1468 1468 1468 1468 1468 1469 1469 1469 1465 1465 1465 1466 1466 1466 1469 1469 1469 1468 1468 1468 1470 1470 1470 1469 1469 1469 1466 1466 1466 1471 1471 1471 1466 1466 1466 1472 1472 1472 1473 1473 1473 1466 1466 1466 1471 1471 1471 1466 1466 1466 1473 1473 1473 1470 1470 1470 1474 1474 1474 1473 1473 1473 1471 1471 1471 1475 1475 1475 1473 1473 1473 1474 1474 1474 1473 1473 1473 1475 1475 1475 1476 1476 1476 1470 1470 1470 1473 1473 1473 1476 1476 1476 1477 1477 1477 1475 1475 1475 1474 1474 1474 1176 1176 1176 1470 1470 1470 1476 1476 1476 807 807 807 1176 1176 1176 1476 1476 1476 1470 1470 1470 1176 1176 1176 1173 1173 1173 1182 1182 1182 1470 1470 1470 1173 1173 1173 1181 1181 1181 1470 1470 1470 1182 1182 1182 1477 1477 1477 1478 1478 1478 1479 1479 1479 807 807 807 1478 1478 1478 808 808 808 808 808 808 1478 1478 1478 1477 1477 1477 808 808 808 1480 1480 1480 1481 1481 1481 1480 1480 1480 1474 1474 1474 1481 1481 1481 827 827 827 1474 1474 1474 1482 1482 1482 1483 1483 1483 827 827 827 1482 1482 1482 1484 1484 1484 1181 1181 1181 1485 1485 1485 1486 1486 1486 1484 1484 1484 1485 1485 1485 1461 1461 1461 1484 1484 1484 1486 1486 1486 1461 1461 1461 1486 1486 1486 1487 1487 1487 1486 1486 1486 1488 1488 1488 1487 1487 1487 1489 1489 1489 1490 1490 1490 1483 1483 1483 1490 1490 1490 1491 1491 1491 1492 1492 1492 1483 1483 1483 1490 1490 1490 1492 1492 1492 1483 1483 1483 1493 1493 1493 1494 1494 1494 1494 1494 1494 1493 1493 1493 1495 1495 1495 1492 1492 1492 1496 1496 1496 1483 1483 1483 1483 1483 1483 1496 1496 1496 841 841 841 841 841 841 1496 1496 1496 839 839 839 1497 1497 1497 1496 1496 1496 1492 1492 1492 1492 1492 1492 1498 1498 1498 1497 1497 1497 839 839 839 1496 1496 1496 1499 1499 1499 1497 1497 1497 1498 1498 1498 1500 1500 1500 1498 1498 1498 1434 1434 1434 1500 1500 1500 1500 1500 1500 1434 1434 1434 1501 1501 1501 1502 1502 1502 839 839 839 1499 1499 1499 1503 1503 1503 1504 1504 1504 1502 1502 1502 1502 1502 1502 1505 1505 1505 1506 1506 1506 1507 1507 1507 1502 1502 1502 1499 1499 1499 1499 1499 1499 1496 1496 1496 1507 1507 1507 1508 1508 1508 1502 1502 1502 1507 1507 1507 1509 1509 1509 1508 1508 1508 1507 1507 1507 1496 1496 1496 1510 1510 1510 1507 1507 1507 1507 1507 1507 1510 1510 1510 1509 1509 1509 1497 1497 1497 1510 1510 1510 1496 1496 1496 1511 1511 1511 1510 1510 1510 1497 1497 1497 1510 1510 1510 1512 1512 1512 1509 1509 1509 1512 1512 1512 1510 1510 1510 1511 1511 1511 1501 1501 1501 1512 1512 1512 1511 1511 1511 1509 1509 1509 1512 1512 1512 1513 1513 1513 1514 1514 1514 1512 1512 1512 1501 1501 1501 1512 1512 1512 1515 1515 1515 1513 1513 1513 1501 1501 1501 1426 1426 1426 1514 1514 1514 1513 1513 1513 1515 1515 1515 1516 1516 1516 1514 1514 1514 1426 1426 1426 1517 1517 1517 1426 1426 1426 1518 1518 1518 1517 1517 1517 1517 1517 1517 1518 1518 1518 1424 1424 1424 1424 1424 1424 1519 1519 1519 1517 1517 1517 1515 1515 1515 1520 1520 1520 1516 1516 1516 1519 1519 1519 1424 1424 1424 1521 1521 1521 1522 1522 1522 1521 1521 1521 1424 1424 1424 1523 1523 1523 1521 1521 1521 1522 1522 1522 1524 1524 1524 1520 1520 1520 1525 1525 1525 1526 1526 1526 1520 1520 1520 1524 1524 1524 1519 1519 1519 1526 1526 1526 1527 1527 1527 1521 1521 1521 1528 1528 1528 1519 1519 1519 1528 1528 1528 1526 1526 1526 1519 1519 1519 1529 1529 1529 1528 1528 1528 1521 1521 1521 1521 1521 1521 1530 1530 1530 1529 1529 1529 1529 1529 1529 1530 1530 1530 1531 1531 1531 1531 1531 1531 1532 1532 1532 1529 1529 1529 1533 1533 1533 1532 1532 1532 1531 1531 1531 1534 1534 1534 1531 1531 1531 1523 1523 1523 1535 1535 1535 1531 1531 1531 1534 1534 1534 1531 1531 1531 1535 1535 1535 1536 1536 1536 1536 1536 1536 1535 1535 1535 1537 1537 1537 1535 1535 1535 1538 1538 1538 1537 1537 1537 1537 1537 1537 1538 1538 1538 1539 1539 1539 1538 1538 1538 1540 1540 1540 1539 1539 1539 1539 1539 1539 1540 1540 1540 1541 1541 1541 1541 1541 1541 1542 1542 1542 1539 1539 1539 1543 1543 1543 1542 1542 1542 1541 1541 1541 1541 1541 1541 1544 1544 1544 1543 1543 1543 1543 1543 1543 1544 1544 1544 1545 1545 1545 1544 1544 1544 1546 1546 1546 1545 1545 1545 1545 1545 1545 1546 1546 1546 1547 1547 1547 1548 1548 1548 1549 1549 1549 1543 1543 1543 1550 1550 1550 1549 1549 1549 1548 1548 1548 1547 1547 1547 1550 1550 1550 1548 1548 1548 1551 1551 1551 1547 1547 1547 1552 1552 1552 1553 1553 1553 1547 1547 1547 1551 1551 1551 1554 1554 1554 1550 1550 1550 1547 1547 1547 1547 1547 1547 1553 1553 1553 1554 1554 1554 1554 1554 1554 1555 1555 1555 1550 1550 1550 1554 1554 1554 1553 1553 1553 1556 1556 1556 1553 1553 1553 1557 1557 1557 1556 1556 1556 1558 1558 1558 1554 1554 1554 1559 1559 1559 1560 1560 1560 1554 1554 1554 1556 1556 1556 1556 1556 1556 1557 1557 1557 1561 1561 1561 1557 1557 1557 1562 1562 1562 1561 1561 1561 1561 1561 1561 1562 1562 1562 1563 1563 1563 1564 1564 1564 1562 1562 1562 1565 1565 1565 1562 1562 1562 1566 1566 1566 1563 1563 1563 1563 1563 1563 1566 1566 1566 1567 1567 1567 1564 1564 1564 1568 1568 1568 1567 1567 1567 1568 1568 1568 1569 1569 1569 1567 1567 1567 1567 1567 1567 1569 1569 1569 904 904 904 904 904 904 1570 1570 1570 1567 1567 1567 1570 1570 1570 1571 1571 1571 1567 1567 1567 1567 1567 1567 1571 1571 1571 1563 1563 1563 1572 1572 1572 901 901 901 1571 1571 1571 1571 1571 1571 1573 1573 1573 1563 1563 1563 1563 1563 1563 1573 1573 1573 1574 1574 1574 1574 1574 1574 1573 1573 1573 1556 1556 1556 1573 1573 1573 1560 1560 1560 1556 1556 1556 1571 1571 1571 901 901 901 1575 1575 1575 1560 1560 1560 1573 1573 1573 1576 1576 1576 1577 1577 1577 1578 1578 1578 1575 1575 1575 1579 1579 1579 1577 1577 1577 1575 1575 1575 1573 1573 1573 1571 1571 1571 1580 1580 1580 1580 1580 1580 1576 1576 1576 1573 1573 1573 1581 1581 1581 1571 1571 1571 1575 1575 1575 1580 1580 1580 1571 1571 1571 1581 1581 1581 1580 1580 1580 1581 1581 1581 1582 1582 1582 1575 1575 1575 901 901 901 1583 1583 1583 1583 1583 1583 1579 1579 1579 1575 1575 1575 901 901 901 899 899 899 1583 1583 1583 1584 1584 1584 1579 1579 1579 1583 1583 1583 1583 1583 1583 899 899 899 1584 1584 1584 1585 1585 1585 1579 1579 1579 1584 1584 1584 1586 1586 1586 1585 1585 1585 1587 1587 1587 1588 1588 1588 1585 1585 1585 1589 1589 1589 1590 1590 1590 1585 1585 1585 1584 1584 1584 1591 1591 1591 1588 1588 1588 1590 1590 1590 1592 1592 1592 1590 1590 1590 1593 1593 1593 1590 1590 1590 1584 1584 1584 1594 1594 1594 1584 1584 1584 899 899 899 1594 1594 1594 1595 1595 1595 1590 1590 1590 1594 1594 1594 1596 1596 1596 1594 1594 1594 899 899 899 1597 1597 1597 1595 1595 1595 1594 1594 1594 1598 1598 1598 1594 1594 1594 1596 1596 1596 1598 1598 1598 1597 1597 1597 1594 1594 1594 894 894 894 1598 1598 1598 1596 1596 1596 884 884 884 1597 1597 1597 1598 1598 1598 882 882 882 1598 1598 1598 894 894 894 882 882 882 884 884 884 1598 1598 1598 1599 1599 1599 1582 1582 1582 1600 1600 1600 1599 1599 1599 1601 1601 1601 1582 1582 1582 1602 1602 1602 1601 1601 1601 1599 1599 1599 1582 1582 1582 1601 1601 1601 1580 1580 1580 1601 1601 1601 1576 1576 1576 1580 1580 1580 1603 1603 1603 1604 1604 1604 1601 1601 1601 1601 1601 1601 1604 1604 1604 1576 1576 1576 1605 1605 1605 1606 1606 1606 1604 1604 1604 1606 1606 1606 1607 1607 1607 1604 1604 1604 1604 1604 1604 1608 1608 1608 1576 1576 1576 1604 1604 1604 1607 1607 1607 1608 1608 1608 1608 1608 1608 1560 1560 1560 1576 1576 1576 1560 1560 1560 1608 1608 1608 1558 1558 1558 1609 1609 1609 1607 1607 1607 1610 1610 1610 1608 1608 1608 1611 1611 1611 1558 1558 1558 1607 1607 1607 1611 1611 1611 1608 1608 1608 1550 1550 1550 1558 1558 1558 1611 1611 1611 1607 1607 1607 1609 1609 1609 1612 1612 1612 1612 1612 1612 1550 1550 1550 1611 1611 1611 1607 1607 1607 1612 1612 1612 1611 1611 1611 1613 1613 1613 1612 1612 1612 1614 1614 1614 1612 1612 1612 1615 1615 1615 1614 1614 1614 1616 1616 1616 1614 1614 1614 1617 1617 1617 1615 1615 1615 1618 1618 1618 1614 1614 1614 1614 1614 1614 1618 1618 1618 1619 1619 1619 1618 1618 1618 1620 1620 1620 1619 1619 1619 1619 1619 1619 1620 1620 1620 1621 1621 1621 1622 1622 1622 1621 1621 1621 1620 1620 1620 1623 1623 1623 1621 1621 1621 1622 1622 1622 1624 1624 1624 1625 1625 1625 1622 1622 1622 1625 1625 1625 1626 1626 1626 1622 1622 1622 1622 1622 1622 1626 1626 1626 1623 1623 1623 1626 1626 1626 1627 1627 1627 1623 1623 1623 1623 1623 1623 1627 1627 1627 1628 1628 1628 1629 1629 1629 1630 1630 1630 1626 1626 1626 1630 1630 1630 1631 1631 1631 1632 1632 1632 1633 1633 1633 1630 1630 1630 1632 1632 1632 1630 1630 1630 1633 1633 1633 1626 1626 1626 1626 1626 1626 1633 1633 1633 1627 1627 1627 1633 1633 1633 1634 1634 1634 1635 1635 1635 1633 1633 1633 1636 1636 1636 1627 1627 1627 1627 1627 1627 1636 1636 1636 1628 1628 1628 1633 1633 1633 1637 1637 1637 1636 1636 1636 1636 1636 1636 1638 1638 1638 1628 1628 1628 1637 1637 1637 1639 1639 1639 1636 1636 1636 1638 1638 1638 1636 1636 1636 1639 1639 1639 1640 1640 1640 1638 1638 1638 1639 1639 1639 1641 1641 1641 1640 1640 1640 1639 1639 1639 1642 1642 1642 1640 1640 1640 1641 1641 1641 1643 1643 1643 1640 1640 1640 1642 1642 1642 1526 1526 1526 1643 1643 1643 1642 1642 1642 1644 1644 1644 1526 1526 1526 1642 1642 1642 1520 1520 1520 1526 1526 1526 1644 1644 1644 1520 1520 1520 1644 1644 1644 1516 1516 1516 1645 1645 1645 1516 1516 1516 1644 1644 1644 1646 1646 1646 1647 1647 1647 1516 1516 1516 1647 1647 1647 1648 1648 1648 1516 1516 1516 1649 1649 1649 1650 1650 1650 1651 1651 1651 1652 1652 1652 1650 1650 1650 1653 1653 1653 1654 1654 1654 1655 1655 1655 1652 1652 1652 1656 1656 1656 1655 1655 1655 1654 1654 1654 1657 1657 1657 1653 1653 1653 1658 1658 1658 1659 1659 1659 1657 1657 1657 1658 1658 1658 1659 1659 1659 1660 1660 1660 1656 1656 1656 1656 1656 1656 1660 1660 1660 1661 1661 1661 1660 1660 1660 1662 1662 1662 1661 1661 1661 1662 1662 1662 1663 1663 1663 1661 1661 1661 1663 1663 1663 1664 1664 1664 1665 1665 1665 1664 1664 1664 1666 1666 1666 1665 1665 1665 1663 1663 1663 1665 1665 1665 1667 1667 1667 1665 1665 1665 1668 1668 1668 1667 1667 1667 1669 1669 1669 1670 1670 1670 1667 1667 1667 1671 1671 1671 1670 1670 1670 1669 1669 1669 1672 1672 1672 1670 1670 1670 1671 1671 1671 1673 1673 1673 1672 1672 1672 1671 1671 1671 1674 1674 1674 1675 1675 1675 1672 1672 1672 1676 1676 1676 1675 1675 1675 1674 1674 1674 1676 1676 1676 1677 1677 1677 1675 1675 1675 1678 1678 1678 1677 1677 1677 1676 1676 1676 1679 1679 1679 1680 1680 1680 1678 1678 1678 1678 1678 1678 1681 1681 1681 1679 1679 1679 1682 1682 1682 1681 1681 1681 679 679 679 1681 1681 1681 1678 1678 1678 1683 1683 1683 679 679 679 1681 1681 1681 1683 1683 1683 1678 1678 1678 1684 1684 1684 1683 1683 1683 1685 1685 1685 1686 1686 1686 1683 1683 1683 1683 1683 1683 1686 1686 1686 1687 1687 1687 1687 1687 1687 679 679 679 1683 1683 1683 661 661 661 679 679 679 1687 1687 1687 661 661 661 1687 1687 1687 1688 1688 1688 1689 1689 1689 1690 1690 1690 1683 1683 1683 1691 1691 1691 1689 1689 1689 1683 1683 1683 1683 1683 1683 1684 1684 1684 1691 1691 1691 1692 1692 1692 1689 1689 1689 1691 1691 1691 1684 1684 1684 1673 1673 1673 1691 1691 1691 1691 1691 1691 1673 1673 1673 1693 1693 1693 1673 1673 1673 1694 1694 1694 1693 1693 1693 1693 1693 1693 1694 1694 1694 1669 1669 1669 1693 1693 1693 1669 1669 1669 1695 1695 1695 1669 1669 1669 1696 1696 1696 1695 1695 1695 1693 1693 1693 1697 1697 1697 1698 1698 1698 1699 1699 1699 1697 1697 1697 1693 1693 1693 1700 1700 1700 1701 1701 1701 1669 1669 1669 1702 1702 1702 1696 1696 1696 1669 1669 1669 1669 1669 1669 1701 1701 1701 1702 1702 1702 1703 1703 1703 1696 1696 1696 1702 1702 1702 1701 1701 1701 1704 1704 1704 1702 1702 1702 1705 1705 1705 1706 1706 1706 1704 1704 1704 1706 1706 1706 1350 1350 1350 1707 1707 1707 1708 1708 1708 1350 1350 1350 1706 1706 1706 1708 1708 1708 1709 1709 1709 1350 1350 1350 1353 1353 1353 1710 1710 1710 1704 1704 1704 1711 1711 1711 1710 1710 1710 1353 1353 1353 504 504 504 1711 1711 1711 1353 1353 1353 1712 1712 1712 1711 1711 1711 504 504 504 1712 1712 1712 1713 1713 1713 1711 1711 1711 1714 1714 1714 1712 1712 1712 504 504 504 504 504 504 497 497 497 1714 1714 1714 1715 1715 1715 497 497 497 504 504 504 1712 1712 1712 497 497 497 1713 1713 1713 497 497 497 1716 1716 1716 1713 1713 1713 1716 1716 1716 507 507 507 1713 1713 1713 1702 1702 1702 1717 1717 1717 1713 1713 1713 1718 1718 1718 1702 1702 1702 1713 1713 1713 507 507 507 1719 1719 1719 1713 1713 1713 1719 1719 1719 1718 1718 1718 1713 1713 1713 1720 1720 1720 1719 1719 1719 507 507 507 1721 1721 1721 1718 1718 1718 1719 1719 1719 1721 1721 1721 1719 1719 1719 1722 1722 1722 1722 1722 1722 1719 1719 1719 1723 1723 1723 1722 1722 1722 1723 1723 1723 1724 1724 1724 1723 1723 1723 1719 1719 1719 1725 1725 1725 1724 1724 1724 1697 1697 1697 1722 1722 1722 1726 1726 1726 1697 1697 1697 1724 1724 1724 1725 1725 1725 1724 1724 1724 1727 1727 1727 1726 1726 1726 1724 1724 1724 1728 1728 1728 1725 1725 1725 1719 1719 1719 1729 1729 1729 1729 1729 1729 1719 1719 1719 1730 1730 1730 1729 1729 1729 1730 1730 1730 1731 1731 1731 1725 1725 1725 1732 1732 1732 1724 1724 1724 1733 1733 1733 1734 1734 1734 1729 1729 1729 1733 1733 1733 1732 1732 1732 1725 1725 1725 1733 1733 1733 1729 1729 1729 1735 1735 1735 1736 1736 1736 1732 1732 1732 1733 1733 1733 527 527 527 1733 1733 1733 1735 1735 1735 1737 1737 1737 1733 1733 1733 527 527 527 1724 1724 1724 1732 1732 1732 1738 1738 1738 1724 1724 1724 1738 1738 1738 1728 1728 1728 1738 1738 1738 1732 1732 1732 1739 1739 1739 1728 1728 1728 1738 1738 1738 1740 1740 1740 1741 1741 1741 1732 1732 1732 1742 1742 1742 1732 1732 1732 1743 1743 1743 1742 1742 1742 1739 1739 1739 1742 1742 1742 1744 1744 1744 1742 1742 1742 1743 1743 1743 1745 1745 1745 1745 1745 1745 1743 1743 1743 527 527 527 1745 1745 1745 527 527 527 525 525 525 1746 1746 1746 1745 1745 1745 525 525 525 1739 1739 1739 1747 1747 1747 1748 1748 1748 1747 1747 1747 1740 1740 1740 1748 1748 1748 1745 1745 1745 1749 1749 1749 1750 1750 1750 1749 1749 1749 1744 1744 1744 1750 1750 1750 1740 1740 1740 1751 1751 1751 1728 1728 1728 1728 1728 1728 1751 1751 1751 1752 1752 1752 1753 1753 1753 1754 1754 1754 525 525 525 1728 1728 1728 1752 1752 1752 1755 1755 1755 1756 1756 1756 1728 1728 1728 1755 1755 1755 561 561 561 1755 1755 1755 1752 1752 1752 1728 1728 1728 1757 1757 1757 1758 1758 1758 1759 1759 1759 1757 1757 1757 1728 1728 1728 1759 1759 1759 1755 1755 1755 1757 1757 1757 1755 1755 1755 1760 1760 1760 1757 1757 1757 1755 1755 1755 561 561 561 558 558 558 1760 1760 1760 1755 1755 1755 558 558 558 1687 1687 1687 1760 1760 1760 558 558 558 1761 1761 1761 1687 1687 1687 558 558 558 1762 1762 1762 1687 1687 1687 642 642 642 1687 1687 1687 1761 1761 1761 642 642 642 642 642 642 1761 1761 1761 1763 1763 1763 1763 1763 1763 1761 1761 1761 1764 1764 1764 1765 1765 1765 561 561 561 1766 1766 1766 1765 1765 1765 1766 1766 1766 1767 1767 1767 1765 1765 1765 1767 1767 1767 1768 1768 1768 1767 1767 1767 1769 1769 1769 1768 1768 1768 1767 1767 1767 1766 1766 1766 1770 1770 1770 1769 1769 1769 1771 1771 1771 1772 1772 1772 1773 1773 1773 1772 1772 1772 1771 1771 1771 1774 1774 1774 1775 1775 1775 1773 1773 1773 1776 1776 1776 1777 1777 1777 1773 1773 1773 1778 1778 1778 1773 1773 1773 1777 1777 1777 1779 1779 1779 1778 1778 1778 1780 1780 1780 1781 1781 1781 1780 1780 1780 1778 1778 1778 1782 1782 1782 1766 1766 1766 1783 1783 1783 1784 1784 1784 1766 1766 1766 1782 1782 1782 1785 1785 1785 1784 1784 1784 1782 1782 1782 1786 1786 1786 1787 1787 1787 1788 1788 1788 1789 1789 1789 1788 1788 1788 1790 1790 1790 1791 1791 1791 1790 1790 1790 1792 1792 1792 1793 1793 1793 1790 1790 1790 1791 1791 1791 1794 1794 1794 1795 1795 1795 1796 1796 1796 1797 1797 1797 1798 1798 1798 1794 1794 1794 1799 1799 1799 1800 1800 1800 1801 1801 1801 1802 1802 1802 1800 1800 1800 1803 1803 1803 1804 1804 1804 1805 1805 1805 1806 1806 1806 1806 1806 1806 1807 1807 1807 1808 1808 1808 1808 1808 1808 1807 1807 1807 1809 1809 1809 1810 1810 1810 1809 1809 1809 1807 1807 1807 1811 1811 1811 1810 1810 1810 1807 1807 1807 1812 1812 1812 1811 1811 1811 1807 1807 1807 1813 1813 1813 1811 1811 1811 1812 1812 1812 1814 1814 1814 1813 1813 1813 1812 1812 1812 1815 1815 1815 1813 1813 1813 1816 1816 1816 1817 1817 1817 1813 1813 1813 1818 1818 1818 1819 1819 1819 1813 1813 1813 1817 1817 1817 1820 1820 1820 1819 1819 1819 1817 1817 1817 1821 1821 1821 1822 1822 1822 1819 1819 1819 1823 1823 1823 1822 1822 1822 1821 1821 1821 1824 1824 1824 1822 1822 1822 1823 1823 1823 1825 1825 1825 1826 1826 1826 1827 1827 1827 1827 1827 1827 1828 1828 1828 1829 1829 1829 1829 1829 1829 1828 1828 1828 1830 1830 1830 1831 1831 1831 1829 1829 1829 1830 1830 1830 1832 1832 1832 1833 1833 1833 1834 1834 1834 1835 1835 1835 1833 1833 1833 1836 1836 1836 1837 1837 1837 1835 1835 1835 1836 1836 1836 1838 1838 1838 1835 1835 1835 1837 1837 1837 1839 1839 1839 1838 1838 1838 1837 1837 1837 1840 1840 1840 1841 1841 1841 1839 1839 1839 1841 1841 1841 1842 1842 1842 1843 1843 1843 1844 1844 1844 1840 1840 1840 1839 1839 1839 1845 1845 1845 1840 1840 1840 1844 1844 1844 1846 1846 1846 1840 1840 1840 1845 1845 1845 1847 1847 1847 1848 1848 1848 1845 1845 1845 1849 1849 1849 1850 1850 1850 1851 1851 1851 1852 1852 1852 1853 1853 1853 1851 1851 1851 1854 1854 1854 1853 1853 1853 1852 1852 1852 1855 1855 1855 1856 1856 1856 1852 1852 1852 1852 1852 1852 1856 1856 1856 1857 1857 1857 1857 1857 1857 1856 1856 1856 1858 1858 1858 1859 1859 1859 1854 1854 1854 1852 1852 1852 1856 1856 1856 1860 1860 1860 1858 1858 1858 1861 1861 1861 1860 1860 1860 1856 1856 1856 1858 1858 1858 1860 1860 1860 1862 1862 1862 1859 1859 1859 1858 1858 1858 1863 1863 1863 1864 1864 1864 1859 1859 1859 1863 1863 1863 1865 1865 1865 1854 1854 1854 1859 1859 1859 1866 1866 1866 1867 1867 1867 1854 1854 1854 1868 1868 1868 1869 1869 1869 1867 1867 1867 1854 1854 1854 1867 1867 1867 1870 1870 1870 1867 1867 1867 1871 1871 1871 1870 1870 1870 1870 1870 1870 1871 1871 1871 1872 1872 1872 1873 1873 1873 1874 1874 1874 1872 1872 1872 1872 1872 1872 1874 1874 1874 1875 1875 1875 1875 1875 1875 1876 1876 1876 1877 1877 1877 1877 1877 1877 1876 1876 1876 1878 1878 1878 1872 1872 1872 1871 1871 1871 1879 1879 1879 1879 1879 1879 1880 1880 1880 1881 1881 1881 1882 1882 1882 1883 1883 1883 1871 1871 1871 1883 1883 1883 1884 1884 1884 1871 1871 1871 1871 1871 1871 1884 1884 1884 1879 1879 1879 1871 1871 1871 1885 1885 1885 1886 1886 1886 1887 1887 1887 1885 1885 1885 1871 1871 1871 1879 1879 1879 1884 1884 1884 1888 1888 1888 1889 1889 1889 1890 1890 1890 1884 1884 1884 1890 1890 1890 1891 1891 1891 1884 1884 1884 1888 1888 1888 1892 1892 1892 1893 1893 1893 1892 1892 1892 1894 1894 1894 1893 1893 1893 1888 1888 1888 1884 1884 1884 1895 1895 1895 1895 1895 1895 1896 1896 1896 1888 1888 1888 1897 1897 1897 1896 1896 1896 1895 1895 1895 1895 1895 1895 1898 1898 1898 1897 1897 1897 1899 1899 1899 1895 1895 1895 1884 1884 1884 1900 1900 1900 1899 1899 1899 1884 1884 1884 1895 1895 1895 1901 1901 1901 1898 1898 1898 1901 1901 1901 1902 1902 1902 1898 1898 1898 1903 1903 1903 1902 1902 1902 1901 1901 1901 1904 1904 1904 1903 1903 1903 1901 1901 1901 1900 1900 1900 1905 1905 1905 1906 1906 1906 1906 1906 1906 1905 1905 1905 1907 1907 1907 1905 1905 1905 1908 1908 1908 1907 1907 1907 1907 1907 1907 1908 1908 1908 1901 1901 1901 1901 1901 1901 1908 1908 1908 1909 1909 1909 1901 1901 1901 1909 1909 1909 1910 1910 1910 1901 1901 1901 1910 1910 1910 1904 1904 1904 1904 1904 1904 1910 1910 1910 1911 1911 1911 1910 1910 1910 1912 1912 1912 1911 1911 1911 1913 1913 1913 1914 1914 1914 1911 1911 1911 1911 1911 1911 1915 1915 1915 1913 1913 1913 1912 1912 1912 1915 1915 1915 1911 1911 1911 1916 1916 1916 1915 1915 1915 1912 1912 1912 1911 1911 1911 1917 1917 1917 1918 1918 1918 1918 1918 1918 1917 1917 1917 1919 1919 1919 1920 1920 1920 1916 1916 1916 1912 1912 1912 1920 1920 1920 1921 1921 1921 1916 1916 1916 1920 1920 1920 1922 1922 1922 1921 1921 1921 1922 1922 1922 1923 1923 1923 1921 1921 1921 1922 1922 1922 1924 1924 1924 1923 1923 1923 1924 1924 1924 1922 1922 1922 1925 1925 1925 1922 1922 1922 1926 1926 1926 1925 1925 1925 1926 1926 1926 1927 1927 1927 1928 1928 1928 1928 1928 1928 1927 1927 1927 1929 1929 1929 1927 1927 1927 1930 1930 1930 1929 1929 1929 1929 1929 1929 1930 1930 1930 1931 1931 1931 1928 1928 1928 1932 1932 1932 1933 1933 1933 1933 1933 1933 1932 1932 1932 1934 1934 1934 1935 1935 1935 1936 1936 1936 1928 1928 1928 1937 1937 1937 1935 1935 1935 1931 1931 1931 1937 1937 1937 1936 1936 1936 1935 1935 1935 1938 1938 1938 1936 1936 1936 1937 1937 1937 1939 1939 1939 1937 1937 1937 1931 1931 1931 1939 1939 1939 1940 1940 1940 1941 1941 1941 1942 1942 1942 1922 1922 1922 1943 1943 1943 1944 1944 1944 1942 1942 1942 1943 1943 1943 1945 1945 1945 1942 1942 1942 1946 1946 1946 1944 1944 1944 1947 1947 1947 1948 1948 1948 1949 1949 1949 1947 1947 1947 1944 1944 1944 1950 1950 1950 1949 1949 1949 1944 1944 1944 1951 1951 1951 1952 1952 1952 1949 1949 1949 1953 1953 1953 1949 1949 1949 1950 1950 1950 1954 1954 1954 1951 1951 1951 1955 1955 1955 1953 1953 1953 1954 1954 1954 1955 1955 1955 1956 1956 1956 1954 1954 1954 1953 1953 1953 1957 1957 1957 1953 1953 1953 1950 1950 1950 1958 1958 1958 1956 1956 1956 1953 1953 1953 1958 1958 1958 1953 1953 1953 1959 1959 1959 1956 1956 1956 1960 1960 1960 1961 1961 1961 1960 1960 1960 1962 1962 1962 1963 1963 1963 1964 1964 1964 1959 1959 1959 1965 1965 1965 1966 1966 1966 1964 1964 1964 1965 1965 1965 1966 1966 1966 1950 1950 1950 1967 1967 1967 1968 1968 1968 1966 1966 1966 1967 1967 1967 1969 1969 1969 1966 1966 1966 1968 1968 1968 1969 1969 1969 1970 1970 1970 1971 1971 1971 1972 1972 1972 1969 1969 1969 1968 1968 1968 1973 1973 1973 1972 1972 1972 1968 1968 1968 1974 1974 1974 1975 1975 1975 1973 1973 1973 1976 1976 1976 1973 1973 1973 1968 1968 1968 1974 1974 1974 1973 1973 1973 1976 1976 1976 1977 1977 1977 1974 1974 1974 1978 1978 1978 1979 1979 1979 1978 1978 1978 1974 1974 1974 1976 1976 1976 1968 1968 1968 1980 1980 1980 1980 1980 1980 1968 1968 1968 1967 1967 1967 1981 1981 1981 1974 1974 1974 1976 1976 1976 1981 1981 1981 1976 1976 1976 1980 1980 1980 1974 1974 1974 1981 1981 1981 1979 1979 1979 1982 1982 1982 1980 1980 1980 1967 1967 1967 1981 1981 1981 1983 1983 1983 1979 1979 1979 1984 1984 1984 1983 1983 1983 1981 1981 1981 1979 1979 1979 1983 1983 1983 1985 1985 1985 1986 1986 1986 1984 1984 1984 1981 1981 1981 1979 1979 1979 1985 1985 1985 1987 1987 1987 1985 1985 1985 1988 1988 1988 1987 1987 1987 1987 1987 1987 1989 1989 1989 1990 1990 1990 1985 1985 1985 1991 1991 1991 1989 1989 1989 1991 1991 1991 1992 1992 1992 1989 1989 1989 1993 1993 1993 1994 1994 1994 1985 1985 1985 1985 1985 1985 1994 1994 1994 1995 1995 1995 1994 1994 1994 1996 1996 1996 1997 1997 1997 1997 1997 1997 1996 1996 1996 1998 1998 1998 1995 1995 1995 1998 1998 1998 1992 1992 1992 1989 1989 1989 1992 1992 1992 1999 1999 1999 1989 1989 1989 2000 2000 2000 2001 2001 2001 2002 2002 2002 1999 1999 1999 1992 1992 1992 2003 2003 2003 2002 2002 2002 2001 2001 2001 2004 2004 2004 2001 2001 2001 2002 2002 2002 2001 2001 2001 2004 2004 2004 2005 2005 2005 2005 2005 2005 2004 2004 2004 2006 2006 2006 2007 2007 2007 2008 2008 2008 2005 2005 2005 2002 2002 2002 2009 2009 2009 2010 2010 2010 2010 2010 2010 2009 2009 2009 485 485 485 2011 2011 2011 2009 2009 2009 2012 2012 2012 2012 2012 2012 1992 1992 1992 2011 2011 2011 1992 1992 1992 2013 2013 2013 2011 2011 2011 2013 2013 2013 476 476 476 2011 2011 2011 1998 1998 1998 2013 2013 2013 1992 1992 1992 2013 2013 2013 472 472 472 476 476 476 2014 2014 2014 2015 2015 2015 1998 1998 1998 1998 1998 1998 2015 2015 2015 2016 2016 2016 1998 1998 1998 2017 2017 2017 2013 2013 2013 2017 2017 2017 2018 2018 2018 2013 2013 2013 2018 2018 2018 472 472 472 2013 2013 2013 2018 2018 2018 2019 2019 2019 472 472 472 2020 2020 2020 2019 2019 2019 2021 2021 2021 2022 2022 2022 2023 2023 2023 2018 2018 2018 2024 2024 2024 2021 2021 2021 2025 2025 2025 2026 2026 2026 2024 2024 2024 465 465 465 465 465 465 2024 2024 2024 2027 2027 2027 465 465 465 2027 2027 2027 460 460 460 460 460 460 2027 2027 2027 2028 2028 2028 2029 2029 2029 448 448 448 460 460 460 2028 2028 2028 2029 2029 2029 460 460 460 2016 2016 2016 2030 2030 2030 2031 2031 2031 2023 2023 2023 2016 2016 2016 2031 2031 2031 2031 2031 2031 2032 2032 2032 2023 2023 2023 2023 2023 2023 2032 2032 2032 2033 2033 2033 2032 2032 2032 2034 2034 2034 2033 2033 2033 2033 2033 2033 2034 2034 2034 2035 2035 2035 2034 2034 2034 2036 2036 2036 2035 2035 2035 2035 2035 2035 2036 2036 2036 2037 2037 2037 2035 2035 2035 2037 2037 2037 2038 2038 2038 2035 2035 2035 2038 2038 2038 2039 2039 2039 2039 2039 2039 2040 2040 2040 2041 2041 2041 2042 2042 2042 2043 2043 2043 2040 2040 2040 2044 2044 2044 2045 2045 2045 2040 2040 2040 2040 2040 2040 2046 2046 2046 2044 2044 2044 2044 2044 2044 2046 2046 2046 2047 2047 2047 2047 2047 2047 2046 2046 2046 2048 2048 2048 2049 2049 2049 2048 2048 2048 2050 2050 2050 2049 2049 2049 2051 2051 2051 2052 2052 2052 2035 2035 2035 2053 2053 2053 2054 2054 2054 2055 2055 2055 2056 2056 2056 2054 2054 2054 2056 2056 2056 2035 2035 2035 2054 2054 2054 2057 2057 2057 2058 2058 2058 2056 2056 2056 2056 2056 2056 2058 2058 2058 2059 2059 2059 2058 2058 2058 2060 2060 2060 2059 2059 2059 2058 2058 2058 2061 2061 2061 2060 2060 2060 2060 2060 2060 2061 2061 2061 2062 2062 2062 2061 2061 2061 2063 2063 2063 2062 2062 2062 2035 2035 2035 2064 2064 2064 2065 2065 2065 2028 2028 2028 2066 2066 2066 2035 2035 2035 2035 2035 2035 2067 2067 2067 2028 2028 2028 2067 2067 2067 2068 2068 2068 2028 2028 2028 2064 2064 2064 2028 2028 2028 2025 2025 2025 2025 2025 2025 2069 2069 2069 2064 2064 2064 2064 2064 2064 2069 2069 2069 2070 2070 2070 2069 2069 2069 2071 2071 2071 2070 2070 2070 2068 2068 2068 2072 2072 2072 2028 2028 2028 2073 2073 2073 2072 2072 2072 2068 2068 2068 2029 2029 2029 2028 2028 2028 2072 2072 2072 2029 2029 2029 2072 2072 2072 2074 2074 2074 2072 2072 2072 2075 2075 2075 2074 2074 2074 2074 2074 2074 2075 2075 2075 2062 2062 2062 2076 2076 2076 2029 2029 2029 2074 2074 2074 2077 2077 2077 2029 2029 2029 2076 2076 2076 2078 2078 2078 2077 2077 2077 2076 2076 2076 2079 2079 2079 2078 2078 2078 2076 2076 2076 2080 2080 2080 2081 2081 2081 2078 2078 2078 2082 2082 2082 2081 2081 2081 2080 2080 2080 2083 2083 2083 2076 2076 2076 2084 2084 2084 2076 2076 2076 2074 2074 2074 2084 2084 2084 2085 2085 2085 2086 2086 2086 2080 2080 2080 2087 2087 2087 2086 2086 2086 2085 2085 2085 2088 2088 2088 2087 2087 2087 2085 2085 2085 2089 2089 2089 2088 2088 2088 2085 2085 2085 2084 2084 2084 2085 2085 2085 2090 2090 2090 2089 2089 2089 2091 2091 2091 2092 2092 2092 2093 2093 2093 2092 2092 2092 2094 2094 2094 2094 2094 2094 2095 2095 2095 2091 2091 2091 2096 2096 2096 2094 2094 2094 2091 2091 2091 2097 2097 2097 2096 2096 2096 2091 2091 2091 2098 2098 2098 2096 2096 2096 2097 2097 2097 2098 2098 2098 2099 2099 2099 2100 2100 2100 2101 2101 2101 2098 2098 2098 2100 2100 2100 2100 2100 2100 2102 2102 2102 2103 2103 2103 2102 2102 2102 2104 2104 2104 2103 2103 2103 2101 2101 2101 2104 2104 2104 2105 2105 2105 2106 2106 2106 2104 2104 2104 2107 2107 2107 2104 2104 2104 2108 2108 2108 2107 2107 2107 2105 2105 2105 2104 2104 2104 2109 2109 2109 2110 2110 2110 2108 2108 2108 2111 2111 2111 2110 2110 2110 2112 2112 2112 2113 2113 2113 2114 2114 2114 2108 2108 2108 2110 2110 2110 2115 2115 2115 2114 2114 2114 2116 2116 2116 2117 2117 2117 2108 2108 2108 2114 2114 2114 2118 2118 2118 2117 2117 2117 2119 2119 2119 2120 2120 2120 2117 2117 2117 2118 2118 2118 2121 2121 2121 2117 2117 2117 2114 2114 2114 2122 2122 2122 2121 2121 2121 2114 2114 2114 2122 2122 2122 2114 2114 2114 2123 2123 2123 2122 2122 2122 2124 2124 2124 2125 2125 2125 2126 2126 2126 2124 2124 2124 2122 2122 2122 2125 2125 2125 2127 2127 2127 2128 2128 2128 2127 2127 2127 2129 2129 2129 2128 2128 2128 2129 2129 2129 2130 2130 2130 2128 2128 2128 2131 2131 2131 2126 2126 2126 2122 2122 2122 2131 2131 2131 2132 2132 2132 2126 2126 2126 2133 2133 2133 2132 2132 2132 2131 2131 2131 2128 2128 2128 2130 2130 2130 2134 2134 2134 2135 2135 2135 2128 2128 2128 2134 2134 2134 2136 2136 2136 2137 2137 2137 2135 2135 2135 2138 2138 2138 2135 2135 2135 2134 2134 2134 2139 2139 2139 2135 2135 2135 2138 2138 2138 2140 2140 2140 2130 2130 2130 2138 2138 2138 2141 2141 2141 2130 2130 2130 2142 2142 2142 2130 2130 2130 2141 2141 2141 2138 2138 2138 2138 2138 2138 2141 2141 2141 2143 2143 2143 2144 2144 2144 2145 2145 2145 2143 2143 2143 2143 2143 2143 2146 2146 2146 2147 2147 2147 2148 2148 2148 2138 2138 2138 2143 2143 2143 2149 2149 2149 2138 2138 2138 2148 2148 2148 2138 2138 2138 2149 2149 2149 2150 2150 2150 2143 2143 2143 2151 2151 2151 2152 2152 2152 2153 2153 2153 2143 2143 2143 2152 2152 2152 2153 2153 2153 2154 2154 2154 2155 2155 2155 2156 2156 2156 2143 2143 2143 2153 2153 2153 2149 2149 2149 2156 2156 2156 2157 2157 2157 2157 2157 2157 2156 2156 2156 2153 2153 2153 2158 2158 2158 2131 2131 2131 2159 2159 2159 2160 2160 2160 2133 2133 2133 2131 2131 2131 2161 2161 2161 2133 2133 2133 2160 2160 2160 2122 2122 2122 2162 2162 2162 2131 2131 2131 2163 2163 2163 2162 2162 2162 2122 2122 2122 2164 2164 2164 2162 2162 2162 2163 2163 2163 2165 2165 2165 2161 2161 2161 2160 2160 2160 2166 2166 2166 2161 2161 2161 2165 2165 2165 2165 2165 2165 2167 2167 2167 2166 2166 2166 2160 2160 2160 2159 2159 2159 2168 2168 2168 2165 2165 2165 2160 2160 2160 2168 2168 2168 2159 2159 2159 2169 2169 2169 2168 2168 2168 2170 2170 2170 2162 2162 2162 2169 2169 2169 2162 2162 2162 2171 2171 2171 2169 2169 2169 2172 2172 2172 2167 2167 2167 2165 2165 2165 2173 2173 2173 2167 2167 2167 2172 2172 2172 2168 2168 2168 2172 2172 2172 2165 2165 2165 2174 2174 2174 2175 2175 2175 2172 2172 2172 2062 2062 2062 2174 2174 2174 2172 2172 2172 2085 2085 2085 2169 2169 2169 2176 2176 2176 2169 2169 2169 2085 2085 2085 2084 2084 2084 2168 2168 2168 2169 2169 2169 2084 2084 2084 2084 2084 2084 2074 2074 2074 2168 2168 2168 2168 2168 2168 2074 2074 2074 2177 2177 2177 2074 2074 2074 2062 2062 2062 2177 2177 2177 2178 2178 2178 2179 2179 2179 2062 2062 2062 2180 2180 2180 2181 2181 2181 2062 2062 2062 2182 2182 2182 2181 2181 2181 2180 2180 2180 2183 2183 2183 2184 2184 2184 2179 2179 2179 2179 2179 2179 2185 2185 2185 2183 2183 2183 2179 2179 2179 2186 2186 2186 2185 2185 2185 2186 2186 2186 2187 2187 2187 2185 2185 2185 2188 2188 2188 2189 2189 2189 2185 2185 2185 2190 2190 2190 2191 2191 2191 2185 2185 2185 2191 2191 2191 2192 2192 2192 2185 2185 2185 2191 2191 2191 2193 2193 2193 2194 2194 2194 2195 2195 2195 2193 2193 2193 2196 2196 2196 2194 2194 2194 2193 2193 2193 2195 2195 2195 2197 2197 2197 2198 2198 2198 2195 2195 2195 2195 2195 2195 2198 2198 2198 2199 2199 2199 2200 2200 2200 2201 2201 2201 2199 2199 2199 2199 2199 2199 2201 2201 2201 2202 2202 2202 2202 2202 2202 2201 2201 2201 2203 2203 2203 2203 2203 2203 2204 2204 2204 2202 2202 2202 2204 2204 2204 2205 2205 2205 2202 2202 2202 2206 2206 2206 2199 2199 2199 2207 2207 2207 2202 2202 2202 2205 2205 2205 2208 2208 2208 2208 2208 2208 2205 2205 2205 2209 2209 2209 2209 2209 2209 2210 2210 2210 2208 2208 2208 2211 2211 2211 2208 2208 2208 2212 2212 2212 2208 2208 2208 2213 2213 2213 2212 2212 2212 2208 2208 2208 2210 2210 2210 2214 2214 2214 2210 2210 2210 2049 2049 2049 2214 2214 2214 2049 2049 2049 2215 2215 2215 2214 2214 2214 2214 2214 2214 2215 2215 2215 2216 2216 2216 2215 2215 2215 2217 2217 2217 2216 2216 2216 2208 2208 2208 2214 2214 2214 1986 1986 1986 2208 2208 2208 1986 1986 1986 1981 1981 1981 1981 1981 1981 2213 2213 2213 2208 2208 2208 1980 1980 1980 2213 2213 2213 1981 1981 1981 2208 2208 2208 2218 2218 2218 2202 2202 2202 1982 1982 1982 2213 2213 2213 1980 1980 1980 2218 2218 2218 2219 2219 2219 2202 2202 2202 2220 2220 2220 2219 2219 2219 2218 2218 2218 2213 2213 2213 2221 2221 2221 2220 2220 2220 2221 2221 2221 2219 2219 2219 2220 2220 2220 2213 2213 2213 1982 1982 1982 2221 2221 2221 2202 2202 2202 2219 2219 2219 2222 2222 2222 2202 2202 2202 2222 2222 2222 2206 2206 2206 2222 2222 2222 2219 2219 2219 2223 2223 2223 2222 2222 2222 2224 2224 2224 2206 2206 2206 2223 2223 2223 2224 2224 2224 2225 2225 2225 2226 2226 2226 2219 2219 2219 2221 2221 2221 2219 2219 2219 2226 2226 2226 2223 2223 2223 2221 2221 2221 2227 2227 2227 2226 2226 2226 2226 2226 2226 2227 2227 2227 2228 2228 2228 2226 2226 2226 2228 2228 2228 2223 2223 2223 2221 2221 2221 1982 1982 1982 2229 2229 2229 2230 2230 2230 2229 2229 2229 1982 1982 1982 2231 2231 2231 2229 2229 2229 2230 2230 2230 2231 2231 2231 2228 2228 2228 2229 2229 2229 2223 2223 2223 2228 2228 2228 2232 2232 2232 2224 2224 2224 2223 2223 2223 2232 2232 2232 2228 2228 2228 2233 2233 2233 2232 2232 2232 2233 2233 2233 2228 2228 2228 2231 2231 2231 2234 2234 2234 2224 2224 2224 2232 2232 2232 2232 2232 2232 2233 2233 2233 2235 2235 2235 2236 2236 2236 2224 2224 2224 2234 2234 2234 2235 2235 2235 2233 2233 2233 2237 2237 2237 2237 2237 2237 2236 2236 2236 2234 2234 2234 2206 2206 2206 2224 2224 2224 2236 2236 2236 2233 2233 2233 2238 2238 2238 2237 2237 2237 2239 2239 2239 2236 2236 2236 2237 2237 2237 2240 2240 2240 2239 2239 2239 2237 2237 2237 2237 2237 2237 2238 2238 2238 2240 2240 2240 2238 2238 2238 2241 2241 2241 2240 2240 2240 2206 2206 2206 2236 2236 2236 2242 2242 2242 2242 2242 2242 2199 2199 2199 2206 2206 2206 2242 2242 2242 2243 2243 2243 2199 2199 2199 2242 2242 2242 2194 2194 2194 2243 2243 2243 2244 2244 2244 2194 2194 2194 2242 2242 2242 2242 2242 2242 2236 2236 2236 2245 2245 2245 2245 2245 2245 2244 2244 2244 2242 2242 2242 2246 2246 2246 2244 2244 2244 2245 2245 2245 2236 2236 2236 2247 2247 2247 2245 2245 2245 2245 2245 2245 2247 2247 2247 2240 2240 2240 2240 2240 2240 2248 2248 2248 2245 2245 2245 2249 2249 2249 2248 2248 2248 2240 2240 2240 2249 2249 2249 2250 2250 2250 2251 2251 2251 2252 2252 2252 2249 2249 2249 2240 2240 2240 2252 2252 2252 2253 2253 2253 2251 2251 2251 2240 2240 2240 2253 2253 2253 2252 2252 2252 2240 2240 2240 2241 2241 2241 2253 2253 2253 2254 2254 2254 2251 2251 2251 2253 2253 2253 2253 2253 2253 2255 2255 2255 2254 2254 2254 2254 2254 2254 2255 2255 2255 2153 2153 2153 2253 2253 2253 2241 2241 2241 2256 2256 2256 2241 2241 2241 2257 2257 2257 2256 2256 2256 2257 2257 2257 2258 2258 2258 2256 2256 2256 2255 2255 2255 2259 2259 2259 2153 2153 2153 2153 2153 2153 2259 2259 2259 2260 2260 2260 2259 2259 2259 2261 2261 2261 2260 2260 2260 2262 2262 2262 2263 2263 2263 2259 2259 2259 2255 2255 2255 2264 2264 2264 2259 2259 2259 2259 2259 2259 2264 2264 2264 2265 2265 2265 2266 2266 2266 2264 2264 2264 2267 2267 2267 2268 2268 2268 2264 2264 2264 2269 2269 2269 2270 2270 2270 2268 2268 2268 2271 2271 2271 2269 2269 2269 2264 2264 2264 2272 2272 2272 2264 2264 2264 2273 2273 2273 2272 2272 2272 2272 2272 2272 2273 2273 2273 2274 2274 2274 2273 2273 2273 2253 2253 2253 2274 2274 2274 2274 2274 2274 2253 2253 2253 2256 2256 2256 2275 2275 2275 2276 2276 2276 2270 2270 2270 2277 2277 2277 2276 2276 2276 2275 2275 2275 2278 2278 2278 2277 2277 2277 2275 2275 2275 2279 2279 2279 2277 2277 2277 2278 2278 2278 2280 2280 2280 2279 2279 2279 2278 2278 2278 2281 2281 2281 2279 2279 2279 2280 2280 2280 2256 2256 2256 2281 2281 2281 2280 2280 2280 2282 2282 2282 2281 2281 2281 2256 2256 2256 2283 2283 2283 2282 2282 2282 2256 2256 2256 2284 2284 2284 2285 2285 2285 2283 2283 2283 2283 2283 2283 2233 2233 2233 2231 2231 2231 2283 2283 2283 2231 2231 2231 2286 2286 2286 2287 2287 2287 2283 2283 2283 2286 2286 2286 2282 2282 2282 2283 2283 2283 2287 2287 2287 2287 2287 2287 2288 2288 2288 2289 2289 2289 2287 2287 2287 2290 2290 2290 2282 2282 2282 2290 2290 2290 2287 2287 2287 2289 2289 2289 2291 2291 2291 2287 2287 2287 2292 2292 2292 2231 2231 2231 2291 2291 2291 2292 2292 2292 2290 2290 2290 2289 2289 2289 2293 2293 2293 2293 2293 2293 2289 2289 2289 2294 2294 2294 2295 2295 2295 2294 2294 2294 2289 2289 2289 2296 2296 2296 2295 2295 2295 2297 2297 2297 2295 2295 2295 2289 2289 2289 2298 2298 2298 2289 2289 2289 2291 2291 2291 2298 2298 2298 2298 2298 2298 2291 2291 2291 2299 2299 2299 2291 2291 2291 2231 2231 2231 2299 2299 2299 2299 2299 2299 2231 2231 2231 2300 2300 2300 2231 2231 2231 2301 2301 2301 2300 2300 2300 2296 2296 2296 2298 2298 2298 2302 2302 2302 1912 1912 1912 2296 2296 2296 2302 2302 2302 2298 2298 2298 2303 2303 2303 2302 2302 2302 2302 2302 2302 2303 2303 2303 2300 2300 2300 2304 2304 2304 1912 1912 1912 2302 2302 2302 2304 2304 2304 2302 2302 2302 2305 2305 2305 2302 2302 2302 2300 2300 2300 2305 2305 2305 2305 2305 2305 2300 2300 2300 2306 2306 2306 2300 2300 2300 2301 2301 2301 2306 2306 2306 2301 2301 2301 1982 1982 1982 2306 2306 2306 2306 2306 2306 1982 1982 1982 1967 1967 1967 1967 1967 1967 1950 1950 1950 2306 2306 2306 1950 1950 1950 1946 1946 1946 2306 2306 2306 1946 1946 1946 2307 2307 2307 2306 2306 2306 2306 2306 2306 2307 2307 2307 2308 2308 2308 2307 2307 2307 1922 1922 1922 2308 2308 2308 2308 2308 2308 1922 1922 1922 2304 2304 2304 2309 2309 2309 2290 2290 2290 2310 2310 2310 2311 2311 2311 2312 2312 2312 2309 2309 2309 2313 2313 2313 2311 2311 2311 2309 2309 2309 2290 2290 2290 2314 2314 2314 2313 2313 2313 2314 2314 2314 2315 2315 2315 2313 2313 2313 2290 2290 2290 2309 2309 2309 2282 2282 2282 2282 2282 2282 2309 2309 2309 2316 2316 2316 2316 2316 2316 2317 2317 2317 2282 2282 2282 2318 2318 2318 2317 2317 2317 2316 2316 2316 2319 2319 2319 2318 2318 2318 2316 2316 2316 2320 2320 2320 2318 2318 2318 2319 2319 2319 2321 2321 2321 2320 2320 2320 2319 2319 2319 2322 2322 2322 2321 2321 2321 2319 2319 2319 2323 2323 2323 2321 2321 2321 2322 2322 2322 2324 2324 2324 2323 2323 2323 2322 2322 2322 2316 2316 2316 2325 2325 2325 2326 2326 2326 2309 2309 2309 2325 2325 2325 2316 2316 2316 2325 2325 2325 2309 2309 2309 2327 2327 2327 2328 2328 2328 2309 2309 2309 2329 2329 2329 2330 2330 2330 2328 2328 2328 2329 2329 2329 2331 2331 2331 2332 2332 2332 2328 2328 2328 2328 2328 2328 2332 2332 2332 2325 2325 2325 2332 2332 2332 2333 2333 2333 2325 2325 2325 2325 2325 2325 2334 2334 2334 2335 2335 2335 2335 2335 2335 2334 2334 2334 2336 2336 2336 2337 2337 2337 2336 2336 2336 2338 2338 2338 2339 2339 2339 2340 2340 2340 2325 2325 2325 2322 2322 2322 2340 2340 2340 2339 2339 2339 2341 2341 2341 2322 2322 2322 2339 2339 2339 2342 2342 2342 2322 2322 2322 2341 2341 2341 2343 2343 2343 2342 2342 2342 2341 2341 2341 2336 2336 2336 2344 2344 2344 2345 2345 2345 2345 2345 2345 2344 2344 2344 2346 2346 2346 2344 2344 2344 1854 1854 1854 2346 2346 2346 2346 2346 2346 1854 1854 1854 2347 2347 2347 2348 2348 2348 2343 2343 2343 2347 2347 2347 2343 2343 2343 2349 2349 2349 2347 2347 2347 2350 2350 2350 2351 2351 2351 2352 2352 2352 2352 2352 2352 2353 2353 2353 2109 2109 2109 2353 2353 2353 2354 2354 2354 2109 2109 2109 2354 2354 2354 2105 2105 2105 2109 2109 2109 335 335 335 2105 2105 2105 2354 2354 2354 334 334 334 335 335 335 2354 2354 2354 2355 2355 2355 334 334 334 2356 2356 2356 2355 2355 2355 2357 2357 2357 2358 2358 2358 2359 2359 2359 2360 2360 2360 2358 2358 2358 2359 2359 2359 2358 2358 2358 2361 2361 2361 2361 2361 2361 2362 2362 2362 2363 2363 2363 2364 2364 2364 2361 2361 2361 2365 2365 2365 2364 2364 2364 2366 2366 2366 2367 2367 2367 2368 2368 2368 2367 2367 2367 2365 2365 2365 2369 2369 2369 2370 2370 2370 2363 2363 2363 2370 2370 2370 2371 2371 2371 2372 2372 2372 334 334 334 2371 2371 2371 2370 2370 2370 2370 2370 2370 324 324 324 334 334 334 2373 2373 2373 324 324 324 2370 2370 2370 2374 2374 2374 2373 2373 2373 2370 2370 2370 2375 2375 2375 2373 2373 2373 2374 2374 2374 2376 2376 2376 2375 2375 2375 2374 2374 2374 2377 2377 2377 2375 2375 2375 2376 2376 2376 2378 2378 2378 2376 2376 2376 2369 2369 2369 2379 2379 2379 2376 2376 2376 2378 2378 2378 2379 2379 2379 2378 2378 2378 2380 2380 2380 2381 2381 2381 2380 2380 2380 2382 2382 2382 2383 2383 2383 2382 2382 2382 2380 2380 2380 2384 2384 2384 2382 2382 2382 2383 2383 2383 2385 2385 2385 2380 2380 2380 2367 2367 2367 2385 2385 2385 2386 2386 2386 2384 2384 2384 2387 2387 2387 2385 2385 2385 2367 2367 2367 2388 2388 2388 2385 2385 2385 2387 2387 2387 2389 2389 2389 2384 2384 2384 2390 2390 2390 2389 2389 2389 2390 2390 2390 2391 2391 2391 2390 2390 2390 2387 2387 2387 2391 2391 2391 2391 2391 2391 2387 2387 2387 2392 2392 2392 2387 2387 2387 2393 2393 2393 2392 2392 2392 2392 2392 2392 2393 2393 2393 2394 2394 2394 2392 2392 2392 2395 2395 2395 2391 2391 2391 2395 2395 2395 2396 2396 2396 2391 2391 2391 2397 2397 2397 2396 2396 2396 2395 2395 2395 2392 2392 2392 2394 2394 2394 2398 2398 2398 2399 2399 2399 2392 2392 2392 2398 2398 2398 2398 2398 2398 2394 2394 2394 2358 2358 2358 2398 2398 2398 2400 2400 2400 2401 2401 2401 2402 2402 2402 2400 2400 2400 2398 2398 2398 2403 2403 2403 2402 2402 2402 2404 2404 2404 2405 2405 2405 2402 2402 2402 2398 2398 2398 2398 2398 2398 2358 2358 2358 2405 2405 2405 2405 2405 2405 2358 2358 2358 2406 2406 2406 2406 2406 2406 2407 2407 2407 2408 2408 2408 2358 2358 2358 2356 2356 2356 2406 2406 2406 2406 2406 2406 2409 2409 2409 2405 2405 2405 2405 2405 2405 2409 2409 2409 2410 2410 2410 2411 2411 2411 2410 2410 2410 2412 2412 2412 2409 2409 2409 2413 2413 2413 2410 2410 2410 2414 2414 2414 2413 2413 2413 2409 2409 2409 2415 2415 2415 2406 2406 2406 2414 2414 2414 2416 2416 2416 2410 2410 2410 2417 2417 2417 2410 2410 2410 2418 2418 2418 2417 2417 2417 2418 2418 2418 2419 2419 2419 2417 2417 2417 2417 2417 2417 2419 2419 2419 2420 2420 2420 2410 2410 2410 2413 2413 2413 2421 2421 2421 2421 2421 2421 2422 2422 2422 2419 2419 2419 2422 2422 2422 2423 2423 2423 2419 2419 2419 2413 2413 2413 2422 2422 2422 2421 2421 2421 2424 2424 2424 2425 2425 2425 2414 2414 2414 2424 2424 2424 2426 2426 2426 2427 2427 2427 2428 2428 2428 2427 2427 2427 2429 2429 2429 2430 2430 2430 2424 2424 2424 2414 2414 2414 2431 2431 2431 2430 2430 2430 2414 2414 2414 2427 2427 2427 2432 2432 2432 2413 2413 2413 2414 2414 2414 2406 2406 2406 2433 2433 2433 2434 2434 2434 2413 2413 2413 2432 2432 2432 2435 2435 2435 2413 2413 2413 2434 2434 2434 2436 2436 2436 2413 2413 2413 2435 2435 2435 2437 2437 2437 2436 2436 2436 2435 2435 2435 2438 2438 2438 2435 2435 2435 2439 2439 2439 2439 2439 2439 2435 2435 2435 2440 2440 2440 2441 2441 2441 2442 2442 2442 2432 2432 2432 2443 2443 2443 2441 2441 2441 2432 2432 2432 2444 2444 2444 2441 2441 2441 2443 2443 2443 2445 2445 2445 2446 2446 2446 2432 2432 2432 2447 2447 2447 2446 2446 2446 2445 2445 2445 2430 2430 2430 2448 2448 2448 2449 2449 2449 2450 2450 2450 2448 2448 2448 2430 2430 2430 2433 2433 2433 2450 2450 2450 2430 2430 2430 2406 2406 2406 2450 2450 2450 2433 2433 2433 2406 2406 2406 2451 2451 2451 2450 2450 2450 2448 2448 2448 2450 2450 2450 2452 2452 2452 2453 2453 2453 2452 2452 2452 2454 2454 2454 2454 2454 2454 2452 2452 2452 2455 2455 2455 2455 2455 2455 2452 2452 2452 2456 2456 2456 2356 2356 2356 2457 2457 2457 2451 2451 2451 2458 2458 2458 2457 2457 2457 2356 2356 2356 334 334 334 2458 2458 2458 2356 2356 2356 2458 2458 2458 2459 2459 2459 2457 2457 2457 2460 2460 2460 2461 2461 2461 2458 2458 2458 2462 2462 2462 2461 2461 2461 2463 2463 2463 2458 2458 2458 2464 2464 2464 2465 2465 2465 2464 2464 2464 2458 2458 2458 2466 2466 2466 2467 2467 2467 2468 2468 2468 2469 2469 2469 2468 2468 2468 2470 2470 2470 2471 2471 2471 2472 2472 2472 2473 2473 2473 2474 2474 2474 2475 2475 2475 2476 2476 2476 2472 2472 2472 1708 1708 1708 2475 2475 2475 2477 2477 2477 2478 2478 2478 1708 1708 1708 2477 2477 2477 2479 2479 2479 1708 1708 1708 2478 2478 2478 2480 2480 2480 1708 1708 1708 2479 2479 2479 2480 2480 2480 2481 2481 2481 2482 2482 2482 2480 2480 2480 2483 2483 2483 2481 2481 2481 2484 2484 2484 2480 2480 2480 2485 2485 2485 2480 2480 2480 2486 2486 2486 2485 2485 2485 2487 2487 2487 2483 2483 2483 2485 2485 2485 2488 2488 2488 2487 2487 2487 2485 2485 2485 2489 2489 2489 2490 2490 2490 2491 2491 2491 2490 2490 2490 2492 2492 2492 2493 2493 2493 2493 2493 2493 2492 2492 2492 2494 2494 2494 2495 2495 2495 2496 2496 2496 2497 2497 2497 2495 2495 2495 2498 2498 2498 2499 2499 2499 2498 2498 2498 2500 2500 2500 2499 2499 2499 2501 2501 2501 2499 2499 2499 2502 2502 2502 2503 2503 2503 2501 2501 2501 2502 2502 2502 2504 2504 2504 2505 2505 2505 2506 2506 2506 2506 2506 2506 2507 2507 2507 2508 2508 2508 2508 2508 2508 2507 2507 2507 2509 2509 2509 2510 2510 2510 2509 2509 2509 2511 2511 2511 2512 2512 2512 2510 2510 2510 2511 2511 2511 2513 2513 2513 2510 2510 2510 2512 2512 2512 2514 2514 2514 2513 2513 2513 2512 2512 2512 2515 2515 2515 2516 2516 2516 2517 2517 2517 2518 2518 2518 2515 2515 2515 2519 2519 2519 2520 2520 2520 2515 2515 2515 2518 2518 2518 2521 2521 2521 2520 2520 2520 2518 2518 2518 2522 2522 2522 2521 2521 2521 2518 2518 2518 2523 2523 2523 2521 2521 2521 2522 2522 2522 2524 2524 2524 2523 2523 2523 2522 2522 2522 2525 2525 2525 2523 2523 2523 2526 2526 2526 2527 2527 2527 2525 2525 2525 2526 2526 2526 2525 2525 2525 2527 2527 2527 2528 2528 2528 2527 2527 2527 2529 2529 2529 2528 2528 2528 2530 2530 2530 2531 2531 2531 2532 2532 2532 2533 2533 2533 2531 2531 2531 2534 2534 2534 2535 2535 2535 2531 2531 2531 2533 2533 2533 2536 2536 2536 2535 2535 2535 2533 2533 2533 2536 2536 2536 2537 2537 2537 2535 2535 2535 2537 2537 2537 2536 2536 2536 2538 2538 2538 2536 2536 2536 2539 2539 2539 2538 2538 2538 2539 2539 2539 2540 2540 2540 2538 2538 2538 2540 2540 2540 2541 2541 2541 2538 2538 2538 2542 2542 2542 2543 2543 2543 2544 2544 2544 2545 2545 2545 2546 2546 2546 2542 2542 2542 2547 2547 2547 2546 2546 2546 2545 2545 2545 2546 2546 2546 2548 2548 2548 2542 2542 2542 2548 2548 2548 2549 2549 2549 2550 2550 2550 2550 2550 2550 2549 2549 2549 2551 2551 2551 2549 2549 2549 2552 2552 2552 2553 2553 2553 2554 2554 2554 2549 2549 2549 2555 2555 2555 2556 2556 2556 2557 2557 2557 2558 2558 2558 2559 2559 2559 2556 2556 2556 2560 2560 2560 2561 2561 2561 2556 2556 2556 2559 2559 2559 2562 2562 2562 2563 2563 2563 2564 2564 2564 2565 2565 2565 2566 2566 2566 2564 2564 2564 2567 2567 2567 2565 2565 2565 2564 2564 2564 2568 2568 2568 2569 2569 2569 2570 2570 2570 2571 2571 2571 2569 2569 2569 2572 2572 2572 2572 2572 2572 2569 2569 2569 2573 2573 2573 2574 2574 2574 2575 2575 2575 2572 2572 2572 2576 2576 2576 2574 2574 2574 2572 2572 2572 2577 2577 2577 2574 2574 2574 2576 2576 2576 2578 2578 2578 2579 2579 2579 2576 2576 2576 2580 2580 2580 2579 2579 2579 2578 2578 2578 2578 2578 2578 2581 2581 2581 2580 2580 2580 2582 2582 2582 2580 2580 2580 2581 2581 2581 2583 2583 2583 2584 2584 2584 2585 2585 2585 2586 2586 2586 2584 2584 2584 2587 2587 2587 2588 2588 2588 2584 2584 2584 2586 2586 2586 2589 2589 2589 2588 2588 2588 2586 2586 2586 2590 2590 2590 2591 2591 2591 2589 2589 2589 2591 2591 2591 2592 2592 2592 2589 2589 2589 2593 2593 2593 2594 2594 2594 2595 2595 2595 2596 2596 2596 2597 2597 2597 2595 2595 2595 2598 2598 2598 2599 2599 2599 2595 2595 2595 2600 2600 2600 2599 2599 2599 2598 2598 2598 2601 2601 2601 2602 2602 2602 2599 2599 2599 2601 2601 2601 2603 2603 2603 2602 2602 2602 2602 2602 2602 2603 2603 2603 2604 2604 2604 2601 2601 2601 2605 2605 2605 2606 2606 2606 2605 2605 2605 2607 2607 2607 2608 2608 2608 2608 2608 2608 2607 2607 2607 2609 2609 2609 2607 2607 2607 2610 2610 2610 2609 2609 2609 2610 2610 2610 2611 2611 2611 2612 2612 2612 2613 2613 2613 2611 2611 2611 2610 2610 2610 2613 2613 2613 2614 2614 2614 2615 2615 2615 2614 2614 2614 2616 2616 2616 2615 2615 2615 2614 2614 2614 2617 2617 2617 2618 2618 2618 2617 2617 2617 2619 2619 2619 2618 2618 2618 2620 2620 2620 2621 2621 2621 2622 2622 2622 2623 2623 2623 2624 2624 2624 2620 2620 2620 2624 2624 2624 2625 2625 2625 2620 2620 2620 2626 2626 2626 2627 2627 2627 2628 2628 2628 2629 2629 2629 2628 2628 2628 2630 2630 2630 2628 2628 2628 2629 2629 2629 2631 2631 2631 2629 2629 2629 2632 2632 2632 2631 2631 2631 2631 2631 2631 2632 2632 2632 2633 2633 2633 2633 2633 2633 2634 2634 2634 2635 2635 2635 2634 2634 2634 2636 2636 2636 2635 2635 2635 2635 2635 2635 2636 2636 2636 2637 2637 2637 2638 2638 2638 2635 2635 2635 2637 2637 2637 2639 2639 2639 2638 2638 2638 2637 2637 2637 2640 2640 2640 2641 2641 2641 2642 2642 2642 2643 2643 2643 2640 2640 2640 2644 2644 2644 2645 2645 2645 2640 2640 2640 2643 2643 2643 2646 2646 2646 2647 2647 2647 2648 2648 2648 2646 2646 2646 2649 2649 2649 2650 2650 2650 2651 2651 2651 2646 2646 2646 2650 2650 2650 2652 2652 2652 2651 2651 2651 2650 2650 2650 2653 2653 2653 2654 2654 2654 2655 2655 2655 2656 2656 2656 2655 2655 2655 2657 2657 2657 2655 2655 2655 2658 2658 2658 2659 2659 2659 2658 2658 2658 2660 2660 2660 2659 2659 2659 2661 2661 2661 2660 2660 2660 2662 2662 2662 2660 2660 2660 2663 2663 2663 2662 2662 2662 2660 2660 2660 2664 2664 2664 2663 2663 2663 2665 2665 2665 2664 2664 2664 2666 2666 2666 2664 2664 2664 2667 2667 2667 2666 2666 2666 2667 2667 2667 2668 2668 2668 2666 2666 2666 2669 2669 2669 2666 2666 2666 2668 2668 2668 2670 2670 2670 2669 2669 2669 2668 2668 2668 2671 2671 2671 2669 2669 2669 2670 2670 2670 2672 2672 2672 2673 2673 2673 2674 2674 2674 2673 2673 2673 2675 2675 2675 2674 2674 2674 2676 2676 2676 2677 2677 2677 2675 2675 2675 2678 2678 2678 2676 2676 2676 2675 2675 2675 2679 2679 2679 2676 2676 2676 2678 2678 2678 2680 2680 2680 2679 2679 2679 2678 2678 2678 2681 2681 2681 2680 2680 2680 2682 2682 2682 2683 2683 2683 2680 2680 2680 2681 2681 2681 2684 2684 2684 2683 2683 2683 2681 2681 2681 2685 2685 2685 2684 2684 2684 2681 2681 2681 2686 2686 2686 2681 2681 2681 2687 2687 2687 2688 2688 2688 2686 2686 2686 2687 2687 2687 2689 2689 2689 2688 2688 2688 2690 2690 2690 2690 2690 2690 2688 2688 2688 2691 2691 2691 2692 2692 2692 2693 2693 2693 2694 2694 2694 2694 2694 2694 2693 2693 2693 2695 2695 2695 2696 2696 2696 2697 2697 2697 2695 2695 2695 2695 2695 2695 2697 2697 2697 2698 2698 2698 2698 2698 2698 2699 2699 2699 2700 2700 2700 2701 2701 2701 2698 2698 2698 2700 2700 2700 2702 2702 2702 2703 2703 2703 2704 2704 2704 2704 2704 2704 2703 2703 2703 2705 2705 2705 2706 2706 2706 2707 2707 2707 2708 2708 2708 2709 2709 2709 2707 2707 2707 2706 2706 2706 2710 2710 2710 2709 2709 2709 2711 2711 2711 2712 2712 2712 2710 2710 2710 2711 2711 2711 2710 2710 2710 2712 2712 2712 2713 2713 2713 2714 2714 2714 2715 2715 2715 2716 2716 2716 2715 2715 2715 2717 2717 2717 2716 2716 2716 2718 2718 2718 2719 2719 2719 2717 2717 2717 2719 2719 2719 2720 2720 2720 2717 2717 2717 2721 2721 2721 2722 2722 2722 2723 2723 2723 2724 2724 2724 2725 2725 2725 2721 2721 2721 2726 2726 2726 2725 2725 2725 2724 2724 2724 2722 2722 2722 2727 2727 2727 2728 2728 2728 2728 2728 2728 2727 2727 2727 2729 2729 2729 2727 2727 2727 2730 2730 2730 2731 2731 2731 2731 2731 2731 2730 2730 2730 2732 2732 2732 2733 2733 2733 2734 2734 2734 2735 2735 2735 2734 2734 2734 2736 2736 2736 2735 2735 2735 2737 2737 2737 2736 2736 2736 2738 2738 2738 2739 2739 2739 2737 2737 2737 2738 2738 2738 2738 2738 2738 2740 2740 2740 2739 2739 2739 2739 2739 2739 2740 2740 2740 2741 2741 2741 2740 2740 2740 2742 2742 2742 2741 2741 2741 2743 2743 2743 2742 2742 2742 2744 2744 2744 2742 2742 2742 2745 2745 2745 2744 2744 2744 2746 2746 2746 2747 2747 2747 2748 2748 2748 2747 2747 2747 2749 2749 2749 2748 2748 2748 2750 2750 2750 2751 2751 2751 2752 2752 2752 2752 2752 2752 2751 2751 2751 2753 2753 2753 2754 2754 2754 2755 2755 2755 2756 2756 2756 2757 2757 2757 2754 2754 2754 2756 2756 2756 2758 2758 2758 2757 2757 2757 2759 2759 2759 2760 2760 2760 2758 2758 2758 2759 2759 2759 2761 2761 2761 2762 2762 2762 2759 2759 2759 2763 2763 2763 2761 2761 2761 2759 2759 2759 2764 2764 2764 2765 2765 2765 2761 2761 2761 2761 2761 2761 2765 2765 2765 2766 2766 2766 2767 2767 2767 2768 2768 2768 2769 2769 2769 2769 2769 2769 2768 2768 2768 2770 2770 2770 2770 2770 2770 2771 2771 2771 2772 2772 2772 2770 2770 2770 2773 2773 2773 2771 2771 2771 2774 2774 2774 2775 2775 2775 2776 2776 2776 2775 2775 2775 2777 2777 2777 2776 2776 2776 2778 2778 2778 2779 2779 2779 2780 2780 2780 2781 2781 2781 2779 2779 2779 2778 2778 2778 2782 2782 2782 2781 2781 2781 2783 2783 2783 2784 2784 2784 2785 2785 2785 2782 2782 2782 2786 2786 2786 2784 2784 2784 2782 2782 2782 2787 2787 2787 2788 2788 2788 2789 2789 2789 2789 2789 2789 2788 2788 2788 2790 2790 2790 2791 2791 2791 2792 2792 2792 2793 2793 2793 2794 2794 2794 2792 2792 2792 2791 2791 2791 2794 2794 2794 2795 2795 2795 2796 2796 2796 2797 2797 2797 2795 2795 2795 2794 2794 2794 2798 2798 2798 2799 2799 2799 2795 2795 2795 2800 2800 2800 2798 2798 2798 2795 2795 2795 2801 2801 2801 2798 2798 2798 2800 2800 2800 2802 2802 2802 2801 2801 2801 2800 2800 2800 534 534 534 2801 2801 2801 2802 2802 2802 2803 2803 2803 534 534 534 2802 2802 2802 2803 2803 2803 2804 2804 2804 2805 2805 2805 2806 2806 2806 2803 2803 2803 2805 2805 2805 2807 2807 2807 2805 2805 2805 2808 2808 2808 2809 2809 2809 2807 2807 2807 2808 2808 2808 1753 1753 1753 2810 2810 2810 2809 2809 2809 2811 2811 2811 1753 1753 1753 2809 2809 2809 2812 2812 2812 1753 1753 1753 2811 2811 2811 2813 2813 2813 1753 1753 1753 2812 2812 2812 2814 2814 2814 1753 1753 1753 2813 2813 2813 2815 2815 2815 2816 2816 2816 2813 2813 2813 2816 2816 2816 2815 2815 2815 2817 2817 2817 2815 2815 2815 2818 2818 2818 2817 2817 2817 2819 2819 2819 2820 2820 2820 2821 2821 2821 2820 2820 2820 2822 2822 2822 2821 2821 2821 2823 2823 2823 2824 2824 2824 2825 2825 2825 2826 2826 2826 2824 2824 2824 2823 2823 2823 2827 2827 2827 2828 2828 2828 2826 2826 2826 2829 2829 2829 2826 2826 2826 2828 2828 2828 2830 2830 2830 2829 2829 2829 2828 2828 2828 2830 2830 2830 2831 2831 2831 2832 2832 2832 2833 2833 2833 2831 2831 2831 2830 2830 2830 2834 2834 2834 2831 2831 2831 2833 2833 2833 2835 2835 2835 2834 2834 2834 2833 2833 2833 2836 2836 2836 2837 2837 2837 2838 2838 2838 2837 2837 2837 2839 2839 2839 2838 2838 2838 2839 2839 2839 2840 2840 2840 2841 2841 2841 2842 2842 2842 2841 2841 2841 2840 2840 2840 2843 2843 2843 2842 2842 2842 2840 2840 2840 2844 2844 2844 2845 2845 2845 2846 2846 2846 2846 2846 2846 2845 2845 2845 2847 2847 2847 2848 2848 2848 2849 2849 2849 2850 2850 2850 2850 2850 2850 2849 2849 2849 2851 2851 2851 2852 2852 2852 2853 2853 2853 2854 2854 2854 2855 2855 2855 2852 2852 2852 2854 2854 2854 2856 2856 2856 2857 2857 2857 2855 2855 2855 2858 2858 2858 2856 2856 2856 2855 2855 2855 2859 2859 2859 2858 2858 2858 2855 2855 2855 2860 2860 2860 2861 2861 2861 2862 2862 2862 2861 2861 2861 2863 2863 2863 2862 2862 2862 2864 2864 2864 2865 2865 2865 2866 2866 2866 2866 2866 2866 2865 2865 2865 2867 2867 2867 2868 2868 2868 2867 2867 2867 2869 2869 2869 2870 2870 2870 2867 2867 2867 2868 2868 2868 2871 2871 2871 2872 2872 2872 2873 2873 2873 2873 2873 2873 2872 2872 2872 2874 2874 2874 2875 2875 2875 2876 2876 2876 2877 2877 2877 2876 2876 2876 2878 2878 2878 2877 2877 2877 2879 2879 2879 2878 2878 2878 2880 2880 2880 2878 2878 2878 2881 2881 2881 2880 2880 2880 2882 2882 2882 2881 2881 2881 2883 2883 2883 2881 2881 2881 2884 2884 2884 2883 2883 2883 2885 2885 2885 2886 2886 2886 2883 2883 2883 2883 2883 2883 2886 2886 2886 2887 2887 2887 2888 2888 2888 2887 2887 2887 2886 2886 2886 2889 2889 2889 2888 2888 2888 2886 2886 2886 2890 2890 2890 2888 2888 2888 2889 2889 2889 2891 2891 2891 2888 2888 2888 2890 2890 2890 2892 2892 2892 2891 2891 2891 2893 2893 2893 2894 2894 2894 2891 2891 2891 2892 2892 2892 2895 2895 2895 2891 2891 2891 2894 2894 2894 2896 2896 2896 2895 2895 2895 2894 2894 2894 2897 2897 2897 2895 2895 2895 2896 2896 2896 2898 2898 2898 2897 2897 2897 2896 2896 2896 2899 2899 2899 2897 2897 2897 2898 2898 2898 2900 2900 2900 2899 2899 2899 2898 2898 2898 2901 2901 2901 2900 2900 2900 2902 2902 2902 2903 2903 2903 2900 2900 2900 2901 2901 2901 2904 2904 2904 2900 2900 2900 2903 2903 2903 2905 2905 2905 2906 2906 2906 2903 2903 2903 2907 2907 2907 2906 2906 2906 2905 2905 2905 2908 2908 2908 2907 2907 2907 2905 2905 2905 2909 2909 2909 2910 2910 2910 2911 2911 2911 2911 2911 2911 2910 2910 2910 2912 2912 2912 2913 2913 2913 2914 2914 2914 2911 2911 2911 2915 2915 2915 2914 2914 2914 2913 2913 2913 2915 2915 2915 2913 2913 2913 2916 2916 2916 2913 2913 2913 2917 2917 2917 2916 2916 2916 2918 2918 2918 2919 2919 2919 2920 2920 2920 2919 2919 2919 2921 2921 2921 2920 2920 2920 2920 2920 2920 2921 2921 2921 2922 2922 2922 2921 2921 2921 2923 2923 2923 2922 2922 2922 2924 2924 2924 2925 2925 2925 2926 2926 2926 2925 2925 2925 2927 2927 2927 2926 2926 2926 2926 2926 2926 2927 2927 2927 2928 2928 2928 2927 2927 2927 2929 2929 2929 2928 2928 2928 2930 2930 2930 2931 2931 2931 2932 2932 2932 2931 2931 2931 2933 2933 2933 2932 2932 2932 2932 2932 2932 2933 2933 2933 2934 2934 2934 2934 2934 2934 2933 2933 2933 2935 2935 2935 2933 2933 2933 2936 2936 2936 2935 2935 2935 2936 2936 2936 2937 2937 2937 2935 2935 2935 2935 2935 2935 2937 2937 2937 2938 2938 2938 2939 2939 2939 2940 2940 2940 2938 2938 2938 2938 2938 2938 2940 2940 2940 2941 2941 2941 2940 2940 2940 2942 2942 2942 2941 2941 2941 2941 2941 2941 2942 2942 2942 2943 2943 2943 2942 2942 2942 2944 2944 2944 2943 2943 2943 2943 2943 2943 2944 2944 2944 2945 2945 2945 2944 2944 2944 2946 2946 2946 2945 2945 2945 2945 2945 2945 2946 2946 2946 2947 2947 2947 2947 2947 2947 2946 2946 2946 2948 2948 2948 2946 2946 2946 2949 2949 2949 2948 2948 2948 2948 2948 2948 2949 2949 2949 2950 2950 2950 2949 2949 2949 2951 2951 2951 2950 2950 2950 2950 2950 2950 2951 2951 2951 2952 2952 2952 2951 2951 2951 2953 2953 2953 2952 2952 2952 2952 2952 2952 2954 2954 2954 2955 2955 2955 2954 2954 2954 2956 2956 2956 2955 2955 2955 2956 2956 2956 2957 2957 2957 2955 2955 2955 2956 2956 2956 2958 2958 2958 2957 2957 2957 2958 2958 2958 2959 2959 2959 2957 2957 2957 2957 2957 2957 2959 2959 2959 2960 2960 2960 2959 2959 2959 2961 2961 2961 2960 2960 2960 2962 2962 2962 2961 2961 2961 2963 2963 2963 2961 2961 2961 2964 2964 2964 2963 2963 2963 2965 2965 2965 2966 2966 2966 2967 2967 2967 2966 2966 2966 2968 2968 2968 2967 2967 2967 2967 2967 2967 2968 2968 2968 2969 2969 2969 2968 2968 2968 2970 2970 2970 2969 2969 2969 2969 2969 2969 2970 2970 2970 2971 2971 2971 2970 2970 2970 2972 2972 2972 2971 2971 2971 2971 2971 2971 2972 2972 2972 2973 2973 2973 2972 2972 2972 2974 2974 2974 2973 2973 2973 2973 2973 2973 2974 2974 2974 2975 2975 2975 2976 2976 2976 2975 2975 2975 2977 2977 2977 2978 2978 2978 2976 2976 2976 2977 2977 2977 2979 2979 2979 2976 2976 2976 2978 2978 2978 2979 2979 2979 2980 2980 2980 2981 2981 2981 2980 2980 2980 2982 2982 2982 2981 2981 2981 2983 2983 2983 2982 2982 2982 2984 2984 2984 2982 2982 2982 2985 2985 2985 2984 2984 2984 2984 2984 2984 2985 2985 2985 2986 2986 2986 2987 2987 2987 2984 2984 2984 2988 2988 2988 2989 2989 2989 2987 2987 2987 2988 2988 2988 2990 2990 2990 2989 2989 2989 2991 2991 2991 2989 2989 2989 2992 2992 2992 2991 2991 2991 2992 2992 2992 2993 2993 2993 2991 2991 2991 2994 2994 2994 2993 2993 2993 2992 2992 2992 2995 2995 2995 2994 2994 2994 2992 2992 2992 2996 2996 2996 2997 2997 2997 2998 2998 2998 2997 2997 2997 2999 2999 2999 2998 2998 2998 2998 2998 2998 2999 2999 2999 3000 3000 3000 2999 2999 2999 3001 3001 3001 3000 3000 3000 3000 3000 3000 3001 3001 3001 3002 3002 3002 3003 3003 3003 3002 3002 3002 3001 3001 3001 3004 3004 3004 3003 3003 3003 3001 3001 3001 3005 3005 3005 3006 3006 3006 3007 3007 3007 3006 3006 3006 3008 3008 3008 3007 3007 3007 3009 3009 3009 3007 3007 3007 3010 3010 3010 3009 3009 3009 3010 3010 3010 3011 3011 3011 3012 3012 3012 3013 3013 3013 3011 3011 3011 3012 3012 3012 3011 3011 3011 3014 3014 3014 3015 3015 3015 3014 3014 3014 3011 3011 3011 3016 3016 3016 3017 3017 3017 3018 3018 3018 3019 3019 3019 3020 3020 3020 3018 3018 3018 3018 3018 3018 3020 3020 3020 3021 3021 3021 3022 3022 3022 3021 3021 3021 3023 3023 3023 3022 3022 3022 3023 3023 3023 3024 3024 3024 3023 3023 3023 3025 3025 3025 3024 3024 3024 3024 3024 3024 3026 3026 3026 3027 3027 3027 3026 3026 3026 3028 3028 3028 3029 3029 3029 3029 3029 3029 3028 3028 3028 3030 3030 3030 3030 3030 3030 3028 3028 3028 3031 3031 3031 3028 3028 3028 3032 3032 3032 3031 3031 3031 3033 3033 3033 3017 3017 3017 3034 3034 3034 3035 3035 3035 3033 3033 3033 3034 3034 3034 3036 3036 3036 3033 3033 3033 3035 3035 3035 3033 3033 3033 3036 3036 3036 3037 3037 3037 3036 3036 3036 3038 3038 3038 3037 3037 3037 3039 3039 3039 3037 3037 3037 3038 3038 3038 3040 3040 3040 3039 3039 3039 3038 3038 3038 3041 3041 3041 3039 3039 3039 3040 3040 3040 3042 3042 3042 3041 3041 3041 3040 3040 3040 3043 3043 3043 3044 3044 3044 3042 3042 3042 3042 3042 3042 3045 3045 3045 3043 3043 3043 3045 3045 3045 3046 3046 3046 3043 3043 3043 3043 3043 3043 3046 3046 3046 3047 3047 3047 3047 3047 3047 3046 3046 3046 3048 3048 3048 3048 3048 3048 3046 3046 3046 3049 3049 3049 3046 3046 3046 3050 3050 3050 3049 3049 3049 3051 3051 3051 3052 3052 3052 3053 3053 3053 3052 3052 3052 3051 3051 3051 3054 3054 3054 3051 3051 3051 3055 3055 3055 3054 3054 3054 3055 3055 3055 3056 3056 3056 3054 3054 3054 3054 3054 3054 3056 3056 3056 3057 3057 3057 3056 3056 3056 3058 3058 3058 3057 3057 3057 3059 3059 3059 3060 3060 3060 3061 3061 3061 3061 3061 3061 3062 3062 3062 3059 3059 3059 3059 3059 3059 3062 3062 3062 3063 3063 3063 3062 3062 3062 3064 3064 3064 3063 3063 3063 3063 3063 3063 3065 3065 3065 3066 3066 3066 3065 3065 3065 3067 3067 3067 3066 3066 3066 3067 3067 3067 3068 3068 3068 3066 3066 3066 3068 3068 3068 3069 3069 3069 3070 3070 3070 3071 3071 3071 3068 3068 3068 3070 3070 3070 3072 3072 3072 3073 3073 3073 3074 3074 3074 3075 3075 3075 3072 3072 3072 3074 3074 3074 3076 3076 3076 3072 3072 3072 3075 3075 3075 3077 3077 3077 3076 3076 3076 3075 3075 3075 3078 3078 3078 3079 3079 3079 3076 3076 3076 3080 3080 3080 3079 3079 3079 3078 3078 3078 3081 3081 3081 3079 3079 3079 3080 3080 3080 3082 3082 3082 3081 3081 3081 3080 3080 3080 3083 3083 3083 3082 3082 3082 3080 3080 3080 3084 3084 3084 3085 3085 3085 3086 3086 3086 3086 3086 3086 3085 3085 3085 3087 3087 3087 3087 3087 3087 3085 3085 3085 3088 3088 3088 3089 3089 3089 3090 3090 3090 3087 3087 3087 3087 3087 3087 3090 3090 3090 3091 3091 3091 3092 3092 3092 3093 3093 3093 3094 3094 3094 3094 3094 3094 3093 3093 3093 3095 3095 3095 3093 3093 3093 3096 3096 3096 3095 3095 3095 3097 3097 3097 3095 3095 3095 3098 3098 3098 3095 3095 3095 3096 3096 3096 3098 3098 3098 3098 3098 3098 3096 3096 3096 3099 3099 3099 3099 3099 3099 3096 3096 3096 3100 3100 3100 3101 3101 3101 3102 3102 3102 3103 3103 3103 3102 3102 3102 3104 3104 3104 3103 3103 3103 3105 3105 3105 3102 3102 3102 3106 3106 3106 3107 3107 3107 3105 3105 3105 3106 3106 3106 3108 3108 3108 3105 3105 3105 3107 3107 3107 3109 3109 3109 3110 3110 3110 3108 3108 3108 3108 3108 3108 3110 3110 3110 3111 3111 3111 3112 3112 3112 3108 3108 3108 3111 3111 3111 3113 3113 3113 3112 3112 3112 3111 3111 3111 3114 3114 3114 3115 3115 3115 3111 3111 3111 3116 3116 3116 3114 3114 3114 3111 3111 3111 3117 3117 3117 3114 3114 3114 3116 3116 3116 3118 3118 3118 3119 3119 3119 3120 3120 3120 3121 3121 3121 3118 3118 3118 3120 3120 3120 3122 3122 3122 3118 3118 3118 3121 3121 3121 3123 3123 3123 3122 3122 3122 3121 3121 3121 3124 3124 3124 3122 3122 3122 3123 3123 3123 3125 3125 3125 3122 3122 3122 3124 3124 3124 3126 3126 3126 3125 3125 3125 3124 3124 3124 3127 3127 3127 3125 3125 3125 3126 3126 3126 3128 3128 3128 3127 3127 3127 3126 3126 3126 3129 3129 3129 3127 3127 3127 3128 3128 3128 3130 3130 3130 3131 3131 3131 3132 3132 3132 3133 3133 3133 3130 3130 3130 3132 3132 3132 3134 3134 3134 3130 3130 3130 3133 3133 3133 3135 3135 3135 3134 3134 3134 3136 3136 3136 3137 3137 3137 3135 3135 3135 3136 3136 3136 3138 3138 3138 3135 3135 3135 3137 3137 3137 3139 3139 3139 3138 3138 3138 3137 3137 3137 3140 3140 3140 3141 3141 3141 3139 3139 3139 3142 3142 3142 3140 3140 3140 3139 3139 3139 3143 3143 3143 3140 3140 3140 3142 3142 3142 3144 3144 3144 3143 3143 3143 3142 3142 3142 3145 3145 3145 3143 3143 3143 3144 3144 3144 3146 3146 3146 3147 3147 3147 3145 3145 3145 3148 3148 3148 3145 3145 3145 3147 3147 3147 3147 3147 3147 3149 3149 3149 3148 3148 3148 3150 3150 3150 3151 3151 3151 3152 3152 3152 3151 3151 3151 3150 3150 3150 3153 3153 3153 3150 3150 3150 3154 3154 3154 3153 3153 3153 3155 3155 3155 3153 3153 3153 3154 3154 3154 3156 3156 3156 3155 3155 3155 3154 3154 3154 3154 3154 3154 3157 3157 3157 3156 3156 3156 3158 3158 3158 3159 3159 3159 3160 3160 3160 3161 3161 3161 3158 3158 3158 3160 3160 3160 3162 3162 3162 3158 3158 3158 3161 3161 3161 3163 3163 3163 3162 3162 3162 3161 3161 3161 3164 3164 3164 3163 3163 3163 3161 3161 3161 3165 3165 3165 3166 3166 3166 3167 3167 3167 3167 3167 3167 3166 3166 3166 3168 3168 3168 3166 3166 3166 3169 3169 3169 3168 3168 3168 3170 3170 3170 3171 3171 3171 3169 3169 3169 3169 3169 3169 3172 3172 3172 3170 3170 3170 3172 3172 3172 3173 3173 3173 3170 3170 3170 3170 3170 3170 3173 3173 3173 3174 3174 3174 3173 3173 3173 3175 3175 3175 3174 3174 3174 3174 3174 3174 3175 3175 3175 3176 3176 3176 3176 3176 3176 3175 3175 3175 3177 3177 3177 3175 3175 3175 3178 3178 3178 3177 3177 3177 3177 3177 3177 3178 3178 3178 3179 3179 3179 3178 3178 3178 3180 3180 3180 3179 3179 3179 1347 1347 1347 3181 3181 3181 1380 1380 1380 1380 1380 1380 3181 3181 3181 3182 3182 3182 3183 3183 3183 3181 3181 3181 3184 3184 3184 3181 3181 3181 1333 1333 1333 3184 3184 3184 1333 1333 1333 3185 3185 3185 3184 3184 3184 3185 3185 3185 3186 3186 3186 3184 3184 3184 3187 3187 3187 3183 3183 3183 3184 3184 3184 3184 3184 3184 3186 3186 3186 3188 3188 3188 3186 3186 3186 3189 3189 3189 3188 3188 3188 3189 3189 3189 1324 1324 1324 3187 3187 3187 1324 1324 1324 1339 1339 1339 3187 3187 3187 3190 3190 3190 3187 3187 3187 1339 1339 1339 3190 3190 3190 1339 1339 1339 1330 1330 1330 1330 1330 1330 3191 3191 3191 3190 3190 3190 940 940 940 3191 3191 3191 1330 1330 1330 3192 3192 3192 3193 3193 3193 3187 3187 3187 3187 3187 3187 3194 3194 3194 3192 3192 3192 3194 3194 3194 3191 3191 3191 3192 3192 3192 3192 3192 3192 3191 3191 3191 3195 3195 3195 3195 3195 3195 3196 3196 3196 3192 3192 3192 3196 3196 3196 3197 3197 3197 3192 3192 3192 3198 3198 3198 3197 3197 3197 3196 3196 3196 3192 3192 3192 3197 3197 3197 3199 3199 3199 3200 3200 3200 3201 3201 3201 3202 3202 3202 3201 3201 3201 3203 3203 3203 3202 3202 3202 3204 3204 3204 3205 3205 3205 3202 3202 3202 3206 3206 3206 3204 3204 3204 3202 3202 3202 3207 3207 3207 3208 3208 3208 441 441 441 3209 3209 3209 3207 3207 3207 441 441 441 441 441 441 3210 3210 3210 3209 3209 3209 3210 3210 3210 441 441 441 436 436 436 436 436 436 452 452 452 3210 3210 3210 3209 3209 3209 3211 3211 3211 3212 3212 3212 3210 3210 3210 3211 3211 3211 3209 3209 3209 452 452 452 3213 3213 3213 3210 3210 3210 3210 3210 3210 3213 3213 3213 3211 3211 3211 541 541 541 3213 3213 3213 452 452 452 539 539 539 3213 3213 3213 541 541 541 3211 3211 3211 3213 3213 3213 3214 3214 3214 3215 3215 3215 3214 3214 3214 3213 3213 3213 3213 3213 3213 539 539 539 3216 3216 3216 3217 3217 3217 3214 3214 3214 3215 3215 3215 3216 3216 3216 539 539 539 3217 3217 3217 3217 3217 3217 539 539 539 3218 3218 3218 520 520 520 3217 3217 3217 3218 3218 3218 3217 3217 3217 520 520 520 3219 3219 3219 3220 3220 3220 3217 3217 3217 3219 3219 3219 3221 3221 3221 3217 3217 3217 3220 3220 3220 3222 3222 3222 3217 3217 3217 3221 3221 3221 3211 3211 3211 3222 3222 3222 3221 3221 3221 3223 3223 3223 3224 3224 3224 3225 3225 3225 3225 3225 3225 3224 3224 3224 388 388 388 3225 3225 3225 388 388 388 399 399 399 3226 3226 3226 3227 3227 3227 3225 3225 3225 3226 3226 3226 3228 3228 3228 3227 3227 3227 399 399 399 3226 3226 3226 3229 3229 3229 342 342 342 3226 3226 3226 399 399 399 342 342 342 399 399 399 3230 3230 3230 3231 3231 3231 342 342 342 3230 3230 3230 3230 3230 3230 399 399 399 3232 3232 3232 419 419 419 3230 3230 3230 3232 3232 3232 3233 3233 3233 3230 3230 3230 419 419 419 3234 3234 3234 3235 3235 3235 3236 3236 3236 3235 3235 3235 3237 3237 3237 3236 3236 3236 3237 3237 3237 3238 3238 3238 3236 3236 3236 3236 3236 3236 3238 3238 3238 3239 3239 3239 3240 3240 3240 3241 3241 3241 3242 3242 3242 3243 3243 3243 3244 3244 3244 3245 3245 3245 3246 3246 3246 3247 3247 3247 3248 3248 3248 3249 3249 3249 3250 3250 3250 3251 3251 3251 3252 3252 3252 3253 3253 3253 3254 3254 3254 3255 3255 3255 3256 3256 3256 3257 3257 3257 3258 3258 3258 3259 3259 3259 3260 3260 3260 3261 3261 3261 3262 3262 3262 3263 3263 3263 3264 3264 3264 3265 3265 3265 3266 3266 3266 3267 3267 3267 3268 3268 3268 3269 3269 3269 3270 3270 3270 3271 3271 3271 3272 3272 3272 3273 3273 3273 3274 3274 3274 3275 3275 3275 3276 3276 3276 3277 3277 3277 3278 3278 3278 3279 3279 3279 3280 3280 3280 3281 3281 3281 3282 3282 3282 3283 3283 3283 3284 3284 3284 3285 3285 3285 3286 3286 3286 3287 3287 3287 3288 3288 3288 3289 3289 3289 3290 3290 3290 3291 3291 3291 3292 3292 3292 3293 3293 3293 3294 3294 3294 3295 3295 3295 3296 3296 3296 3297 3297 3297 3298 3298 3298 3299 3299 3299 3300 3300 3300 3301 3301 3301 3302 3302 3302 3303 3303 3303 3304 3304 3304 3305 3305 3305 3306 3306 3306 3307 3307 3307 3308 3308 3308 3309 3309 3309 3310 3310 3310 3311 3311 3311 3312 3312 3312 3313 3313 3313 3314 3314 3314 3313 3313 3313 3315 3315 3315 3316 3316 3316 3316 3316 3316 3315 3315 3315 3317 3317 3317 3316 3316 3316 3317 3317 3317 3318 3318 3318 3317 3317 3317 3319 3319 3319 3318 3318 3318 3318 3318 3318 3319 3319 3319 3320 3320 3320 3319 3319 3319 3321 3321 3321 3320 3320 3320 3322 3322 3322 3320 3320 3320 3323 3323 3323 3324 3324 3324 3322 3322 3322 3323 3323 3323 3321 3321 3321 3325 3325 3325 3326 3326 3326 3326 3326 3326 3325 3325 3325 3327 3327 3327 3325 3325 3325 3328 3328 3328 3327 3327 3327 3327 3327 3327 3328 3328 3328 3329 3329 3329 3328 3328 3328 3330 3330 3330 3329 3329 3329 3330 3330 3330 3331 3331 3331 3329 3329 3329 3332 3332 3332 3333 3333 3333 3334 3334 3334 3335 3335 3335 3334 3334 3334 3336 3336 3336 3337 3337 3337 3338 3338 3338 3339 3339 3339 3339 3339 3339 3340 3340 3340 3341 3341 3341 3342 3342 3342 3340 3340 3340 3343 3343 3343 3344 3344 3344 3342 3342 3342 3345 3345 3345 3342 3342 3342 3346 3346 3346 3345 3345 3345 3346 3346 3346 3347 3347 3347 3345 3345 3345 3345 3345 3345 3347 3347 3347 3348 3348 3348 3349 3349 3349 3348 3348 3348 3350 3350 3350 3351 3351 3351 3349 3349 3349 3350 3350 3350 3352 3352 3352 3349 3349 3349 3351 3351 3351 3353 3353 3353 3350 3350 3350 3354 3354 3354 3355 3355 3355 3349 3349 3349 3352 3352 3352 3356 3356 3356 3355 3355 3355 3352 3352 3352 3357 3357 3357 3355 3355 3355 3356 3356 3356 3358 3358 3358 3357 3357 3357 3359 3359 3359 3360 3360 3360 3359 3359 3359 3361 3361 3361 3361 3361 3361 3362 3362 3362 3360 3360 3360 3363 3363 3363 3354 3354 3354 3364 3364 3364 3365 3365 3365 3363 3363 3363 3364 3364 3364 3354 3354 3354 3366 3366 3366 3364 3364 3364 3365 3365 3365 3364 3364 3364 3367 3367 3367 3364 3364 3364 3366 3366 3366 3368 3368 3368 3364 3364 3364 3368 3368 3368 3367 3367 3367 3369 3369 3369 3367 3367 3367 3370 3370 3370 3367 3367 3367 3368 3368 3368 3370 3370 3370 3371 3371 3371 3367 3367 3367 3372 3372 3372 3372 3372 3372 3367 3367 3367 3373 3373 3373 3370 3370 3370 3374 3374 3374 3373 3373 3373 3375 3375 3375 3376 3376 3376 3370 3370 3370 3377 3377 3377 3376 3376 3376 3378 3378 3378 3373 3373 3373 3374 3374 3374 3379 3379 3379 3372 3372 3372 3373 3373 3373 3379 3379 3379 3380 3380 3380 3381 3381 3381 3374 3374 3374 3382 3382 3382 3372 3372 3372 3379 3379 3379 3383 3383 3383 3372 3372 3372 3382 3382 3382 3382 3382 3382 3384 3384 3384 3383 3383 3383 3385 3385 3385 3386 3386 3386 3372 3372 3372 3383 3383 3383 3384 3384 3384 3386 3386 3386 3372 3372 3372 3386 3386 3386 3387 3387 3387 3386 3386 3386 3388 3388 3388 3387 3387 3387 3382 3382 3382 3389 3389 3389 3384 3384 3384 3386 3386 3386 3390 3390 3390 3388 3388 3388 3388 3388 3388 3390 3390 3390 3391 3391 3391 3384 3384 3384 3390 3390 3390 3386 3386 3386 3390 3390 3390 3384 3384 3384 3392 3392 3392 3392 3392 3392 3384 3384 3384 3393 3393 3393 3389 3389 3389 3393 3393 3393 3384 3384 3384 3389 3389 3389 3394 3394 3394 3393 3393 3393 3380 3380 3380 3395 3395 3395 3389 3389 3389 3395 3395 3395 3396 3396 3396 3389 3389 3389 3389 3389 3389 3396 3396 3396 3397 3397 3397 3389 3389 3389 3397 3397 3397 3394 3394 3394 3396 3396 3396 3398 3398 3398 3397 3397 3397 3397 3397 3397 3398 3398 3398 3394 3394 3394 3398 3398 3398 3399 3399 3399 3394 3394 3394 3394 3394 3394 3399 3399 3399 3400 3400 3400 3400 3400 3400 3399 3399 3399 3401 3401 3401 3401 3401 3401 3399 3399 3399 3402 3402 3402 3395 3395 3395 3403 3403 3403 3404 3404 3404 3403 3403 3403 3374 3374 3374 3404 3404 3404 3374 3374 3374 3405 3405 3405 3404 3404 3404 3406 3406 3406 3404 3404 3404 3405 3405 3405 3407 3407 3407 3404 3404 3404 3406 3406 3406 3408 3408 3408 3407 3407 3407 3406 3406 3406 3409 3409 3409 3404 3404 3404 3407 3407 3407 3376 3376 3376 3410 3410 3410 3405 3405 3405 3411 3411 3411 3376 3376 3376 3405 3405 3405 3376 3376 3376 3408 3408 3408 3412 3412 3412 3413 3413 3413 3414 3414 3414 3409 3409 3409 3409 3409 3409 3414 3414 3414 3415 3415 3415 3416 3416 3416 3408 3408 3408 3376 3376 3376 3368 3368 3368 3416 3416 3416 3376 3376 3376 3417 3417 3417 3408 3408 3408 3416 3416 3416 3366 3366 3366 3416 3416 3416 3368 3368 3368 3418 3418 3418 3417 3417 3417 3407 3407 3407 3416 3416 3416 3366 3366 3366 3419 3419 3419 3417 3417 3417 3416 3416 3416 3420 3420 3420 3416 3416 3416 3419 3419 3419 3420 3420 3420 3421 3421 3421 3417 3417 3417 3420 3420 3420 3417 3417 3417 3421 3421 3421 3422 3422 3422 3420 3420 3420 3419 3419 3419 3423 3423 3423 3417 3417 3417 3422 3422 3422 3424 3424 3424 3417 3417 3417 3424 3424 3424 3407 3407 3407 3419 3419 3419 3425 3425 3425 3423 3423 3423 3423 3423 3423 3425 3425 3425 3426 3426 3426 3426 3426 3426 3425 3425 3425 3427 3427 3427 3425 3425 3425 3428 3428 3428 3427 3427 3427 3429 3429 3429 3425 3425 3425 3430 3430 3430 3419 3419 3419 3431 3431 3431 3425 3425 3425 3419 3419 3419 3366 3366 3366 3431 3431 3431 3425 3425 3425 3431 3431 3431 3432 3432 3432 3431 3431 3431 3433 3433 3433 3432 3432 3432 3366 3366 3366 3434 3434 3434 3431 3431 3431 3431 3431 3431 3434 3434 3434 3435 3435 3435 3434 3434 3434 3436 3436 3436 3435 3435 3435 3437 3437 3437 3438 3438 3438 3424 3424 3424 3438 3438 3438 3439 3439 3439 3424 3424 3424 3424 3424 3424 3439 3439 3439 3440 3440 3440 3441 3441 3441 3439 3439 3439 3442 3442 3442 3443 3443 3443 3439 3439 3439 3441 3441 3441 3444 3444 3444 3443 3443 3443 3441 3441 3441 3424 3424 3424 3443 3443 3443 3444 3444 3444 3407 3407 3407 3424 3424 3424 3444 3444 3444 3444 3444 3444 3409 3409 3409 3407 3407 3407 3445 3445 3445 3409 3409 3409 3444 3444 3444 3445 3445 3445 3446 3446 3446 3447 3447 3447 3448 3448 3448 3446 3446 3446 3445 3445 3445 3448 3448 3448 3445 3445 3445 3444 3444 3444 3449 3449 3449 3446 3446 3446 3448 3448 3448 3450 3450 3450 3448 3448 3448 3444 3444 3444 3451 3451 3451 3450 3450 3450 3444 3444 3444 3451 3451 3451 3442 3442 3442 3452 3452 3452 3453 3453 3453 3448 3448 3448 3450 3450 3450 3454 3454 3454 3453 3453 3453 3450 3450 3450 3454 3454 3454 3451 3451 3451 3452 3452 3452 3454 3454 3454 3452 3452 3452 3455 3455 3455 3456 3456 3456 3451 3451 3451 3454 3454 3454 3457 3457 3457 3454 3454 3454 3458 3458 3458 3454 3454 3454 3459 3459 3459 3458 3458 3458 3458 3458 3458 3460 3460 3460 3461 3461 3461 3460 3460 3460 3462 3462 3462 3461 3461 3461 3460 3460 3460 3463 3463 3463 3464 3464 3464 3448 3448 3448 3462 3462 3462 3465 3465 3465 3466 3466 3466 3462 3462 3462 3448 3448 3448 3463 3463 3463 3467 3467 3467 3448 3448 3448 3467 3467 3467 3468 3468 3468 3448 3448 3448 3468 3468 3468 3467 3467 3467 3469 3469 3469 3470 3470 3470 3468 3468 3468 3471 3471 3471 3472 3472 3472 3473 3473 3473 3474 3474 3474 3473 3473 3473 3475 3475 3475 3476 3476 3476 3476 3476 3476 3477 3477 3477 3478 3478 3478 3479 3479 3479 3476 3476 3476 3478 3478 3478 3480 3480 3480 3481 3481 3481 3479 3479 3479 3482 3482 3482 3476 3476 3476 3479 3479 3479 3483 3483 3483 3482 3482 3482 3479 3479 3479 3484 3484 3484 3482 3482 3482 3483 3483 3483 3483 3483 3483 3485 3485 3485 3484 3484 3484 3484 3484 3484 3485 3485 3485 3486 3486 3486 3475 3475 3475 3487 3487 3487 3476 3476 3476 3476 3476 3476 3487 3487 3487 3488 3488 3488 3475 3475 3475 3489 3489 3489 3490 3490 3490 3490 3490 3490 3489 3489 3489 3491 3491 3491 3488 3488 3488 3487 3487 3487 3492 3492 3492 3487 3487 3487 3493 3493 3493 3492 3492 3492 3492 3492 3492 3493 3493 3493 3494 3494 3494 3492 3492 3492 3494 3494 3494 3495 3495 3495 3495 3495 3495 3494 3494 3494 3496 3496 3496 3497 3497 3497 3498 3498 3498 3496 3496 3496 3496 3496 3496 3498 3498 3498 3499 3499 3499 3498 3498 3498 3500 3500 3500 3499 3499 3499 3495 3495 3495 3500 3500 3500 3501 3501 3501 3500 3500 3500 3502 3502 3502 3501 3501 3501 3501 3501 3501 3492 3492 3492 3495 3495 3495 3503 3503 3503 3498 3498 3498 3504 3504 3504 3505 3505 3505 3503 3503 3503 3504 3504 3504 3506 3506 3506 3507 3507 3507 3503 3503 3503 3508 3508 3508 3503 3503 3503 3505 3505 3505 3509 3509 3509 3506 3506 3506 3510 3510 3510 3511 3511 3511 3506 3506 3506 3509 3509 3509 3512 3512 3512 3508 3508 3508 3505 3505 3505 3508 3508 3508 3513 3513 3513 3511 3511 3511 3514 3514 3514 3508 3508 3508 3512 3512 3512 3514 3514 3514 3513 3513 3513 3508 3508 3508 3515 3515 3515 3514 3514 3514 3512 3512 3512 3514 3514 3514 3516 3516 3516 3513 3513 3513 3517 3517 3517 3516 3516 3516 3514 3514 3514 3518 3518 3518 3517 3517 3517 3514 3514 3514 3519 3519 3519 3514 3514 3514 3515 3515 3515 3519 3519 3519 3518 3518 3518 3514 3514 3514 3520 3520 3520 3519 3519 3519 3515 3515 3515 3521 3521 3521 3519 3519 3519 3520 3520 3520 3522 3522 3522 3516 3516 3516 3523 3523 3523 3524 3524 3524 3525 3525 3525 3522 3522 3522 3522 3522 3522 3523 3523 3523 3526 3526 3526 3526 3526 3526 3523 3523 3523 3527 3527 3527 3523 3523 3523 3518 3518 3518 3527 3527 3527 3518 3518 3518 3528 3528 3528 3527 3527 3527 3529 3529 3529 3528 3528 3528 3530 3530 3530 3531 3531 3531 3529 3529 3529 3530 3530 3530 3532 3532 3532 3533 3533 3533 3518 3518 3518 3532 3532 3532 3518 3518 3518 3519 3519 3519 3532 3532 3532 3534 3534 3534 3535 3535 3535 3536 3536 3536 3534 3534 3534 3532 3532 3532 3537 3537 3537 3534 3534 3534 3536 3536 3536 3538 3538 3538 3532 3532 3532 3519 3519 3519 3538 3538 3538 3539 3539 3539 3537 3537 3537 3539 3539 3539 3538 3538 3538 3519 3519 3519 3539 3539 3539 3519 3519 3519 3521 3521 3521 3540 3540 3540 3539 3539 3539 3521 3521 3521 3541 3541 3541 3542 3542 3542 3539 3539 3539 3543 3543 3543 3539 3539 3539 3540 3540 3540 3543 3543 3543 3541 3541 3541 3539 3539 3539 3544 3544 3544 3541 3541 3541 3543 3543 3543 3545 3545 3545 3543 3543 3543 3540 3540 3540 3546 3546 3546 3543 3543 3543 3547 3547 3547 3543 3543 3543 3548 3548 3548 3547 3547 3547 3549 3549 3549 3550 3550 3550 3547 3547 3547 3551 3551 3551 3550 3550 3550 3549 3549 3549 3552 3552 3552 3550 3550 3550 3551 3551 3551 3548 3548 3548 3543 3543 3543 3553 3553 3553 3553 3553 3553 3543 3543 3543 3545 3545 3545 3551 3551 3551 3548 3548 3548 3553 3553 3553 3554 3554 3554 3553 3553 3553 3545 3545 3545 3555 3555 3555 3553 3553 3553 3554 3554 3554 3552 3552 3552 3556 3556 3556 3557 3557 3557 3556 3556 3556 3558 3558 3558 3557 3557 3557 3559 3559 3559 3553 3553 3553 3555 3555 3555 3559 3559 3559 3551 3551 3551 3553 3553 3553 3558 3558 3558 3551 3551 3551 3559 3559 3559 3560 3560 3560 3559 3559 3559 3555 3555 3555 3561 3561 3561 3558 3558 3558 3559 3559 3559 3562 3562 3562 3559 3559 3559 3560 3560 3560 3563 3563 3563 3557 3557 3557 3564 3564 3564 3561 3561 3561 3563 3563 3563 3564 3564 3564 3565 3565 3565 3563 3563 3563 3566 3566 3566 3567 3567 3567 3565 3565 3565 3566 3566 3566 3568 3568 3568 3561 3561 3561 3559 3559 3559 3568 3568 3568 3559 3559 3559 3562 3562 3562 3567 3567 3567 3561 3561 3561 3568 3568 3568 3569 3569 3569 3568 3568 3568 3562 3562 3562 3570 3570 3570 3571 3571 3571 3567 3567 3567 3572 3572 3572 3568 3568 3568 3569 3569 3569 3572 3572 3572 3567 3567 3567 3568 3568 3568 3572 3572 3572 3570 3570 3570 3567 3567 3567 3573 3573 3573 3572 3572 3572 3569 3569 3569 3574 3574 3574 3570 3570 3570 3572 3572 3572 3575 3575 3575 3572 3572 3572 3573 3573 3573 3576 3576 3576 3574 3574 3574 3577 3577 3577 3577 3577 3577 3574 3574 3574 3572 3572 3572 3578 3578 3578 3572 3572 3572 3575 3575 3575 3577 3577 3577 3572 3572 3572 3578 3578 3578 3579 3579 3579 3578 3578 3578 3575 3575 3575 3580 3580 3580 3578 3578 3578 3579 3579 3579 3581 3581 3581 3580 3580 3580 3579 3579 3579 3582 3582 3582 3580 3580 3580 3581 3581 3581 3583 3583 3583 3582 3582 3582 3581 3581 3581 3584 3584 3584 3582 3582 3582 3583 3583 3583 3585 3585 3585 3584 3584 3584 3583 3583 3583 3586 3586 3586 3584 3584 3584 3585 3585 3585 3587 3587 3587 3586 3586 3586 3585 3585 3585 3588 3588 3588 3586 3586 3586 3587 3587 3587 3589 3589 3589 3588 3588 3588 3587 3587 3587 3590 3590 3590 3588 3588 3588 3589 3589 3589 3591 3591 3591 3590 3590 3590 3589 3589 3589 3592 3592 3592 3577 3577 3577 3578 3578 3578 3593 3593 3593 3594 3594 3594 3577 3577 3577 3595 3595 3595 3593 3593 3593 3577 3577 3577 3596 3596 3596 3577 3577 3577 3592 3592 3592 3595 3595 3595 3577 3577 3577 3596 3596 3596 3597 3597 3597 3596 3596 3596 3592 3592 3592 3598 3598 3598 3596 3596 3596 3597 3597 3597 3599 3599 3599 3595 3595 3595 3596 3596 3596 3600 3600 3600 3596 3596 3596 3598 3598 3598 3601 3601 3601 3600 3600 3600 3598 3598 3598 3602 3602 3602 3600 3600 3600 3601 3601 3601 3603 3603 3603 3602 3602 3602 3601 3601 3601 3604 3604 3604 3602 3602 3602 3603 3603 3603 3605 3605 3605 3604 3604 3604 3603 3603 3603 3606 3606 3606 3604 3604 3604 3605 3605 3605 3607 3607 3607 3606 3606 3606 3605 3605 3605 3608 3608 3608 3606 3606 3606 3607 3607 3607 3609 3609 3609 3608 3608 3608 3607 3607 3607 3610 3610 3610 3608 3608 3608 3609 3609 3609 3611 3611 3611 3610 3610 3610 3609 3609 3609 3612 3612 3612 3599 3599 3599 3596 3596 3596 3613 3613 3613 3610 3610 3610 3611 3611 3611 3614 3614 3614 3613 3613 3613 3611 3611 3611 3615 3615 3615 3599 3599 3599 3612 3612 3612 3616 3616 3616 3615 3615 3615 3612 3612 3612 3617 3617 3617 3615 3615 3615 3616 3616 3616 3618 3618 3618 3617 3617 3617 3616 3616 3616 3619 3619 3619 3617 3617 3617 3618 3618 3618 3620 3620 3620 3619 3619 3619 3618 3618 3618 3621 3621 3621 3622 3622 3622 3599 3599 3599 3623 3623 3623 3619 3619 3619 3620 3620 3620 3624 3624 3624 3623 3623 3623 3620 3620 3620 3625 3625 3625 3626 3626 3626 3621 3621 3621 3627 3627 3627 3626 3626 3626 3625 3625 3625 3628 3628 3628 3629 3629 3629 3627 3627 3627 3630 3630 3630 3623 3623 3623 3624 3624 3624 3610 3610 3610 3630 3630 3630 3624 3624 3624 3631 3631 3631 3632 3632 3632 3630 3630 3630 3633 3633 3633 3630 3630 3630 3610 3610 3610 3613 3613 3613 3633 3633 3633 3610 3610 3610 3634 3634 3634 3630 3630 3630 3635 3635 3635 3630 3630 3630 3636 3636 3636 3635 3635 3635 3637 3637 3637 3635 3635 3635 3636 3636 3636 3613 3613 3613 3637 3637 3637 3636 3636 3636 3638 3638 3638 3637 3637 3637 3613 3613 3613 3638 3638 3638 3613 3613 3613 3614 3614 3614 3639 3639 3639 3630 3630 3630 3640 3640 3640 3641 3641 3641 3639 3639 3639 3640 3640 3640 3642 3642 3642 3638 3638 3638 3614 3614 3614 3599 3599 3599 3643 3643 3643 3644 3644 3644 3645 3645 3645 3643 3643 3643 3599 3599 3599 3646 3646 3646 3643 3643 3643 3647 3647 3647 3648 3648 3648 3638 3638 3638 3642 3642 3642 3649 3649 3649 3638 3638 3638 3648 3648 3648 3648 3648 3648 3650 3650 3650 3649 3649 3649 3651 3651 3651 3650 3650 3650 3648 3648 3648 3652 3652 3652 3651 3651 3651 3648 3648 3648 3653 3653 3653 3652 3652 3652 3648 3648 3648 3654 3654 3654 3648 3648 3648 3642 3642 3642 3654 3654 3654 3655 3655 3655 3652 3652 3652 3656 3656 3656 3655 3655 3655 3654 3654 3654 3657 3657 3657 3655 3655 3655 3656 3656 3656 3656 3656 3656 3654 3654 3654 3642 3642 3642 3656 3656 3656 3658 3658 3658 3659 3659 3659 3660 3660 3660 3658 3658 3658 3656 3656 3656 3661 3661 3661 3658 3658 3658 3660 3660 3660 3662 3662 3662 3663 3663 3663 3661 3661 3661 3664 3664 3664 3663 3663 3663 3662 3662 3662 3665 3665 3665 3664 3664 3664 3662 3662 3662 3666 3666 3666 3667 3667 3667 3665 3665 3665 3668 3668 3668 3666 3666 3666 3669 3669 3669 3670 3670 3670 3668 3668 3668 3669 3669 3669 3671 3671 3671 3668 3668 3668 3670 3670 3670 3670 3670 3670 3672 3672 3672 3671 3671 3671 3673 3673 3673 3668 3668 3668 3671 3671 3671 3671 3671 3671 3674 3674 3674 3675 3675 3675 3671 3671 3671 3676 3676 3676 3677 3677 3677 3676 3676 3676 3678 3678 3678 3674 3674 3674 3665 3665 3665 3660 3660 3660 3679 3679 3679 3660 3660 3660 3656 3656 3656 3679 3679 3679 3680 3680 3680 3665 3665 3665 3679 3679 3679 3681 3681 3681 3680 3680 3680 3682 3682 3682 3683 3683 3683 3665 3665 3665 3680 3680 3680 3683 3683 3683 3684 3684 3684 3685 3685 3685 3684 3684 3684 3683 3683 3683 3680 3680 3680 3686 3686 3686 3687 3687 3687 3680 3680 3680 3687 3687 3687 3684 3684 3684 3680 3680 3680 3688 3688 3688 3684 3684 3684 3687 3687 3687 3688 3688 3688 3689 3689 3689 3684 3684 3684 3690 3690 3690 3684 3684 3684 3689 3689 3689 3691 3691 3691 3690 3690 3690 3689 3689 3689 3684 3684 3684 3692 3692 3692 3693 3693 3693 3692 3692 3692 3694 3694 3694 3693 3693 3693 3695 3695 3695 3694 3694 3694 3692 3692 3692 3696 3696 3696 3690 3690 3690 3691 3691 3691 3695 3695 3695 3697 3697 3697 3694 3694 3694 3697 3697 3697 3698 3698 3698 3699 3699 3699 3700 3700 3700 3697 3697 3697 3695 3695 3695 3695 3695 3695 3701 3701 3701 3700 3700 3700 3702 3702 3702 3703 3703 3703 3697 3697 3697 3702 3702 3702 3697 3697 3697 3700 3700 3700 3701 3701 3701 3704 3704 3704 3700 3700 3700 3700 3700 3700 3705 3705 3705 3702 3702 3702 3702 3702 3702 3705 3705 3705 3706 3706 3706 3705 3705 3705 3707 3707 3707 3706 3706 3706 3700 3700 3700 3704 3704 3704 3708 3708 3708 3709 3709 3709 3700 3700 3700 3708 3708 3708 3710 3710 3710 3709 3709 3709 3708 3708 3708 3711 3711 3711 3710 3710 3710 3708 3708 3708 3712 3712 3712 3710 3710 3710 3711 3711 3711 3704 3704 3704 3713 3713 3713 3708 3708 3708 3714 3714 3714 3710 3710 3710 3712 3712 3712 3714 3714 3714 3715 3715 3715 3710 3710 3710 3713 3713 3713 3704 3704 3704 3716 3716 3716 3704 3704 3704 3717 3717 3717 3716 3716 3716 3716 3716 3716 3717 3717 3717 3718 3718 3718 3717 3717 3717 3696 3696 3696 3718 3718 3718 3718 3718 3718 3696 3696 3696 3719 3719 3719 3719 3719 3719 3696 3696 3696 3691 3691 3691 3718 3718 3718 3719 3719 3719 3720 3720 3720 3720 3720 3720 3721 3721 3721 3691 3691 3691 3722 3722 3722 3718 3718 3718 3723 3723 3723 3718 3718 3718 3720 3720 3720 3723 3723 3723 3724 3724 3724 3691 3691 3691 3725 3725 3725 3726 3726 3726 3720 3720 3720 3691 3691 3691 3726 3726 3726 3691 3691 3691 3724 3724 3724 3727 3727 3727 3726 3726 3726 3724 3724 3724 3727 3727 3727 3724 3724 3724 3687 3687 3687 3728 3728 3728 3726 3726 3726 3727 3727 3727 3727 3727 3727 3729 3729 3729 3730 3730 3730 3731 3731 3731 3728 3728 3728 3727 3727 3727 3731 3731 3731 3727 3727 3727 3730 3730 3730 3730 3730 3730 3732 3732 3732 3731 3731 3731 3732 3732 3732 3733 3733 3733 3731 3731 3731 3734 3734 3734 3728 3728 3728 3731 3731 3731 3735 3735 3735 3734 3734 3734 3731 3731 3731 3735 3735 3735 3736 3736 3736 3737 3737 3737 3734 3734 3734 3738 3738 3738 3739 3739 3739 3740 3740 3740 3734 3734 3734 3739 3739 3739 3741 3741 3741 3734 3734 3734 3740 3740 3740 3742 3742 3742 3741 3741 3741 3740 3740 3740 3720 3720 3720 3742 3742 3742 3740 3740 3740 3723 3723 3723 3720 3720 3720 3740 3740 3740 3743 3743 3743 3740 3740 3740 3739 3739 3739 3739 3739 3739 3744 3744 3744 3745 3745 3745 3745 3745 3745 3744 3744 3744 3746 3746 3746 3747 3747 3747 3740 3740 3740 3743 3743 3743 3743 3743 3743 3748 3748 3748 3747 3747 3747 3723 3723 3723 3740 3740 3740 3747 3747 3747 3749 3749 3749 3746 3746 3746 3744 3744 3744 3747 3747 3747 3746 3746 3746 3749 3749 3749 3744 3744 3744 3750 3750 3750 3749 3749 3749 3751 3751 3751 3723 3723 3723 3747 3747 3747 3752 3752 3752 3723 3723 3723 3751 3751 3751 3713 3713 3713 3752 3752 3752 3751 3751 3751 3750 3750 3750 3753 3753 3753 3749 3749 3749 3750 3750 3750 3754 3754 3754 3753 3753 3753 3755 3755 3755 3747 3747 3747 3749 3749 3749 3756 3756 3756 3747 3747 3747 3755 3755 3755 3757 3757 3757 3755 3755 3755 3749 3749 3749 3758 3758 3758 3755 3755 3755 3757 3757 3757 3758 3758 3758 3756 3756 3756 3755 3755 3755 3713 3713 3713 3756 3756 3756 3758 3758 3758 3749 3749 3749 3753 3753 3753 3759 3759 3759 3753 3753 3753 3754 3754 3754 3759 3759 3759 3749 3749 3749 3759 3759 3759 3760 3760 3760 3754 3754 3754 3761 3761 3761 3759 3759 3759 3754 3754 3754 3762 3762 3762 3761 3761 3761 3762 3762 3762 3763 3763 3763 3761 3761 3761 3761 3761 3761 3764 3764 3764 3759 3759 3759 3761 3761 3761 3763 3763 3763 3765 3765 3765 3761 3761 3761 3765 3765 3765 3766 3766 3766 3763 3763 3763 3767 3767 3767 3765 3765 3765 3767 3767 3767 3768 3768 3768 3765 3765 3765 3766 3766 3766 3765 3765 3765 3769 3769 3769 3768 3768 3768 3770 3770 3770 3765 3765 3765 3765 3765 3765 3771 3771 3771 3769 3769 3769 3765 3765 3765 3770 3770 3770 3772 3772 3772 3771 3771 3771 3773 3773 3773 3769 3769 3769 3770 3770 3770 3774 3774 3774 3772 3772 3772 3772 3772 3772 3774 3774 3774 3775 3775 3775 3774 3774 3774 3776 3776 3776 3775 3775 3775 3775 3775 3775 3776 3776 3776 3777 3777 3777 3777 3777 3777 3778 3778 3778 3779 3779 3779 3780 3780 3780 3781 3781 3781 3774 3774 3774 3782 3782 3782 3780 3780 3780 3783 3783 3783 3784 3784 3784 3785 3785 3785 3774 3774 3774 3786 3786 3786 3784 3784 3784 3774 3774 3774 3787 3787 3787 3784 3784 3784 3786 3786 3786 3788 3788 3788 3787 3787 3787 3786 3786 3786 3789 3789 3789 3787 3787 3787 3788 3788 3788 3790 3790 3790 3789 3789 3789 3788 3788 3788 3788 3788 3788 3791 3791 3791 3792 3792 3792 3791 3791 3791 3793 3793 3793 3792 3792 3792 3793 3793 3793 3794 3794 3794 3792 3792 3792 3795 3795 3795 3774 3774 3774 3793 3793 3793 3774 3774 3774 3770 3770 3770 3793 3793 3793 3793 3793 3793 3770 3770 3770 3796 3796 3796 3797 3797 3797 3798 3798 3798 3796 3796 3796 3796 3796 3796 3798 3798 3798 3799 3799 3799 3796 3796 3796 3770 3770 3770 3800 3800 3800 3770 3770 3770 3801 3801 3801 3800 3800 3800 3800 3800 3800 3801 3801 3801 3802 3802 3802 3803 3803 3803 3800 3800 3800 3804 3804 3804 3805 3805 3805 3806 3806 3806 3807 3807 3807 3806 3806 3806 3808 3808 3808 3809 3809 3809 3808 3808 3808 3810 3810 3810 3809 3809 3809 3809 3809 3809 3810 3810 3810 3811 3811 3811 3810 3810 3810 3812 3812 3812 3811 3811 3811 3812 3812 3812 3813 3813 3813 3811 3811 3811 3811 3811 3811 3813 3813 3813 3814 3814 3814 3814 3814 3814 3813 3813 3813 3815 3815 3815 3811 3811 3811 3816 3816 3816 3809 3809 3809 3813 3813 3813 3817 3817 3817 3815 3815 3815 3815 3815 3815 3817 3817 3817 3818 3818 3818 3819 3819 3819 3817 3817 3817 3813 3813 3813 3820 3820 3820 3819 3819 3819 3813 3813 3813 3817 3817 3817 3821 3821 3821 3818 3818 3818 3813 3813 3813 3822 3822 3822 3820 3820 3820 3823 3823 3823 3821 3821 3821 3824 3824 3824 3821 3821 3821 3823 3823 3823 3825 3825 3825 3825 3825 3825 3823 3823 3823 3826 3826 3826 3823 3823 3823 3820 3820 3820 3826 3826 3826 3821 3821 3821 3827 3827 3827 3818 3818 3818 3827 3827 3827 3826 3826 3826 3828 3828 3828 3818 3818 3818 3827 3827 3827 3828 3828 3828 3826 3826 3826 3820 3820 3820 3828 3828 3828 3829 3829 3829 3830 3830 3830 3822 3822 3822 3831 3831 3831 3830 3830 3830 3832 3832 3832 3831 3831 3831 3833 3833 3833 3830 3830 3830 3822 3822 3822 3830 3830 3830 3834 3834 3834 3834 3834 3834 3830 3830 3830 3835 3835 3835 3822 3822 3822 3834 3834 3834 3820 3820 3820 3836 3836 3836 3837 3837 3837 3834 3834 3834 3838 3838 3838 3834 3834 3834 3837 3837 3837 3839 3839 3839 3834 3834 3834 3838 3838 3838 3820 3820 3820 3834 3834 3834 3840 3840 3840 3834 3834 3834 3839 3839 3839 3840 3840 3840 3841 3841 3841 3820 3820 3820 3840 3840 3840 3828 3828 3828 3820 3820 3820 3841 3841 3841 3841 3841 3841 3840 3840 3840 3842 3842 3842 3843 3843 3843 3842 3842 3842 3828 3828 3828 3839 3839 3839 3844 3844 3844 3840 3840 3840 3840 3840 3840 3844 3844 3844 3845 3845 3845 3840 3840 3840 3845 3845 3845 3842 3842 3842 3842 3842 3842 3846 3846 3846 3828 3828 3828 3842 3842 3842 3845 3845 3845 3847 3847 3847 3828 3828 3828 3846 3846 3846 3818 3818 3818 3847 3847 3847 3845 3845 3845 3848 3848 3848 3849 3849 3849 3848 3848 3848 3850 3850 3850 3850 3850 3850 3848 3848 3848 3846 3846 3846 3848 3848 3848 3851 3851 3851 3846 3846 3846 3851 3851 3851 3852 3852 3852 3846 3846 3846 3846 3846 3846 3852 3852 3852 3818 3818 3818 3848 3848 3848 3853 3853 3853 3851 3851 3851 3852 3852 3852 3854 3854 3854 3818 3818 3818 3818 3818 3818 3854 3854 3854 3855 3855 3855 3854 3854 3854 3856 3856 3856 3855 3855 3855 3848 3848 3848 3857 3857 3857 3853 3853 3853 3845 3845 3845 3857 3857 3857 3848 3848 3848 3857 3857 3857 3858 3858 3858 3853 3853 3853 3853 3853 3853 3858 3858 3858 3859 3859 3859 3858 3858 3858 3860 3860 3860 3859 3859 3859 3853 3853 3853 3861 3861 3861 3862 3862 3862 3861 3861 3861 3863 3863 3863 3862 3862 3862 3859 3859 3859 3860 3860 3860 3864 3864 3864 3862 3862 3862 3863 3863 3863 3865 3865 3865 3865 3865 3865 3852 3852 3852 3862 3862 3862 3866 3866 3866 3852 3852 3852 3865 3865 3865 3863 3863 3863 3867 3867 3867 3865 3865 3865 3868 3868 3868 3866 3866 3866 3865 3865 3865 3856 3856 3856 3866 3866 3866 3868 3868 3868 3867 3867 3867 3869 3869 3869 3865 3865 3865 3865 3865 3865 3869 3869 3869 3870 3870 3870 3869 3869 3869 3871 3871 3871 3870 3870 3870 3870 3870 3870 3871 3871 3871 3872 3872 3872 3870 3870 3870 3872 3872 3872 3873 3873 3873 3873 3873 3873 3856 3856 3856 3868 3868 3868 3872 3872 3872 3874 3874 3874 3873 3873 3873 3875 3875 3875 3876 3876 3876 3874 3874 3874 3877 3877 3877 3856 3856 3856 3873 3873 3873 3878 3878 3878 3879 3879 3879 3873 3873 3873 3878 3878 3878 3880 3880 3880 3879 3879 3879 3881 3881 3881 3856 3856 3856 3877 3877 3877 3880 3880 3880 3882 3882 3882 3879 3879 3879 3879 3879 3879 3882 3882 3882 3881 3881 3881 3880 3880 3880 3883 3883 3883 3884 3884 3884 3885 3885 3885 3880 3880 3880 3886 3886 3886 3886 3886 3886 3887 3887 3887 3888 3888 3888 3889 3889 3889 3886 3886 3886 3888 3888 3888 3884 3884 3884 3889 3889 3889 3890 3890 3890 3882 3882 3882 3890 3890 3890 3881 3881 3881 3890 3890 3890 3889 3889 3889 3891 3891 3891 3889 3889 3889 3892 3892 3892 3891 3891 3891 3892 3892 3892 3893 3893 3893 3891 3891 3891 3891 3891 3891 3893 3893 3893 3894 3894 3894 3895 3895 3895 3894 3894 3894 3896 3896 3896 3897 3897 3897 3891 3891 3891 3894 3894 3894 3891 3891 3891 3898 3898 3898 3890 3890 3890 3898 3898 3898 3899 3899 3899 3890 3890 3890 3900 3900 3900 3891 3891 3891 3897 3897 3897 3901 3901 3901 3900 3900 3900 3897 3897 3897 3902 3902 3902 3901 3901 3901 3903 3903 3903 3903 3903 3903 3901 3901 3901 3904 3904 3904 3904 3904 3904 3905 3905 3905 3903 3903 3903 3903 3903 3903 3906 3906 3906 3900 3900 3900 3900 3900 3900 3906 3906 3906 3891 3891 3891 3904 3904 3904 3907 3907 3907 3908 3908 3908 3906 3906 3906 3909 3909 3909 3891 3891 3891 3909 3909 3909 3910 3910 3910 3891 3891 3891 3891 3891 3891 3910 3910 3910 3911 3911 3911 3911 3911 3911 3910 3910 3910 3899 3899 3899 3908 3908 3908 3912 3912 3912 3903 3903 3903 3907 3907 3907 3912 3912 3912 3908 3908 3908 3912 3912 3912 3906 3906 3906 3903 3903 3903 3913 3913 3913 3912 3912 3912 3907 3907 3907 3907 3907 3907 3914 3914 3914 3913 3913 3913 3913 3913 3913 3914 3914 3914 3915 3915 3915 3916 3916 3916 3913 3913 3913 3915 3915 3915 3912 3912 3912 3917 3917 3917 3906 3906 3906 3918 3918 3918 3917 3917 3917 3912 3912 3912 3917 3917 3917 3919 3919 3919 3906 3906 3906 3917 3917 3917 3920 3920 3920 3919 3919 3919 3919 3919 3919 3921 3921 3921 3906 3906 3906 3921 3921 3921 3919 3919 3919 3910 3910 3910 3920 3920 3920 3922 3922 3922 3919 3919 3919 3919 3919 3919 3923 3923 3923 3910 3910 3910 3910 3910 3910 3923 3923 3923 3899 3899 3899 3922 3922 3922 3924 3924 3924 3919 3919 3919 3922 3922 3922 3925 3925 3925 3924 3924 3924 3924 3924 3924 3923 3923 3923 3919 3919 3919 3924 3924 3924 3926 3926 3926 3927 3927 3927 3928 3928 3928 3929 3929 3929 3927 3927 3927 3930 3930 3930 3924 3924 3924 3927 3927 3927 3931 3931 3931 3929 3929 3929 3932 3932 3932 3933 3933 3933 3931 3931 3931 3932 3932 3932 3930 3930 3930 3931 3931 3931 3933 3933 3933 3933 3933 3933 3934 3934 3934 3935 3935 3935 3936 3936 3936 3930 3930 3930 3933 3933 3933 3936 3936 3936 3933 3933 3933 3937 3937 3937 3938 3938 3938 3930 3930 3930 3936 3936 3936 3939 3939 3939 3924 3924 3924 3930 3930 3930 3923 3923 3923 3924 3924 3924 3939 3939 3939 3939 3939 3939 3940 3940 3940 3941 3941 3941 3942 3942 3942 3939 3939 3939 3941 3941 3941 3943 3943 3943 3939 3939 3939 3942 3942 3942 3944 3944 3944 3943 3943 3943 3945 3945 3945 3946 3946 3946 3923 3923 3923 3939 3939 3939 3947 3947 3947 3923 3923 3923 3946 3946 3946 3947 3947 3947 3943 3943 3943 3948 3948 3948 3947 3947 3947 3948 3948 3948 3949 3949 3949 3950 3950 3950 3923 3923 3923 3947 3947 3947 3899 3899 3899 3923 3923 3923 3950 3950 3950 3951 3951 3951 3947 3947 3947 3949 3949 3949 3899 3899 3899 3952 3952 3952 3953 3953 3953 3890 3890 3890 3899 3899 3899 3953 3953 3953 3881 3881 3881 3890 3890 3890 3953 3953 3953 3809 3809 3809 3947 3947 3947 3951 3951 3951 3816 3816 3816 3947 3947 3947 3809 3809 3809 3816 3816 3816 3950 3950 3950 3947 3947 3947 3953 3953 3953 3954 3954 3954 3881 3881 3881 3950 3950 3950 3954 3954 3954 3953 3953 3953 3950 3950 3950 3955 3955 3955 3954 3954 3954 3954 3954 3954 3956 3956 3956 3881 3881 3881 3957 3957 3957 3950 3950 3950 3816 3816 3816 3958 3958 3958 3959 3959 3959 3956 3956 3956 3960 3960 3960 3957 3957 3957 3816 3816 3816 3956 3956 3956 3957 3957 3957 3960 3960 3960 3881 3881 3881 3956 3956 3956 3856 3856 3856 3961 3961 3961 3956 3956 3956 3960 3960 3960 3856 3856 3856 3956 3956 3956 3961 3961 3961 3962 3962 3962 3856 3856 3856 3961 3961 3961 3855 3855 3855 3856 3856 3856 3962 3962 3962 3855 3855 3855 3962 3962 3962 3963 3963 3963 3962 3962 3962 3964 3964 3964 3963 3963 3963 3965 3965 3965 3961 3961 3961 3964 3964 3964 3963 3963 3963 3964 3964 3964 3811 3811 3811 3964 3964 3964 3816 3816 3816 3811 3811 3811 3961 3961 3961 3966 3966 3966 3964 3964 3964 3964 3964 3964 3966 3966 3966 3816 3816 3816 3967 3967 3967 3951 3951 3951 3968 3968 3968 3969 3969 3969 3951 3951 3951 3967 3967 3967 3969 3969 3969 3970 3970 3970 3951 3951 3951 3971 3971 3971 3970 3970 3970 3969 3969 3969 3972 3972 3972 3970 3970 3970 3971 3971 3971 3971 3971 3971 3973 3973 3973 3974 3974 3974 3975 3975 3975 3967 3967 3967 3949 3949 3949 3976 3976 3976 3973 3973 3973 3971 3971 3971 3977 3977 3977 3973 3973 3973 3976 3976 3976 3978 3978 3978 3977 3977 3977 3976 3976 3976 3976 3976 3976 3979 3979 3979 3980 3980 3980 3981 3981 3981 3979 3979 3979 3976 3976 3976 3982 3982 3982 3983 3983 3983 3981 3981 3981 3982 3982 3982 3981 3981 3981 3984 3984 3984 3981 3981 3981 3985 3985 3985 3984 3984 3984 3984 3984 3984 3985 3985 3985 3986 3986 3986 3984 3984 3984 3987 3987 3987 3988 3988 3988 3989 3989 3989 3988 3988 3988 3987 3987 3987 3986 3986 3986 3985 3985 3985 3990 3990 3990 3990 3990 3990 3985 3985 3985 3991 3991 3991 3992 3992 3992 3986 3986 3986 3990 3990 3990 3987 3987 3987 3993 3993 3993 3989 3989 3989 3994 3994 3994 3995 3995 3995 3993 3993 3993 3995 3995 3995 3996 3996 3996 3993 3993 3993 3993 3993 3993 3996 3996 3996 3997 3997 3997 3989 3989 3989 3998 3998 3998 3999 3999 3999 3839 3839 3839 3998 3998 3998 3989 3989 3989 4000 4000 4000 3839 3839 3839 3989 3989 3989 4001 4001 4001 3993 3993 3993 3997 3997 3997 4002 4002 4002 3993 3993 3993 4001 4001 4001 3993 3993 3993 4003 4003 4003 3989 3989 3989 3997 3997 3997 4004 4004 4004 4001 4001 4001 4005 4005 4005 4004 4004 4004 3997 3997 3997 4006 4006 4006 4004 4004 4004 4005 4005 4005 4007 4007 4007 4004 4004 4004 4006 4006 4006 4008 4008 4008 4009 4009 4009 4007 4007 4007 4009 4009 4009 4004 4004 4004 4007 4007 4007 4010 4010 4010 4004 4004 4004 4009 4009 4009 4001 4001 4001 4004 4004 4004 4011 4011 4011 4010 4010 4010 4012 4012 4012 4004 4004 4004 4012 4012 4012 4011 4011 4011 4004 4004 4004 4013 4013 4013 4012 4012 4012 4010 4010 4010 4014 4014 4014 4013 4013 4013 4010 4010 4010 4015 4015 4015 4011 4011 4011 4012 4012 4012 4013 4013 4013 4016 4016 4016 4017 4017 4017 4015 4015 4015 4014 4014 4014 4016 4016 4016 4016 4016 4016 4014 4014 4014 4018 4018 4018 4019 4019 4019 4016 4016 4016 4018 4018 4018 4020 4020 4020 4011 4011 4011 4015 4015 4015 4020 4020 4020 4016 4016 4016 4021 4021 4021 4018 4018 4018 4022 4022 4022 4023 4023 4023 4024 4024 4024 4023 4023 4023 4022 4022 4022 4025 4025 4025 4024 4024 4024 4022 4022 4022 4025 4025 4025 4026 4026 4026 4024 4024 4024 4024 4024 4024 4026 4026 4026 4027 4027 4027 4026 4026 4026 4028 4028 4028 4027 4027 4027 4027 4027 4027 4028 4028 4028 4029 4029 4029 4028 4028 4028 4030 4030 4030 4029 4029 4029 4031 4031 4031 4011 4011 4011 4003 4003 4003 4029 4029 4029 4030 4030 4030 4032 4032 4032 4030 4030 4030 4033 4033 4033 4032 4032 4032 4011 4011 4011 4034 4034 4034 4003 4003 4003 4032 4032 4032 4035 4035 4035 4029 4029 4029 4035 4035 4035 4036 4036 4036 4029 4029 4029 4029 4029 4029 4036 4036 4036 4037 4037 4037 4036 4036 4036 4038 4038 4038 4037 4037 4037 4039 4039 4039 4040 4040 4040 4029 4029 4029 4040 4040 4040 4039 4039 4039 4041 4041 4041 4039 4039 4039 4042 4042 4042 4041 4041 4041 4037 4037 4037 4038 4038 4038 4042 4042 4042 4041 4041 4041 4042 4042 4042 4021 4021 4021 4042 4042 4042 4020 4020 4020 4021 4021 4021 4042 4042 4042 4043 4043 4043 4020 4020 4020 4038 4038 4038 4043 4043 4043 4042 4042 4042 4043 4043 4043 4044 4044 4044 4020 4020 4020 4044 4044 4044 4011 4011 4011 4020 4020 4020 4011 4011 4011 4044 4044 4044 4034 4034 4034 3989 3989 3989 4003 4003 4003 4045 4045 4045 4045 4045 4045 4000 4000 4000 3989 3989 3989 3845 3845 3845 4000 4000 4000 4045 4045 4045 4034 4034 4034 4045 4045 4045 4002 4002 4002 4045 4045 4045 4046 4046 4046 3845 3845 3845 4047 4047 4047 4045 4045 4045 4034 4034 4034 4046 4046 4046 4048 4048 4048 3845 3845 3845 4049 4049 4049 4050 4050 4050 4048 4048 4048 3845 3845 3845 4048 4048 4048 3857 3857 3857 4051 4051 4051 4047 4047 4047 4034 4034 4034 4034 4034 4034 4052 4052 4052 4051 4051 4051 4044 4044 4044 4052 4052 4052 4034 4034 4034 4044 4044 4044 4053 4053 4053 4052 4052 4052 4052 4052 4052 4054 4054 4054 4051 4051 4051 4051 4051 4051 4054 4054 4054 4055 4055 4055 4054 4054 4054 4056 4056 4056 4055 4055 4055 4055 4055 4055 4056 4056 4056 3857 3857 3857 4052 4052 4052 4053 4053 4053 4057 4057 4057 4053 4053 4053 4038 4038 4038 4057 4057 4057 4052 4052 4052 4057 4057 4057 4058 4058 4058 4057 4057 4057 4038 4038 4038 4059 4059 4059 4057 4057 4057 4060 4060 4060 4058 4058 4058 4058 4058 4058 4060 4060 4060 4056 4056 4056 4038 4038 4038 4061 4061 4061 4059 4059 4059 4060 4060 4060 4062 4062 4062 4056 4056 4056 4059 4059 4059 4061 4061 4061 4063 4063 4063 4062 4062 4062 4064 4064 4064 4056 4056 4056 4061 4061 4061 4065 4065 4065 4063 4063 4063 4063 4063 4063 4065 4065 4065 4066 4066 4066 4065 4065 4065 4032 4032 4032 4066 4066 4066 4066 4066 4066 4032 4032 4032 4067 4067 4067 3857 3857 3857 4056 4056 4056 4068 4068 4068 4056 4056 4056 4064 4064 4064 4068 4068 4068 4064 4064 4064 4069 4069 4069 4068 4068 4068 4068 4068 4068 4069 4069 4069 3860 3860 3860 4032 4032 4032 4070 4070 4070 4067 4067 4067 4032 4032 4032 4033 4033 4033 4070 4070 4070 4033 4033 4033 3492 3492 3492 4070 4070 4070 4067 4067 4067 4070 4070 4070 4071 4071 4071 4069 4069 4069 4072 4072 4072 3860 3860 3860 3860 3860 3860 4072 4072 4072 4073 4073 4073 4072 4072 4072 4074 4074 4074 4073 4073 4073 4073 4073 4073 4074 4074 4074 4075 4075 4075 4073 4073 4073 4076 4076 4076 4077 4077 4077 4078 4078 4078 4069 4069 4069 4079 4079 4079 4080 4080 4080 4069 4069 4069 4078 4078 4078 4081 4081 4081 4080 4080 4080 4078 4078 4078 4082 4082 4082 4080 4080 4080 4081 4081 4081 4082 4082 4082 4083 4083 4083 4084 4084 4084 4085 4085 4085 4082 4082 4082 4081 4081 4081 4086 4086 4086 4085 4085 4085 4087 4087 4087 4087 4087 4087 4085 4085 4085 4088 4088 4088 4081 4081 4081 4078 4078 4078 4089 4089 4089 4071 4071 4071 4081 4081 4081 4089 4089 4089 4089 4089 4089 4078 4078 4078 4090 4090 4090 4091 4091 4091 4081 4081 4081 4071 4071 4071 4078 4078 4078 4092 4092 4092 4090 4090 4090 4090 4090 4090 4092 4092 4092 4093 4093 4093 4092 4092 4092 4094 4094 4094 4093 4093 4093 4093 4093 4093 4094 4094 4094 4095 4095 4095 4096 4096 4096 4091 4091 4091 4071 4071 4071 4097 4097 4097 4091 4091 4091 4096 4096 4096 4098 4098 4098 4097 4097 4097 4096 4096 4096 4099 4099 4099 4100 4100 4100 4096 4096 4096 4071 4071 4071 4070 4070 4070 4101 4101 4101 4101 4101 4101 4102 4102 4102 4099 4099 4099 4070 4070 4070 4102 4102 4102 4101 4101 4101 4102 4102 4102 4103 4103 4103 4099 4099 4099 4104 4104 4104 4105 4105 4105 4103 4103 4103 4106 4106 4106 4107 4107 4107 4105 4105 4105 4108 4108 4108 4102 4102 4102 4070 4070 4070 4106 4106 4106 4108 4108 4108 4109 4109 4109 4109 4109 4109 4108 4108 4108 4070 4070 4070 4070 4070 4070 4110 4110 4110 4109 4109 4109 4109 4109 4109 4110 4110 4110 4111 4111 4111 4111 4111 4111 4110 4110 4110 4112 4112 4112 4112 4112 4112 4110 4110 4110 4113 4113 4113 4113 4113 4113 4110 4110 4110 4114 4114 4114 4114 4114 4114 4110 4110 4110 4115 4115 4115 4116 4116 4116 4110 4110 4110 4070 4070 4070 4110 4110 4110 4116 4116 4116 4115 4115 4115 3492 3492 3492 4116 4116 4116 4070 4070 4070 4116 4116 4116 3492 3492 3492 3501 3501 3501 4117 4117 4117 3501 3501 3501 4115 4115 4115 4115 4115 4115 3501 3501 3501 4118 4118 4118 4119 4119 4119 4120 4120 4120 4121 4121 4121 4122 4122 4122 4119 4119 4119 4123 4123 4123 4124 4124 4124 4125 4125 4125 4126 4126 4126 4127 4127 4127 4128 4128 4128 4124 4124 4124 4129 4129 4129 4128 4128 4128 4130 4130 4130 4131 4131 4131 4128 4128 4128 4127 4127 4127 4131 4131 4131 4132 4132 4132 4129 4129 4129 4133 4133 4133 4132 4132 4132 4131 4131 4131 4134 4134 4134 4132 4132 4132 4133 4133 4133 4135 4135 4135 4133 4133 4133 4131 4131 4131 4136 4136 4136 4133 4133 4133 4135 4135 4135 4137 4137 4137 4136 4136 4136 4135 4135 4135 4138 4138 4138 4136 4136 4136 4137 4137 4137 4139 4139 4139 4138 4138 4138 4137 4137 4137 4140 4140 4140 4138 4138 4138 4139 4139 4139 4141 4141 4141 4140 4140 4140 4139 4139 4139 4142 4142 4142 4143 4143 4143 4141 4141 4141 4144 4144 4144 4145 4145 4145 4140 4140 4140 4146 4146 4146 4147 4147 4147 4144 4144 4144 4145 4145 4145 4148 4148 4148 4140 4140 4140 4145 4145 4145 4149 4149 4149 4150 4150 4150 4140 4140 4140 4148 4148 4148 4151 4151 4151 4148 4148 4148 4152 4152 4152 4151 4151 4151 4151 4151 4151 4152 4152 4152 4153 4153 4153 4152 4152 4152 4154 4154 4154 4153 4153 4153 4153 4153 4153 4154 4154 4154 4155 4155 4155 4154 4154 4154 4156 4156 4156 4155 4155 4155 4155 4155 4155 4156 4156 4156 4157 4157 4157 4158 4158 4158 4156 4156 4156 4159 4159 4159 4160 4160 4160 4157 4157 4157 4161 4161 4161 4150 4150 4150 4162 4162 4162 4163 4163 4163 4162 4162 4162 4164 4164 4164 4165 4165 4165 4165 4165 4165 4166 4166 4166 4162 4162 4162 4162 4162 4162 4167 4167 4167 4163 4163 4163 4163 4163 4163 4167 4167 4167 4168 4168 4168 4167 4167 4167 4169 4169 4169 4168 4168 4168 4168 4168 4168 4169 4169 4169 4170 4170 4170 4166 4166 4166 4171 4171 4171 4162 4162 4162 4162 4162 4162 4171 4171 4171 4172 4172 4172 4171 4171 4171 4173 4173 4173 4172 4172 4172 4172 4172 4172 4173 4173 4173 4169 4169 4169 4169 4169 4169 4174 4174 4174 4170 4170 4170 4170 4170 4170 4174 4174 4174 4175 4175 4175 4174 4174 4174 4176 4176 4176 4175 4175 4175 4175 4175 4175 4176 4176 4176 4177 4177 4177 4173 4173 4173 4178 4178 4178 4169 4169 4169 4169 4169 4169 4178 4178 4178 4179 4179 4179 4179 4179 4179 4180 4180 4180 4181 4181 4181 4178 4178 4178 4180 4180 4180 4179 4179 4179 4178 4178 4178 4182 4182 4182 4183 4183 4183 4184 4184 4184 4182 4182 4182 4178 4178 4178 4173 4173 4173 4184 4184 4184 4178 4178 4178 4185 4185 4185 4184 4184 4184 4173 4173 4173 4184 4184 4184 4186 4186 4186 4187 4187 4187 4184 4184 4184 4188 4188 4188 4186 4186 4186 4189 4189 4189 4188 4188 4188 4184 4184 4184 4190 4190 4190 4189 4189 4189 4184 4184 4184 4188 4188 4188 4191 4191 4191 4192 4192 4192 4193 4193 4193 4184 4184 4184 4185 4185 4185 4193 4193 4193 4190 4190 4190 4184 4184 4184 4166 4166 4166 4193 4193 4193 4185 4185 4185 4166 4166 4166 4194 4194 4194 4195 4195 4195 4195 4195 4195 4193 4193 4193 4166 4166 4166 4193 4193 4193 4195 4195 4195 4196 4196 4196 4197 4197 4197 4190 4190 4190 4193 4193 4193 4198 4198 4198 4197 4197 4197 4193 4193 4193 4196 4196 4196 4198 4198 4198 4193 4193 4193 4198 4198 4198 4196 4196 4196 4199 4199 4199 4199 4199 4199 4200 4200 4200 4198 4198 4198 4200 4200 4200 4201 4201 4201 4202 4202 4202 4202 4202 4202 4203 4203 4203 4200 4200 4200 4200 4200 4200 4204 4204 4204 4198 4198 4198 4198 4198 4198 4204 4204 4204 4205 4205 4205 4204 4204 4204 4206 4206 4206 4205 4205 4205 4205 4205 4205 4206 4206 4206 4190 4190 4190 4190 4190 4190 4206 4206 4206 4207 4207 4207 4203 4203 4203 4208 4208 4208 4200 4200 4200 4200 4200 4200 4208 4208 4208 4209 4209 4209 4208 4208 4208 4210 4210 4210 4209 4209 4209 4209 4209 4209 4210 4210 4210 4206 4206 4206 4210 4210 4210 4211 4211 4211 4206 4206 4206 4211 4211 4211 4212 4212 4212 4206 4206 4206 4203 4203 4203 4213 4213 4213 4214 4214 4214 4214 4214 4214 4215 4215 4215 4203 4203 4203 4206 4206 4206 4212 4212 4212 4216 4216 4216 4206 4206 4206 4216 4216 4216 4217 4217 4217 4206 4206 4206 4217 4217 4217 4207 4207 4207 4207 4207 4207 4217 4217 4217 4218 4218 4218 4219 4219 4219 4218 4218 4218 4220 4220 4220 4215 4215 4215 4221 4221 4221 4222 4222 4222 4222 4222 4222 4223 4223 4223 4215 4215 4215 4223 4223 4223 4224 4224 4224 4225 4225 4225 4223 4223 4223 4226 4226 4226 4215 4215 4215 4215 4215 4215 4227 4227 4227 4203 4203 4203 4203 4203 4203 4227 4227 4227 4228 4228 4228 4215 4215 4215 4226 4226 4226 4229 4229 4229 4227 4227 4227 4230 4230 4230 4228 4228 4228 4228 4228 4228 4230 4230 4230 4231 4231 4231 4231 4231 4231 4230 4230 4230 4232 4232 4232 4226 4226 4226 4233 4233 4233 4229 4229 4229 4229 4229 4229 4233 4233 4233 4230 4230 4230 4230 4230 4230 4234 4234 4234 4232 4232 4232 4232 4232 4232 4234 4234 4234 4212 4212 4212 4230 4230 4230 4235 4235 4235 4234 4234 4234 4212 4212 4212 4234 4234 4234 4236 4236 4236 4230 4230 4230 4237 4237 4237 4235 4235 4235 4236 4236 4236 4238 4238 4238 4212 4212 4212 4239 4239 4239 4212 4212 4212 4238 4238 4238 4240 4240 4240 4238 4238 4238 4236 4236 4236 4241 4241 4241 4240 4240 4240 4236 4236 4236 4242 4242 4242 4240 4240 4240 4241 4241 4241 4243 4243 4243 4237 4237 4237 4230 4230 4230 4233 4233 4233 4243 4243 4243 4230 4230 4230 4243 4243 4243 4244 4244 4244 4237 4237 4237 4245 4245 4245 4242 4242 4242 4241 4241 4241 4246 4246 4246 4247 4247 4247 4244 4244 4244 4233 4233 4233 4247 4247 4247 4246 4246 4246 4233 4233 4233 4248 4248 4248 4247 4247 4247 4249 4249 4249 4248 4248 4248 4233 4233 4233 4250 4250 4250 4248 4248 4248 4251 4251 4251 4252 4252 4252 4249 4249 4249 4233 4233 4233 4226 4226 4226 4252 4252 4252 4233 4233 4233 4253 4253 4253 4249 4249 4249 4252 4252 4252 4254 4254 4254 4252 4252 4252 4226 4226 4226 4255 4255 4255 4254 4254 4254 4226 4226 4226 4256 4256 4256 4253 4253 4253 4252 4252 4252 4257 4257 4257 4254 4254 4254 4255 4255 4255 4225 4225 4225 4257 4257 4257 4255 4255 4255 4258 4258 4258 4253 4253 4253 4256 4256 4256 4257 4257 4257 4258 4258 4258 4256 4256 4256 4259 4259 4259 4258 4258 4258 4257 4257 4257 4257 4257 4257 4260 4260 4260 4261 4261 4261 4261 4261 4261 4259 4259 4259 4257 4257 4257 4259 4259 4259 4262 4262 4262 4263 4263 4263 4263 4263 4263 4264 4264 4264 4259 4259 4259 4264 4264 4264 4265 4265 4265 4266 4266 4266 4266 4266 4266 4267 4267 4267 4264 4264 4264 4264 4264 4264 4268 4268 4268 4259 4259 4259 4259 4259 4259 4268 4268 4268 4269 4269 4269 4268 4268 4268 4270 4270 4270 4269 4269 4269 4269 4269 4269 4270 4270 4270 4253 4253 4253 4253 4253 4253 4270 4270 4270 4251 4251 4251 4251 4251 4251 4271 4271 4271 4272 4272 4272 4270 4270 4270 4271 4271 4271 4251 4251 4251 4270 4270 4270 4273 4273 4273 4271 4271 4271 4274 4274 4274 4273 4273 4273 4270 4270 4270 4275 4275 4275 4271 4271 4271 4276 4276 4276 4277 4277 4277 4278 4278 4278 4274 4274 4274 4276 4276 4276 4277 4277 4277 4279 4279 4279 4279 4279 4279 4275 4275 4275 4276 4276 4276 4274 4274 4274 4280 4280 4280 4277 4277 4277 4281 4281 4281 4275 4275 4275 4279 4279 4279 4282 4282 4282 4281 4281 4281 4279 4279 4279 4283 4283 4283 4282 4282 4282 4279 4279 4279 4284 4284 4284 4282 4282 4282 4283 4283 4283 4282 4282 4282 4285 4285 4285 4286 4286 4286 4287 4287 4287 4282 4282 4282 4286 4286 4286 4288 4288 4288 4282 4282 4282 4284 4284 4284 4289 4289 4289 4288 4288 4288 4284 4284 4284 4290 4290 4290 4282 4282 4282 4287 4287 4287 4291 4291 4291 4292 4292 4292 4284 4284 4284 4293 4293 4293 4290 4290 4290 4287 4287 4287 4275 4275 4275 4290 4290 4290 4293 4293 4293 4294 4294 4294 4275 4275 4275 4293 4293 4293 4295 4295 4295 4275 4275 4275 4294 4294 4294 4296 4296 4296 4295 4295 4295 4294 4294 4294 4288 4288 4288 4292 4292 4292 4297 4297 4297 4288 4288 4288 4297 4297 4297 4298 4298 4298 4297 4297 4297 4292 4292 4292 4299 4299 4299 4297 4297 4297 4300 4300 4300 4298 4298 4298 4298 4298 4298 4300 4300 4300 4301 4301 4301 4298 4298 4298 4301 4301 4301 4287 4287 4287 4302 4302 4302 4303 4303 4303 4299 4299 4299 4303 4303 4303 4304 4304 4304 4299 4299 4299 4301 4301 4301 4305 4305 4305 4287 4287 4287 4287 4287 4287 4305 4305 4305 4306 4306 4306 4305 4305 4305 4307 4307 4307 4306 4306 4306 4306 4306 4306 4307 4307 4307 4294 4294 4294 4307 4307 4307 4308 4308 4308 4294 4294 4294 4294 4294 4294 4308 4308 4308 4309 4309 4309 4308 4308 4308 4310 4310 4310 4309 4309 4309 4309 4309 4309 4311 4311 4311 4312 4312 4312 4313 4313 4313 4247 4247 4247 4308 4308 4308 4314 4314 4314 4315 4315 4315 4313 4313 4313 4316 4316 4316 4314 4314 4314 4313 4313 4313 4317 4317 4317 4314 4314 4314 4316 4316 4316 4318 4318 4318 4317 4317 4317 4316 4316 4316 4319 4319 4319 4237 4237 4237 4314 4314 4314 4320 4320 4320 4317 4317 4317 4318 4318 4318 4321 4321 4321 4320 4320 4320 4318 4318 4318 4301 4301 4301 4320 4320 4320 4321 4321 4321 4322 4322 4322 4323 4323 4323 4319 4319 4319 4324 4324 4324 4322 4322 4322 4319 4319 4319 4325 4325 4325 4322 4322 4322 4324 4324 4324 4326 4326 4326 4325 4325 4325 4324 4324 4324 4245 4245 4245 4325 4325 4325 4326 4326 4326 4320 4320 4320 4245 4245 4245 4326 4326 4326 4301 4301 4301 4327 4327 4327 4320 4320 4320 4327 4327 4327 4245 4245 4245 4320 4320 4320 4327 4327 4327 4301 4301 4301 4328 4328 4328 4327 4327 4327 4329 4329 4329 4245 4245 4245 4328 4328 4328 4301 4301 4301 4330 4330 4330 4329 4329 4329 4242 4242 4242 4245 4245 4245 4330 4330 4330 4331 4331 4331 4328 4328 4328 4332 4332 4332 4331 4331 4331 4330 4330 4330 4299 4299 4299 4331 4331 4331 4332 4332 4332 4299 4299 4299 4304 4304 4304 4331 4331 4331 4333 4333 4333 4334 4334 4334 4328 4328 4328 4335 4335 4335 4334 4334 4334 4333 4333 4333 4336 4336 4336 4304 4304 4304 4337 4337 4337 4304 4304 4304 4338 4338 4338 4337 4337 4337 4304 4304 4304 4291 4291 4291 4338 4338 4338 4291 4291 4291 4339 4339 4339 4338 4338 4338 4339 4339 4339 4340 4340 4340 4338 4338 4338 4340 4340 4340 4341 4341 4341 4338 4338 4338 4337 4337 4337 4338 4338 4338 4342 4342 4342 4341 4341 4341 4343 4343 4343 4280 4280 4280 4338 4338 4338 4341 4341 4341 4280 4280 4280 4342 4342 4342 4338 4338 4338 4344 4344 4344 4338 4338 4338 4345 4345 4345 4346 4346 4346 4344 4344 4344 4338 4338 4338 4346 4346 4346 4344 4344 4344 4346 4346 4346 4347 4347 4347 4348 4348 4348 4344 4344 4344 4347 4347 4347 4349 4349 4349 4344 4344 4344 4348 4348 4348 4350 4350 4350 4344 4344 4344 4349 4349 4349 4351 4351 4351 4348 4348 4348 4352 4352 4352 4353 4353 4353 4350 4350 4350 4349 4349 4349 4354 4354 4354 4350 4350 4350 4353 4353 4353 4355 4355 4355 4354 4354 4354 4353 4353 4353 4356 4356 4356 4354 4354 4354 4355 4355 4355 4357 4357 4357 4356 4356 4356 4355 4355 4355 4356 4356 4356 4358 4358 4358 4337 4337 4337 4358 4358 4358 4331 4331 4331 4304 4304 4304 4359 4359 4359 4357 4357 4357 4360 4360 4360 4359 4359 4359 4360 4360 4360 4358 4358 4358 4360 4360 4360 4331 4331 4331 4358 4358 4358 4357 4357 4357 4361 4361 4361 4360 4360 4360 4362 4362 4362 4363 4363 4363 4360 4360 4360 4363 4363 4363 4364 4364 4364 4365 4365 4365 4366 4366 4366 4365 4365 4365 4360 4360 4360 4365 4365 4365 4331 4331 4331 4360 4360 4360 4360 4360 4360 4361 4361 4361 4367 4367 4367 4368 4368 4368 4331 4331 4331 4365 4365 4365 4369 4369 4369 4367 4367 4367 4361 4361 4361 4370 4370 4370 4331 4331 4331 4368 4368 4368 4369 4369 4369 4371 4371 4371 4372 4372 4372 4373 4373 4373 4371 4371 4371 4369 4369 4369 4361 4361 4361 4373 4373 4373 4369 4369 4369 4374 4374 4374 4373 4373 4373 4361 4361 4361 4375 4375 4375 4374 4374 4374 4361 4361 4361 4376 4376 4376 4375 4375 4375 4361 4361 4361 4377 4377 4377 4374 4374 4374 4378 4378 4378 4379 4379 4379 4371 4371 4371 4380 4380 4380 4381 4381 4381 4377 4377 4377 4380 4380 4380 4379 4379 4379 4380 4380 4380 4382 4382 4382 4377 4377 4377 4383 4383 4383 4380 4380 4380 4383 4383 4383 4374 4374 4374 4384 4384 4384 4385 4385 4385 4384 4384 4384 4376 4376 4376 4386 4386 4386 4385 4385 4385 4376 4376 4376 4387 4387 4387 4383 4383 4383 4384 4384 4384 4388 4388 4388 4385 4385 4385 4386 4386 4386 4389 4389 4389 4388 4388 4388 4386 4386 4386 4390 4390 4390 4383 4383 4383 4387 4387 4387 4391 4391 4391 4390 4390 4390 4387 4387 4387 4392 4392 4392 4388 4388 4388 4389 4389 4389 4392 4392 4392 4390 4390 4390 4391 4391 4391 4393 4393 4393 4392 4392 4392 4389 4389 4389 4394 4394 4394 4392 4392 4392 4393 4393 4393 4395 4395 4395 4390 4390 4390 4392 4392 4392 4396 4396 4396 4397 4397 4397 4394 4394 4394 4397 4397 4397 4392 4392 4392 4394 4394 4394 4397 4397 4397 4398 4398 4398 4392 4392 4392 4399 4399 4399 4400 4400 4400 4392 4392 4392 4400 4400 4400 4395 4395 4395 4392 4392 4392 4400 4400 4400 4401 4401 4401 4402 4402 4402 4395 4395 4395 4403 4403 4403 4404 4404 4404 4405 4405 4405 4395 4395 4395 4404 4404 4404 4406 4406 4406 4395 4395 4395 4405 4405 4405 4407 4407 4407 4404 4404 4404 4408 4408 4408 4409 4409 4409 4407 4407 4407 4408 4408 4408 4410 4410 4410 4407 4407 4407 4409 4409 4409 4411 4411 4411 4412 4412 4412 4410 4410 4410 4413 4413 4413 4410 4410 4410 4409 4409 4409 4410 4410 4410 4414 4414 4414 4405 4405 4405 4405 4405 4405 4414 4414 4414 4415 4415 4415 4416 4416 4416 4417 4417 4417 4413 4413 4413 4413 4413 4413 4418 4418 4418 4419 4419 4419 4418 4418 4418 4420 4420 4420 4419 4419 4419 4421 4421 4421 4406 4406 4406 4405 4405 4405 4380 4380 4380 4406 4406 4406 4421 4421 4421 4383 4383 4383 4406 4406 4406 4380 4380 4380 4405 4405 4405 4422 4422 4422 4423 4423 4423 4422 4422 4422 4424 4424 4424 4423 4423 4423 4380 4380 4380 4423 4423 4423 4424 4424 4424 4425 4425 4425 4380 4380 4380 4424 4424 4424 4425 4425 4425 4426 4426 4426 4380 4380 4380 4380 4380 4380 4426 4426 4426 4382 4382 4382 4426 4426 4426 4427 4427 4427 4382 4382 4382 4382 4382 4382 4427 4427 4427 4428 4428 4428 4427 4427 4427 4429 4429 4429 4428 4428 4428 4430 4430 4430 4428 4428 4428 4429 4429 4429 4431 4431 4431 4430 4430 4430 4429 4429 4429 4432 4432 4432 4431 4431 4431 4429 4429 4429 4433 4433 4433 4432 4432 4432 4429 4429 4429 4434 4434 4434 4432 4432 4432 4433 4433 4433 4435 4435 4435 4432 4432 4432 4434 4434 4434 4436 4436 4436 4432 4432 4432 4435 4435 4435 4437 4437 4437 4438 4438 4438 4435 4435 4435 4438 4438 4438 4439 4439 4439 4435 4435 4435 4416 4416 4416 4440 4440 4440 4441 4441 4441 4440 4440 4440 4442 4442 4442 4441 4441 4441 4440 4440 4440 4443 4443 4443 4442 4442 4442 4441 4441 4441 4442 4442 4442 4444 4444 4444 4443 4443 4443 4401 4401 4401 4442 4442 4442 4442 4442 4442 4445 4445 4445 4444 4444 4444 4444 4444 4444 4445 4445 4445 4446 4446 4446 4401 4401 4401 4447 4447 4447 4442 4442 4442 4445 4445 4445 4448 4448 4448 4446 4446 4446 4401 4401 4401 4449 4449 4449 4447 4447 4447 4442 4442 4442 4447 4447 4447 4450 4450 4450 4450 4450 4450 4447 4447 4447 4448 4448 4448 4449 4449 4449 4398 4398 4398 4447 4447 4447 4446 4446 4446 4448 4448 4448 4451 4451 4451 4448 4448 4448 4452 4452 4452 4451 4451 4451 4448 4448 4448 4447 4447 4447 4452 4452 4452 4447 4447 4447 4453 4453 4453 4452 4452 4452 4446 4446 4446 4454 4454 4454 4455 4455 4455 4456 4456 4456 4446 4446 4446 4455 4455 4455 4457 4457 4457 4446 4446 4446 4456 4456 4456 4398 4398 4398 4458 4458 4458 4447 4447 4447 4458 4458 4458 4459 4459 4459 4447 4447 4447 4459 4459 4459 4460 4460 4460 4447 4447 4447 4447 4447 4447 4460 4460 4460 4461 4461 4461 4460 4460 4460 4462 4462 4462 4461 4461 4461 4398 4398 4398 4463 4463 4463 4464 4464 4464 4463 4463 4463 4465 4465 4465 4464 4464 4464 4464 4464 4464 4465 4465 4465 4466 4466 4466 4466 4466 4466 4467 4467 4467 4460 4460 4460 4465 4465 4465 4467 4467 4467 4466 4466 4466 4467 4467 4467 4468 4468 4468 4460 4460 4460 4469 4469 4469 4470 4470 4470 4465 4465 4465 4465 4465 4465 4470 4470 4470 4471 4471 4471 4470 4470 4470 4352 4352 4352 4471 4471 4471 4471 4471 4471 4352 4352 4352 4472 4472 4472 4473 4473 4473 4465 4465 4465 4474 4474 4474 4473 4473 4473 4474 4474 4474 4475 4475 4475 4468 4468 4468 4473 4473 4473 4475 4475 4475 4475 4475 4475 4474 4474 4474 4476 4476 4476 4474 4474 4474 4472 4472 4472 4476 4476 4476 4476 4476 4476 4472 4472 4472 4280 4280 4280 4476 4476 4476 4280 4280 4280 4274 4274 4274 4477 4477 4477 4476 4476 4476 4274 4274 4274 4477 4477 4477 4274 4274 4274 4270 4270 4270 4478 4478 4478 4476 4476 4476 4477 4477 4477 4479 4479 4479 4477 4477 4477 4270 4270 4270 4480 4480 4480 4478 4478 4478 4477 4477 4477 4468 4468 4468 4478 4478 4478 4480 4480 4480 4481 4481 4481 4477 4477 4477 4479 4479 4479 4264 4264 4264 4481 4481 4481 4479 4479 4479 4267 4267 4267 4481 4481 4481 4264 4264 4264 4267 4267 4267 4468 4468 4468 4480 4480 4480 4468 4468 4468 4267 4267 4267 4460 4460 4460 4460 4460 4460 4267 4267 4267 4482 4482 4482 4267 4267 4267 4483 4483 4483 4482 4482 4482 4484 4484 4484 4485 4485 4485 4486 4486 4486 4485 4485 4485 4487 4487 4487 4488 4488 4488 4487 4487 4487 4489 4489 4489 4488 4488 4488 3975 3975 3975 4490 4490 4490 4489 4489 4489 4487 4487 4487 3975 3975 3975 4489 4489 4489 3967 3967 3967 3975 3975 3975 4487 4487 4487 4491 4491 4491 3967 3967 3967 4487 4487 4487 4492 4492 4492 3967 3967 3967 4491 4491 4491 4493 4493 4493 4492 4492 4492 4491 4491 4491 3971 3971 3971 4492 4492 4492 4493 4493 4493 3976 3976 3976 3971 3971 3971 4493 4493 4493 4494 4494 4494 3976 3976 3976 4493 4493 4493 4495 4495 4495 3976 3976 3976 4494 4494 4494 4496 4496 4496 4495 4495 4495 4494 4494 4494 4497 4497 4497 4487 4487 4487 4498 4498 4498 4499 4499 4499 4497 4497 4497 4498 4498 4498 4498 4498 4498 4500 4500 4500 4499 4499 4499 4501 4501 4501 4497 4497 4497 4499 4499 4499 4502 4502 4502 4501 4501 4501 4499 4499 4499 4503 4503 4503 4501 4501 4501 4502 4502 4502 3991 3991 3991 4501 4501 4501 4503 4503 4503 3990 3990 3990 3991 3991 3991 4503 4503 4503 3990 3990 3990 4503 4503 4503 4504 4504 4504 4504 4504 4504 4503 4503 4503 4505 4505 4505 4503 4503 4503 4506 4506 4506 4505 4505 4505 4507 4507 4507 4506 4506 4506 4503 4503 4503 4508 4508 4508 4506 4506 4506 4507 4507 4507 4509 4509 4509 4506 4506 4506 4508 4508 4508 4509 4509 4509 4510 4510 4510 4506 4506 4506 4505 4505 4505 4506 4506 4506 4511 4511 4511 4506 4506 4506 4512 4512 4512 4511 4511 4511 4511 4511 4511 4513 4513 4513 4505 4505 4505 4513 4513 4513 4514 4514 4514 4515 4515 4515 4514 4514 4514 4516 4516 4516 4517 4517 4517 4513 4513 4513 4515 4515 4515 4518 4518 4518 4515 4515 4515 4519 4519 4519 4518 4518 4518 4520 4520 4520 4513 4513 4513 4518 4518 4518 4521 4521 4521 4520 4520 4520 4518 4518 4518 4519 4519 4519 4522 4522 4522 4518 4518 4518 4522 4522 4522 4523 4523 4523 4524 4524 4524 4518 4518 4518 4522 4522 4522 4524 4524 4524 4525 4525 4525 4513 4513 4513 4526 4526 4526 4526 4526 4526 4527 4527 4527 4528 4528 4528 4529 4529 4529 4525 4525 4525 4526 4526 4526 4530 4530 4530 4525 4525 4525 4529 4529 4529 4531 4531 4531 4525 4525 4525 4530 4530 4530 4532 4532 4532 4531 4531 4531 4530 4530 4530 3990 3990 3990 4531 4531 4531 4532 4532 4532 4529 4529 4529 4533 4533 4533 4534 4534 4534 4534 4534 4534 4535 4535 4535 4536 4536 4536 4537 4537 4537 4529 4529 4529 4534 4534 4534 4538 4538 4538 4529 4529 4529 4537 4537 4537 4537 4537 4537 4535 4535 4535 4539 4539 4539 4540 4540 4540 4538 4538 4538 4537 4537 4537 4532 4532 4532 4538 4538 4538 4540 4540 4540 4541 4541 4541 4537 4537 4537 4539 4539 4539 4542 4542 4542 4532 4532 4532 4540 4540 4540 4543 4543 4543 4537 4537 4537 4541 4541 4541 4542 4542 4542 4543 4543 4543 4541 4541 4541 4544 4544 4544 3990 3990 3990 4532 4532 4532 4544 4544 4544 4532 4532 4532 4542 4542 4542 3990 3990 3990 4544 4544 4544 3992 3992 3992 3992 3992 3992 4544 4544 4544 4545 4545 4545 4546 4546 4546 4542 4542 4542 4541 4541 4541 4547 4547 4547 4542 4542 4542 4546 4546 4546 4548 4548 4548 4544 4544 4544 4542 4542 4542 4548 4548 4548 4542 4542 4542 4547 4547 4547 4549 4549 4549 4548 4548 4548 4547 4547 4547 4544 4544 4544 4550 4550 4550 4551 4551 4551 4551 4551 4551 4550 4550 4550 4552 4552 4552 4548 4548 4548 4553 4553 4553 4552 4552 4552 4552 4552 4552 4553 4553 4553 4554 4554 4554 4551 4551 4551 4555 4555 4555 3992 3992 3992 4556 4556 4556 4555 4555 4555 4551 4551 4551 4557 4557 4557 4555 4555 4555 4556 4556 4556 3992 3992 3992 4555 4555 4555 4558 4558 4558 4559 4559 4559 4555 4555 4555 4557 4557 4557 4555 4555 4555 4560 4560 4560 4558 4558 4558 4558 4558 4558 4560 4560 4560 4561 4561 4561 4560 4560 4560 4562 4562 4562 4561 4561 4561 4562 4562 4562 4563 4563 4563 4561 4561 4561 4564 4564 4564 4565 4565 4565 4560 4560 4560 4566 4566 4566 4567 4567 4567 4564 4564 4564 4568 4568 4568 4567 4567 4567 4566 4566 4566 4555 4555 4555 4568 4568 4568 4566 4566 4566 4568 4568 4568 4569 4569 4569 4570 4570 4570 4571 4571 4571 4568 4568 4568 4555 4555 4555 4572 4572 4572 4571 4571 4571 4555 4555 4555 4573 4573 4573 4574 4574 4574 4569 4569 4569 4575 4575 4575 4574 4574 4574 4576 4576 4576 4577 4577 4577 4574 4574 4574 4573 4573 4573 4577 4577 4577 4578 4578 4578 4575 4575 4575 4579 4579 4579 4578 4578 4578 4577 4577 4577 4580 4580 4580 4577 4577 4577 4573 4573 4573 4581 4581 4581 4577 4577 4577 4580 4580 4580 4572 4572 4572 4581 4581 4581 4580 4580 4580 4577 4577 4577 4581 4581 4581 4582 4582 4582 4583 4583 4583 4584 4584 4584 4582 4582 4582 4585 4585 4585 4581 4581 4581 4572 4572 4572 4586 4586 4586 4581 4581 4581 4585 4585 4585 4587 4587 4587 4581 4581 4581 4586 4586 4586 4588 4588 4588 4572 4572 4572 4555 4555 4555 4589 4589 4589 4331 4331 4331 4581 4581 4581 4581 4581 4581 4331 4331 4331 4582 4582 4582 4590 4590 4590 4588 4588 4588 4555 4555 4555 4331 4331 4331 4591 4591 4591 4582 4582 4582 4592 4592 4592 4588 4588 4588 4590 4590 4590 4370 4370 4370 4591 4591 4591 4331 4331 4331 4593 4593 4593 4370 4370 4370 4582 4582 4582 4370 4370 4370 4594 4594 4594 4582 4582 4582 4370 4370 4370 4595 4595 4595 4594 4594 4594 4595 4595 4595 4596 4596 4596 4594 4594 4594 4594 4594 4594 4596 4596 4596 4597 4597 4597 4597 4597 4597 4598 4598 4598 4594 4594 4594 4599 4599 4599 4592 4592 4592 4590 4590 4590 4600 4600 4600 4599 4599 4599 4590 4590 4590 4601 4601 4601 4600 4600 4600 4590 4590 4590 4331 4331 4331 4601 4601 4601 4590 4590 4590 4331 4331 4331 4590 4590 4590 4328 4328 4328 4328 4328 4328 4590 4590 4590 4602 4602 4602 4590 4590 4590 4329 4329 4329 4602 4602 4602 4590 4590 4590 4555 4555 4555 4559 4559 4559 4603 4603 4603 4590 4590 4590 4559 4559 4559 4604 4604 4604 4590 4590 4590 4603 4603 4603 4605 4605 4605 4590 4590 4590 4604 4604 4604 4606 4606 4606 4590 4590 4590 4605 4605 4605 4607 4607 4607 4608 4608 4608 4604 4604 4604 4609 4609 4609 4608 4608 4608 4607 4607 4607 4590 4590 4590 4606 4606 4606 4610 4610 4610 4606 4606 4606 4611 4611 4611 4610 4610 4610 4612 4612 4612 4329 4329 4329 4590 4590 4590 4612 4612 4612 4590 4590 4590 4610 4610 4610 4329 4329 4329 4612 4612 4612 4242 4242 4242 4612 4612 4612 4613 4613 4613 4242 4242 4242 4242 4242 4242 4613 4613 4613 4614 4614 4614 4613 4613 4613 4615 4615 4615 4614 4614 4614 4614 4614 4614 4615 4615 4615 4616 4616 4616 4617 4617 4617 4612 4612 4612 4610 4610 4610 4615 4615 4615 4618 4618 4618 4616 4616 4616 4616 4616 4616 4618 4618 4618 4239 4239 4239 4618 4618 4618 4619 4619 4619 4239 4239 4239 4191 4191 4191 4620 4620 4620 4618 4618 4618 4191 4191 4191 4618 4618 4618 4192 4192 4192 4192 4192 4192 4618 4618 4618 4621 4621 4621 4618 4618 4618 4622 4622 4622 4621 4621 4621 4621 4621 4621 4622 4622 4622 4623 4623 4623 4622 4622 4622 4617 4617 4617 4623 4623 4623 4623 4623 4623 4617 4617 4617 4610 4610 4610 4610 4610 4610 4624 4624 4624 4623 4623 4623 4610 4610 4610 4625 4625 4625 4624 4624 4624 4624 4624 4624 4626 4626 4626 4623 4623 4623 4623 4623 4623 4626 4626 4626 4627 4627 4627 4628 4628 4628 4625 4625 4625 4629 4629 4629 4630 4630 4630 4625 4625 4625 4628 4628 4628 4626 4626 4626 4631 4631 4631 4627 4627 4627 4627 4627 4627 4631 4631 4631 4632 4632 4632 4632 4632 4632 4631 4631 4631 4633 4633 4633 4633 4633 4633 4634 4634 4634 4635 4635 4635 4631 4631 4631 4636 4636 4636 4633 4633 4633 4637 4637 4637 4638 4638 4638 4631 4631 4631 4637 4637 4637 4631 4631 4631 4639 4639 4639 4639 4639 4639 4640 4640 4640 4641 4641 4641 4631 4631 4631 4642 4642 4642 4639 4639 4639 4642 4642 4642 4643 4643 4643 4639 4639 4639 4644 4644 4644 4642 4642 4642 4631 4631 4631 4645 4645 4645 4644 4644 4644 4631 4631 4631 4646 4646 4646 4644 4644 4644 4645 4645 4645 4647 4647 4647 4646 4646 4646 4645 4645 4645 4611 4611 4611 4646 4646 4646 4647 4647 4647 4611 4611 4611 4630 4630 4630 4646 4646 4646 4630 4630 4630 4648 4648 4648 4649 4649 4649 4648 4648 4648 4650 4650 4650 4649 4649 4649 4649 4649 4649 4650 4650 4650 4651 4651 4651 4648 4648 4648 4652 4652 4652 4653 4653 4653 4650 4650 4650 4654 4654 4654 4651 4651 4651 4651 4651 4651 4654 4654 4654 4642 4642 4642 4654 4654 4654 4655 4655 4655 4642 4642 4642 4655 4655 4655 4656 4656 4656 4642 4642 4642 4642 4642 4642 4656 4656 4656 4643 4643 4643 4656 4656 4656 4657 4657 4657 4643 4643 4643 4658 4658 4658 4659 4659 4659 4656 4656 4656 4659 4659 4659 4660 4660 4660 4656 4656 4656 4661 4661 4661 4659 4659 4659 4658 4658 4658 4656 4656 4656 4660 4660 4660 4662 4662 4662 4662 4662 4662 4663 4663 4663 4664 4664 4664 4660 4660 4660 4134 4134 4134 4662 4662 4662 4665 4665 4665 4661 4661 4661 4658 4658 4658 4653 4653 4653 4661 4661 4661 4665 4665 4665 4666 4666 4666 4661 4661 4661 4653 4653 4653 4666 4666 4666 4667 4667 4667 4661 4661 4661 4666 4666 4666 4668 4668 4668 4669 4669 4669 4668 4668 4668 4670 4670 4670 4669 4669 4669 4669 4669 4669 4670 4670 4670 4671 4671 4671 4672 4672 4672 4673 4673 4673 4661 4661 4661 4673 4673 4673 4674 4674 4674 4675 4675 4675 4673 4673 4673 4676 4676 4676 4661 4661 4661 4676 4676 4676 4677 4677 4677 4661 4661 4661 4661 4661 4661 4677 4677 4677 4678 4678 4678 4678 4678 4678 4677 4677 4677 4660 4660 4660 4677 4677 4677 4679 4679 4679 4660 4660 4660 4660 4660 4660 4679 4679 4679 4680 4680 4680 4679 4679 4679 4681 4681 4681 4680 4680 4680 4676 4676 4676 4682 4682 4682 4683 4683 4683 4684 4684 4684 4676 4676 4676 4683 4683 4683 4685 4685 4685 4676 4676 4676 4684 4684 4684 4686 4686 4686 4685 4685 4685 4684 4684 4684 4687 4687 4687 4685 4685 4685 4686 4686 4686 4688 4688 4688 4685 4685 4685 4687 4687 4687 4689 4689 4689 4688 4688 4688 4687 4687 4687 4690 4690 4690 4689 4689 4689 4687 4687 4687 4689 4689 4689 4691 4691 4691 4692 4692 4692 4693 4693 4693 4694 4694 4694 4684 4684 4684 4684 4684 4684 4694 4694 4694 4695 4695 4695 4694 4694 4694 4696 4696 4696 4695 4695 4695 4695 4695 4695 4696 4696 4696 4697 4697 4697 4696 4696 4696 4541 4541 4541 4697 4697 4697 4697 4697 4697 4541 4541 4541 4698 4698 4698 4698 4698 4698 4699 4699 4699 4697 4697 4697 4541 4541 4541 4700 4700 4700 4698 4698 4698 4701 4701 4701 4702 4702 4702 4683 4683 4683 4703 4703 4703 4702 4702 4702 4704 4704 4704 4705 4705 4705 4701 4701 4701 4683 4683 4683 4674 4674 4674 4705 4705 4705 4683 4683 4683 4674 4674 4674 4706 4706 4706 4705 4705 4705 4706 4706 4706 4609 4609 4609 4705 4705 4705 4705 4705 4705 4609 4609 4609 4707 4707 4707 4708 4708 4708 4709 4709 4709 4710 4710 4710 4710 4710 4710 4711 4711 4711 4712 4712 4712 4711 4711 4711 4713 4713 4713 4712 4712 4712 4712 4712 4712 4713 4713 4713 4714 4714 4714 4713 4713 4713 4715 4715 4715 4714 4714 4714 4714 4714 4714 4715 4715 4715 4716 4716 4716 4715 4715 4715 4131 4131 4131 4716 4716 4716 4716 4716 4716 4131 4131 4131 4127 4127 4127 4716 4716 4716 4127 4127 4127 4717 4717 4717 4718 4718 4718 4716 4716 4716 4717 4717 4717 4717 4717 4717 4127 4127 4127 4719 4719 4719 4720 4720 4720 4716 4716 4716 4718 4718 4718 4127 4127 4127 4721 4721 4721 4719 4719 4719 4722 4722 4722 4720 4720 4720 4718 4718 4718 4719 4719 4719 4721 4721 4721 4723 4723 4723 4724 4724 4724 4720 4720 4720 4722 4722 4722 4725 4725 4725 4724 4724 4724 4722 4722 4722 4726 4726 4726 4727 4727 4727 4725 4725 4725 4728 4728 4728 4723 4723 4723 4729 4729 4729 4730 4730 4730 4728 4728 4728 4729 4729 4729 4731 4731 4731 4728 4728 4728 4730 4730 4730 4731 4731 4731 4732 4732 4732 4719 4719 4719 4733 4733 4733 4731 4731 4731 4730 4730 4730 4734 4734 4734 4731 4731 4731 4733 4733 4733 4535 4535 4535 4735 4735 4735 4730 4730 4730 4730 4730 4730 4735 4735 4735 4736 4736 4736 4737 4737 4737 4738 4738 4738 4734 4734 4734 4735 4735 4735 4739 4739 4739 4736 4736 4736 4736 4736 4736 4739 4739 4739 4734 4734 4734 4738 4738 4738 4740 4740 4740 4734 4734 4734 4739 4739 4739 4741 4741 4741 4734 4734 4734 4740 4740 4740 4731 4731 4731 4734 4734 4734 4734 4734 4734 4741 4741 4741 4742 4742 4742 4741 4741 4741 4743 4743 4743 4742 4742 4742 4744 4744 4744 4745 4745 4745 4740 4740 4740 4741 4741 4741 4518 4518 4518 4743 4743 4743 4518 4518 4518 4746 4746 4746 4743 4743 4743 4747 4747 4747 4518 4518 4518 4741 4741 4741 4735 4735 4735 4518 4518 4518 4747 4747 4747 4521 4521 4521 4518 4518 4518 4735 4735 4735 4748 4748 4748 4521 4521 4521 4735 4735 4735 4749 4749 4749 4748 4748 4748 4735 4735 4735 4745 4745 4745 4750 4750 4750 4740 4740 4740 4740 4740 4740 4750 4750 4750 4731 4731 4731 4750 4750 4750 4732 4732 4732 4731 4731 4731 4750 4750 4750 4751 4751 4751 4732 4732 4732 4752 4752 4752 4751 4751 4751 4750 4750 4750 4753 4753 4753 4754 4754 4754 4750 4750 4750 4754 4754 4754 4752 4752 4752 4750 4750 4750 4755 4755 4755 4756 4756 4756 4752 4752 4752 4756 4756 4756 4757 4757 4757 4752 4752 4752 4752 4752 4752 4757 4757 4757 4758 4758 4758 4759 4759 4759 4760 4760 4760 4761 4761 4761 4762 4762 4762 4763 4763 4763 4759 4759 4759 4764 4764 4764 4763 4763 4763 4762 4762 4762 4765 4765 4765 4764 4764 4764 4762 4762 4762 4766 4766 4766 4767 4767 4767 4764 4764 4764 4768 4768 4768 4767 4767 4767 4766 4766 4766 4769 4769 4769 4767 4767 4767 4768 4768 4768 4770 4770 4770 4769 4769 4769 4768 4768 4768 4771 4771 4771 4772 4772 4772 4773 4773 4773 4771 4771 4771 4774 4774 4774 4775 4775 4775 4775 4775 4775 4774 4774 4774 4776 4776 4776 4777 4777 4777 4774 4774 4774 4778 4778 4778 4774 4774 4774 4779 4779 4779 4778 4778 4778 4780 4780 4780 4778 4778 4778 4781 4781 4781 4778 4778 4778 4779 4779 4779 4782 4782 4782 4782 4782 4782 4781 4781 4781 4778 4778 4778 4779 4779 4779 4783 4783 4783 4782 4782 4782 4784 4784 4784 4781 4781 4781 4782 4782 4782 4782 4782 4782 4783 4783 4783 4785 4785 4785 4785 4785 4785 4784 4784 4784 4786 4786 4786 4783 4783 4783 4787 4787 4787 4785 4785 4785 4788 4788 4788 4784 4784 4784 4785 4785 4785 4785 4785 4785 4787 4787 4787 4789 4789 4789 4789 4789 4789 4788 4788 4788 4790 4790 4790 4787 4787 4787 4791 4791 4791 4789 4789 4789 4792 4792 4792 4788 4788 4788 4789 4789 4789 4789 4789 4789 4791 4791 4791 4793 4793 4793 4793 4793 4793 4792 4792 4792 4789 4789 4789 4793 4793 4793 4794 4794 4794 4792 4792 4792 4795 4795 4795 4794 4794 4794 4793 4793 4793 4796 4796 4796 4797 4797 4797 4793 4793 4793 4797 4797 4797 4798 4798 4798 4793 4793 4793 4793 4793 4793 4798 4798 4798 4795 4795 4795 4798 4798 4798 4799 4799 4799 4795 4795 4795 4799 4799 4799 4800 4800 4800 4801 4801 4801 4802 4802 4802 4800 4800 4800 4799 4799 4799 4803 4803 4803 4804 4804 4804 4798 4798 4798 4804 4804 4804 4805 4805 4805 4798 4798 4798 4798 4798 4798 4805 4805 4805 4806 4806 4806 4806 4806 4806 4807 4807 4807 4802 4802 4802 4807 4807 4807 4808 4808 4808 4802 4802 4802 4805 4805 4805 4807 4807 4807 4806 4806 4806 4807 4807 4807 4809 4809 4809 4810 4810 4810 4811 4811 4811 4812 4812 4812 4805 4805 4805 4812 4812 4812 4813 4813 4813 4805 4805 4805 4805 4805 4805 4813 4813 4813 4807 4807 4807 4807 4807 4807 4813 4813 4813 4814 4814 4814 4815 4815 4815 4816 4816 4816 4813 4813 4813 4816 4816 4816 4817 4817 4817 4813 4813 4813 4813 4813 4813 4818 4818 4818 4814 4814 4814 4813 4813 4813 4817 4817 4817 4819 4819 4819 4814 4814 4814 4818 4818 4818 4820 4820 4820 4819 4819 4819 4817 4817 4817 4821 4821 4821 4817 4817 4817 4489 4489 4489 4821 4821 4821 4818 4818 4818 4822 4822 4822 4820 4820 4820 4823 4823 4823 4822 4822 4822 4818 4818 4818 4824 4824 4824 4823 4823 4823 4818 4818 4818 4819 4819 4819 4825 4825 4825 4824 4824 4824 4826 4826 4826 4825 4825 4825 4819 4819 4819 4827 4827 4827 4826 4826 4826 4818 4818 4818 4828 4828 4828 4826 4826 4826 4827 4827 4827 4827 4827 4827 4829 4829 4829 4828 4828 4828 4830 4830 4830 4829 4829 4829 4827 4827 4827 4831 4831 4831 4820 4820 4820 4832 4832 4832 4820 4820 4820 4833 4833 4833 4834 4834 4834 4833 4833 4833 4835 4835 4835 4834 4834 4834 4836 4836 4836 4831 4831 4831 4834 4834 4834 4834 4834 4834 4835 4835 4835 4836 4836 4836 4836 4836 4836 4837 4837 4837 4831 4831 4831 4836 4836 4836 4838 4838 4838 4837 4837 4837 4839 4839 4839 4838 4838 4838 4836 4836 4836 4840 4840 4840 4841 4841 4841 4835 4835 4835 4839 4839 4839 4842 4842 4842 4843 4843 4843 4844 4844 4844 4839 4839 4839 4843 4843 4843 4844 4844 4844 4843 4843 4843 4845 4845 4845 4841 4841 4841 4846 4846 4846 4847 4847 4847 4846 4846 4846 4848 4848 4848 4847 4847 4847 4848 4848 4848 4849 4849 4849 4850 4850 4850 4848 4848 4848 4851 4851 4851 4847 4847 4847 4852 4852 4852 4847 4847 4847 4835 4835 4835 4847 4847 4847 4851 4851 4851 4853 4853 4853 4847 4847 4847 4854 4854 4854 4835 4835 4835 4851 4851 4851 4855 4855 4855 4853 4853 4853 4835 4835 4835 4854 4854 4854 4856 4856 4856 4854 4854 4854 4857 4857 4857 4856 4856 4856 4853 4853 4853 4855 4855 4855 4857 4857 4857 4856 4856 4856 4857 4857 4857 4858 4858 4858 4858 4858 4858 4857 4857 4857 4859 4859 4859 4835 4835 4835 4860 4860 4860 4836 4836 4836 4860 4860 4860 4861 4861 4861 4836 4836 4836 4857 4857 4857 4862 4862 4862 4859 4859 4859 4836 4836 4836 4861 4861 4861 4863 4863 4863 4859 4859 4859 4862 4862 4862 4864 4864 4864 4861 4861 4861 4865 4865 4865 4863 4863 4863 4863 4863 4863 4865 4865 4865 4864 4864 4864 4863 4863 4863 4843 4843 4843 4836 4836 4836 4857 4857 4857 4866 4866 4866 4862 4862 4862 4867 4867 4867 4866 4866 4866 4857 4857 4857 4855 4855 4855 4867 4867 4867 4857 4857 4857 4862 4862 4862 4868 4868 4868 4864 4864 4864 4855 4855 4855 4869 4869 4869 4867 4867 4867 4864 4864 4864 4868 4868 4868 4870 4870 4870 4868 4868 4868 3712 3712 3712 4870 4870 4870 4871 4871 4871 4869 4869 4869 4855 4855 4855 4872 4872 4872 4871 4871 4871 4855 4855 4855 4873 4873 4873 4871 4871 4871 4872 4872 4872 4874 4874 4874 4873 4873 4873 4872 4872 4872 4873 4873 4873 4875 4875 4875 4876 4876 4876 4877 4877 4877 4878 4878 4878 4876 4876 4876 4876 4876 4876 4878 4878 4878 4879 4879 4879 4879 4879 4879 4878 4878 4878 4880 4880 4880 4880 4880 4880 4881 4881 4881 4869 4869 4869 4881 4881 4881 4882 4882 4882 4869 4869 4869 4869 4869 4869 4882 4882 4882 4883 4883 4883 4882 4882 4882 4884 4884 4884 4883 4883 4883 4881 4881 4881 4885 4885 4885 4886 4886 4886 4885 4885 4885 4887 4887 4887 4886 4886 4886 4869 4869 4869 4888 4888 4888 4867 4867 4867 4867 4867 4867 4888 4888 4888 4889 4889 4889 4884 4884 4884 4890 4890 4890 4888 4888 4888 4888 4888 4888 4890 4890 4890 4889 4889 4889 4884 4884 4884 4891 4891 4891 4890 4890 4890 4890 4890 4890 4891 4891 4891 4892 4892 4892 4890 4890 4890 4893 4893 4893 4889 4889 4889 4889 4889 4889 4893 4893 4893 4894 4894 4894 4893 4893 4893 4891 4891 4891 4895 4895 4895 4891 4891 4891 4896 4896 4896 4895 4895 4895 4896 4896 4896 4897 4897 4897 4898 4898 4898 4893 4893 4893 4899 4899 4899 4894 4894 4894 4894 4894 4894 4899 4899 4899 4900 4900 4900 4899 4899 4899 3714 3714 3714 4900 4900 4900 4900 4900 4900 3714 3714 3714 3712 3712 3712 4901 4901 4901 4902 4902 4902 4893 4893 4893 3714 3714 3714 4902 4902 4902 4901 4901 4901 3715 3715 3715 3714 3714 3714 4901 4901 4901 4897 4897 4897 3715 3715 3715 4901 4901 4901 3712 3712 3712 4903 4903 4903 4870 4870 4870 4870 4870 4870 4903 4903 4903 3708 3708 3708 3708 3708 3708 3713 3713 3713 4870 4870 4870 4870 4870 4870 3713 3713 3713 4904 4904 4904 4864 4864 4864 4870 4870 4870 4904 4904 4904 4904 4904 4904 3713 3713 3713 3758 3758 3758 4904 4904 4904 4905 4905 4905 4864 4864 4864 4905 4905 4905 4863 4863 4863 4864 4864 4864 3758 3758 3758 4906 4906 4906 4904 4904 4904 4907 4907 4907 4863 4863 4863 4905 4905 4905 4843 4843 4843 4863 4863 4863 4907 4907 4907 4843 4843 4843 4907 4907 4907 4908 4908 4908 4845 4845 4845 4843 4843 4843 4908 4908 4908 4845 4845 4845 4908 4908 4908 4909 4909 4909 4909 4909 4909 4908 4908 4908 4910 4910 4910 4908 4908 4908 4911 4911 4911 4910 4910 4910 4910 4910 4910 4911 4911 4911 4905 4905 4905 4912 4912 4912 4913 4913 4913 4909 4909 4909 4914 4914 4914 4913 4913 4913 4912 4912 4912 4905 4905 4905 4914 4914 4914 4912 4912 4912 4915 4915 4915 4913 4913 4913 4914 4914 4914 4914 4914 4914 4916 4916 4916 4915 4915 4915 4917 4917 4917 4916 4916 4916 4914 4914 4914 4914 4914 4914 4918 4918 4918 4917 4917 4917 4919 4919 4919 4918 4918 4918 4914 4914 4914 4920 4920 4920 4921 4921 4921 4919 4919 4919 4919 4919 4919 4922 4922 4922 4920 4920 4920 3773 3773 3773 4922 4922 4922 4919 4919 4919 3769 3769 3769 3773 3773 3773 4919 4919 4919 4923 4923 4923 4919 4919 4919 4914 4914 4914 3769 3769 3769 4919 4919 4919 4923 4923 4923 4924 4924 4924 3769 3769 3769 4923 4923 4923 4925 4925 4925 3769 3769 3769 4924 4924 4924 3764 3764 3764 3769 3769 3769 4925 4925 4925 3759 3759 3759 3764 3764 3764 4925 4925 4925 3759 3759 3759 4925 4925 4925 3760 3760 3760 3760 3760 3760 4925 4925 4925 3758 3758 3758 4925 4925 4925 4906 4906 4906 3758 3758 3758 4925 4925 4925 4926 4926 4926 4906 4906 4906 4906 4906 4906 4926 4926 4926 4927 4927 4927 4926 4926 4926 4923 4923 4923 4927 4927 4927 4923 4923 4923 4914 4914 4914 4927 4927 4927 4927 4927 4927 4914 4914 4914 4905 4905 4905 4906 4906 4906 4927 4927 4927 4904 4904 4904 4904 4904 4904 4927 4927 4927 4905 4905 4905 4928 4928 4928 4929 4929 4929 4930 4930 4930 4928 4928 4928 4931 4931 4931 4932 4932 4932 4933 4933 4933 4934 4934 4934 4935 4935 4935 4935 4935 4935 4936 4936 4936 4937 4937 4937 4936 4936 4936 4938 4938 4938 4939 4939 4939 4940 4940 4940 4938 4938 4938 4936 4936 4936 4941 4941 4941 4942 4942 4942 4938 4938 4938 4940 4940 4940 4943 4943 4943 4944 4944 4944 4944 4944 4944 4942 4942 4942 4941 4941 4941 4943 4943 4943 4945 4945 4945 4944 4944 4944 4946 4946 4946 4944 4944 4944 4945 4945 4945 4947 4947 4947 4944 4944 4944 4946 4946 4946 4944 4944 4944 4948 4948 4948 4949 4949 4949 4950 4950 4950 4948 4948 4948 4944 4944 4944 4951 4951 4951 4942 4942 4942 4944 4944 4944 4952 4952 4952 4950 4950 4950 4944 4944 4944 4946 4946 4946 4953 4953 4953 4952 4952 4952 4954 4954 4954 4952 4952 4952 4953 4953 4953 4955 4955 4955 4952 4952 4952 4954 4954 4954 4955 4955 4955 4950 4950 4950 4952 4952 4952 4951 4951 4951 4956 4956 4956 4957 4957 4957 4957 4957 4957 4956 4956 4956 4958 4958 4958 4959 4959 4959 4956 4956 4956 4950 4950 4950 4960 4960 4960 4956 4956 4956 4959 4959 4959 4959 4959 4959 4950 4950 4950 4961 4961 4961 4962 4962 4962 4963 4963 4963 4961 4961 4961 4963 4963 4963 4964 4964 4964 4961 4961 4961 4964 4964 4964 4965 4965 4965 4966 4966 4966 4961 4961 4961 4964 4964 4964 4966 4966 4966 4967 4967 4967 4961 4961 4961 4968 4968 4968 4959 4959 4959 4961 4961 4961 4967 4967 4967 4969 4969 4969 4970 4970 4970 4967 4967 4967 4971 4971 4971 4972 4972 4972 4969 4969 4969 4970 4970 4970 4971 4971 4971 4973 4973 4973 4971 4971 4971 4974 4974 4974 4973 4973 4973 4967 4967 4967 4970 4970 4970 4975 4975 4975 4972 4972 4972 4973 4973 4973 4975 4975 4975 4975 4975 4975 4959 4959 4959 4967 4967 4967 4973 4973 4973 4974 4974 4974 4976 4976 4976 4974 4974 4974 4977 4977 4977 4976 4976 4976 4973 4973 4973 4978 4978 4978 4975 4975 4975 4979 4979 4979 4977 4977 4977 4980 4980 4980 4979 4979 4979 4976 4976 4976 4981 4981 4981 4978 4978 4978 4979 4979 4979 4975 4975 4975 4975 4975 4975 4979 4979 4979 4982 4982 4982 4983 4983 4983 4975 4975 4975 4982 4982 4982 4975 4975 4975 4984 4984 4984 4959 4959 4959 4984 4984 4984 4985 4985 4985 4959 4959 4959 4986 4986 4986 4984 4984 4984 4975 4975 4975 4959 4959 4959 4985 4985 4985 4987 4987 4987 4988 4988 4988 4986 4986 4986 4975 4975 4975 4985 4985 4985 4989 4989 4989 4987 4987 4987 4987 4987 4987 4989 4989 4989 4990 4990 4990 4991 4991 4991 4988 4988 4988 4975 4975 4975 4991 4991 4991 4975 4975 4975 4983 4983 4983 4992 4992 4992 4988 4988 4988 4991 4991 4991 4993 4993 4993 4992 4992 4992 4991 4991 4991 4994 4994 4994 4990 4990 4990 4942 4942 4942 4995 4995 4995 4993 4993 4993 4991 4991 4991 4990 4990 4990 4996 4996 4996 4942 4942 4942 4990 4990 4990 4989 4989 4989 4996 4996 4996 4989 4989 4989 4997 4997 4997 4996 4996 4996 4997 4997 4997 4998 4998 4998 4996 4996 4996 4998 4998 4998 4999 4999 4999 4996 4996 4996 4999 4999 4999 5000 5000 5000 4996 4996 4996 4942 4942 4942 4996 4996 4996 5001 5001 5001 5001 5001 5001 4996 4996 4996 5002 5002 5002 5003 5003 5003 4942 4942 4942 5004 5004 5004 5003 5003 5003 5004 5004 5004 5005 5005 5005 5006 5006 5006 5003 5003 5003 5005 5005 5005 5005 5005 5005 5004 5004 5004 5007 5007 5007 5004 5004 5004 5008 5008 5008 5007 5007 5007 5007 5007 5007 5008 5008 5008 5009 5009 5009 5010 5010 5010 5006 5006 5006 5011 5011 5011 5012 5012 5012 5010 5010 5010 5011 5011 5011 5010 5010 5010 5013 5013 5013 5014 5014 5014 5013 5013 5013 5015 5015 5015 5014 5014 5014 5016 5016 5016 5017 5017 5017 5014 5014 5014 5018 5018 5018 5014 5014 5014 5017 5017 5017 5017 5017 5017 5019 5019 5019 5018 5018 5018 5020 5020 5020 5019 5019 5019 5021 5021 5021 5021 5021 5021 5019 5019 5019 5017 5017 5017 5017 5017 5017 5009 5009 5009 5022 5022 5022 5022 5022 5022 5009 5009 5009 5002 5002 5002 5023 5023 5023 5017 5017 5017 5022 5022 5022 5002 5002 5002 4996 4996 4996 5022 5022 5022 5024 5024 5024 5023 5023 5023 5022 5022 5022 5025 5025 5025 5026 5026 5026 5023 5023 5023 5027 5027 5027 5026 5026 5026 5025 5025 5025 5028 5028 5028 5027 5027 5027 5025 5025 5025 5029 5029 5029 5024 5024 5024 5022 5022 5022 5024 5024 5024 5030 5030 5030 5028 5028 5028 5030 5030 5030 5024 5024 5024 5029 5029 5029 5031 5031 5031 5028 5028 5028 5030 5030 5030 5032 5032 5032 5030 5030 5030 5029 5029 5029 5033 5033 5033 5031 5031 5031 5030 5030 5030 5034 5034 5034 5030 5030 5030 5032 5032 5032 5035 5035 5035 5033 5033 5033 5030 5030 5030 5036 5036 5036 5033 5033 5033 5035 5035 5035 5037 5037 5037 5030 5030 5030 5034 5034 5034 5038 5038 5038 5037 5037 5037 5034 5034 5034 5039 5039 5039 5040 5040 5040 5037 5037 5037 5041 5041 5041 5040 5040 5040 5039 5039 5039 5042 5042 5042 5041 5041 5041 5039 5039 5039 5043 5043 5043 5041 5041 5041 5042 5042 5042 5044 5044 5044 5043 5043 5043 5042 5042 5042 5045 5045 5045 5038 5038 5038 5034 5034 5034 5046 5046 5046 5038 5038 5038 5045 5045 5045 5047 5047 5047 5044 5044 5044 5046 5046 5046 5048 5048 5048 5044 5044 5044 5047 5047 5047 5049 5049 5049 5048 5048 5048 5047 5047 5047 5050 5050 5050 5042 5042 5042 5045 5045 5045 5047 5047 5047 5042 5042 5042 5050 5050 5050 5051 5051 5051 5047 5047 5047 5052 5052 5052 5053 5053 5053 5047 5047 5047 5051 5051 5051 5054 5054 5054 5053 5053 5053 5055 5055 5055 5056 5056 5056 5055 5055 5055 5053 5053 5053 5057 5057 5057 5056 5056 5056 5053 5053 5053 5058 5058 5058 5057 5057 5057 5053 5053 5053 5059 5059 5059 5053 5053 5053 5051 5051 5051 5060 5060 5060 5053 5053 5053 5059 5059 5059 5061 5061 5061 5059 5059 5059 5062 5062 5062 5060 5060 5060 5063 5063 5063 5064 5064 5064 5065 5065 5065 5066 5066 5066 5064 5064 5064 5067 5067 5067 5063 5063 5063 5060 5060 5060 5067 5067 5067 5060 5060 5060 5059 5059 5059 5068 5068 5068 5063 5063 5063 5067 5067 5067 5068 5068 5068 5067 5067 5067 5069 5069 5069 5067 5067 5067 5070 5070 5070 5069 5069 5069 5071 5071 5071 5067 5067 5067 5059 5059 5059 5072 5072 5072 5069 5069 5069 5070 5070 5070 5071 5071 5071 5059 5059 5059 5073 5073 5073 5074 5074 5074 5072 5072 5072 5070 5070 5070 5075 5075 5075 5072 5072 5072 5074 5074 5074 5074 5074 5074 5070 5070 5070 5073 5073 5073 5070 5070 5070 5076 5076 5076 5073 5073 5073 5073 5073 5073 5076 5076 5076 5077 5077 5077 5078 5078 5078 5075 5075 5075 5079 5079 5079 5080 5080 5080 5075 5075 5075 5078 5078 5078 5081 5081 5081 5080 5080 5080 5082 5082 5082 5083 5083 5083 5081 5081 5081 5082 5082 5082 5084 5084 5084 5081 5081 5081 5083 5083 5083 5078 5078 5078 5074 5074 5074 5085 5085 5085 5083 5083 5083 5078 5078 5078 5085 5085 5085 5085 5085 5085 5074 5074 5074 5073 5073 5073 5086 5086 5086 5084 5084 5084 5083 5083 5083 5087 5087 5087 5083 5083 5083 5085 5085 5085 5087 5087 5087 5088 5088 5088 5086 5086 5086 5089 5089 5089 5083 5083 5083 5087 5087 5087 5089 5089 5089 5090 5090 5090 5084 5084 5084 5091 5091 5091 5084 5084 5084 5090 5090 5090 5092 5092 5092 5090 5090 5090 5086 5086 5086 5091 5091 5091 5093 5093 5093 5094 5094 5094 5093 5093 5093 5095 5095 5095 5094 5094 5094 5096 5096 5096 5090 5090 5090 5097 5097 5097 5097 5097 5097 5090 5090 5090 5092 5092 5092 5095 5095 5095 5098 5098 5098 5099 5099 5099 5100 5100 5100 5098 5098 5098 5095 5095 5095 5098 5098 5098 5100 5100 5100 5101 5101 5101 5102 5102 5102 5101 5101 5101 5100 5100 5100 5103 5103 5103 5102 5102 5102 5100 5100 5100 5104 5104 5104 5103 5103 5103 5105 5105 5105 5105 5105 5105 5103 5103 5103 5106 5106 5106 5100 5100 5100 5095 5095 5095 4991 4991 4991 4991 4991 4991 5095 5095 5095 5107 5107 5107 5092 5092 5092 4991 4991 4991 5107 5107 5107 4983 4983 4983 5100 5100 5100 4991 4991 4991 5108 5108 5108 5100 5100 5100 4983 4983 4983 5109 5109 5109 5110 5110 5110 5108 5108 5108 4995 4995 4995 4991 4991 4991 5092 5092 5092 5111 5111 5111 4995 4995 4995 5092 5092 5092 5112 5112 5112 4995 4995 4995 5111 5111 5111 5085 5085 5085 5112 5112 5112 5111 5111 5111 5073 5073 5073 5112 5112 5112 5085 5085 5085 5059 5059 5059 5112 5112 5112 5073 5073 5073 5113 5113 5113 5114 5114 5114 5059 5059 5059 5115 5115 5115 5113 5113 5113 5059 5059 5059 5114 5114 5114 5116 5116 5116 5059 5059 5059 5059 5059 5059 5116 5116 5116 5112 5112 5112 5116 5116 5116 5117 5117 5117 5112 5112 5112 5117 5117 5117 5118 5118 5118 5112 5112 5112 5112 5112 5112 5118 5118 5118 5119 5119 5119 5118 5118 5118 4993 4993 4993 5119 5119 5119 5120 5120 5120 5115 5115 5115 5059 5059 5059 5120 5120 5120 5059 5059 5059 5061 5061 5061 5121 5121 5121 5115 5115 5115 5120 5120 5120 5045 5045 5045 5120 5120 5120 5061 5061 5061 5122 5122 5122 5121 5121 5121 5120 5120 5120 5034 5034 5034 5120 5120 5120 5045 5045 5045 5000 5000 5000 5122 5122 5122 5120 5120 5120 5123 5123 5123 5120 5120 5120 5034 5034 5034 4996 4996 4996 5000 5000 5000 5120 5120 5120 5124 5124 5124 5120 5120 5120 5123 5123 5123 4996 4996 4996 5120 5120 5120 5022 5022 5022 5022 5022 5022 5120 5120 5120 5124 5124 5124 5125 5125 5125 5126 5126 5126 5118 5118 5118 5127 5127 5127 5125 5125 5125 5118 5118 5118 5116 5116 5116 5125 5125 5125 5127 5127 5127 5128 5128 5128 5125 5125 5125 5116 5116 5116 5129 5129 5129 5125 5125 5125 5128 5128 5128 5118 5118 5118 5130 5130 5130 5131 5131 5131 5132 5132 5132 5125 5125 5125 5129 5129 5129 5130 5130 5130 5125 5125 5125 5132 5132 5132 5130 5130 5130 5132 5132 5132 5131 5131 5131 5133 5133 5133 5132 5132 5132 5129 5129 5129 5131 5131 5131 5132 5132 5132 5134 5134 5134 5135 5135 5135 5132 5132 5132 5133 5133 5133 5134 5134 5134 5132 5132 5132 5136 5136 5136 5137 5137 5137 5132 5132 5132 5135 5135 5135 5136 5136 5136 5132 5132 5132 5138 5138 5138 5139 5139 5139 5132 5132 5132 5137 5137 5137 5138 5138 5138 5132 5132 5132 5140 5140 5140 5141 5141 5141 5132 5132 5132 5139 5139 5139 5140 5140 5140 5132 5132 5132 5142 5142 5142 5143 5143 5143 5132 5132 5132 5141 5141 5141 5142 5142 5142 5132 5132 5132 5144 5144 5144 5145 5145 5145 5132 5132 5132 5143 5143 5143 5144 5144 5144 5132 5132 5132 5145 5145 5145 5146 5146 5146 5147 5147 5147 5148 5148 5148 5149 5149 5149 5150 5150 5150 5148 5148 5148 5148 5148 5148 5150 5150 5150 5151 5151 5151 5152 5152 5152 5153 5153 5153 5151 5151 5151 5151 5151 5151 5153 5153 5153 5154 5154 5154 5153 5153 5153 5155 5155 5155 5154 5154 5154 5156 5156 5156 5157 5157 5157 5154 5154 5154 5158 5158 5158 5159 5159 5159 5160 5160 5160 5161 5161 5161 5158 5158 5158 5162 5162 5162 5162 5162 5162 5158 5158 5158 5163 5163 5163 5164 5164 5164 5165 5165 5165 5162 5162 5162 5165 5165 5165 5166 5166 5166 5162 5162 5162 5165 5165 5165 5167 5167 5167 5168 5168 5168 5167 5167 5167 5169 5169 5169 5168 5168 5168 5170 5170 5170 5171 5171 5171 5172 5172 5172 5173 5173 5173 5171 5171 5171 5174 5174 5174 5171 5171 5171 5175 5175 5175 5174 5174 5174 5174 5174 5174 5175 5175 5175 5176 5176 5176 5177 5177 5177 5178 5178 5178 5176 5176 5176 5179 5179 5179 5177 5177 5177 5176 5176 5176 5180 5180 5180 5177 5177 5177 5179 5179 5179 5181 5181 5181 5177 5177 5177 5180 5180 5180 5182 5182 5182 5183 5183 5183 5184 5184 5184 5185 5185 5185 5186 5186 5186 5182 5182 5182 5187 5187 5187 5185 5185 5185 5182 5182 5182 3399 3399 3399 5185 5185 5185 5187 5187 5187 3399 3399 3399 5188 5188 5188 5189 5189 5189 5188 5188 5188 5190 5190 5190 5189 5189 5189 5189 5189 5189 5190 5190 5190 5191 5191 5191 5190 5190 5190 5192 5192 5192 5191 5191 5191 5193 5193 5193 5194 5194 5194 5195 5195 5195 5196 5196 5196 5197 5197 5197 5193 5193 5193 5198 5198 5198 5196 5196 5196 5193 5193 5193 5199 5199 5199 5200 5200 5200 5201 5201 5201 5202 5202 5202 5200 5200 5200 5203 5203 5203 5203 5203 5203 5200 5200 5200 5204 5204 5204 5205 5205 5205 5206 5206 5206 5207 5207 5207 5208 5208 5208 5205 5205 5205 5209 5209 5209 5208 5208 5208 5210 5210 5210 5205 5205 5205 5211 5211 5211 5205 5205 5205 5210 5210 5210 5212 5212 5212 5211 5211 5211 5210 5210 5210 5213 5213 5213 5211 5211 5211 5212 5212 5212 5214 5214 5214 5215 5215 5215 5210 5210 5210 5215 5215 5215 5214 5214 5214 5216 5216 5216 5217 5217 5217 5213 5213 5213 5218 5218 5218 5219 5219 5219 5217 5217 5217 5211 5211 5211 5220 5220 5220 5217 5217 5217 5218 5218 5218 5221 5221 5221 5219 5219 5219 5222 5222 5222 5222 5222 5222 5219 5219 5219 5223 5223 5223 5218 5218 5218 5224 5224 5224 5220 5220 5220 5224 5224 5224 5225 5225 5225 5220 5220 5220 5226 5226 5226 5225 5225 5225 5227 5227 5227 5227 5227 5227 5228 5228 5228 5226 5226 5226 5224 5224 5224 5229 5229 5229 5230 5230 5230 5231 5231 5231 5228 5228 5228 5232 5232 5232 5224 5224 5224 5233 5233 5233 5229 5229 5229 5233 5233 5233 5234 5234 5234 5229 5229 5229 5235 5235 5235 5233 5233 5233 5224 5224 5224 5228 5228 5228 5236 5236 5236 5232 5232 5232 5237 5237 5237 5238 5238 5238 5236 5236 5236 5239 5239 5239 5237 5237 5237 5240 5240 5240 5241 5241 5241 5239 5239 5239 5236 5236 5236 5233 5233 5233 5242 5242 5242 5243 5243 5243 5244 5244 5244 5242 5242 5242 5233 5233 5233 5244 5244 5244 5245 5245 5245 5242 5242 5242 5246 5246 5246 5239 5239 5239 5241 5241 5241 5247 5247 5247 5246 5246 5246 5241 5241 5241 5235 5235 5235 5244 5244 5244 5248 5248 5248 5247 5247 5247 5228 5228 5228 5249 5249 5249 5228 5228 5228 5250 5250 5250 5249 5249 5249 5251 5251 5251 5252 5252 5252 5235 5235 5235 5253 5253 5253 5251 5251 5251 5235 5235 5235 5254 5254 5254 5251 5251 5251 5253 5253 5253 5255 5255 5255 5244 5244 5244 5256 5256 5256 5256 5256 5256 5244 5244 5244 5257 5257 5257 5244 5244 5244 5258 5258 5258 5257 5257 5257 5259 5259 5259 5228 5228 5228 5227 5227 5227 5260 5260 5260 5259 5259 5259 5227 5227 5227 5259 5259 5259 5261 5261 5261 5262 5262 5262 5249 5249 5249 5259 5259 5259 5262 5262 5262 5263 5263 5263 5259 5259 5259 5260 5260 5260 5262 5262 5262 5263 5263 5263 5264 5264 5264 5263 5263 5263 5265 5265 5265 5264 5264 5264 5266 5266 5266 5263 5263 5263 5260 5260 5260 5267 5267 5267 5249 5249 5249 5268 5268 5268 5249 5249 5249 5269 5269 5269 5268 5268 5268 5270 5270 5270 5266 5266 5266 5260 5260 5260 5269 5269 5269 5271 5271 5271 5268 5268 5268 5269 5269 5269 5264 5264 5264 5271 5271 5271 5264 5264 5264 5272 5272 5272 5271 5271 5271 5268 5268 5268 5271 5271 5271 5273 5273 5273 5264 5264 5264 5274 5274 5274 5272 5272 5272 5275 5275 5275 5268 5268 5268 5273 5273 5273 5264 5264 5264 5266 5266 5266 5276 5276 5276 5276 5276 5276 5274 5274 5274 5264 5264 5264 5277 5277 5277 5266 5266 5266 5270 5270 5270 5266 5266 5266 5277 5277 5277 5276 5276 5276 5278 5278 5278 5277 5277 5277 5270 5270 5270 5279 5279 5279 5277 5277 5277 5278 5278 5278 5280 5280 5280 5277 5277 5277 5279 5279 5279 5276 5276 5276 5277 5277 5277 5281 5281 5281 5281 5281 5281 5277 5277 5277 5280 5280 5280 5276 5276 5276 5282 5282 5282 5274 5274 5274 5283 5283 5283 5281 5281 5281 5282 5282 5282 5284 5284 5284 5285 5285 5285 5278 5278 5278 5286 5286 5286 5285 5285 5285 5284 5284 5284 5287 5287 5287 5286 5286 5286 5284 5284 5284 5288 5288 5288 5287 5287 5287 5289 5289 5289 5290 5290 5290 5284 5284 5284 5291 5291 5291 5292 5292 5292 5290 5290 5290 5291 5291 5291 5291 5291 5291 5284 5284 5284 5293 5293 5293 5284 5284 5284 5294 5294 5294 5293 5293 5293 5293 5293 5293 5294 5294 5294 5295 5295 5295 5294 5294 5294 5296 5296 5296 5295 5295 5295 5295 5295 5295 5296 5296 5296 5297 5297 5297 5296 5296 5296 5260 5260 5260 5297 5297 5297 5297 5297 5297 5260 5260 5260 5298 5298 5298 5298 5298 5298 5260 5260 5260 5299 5299 5299 5260 5260 5260 5300 5300 5300 5299 5299 5299 5299 5299 5299 5300 5300 5300 5301 5301 5301 5300 5300 5300 5302 5302 5302 5301 5301 5301 5293 5293 5293 5303 5303 5303 5304 5304 5304 5303 5303 5303 5305 5305 5305 5304 5304 5304 5306 5306 5306 5307 5307 5307 5293 5293 5293 5308 5308 5308 5307 5307 5307 5306 5306 5306 5293 5293 5293 5307 5307 5307 5309 5309 5309 5307 5307 5307 5310 5310 5310 5309 5309 5309 5309 5309 5309 5311 5311 5311 5305 5305 5305 5311 5311 5311 5309 5309 5309 5312 5312 5312 5309 5309 5309 5313 5313 5313 5312 5312 5312 5288 5288 5288 5305 5305 5305 5314 5314 5314 5315 5315 5315 5288 5288 5288 5314 5314 5314 5280 5280 5280 5315 5315 5315 5314 5314 5314 5312 5312 5312 5316 5316 5316 5317 5317 5317 5318 5318 5318 5312 5312 5312 5317 5317 5317 5314 5314 5314 5319 5319 5319 5320 5320 5320 5317 5317 5317 5314 5314 5314 5320 5320 5320 5321 5321 5321 5314 5314 5314 5317 5317 5317 5322 5322 5322 5321 5321 5321 5317 5317 5317 5323 5323 5323 5324 5324 5324 5322 5322 5322 5325 5325 5325 5321 5321 5321 5322 5322 5322 5326 5326 5326 5327 5327 5327 5322 5322 5322 5327 5327 5327 5325 5325 5325 5322 5322 5322 5328 5328 5328 5325 5325 5325 5327 5327 5327 5329 5329 5329 5325 5325 5325 5328 5328 5328 5330 5330 5330 5329 5329 5329 5328 5328 5328 5325 5325 5325 5329 5329 5329 5331 5331 5331 5332 5332 5332 5329 5329 5329 5330 5330 5330 5333 5333 5333 5332 5332 5332 5330 5330 5330 5334 5334 5334 5332 5332 5332 5333 5333 5333 5335 5335 5335 5334 5334 5334 5333 5333 5333 5336 5336 5336 5337 5337 5337 5332 5332 5332 5338 5338 5338 5335 5335 5335 5339 5339 5339 5340 5340 5340 5335 5335 5335 5338 5338 5338 5341 5341 5341 5342 5342 5342 5338 5338 5338 5342 5342 5342 5343 5343 5343 5338 5338 5338 5338 5338 5338 5343 5343 5343 5344 5344 5344 5345 5345 5345 5340 5340 5340 5338 5338 5338 5346 5346 5346 5340 5340 5340 5345 5345 5345 5344 5344 5344 5347 5347 5347 5348 5348 5348 5348 5348 5348 5347 5347 5347 5349 5349 5349 5347 5347 5347 5350 5350 5350 5349 5349 5349 5348 5348 5348 5351 5351 5351 5345 5345 5345 5350 5350 5350 5352 5352 5352 5351 5351 5351 5351 5351 5351 5352 5352 5352 5345 5345 5345 5353 5353 5353 5354 5354 5354 5352 5352 5352 5354 5354 5354 5355 5355 5355 5352 5352 5352 5352 5352 5352 5356 5356 5356 5345 5345 5345 5345 5345 5345 5356 5356 5356 5357 5357 5357 5356 5356 5356 5358 5358 5358 5357 5357 5357 5357 5357 5357 5358 5358 5358 5359 5359 5359 5360 5360 5360 5346 5346 5346 5345 5345 5345 5336 5336 5336 5346 5346 5346 5360 5360 5360 5361 5361 5361 5336 5336 5336 5360 5360 5360 5360 5360 5360 5359 5359 5359 5362 5362 5362 5361 5361 5361 5360 5360 5360 5363 5363 5363 5357 5357 5357 5362 5362 5362 5364 5364 5364 5363 5363 5363 5360 5360 5360 5364 5364 5364 5365 5365 5365 5361 5361 5361 5363 5363 5363 5366 5366 5366 5365 5365 5365 5363 5363 5363 5367 5367 5367 5364 5364 5364 5366 5366 5366 5368 5368 5368 5365 5365 5365 5331 5331 5331 5365 5365 5365 5325 5325 5325 5331 5331 5331 5369 5369 5369 5325 5325 5325 5365 5365 5365 5370 5370 5370 5369 5369 5369 5365 5365 5365 5370 5370 5370 5365 5365 5365 5366 5366 5366 5314 5314 5314 5369 5369 5369 5370 5370 5370 5280 5280 5280 5314 5314 5314 5370 5370 5370 5364 5364 5364 5371 5371 5371 5366 5366 5366 5366 5366 5366 5371 5371 5371 5370 5370 5370 5372 5372 5372 5280 5280 5280 5370 5370 5370 5372 5372 5372 5281 5281 5281 5280 5280 5280 5371 5371 5371 5373 5373 5373 5370 5370 5370 5373 5373 5373 5372 5372 5372 5370 5370 5370 5364 5364 5364 5374 5374 5374 5371 5371 5371 5364 5364 5364 5362 5362 5362 5374 5374 5374 5375 5375 5375 5373 5373 5373 5371 5371 5371 5375 5375 5375 5371 5371 5371 5374 5374 5374 5362 5362 5362 5376 5376 5376 5374 5374 5374 5374 5374 5374 5376 5376 5376 5375 5375 5375 5362 5362 5362 5377 5377 5377 5376 5376 5376 5375 5375 5375 5376 5376 5376 5378 5378 5378 5376 5376 5376 5379 5379 5379 5378 5378 5378 5375 5375 5375 5380 5380 5380 5373 5373 5373 5372 5372 5372 5373 5373 5373 5380 5380 5380 5381 5381 5381 5380 5380 5380 5375 5375 5375 5380 5380 5380 5381 5381 5381 5379 5379 5379 5372 5372 5372 5380 5380 5380 5382 5382 5382 5281 5281 5281 5372 5372 5372 5382 5382 5382 5281 5281 5281 5382 5382 5382 5282 5282 5282 5380 5380 5380 5383 5383 5383 5382 5382 5382 5382 5382 5382 5383 5383 5383 5282 5282 5282 5379 5379 5379 5383 5383 5383 5380 5380 5380 5383 5383 5383 5274 5274 5274 5282 5282 5282 5379 5379 5379 5274 5274 5274 5383 5383 5383 5384 5384 5384 5274 5274 5274 5379 5379 5379 5385 5385 5385 5384 5384 5384 5379 5379 5379 5386 5386 5386 5384 5384 5384 5385 5385 5385 5273 5273 5273 5386 5386 5386 5385 5385 5385 5273 5273 5273 5385 5385 5385 5275 5275 5275 5387 5387 5387 5385 5385 5385 5379 5379 5379 5385 5385 5385 5388 5388 5388 5275 5275 5275 5389 5389 5389 5387 5387 5387 5379 5379 5379 5388 5388 5388 5390 5390 5390 5275 5275 5275 5214 5214 5214 5390 5390 5390 5388 5388 5388 5391 5391 5391 5387 5387 5387 5389 5389 5389 5390 5390 5390 5239 5239 5239 5392 5392 5392 5392 5392 5392 5239 5239 5239 5393 5393 5393 5394 5394 5394 5392 5392 5392 5275 5275 5275 5392 5392 5392 5268 5268 5268 5275 5275 5275 5395 5395 5395 5268 5268 5268 5392 5392 5392 5246 5246 5246 5395 5395 5395 5392 5392 5392 5389 5389 5389 5396 5396 5396 5391 5391 5391 5397 5397 5397 5391 5391 5391 5396 5396 5396 5398 5398 5398 5391 5391 5391 5397 5397 5397 5396 5396 5396 5389 5389 5389 5399 5399 5399 5400 5400 5400 5398 5398 5398 5397 5397 5397 5400 5400 5400 5401 5401 5401 5398 5398 5398 5400 5400 5400 5402 5402 5402 5401 5401 5401 5400 5400 5400 5403 5403 5403 5402 5402 5402 5404 5404 5404 5397 5397 5397 5396 5396 5396 5404 5404 5404 5400 5400 5400 5397 5397 5397 5403 5403 5403 5400 5400 5400 5404 5404 5404 5399 5399 5399 5404 5404 5404 5396 5396 5396 5405 5405 5405 5403 5403 5403 5404 5404 5404 5405 5405 5405 5404 5404 5404 5399 5399 5399 5406 5406 5406 5405 5405 5405 5399 5399 5399 5389 5389 5389 5407 5407 5407 5399 5399 5399 5407 5407 5407 5389 5389 5389 5379 5379 5379 5376 5376 5376 5407 5407 5407 5379 5379 5379 5377 5377 5377 5407 5407 5407 5376 5376 5376 5377 5377 5377 5408 5408 5408 5407 5407 5407 5399 5399 5399 5407 5407 5407 5409 5409 5409 5407 5407 5407 5410 5410 5410 5409 5409 5409 5411 5411 5411 5409 5409 5409 5410 5410 5410 5352 5352 5352 5409 5409 5409 5411 5411 5411 5412 5412 5412 5409 5409 5409 5352 5352 5352 5352 5352 5352 5355 5355 5355 5412 5412 5412 5413 5413 5413 5412 5412 5412 5355 5355 5355 5414 5414 5414 5412 5412 5412 5413 5413 5413 5413 5413 5413 5415 5415 5415 5416 5416 5416 5416 5416 5416 5417 5417 5417 5418 5418 5418 5419 5419 5419 5416 5416 5416 5418 5418 5418 5420 5420 5420 5421 5421 5421 5422 5422 5422 5423 5423 5423 5424 5424 5424 5420 5420 5420 5425 5425 5425 5424 5424 5424 5423 5423 5423 5426 5426 5426 5423 5423 5423 5420 5420 5420 5420 5420 5420 4416 4416 4416 5426 5426 5426 4416 4416 4416 5427 5427 5427 5426 5426 5426 5428 5428 5428 5423 5423 5423 5426 5426 5426 5426 5426 5426 5427 5427 5427 5429 5429 5429 5427 5427 5427 4457 4457 4457 5429 5429 5429 5429 5429 5429 4457 4457 4457 4456 4456 4456 5430 5430 5430 5428 5428 5428 5426 5426 5426 5431 5431 5431 5432 5432 5432 4456 4456 4456 5432 5432 5432 5433 5433 5433 4456 4456 4456 4456 4456 4456 5434 5434 5434 5430 5430 5430 5434 5434 5434 5428 5428 5428 5430 5430 5430 5433 5433 5433 5434 5434 5434 4456 4456 4456 5434 5434 5434 5435 5435 5435 5436 5436 5436 5437 5437 5437 5438 5438 5438 5434 5434 5434 5433 5433 5433 5439 5439 5439 5434 5434 5434 5440 5440 5440 5441 5441 5441 5428 5428 5428 5441 5441 5441 5442 5442 5442 5428 5428 5428 5428 5428 5428 5442 5442 5442 5443 5443 5443 5442 5442 5442 5425 5425 5425 5443 5443 5443 5444 5444 5444 5433 5433 5433 5445 5445 5445 5446 5446 5446 5433 5433 5433 5444 5444 5444 5446 5446 5446 5439 5439 5439 5433 5433 5433 5447 5447 5447 5439 5439 5439 5446 5446 5446 5448 5448 5448 5447 5447 5447 5446 5446 5446 5449 5449 5449 5446 5446 5446 5444 5444 5444 5450 5450 5450 5446 5446 5446 5449 5449 5449 5451 5451 5451 5450 5450 5450 5449 5449 5449 5452 5452 5452 5450 5450 5450 5451 5451 5451 5453 5453 5453 5452 5452 5452 5451 5451 5451 5454 5454 5454 5452 5452 5452 5453 5453 5453 5455 5455 5455 5456 5456 5456 5457 5457 5457 5455 5455 5455 5458 5458 5458 5459 5459 5459 5460 5460 5460 5458 5458 5458 5455 5455 5455 5461 5461 5461 5460 5460 5460 5455 5455 5455 5462 5462 5462 5461 5461 5461 5455 5455 5455 5463 5463 5463 5464 5464 5464 5465 5465 5465 5465 5465 5465 5464 5464 5464 5466 5466 5466 5467 5467 5467 5468 5468 5468 5469 5469 5469 5469 5469 5469 5468 5468 5468 5470 5470 5470 5471 5471 5471 5472 5472 5472 5473 5473 5473 5472 5472 5472 5474 5474 5474 5473 5473 5473 5475 5475 5475 5476 5476 5476 5477 5477 5477 5476 5476 5476 5478 5478 5478 5477 5477 5477 5479 5479 5479 5480 5480 5480 5481 5481 5481 5480 5480 5480 5482 5482 5482 5481 5481 5481 5483 5483 5483 5484 5484 5484 5485 5485 5485 5486 5486 5486 5484 5484 5484 5483 5483 5483 5486 5486 5486 5487 5487 5487 5488 5488 5488 5487 5487 5487 5489 5489 5489 5488 5488 5488 5488 5488 5488 5489 5489 5489 5490 5490 5490 5491 5491 5491 5492 5492 5492 5493 5493 5493 5494 5494 5494 5491 5491 5491 5493 5493 5493 5495 5495 5495 5496 5496 5496 5494 5494 5494 5497 5497 5497 5495 5495 5495 5494 5494 5494 5498 5498 5498 5495 5495 5495 5497 5497 5497 5499 5499 5499 5500 5500 5500 5501 5501 5501 5501 5501 5501 5500 5500 5500 5502 5502 5502 5503 5503 5503 5502 5502 5502 5504 5504 5504 5505 5505 5505 5503 5503 5503 5504 5504 5504 5506 5506 5506 5505 5505 5505 5504 5504 5504 5507 5507 5507 5506 5506 5506 5508 5508 5508 5509 5509 5509 5507 5507 5507 5508 5508 5508 5510 5510 5510 5509 5509 5509 5508 5508 5508 5511 5511 5511 5510 5510 5510 5508 5508 5508 5512 5512 5512 5510 5510 5510 5513 5513 5513 5514 5514 5514 5512 5512 5512 5513 5513 5513 5515 5515 5515 5514 5514 5514 5513 5513 5513 5516 5516 5516 5515 5515 5515 5513 5513 5513 5517 5517 5517 5515 5515 5515 5516 5516 5516 5518 5518 5518 5519 5519 5519 5520 5520 5520 5521 5521 5521 5518 5518 5518 5520 5520 5520 5522 5522 5522 5523 5523 5523 5521 5521 5521 5524 5524 5524 5525 5525 5525 5522 5522 5522 5526 5526 5526 5525 5525 5525 5524 5524 5524 5527 5527 5527 5525 5525 5525 5526 5526 5526 5528 5528 5528 5527 5527 5527 5526 5526 5526 5529 5529 5529 5528 5528 5528 5526 5526 5526 5530 5530 5530 5528 5528 5528 5529 5529 5529 5531 5531 5531 5528 5528 5528 5530 5530 5530 5532 5532 5532 5531 5531 5531 5530 5530 5530 5533 5533 5533 5534 5534 5534 5535 5535 5535 5534 5534 5534 5536 5536 5536 5535 5535 5535 5537 5537 5537 5538 5538 5538 5539 5539 5539 5538 5538 5538 5540 5540 5540 5539 5539 5539 5540 5540 5540 5541 5541 5541 5542 5542 5542 5542 5542 5542 5541 5541 5541 5543 5543 5543 5544 5544 5544 5543 5543 5543 5541 5541 5541 5545 5545 5545 5543 5543 5543 5544 5544 5544 5546 5546 5546 5545 5545 5545 5544 5544 5544 5547 5547 5547 5545 5545 5545 5546 5546 5546 5546 5546 5546 5548 5548 5548 5549 5549 5549 5550 5550 5550 5548 5548 5548 5546 5546 5546 5551 5551 5551 5552 5552 5552 5548 5548 5548 5553 5553 5553 5552 5552 5552 5551 5551 5551 5554 5554 5554 5553 5553 5553 5551 5551 5551 5555 5555 5555 5553 5553 5553 5554 5554 5554 5553 5553 5553 5555 5555 5555 5556 5556 5556 5555 5555 5555 5557 5557 5557 5556 5556 5556 5557 5557 5557 5558 5558 5558 5556 5556 5556 5556 5556 5556 5558 5558 5558 5559 5559 5559 5558 5558 5558 5560 5560 5560 5559 5559 5559 5561 5561 5561 5562 5562 5562 5563 5563 5563 5563 5563 5563 5562 5562 5562 5564 5564 5564 5565 5565 5565 5566 5566 5566 5564 5564 5564 5564 5564 5564 5566 5566 5566 5567 5567 5567 5567 5567 5567 5566 5566 5566 5568 5568 5568 5569 5569 5569 5570 5570 5570 5571 5571 5571 5571 5571 5571 5570 5570 5570 5572 5572 5572 5573 5573 5573 5574 5574 5574 5575 5575 5575 5575 5575 5575 5574 5574 5574 5576 5576 5576 5577 5577 5577 5578 5578 5578 5579 5579 5579 5579 5579 5579 5578 5578 5578 5580 5580 5580 5581 5581 5581 5582 5582 5582 5583 5583 5583 5582 5582 5582 5584 5584 5584 5583 5583 5583 5585 5585 5585 5586 5586 5586 5587 5587 5587 5586 5586 5586 5588 5588 5588 5587 5587 5587 5588 5588 5588 5589 5589 5589 5590 5590 5590 5591 5591 5591 5589 5589 5589 5588 5588 5588 5592 5592 5592 5593 5593 5593 5594 5594 5594 5594 5594 5594 5593 5593 5593 5595 5595 5595 5596 5596 5596 5597 5597 5597 5598 5598 5598 5597 5597 5597 5599 5599 5599 5598 5598 5598 5600 5600 5600 5601 5601 5601 5602 5602 5602 5601 5601 5601 5603 5603 5603 5602 5602 5602 3619 3619 3619 5604 5604 5604 5603 5603 5603 5605 5605 5605 5604 5604 5604 3619 3619 3619 5606 5606 5606 5605 5605 5605 5607 5607 5607 5608 5608 5608 5605 5605 5605 5606 5606 5606 5609 5609 5609 5610 5610 5610 5611 5611 5611 5612 5612 5612 5609 5609 5609 5613 5613 5613 5614 5614 5614 5610 5610 5610 5615 5615 5615 5615 5615 5615 3680 3680 3680 5614 5614 5614 5616 5616 5616 5614 5614 5614 5613 5613 5613 3680 3680 3680 3679 3679 3679 5614 5614 5614 5614 5614 5614 3679 3679 3679 5613 5613 5613 5613 5613 5613 3679 3679 3679 5617 5617 5617 5617 5617 5617 3679 3679 3679 5618 5618 5618 3679 3679 3679 3656 3656 3656 5618 5618 5618 5618 5618 5618 3656 3656 3656 5619 5619 5619 3656 3656 3656 3642 3642 3642 5619 5619 5619 5619 5619 5619 3642 3642 3642 5620 5620 5620 5620 5620 5620 3642 3642 3642 5621 5621 5621 5621 5621 5621 3642 3642 3642 5622 5622 5622 3642 3642 3642 5623 5623 5623 5622 5622 5622 5622 5622 5622 5623 5623 5623 5624 5624 5624 5623 5623 5623 5625 5625 5625 5624 5624 5624 5624 5624 5624 5625 5625 5625 5626 5626 5626 5625 5625 5625 5627 5627 5627 5626 5626 5626 5626 5626 5626 5627 5627 5627 5628 5628 5628 5627 5627 5627 5629 5629 5629 5628 5628 5628 5628 5628 5628 5629 5629 5629 5630 5630 5630 5629 5629 5629 5631 5631 5631 5630 5630 5630 5630 5630 5630 5631 5631 5631 5632 5632 5632 5631 5631 5631 5633 5633 5633 5632 5632 5632 5632 5632 5632 5633 5633 5633 5634 5634 5634 5635 5635 5635 5636 5636 5636 5637 5637 5637 5636 5636 5636 5638 5638 5638 5637 5637 5637 5639 5639 5639 5640 5640 5640 5641 5641 5641 5641 5641 5641 5640 5640 5640 5642 5642 5642 5643 5643 5643 5644 5644 5644 5645 5645 5645 5644 5644 5644 5646 5646 5646 5645 5645 5645 5647 5647 5647 5648 5648 5648 5649 5649 5649 5649 5649 5649 5648 5648 5648 5650 5650 5650 5651 5651 5651 5652 5652 5652 5653 5653 5653 5653 5653 5653 5654 5654 5654 5655 5655 5655 5655 5655 5655 5656 5656 5656 5652 5652 5652 5654 5654 5654 5657 5657 5657 5655 5655 5655 5658 5658 5658 5656 5656 5656 5655 5655 5655 5655 5655 5655 5657 5657 5657 5659 5659 5659 5660 5660 5660 5656 5656 5656 5658 5658 5658 5661 5661 5661 5660 5660 5660 5658 5658 5658 5659 5659 5659 5657 5657 5657 5662 5662 5662 5658 5658 5658 5663 5663 5663 5664 5664 5664 5659 5659 5659 5662 5662 5662 5665 5665 5665 5666 5666 5666 5659 5659 5659 5665 5665 5665 5666 5666 5666 5667 5667 5667 5659 5659 5659 5667 5667 5667 5668 5668 5668 5659 5659 5659 5658 5658 5658 5669 5669 5669 5670 5670 5670 5671 5671 5671 5669 5669 5669 5658 5658 5658 5672 5672 5672 5673 5673 5673 5674 5674 5674 5674 5674 5674 5673 5673 5673 5675 5675 5675 5676 5676 5676 5677 5677 5677 5678 5678 5678 5677 5677 5677 5679 5679 5679 5678 5678 5678 5680 5680 5680 5681 5681 5681 5682 5682 5682 5682 5682 5682 5681 5681 5681 5683 5683 5683 5684 5684 5684 5685 5685 5685 5686 5686 5686 5685 5685 5685 5687 5687 5687 5686 5686 5686 5688 5688 5688 5689 5689 5689 5690 5690 5690 5689 5689 5689 5691 5691 5691 5690 5690 5690 5692 5692 5692 5693 5693 5693 5694 5694 5694 5693 5693 5693 5695 5695 5695 5694 5694 5694 5696 5696 5696 5697 5697 5697 5698 5698 5698 5697 5697 5697 5699 5699 5699 5698 5698 5698 5700 5700 5700 5701 5701 5701 5702 5702 5702 5701 5701 5701 5703 5703 5703 5702 5702 5702 5702 5702 5702 5703 5703 5703 5704 5704 5704 5705 5705 5705 5706 5706 5706 5707 5707 5707 5706 5706 5706 5708 5708 5708 5707 5707 5707 5707 5707 5707 5708 5708 5708 5709 5709 5709 5710 5710 5710 5711 5711 5711 5712 5712 5712 5711 5711 5711 3867 3867 3867 5712 5712 5712 5712 5712 5712 3867 3867 3867 3864 3864 3864 3867 3867 3867 5713 5713 5713 3864 3864 3864 3864 3864 3864 5713 5713 5713 5714 5714 5714 3860 3860 3860 5715 5715 5715 3864 3864 3864 3864 3864 3864 5715 5715 5715 5716 5716 5716 5715 5715 5715 5717 5717 5717 5716 5716 5716 5716 5716 5716 5717 5717 5717 5718 5718 5718 5719 5719 5719 5720 5720 5720 5721 5721 5721 5720 5720 5720 5722 5722 5722 5721 5721 5721 5721 5721 5721 5722 5722 5722 5723 5723 5723 5724 5724 5724 5725 5725 5725 5726 5726 5726 5725 5725 5725 5727 5727 5727 5726 5726 5726 5726 5726 5726 5727 5727 5727 5728 5728 5728 5728 5728 5728 5727 5727 5727 5729 5729 5729 5730 5730 5730 5731 5731 5731 5728 5728 5728 5728 5728 5728 5731 5731 5731 5732 5732 5732 5732 5732 5732 5731 5731 5731 5733 5733 5733 5734 5734 5734 5735 5735 5735 5736 5736 5736 5735 5735 5735 5737 5737 5737 5736 5736 5736 5736 5736 5736 5737 5737 5737 5738 5738 5738 5739 5739 5739 5740 5740 5740 5741 5741 5741 5740 5740 5740 5742 5742 5742 5741 5741 5741 5742 5742 5742 5743 5743 5743 5741 5741 5741 5744 5744 5744 5745 5745 5745 5746 5746 5746 5746 5746 5746 5745 5745 5745 5747 5747 5747 5745 5745 5745 5748 5748 5748 5747 5747 5747 5748 5748 5748 5749 5749 5749 5747 5747 5747 5747 5747 5747 5749 5749 5749 5750 5750 5750 5749 5749 5749 5751 5751 5751 5750 5750 5750 5752 5752 5752 5753 5753 5753 5754 5754 5754 5755 5755 5755 5752 5752 5752 5754 5754 5754 5756 5756 5756 5752 5752 5752 5755 5755 5755 5757 5757 5757 5756 5756 5756 5755 5755 5755 5758 5758 5758 5757 5757 5757 5755 5755 5755 5759 5759 5759 5760 5760 5760 5761 5761 5761 5761 5761 5761 5760 5760 5760 5762 5762 5762 5760 5760 5760 5763 5763 5763 5762 5762 5762 5764 5764 5764 5765 5765 5765 5766 5766 5766 5767 5767 5767 5765 5765 5765 5764 5764 5764 5768 5768 5768 5767 5767 5767 5764 5764 5764 5769 5769 5769 5767 5767 5767 5768 5768 5768 5770 5770 5770 5771 5771 5771 5772 5772 5772 5773 5773 5773 5771 5771 5771 5770 5770 5770 5774 5774 5774 5773 5773 5773 5770 5770 5770 5775 5775 5775 5773 5773 5773 5774 5774 5774 5776 5776 5776 5775 5775 5775 5774 5774 5774 5777 5777 5777 5776 5776 5776 5774 5774 5774 5778 5778 5778 5776 5776 5776 5777 5777 5777 5779 5779 5779 5778 5778 5778 5777 5777 5777 5780 5780 5780 5778 5778 5778 5779 5779 5779 5781 5781 5781 5780 5780 5780 5779 5779 5779 5782 5782 5782 5781 5781 5781 5779 5779 5779 5783 5783 5783 5784 5784 5784 5785 5785 5785 5785 5785 5785 5784 5784 5784 5786 5786 5786 5786 5786 5786 5784 5784 5784 5787 5787 5787 5788 5788 5788 5786 5786 5786 5787 5787 5787 5789 5789 5789 5788 5788 5788 5787 5787 5787 5790 5790 5790 5789 5789 5789 5791 5791 5791 5789 5789 5789 5792 5792 5792 5791 5791 5791 5791 5791 5791 5792 5792 5792 5793 5793 5793 5794 5794 5794 5795 5795 5795 5793 5793 5793 5793 5793 5793 5796 5796 5796 5794 5794 5794 5794 5794 5794 5796 5796 5796 5797 5797 5797 5796 5796 5796 5798 5798 5798 5797 5797 5797 5797 5797 5797 5798 5798 5798 5799 5799 5799 5799 5799 5799 5798 5798 5798 5800 5800 5800 5800 5800 5800 5798 5798 5798 5801 5801 5801 5798 5798 5798 5802 5802 5802 5801 5801 5801 5803 5803 5803 5804 5804 5804 5805 5805 5805 5805 5805 5805 5804 5804 5804 5806 5806 5806 5804 5804 5804 5807 5807 5807 5806 5806 5806 5808 5808 5808 5809 5809 5809 5810 5810 5810 5811 5811 5811 5808 5808 5808 5810 5810 5810 5812 5812 5812 5808 5808 5808 5811 5811 5811 5813 5813 5813 5812 5812 5812 5811 5811 5811 5812 5812 5812 5813 5813 5813 5814 5814 5814 5815 5815 5815 5812 5812 5812 5814 5814 5814 5816 5816 5816 5817 5817 5817 5818 5818 5818 5819 5819 5819 5816 5816 5816 5818 5818 5818 5820 5820 5820 5816 5816 5816 5819 5819 5819 5821 5821 5821 5820 5820 5820 5819 5819 5819 5822 5822 5822 5820 5820 5820 5821 5821 5821 5823 5823 5823 5820 5820 5820 5822 5822 5822 5824 5824 5824 5823 5823 5823 5822 5822 5822 5825 5825 5825 5824 5824 5824 5822 5822 5822 5826 5826 5826 5825 5825 5825 5822 5822 5822 5827 5827 5827 5826 5826 5826 5822 5822 5822 5828 5828 5828 5826 5826 5826 5827 5827 5827 5829 5829 5829 5828 5828 5828 5827 5827 5827 5830 5830 5830 5829 5829 5829 5827 5827 5827 5827 5827 5827 5831 5831 5831 5832 5832 5832 5833 5833 5833 5827 5827 5827 5832 5832 5832 5834 5834 5834 5827 5827 5827 5833 5833 5833 5834 5834 5834 5835 5835 5835 5827 5827 5827 5836 5836 5836 5835 5835 5835 5834 5834 5834 5835 5835 5835 5837 5837 5837 5827 5827 5827 5827 5827 5827 5837 5837 5837 5830 5830 5830 5838 5838 5838 5835 5835 5835 5836 5836 5836 5839 5839 5839 5838 5838 5838 5836 5836 5836 5830 5830 5830 5837 5837 5837 5840 5840 5840 5841 5841 5841 5839 5839 5839 5836 5836 5836 5840 5840 5840 5842 5842 5842 5830 5830 5830 5843 5843 5843 5839 5839 5839 5841 5841 5841 5842 5842 5842 5844 5844 5844 5830 5830 5830 5841 5841 5841 5845 5845 5845 5843 5843 5843 5830 5830 5830 5844 5844 5844 5846 5846 5846 5847 5847 5847 5845 5845 5845 5841 5841 5841 5846 5846 5846 5848 5848 5848 5830 5830 5830 5849 5849 5849 5847 5847 5847 5841 5841 5841 5849 5849 5849 5841 5841 5841 5850 5850 5850 5841 5841 5841 5851 5851 5851 5850 5850 5850 5850 5850 5850 5851 5851 5851 5852 5852 5852 5853 5853 5853 5852 5852 5852 5851 5851 5851 5851 5851 5851 5854 5854 5854 5853 5853 5853 5855 5855 5855 5854 5854 5854 5851 5851 5851 5856 5856 5856 5855 5855 5855 5851 5851 5851 5848 5848 5848 5857 5857 5857 5830 5830 5830 5830 5830 5830 5857 5857 5857 5858 5858 5858 5848 5848 5848 5859 5859 5859 5857 5857 5857 5859 5859 5859 5860 5860 5860 5857 5857 5857 5857 5857 5857 5860 5860 5860 5861 5861 5861 5861 5861 5861 5862 5862 5862 5857 5857 5857 5862 5862 5862 5863 5863 5863 5857 5857 5857 5857 5857 5857 5863 5863 5863 5864 5864 5864 5857 5857 5857 5864 5864 5864 5865 5865 5865 5866 5866 5866 5857 5857 5857 5865 5865 5865 5867 5867 5867 5857 5857 5857 5866 5866 5866 5868 5868 5868 5867 5867 5867 5866 5866 5866 5869 5869 5869 5870 5870 5870 5866 5866 5866 5871 5871 5871 5869 5869 5869 5866 5866 5866 5872 5872 5872 5871 5871 5871 5866 5866 5866 5866 5866 5866 5873 5873 5873 5872 5872 5872 5874 5874 5874 5873 5873 5873 5866 5866 5866 5875 5875 5875 5874 5874 5874 5866 5866 5866 5866 5866 5866 5876 5876 5876 5875 5875 5875 5877 5877 5877 5876 5876 5876 5866 5866 5866 5878 5878 5878 5877 5877 5877 5866 5866 5866 5866 5866 5866 5879 5879 5879 5878 5878 5878 5866 5866 5866 5880 5880 5880 5879 5879 5879 5880 5880 5880 5881 5881 5881 5879 5879 5879 5879 5879 5879 5881 5881 5881 5882 5882 5882 5882 5882 5882 5883 5883 5883 5879 5879 5879 5883 5883 5883 5884 5884 5884 5879 5879 5879 5879 5879 5879 5884 5884 5884 5885 5885 5885 5885 5885 5885 5886 5886 5886 5879 5879 5879 5886 5886 5886 5887 5887 5887 5879 5879 5879 5887 5887 5887 5888 5888 5888 5879 5879 5879 5879 5879 5879 5888 5888 5888 5889 5889 5889 5889 5889 5889 5890 5890 5890 5879 5879 5879 5890 5890 5890 5891 5891 5891 5879 5879 5879 5879 5879 5879 5891 5891 5891 5892 5892 5892 4817 4817 4817 5893 5893 5893 5894 5894 5894 5895 5895 5895 4817 4817 4817 5894 5894 5894 5895 5895 5895 5896 5896 5896 5897 5897 5897 5898 5898 5898 4817 4817 4817 5895 5895 5895 4489 4489 4489 4817 4817 4817 5898 5898 5898 4488 4488 4488 4489 4489 4489 5898 5898 5898 5899 5899 5899 5895 5895 5895 5897 5897 5897 5900 5900 5900 5895 5895 5895 5899 5899 5899 4488 4488 4488 5900 5900 5900 5899 5899 5899 5901 5901 5901 4488 4488 4488 5899 5899 5899 4516 4516 4516 5901 5901 5901 5899 5899 5899 4516 4516 4516 5899 5899 5899 4517 4517 4517 4517 4517 4517 5899 5899 5899 5902 5902 5902 5902 5902 5902 5899 5899 5899 4522 4522 4522 4522 4522 4522 5899 5899 5899 5903 5903 5903 5899 5899 5899 5904 5904 5904 5903 5903 5903 5905 5905 5905 5906 5906 5906 5907 5907 5907 5908 5908 5908 5909 5909 5909 5905 5905 5905 5910 5910 5910 5908 5908 5908 5905 5905 5905 5905 5905 5905 5911 5911 5911 5910 5910 5910 5910 5910 5910 5911 5911 5911 5912 5912 5912 5907 5907 5907 5913 5913 5913 5914 5914 5914 5914 5914 5914 5913 5913 5913 5911 5911 5911 5911 5911 5911 5913 5913 5913 5915 5915 5915 3914 3914 3914 5916 5916 5916 5917 5917 5917 5917 5917 5917 5916 5916 5916 5918 5918 5918 5917 5917 5917 5918 5918 5918 3916 3916 3916 5918 5918 5918 5916 5916 5916 5919 5919 5919 5920 5920 5920 5918 5918 5918 5919 5919 5919 5918 5918 5918 5920 5920 5920 5921 5921 5921 5921 5921 5921 5920 5920 5920 5922 5922 5922 5921 5921 5921 5922 5922 5922 5923 5923 5923 5923 5923 5923 5922 5922 5922 5924 5924 5924 5920 5920 5920 5925 5925 5925 5922 5922 5922 5922 5922 5922 5925 5925 5925 5926 5926 5926 5927 5927 5927 5922 5922 5922 5926 5926 5926 5928 5928 5928 5929 5929 5929 5930 5930 5930 5930 5930 5930 5931 5931 5931 5928 5928 5928 5929 5929 5929 5932 5932 5932 5930 5930 5930 5933 5933 5933 5931 5931 5931 5930 5930 5930 5930 5930 5930 5932 5932 5932 5934 5934 5934 5935 5935 5935 5933 5933 5933 5930 5930 5930 5934 5934 5934 5936 5936 5936 5930 5930 5930 5930 5930 5930 5937 5937 5937 5935 5935 5935 5936 5936 5936 5938 5938 5938 5930 5930 5930 5939 5939 5939 5937 5937 5937 5930 5930 5930 5930 5930 5930 5938 5938 5938 5940 5940 5940 5941 5941 5941 5939 5939 5939 5930 5930 5930 5940 5940 5940 5942 5942 5942 5930 5930 5930 5930 5930 5930 5943 5943 5943 5941 5941 5941 5942 5942 5942 5944 5944 5944 5930 5930 5930 5945 5945 5945 5943 5943 5943 5930 5930 5930 5930 5930 5930 5944 5944 5944 5946 5946 5946 5947 5947 5947 5945 5945 5945 5930 5930 5930 5946 5946 5946 5948 5948 5948 5930 5930 5930 5930 5930 5930 5949 5949 5949 5947 5947 5947 5948 5948 5948 5950 5950 5950 5930 5930 5930 5951 5951 5951 5949 5949 5949 5930 5930 5930 5930 5930 5930 5950 5950 5950 5952 5952 5952 5953 5953 5953 5951 5951 5951 5930 5930 5930 5952 5952 5952 5954 5954 5954 5930 5930 5930 5930 5930 5930 5955 5955 5955 5953 5953 5953 5954 5954 5954 5956 5956 5956 5930 5930 5930 5957 5957 5957 5955 5955 5955 5930 5930 5930 5930 5930 5930 5956 5956 5956 5958 5958 5958 5959 5959 5959 5957 5957 5957 5930 5930 5930 5958 5958 5958 5960 5960 5960 5930 5930 5930 5930 5930 5930 5961 5961 5961 5959 5959 5959 5960 5960 5960 5962 5962 5962 5930 5930 5930 5963 5963 5963 5961 5961 5961 5930 5930 5930 5930 5930 5930 5962 5962 5962 5964 5964 5964 5965 5965 5965 5963 5963 5963 5930 5930 5930 5964 5964 5964 5966 5966 5966 5930 5930 5930 5930 5930 5930 5967 5967 5967 5965 5965 5965 5966 5966 5966 5968 5968 5968 5930 5930 5930 5969 5969 5969 5967 5967 5967 5930 5930 5930 5930 5930 5930 5968 5968 5968 5970 5970 5970 5971 5971 5971 5969 5969 5969 5930 5930 5930 5970 5970 5970 5972 5972 5972 5930 5930 5930 5930 5930 5930 5973 5973 5973 5971 5971 5971 5972 5972 5972 5974 5974 5974 5930 5930 5930 5975 5975 5975 5973 5973 5973 5930 5930 5930 5930 5930 5930 5974 5974 5974 5976 5976 5976 5976 5976 5976 5975 5975 5975 5930 5930 5930</p>
        </triangles>
      </mesh>
    </geometry>
  </library_geometries>
  <library_materials>
    <material id="82e2527a370e43788fcf093c9ee9c614" name="pbrmaterial">
      <instance_effect url="#fc273a632f5348ab82ca635401cd7971"/>
    </material>
  </library_materials>
  <library_visual_scenes>
    <visual_scene id="scene">
      <node id="node0" name="node0">
        <instance_geometry url="#33fad1eefe5443e4b1c66181b12c7921">
          <bind_material>
            <technique_common>
              <instance_material symbol="material0" target="#82e2527a370e43788fcf093c9ee9c614"/>
            </technique_common>
          </bind_material>
        </instance_geometry>
      </node>
    </visual_scene>
  </library_visual_scenes>
  <scene>
    <instance_visual_scene url="#scene"/>
  </scene>
</COLLADA>
