<COLLADA xmlns="http://www.collada.org/2005/11/COLLADASchema" version="1.4.1">
  <asset>
    <created>2026-09-25T14:22:25.158430</created>
    <modified>2026-09-25T14:22:25.158432</modified>
    <up_axis>Y_UP</up_axis>
  </asset>
  <library_effects>
    <effect id="0f0727e3829a4e8c9f63a71b3802c5ba" name="0f0727e3829a4e8c9f63a71b3802c5ba">
      <profile_COMMON>
        <technique sid="common">
          <phong>
            <ambient>
              <color>0.0 0.0 0.0 1.0</color>
            </ambient>
            <diffuse>
              <color>1.0 1.0 1.0 1.0</color>
            </diffuse>
            <specular>
              <color>1.0 1.0 1.0 1.0</color>
            </specular>
            <shininess>
              <float>30.0</float>
            </shininess>
            <reflective>
              <color>0.0 0.0 0.0 1.0</color>
            </reflective>
            <reflectivity>
              <float>0.0</float>
            </reflectivity>
            <transparent>
              <color>0.0 0.0 0.0 1.0</color>
            </transparent>
            <transparency>
              <float>1.0</float>
            </transparency>
          </phong>
        </technique>
        <extra>
          <technique profile="GOOGLEEARTH">
            <double_sided>0</double_sided>
          </technique>
        </extra>
      </profile_COMMON>
    </effect>
  </library_effects>
  <library_geometries>
    <geometry id="479db37c24f34ae5a7623e7deb224bdc" name="5308221e531842aa968f10a4f908b767">
      <mesh>
        <source id="verts-array">
          <float_array count="7161" id="verts-array-array">0.05341223 -0.01327876 0.000649765 0.05481236 -0.005091779 0.0006486367 0.05468543 -0.0059134 0.004606748 0.05467443 -0.0063326 0.01201952 0.05491248 -0.002305201 0.01443583 0.0548014 -0.005451439 0.01476054 0.05442304 -0.185 -0.007949142 0.05461354 -0.185 -0.005335364 0.05485942 -0.1919999 -0.003937516 0.05444289 -0.1848214 0.007777939 0.05497345 -0.1887706 -0.0006235064 0.05500007 -0.1850335 0.0001478006 -0.05369845 -0.01336367 0.01419372 -0.05437724 -0.009277584 0.01430717 -0.05362383 -0.0126117 0.008685433 -0.05442003 -0.0181471 0.04335526 -0.0548128 -0.0110117 0.04666845 -0.05490407 -0.004834502 0.03276172 -0.05355873 -0.02236229 0.03343808 -0.05376499 -0.0253316 0.04020148 -0.05442003 -0.0181471 0.04335526 -0.05499998 -1.805451e-09 0.0413039 -0.05497872 -0.003918802 0.05011951 -0.05499998 -2.2763e-09 0.05207567 -0.05497283 -0.002192501 0.01709272 -0.05476619 -0.00573358 0.01485846 -0.05439068 -0.0119925 0.02952184 -0.05490407 -0.004834502 0.03276172 -0.05499998 -1.535411e-09 0.03512611 -0.05499997 -1.164962e-09 0.02665123 0.05497872 -0.003918802 0.05011952 0.05499998 -2.2763e-09 0.05207568 0.05500163 7.686692e-05 0.05937069 0.05490407 -0.004834601 0.03276172 0.05499998 -1.535411e-09 0.03512612 0.05499998 -1.805451e-09 0.0413039 0.04947599 -0.02730883 0.01346059 0.0504147 -0.02492513 0.01382176 0.05148131 -0.0235811 0.01726063 -0.04591643 -0.00437553 0.1077655 -0.04631465 -1.421515e-07 0.1075549 -0.04649417 -0.002161247 0.1067287 -0.03161506 -8.884136e-05 0.1204785 -0.03112926 0.003131595 0.1205854 -0.03555588 -5.145409e-09 0.1177132 0.05385374 -2.924209e-09 0.06689809 0.05500163 7.686692e-05 0.05937069 0.05479727 0.003096425 0.05995981 0.05502148 -0.1155005 0.0004139881 0.05500576 -0.1111314 0.0007720385 0.05483379 -0.1184539 0.004458802 0.05164524 -0.004731603 0.07980768 0.05149554 7.711817e-06 0.08224037 0.05025782 -0.008711103 0.08505587 0.05497377 -0.0994804 0.01340257 0.05489806 -0.09435596 0.01749209 0.0533594 -0.1036921 0.01966416 0.05473609 -0.156 -0.005379709 0.05499699 -0.156 0.0005883854 0.05500007 -0.1850335 0.0001478006 -0.05323246 -3.126902e-09 0.07153516 -0.05399586 -0.0002081632 0.06662644 -0.05411939 -0.005832002 0.06403534 -0.05499751 -0.1148692 5.475398e-07 -0.05500707 -0.1270286 0.0003598552 -0.05497907 -0.115968 0.001360899 -0.04866268 1.889241e-06 0.0968721 -0.04947478 -4.068462e-09 0.09307555 -0.04886444 -0.003353804 0.09531508 -0.05463961 0.005331597 0.06083782 -0.05490797 0.003229223 0.05985748 -0.05323246 -3.126902e-09 0.07153516 -0.05490797 0.003229223 0.05985748 -0.05500412 -3.597012e-05 0.05934507 -0.05399586 -0.0002081632 0.06662644 -0.05490797 0.003229223 0.05985748 -0.05399586 -0.0002081632 0.06662644 -0.05323246 -3.126902e-09 0.07153516 -0.04955914 0.02378477 0.06288528 -0.04987131 0.0230082 0.0632383 -0.0473232 0.0195627 0.08491024 0.05458838 -0.1144652 -0.006159561 0.0549636 -0.111629 -0.001332688 0.05500576 -0.1111314 0.0007720385 0.05479727 0.003096425 0.05995981 0.05388131 0.01083686 0.06116396 0.05465238 0.005368636 0.06096917 0.04193948 -0.124157 -0.03556305 0.04470718 -0.1238855 -0.03238427 0.03704916 -0.1254912 -0.04065103 0.0532005 -0.1176813 -0.01496181 0.05483294 -0.1132675 -0.005182507 0.05458838 -0.1144652 -0.006159561 0.0549636 -0.111629 -0.001332688 0.05458838 -0.1144652 -0.006159561 0.05483294 -0.1132675 -0.005182507 0.05499259 -0.1088605 0.003569074 0.05500576 -0.1111314 0.0007720385 0.0549636 -0.111629 -0.001332688 0.05488352 -0.106011 0.005999913 0.05496641 -0.1054953 0.007896392 0.05499259 -0.1088605 0.003569074 0.05492662 -0.08220053 0.026169 0.05492197 -0.06676418 0.03501261 0.05480406 -0.06753936 0.03549415 0.05489498 -0.08044304 0.02640935 0.05492197 -0.06676418 0.03501261 0.05492662 -0.08220053 0.026169 0.05490995 -0.0557071 0.04083334 0.05489774 -0.04033224 0.04819235 0.05489532 -0.0546427 0.04224145 0.05462874 0.005166397 0.05977066 0.05388131 0.01083686 0.06116396 0.05479727 0.003096425 0.05995981 -0.05497733 -0.1085638 0.004695202 -0.05496211 -0.1085306 0.003424242 -0.05502016 -0.1111508 -0.0001679343 -0.05497733 -0.1085638 0.004695202 -0.05496381 -0.1051137 0.007763892 -0.05496211 -0.1085306 0.003424242 -0.05496847 -0.06684034 0.03527692 -0.05488592 -0.08308133 0.0256655 -0.05480942 -0.07369531 0.03187466 -0.05496847 -0.06684034 0.03527692 -0.05480215 -0.0598033 0.03964007 -0.05489558 -0.05550341 0.04144972 -0.05496847 -0.06684034 0.03527692 -0.05489558 -0.05550341 0.04144972 -0.05487283 -0.05877294 0.03903866 0.054 -7.212374e-11 0.001650007 0.05481835 -0.0006499999 0.004473855 0.05501068 -5.665373e-06 0.000642678 0.054 -7.212374e-11 0.001650007 0.05501068 -5.665373e-06 0.000642678 0.05496395 0.0009608656 0.004567865 0.05496395 0.0009608656 0.004567865 0.05481835 -0.0006499999 0.004473855 0.054 -7.212374e-11 0.001650007 0.006586178 -0.05484804 0.0006524908 0.0001631615 -0.05515571 0.002562265 -0.0004493697 -0.05501734 0.0006494215 0.006586178 -0.05484804 0.0006524908 0.0001025567 -0.05614299 0.005533025 0.01341061 -0.0547653 0.005580775 0.0196501 -0.0518043 0.0006831922 -0.0001235482 -0.05913573 0.008279453 0.02825179 -0.0473998 0.003459938 0.03229064 -0.0446766 0.0006490943 0.02838146 -0.047542 0.005191138 0.03365816 -0.04400858 0.004645584 0.02825179 -0.0473998 0.003459938 0.03365816 -0.04400858 0.004645584 0.03700285 -0.041044 0.004297548 0.04077851 -0.0372626 0.004484191 0.04211378 -0.03589625 0.0006543049 0.03700285 -0.041044 0.004297548 0.04471666 -0.03367513 0.008299649 0.0444448 -0.03313629 0.004961557 0.04259932 -0.03763935 0.01040783 0.05012452 -0.0243176 0.01103215 0.04947599 -0.02730883 0.01346059 0.04553916 -0.03558031 0.01333973 0.04361085 -0.03826592 0.01288908 0.04039471 -0.04318018 0.01271912 0.04988063 -0.0238794 0.007613816 0.05195895 -0.0183277 0.006060856 0.04077851 -0.0372626 0.004484191 0.04471666 -0.03367513 0.008299649 0.04947599 -0.02730883 0.01346059 0.05012452 -0.0243176 0.01103215 0.0504147 -0.02492513 0.01382176 0.05138282 -0.0220816 0.01395198 0.0504147 -0.02492513 0.01382176 0.05232719 -0.01921581 0.01381233 0.05195895 -0.0183277 0.006060856 0.05367251 -0.0134773 0.01448452 0.03305176 -0.0480819 0.01059847 0.0303279 -0.05322878 0.01101608 0.0303279 -0.05322878 0.01101608 0.02507216 -0.056897 0.0104909 0.01889429 -0.05668228 0.009390632 0.01359758 -0.06251346 0.009349599 0.009976942 -0.06297835 0.009547277 0.002658838 -0.06361508 0.009490179 0.0003513733 -0.06246124 0.009479226 -0.0003008922 -0.06413864 0.009373667 0.002658838 -0.06361508 0.009490179 0.04988063 -0.0238794 0.007613816 0.04985183 -0.0237167 0.004176015 0.05195895 -0.0183277 0.006060856 0.05057458 -0.0216157 0.0006500062 0.04989355 -0.02359841 0.0006486282 0.04985183 -0.0237167 0.004176015 0.05057458 -0.0216157 0.0006500062 0.05212517 -0.01756716 0.0006496926 0.05195895 -0.0183277 0.006060856 0.05362383 -0.0126117 0.008685433 0.05367251 -0.0134773 0.01448452 0.05212517 -0.01756716 0.0006496926 0.05341223 -0.01327876 0.000649765 0.05362383 -0.0126117 0.008685433 0.05467443 -0.0063326 0.01201952 0.05468543 -0.0059134 0.004606748 0.05491248 -0.002305201 0.01443583 0.05499999 -3.557122e-10 0.008137753 0.05499732 2.363396e-06 0.01444773 -0.05437724 -0.009277584 0.01430717 -0.05476619 -0.00573358 0.01485846 -0.05467443 -0.0063326 0.01201952 -0.05503173 -0.0002852507 0.01477679 -0.05467443 -0.0063326 0.01201952 -0.05437724 -0.009277584 0.01430717 -0.05362383 -0.0126117 0.008685433 -0.05468543 -0.0059134 0.004606748 -0.05503173 -0.0002852507 0.01477679 -0.05499998 -3.55712e-10 0.00813775 -0.05195895 -0.0183277 0.006060856 -0.05366644 -0.01238209 0.0006522296 -0.05200583 -0.01789318 0.0006498275 -0.05291285 -0.016778 0.01416171 -0.0523828 -0.01881559 0.01373188 -0.04988063 -0.0238794 0.007613816 -0.04977465 -0.0235676 0.004036201 -0.05200583 -0.01789318 0.0006498275 -0.04977465 -0.0235676 0.004036201 -0.04981377 -0.02338783 0.0006486513 -0.04545142 -0.03185167 0.005263739 -0.04714428 -0.0283987 0.002526747 -0.04981377 -0.02338783 0.0006486513 -0.04715041 -0.02832551 0.0006495165 -0.04714428 -0.0283987 0.002526747 -0.04364201 -0.03350443 0.000654164 -0.04715041 -0.02832551 0.0006495165 -0.04364201 -0.03350443 0.000654164 -0.03853805 -0.03939741 0.0006505385 -0.03916094 -0.04096971 0.007076238 -0.02750601 -0.04821545 0.0006705034 -0.0475312 -0.0291826 0.00947992 -0.04988063 -0.0238794 0.007613816 -0.05012452 -0.0243176 0.01103215 -0.0523828 -0.01881559 0.01373188 -0.05138109 -0.0220812 0.01395174 -0.04985151 -0.02639729 0.01400889 -0.05012452 -0.0243176 0.01103215 -0.05045486 -0.02479876 0.01382642 -0.05138109 -0.0220812 0.01395174 -0.05012452 -0.0243176 0.01103215 -0.0475312 -0.0291826 0.00947992 -0.04325702 -0.03913487 0.01295378 -0.04073339 -0.04220987 0.01258289 -0.03589813 -0.04797558 0.01177876 -0.01572321 -0.05385803 0.005098743 -0.01072466 -0.0543053 0.0006552089 -0.0004493697 -0.05501734 0.0006494215 0.0001631615 -0.05515571 0.002562265 0.0001025567 -0.05614299 0.005533025 -0.0001235482 -0.05913573 0.008279453 -0.02659051 -0.05288263 0.009239972 -0.03062984 -0.05297234 0.01111495 -0.02771293 -0.05533615 0.01074253 -0.02343081 -0.0580386 0.01026127 -0.02043477 -0.0596449 0.01004225 -0.01624413 -0.06071533 0.009903338 -0.0003008922 -0.06413864 0.009373667 0.0003513733 -0.06246124 0.009479226 -0.01269108 -0.06252658 0.009580424 -0.05486275 -0.003881431 0.0006500011 -0.05366644 -0.01238209 0.0006522296 -0.05468543 -0.0059134 0.004606748 -0.05468543 -0.0059134 0.004606748 -0.05362383 -0.0126117 0.008685433 -0.055 -2.841233e-11 0.0006500076 -0.05486275 -0.003881431 0.0006500011 -0.05499998 -3.55712e-10 0.00813775 -0.05291285 -0.016778 0.01416171 -0.05369845 -0.01336367 0.01419372 -0.05195895 -0.0183277 0.006060856 -0.0026095 -0.076234 0.003897795 2.209892e-05 -0.07554746 0.004338925 -5.47086e-08 -0.0776002 0.002624283 -0.0026095 -0.076234 0.003897795 -0.003532316 -0.07774908 0.002386248 2.209892e-05 -0.07554746 0.004338925 2.485517e-05 -0.06737307 0.008459825 -1.395152e-06 -0.07098538 0.007224637 -0.003532316 -0.07774908 0.002386248 -0.009540427 -0.0641175 0.009364067 -0.0003008922 -0.06413864 0.009373667 -0.01269108 -0.06252658 0.009580424 -0.0003008922 -0.06413864 0.009373667 -0.02056936 -0.0651316 0.009586717 -0.01269108 -0.06252658 0.009580424 -0.01624413 -0.06071533 0.009903338 -0.02254408 -0.0612308 0.0101625 -0.02056936 -0.0651316 0.009586717 -0.02744883 -0.061852 0.01064439 -0.02043477 -0.0596449 0.01004225 -0.01624413 -0.06071533 0.009903338 -0.02254408 -0.0612308 0.0101625 -0.02343081 -0.0580386 0.01026127 -0.02954635 -0.0579282 0.01114555 -0.02771293 -0.05533615 0.01074253 -0.03062984 -0.05297234 0.01111495 -0.02954635 -0.0579282 0.01114555 -0.0318945 -0.0539574 0.01149437 -0.0318945 -0.0539574 0.01149437 -0.03589813 -0.04797558 0.01177876 -0.03587635 -0.05063582 0.01255328 -0.0343953 -0.06990145 0.01048961 -0.02954635 -0.0579282 0.01114555 -0.03587635 -0.05063582 0.01255328 -0.04073339 -0.04220987 0.01258289 -0.03677381 -0.08099659 0.004302779 -0.04158156 -0.06451146 0.01417315 -0.01113565 -0.08060055 6.084456e-06 -0.005378678 -0.0801388 1.574008e-05 -1.009363e-05 -0.0777407 0.002535323 2.388782e-06 -0.07999999 -2.058446e-06 -0.02201039 -0.08243601 4.375317e-05 -0.03139059 -0.0838391 0.001055861 -0.0308458 -0.0847318 -1.064399e-05 -0.02201039 -0.08243601 4.375317e-05 -0.03139059 -0.0838391 0.001055861 -0.03453198 -0.08592422 4.306474e-05 -0.03897198 -0.08767553 8.142012e-05 -0.04519819 -0.09264735 -1.975207e-05 -0.04914313 -0.09428815 0.002152923 -0.04740255 -0.07959846 0.01188514 -0.04320136 -0.06465594 0.01520676 -0.04435679 -0.05781874 0.01771356 -0.04435679 -0.05781874 0.01771356 -0.04320136 -0.06465594 0.01520676 -0.0455493 -0.05836145 0.01874917 -0.04667821 -0.04728994 0.02082211 -0.04398274 -0.04422396 0.01703257 -0.04398274 -0.04422396 0.01703257 -0.04325702 -0.03913487 0.01295378 -0.04985151 -0.02639729 0.01400889 -0.05045486 -0.02479876 0.01382642 -0.05148131 -0.0235811 0.01726063 -0.04924677 -0.03419533 0.02192062 -0.04924677 -0.03419533 0.02192062 -0.04653126 -0.0417121 0.02009092 -0.04982225 -0.0355738 0.02510549 -0.05163214 -0.0266329 0.02409459 -0.05355873 -0.02236229 0.03343808 -0.04982225 -0.0355738 0.02510549 -0.05207323 -0.0296303 0.03075214 -0.05400942 -0.0156119 0.02793107 -0.05288764 -0.03259089 0.03721664 -0.05442003 -0.0181471 0.04335526 -0.05439068 -0.0119925 0.02952184 -0.05490407 -0.004834502 0.03276172 -0.05500936 -0.0002232145 0.02502895 -0.05499997 -1.164962e-09 0.02665123 -0.05376499 -0.0253316 0.04020148 -0.05440267 -0.0282922 0.04673954 -0.05492421 -0.033865 0.0497763 -0.05490931 -0.0376785 0.04832046 -0.05473579 -0.021168 0.05008899 -0.05442003 -0.0181471 0.04335526 -0.05495863 -0.01520217 0.0555492 -0.0548128 -0.0110117 0.04666845 -0.05497872 -0.003918802 0.05011951 -0.05500412 -3.597012e-05 0.05934507 -0.05499998 -2.2763e-09 0.05207567 -0.05288764 -0.03259089 0.03721664 -0.054979 -0.04266439 0.04703921 -0.05348795 -0.0425872 0.04019169 -0.05138109 -0.0220812 0.01395174 -0.05045486 -0.02479876 0.01382642 -0.05148131 -0.0235811 0.01726063 -0.05148131 -0.0235811 0.01726063 -0.0523828 -0.01881559 0.01373188 -0.05261476 -0.0198379 0.01834771 -0.05163214 -0.0266329 0.02409459 -0.05261476 -0.0198379 0.01834771 -0.05400942 -0.0156119 0.02793107 -0.05349517 -0.0161421 0.01958858 -0.05369845 -0.01336367 0.01419372 -0.05400942 -0.0156119 0.02793107 -0.05437724 -0.009277584 0.01430717 -0.05400942 -0.0156119 0.02793107 -0.05439068 -0.0119925 0.02952184 -0.05476619 -0.00573358 0.01485846 -0.05497283 -0.002192501 0.01709272 -0.05503173 -0.0002852507 0.01477679 -0.05291285 -0.016778 0.01416171 -0.05349517 -0.0161421 0.01958858 -0.05261476 -0.0198379 0.01834771 -0.0523828 -0.01881559 0.01373188 -0.05496524 -0.02268305 0.05344073 -0.05495863 -0.01520217 0.0555492 -0.05473579 -0.021168 0.05008899 -0.05495348 -0.03026609 0.0513685 -0.05473579 -0.021168 0.05008899 -0.05440267 -0.0282922 0.04673954 -0.05492421 -0.033865 0.0497763 -0.05488468 -0.0450123 0.04538572 -0.054979 -0.04266439 0.04703921 -0.05348795 -0.0425872 0.04019169 -0.05348795 -0.0425872 0.04019169 -0.05487118 -0.0505244 0.04301244 -0.05315417 -0.0497115 0.03684264 -0.05487283 -0.05877294 0.03903866 -0.05487118 -0.0505244 0.04301244 -0.05189276 -0.039806 0.03423556 -0.05105147 -0.0470254 0.03119496 -0.04993079 -0.0456953 0.02841325 -0.04910715 -0.0529114 0.02536195 -0.05070032 -0.05420146 0.027796 -0.05105147 -0.0470254 0.03119496 -0.04619863 -0.05062041 0.0208531 -0.05154795 -0.03845227 0.03086797 -0.04993079 -0.0456953 0.02841325 -0.05070032 -0.05420146 0.027796 -0.04910715 -0.0529114 0.02536195 -0.04879094 -0.0443688 0.02564321 -0.04619863 -0.05062041 0.0208531 -0.04879094 -0.0443688 0.02564321 -0.0455493 -0.05836145 0.01874917 -0.04653126 -0.0417121 0.02009092 -0.04982225 -0.0355738 0.02510549 -0.05207323 -0.0296303 0.03075214 -0.05288764 -0.03259089 0.03721664 -0.05189276 -0.039806 0.03423556 -0.05348795 -0.0425872 0.04019169 -0.05315417 -0.0497115 0.03684264 -0.05105147 -0.0470254 0.03119496 -0.0530559 -0.0567918 0.03335048 -0.05408771 -0.0581385 0.0361862 -0.05127801 -0.07593465 0.01863099 -0.05487283 -0.05877294 0.03903866 -0.05496847 -0.06684034 0.03527692 -0.05492313 -0.07453765 0.03033666 -0.05492313 -0.07453765 0.03033666 -0.0543332 -0.0722161 0.0289332 -0.05489351 -0.08222274 0.02521711 -0.05492313 -0.07453765 0.03033666 -0.0547241 -0.0862666 0.02159184 -0.05501769 -0.09076308 0.01966506 -0.05489351 -0.08222274 0.02521711 -0.05342595 -0.07791314 0.02247051 -0.0530559 -0.0567918 0.03335048 -0.05201276 -0.0766326 0.01986596 -0.0547241 -0.0862666 0.02159184 -0.05369001 -0.0849202 0.0187575 -0.05342595 -0.07791314 0.02247051 -0.05201276 -0.0766326 0.01986596 -0.05369001 -0.0849202 0.0187575 -0.05501769 -0.09076308 0.01966506 -0.05488658 -0.1004363 0.01090188 -0.05281435 -0.09057956 0.01227774 -0.05116869 -0.09574032 0.00448149 -0.05090389 -0.09940098 -3.278315e-05 -0.05295529 -0.1036497 -0.0002233135 -0.05116869 -0.09574032 0.00448149 -0.0543224 -0.1076945 6.974202e-05 -0.04806017 -0.0954592 -6.950032e-05 -0.04914313 -0.09428815 0.002152923 -0.04519819 -0.09264735 -1.975207e-05 -0.05423883 -0.1044712 0.00428495 -0.05502016 -0.1111508 -0.0001679343 -0.05496211 -0.1085306 0.003424242 -0.05471714 -0.1051433 0.005746159 -0.05423883 -0.1044712 0.00428495 -0.05496381 -0.1051137 0.007763892 -0.05471714 -0.1051433 0.005746159 -0.05471714 -0.1051433 0.005746159 -0.05488658 -0.1004363 0.01090188 -0.05281435 -0.09057956 0.01227774 -0.04621646 -0.1193292 -0.02874421 -0.04507738 -0.1236886 -0.03155323 -0.04813025 -0.1217906 -0.02667557 -0.04621646 -0.1193292 -0.02874421 -0.04689954 -0.1156012 -0.02597581 -0.04355382 -0.1164167 -0.03106264 -0.04507738 -0.1236886 -0.03155323 -0.04689954 -0.1156012 -0.02597581 -0.04193749 -0.1081382 -0.02728523 -0.03992448 -0.1177187 -0.03571168 -0.03600754 -0.119514 -0.03991675 -0.03634283 -0.1249659 -0.04140275 -0.0431489 -0.1237033 -0.03423247 -0.04275705 -0.1203398 -0.03365555 -0.04275705 -0.1203398 -0.03365555 -0.04355382 -0.1164167 -0.03106264 -0.04507738 -0.1236886 -0.03155323 -0.0431489 -0.1237033 -0.03423247 -0.03192506 -0.1117239 -0.03910907 -0.03600754 -0.119514 -0.03991675 -0.03634283 -0.1249659 -0.04140275 -0.03071135 -0.1257851 -0.04568914 -0.02228787 -0.1260873 -0.05074969 -0.02226952 -0.1131594 -0.04442457 -0.02154207 -0.116997 -0.04720426 -0.01496792 -0.1262727 -0.05293792 -0.01692158 -0.1199657 -0.05024352 -0.009011471 -0.1267078 -0.05428853 -0.01498032 -0.1205657 -0.05159006 -0.01692158 -0.1199657 -0.05024352 -0.007594699 -0.1069997 -0.04587346 -0.02226952 -0.1131594 -0.04442457 -0.005973089 -0.11528 -0.05119782 -0.009011471 -0.1267078 -0.05428853 0.0003157316 -0.126574 -0.05532361 6.40803e-06 -0.1215227 -0.05380982 0.0003295333 -0.1176155 -0.05246152 -6.475772e-05 -0.1114024 -0.04917485 -0.007594699 -0.1069997 -0.04587346 2.423679e-07 -0.1081534 -0.04663059 -1.79732e-05 -0.102904 -0.04145199 9.917809e-06 -0.09504965 -0.02960884 -0.007947486 -0.1017169 -0.03894743 -0.01615226 -0.101144 -0.0362318 -0.03096255 -0.1055388 -0.03351782 -0.03748741 -0.1031643 -0.02520499 -0.006300988 -0.09365194 -0.02601001 -0.01561081 -0.09428283 -0.02406614 -0.01506707 -0.09010259 -0.01558114 -0.02281351 -0.0917749 -0.01468168 -0.01461746 -0.08666878 -0.008605005 -6.551445e-05 -0.08306205 -0.005123802 -0.01506707 -0.09010259 -0.01558114 -0.005378678 -0.0801388 1.574008e-05 2.388782e-06 -0.07999999 -2.058446e-06 -0.01113565 -0.08060055 6.084456e-06 -0.006256416 -0.0825863 -0.003369371 -0.006256416 -0.0825863 -0.003369371 -0.01113565 -0.08060055 6.084456e-06 -0.02201039 -0.08243601 4.375317e-05 -0.02749429 -0.08658509 -0.003077066 -0.0308458 -0.0847318 -1.064399e-05 -0.03453198 -0.08592422 4.306474e-05 -0.04028379 -0.09684379 -0.01083455 -0.03412755 -0.08713821 -0.001392217 -0.03453198 -0.08592422 4.306474e-05 -0.03897198 -0.08767553 8.142012e-05 -0.03412755 -0.08713821 -0.001392217 -0.04519819 -0.09264735 -1.975207e-05 -0.04806017 -0.0954592 -6.950032e-05 -0.04782373 -0.09867734 -0.004465458 -0.05090389 -0.09940098 -3.278315e-05 -0.04806017 -0.0954592 -6.950032e-05 -0.04879791 -0.1036082 -0.01101442 -0.05090389 -0.09940098 -3.278315e-05 -0.05295529 -0.1036497 -0.0002233135 -0.05330985 -0.106783 -0.003899684 -0.0543224 -0.1076945 6.974202e-05 -0.05295529 -0.1036497 -0.0002233135 -0.0543224 -0.1076945 6.974202e-05 -0.05430593 -0.1088143 -0.002222973 -0.05219225 -0.1100722 -0.01327004 -0.02981828 -0.09875397 -0.02462433 -0.03096255 -0.1055388 -0.03351782 -0.01561081 -0.09428283 -0.02406614 -0.0499423 -0.114975 -0.02058663 -0.04813025 -0.1217906 -0.02667557 -0.05173626 -0.1194472 -0.01867649 -0.0526798 -0.115533 -0.0143956 -0.05306067 -0.1123233 -0.0111607 -0.05173626 -0.1194472 -0.01867649 -0.0526798 -0.115533 -0.0143956 -0.05323511 -0.1174207 -0.01367791 -0.05306067 -0.1123233 -0.0111607 -0.0544584 -0.1146869 -0.007821275 -0.0526798 -0.115533 -0.0143956 -0.0542435 -0.1114778 -0.005949429 -0.0542435 -0.1114778 -0.005949429 -0.05430593 -0.1088143 -0.002222973 -0.05502016 -0.1111508 -0.0001679343 -0.05430593 -0.1088143 -0.002222973 -0.0543224 -0.1076945 6.974202e-05 0.009976942 -0.06297835 0.009547277 0.01359758 -0.06251346 0.009349599 0.02056936 -0.0651316 0.009586717 0.02056936 -0.0651316 0.009586717 0.008012895 -0.0679346 0.008516497 0.002658838 -0.06361508 0.009490179 0.009976942 -0.06297835 0.009547277 0.0192688 -0.0689061 0.008601204 0.007502999 -0.07156099 0.007050445 -1.395152e-06 -0.07098538 0.007224637 2.485517e-05 -0.06737307 0.008459825 0.007502999 -0.07156099 0.007050445 2.209892e-05 -0.07554746 0.004338925 0.02992234 -0.07521101 0.00704538 0.0192688 -0.0689061 0.008601204 0.03058779 -0.066335 0.01042352 0.03058779 -0.066335 0.01042352 0.01359758 -0.06251346 0.009349599 0.02507216 -0.056897 0.0104909 0.02954635 -0.0579282 0.01114555 0.02744884 -0.061852 0.01064439 0.03201365 -0.062537 0.01133288 0.04060992 -0.06079844 0.01416597 0.03566623 -0.0547443 0.01272774 0.03201365 -0.062537 0.01133288 0.02954635 -0.0579282 0.01114555 0.0418176 -0.0567187 0.01585193 0.02507216 -0.056897 0.0104909 0.0303279 -0.05322878 0.01101608 0.04039471 -0.04318018 0.01271912 0.03756105 -0.0509051 0.01328922 0.04177509 -0.04296146 0.01442071 0.04033758 -0.051925 0.01506457 0.04281955 -0.0530001 0.01701893 0.0418176 -0.0567187 0.01585193 0.04033758 -0.051925 0.01506457 0.03756105 -0.0509051 0.01328922 0.04390892 -0.0492651 0.0181328 0.0431387 -0.0572412 0.01678042 0.04144889 -0.06497786 0.01387132 0.04586462 -0.05078115 0.02062636 0.04390892 -0.0492651 0.0181328 0.04033758 -0.051925 0.01506457 0.04586462 -0.05078115 0.02062636 0.04676737 -0.04676894 0.02160766 0.04361339 -0.0442495 0.01662554 0.04600601 -0.04106577 0.01873293 0.04868426 -0.04431637 0.02564631 0.04808972 -0.0480311 0.02429344 0.04361339 -0.0442495 0.01662554 0.04542075 -0.04030209 0.01732788 0.04600601 -0.04106577 0.01873293 0.0489682 -0.03345276 0.02040445 0.04868426 -0.04431637 0.02564631 0.04982225 -0.0355738 0.0251055 0.04361085 -0.03826592 0.01288908 0.04553916 -0.03558031 0.01333973 0.04939226 -0.03211726 0.01965721 0.0489682 -0.03345276 0.02040445 0.05180638 -0.0281403 0.02745152 0.04982225 -0.0355738 0.0251055 0.04361085 -0.03826592 0.01288908 0.04177509 -0.04296146 0.01442071 0.04039471 -0.04318018 0.01271912 0.04975167 -0.04533118 0.0286339 0.04808972 -0.0480311 0.02429344 0.04947599 -0.02730883 0.01346059 0.04939226 -0.03211726 0.01965721 0.05163214 -0.0266329 0.0240946 0.05180638 -0.0281403 0.02745152 0.05320467 -0.01998507 0.02648052 0.04947599 -0.02730883 0.01346059 0.05148131 -0.0235811 0.01726063 0.05261476 -0.0198379 0.01834771 0.05320467 -0.01998507 0.02648052 0.05232719 -0.01921581 0.01381233 0.05367251 -0.0134773 0.01448452 0.05138282 -0.0220816 0.01395198 0.05261476 -0.0198379 0.01834771 0.05148131 -0.0235811 0.01726063 0.0504147 -0.02492513 0.01382176 0.05367251 -0.0134773 0.01448452 0.0539386 -0.0156081 0.02802066 0.05423141 -0.01034967 0.01433912 0.05423141 -0.01034967 0.01433912 0.0544622 -0.0083001 0.01437403 0.05442004 -0.0181471 0.04335527 0.05339868 -0.0223202 0.03349849 0.0539386 -0.0156081 0.02802066 0.05180638 -0.0281403 0.02745152 0.05439068 -0.0119925 0.02952185 0.05175465 -0.03043818 0.0308502 0.0544622 -0.0083001 0.01437403 0.0548014 -0.005451439 0.01476054 0.05105148 -0.0470254 0.03119498 0.05497283 -0.002192501 0.01709273 0.05491248 -0.002305201 0.01443583 0.05439068 -0.0119925 0.02952185 0.05498352 2.579276e-08 0.01817807 0.05504559 0.0001132475 0.02549371 0.05498352 2.579276e-08 0.01817807 0.04902583 -0.05329056 0.02508522 0.051923 -0.05547298 0.03058235 0.04751492 -0.0516697 0.02286684 0.04902583 -0.05329056 0.02508522 0.04664588 -0.0588943 0.01984311 0.04586462 -0.05078115 0.02062636 0.04438926 -0.05777306 0.01775273 0.04751492 -0.0516697 0.02286684 0.04586462 -0.05078115 0.02062636 0.0431387 -0.0572412 0.01678042 0.0455172 -0.0731622 0.01387362 0.04664588 -0.0588943 0.01984311 0.03953939 -0.07768961 0.008635542 0.05012586 -0.07096171 0.0189575 0.04796834 -0.0743102 0.01539839 0.05408771 -0.0581385 0.03618621 0.05315418 -0.0497115 0.03684266 0.05105148 -0.0470254 0.03119498 0.05480435 -0.044933 0.04546825 0.05348795 -0.0425872 0.0401917 0.05105148 -0.0470254 0.03119498 0.05190751 -0.03966957 0.0341742 0.05175465 -0.03043818 0.0308502 0.05339868 -0.0223202 0.03349849 0.05442004 -0.0181471 0.04335527 0.05446612 -0.02829845 0.04672378 0.05480435 -0.044933 0.04546825 0.05493741 -0.02990534 0.05100828 0.05490995 -0.0557071 0.04083334 0.05408771 -0.0581385 0.03618621 0.05492197 -0.06676418 0.03501261 0.05433321 -0.0722161 0.02893321 0.051923 -0.05547298 0.03058235 0.05492197 -0.06676418 0.03501261 0.05489498 -0.08044304 0.02640935 0.05348795 -0.0425872 0.0401917 0.05190751 -0.03966957 0.0341742 0.05442004 -0.0181471 0.04335527 0.05489498 -0.08044304 0.02640935 0.05481344 -0.08975565 0.01957897 0.05292105 -0.08178455 0.01821874 0.05481344 -0.08975565 0.01957897 0.05498802 -0.09269222 0.0174438 0.05276014 -0.0906162 0.01230794 0.04798147 -0.0819049 0.01133282 0.05102597 -0.0894011 0.009899092 0.04512472 -0.08066141 0.009536232 0.0455172 -0.0731622 0.01387362 0.04512472 -0.08066141 0.009536232 0.0398649 -0.08533169 0.002831121 0.04013129 -0.08846933 -0.0001159887 0.03758565 -0.08699438 6.834994e-05 0.0398649 -0.08533169 0.002831121 0.04692574 -0.0905146 0.003541499 0.0486652 -0.09568972 0.0001049837 0.0486652 -0.09568972 0.0001049837 0.04908512 -0.09451642 0.002332552 0.05079664 -0.0992131 -3.21152e-05 0.0486652 -0.09568972 0.0001049837 0.04692574 -0.0905146 0.003541499 0.04908512 -0.09451642 0.002332552 0.05079664 -0.0992131 -3.21152e-05 0.05016303 -0.09508453 0.003408846 0.05079664 -0.0992131 -3.21152e-05 0.05236587 -0.1022775 7.538838e-05 0.05114235 -0.09567108 0.004545057 0.05016303 -0.09508453 0.003408846 0.05445455 -0.104383 0.004182618 0.05236587 -0.1022775 7.538838e-05 0.05369114 -0.1054955 1.752364e-05 0.05450616 -0.108414 3.985022e-06 0.0549376 -0.1104576 0.000268157 0.05445455 -0.104383 0.004182618 0.05488352 -0.106011 0.005999913 0.05492987 -0.1028513 0.009597019 0.05488352 -0.106011 0.005999913 0.05492987 -0.1028513 0.009597019 0.05457863 -0.09887742 0.01111365 0.05349644 -0.09754013 0.008308554 0.05102597 -0.0894011 0.009899092 0.05498802 -0.09269222 0.0174438 0.05492987 -0.1028513 0.009597019 0.05349644 -0.09754013 0.008308554 0.05457863 -0.09887742 0.01111365 -0.01325086 0.0446667 0.1069975 -0.018001 0.04297942 0.1066128 -0.01762499 0.04290054 0.1077711 -0.01762499 0.04290054 0.1077711 -0.007821529 0.04535415 0.1079938 -0.01325086 0.0446667 0.1069975 -0.00475711 0.04627148 0.1069845 -0.018001 0.04297942 0.1066128 -0.02213743 0.04089246 0.1070208 -0.02315832 0.03985936 0.1078649 -0.02213743 0.04089246 0.1070208 -0.030975 0.03495166 0.1073844 -0.0279534 0.03724615 0.1066593 -0.02951491 0.0354638 0.1079782 -0.03787937 0.02647403 0.1078737 -0.03613706 0.02934023 0.1067274 -0.03859223 0.02604699 0.1067186 -0.04100311 0.0218911 0.1070652 -0.04270243 0.01736944 0.1078624 -0.04252931 0.01885937 0.1070553 -0.04466688 0.01216501 0.1077044 -0.04449501 0.01382543 0.1067277 -0.04466688 0.01216501 0.1077044 -0.04567893 0.008641651 0.1070923 -0.04582765 0.00384555 0.1079003 -0.04636957 0.003802862 0.106917 -0.00475711 0.04627148 0.1069845 7.155288e-05 0.04610808 0.1078028 -1.892148e-05 0.04663033 0.1064969 7.155288e-05 0.04610808 0.1078028 0.004737922 0.04634972 0.1066167 0.005084115 0.05114739 0.08589362 -0.005095398 0.05093059 0.08590487 -0.00475711 0.04627148 0.1069845 0.004737922 0.04634972 0.1066167 0.004953351 0.04570926 0.1079298 -0.01010391 0.0501622 0.08590107 -0.005095398 0.05093059 0.08590487 -0.01325086 0.0446667 0.1069975 0.004953351 0.04570926 0.1079298 0.005554645 0.04130249 0.1125384 -0.02032208 0.05132339 0.06457483 -0.018001 0.04297942 0.1066128 -0.0135767 0.05322178 0.06486904 -0.02213743 0.04089246 0.1070208 -0.02989816 0.04633113 0.06478507 -0.006844039 0.05465158 0.0642122 -0.0135767 0.05322178 0.06486904 -0.005095398 0.05093059 0.08590487 -0.004570478 0.0547322 0.06490022 -0.03260288 0.03951865 0.08577842 -0.0279534 0.03724615 0.1066593 -0.030975 0.03495166 0.1073844 -0.03260288 0.03951865 0.08577842 -0.04038884 0.03751396 0.064334 -0.030975 0.03495166 0.1073844 -0.03957556 0.03233629 0.08553018 -0.03613706 0.02934023 0.1067274 0.005084115 0.05114739 0.08589362 7.907273e-06 0.05505056 0.06426202 0.006679771 0.05454969 0.06466419 0.01611979 0.05268778 0.06485165 0.01499199 0.0489018 0.08589318 0.01182976 0.0451555 0.1064494 0.004737922 0.04634972 0.1066167 0.004737922 0.04634972 0.1066167 0.01814324 0.04298041 0.1066968 0.01306293 0.04410785 0.1080498 0.01549156 0.0439749 0.1065016 0.01808679 0.04245641 0.1077565 0.01499199 0.0489018 0.08589318 0.01549156 0.0439749 0.1065016 0.01970452 0.0471753 0.08587798 0.01549156 0.0439749 0.1065016 0.01814324 0.04298041 0.1066968 0.02421687 0.0450019 0.08585177 0.0263617 0.04810871 0.06442817 0.01970452 0.0471753 0.08587798 0.02231322 0.04089134 0.1066515 0.02231322 0.04089134 0.1066515 0.02232225 0.04048179 0.1077875 0.0295552 0.03539412 0.1078134 0.02941967 0.03645409 0.1069554 0.02231322 0.04089134 0.1066515 0.03305295 0.03275537 0.1068319 0.0295552 0.03539412 0.1078134 0.03264434 0.03229527 0.1080055 0.02941967 0.03645409 0.1069554 0.02421687 0.0450019 0.08585177 0.034149 0.04340294 0.06430233 0.036209 0.0360429 0.08565475 0.03305295 0.03275537 0.1068319 0.04326732 0.03411534 0.06404734 0.03957555 0.03233629 0.08553028 0.04268587 0.0283234 0.08535592 0.04953908 0.0237712 0.06297526 0.04732318 0.0195627 0.08491032 0.03607919 0.02943502 0.1068851 0.03862167 0.02601796 0.106745 0.036209 0.0360429 0.08565475 0.03607919 0.02943502 0.1068851 0.03264434 0.03229527 0.1080055 0.0357722 0.02881509 0.1079672 0.03862167 0.02601796 0.106745 0.04096802 0.0219124 0.1073275 0.04096802 0.0219124 0.1073275 0.04268587 0.0283234 0.08535592 0.04732318 0.0195627 0.08491032 0.04289852 0.01809584 0.1067447 0.04257826 0.01748684 0.1079437 0.04426641 0.01436114 0.1069256 0.04289852 0.01809584 0.1067447 0.04451933 0.0118986 0.1079345 0.04426641 0.01436114 0.1069256 0.04524748 0.01077229 0.1072077 0.04524748 0.01077229 0.1072077 0.04622198 0.004521621 0.1073668 0.04805715 0.009686096 0.09564275 0.04879286 0.004899195 0.09544292 0.04710221 -4.547699e-09 0.1040392 0.04879286 0.004899195 0.09544292 0.04627752 -1.066329e-07 0.1076236 0.04807759 -3.578441e-06 0.09970603 0.04879286 0.004899195 0.09544292 0.04981145 -0.0001929732 0.09072026 0.05029018 0.0100035 0.08425508 0.04904495 0.0148516 0.08460676 0.04524748 0.01077229 0.1072077 0.04904495 0.0148516 0.08460676 0.04289852 0.01809584 0.1067447 0.04524748 0.01077229 0.1072077 0.04805715 0.009686096 0.09564275 0.04879286 0.004899195 0.09544292 0.05104763 0.005048696 0.08385557 0.04981145 -0.0001929732 0.09072026 0.05149554 7.711817e-06 0.08224037 0.05104763 0.005048696 0.08385557 0.05280338 -7.947452e-05 0.07445774 0.0530204 0.005194797 0.07222567 0.05313965 -3.126281e-09 0.07152095 0.04998846 0.02275207 0.06320598 0.04953908 0.0237712 0.06297526 0.04920379 0.0202468 0.07382011 0.05097672 0.0153378 0.07336283 0.05225026 0.0103096 0.07283136 0.04920379 0.0202468 0.07382011 0.05264462 0.01587352 0.0619324 0.05097672 0.0153378 0.07336283 0.05104763 0.005048696 0.08385557 0.05388131 0.01083686 0.06116396 0.05264462 0.01587352 0.0619324 0.0530204 0.005194797 0.07222567 0.05149554 7.711817e-06 0.08224037 0.05388131 0.01083686 0.06116396 0.05465238 0.005368636 0.06096917 -0.04649417 -0.002161247 0.1067287 -0.0462369 -0.005225404 0.1067657 -0.04591643 -0.00437553 0.1077655 -0.04529653 -0.01087595 0.1072406 -0.0462369 -0.005225404 0.1067657 -0.04259609 -0.01725961 0.1080195 -0.0442792 -0.01205071 0.1080158 -0.04529653 -0.01087595 0.1072406 -0.04269046 -0.01845932 0.1069727 -0.04259609 -0.01725961 0.1080195 -0.04058081 -0.02181093 0.1077603 -0.04269046 -0.01845932 0.1069727 -0.04005814 -0.02403622 0.1065231 -0.03280097 -0.03201201 0.1080842 -0.03776816 -0.02634828 0.1079546 -0.03604322 -0.02940131 0.1070512 -0.02659136 -0.03766866 0.1078721 -0.03604322 -0.02940131 0.1070512 -0.02939541 -0.03634781 0.1068525 -0.02329903 -0.04029738 0.1067349 -0.02659136 -0.03766866 0.1078721 -0.02326301 -0.03959937 0.1079727 -0.01790124 -0.04263487 0.1077861 -0.01474656 -0.04437809 0.1069907 -0.00550004 -0.04610839 0.1074867 -0.01790124 -0.04263487 0.1077861 0.002676419 -0.03596927 0.1185495 -0.02121529 -0.0360718 0.1123696 -0.01624785 -0.0385651 0.1123696 -0.02326301 -0.03959937 0.1079727 -0.01624785 -0.0385651 0.1123696 -1.200944e-05 -0.04632917 0.1075194 0.007664526 -0.04555884 0.1077882 -0.02121529 -0.0360718 0.1123696 -0.02659136 -0.03766866 0.1078721 -0.01699663 -0.03292739 0.116717 -0.02644178 -0.02599484 0.1168584 -0.03280097 -0.03201201 0.1080842 -0.03776816 -0.02634828 0.1079546 -0.03280097 -0.03201201 0.1080842 -0.03355612 -0.0250049 0.1123696 -0.03669044 -0.01362673 0.116606 -0.03681817 -0.02033538 0.1123376 -0.03776816 -0.02634828 0.1079546 -0.04058081 -0.02181093 0.1077603 -0.03681817 -0.02033538 0.1123376 -0.04058081 -0.02181093 0.1077603 -0.04259609 -0.01725961 0.1080195 -0.04063204 -0.0100149 0.1123696 -0.0442792 -0.01205071 0.1080158 -0.04063204 -0.0100149 0.1123696 -0.04529653 -0.01087595 0.1072406 -0.0442792 -0.01205071 0.1080158 -0.04160087 -0.004541905 0.1123696 -0.04160087 -0.004541905 0.1123696 -0.04063204 -0.0100149 0.1123696 -0.04591643 -0.00437553 0.1077655 -0.04163151 0.004115764 0.1124604 -0.04591643 -0.00437553 0.1077655 -0.04631465 -1.421515e-07 0.1075549 -0.04582765 0.00384555 0.1079003 -0.04636957 0.003802862 0.106917 -0.04879289 0.004899195 0.09544278 -0.04805717 0.009686096 0.0956426 -0.04567893 0.008641651 0.1070923 -0.04449501 0.01382543 0.1067277 -0.04805717 0.009686096 0.0956426 -0.04904497 0.0148516 0.08460665 -0.04252931 0.01885937 0.1070553 -0.04904497 0.0148516 0.08460665 -0.0473232 0.0195627 0.08491024 -0.0473232 0.0195627 0.08491024 -0.04100311 0.0218911 0.1070652 -0.04515935 0.02406069 0.08516211 -0.04955914 0.02378477 0.06288528 -0.04853103 0.02574059 0.06350871 -0.04987131 0.0230082 0.0632383 -0.0492038 0.0202468 0.07382007 -0.05159466 0.01910706 0.06215307 -0.04987131 0.0230082 0.0632383 -0.05097673 0.0153378 0.0733628 -0.05097673 0.0153378 0.0733628 -0.05159466 0.01910706 0.06215307 -0.0528943 0.01478216 0.06229871 -0.05225027 0.0103096 0.07283132 -0.05411861 0.01065973 0.06112434 -0.05114612 0.005066802 0.08387326 -0.04805717 0.009686096 0.0956426 -0.05302041 0.005194797 0.07222561 -0.04879289 0.004899195 0.09544278 -0.0528877 9.389487e-05 0.07394038 -0.05201897 -3.46681e-09 0.07931136 -0.04988701 -0.0002482975 0.09076551 -0.04947478 -4.068462e-09 0.09307555 -0.04879289 0.004899195 0.09544278 -0.04866268 1.889241e-06 0.0968721 -0.04806569 -4.356409e-09 0.099663 -0.04879289 0.004899195 0.09544278 -0.04806569 -4.356409e-09 0.099663 -0.04636957 0.003802862 0.106917 -0.04712662 -4.548307e-09 0.1040531 -0.04631465 -1.421515e-07 0.1075549 -0.04594617 0.03058784 0.06366265 -0.04515935 0.02406069 0.08516211 -0.03859223 0.02604699 0.1067186 -0.04100311 0.0218911 0.1070652 -0.03957556 0.03233629 0.08553018 -0.04038884 0.03751396 0.064334 -0.03859223 0.02604699 0.1067186 -0.03613706 0.02934023 0.1067274 -0.04058081 -0.02181093 0.1077603 -0.04005814 -0.02403622 0.1065231 -0.03776816 -0.02634828 0.1079546 -0.04005814 -0.02403622 0.1065231 -0.03604322 -0.02940131 0.1070512 0.04577006 -0.004513806 0.1078993 0.04511296 -0.01124183 0.1074166 0.04640724 -0.002407152 0.1070559 0.04640724 -0.002407152 0.1070559 0.04627752 -1.066329e-07 0.1076236 0.04160087 -0.004541905 0.1123696 0.04577006 -0.004513806 0.1078993 0.04172341 -1.482127e-06 0.1122458 0.04627752 -1.066329e-07 0.1076236 0.04622198 0.004521621 0.1073668 0.04146504 0.004171395 0.1125384 0.03927001 -5.015507e-09 0.1147414 0.04172341 -1.482127e-06 0.1122458 0.03927001 -5.015507e-09 0.1147414 0.04511296 -0.01124183 0.1074166 0.04577006 -0.004513806 0.1078993 0.04063204 -0.0100149 0.1123696 0.04431712 -0.01308721 0.107652 0.04063204 -0.0100149 0.1123696 0.04099916 -0.02138113 0.1079007 0.04063204 -0.0100149 0.1123696 0.03678356 -0.02028831 0.1123392 0.04622198 0.004521621 0.1073668 0.04451933 0.0118986 0.1079345 0.03680088 0.02007839 0.1128042 0.04096802 0.0219124 0.1073275 0.03680088 0.02007839 0.1128042 0.03362662 0.02497341 0.1124903 0.0357722 0.02881509 0.1079672 0.02428646 0.00588491 0.1259302 0.03664772 -0.004001105 0.11672 0.03362662 0.02497341 0.1124903 0.03264434 0.03229527 0.1080055 0.0295552 0.03539412 0.1078134 0.02582766 0.032706 0.1125384 0.02582766 0.032706 0.1125384 0.0295552 0.03539412 0.1078134 0.02232225 0.04048179 0.1077875 0.01883805 0.03740581 0.1124622 0.01808679 0.04245641 0.1077565 0.01101017 0.04019359 0.1125384 0.01306293 0.04410785 0.1080498 0.004953351 0.04570926 0.1079298 0.01101017 0.04019359 0.1125384 0.007455368 0.02347011 0.1262549 0.005554645 0.04130249 0.1125384 -0.003007742 0.04187279 0.1125352 -0.01762499 0.04290054 0.1077711 -0.02127903 0.03616542 0.1128145 -0.02315832 0.03985936 0.1078649 -0.01691581 0.03378321 0.1168263 -0.02590151 0.03277333 0.1126447 -0.02127903 0.03616542 0.1128145 -0.02951491 0.0354638 0.1079782 -0.03787937 0.02647403 0.1078737 -0.02951491 0.0354638 0.1079782 -0.0338405 0.02480269 0.1124574 -0.02638196 0.0255146 0.1168475 -0.03336776 0.01714565 0.1167504 -0.03888968 0.01497809 0.1125384 -0.04270243 0.01736944 0.1078624 -0.03787937 0.02647403 0.1078737 -0.03888968 0.01497809 0.1125384 -0.04053907 0.009660895 0.1125384 -0.04466688 0.01216501 0.1077044 -0.04053907 0.009660895 0.1125384 -0.03555588 -5.145409e-09 0.1177132 -0.03112926 0.003131595 0.1205854 -0.03161506 -8.884136e-05 0.1204785 -0.02577936 1.040487e-05 0.1236585 -0.02536602 0.002551795 0.1237072 -0.02577936 1.040487e-05 0.1236585 -0.02536602 0.002551795 0.1237072 -0.01937706 -0.00211688 0.126141 -0.02536602 0.002551795 0.1237072 -0.01946958 -5.511417e-09 0.1260865 -0.02577936 1.040487e-05 0.1236585 -0.0178587 0.01784495 0.1249737 -0.02638196 0.0255146 0.1168475 -0.002390692 -6.474242e-05 0.1301576 0.01567889 -0.01197505 0.1260762 0.0009970033 -0.02514442 0.1268847 -0.02644178 -0.02599484 0.1168584 0.03503977 -0.01157772 0.1167777 0.03664772 -0.004001105 0.11672 0.01567889 -0.01197505 0.1260762 0.005133916 -0.03145874 0.1228576 0.01340541 -0.04409631 0.1078599 0.007664526 -0.04555884 0.1077882 0.03678356 -0.02028831 0.1123392 0.04160087 -0.004541905 0.1123696 0.03664772 -0.004001105 0.11672 0.03927001 -5.015507e-09 0.1147414 0.03196318 -0.02732757 0.1122949 0.0258085 -0.03294211 0.1123696 0.01998815 -0.04189068 0.1080052 0.01340541 -0.04409631 0.1078599 0.02868464 -0.03580581 0.1080301 0.03418772 -0.03081617 0.1080066 0.0258085 -0.03294211 0.1123696 0.03829464 -0.02528219 0.1080645 0.03678356 -0.02028831 0.1123392 0.04099916 -0.02138113 0.1079007 0.03487499 -0.0309158 0.1069845 0.03418772 -0.03081617 0.1080066 0.03941564 -0.02507924 0.106892 0.04099916 -0.02138113 0.1079007 0.03829464 -0.02528219 0.1080645 0.04279619 -0.01835819 0.1068504 0.04431712 -0.01308721 0.107652 0.04511296 -0.01124183 0.1074166 0.03418772 -0.03081617 0.1080066 0.02995531 -0.03574839 0.1069091 0.02868464 -0.03580581 0.1080301 0.02152147 -0.04140935 0.1066767 0.01808494 -0.04292529 0.1070778 0.01340541 -0.04409631 0.1078599 0.01340541 -0.04409631 0.1078599 0.01363431 -0.04492479 0.1069591 0.01808494 -0.04292529 0.1070778 0.01740842 -0.0447664 0.1046658 0.01740842 -0.0447664 0.1046658 0.02152147 -0.04140935 0.1066767 0.01340541 -0.04409631 0.1078599 0.001792255 -0.0465866 0.1070652 0.006431366 -0.05888767 0.09168503 0.002994261 -0.0515263 0.1000906 0.001792255 -0.0465866 0.1070652 -0.0001947069 -0.05102397 0.1008728 0.001792255 -0.0465866 0.1070652 -4.212978e-05 -0.05829685 0.09247703 0.006431366 -0.05888767 0.09168503 1.928357e-05 -0.05120258 0.1004591 3.649999e-06 -0.065575 0.08520134 8.592787e-06 -0.0737865 0.07873636 0.01933538 -0.08795974 0.06556046 -5.389589e-05 -0.0834043 0.07259556 0.000105795 -0.0915483 0.06820928 0.0001164075 -0.1027081 0.06390047 3.204819e-06 -0.1072257 0.06207724 1.769587e-05 -0.1127007 0.0606301 0.02043241 -0.1023072 0.05936079 -5.045097e-05 -0.1204089 0.05916633 0.0273748 -0.06351458 0.07618442 0.02043241 -0.1023072 0.05936079 0.02610412 -0.08823126 0.06228623 0.0018753 -0.1269923 0.0578566 -0.0001419553 -0.1241604 0.05841775 -0.0001419553 -0.1241604 0.05841775 0 -0.1270001 0.05800009 0.01408677 -0.126927 0.05638371 0.01371712 -0.1254085 0.0563315 0.01913887 -0.125079 0.05456863 0.02083625 -0.1270174 0.05402209 0.01408677 -0.126927 0.05638371 0.01371712 -0.1254085 0.0563315 0.02083625 -0.1270174 0.05402209 0.03520227 -0.1094566 0.04773095 0.03287211 -0.1217996 0.04709257 0.03138762 -0.1270096 0.04767973 0.03384072 -0.127 0.04556623 0.03287211 -0.1217996 0.04709257 0.03567314 -0.1269995 0.04412682 0.03287211 -0.1217996 0.04709257 0.04115611 -0.126882 0.03830555 0.03520227 -0.1094566 0.04773095 0.04426533 -0.1045735 0.0393886 0.04966026 -0.1103487 0.02889134 0.04725396 -0.1269889 0.02944602 0.05115556 -0.09760161 0.02922319 0.05218618 -0.117104 0.0200273 0.04990519 -0.127 0.02437958 0.050706 -0.1269916 0.02213106 0.05298534 -0.1270641 0.01555568 0.05361867 -0.113258 0.014872 0.05298534 -0.1270641 0.01555568 0.05361867 -0.113258 0.014872 0.0533594 -0.1036921 0.01966416 0.0546701 -0.1089745 0.00933354 0.05497377 -0.0994804 0.01340257 0.0533594 -0.1036921 0.01966416 0.05329684 -0.09430418 0.02462626 0.05489806 -0.09435596 0.01749209 0.05496649 -0.08960912 0.02079869 0.05334515 -0.0850166 0.02968413 0.05092224 -0.0787279 0.03905391 0.05329684 -0.09430418 0.02462626 0.05341348 -0.0757471 0.03475931 0.05492662 -0.08220053 0.026169 0.05341348 -0.0757471 0.03475931 0.05480406 -0.06753936 0.03549415 0.05496649 -0.08960912 0.02079869 0.05334515 -0.0850166 0.02968413 0.05480406 -0.06753936 0.03549415 0.05489532 -0.0546427 0.04224145 0.05085782 -0.060007 0.04903055 0.05083832 -0.0413268 0.05904598 0.05309276 -0.0381317 0.0545468 0.05489774 -0.04033224 0.04819235 0.05489774 -0.04033224 0.04819235 0.0548935 -0.02974591 0.05202665 0.04814283 -0.08144189 0.04308809 0.05115556 -0.09760161 0.02922319 0.04426533 -0.1045735 0.0393886 0.041083 -0.08641151 0.05104787 0.03381397 -0.0707606 0.06654015 0.04235549 -0.06698937 0.05976669 0.05085782 -0.060007 0.04903055 0.04773277 -0.04079969 0.06643737 0.05083832 -0.0413268 0.05904598 0.04905944 -0.02624913 0.0738852 0.05309276 -0.0381317 0.0545468 0.05206698 -0.02124458 0.06701787 0.0548935 -0.02974591 0.05202665 0.05435588 -0.0153772 0.0592235 0.05491911 -0.01735077 0.05572936 0.04450255 -0.03242919 0.08268502 0.05435588 -0.0153772 0.0592235 0.05490998 -0.013581 0.05686294 0.05411939 -0.005832002 0.06403534 0.05206698 -0.02124458 0.06701787 0.05291477 -0.009976802 0.06944147 0.05146894 -0.0139034 0.0746392 0.04905944 -0.02624913 0.0738852 0.05291477 -0.009976802 0.06944147 0.05280338 -7.947452e-05 0.07445774 0.05291477 -0.009976802 0.06944147 0.05313965 -3.126281e-09 0.07152095 0.05385374 -2.924209e-09 0.06689809 0.05411939 -0.005832002 0.06403534 0.04638239 -0.02357008 0.08780314 0.05146894 -0.0139034 0.0746392 0.05005601 -0.0131941 0.08237346 0.04681815 -0.01943212 0.09087312 0.03673305 -0.04264789 0.0858432 0.04008299 -0.02977571 0.09703681 0.03381397 -0.0707606 0.06654015 0.03941564 -0.02507924 0.106892 0.04008299 -0.02977571 0.09703681 0.03567686 -0.03703215 0.09511206 0.02995531 -0.03574839 0.1069091 0.03335869 -0.0341615 0.1041212 0.03487499 -0.0309158 0.1069845 0.03335869 -0.0341615 0.1041212 0.02995531 -0.03574839 0.1069091 0.04496831 -0.01917654 0.09917274 0.04279619 -0.01835819 0.1068504 0.05005601 -0.0131941 0.08237346 0.05025782 -0.008711103 0.08505587 0.05164524 -0.004731603 0.07980768 0.05280338 -7.947452e-05 0.07445774 0.05149554 7.711817e-06 0.08224037 0.04513615 -0.0151158 0.1024797 0.04496831 -0.01917654 0.09917274 0.04511296 -0.01124183 0.1074166 0.04279619 -0.01835819 0.1068504 0.0480891 -0.009975967 0.0954249 0.04660287 -0.004494105 0.1055396 0.04513615 -0.0151158 0.1024797 0.04892363 -0.008001065 0.09278733 0.05025782 -0.008711103 0.08505587 0.05149554 7.711817e-06 0.08224037 0.05149554 7.711817e-06 0.08224037 0.04981145 -0.0001929732 0.09072026 0.04892363 -0.008001065 0.09278733 0.04807759 -3.578441e-06 0.09970603 0.04981145 -0.0001929732 0.09072026 0.04732381 -0.002529004 0.102939 0.04660287 -0.004494105 0.1055396 0.04640724 -0.002407152 0.1070559 0.04511296 -0.01124183 0.1074166 0.05355215 -0.127 0.01253759 0.05439002 -0.1269976 0.008547463 0.05414016 -0.1230611 0.01030639 0.05414016 -0.1230611 0.01030639 0.05361867 -0.113258 0.014872 0.05455345 -0.1208176 0.007440031 0.0546701 -0.1089745 0.00933354 0.05483379 -0.1184539 0.004458802 0.05499259 -0.1088605 0.003569074 0.05500576 -0.1111314 0.0007720385 0.05499832 -0.1185494 1.439444e-06 0.05502148 -0.1155005 0.0004139881 0.05483379 -0.1184539 0.004458802 0.05483379 -0.1184539 0.004458802 0.05500008 -0.1270026 5.878061e-06 0.05455345 -0.1208176 0.007440031 0.0545531 -0.1269976 0.006597585 0.05455345 -0.1208176 0.007440031 0.05439002 -0.1269976 0.008547463 0.05414016 -0.1230611 0.01030639 0.05496641 -0.1054953 0.007896392 0.05497377 -0.0994804 0.01340257 0.0546701 -0.1089745 0.00933354 0.05499259 -0.1088605 0.003569074 0.05496641 -0.1054953 0.007896392 0.05490998 -0.013581 0.05686294 0.0549205 -0.01013717 0.05779671 0.05411939 -0.005832002 0.06403534 0.05500163 7.686692e-05 0.05937069 0.05411939 -0.005832002 0.06403534 0.05385374 -2.924209e-09 0.06689809 0.03704916 -0.1254912 -0.04065103 0.03812858 -0.1269851 -0.03955758 0.03090865 -0.1265742 -0.04550694 0.02544769 -0.1268035 -0.04875739 0.02609231 -0.156 -0.04841671 0.02056969 -0.1270866 -0.05099035 0.02609231 -0.156 -0.04841671 0.01972918 -0.1850021 -0.05152887 0.01260596 -0.1274025 -0.05353746 0.009199063 -0.156 -0.05422531 0.007917354 -0.184996 -0.05442693 0.0300305 -0.1849981 -0.04607582 0.0311933 -0.156 -0.04529886 0.03090865 -0.1265742 -0.04550694 -0.003244584 -0.156008 -0.05515753 0.007917354 -0.184996 -0.05442693 4.118418e-05 -0.1850015 -0.05497842 0.0311933 -0.156 -0.04529886 0.04035636 -0.1559969 -0.03765086 0.03812858 -0.1269851 -0.03955758 -0.003347472 -0.1849836 -0.05498301 -8.65904e-06 -0.1920034 -0.05503027 0.04470718 -0.1238855 -0.03238427 0.03704916 -0.1254912 -0.04065103 0.04406531 -0.156 -0.0329126 0.04040812 -0.1850411 -0.03782239 0.0300305 -0.1849981 -0.04607582 0.04130405 -0.185003 -0.03632897 0.02739931 -0.1919746 -0.04814825 0.0374733 -0.1920013 -0.04026073 0.01172773 -0.1919894 -0.05409728 0.007917354 -0.184996 -0.05442693 4.118418e-05 -0.1850015 -0.05497842 -8.65904e-06 -0.1920034 -0.05503027 -0.01226528 -0.1920001 -0.05375014 -0.01560844 -0.1849989 -0.05274075 -0.01226528 -0.1920001 -0.05375014 -0.02126833 -0.1919908 -0.05094904 -0.02066701 -0.185 -0.05083666 -0.0254823 -0.1849986 -0.04902208 -0.03027856 -0.1919971 -0.04591952 0.04130405 -0.185003 -0.03632897 0.04406531 -0.156 -0.0329126 0.0484576 -0.1850139 -0.02634477 0.05223546 -0.185 -0.01695031 0.05012834 -0.156 -0.02263067 0.04996523 -0.1270004 -0.02265642 0.04890599 -0.1214747 -0.02505624 0.05046434 -0.1208262 -0.02184517 0.05240268 -0.1269945 -0.01715807 0.04996523 -0.1270004 -0.02265642 0.05295884 -0.1186894 -0.01491212 0.05455548 -0.127 -0.006086638 0.05449764 -0.1154179 -0.007459591 0.05240268 -0.1269945 -0.01715807 0.05012834 -0.156 -0.02263067 0.05228768 -0.156 -0.01705827 0.05223546 -0.185 -0.01695031 0.05273298 -0.1850004 -0.01564939 0.05228768 -0.156 -0.01705827 0.05382986 -0.156 -0.01128524 0.05273298 -0.1850004 -0.01564939 0.05455548 -0.127 -0.006086638 0.05442304 -0.185 -0.007949142 0.05382986 -0.156 -0.01128524 0.05473609 -0.156 -0.005379709 0.05442304 -0.185 -0.007949142 0.05484169 -0.127 -0.004168112 0.05473609 -0.156 -0.005379709 0.05461354 -0.185 -0.005335364 0.05500007 -0.1850335 0.0001478006 0.05499699 -0.156 0.0005883854 0.05500008 -0.1270026 5.878061e-06 0.05455548 -0.127 -0.006086638 0.05458838 -0.1144652 -0.006159561 0.05449764 -0.1154179 -0.007459591 0.05500008 -0.1270026 5.878061e-06 0.05499832 -0.1185494 1.439444e-06 0.05458838 -0.1144652 -0.006159561 0.05502148 -0.1155005 0.0004139881 0.05500576 -0.1111314 0.0007720385 0.0545531 -0.1269976 0.006597585 0.05499699 -0.156 0.0005883854 0.05462668 -0.1559993 0.00653825 0.05439002 -0.1269976 0.008547463 0.05462668 -0.1559993 0.00653825 0.05223388 -0.1559817 0.01808379 0.05355215 -0.127 0.01253759 0.05298534 -0.1270641 0.01555568 0.05223388 -0.1559817 0.01808379 0.050706 -0.1269916 0.02213106 0.04940263 -0.1704935 0.02432887 0.050706 -0.1269916 0.02213106 0.04990519 -0.127 0.02437958 0.04719853 -0.1560606 0.02891179 0.04725396 -0.1269889 0.02944602 0.04990519 -0.127 0.02437958 0.05199916 -0.1704973 0.01803718 0.05472188 -0.1705091 0.006622426 0.05499699 -0.156 0.0005883854 0.05499692 -0.1705 0.0005861982 0.05500007 -0.1850335 0.0001478006 0.0476159 -0.1850036 0.02773751 0.05199916 -0.1704973 0.01803718 0.05182886 -0.185 0.01796842 0.04054111 -0.1849994 0.03711278 0.05278504 -0.1850077 0.01548865 0.05199916 -0.1704973 0.01803718 0.05472188 -0.1705091 0.006622426 0.05444289 -0.1848214 0.007777939 0.04115611 -0.126882 0.03830555 0.04725396 -0.1269889 0.02944602 0.0354387 -0.1849858 0.04215581 0.02569177 -0.1850041 0.04871425 0.03089467 -0.1704839 0.045644 0.0355874 -0.1704862 0.04208343 0.03089467 -0.1704839 0.045644 0.03576435 -0.1559758 0.04237587 0.03576435 -0.1559758 0.04237587 0.02569177 -0.1850041 0.04871425 0.03594129 -0.1414798 0.04292839 0.03567314 -0.1269995 0.04412682 0.03125105 -0.1414763 0.0466418 0.03125105 -0.1414763 0.0466418 0.03567314 -0.1269995 0.04412682 0.03384072 -0.127 0.04556623 0.02495052 -0.1414737 0.05052715 0.03138762 -0.1270096 0.04767973 0.03125105 -0.1414763 0.0466418 0.02083625 -0.1270174 0.05402209 0.01408677 -0.126927 0.05638371 0.009128353 -0.1704583 0.05428655 0.01557416 -0.1850035 0.05273547 0.0090384 -0.1849979 0.05423496 0.003197252 -0.185 0.05477064 0.009128353 -0.1704583 0.05428655 0.003191068 -0.1704864 0.05527489 -3.937244e-05 -0.1849997 0.05498749 0.003197252 -0.185 0.05477064 8.506868e-05 -0.1920058 0.05513653 -0.01221058 -0.1849887 0.05352679 0.0090384 -0.1849979 0.05423496 0.003197252 -0.185 0.05477064 0.0122824 -0.1919988 0.05360228 0.01557416 -0.1850035 0.05273547 -3.937244e-05 -0.1849997 0.05498749 -0.008803014 -0.1919937 0.05447245 -0.01221058 -0.1849887 0.05352679 -0.02214571 -0.1920076 0.05050143 -0.02288927 -0.1849997 0.04996325 0.0122824 -0.1919988 0.05360228 0.02111933 -0.1919941 0.05096387 0.02569177 -0.1850041 0.04871425 0.02914836 -0.1920003 0.0466042 0.0354387 -0.1849858 0.04215581 0.03515279 -0.1919992 0.04235543 0.04054111 -0.1849994 0.03711278 0.04347742 -0.1919931 0.03405171 0.0476159 -0.1850036 0.02773751 0.05013433 -0.1919944 0.02300019 0.05182886 -0.185 0.01796842 0.05278504 -0.1850077 0.01548865 0.05312625 -0.192 0.01418353 0.05479966 -0.1919958 0.006651641 0.05278504 -0.1850077 0.01548865 0.05444289 -0.1848214 0.007777939 0.05497345 -0.1887706 -0.0006235064 0.05485942 -0.1919999 -0.003937516 0.05461354 -0.185 -0.005335364 0.05500007 -0.1850335 0.0001478006 0.05334265 -0.1919955 -0.01410901 0.05442304 -0.185 -0.007949142 0.05223546 -0.185 -0.01695031 0.0484576 -0.1850139 -0.02634477 0.04679924 -0.1918978 -0.02961956 0.04040812 -0.1850411 -0.03782239 -0.03322579 -0.192 0.04419176 -0.02214571 -0.1920076 0.05050143 -0.03117455 -0.1849934 0.04534693 -0.03985863 -0.1850018 0.0376861 -0.04221464 -0.1919992 0.03531644 -0.04869477 -0.1919994 0.0260517 -0.04634638 -0.1849989 0.0295497 -0.05116858 -0.1850056 0.02029536 -0.05340779 -0.1919763 0.01380111 -0.05345209 -0.185 0.01229942 -0.05444206 -0.185003 0.007752128 -0.05486033 -0.1919993 0.003918952 -0.05047801 -0.1269998 0.02303083 -0.0507839 -0.127 0.02219347 -0.04987093 -0.155992 0.02361161 -0.05210664 -0.1269667 0.01857053 -0.04987093 -0.155992 0.02361161 -0.05205121 -0.1559952 0.01811013 -0.05210664 -0.1269667 0.01857053 -0.05296839 -0.127 0.01546697 -0.0474159 -0.1269919 0.02945329 -0.05047801 -0.1269998 0.02303083 -0.05296839 -0.127 0.01546697 -0.0533525 -0.127 0.01408971 -0.05365403 -0.127 0.01255932 -0.05364171 -0.1559977 0.01239905 -0.05364171 -0.1559977 0.01239905 -0.05425877 -0.127001 0.009489899 -0.05462668 -0.1559993 0.00653825 -0.05361584 -0.1704987 0.01235256 -0.05444206 -0.185003 0.007752128 -0.05499692 -0.1705 0.0005861982 -0.05500195 -0.1849984 0.0005748505 -0.05199916 -0.1704973 0.01803718 -0.05361584 -0.1704987 0.01235256 -0.05444206 -0.185003 0.007752128 -0.05345209 -0.185 0.01229942 -0.05345209 -0.185 0.01229942 -0.05116858 -0.1850056 0.02029536 -0.04978826 -0.1704955 0.02350664 -0.05199916 -0.1704973 0.01803718 -0.04712724 -0.1559994 0.02882736 -0.04634638 -0.1849989 0.0295497 -0.04712724 -0.1559994 0.02882736 -0.04512125 -0.1267242 0.03315778 -0.03985863 -0.1850018 0.0376861 -0.04444322 -0.1269953 0.03409669 -0.04383136 -0.1559843 0.03375274 -0.04383136 -0.1559843 0.03375274 -0.04363283 -0.127 0.03531025 -0.04035128 -0.1270054 0.0394025 -0.03117455 -0.1849934 0.04534693 -0.03180106 -0.1549596 0.04617873 -0.04035128 -0.1270054 0.0394025 -0.03727277 -0.1269885 0.04263517 -0.02288927 -0.1849997 0.04996325 -0.03005887 -0.1268561 0.04873159 -0.02232761 -0.1269884 0.05300686 -0.01745354 -0.1269794 0.05490932 -0.003320596 -0.1269985 0.05791618 -0.009286988 -0.1269907 0.057173 1.250435e-05 -0.1396226 0.05674816 0 -0.1270001 0.05800009 0.003280407 -0.1414652 0.0564836 0.0018753 -0.1269923 0.0578566 1.250435e-05 -0.1396226 0.05674816 0.0018753 -0.1269923 0.0578566 -0.04649417 -0.002161247 0.1067287 -0.04631465 -1.421515e-07 0.1075549 -0.04712662 -4.548307e-09 0.1040531 -0.04732381 -0.002529004 0.102939 -0.04649417 -0.002161247 0.1067287 -0.0462369 -0.005225404 0.1067657 -0.04732381 -0.002529004 0.102939 -0.04737726 -0.007243004 0.1004771 -0.04712662 -4.548307e-09 0.1040531 -0.04806569 -4.356409e-09 0.099663 -0.0455951 -0.0108653 0.1053843 -0.04529653 -0.01087595 0.1072406 -0.0462369 -0.005225404 0.1067657 -0.04513615 -0.0151158 0.1024797 -0.0455951 -0.0108653 0.1053843 -0.04269046 -0.01845932 0.1069727 -0.0455951 -0.0108653 0.1053843 -0.04737726 -0.007243004 0.1004771 -0.04450197 -0.0192077 0.09942377 -0.04714536 -0.0116989 0.09776869 -0.04886444 -0.003353804 0.09531508 -0.04806569 -4.356409e-09 0.099663 -0.04866268 1.889241e-06 0.0968721 -0.04714536 -0.0116989 0.09776869 -0.04776779 -0.01339178 0.09424893 -0.04886444 -0.003353804 0.09531508 -0.04988701 -0.0002482975 0.09076551 -0.04947478 -4.068462e-09 0.09307555 -0.0407378 -0.03095705 0.09773939 -0.04104778 -0.0259829 0.1003784 -0.04450197 -0.0192077 0.09942377 -0.04197275 -0.0221541 0.1036856 -0.04269046 -0.01845932 0.1069727 -0.04005814 -0.02403622 0.1065231 -0.04269046 -0.01845932 0.1069727 -0.04197275 -0.0221541 0.1036856 -0.03604322 -0.02940131 0.1070512 -0.02939541 -0.03634781 0.1068525 -0.03088356 -0.0412535 0.09696674 -0.02939541 -0.03634781 0.1068525 -0.02329903 -0.04029738 0.1067349 -0.01474656 -0.04437809 0.1069907 -0.01740842 -0.0447664 0.1046658 -0.01311953 -0.05452114 0.09368411 -0.02132993 -0.06434768 0.08012929 -0.01474656 -0.04437809 0.1069907 -0.01740842 -0.0447664 0.1046658 -0.00550004 -0.04610839 0.1074867 -0.002994262 -0.0515263 0.1000906 -0.0001947069 -0.05102397 0.1008728 -1.200944e-05 -0.04632917 0.1075194 -0.002994262 -0.0515263 0.1000906 -4.212978e-05 -0.05829685 0.09247703 1.928357e-05 -0.05120258 0.1004591 3.649999e-06 -0.065575 0.08520134 8.592787e-06 -0.0737865 0.07873636 -0.002733381 -0.0740495 0.07836995 8.592787e-06 -0.0737865 0.07873636 -0.002283628 -0.0783083 0.07547334 -0.002283628 -0.0783083 0.07547334 -5.389589e-05 -0.0834043 0.07259556 8.592787e-06 -0.0737865 0.07873636 0.000105795 -0.0915483 0.06820928 -0.001948714 -0.08733661 0.07016786 -0.008284763 -0.0831686 0.07170294 -0.002401704 -0.09211217 0.06787185 -0.01410489 -0.0831995 0.07028424 -0.001948714 -0.08733661 0.07016786 0.000105795 -0.0915483 0.06820928 -0.01410489 -0.0831995 0.07028424 -0.003017821 -0.1022798 0.06358033 0.000105795 -0.0915483 0.06820928 0.0001164075 -0.1027081 0.06390047 -0.003017821 -0.1022798 0.06358033 3.204819e-06 -0.1072257 0.06207724 -0.02141492 -0.08461376 0.06697866 1.769587e-05 -0.1127007 0.0606301 -5.045097e-05 -0.1204089 0.05916633 -0.02943057 -0.07204936 0.06917068 -0.03035798 -0.06331161 0.07500814 -0.03530227 -0.07028867 0.06557561 -0.02943057 -0.07204936 0.06917068 -0.04193858 -0.08139973 0.0522775 -0.04654466 -0.05719068 0.05895145 -0.04497007 -0.03650913 0.07806508 -0.0261143 -0.09663855 0.05986435 -0.006149818 -0.1191313 0.05874884 -0.05107471 -0.02332017 0.06893816 -0.04976716 -0.0175985 0.07961583 -0.05085782 -0.060007 0.04903055 -0.04785804 -0.01811799 0.08758138 -0.05146894 -0.0139034 0.07463922 -0.05005601 -0.0131941 0.08237346 -0.05107471 -0.02332017 0.06893816 -0.05288497 -0.0192811 0.06439958 -0.05328256 -0.04753084 0.04967048 -0.05085782 -0.060007 0.04903055 -0.05005601 -0.0131941 0.08237346 -0.05025782 -0.008711103 0.08505587 -0.05164524 -0.004731603 0.07980768 -0.05146894 -0.0139034 0.07463922 -0.0514357 0.0001438246 0.08250532 -0.05164524 -0.004731603 0.07980768 -0.05201897 -3.46681e-09 0.07931136 -0.05291477 -0.009976802 0.06944147 -0.05288497 -0.0192811 0.06439958 -0.05435588 -0.0153772 0.0592235 -0.05486692 -0.0301021 0.0521548 -0.054979 -0.04266439 0.04703921 -0.05493819 -0.01747557 0.05566252 -0.05435588 -0.0153772 0.0592235 -0.05338473 -0.0570585 0.04476677 -0.05328256 -0.04753084 0.04967048 -0.05341348 -0.0757471 0.03475931 -0.05496847 -0.06684034 0.03527692 -0.05480942 -0.07369531 0.03187466 -0.05097802 -0.07878923 0.03908279 -0.05489558 -0.05550341 0.04144972 -0.05480215 -0.0598033 0.03964007 -0.054979 -0.04266439 0.04703921 -0.05338473 -0.0570585 0.04476677 -0.05496847 -0.06684034 0.03527692 -0.05341348 -0.0757471 0.03475931 -0.05338473 -0.0570585 0.04476677 -0.05334515 -0.0850166 0.02968415 -0.05488592 -0.08308133 0.0256655 -0.05501769 -0.09076308 0.01966506 -0.05488592 -0.08308133 0.0256655 -0.05329684 -0.09430418 0.02462626 -0.05489698 -0.09466781 0.01733032 -0.05334515 -0.0850166 0.02968415 -0.05115556 -0.09760161 0.02922319 -0.04863444 -0.1005554 0.03349197 -0.04658022 -0.1132629 0.03314797 -0.05178477 -0.1072305 0.024393 -0.05115556 -0.09760161 0.02922319 -0.05329684 -0.09430418 0.02462626 -0.05489698 -0.09466781 0.01733032 -0.05493313 -0.09921694 0.01376806 -0.04658022 -0.1132629 0.03314797 -0.04512125 -0.1267242 0.03315778 -0.04774802 -0.1236507 0.02914073 -0.05178477 -0.1072305 0.024393 -0.05009321 -0.1205378 0.02471995 -0.04361248 -0.1158126 0.03703091 -0.04444322 -0.1269953 0.03409669 -0.04363283 -0.127 0.03531025 -0.04512125 -0.1267242 0.03315778 -0.04444322 -0.1269953 0.03409669 -0.04774802 -0.1236507 0.02914073 -0.0474159 -0.1269919 0.02945329 -0.04774802 -0.1236507 0.02914073 -0.05047801 -0.1269998 0.02303083 -0.0507839 -0.127 0.02219347 -0.05047801 -0.1269998 0.02303083 -0.05210664 -0.1269667 0.01857053 -0.05207036 -0.1170918 0.01998122 -0.05207036 -0.1170918 0.01998122 -0.05361867 -0.113258 0.014872 -0.05493313 -0.09921694 0.01376806 -0.0546701 -0.1089745 0.009333541 -0.05494217 -0.1015018 0.01140647 -0.05296839 -0.127 0.01546697 -0.05207036 -0.1170918 0.01998122 -0.05361867 -0.113258 0.014872 -0.04363283 -0.127 0.03531025 -0.04033585 -0.1180828 0.04064699 -0.04035128 -0.1270054 0.0394025 -0.03727277 -0.1269885 0.04263517 -0.04357516 -0.09981153 0.04136014 -0.03005887 -0.1268561 0.04873159 -0.04033585 -0.1180828 0.04064699 -0.02666664 -0.1120888 0.05319451 -0.02232761 -0.1269884 0.05300686 -0.01911716 -0.1250622 0.05454981 -0.01986048 -0.1133478 0.05643369 -0.02666664 -0.1120888 0.05319451 -0.01745354 -0.1269794 0.05490932 -0.01911716 -0.1250622 0.05454981 -0.006149818 -0.1191313 0.05874884 -0.007742661 -0.125238 0.05761686 -0.009286988 -0.1269907 0.057173 -0.0001419553 -0.1241604 0.05841775 -0.007742661 -0.125238 0.05761686 -0.003320596 -0.1269985 0.05791618 0 -0.1270001 0.05800009 -0.0001419553 -0.1241604 0.05841775 -0.05164524 -0.004731603 0.07980768 -0.05201897 -3.46681e-09 0.07931136 -0.0528877 9.389487e-05 0.07394038 -0.05291477 -0.009976802 0.06944147 -0.0528877 9.389487e-05 0.07394038 -0.05323246 -3.126902e-09 0.07153516 -0.05411939 -0.005832002 0.06403534 -0.05435588 -0.0153772 0.0592235 -0.05491785 -0.008499603 0.05816768 -0.05493819 -0.01747557 0.05566252 -0.05449581 0.006902897 0.06110043 -0.05463961 0.005331597 0.06083782 -0.05302041 0.005194797 0.07222561 -0.05323246 -3.126902e-09 0.07153516 -0.05302041 0.005194797 0.07222561 -0.0528877 9.389487e-05 0.07394038 0.05046434 -0.1208262 -0.02184517 0.04890599 -0.1214747 -0.02505624 0.0532005 -0.1176813 -0.01496181 0.05295884 -0.1186894 -0.01491212 0.0532005 -0.1176813 -0.01496181 0.05449764 -0.1154179 -0.007459591 0.0532005 -0.1176813 -0.01496181 0.05458838 -0.1144652 -0.006159561 0.0549636 -0.111629 -0.001332688 0.0549376 -0.1104576 0.000268157 0.05499259 -0.1088605 0.003569074 0.05488352 -0.106011 0.005999913 0.05499259 -0.1088605 0.003569074 0.05490995 -0.0557071 0.04083334 0.05480406 -0.06753936 0.03549415 0.05492197 -0.06676418 0.03501261 0.05490995 -0.0557071 0.04083334 0.05489532 -0.0546427 0.04224145 0.006679771 0.05454969 0.06466419 0.01355755 0.0535221 0.06402782 7.907273e-06 0.05505056 0.06426202 0.01611979 0.05268778 0.06485165 0.01355755 0.0535221 0.06402782 0.01611979 0.05268778 0.06485165 0.0234129 0.04976714 0.06387121 0.0263617 0.04810871 0.06442817 -0.04507738 -0.1236886 -0.03155323 -0.04938237 -0.1221743 -0.02451401 -0.04813025 -0.1217906 -0.02667557 -0.04938237 -0.1221743 -0.02451401 -0.05173626 -0.1194472 -0.01867649 -0.05280611 -0.1188772 -0.01541629 -0.05323511 -0.1174207 -0.01367791 -0.05466523 -0.1153424 -0.007085081 -0.05502016 -0.1111508 -0.0001679343 -0.0544584 -0.1146869 -0.007821275 -0.05323511 -0.1174207 -0.01367791 -0.05466523 -0.1153424 -0.007085081 -0.05280611 -0.1188772 -0.01541629 -0.05488658 -0.1004363 0.01090188 -0.05496381 -0.1051137 0.007763892 -0.05494217 -0.1015018 0.01140647 -0.05501769 -0.09076308 0.01966506 -0.05494217 -0.1015018 0.01140647 -0.05500412 -3.597012e-05 0.05934507 -0.05495863 -0.01520217 0.0555492 -0.05493819 -0.01747557 0.05566252 -0.05493819 -0.01747557 0.05566252 -0.05491785 -0.008499603 0.05816768 -0.05495863 -0.01520217 0.0555492 -0.05496524 -0.02268305 0.05344073 -0.05495348 -0.03026609 0.0513685 -0.05495348 -0.03026609 0.0513685 -0.05486692 -0.0301021 0.0521548 -0.054979 -0.04266439 0.04703921 -0.05490931 -0.0376785 0.04832046 -0.054979 -0.04266439 0.04703921 -0.05492421 -0.033865 0.0497763 -0.04038884 0.03751396 0.064334 -0.03512692 0.04281317 0.06388045 -0.04504892 0.03181144 0.06297342 -0.02989816 0.04633113 0.06478507 -0.03512692 0.04281317 0.06388045 -0.02623797 0.0483438 0.06401069 -0.02032208 0.05132339 0.06457483 -0.0135767 0.05322178 0.06486904 -0.01459819 0.0530297 0.06393135 -0.006844039 0.05465158 0.0642122 7.907273e-06 0.05505056 0.06426202 -0.004570478 0.0547322 0.06490022 0.0549636 -0.111629 -0.001332688 0.05483294 -0.1132675 -0.005182507 0.0542435 -0.1114778 -0.005949429 0.05099295 -0.1112203 -0.01647465 0.0532005 -0.1176813 -0.01496181 0.0542435 -0.1114778 -0.005949429 0.04890599 -0.1214747 -0.02505624 0.04689954 -0.1156012 -0.02597581 0.05430593 -0.1088143 -0.002222973 0.0549636 -0.111629 -0.001332688 0.05430593 -0.1088143 -0.002222973 0.0549376 -0.1104576 0.000268157 0.05330985 -0.106783 -0.003899684 0.05450616 -0.108414 3.985022e-06 0.0549376 -0.1104576 0.000268157 0.05369114 -0.1054955 1.752364e-05 0.05450616 -0.108414 3.985022e-06 0.05236587 -0.1022775 7.538838e-05 0.05369114 -0.1054955 1.752364e-05 0.04782483 -0.104026 -0.01345417 0.05079664 -0.0992131 -3.21152e-05 0.0486652 -0.09568972 0.0001049837 0.04738772 -0.1122074 -0.02290655 0.04689954 -0.1156012 -0.02597581 0.04286999 -0.1082907 -0.02594917 0.04738772 -0.1122074 -0.02290655 0.0428519 -0.1117586 -0.02899411 0.03922623 -0.09579871 -0.010373 0.04013129 -0.08846933 -0.0001159887 0.03758565 -0.08699438 6.834994e-05 0.03439717 -0.1006013 -0.02464717 0.01368385 -0.08552498 -0.007395992 0.0225859 -0.0824665 -3.879527e-06 0.01464726 -0.08091185 3.724504e-05 2.388782e-06 -0.07999999 -2.058446e-06 -6.551445e-05 -0.08306205 -0.005123802 2.388782e-06 -0.07999999 -2.058446e-06 0.00664019 -0.08555231 -0.009235697 0.02660262 -0.09493444 -0.02012427 0.007571482 -0.09311289 -0.0245135 0.007571482 -0.09311289 -0.0245135 0.002835825 -0.09874842 -0.03527029 -1.79732e-05 -0.102904 -0.04145199 0.012326 -0.1028335 -0.04032131 2.423679e-07 -0.1081534 -0.04663059 0.003078792 -0.1086779 -0.04694397 -6.475772e-05 -0.1114024 -0.04917485 2.423679e-07 -0.1081534 -0.04663059 0.0003295333 -0.1176155 -0.05246152 0.007987194 -0.111788 -0.04880526 0.003078792 -0.1086779 -0.04694397 0.03162588 -0.1084124 -0.03641072 0.01535848 -0.1101182 -0.04646537 0.005484931 -0.1171433 -0.05187525 0.0003295333 -0.1176155 -0.05246152 6.40803e-06 -0.1215227 -0.05380982 0.005484931 -0.1171433 -0.05187525 0.0003157316 -0.126574 -0.05532361 0.02311839 -0.1221552 -0.04895968 0.01914477 -0.126335 -0.05174602 0.03007421 -0.1256192 -0.04612302 0.02806126 -0.1179705 -0.04475344 0.03007421 -0.1256192 -0.04612302 0.02287022 -0.1095727 -0.04152901 0.03363162 -0.1134391 -0.03894547 0.02287022 -0.1095727 -0.04152901 0.03828261 -0.1212457 -0.03868963 0.03704916 -0.1254912 -0.04065103 0.04193948 -0.124157 -0.03556305 0.03992448 -0.1177187 -0.03571168 0.04193948 -0.124157 -0.03556305 0.0410311 -0.1137537 -0.03315701 0.03992448 -0.1177187 -0.03571168 0.04470718 -0.1238855 -0.03238427 0.04621646 -0.1193292 -0.02874421 0.04890599 -0.1214747 -0.02505624 0.04621646 -0.1193292 -0.02874421 -0.0174331 -0.1273205 -0.05225903 -0.01500263 -0.1273652 -0.05287154 -0.01502973 -0.156 -0.05290652 -0.02546222 -0.1269521 -0.04874969 -0.02068323 -0.156 -0.05096287 -0.01502973 -0.156 -0.05290652 -0.01560844 -0.1849989 -0.05274075 -0.02066701 -0.185 -0.05083666 -0.01500263 -0.1273652 -0.05287154 -0.009011471 -0.1267078 -0.05428853 -0.009199063 -0.156 -0.05422531 -0.009199063 -0.156 -0.05422531 -0.01502973 -0.156 -0.05290652 -0.005809508 -0.1274683 -0.05467024 0.0003518006 -0.1274308 -0.05516736 0.009199063 -0.156 -0.05422531 0.01260596 -0.1274025 -0.05353746 -0.02068323 -0.156 -0.05096287 -0.03028464 -0.1268436 -0.04591694 -0.03661358 -0.1257845 -0.04104247 -0.03633212 -0.1269819 -0.04131471 -0.03633212 -0.1269819 -0.04131471 -0.04010935 -0.1253407 -0.03776214 -0.03633212 -0.1269819 -0.04131471 -0.04445947 -0.1270068 -0.03237187 -0.04507738 -0.1236886 -0.03155323 -0.03607729 -0.1559997 -0.04179188 -0.04938237 -0.1221743 -0.02451401 -0.04445947 -0.1270068 -0.03237187 -0.04937398 -0.1270007 -0.02422163 -0.04445947 -0.1270068 -0.03237187 -0.05173626 -0.1194472 -0.01867649 -0.04406531 -0.156 -0.0329126 -0.04737667 -0.156 -0.02793637 -0.04737667 -0.156 -0.02793637 -0.05012834 -0.156 -0.02263067 -0.05214415 -0.127 -0.01709108 -0.04613647 -0.1850019 -0.02992884 -0.05214415 -0.127 -0.01709108 -0.05279814 -0.127 -0.01540636 -0.05280611 -0.1188772 -0.01541629 -0.0499982 -0.1849962 -0.02291339 -0.05012834 -0.156 -0.02263067 -0.05228768 -0.156 -0.01705827 -0.05274228 -0.1849957 -0.01559657 -0.05382986 -0.156 -0.01128524 -0.05228768 -0.156 -0.01705827 -0.05443115 -0.185 -0.007889698 -0.05473609 -0.156 -0.005379709 -0.05465509 -0.1270124 -0.006132627 -0.05469879 -0.127 -0.005412987 -0.05469879 -0.127 -0.005412987 -0.05500707 -0.1270286 0.0003598552 -0.05499699 -0.156 0.0005883854 -0.05228768 -0.156 -0.01705827 -0.05214415 -0.127 -0.01709108 -0.05279814 -0.127 -0.01540636 -0.05382986 -0.156 -0.01128524 -0.05465509 -0.1270124 -0.006132627 -0.04406531 -0.156 -0.0329126 -0.04433214 -0.1849543 -0.03339183 -0.03901336 -0.1919916 -0.03917377 -0.04556075 -0.1920018 -0.03080899 -0.04613647 -0.1850019 -0.02992884 -0.05004176 -0.1919964 -0.02320144 -0.0499982 -0.1849962 -0.02291339 -0.05274228 -0.1849957 -0.01559657 -0.05274008 -0.1920047 -0.0155807 -0.05490966 -0.1920061 -0.005255552 -0.05274228 -0.1849957 -0.01559657 -0.05443115 -0.185 -0.007889698 -0.05461482 -0.185 -0.005335579 -0.05500195 -0.1849984 0.0005748505 -0.05490966 -0.1920061 -0.005255552 -0.05486033 -0.1919993 0.003918952 -0.05444206 -0.185003 0.007752128 -0.05461482 -0.185 -0.005335579 -0.05473609 -0.156 -0.005379709 -0.05499699 -0.156 0.0005883854 -0.05500195 -0.1849984 0.0005748505 -0.05499692 -0.1705 0.0005861982 -0.05425877 -0.127001 0.009489899 -0.05480718 -0.1269973 0.004834307 -0.05462668 -0.1559993 0.00653825 -0.05499699 -0.156 0.0005883854 -0.05499692 -0.1705 0.0005861982 -0.05480718 -0.1269973 0.004834307 -0.05500707 -0.1270286 0.0003598552 -0.05497733 -0.1085638 0.004695202 -0.05502016 -0.1111508 -0.0001679343 -0.05483379 -0.1184539 0.004458803 -0.05497907 -0.115968 0.001360899 -0.05500707 -0.1270286 0.0003598552 -0.05502016 -0.1111508 -0.0001679343 -0.05499751 -0.1148692 5.475398e-07 0.03007421 -0.1256192 -0.04612302 0.03704916 -0.1254912 -0.04065103 0.03090865 -0.1265742 -0.04550694 0.02544769 -0.1268035 -0.04875739 0.03090865 -0.1265742 -0.04550694 0.01914477 -0.126335 -0.05174602 0.02056969 -0.1270866 -0.05099035 0.0003157316 -0.126574 -0.05532361 0.01914477 -0.126335 -0.05174602 0.01260596 -0.1274025 -0.05353746 0.0003518006 -0.1274308 -0.05516736 0.05488352 -0.106011 0.005999913 0.05492987 -0.1028513 0.009597019 0.05496641 -0.1054953 0.007896392 0.05497377 -0.0994804 0.01340257 0.05496641 -0.1054953 0.007896392 0.05498802 -0.09269222 0.0174438 0.05496649 -0.08960912 0.02079869 0.05481344 -0.08975565 0.01957897 0.05480435 -0.044933 0.04546825 0.05489774 -0.04033224 0.04819235 0.05490995 -0.0557071 0.04083334 0.05489774 -0.04033224 0.04819235 0.0548935 -0.02974591 0.05202665 0.05493741 -0.02990534 0.05100828 0.05496134 -0.02319785 0.05323782 0.05491911 -0.01735077 0.05572936 0.0549661 -0.01433445 0.05563948 0.05500163 7.686692e-05 0.05937069 0.0549661 -0.01433445 0.05563948 0.05490998 -0.013581 0.05686294 0.0549205 -0.01013717 0.05779671 0.04953908 0.0237712 0.06297526 0.04998846 0.02275207 0.06320598 0.05264462 0.01587352 0.0619324 0.05264462 0.01587352 0.0619324 0.04998662 0.02294095 0.06220925 0.04998662 0.02294095 0.06220925 0.04326732 0.03411534 0.06404734 0.04609814 0.03000655 0.06287706 0.04150112 0.03606552 0.06332175 0.034149 0.04340294 0.06430233 0.04150112 0.03606552 0.06332175 -0.0431489 -0.1237033 -0.03423247 -0.04010935 -0.1253407 -0.03776214 -0.04507738 -0.1236886 -0.03155323 -0.03661358 -0.1257845 -0.04104247 -0.04010935 -0.1253407 -0.03776214 -0.03634283 -0.1249659 -0.04140275 -0.03071135 -0.1257851 -0.04568914 -0.03028464 -0.1268436 -0.04591694 -0.03661358 -0.1257845 -0.04104247 -0.03634283 -0.1249659 -0.04140275 -0.02546222 -0.1269521 -0.04874969 -0.02228787 -0.1260873 -0.05074969 -0.0174331 -0.1273205 -0.05225903 -0.01500263 -0.1273652 -0.05287154 -0.009011471 -0.1267078 -0.05428853 -0.01496792 -0.1262727 -0.05293792 0.0003157316 -0.126574 -0.05532361 0.0003518006 -0.1274308 -0.05516736 -0.005809508 -0.1274683 -0.05467024 -0.05488592 -0.08308133 0.0256655 -0.05489351 -0.08222274 0.02521711 -0.05501769 -0.09076308 0.01966506 -0.05492313 -0.07453765 0.03033666 -0.05489351 -0.08222274 0.02521711 -0.05496847 -0.06684034 0.03527692 -0.05159466 0.01910706 0.06215307 -0.04987131 0.0230082 0.0632383 -0.04955914 0.02378477 0.06288528 -0.0528943 0.01478216 0.06229871 -0.05411861 0.01065973 0.06112434 -0.04955914 0.02378477 0.06288528 -0.04993451 0.02308093 0.06222655 -0.04594617 0.03058784 0.06366265 -0.04853103 0.02574059 0.06350871 -0.04038884 0.03751396 0.064334 -0.04504892 0.03181144 0.06297342 -0.04955914 0.02378477 0.06288528 -0.04504892 0.03181144 0.06297342 -0.05490797 0.003229223 0.05985748 -0.05449581 0.006902897 0.06110043 -0.05463961 0.005331597 0.06083782 -0.05503173 -0.0002852507 0.01477679 -0.05497283 -0.002192501 0.01709272 -0.05500936 -0.0002232145 0.02502895 -0.05439068 -0.0119925 0.02952184 0.05498352 2.579276e-08 0.01817807 0.05497283 -0.002192501 0.01709273 0.05499732 2.363396e-06 0.01444773 0.05491248 -0.002305201 0.01443583 2.485517e-05 -0.06737307 0.008459825 -0.0003008922 -0.06413864 0.009373667 0.002658838 -0.06361508 0.009490179 0.008012895 -0.0679346 0.008516497 -0.04053907 0.009660895 0.1125384 -0.04466688 0.01216501 0.1077044 -0.04163151 0.004115764 0.1124604 -0.04582765 0.00384555 0.1079003 0.05444289 -0.1848214 0.007777939 0.05500007 -0.1850335 0.0001478006 0.05472188 -0.1705091 0.006622426 0.05499692 -0.1705 0.0005861982 -0.05483379 -0.1184539 0.004458803 -0.05500707 -0.1270286 0.0003598552 -0.05459356 -0.1206522 0.007574887 -0.05480718 -0.1269973 0.004834307 -0.05491785 -0.008499603 0.05816768 -0.05411939 -0.005832002 0.06403534 -0.05500412 -3.597012e-05 0.05934507 -0.05399586 -0.0002081632 0.06662644 -0.05449581 0.006902897 0.06110043 -0.05302041 0.005194797 0.07222561 -0.05411861 0.01065973 0.06112434 -0.05225027 0.0103096 0.07283132 -0.05114612 0.005066802 0.08387326 -0.0514357 0.0001438246 0.08250532 -0.04988701 -0.0002482975 0.09076551 -0.05201897 -3.46681e-09 0.07931136 0.05496649 -0.08960912 0.02079869 0.05489806 -0.09435596 0.01749209 0.05492987 -0.1028513 0.009597019 0.05497377 -0.0994804 0.01340257 0.05489498 -0.08044304 0.02640935 0.05492662 -0.08220053 0.026169 0.05481344 -0.08975565 0.01957897 0.05496649 -0.08960912 0.02079869 -0.05493313 -0.09921694 0.01376806 -0.05489698 -0.09466781 0.01733032 -0.05494217 -0.1015018 0.01140647 -0.05501769 -0.09076308 0.01966506 0.05481835 -0.0006499999 0.004473855 0.05496395 0.0009608656 0.004567865 0.05499999 -3.557122e-10 0.008137753 0.05475591 0.005175899 0.01444783 0.05499732 2.363396e-06 0.01444773 0.05475591 0.005175899 0.01444783 0.05498352 2.579276e-08 0.01817807 0.05504559 0.0001132475 0.02549371 0.05475591 0.005175899 0.01444783 0.05499998 -1.535411e-09 0.03512612 0.05462874 0.005166397 0.05977066 0.05499998 -1.805451e-09 0.0413039 0.05388131 0.01083686 0.06116396 0.05305066 0.014513 0.01444783 0.05264462 0.01587352 0.0619324 0.05462874 0.005166397 0.05977066 0.05499998 -2.2763e-09 0.05207568 0.05479727 0.003096425 0.05995981 0.05500163 7.686692e-05 0.05937069 0.04968876 0.02354915 0.0006500757 0.04998662 0.02294095 0.06220925 0.05390013 0.01146731 0.0006517799 0.05496395 0.0009608656 0.004567865 0.05501068 -5.665373e-06 0.000642678 0.04998662 0.02294095 0.06220925 0.04609814 0.03000655 0.06287706 0.04465737 0.03206436 0.000650473 0.04150112 0.03606552 0.06332175 0.04609814 0.03000655 0.06287706 0.03542339 0.04239106 0.0006500545 0.034149 0.04340294 0.06430233 0.02341786 0.0497655 0.01444783 0.02341786 0.0497655 0.0006500099 0.0263617 0.04810871 0.06442817 0.0234129 0.04976714 0.06387121 0.01027527 0.0543161 0.000648568 0.01451302 0.0530507 0.01444783 5.373894e-05 0.05529872 0.01444926 -0.003922462 0.05498374 0.0006580676 0.01355755 0.0535221 0.06402782 0.01451302 0.0530507 0.01444783 0.0234129 0.04976714 0.06387121 7.907273e-06 0.05505056 0.06426202 -0.005206562 0.05475151 0.01444786 -0.01451302 0.0530507 0.0006500112 -0.006844039 0.05465158 0.0642122 5.373894e-05 0.05529872 0.01444926 -0.01459071 0.0530282 0.01443865 -0.006844039 0.05465158 0.0642122 -0.01459819 0.0530297 0.06393135 -0.01451302 0.0530507 0.0006500112 -0.01459071 0.0530282 0.01443865 -0.02032208 0.05132339 0.06457483 -0.02278387 0.05004697 0.0006505465 -0.02623797 0.0483438 0.06401069 -0.03512692 0.04281317 0.06388045 -0.02623797 0.0483438 0.06401069 -0.03900995 0.03918759 0.0006779277 -0.03162529 0.0449982 0.0006500108 -0.04504892 0.03181144 0.06297342 -0.04789753 0.02741673 0.0006474621 -0.04991574 0.02307967 0.01444908 -0.05305066 0.014513 0.0006500095 -0.04993451 0.02308093 0.06222655 -0.05159466 0.01910706 0.06215307 -0.04993451 0.02308093 0.06222655 -0.05411861 0.01065973 0.06112434 -0.05305066 0.014513 0.0006500095 -0.05475591 0.0051759 0.0006500091 -0.05481341 0.00469659 0.01444407 -0.05490797 0.003229223 0.05985748 -0.05499998 -2.2763e-09 0.05207567 -0.05500412 -3.597012e-05 0.05934507 -0.05499998 -1.805451e-09 0.0413039 -0.05499998 -1.535411e-09 0.03512611 -0.05499997 -1.164962e-09 0.02665123 -0.05481341 0.00469659 0.01444407 -0.05500936 -0.0002232145 0.02502895 -0.05503173 -0.0002852507 0.01477679 -0.05499998 -3.55712e-10 0.00813775 -0.055 -2.841233e-11 0.0006500076 -0.05475591 0.0051759 0.0006500091 -0.05499998 -1.535411e-09 0.03512611 -0.05490407 -0.004834502 0.03276172 -0.05499998 -1.805451e-09 0.0413039 -0.0548128 -0.0110117 0.04666845 -0.05497872 -0.003918802 0.05011951 0.05499998 -2.2763e-09 0.05207568 0.05497872 -0.003918802 0.05011952 0.05499998 -1.805451e-09 0.0413039 0.0548128 -0.0110117 0.04666846 0.05490407 -0.004834601 0.03276172 0.05465238 0.005368636 0.06096917 0.0530204 0.005194797 0.07222567 0.05479727 0.003096425 0.05995981 0.05313965 -3.126281e-09 0.07152095 0.05385374 -2.924209e-09 0.06689809 0.04627752 -1.066329e-07 0.1076236 0.04640724 -0.002407152 0.1070559 0.04710221 -4.547699e-09 0.1040392 0.04732381 -0.002529004 0.102939 0.04807759 -3.578441e-06 0.09970603 -0.04812474 0.02742077 0.0006502505 -0.03889087 0.0388909 0.0006500101 -0.02779597 0.0478546 0.0006501422 -0.05404635 0.0113008 0.0006487428 -0.01451302 0.0530507 0.0006500111 -0.003922462 0.05498374 0.0006580676 -0.055 -2.841233e-11 0.0006500076 0.005175958 0.0547559 0.0006500113 -0.05486275 -0.003881431 0.0006500011 -0.05366644 -0.01238209 0.0006522296 -0.05200583 -0.01789318 0.0006498275 -0.04981377 -0.02338783 0.0006486513 -0.04715041 -0.02832551 0.0006495165 -0.04364201 -0.03350443 0.000654164 -0.03853805 -0.03939741 0.0006505385 -0.02750601 -0.04821545 0.0006705034 -0.01072466 -0.0543053 0.0006552089 -0.0004493697 -0.05501734 0.0006494215 0.006586178 -0.05484804 0.0006524908 0.0196501 -0.0518043 0.0006831922 0.03229064 -0.0446766 0.0006490943 0.04211378 -0.03589625 0.0006543049 0.04989355 -0.02359841 0.0006486282 0.05057458 -0.0216157 0.0006500062 0.05212517 -0.01756716 0.0006496926 0.05341223 -0.01327876 0.000649765 0.05481236 -0.005091779 0.0006486367 0.05501068 -5.665373e-06 0.000642678 0.05403423 0.01134343 0.0006521671 0.04812137 0.0274255 0.0006497115 0.01451302 0.0530507 0.0006500111 0.02779597 0.0478546 0.0006500107 0.03889087 0.0388909 0.0006500102 0.05499999 -3.557122e-10 0.008137753 0.05468543 -0.0059134 0.004606748 0.05481835 -0.0006499999 0.004473855 0.05501068 -5.665373e-06 0.000642678 0.05481236 -0.005091779 0.0006486367 0.05499998 -1.535411e-09 0.03512612 0.05490407 -0.004834601 0.03276172 0.05504559 0.0001132475 0.02549371 0.05439068 -0.0119925 0.02952185 0.0548128 -0.0110117 0.04666846 0.05442004 -0.0181471 0.04335527 0.05473579 -0.021168 0.05008899 0.05446612 -0.02829845 0.04672378 0.05496134 -0.02319785 0.05323782 0.05493741 -0.02990534 0.05100828 -0.05459356 -0.1206522 0.007574887 -0.05365403 -0.127 0.01255932 -0.0533525 -0.127 0.01408971 -0.05425877 -0.127001 0.009489899 -0.05480718 -0.1269973 0.004834307 -0.05488468 -0.0450123 0.04538572 -0.05487118 -0.0505244 0.04301244 -0.054979 -0.04266439 0.04703921 -0.05489558 -0.05550341 0.04144972 -0.05487283 -0.05877294 0.03903866 0.05423141 -0.01034967 0.01433912 0.05367251 -0.0134773 0.01448452 0.05362383 -0.0126117 0.008685433 0.0544622 -0.0083001 0.01437403 0.0548014 -0.005451439 0.01476054 0.05467443 -0.0063326 0.01201952 0.05500163 7.686692e-05 0.05937069 0.0549661 -0.01433445 0.05563948 0.05497872 -0.003918802 0.05011952 0.0548128 -0.0110117 0.04666846 0.05473579 -0.021168 0.05008899 0.05496134 -0.02319785 0.05323782 -0.0533525 -0.127 0.01408971 -0.05296839 -0.127 0.01546697 -0.05459356 -0.1206522 0.007574887 -0.05361867 -0.113258 0.014872 -0.0546701 -0.1089745 0.009333541 -0.05483379 -0.1184539 0.004458803 -0.05496381 -0.1051137 0.007763892 -0.05494217 -0.1015018 0.01140647 -0.05497733 -0.1085638 0.004695202 0.04679924 -0.1918978 -0.02961956 0.05334265 -0.1919955 -0.01410901 0.05485942 -0.1919999 -0.003937516 0.0374733 -0.1920013 -0.04026073 0.02739931 -0.1919746 -0.04814825 0.05479966 -0.1919958 0.006651641 0.01172773 -0.1919894 -0.05409728 -8.65904e-06 -0.1920034 -0.05503027 -0.01226528 -0.1920001 -0.05375014 0.05312625 -0.192 0.01418353 0.05013433 -0.1919944 0.02300019 0.04347742 -0.1919931 0.03405171 0.03515279 -0.1919992 0.04235543 0.02914836 -0.1920003 0.0466042 0.02111933 -0.1919941 0.05096387 0.0122824 -0.1919988 0.05360228 8.506868e-05 -0.1920058 0.05513653 -0.008803014 -0.1919937 0.05447245 -0.02214571 -0.1920076 0.05050143 -0.03322579 -0.192 0.04419176 -0.02126833 -0.1919908 -0.05094904 -0.03027856 -0.1919971 -0.04591952 -0.03901336 -0.1919916 -0.03917377 -0.04556075 -0.1920018 -0.03080899 -0.05004176 -0.1919964 -0.02320144 -0.05274008 -0.1920047 -0.0155807 -0.05490966 -0.1920061 -0.005255552 -0.05486033 -0.1919993 0.003918952 -0.05340779 -0.1919763 0.01380111 -0.04869477 -0.1919994 0.0260517 -0.04221464 -0.1919992 0.03531644 0.0225859 -0.0824665 -3.879527e-06 0.01464726 -0.08091185 3.724504e-05 0.02018092 -0.07932799 0.002719006 0.02018092 -0.07932799 0.002719006 0.00357157 -0.07773638 0.002345376 -5.47086e-08 -0.0776002 0.002624283 0.004659914 -0.0793808 0.0008756811 -1.99585e-08 -0.079052 0.001070698 2.388782e-06 -0.07999999 -2.058446e-06 0.004659914 -0.0793808 0.0008756811 -1.009363e-05 -0.0777407 0.002535323 -0.05502016 -0.1111508 -0.0001679343 -0.05466523 -0.1153424 -0.007085081 -0.05499751 -0.1148692 5.475398e-07 -0.05469879 -0.127 -0.005412987 -0.05465509 -0.1270124 -0.006132627 -0.05279814 -0.127 -0.01540636 -0.05465509 -0.1270124 -0.006132627 -0.0503008 -0.004084304 0.08760109 -0.04988701 -0.0002482975 0.09076551 -0.0514357 0.0001438246 0.08250532 -0.04776779 -0.01339178 0.09424893 -0.04837473 -0.01390517 0.09049491 -0.05025782 -0.008711103 0.08505587 -0.0503008 -0.004084304 0.08760109</float_array>
          <technique_common>
            <accessor count="2387" source="#verts-array-array" stride="3">
              <param type="float" name="X"/>
              <param type="float" name="Y"/>
              <param type="float" name="Z"/>
            </accessor>
          </technique_common>
        </source>
        <source id="normals-array">
          <float_array count="7161" id="normals-array-array">0.9856836 -0.1685715 -0.003383164 0.9856836 -0.1685715 -0.003383164 0.9856836 -0.1685715 -0.003383164 0.998677 -0.03874814 -0.03380541 0.998677 -0.03874814 -0.03380541 0.998677 -0.03874814 -0.03380541 0.9971448 0.02051333 -0.07267355 0.9971448 0.02051333 -0.07267355 0.9971448 0.02051333 -0.07267355 0.9970522 -0.0222564 0.07342663 0.9970522 -0.0222564 0.07342663 0.9970522 -0.0222564 0.07342663 -0.9860154 -0.162811 -0.03558457 -0.9860154 -0.162811 -0.03558457 -0.9860154 -0.162811 -0.03558457 -0.9987328 -0.04809862 -0.01480989 -0.9987328 -0.04809862 -0.01480989 -0.9987328 -0.04809862 -0.01480989 -0.9961476 -0.06496619 -0.05890177 -0.9961476 -0.06496619 -0.05890177 -0.9961476 -0.06496619 -0.05890177 -0.9999853 -0.00542606 -2.371806e-10 -0.9999853 -0.00542606 -2.371806e-10 -0.9999853 -0.00542606 -2.371806e-10 -0.9982812 -0.05860273 0.0005506249 -0.9982812 -0.05860273 0.0005506249 -0.9982812 -0.05860273 0.0005506249 -0.9998033 -0.01983439 -1.319313e-06 -0.9998033 -0.01983439 -1.319313e-06 -0.9998033 -0.01983439 -1.319313e-06 0.9999857 -0.005341234 -0.0001699384 0.9999857 -0.005341234 -0.0001699384 0.9999857 -0.005341234 -0.0001699384 0.9998033 -0.01983462 -8.669992e-10 0.9998033 -0.01983462 -8.669992e-10 0.9998033 -0.01983462 -8.669992e-10 0.9270881 -0.3417584 -0.1539768 0.9270881 -0.3417584 -0.1539768 0.9270881 -0.3417584 -0.1539768 -0.9250237 -0.06618715 0.3740994 -0.9250237 -0.06618715 0.3740994 -0.9250237 -0.06618715 0.3740994 -0.5724922 0.05920569 0.8177698 -0.5724922 0.05920569 0.8177698 -0.5724922 0.05920569 0.8177698 0.9878232 0.03739221 0.1510203 0.9878232 0.03739221 0.1510203 0.9878232 0.03739221 0.1510203 0.9989315 -0.0001912946 0.04621461 0.9989315 -0.0001912946 0.04621461 0.9989315 -0.0001912946 0.04621461 0.9765107 -0.07318158 0.2026604 0.9765107 -0.07318158 0.2026604 0.9765107 -0.07318158 0.2026604 0.9778573 -0.1215197 0.1703763 0.9778573 -0.1215197 0.1703763 0.9778573 -0.1215197 0.1703763 0.9990455 0.0007686403 -0.04367419 0.9990455 0.0007686403 -0.04367419 0.9990455 0.0007686403 -0.04367419 -0.9865621 -0.04999608 0.1555493 -0.9865621 -0.04999608 0.1555493 -0.9865621 -0.04999608 0.1555493 -0.9998936 0.001215916 0.01453614 -0.9998936 0.001215916 0.01453614 -0.9998936 0.001215916 0.01453614 -0.9771596 -0.03823998 0.2090378 -0.9771596 -0.03823998 0.2090378 -0.9771596 -0.03823998 0.2090378 -0.9863005 0.05306732 0.1561894 -0.9863005 0.05306732 0.1561894 -0.9863005 0.05306732 0.1561894 -0.9904952 0.007614989 0.1373363 -0.9904952 0.007614989 0.1373363 -0.9904952 0.007614989 0.1373363 -0.9876739 0.03728122 0.1520211 -0.9876739 0.03728122 0.1520211 -0.9876739 0.03728122 0.1520211 -0.8841387 0.4340324 0.1729585 -0.8841387 0.4340324 0.1729585 -0.8841387 0.4340324 0.1729585 0.9865949 -0.1621286 0.01857076 0.9865949 -0.1621286 0.01857076 0.9865949 -0.1621286 0.01857076 0.9724026 0.1436658 -0.1838298 0.9724026 0.1436658 -0.1838298 0.9724026 0.1436658 -0.1838298 0.7169118 -0.3667901 -0.5928765 0.7169118 -0.3667901 -0.5928765 0.7169118 -0.3667901 -0.5928765 0.9874437 -0.1063043 -0.1168522 0.9874437 -0.1063043 -0.1168522 0.9874437 -0.1063043 -0.1168522 0.9623854 -0.2602231 0.07809137 0.9623854 -0.2602231 0.07809137 0.9623854 -0.2602231 0.07809137 0.998623 0.04292898 -0.03015303 0.998623 0.04292898 -0.03015303 0.998623 0.04292898 -0.03015303 0.9927586 0.09766396 -0.06994373 0.9927586 0.09766396 -0.06994373 0.9927586 0.09766396 -0.06994373 0.989376 -0.07204463 0.1262726 0.989376 -0.07204463 0.1262726 0.989376 -0.07204463 0.1262726 0.9989014 0.02352139 -0.04053099 0.9989014 0.02352139 -0.04053099 0.9989014 0.02352139 -0.04053099 0.9998609 -0.006548392 0.01534043 0.9998609 -0.006548392 0.01534043 0.9998609 -0.006548392 0.01534043 0.9846653 0.09361911 0.1472063 0.9846653 0.09361911 0.1472063 0.9846653 0.09361911 0.1472063 -0.9992466 0.03721819 -0.01099876 -0.9992466 0.03721819 -0.01099876 -0.9992466 0.03721819 -0.01099876 -0.9998312 0.01424139 -0.01160556 -0.9998312 0.01424139 -0.01160556 -0.9998312 0.01424139 -0.01160556 -0.9759969 -0.1145698 0.1852131 -0.9759969 -0.1145698 0.1852131 -0.9759969 -0.1145698 0.1852131 -0.968683 -0.1139038 0.2206335 -0.968683 -0.1139038 0.2206335 -0.968683 -0.1139038 0.2206335 -0.9966322 0.04406293 -0.06915743 -0.9966322 0.04406293 -0.06915743 -0.9966322 0.04406293 -0.06915743 0.1767264 0.9691392 0.1718635 0.1767264 0.9691392 0.1718635 0.1767264 0.9691392 0.1718635 0.229228 -0.9445038 0.2353021 0.229228 -0.9445038 0.2353021 0.229228 -0.9445038 0.2353021 0.9538138 -0.0691485 -0.2923315 0.9538138 -0.0691485 -0.2923315 0.9538138 -0.0691485 -0.2923315 0.0240146 -0.9965237 -0.07977307 -0.0154204 -0.9777145 -0.209372 0.0240146 -0.9965237 -0.07977307 0.1100543 -0.9760676 -0.1875634 0.04748039 -0.8525968 -0.5204078 0.228687 -0.8653488 -0.4459526 0.4096235 -0.9108731 -0.05018746 0.0519218 -0.4887894 -0.8708554 0.4745624 -0.8744396 -0.1007273 0.578021 -0.8116806 -0.08406178 0.4549262 -0.8451316 -0.2807038 0.5452663 -0.8311317 -0.1091087 0.5452663 -0.8311317 -0.1091087 0.6244317 -0.745365 -0.233487 0.6341833 -0.6702421 0.3854698 0.7071479 -0.7070548 -0.003920963 0.7614632 -0.6469848 -0.03980484 0.6714329 -0.7347824 -0.09629463 0.8153574 -0.5415265 -0.2047958 0.8238797 -0.5535217 -0.1218027 0.7330163 -0.5326891 -0.4230005 0.9088178 -0.4008917 -0.1154817 0.7730426 -0.3603032 -0.5220984 0.7727895 -0.3858099 -0.5039316 0.7633735 -0.4798969 -0.4323886 0.564554 -0.4857753 -0.6673089 0.8977737 -0.4242345 -0.1184375 0.9195673 -0.3760862 -0.1138203 0.746714 -0.6443975 -0.1648335 0.8205952 -0.5491061 -0.158449 0.881749 -0.4085999 -0.2357217 0.9087879 -0.3597647 -0.211362 0.9254168 -0.3386695 -0.1700199 0.9352649 -0.3146518 -0.1620921 0.9359292 -0.3110889 -0.1651069 0.9542829 -0.2848379 -0.09061737 0.9519007 -0.2960113 -0.07913581 0.9729445 -0.2197309 -0.07139585 0.488834 -0.5175659 -0.7022584 0.446266 -0.3044533 -0.8415193 0.2359678 -0.2020033 -0.9505335 0.1741617 -0.1466896 -0.9737299 0.226936 -0.3412558 -0.9121647 -0.03105989 0.03524195 -0.998896 -0.0002843982 -0.02446966 -0.9997005 0.01759213 -0.2252756 -0.9741362 -0.09274566 -0.1947426 -0.9764597 0.03026598 0.05104991 -0.9982374 0.03026598 0.05104991 -0.9982374 0.9014944 -0.4318846 -0.02799029 0.8950403 -0.4451031 -0.02803799 0.9337976 -0.3570589 -0.02304273 0.9336635 -0.3574972 -0.02163952 0.9026691 -0.430319 -0.00375583 0.9457635 -0.3248558 0.0002903174 0.9399605 -0.3411206 -0.01053269 0.9336322 -0.3575825 -0.02157964 0.9553554 -0.2949752 -0.01690098 0.964618 -0.2594598 -0.04682593 0.964618 -0.2594598 -0.04682593 0.9577356 -0.2874402 -0.01098077 0.9712052 -0.2381147 -0.007868957 0.9799945 -0.1988069 -0.009302941 0.995419 -0.09548706 -0.004816967 0.9919382 -0.1265614 -0.006391196 0.9989428 -0.04594538 -0.00149522 0.9988345 -0.04812235 -0.003735517 0.9993247 -0.03674175 0.0004367808 -0.9941454 -0.1076388 -0.00941992 -0.9972006 -0.0728478 -0.01685962 -0.9941454 -0.1076388 -0.00941992 -0.998558 -0.04899684 -0.02193608 -0.9951029 -0.0972873 -0.01747838 -0.9890438 -0.1388176 -0.05022035 -0.9781028 -0.2076492 -0.01402586 -0.9945043 -0.1045315 -0.005865891 -0.998536 -0.05393091 -0.004155445 -0.9987742 -0.04901851 -0.0068821 -0.9420256 -0.3336008 -0.03603071 -0.9590469 -0.2831209 -0.00846124 -0.957373 -0.2884716 -0.01487157 -0.9689406 -0.2375745 -0.06864725 -0.9577602 -0.2787548 -0.07064863 -0.9118152 -0.4051403 -0.06674113 -0.8964016 -0.4407673 -0.0467788 -0.9268442 -0.3750263 -0.01774899 -0.9274504 -0.3736439 -0.01503319 -0.9287784 -0.3705279 -0.008936752 -0.8322237 -0.5459293 -0.09677259 -0.8800532 -0.4746243 -0.0154323 -0.8801019 -0.4745431 -0.01514628 -0.8800189 -0.4746813 -0.01563316 -0.8598738 -0.5073577 -0.05661487 -0.827752 -0.5607668 -0.01916034 -0.827752 -0.5607668 -0.01916034 -0.7808759 -0.6189308 -0.08460149 -0.7017553 -0.6802886 -0.2115344 -0.6448831 -0.7455617 -0.1681177 -0.4817294 -0.8755536 0.03664419 -0.8756726 -0.463346 -0.1360443 -0.905799 -0.4051562 -0.1240028 -0.9221755 -0.3673649 -0.1209771 -0.9382977 -0.3137976 -0.1453566 -0.9380422 -0.2994764 -0.1743294 -0.8947867 -0.4052222 -0.187488 -0.8968014 -0.3970644 -0.1951591 -0.9250017 -0.340787 -0.1680358 -0.9359615 -0.3114311 -0.1642766 -0.9359615 -0.3114311 -0.1642766 -0.8634359 -0.450235 -0.2275235 -0.7303754 -0.5559425 -0.3968372 -0.6451249 -0.4554542 -0.6134944 -0.3427764 -0.1714245 -0.9236439 -0.2803804 -0.8994988 -0.3350953 -0.1405083 -0.9880972 -0.06262099 -0.06907272 -0.9963602 -0.04995281 -0.1005549 -0.97888 -0.1779961 -0.1042855 -0.827224 -0.5521095 -0.04871433 -0.4510501 -0.8911682 -0.3350807 -0.3041065 -0.8917624 -0.3941884 -0.312753 -0.8641765 -0.3597015 -0.3620867 -0.8599465 -0.2592667 -0.3380882 -0.9046973 -0.1019203 -0.2081879 -0.9727641 -0.07342254 -0.1619501 -0.9840637 0.08521614 -0.1979705 -0.9764968 0.6119293 -0.1896308 -0.7678429 0.008576843 0.191791 -0.9813983 -0.9898752 -0.1393129 -0.02718351 -0.9885874 -0.1503954 -0.008723239 -0.9898752 -0.1393129 -0.02718351 -0.9958338 -0.09103363 0.005279829 -0.9762716 -0.2131106 -0.03843929 -0.9988706 -0.0464514 0.009990542 -0.999021 -0.03532728 0.02662765 -0.9985882 -0.05311953 2.481758e-06 -0.9699961 -0.2369678 -0.05434935 -0.9736937 -0.2236274 -0.04372003 -0.9657236 -0.2511266 -0.06567591 -0.03866233 0.6408401 -0.7667002 -0.03866233 0.6408401 -0.7667002 -0.01457474 0.6667495 -0.7451394 0.546453 0.3361821 -0.7670533 0.01855292 0.7004728 -0.7134379 0.0840905 0.4485396 -0.8897983 0.01931457 0.3668533 -0.9300783 0.9988499 -0.0218519 0.04267827 0.002023564 0.6366587 -0.771143 -0.0171352 0.1535429 -0.9879934 0.001622405 0.2720427 -0.9622838 0.001343535 0.1373664 -0.9905194 0.001343535 0.1373664 -0.9905194 -0.06026265 0.02824524 -0.9977829 -0.02969075 0.08738735 -0.9957318 -0.04008649 0.1104576 -0.9930721 -0.08479502 0.06087994 -0.9945368 -0.07070859 0.1105339 -0.9913539 -0.1028036 0.07663223 -0.9917454 -0.04826057 -0.01153952 -0.9987681 -0.03915737 -0.02366107 -0.9989529 -0.06625265 0.01246962 -0.997725 -0.1085898 0.007712177 -0.9940567 -0.1430801 0.001467099 -0.98971 -0.1514237 -0.04641285 -0.9873787 -0.2137238 -0.0722928 -0.9742155 -0.1832024 -0.04611585 -0.981993 -0.2441562 -0.05935522 -0.9679177 -0.1922366 0.001620004 -0.9813473 -0.4295228 -0.2435563 -0.8695921 -0.440975 -0.2542213 -0.8607628 -0.2420433 0.2989335 -0.9230676 -0.04552489 0.07301708 -0.9962911 -0.5050585 -0.04826574 -0.8617345 -0.6271633 -0.3782612 -0.6808706 -0.3033158 0.5619509 -0.7695523 -0.5158746 0.02922147 -0.8561656 -0.1062499 0.7829319 -0.6129671 -0.03743919 0.7242815 -0.6884872 -0.003750496 0.7283267 -0.6852198 -0.02145938 0.7466232 -0.664901 -0.1295831 0.7122189 -0.6898931 -0.07058173 0.6896062 -0.7207368 -0.1594456 0.6831989 -0.7126123 -0.1795704 0.7072816 -0.683745 -0.1795704 0.7072816 -0.683745 -0.2163543 0.5802918 -0.7851447 -0.3888102 0.5802673 -0.7156231 -0.545838 0.6084188 -0.5760967 -0.7141757 0.4809135 -0.5086013 -0.6128854 0.4086889 -0.6762728 -0.5409974 0.2081502 -0.8148591 -0.5392697 0.2080575 -0.8160271 -0.6525377 0.1347026 -0.7456874 -0.6856521 0.1456247 -0.7132143 -0.6856521 0.1456247 -0.7132143 -0.8518624 -0.05242183 -0.5211357 -0.8242726 -0.04228815 -0.5646117 -0.7819338 -0.3438539 -0.5199463 -0.7126014 -0.3740751 -0.5935209 -0.9144374 -0.3273436 -0.2380137 -0.9199416 -0.3638801 -0.1459406 -0.9390389 -0.293077 -0.1797548 -0.9394105 -0.2666115 -0.2154676 -0.9136705 -0.252552 -0.318471 -0.8389895 -0.1779195 -0.5142386 -0.9223859 -0.2647581 -0.2812604 -0.961143 -0.256296 -0.1025498 -0.9856956 -0.1329907 -0.1035264 -0.9639344 -0.1241436 -0.2354121 -0.9629583 -0.1050373 -0.2483515 -0.9906553 -0.1173421 -0.06951882 -0.9885063 -0.06494008 -0.1365212 -0.9958615 -0.08291919 -0.03720465 -0.9969905 -0.07052249 -0.03219627 -0.9980379 -0.05800827 -0.02356502 -0.999327 -0.03584828 -0.007770785 -0.9999168 -0.01066648 0.007253929 -0.9935976 -0.06246275 -0.09413952 -0.9916003 -0.01200169 -0.1287817 -0.9870751 0.03403069 -0.1566032 -0.9864642 0.05429947 -0.1547254 -0.9979481 -0.01197674 -0.06289851 -0.9976285 -0.03981328 -0.05614558 -0.9995985 -0.0129794 -0.02518808 -0.9992617 -0.02571539 -0.02854288 -0.9999547 -0.006021246 -0.007371132 -0.9999935 -0.00335455 -0.001342049 -0.9999867 -0.005128947 -0.0005952265 -0.9819016 0.02023557 -0.1883078 -0.9832462 0.02858986 -0.1800264 -0.9770818 -0.004659972 -0.2128132 -0.9381715 -0.303724 -0.1660901 -0.9352297 -0.3109512 -0.169277 -0.9352297 -0.3109512 -0.169277 -0.9561081 -0.2622085 -0.1307824 -0.9517557 -0.2773166 -0.1313645 -0.9598193 -0.2599109 -0.1057985 -0.974232 -0.2101522 -0.0819027 -0.9729452 -0.2171372 -0.07892425 -0.9795137 -0.1940276 -0.05390864 -0.9806672 -0.1896027 -0.04840102 -0.9810193 -0.1845871 -0.0594034 -0.9855202 -0.1623596 -0.04888048 -0.9914152 -0.1270475 -0.03089936 -0.9951341 -0.09684235 -0.01815925 -0.9949982 -0.09818393 -0.01839852 -0.9958916 -0.08868385 -0.018305 -0.9986931 -0.0488975 -0.0148693 -0.9986931 -0.0488975 -0.0148693 -0.9713343 -0.2215593 -0.08614564 -0.9741239 -0.2114785 -0.07974607 -0.9735796 -0.2117537 -0.08545876 -0.9678893 -0.2307412 -0.09974355 -0.9980088 0.01642368 -0.06089838 -0.9980236 0.01786353 -0.06024855 -0.9980236 0.01786353 -0.06024855 -0.9945781 0.02405435 -0.1011724 -0.9966289 0.01244195 -0.08109263 -0.9936635 0.01658753 -0.111165 -0.9940455 0.03722342 -0.1024109 -0.9715742 0.1007773 -0.2142136 -0.9715272 0.1090865 -0.2103214 -0.9715272 0.1090865 -0.2103214 -0.969293 0.07346478 -0.2346784 -0.9668427 0.08261856 -0.2416389 -0.9602285 0.07740121 -0.2682727 -0.9602939 0.1212422 -0.2512687 -0.9602939 0.1212422 -0.2512687 -0.968452 -0.03065053 -0.247308 -0.9365353 0.0383996 -0.348464 -0.9218537 0.05594195 -0.3834792 -0.8728181 0.1299211 -0.470435 -0.8640592 0.1803279 -0.4699825 -0.8640592 0.1803279 -0.4699825 -0.9213466 -0.02839623 -0.3877036 -0.9631187 -0.1064471 -0.2471262 -0.924864 -0.08075062 -0.3716261 -0.9029216 0.1539746 -0.4012786 -0.8550164 0.369684 -0.3637043 -0.9142048 -0.07346168 -0.3985386 -0.9285176 -0.1143649 -0.3532362 -0.9360605 -0.159044 -0.3138404 -0.746707 0.1809415 -0.6400694 -0.8280272 -0.510938 -0.2308968 -0.927655 -0.1382943 -0.3468874 -0.9738151 -0.06085889 -0.219044 -0.981401 -0.05274392 -0.1845808 -0.9781572 -0.05169013 -0.2013369 -0.9631099 -0.02198559 -0.2682089 -0.946377 0.1223602 -0.2989961 -0.947007 0.09847736 -0.305745 -0.939417 0.1446548 -0.3107581 -0.9584707 0.1324016 -0.2525942 -0.8201889 0.2710777 -0.5037926 -0.9634427 0.1236381 -0.2376799 -0.9726888 0.1192588 -0.1991325 -0.9737565 0.1188411 -0.1941009 -0.9709955 0.1226705 -0.2052309 -0.9609671 0.1415178 -0.2377287 -0.9683945 0.1396403 -0.2066704 -0.9719856 0.1277035 -0.1973216 -0.9615241 0.1570001 -0.2254382 -0.9522608 0.1706489 -0.2531369 -0.9757011 0.1221769 -0.1818794 -0.9268516 0.1912049 -0.3230894 -0.9445967 0.1632364 -0.2847646 -0.8046309 0.5732592 -0.1547352 -0.9487898 0.1748836 -0.263085 -0.9429363 0.1828367 -0.2782839 -0.9098746 0.2205102 -0.3514306 -0.8918611 0.2323959 -0.3880412 -0.9203784 0.2295629 -0.316551 -0.958557 0.1840329 -0.2174867 -0.9350432 0.2152207 -0.2817342 -0.8648194 0.3103431 -0.3946829 -0.7852502 0.4342338 -0.4413878 -0.7983593 0.4319624 -0.4195604 -0.8881789 0.3259419 -0.323883 -0.8242099 0.4152233 -0.3850553 -0.9609588 0.2196243 -0.1682954 -0.6190552 0.5290377 -0.580422 -0.6164881 0.5318024 -0.5806278 -0.564233 0.5846069 -0.5829887 -0.9741104 0.1825773 -0.1333209 -0.9697944 0.2032963 -0.1347943 -0.9700377 0.1980951 -0.1406598 -0.9530854 0.2149929 -0.2130873 -0.9530854 0.2149929 -0.2130873 -0.9739716 0.1595984 -0.1609585 -0.9803976 0.1546158 -0.1221253 -0.9116493 0.393893 -0.1172345 -0.9503873 0.2154281 -0.2243988 -0.9445056 0.2311482 -0.2334087 -0.8096675 0.1534527 -0.5664723 -0.8096675 0.1534527 -0.5664723 -0.8209996 0.1841681 -0.5404089 -0.7939661 0.2301283 -0.5627245 -0.8056729 0.2508632 -0.536618 -0.7200775 0.3515178 -0.5982671 -0.7589674 0.2008006 -0.6193929 -0.7867917 0.3425008 -0.5134706 -0.6300531 0.5546916 -0.5434614 -0.6579683 0.3279331 -0.677892 -0.6590727 0.2352366 -0.7143437 -0.6776756 0.2168648 -0.702656 -0.6916092 0.2011689 -0.6936914 -0.6898935 0.1997195 -0.6958154 -0.7737005 0.2282634 -0.591002 -0.7578832 0.2455555 -0.6044135 -0.799413 0.1977565 -0.5673016 -0.7961416 0.1912207 -0.5741021 -0.4616671 0.5126309 -0.7239289 -0.5375478 0.3387416 -0.7722023 -0.5633048 0.2493484 -0.7877265 -0.4943328 0.3216392 -0.8075786 -0.358672 0.368334 -0.8577205 -0.4355079 0.3961136 -0.8083483 -0.5185232 0.3939322 -0.7589144 -0.2706371 0.2655719 -0.9253254 -0.4186098 0.244034 -0.8747647 -0.1998262 0.2248055 -0.9536939 -0.3252734 0.316085 -0.8912281 -0.57432 -0.02162048 -0.8183453 -0.2654704 0.6109631 -0.7458214 -0.3118067 0.5627724 -0.765548 -0.12688 0.428046 -0.8948062 -0.118082 0.2883822 -0.9502065 -0.1144153 0.2840482 -0.9519589 -0.1115023 0.2907975 -0.9502653 -0.04332556 0.3824765 -0.9229489 -0.02027816 0.5386055 -0.842314 -0.02060711 0.689902 -0.7236095 0.02432786 0.6555086 -0.7547957 -0.08086573 0.7964819 -0.5992307 0.003128465 0.8670941 -0.4981346 -0.06020304 0.8117948 -0.5808311 -0.238095 0.7782016 -0.5811308 -0.4163371 0.6504884 -0.6352387 -0.4819441 0.7288199 -0.4863656 -0.1084362 0.8796985 -0.4630034 -0.1698313 0.8785099 -0.4465174 -0.2212044 0.8804441 -0.4193885 -0.2694044 0.8587246 -0.4359052 -0.1523124 0.8665723 -0.4752403 -0.08326818 0.8668263 -0.4916081 -0.1270046 0.8975972 -0.4221245 -0.06352659 0.8292119 -0.5553126 -0.02383442 0.8581992 -0.5127631 -0.06453131 0.8165544 -0.5736503 -0.06453131 0.8165544 -0.5736503 -0.0957152 0.8319609 -0.546516 -0.1305582 0.7604782 -0.6361033 -0.1927393 0.7863495 -0.5869464 -0.2390957 0.7737444 -0.5866454 -0.2203575 0.7093281 -0.6695493 -0.2351713 0.6964618 -0.6779642 -0.461975 0.7498276 -0.4736429 -0.2355095 0.736052 -0.6346359 -0.259272 0.7001502 -0.6652577 -0.3682491 0.7259626 -0.5808363 -0.2790774 0.6929682 -0.6647637 -0.5652142 0.6529983 -0.5041092 -0.6062896 0.6257809 -0.4907252 -0.6374098 0.6324044 -0.4401969 -0.7358547 0.5269052 -0.4253102 -0.7358547 0.5269052 -0.4253102 -0.6936822 0.6035407 -0.3931204 -0.79818 0.4953463 -0.3428422 -0.8392501 0.4384112 -0.321644 -0.8924732 0.3801746 -0.2428145 -0.9373512 0.3045557 -0.1691703 -0.9373512 0.3045557 -0.1691703 -0.932462 0.3219326 -0.1639328 -0.933812 0.3088293 -0.1806091 -0.8732902 0.3269337 -0.3612183 -0.3395741 0.8191736 -0.4622164 -0.3527425 0.7652781 -0.5384442 -0.251925 0.8567072 -0.4500962 -0.8514123 0.2641127 -0.4531463 -0.8573795 0.196887 -0.4755375 -0.8806171 0.1632609 -0.4448138 -0.8939458 0.2486589 -0.3728668 -0.890092 0.2668067 -0.3695272 -0.9090735 0.1876791 -0.3719704 -0.9299838 0.1451776 -0.3377181 -0.9381174 0.1589975 -0.3076616 -0.9521911 0.1440544 -0.2694077 -0.9540949 0.1834448 -0.2367509 -0.9453793 0.1706666 -0.2777246 -0.9459683 0.2083002 -0.2485054 -0.9626954 0.2043601 -0.1773541 -0.9673507 0.1982414 -0.1579019 -0.9752716 0.180358 -0.1277349 -0.9732006 0.2037956 -0.1065269 -0.9732006 0.2037956 -0.1065269 0.03030552 0.130931 -0.9909282 -0.03152085 -0.1730904 -0.9844014 -0.03152085 -0.1730904 -0.9844014 0.08822917 0.2062246 -0.9745189 0.0213523 0.2939007 -0.9555974 -0.01042804 0.2075673 -0.9781652 -0.01042804 0.2075673 -0.9781652 0.02997119 0.2631712 -0.9642835 0.02058826 0.3722336 -0.9279107 0.02239511 0.4339516 -0.9006578 0.02943099 0.3232149 -0.9458678 0.06239105 0.4595468 -0.8859594 0.0224324 0.6013672 -0.7986578 0.1621347 0.4698032 -0.8677542 0.06905649 0.3022176 -0.9507343 0.1681673 0.1482964 -0.9745399 0.189886 0.3167193 -0.9293181 0.1002185 0.07781012 -0.9919183 0.1299287 -0.06438837 -0.9894305 0.1051698 0.02358772 -0.9941745 0.1194697 0.09872614 -0.9879171 0.2582635 0.1147627 -0.9592338 0.4545378 0.141459 -0.879423 0.3653286 -0.02798302 -0.930458 0.1629582 0.09932546 -0.9816206 0.2257571 -0.03617629 -0.9735117 0.4944046 0.2029309 -0.8452119 0.1334268 -0.04945996 -0.9898237 0.2455539 -0.08046145 -0.9660379 0.6938515 -0.2923337 -0.6581118 0.7265428 -0.2675331 -0.6328994 0.7086106 -0.2250496 -0.6687478 0.5316574 -0.1984362 -0.8233854 0.6455158 0.05625348 -0.7616725 0.5629357 0.1263016 -0.8167933 0.5913025 -0.1517227 -0.792049 0.4960081 -0.1410896 -0.8567787 0.7636797 -0.09828576 -0.63807 0.5982859 0.1238183 -0.7916584 0.4161018 0.2291122 -0.8799812 0.7749756 -0.03789734 -0.6308539 0.7348357 -0.01208874 -0.6781375 0.6304931 0.04715991 -0.7747609 0.7799622 -0.02252868 -0.625421 0.8581307 -0.05837496 -0.5101021 0.7813043 -0.19462 -0.5930318 0.8376348 -0.1525537 -0.5244953 0.9111281 -0.03608434 -0.4105405 0.8997956 0.01479707 -0.4360607 0.08712132 -0.8439618 -0.5292809 0.8124155 -0.3163375 -0.4898077 0.8460261 -0.2486232 -0.4716211 0.9113349 -0.1953785 -0.3623479 0.9232852 -0.1171678 -0.3658089 0.9612191 -0.1398232 -0.2377126 0.7387666 -0.4455989 -0.5056338 0.8365197 -0.3857127 -0.3891792 0.9157172 -0.3575617 -0.1833347 0.9268489 -0.331945 -0.1753955 0.9451063 -0.1891245 -0.2664697 0.9353344 -0.1497001 -0.3205299 0.7303289 -0.4524586 -0.5117625 0.7253549 -0.4527288 -0.5185526 0.7199454 -0.4529837 -0.5258179 0.9142463 -0.02034808 -0.4046477 0.9259035 0.0002167403 -0.3777602 0.9067712 -0.3389468 -0.250761 0.9238869 -0.3095291 -0.2249992 0.9621557 -0.2330655 -0.1411982 0.9649686 -0.2169686 -0.1475134 0.9741547 -0.1828237 -0.1326577 0.9292989 -0.3291606 -0.1675016 0.943965 -0.2931041 -0.1517238 0.9871466 -0.1347014 -0.08600698 0.9837155 -0.1675542 -0.06503413 0.960898 -0.2614338 -0.09125504 0.9724904 -0.2185426 -0.08063178 0.9452635 -0.2953114 -0.1388098 0.9522202 -0.2788741 -0.1245232 0.9503985 -0.2716878 -0.1514212 0.9354059 -0.3107472 -0.1686769 0.9837509 -0.1733773 -0.04663038 0.9876324 -0.1510389 -0.04206552 0.9829203 -0.1778449 -0.04731733 0.993529 -0.111507 -0.02159367 0.993529 -0.111507 -0.02159367 0.9916439 -0.1166714 -0.05504646 0.9889505 -0.129451 -0.07224471 0.9913984 -0.1236428 -0.04291523 0.9837394 -0.1576116 -0.08611216 0.993354 -0.1094445 -0.03563352 0.9854978 -0.1357421 -0.1018238 0.9930901 -0.1150086 -0.02334529 0.9971729 -0.07416989 -0.01204151 0.8998277 0.05489451 -0.432778 0.9992861 -0.03649871 0.009754915 0.9990756 -0.03745126 -0.02110332 0.9987601 -0.04972183 0.002449994 0.9993189 -0.02017142 0.03090121 0.9983716 -0.05653812 -0.007594815 0.9983716 -0.05653812 -0.007594815 0.8799 0.1670651 -0.4448205 0.9204519 0.1442982 -0.3632443 0.8471382 0.126323 -0.5161389 0.8598951 0.1237518 -0.4952433 0.7633588 0.1299465 -0.6327696 0.797244 0.1336029 -0.5886869 0.674505 0.1566165 -0.7214668 0.8649795 -0.008424011 -0.5017365 0.7762007 0.01857815 -0.6302121 0.639624 0.1143183 -0.7601398 0.5819282 0.2771809 -0.7645458 0.7853082 0.1850596 -0.5907994 0.3503569 0.4740201 -0.8078088 0.7963949 0.2574191 -0.5472573 0.5984191 0.3735405 -0.708775 0.9440991 0.1282434 -0.3036948 0.9554344 0.1090633 -0.2743178 0.9476787 0.1192453 -0.2961176 0.9743318 0.05675858 -0.217844 0.9694595 0.04440578 -0.241198 0.9647121 0.03087096 -0.261491 0.9791759 -0.04055582 -0.1989215 0.9537668 -0.08771566 -0.2874628 0.9905923 -0.08918348 -0.1037938 0.9939497 -0.08798996 -0.06574041 0.9881374 -0.007149049 -0.153406 0.9742142 0.06042414 -0.2173835 0.994699 0.02769962 -0.09902869 0.9630202 0.1222595 -0.2400931 0.9587191 0.1368679 -0.2492485 0.970598 0.1220981 -0.2074406 0.9466719 0.1581364 -0.2807225 0.9353005 0.1654475 -0.3127941 0.9686242 0.1309451 -0.2112358 0.9686242 0.1309451 -0.2112358 0.9710912 0.04102366 -0.2351575 0.9765539 0.01709848 -0.2145927 0.9863225 -0.04786073 -0.157725 0.9768781 0.1208177 -0.1763866 0.9435675 0.2061352 -0.2592077 0.9331399 0.2740287 -0.2327192 0.9619213 0.1958282 -0.1906797 0.9393156 0.1979055 -0.2802134 0.8837829 0.2797926 -0.3750251 0.6780064 0.395319 -0.6197017 0.8000621 0.3751263 -0.4681677 0.5909013 0.4293888 -0.6829794 0.5369184 0.4011485 -0.742158 0.4213298 0.4916346 -0.762087 0.3716952 0.6088556 -0.700812 0.4301708 0.6061915 -0.6689431 0.2975324 0.6252752 -0.7214606 0.3338381 0.6602559 -0.6727661 0.5540208 0.5816956 -0.5955596 0.5134779 0.5877556 -0.625207 0.7413819 0.5259623 -0.4167933 0.7509461 0.5152953 -0.4129778 0.7764288 0.4853375 -0.4020022 0.7764288 0.4853375 -0.4020022 0.555243 0.5195938 -0.6494054 0.7148177 0.4722964 -0.5157245 0.7293987 0.5005611 -0.466279 0.7562062 0.4571879 -0.4681147 0.839751 0.4178531 -0.3467233 0.8232902 0.4259825 -0.3751428 0.8243486 0.3888426 -0.411401 0.7848565 0.4095265 -0.4650681 0.9207629 0.2981784 -0.2515656 0.87937 0.3676001 -0.3026195 0.9177385 0.3042679 -0.255298 0.9608743 0.2051818 -0.1860672 0.9746397 0.170727 -0.144671 0.9845225 0.1359416 -0.1106133 0.9841431 0.1445241 -0.1028352 0.9848319 0.1238718 -0.121499 0.9848319 0.1238718 -0.121499 0.9831075 0.1343393 -0.1243088 0.9565103 0.1937244 -0.2180802 0.8450806 -0.1842834 0.5018749 0.8347059 0.3524681 -0.423122 0.9292674 0.2426177 -0.2785654 0.9575956 0.1726675 -0.2306439 0.9332615 0.2310727 -0.2750062 0.9417784 0.2080184 -0.2641624 -0.2204601 0.794096 0.5664 -0.342093 0.9234279 0.1739344 -0.342093 0.9234279 0.1739344 -0.4000786 0.869298 0.2902725 -0.1598845 0.8290772 0.5357872 -0.1757853 0.932931 0.3142282 -0.1757853 0.932931 0.3142282 -0.4258354 0.8827915 0.1983519 -0.4915706 0.8168732 0.3017887 -0.49827 0.7859193 0.3661392 -0.4245544 0.7863114 0.4488518 -0.4885242 0.5004185 0.7147905 -0.5139713 0.7856639 0.3443338 -0.4708474 0.6472228 0.5995043 -0.7708175 0.5455804 0.3289109 -0.7027552 0.5876017 0.4010729 -0.7982479 0.5226537 0.2993884 -0.7154702 0.381848 0.5850593 -0.8424983 0.3271041 0.4280181 -0.7781831 0.3668827 0.5097334 -0.8636086 0.314001 0.3944407 -0.8834773 0.3020783 0.3580734 -0.9296267 0.2383458 0.2810436 -0.8163713 0.132439 0.5621369 -0.8650815 0.1093053 0.4895778 -0.8727119 0.1073046 0.4762978 -0.06250688 0.841339 0.5368814 0.01981692 0.8189502 0.5735223 0.0007497139 0.9563128 0.2923446 -0.03183762 0.9272627 0.3730554 0.05169001 0.9727398 0.2260652 -0.01026359 0.9772775 0.2117154 -0.02288888 0.9807275 0.1940354 -0.1165771 0.9686197 0.2195122 0.05963307 0.9059354 0.4191957 0.12355 0.8981188 0.4220403 -0.2222744 0.9548127 0.1972987 -0.1482342 0.9651428 0.2156987 -0.2672599 0.9402502 0.2109541 0.04131937 0.7248268 0.687691 0.09706596 0.7236873 0.6832678 -0.3676724 0.9099726 0.1917468 -0.3852452 0.900863 0.2000798 -0.2737288 0.9443201 0.1825705 -0.4764509 0.8556162 0.2022757 -0.5394235 0.821906 0.1830101 -0.1408361 0.9745981 0.1741373 -0.1885804 0.9669142 0.1717977 -0.1453927 0.9731129 0.1786399 -0.06286394 0.9816791 0.1798732 -0.6234507 0.7566312 0.1970242 -0.5432465 0.8130285 0.2094465 -0.5583459 0.8021623 0.211626 -0.5583459 0.8021623 0.211626 -0.6580297 0.7333462 0.1708809 -0.7250761 0.6570781 0.2061869 -0.7053839 0.681165 0.1960811 -0.7316443 0.648426 0.2103336 0.1329957 0.9727756 0.1897889 0.004107397 0.9842677 0.1766361 0.1265468 0.9779319 0.1662382 0.3004723 0.9378905 0.1734296 0.2167968 0.9565021 0.1951994 0.2284235 0.85693 0.4620537 0.1669581 0.9599414 0.2250279 0.1607922 0.8972286 0.4112501 0.2878605 0.8565895 0.4282415 0.2041492 0.9777524 -0.04820006 0.2257849 0.7288933 0.6463248 0.3600667 0.8330955 0.4198855 0.3355221 0.9209347 0.1982527 0.2968836 0.9303437 0.2152225 0.3732817 0.9092903 0.1839887 0.3306802 0.920009 0.2103189 0.3955394 0.874861 0.2795833 0.4250821 0.8857672 0.1863375 0.4620717 0.8699212 0.172415 0.4253168 0.8805075 0.2093135 0.4763825 0.8532416 0.2122227 0.4019896 0.8559632 0.3251636 0.4539064 0.8326397 0.3173013 0.4213848 0.6025207 0.6777933 0.4779805 0.6028869 0.6387973 0.497795 0.8171478 0.2906366 0.6671324 0.6361298 0.3876509 0.589023 0.566345 0.5764593 0.6127756 0.6396253 0.4640965 0.6116231 0.7632411 0.2082791 0.5408809 0.8186592 0.1929895 0.6126718 0.7703028 0.1768244 0.6806212 0.7083398 0.1871081 0.7009434 0.6815193 0.2102612 0.7844067 0.5972233 0.1674229 0.7545259 0.6266268 0.1950117 0.8149188 0.5484937 0.1872485 0.8576825 0.4875005 0.1634746 0.9096391 0.3704958 0.1878553 0.758657 0.5521787 0.345743 0.7881836 0.5777593 0.2120398 0.7266851 0.65466 0.2082044 0.6891111 0.62327 0.369676 0.6501661 0.5963623 0.4707824 0.6792157 0.5334098 0.504123 0.7586491 0.4957142 0.4227517 0.7800927 0.4144997 0.4686633 0.8624601 0.4609565 0.2090018 0.8658823 0.4579488 0.2013226 0.8721351 0.4463118 0.2004649 0.8667294 0.3911541 0.3094811 0.7741981 0.3079413 0.5529823 0.8930952 0.3027731 0.3327302 0.8553039 0.3325094 0.3973572 0.8442781 0.2497644 0.4741437 0.856178 0.2687393 0.4412917 0.856178 0.2687393 0.4412917 0.8777706 0.1468836 0.4560088 0.9687554 0.09319971 0.2298409 0.9652047 0.1391004 0.2214294 0.9650415 0.144382 0.2187435 0.9756777 0.03383625 0.2165828 0.9767351 0.03435947 0.211679 0.974242 0.02469738 0.2241485 0.9766251 0.04099387 0.2110044 0.98052 0.02621527 0.1946618 0.981752 0.02110449 0.1889909 0.9649671 0.1852518 0.1857963 0.9507934 0.2290787 0.2086023 0.941503 0.2729174 0.1977073 0.9368585 0.2960788 0.186101 0.9170179 0.3424812 0.2044133 0.9164002 0.3525492 0.1895249 0.9396951 0.282932 0.1921525 0.9762051 0.09886269 0.1930018 0.9765114 0.09914976 0.1912978 0.9811207 0.02047184 0.1923097 0.9820083 0.02588386 0.1870555 0.9804377 0.02454091 0.1952937 0.9889852 0.02129495 0.1464744 0.9895277 0.01979367 0.1429797 0.9934593 0.007346641 0.1139503 0.9071677 0.388564 0.1614457 0.8863948 0.4297891 0.1720045 0.8901502 0.4203669 0.1758533 0.9469716 0.2708646 0.1728502 0.9713824 0.1783074 0.1569164 0.9331962 0.3265813 0.1499648 0.9323096 0.3297479 0.1485432 0.9491483 0.2771611 0.1493292 0.9814178 0.09045861 0.1692227 0.9644714 0.2180225 0.1492013 0.9651239 0.2139584 0.1508562 0.980726 0.1173548 0.1562187 0.9852807 0.03385828 0.1675575 0.980683 0.1324892 0.1439012 0.9805499 0.133129 0.1442171 -0.9297756 -0.07371472 0.3606708 -0.9297756 -0.07371472 0.3606708 -0.9242834 -0.08834169 0.3713434 -0.9117858 -0.1186956 0.3931386 -0.9117858 -0.1186956 0.3931386 -0.7490461 -0.2415924 0.616898 -0.7490461 -0.2415924 0.616898 -0.7788343 -0.259807 0.5708918 -0.8496937 -0.3071465 0.428581 -0.8326389 -0.3254937 0.4480695 -0.8104501 -0.4123411 0.4161074 -0.7858045 -0.3799268 0.4880235 -0.813467 -0.4166662 0.405784 -0.6543979 -0.7123926 0.253496 -0.609903 -0.5212317 0.5969388 -0.609903 -0.5212317 0.5969388 -0.5392642 -0.5535022 0.6346884 -0.6133727 -0.6578556 0.4370354 -0.4994521 -0.5331412 0.6828675 -0.4452197 -0.7838164 0.4329102 -0.4971269 -0.7837189 0.3723567 -0.4454545 -0.7742475 0.4495677 -0.4074866 -0.8614217 0.3031623 -0.184439 -0.6642719 0.7243791 -0.1198138 -0.6850159 0.7186083 -0.2396667 -0.6729924 0.6997436 -0.0265605 -0.687118 0.7260602 -0.3336541 -0.6471805 0.6854432 -0.3243564 -0.6462204 0.690791 -0.3633382 -0.6367705 0.6800799 -0.1809672 -0.6648011 0.7247692 0.01304916 -0.7569171 0.6533806 0.04995032 -0.7340418 0.6772648 -0.3818647 -0.5692553 0.7280987 -0.4288816 -0.5697719 0.701014 -0.2759659 -0.5393979 0.7955456 -0.4774748 -0.4975632 0.7241883 -0.4645809 -0.5364152 0.7045732 -0.5317711 -0.4830319 0.695629 -0.5405408 -0.4579081 0.7057874 -0.5334103 -0.4933537 0.6870776 -0.6128326 -0.2370455 0.7538207 -0.6209645 -0.395285 0.6768699 -0.6254632 -0.3926634 0.6742486 -0.6525253 -0.3763332 0.6577112 -0.6614768 -0.357754 0.6591362 -0.6719614 -0.3351481 0.6604117 -0.672862 -0.2666482 0.6900401 -0.6813678 -0.2273572 0.6957346 -0.6932092 -0.2235015 0.6852066 -0.7924708 -0.182071 0.5820998 -0.7210149 -0.1428934 0.6780258 -0.7144549 -0.1710127 0.6784607 -0.6856562 -0.03147979 0.7272445 -0.7282243 -0.07096598 0.6816548 -0.7229413 -0.1279758 0.6789536 -0.7262105 -0.1238574 0.6762231 -0.6588347 0.04680774 0.7508301 -0.7212068 -0.01892341 0.6924613 -0.7350611 -0.004378456 0.6779868 -0.8034701 0.04845933 0.5933696 -0.9324583 0.1022496 0.3465062 -0.9660859 0.1394093 0.2173548 -0.9666508 0.1371652 0.2162683 -0.9598692 0.1792056 0.2157233 -0.9329221 0.2924448 0.2100771 -0.9441773 0.2554556 0.2080185 -0.9433809 0.2599167 0.2060967 -0.8960764 0.3939702 0.2045351 -0.9452611 0.2677535 0.1865196 -0.9225809 0.3236452 0.2099959 -0.9024583 0.3892422 0.1845524 -0.8763643 0.4362432 0.2041509 -0.888814 0.4167471 0.1906082 -0.8932117 0.4157419 0.1712647 -0.883805 0.4353315 0.1713921 -0.8682157 0.4639817 0.1758478 -0.9041349 0.3910845 0.1720261 -0.9230918 0.3520614 0.1547719 -0.9189912 0.3634581 0.1528183 -0.9484834 0.2748049 0.1576751 -0.9465408 0.2724484 0.1727204 -0.9455543 0.2891706 0.1493567 -0.9532828 0.2594301 0.154751 -0.9663731 0.1959884 0.166468 -0.9577799 0.2388689 0.159998 -0.9749401 0.1300289 0.180511 -0.9681303 0.1630564 0.1900954 -0.983817 0.08218721 0.1592151 -0.9745068 0.1022669 0.1996949 -0.9868445 0.02733272 0.159345 -0.9867682 0.02588151 0.1600581 -0.9810193 0.03525996 0.1906774 -0.9819075 0.04817874 0.1831299 -0.979328 0.04055157 0.198172 -0.9772771 0.03502863 0.2090512 -0.9772735 0.03503351 0.2090676 -0.9771635 0.03543385 0.2095134 -0.9771222 0.0359632 0.2096159 -0.9757229 0.03066103 0.2168517 -0.976289 0.03326849 0.2138995 -0.9738793 0.02381627 0.2258139 -0.8269605 0.5332711 0.1782086 -0.8187044 0.5398754 0.1955955 -0.8332402 0.5130857 0.2060431 -0.8382309 0.5036941 0.2089526 -0.8146955 0.5460214 0.1952736 -0.7758935 0.6053378 0.1776383 -0.7841561 0.5840407 0.2097514 -0.7841561 0.5840407 0.2097514 -0.7528531 -0.4459588 0.4840795 -0.7528531 -0.4459588 0.4840795 -0.7641808 -0.5242225 0.3757904 -0.7647615 -0.5373072 0.3555851 -0.7647615 -0.5373072 0.3555851 0.9068988 -0.111649 0.4062869 0.9110604 -0.1173372 0.3952225 0.9110604 -0.1173372 0.3952225 0.8704304 -0.06808187 0.4875611 0.7547507 -0.03232743 0.6552147 0.7211947 -0.0600682 0.6901232 0.730833 -0.04055187 0.6813506 0.7179619 0.004110828 0.6960702 0.7114851 0.04855065 0.7010219 0.7208521 0.02997767 0.6924403 0.6815863 0.08762206 0.7264727 0.7130994 -0.005002693 0.7010451 0.7131098 -0.0001315629 0.7010524 0.6362026 0.04234535 0.7703591 0.7112403 -0.1683799 0.6824848 0.7264411 -0.1195056 0.6767582 0.7196195 -0.1273878 0.6825834 0.68653 -0.2337547 0.6885022 0.64393 -0.1645293 0.7471842 0.6722303 -0.2519913 0.6961371 0.6742073 -0.2512765 0.6944816 0.6696509 -0.2529185 0.6982835 0.7271289 0.1157547 0.6766716 0.6801552 0.1736384 0.7122069 0.5812154 0.2743115 0.7661213 0.6628155 0.3857946 0.6417461 0.6316025 0.4500601 0.6312878 0.632384 0.4307979 0.6438196 0.587179 0.4579255 0.6674766 0.3962977 0.09460493 0.913235 0.5991435 0.003250717 0.8006351 0.4527736 0.4187916 0.7871529 0.4862822 0.5029232 0.7145613 0.4952518 0.5093532 0.7037649 0.4568273 0.5629355 0.6887761 0.3104199 0.4103083 0.8574885 0.422129 0.6035715 0.6763938 0.3660819 0.6337379 0.6814399 0.3135007 0.5802359 0.7516938 0.2745488 0.6737269 0.6860867 0.25354 0.673797 0.6940569 0.2062957 0.6910043 0.6927879 0.1331536 0.7249411 0.6758184 0.1611616 0.6447481 0.7472127 0.1362303 0.390103 0.9106377 0.07736474 0.6130305 0.7862622 -0.05671372 0.6722537 0.7381453 -0.237224 0.6649011 0.7082593 -0.3180313 0.6209487 0.7164348 -0.3995897 0.64692 0.6494787 -0.2475176 0.5675452 0.7852563 -0.4598686 0.5248839 0.7162526 -0.4718924 0.6112521 0.6353648 -0.4124116 0.6137568 0.6732156 -0.5358792 0.5084786 0.6740052 -0.5320073 0.486949 0.6927113 -0.5619155 0.4247259 0.7098302 -0.4665555 0.450217 0.7613348 -0.5548726 0.2677195 0.7876818 -0.6394262 0.3343334 0.6923548 -0.6630697 0.2846713 0.6923155 -0.6411968 0.3388075 0.6885319 -0.6664655 0.2333771 0.708067 -0.6888217 0.2247622 0.6892072 -0.6761606 0.2340142 0.6986016 -0.5942546 0.1219999 0.7949701 -0.6135508 0.03737648 0.7887702 -0.514384 0.1107055 0.8503842 -0.5015394 -0.02219091 0.8648501 -0.478401 0.06101505 0.8760192 -0.478401 0.06101505 0.8760192 -0.4023555 -0.07087437 0.9127359 -0.3845878 0.1237655 0.9147537 -0.3046833 -0.1109324 0.9459715 -0.3587786 0.04047566 0.9325447 -0.2699992 0.164327 0.9487345 -0.3591067 0.008316879 0.9332595 -0.2862082 0.2748889 0.9178894 -0.4163959 0.401532 0.8157123 -0.04718899 0.00137766 0.998885 0.1621592 -0.09069916 0.9825874 0.0003746321 -0.363517 0.9315875 -0.319718 -0.29603 0.9000815 0.5279254 -0.2319638 0.8169991 0.5372136 -0.1076441 0.8365491 0.4134687 -0.3351795 0.8465804 0.1338085 -0.5452975 0.8274937 0.1608954 -0.7011902 0.6945826 0.1523782 -0.8797294 0.4503966 0.4609252 -0.3082661 0.8321779 0.6462963 -0.0989576 0.7566429 0.6499011 -0.1039839 0.7528718 0.6553162 -0.05702209 0.7531993 0.4800973 -0.4003048 0.7805528 0.3832971 -0.5106322 0.7696351 0.383358 -0.7868318 0.4836656 0.2143221 -0.6854913 0.6958216 0.4588499 -0.570879 0.680848 0.5377064 -0.497306 0.6808514 0.4928337 -0.5363632 0.6851492 0.6296881 -0.4548363 0.6297752 0.6028186 -0.4056945 0.6870384 0.6145172 -0.397409 0.6814944 0.6928931 -0.5686253 0.4433559 0.6870993 -0.5152751 0.5122363 0.6972372 -0.4709445 0.5404364 0.8526532 -0.4297361 0.2971689 0.6832398 -0.4495071 0.5754361 0.8207545 -0.3230989 0.471136 0.8446143 -0.3100862 0.4364324 0.846821 -0.3100711 0.4321459 0.606459 -0.6287229 0.4867391 0.5360119 -0.6366243 0.5544373 0.5067542 -0.6720233 0.539986 0.5029486 -0.8160353 0.2848315 0.3078145 -0.8716327 0.3814535 0.2844569 -0.8748044 0.3921754 0.2823439 -0.6692508 0.6873029 0.2449496 -0.7475663 0.6173689 0.3791556 -0.783756 0.4919019 0.3417404 -0.7908066 0.5077779 0.3715596 -0.7695777 0.5193203 0.4727299 -0.7215067 0.5059194 0.1705378 -0.7032621 0.6901734 0.05807686 -0.7747276 0.6296222 0.1716511 -0.7012231 0.6919697 0.03376035 -0.769827 0.6373591 0.1176271 -0.800721 0.5873753 0.01275608 -0.8168911 0.5766509 0.03027989 -0.8132171 0.5811721 0.01577637 -0.7304296 0.6828058 0.01253113 -0.7496844 0.6616768 0.0009572455 -0.7474558 0.6643108 -0.1148018 -0.6324085 0.766081 0.04663173 -0.6274522 0.7772575 0.2991555 -0.4419477 0.845688 0.1873507 -0.5043459 0.8429323 0.1984598 -0.4045025 0.8927438 0.1849385 -0.3362349 0.9234413 -0.9793449 -0.05408859 0.194828 0.1578067 -0.230125 0.960281 0.349301 -0.2937776 0.889766 0.1274201 -0.1670406 0.9776817 0.4722642 -0.5424977 0.6947394 0.3988293 -0.3378818 0.8525087 0.4868688 -0.3834028 0.7848318 0.09345233 -0.1583095 0.9829571 -0.001858403 -0.1956416 0.9806737 0.0761088 -0.1413635 0.9870278 0.0761088 -0.1413635 0.9870278 0.1973325 0.00950511 0.9802905 0.2283545 -0.06841444 0.9711713 0.2308584 -0.1244156 0.9650001 0.3304522 0.02332903 0.9435344 0.3073362 0.09023337 0.9473132 0.3016371 0.1060075 0.9475112 0.4201028 -0.1611214 0.8930585 0.6063138 -0.2287371 0.7616186 0.5328247 -0.1158029 0.8382646 0.5719066 -0.07084944 0.8172535 0.628208 -0.1090957 0.7703589 0.6496624 -0.1001788 0.7535934 0.69718 -0.03289853 0.7161408 0.6748011 -0.1272857 0.72694 0.7673754 -0.1144433 0.6309022 0.6964865 -0.1424377 0.7032909 0.8067623 -0.1312459 0.5761155 0.9022936 -0.1146855 0.4155883 0.8648569 -0.08163706 0.4953362 0.9237005 -0.1407699 0.3563161 0.951978 -0.04485268 0.3028631 0.907594 -0.02487071 0.4191116 0.9408411 -0.07031847 0.3314714 0.9689501 -0.03230936 0.2451364 0.9689501 -0.03230936 0.2451364 0.9672721 -0.05291164 0.2481632 0.9728129 -0.05613232 0.2246869 0.968798 -0.1020673 0.2258601 0.9842829 -0.07153703 0.161461 0.9778208 -0.1081475 0.1793614 0.9525071 -0.1257931 0.2773199 0.9530401 -0.1481051 0.2641581 0.966867 -0.1328778 0.2179719 0.9606504 -0.1522169 0.2323378 0.9223914 -0.1892646 0.3367092 0.8867517 -0.2144299 0.4095012 0.9335143 -0.1564859 0.3225883 0.9031232 -0.2038971 0.3778815 0.9419721 -0.1805593 0.2829961 0.9357758 -0.1823211 0.3017992 0.9344399 -0.1855303 0.3039748 0.9433377 -0.1914102 0.2710649 0.9433377 -0.1914102 0.2710649 0.9200531 -0.1867157 0.3444409 0.9093189 -0.1907419 0.3698063 0.900591 -0.2032231 0.3842345 0.9183511 -0.170769 0.3570284 0.9408124 -0.1359257 0.3104773 0.9410303 -0.1300404 0.3123324 0.9452851 -0.110766 0.3068663 0.9452851 -0.110766 0.3068663 0.8353626 -0.2464706 0.4913468 0.869993 -0.2174749 0.442512 0.7823121 -0.2240875 0.581182 0.719511 -0.3083094 0.6222935 0.6313383 -0.3773946 0.6774846 0.7674649 -0.3307385 0.5491901 0.8324825 -0.2685564 0.4846137 0.8662404 -0.2903593 0.4065943 0.9053753 -0.2191049 0.3637149 0.9253676 -0.2135122 0.3132208 0.9255776 -0.2043958 0.3186352 0.9557825 -0.1266703 0.2653948 0.9634167 -0.1122062 0.2433886 0.9736767 -0.07190451 0.2162949 0.9799295 -0.0580037 0.1907192 0.8381894 -0.3927142 0.3784364 0.97747 -0.07148014 0.1986024 0.9810501 -0.06092133 0.1839275 0.9796693 -0.09082955 0.17888 0.9636805 -0.1449161 0.2243193 0.9818555 -0.1074793 0.1562307 0.9699083 -0.1386091 0.2001633 0.9419586 -0.2338937 0.2408479 0.9750773 -0.09147236 0.2021312 0.9883738 -0.05973937 0.1398159 0.9859436 -0.04840551 0.1599128 0.9902747 -0.04942699 0.1300497 0.9852102 -0.05102226 0.1635778 0.9818936 -0.04553471 0.1838791 0.9068454 -0.3287878 0.2636853 0.9521786 -0.234823 0.1954841 0.9522798 -0.2356241 0.1940215 0.9352245 -0.2647321 0.2350999 0.7663037 -0.4779976 0.4292981 0.8473656 -0.4564621 0.271319 0.5933359 -0.4593287 0.6610368 0.8192391 -0.4871474 0.3025471 0.8457305 -0.457203 0.2751461 0.6315123 -0.6303767 0.4514615 0.5466482 -0.7616224 0.3480045 0.6475725 -0.6619038 0.3775357 0.6498386 -0.6504629 0.3932019 0.6374812 -0.6552951 0.4052235 0.6374812 -0.6552951 0.4052235 0.8649058 -0.4494461 0.2234638 0.8777084 -0.3821967 0.2890563 0.9639162 -0.1684382 0.2061411 0.9676434 -0.1528012 0.2007936 0.9839746 -0.08885103 0.1545944 0.9861216 -0.0753793 0.1479265 0.9846266 -0.05414294 0.1660693 0.9272611 -0.2707654 0.2585982 0.9398078 -0.2470378 0.2360797 0.9452115 -0.2330522 0.2286087 0.9136905 -0.3176297 0.2535371 0.9647315 -0.2061745 0.1636617 0.9630879 -0.1505858 0.2231271 0.9436902 -0.2580984 0.2069637 0.9678277 -0.1800542 0.1757557 0.9757251 -0.124954 0.1798529 0.9808132 -0.0821435 0.1767993 0.9793342 -0.06024375 0.1930681 0.9793342 -0.06024375 0.1930681 0.972892 -0.08361077 0.2156164 0.9798782 -0.07214382 0.186102 0.9798184 -0.06101873 0.1903487 0.9780038 -0.08329355 0.1912347 0.9632342 -0.1012716 0.2488453 0.9629929 -0.09342244 0.252818 0.9466516 -0.1265873 0.2963552 0.9808885 -0.03837922 0.1907478 0.9782286 -0.02968454 0.2053963 0.9782286 -0.02968454 0.2053963 0.9854943 -0.02670189 0.1675948 0.9862071 -0.03159884 0.162472 0.9925681 -0.01918186 0.1201687 0.9944029 -0.02300394 0.1031198 0.9977884 -0.01881215 0.06375332 0.9991157 -0.01282495 0.04004168 0.9997454 -0.01498429 0.01687115 0.9992979 -0.00581888 0.03701097 0.9992299 -0.01261887 0.03715414 0.9992299 -0.01261887 0.03715414 0.9981517 -0.01165191 0.05964484 0.9981151 -0.009292586 0.06066248 0.9971289 -0.01675512 0.0738456 0.9971439 -0.01025603 0.0748256 0.9922024 -0.003915084 0.1245756 0.994836 -0.00817978 0.1011653 0.9898413 -0.0006988955 0.1421749 0.9962805 -0.05884492 0.06294785 0.9962805 -0.05884492 0.06294785 0.9964585 -0.06092121 0.05795791 0.9965641 -0.06235068 0.05451901 0.9965641 -0.06235068 0.05451901 0.9863106 -0.04595371 0.1583654 0.9868937 -0.04210217 0.1557824 0.9863106 -0.04595371 0.1583654 0.9883467 -0.02971277 0.1492914 0.9883717 -0.02987228 0.1490941 0.9882049 -0.02881456 0.1504024 0.6283718 -0.1096708 -0.7701436 0.6283718 -0.1096708 -0.7701436 0.5263316 -0.01200189 -0.8501947 0.4651248 -6.025353e-05 -0.8852451 0.4785117 0.0007051172 -0.8780809 0.3643519 0.001650115 -0.9312599 0.4162916 -0.001418305 -0.90923 0.3549665 -0.001040364 -0.9348785 0.294703 0.00312264 -0.9555838 0.1830509 -0.001868707 -0.9831017 0.2382815 -0.003779582 -0.9711888 0.4747286 -0.006574805 -0.8801077 0.5621614 0.001365272 -0.8270264 0.6242321 -0.001195683 -0.781238 -0.043676 -0.00191275 -0.9990439 0.07108846 0.00223329 -0.9974675 0.02587536 0.00123294 -0.9996644 0.6407829 0.000769495 -0.7677218 0.7183339 0.0003146767 -0.6956985 0.7039291 0.01378032 -0.7101366 -0.08527699 -0.005991687 -0.9963393 0.001393404 0.00739478 -0.9999717 0.8228643 -0.0008492932 -0.5682373 0.7305411 0.02846752 -0.6822751 0.7874309 -0.005598112 -0.6163775 0.7205699 0.003481388 -0.6933735 0.5868667 0.01855499 -0.8094709 0.8455498 0.1054616 -0.5233768 0.500946 0.02371285 -0.8651536 0.665197 -0.018993 -0.7464263 0.2092541 0.02250298 -0.9776024 0.1277318 0.02285625 -0.9915453 0.07603971 0.001438293 -0.9971038 0.002475733 -0.01400456 -0.9998989 -0.1551641 0.0236771 -0.9876049 -0.2715332 0.03075629 -0.9619375 -0.297082 -0.004197133 -0.9548428 -0.3808885 0.0007224068 -0.9246207 -0.3520831 0.04531415 -0.9348712 -0.4610551 -0.001913111 -0.8873695 -0.5813826 0.0009077458 -0.8136298 0.8097133 -0.007971518 -0.5867715 0.8078744 -0.005658777 -0.5893276 0.8770595 -0.005911375 -0.4803454 0.9277796 -0.00566618 -0.3730856 0.8898627 0.006609495 -0.4561805 0.8932248 -0.006341631 -0.4495656 0.8853877 -0.03169468 -0.4637715 0.9184012 -0.000231672 -0.3956504 0.9538702 -0.002206237 -0.3002111 0.9140109 -0.02065116 -0.4051637 0.970398 -0.001477092 -0.241507 0.981137 -0.01608231 -0.1926438 0.9807287 -0.0181623 -0.1945286 0.9534785 0.005688783 -0.3014074 0.9312325 -0.003373666 -0.36441 0.9445388 -0.001947854 -0.328394 0.9338408 -0.003013123 -0.3576763 0.9340211 -0.003011693 -0.3572052 0.9661113 -0.004718282 -0.2580825 0.9689622 -0.0002172084 -0.2472088 0.9625263 0.01043822 -0.2709874 0.9859319 0.005699652 -0.16705 0.9767399 -0.004682615 -0.2143763 0.9884264 0.002617219 -0.1516783 0.9932423 0.00114841 -0.1160536 0.9965994 -0.003463833 -0.08232621 0.9957906 0.0006840213 -0.09165466 0.9974593 -0.00432389 -0.07110685 0.9974303 -0.004324389 -0.07151338 0.9975134 -0.004322953 -0.07034486 0.9990673 -0.001726373 -0.04314516 0.9992804 -0.0008683112 -0.03792058 0.9898256 -0.003425665 -0.1422448 0.9968977 -0.003074246 -0.07864871 0.9977194 -0.003011138 -0.06743028 0.9998934 0.0007184245 0.01457993 0.9982729 0.006034383 -0.05843705 0.9980212 0.00795976 -0.06237276 0.9978752 0.004959205 -0.06496513 0.997888 0.008865807 -0.0643507 0.9971699 0.001880417 0.07515793 0.9980173 0.002242011 0.06290076 0.9940077 0.005650033 0.109164 0.9891246 -0.001695761 0.14707 0.9802134 -0.005709013 0.1978611 0.979392 -0.006225742 0.2018727 0.9805119 -0.007027509 0.1963341 0.9676441 -0.003088191 0.2523002 0.9422025 -0.006119047 0.3349881 0.941619 0.002624792 0.3366702 0.9105772 -0.01320851 0.4131279 0.9419917 -0.01127571 0.3354466 0.9373291 -0.01123678 0.348264 0.8512755 -0.01453613 0.5245176 0.8859645 -0.01020932 0.4636407 0.8859645 -0.01020932 0.4636407 0.9513342 -0.01637164 0.307726 0.9908016 -0.002175924 0.1353052 0.9983341 0.005121898 0.05747026 0.9997963 -7.924953e-06 0.02018359 0.9999728 -5.994332e-06 0.007378925 0.8641951 -0.01354349 0.5029745 0.9217584 -0.01955294 0.3872715 0.9257481 -0.01266243 0.3779287 0.754296 -0.01838013 0.6562771 0.9591961 -0.003471536 0.2827203 0.9689803 0.009103164 0.2469703 0.9743256 0.007446363 0.2250202 0.9776661 -0.002091065 0.2101537 0.7719973 -0.02639119 0.6350777 0.8236144 -0.01199023 0.5670235 0.6336582 -0.01996531 0.7733555 0.5581219 -0.02461449 0.8293938 -0.08902042 0.2430779 0.9659133 0.5904268 -0.007809378 0.8070534 0.6044457 -0.0022218 0.7966432 0.6042746 -0.02342019 0.7964318 0.6466531 -0.02966789 0.762207 0.3798815 0.002396932 0.925032 0.6709389 -0.04183758 0.7403314 0.7276989 -0.04317858 0.6845362 0.5773997 -0.03490639 0.8157151 0.6195111 -0.05317779 0.7831846 0.6176168 -0.05232959 0.7847363 0.6324074 -0.05572648 0.772629 0.4492799 -0.06381518 0.891109 0.5850187 -0.06147058 0.8086869 0.5405382 -0.06528275 0.8387828 0.4012986 -0.1057484 0.9098223 0.2390824 -0.0945276 0.9663872 0.2489547 -0.02827862 0.9681022 0.3168096 0.03933844 0.947673 0.1575995 -0.004479013 0.9874929 0.08826883 -0.02309862 0.9958288 0.1464826 -0.02682679 0.9888494 0.0431721 -0.03121433 0.9985799 -0.004043453 5.280063e-05 0.9999918 0.06683251 0.0224075 0.9975126 0.0130851 0.008052349 0.999882 -0.2241721 -0.009861228 0.9744997 0.153537 -0.005677622 0.9881266 0.09131556 0.01143963 0.9957563 0.1686288 -0.01093376 0.985619 0.2875751 0.01579769 0.9576278 -0.09331145 0.04367463 0.9946786 -0.1686569 0.03398912 0.9850886 -0.2335021 0.02997256 0.9718942 -0.3055586 0.02220976 0.9519142 -0.4133285 0.02315468 0.9102876 0.286059 -0.01589208 0.9580802 0.3796155 0.01094118 0.9250797 0.4735451 0.01505116 0.880641 0.5364458 0.001208478 0.8439339 0.640159 0.001596003 0.7682408 0.6412798 -0.00543679 0.7672879 0.7370309 0.01556358 0.6756798 0.7852721 0.01691773 0.6189196 0.8639215 0.01602935 0.5033714 0.9106841 0.01278903 0.4129055 0.9280674 0.04141018 0.3701028 0.9414426 0.00528055 0.3371319 0.9647461 -0.002044112 0.2631745 0.9932015 0.01775695 0.1150459 0.9768104 0.01122592 0.2138117 0.9883274 0.02557092 0.1501834 0.9997785 -0.000208412 -0.02104603 0.9972107 -0.01144256 -0.07375502 0.997848 0.01568805 -0.0636658 0.9975004 0.007399116 -0.0702723 0.9637293 -0.001090303 -0.2668795 0.9846582 0.001572159 -0.1744869 0.930125 -0.001945036 -0.3672379 0.8900392 0.008877345 -0.4557976 0.8466889 0.01165679 -0.5319605 0.7849234 -0.009520651 -0.6195196 -0.6054524 0.02903813 0.7953516 -0.4947923 0.01422881 0.8688948 -0.5591217 0.02706914 0.8286436 -0.7334092 0.02329189 0.6793883 -0.779352 0.05091531 0.6245143 -0.8752798 0.0202172 0.4831941 -0.8196344 -0.01125003 0.5727764 -0.9304049 0.01465965 0.36624 -0.9677648 0.008701881 0.2517055 -0.9698465 0.0453855 0.2394535 -0.9848936 0.004087903 0.1731123 -0.9891537 -0.02054838 0.14544 -0.9392111 -0.01279339 0.3431019 -0.9392634 -0.01280206 0.3429583 -0.9392111 -0.01279339 0.3431019 -0.9381136 -0.01214655 0.3461146 -0.9089598 -0.01004766 0.4167626 -0.9477599 -0.005499771 0.3189373 -0.9635109 -0.006083962 0.2675999 -0.9635109 -0.006083962 0.2675999 -0.8753655 -0.01575017 0.4832052 -0.9026011 -0.0102789 0.4303552 -0.9632233 -0.005980445 0.2686357 -0.9725797 -0.003823479 0.2325382 -0.9811368 -0.001485258 0.1933091 -0.981136 -0.001485279 0.193313 -0.9759982 -0.003083412 0.2177567 -0.9817924 -0.001835993 0.189948 -0.9881017 -0.00200241 0.153789 -0.9809685 -0.002372413 0.1941524 -0.9955533 -0.0007048435 0.09419703 -0.9974303 -0.002787276 0.07158962 -0.9969711 0.0002849537 0.07777191 -0.9510027 -0.004520537 0.3091494 -0.9635357 -0.009148032 0.2674233 -0.9770427 -0.0118125 0.212716 -0.9743347 -0.01182618 0.2247934 -0.9614867 -0.01230641 0.2745757 -0.9294884 -0.01250197 0.3686394 -0.9044591 -0.007741293 0.4264901 -0.9270888 -0.007996668 0.3747564 -0.8849927 -0.008413706 0.4655288 -0.8361065 -0.01084272 0.5484601 -0.8504255 -0.02382535 0.5255557 -0.8321951 -0.0221611 0.5540398 -0.728894 -0.01996162 0.6843355 -0.822067 -0.0241009 0.5688804 -0.8137585 -0.02406583 0.5807046 -0.8149065 -0.02978509 0.5788266 -0.8062816 -0.02474302 0.5910142 -0.7498897 -0.03720817 0.6605157 -0.5788444 -0.03165017 0.8148236 -0.5672298 -0.04292366 0.8224402 -0.6874648 -0.03443091 0.725401 -0.6903189 -0.04354803 0.7221934 -0.3864447 0.001551008 0.9223113 -0.5618751 -0.04022239 0.8262436 -0.4089113 -0.0833473 0.90876 -0.2892582 -0.1021848 0.9517815 -0.1142108 -0.119008 0.9863027 -0.001238913 -0.9999991 -0.0005201386 0.2053914 -0.03289552 0.9781269 0.02554985 -0.09864088 0.994795 0.06604628 -0.06917552 0.9954158 0.119775 -0.08223192 0.9893896 0.03226629 -0.09210056 0.9952268 0.06945988 -0.09737497 0.992821 -0.9741415 -0.005436895 0.2258735 -0.9741415 -0.005436895 0.2258735 -0.9756151 -0.01435426 0.2190188 -0.9751025 -0.04267325 0.21761 -0.9739672 -0.05881007 0.2189274 -0.9727981 -0.08804224 0.2142719 -0.9792967 -0.06464097 0.1918319 -0.9704162 -0.1328405 0.2016081 -0.9777549 -0.0158998 0.2091474 -0.9815768 -0.04857137 0.1847912 -0.9527374 -0.2631902 0.1517311 -0.9519044 -0.2286846 0.2039151 -0.9649731 -0.1420525 0.2205631 -0.9316891 -0.285693 0.2243545 -0.9655745 -0.2095665 0.1541033 -0.9109515 -0.3250736 0.2539578 -0.9571472 -0.2265913 0.1803484 -0.9571472 -0.2265913 0.1803484 -0.9170664 -0.3145508 0.2450449 -0.9532509 -0.2088755 0.218366 -0.9743397 -0.08317306 0.2091517 -0.9735032 -0.05568094 0.2217909 -0.9771694 -0.03821979 0.2089956 -0.9471022 -0.1898167 0.2587797 -0.9466705 -0.2124568 0.2422334 -0.9809431 -0.1146452 0.1568667 -0.9830834 -0.09003869 0.1594996 -0.9817287 -0.05754243 0.1813768 -0.8009405 -0.4615805 0.3813631 -0.8886732 -0.2985036 0.3480741 -0.8813132 -0.4054204 0.2427372 -0.8715432 -0.4188025 0.2549842 -0.8836084 -0.3951306 0.2512131 -0.8335389 -0.4358482 0.3394837 -0.8551262 -0.4272853 0.2935752 -0.8551262 -0.4272853 0.2935752 -0.6848864 -0.5825541 0.4376772 -0.6518522 -0.6356528 0.4135629 -0.5973709 -0.6377468 0.4862376 -0.4803352 -0.7547298 0.4468344 -0.4536728 -0.722311 0.5219654 -0.3726509 -0.7464417 0.5513222 -0.3839539 -0.7533024 0.5339615 -0.1945409 -0.7405294 0.6432495 -0.3749342 -0.6055163 0.7019789 -0.2564981 -0.7835551 0.5659064 -0.3584361 -0.7630655 0.5378239 -0.1054815 -0.8092444 0.5779249 -0.01865763 -0.8095726 0.5867231 -0.02413222 -0.8115421 0.5837954 -0.03626438 -0.8157851 0.5772171 -0.09237338 -0.7855058 0.6119214 -0.1343747 -0.7286042 0.6716244 -0.0009467767 -0.7474486 0.664319 -0.04337047 -0.6401242 0.7670463 -0.03453025 -0.6272262 0.7780713 -0.1359236 -0.6018433 0.7869621 -0.05570917 -0.5655364 0.8228396 -0.1249239 -0.5381644 0.8335305 -0.2067579 -0.5515803 0.8080905 -0.1291697 -0.4937752 0.8599426 -0.1387377 -0.532301 0.8351092 -0.1368406 -0.4718054 0.8710191 -0.1262343 -0.4763707 0.8701356 -0.1523473 -0.4844989 0.8614239 -0.06935238 -0.4049201 0.9117181 -0.2032302 -0.4954493 0.844528 -0.05538419 -0.4283685 0.9019052 -0.02438009 -0.4312974 0.9018803 -0.2405647 -0.4919613 0.8367214 -0.1897595 -0.3954154 0.8986868 -0.05835897 -0.3810218 0.9227224 -0.1435646 -0.3621925 0.9209809 -0.1440426 -0.3672435 0.9189037 -0.07851559 -0.2868903 0.9547404 -0.4137017 -0.4235235 0.8059025 0.02668993 -0.2009715 0.9792334 -0.09165614 -0.1946459 0.9765819 -0.5326871 -0.4777941 0.6985394 -0.5860719 -0.5071866 0.6318872 -0.6481625 -0.3988944 0.6486668 -0.5561242 -0.5016892 0.6625963 -0.724862 -0.3163968 0.6119381 -0.8105298 -0.3036709 0.5008248 -0.8799874 -0.3433122 0.3282665 -0.4998739 -0.3001617 0.8124217 -0.09552425 -0.1337069 0.9864064 -0.9256943 -0.2420071 0.2907278 -0.9533437 -0.2133152 0.2136173 -0.8812805 -0.2186524 0.4189699 -0.9384756 -0.2560538 0.2317326 -0.9629961 -0.1726176 0.2069824 -0.9637999 -0.1840136 0.1929476 -0.9564431 -0.1545102 0.2476757 -0.9570246 -0.1500934 0.2481448 -0.9247505 -0.1732436 0.3388557 -0.9155878 -0.1959553 0.3511418 -0.9647484 -0.1647948 0.2051908 -0.9733543 -0.1352794 0.1851511 -0.9800451 -0.1054537 0.1684965 -0.975448 -0.1174798 0.1862786 -0.9793616 -0.06398913 0.191719 -0.9778051 -0.06768736 0.1982818 -0.9815808 -0.05845298 0.1818859 -0.9757664 -0.1119136 0.1880299 -0.9746369 -0.1015059 0.199448 -0.9720548 -0.103262 0.210823 -0.9321809 -0.1297495 0.3379405 -0.9292024 -0.138701 0.3425565 -0.9789186 -0.05978219 0.195306 -0.9789186 -0.05978219 0.195306 -0.9063379 -0.1896462 0.3776056 -0.929111 -0.1613054 0.3327662 -0.9147098 -0.1899633 0.3566791 -0.9295846 -0.180954 0.3211357 -0.931606 -0.1807594 0.3153352 -0.8734542 -0.2198442 0.4344494 -0.924468 -0.1609225 0.345634 -0.918974 -0.182457 0.3495659 -0.9244565 -0.1572305 0.3473596 -0.9244565 -0.1572305 0.3473596 -0.9274787 -0.1809375 0.3271771 -0.9200362 -0.1925456 0.3412617 -0.91611 -0.1881669 0.3540278 -0.9346453 -0.1770898 0.3083461 -0.944511 -0.1758435 0.2774491 -0.9600264 -0.1554642 0.2327663 -0.94361 -0.193591 0.2685569 -0.950814 -0.1567201 0.267192 -0.962375 -0.1607451 0.2190786 -0.9345138 -0.173964 0.3105165 -0.9136765 -0.1867698 0.360988 -0.9300861 -0.1668187 0.3272788 -0.8925194 -0.1557375 0.4232671 -0.9272043 -0.1406896 0.3471291 -0.9137459 -0.132888 0.3839391 -0.9557498 -0.1166733 0.2700547 -0.9712581 -0.1276749 0.2008899 -0.9731369 -0.1370985 0.1849556 -0.8561424 -0.1286465 0.50047 -0.8645008 -0.09333668 0.4938892 -0.87777 -0.09315202 0.4699389 -0.9466002 -0.08434886 0.3111807 -0.9207811 -0.07777641 0.3822473 -0.7976515 -0.1326801 0.5883435 -0.8288641 -0.08357193 0.5531727 -0.8288641 -0.08357193 0.5531727 -0.8270358 -0.07451203 0.5571892 -0.8194354 -0.08774704 0.5664151 -0.8484706 -0.03493806 0.528088 -0.873442 -0.04409142 0.4849279 -0.8959122 -0.04773893 0.4416587 -0.9010712 -0.0586598 0.4296856 -0.9388571 -0.03362163 0.3426614 -0.9387518 -0.03374109 0.3429382 -0.951706 -0.03705511 0.3047665 -0.9336169 -0.04730384 0.3551362 -0.9553901 -0.09711602 0.2789235 -0.9756984 -0.07717154 0.2050786 -0.9842161 -0.07108545 0.1620667 -0.9897512 -0.08033581 0.1180623 -0.9972749 -0.05107685 0.05323531 -0.9629909 -0.03451035 0.2673155 -0.9632139 -0.03414502 0.266558 -0.9632717 -0.03405011 0.2663612 -0.7738624 -0.08915167 0.6270478 -0.7666577 -0.1146663 0.6317338 -0.7516131 -0.08984207 0.653457 -0.6743554 -0.06779056 0.7352886 -0.7217133 -0.2076921 0.6602984 -0.5806572 -0.1466104 0.8008387 -0.6789348 -0.1293119 0.7227213 0.09839613 -0.3629156 0.9266124 -0.4157729 -0.1360412 0.8992361 -0.391413 -0.1528476 0.9074323 -0.3551236 -0.2423621 0.9028554 -0.4489099 -0.1695763 0.877339 -0.3036126 -0.1434795 0.9419305 -0.3598414 -0.139247 0.9225641 -0.1745277 -0.1594723 0.9716525 -0.1937883 -0.1247816 0.9730754 -0.2219823 -0.04107602 0.9741851 -0.08469794 -0.1642611 0.9827739 -0.07784295 -0.1797518 0.9806272 -0.1008442 -0.06253198 0.9929351 -0.02505815 -0.146691 0.9888649 -0.02505815 -0.146691 0.9888649 -0.9854861 -0.06123254 0.1583278 -0.9854861 -0.06123254 0.1583278 -0.9857031 -0.06457189 0.1556273 -0.984237 -0.06457811 0.1646428 -0.9876585 -0.06166294 0.1439734 -0.9865506 -0.06306068 0.150802 -0.9838354 -0.06260412 0.1677755 -0.9820693 -0.05410389 0.1805897 -0.9846774 -0.05505655 0.1654668 -0.9804038 -0.05089338 0.1903109 -0.9877195 0.06678635 0.1412436 -0.9883996 0.05591143 0.1412097 -0.9877195 0.06678635 0.1412436 -0.9897713 0.02165975 0.1410092 -0.9897725 0.02166093 0.1410007 -0.9897694 0.02165782 0.1410232 0.8466408 0.2687389 -0.4593242 0.8372642 0.2883798 -0.4645705 0.8372642 0.2883798 -0.4645705 0.950621 -0.2377272 -0.1995132 0.9350955 -0.2371522 -0.263354 0.951367 0.2079925 -0.2272442 0.9696516 -0.2229272 -0.1003954 0.9460718 0.2262681 -0.2318425 0.9881414 0.13112 -0.0799011 0.9886162 0.1283234 -0.07855588 0.9881414 0.13112 -0.0799011 0.994262 0.08886016 -0.05955606 0.994262 0.08886016 -0.05955606 0.9888862 -0.0684131 0.1319989 0.9898309 -0.06577311 0.1261296 0.9888862 -0.0684131 0.1319989 0.9994472 -0.02068745 0.0260239 0.9994472 -0.02068745 0.0260239 0.09772989 0.907338 -0.4088846 0.09346649 0.8953064 -0.4355346 0.09346649 0.8953064 -0.4355346 0.1711441 0.9065612 0.3858191 0.1926043 0.9223127 0.3350267 0.3529382 0.9260913 -0.1333772 0.3868375 0.8336206 0.3942506 0.3858729 0.8248644 0.4131595 -0.8576653 -0.07057001 -0.5093428 -0.8576653 -0.07057001 -0.5093428 -0.8627217 -0.02880025 -0.5048581 -0.8586569 0.2344713 -0.4557758 -0.908277 0.166466 -0.3838254 -0.9377017 0.115079 -0.3278298 -0.9377017 0.115079 -0.3278298 -0.9785255 0.1501634 -0.1412049 -0.9785255 0.1501634 -0.1412049 -0.9766309 0.08786626 -0.1961416 -0.9792112 -0.05112203 -0.1962955 -0.9735294 0.04249965 -0.2245758 -0.9792495 -0.05595165 -0.1947813 -0.998601 0.03225736 -0.04189953 -0.9988166 0.03737182 -0.03112385 -0.9988166 0.03737182 -0.03112385 -0.9984303 0.02956258 -0.04757089 -0.9984303 0.02956258 -0.04757089 -0.9977391 -0.01747529 0.06489444 -0.999769 -0.007992958 0.01995227 -0.999769 -0.007992958 0.01995227 -0.999416 -0.00857052 0.03307784 -0.9958105 -0.02248093 0.08863434 -0.9995291 -0.007502191 0.02975437 -0.998971 -0.0133085 0.04335654 -0.9935783 -0.03551687 0.1074277 -0.9923754 -0.03815893 0.1171967 -0.9923596 -0.03841065 0.1172474 -0.9923267 -0.0389349 0.1173532 -0.9907358 0.04655552 -0.127574 -0.9906628 0.04675814 -0.1280657 -0.997327 0.02262611 -0.06947644 -0.6840772 0.651127 -0.3287432 -0.6757466 0.6396337 -0.3663812 -0.6757466 0.6396337 -0.3663812 -0.516768 0.8324054 -0.2001304 -0.4930618 0.5620856 0.6640405 -0.4615945 0.8806139 0.1070027 -0.350513 0.9294392 0.1152541 -0.2214856 0.9742713 0.04170711 -0.2579787 0.9625032 0.08387244 -0.10473 0.9926746 0.06023931 -0.05851571 0.9953328 0.07673698 -0.05851571 0.9953328 0.07673698 0.9566985 0.2547169 -0.1408806 0.9490275 0.2350715 -0.2099719 0.9566985 0.2547169 -0.1408806 0.8396944 0.3633798 -0.4035697 0.9009065 0.2271789 -0.369807 0.9365127 0.2388494 -0.2567001 0.8635395 0.2242807 -0.4516611 0.8153963 0.2510638 -0.5216281 0.9542815 0.2353842 -0.1842311 0.9735499 0.1851183 -0.1339101 0.9571256 0.2482132 -0.1493345 0.9743285 0.1889319 -0.1224281 0.8867139 0.3769776 -0.267631 0.9742197 0.1899367 -0.1217377 0.9742197 0.1899367 -0.1217377 0.9440292 0.2859215 -0.1644925 0.9543247 0.2671246 -0.1338237 0.8518829 0.423598 -0.3079939 0.9024431 0.3754595 -0.2112501 0.6861063 0.5974821 -0.4150581 0.8164536 0.4619483 -0.3464208 0.6450131 0.6188578 -0.4483002 0.7625218 0.387044 -0.5184182 0.7552036 0.3930428 -0.5245807 0.6016576 0.5698809 -0.559682 0.7378748 0.4930712 -0.4608921 0.679783 0.4843298 -0.5507447 0.4380414 0.7627031 -0.475819 0.4590549 0.703171 -0.5429725 0.2909871 0.7540695 -0.5888172 0.4323004 0.7498544 -0.500834 0.1499853 0.8487203 -0.5071274 0.2144869 0.7839151 -0.5826427 0.1084081 0.8383076 -0.5343108 0.05405763 0.8452748 -0.5315903 0.07112096 0.8767581 -0.4756439 0.06860236 0.855881 -0.5126026 0.1028589 0.8972925 -0.4292858 0.2786441 0.8576948 -0.4321078 0.07762803 0.8882181 -0.4528162 0.1932781 0.8535744 -0.4837917 0.06529655 0.8453902 -0.5301432 0.04567828 0.763826 -0.6438038 0.1809326 0.7728614 -0.608234 0.04716216 0.7015903 -0.7110182 0.04502483 0.6764059 -0.7351516 0.05482642 0.5379972 -0.8411618 0.02481972 0.6160473 -0.787318 0.06291554 0.4697886 -0.8805341 0.1249986 0.5325471 -0.8371194 0.09320935 0.6154826 -0.7826194 0.4308398 0.6328587 -0.6433249 0.2610643 0.5494015 -0.7937276 0.07978063 0.4403719 -0.8942637 0.07279509 0.3600494 -0.9300889 0.09654506 0.2986468 -0.9494678 0.2149462 0.2694728 -0.9387132 0.1741868 0.2748923 -0.945565 0.3675475 0.2944496 -0.8821612 0.2274138 0.3811633 -0.8961013 0.5414402 0.2467456 -0.8037158 0.4634398 0.38741 -0.7969548 0.4773251 0.2750586 -0.8345678 0.537654 -0.1631292 -0.8272346 0.5022356 0.4455558 -0.7411069 0.3736015 0.5321781 -0.7597424 0.6444142 0.2320433 -0.7286194 0.6347474 0.1644047 -0.7550277 0.6993731 0.1221651 -0.7042392 0.6538088 0.2868301 -0.7001875 0.7276549 0.2126803 -0.6521391 0.6627206 0.4253603 -0.616336 0.6785033 0.2541545 -0.6892305 0.7636286 0.2053932 -0.6121152 0.8043851 0.1846722 -0.5646776 0.8416624 0.1798497 -0.5091744 0.8048266 0.2674487 -0.5298352 -0.3241739 0.002138978 -0.9459951 -0.2443472 0.001415826 -0.9696868 -0.2443472 0.001415826 -0.9696868 -0.4551541 0.004125724 -0.8904031 -0.3335259 -0.001999807 -0.9427388 -0.290294 -0.00167983 -0.956936 -0.2690982 -0.006460765 -0.9630911 -0.3524515 -0.004269853 -0.9358203 -0.2303093 0.001406731 -0.9731165 -0.1763122 -8.30003e-05 -0.9843343 -0.2206091 -0.0006921983 -0.9753621 -0.1750503 -0.001978477 -0.9845575 -0.220609 -0.001172951 -0.9753616 -0.1041593 0.003799963 -0.9945534 0.02676983 0.006495455 -0.9996205 0.08899861 -0.005282121 -0.9960177 0.131824 0.008137533 -0.9912397 -0.3952084 0.003926436 -0.9185831 -0.562256 -0.0001533169 -0.8269632 -0.656446 0.01716981 -0.7541776 -0.6057056 0.03832465 -0.7947654 -0.6723956 -0.0003577232 -0.7401919 -0.7283516 -0.189806 -0.6583902 -0.6969309 -0.05648225 -0.7149105 -0.7745626 -0.02263098 -0.6320922 -0.8314955 -0.01785286 -0.5552446 -0.6489098 0.006162878 -0.7608404 -0.9020037 -0.02759191 -0.4308457 -0.8557894 -0.03224036 -0.5163187 -0.8982154 -0.01176554 -0.4393981 -0.8014755 0.005104952 -0.5980059 -0.9404044 -0.01433474 -0.3397558 -0.8034992 0.001267537 -0.5953044 -0.8821686 -0.0004336208 -0.4709336 -0.8530274 0.0003985664 -0.521866 -0.912256 0.001159006 -0.409619 -0.9321204 0.004380353 -0.3621221 -0.8784684 0.005353654 -0.4777705 -0.9318781 -0.0256329 -0.3618649 -0.9372053 -0.01902029 -0.3482592 -0.966418 -0.001262311 -0.2569721 -0.9087078 -0.003224071 -0.4174203 -0.9115773 -8.281261e-05 -0.4111286 -0.9330824 -0.00104897 -0.3596611 -0.958862 -0.003501965 -0.2838511 -0.9819905 0.0008971155 -0.188928 -0.9661199 0.002136751 -0.2580848 -0.9784644 -0.003876746 -0.206379 -0.9933604 0.0003372259 -0.1150431 -0.9974621 0.0009380244 -0.07119279 -0.9981592 0.001214177 -0.06063582 -0.9985767 0.001223108 -0.05332017 -0.9986684 -0.001135577 -0.05157632 -0.9990456 -0.000692255 -0.04367419 -0.9500388 0.001075548 -0.3121301 -0.9322419 0.004204559 -0.3618111 -0.9596912 0.00505779 -0.2810112 -0.9690805 -0.0005875424 -0.246744 -0.9805137 0.006983876 -0.1963267 -0.7563792 0.01779334 -0.6538913 -0.7993882 -0.009351204 -0.6007421 -0.6516931 0.122457 -0.7485321 -0.839416 -0.03931048 -0.542066 -0.8766201 -0.003064406 -0.4811734 -0.9067502 0.01046225 -0.4215384 -0.9089828 0.02278396 -0.4162105 -0.9397799 0.008638465 -0.3416712 -0.9628057 -0.0009135086 -0.2701932 -0.9837873 0.003439354 -0.1793061 -0.9779464 -0.005623168 -0.2087803 -0.9912946 0.003611243 -0.1316133 -0.9968002 0.04116552 -0.06851861 -0.9998702 0.01121081 0.01156951 -0.9996189 0.00864604 -0.02621508 -0.9992559 -0.001809449 0.03852756 -0.9968265 0.01698524 0.07777137 -0.9977409 -0.002325465 -0.06713868 -0.9989705 -0.004246128 -0.04516529 -0.9989192 -0.003673279 -0.0463359 -0.9978699 0.0002010714 -0.06523468 -0.8737283 -7.763677e-05 0.4864143 -0.9931332 0.0006922764 0.1169871 -0.9931332 0.0006922764 0.1169871 -0.9978698 -0.001324345 0.06522387 -0.9981207 -0.001166228 0.06126736 -0.9980688 -1.424208e-05 0.06211861 -0.9989026 -0.0003190169 0.04683436 -0.9990036 4.31653e-06 0.04463028 -0.9997488 -0.01491012 0.01673659 -0.9997488 -0.01491012 0.01673659 -0.9991818 -0.003250735 0.04031339 -0.9989605 0.004086504 0.04540033 -0.9989599 -0.001595041 0.04556835 -0.9995143 0.001355098 0.03113337 -0.9999437 -0.005684824 0.00896292 0.5363725 -0.05135894 -0.8424172 0.616583 0.03126579 -0.7866688 0.616583 0.03126579 -0.7866688 0.4368275 0.2169604 -0.8729891 0.5119411 -0.1028468 -0.8528416 0.4272469 -0.01847896 -0.9039461 0.3848858 -0.1451543 -0.9114786 0.1357773 -0.1357371 -0.981397 0.1652209 -0.5257427 -0.834444 0.1341569 0.8330513 -0.5366819 0.13026 -0.172564 -0.9763473 0.9970677 0.05066454 -0.05735137 0.9973805 0.04815356 -0.05397652 0.9970677 0.05066454 -0.05735137 0.9972668 0.04922078 -0.05510247 0.9972668 0.04922078 -0.05510247 0.9993013 -0.02410463 0.0285621 0.9852245 0.1292072 -0.1124194 0.9766542 0.1612559 -0.1419266 0.9810635 0.08384088 -0.1746001 0.9793456 0.08792595 -0.1820746 0.9793456 0.08792595 -0.1820746 0.9954331 0.03286129 -0.08962706 0.9987922 -0.02043374 0.04468315 0.9986246 -0.02368771 0.04677459 0.9972387 -0.02314511 0.07056368 0.9985824 -0.01461735 0.05118073 0.998653 -0.01406847 0.04994213 0.99851 -0.01589708 0.05220228 0.9988695 -0.01420825 0.04536435 0.9968312 -0.02078753 0.07678197 0.9990264 -0.0143633 0.04171379 0.8753318 0.4822326 -0.0352975 0.9180562 0.3771391 -0.1222249 0.9180562 0.3771391 -0.1222249 0.9244662 0.3410032 0.170526 0.9244662 0.3410032 0.170526 0.8569781 0.5153527 -0.0002476937 0.7722539 0.6072221 -0.1868297 0.7681476 0.3831102 0.5130067 0.7620963 0.5966632 -0.2514008 0.7088934 0.6922654 0.1350508 0.7088934 0.6922654 0.1350508 -0.7859213 -0.2124581 -0.58068 -0.7879274 -0.2429745 -0.5658037 -0.7879274 -0.2429745 -0.5658037 -0.7193321 -0.03261351 -0.6939003 -0.6074935 0.3781282 -0.698549 -0.7291861 -0.05889629 -0.6817762 -0.5803967 -0.06427852 -0.811793 -0.5448723 -0.03939902 -0.8375929 -0.6125113 -0.1398367 -0.7779946 -0.6125113 -0.1398367 -0.7779946 -0.505139 -0.1171297 -0.8550527 -0.379818 -0.4183704 -0.8250482 -0.247728 0.1879918 -0.9504157 -0.2446509 0.1854735 -0.9517066 -0.1624304 -0.004041778 -0.9867117 -0.1828246 -0.8202101 -0.5420614 -0.105851 -0.1827051 -0.977453 -0.1047864 -0.1649459 -0.9807205 -0.08038232 0.1557294 -0.9845238 -0.9998957 -0.00107311 0.01440478 -0.9997999 0.001573697 0.01994177 -0.9997999 0.001573697 0.01994177 -0.9998699 0.004166042 -0.01558428 -0.9999691 -0.006650018 0.004197793 -0.9998596 0.004473529 -0.0161466 -0.9360052 0.3486652 0.04823658 -0.9186375 0.3919423 0.04986314 -0.9186375 0.3919423 0.04986314 -0.9577384 0.2874464 -0.01056836 -0.9814878 0.1910647 0.01326494 -0.9111643 0.4037182 0.08240891 -0.9106032 0.4039641 0.08726322 -0.8416666 0.5034873 -0.1951868 -0.8818305 0.4709887 -0.02333633 -0.7812074 0.6188966 0.08174347 -0.7812074 0.6188966 0.08174347 -0.8710905 0.4898569 -0.03523568 -0.8486214 0.4793026 -0.2238543 -0.9936703 0.08775538 0.07013035 -0.9943803 0.09807738 0.03985808 -0.9903059 0.07064047 0.1195995 -0.9996047 -0.02801588 0.002350678 -0.9994035 -0.03431142 0.003913771 -0.9988742 -0.0469128 0.007043096 -0.9987414 -0.04956147 0.007700944 0.9999707 -0.006706371 0.003693679 0.9998368 -0.01732318 -0.005117576 0.9996718 -0.02348682 -0.0102338 0.9991056 -0.03662238 -0.02113916 0.01063405 0.2574642 -0.9662293 -0.0100368 0.2709419 -0.9625434 0.01227473 0.2563874 -0.9664962 0.02433418 0.2484408 -0.9683414 -0.7189954 0.1320439 0.6823562 -0.7271434 0.1246668 0.6750709 -0.7278155 0.1240521 0.6744595 -0.7341806 0.1181833 0.6685892 0.9972257 -0.01352966 0.07319669 0.997761 -0.01034526 0.06607617 0.9985338 -0.004906925 0.05390964 0.998963 -0.001156571 0.04551497 -0.997598 -0.01241625 0.06814782 -0.998582 0.004762763 0.05302198 -0.99804 -0.005783532 0.06231138 -0.9989045 0.01439776 0.04452538 -0.9884385 -0.03073045 0.1484757 -0.9891207 -0.03545125 0.1427706 -0.9891905 -0.03595676 0.1421591 -0.9898482 -0.04096196 0.1360979 -0.9844865 0.0979204 0.145595 -0.9799469 0.1224287 0.1572109 -0.9830168 0.1063159 0.1495826 -0.9787225 0.1284152 0.1600368 -0.9830705 0.00695029 0.1830959 -0.9833663 0.007416201 0.1814818 -0.9827972 0.006523829 0.1845728 -0.9837634 0.008048633 0.1792898 0.9946345 -0.06840204 0.07761038 0.9951769 -0.06475399 0.07368717 0.9989666 0.0328919 -0.03136712 0.9931951 0.08125637 -0.08343183 0.9987062 0.02409899 -0.04478011 0.998489 0.02685955 -0.04794122 0.9872802 0.09585319 -0.1268463 0.9852212 0.1039735 -0.1361204 -0.9996648 0.02041374 -0.01592327 -0.9846972 -0.1103852 0.1348572 -0.9983673 -0.03350118 0.04626513 -0.9841079 -0.1125482 0.1373481 0.9955478 -0.08801192 -0.03374038 0.9987604 -0.0446052 -0.02208952 0.9996157 0.0275454 -0.003104262 0.9989341 0.04615318 0.0007817504 0.998911 0.0466109 0.002064283 0.9943021 0.106584 0.001805456 0.9991782 0.04020042 -0.005187913 0.9978986 0.06470094 0.003484755 0.9884227 0.1517186 -0.001402328 0.9981938 0.06001004 0.002830835 0.9926428 0.1210489 0.002721126 0.9974282 0.07167255 3.132908e-09 0.9814562 0.1916794 0.001688264 0.9634826 0.2677691 0.001030163 0.9539629 0.2999246 6.707434e-05 0.9968995 0.07854831 -0.00464188 0.9974166 0.0718316 -0.0005280038 0.9970931 0.07607475 -0.004240642 0.9977047 0.06770855 -0.0009391641 0.9057249 0.4238204 -0.006214507 0.9359791 0.3520541 -0.001050669 0.9767895 0.2140517 -0.008003809 0.9953565 0.0949975 -0.01552425 0.9952767 0.09634959 -0.01187506 0.8761105 0.4821101 0.0005239569 0.8745768 0.484887 0.0001472956 0.8074119 0.5899756 -0.00385138 0.7515239 0.6597036 0.001741863 0.7967095 0.6043605 0.001539308 0.6401198 0.7682695 -0.002934768 0.6116912 0.7910966 0.0001828493 0.4334444 0.9011708 -0.004137909 0.4278183 0.9038647 0 0.5050353 0.8630979 -0.001135938 0.4901956 0.8716125 2.037407e-05 0.1961696 0.9805697 -0.0008081515 0.2318467 0.9727512 0.001449613 0.06045962 0.9981687 0.001975454 -0.07787455 0.9968616 -0.01423216 0.2362093 0.9717012 0.001409295 0.3461187 0.938188 -0.002250124 0.3560408 0.9344704 4.825048e-06 0.02526472 0.9996771 0.002735666 -0.1418041 0.9898929 0.001911557 -0.1795584 0.9837473 -0.0001533345 -0.05813179 0.9983089 9.188257e-05 -0.1034691 0.9946208 0.004859863 -0.1830443 0.9830982 -0.003575294 -0.2018088 0.9794248 -0.0005350146 -0.2463129 0.9691903 -6.661778e-05 -0.2972722 0.9547928 -0.0001171308 -0.2829817 0.9591206 -0.00299478 -0.3699338 0.9290579 -0.0006145808 -0.4484694 0.8936647 0.01544908 -0.449786 0.8931362 -0.0005121503 -0.63599 0.771697 -0.000624521 -0.5282109 0.8490922 -0.005971438 -0.6882897 0.7252578 0.01607358 -0.01022154 0.01779393 0.9997894 -0.8113702 0.5845238 0.00320733 -0.8691932 0.4943859 -0.009257195 -0.9199364 0.3920592 0.002554023 -0.9285132 0.3707997 -0.01925509 -0.8726419 0.4883605 -0.0003557009 -0.9418006 0.3361324 -0.005154427 -0.9227135 0.3854863 -0.0003726509 -0.9778995 0.2090388 -0.003915307 -0.9737313 0.2276842 -0.002688187 -0.9846023 0.1747236 -0.005467847 -0.9941134 0.1083446 -6.987314e-05 -0.9974868 0.07085108 0.0005377649 -0.9995907 0.02860966 -5.364548e-05 -0.9995647 0.02950054 -0.000423645 -0.9995943 0.02848048 1.244923e-09 -0.9993659 0.03559755 -0.0008260423 -0.9992084 0.03978239 3.526675e-05 -0.9990466 0.0436521 -0.00062335 -0.9991659 0.04083297 0.0004824948 -0.9990422 0.04375635 -0.0003625492 -0.9991783 0.04052646 -0.0006215228 -0.9989598 0.04555587 -0.00199816 -0.9988867 0.04710615 -0.002526988 -0.9998033 -0.01983503 -8.670175e-10 -0.9998289 -0.01848148 -0.0007663393 -0.9998224 -0.01869406 -0.002383718 -0.9998091 -0.01906769 -0.00425362 -0.9997745 -0.02019308 -0.006564884 0.9999853 -0.00542606 -2.371806e-10 0.9999152 -0.01262454 -0.0032001 0.9998632 -0.01635737 -0.002471501 0.9998091 -0.01906766 -0.004253537 0.9998441 -0.01760973 -0.001259676 0.9896543 -0.0006271617 0.1434714 0.9897346 0.002845283 0.142889 0.989536 0.00463004 0.1442117 0.9894932 0.009050478 0.1442961 0.9874523 0.04089146 0.1525315 0.9745394 -0.0003619486 0.2242162 0.9751034 -0.00365253 0.2217205 0.9755351 -0.007621222 0.2197114 0.9757517 -0.009628642 0.2186683 0.9755386 -0.01005191 0.2195984 -0.0001485412 0.0001424791 -1 8.249936e-05 -8.737358e-05 -1 -3.701943e-05 6.232873e-05 -1 0.0002666013 -0.0001242694 -1 0.000771684 -0.0007003358 -0.9999995 -0.0004956538 0.0005828089 -0.9999997 4.229881e-05 -2.763582e-06 -1 -0.0002258311 0.0001923609 -1 0.0001631185 -0.0001668431 -1 -0.0002188784 0.0001587921 -1 -0.000247385 0.0001972459 -0.9999999 4.561746e-05 -1.469764e-05 -1 0.0005047329 -0.0003119352 -0.9999998 -4.518165e-05 -2.206011e-05 -1 0.0006244802 -0.0002955363 -0.9999998 5.808133e-05 -0.0002174418 -1 -0.0007142838 5.648113e-05 -0.9999997 -7.147392e-05 9.03574e-06 -1 0.001318537 -5.657651e-06 -0.9999991 0.0003906507 -0.0002583196 -0.9999999 -0.001296696 -0.0003443794 -0.9999991 0.0001482247 1.303299e-05 -1 -6.553652e-05 -1.975009e-05 -1 0.000508015 0.0003020526 -0.9999998 -5.317888e-05 -3.011514e-05 -1 -3.213019e-05 -1.915943e-05 -1 -0.0004557916 -0.000355056 -0.9999998 -0.0008937506 -0.0006794277 -0.9999994 0.0006830841 0.000719113 -0.9999995 -0.0001174445 -0.0001748121 -1 3.394749e-06 1.614375e-05 -1 1.127839e-05 2.586915e-05 -1 6.008021e-05 7.442325e-05 -1 0.9986469 -0.02635183 -0.04483292 0.9994735 -0.03080664 0.01017818 0.9996813 -0.02521646 0.001169475 0.9988635 -0.03031059 0.03678411 0.998955 -0.03892428 0.02395447 0.9997475 -0.02202177 0.004474431 0.9986627 -0.04980532 -0.01386223 0.9990369 -0.04279666 -0.00968234 0.9980646 -0.05828819 -0.02166946 0.9985113 -0.04264388 -0.03401081 0.9985853 -0.03134631 -0.04295196 0.9980069 -0.01235254 -0.06188435 0.9969375 0.008228312 -0.07776814 0.9966451 0.007338307 -0.08151464 0.9947117 0.02918418 -0.09847331 -0.9887925 -0.00716062 0.1491242 -0.9811164 0.006574109 0.1933062 -0.9811158 0.006576538 0.1933092 -0.9867078 -0.003023717 0.1624767 -0.9929901 -0.01708546 0.1169564 -0.9890635 0.05627588 -0.1363321 -0.9952512 0.03372103 -0.09131221 -0.9911591 0.04947317 -0.1231098 -0.9994339 0.01443667 -0.03038918 -0.9995146 0.01368359 -0.02798852 0.9893178 -0.1362609 -0.05180056 0.9835314 -0.177369 -0.03473146 0.9879837 -0.1497745 -0.03815488 0.9919541 -0.1098467 -0.06293443 0.9898306 -0.1396017 -0.02732657 0.9854737 -0.1695962 0.008870114 0.9999966 -0.002054224 -0.001589656 0.9997163 -0.007366572 -0.02265071 0.9999365 -0.00619928 -0.009411131 0.9996606 -0.01369987 -0.02215675 0.99896 0.003271461 -0.045478 0.9979997 0.016034 -0.06115094 -0.9595838 0.08705241 0.2676207 -0.9766205 0.01644889 0.2143403 -0.9901944 -0.02628544 0.1372011 -0.9855149 -0.03402362 0.166141 -0.9936326 -0.03509781 0.1070625 -0.9977362 -0.01822174 0.06473294 -0.9972227 -0.04286278 0.06090628 -0.9969545 -0.05233601 0.05781652 -0.9996606 -0.01501766 0.02128947 0.02279769 -0.9996782 -0.01112873 -0.02149394 -0.9997651 0.002771634 -0.001450599 -0.9999989 -4.372299e-07 -0.001641384 -0.9999983 0.000823801 0.0005557616 -0.9999997 -0.000623168 0.0002042798 -0.9999999 -0.0003474494 0.001288441 -0.9999987 -0.001018754 0.0001574802 -1 -1.648351e-05 -0.0004454546 -0.9999999 4.223478e-06 -0.0001783563 -1 0.0001727788 -0.0001872064 -1 0.0002273391 0.0002972953 -0.9999999 -0.000109148 0.0002900111 -0.9999999 -0.0001337872 -0.00029092 -1 0.0001179763 -3.136799e-05 -1 6.777584e-05 0.0005307905 -0.9999999 -0.0001094356 -0.0003512075 -0.9999999 -1.20309e-05 -0.000341222 -0.9999999 7.067383e-05 0.0003872792 -0.9999999 -3.547764e-05 -0.0004441315 -0.9999999 -0.0001188233 -0.0005317361 -0.9999998 -0.0001629955 0.0002895793 -1 -2.227876e-05 -0.0001708936 -1 -8.912673e-05 0.0008072171 -0.9999997 -0.0001081223 -0.0003881756 -0.9999999 4.445518e-05 0.001479758 -0.9999988 -0.0004043279 0.0001526218 -1 5.783227e-05 -0.00196819 -0.9999975 0.001039921 -0.005256806 -0.9999825 0.002711865 0.003809471 -0.9999874 -0.003282215 -0.0003350762 -0.9999999 0.0002520576 0.1988684 0.7247335 -0.6597065 0.0928466 0.7491451 -0.6558667 0.1347021 0.7062285 -0.6950516 0.1092839 0.6498088 -0.7522005 0.02983907 0.6972539 -0.7162029 -0.03544324 0.6408962 -0.7668089 0.01513064 0.5543858 -0.8321223 0.0121256 0.7298547 -0.6834948 0.04838114 0.7485151 -0.6613505 0.01646659 0.6723316 -0.7400669 -0.03625714 0.7444131 -0.6667343 -0.9988942 -0.008182294 -0.0462973 -0.9940483 -0.00597349 -0.1087764 -0.9989062 -0.004461157 -0.04654637 -0.9983818 -0.005247177 -0.05662355 -0.9981504 -0.005805918 -0.06051435 -0.9787505 -0.01058311 -0.2047813 -0.9803918 -0.01687554 -0.1963342 -0.9748841 -0.07619085 0.2092748 -0.9749801 -0.06911528 0.2112744 -0.9841752 -0.0659536 0.1644665 -0.9513439 -0.2389021 0.1946036 -0.9567398 -0.223159 0.1866788 -0.9741268 -0.1317637 0.1836175 -0.9807393 -0.1010571 0.1671465</float_array>
          <technique_common>
            <accessor count="2387" source="#normals-array-array" stride="3">
              <param type="float" name="X"/>
              <param type="float" name="Y"/>
              <param type="float" name="Z"/>
            </accessor>
          </technique_common>
        </source>
        <source id="texcoords-array">
          <float_array count="4774" id="texcoords-array-array">0 1 0 1 0 1 0 1 0 1 0 1 0 1 0 1 0 1 0 1 0 1 0 1 0 1 0 1 0 1 0 1 0 1 0 1 0 1 0 1 0 1 0 1 0 1 0 1 0 1 0 1 0 1 0 1 0 1 0 1 0 1 0 1 0 1 0 1 0 1 0 1 0 1 0 1 0 1 0 1 0 1 0 1 0 1 0 1 0 1 0 1 0 1 0 1 0 1 0 1 0 1 0 1 0 1 0 1 0 1 0 1 0 1 0 1 0 1 0 1 0 1 0 1 0 1 0 1 0 1 0 1 0 1 0 1 0 1 0 1 0 1 0 1 0 1 0 1 0 1 0 1 0 1 0 1 0 1 0 1 0 1 0 1 0 1 0 1 0 1 0 1 0 1 0 1 0 1 0 1 0 1 0 1 0 1 0 1 0 1 0 1 0 1 0 1 0 1 0 1 0 1 0 1 0 1 0 1 0 1 0 1 0 1 0 1 0 1 0 1 0 1 0 1 0 1 0 1 0 1 0 1 0 1 0 1 0 1 0 1 0 1 0 1 0 1 0 1 0 1 0 1 0 1 0 1 0 1 0 1 0 1 0 1 0 1 0 1 0 1 0 1 0 1 0 1 0 1 0 1 0 1 0 1 0 1 0 1 0 1 0 1 0 1 0 1 0 1 0 1 0 1 0 1 0 1 0 1 0 1 0 1 0 1 0 1 0 1 0 1 0 1 0 1 0 1 0 1 0 1 0 1 0 1 0 1 0 1 0 1 0 1 0 1 0 1 0 1 0 1 0 1 0 1 0 1 0 1 0 1 0 1 0 1 0 1 0 1 0 1 0 1 0 1 0 1 0 1 0 1 0 1 0 1 0 1 0 1 0 1 0 1 0 1 0 1 0 1 0 1 0 1 0 1 0 1 0 1 0 1 0 1 0 1 0 1 0 1 0 1 0 1 0 1 0 1 0 1 0 1 0 1 0 1 0 1 0 1 0 1 0 1 0 1 0 1 0 1 0 1 0 1 0 1 0 1 0 1 0 1 0 1 0 1 0 1 0 1 0 1 0 1 0 1 0 1 0 1 0 1 0 1 0 1 0 1 0 1 0 1 0 1 0 1 0 1 0 1 0 1 0 1 0 1 0 1 0 1 0 1 0 1 0 1 0 1 0 1 0 1 0 1 0 1 0 1 0 1 0 1 0 1 0 1 0 1 0 1 0 1 0 1 0 1 0 1 0 1 0 1 0 1 0 1 0 1 0 1 0 1 0 1 0 1 0 1 0 1 0 1 0 1 0 1 0 1 0 1 0 1 0 1 0 1 0 1 0 1 0 1 0 1 0 1 0 1 0 1 0 1 0 1 0 1 0 1 0 1 0 1 0 1 0 1 0 1 0 1 0 1 0 1 0 1 0 1 0 1 0 1 0 1 0 1 0 1 0 1 0 1 0 1 0 1 0 1 0 1 0 1 0 1 0 1 0 1 0 1 0 1 0 1 0 1 0 1 0 1 0 1 0 1 0 1 0 1 0 1 0 1 0 1 0 1 0 1 0 1 0 1 0 1 0 1 0 1 0 1 0 1 0 1 0 1 0 1 0 1 0 1 0 1 0 1 0 1 0 1 0 1 0 1 0 1 0 1 0 1 0 1 0 1 0 1 0 1 0 1 0 1 0 1 0 1 0 1 0 1 0 1 0 1 0 1 0 1 0 1 0 1 0 1 0 1 0 1 0 1 0 1 0 1 0 1 0 1 0 1 0 1 0 1 0 1 0 1 0 1 0 1 0 1 0 1 0 1 0 1 0 1 0 1 0 1 0 1 0 1 0 1 0 1 0 1 0 1 0 1 0 1 0 1 0 1 0 1 0 1 0 1 0 1 0 1 0 1 0 1 0 1 0 1 0 1 0 1 0 1 0 1 0 1 0 1 0 1 0 1 0 1 0 1 0 1 0 1 0 1 0 1 0 1 0 1 0 1 0 1 0 1 0 1 0 1 0 1 0 1 0 1 0 1 0 1 0 1 0 1 0 1 0 1 0 1 0 1 0 1 0 1 0 1 0 1 0 1 0 1 0 1 0 1 0 1 0 1 0 1 0 1 0 1 0 1 0 1 0 1 0 1 0 1 0 1 0 1 0 1 0 1 0 1 0 1 0 1 0 1 0 1 0 1 0 1 0 1 0 1 0 1 0 1 0 1 0 1 0 1 0 1 0 1 0 1 0 1 0 1 0 1 0 1 0 1 0 1 0 1 0 1 0 1 0 1 0 1 0 1 0 1 0 1 0 1 0 1 0 1 0 1 0 1 0 1 0 1 0 1 0 1 0 1 0 1 0 1 0 1 0 1 0 1 0 1 0 1 0 1 0 1 0 1 0 1 0 1 0 1 0 1 0 1 0 1 0 1 0 1 0 1 0 1 0 1 0 1 0 1 0 1 0 1 0 1 0 1 0 1 0 1 0 1 0 1 0 1 0 1 0 1 0 1 0 1 0 1 0 1 0 1 0 1 0 1 0 1 0 1 0 1 0 1 0 1 0 1 0 1 0 1 0 1 0 1 0 1 0 1 0 1 0 1 0 1 0 1 0 1 0 1 0 1 0 1 0 1 0 1 0 1 0 1 0 1 0 1 0 1 0 1 0 1 0 1 0 1 0 1 0 1 0 1 0 1 0 1 0 1 0 1 0 1 0 1 0 1 0 1 0 1 0 1 0 1 0 1 0 1 0 1 0 1 0 1 0 1 0 1 0 1 0 1 0 1 0 1 0 1 0 1 0 1 0 1 0 1 0 1 0 1 0 1 0 1 0 1 0 1 0 1 0 1 0 1 0 1 0 1 0 1 0 1 0 1 0 1 0 1 0 1 0 1 0 1 0 1 0 1 0 1 0 1 0 1 0 1 0 1 0 1 0 1 0 1 0 1 0 1 0 1 0 1 0 1 0 1 0 1 0 1 0 1 0 1 0 1 0 1 0 1 0 1 0 1 0 1 0 1 0 1 0 1 0 1 0 1 0 1 0 1 0 1 0 1 0 1 0 1 0 1 0 1 0 1 0 1 0 1 0 1 0 1 0 1 0 1 0 1 0 1 0 1 0 1 0 1 0 1 0 1 0 1 0 1 0 1 0 1 0 1 0 1 0 1 0 1 0 1 0 1 0 1 0 1 0 1 0 1 0 1 0 1 0 1 0 1 0 1 0 1 0 1 0 1 0 1 0 1 0 1 0 1 0 1 0 1 0 1 0 1 0 1 0 1 0 1 0 1 0 1 0 1 0 1 0 1 0 1 0 1 0 1 0 1 0 1 0 1 0 1 0 1 0 1 0 1 0 1 0 1 0 1 0 1 0 1 0 1 0 1 0 1 0 1 0 1 0 1 0 1 0 1 0 1 0 1 0 1 0 1 0 1 0 1 0 1 0 1 0 1 0 1 0 1 0 1 0 1 0 1 0 1 0 1 0 1 0 1 0 1 0 1 0 1 0 1 0 1 0 1 0 1 0 1 0 1 0 1 0 1 0 1 0 1 0 1 0 1 0 1 0 1 0 1 0 1 0 1 0 1 0 1 0 1 0 1 0 1 0 1 0 1 0 1 0 1 0 1 0 1 0 1 0 1 0 1 0 1 0 1 0 1 0 1 0 1 0 1 0 1 0 1 0 1 0 1 0 1 0 1 0 1 0 1 0 1 0 1 0 1 0 1 0 1 0 1 0 1 0 1 0 1 0 1 0 1 0 1 0 1 0 1 0 1 0 1 0 1 0 1 0 1 0 1 0 1 0 1 0 1 0 1 0 1 0 1 0 1 0 1 0 1 0 1 0 1 0 1 0 1 0 1 0 1 0 1 0 1 0 1 0 1 0 1 0 1 0 1 0 1 0 1 0 1 0 1 0 1 0 1 0 1 0 1 0 1 0 1 0 1 0 1 0 1 0 1 0 1 0 1 0 1 0 1 0 1 0 1 0 1 0 1 0 1 0 1 0 1 0 1 0 1 0 1 0 1 0 1 0 1 0 1 0 1 0 1 0 1 0 1 0 1 0 1 0 1 0 1 0 1 0 1 0 1 0 1 0 1 0 1 0 1 0 1 0 1 0 1 0 1 0 1 0 1 0 1 0 1 0 1 0 1 0 1 0 1 0 1 0 1 0 1 0 1 0 1 0 1 0 1 0 1 0 1 0 1 0 1 0 1 0 1 0 1 0 1 0 1 0 1 0 1 0 1 0 1 0 1 0 1 0 1 0 1 0 1 0 1 0 1 0 1 0 1 0 1 0 1 0 1 0 1 0 1 0 1 0 1 0 1 0 1 0 1 0 1 0 1 0 1 0 1 0 1 0 1 0 1 0 1 0 1 0 1 0 1 0 1 0 1 0 1 0 1 0 1 0 1 0 1 0 1 0 1 0 1 0 1 0 1 0 1 0 1 0 1 0 1 0 1 0 1 0 1 0 1 0 1 0 1 0 1 0 1 0 1 0 1 0 1 0 1 0 1 0 1 0 1 0 1 0 1 0 1 0 1 0 1 0 1 0 1 0 1 0 1 0 1 0 1 0 1 0 1 0 1 0 1 0 1 0 1 0 1 0 1 0 1 0 1 0 1 0 1 0 1 0 1 0 1 0 1 0 1 0 1 0 1 0 1 0 1 0 1 0 1 0 1 0 1 0 1 0 1 0 1 0 1 0 1 0 1 0 1 0 1 0 1 0 1 0 1 0 1 0 1 0 1 0 1 0 1 0 1 0 1 0 1 0 1 0 1 0 1 0 1 0 1 0 1 0 1 0 1 0 1 0 1 0 1 0 1 0 1 0 1 0 1 0 1 0 1 0 1 0 1 0 1 0 1 0 1 0 1 0 1 0 1 0 1 0 1 0 1 0 1 0 1 0 1 0 1 0 1 0 1 0 1 0 1 0 1 0 1 0 1 0 1 0 1 0 1 0 1 0 1 0 1 0 1 0 1 0 1 0 1 0 1 0 1 0 1 0 1 0 1 0 1 0 1 0 1 0 1 0 1 0 1 0 1 0 1 0 1 0 1 0 1 0 1 0 1 0 1 0 1 0 1 0 1 0 1 0 1 0 1 0 1 0 1 0 1 0 1 0 1 0 1 0 1 0 1 0 1 0 1 0 1 0 1 0 1 0 1 0 1 0 1 0 1 0 1 0 1 0 1 0 1 0 1 0 1 0 1 0 1 0 1 0 1 0 1 0 1 0 1 0 1 0 1 0 1 0 1 0 1 0 1 0 1 0 1 0 1 0 1 0 1 0 1 0 1 0 1 0 1 0 1 0 1 0 1 0 1 0 1 0 1 0 1 0 1 0 1 0 1 0 1 0 1 0 1 0 1 0 1 0 1 0 1 0 1 0 1 0 1 0 1 0 1 0 1 0 1 0 1 0 1 0 1 0 1 0 1 0 1 0 1 0 1 0 1 0 1 0 1 0 1 0 1 0 1 0 1 0 1 0 1 0 1 0 1 0 1 0 1 0 1 0 1 0 1 0 1 0 1 0 1 0 1 0 1 0 1 0 1 0 1 0 1 0 1 0 1 0 1 0 1 0 1 0 1 0 1 0 1 0 1 0 1 0 1 0 1 0 1 0 1 0 1 0 1 0 1 0 1 0 1 0 1 0 1 0 1 0 1 0 1 0 1 0 1 0 1 0 1 0 1 0 1 0 1 0 1 0 1 0 1 0 1 0 1 0 1 0 1 0 1 0 1 0 1 0 1 0 1 0 1 0 1 0 1 0 1 0 1 0 1 0 1 0 1 0 1 0 1 0 1 0 1 0 1 0 1 0 1 0 1 0 1 0 1 0 1 0 1 0 1 0 1 0 1 0 1 0 1 0 1 0 1 0 1 0 1 0 1 0 1 0 1 0 1 0 1 0 1 0 1 0 1 0 1 0 1 0 1 0 1 0 1 0 1 0 1 0 1 0 1 0 1 0 1 0 1 0 1 0 1 0 1 0 1 0 1 0 1 0 1 0 1 0 1 0 1 0 1 0 1 0 1 0 1 0 1 0 1 0 1 0 1 0 1 0 1 0 1 0 1 0 1 0 1 0 1 0 1 0 1 0 1 0 1 0 1 0 1 0 1 0 1 0 1 0 1 0 1 0 1 0 1 0 1 0 1 0 1 0 1 0 1 0 1 0 1 0 1 0 1 0 1 0 1 0 1 0 1 0 1 0 1 0 1 0 1 0 1 0 1 0 1 0 1 0 1 0 1 0 1 0 1 0 1 0 1 0 1 0 1 0 1 0 1 0 1 0 1 0 1 0 1 0 1 0 1 0 1 0 1 0 1 0 1 0 1 0 1 0 1 0 1 0 1 0 1 0 1 0 1 0 1 0 1 0 1 0 1 0 1 0 1 0 1 0 1 0 1 0 1 0 1 0 1 0 1 0 1 0 1 0 1 0 1 0 1 0 1 0 1 0 1 0 1 0 1 0 1 0 1 0 1 0 1 0 1 0 1 0 1 0 1 0 1 0 1 0 1 0 1 0 1 0 1 0 1 0 1 0 1 0 1 0 1 0 1 0 1 0 1 0 1 0 1 0 1 0 1 0 1 0 1 0 1 0 1 0 1 0 1 0 1 0 1 0 1 0 1 0 1 0 1 0 1 0 1 0 1 0 1 0 1 0 1 0 1 0 1 0 1 0 1 0 1 0 1 0 1 0 1 0 1 0 1 0 1 0 1 0 1 0 1 0 1 0 1 0 1 0 1 0 1 0 1 0 1 0 1 0 1 0 1 0 1 0 1 0 1 0 1 0 1 0 1 0 1 0 1 0 1 0 1 0 1 0 1 0 1 0 1 0 1 0 1 0 1 0 1 0 1 0 1 0 1 0 1 0 1 0 1 0 1 0 1 0 1 0 1 0 1 0 1 0 1 0 1 0 1 0 1 0 1 0 1 0 1 0 1 0 1 0 1 0 1 0 1 0 1 0 1 0 1 0 1 0 1 0 1 0 1 0 1 0 1 0 1 0 1 0 1 0 1 0 1 0 1 0 1 0 1 0 1 0 1 0 1 0 1 0 1 0 1 0 1 0 1 0 1 0 1 0 1 0 1 0 1 0 1 0 1 0 1 0 1 0 1 0 1 0 1 0 1 0 1 0 1 0 1 0 1 0 1 0 1 0 1 0 1 0 1 0 1 0 1 0 1 0 1 0 1 0 1 0 1 0 1 0 1 0 1 0 1 0 1 0 1 0 1 0 1 0 1 0 1 0 1 0 1 0 1 0 1 0 1 0 1 0 1 0 1 0 1 0 1 0 1 0 1 0 1 0 1 0 1 0 1 0 1 0 1 0 1 0 1 0 1 0 1 0 1 0 1 0 1 0 1 0 1 0 1 0 1 0 1 0 1 0 1 0 1 0 1 0 1 0 1 0 1 0 1 0 1 0 1 0 1 0 1 0 1 0 1 0 1 0 1 0 1 0 1 0 1 0 1 0 1 0 1 0 1 0 1 0 1 0 1 0 1 0 1 0 1 0 1 0 1 0 1 0 1 0 1 0 1 0 1 0 1 0 1 0 1 0 1 0 1 0 1 0 1 0 1 0 1 0 1 0 1 0 1 0 1 0 1 0 1 0 1 0 1 0 1 0 1 0 1 0 1 0 1 0 1 0 1 0 1 0 1 0 1 0 1 0 1 0 1 0 1 0 1 0 1 0 1 0 1 0 1 0 1 0 1 0 1 0 1 0 1 0 1 0 1 0 1 0 1 0 1 0 1 0 1 0 1 0 1 0 1 0 1 0 1 0 1 0 1 0 1 0 1 0 1 0 1 0 1 0 1 0 1 0 1 0 1 0 1 0 1 0 1 0 1 0 1 0 1 0 1 0 1 0 1 0 1 0 1 0 1 0 1 0 1 0 1 0 1 0 1 0 1 0 1 0 1 0 1 0 1 0 1 0 1 0 1 0 1 0 1 0 1 0 1 0 1 0 1 0 1 0 1 0 1 0 1 0 1 0 1 0 1 0 1 0 1 0 1 0 1 0 1 0 1 0 1 0 1 0 1 0 1 0 1 0 1 0 1 0 1 0 1 0 1 0 1 0 1 0 1 0 1 0 1 0 1 0 1 0 1 0 1 0 1 0 1 0 1 0 1 0 1 0 1 0 1 0 1 0 1 0 1 0 1 0 1 0 1 0 1 0 1 0 1 0 1 0 1 0 1 0 1 0 1 0 1 0 1 0 1 0 1 0 1 0 1 0 1 0 1 0 1 0 1 0 1 0 1 0 1 0 1 0 1 0 1 0 1 0 1 0 1 0 1 0 1 0 1 0 1 0 1 0 1 0 1 0 1 0 1 0 1 0 1 0 1 0 1 0 1 0 1 0 1 0 1 0 1 0 1 0 1 0 1 0 1 0 1 0 1 0 1 0 1 0 1 0 1 0 1 0 1 0 1 0 1 0 1 0 1 0 1 0 1 0 1 0 1 0 1 0 1 0 1 0 1 0 1 0 1 0 1 0 1 0 1 0 1 0 1 0 1 0 1 0 1 0 1 0 1 0 1 0 1 0 1 0 1 0 1 0 1 0 1 0 1 0 1 0 1 0 1 0 1 0 1 0 1 0 1 0 1 0 1 0 1 0 1 0 1 0 1 0 1 0 1 0 1 0 1 0 1 0 1 0 1 0 1 0 1 0 1 0 1 0 1 0 1 0 1 0 1 0 1 0 1 0 1 0 1 0 1 0 1 0 1 0 1 0 1 0 1 0 1 0 1 0 1 0 1 0 1 0 1 0 1 0 1 0 1 0 1 0 1 0 1 0 1 0 1 0 1 0 1 0 1 0 1 0 1 0 1 0 1 0 1 0 1 0 1 0 1 0 1 0 1 0 1 0 1 0 1 0 1 0 1 0 1 0 1 0 1 0 1 0 1 0 1 0 1 0 1 0 1 0 1 0 1 0 1 0 1 0 1 0 1 0 1 0 1 0 1 0 1 0 1 0 1 0 1 0 1 0 1 0 1 0 1 0 1 0 1 0 1 0 1 0 1 0 1 0 1 0 1 0 1 0 1 0 1 0 1 0 1 0 1 0 1 0 1 0 1 0 1 0 1 0 1 0 1 0 1 0 1 0 1 0 1 0 1 0 1 0 1 0 1 0 1 0 1 0 1 0 1 0 1 0 1 0 1 0 1 0 1 0 1 0 1 0 1 0 1 0 1 0 1 0 1 0 1 0 1 0 1 0 1 0 1 0 1 0 1 0 1 0 1 0 1 0 1 0 1 0 1 0 1 0 1 0 1 0 1 0 1 0 1 0 1 0 1 0 1 0 1 0 1 0 1 0 1 0 1 0 1 0 1 0 1 0 1 0 1 0 1 0 1 0 1 0 1 0 1 0 1 0 1 0 1 0 1 0 1 0 1 0 1 0 1 0 1 0 1 0 1 0 1 0 1 0 1 0 1 0 1 0 1 0 1 0 1 0 1 0 1 0 1 0 1 0 1 0 1 0 1 0 1 0 1 0 1 0 1 0 1 0 1 0 1 0 1 0 1 0 1 0 1 0 1 0 1 0 1 0 1 0 1 0 1 0 1 0 1 0 1 0 1 0 1 0 1 0 1 0 1 0 1 0 1 0 1 0 1 0 1 0 1 0 1 0 1 0 1 0 1 0 1 0 1 0 1 0 1 0 1 0 1 0 1 0 1 0 1 0 1 0 1 0 1 0 1 0 1 0 1 0 1 0 1 0 1 0 1 0 1 0 1 0 1 0 1 0 1 0 1 0 1 0 1 0 1 0 1 0 1 0 1 0 1 0 1 0 1 0 1 0 1 0 1 0 1 0 1 0 1 0 1 0 1 0 1 0 1 0 1 0 1 0 1 0 1 0 1 0 1 0 1 0 1 0 1 0 1 0 1 0 1 0 1 0 1 0 1 0 1 0 1 0 1 0 1 0 1 0 1 0 1 0 1 0 1 0 1 0 1 0 1 0 1 0 1 0 1 0 1 0 1 0 1 0 1 0 1 0 1 0 1 0 1 0 1 0 1 0 1 0 1 0 1 0 1 0 1 0 1 0 1 0 1 0 1 0 1 0 1 0 1 0 1 0 1 0 1 0 1 0 1 0 1 0 1 0 1 0 1 0 1 0 1 0 1 0 1 0 1 0 1 0 1 0 1 0 1 0 1 0 1 0 1 0 1 0 1 0 1 0 1 0 1 0 1 0 1 0 1 0 1 0 1 0 1 0 1 0 1 0 1 0 1 0 1 0 1 0 1 0 1 0 1 0 1 0 1 0 1 0 1 0 1 0 1 0 1 0 1 0 1 0 1 0 1 0 1 0 1 0 1 0 1 0 1 0 1 0 1 0 1 0 1 0 1 0 1 0 1 0 1 0 1 0 1 0 1 0 1 0 1 0 1 0 1 0 1 0 1 0 1 0 1 0 1 0 1 0 1 0 1 0 1 0 1 0 1 0 1 0 1 0 1 0 1 0 1 0 1 0 1 0 1 0 1 0 1 0 1 0 1 0 1 0 1 0 1 0 1 0 1 0 1 0 1 0 1 0 1 0 1 0 1 0 1 0 1 0 1 0 1 0 1 0 1 0 1 0 1 0 1 0 1 0 1 0 1 0 1 0 1 0 1 0 1 0 1 0 1 0 1 0 1 0 1 0 1 0 1 0 1 0 1 0 1 0 1 0 1 0 1 0 1 0 1 0 1 0 1 0 1 0 1 0 1 0 1 0 1 0 1 0 1 0 1 0 1 0 1 0 1 0 1</float_array>
          <technique_common>
            <accessor count="2387" source="#texcoords-array-array" stride="2">
              <param type="float" name="S"/>
              <param type="float" name="T"/>
            </accessor>
          </technique_common>
        </source>
        <vertices id="verts-array-vertices">
          <input semantic="POSITION" source="#verts-array"/>
        </vertices>
        <triangles count="1997" material="material0">
          <input offset="0" semantic="VERTEX" source="#verts-array-vertices"/>
          <input offset="1" semantic="NORMAL" source="#normals-array"/>
          <input offset="2" semantic="TEXCOORD" source="#texcoords-array"/>
          <p>0 0 0 1 1 1 2 2 2 3 3 3 4 4 4 5 5 5 6 6 6 7 7 7 8 8 8 9 9 9 10 10 10 11 11 11 12 12 12 13 13 13 14 14 14 15 15 15 16 16 16 17 17 17 18 18 18 19 19 19 20 20 20 21 21 21 22 22 22 23 23 23 24 24 24 25 25 25 26 26 26 27 27 27 28 28 28 29 29 29 30 30 30 31 31 31 32 32 32 33 33 33 34 34 34 35 35 35 36 36 36 37 37 37 38 38 38 39 39 39 40 40 40 41 41 41 42 42 42 43 43 43 44 44 44 45 45 45 46 46 46 47 47 47 48 48 48 49 49 49 50 50 50 51 51 51 52 52 52 53 53 53 54 54 54 55 55 55 56 56 56 57 57 57 58 58 58 59 59 59 60 60 60 61 61 61 62 62 62 63 63 63 64 64 64 65 65 65 66 66 66 67 67 67 68 68 68 69 69 69 70 70 70 71 71 71 72 72 72 73 73 73 74 74 74 75 75 75 76 76 76 77 77 77 78 78 78 79 79 79 80 80 80 81 81 81 82 82 82 83 83 83 84 84 84 85 85 85 86 86 86 87 87 87 88 88 88 89 89 89 90 90 90 91 91 91 92 92 92 93 93 93 94 94 94 95 95 95 96 96 96 97 97 97 98 98 98 99 99 99 100 100 100 101 101 101 102 102 102 103 103 103 104 104 104 105 105 105 106 106 106 107 107 107 108 108 108 109 109 109 110 110 110 111 111 111 112 112 112 113 113 113 114 114 114 115 115 115 116 116 116 117 117 117 118 118 118 119 119 119 120 120 120 121 121 121 122 122 122 123 123 123 124 124 124 125 125 125 126 126 126 127 127 127 128 128 128 129 129 129 130 130 130 131 131 131 132 132 132 133 133 133 134 134 134 135 135 135 136 136 136 137 137 137 138 138 138 139 139 139 140 140 140 141 141 141 142 142 142 139 139 139 143 143 143 142 142 142 141 141 141 144 144 144 143 143 143 141 141 141 145 145 145 142 142 142 143 143 143 144 144 144 146 146 146 143 143 143 144 144 144 147 147 147 146 146 146 146 146 146 148 148 148 143 143 143 149 149 149 148 148 148 150 150 150 146 146 146 147 147 147 151 151 151 147 147 147 152 152 152 151 151 151 152 152 152 153 153 153 151 151 151 154 154 154 155 155 155 147 147 147 153 153 153 155 155 155 154 154 154 153 153 153 156 156 156 151 151 151 157 157 157 153 153 153 154 154 154 156 156 156 158 158 158 151 151 151 156 156 156 157 157 157 159 159 159 158 158 158 160 160 160 161 161 161 161 161 161 162 162 162 158 158 158 162 162 162 163 163 163 158 158 158 159 159 159 164 164 164 165 165 165 157 157 157 164 164 164 159 159 159 166 166 166 157 157 157 167 167 167 168 168 168 158 158 158 167 167 167 169 169 169 168 168 168 167 167 167 170 170 170 168 168 168 169 169 169 171 171 171 172 172 172 169 169 169 159 159 159 173 173 173 171 171 171 174 174 174 173 173 173 159 159 159 175 175 175 173 173 173 174 174 174 158 158 158 163 163 163 176 176 176 163 163 163 177 177 177 176 176 176 151 151 151 158 158 158 176 176 176 148 148 148 151 151 151 176 176 176 143 143 143 148 148 148 176 176 176 178 178 178 179 179 179 176 176 176 176 176 176 180 180 180 143 143 143 179 179 179 180 180 180 176 176 176 179 179 179 181 181 181 180 180 180 180 180 180 181 181 181 182 182 182 145 145 145 143 143 143 180 180 180 183 183 183 180 180 180 182 182 182 145 145 145 180 180 180 183 183 183 184 184 184 145 145 145 183 183 183 185 185 185 184 184 184 186 186 186 187 187 187 157 157 157 188 188 188 189 189 189 187 187 187 188 188 188 190 190 190 189 189 189 188 188 188 188 188 188 157 157 157 154 154 154 154 154 154 191 191 191 188 188 188 192 192 192 191 191 191 193 193 193 193 193 193 194 194 194 195 195 195 195 195 195 196 196 196 197 197 197 198 198 198 199 199 199 195 195 195 195 195 195 199 199 199 200 200 200 200 200 200 199 199 199 201 201 201 199 199 199 202 202 202 201 201 201 201 201 201 202 202 202 203 203 203 202 202 202 204 204 204 203 203 203 203 203 203 204 204 204 205 205 205 206 206 206 207 207 207 208 208 208 207 207 207 209 209 209 210 210 210 211 211 211 210 210 210 212 212 212 212 212 212 210 210 210 213 213 213 210 210 210 214 214 214 213 213 213 213 213 213 214 214 214 215 215 215 216 216 216 212 212 212 217 217 217 218 218 218 216 216 216 217 217 217 219 219 219 216 216 216 220 220 220 220 220 220 216 216 216 221 221 221 216 216 216 222 222 222 221 221 221 216 216 216 223 223 223 224 224 224 223 223 223 225 225 225 224 224 224 221 221 221 222 222 222 226 226 226 227 227 227 222 222 222 228 228 228 229 229 229 227 227 227 228 228 228 222 222 222 230 230 230 226 226 226 231 231 231 230 230 230 232 232 232 230 230 230 233 233 233 226 226 226 233 233 233 234 234 234 226 226 226 226 226 226 234 234 234 235 235 235 234 234 234 236 236 236 235 235 235 235 235 235 237 237 237 226 226 226 226 226 226 237 237 237 238 238 238 237 237 237 239 239 239 238 238 238 238 238 238 239 239 239 240 240 240 239 239 239 241 241 241 240 240 240 237 237 237 242 242 242 243 243 243 242 242 242 244 244 244 243 243 243 245 245 245 246 246 246 244 244 244 242 242 242 247 247 247 248 248 248 247 247 247 235 235 235 248 248 248 249 249 249 248 248 248 250 250 250 248 248 248 235 235 235 251 251 251 235 235 235 236 236 236 251 251 251 236 236 236 252 252 252 251 251 251 253 253 253 254 254 254 252 252 252 252 252 252 254 254 254 251 251 251 251 251 251 254 254 254 255 255 255 256 256 256 251 251 251 255 255 255 248 248 248 251 251 251 257 257 257 248 248 248 257 257 257 250 250 250 251 251 251 256 256 256 257 257 257 257 257 257 258 258 258 250 250 250 259 259 259 258 258 258 257 257 257 257 257 257 260 260 260 259 259 259 260 260 260 257 257 257 261 261 261 261 261 261 257 257 257 262 262 262 262 262 262 257 257 257 256 256 256 256 256 256 263 263 263 262 262 262 263 263 263 256 256 256 264 264 264 263 263 263 265 265 265 262 262 262 266 266 266 267 267 267 268 268 268 269 269 269 267 267 267 270 270 270 271 271 271 272 272 272 269 269 269 273 273 273 271 271 271 269 269 269 274 274 274 275 275 275 270 270 270 276 276 276 274 274 274 270 270 270 277 277 277 278 278 278 279 279 279 280 280 280 279 279 279 281 281 281 282 282 282 280 280 280 283 283 283 284 284 284 282 282 282 283 283 283 283 283 283 280 280 280 285 285 285 286 286 286 287 287 287 283 283 283 288 288 288 289 289 289 286 286 286 290 290 290 286 286 286 283 283 283 291 291 291 286 286 286 290 290 290 290 290 290 292 292 292 291 291 291 293 293 293 292 292 292 294 294 294 295 295 295 293 293 293 294 294 294 296 296 296 297 297 297 293 293 293 296 296 296 298 298 298 299 299 299 299 299 299 293 293 293 295 295 295 300 300 300 299 299 299 295 295 295 301 301 301 299 299 299 300 300 300 302 302 302 301 301 301 303 303 303 304 304 304 302 302 302 303 303 303 305 305 305 306 306 306 302 302 302 307 307 307 306 306 306 305 305 305 290 290 290 308 308 308 295 295 295 283 283 283 308 308 308 290 290 290 295 295 295 308 308 308 309 309 309 309 309 309 308 308 308 305 305 305 308 308 308 310 310 310 305 305 305 306 306 306 310 310 310 311 311 311 312 312 312 308 308 308 283 283 283 285 285 285 312 312 312 283 283 283 310 310 310 308 308 308 313 313 313 314 314 314 312 312 312 285 285 285 315 315 315 314 314 314 285 285 285 315 315 315 285 285 285 316 316 316 317 317 317 315 315 315 316 316 316 314 314 314 318 318 318 312 312 312 318 318 318 319 319 319 312 312 312 320 320 320 312 312 312 319 319 319 321 321 321 320 320 320 322 322 322 323 323 323 312 312 312 320 320 320 323 323 323 324 324 324 312 312 312 312 312 312 324 324 324 325 325 325 326 326 326 312 312 312 325 325 325 327 327 327 312 312 312 326 326 326 308 308 308 312 312 312 327 327 327 328 328 328 308 308 308 327 327 327 308 308 308 328 328 328 313 313 313 313 313 313 328 328 328 329 329 329 310 310 310 313 313 313 330 330 330 330 330 330 331 331 331 332 332 332 310 310 310 330 330 330 333 333 333 311 311 311 310 310 310 333 333 333 333 333 333 334 334 334 311 311 311 335 335 335 336 336 336 311 311 311 335 335 335 337 337 337 336 336 336 338 338 338 337 337 337 339 339 339 340 340 340 337 337 337 335 335 335 337 337 337 340 340 340 339 339 339 341 341 341 335 335 335 342 342 342 343 343 343 341 341 341 342 342 342 339 339 339 340 340 340 344 344 344 340 340 340 345 345 345 344 344 344 345 345 345 340 340 340 346 346 346 347 347 347 345 345 345 346 346 346 344 344 344 345 345 345 348 348 348 349 349 349 345 345 345 347 347 347 345 345 345 350 350 350 348 348 348 348 348 348 350 350 350 351 351 351 350 350 350 352 352 352 351 351 351 351 351 351 352 352 352 353 353 353 352 352 352 354 354 354 353 353 353 355 355 355 345 345 345 349 349 349 349 349 349 356 356 356 355 355 355 357 357 357 356 356 356 349 349 349 358 358 358 357 357 357 349 349 349 356 356 356 359 359 359 355 355 355 355 355 355 359 359 359 360 360 360 359 359 359 361 361 361 360 360 360 360 360 360 361 361 361 362 362 362 362 362 362 361 361 361 363 363 363 361 361 361 364 364 364 363 363 363 363 363 363 364 364 364 365 365 365 366 366 366 367 367 367 358 358 358 368 368 368 367 367 367 366 366 366 369 369 369 370 370 370 371 371 371 369 369 369 372 372 372 373 373 373 372 372 372 374 374 374 373 373 373 372 372 372 375 375 375 376 376 376 375 375 375 377 377 377 376 376 376 376 376 376 377 377 377 378 378 378 378 378 378 377 377 377 379 379 379 380 380 380 381 381 381 379 379 379 382 382 382 383 383 383 381 381 381 383 383 383 384 384 384 381 381 381 385 385 385 386 386 386 384 384 384 379 379 379 387 387 387 388 388 388 388 388 388 387 387 387 389 389 389 387 387 387 390 390 390 389 389 389 391 391 391 392 392 392 393 393 393 394 394 394 391 391 391 395 395 395 396 396 396 394 394 394 395 395 395 397 397 397 394 394 394 396 396 396 398 398 398 399 399 399 400 400 400 401 401 401 402 402 402 398 398 398 403 403 403 402 402 402 401 401 401 404 404 404 405 405 405 403 403 403 406 406 406 403 403 403 401 401 401 407 407 407 403 403 403 406 406 406 408 408 408 407 407 407 406 406 406 409 409 409 407 407 407 408 408 408 409 409 409 410 410 410 411 411 411 412 412 412 409 409 409 408 408 408 406 406 406 413 413 413 414 414 414 412 412 412 415 415 415 416 416 416 413 413 413 417 417 417 414 414 414 414 414 414 417 417 417 418 418 418 417 417 417 333 333 333 418 418 418 419 419 419 413 413 413 333 333 333 333 333 333 330 330 330 412 412 412 333 333 333 413 413 413 334 334 334 330 330 330 420 420 420 412 412 412 420 420 420 415 415 415 412 412 412 334 334 334 413 413 413 421 421 421 421 421 421 413 413 413 422 422 422 422 422 422 413 413 413 423 423 423 423 423 423 413 413 413 424 424 424 413 413 413 425 425 425 424 424 424 424 424 424 425 425 425 426 426 426 415 415 415 427 427 427 428 428 428 427 427 427 415 415 415 429 429 429 430 430 430 427 427 427 429 429 429 429 429 429 415 415 415 431 431 431 432 432 432 427 427 427 430 430 430 415 415 415 420 420 420 431 431 431 430 430 430 433 433 433 432 432 432 434 434 434 433 433 433 430 430 430 431 431 431 420 420 420 328 328 328 328 328 328 327 327 327 431 431 431 435 435 435 430 430 430 436 436 436 437 437 437 438 438 438 436 436 436 439 439 439 440 440 440 437 437 437 441 441 441 436 436 436 439 439 439 436 436 436 442 442 442 439 439 439 436 436 436 430 430 430 442 442 442 430 430 430 443 443 443 442 442 442 442 442 442 443 443 443 431 431 431 442 442 442 431 431 431 444 444 444 440 440 440 445 445 445 446 446 446 445 445 445 447 447 447 446 446 446 446 446 446 447 447 447 448 448 448 449 449 449 448 448 448 431 431 431 450 450 450 449 449 449 451 451 451 451 451 451 449 449 449 431 431 431 451 451 451 431 431 431 452 452 452 327 327 327 452 452 452 431 431 431 327 327 327 326 326 326 452 452 452 326 326 326 453 453 453 452 452 452 326 326 326 454 454 454 453 453 453 453 453 453 455 455 455 452 452 452 455 455 455 456 456 456 454 454 454 452 452 452 455 455 455 457 457 457 458 458 458 454 454 454 459 459 459 460 460 460 458 458 458 459 459 459 452 452 452 457 457 457 461 461 461 457 457 457 462 462 462 461 461 461 461 461 461 462 462 462 463 463 463 464 464 464 465 465 465 463 463 463 463 463 463 466 466 466 467 467 467 468 468 468 466 466 466 461 461 461 466 466 466 469 469 469 461 461 461 461 461 461 469 469 469 470 470 470 471 471 471 472 472 472 473 473 473 474 474 474 473 473 473 475 475 475 476 476 476 474 474 474 475 475 475 477 477 477 474 474 474 476 476 476 478 478 478 479 479 479 476 476 476 476 476 476 479 479 479 480 480 480 481 481 481 482 482 482 480 480 480 482 482 482 483 483 483 480 480 480 480 480 480 483 483 483 484 484 484 485 485 485 486 486 486 480 480 480 487 487 487 486 486 486 485 485 485 488 488 488 487 487 487 485 485 485 479 479 479 489 489 489 480 480 480 480 480 480 489 489 489 490 490 490 491 491 491 490 490 490 492 492 492 490 490 490 489 489 489 492 492 492 489 489 489 493 493 493 492 492 492 493 493 493 489 489 489 494 494 494 495 495 495 493 493 493 494 494 494 493 493 493 495 495 495 496 496 496 496 496 496 495 495 495 497 497 497 498 498 498 496 496 496 499 499 499 500 500 500 499 499 499 496 496 496 495 495 495 499 499 499 500 500 500 501 501 501 499 499 499 495 495 495 502 502 502 501 501 501 495 495 495 489 489 489 501 501 501 502 502 502 499 499 499 501 501 501 503 503 503 499 499 499 503 503 503 504 504 504 505 505 505 504 504 504 503 503 503 503 503 503 506 506 506 505 505 505 503 503 503 507 507 507 506 506 506 508 508 508 507 507 507 503 503 503 509 509 509 508 508 508 503 503 503 508 508 508 509 509 509 510 510 510 510 510 510 509 509 509 511 511 511 509 509 509 512 512 512 511 511 511 509 509 509 513 513 513 512 512 512 501 501 501 514 514 514 513 513 513 489 489 489 514 514 514 501 501 501 515 515 515 514 514 514 489 489 489 479 479 479 515 515 515 489 489 489 516 516 516 515 515 515 479 479 479 517 517 517 513 513 513 514 514 514 512 512 512 513 513 513 517 517 517 518 518 518 517 517 517 514 514 514 519 519 519 517 517 517 518 518 518 520 520 520 519 519 519 518 518 518 521 521 521 519 519 519 520 520 520 517 517 517 522 522 522 512 512 512 523 523 523 522 522 522 517 517 517 521 521 521 522 522 522 523 523 523 522 522 522 524 524 524 525 525 525 526 526 526 524 524 524 527 527 527 528 528 528 524 524 524 522 522 522 528 528 528 522 522 522 521 521 521 529 529 529 528 528 528 530 530 530 530 530 530 528 528 528 521 521 521 530 530 530 521 521 521 531 531 531 531 531 531 521 521 521 520 520 520 531 531 531 532 532 532 530 530 530 533 533 533 532 532 532 531 531 531 520 520 520 534 534 534 531 531 531 531 531 531 534 534 534 535 535 535 531 531 531 535 535 535 536 536 536 537 537 537 536 536 536 538 538 538 534 534 534 537 537 537 535 535 535 539 539 539 537 537 537 534 534 534 540 540 540 539 539 539 541 541 541 539 539 539 534 534 534 541 541 541 541 541 541 542 542 542 543 543 543 541 541 541 534 534 534 544 544 544 545 545 545 541 541 541 544 544 544 545 545 545 544 544 544 546 546 546 546 546 546 544 544 544 547 547 547 548 548 548 549 549 549 547 547 547 550 550 550 547 547 547 551 551 551 551 551 551 547 547 547 552 552 552 547 547 547 544 544 544 552 552 552 534 534 534 516 516 516 544 544 544 544 544 544 516 516 516 479 479 479 544 544 544 479 479 479 552 552 552 534 534 534 553 553 553 516 516 516 553 553 553 534 534 534 520 520 520 554 554 554 516 516 516 553 553 553 555 555 555 553 553 553 520 520 520 514 514 514 554 554 554 553 553 553 514 514 514 553 553 553 555 555 555 552 552 552 479 479 479 478 478 478 556 556 556 552 552 552 478 478 478 478 478 478 557 557 557 556 556 556 557 557 557 558 558 558 556 556 556 556 556 556 559 559 559 560 560 560 561 561 561 559 559 559 556 556 556 562 562 562 561 561 561 563 563 563 556 556 556 564 564 564 552 552 552 563 563 563 565 565 565 566 566 566 566 566 566 565 565 565 564 564 564 564 564 564 565 565 565 567 567 567 564 564 564 568 568 568 552 552 552 552 552 552 568 568 568 569 569 569 568 568 568 565 565 565 570 570 570 568 568 568 570 570 570 569 569 569 571 571 571 570 570 570 572 572 572 573 573 573 574 574 574 575 575 575 573 573 573 576 576 576 577 577 577 577 577 577 578 578 578 579 579 579 576 576 576 580 580 580 577 577 577 577 577 577 580 580 580 581 581 581 577 577 577 581 581 581 582 582 582 583 583 583 577 577 577 582 582 582 582 582 582 584 584 584 585 585 585 585 585 585 584 584 584 586 586 586 584 584 584 587 587 587 586 586 586 576 576 576 588 588 588 587 587 587 587 587 587 589 589 589 586 586 586 590 590 590 588 588 588 576 576 576 590 590 590 591 591 591 592 592 592 593 593 593 590 590 590 592 592 592 588 588 588 590 590 590 593 593 593 594 594 594 588 588 588 593 593 593 595 595 595 588 588 588 594 594 594 596 596 596 597 597 597 593 593 593 596 596 596 595 595 595 594 594 594 598 598 598 596 596 596 593 593 593 599 599 599 595 595 595 596 596 596 598 598 598 600 600 600 601 601 601 601 601 601 596 596 596 598 598 598 602 602 602 596 596 596 601 601 601 596 596 596 602 602 602 603 603 603 602 602 602 604 604 604 603 603 603 605 605 605 596 596 596 603 603 603 606 606 606 596 596 596 605 605 605 607 607 607 596 596 596 606 606 606 604 604 604 608 608 608 609 609 609 610 610 610 608 608 608 604 604 604 611 611 611 607 607 607 606 606 606 595 595 595 607 607 607 611 611 611 612 612 612 595 595 595 611 611 611 589 589 589 595 595 595 612 612 612 613 613 613 606 606 606 614 614 614 606 606 606 615 615 615 614 614 614 586 586 586 589 589 589 612 612 612 616 616 616 610 610 610 617 617 617 617 617 617 610 610 610 604 604 604 618 618 618 619 619 619 617 617 617 619 619 619 620 620 620 617 617 617 617 617 617 620 620 620 621 621 621 604 604 604 622 622 622 617 617 617 604 604 604 623 623 623 622 622 622 622 622 622 623 623 623 624 624 624 623 623 623 625 625 625 624 624 624 624 624 624 625 625 625 626 626 626 625 625 625 627 627 627 626 626 626 628 628 628 629 629 629 623 623 623 629 629 629 630 630 630 623 623 623 623 623 623 630 630 630 631 631 631 630 630 630 632 632 632 631 631 631 631 631 631 632 632 632 633 633 633 634 634 634 623 623 623 635 635 635 636 636 636 634 634 634 635 635 635 632 632 632 637 637 637 633 633 633 633 633 633 637 637 637 626 626 626 626 626 626 637 637 637 638 638 638 629 629 629 639 639 639 640 640 640 639 639 639 641 641 641 640 640 640 640 640 640 641 641 641 642 642 642 641 641 641 643 643 643 642 642 642 644 644 644 645 645 645 641 641 641 645 645 645 646 646 646 641 641 641 641 641 641 646 646 646 647 647 647 646 646 646 648 648 648 647 647 647 647 647 647 648 648 648 649 649 649 650 650 650 648 648 648 651 651 651 652 652 652 650 650 650 651 651 651 653 653 653 650 650 650 652 652 652 647 647 647 654 654 654 655 655 655 655 655 655 654 654 654 656 656 656 657 657 657 658 658 658 655 655 655 659 659 659 660 660 660 647 647 647 661 661 661 659 659 659 647 647 647 647 647 647 660 660 660 662 662 662 663 663 663 659 659 659 661 661 661 660 660 660 664 664 664 662 662 662 665 665 665 663 663 663 661 661 661 666 666 666 663 663 663 665 665 665 662 662 662 664 664 664 637 637 637 664 664 664 667 667 667 637 637 637 668 668 668 666 666 666 669 669 669 670 670 670 666 666 666 668 668 668 671 671 671 670 670 670 668 668 668 672 672 672 670 670 670 673 673 673 637 637 637 667 667 667 674 674 674 667 667 667 675 675 675 674 674 674 676 676 676 637 637 637 677 677 677 678 678 678 676 676 676 677 677 677 679 679 679 676 676 676 678 678 678 680 680 680 679 679 679 678 678 678 637 637 637 681 681 681 638 638 638 638 638 638 681 681 681 617 617 617 681 681 681 682 682 682 617 617 617 682 682 682 680 680 680 606 606 606 606 606 606 680 680 680 683 683 683 680 680 680 612 612 612 683 683 683 612 612 612 680 680 680 684 684 684 680 680 680 685 685 685 684 684 684 684 684 684 685 685 685 674 674 674 686 686 686 612 612 612 684 684 684 612 612 612 686 686 686 586 586 586 674 674 674 687 687 687 684 684 684 675 675 675 687 687 687 674 674 674 687 687 687 688 688 688 684 684 684 689 689 689 675 675 675 690 690 690 690 690 690 675 675 675 691 691 691 692 692 692 690 690 690 693 693 693 690 690 690 694 694 694 693 693 693 693 693 693 694 694 694 695 695 695 694 694 694 696 696 696 695 695 695 696 696 696 697 697 697 695 695 695 695 695 695 697 697 697 698 698 698 699 699 699 700 700 700 693 693 693 701 701 701 700 700 700 699 699 699 690 690 690 700 700 700 702 702 702 703 703 703 690 690 690 702 702 702 703 703 703 702 702 702 704 704 704 705 705 705 703 703 703 704 704 704 706 706 706 703 703 703 705 705 705 707 707 707 708 708 708 705 705 705 687 687 687 706 706 706 705 705 705 709 709 709 710 710 710 699 699 699 699 699 699 710 710 710 711 711 711 705 705 705 712 712 712 713 713 713 687 687 687 705 705 705 713 713 713 687 687 687 713 713 713 714 714 714 714 714 714 715 715 715 716 716 716 717 717 717 714 714 714 716 716 716 718 718 718 687 687 687 714 714 714 718 718 718 688 688 688 687 687 687 719 719 719 714 714 714 717 717 717 718 718 718 714 714 714 719 719 719 720 720 720 688 688 688 718 718 718 721 721 721 688 688 688 722 722 722 721 721 721 722 722 722 686 686 686 722 722 722 723 723 723 686 686 686 723 723 723 720 720 720 724 724 724 724 724 724 720 720 720 718 718 718 723 723 723 725 725 725 686 686 686 725 725 725 726 726 726 724 724 724 686 686 686 725 725 725 586 586 586 727 727 727 728 728 728 724 724 724 729 729 729 727 727 727 730 730 730 731 731 731 732 732 732 730 730 730 733 733 733 724 724 724 718 718 718 734 734 734 733 733 733 718 718 718 735 735 735 734 734 734 736 736 736 736 736 736 734 734 734 718 718 718 737 737 737 736 736 736 738 738 738 736 736 736 739 739 739 738 738 738 740 740 740 718 718 718 739 739 739 718 718 718 719 719 719 739 739 739 739 739 739 719 719 719 741 741 741 742 742 742 739 739 739 743 743 743 739 739 739 741 741 741 743 743 743 743 743 743 741 741 741 744 744 744 741 741 741 745 745 745 744 744 744 746 746 746 747 747 747 745 745 745 746 746 746 748 748 748 749 749 749 750 750 750 741 741 741 751 751 751 751 751 751 741 741 741 752 752 752 752 752 752 741 741 741 717 717 717 741 741 741 753 753 753 717 717 717 754 754 754 755 755 755 751 751 751 754 754 754 756 756 756 717 717 717 757 757 757 756 756 756 754 754 754 758 758 758 759 759 759 760 760 760 758 758 758 761 761 761 762 762 762 763 763 763 762 762 762 764 764 764 761 761 761 765 765 765 766 766 766 767 767 767 761 761 761 768 768 768 767 767 767 766 766 766 769 769 769 766 766 766 770 770 770 769 769 769 769 769 769 771 771 771 767 767 767 772 772 772 771 771 771 769 769 769 769 769 769 773 773 773 772 772 772 773 773 773 774 774 774 772 772 772 772 772 772 774 774 774 775 775 775 776 776 776 772 772 772 775 775 775 775 775 775 777 777 777 776 776 776 778 778 778 776 776 776 777 777 777 777 777 777 779 779 779 780 780 780 781 781 781 780 780 780 779 779 779 782 782 782 780 780 780 781 781 781 783 783 783 782 782 782 781 781 781 784 784 784 762 762 762 785 785 785 786 786 786 784 784 784 787 787 787 786 786 786 788 788 788 789 789 789 789 789 789 790 790 790 786 786 786 786 786 786 790 790 790 791 791 791 785 785 785 792 792 792 786 786 786 793 793 793 792 792 792 785 785 785 794 794 794 791 791 791 795 795 795 796 796 796 791 791 791 794 794 794 797 797 797 785 785 785 798 798 798 796 796 796 794 794 794 799 799 799 796 796 796 799 799 799 800 800 800 794 794 794 801 801 801 799 799 799 802 802 802 800 800 800 799 799 799 799 799 799 803 803 803 802 802 802 804 804 804 805 805 805 794 794 794 806 806 806 804 804 804 794 794 794 807 807 807 804 804 804 806 806 806 802 802 802 803 803 803 808 808 808 809 809 809 802 802 802 808 808 808 810 810 810 809 809 809 811 811 811 803 803 803 812 812 812 808 808 808 808 808 808 812 812 812 813 813 813 812 812 812 814 814 814 813 813 813 813 813 813 814 814 814 815 815 815 807 807 807 790 790 790 816 816 816 817 817 817 807 807 807 816 816 816 816 816 816 818 818 818 817 817 817 816 816 816 819 819 819 818 818 818 820 820 820 819 819 819 816 816 816 816 816 816 821 821 821 820 820 820 822 822 822 821 821 821 816 816 816 821 821 821 823 823 823 793 793 793 824 824 824 821 821 821 793 793 793 793 793 793 825 825 825 824 824 824 826 826 826 821 821 821 824 824 824 824 824 824 825 825 825 827 827 827 828 828 828 821 821 821 829 829 829 830 830 830 819 819 819 828 828 828 831 831 831 830 830 830 828 828 828 831 831 831 832 832 832 830 830 830 833 833 833 819 819 819 830 830 830 834 834 834 819 819 819 833 833 833 835 835 835 832 832 832 833 833 833 832 832 832 836 836 836 833 833 833 837 837 837 832 832 832 827 827 827 838 838 838 837 837 837 827 827 827 838 838 838 839 839 839 840 840 840 840 840 840 841 841 841 838 838 838 842 842 842 840 840 840 843 843 843 842 842 842 843 843 843 844 844 844 836 836 836 845 845 845 846 846 846 846 846 846 847 847 847 834 834 834 845 845 845 847 847 847 846 846 846 847 847 847 845 845 845 848 848 848 845 845 845 849 849 849 848 848 848 850 850 850 847 847 847 848 848 848 851 851 851 850 850 850 848 848 848 851 851 851 852 852 852 850 850 850 853 853 853 850 850 850 852 852 852 854 854 854 853 853 853 852 852 852 855 855 855 852 852 852 851 851 851 855 855 855 856 856 856 852 852 852 851 851 851 857 857 857 858 858 858 858 858 858 857 857 857 842 842 842 842 842 842 859 859 859 858 858 858 859 859 859 860 860 860 858 858 858 860 860 860 861 861 861 855 855 855 860 860 860 862 862 862 861 861 861 861 861 861 863 863 863 864 864 864 864 864 864 863 863 863 865 865 865 863 863 863 866 866 866 865 865 865 862 862 862 867 867 867 866 866 866 868 868 868 869 869 869 867 867 867 868 868 868 867 867 867 870 870 870 871 871 871 870 870 870 872 872 872 873 873 873 870 870 870 874 874 874 875 875 875 873 873 873 876 876 876 876 876 876 873 873 873 874 874 874 877 877 877 878 878 878 874 874 874 879 879 879 877 877 877 874 874 874 877 877 877 880 880 880 881 881 881 881 881 881 880 880 880 882 882 882 883 883 883 884 884 884 868 868 868 885 885 885 883 883 883 868 868 868 868 868 868 886 886 886 887 887 887 886 886 886 854 854 854 887 887 887 888 888 888 889 889 889 883 883 883 889 889 889 890 890 890 883 883 883 883 883 883 890 890 890 891 891 891 890 890 890 892 892 892 891 891 891 892 892 892 893 893 893 894 894 894 893 893 893 895 895 895 896 896 896 896 896 896 895 895 895 897 897 897 854 854 854 898 898 898 899 899 899 900 900 900 898 898 898 854 854 854 886 886 886 900 900 900 854 854 854 901 901 901 900 900 900 886 886 886 883 883 883 901 901 901 886 886 886 902 902 902 901 901 901 883 883 883 898 898 898 903 903 903 904 904 904 903 903 903 905 905 905 904 904 904 906 906 906 902 902 902 883 883 883 907 907 907 908 908 908 905 905 905 902 902 902 907 907 907 905 905 905 909 909 909 902 902 902 906 906 906 910 910 910 909 909 909 906 906 906 909 909 909 911 911 911 902 902 902 912 912 912 911 911 911 909 909 909 913 913 913 914 914 914 915 915 915 916 916 916 915 915 915 917 917 917 918 918 918 919 919 919 920 920 920 920 920 920 921 921 921 922 922 922 923 923 923 922 922 922 924 924 924 923 923 923 924 924 924 925 925 925 926 926 926 927 927 927 928 928 928 929 929 929 926 926 926 930 930 930 931 931 931 929 929 929 930 930 930 932 932 932 933 933 933 931 931 931 933 933 933 932 932 932 934 934 934 934 934 934 932 932 932 935 935 935 932 932 932 936 936 936 935 935 935 935 935 935 936 936 936 937 937 937 938 938 938 937 937 937 939 939 939 940 940 940 938 938 938 941 941 941 942 942 942 938 938 938 940 940 940 943 943 943 938 938 938 939 939 939 937 937 937 944 944 944 939 939 939 944 944 944 945 945 945 939 939 939 942 942 942 946 946 946 947 947 947 943 943 943 948 948 948 946 946 946 939 939 939 948 948 948 943 943 943 946 946 946 949 949 949 947 947 947 948 948 948 949 949 949 946 946 946 950 950 950 947 947 947 949 949 949 951 951 951 952 952 952 949 949 949 953 953 953 951 951 951 949 949 949 949 949 949 954 954 954 953 953 953 955 955 955 956 956 956 953 953 953 957 957 957 956 956 956 955 955 955 953 953 953 954 954 954 958 958 958 959 959 959 958 958 958 960 960 960 961 961 961 960 960 960 958 958 958 962 962 962 960 960 960 961 961 961 958 958 958 954 954 954 963 963 963 961 961 961 964 964 964 965 965 965 963 963 963 954 954 954 966 966 966 967 967 967 964 964 964 968 968 968 969 969 969 964 964 964 967 967 967 954 954 954 970 970 970 966 966 966 971 971 971 967 967 967 970 970 970 972 972 972 971 971 971 970 970 970 970 970 970 973 973 973 972 972 972 973 973 973 974 974 974 972 972 972 975 975 975 974 974 974 976 976 976 974 974 974 977 977 977 976 976 976 977 977 977 978 978 978 979 979 979 979 979 979 978 978 978 980 980 980 978 978 978 981 981 981 982 982 982 982 982 982 981 981 981 983 983 983 984 984 984 981 981 981 985 985 985 986 986 986 984 984 984 985 985 985 987 987 987 984 984 984 986 986 986 988 988 988 987 987 987 986 986 986 989 989 989 990 990 990 984 984 984 991 991 991 990 990 990 992 992 992 993 993 993 990 990 990 991 991 991 990 990 990 994 994 994 984 984 984 984 984 984 994 994 994 982 982 982 995 995 995 996 996 996 994 994 994 993 993 993 996 996 996 997 997 997 994 994 994 997 997 997 982 982 982 996 996 996 998 998 998 997 997 997 982 982 982 997 997 997 999 999 999 982 982 982 999 999 999 1000 1000 1000 997 997 997 1001 1001 1001 999 999 999 1000 1000 1000 999 999 999 1002 1002 1002 1001 1001 1001 1003 1003 1003 999 999 999 999 999 999 1003 1003 1003 1004 1004 1004 999 999 999 1005 1005 1005 1002 1002 1002 1005 1005 1005 1006 1006 1006 1007 1007 1007 1006 1006 1006 1008 1008 1008 1007 1007 1007 1008 1008 1008 1009 1009 1009 1010 1010 1010 1010 1010 1010 1011 1011 1011 1012 1012 1012 1011 1011 1011 1013 1013 1013 1012 1012 1012 1012 1012 1012 1013 1013 1013 1014 1014 1014 1015 1015 1015 988 988 988 1016 1016 1016 1017 1017 1017 1016 1016 1016 1018 1018 1018 1015 1015 1015 1016 1016 1016 1017 1017 1017 1017 1017 1017 1019 1019 1019 1015 1015 1015 1019 1019 1019 1020 1020 1020 1015 1015 1015 1021 1021 1021 1022 1022 1022 1019 1019 1019 1023 1023 1023 1024 1024 1024 1025 1025 1025 1025 1025 1025 1026 1026 1026 1027 1027 1027 1028 1028 1028 1029 1029 1029 1030 1030 1030 1028 1028 1028 1031 1031 1031 1032 1032 1032 1032 1032 1032 1033 1033 1033 1034 1034 1034 1035 1035 1035 1033 1033 1033 1032 1032 1032 1036 1036 1036 1037 1037 1037 1035 1035 1035 1037 1037 1037 1038 1038 1038 1035 1035 1035 1038 1038 1038 1039 1039 1039 1035 1035 1035 1040 1040 1040 1041 1041 1041 1033 1033 1033 1042 1042 1042 1043 1043 1043 1033 1033 1033 1044 1044 1044 1042 1042 1042 1033 1033 1033 1045 1045 1045 1042 1042 1042 1046 1046 1046 1047 1047 1047 1045 1045 1045 1048 1048 1048 1049 1049 1049 1047 1047 1047 1048 1048 1048 1050 1050 1050 1051 1051 1051 1038 1038 1038 1038 1038 1038 1051 1051 1051 1052 1052 1052 1051 1051 1051 867 867 867 1052 1052 1052 1053 1053 1053 1052 1052 1052 867 867 867 1054 1054 1054 1053 1053 1053 1055 1055 1055 1053 1053 1053 1056 1056 1056 1055 1055 1055 1052 1052 1052 1057 1057 1057 1038 1038 1038 1038 1038 1038 1057 1057 1057 1041 1041 1041 1041 1041 1041 1057 1057 1057 1058 1058 1058 1059 1059 1059 1057 1057 1057 1052 1052 1052 1056 1056 1056 1060 1060 1060 1059 1059 1059 1061 1061 1061 1059 1059 1059 1060 1060 1060 1062 1062 1062 1059 1059 1059 1061 1061 1061 1063 1063 1063 1057 1057 1057 1059 1059 1059 1064 1064 1064 1065 1065 1065 1062 1062 1062 1062 1062 1062 1065 1065 1065 1066 1066 1066 1066 1066 1066 1057 1057 1057 1063 1063 1063 1066 1066 1066 1065 1065 1065 1067 1067 1067 1066 1066 1066 1067 1067 1067 1068 1068 1068 1067 1067 1067 1069 1069 1069 1068 1068 1068 1069 1069 1069 1070 1070 1070 798 798 798 1071 1071 1071 1069 1069 1069 798 798 798 1071 1071 1071 1072 1072 1072 1066 1066 1066 1072 1072 1072 1057 1057 1057 1066 1066 1066 1073 1073 1073 1072 1072 1072 1071 1071 1071 1074 1074 1074 1072 1072 1072 1073 1073 1073 798 798 798 785 785 785 1074 1074 1074 1074 1074 1074 785 785 785 762 762 762 762 762 762 1075 1075 1075 1074 1074 1074 1076 1076 1076 1074 1074 1074 1075 1075 1075 1076 1076 1076 1075 1075 1075 1077 1077 1077 1076 1076 1076 1078 1078 1078 1074 1074 1074 1078 1078 1078 1072 1072 1072 1074 1074 1074 1079 1079 1079 1078 1078 1078 1076 1076 1076 1080 1080 1080 1077 1077 1077 1079 1079 1079 1077 1077 1077 1081 1081 1081 1079 1079 1079 1082 1082 1082 1079 1079 1079 1083 1083 1083 1084 1084 1084 1079 1079 1079 1082 1082 1082 1085 1085 1085 1078 1078 1078 1079 1079 1079 1084 1084 1084 1085 1085 1085 1079 1079 1079 1086 1086 1086 1085 1085 1085 1084 1084 1084 1087 1087 1087 1084 1084 1084 1088 1088 1088 1089 1089 1089 1088 1088 1088 1084 1084 1084 1090 1090 1090 1086 1086 1086 1084 1084 1084 1090 1090 1090 1088 1088 1088 1091 1091 1091 1088 1088 1088 1092 1092 1092 1091 1091 1091 1093 1093 1093 1086 1086 1086 1090 1090 1090 970 970 970 1086 1086 1086 1093 1093 1093 970 970 970 1094 1094 1094 1086 1086 1086 954 954 954 1094 1094 1094 970 970 970 1094 1094 1094 1095 1095 1095 1086 1086 1086 1096 1096 1096 1094 1094 1094 954 954 954 1096 1096 1096 1097 1097 1097 1098 1098 1098 954 954 954 1099 1099 1099 1096 1096 1096 1096 1096 1096 1100 1100 1100 1095 1095 1095 954 954 954 1101 1101 1101 1099 1099 1099 1102 1102 1102 1099 1099 1099 1103 1103 1103 1103 1103 1103 1104 1104 1104 1101 1101 1101 1095 1095 1095 1105 1105 1105 1086 1086 1086 1100 1100 1100 1105 1105 1105 1095 1095 1095 1086 1086 1086 1105 1105 1105 1106 1106 1106 1106 1106 1106 1105 1105 1105 1078 1078 1078 1105 1105 1105 1072 1072 1072 1078 1078 1078 1103 1103 1103 1107 1107 1107 1100 1100 1100 1100 1100 1100 1107 1107 1107 1105 1105 1105 1105 1105 1105 1107 1107 1107 1072 1072 1072 1103 1103 1103 1101 1101 1101 1107 1107 1107 1072 1072 1072 1107 1107 1107 1057 1057 1057 1057 1057 1057 1107 1107 1107 1108 1108 1108 1107 1107 1107 1109 1109 1109 1108 1108 1108 1109 1109 1109 1107 1107 1107 1101 1101 1101 1109 1109 1109 1101 1101 1101 954 954 954 1110 1110 1110 1109 1109 1109 954 954 954 948 948 948 1109 1109 1109 1110 1110 1110 939 939 939 1109 1109 1109 948 948 948 1057 1057 1057 1111 1111 1111 1112 1112 1112 1057 1057 1057 1113 1113 1113 1111 1111 1111 1111 1111 1111 1113 1113 1113 1109 1109 1109 1109 1109 1109 939 939 939 1114 1114 1114 1111 1111 1111 1109 1109 1109 1114 1114 1114 939 939 939 1115 1115 1115 1114 1114 1114 1116 1116 1116 1115 1115 1115 939 939 939 1111 1111 1111 1114 1114 1114 1117 1117 1117 1046 1046 1046 1111 1111 1111 1117 1117 1117 1118 1118 1118 1111 1111 1111 1046 1046 1046 1119 1119 1119 1111 1111 1111 1118 1118 1118 1120 1120 1120 1119 1119 1119 1118 1118 1118 1117 1117 1117 1114 1114 1114 1121 1121 1121 1121 1121 1121 1114 1114 1114 1122 1122 1122 1122 1122 1122 1114 1114 1114 1123 1123 1123 1123 1123 1123 1114 1114 1114 1124 1124 1124 1123 1123 1123 1125 1125 1125 1122 1122 1122 1125 1125 1125 1126 1126 1126 1127 1127 1127 1127 1127 1127 1126 1126 1126 1121 1121 1121 1128 1128 1128 1121 1121 1121 1126 1126 1126 1121 1121 1121 1128 1128 1128 1129 1129 1129 1128 1128 1128 1130 1130 1130 1129 1129 1129 1131 1131 1131 1128 1128 1128 1132 1132 1132 1133 1133 1133 1128 1128 1128 1131 1131 1131 1134 1134 1134 1135 1135 1135 1133 1133 1133 1134 1134 1134 1133 1133 1133 1136 1136 1136 1134 1134 1134 1136 1136 1136 1137 1137 1137 1137 1137 1137 1136 1136 1136 1138 1138 1138 1139 1139 1139 1140 1140 1140 1131 1131 1131 1141 1141 1141 1140 1140 1140 1139 1139 1139 1123 1123 1123 1140 1140 1140 1141 1141 1141 1123 1123 1123 1142 1142 1142 1140 1140 1140 1143 1143 1143 1142 1142 1142 1123 1123 1123 1143 1143 1143 1123 1123 1123 1144 1144 1144 1143 1143 1143 1145 1145 1145 1146 1146 1146 1147 1147 1147 1146 1146 1146 1148 1148 1148 1149 1149 1149 1150 1150 1150 1147 1147 1147 1116 1116 1116 1146 1146 1146 1151 1151 1151 1152 1152 1152 1146 1146 1146 1116 1116 1116 944 944 944 1152 1152 1152 1116 1116 1116 1153 1153 1153 1149 1149 1149 1146 1146 1146 1153 1153 1153 1150 1150 1150 1149 1149 1149 1154 1154 1154 1146 1146 1146 1155 1155 1155 1153 1153 1153 1146 1146 1146 1154 1154 1154 944 944 944 1156 1156 1156 1154 1154 1154 1157 1157 1157 944 944 944 1154 1154 1154 1154 1154 1154 1158 1158 1158 1159 1159 1159 1154 1154 1154 1160 1160 1160 1158 1158 1158 1161 1161 1161 1153 1153 1153 1158 1158 1158 1162 1162 1162 1153 1153 1153 1161 1161 1161 1163 1163 1163 1153 1153 1153 1162 1162 1162 1164 1164 1164 1163 1163 1163 1162 1162 1162 1165 1165 1165 1163 1163 1163 1164 1164 1164 1163 1163 1163 1165 1165 1165 1166 1166 1166 1166 1166 1166 1167 1167 1167 1168 1168 1168 1168 1168 1168 1169 1169 1169 1166 1166 1166 1166 1166 1166 1169 1169 1169 1163 1163 1163 1169 1169 1169 1168 1168 1168 1170 1170 1170 1171 1171 1171 1153 1153 1153 1163 1163 1163 1171 1171 1171 1150 1150 1150 1153 1153 1153 1172 1172 1172 1173 1173 1173 1163 1163 1163 1173 1173 1173 1171 1171 1171 1163 1163 1163 1174 1174 1174 1170 1170 1170 1175 1175 1175 1176 1176 1176 1177 1177 1177 1174 1174 1174 1178 1178 1178 1170 1170 1170 1174 1174 1174 1170 1170 1170 1178 1178 1178 1179 1179 1179 1170 1170 1170 1179 1179 1179 1169 1169 1169 1179 1179 1179 1180 1180 1180 1169 1169 1169 1181 1181 1181 1180 1180 1180 1182 1182 1182 1180 1180 1180 1183 1183 1183 1182 1182 1182 1180 1180 1180 1184 1184 1184 1169 1169 1169 1184 1184 1184 1185 1185 1185 1169 1169 1169 1173 1173 1173 1169 1169 1169 1185 1185 1185 1184 1184 1184 1186 1186 1186 1185 1185 1185 1187 1187 1187 1186 1186 1186 1184 1184 1184 1187 1187 1187 1188 1188 1188 1189 1189 1189 1188 1188 1188 1190 1190 1190 1191 1191 1191 1190 1190 1190 1192 1192 1192 1191 1191 1191 1191 1191 1191 1192 1192 1192 1193 1193 1193 1193 1193 1193 1192 1192 1192 1194 1194 1194 1192 1192 1192 1195 1195 1195 1194 1194 1194 1196 1196 1196 1195 1195 1195 1192 1192 1192 1194 1194 1194 1195 1195 1195 1197 1197 1197 1198 1198 1198 1195 1195 1195 1196 1196 1196 1196 1196 1196 1199 1199 1199 1198 1198 1198 1198 1198 1198 1199 1199 1199 1200 1200 1200 1198 1198 1198 1201 1201 1201 1202 1202 1202 1200 1200 1200 1203 1203 1203 1198 1198 1198 1204 1204 1204 1195 1195 1195 1198 1198 1198 1205 1205 1205 1195 1195 1195 1204 1204 1204 1206 1206 1206 1205 1205 1205 1204 1204 1204 1207 1207 1207 1205 1205 1205 1206 1206 1206 1195 1195 1195 1208 1208 1208 1197 1197 1197 1197 1197 1197 1208 1208 1208 1209 1209 1209 1208 1208 1208 1210 1210 1210 1209 1209 1209 1209 1209 1209 1210 1210 1210 1211 1211 1211 1211 1211 1211 1212 1212 1212 1209 1209 1209 1213 1213 1213 1197 1197 1197 1214 1214 1214 1209 1209 1209 1212 1212 1212 1213 1213 1213 1212 1212 1212 1215 1215 1215 1213 1213 1213 1212 1212 1212 1216 1216 1216 1217 1217 1217 1216 1216 1216 1218 1218 1218 1217 1217 1217 1219 1219 1219 1216 1216 1216 1220 1220 1220 1215 1215 1215 1221 1221 1221 1222 1222 1222 1213 1213 1213 1215 1215 1215 1222 1222 1222 1213 1213 1213 1222 1222 1222 1223 1223 1223 1223 1223 1223 1222 1222 1222 1224 1224 1224 1224 1224 1224 1222 1222 1222 1225 1225 1225 1222 1222 1222 1226 1226 1226 1225 1225 1225 1227 1227 1227 1228 1228 1228 1225 1225 1225 1229 1229 1229 1213 1213 1213 1223 1223 1223 1230 1230 1230 1213 1213 1213 1229 1229 1229 1231 1231 1231 1230 1230 1230 1229 1229 1229 1185 1185 1185 1231 1231 1231 1229 1229 1229 1185 1185 1185 1229 1229 1229 1232 1232 1232 1232 1232 1232 1173 1173 1173 1185 1185 1185 1173 1173 1173 1232 1232 1232 1233 1233 1233 1233 1233 1233 1232 1232 1232 1234 1234 1234 1232 1232 1232 1229 1229 1229 1234 1234 1234 1229 1229 1229 1235 1235 1235 1234 1234 1234 1235 1235 1235 1236 1236 1236 1234 1234 1234 1223 1223 1223 1237 1237 1237 1236 1236 1236 1238 1238 1238 1237 1237 1237 1239 1239 1239 1236 1236 1236 1237 1237 1237 1238 1238 1238 1238 1238 1238 1225 1225 1225 1240 1240 1240 1225 1225 1225 1241 1241 1241 1240 1240 1240 1240 1240 1240 1241 1241 1241 1242 1242 1242 1242 1242 1242 1241 1241 1241 1243 1243 1243 1244 1244 1244 1236 1236 1236 1238 1238 1238 1245 1245 1245 1243 1243 1243 1246 1246 1246 1247 1247 1247 1245 1245 1245 1246 1246 1246 1248 1248 1248 1245 1245 1245 1247 1247 1247 1249 1249 1249 1248 1248 1248 1247 1247 1247 1250 1250 1250 1248 1248 1248 1249 1249 1249 1251 1251 1251 1248 1248 1248 1250 1250 1250 1250 1250 1250 1252 1252 1252 1253 1253 1253 1254 1254 1254 1255 1255 1255 1253 1253 1253 1256 1256 1256 1255 1255 1255 1254 1254 1254 1257 1257 1257 1256 1256 1256 1254 1254 1254 1258 1258 1258 1251 1251 1251 1250 1250 1250 1244 1244 1244 1251 1251 1251 1258 1258 1258 1259 1259 1259 1260 1260 1260 1258 1258 1258 1260 1260 1260 1261 1261 1261 1258 1258 1258 1262 1262 1262 1244 1244 1244 1258 1258 1258 1262 1262 1262 1236 1236 1236 1244 1244 1244 1236 1236 1236 1262 1262 1262 1234 1234 1234 1263 1263 1263 1262 1262 1262 1258 1258 1258 1234 1234 1234 1262 1262 1262 1264 1264 1264 1173 1173 1173 1264 1264 1264 1171 1171 1171 1264 1264 1264 1262 1262 1262 1171 1171 1171 1261 1261 1261 1265 1265 1265 1258 1258 1258 1258 1258 1258 1265 1265 1265 1266 1266 1266 1265 1265 1265 1262 1262 1262 1266 1266 1266 1262 1262 1262 1267 1267 1267 1171 1171 1171 1265 1265 1265 1267 1267 1267 1262 1262 1262 1171 1171 1171 1267 1267 1267 1150 1150 1150 1268 1268 1268 1150 1150 1150 1267 1267 1267 1268 1268 1268 1267 1267 1267 1269 1269 1269 1267 1267 1267 1270 1270 1270 1269 1269 1269 1131 1131 1131 1267 1267 1267 1265 1265 1265 1271 1271 1271 1270 1270 1270 1272 1272 1272 1273 1273 1273 1265 1265 1265 1261 1261 1261 1273 1273 1273 1274 1274 1274 1265 1265 1265 1275 1275 1275 1273 1273 1273 1261 1261 1261 1276 1276 1276 1273 1273 1273 1275 1275 1275 1250 1250 1250 1276 1276 1276 1275 1275 1275 1277 1277 1277 1276 1276 1276 1250 1250 1250 1278 1278 1278 1277 1277 1277 1250 1250 1250 1279 1279 1279 1277 1277 1277 1278 1278 1278 1280 1280 1280 1274 1274 1274 1281 1281 1281 1282 1282 1282 1283 1283 1283 1280 1280 1280 1284 1284 1284 1280 1280 1280 1281 1281 1281 1285 1285 1285 1282 1282 1282 1284 1284 1284 1286 1286 1286 1284 1284 1284 1282 1282 1282 1287 1287 1287 1284 1284 1284 1281 1281 1281 1288 1288 1288 1287 1287 1287 1281 1281 1281 1289 1289 1289 1287 1287 1287 1288 1288 1288 1290 1290 1290 1291 1291 1291 1287 1287 1287 1284 1284 1284 1292 1292 1292 1293 1293 1293 1292 1292 1292 1294 1294 1294 1293 1293 1293 1293 1293 1293 1295 1295 1295 1284 1284 1284 1284 1284 1284 1295 1295 1295 1296 1296 1296 1295 1295 1295 1297 1297 1297 1296 1296 1296 1296 1296 1296 1297 1297 1297 1298 1298 1298 1299 1299 1299 1300 1300 1300 1301 1301 1301 1302 1302 1302 1203 1203 1203 1299 1299 1299 1303 1303 1303 1203 1203 1203 1302 1302 1302 1304 1304 1304 1303 1303 1303 1302 1302 1302 1305 1305 1305 1303 1303 1303 1304 1304 1304 1306 1306 1306 1305 1305 1305 1304 1304 1304 1307 1307 1307 1305 1305 1305 1306 1306 1306 1308 1308 1308 1307 1307 1307 1306 1306 1306 1309 1309 1309 1310 1310 1310 1311 1311 1311 1312 1312 1312 1313 1313 1313 1309 1309 1309 1314 1314 1314 1313 1313 1313 1312 1312 1312 1315 1315 1315 1313 1313 1313 1314 1314 1314 1316 1316 1316 1317 1317 1317 1315 1315 1315 1318 1318 1318 1317 1317 1317 1316 1316 1316 1319 1319 1319 1320 1320 1320 1321 1321 1321 1322 1322 1322 1323 1323 1323 1321 1321 1321 1324 1324 1324 1325 1325 1325 1326 1326 1326 1325 1325 1325 1327 1327 1327 1328 1328 1328 1328 1328 1328 1327 1327 1327 1329 1329 1329 1330 1330 1330 1331 1331 1331 1332 1332 1332 1333 1333 1333 1332 1332 1332 1334 1334 1334 1335 1335 1335 1333 1333 1333 1336 1336 1336 1334 1334 1334 1337 1337 1337 1335 1335 1335 1338 1338 1338 1335 1335 1335 1337 1337 1337 1339 1339 1339 1338 1338 1338 1337 1337 1337 1337 1337 1337 1340 1340 1340 1339 1339 1339 1334 1334 1334 1341 1341 1341 1337 1337 1337 1342 1342 1342 1341 1341 1341 1334 1334 1334 1343 1343 1343 1342 1342 1342 1334 1334 1334 1344 1344 1344 1339 1339 1339 1345 1345 1345 1346 1346 1346 1344 1344 1344 1345 1345 1345 1347 1347 1347 1343 1343 1343 1348 1348 1348 1343 1343 1343 1349 1349 1349 1348 1348 1348 1350 1350 1350 1346 1346 1346 1351 1351 1351 1346 1346 1346 1350 1350 1350 1344 1344 1344 1352 1352 1352 1349 1349 1349 1353 1353 1353 1349 1349 1349 1352 1352 1352 1348 1348 1348 1348 1348 1348 1352 1352 1352 1354 1354 1354 1348 1348 1348 1355 1355 1355 1342 1342 1342 1355 1355 1355 1356 1356 1356 1342 1342 1342 1357 1357 1357 1355 1355 1355 1348 1348 1348 1355 1355 1355 1358 1358 1358 1356 1356 1356 1356 1356 1356 1358 1358 1358 1337 1337 1337 1359 1359 1359 1358 1358 1358 1355 1355 1355 1358 1358 1358 1360 1360 1360 1337 1337 1337 1337 1337 1337 1360 1360 1360 1361 1361 1361 1361 1361 1361 1360 1360 1360 1362 1362 1362 1360 1360 1360 1363 1363 1363 1362 1362 1362 1364 1364 1364 1350 1350 1350 1363 1363 1363 1365 1365 1365 1350 1350 1350 1364 1364 1364 1366 1366 1366 1367 1367 1367 1365 1365 1365 1365 1365 1365 1367 1367 1367 1368 1368 1368 1368 1368 1368 1367 1367 1367 1369 1369 1369 1369 1369 1369 1367 1367 1367 1370 1370 1370 1371 1371 1371 1348 1348 1348 1372 1372 1372 1372 1372 1372 1373 1373 1373 1371 1371 1371 1352 1352 1352 1373 1373 1373 1372 1372 1372 1374 1374 1374 1373 1373 1373 1375 1375 1375 1375 1375 1375 1373 1373 1373 1352 1352 1352 1352 1352 1352 1376 1376 1376 1375 1375 1375 1376 1376 1376 1352 1352 1352 1377 1377 1377 1378 1378 1378 1376 1376 1376 1377 1377 1377 1378 1378 1378 1379 1379 1379 1380 1380 1380 1381 1381 1381 1379 1379 1379 1378 1378 1378 1382 1382 1382 1379 1379 1379 1381 1381 1381 1383 1383 1383 1382 1382 1382 1381 1381 1381 1376 1376 1376 1384 1384 1384 1385 1385 1385 1384 1384 1384 1386 1386 1386 1385 1385 1385 1385 1385 1385 1386 1386 1386 1387 1387 1387 1386 1386 1386 1388 1388 1388 1387 1387 1387 1389 1389 1389 1384 1384 1384 1390 1390 1390 1390 1390 1390 1391 1391 1391 1386 1386 1386 1390 1390 1390 1384 1384 1384 1392 1392 1392 1393 1393 1393 1391 1391 1391 1390 1390 1390 1394 1394 1394 1392 1392 1392 1395 1395 1395 1396 1396 1396 1394 1394 1394 1395 1395 1395 1395 1395 1395 1392 1392 1392 1397 1397 1397 1398 1398 1398 1399 1399 1399 1396 1396 1396 1400 1400 1400 1399 1399 1399 1398 1398 1398 1401 1401 1401 1395 1395 1395 1397 1397 1397 1402 1402 1402 1401 1401 1401 1397 1397 1397 1403 1403 1403 1404 1404 1404 1397 1397 1397 1405 1405 1405 1404 1404 1404 1403 1403 1403 1406 1406 1406 1397 1397 1397 1407 1407 1407 1397 1397 1397 1408 1408 1408 1407 1407 1407 1407 1407 1407 1408 1408 1408 1409 1409 1409 1408 1408 1408 1410 1410 1410 1409 1409 1409 1411 1411 1411 1412 1412 1412 1406 1406 1406 1413 1413 1413 1412 1412 1412 1411 1411 1411 1411 1411 1411 1414 1414 1414 1415 1415 1415 1415 1415 1415 1414 1414 1414 1416 1416 1416 1414 1414 1414 1417 1417 1417 1416 1416 1416 1417 1417 1417 1418 1418 1418 1416 1416 1416 1419 1419 1419 1418 1418 1418 1420 1420 1420 1420 1420 1420 1421 1421 1421 1419 1419 1419 1422 1422 1422 1423 1423 1423 1421 1421 1421 1423 1423 1423 1424 1424 1424 1421 1421 1421 1425 1425 1425 1424 1424 1424 1426 1426 1426 1427 1427 1427 1419 1419 1419 1421 1421 1421 1428 1428 1428 1419 1419 1419 1427 1427 1427 1413 1413 1413 1419 1419 1419 1428 1428 1428 1429 1429 1429 1413 1413 1413 1428 1428 1428 1430 1430 1430 1429 1429 1429 1428 1428 1428 1431 1431 1431 1429 1429 1429 1430 1430 1430 1421 1421 1421 1424 1424 1424 1432 1432 1432 1433 1433 1433 1421 1421 1421 1432 1432 1432 1434 1434 1434 1433 1433 1433 1432 1432 1432 1424 1424 1424 1435 1435 1435 1432 1432 1432 1436 1436 1436 1437 1437 1437 1434 1434 1434 1438 1438 1438 1437 1437 1437 1436 1436 1436 1439 1439 1439 1438 1438 1438 1436 1436 1436 1424 1424 1424 1440 1440 1440 1435 1435 1435 1441 1441 1441 1440 1440 1440 1424 1424 1424 1435 1435 1435 1440 1440 1440 1442 1442 1442 1443 1443 1443 1442 1442 1442 1444 1444 1444 1445 1445 1445 1446 1446 1446 1442 1442 1442 1440 1440 1440 1445 1445 1445 1442 1442 1442 1444 1444 1444 1445 1445 1445 1447 1447 1447 1448 1448 1448 1445 1445 1445 1440 1440 1440 1448 1448 1448 1449 1449 1449 1444 1444 1444 1440 1440 1440 1450 1450 1450 1448 1448 1448 1440 1440 1440 1451 1451 1451 1450 1450 1450 1450 1450 1450 1449 1449 1449 1448 1448 1448 1452 1452 1452 1449 1449 1449 1450 1450 1450 1453 1453 1453 1450 1450 1450 1454 1454 1454 1455 1455 1455 1453 1453 1453 1454 1454 1454 1456 1456 1456 1449 1449 1449 1452 1452 1452 1455 1455 1455 1457 1457 1457 1458 1458 1458 1458 1458 1458 1457 1457 1457 1456 1456 1456 1457 1457 1457 1459 1459 1459 1456 1456 1456 1459 1459 1459 1460 1460 1460 1456 1456 1456 1461 1461 1461 1449 1449 1449 1456 1456 1456 1461 1461 1461 1456 1456 1456 1460 1460 1460 1449 1449 1449 1461 1461 1461 1462 1462 1462 1462 1462 1462 1461 1461 1461 1463 1463 1463 1464 1464 1464 1463 1463 1463 1465 1465 1465 1466 1466 1466 1464 1464 1464 1465 1465 1465 1464 1464 1464 1466 1466 1466 1467 1467 1467 1468 1468 1468 1467 1467 1467 1469 1469 1469 1467 1467 1467 1466 1466 1466 1470 1470 1470 1471 1471 1471 1472 1472 1472 1469 1469 1469 1473 1473 1473 1471 1471 1471 1469 1469 1469 1474 1474 1474 1471 1471 1471 1473 1473 1473 1469 1469 1469 1475 1475 1475 1476 1476 1476 1475 1475 1475 1477 1477 1477 1476 1476 1476 1476 1476 1476 1477 1477 1477 1478 1478 1478 1477 1477 1477 1479 1479 1479 1478 1478 1478 1480 1480 1480 1481 1481 1481 1474 1474 1474 1474 1474 1474 1481 1481 1481 1482 1482 1482 1482 1482 1482 1481 1481 1481 1483 1483 1483 1482 1482 1482 1483 1483 1483 1484 1484 1484 1483 1483 1483 1485 1485 1485 1484 1484 1484 1484 1484 1484 1485 1485 1485 1486 1486 1486 1485 1485 1485 1487 1487 1487 1486 1486 1486 1486 1486 1486 1487 1487 1487 1488 1488 1488 1487 1487 1487 1489 1489 1489 1488 1488 1488 1488 1488 1488 1489 1489 1489 1490 1490 1490 1490 1490 1490 1489 1489 1489 1491 1491 1491 1489 1489 1489 1492 1492 1492 1491 1491 1491 1492 1492 1492 1493 1493 1493 1494 1494 1494 1494 1494 1494 1493 1493 1493 1495 1495 1495 1495 1495 1495 1493 1493 1493 1496 1496 1496 1493 1493 1493 1497 1497 1497 1496 1496 1496 1497 1497 1497 1498 1498 1498 1496 1496 1496 1498 1498 1498 1499 1499 1499 1496 1496 1496 1497 1497 1497 1500 1500 1500 1501 1501 1501 1501 1501 1501 1500 1500 1500 1391 1391 1391 1391 1391 1391 1500 1500 1500 1502 1502 1502 1502 1502 1502 1500 1500 1500 1503 1503 1503 1500 1500 1500 1504 1504 1504 1503 1503 1503 1503 1503 1503 1504 1504 1504 1357 1357 1357 1357 1357 1357 1504 1504 1504 1505 1505 1505 1505 1505 1505 1504 1504 1504 1359 1359 1359 1506 1506 1506 1507 1507 1507 1479 1479 1479 1508 1508 1508 1506 1506 1506 1479 1479 1479 1509 1509 1509 1506 1506 1506 1508 1508 1508 1510 1510 1510 1506 1506 1506 1509 1509 1509 1511 1511 1511 1510 1510 1510 1509 1509 1509 1512 1512 1512 1511 1511 1511 1509 1509 1509 1513 1513 1513 1511 1511 1511 1512 1512 1512 1513 1513 1513 1514 1514 1514 1511 1511 1511 1515 1515 1515 1514 1514 1514 1513 1513 1513 1516 1516 1516 1514 1514 1514 1515 1515 1515 1517 1517 1517 1514 1514 1514 1516 1516 1516 1518 1518 1518 1519 1519 1519 1520 1520 1520 1519 1519 1519 1521 1521 1521 1522 1522 1522 1521 1521 1521 1523 1523 1523 1522 1522 1522 1523 1523 1523 1524 1524 1524 1525 1525 1525 1526 1526 1526 1527 1527 1527 1522 1522 1522 1528 1528 1528 1529 1529 1529 1523 1523 1523 1529 1529 1529 1530 1530 1530 1531 1531 1531 1529 1529 1529 1532 1532 1532 1523 1523 1523 1530 1530 1530 1533 1533 1533 1532 1532 1532 1533 1533 1533 1534 1534 1534 1532 1532 1532 1523 1523 1523 1532 1532 1532 1535 1535 1535 1532 1532 1532 1536 1536 1536 1535 1535 1535 1532 1532 1532 1534 1534 1534 1536 1536 1536 1534 1534 1534 1537 1537 1537 1536 1536 1536 1537 1537 1537 1538 1538 1538 1536 1536 1536 1522 1522 1522 1523 1523 1523 1539 1539 1539 1523 1523 1523 1540 1540 1540 1539 1539 1539 1540 1540 1540 1541 1541 1541 1542 1542 1542 1539 1539 1539 1540 1540 1540 1542 1542 1542 1543 1543 1543 1544 1544 1544 1539 1539 1539 1539 1539 1539 1544 1544 1544 1545 1545 1545 1546 1546 1546 1545 1545 1545 1522 1522 1522 1522 1522 1522 1545 1545 1545 1547 1547 1547 1545 1545 1545 1544 1544 1544 1548 1548 1548 1549 1549 1549 1545 1545 1545 1548 1548 1548 1549 1549 1549 1526 1526 1526 1522 1522 1522 1550 1550 1550 1526 1526 1526 1549 1549 1549 1551 1551 1551 1549 1549 1549 1548 1548 1548 1552 1552 1552 1550 1550 1550 1553 1553 1553 1550 1550 1550 1549 1549 1549 1554 1554 1554 1549 1549 1549 1551 1551 1551 1554 1554 1554 1555 1555 1555 1552 1552 1552 1554 1554 1554 1551 1551 1551 1555 1555 1555 1554 1554 1554 1556 1556 1556 1555 1555 1555 1551 1551 1551 1557 1557 1557 1556 1556 1556 1551 1551 1551 1557 1557 1557 1558 1558 1558 1559 1559 1559 1558 1558 1558 1560 1560 1560 1556 1556 1556 1557 1557 1557 1561 1561 1561 1558 1558 1558 1562 1562 1562 1560 1560 1560 1558 1558 1558 1562 1562 1562 1558 1558 1558 1563 1563 1563 1558 1558 1558 1561 1561 1561 1470 1470 1470 1563 1563 1563 1558 1558 1558 1564 1564 1564 1564 1564 1564 1558 1558 1558 1470 1470 1470 1466 1466 1466 1564 1564 1564 1470 1470 1470 1565 1565 1565 1566 1566 1566 1564 1564 1564 1466 1466 1466 1565 1565 1565 1564 1564 1564 1565 1565 1565 1466 1466 1466 1567 1567 1567 1568 1568 1568 1565 1565 1565 1567 1567 1567 1567 1567 1567 1466 1466 1466 1461 1461 1461 1569 1569 1569 1567 1567 1567 1461 1461 1461 1461 1461 1461 1460 1460 1460 1569 1569 1569 1460 1460 1460 1570 1570 1570 1569 1569 1569 1568 1568 1568 1571 1571 1571 1572 1572 1572 1571 1571 1571 1569 1569 1569 1572 1572 1572 1573 1573 1573 1574 1574 1574 1575 1575 1575 1575 1575 1575 1576 1576 1576 1577 1577 1577 1576 1576 1576 1578 1578 1578 1577 1577 1577 1579 1579 1579 1580 1580 1580 1578 1578 1578 1581 1581 1581 1582 1582 1582 1579 1579 1579 1582 1582 1582 1580 1580 1580 1579 1579 1579 1583 1583 1583 1584 1584 1584 1580 1580 1580 1580 1580 1580 1584 1584 1584 1585 1585 1585 1586 1586 1586 1584 1584 1584 1587 1587 1587 1588 1588 1588 1584 1584 1584 1586 1586 1586 1586 1586 1586 1589 1589 1589 1590 1590 1590 1588 1588 1588 1586 1586 1586 1591 1591 1591 1586 1586 1586 1580 1580 1580 1592 1592 1592 1591 1591 1591 1586 1586 1586 1592 1592 1592 1592 1592 1592 1580 1580 1580 1593 1593 1593 1580 1580 1580 1594 1594 1594 1593 1593 1593 1593 1593 1593 1594 1594 1594 1595 1595 1595 1596 1596 1596 1597 1597 1597 1591 1591 1591 1598 1598 1598 1597 1597 1597 1596 1596 1596 1599 1599 1599 1597 1597 1597 1598 1598 1598 1600 1600 1600 1599 1599 1599 1598 1598 1598 1597 1597 1597 1601 1601 1601 1591 1591 1591 1591 1591 1591 1601 1601 1601 1602 1602 1602 1603 1603 1603 1602 1602 1602 1604 1604 1604 1605 1605 1605 1603 1603 1603 1604 1604 1604 1604 1604 1604 1602 1602 1602 1606 1606 1606 1602 1602 1602 1601 1601 1601 1606 1606 1606 1606 1606 1606 1607 1607 1607 1608 1608 1608 1609 1609 1609 1606 1606 1606 1601 1601 1601 1610 1610 1610 1609 1609 1609 1611 1611 1611 1611 1611 1611 1609 1609 1609 1601 1601 1601 1612 1612 1612 1611 1611 1611 1613 1613 1613 1614 1614 1614 1613 1613 1613 1615 1615 1615 1615 1615 1615 1613 1613 1613 1616 1616 1616 1613 1613 1613 1611 1611 1611 1617 1617 1617 1613 1613 1613 1617 1617 1617 1616 1616 1616 1617 1617 1617 1611 1611 1611 1601 1601 1601 1618 1618 1618 1619 1619 1619 1616 1616 1616 1620 1620 1620 1618 1618 1618 1616 1616 1616 1621 1621 1621 1622 1622 1622 1620 1620 1620 1620 1620 1620 1622 1622 1622 1623 1623 1623 1616 1616 1616 1624 1624 1624 1620 1620 1620 1625 1625 1625 1626 1626 1626 1624 1624 1624 1625 1625 1625 1624 1624 1624 1616 1616 1616 1616 1616 1616 1627 1627 1627 1625 1625 1625 1628 1628 1628 1627 1627 1627 1616 1616 1616 1629 1629 1629 1628 1628 1628 1616 1616 1616 1616 1616 1616 1617 1617 1617 1629 1629 1629 1630 1630 1630 1629 1629 1629 1631 1631 1631 1629 1629 1629 1617 1617 1617 1632 1632 1632 1633 1633 1633 1634 1634 1634 1631 1631 1631 1617 1617 1617 1633 1633 1633 1632 1632 1632 1635 1635 1635 1633 1633 1633 1636 1636 1636 1636 1636 1636 1633 1633 1633 1637 1637 1637 1633 1633 1633 1617 1617 1617 1637 1637 1637 1638 1638 1638 1637 1637 1637 1639 1639 1639 1640 1640 1640 1637 1637 1637 1638 1638 1638 1641 1641 1641 1640 1640 1640 1638 1638 1638 1637 1637 1637 1617 1617 1617 1642 1642 1642 1643 1643 1643 1638 1638 1638 1642 1642 1642 1644 1644 1644 1638 1638 1638 1643 1643 1643 1645 1645 1645 1644 1644 1644 1643 1643 1643 1645 1645 1645 1646 1646 1646 1647 1647 1647 1643 1643 1643 1642 1642 1642 1648 1648 1648 1647 1647 1647 1643 1643 1643 1648 1648 1648 1642 1642 1642 1617 1617 1617 1648 1648 1648 1649 1649 1649 1647 1647 1647 1648 1648 1648 1649 1649 1649 1648 1648 1648 1650 1650 1650 1617 1617 1617 1651 1651 1651 1648 1648 1648 1652 1652 1652 1651 1651 1651 1617 1617 1617 1648 1648 1648 1651 1651 1651 1653 1653 1653 1601 1601 1601 1652 1652 1652 1617 1617 1617 1654 1654 1654 1652 1652 1652 1653 1653 1653 1648 1648 1648 1653 1653 1653 1655 1655 1655 1653 1653 1653 1652 1652 1652 1656 1656 1656 1653 1653 1653 1656 1656 1656 1655 1655 1655 1652 1652 1652 1601 1601 1601 1657 1657 1657 1656 1656 1656 1652 1652 1652 1657 1657 1657 1658 1658 1658 1648 1648 1648 1655 1655 1655 1650 1650 1650 1648 1648 1648 1658 1658 1658 1659 1659 1659 1650 1650 1650 1658 1658 1658 1657 1657 1657 1660 1660 1660 1656 1656 1656 1661 1661 1661 1660 1660 1660 1657 1657 1657 1660 1660 1660 1662 1662 1662 1656 1656 1656 1663 1663 1663 1661 1661 1661 1657 1657 1657 1657 1657 1657 1601 1601 1601 1663 1663 1663 1664 1664 1664 1661 1661 1661 1665 1665 1665 1666 1666 1666 1661 1661 1661 1664 1664 1664 1667 1667 1667 1666 1666 1666 1664 1664 1664 1668 1668 1668 1666 1666 1666 1667 1667 1667 1669 1669 1669 1666 1666 1666 1668 1668 1668 1670 1670 1670 1661 1661 1661 1663 1663 1663 1663 1663 1663 1671 1671 1671 1670 1670 1670 1671 1671 1671 1672 1672 1672 1670 1670 1670 1670 1670 1670 1672 1672 1672 1673 1673 1673 1671 1671 1671 1674 1674 1674 1675 1675 1675 1675 1675 1675 1674 1674 1674 1676 1676 1676 1672 1672 1672 1677 1677 1677 1673 1673 1673 1673 1673 1673 1677 1677 1677 1678 1678 1678 1677 1677 1677 1679 1679 1679 1678 1678 1678 1678 1678 1678 1679 1679 1679 1668 1668 1668 1679 1679 1679 1680 1680 1680 1668 1668 1668 1680 1680 1680 1681 1681 1681 1668 1668 1668 1682 1682 1682 1680 1680 1680 1683 1683 1683 1681 1681 1681 1684 1684 1684 1685 1685 1685 1685 1685 1685 1684 1684 1684 1662 1662 1662 1684 1684 1684 1686 1686 1686 1662 1662 1662 1687 1687 1687 1688 1688 1688 1686 1686 1686 1662 1662 1662 1686 1686 1686 1689 1689 1689 1662 1662 1662 1689 1689 1689 1656 1656 1656 1690 1690 1690 1691 1691 1691 1684 1684 1684 1692 1692 1692 1690 1690 1690 1693 1693 1693 1689 1689 1689 1655 1655 1655 1656 1656 1656 1691 1691 1691 1694 1694 1694 1695 1695 1695 1696 1696 1696 1691 1691 1691 1695 1695 1695 1697 1697 1697 1695 1695 1695 1688 1688 1688 1688 1688 1688 1698 1698 1698 1697 1697 1697 1689 1689 1689 1695 1695 1695 1697 1697 1697 1699 1699 1699 1697 1697 1697 1700 1700 1700 1701 1701 1701 1697 1697 1697 1699 1699 1699 1699 1699 1699 1702 1702 1702 1701 1701 1701 1703 1703 1703 1701 1701 1701 1704 1704 1704 1704 1704 1704 1689 1689 1689 1697 1697 1697 1705 1705 1705 1689 1689 1689 1704 1704 1704 1706 1706 1706 1705 1705 1705 1707 1707 1707 1705 1705 1705 1708 1708 1708 1707 1707 1707 1708 1708 1708 1709 1709 1709 1707 1707 1707 1709 1709 1709 1710 1710 1710 1707 1707 1707 1707 1707 1707 1710 1710 1710 1711 1711 1711 1712 1712 1712 1689 1689 1689 1705 1705 1705 1713 1713 1713 1712 1712 1712 1714 1714 1714 1712 1712 1712 1715 1715 1715 1714 1714 1714 1714 1714 1714 1715 1715 1715 1716 1716 1716 1717 1717 1717 1689 1689 1689 1712 1712 1712 1718 1718 1718 1719 1719 1719 1717 1717 1717 1720 1720 1720 1717 1717 1717 1712 1712 1712 1721 1721 1721 1717 1717 1717 1720 1720 1720 1720 1720 1720 1722 1722 1722 1723 1723 1723 1716 1716 1716 1723 1723 1723 1724 1724 1724 1725 1725 1725 1723 1723 1723 1716 1716 1716 1716 1716 1716 1726 1726 1726 1727 1727 1727 1726 1726 1726 1716 1716 1716 1728 1728 1728 1716 1716 1716 1729 1729 1729 1728 1728 1728 1716 1716 1716 1715 1715 1715 1730 1730 1730 1730 1730 1730 1715 1715 1715 1731 1731 1731 1715 1715 1715 1732 1732 1732 1731 1731 1731 1731 1731 1731 1732 1732 1732 1733 1733 1733 1733 1733 1733 1732 1732 1732 1734 1734 1734 1735 1735 1735 1728 1728 1728 1736 1736 1736 1737 1737 1737 1735 1735 1735 1736 1736 1736 1717 1717 1717 1738 1738 1738 1739 1739 1739 1739 1739 1739 1738 1738 1738 1740 1740 1740 1741 1741 1741 1739 1739 1739 1740 1740 1740 1742 1742 1742 1717 1717 1717 1739 1739 1739 1689 1689 1689 1717 1717 1717 1742 1742 1742 1742 1742 1742 1655 1655 1655 1689 1689 1689 1658 1658 1658 1655 1655 1655 1742 1742 1742 1741 1741 1741 1743 1743 1743 1744 1744 1744 1744 1744 1744 1743 1743 1743 1742 1742 1742 1743 1743 1743 1658 1658 1658 1742 1742 1742 1658 1658 1658 1743 1743 1743 1745 1745 1745 1745 1745 1745 1743 1743 1743 1746 1746 1746 1746 1746 1746 1747 1747 1747 1745 1745 1745 1745 1745 1745 1748 1748 1748 1658 1658 1658 1747 1747 1747 1748 1748 1748 1749 1749 1749 1746 1746 1746 1750 1750 1750 1751 1751 1751 1750 1750 1750 1748 1748 1748 1747 1747 1747 1752 1752 1752 1658 1658 1658 1748 1748 1748 1748 1748 1748 1750 1750 1750 1753 1753 1753 1753 1753 1753 1752 1752 1752 1748 1748 1748 1650 1650 1650 1752 1752 1752 1753 1753 1753 1753 1753 1753 1750 1750 1750 1754 1754 1754 1755 1755 1755 1650 1650 1650 1753 1753 1753 1756 1756 1756 1754 1754 1754 1755 1755 1755 1754 1754 1754 1757 1757 1757 1755 1755 1755 1758 1758 1758 1759 1759 1759 1757 1757 1757 1760 1760 1760 1761 1761 1761 1762 1762 1762 1672 1672 1672 1762 1762 1762 1763 1763 1763 1764 1764 1764 1765 1765 1765 1763 1763 1763 1765 1765 1765 1766 1766 1766 1763 1763 1763 1763 1763 1763 1766 1766 1766 1767 1767 1767 1766 1766 1766 1768 1768 1768 1767 1767 1767 1767 1767 1767 1768 1768 1768 1769 1769 1769 1770 1770 1770 1771 1771 1771 1772 1772 1772 1771 1771 1771 1773 1773 1773 1774 1774 1774 1773 1773 1773 1775 1775 1775 1774 1774 1774 1776 1776 1776 1777 1777 1777 1778 1778 1778 1779 1779 1779 1776 1776 1776 1780 1780 1780 1781 1781 1781 1779 1779 1779 1782 1782 1782 1783 1783 1783 1781 1781 1781 1782 1782 1782 1784 1784 1784 1785 1785 1785 1786 1786 1786 1785 1785 1785 1787 1787 1787 1788 1788 1788 1789 1789 1789 1790 1790 1790 1791 1791 1791 1792 1792 1792 1793 1793 1793 1790 1790 1790 1794 1794 1794 1795 1795 1795 1796 1796 1796 1794 1794 1794 1797 1797 1797 1798 1798 1798 1799 1799 1799 1800 1800 1800 1798 1798 1798 1801 1801 1801 1800 1800 1800 1799 1799 1799 1802 1802 1802 1803 1803 1803 1804 1804 1804 1804 1804 1804 1805 1805 1805 1806 1806 1806 1806 1806 1806 1807 1807 1807 1808 1808 1808 1809 1809 1809 1810 1810 1810 1811 1811 1811 1812 1812 1812 1813 1813 1813 1811 1811 1811 1814 1814 1814 1813 1813 1813 1812 1812 1812 1815 1815 1815 1816 1816 1816 1817 1817 1817 1818 1818 1818 1815 1815 1815 1819 1819 1819 1820 1820 1820 1821 1821 1821 1822 1822 1822 1823 1823 1823 1824 1824 1824 1820 1820 1820 1825 1825 1825 1826 1826 1826 1823 1823 1823 1823 1823 1823 1826 1826 1826 1827 1827 1827 1828 1828 1828 1829 1829 1829 1823 1823 1823 1830 1830 1830 1829 1829 1829 1827 1827 1827 1827 1827 1827 1831 1831 1831 1832 1832 1832 1833 1833 1833 1831 1831 1831 1827 1827 1827 1834 1834 1834 1835 1835 1835 1836 1836 1836 1834 1834 1834 1837 1837 1837 1838 1838 1838 1839 1839 1839 1838 1838 1838 1837 1837 1837 1837 1837 1837 1840 1840 1840 1839 1839 1839 1840 1840 1840 1841 1841 1841 1842 1842 1842 1842 1842 1842 1841 1841 1841 1843 1843 1843 1844 1844 1844 1843 1843 1843 1845 1845 1845 1846 1846 1846 1847 1847 1847 1848 1848 1848 1849 1849 1849 1847 1847 1847 1850 1850 1850 1849 1849 1849 1851 1851 1851 1847 1847 1847 1852 1852 1852 1853 1853 1853 1850 1850 1850 1853 1853 1853 1849 1849 1849 1850 1850 1850 1851 1851 1851 1854 1854 1854 1855 1855 1855 1856 1856 1856 1857 1857 1857 1855 1855 1855 1858 1858 1858 1854 1854 1854 1851 1851 1851 1849 1849 1849 1858 1858 1858 1851 1851 1851 1859 1859 1859 1860 1860 1860 1856 1856 1856 1856 1856 1856 1861 1861 1861 1862 1862 1862 1858 1858 1858 1861 1861 1861 1856 1856 1856 1863 1863 1863 1864 1864 1864 1858 1858 1858 1865 1865 1865 1863 1863 1863 1858 1858 1858 1865 1865 1865 1858 1858 1858 1849 1849 1849 1865 1865 1865 1866 1866 1866 1863 1863 1863 1867 1867 1867 1866 1866 1866 1865 1865 1865 1868 1868 1868 1865 1865 1865 1849 1849 1849 1869 1869 1869 1868 1868 1868 1849 1849 1849 1870 1870 1870 1868 1868 1868 1869 1869 1869 1870 1870 1870 1865 1865 1865 1871 1871 1871 1872 1872 1872 1870 1870 1870 1869 1869 1869 1867 1867 1867 1865 1865 1865 1873 1873 1873 1874 1874 1874 1867 1867 1867 1873 1873 1873 1874 1874 1874 1873 1873 1873 1875 1875 1875 1876 1876 1876 1865 1865 1865 1870 1870 1870 1876 1876 1876 1873 1873 1873 1865 1865 1865 1876 1876 1876 1870 1870 1870 1872 1872 1872 1875 1875 1875 1873 1873 1873 1877 1877 1877 1877 1877 1877 1878 1878 1878 1875 1875 1875 1879 1879 1879 1878 1878 1878 1877 1877 1877 1880 1880 1880 1879 1879 1879 1877 1877 1877 1881 1881 1881 1882 1882 1882 1877 1877 1877 1881 1881 1881 1877 1877 1877 1883 1883 1883 1883 1883 1883 512 512 512 1881 1881 1881 1873 1873 1873 1884 1884 1884 1877 1877 1877 1883 1883 1883 1877 1877 1877 1884 1884 1884 1873 1873 1873 1876 1876 1876 1884 1884 1884 1885 1885 1885 512 512 512 1883 1883 1883 1883 1883 1883 1884 1884 1884 1886 1886 1886 1887 1887 1887 512 512 512 1885 1885 1885 1886 1886 1886 1884 1884 1884 1887 1887 1887 1888 1888 1888 512 512 512 1887 1887 1887 1884 1884 1884 1889 1889 1889 1887 1887 1887 1888 1888 1888 1887 1887 1887 1889 1889 1889 1876 1876 1876 1889 1889 1889 1884 1884 1884 1890 1890 1890 1888 1888 1888 1891 1891 1891 1888 1888 1888 1889 1889 1889 1891 1891 1891 1892 1892 1892 1893 1893 1893 1891 1891 1891 1894 1894 1894 1892 1892 1892 1895 1895 1895 1892 1892 1892 1896 1896 1896 1895 1895 1895 1896 1896 1896 1889 1889 1889 1895 1895 1895 1889 1889 1889 1876 1876 1876 1897 1897 1897 1895 1895 1895 1889 1889 1889 1898 1898 1898 1898 1898 1898 1889 1889 1889 1897 1897 1897 1899 1899 1899 1895 1895 1895 1898 1898 1898 1900 1900 1900 1895 1895 1895 1899 1899 1899 1901 1901 1901 1900 1900 1900 1899 1899 1899 1902 1902 1902 1903 1903 1903 1901 1901 1901 1904 1904 1904 1903 1903 1903 1902 1902 1902 1898 1898 1898 1904 1904 1904 1902 1902 1902 1905 1905 1905 1903 1903 1903 1904 1904 1904 1906 1906 1906 1905 1905 1905 1904 1904 1904 1907 1907 1907 1904 1904 1904 1898 1898 1898 1908 1908 1908 1904 1904 1904 1907 1907 1907 1909 1909 1909 1907 1907 1907 1898 1898 1898 1898 1898 1898 1897 1897 1897 1909 1909 1909 1910 1910 1910 1907 1907 1907 1909 1909 1909 1906 1906 1906 1907 1907 1907 1910 1910 1910 1897 1897 1897 1910 1910 1910 1911 1911 1911 1912 1912 1912 1906 1906 1906 1910 1910 1910 1913 1913 1913 1906 1906 1906 1912 1912 1912 1914 1914 1914 1913 1913 1913 1912 1912 1912 1915 1915 1915 1912 1912 1912 1910 1910 1910 1916 1916 1916 1912 1912 1912 1915 1915 1915 1917 1917 1917 1910 1910 1910 1897 1897 1897 1897 1897 1897 1876 1876 1876 1917 1917 1917 1918 1918 1918 1910 1910 1910 1917 1917 1917 1919 1919 1919 1916 1916 1916 1918 1918 1918 1919 1919 1919 1918 1918 1918 1917 1917 1917 1917 1917 1917 1876 1876 1876 1872 1872 1872 1920 1920 1920 1919 1919 1919 1917 1917 1917 1921 1921 1921 1919 1919 1919 1920 1920 1920 1917 1917 1917 1872 1872 1872 1922 1922 1922 1922 1922 1922 1853 1853 1853 1921 1921 1921 1872 1872 1872 1853 1853 1853 1922 1922 1922 1923 1923 1923 1924 1924 1924 1925 1925 1925 1926 1926 1926 1923 1923 1923 1927 1927 1927 1923 1923 1923 1928 1928 1928 1927 1927 1927 1928 1928 1928 1929 1929 1929 1927 1927 1927 1927 1927 1927 1929 1929 1929 1930 1930 1930 1931 1931 1931 1932 1932 1932 1928 1928 1928 1928 1928 1928 1932 1932 1932 1933 1933 1933 1934 1934 1934 1929 1929 1929 1935 1935 1935 1350 1350 1350 1929 1929 1929 1934 1934 1934 1934 1934 1934 1932 1932 1932 1936 1936 1936 1350 1350 1350 1934 1934 1934 1344 1344 1344 1344 1344 1344 1934 1934 1934 1936 1936 1936 1936 1936 1936 1937 1937 1937 1344 1344 1344 1344 1344 1344 1937 1937 1937 1938 1938 1938 1938 1938 1938 1937 1937 1937 1939 1939 1939 1930 1930 1930 1369 1369 1369 1940 1940 1940 1940 1940 1940 1369 1369 1369 1926 1926 1926 1941 1941 1941 1926 1926 1926 1369 1369 1369 1942 1942 1942 1941 1941 1941 1943 1943 1943 1944 1944 1944 1941 1941 1941 1369 1369 1369 1945 1945 1945 1942 1942 1942 1946 1946 1946 1947 1947 1947 1945 1945 1945 1946 1946 1946 1948 1948 1948 1945 1945 1945 1947 1947 1947 1949 1949 1949 1944 1944 1944 1369 1369 1369 1950 1950 1950 1948 1948 1948 1951 1951 1951 1369 1369 1369 1370 1370 1370 1949 1949 1949 1952 1952 1952 1950 1950 1950 1951 1951 1951 1953 1953 1953 1944 1944 1944 1949 1949 1949 1954 1954 1954 1950 1950 1950 1952 1952 1952 1949 1949 1949 1955 1955 1955 1953 1953 1953 1956 1956 1956 1952 1952 1952 1953 1953 1953 1957 1957 1957 1953 1953 1953 1955 1955 1955 1958 1958 1958 1952 1952 1952 1956 1956 1956 1959 1959 1959 1952 1952 1952 1958 1958 1958 1960 1960 1960 1957 1957 1957 1955 1955 1955 1961 1961 1961 1954 1954 1954 1952 1952 1952 1962 1962 1962 1954 1954 1954 1961 1961 1961 1963 1963 1963 1954 1954 1954 1962 1962 1962 1960 1960 1960 1964 1964 1964 1957 1957 1957 1957 1957 1957 1964 1964 1964 1965 1965 1965 1965 1965 1965 1964 1964 1964 1966 1966 1966 1964 1964 1964 1967 1967 1967 1966 1966 1966 1968 1968 1968 1969 1969 1969 1967 1967 1967 1968 1968 1968 1967 1967 1967 1970 1970 1970 1971 1971 1971 1968 1968 1968 1970 1970 1970 1972 1972 1972 1968 1968 1968 1971 1971 1971 1973 1973 1973 1972 1972 1972 1971 1971 1971 1974 1974 1974 1971 1971 1971 1975 1975 1975 1971 1971 1971 1976 1976 1976 1975 1975 1975 1977 1977 1977 1978 1978 1978 1958 1958 1958 1979 1979 1979 1978 1978 1978 1977 1977 1977 1980 1980 1980 1979 1979 1979 1977 1977 1977 1981 1981 1981 1979 1979 1979 1980 1980 1980 1982 1982 1982 1983 1983 1983 1960 1960 1960 1949 1949 1949 1983 1983 1983 1982 1982 1982 1370 1370 1370 1983 1983 1983 1949 1949 1949 1370 1370 1370 1984 1984 1984 1983 1983 1983 1983 1983 1983 1984 1984 1984 1985 1985 1985 1983 1983 1983 1985 1985 1985 1986 1986 1986 1985 1985 1985 1987 1987 1987 1986 1986 1986 1986 1986 1986 1987 1987 1987 1988 1988 1988 1987 1987 1987 1989 1989 1989 1988 1988 1988 1990 1990 1990 1989 1989 1989 1987 1987 1987 1991 1991 1991 1992 1992 1992 1990 1990 1990 1993 1993 1993 1992 1992 1992 1991 1991 1991 1994 1994 1994 1993 1993 1993 1991 1991 1991 1995 1995 1995 1994 1994 1994 1996 1996 1996 1997 1997 1997 1995 1995 1995 1996 1996 1996 1998 1998 1998 1995 1995 1995 1997 1997 1997 1999 1999 1999 2000 2000 2000 1993 1993 1993 2001 2001 2001 2000 2000 2000 1999 1999 1999 2002 2002 2002 2001 2001 2001 1999 1999 1999 2003 2003 2003 2001 2001 2001 2002 2002 2002 2004 2004 2004 2005 2005 2005 2006 2006 2006 2006 2006 2006 2007 2007 2007 2008 2008 2008 2007 2007 2007 2006 2006 2006 2009 2009 2009 2010 2010 2010 2007 2007 2007 2009 2009 2009 2011 2011 2011 2012 2012 2012 2013 2013 2013 2014 2014 2014 2015 2015 2015 2013 2013 2013 2016 2016 2016 2014 2014 2014 2013 2013 2013 2017 2017 2017 2014 2014 2014 2016 2016 2016 2018 2018 2018 2019 2019 2019 2020 2020 2020 2021 2021 2021 2018 2018 2018 2022 2022 2022 2023 2023 2023 2018 2018 2018 2021 2021 2021 2024 2024 2024 2023 2023 2023 2021 2021 2021 2025 2025 2025 2026 2026 2026 2024 2024 2024 2024 2024 2024 2027 2027 2027 2025 2025 2025 2025 2025 2025 2027 2027 2027 2028 2028 2028 2029 2029 2029 2030 2030 2030 2031 2031 2031 2032 2032 2032 2033 2033 2033 2030 2030 2030 2030 2030 2030 2034 2034 2034 2035 2035 2035 2034 2034 2034 2036 2036 2036 2035 2035 2035 2037 2037 2037 2038 2038 2038 2039 2039 2039 2040 2040 2040 2037 2037 2037 2041 2041 2041 2041 2041 2041 2037 2037 2037 2042 2042 2042 2042 2042 2042 2043 2043 2043 2041 2041 2041 2043 2043 2043 2044 2044 2044 2041 2041 2041 2043 2043 2043 2045 2045 2045 2044 2044 2044 2046 2046 2046 2044 2044 2044 2047 2047 2047 2048 2048 2048 2044 2044 2044 2046 2046 2046 2049 2049 2049 2048 2048 2048 2046 2046 2046 2050 2050 2050 2051 2051 2051 2052 2052 2052 2053 2053 2053 2054 2054 2054 2050 2050 2050 2050 2050 2050 2055 2055 2055 2056 2056 2056 2055 2055 2055 2057 2057 2057 2056 2056 2056 2057 2057 2057 2058 2058 2058 2056 2056 2056 2059 2059 2059 2056 2056 2056 2060 2060 2060 2061 2061 2061 2062 2062 2062 2063 2063 2063 2064 2064 2064 2065 2065 2065 2061 2061 2061 2061 2061 2061 2066 2066 2066 2064 2064 2064 2067 2067 2067 2068 2068 2068 2064 2064 2064 2069 2069 2069 2070 2070 2070 2067 2067 2067 2067 2067 2067 2071 2071 2071 2068 2068 2068 2071 2071 2071 2067 2067 2067 2072 2072 2072 2072 2072 2072 2073 2073 2073 2071 2071 2071 2074 2074 2074 2073 2073 2073 2072 2072 2072 2075 2075 2075 2074 2074 2074 2072 2072 2072 2072 2072 2072 2076 2076 2076 2075 2075 2075 2077 2077 2077 2078 2078 2078 2075 2075 2075 2078 2078 2078 2079 2079 2079 2075 2075 2075 2080 2080 2080 2081 2081 2081 2082 2082 2082 2083 2083 2083 2084 2084 2084 2080 2080 2080 2085 2085 2085 2083 2083 2083 2080 2080 2080 2086 2086 2086 2087 2087 2087 2088 2088 2088 2089 2089 2089 2086 2086 2086 2090 2090 2090 2086 2086 2086 2091 2091 2091 2092 2092 2092 2093 2093 2093 2091 2091 2091 2094 2094 2094 2095 2095 2095 2096 2096 2096 2093 2093 2093 2097 2097 2097 2098 2098 2098 2092 2092 2092 2093 2093 2093 2098 2098 2098 2097 2097 2097 2099 2099 2099 2100 2100 2100 2090 2090 2090 2101 2101 2101 2100 2100 2100 2099 2099 2099 2102 2102 2102 2103 2103 2103 2104 2104 2104 2103 2103 2103 2105 2105 2105 2104 2104 2104 2106 2106 2106 2107 2107 2107 2108 2108 2108 2108 2108 2108 2107 2107 2107 2109 2109 2109 2110 2110 2110 2111 2111 2111 2112 2112 2112 2112 2112 2112 2113 2113 2113 2110 2110 2110 2114 2114 2114 2115 2115 2115 2116 2116 2116 2115 2115 2115 2117 2117 2117 2116 2116 2116 2118 2118 2118 2119 2119 2119 2120 2120 2120 2120 2120 2120 2119 2119 2119 2121 2121 2121 2122 2122 2122 2123 2123 2123 2124 2124 2124 2123 2123 2123 2125 2125 2125 2124 2124 2124 2126 2126 2126 2127 2127 2127 2128 2128 2128 2127 2127 2127 2129 2129 2129 2128 2128 2128 2130 2130 2130 2131 2131 2131 2132 2132 2132 2131 2131 2131 2133 2133 2133 2132 2132 2132 2134 2134 2134 2135 2135 2135 2136 2136 2136 2137 2137 2137 2135 2135 2135 2134 2134 2134 2138 2138 2138 2139 2139 2139 2140 2140 2140 2139 2139 2139 2141 2141 2141 2140 2140 2140 2142 2142 2142 2143 2143 2143 2144 2144 2144 2143 2143 2143 2145 2145 2145 2144 2144 2144 2146 2146 2146 2147 2147 2147 2148 2148 2148 2148 2148 2148 2147 2147 2147 2149 2149 2149 2150 2150 2150 2151 2151 2151 2152 2152 2152 2151 2151 2151 2153 2153 2153 2152 2152 2152 2152 2152 2152 2153 2153 2153 2154 2154 2154 2155 2155 2155 2156 2156 2156 2154 2154 2154 2157 2157 2157 2156 2156 2156 2155 2155 2155 2158 2158 2158 2159 2159 2159 2157 2157 2157 2159 2159 2159 2158 2158 2158 2160 2160 2160 2161 2161 2161 2159 2159 2159 2160 2160 2160 2160 2160 2160 2158 2158 2158 2162 2162 2162 2158 2158 2158 2163 2163 2163 2162 2162 2162 2163 2163 2163 2164 2164 2164 2162 2162 2162 2161 2161 2161 2165 2165 2165 2166 2166 2166 2165 2165 2165 2167 2167 2167 2166 2166 2166 2166 2166 2166 2167 2167 2167 2168 2168 2168 2169 2169 2169 2164 2164 2164 2163 2163 2163 2170 2170 2170 2164 2164 2164 2169 2169 2169 2169 2169 2169 2163 2163 2163 2171 2171 2171 2163 2163 2163 2155 2155 2155 2171 2171 2171 2155 2155 2155 2172 2172 2172 2171 2171 2171 2171 2171 2171 2172 2172 2172 2173 2173 2173 2174 2174 2174 2169 2169 2169 2175 2175 2175 2169 2169 2169 2176 2176 2176 2175 2175 2175 2177 2177 2177 2178 2178 2178 2176 2176 2176 2179 2179 2179 2177 2177 2177 2176 2176 2176 2177 2177 2177 2179 2179 2179 2180 2180 2180 2181 2181 2181 2180 2180 2180 2179 2179 2179 2181 2181 2181 2179 2179 2179 2182 2182 2182 2183 2183 2183 2180 2180 2180 2181 2181 2181 2184 2184 2184 2183 2183 2183 2181 2181 2181 2185 2185 2185 2181 2181 2181 2182 2182 2182 2186 2186 2186 2181 2181 2181 2185 2185 2185 2187 2187 2187 2186 2186 2186 2185 2185 2185 2185 2185 2185 2188 2188 2188 2187 2187 2187 2186 2186 2186 2187 2187 2187 2189 2189 2189 2190 2190 2190 2189 2189 2189 2181 2181 2181 2189 2189 2189 2191 2191 2191 2181 2181 2181 2192 2192 2192 2189 2189 2189 2187 2187 2187 2188 2188 2188 2193 2193 2193 2187 2187 2187 2194 2194 2194 2193 2193 2193 2188 2188 2188 2195 2195 2195 2192 2192 2192 2193 2193 2193 2193 2193 2193 2192 2192 2192 2196 2196 2196 2193 2193 2193 2197 2197 2197 2198 2198 2198 2198 2198 2198 2197 2197 2197 2199 2199 2199 2200 2200 2200 2201 2201 2201 2193 2193 2193 2202 2202 2202 2199 2199 2199 2201 2201 2201 2203 2203 2203 2201 2201 2201 2200 2200 2200 2203 2203 2203 2202 2202 2202 2201 2201 2201 2204 2204 2204 2202 2202 2202 2203 2203 2203 2205 2205 2205 2206 2206 2206 2203 2203 2203 2207 2207 2207 2205 2205 2205 2203 2203 2203 2208 2208 2208 2207 2207 2207 2203 2203 2203 2209 2209 2209 2205 2205 2205 2207 2207 2207 2210 2210 2210 2209 2209 2209 2207 2207 2207 2211 2211 2211 2209 2209 2209 2210 2210 2210 2212 2212 2212 2211 2211 2211 2210 2210 2210 2213 2213 2213 2209 2209 2209 2211 2211 2211 2214 2214 2214 2215 2215 2215 2211 2211 2211 2216 2216 2216 2214 2214 2214 2211 2211 2211 2217 2217 2217 2216 2216 2216 2211 2211 2211 2218 2218 2218 2216 2216 2216 2217 2217 2217 2219 2219 2219 2216 2216 2216 2218 2218 2218 2220 2220 2220 2216 2216 2216 2219 2219 2219 2220 2220 2220 2221 2221 2221 2222 2222 2222 2223 2223 2223 2221 2221 2221 2220 2220 2220 2224 2224 2224 2223 2223 2223 2220 2220 2220 2224 2224 2224 2220 2220 2220 2219 2219 2219 2225 2225 2225 2224 2224 2224 2219 2219 2219 2226 2226 2226 2227 2227 2227 2225 2225 2225 2228 2228 2228 2227 2227 2227 2226 2226 2226 2226 2226 2226 2229 2229 2229 2228 2228 2228 2230 2230 2230 2229 2229 2229 2226 2226 2226 2231 2231 2231 2230 2230 2230 2226 2226 2226 2232 2232 2232 2233 2233 2233 2234 2234 2234 2233 2233 2233 2235 2235 2235 2234 2234 2234 2234 2234 2234 2235 2235 2235 2236 2236 2236 2237 2237 2237 2238 2238 2238 2239 2239 2239 2238 2238 2238 2240 2240 2240 2239 2239 2239 2239 2239 2239 2240 2240 2240 2241 2241 2241 2242 2242 2242 2243 2243 2243 2244 2244 2244 2243 2243 2243 2245 2245 2245 2244 2244 2244 2244 2244 2244 2245 2245 2245 2246 2246 2246 2247 2247 2247 2248 2248 2248 2249 2249 2249 2248 2248 2248 2250 2250 2250 2249 2249 2249 2249 2249 2249 2250 2250 2250 2251 2251 2251 2252 2252 2252 2253 2253 2253 2254 2254 2254 2255 2255 2255 2252 2252 2252 2254 2254 2254 2254 2254 2254 2256 2256 2256 2255 2255 2255 2256 2256 2256 2257 2257 2257 2255 2255 2255 2258 2258 2258 2255 2255 2255 2257 2257 2257 2259 2259 2259 2258 2258 2258 2257 2257 2257 2260 2260 2260 2258 2258 2258 2259 2259 2259 2259 2259 2259 2261 2261 2261 2260 2260 2260 2262 2262 2262 2261 2261 2261 2259 2259 2259 2263 2263 2263 2262 2262 2262 2259 2259 2259 2264 2264 2264 2263 2263 2263 2259 2259 2259 2259 2259 2259 2265 2265 2265 2264 2264 2264 2266 2266 2266 2265 2265 2265 2259 2259 2259 2267 2267 2267 2266 2266 2266 2259 2259 2259 2268 2268 2268 2267 2267 2267 2259 2259 2259 2269 2269 2269 2268 2268 2268 2259 2259 2259 2269 2269 2269 2259 2259 2259 2270 2270 2270 2271 2271 2271 2270 2270 2270 2259 2259 2259 2272 2272 2272 2271 2271 2271 2259 2259 2259 2259 2259 2259 2273 2273 2273 2272 2272 2272 2274 2274 2274 2273 2273 2273 2259 2259 2259 2259 2259 2259 2275 2275 2275 2274 2274 2274 2276 2276 2276 2275 2275 2275 2259 2259 2259 2277 2277 2277 2276 2276 2276 2259 2259 2259 2259 2259 2259 2278 2278 2278 2277 2277 2277 2259 2259 2259 2279 2279 2279 2278 2278 2278 2280 2280 2280 2279 2279 2279 2259 2259 2259 2280 2280 2280 2259 2259 2259 2281 2281 2281 2259 2259 2259 2282 2282 2282 2281 2281 2281 2281 2281 2281 2282 2282 2282 2283 2283 2283 2283 2283 2283 2284 2284 2284 2281 2281 2281 2285 2285 2285 2286 2286 2286 2287 2287 2287 2287 2287 2287 2286 2286 2286 2288 2288 2288 2286 2286 2286 2289 2289 2289 2288 2288 2288 2290 2290 2290 2291 2291 2291 2292 2292 2292 2292 2292 2292 2291 2291 2291 2293 2293 2293 2291 2291 2291 2294 2294 2294 2293 2293 2293 2293 2293 2293 2294 2294 2294 2295 2295 2295 2294 2294 2294 2296 2296 2296 2295 2295 2295 2295 2295 2295 2296 2296 2296 2297 2297 2297 2296 2296 2296 2298 2298 2298 2297 2297 2297 2297 2297 2297 2298 2298 2298 2299 2299 2299 2300 2300 2300 2301 2301 2301 2302 2302 2302 2303 2303 2303 2301 2301 2301 2300 2300 2300 2303 2303 2303 2300 2300 2300 2304 2304 2304 2305 2305 2305 2306 2306 2306 2307 2307 2307 2307 2307 2307 2306 2306 2306 2308 2308 2308 2306 2306 2306 2309 2309 2309 2308 2308 2308 2310 2310 2310 2311 2311 2311 2312 2312 2312 2312 2312 2312 2313 2313 2313 2310 2310 2310 2314 2314 2314 2313 2313 2313 2312 2312 2312 2315 2315 2315 2314 2314 2314 2312 2312 2312 2316 2316 2316 2317 2317 2317 2318 2318 2318 2318 2318 2318 2317 2317 2317 2319 2319 2319 2319 2319 2319 2317 2317 2317 2320 2320 2320 2320 2320 2320 2317 2317 2317 2321 2321 2321 2322 2322 2322 2323 2323 2323 2324 2324 2324 2323 2323 2323 2325 2325 2325 2324 2324 2324 2325 2325 2325 2326 2326 2326 2324 2324 2324 2324 2324 2324 2326 2326 2326 2327 2327 2327 2326 2326 2326 2328 2328 2328 2327 2327 2327 2329 2329 2329 2328 2328 2328 2326 2326 2326 2327 2327 2327 2328 2328 2328 2330 2330 2330 2331 2331 2331 2332 2332 2332 2333 2333 2333 2334 2334 2334 2331 2331 2331 2333 2333 2333 2335 2335 2335 2334 2334 2334 2333 2333 2333 2333 2333 2333 2336 2336 2336 2335 2335 2335 2337 2337 2337 2335 2335 2335 2336 2336 2336 2338 2338 2338 2337 2337 2337 2336 2336 2336 2338 2338 2338 2336 2336 2336 2339 2339 2339 2336 2336 2336 2340 2340 2340 2339 2339 2339 2339 2339 2339 2340 2340 2340 2341 2341 2341 2339 2339 2339 2341 2341 2341 2342 2342 2342 2342 2342 2342 2343 2343 2343 2339 2339 2339 2343 2343 2343 2344 2344 2344 2339 2339 2339 2344 2344 2344 2345 2345 2345 2339 2339 2339 2345 2345 2345 2346 2346 2346 2339 2339 2339 2346 2346 2346 2347 2347 2347 2339 2339 2339 2339 2339 2339 2347 2347 2347 2348 2348 2348 2339 2339 2339 2348 2348 2348 2349 2349 2349 2339 2339 2339 2349 2349 2349 2350 2350 2350 2350 2350 2350 2351 2351 2351 2339 2339 2339 2352 2352 2352 2351 2351 2351 2350 2350 2350 2353 2353 2353 2352 2352 2352 2350 2350 2350 2354 2354 2354 2353 2353 2353 2350 2350 2350 2355 2355 2355 2354 2354 2354 2350 2350 2350 2356 2356 2356 2355 2355 2355 2350 2350 2350 2357 2357 2357 2356 2356 2356 2350 2350 2350 2357 2357 2357 2350 2350 2350 2358 2358 2358 2350 2350 2350 2359 2359 2359 2358 2358 2358 2350 2350 2350 2360 2360 2360 2359 2359 2359 2360 2360 2360 2350 2350 2350 2361 2361 2361 2362 2362 2362 2363 2363 2363 2364 2364 2364 725 725 725 2362 2362 2362 2365 2365 2365 586 586 586 725 725 725 2365 2365 2365 586 586 586 2365 2365 2365 2366 2366 2366 2365 2365 2365 2363 2363 2363 2366 2366 2366 2366 2366 2366 585 585 585 586 586 586 2367 2367 2367 585 585 585 2366 2366 2366 2366 2366 2366 2363 2363 2363 2368 2368 2368 2368 2368 2368 2363 2363 2363 2369 2369 2369 2363 2363 2363 2370 2370 2370 2369 2369 2369 2366 2366 2366 2371 2371 2371 2369 2369 2369 2369 2369 2369 2372 2372 2372 2366 2366 2366 2373 2373 2373 2374 2374 2374 2375 2375 2375 2374 2374 2374 1975 1975 1975 2375 2375 2375 2376 2376 2376 1975 1975 1975 2374 2374 2374 2377 2377 2377 2376 2376 2376 2374 2374 2374 2378 2378 2378 2379 2379 2379 2374 2374 2374 1963 1963 1963 2378 2378 2378 2374 2374 2374 2380 2380 2380 2381 2381 2381 2382 2382 2382 2383 2383 2383 2381 2381 2381 2380 2380 2380 2384 2384 2384 2383 2383 2383 2380 2380 2380 1601 1601 1601 2383 2383 2383 2384 2384 2384 1663 1663 1663 1601 1601 1601 2384 2384 2384 1663 1663 1663 2384 2384 2384 2385 2385 2385 2385 2385 2385 2386 2386 2386 2382 2382 2382 2384 2384 2384 2386 2386 2386 2385 2385 2385</p>
        </triangles>
      </mesh>
    </geometry>
  </library_geometries>
  <library_materials>
    <material id="5b35a623224a4fbb855ed6104b7428a6" name="pbrmaterial">
      <instance_effect url="#0f0727e3829a4e8c9f63a71b3802c5ba"/>
    </material>
  </library_materials>
  <library_visual_scenes>
    <visual_scene id="scene">
      <node id="node0" name="node0">
        <instance_geometry url="#479db37c24f34ae5a7623e7deb224bdc">
          <bind_material>
            <technique_common>
              <instance_material symbol="material0" target="#5b35a623224a4fbb855ed6104b7428a6"/>
            </technique_common>
          </bind_material>
        </instance_geometry>
      </node>
    </visual_scene>
  </library_visual_scenes>
  <scene>
    <instance_visual_scene url="#scene"/>
  </scene>
</COLLADA>
