<COLLADA xmlns="http://www.collada.org/2005/11/COLLADASchema" version="1.4.1">
  <asset>
    <created>2026-09-25T14:22:25.237341</created>
    <modified>2026-09-25T14:22:25.237343</modified>
    <up_axis>Y_UP</up_axis>
  </asset>
  <library_effects>
    <effect id="d0559f88d39a45159a4ed428ad2a1aa3" name="d0559f88d39a45159a4ed428ad2a1aa3">
      <profile_COMMON>
        <technique sid="common">
          <phong>
            <ambient>
              <color>0.0 0.0 0.0 1.0</color>
            </ambient>
            <diffuse>
              <color>1.0 1.0 1.0 1.0</color>
            </diffuse>
            <specular>
              <color>1.0 1.0 1.0 1.0</color>
            </specular>
            <shininess>
              <float>0.0</float>
            </shininess>
            <reflective>
              <color>0.0 0.0 0.0 1.0</color>
            </reflective>
            <reflectivity>
              <float>0.0</float>
            </reflectivity>
            <transparent>
              <color>0.0 0.0 0.0 1.0</color>
            </transparent>
            <transparency>
              <float>1.0</float>
            </transparency>
          </phong>
        </technique>
        <extra>
          <technique profile="GOOGLEEARTH">
            <double_sided>0</double_sided>
          </technique>
        </extra>
      </profile_COMMON>
    </effect>
  </library_effects>
  <library_geometries>
    <geometry id="04a009944f924f3487be49f929900fee" name="07e94f85ac434ddd8c47252f473b627f">
      <mesh>
        <source id="verts-array">
          <float_array count="20460" id="verts-array-array">-0.06224078 0.05323948 -0.02356267 -0.06147479 0.0528958 -0.02404251 -0.06169839 0.05289553 -0.02322179 0.04032013 0.06432987 -0.03394552 0.03960106 0.06447585 -0.03537728 0.04383672 0.06439807 -0.02963385 -0.02607992 0.06442706 0.04611554 -0.02434875 0.06433388 0.0467137 -0.02092065 0.06445995 0.04864299 -0.03316011 0.06460612 0.04142056 -0.03345211 0.06439731 0.04104618 -0.02838764 0.06459396 0.04484693 0.04413769 0.06459248 -0.02946752 0.0462015 0.06477349 -0.02604462 0.0482879 0.06456851 -0.02201 0.05295391 0.06463096 -0.003279287 0.05306595 0.06478773 -0.001073864 0.05291557 0.0646408 0.004195307 0.05021808 0.06465375 0.0172744 0.049316 0.06478765 0.01952437 0.04689804 0.06464622 0.02483015 0.0421769 0.06477848 0.03214862 0.03864053 0.0646494 0.03636044 0.04299939 0.06464408 0.03098667 0.03960106 0.06447585 -0.03537728 0.03321407 0.06453252 -0.04151414 0.03639517 0.06465343 -0.03863041 0.03321407 0.06453252 -0.04151414 0.02809966 0.06445043 -0.04501476 0.02712191 0.06476053 -0.04560796 0.02270194 0.06433039 -0.04789184 0.022807 0.06452718 -0.048056 0.02809966 0.06445043 -0.04501476 -0.03787681 0.06444001 0.03714626 -0.03345211 0.06439731 0.04104618 -0.03316011 0.06460612 0.04142056 -0.03856226 0.0646909 0.03649415 -0.04231685 0.0647101 0.0322211 -0.03787681 0.06444001 0.03714626 -0.03787681 0.06444001 0.03714626 -0.03316011 0.06460612 0.04142056 -0.03856226 0.0646909 0.03649415 -0.04231685 0.0647101 0.0322211 -0.04234905 0.06445841 0.03210044 -0.03787681 0.06444001 0.03714626 -0.002498964 0.09531213 -0.04285517 0.004042028 0.08952069 -0.04756702 0.004142791 0.08930387 -0.04783169 -0.01755949 0.09218707 0.0434443 -0.01857048 0.09221068 0.04281259 -0.02173987 0.09185538 0.04149218 0.009389819 0.09336463 0.04524925 0.01349261 0.09386892 0.04386763 0.009144651 0.09369585 0.04511386 0.01777271 0.09367868 0.04238768 0.02176612 0.09382047 0.04035332 0.02185244 0.09419065 0.04006919 0.0001083989 0.09325121 0.04629626 0.0004690311 0.09289183 0.04650988 0.004741744 0.09348124 0.04594893 0.03829901 0.09407115 0.02483865 0.04068802 0.09401357 0.02082217 0.04048371 0.09433494 0.02078477 -0.02005231 0.08804417 -0.04765971 -0.01824918 0.088236 -0.04798012 -0.01495348 0.08831376 -0.0485729 -0.02591288 0.08781453 -0.04577417 -0.02005231 0.08804417 -0.04765971 -0.0236073 0.08765825 -0.04685134 -0.04173196 0.08751903 -0.03338281 -0.04190653 0.08718172 -0.03354426 -0.04593102 0.08727145 -0.02760309 -0.03642282 0.09031604 0.02979561 -0.03959175 0.08992166 0.02545522 -0.03736696 0.08998743 0.02869063 -0.03642282 0.09031604 0.02979561 -0.0315089 0.09064056 0.03502241 -0.03279418 0.09082145 0.03343482 -0.003254425 0.05873067 -0.05105762 -0.00442942 0.05873145 -0.05200043 -0.003422114 0.05908126 -0.05201606 -0.003254425 0.05873067 -0.05105762 -0.003422114 0.05908126 -0.05201606 -0.001639716 0.05927754 -0.05104683 -0.006965631 0.0833027 -0.05125052 -0.00691542 0.08321191 -0.05115326 -0.006833489 0.08296747 -0.05139147 -0.00691542 0.08321191 -0.05115326 -0.006727706 0.0831364 -0.04613931 -0.006833489 0.08296747 -0.05139147 -0.001869684 0.08878276 -0.04437881 -0.003738474 0.08866947 -0.04431351 -0.00379834 0.08870183 -0.04868559 -6.293932e-05 0.08889193 -0.04436741 -0.00379834 0.08870183 -0.04868559 -0.0001185778 0.08893199 -0.04842658 -0.00379834 0.08870183 -0.04868559 -0.003738474 0.08866947 -0.04431351 -0.005522539 0.0855313 -0.04539133 -0.06897817 0.06494892 -0.01656309 -0.06866208 0.06499068 -0.01981897 -0.06888596 0.06471523 -0.01659803 -0.05445732 0.06493081 -0.04846621 -0.05687274 0.06471618 -0.04552475 -0.05712508 0.06509642 -0.04533229 -0.04030105 0.06489753 -0.05968745 -0.03785772 0.06505536 -0.06100786 -0.03249846 0.0648565 -0.06350142 -0.04030105 0.06489753 -0.05968745 -0.03249846 0.0648565 -0.06350142 -0.04045398 0.06464474 -0.05950504 -0.02379956 0.06495172 -0.06324119 -0.02379913 0.06469258 -0.06316531 -0.02591985 0.06463966 -0.06368175 -0.02379956 0.06495172 -0.06324119 -0.02591985 0.06463966 -0.06368175 -0.02616647 0.06492789 -0.06382792 -0.02924122 0.06477084 -0.06401057 -0.02744889 0.0650166 -0.06389353 -0.02616647 0.06492789 -0.06382792 -0.02591985 0.06463966 -0.06368175 -0.02924122 0.06477084 -0.06401057 -0.02616647 0.06492789 -0.06382792 -0.06215896 0.06417311 -0.01655418 -0.06047164 0.07105729 -0.01485781 -0.05995756 0.07130312 -0.01510611 -0.06215896 0.06417311 -0.01655418 -0.06244363 0.06429612 -0.01635951 -0.06047164 0.07105729 -0.01485781 -0.06489597 0.06446282 -0.01820586 -0.06300675 0.07054668 -0.01648567 -0.06483844 0.06449325 -0.01768759 -0.05759612 0.07091102 -0.02888939 -0.05804877 0.07072025 -0.0291692 -0.05970119 0.06448442 -0.03069369 -0.06094372 0.06447114 -0.03080515 -0.05911624 0.07070004 -0.0292259 -0.06142106 0.06449644 -0.0305867 -0.05911624 0.07070004 -0.0292259 -0.05979924 0.07060932 -0.02887181 -0.06142106 0.06449644 -0.0305867 -0.06142106 0.06449644 -0.0305867 -0.05979924 0.07060932 -0.02887181 -0.06196294 0.06448021 -0.03012254 -0.06295369 0.05458589 -0.01176888 -0.06176284 0.0561351 -0.00677916 -0.06154906 0.05703768 -0.006775348 -0.0628899 0.05517484 -0.02105745 -0.06361026 0.05370735 -0.02125428 -0.06371254 0.05370319 -0.01975201 -0.06286012 0.06463052 -0.002681396 -0.06422434 0.06481705 -0.00467713 -0.06402066 0.06453811 -0.004854205 -0.06286012 0.06463052 -0.002681396 -0.06288448 0.06494518 -0.002462102 -0.06422434 0.06481705 -0.00467713 -0.06286012 0.06463052 -0.002681396 -0.06146212 0.06474243 -9.295301e-05 -0.06288448 0.06494518 -0.002462102 -0.06018876 0.06470615 0.002265052 -0.06288448 0.06494518 -0.002462102 -0.06146212 0.06474243 -9.295301e-05 -0.02981706 0.06446201 -0.05852688 -0.0238834 0.06446282 -0.06273339 -0.02965809 0.06446791 -0.05817739 -0.0410967 0.0644739 -0.05093023 -0.04062861 0.06446282 -0.05114131 -0.04753086 0.06446959 -0.04736774 -0.04176361 0.06450932 -0.05085024 -0.03937891 0.07150493 -0.04933986 -0.0410967 0.0644739 -0.05093023 -0.03993123 0.07127299 -0.04940123 -0.03937891 0.07150493 -0.04933986 -0.04176361 0.06450932 -0.05085024 -0.02965809 0.06446791 -0.05817739 -0.02960135 0.06446446 -0.05763008 -0.02778383 0.07090037 -0.05624271 -0.0279405 0.07066657 -0.0567015 -0.02812959 0.07071555 -0.05707489 -0.02981706 0.06446201 -0.05852688 -0.02981706 0.06446201 -0.05852688 -0.02812959 0.07071555 -0.05707489 -0.03001676 0.06446743 -0.05878546 -0.02812959 0.07071555 -0.05707489 -0.02841457 0.07071676 -0.05749422 -0.03001676 0.06446743 -0.05878546 -0.03001676 0.06446743 -0.05878546 -0.02841457 0.07071676 -0.05749422 -0.03027957 0.0644671 -0.05905071 -0.04741621 0.06446921 -0.04670664 -0.04748417 0.06446747 -0.04602502 -0.04551024 0.07136815 -0.044503 -0.04741621 0.06446921 -0.04670664 -0.04551024 0.07136815 -0.044503 -0.04546752 0.07122064 -0.04501406 -0.04546752 0.07122064 -0.04501406 -0.04565253 0.07101133 -0.04556627 -0.04741621 0.06446921 -0.04670664 -0.04741621 0.06446921 -0.04670664 -0.04565253 0.07101133 -0.04556627 -0.04753086 0.06446959 -0.04736774 -0.04588917 0.07083925 -0.04609578 -0.0463086 0.07066423 -0.04651407 -0.0478517 0.06449188 -0.04785299 -0.06031914 0.07043253 -0.02823538 -0.06203987 0.07070362 -0.02254716 -0.06199491 0.07047451 -0.02256562 -0.06031914 0.07043253 -0.02823538 -0.06023259 0.07072373 -0.02846818 -0.06203987 0.07070362 -0.02254716 -0.05623962 0.07070568 -0.03697572 -0.05612817 0.07066869 -0.03621611 -0.05609985 0.07051273 -0.03687129 -0.05623962 0.07070568 -0.03697572 -0.05609985 0.07051273 -0.03687129 -0.05248581 0.07061682 -0.04205209 -0.04853044 0.07055219 -0.04641847 -0.04814304 0.07069787 -0.0466016 -0.04854731 0.07070405 -0.04657641 -0.04683186 0.07070491 -0.04677533 -0.04814304 0.07069787 -0.0466016 -0.0474886 0.07067351 -0.0468729 -0.02284687 0.07000718 -0.06124414 -0.02540054 0.0705025 -0.06159353 -0.02299481 0.07031412 -0.06113417 -0.06223626 0.07067466 -0.01518135 -0.06279674 0.07066812 -0.01577234 -0.06314567 0.07070531 -0.01607758 -0.06279674 0.07066812 -0.01577234 -0.06300675 0.07054668 -0.01648567 -0.06314567 0.07070531 -0.01607758 -0.06438195 0.07060389 -0.009193614 -0.05816355 0.07055117 0.0014681 -0.06064826 0.0706145 -0.003458556 -0.06476872 0.0701101 -0.008962327 -0.05686953 0.07016156 0.004428459 -0.06464912 0.07032981 -0.009034223 -0.05995756 0.07130312 -0.01510611 -0.06047164 0.07105729 -0.01485781 -0.05968364 0.07155222 -0.01531845 -0.05848977 0.07074559 -0.02929794 -0.05804877 0.07072025 -0.0291692 -0.05759612 0.07091102 -0.02888939 -0.05673589 0.07042576 0.004229282 -0.05686953 0.07016156 0.004428459 -0.05560816 0.07037118 0.006440916 -0.05488354 0.07012039 0.008157256 -0.05560816 0.07037118 0.006440916 -0.05686953 0.07016156 0.004428459 -0.05488354 0.07012039 0.008157256 -0.05332525 0.06997972 0.0116738 -0.05413961 0.07005898 0.009842787 -0.05194129 0.06449839 0.01738358 -0.05480808 0.06452768 0.01176791 -0.05293304 0.06422482 0.01507823 0.0009735091 0.06461813 -0.05538502 0.0009877228 0.06447281 -0.05516247 -0.005381134 0.06448758 -0.05696439 -0.005381134 0.06448758 -0.05696439 -0.005102326 0.06461062 -0.05708317 0.0009735091 0.06461813 -0.05538502 0.004452348 0.06499664 -0.05468378 0.00439861 0.06471712 -0.05465328 0.001138243 0.0648873 -0.05550145 0.00439861 0.06471712 -0.05465328 0.0009735091 0.06461813 -0.05538502 0.001138243 0.0648873 -0.05550145 0.00439861 0.06471712 -0.05465328 0.00403471 0.06449462 -0.0545572 0.0009735091 0.06461813 -0.05538502 0.0009735091 0.06461813 -0.05538502 0.00403471 0.06449462 -0.0545572 0.0009877228 0.06447281 -0.05516247 -0.000160537 0.06993135 -0.05457398 -0.004458623 0.07009644 -0.05545308 -0.001977582 0.07012436 -0.05484871 -0.004458623 0.07009644 -0.05545308 -0.008113923 0.07000718 -0.05650635 -0.008115753 0.07030778 -0.05634869 -0.01243632 0.07058693 -0.05729149 -0.02320123 0.07066819 -0.06066088 -0.01724877 0.07066018 -0.05858183 -0.04036191 0.0710976 -0.04959511 -0.04070299 0.07087055 -0.0497757 -0.04096182 0.07086128 -0.05006769 -0.03993123 0.07127299 -0.04940123 -0.04036191 0.0710976 -0.04959511 -0.03937891 0.07150493 -0.04933986 -0.02778383 0.07090037 -0.05624271 -0.02812959 0.07071555 -0.05707489 -0.0279405 0.07066657 -0.0567015 -0.05671556 0.07172661 -0.02695407 -0.05606645 0.07187831 -0.02818056 -0.05676154 0.07143919 -0.02768709 -0.05875836 0.07214364 -0.00668845 -0.05817435 0.07267617 -0.00675738 -0.05851196 0.07258078 -0.01108486 -0.04507791 0.06452679 0.02845321 -0.04480428 0.06428558 0.02836864 -0.04216031 0.06428508 0.03205653 -0.04216031 0.06428508 0.03205653 -0.04234905 0.06445841 0.03210044 -0.04507791 0.06452679 0.02845321 -0.04231685 0.0647101 0.0322211 -0.04507791 0.06452679 0.02845321 -0.04234905 0.06445841 0.03210044 0.00911925 0.06460444 -0.05338398 0.01316389 0.06469277 -0.05218062 0.01419238 0.06440081 -0.05158301 0.02270194 0.06433039 -0.04789184 0.01833948 0.06444094 -0.05004692 0.022807 0.06452718 -0.048056 0.01419238 0.06440081 -0.05158301 0.01833948 0.06444094 -0.05004692 0.02269709 0.064307 -0.04785816 -0.06244131 0.06435176 -0.008019222 -0.06142259 0.06434748 -0.002983468 -0.06225111 0.0644535 -0.002410702 -0.06006408 0.06329955 -0.003238063 -0.06039777 0.06384639 -0.003037849 -0.06118358 0.06369153 -0.007274843 0.005732997 0.06173359 -0.0513478 0.005790874 0.06256955 -0.05144499 0.006901067 0.06206397 -0.05122313 0.005790874 0.06256955 -0.05144499 0.008789973 0.06253956 -0.05095688 0.006901067 0.06206397 -0.05122313 -0.006611757 0.08305622 -0.0485463 -0.006727706 0.0831364 -0.04613931 -0.003274591 0.08312482 -0.04632059 -0.06006408 0.06329955 -0.003238063 -0.05990204 0.06260207 -0.003079457 -0.05972267 0.06331843 -0.001797706 -0.05466591 0.06235899 0.01055899 -0.05696496 0.06237855 0.005886716 -0.05686748 0.06168601 0.005994397 -0.05466591 0.06235899 0.01055899 -0.05686748 0.06168601 0.005994397 -0.05448483 0.06151891 0.01090563 -0.06009151 0.06042218 -0.003021702 -0.05849057 0.0604295 0.002148616 -0.05876438 0.06133457 0.001050748 -0.0588523 0.06244311 0.0008135366 -0.05972267 0.06331843 -0.001797706 -0.05990204 0.06260207 -0.003079457 -0.06201363 0.05446647 -0.01151808 -0.06295369 0.05458589 -0.01176888 -0.06244757 0.05381894 -0.01434629 -0.06322862 0.05436222 -0.01311595 -0.06244757 0.05381894 -0.01434629 -0.06295369 0.05458589 -0.01176888 -0.00691542 0.08321191 -0.05115326 -0.003685442 0.08889208 -0.04876938 -0.00379834 0.08870183 -0.04868559 -0.003685442 0.08889208 -0.04876938 -0.00691542 0.08321191 -0.05115326 -0.006965631 0.0833027 -0.05125052 0.003485069 0.08914182 -0.04778159 0.003797125 0.08890919 -0.04799451 0.006819236 0.08312086 -0.04943507 -0.05979924 0.07060932 -0.02887181 -0.05911624 0.07070004 -0.0292259 -0.06023259 0.07072373 -0.02846818 -0.05661713 0.06447121 -0.03598859 -0.05712026 0.06447464 -0.03616397 -0.0549296 0.07083099 -0.0346704 -0.05531526 0.07071511 -0.03487263 -0.0549296 0.07083099 -0.0346704 -0.05712026 0.06447464 -0.03616397 -0.05781947 0.06441448 -0.03678685 -0.05571854 0.07060598 -0.03520843 -0.05753038 0.06445723 -0.03645592 -0.04956615 0.07157986 -0.03967721 -0.04659528 0.07173809 -0.04276138 -0.04580216 0.07162067 -0.04391513 -0.04546752 0.07122064 -0.04501406 -0.04551024 0.07136815 -0.044503 -0.04565253 0.07101133 -0.04556627 -0.005156642 0.06480388 -0.0572163 -0.005102326 0.06461062 -0.05708317 -0.02379913 0.06469258 -0.06316531 -0.005188938 0.0649993 -0.05726459 -0.02379956 0.06495172 -0.06324119 -0.02373618 0.06512405 -0.06319121 0.001587058 0.07169235 -0.05379496 -0.000160537 0.06993135 -0.05457398 -0.004757679 0.07148483 -0.05487124 0.04617174 0.09338191 0.0008866902 0.04600875 0.09352192 0.003274854 0.04798765 0.08807972 0.003544848 0.04730694 0.0729936 -0.02104869 0.04846781 0.06470903 -0.02152089 0.0482879 0.06456851 -0.02201 -0.02466921 0.1010722 -0.02357691 -0.02221506 0.1011266 -0.02617091 -0.02478611 0.1012541 -0.02389648 -0.004423664 0.1012511 -0.03409276 -0.004114726 0.1010647 -0.03403814 -0.0001168092 0.1010728 -0.0342915 -0.03228762 0.1011802 0.01177524 -0.02990871 0.1012339 0.01687786 -0.03115326 0.1010145 0.01401421 -0.02990871 0.1012339 0.01687786 -0.02677096 0.1011825 0.02154305 -0.02843096 0.1010145 0.01893468 -0.02677096 0.1011825 0.02154305 -0.0231022 0.1012468 0.02545232 -0.02496907 0.1010145 0.02331001 -0.0231022 0.1012468 0.02545232 -0.01859342 0.1011969 0.02891132 -0.02081354 0.1010145 0.02708507 -0.01859342 0.1011969 0.02891132 -0.01387084 0.1011768 0.03143048 -0.01612536 0.1010145 0.03011311 -0.01387084 0.1011768 0.03143048 -0.008821253 0.101245 0.03318574 -0.01097769 0.1010145 0.03234776 -0.008821253 0.101245 0.03318574 -0.0005572436 0.1012594 0.03454259 -0.005571081 0.1010145 0.0337034 0.03135262 0.1012844 -0.01458066 0.03232523 0.1010145 -0.01137664 0.03335976 0.1012697 -0.008753454 -0.03428065 0.1011028 0.0143836 -0.03403065 0.1011082 0.01561753 -0.0318662 0.1011035 0.01904081 -0.01876211 0.1010797 0.03220184 -0.02327765 0.1011332 0.02906517 -0.02091909 0.1009673 0.03093184 0.01445074 0.1011066 0.0343858 0.007404509 0.101079 0.0365257 0.01011378 0.101006 0.03600607 -0.008393344 0.1010678 0.03634846 -0.003006196 0.1009946 0.03729858 -0.003027878 0.1011356 0.03706079 0.02952569 0.1010908 0.0228101 0.03136125 0.1010268 0.0203478 0.03308897 0.101091 0.01721459 -0.02107047 0.1011051 -0.03088571 -0.01319923 0.1010901 -0.03506418 -0.01788589 0.1010106 -0.03285451 0.01008791 0.1012552 -0.03540432 0.006317744 0.1012579 -0.03621375 0.01455181 0.1012554 -0.03377606 -0.02922753 0.1011211 -0.02337313 -0.02893804 0.101249 -0.02303431 -0.02545123 0.1012526 -0.02686387 0.004850279 0.08664043 -0.04506682 0.006905815 0.08321325 -0.04588578 0.006755353 0.08297866 -0.04529045 0.04846781 0.06470903 -0.02152089 0.05039327 0.06460969 -0.0166389 0.0482879 0.06456851 -0.02201 0.04747993 0.06443392 -0.0233978 0.04413769 0.06459248 -0.02946752 0.04383672 0.06439807 -0.02963385 0.03960106 0.06447585 -0.03537728 -0.01369058 0.0645621 0.05127373 -0.02021721 0.0645842 0.0492097 -0.02092065 0.06445995 0.04864299 -0.02021721 0.0645842 0.0492097 -0.02607992 0.06442706 0.04611554 -0.02838764 0.06459396 0.04484693 -0.03345211 0.06439731 0.04104618 0.006029683 0.06440581 0.05244355 -0.0002287006 0.06452494 0.05292411 -0.0005359584 0.06432432 0.05275746 -0.009651886 0.06443648 0.05202206 -0.0002287006 0.06452494 0.05292411 -0.01467875 0.06434408 0.05052371 -0.01369058 0.0645621 0.05127373 -0.02092065 0.06445995 0.04864299 -0.009651886 0.06443648 0.05202206 -0.01369058 0.0645621 0.05127373 -0.01369058 0.0645621 0.05127373 -0.008486013 0.06457088 0.05240885 0.05238446 0.06478389 -0.008271071 0.05295391 0.06463096 -0.003279287 0.05181425 0.06459963 -0.01154345 0.05295391 0.06463096 -0.003279287 0.05130331 0.07336097 -0.006218251 0.05163592 0.07346054 -0.001096334 0.05306595 0.06478773 -0.001073864 0.05146133 0.07354779 0.004031565 0.05007171 0.08132141 0.001339586 0.05078134 0.07362227 0.009115435 0.05291557 0.0646408 0.004195307 0.05194165 0.06462225 0.01079478 0.04914497 0.08151367 0.008738575 0.04960432 0.07368369 0.01410629 0.04951254 0.08098326 -0.008621566 0.04732092 0.08164615 0.01594627 0.05130331 0.07336097 -0.006218251 0.04794179 0.07373175 0.01895586 0.05046509 0.07324958 -0.01128403 0.0458107 0.07376624 0.02361754 0.04689804 0.06464622 0.02483015 0.049316 0.06478765 0.01952437 0.0458107 0.07376624 0.02361754 0.04449727 0.06478143 0.02887129 0.04323167 0.07378697 0.02804642 0.04323167 0.07378697 0.02804642 0.0421769 0.06477848 0.03214862 0.04022992 0.07379389 0.03220004 0.03864053 0.0646494 0.03636044 0.04022992 0.07379389 0.03220004 0.0347998 0.07377003 0.03811626 0.03329488 0.06469282 0.04136939 0.02696046 0.07371599 0.04406095 0.02746289 0.06461763 0.04539725 0.02105888 0.06465852 0.04878099 0.02001702 0.07362231 0.04755159 0.01395759 0.0735276 0.04978434 0.02105888 0.06465852 0.04878099 0.01415964 0.06462909 0.05112975 0.007299264 0.06465042 0.05262183 0.005170024 0.07336102 0.05141951 -0.001227165 0.06467623 0.05307958 0.007299264 0.06465042 0.05262183 0.01144645 0.0812989 0.0489611 -0.005183891 0.0806884 0.05047508 -0.008486013 0.06457088 0.05240885 -0.01369058 0.0645621 0.05127373 -0.02021721 0.0645842 0.0492097 0.01929089 0.08151374 0.0460375 0.02001702 0.07362231 0.04755159 0.02656339 0.08168048 0.04245388 0.02696046 0.07371599 0.04406095 -0.01481253 0.08021855 0.04814062 -0.0218293 0.07983615 0.04558034 -0.02466927 0.07253726 0.04563344 -0.02540363 0.06473838 0.04656592 -0.02908395 0.07236898 0.04299023 -0.02466927 0.07253726 0.04563344 -0.02838764 0.06459396 0.04484693 -0.02832288 0.07942123 0.04183046 -0.032435 0.07235295 0.04052288 -0.03316011 0.06460612 0.04142056 -0.032435 0.07235295 0.04052288 -0.03155412 0.07933448 0.03944632 -0.03558613 0.07908287 0.03583559 -0.032435 0.07235295 0.04052288 -0.03714866 0.07215471 0.03626674 -0.032435 0.07235295 0.04052288 -0.03856226 0.0646909 0.03649415 -0.04231685 0.0647101 0.0322211 -0.0417479 0.07202604 0.03096764 -0.04507791 0.06452679 0.02845321 -0.032435 0.07235295 0.04052288 -0.03856226 0.0646909 0.03649415 -0.03316011 0.06460612 0.04142056 -0.04577425 0.07189646 0.02524495 -0.04768385 0.06459635 0.02478784 -0.04146969 0.07875735 0.02905351 -0.04577425 0.07189646 0.02524495 -0.04924372 0.07176778 0.01929526 -0.05309941 0.06703036 0.01383866 -0.05272489 0.06566003 0.0153153 -0.05216566 0.07163986 0.01330643 -0.05332525 0.06997972 0.0116738 -0.05309941 0.06703036 0.01383866 -0.04746306 0.07835236 0.01934253 -0.05216566 0.07163986 0.01330643 -0.05449324 0.07151461 0.007581843 -0.05332525 0.06997972 0.0116738 -0.05449324 0.07151461 0.007581843 -0.05124758 0.0780108 0.01100262 -0.0552128 0.07249128 0.004707914 -0.05272489 0.06566003 0.0153153 -0.05480808 0.06452768 0.01176791 -0.05194129 0.06449839 0.01738358 -0.05332525 0.06997972 0.0116738 -0.05413961 0.07005898 0.009842787 -0.0544633 0.07079928 0.008316987 -0.05503217 0.06835995 0.008982236 -0.05332525 0.06997972 0.0116738 -0.05488354 0.07012039 0.008157256 -0.05449324 0.07151461 0.007581843 -0.0544633 0.07079928 0.008316987 -0.05503217 0.06835995 0.008982236 -0.057305 0.06442872 0.007291103 -0.05701925 0.06661949 0.006438384 -0.06018876 0.06470615 0.002265052 -0.05488354 0.07012039 0.008157256 -0.05686953 0.07016156 0.004428459 -0.06018876 0.06470615 0.002265052 -0.06288448 0.06494518 -0.002462102 -0.06476872 0.0701101 -0.008962327 -0.06422434 0.06481705 -0.00467713 -0.06718969 0.06472179 -0.009680339 -0.06576204 0.07010315 -0.01101879 -0.0680178 0.06495513 -0.01161936 -0.06576204 0.07010315 -0.01101879 -0.05413961 0.07005898 0.009842787 -0.05488354 0.07012039 0.008157256 -0.055517 0.07194974 0.004561804 -0.05449324 0.07151461 0.007581843 -0.0552128 0.07249128 0.004707914 -0.04924372 0.07176778 0.01929526 -0.05194129 0.06449839 0.01738358 -0.04768385 0.06459635 0.02478784 -0.04577425 0.07189646 0.02524495 -0.05311681 0.07779606 0.005930493 -0.05124758 0.0780108 0.01100262 -0.04778371 0.08400125 0.01447548 -0.04558973 0.08426673 0.01902446 -0.04746306 0.07835236 0.01934253 -0.04974838 0.08375704 0.00986683 -0.04309364 0.08453091 0.02343987 -0.05456651 0.07758074 0.001117468 -0.04191547 0.08964086 0.02198598 -0.03959175 0.08992166 0.02545522 -0.04415438 0.0891688 0.01785648 -0.04778371 0.08400125 0.01447548 -0.04558973 0.08426673 0.01902446 -0.0454172 0.08898907 0.01548317 -0.04626612 0.08904928 0.01306826 -0.04030271 0.08479367 0.02765619 -0.05559708 0.07736523 -0.003316301 -0.04626612 0.08904928 0.01306826 -0.04848981 0.08850535 0.007404988 -0.04309364 0.08453091 0.02343987 -0.03959175 0.08992166 0.02545522 -0.03736696 0.08998743 0.02869063 -0.05247848 0.08319934 0.0006796776 -0.04945979 0.08829955 0.003590351 -0.03736696 0.08998743 0.02869063 -0.03642282 0.09031604 0.02979561 -0.03722383 0.0850547 0.03160756 -0.0315089 0.09064056 0.03502241 -0.03642282 0.09031604 0.02979561 -0.03386251 0.08531301 0.0352265 -0.03058793 0.08543468 0.03817866 -0.02945902 0.0907917 0.03677701 -0.03386251 0.08531301 0.0352265 -0.03558613 0.07908287 0.03583559 -0.03155412 0.07933448 0.03944632 -0.02945902 0.0907917 0.03677701 -0.0315089 0.09064056 0.03502241 -0.03155412 0.07933448 0.03944632 -0.03058793 0.08543468 0.03817866 -0.02930595 0.0912043 0.03660942 -0.0315089 0.09064056 0.03502241 -0.03279418 0.09082145 0.03343482 -0.03486212 0.09083879 0.0312005 -0.03642282 0.09031604 0.02979561 -0.03970655 0.09027276 0.02509473 -0.03959175 0.08992166 0.02545522 -0.03970655 0.09027276 0.02509473 -0.04191547 0.08964086 0.02198598 -0.04412142 0.08961502 0.01765419 -0.02743652 0.08570252 0.04047844 -0.0251338 0.09122465 0.03982675 -0.02854125 0.09088552 0.03748614 -0.02945902 0.0907917 0.03677701 -0.03058793 0.08543468 0.03817866 -0.02743652 0.08570252 0.04047844 -0.02181711 0.09148588 0.04167987 -0.02330966 0.08603155 0.04293707 -0.03155412 0.07933448 0.03944632 -0.02743652 0.08570252 0.04047844 -0.0218293 0.07983615 0.04558034 -0.01765171 0.09176487 0.04354788 -0.02181711 0.09148588 0.04167987 -0.01895468 0.08634952 0.04496338 -0.01441716 0.08665399 0.04653779 -0.01481253 0.08021855 0.04814062 -0.009744231 0.08694267 0.04764522 -0.01397532 0.09198184 0.04481491 -0.01895468 0.08634952 0.04496338 -0.01765171 0.09176487 0.04354788 -0.01397532 0.09198184 0.04481491 -0.008894202 0.09235329 0.04592654 -0.004385108 0.09264177 0.04644474 -0.008894202 0.09235329 0.04592654 -0.004984129 0.08721339 0.0482774 0.0004690311 0.09289183 0.04650988 -0.004984129 0.08721339 0.0482774 -0.0001853238 0.08746415 0.04842956 0.004604448 0.08769316 0.04810377 0.009338006 0.08789884 0.04730551 0.0004690311 0.09289183 0.04650988 0.004838494 0.09312485 0.0461158 0.004741744 0.09348124 0.04594893 0.004604448 0.08769316 0.04810377 0.009389819 0.09336463 0.04524925 0.009389819 0.09336463 0.04524925 0.01356011 0.09354936 0.04403649 0.01356011 0.09354936 0.04403649 0.01349261 0.09386892 0.04386763 0.01396978 0.08807983 0.04604585 0.01356011 0.09354936 0.04403649 0.01771702 0.09401531 0.04217615 0.01777271 0.09367868 0.04238768 0.02185244 0.09419065 0.04006919 0.01865988 0.09418992 0.0415982 0.01777271 0.09367868 0.04238768 0.01356011 0.09354936 0.04403649 0.02287503 0.08839232 0.04238569 0.02176612 0.09382047 0.04035332 0.01929089 0.08151374 0.0460375 0.03063092 0.08853572 0.03673923 0.03254607 0.09401911 0.03203129 0.02925666 0.09401456 0.03509238 0.03413748 0.08857918 0.03346316 0.0356352 0.09406026 0.0285274 0.03413748 0.08857918 0.03346316 0.03731282 0.08859368 0.02986519 0.03254607 0.09401911 0.03203129 0.03544543 0.09443118 0.02838527 0.03544543 0.09443118 0.02838527 0.03244228 0.09439666 0.03183236 0.04012793 0.08857916 0.02597885 0.03829901 0.09407115 0.02483865 0.0356352 0.09406026 0.0285274 0.03244228 0.09439666 0.03183236 0.02925666 0.09401456 0.03509238 0.02953419 0.09436754 0.0345731 0.02577396 0.09430681 0.03751301 0.02925666 0.09401456 0.03509238 0.02558907 0.09391037 0.03794247 0.03919078 0.08181283 0.03121077 0.03731282 0.08859368 0.02986519 0.04022992 0.07379389 0.03220004 0.04012793 0.08857916 0.02597885 0.04068802 0.09401357 0.02082217 0.03829901 0.09407115 0.02483865 0.04255638 0.08853569 0.02183987 0.04427868 0.08175708 0.02278546 0.04427868 0.08175708 0.02278546 0.0458107 0.07376624 0.02361754 0.0445743 0.08846345 0.01748572 0.04616252 0.08836293 0.01295692 0.04730448 0.08823476 0.008295443 0.04255638 0.08853569 0.02183987 0.04254907 0.0939844 0.01679707 0.04068802 0.09401357 0.02082217 0.04914497 0.08151367 0.008738575 0.04798765 0.08807972 0.003544848 0.04600875 0.09352192 0.003274854 0.0452264 0.0937304 0.008101267 0.04798765 0.08807972 0.003544848 0.05007171 0.08132141 0.001339586 0.04820219 0.08789874 -0.001250372 0.04794424 0.08769305 -0.006043829 0.047213 0.087464 -0.01078865 0.0460134 0.08721324 -0.0154376 0.04798765 0.08807972 0.003544848 0.04623978 0.09327895 -0.001374427 0.04617174 0.09338191 0.0008866902 0.04623978 0.09327895 -0.001374427 0.04603751 0.09367706 -0.0009579418 0.04693501 0.08055455 -0.01826764 0.04435393 0.08694252 -0.01994363 0.04912915 0.07312692 -0.0162439 0.05039327 0.06460969 -0.0166389 0.05181425 0.06459963 -0.01154345 0.05046509 0.07324958 -0.01128403 0.04224985 0.08665383 -0.02426053 0.05039327 0.06460969 -0.0166389 0.04730694 0.0729936 -0.02104869 0.04846781 0.06470903 -0.02152089 0.04730694 0.0729936 -0.02104869 0.0460134 0.08721324 -0.0154376 0.04259685 0.09228582 -0.01940982 0.04416471 0.09256343 -0.01512196 0.042597 0.09265809 -0.01907745 0.04417297 0.09300053 -0.0143758 0.04533812 0.09283087 -0.01048421 0.047213 0.087464 -0.01078865 0.04416471 0.09256343 -0.01512196 0.04259685 0.09228582 -0.01940982 0.04044355 0.09239963 -0.02331395 0.04078194 0.09203819 -0.02316226 0.04078194 0.09203819 -0.02316226 0.04435393 0.08694252 -0.01994363 0.04525822 0.09323298 -0.009974115 0.04417297 0.09300053 -0.0143758 0.04416471 0.09256343 -0.01512196 0.04794424 0.08769305 -0.006043829 0.047213 0.087464 -0.01078865 0.04582986 0.09299848 -0.007498316 0.04623978 0.09327895 -0.001374427 0.04577684 0.09347842 -0.005905544 0.04582986 0.09299848 -0.007498316 0.04525822 0.09323298 -0.009974115 0.04533812 0.09283087 -0.01048421 0.04577684 0.09347842 -0.005905544 0.0371008 0.1009885 -0.004849821 0.03715105 0.1010022 -0.004093579 0.045708 0.09360573 -0.005439566 0.03732927 0.1010329 -0.001365015 0.04586302 0.09379463 -0.001328985 0.03715105 0.1010022 -0.004093579 0.045708 0.09360573 -0.005439566 0.04603751 0.09367706 -0.0009579418 0.04603751 0.09367706 -0.0009579418 0.04623978 0.09327895 -0.001374427 0.04525822 0.09323298 -0.009974115 0.0371008 0.1009885 -0.004849821 0.03648752 0.1009865 -0.008143668 0.04497211 0.09335042 -0.01041668 0.04525822 0.09323298 -0.009974115 0.03603563 0.1010878 -0.009498963 0.03648752 0.1009865 -0.008143668 0.03715105 0.1010022 -0.004093579 0.03603563 0.1010878 -0.009498963 0.04417297 0.09300053 -0.0143758 0.04497211 0.09335042 -0.01041668 0.03553887 0.1009737 -0.01173576 0.03603563 0.1010878 -0.009498963 0.03426269 0.1010022 -0.01491538 0.03426269 0.1010022 -0.01491538 0.04417297 0.09300053 -0.0143758 0.04497211 0.09335042 -0.01041668 0.04525822 0.09323298 -0.009974115 0.042597 0.09265809 -0.01907745 0.03248305 0.1009784 -0.0184926 0.04044355 0.09239963 -0.02331395 0.04586302 0.09379463 -0.001328985 0.03739778 0.1009898 -0.000780966 0.03732927 0.1010329 -0.001365015 0.04575401 0.0938936 0.003277187 0.04617174 0.09338191 0.0008866902 0.04600875 0.09352192 0.003274854 0.03426269 0.1010022 -0.01491538 0.0341985 0.1012562 -0.01376828 0.03123228 0.1012524 -0.01966337 0.03177595 0.1010341 -0.01957395 0.03547058 0.1012665 -0.009372598 0.02833469 0.1011391 -0.02394608 0.02833469 0.1011391 -0.02394608 0.02838276 0.1012557 -0.0234447 0.02430095 0.1012195 -0.02781481 0.0287093 0.101013 -0.0239991 0.02833469 0.1011391 -0.02394608 0.02337074 0.1010232 -0.02919124 0.02430095 0.1012195 -0.02781481 0.02086492 0.1012498 -0.03047819 0.0208247 0.1010228 -0.03097956 0.01510182 0.1011096 -0.03393276 0.01665638 0.1009992 -0.03354835 0.01510182 0.1011096 -0.03393276 0.01106323 0.1010167 -0.03565463 0.01455181 0.1012554 -0.03377606 0.02086492 0.1012498 -0.03047819 0.01008791 0.1012552 -0.03540432 0.01106323 0.1010167 -0.03565463 0.005399732 0.1011069 -0.03677383 0.006317744 0.1012579 -0.03621375 -0.001033665 0.101252 -0.03694171 -0.0001303952 0.1010701 -0.03729661 0.006201876 0.1010114 -0.036956 0.01106323 0.1010167 -0.03565463 -0.0001303952 0.1010701 -0.03729661 -0.001033665 0.101252 -0.03694171 -0.005749433 0.1012148 -0.0365089 -0.004673748 0.1010807 -0.03706349 -0.01122359 0.1011755 -0.03534188 -0.01319923 0.1010901 -0.03506418 -0.01613211 0.1012535 -0.03323937 -0.02091456 0.1012253 -0.03052601 -0.02107047 0.1011051 -0.03088571 -0.02545123 0.1012526 -0.02686387 -0.02676695 0.1010463 -0.0261808 -0.02922753 0.1011211 -0.02337313 -0.02893804 0.101249 -0.02303431 -0.03107634 0.1011661 -0.02026872 -0.02950229 0.09807285 -0.02928276 -0.03240934 0.09798685 -0.02594189 -0.02676695 0.1010463 -0.0261808 -0.03240934 0.09798685 -0.02594189 -0.03107634 0.1011661 -0.02026872 -0.03500516 0.09809583 -0.02236107 -0.03560018 0.09481287 -0.02847957 -0.03864455 0.09484684 -0.02404572 -0.03240934 0.09798685 -0.02594189 -0.03311916 0.1012746 -0.01715042 -0.03107634 0.1011661 -0.02026872 -0.04095982 0.09488154 -0.01956476 -0.04041989 0.09679312 -0.01476583 -0.03448088 0.1012019 -0.01366039 -0.04904847 0.08767875 -0.02014652 -0.05045412 0.08785445 -0.01411099 -0.05063552 0.08805937 -0.01097027 -0.0434645 0.09495606 -0.01049674 -0.03448088 0.1012019 -0.01366039 -0.03573939 0.1011564 -0.01043592 -0.03977507 0.09811766 -0.01040065 -0.04037372 0.09815206 -0.006336077 -0.03645082 0.1011656 -0.006852815 -0.03977507 0.09811766 -0.01040065 -0.04384254 0.0950403 -0.006003092 -0.03709047 0.1010568 -0.004373142 -0.03682268 0.1012327 -0.003599068 -0.03645082 0.1011656 -0.006852815 -0.0404314 0.09824386 0.00169479 -0.04037372 0.09815206 -0.006336077 -0.03714002 0.101111 0.0006629259 -0.03714002 0.101111 0.0006629259 -0.03682268 0.1012327 -0.003599068 -0.03666763 0.1012541 0.004217514 -0.03714002 0.101111 0.0006629259 -0.03724333 0.1010406 0.002449885 -0.03639872 0.101055 0.007968287 -0.03534335 0.1011817 0.01110651 -0.03467393 0.1012571 0.01200217 -0.0320264 0.1012589 0.01806709 -0.03428065 0.1011028 0.0143836 -0.0320264 0.1012589 0.01806709 -0.0318662 0.1011035 0.01904081 -0.02715089 0.1012326 0.02537448 -0.03049831 0.1010626 0.02143043 -0.02715089 0.1012326 0.02537448 -0.02327765 0.1011332 0.02906517 -0.02310698 0.1012535 0.02870666 -0.02327765 0.1011332 0.02906517 -0.01884263 0.101206 0.03184784 -0.02785968 0.1012571 0.02387367 -0.02310698 0.1012535 0.02870666 -0.0231022 0.1012468 0.02545232 -0.02700793 0.1012571 0.02156802 -0.01882765 0.1012571 0.02898503 -0.02785968 0.1012571 0.02387367 -0.02990871 0.1012339 0.01687786 -0.03240532 0.1012573 0.01200654 -0.03325502 0.1012549 0.00904099 -0.03228762 0.1011802 0.01177524 -0.02990871 0.1012339 0.01687786 -0.02677096 0.1011825 0.02154305 -0.0231022 0.1012468 0.02545232 -0.03325502 0.1012549 0.00904099 -0.01859342 0.1011969 0.02891132 -0.03666763 0.1012541 0.004217514 -0.01391461 0.1012576 0.03163402 -0.03672083 0.1012572 -0.0002057863 -0.03429703 0.1012825 0.003580897 -0.03645082 0.1011656 -0.006852815 -0.03454782 0.1012799 -0.0004300819 -0.03448088 0.1012019 -0.01366039 -0.03573939 0.1011564 -0.01043592 -0.03610873 0.1012571 -0.006733407 -0.03409506 0.1012874 -0.005413134 -0.03448088 0.1012019 -0.01366039 -0.03281513 0.1012506 -0.01693965 -0.03311916 0.1012746 -0.01715042 -0.03107634 0.1011661 -0.02026872 -0.03368051 0.09490882 -0.01395028 -0.03305902 0.1012059 -0.009334845 -0.03194465 0.1012098 -0.01273374 -0.03044081 0.1012023 -0.01608164 -0.03084983 0.1012571 -0.01998046 -0.03107634 0.1011661 -0.02026872 -0.03281513 0.1012506 -0.01693965 -0.02819055 0.1012649 -0.01976907 -0.02893804 0.101249 -0.02303431 -0.02478611 0.1012541 -0.02389648 -0.02545123 0.1012526 -0.02686387 -0.02247537 0.1012561 -0.0261466 -0.01876066 0.1012577 -0.0289652 -0.01613211 0.1012535 -0.03323937 -0.01446066 0.1012573 -0.03139224 -0.01066606 0.1012572 -0.03519649 -0.0145668 0.1011992 -0.03113619 -0.0188537 0.101159 -0.0287219 -0.01729923 0.1010209 -0.02958606 -0.01876066 0.1012577 -0.0289652 -0.02247537 0.1012561 -0.0261466 -0.01613211 0.1012535 -0.03323937 -0.005749433 0.1012148 -0.0365089 -0.001033665 0.101252 -0.03694171 -0.01066606 0.1012572 -0.03519649 -0.009418583 0.1012571 -0.03325488 -0.009465615 0.1011917 -0.03303565 -0.004423664 0.1012511 -0.03409276 -0.0145668 0.1011992 -0.03113619 -0.01183964 0.101024 -0.03216343 -0.0002321256 0.1012508 -0.03437569 0.007577376 0.1012712 -0.03383218 0.01455181 0.1012554 -0.03377606 0.01495708 0.1012725 -0.03114816 0.02086492 0.1012498 -0.03047819 0.02074158 0.1012809 -0.02760286 0.02508469 0.1012776 -0.02385164 0.02838276 0.1012557 -0.0234447 0.03123228 0.1012524 -0.01966337 0.02874698 0.1012841 -0.01909023 0.03135262 0.1012844 -0.01458066 0.0341985 0.1012562 -0.01376828 0.03335976 0.1012697 -0.008753454 0.03652889 0.1012578 -0.004350217 0.03414958 0.1012653 -0.004741753 0.03682783 0.1011805 -0.004067237 0.03715105 0.1010022 -0.004093579 0.0369303 0.1012225 0.001625219 0.0369303 0.1012225 0.001625219 0.03672009 0.1012571 1.179129e-05 0.0369303 0.1012225 0.001625219 0.03448008 0.1012738 -0.000404384 0.03620479 0.101253 0.006930175 0.03430282 0.1012706 0.004345324 0.03620479 0.101253 0.006930175 0.03418504 0.1012571 0.01341216 0.03491364 0.1012048 0.01232235 0.03299437 0.1012571 0.01029543 0.03285115 0.101216 0.01016562 0.03157736 0.1012575 0.0140988 0.03112193 0.1011849 0.01459567 0.0288657 0.1012693 0.01901774 0.03036882 0.1012559 0.02092442 0.03285244 0.1012116 0.0170627 0.03491364 0.1012048 0.01232235 0.0267232 0.1012594 0.02518741 0.02657967 0.1012117 0.02596042 0.02449093 0.101241 0.02416337 0.02199083 0.1012525 0.0296106 0.02076799 0.1012823 0.02763926 0.01742277 0.1012518 0.03255158 0.01507797 0.1012852 0.03115614 0.00732923 0.101253 0.03619379 0.01280154 0.1012318 0.03467416 0.006047404 0.1012422 0.0339857 0.002184425 0.1012589 0.03671113 -0.0005572436 0.1012594 0.03454259 -0.003314444 0.1012554 0.03672148 -0.008821253 0.101245 0.03318574 0.00732923 0.101253 0.03619379 0.002083814 0.1011354 0.03712754 -0.0109437 0.1012571 0.03503682 -0.008591051 0.1012188 0.03597505 -0.01393025 0.1012267 0.03422575 -0.0109437 0.1012571 0.03503682 -0.01733741 0.1012571 0.03234858 -0.01393025 0.1012267 0.03422575 -0.01859342 0.1011969 0.02891132 -0.01387084 0.1011768 0.03143048 -0.008821253 0.101245 0.03318574 -0.003027878 0.1011356 0.03706079 -0.003314444 0.1012554 0.03672148 0.007404509 0.101079 0.0365257 0.00732923 0.101253 0.03619379 0.01280154 0.1012318 0.03467416 0.01445074 0.1011066 0.0343858 0.01742277 0.1012518 0.03255158 0.02052601 0.1011284 0.03122185 0.02199083 0.1012525 0.0296106 0.02657967 0.1012117 0.02596042 0.02052601 0.1011284 0.03122185 0.02400548 0.1009948 0.028681 0.02952569 0.1010908 0.0228101 0.03036882 0.1012559 0.02092442 0.03308897 0.101091 0.01721459 0.03491364 0.1012048 0.01232235 0.0347837 0.1009945 0.01376001 0.03491364 0.1012048 0.01232235 0.03533761 0.1010154 0.01216168 0.0347837 0.1009945 0.01376001 0.04238564 0.09429446 0.01663821 0.03598227 0.1009938 0.0102422 0.04389258 0.09419727 0.01242685 0.04238564 0.09429446 0.01663821 0.03533761 0.1010154 0.01216168 0.03598227 0.1009938 0.0102422 0.03672988 0.1010758 0.006606958 0.03731382 0.1010595 0.001382954 0.03732927 0.1010329 -0.001365015 0.03731382 0.1010595 0.001382954 0.03739778 0.1009898 -0.000780966 -0.009651886 0.06443648 0.05202206 -0.0002287006 0.06452494 0.05292411 -0.008486013 0.06457088 0.05240885 0.006029683 0.06440581 0.05244355 0.007299264 0.06465042 0.05262183 0.01415964 0.06462909 0.05112975 0.0141084 0.06436088 0.05076862 0.02809966 0.06445043 -0.04501476 0.022807 0.06452718 -0.048056 0.02712191 0.06476053 -0.04560796 0.022807 0.06452718 -0.048056 0.02725141 0.07221028 -0.0441771 0.02712191 0.06476053 -0.04560796 0.03321407 0.06453252 -0.04151414 0.03242792 0.07226255 -0.04052419 0.03639517 0.06465343 -0.03863041 0.03321407 0.06453252 -0.04151414 0.03557584 0.07236888 -0.03779412 0.03235306 0.07306731 -0.0404279 0.03242792 0.07226255 -0.04052419 0.02108096 0.07208082 -0.04750085 0.01833747 0.06476893 -0.05011722 0.03242792 0.07226255 -0.04052419 0.03235306 0.07306731 -0.0404279 0.03461095 0.07942107 -0.03679748 0.03235306 0.07306731 -0.0404279 0.0315463 0.07935075 -0.03944736 0.04152276 0.0726729 -0.03142193 0.03557584 0.07236888 -0.03779412 0.03639517 0.06465343 -0.03863041 0.03960106 0.06447585 -0.03537728 0.04413769 0.06459248 -0.02946752 0.0462015 0.06477349 -0.02604462 0.0482879 0.06456851 -0.02201 0.04372715 0.08021842 -0.02499736 0.03951258 0.07981749 -0.03148837 0.04372715 0.08021842 -0.02499736 0.0397198 0.08634935 -0.028343 0.03951258 0.07981749 -0.03148837 0.03596701 0.09156099 -0.03053384 0.03823534 0.09173 -0.02732704 0.0397198 0.08634935 -0.028343 0.04224985 0.08665383 -0.02426053 0.04078194 0.09203819 -0.02316226 0.03348592 0.08570234 -0.0356365 0.03228801 0.0911056 -0.03430317 0.0315463 0.07935075 -0.03944736 0.03054098 0.08552016 -0.03818574 0.02943644 0.09083071 -0.03679819 0.03054098 0.08552016 -0.03818574 0.03228801 0.0911056 -0.03430317 0.0315463 0.07935075 -0.03944736 0.02695243 0.08537897 -0.04073349 0.02717021 0.079145 -0.04255445 0.0315463 0.07935075 -0.03944736 0.02725141 0.07221028 -0.0441771 0.02269645 0.08512037 -0.04321588 0.01786775 0.08484336 -0.04586062 0.01817809 0.08485903 -0.04535165 0.02670118 0.09056328 -0.03881841 0.03054098 0.08552016 -0.03818574 0.02943644 0.09083071 -0.03679819 0.02269645 0.08512037 -0.04321588 0.02670118 0.09056328 -0.03881841 0.02338647 0.09029889 -0.04090969 0.01982449 0.08998925 -0.04277771 0.02269645 0.08512037 -0.04321588 0.0173584 0.0900631 -0.04382349 0.01982449 0.08998925 -0.04277771 0.01316822 0.08945496 -0.04554367 0.008618475 0.08433141 -0.04861813 0.009743305 0.08922812 -0.04660967 0.01316822 0.08945496 -0.04554367 0.01040186 0.08984093 -0.04624796 0.004142791 0.08930387 -0.04783169 0.008618475 0.08433141 -0.04861813 0.006819236 0.08312086 -0.04943507 0.003797125 0.08890919 -0.04799451 0.004142791 0.08930387 -0.04783169 0.009743305 0.08922812 -0.04660967 0.003485069 0.08914182 -0.04778159 0.004142791 0.08930387 -0.04783169 0.01316389 0.06469277 -0.05218062 0.01833747 0.06476893 -0.05011722 0.005125472 0.07828486 -0.05129522 0.008618475 0.08433141 -0.04861813 0.006819236 0.08312086 -0.04943507 0.001587058 0.07169235 -0.05379496 -0.000448579 0.07806979 -0.05238941 -0.004757679 0.07148483 -0.05487124 -0.000160537 0.06993135 -0.05457398 -0.000448579 0.07806979 -0.05238941 0.006819236 0.08312086 -0.04943507 -0.001922532 0.08294947 -0.05101554 0.002623023 0.06609719 -0.05489379 -0.004757679 0.07148483 -0.05487124 -0.001977582 0.07012436 -0.05484871 0.004452348 0.06499664 -0.05468378 0.008993267 0.06493353 -0.05345146 0.001138243 0.0648873 -0.05550145 0.008993267 0.06493353 -0.05345146 0.00911925 0.06460444 -0.05338398 0.00439861 0.06471712 -0.05465328 0.008993267 0.06493353 -0.05345146 0.01316389 0.06469277 -0.05218062 0.001138243 0.0648873 -0.05550145 -0.0009149626 0.06501906 -0.05602349 -0.000160537 0.06993135 -0.05457398 -0.00341893 0.06858729 -0.05562971 -0.005188938 0.0649993 -0.05726459 -0.00341893 0.06858729 -0.05562971 -0.004458623 0.07009644 -0.05545308 -0.000160537 0.06993135 -0.05457398 -0.004458623 0.07009644 -0.05545308 -0.008113923 0.07000718 -0.05650635 -0.02328783 0.06756461 -0.06221683 -0.02284687 0.07000718 -0.06124414 -0.02540054 0.0705025 -0.06159353 -0.02373618 0.06512405 -0.06319121 -0.02379956 0.06495172 -0.06324119 -0.02616647 0.06492789 -0.06382792 -0.02616647 0.06492789 -0.06382792 -0.02540054 0.0705025 -0.06159353 -0.02765606 0.07052413 -0.06166229 -0.02616647 0.06492789 -0.06382792 -0.02744889 0.0650166 -0.06389353 -0.02924122 0.06477084 -0.06401057 -0.02765606 0.07052413 -0.06166229 -0.03068884 0.07050569 -0.06139569 -0.03121864 0.06511346 -0.06362867 -0.03236048 0.07016436 -0.06101637 -0.03249846 0.0648565 -0.06350142 -0.035777 0.07022176 -0.05941955 -0.0330012 0.06765287 -0.06194966 -0.03249846 0.0648565 -0.06350142 -0.0330012 0.06765287 -0.06194966 -0.03996243 0.07025323 -0.05742106 -0.03785772 0.06505536 -0.06100786 -0.04277657 0.06504519 -0.0582042 -0.04607626 0.07033816 -0.05332596 -0.0476038 0.06500391 -0.05493284 -0.05045113 0.07014283 -0.04950952 -0.05192237 0.06498097 -0.05106614 -0.03787681 0.06444001 0.03714626 -0.04234905 0.06445841 0.03210044 -0.04216031 0.06428508 0.03205653 -0.04170802 0.06392186 0.03173088 -0.04480428 0.06428558 0.02836864 -0.0409089 0.06335069 0.03115573 -0.04709857 0.06321266 0.02262821 -0.04709857 0.06321266 0.02262821 -0.04874028 0.06439959 0.02298491 -0.05194129 0.06449839 0.01738358 -0.04975922 0.06344095 0.01929059 -0.0496995 0.06287558 0.01875496 -0.05116285 0.063543 0.01730869 -0.05194129 0.06449839 0.01738358 -0.05293304 0.06422482 0.01507823 -0.0496995 0.06287558 0.01875496 -0.05116285 0.063543 0.01730869 -0.0506532 0.06249522 0.01699951 -0.05165922 0.06223761 0.01542216 -0.05116285 0.063543 0.01730869 -0.05228391 0.06300983 0.01492991 -0.0541358 0.06316274 0.01183549 -0.05499876 0.06359854 0.01051518 -0.05733354 0.06344316 0.005758407 -0.05499876 0.06359854 0.01051518 -0.05293304 0.06422482 0.01507823 -0.05633873 0.06414158 0.008521103 -0.05480808 0.06452768 0.01176791 -0.057305 0.06442872 0.007291103 -0.05499876 0.06359854 0.01051518 -0.05759046 0.06396353 0.005942893 -0.057305 0.06442872 0.007291103 -0.057305 0.06442872 0.007291103 -0.05900769 0.06444212 0.004121927 -0.05633873 0.06414158 0.008521103 -0.05759046 0.06396353 0.005942893 -0.05900769 0.06444212 0.004121927 -0.05867561 0.06392955 0.003589474 -0.0570733 0.06282373 0.005842625 -0.0541358 0.06316274 0.01183549 -0.05759046 0.06396353 0.005942893 -0.05906008 0.06380011 0.002325829 -0.05867561 0.06392955 0.003589474 -0.05983021 0.0644327 0.002715468 -0.05900769 0.06444212 0.004121927 -0.05906008 0.06380011 0.002325829 -0.0593825 0.06368529 0.001048785 -0.06059561 0.06418221 -0.001415259 -0.05906008 0.06380011 0.002325829 -0.06076748 0.0641216 -0.0030863 -0.06159605 0.06448833 -0.0006302263 -0.06142259 0.06434748 -0.002983468 -0.06076748 0.0641216 -0.0030863 -0.06059561 0.06418221 -0.001415259 -0.06225111 0.0644535 -0.002410702 -0.05819909 0.06315552 0.003333205 -0.05733354 0.06344316 0.005758407 -0.0588523 0.06244311 0.0008135366 -0.05789223 0.06182747 0.003503026 -0.05912774 0.06321846 0.0007540959 -0.05696496 0.06237855 0.005886716 -0.05789223 0.06182747 0.003503026 -0.05686748 0.06168601 0.005994397 -0.05682953 0.06093065 0.006176144 -0.05448483 0.06151891 0.01090563 -0.05559801 0.0608698 0.008751207 -0.05972267 0.06331843 -0.001797706 -0.0588523 0.06244311 0.0008135366 -0.06039777 0.06384639 -0.003037849 -0.06006408 0.06329955 -0.003238063 -0.06039777 0.06384639 -0.003037849 -0.05972267 0.06331843 -0.001797706 -0.05912774 0.06321846 0.0007540959 -0.0593825 0.06368529 0.001048785 -0.06076748 0.0641216 -0.0030863 -0.06039777 0.06384639 -0.003037849 -0.05912774 0.06321846 0.0007540959 -0.05819909 0.06315552 0.003333205 -0.05358304 0.06260661 0.0126231 -0.0541358 0.06316274 0.01183549 -0.05228391 0.06300983 0.01492991 -0.05305287 0.06192832 0.01336198 -0.05448483 0.06151891 0.01090563 -0.05305287 0.06192832 0.01336198 -0.05466591 0.06235899 0.01055899 -0.05696496 0.06237855 0.005886716 -0.0570733 0.06282373 0.005842625 -0.03560018 0.09481287 -0.02847957 -0.03240934 0.09798685 -0.02594189 -0.02950229 0.09807285 -0.02928276 -0.02616578 0.09806712 -0.03218194 -0.02107047 0.1011051 -0.03088571 -0.02259043 0.09807312 -0.03461838 -0.0188861 0.09818183 -0.03663386 -0.02107047 0.1011051 -0.03088571 -0.01788589 0.1010106 -0.03285451 -0.01319923 0.1010901 -0.03506418 -0.0188861 0.09818183 -0.03663386 -0.01107333 0.09504013 -0.042512 -0.004673748 0.1010807 -0.03706349 -0.0001303952 0.1010701 -0.03729661 -0.002498964 0.09531213 -0.04285517 0.001680746 0.09542293 -0.04259601 0.004042028 0.08952069 -0.04756702 0.01040186 0.08984093 -0.04624796 0.004142791 0.08930387 -0.04783169 0.004042028 0.08952069 -0.04756702 -0.0001303952 0.1010701 -0.03729661 0.006201876 0.1010114 -0.036956 0.01106323 0.1010167 -0.03565463 0.01343145 0.09574765 -0.03998707 0.01733303 0.09036394 -0.04362724 0.0173584 0.0900631 -0.04382349 0.01733303 0.09036394 -0.04362724 0.01316822 0.08945496 -0.04554367 0.02370956 0.09073392 -0.04060946 0.01982449 0.08998925 -0.04277771 0.02338647 0.09029889 -0.04090969 0.02670118 0.09056328 -0.03881841 0.02338647 0.09029889 -0.04090969 0.01733303 0.09036394 -0.04362724 0.0173584 0.0900631 -0.04382349 0.02943644 0.09083071 -0.03679819 0.02670118 0.09056328 -0.03881841 0.02932685 0.09118053 -0.03667045 0.02943644 0.09083071 -0.03679819 0.03228801 0.0911056 -0.03430317 0.03275138 0.09147847 -0.03364727 -0.002498964 0.09531213 -0.04285517 -0.003685442 0.08889208 -0.04876938 0.004142791 0.08930387 -0.04783169 -0.01002658 0.08856823 -0.04892379 -0.01495348 0.08831376 -0.0485729 -0.01107333 0.09504013 -0.042512 -0.01546414 0.09499248 -0.04151485 -0.01824918 0.088236 -0.04798012 -0.01546414 0.09499248 -0.04151485 -0.02068408 0.09156492 -0.04372172 -0.02005231 0.08804417 -0.04765971 -0.02591288 0.08781453 -0.04577417 -0.02068408 0.09156492 -0.04372172 -0.02537465 0.09138662 -0.04180418 -0.02676982 0.08761628 -0.04551966 -0.02537465 0.09138662 -0.04180418 -0.02623295 0.09480516 -0.03709971 -0.02616578 0.09806712 -0.03218194 -0.02950229 0.09807285 -0.02928276 -0.03560018 0.09481287 -0.02847957 -0.03196113 0.09479642 -0.03248665 -0.02999809 0.09129988 -0.03910565 -0.03196113 0.09479642 -0.03248665 -0.02676982 0.08761628 -0.04551966 -0.03032102 0.08770725 -0.04354195 -0.02999809 0.09129988 -0.03910565 -0.03583476 0.08762278 -0.0394241 -0.03679395 0.08763526 -0.03847194 -0.03444438 0.09136092 -0.03548852 -0.03444438 0.09136092 -0.03548852 -0.03560018 0.09481287 -0.02847957 -0.03679395 0.08763526 -0.03847194 -0.03812387 0.08754224 -0.03739295 -0.04173196 0.08751903 -0.03338281 -0.03862767 0.0911876 -0.03091278 -0.0421265 0.0913345 -0.02579524 -0.04173196 0.08751903 -0.03338281 -0.04439476 0.08760759 -0.02928481 -0.03862767 0.0911876 -0.03091278 -0.0421265 0.0913345 -0.02579524 -0.04095982 0.09488154 -0.01956476 -0.04690041 0.08753458 -0.02531758 -0.04439476 0.08760759 -0.02928481 -0.04904847 0.08767875 -0.02014652 0.03211191 0.1009778 -0.01918317 0.03248305 0.1009784 -0.0184926 0.04044355 0.09239963 -0.02331395 0.03854715 0.09217463 -0.02643853 0.03177595 0.1010341 -0.01957395 0.0287093 0.101013 -0.0239991 0.03574916 0.09187396 -0.03027399 0.02337074 0.1010232 -0.02919124 0.03107116 0.09153908 -0.03494627 0.03574916 0.09187396 -0.03027399 0.03275138 0.09147847 -0.03364727 0.02932685 0.09118053 -0.03667045 0.02337074 0.1010232 -0.02919124 0.03275138 0.09147847 -0.03364727 0.03211191 0.1009778 -0.01918317 0.04044355 0.09239963 -0.02331395 0.03177595 0.1010341 -0.01957395 0.03177595 0.1010341 -0.01957395 0.03248305 0.1009784 -0.0184926 0.03426269 0.1010022 -0.01491538 0.04048371 0.09433494 0.02078477 0.04238564 0.09429446 0.01663821 0.0347837 0.1009945 0.01376001 0.03308897 0.101091 0.01721459 0.04048371 0.09433494 0.02078477 0.03816763 0.0943921 0.02467969 0.03136125 0.1010268 0.0203478 -0.0236073 0.08765825 -0.04685134 -0.02005231 0.08804417 -0.04765971 -0.02017976 0.08770368 -0.04790333 -0.02676982 0.08761628 -0.04551966 -0.02591288 0.08781453 -0.04577417 -0.03032102 0.08770725 -0.04354195 -0.02676982 0.08761628 -0.04551966 -0.02897892 0.08740277 -0.04453293 -0.03423332 0.08739456 -0.04110246 -0.03032102 0.08770725 -0.04354195 -0.03423332 0.08739456 -0.04110246 -0.03583476 0.08762278 -0.0394241 -0.03812387 0.08754224 -0.03739295 -0.03679395 0.08763526 -0.03847194 -0.03423332 0.08739456 -0.04110246 -0.03861856 0.08721751 -0.03725067 -0.006833489 0.08296747 -0.05139147 -0.006727706 0.0831364 -0.04613931 -0.006611757 0.08305622 -0.0485463 -0.003274591 0.08312482 -0.04632059 -0.006833489 0.08296747 -0.05139147 -0.003274591 0.08312482 -0.04632059 -0.001922532 0.08294947 -0.05101554 1.099892e-07 0.08312634 -0.04643572 0.00337801 0.08312949 -0.04631215 0.003374281 0.08303753 -0.04999316 0.006819236 0.08312086 -0.04943507 -0.001922532 0.08294947 -0.05101554 0.00337801 0.08312949 -0.04631215 0.006905815 0.08321325 -0.04588578 0.006819236 0.08312086 -0.04943507 0.004850279 0.08664043 -0.04506682 0.003444235 0.08910801 -0.04412927 0.003485069 0.08914182 -0.04778159 0.006819236 0.08312086 -0.04943507 0.004850279 0.08664043 -0.04506682 0.006905815 0.08321325 -0.04588578 -0.001869684 0.08878276 -0.04437881 -0.00379834 0.08870183 -0.04868559 -6.293932e-05 0.08889193 -0.04436741 -0.0001185778 0.08893199 -0.04842658 -0.003685442 0.08889208 -0.04876938 -0.06888596 0.06471523 -0.01659803 -0.06881241 0.06476393 -0.01416931 -0.06897817 0.06494892 -0.01656309 -0.0680178 0.06495513 -0.01161936 -0.06829914 0.0651527 -0.01280391 -0.03785772 0.06505536 -0.06100786 -0.04030105 0.06489753 -0.05968745 -0.04277657 0.06504519 -0.0582042 -0.04640912 0.06469011 -0.05563229 -0.0476038 0.06500391 -0.05493284 -0.05192237 0.06498097 -0.05106614 -0.05193837 0.06478418 -0.05099519 -0.0519086 0.06457322 -0.05079505 -0.05445732 0.06493081 -0.04846621 -0.05712508 0.06509642 -0.04533229 -0.05687274 0.06471618 -0.04552475 -0.05445732 0.06493081 -0.04846621 -0.0519086 0.06457322 -0.05079505 -0.05356206 0.07023951 -0.04643463 -0.05192237 0.06498097 -0.05106614 -0.05045113 0.07014283 -0.04950952 -0.05795972 0.07009046 -0.04089179 -0.06114281 0.06481096 -0.03967237 -0.06127598 0.07029963 -0.03507293 -0.05782282 0.07051136 -0.04079768 -0.05356206 0.07023951 -0.04643463 -0.06127598 0.07029963 -0.03507293 -0.04913707 0.07043711 -0.05074641 -0.05045113 0.07014283 -0.04950952 -0.04607626 0.07033816 -0.05332596 -0.06264422 0.07050386 -0.03191368 -0.06394958 0.07031014 -0.02850803 -0.05394648 0.07046619 -0.04576184 -0.05356206 0.07023951 -0.04643463 -0.06516545 0.07059013 -0.02385834 -0.0663166 0.07053411 -0.01811095 -0.06594159 0.0706844 -0.01811472 -0.06545853 0.07038096 -0.02378707 -0.06659336 0.07023879 -0.01819241 -0.0663166 0.07053411 -0.01811095 -0.0663166 0.07053411 -0.01811095 -0.06510182 0.07018078 -0.02527518 -0.06394958 0.07031014 -0.02850803 -0.06659336 0.07023879 -0.01819241 -0.06594159 0.0706844 -0.01811472 -0.06490602 0.07070249 -0.02358244 -0.06295778 0.07070139 -0.03026231 -0.06105522 0.07070551 -0.03380939 -0.0590503 0.07066314 -0.03803105 -0.0590503 0.07066314 -0.03803105 -0.05782282 0.07051136 -0.04079768 -0.05689701 0.07070636 -0.04094815 -0.05627592 0.07066454 -0.0423299 -0.05627592 0.07066454 -0.0423299 -0.05782282 0.07051136 -0.04079768 -0.05273617 0.07062641 -0.04670336 -0.04913707 0.07043711 -0.05074641 -0.0484798 0.07065803 -0.05085342 -0.04482774 0.0705867 -0.05387076 -0.0484798 0.07065803 -0.05085342 -0.04482774 0.0705867 -0.05387076 -0.04607626 0.07033816 -0.05332596 -0.03858589 0.0704508 -0.05809799 -0.05235339 0.07070677 -0.04649784 -0.05689701 0.07070636 -0.04094815 -0.0590503 0.07066314 -0.03803105 -0.06105522 0.07070551 -0.03380939 -0.06295778 0.07070139 -0.03026231 -0.06182168 0.0707067 -0.03163786 -0.06023259 0.07072373 -0.02846818 -0.06203987 0.07070362 -0.02254716 -0.06619581 0.07070308 -0.015856 -0.06314567 0.07070531 -0.01607758 -0.06494031 0.07071406 -0.01124877 -0.06223626 0.07067466 -0.01518135 -0.06242814 0.07070691 -0.01100386 -0.06175912 0.07072377 -0.01491683 -0.06223626 0.07067466 -0.01518135 -0.06175543 0.07075328 -0.01101974 -0.06119316 0.07080708 -0.01483446 -0.06175912 0.07072377 -0.01491683 -0.06023259 0.07072373 -0.02846818 -0.06105522 0.07070551 -0.03380939 -0.05911624 0.07070004 -0.0292259 -0.05623962 0.07070568 -0.03697572 -0.05619523 0.07079597 -0.03575283 -0.05619523 0.07079597 -0.03575283 -0.05612817 0.07066869 -0.03621611 -0.05689701 0.07070636 -0.04094815 -0.05911624 0.07070004 -0.0292259 -0.05707651 0.07070623 -0.03366764 -0.05619523 0.07079597 -0.03575283 -0.05571854 0.07060598 -0.03520843 -0.05531526 0.07071511 -0.03487263 -0.05848977 0.07074559 -0.02929794 -0.05644681 0.07074706 -0.03333517 -0.05911624 0.07070004 -0.0292259 -0.05644681 0.07074706 -0.03333517 -0.05585145 0.07088046 -0.03301387 -0.0549296 0.07083099 -0.0346704 -0.05531526 0.07071511 -0.03487263 -0.05848977 0.07074559 -0.02929794 -0.05585145 0.07088046 -0.03301387 -0.05759612 0.07091102 -0.02888939 -0.05526653 0.07111003 -0.0326982 -0.05716782 0.07112581 -0.02843244 -0.0549296 0.07083099 -0.0346704 -0.05433166 0.07101765 -0.03452772 -0.0534598 0.07127034 -0.03466526 -0.05433166 0.07101765 -0.03452772 -0.05420874 0.07180399 -0.03229575 -0.05286661 0.07168557 -0.03506597 -0.05526653 0.07111003 -0.0326982 -0.05716782 0.07112581 -0.02843244 -0.05676154 0.07143919 -0.02768709 -0.05606645 0.07187831 -0.02818056 -0.04933576 0.07184496 -0.03949076 -0.05152112 0.07230426 -0.03560421 -0.04888533 0.07236707 -0.03911806 -0.05420874 0.07180399 -0.03229575 -0.04956615 0.07157986 -0.03967721 -0.05286661 0.07168557 -0.03506597 -0.05335788 0.07283894 -0.03164415 -0.05606645 0.07187831 -0.02818056 -0.05195775 0.0733403 -0.03350513 -0.04860337 0.07284612 -0.03890444 -0.04830907 0.07339423 -0.03866884 -0.05294466 0.07344119 -0.03144134 -0.05195775 0.0733403 -0.03350513 -0.05454876 0.07345922 -0.02846037 -0.05517814 0.07290293 -0.02780111 -0.05517814 0.07290293 -0.02780111 -0.05649687 0.07347351 -0.02295022 -0.05454876 0.07345922 -0.02846037 -0.05668449 0.07299396 -0.02352473 -0.05671556 0.07172661 -0.02695407 -0.05833618 0.07175139 -0.02149969 -0.05770957 0.0736918 -0.01542166 -0.05649687 0.07347351 -0.02295022 -0.0584375 0.07250705 -0.01521509 -0.05930453 0.07166006 -0.01601374 -0.05941477 0.07162275 -0.01564605 -0.05801514 0.0731132 -0.01538132 -0.05775245 0.07378787 -0.01365941 -0.05851196 0.07258078 -0.01108486 -0.05808704 0.07319301 -0.01109339 -0.05754968 0.07389176 -0.009459941 -0.05762629 0.07384886 -0.01110661 -0.05762629 0.07384886 -0.01110661 -0.05801514 0.0731132 -0.01538132 -0.05775245 0.07378787 -0.01365941 -0.05875836 0.07214364 -0.00668845 -0.05851196 0.07258078 -0.01108486 -0.05941477 0.07162275 -0.01564605 -0.05968364 0.07155222 -0.01531845 -0.05957692 0.0713857 -0.006643419 -0.0588738 0.07173022 -0.005271724 -0.05875836 0.07214364 -0.00668845 -0.05976711 0.07118317 -0.005297959 -0.05957692 0.0713857 -0.006643419 -0.06031457 0.0711754 -0.01104867 -0.06047164 0.07105729 -0.01485781 -0.06087489 0.07087191 -0.006432074 -0.06102757 0.07090808 -0.01103435 -0.06102757 0.07090808 -0.01103435 -0.06119316 0.07080708 -0.01483446 -0.06047164 0.07105729 -0.01485781 -0.06175543 0.07075328 -0.01101974 -0.06119316 0.07080708 -0.01483446 -0.06087489 0.07087191 -0.006432074 -0.06141047 0.07079282 -0.006368919 -0.06141047 0.07079282 -0.006368919 -0.06211769 0.0707067 -0.00628622 -0.06402488 0.07070648 -0.009350521 -0.06064826 0.0706145 -0.003458556 -0.06438195 0.07060389 -0.009193614 -0.06064826 0.0706145 -0.003458556 -0.06402488 0.07070648 -0.009350521 -0.06560541 0.07041231 -0.01115611 -0.06464912 0.07032981 -0.009034223 -0.05816355 0.07055117 0.0014681 -0.05673589 0.07042576 0.004229282 -0.06438195 0.07060389 -0.009193614 -0.05976711 0.07118317 -0.005297959 -0.05957692 0.0713857 -0.006643419 -0.06064826 0.0706145 -0.003458556 -0.06141047 0.07079282 -0.006368919 -0.06211769 0.0707067 -0.00628622 -0.05748209 0.07156637 0.0002447751 -0.0588738 0.07173022 -0.005271724 -0.05816355 0.07055117 0.0014681 -0.05875836 0.07214364 -0.00668845 -0.05817435 0.07267617 -0.00675738 -0.05640192 0.07078364 0.004257211 -0.05673589 0.07042576 0.004229282 -0.05816355 0.07055117 0.0014681 -0.05751045 0.07367226 -0.006647957 -0.05808704 0.07319301 -0.01109339 -0.05754968 0.07389176 -0.009459941 -0.05817435 0.07267617 -0.00675738 -0.05732028 0.07371579 -0.005633444 -0.05649544 0.07370329 -0.00139069 -0.05658739 0.07260291 0.0002953009 -0.05622243 0.07244647 0.001735112 -0.05560816 0.07037118 0.006440916 -0.05658739 0.07260291 0.0002953009 -0.05580144 0.0729574 0.002112325 -0.05640192 0.07078364 0.004257211 -0.05673589 0.07042576 0.004229282 -0.06464912 0.07032981 -0.009034223 -0.05686953 0.07016156 0.004428459 -0.05488354 0.07012039 0.008157256 -0.055517 0.07194974 0.004561804 -0.0552128 0.07249128 0.004707914 -0.05580144 0.0729574 0.002112325 -0.05456651 0.07758074 0.001117468 -0.0552128 0.07249128 0.004707914 -0.05580144 0.0729574 0.002112325 -0.05622243 0.07244647 0.001735112 -0.06157324 0.06386583 -0.01741937 -0.0618628 0.06400954 -0.01688909 -0.05968364 0.07155222 -0.01531845 -0.05968364 0.07155222 -0.01531845 -0.05941477 0.07162275 -0.01564605 -0.05968364 0.07155222 -0.01531845 -0.0618628 0.06400954 -0.01688909 -0.05995756 0.07130312 -0.01510611 -0.06215896 0.06417311 -0.01655418 -0.05995756 0.07130312 -0.01510611 -0.05985471 0.06437863 -0.02527429 -0.06071498 0.0641389 -0.0220713 -0.05833618 0.07175139 -0.02149969 -0.05879429 0.06447098 -0.02844414 -0.05833618 0.07175139 -0.02149969 -0.05671556 0.07172661 -0.02695407 -0.05879429 0.06447098 -0.02844414 -0.05671556 0.07172661 -0.02695407 -0.0586403 0.06445608 -0.02878367 -0.05919951 0.06447183 -0.03032515 -0.05889023 0.06446745 -0.02989362 -0.05716782 0.07112581 -0.02843244 -0.05759612 0.07091102 -0.02888939 -0.05919951 0.06447183 -0.03032515 -0.05970119 0.06448442 -0.03069369 -0.06233466 0.05418519 -0.02537965 -0.06211374 0.05368577 -0.02686859 -0.06361026 0.05370735 -0.02125428 -0.06361026 0.05370735 -0.02125428 -0.0628899 0.05517484 -0.02105745 -0.06211374 0.05368577 -0.02686859 -0.06233466 0.05418519 -0.02537965 -0.05792814 0.05375156 -0.03506134 -0.06020082 0.05370338 -0.03141552 -0.0617593 0.05742306 -0.02136498 -0.06300133 0.05598867 -0.01709249 -0.0599842 0.05872865 -0.02467846 -0.0628899 0.05517484 -0.02105745 -0.06371254 0.05370319 -0.01975201 -0.06371664 0.05378221 -0.01679322 -0.05585054 0.05529493 -0.03511625 -0.05379273 0.05369088 -0.03969017 -0.05792814 0.05375156 -0.03506134 -0.06210286 0.0584056 -0.01735404 -0.06273347 0.05655338 -0.01347079 -0.06322862 0.05436222 -0.01311595 -0.06295369 0.05458589 -0.01176888 -0.06202119 0.05911041 -0.01362914 -0.06129699 0.06048036 -0.00911464 -0.06157859 0.06042816 -0.01498438 -0.06125911 0.06040323 -0.01776814 -0.06160457 0.06034775 -0.01217902 -0.06202119 0.05911041 -0.01362914 -0.06129699 0.06048036 -0.00911464 -0.06160457 0.06034775 -0.01217902 -0.06138566 0.06120744 -0.01249947 -0.06070314 0.06128275 -0.006479053 -0.06085386 0.06041338 -0.006639168 -0.06009151 0.06042218 -0.003021702 -0.06001854 0.06131675 -0.003222942 -0.06070314 0.06128275 -0.006479053 -0.06011289 0.06215251 -0.003506819 -0.06070314 0.06128275 -0.006479053 -0.06138566 0.06120744 -0.01249947 -0.06124847 0.06201781 -0.01256484 -0.06129742 0.06116479 -0.01551324 -0.06085386 0.06041338 -0.006639168 -0.06104359 0.05978346 -0.006716692 -0.06085386 0.06041338 -0.006639168 -0.06009151 0.06042218 -0.003021702 -0.05932395 0.05951285 0.0001334431 -0.06154906 0.05703768 -0.006775348 -0.06273347 0.05655338 -0.01347079 -0.06295369 0.05458589 -0.01176888 -0.06176284 0.0561351 -0.00677916 -0.05863679 0.05906398 0.002362815 -0.06104359 0.05978346 -0.006716692 -0.06124847 0.06201781 -0.01256484 -0.06095313 0.06217712 -0.01715363 -0.060445 0.06152397 -0.01983 -0.05940991 0.06221981 -0.0226529 -0.06124847 0.06201781 -0.01256484 -0.06122157 0.06249286 -0.01075878 -0.06011289 0.06215251 -0.003506819 -0.05990204 0.06260207 -0.003079457 -0.06075603 0.06293455 -0.006906955 -0.05990204 0.06260207 -0.003079457 -0.05990204 0.06260207 -0.003079457 -0.06006408 0.06329955 -0.003238063 -0.06144268 0.06273033 -0.01433262 -0.06095313 0.06217712 -0.01715363 -0.05940991 0.06221981 -0.0226529 -0.06153779 0.06308755 -0.01566178 -0.06091301 0.06328274 -0.007125994 -0.06075603 0.06293455 -0.006906955 -0.06006408 0.06329955 -0.003238063 -0.05941991 0.06313267 -0.02314885 -0.06118358 0.06369153 -0.007274843 -0.06006408 0.06329955 -0.003238063 -0.06153779 0.06308755 -0.01566178 -0.06039777 0.06384639 -0.003037849 -0.06076748 0.0641216 -0.0030863 -0.06213839 0.06407024 -0.01048452 -0.06173155 0.06368262 -0.01556776 -0.0618628 0.06400954 -0.01688909 -0.06157324 0.06386583 -0.01741937 -0.0618628 0.06400954 -0.01688909 -0.06157324 0.06386583 -0.01741937 -0.06146192 0.06384712 -0.01793611 -0.06058 0.06391086 -0.02201542 -0.06127186 0.06392557 -0.01898691 -0.06071498 0.0641389 -0.0220713 -0.06058 0.06391086 -0.02201542 -0.05966045 0.06423461 -0.02466253 -0.05662302 0.06414472 -0.02917186 -0.05690079 0.06430695 -0.02940087 -0.0561238 0.06362652 -0.02897021 -0.05662302 0.06414472 -0.02917186 -0.05255293 0.06392133 -0.03334994 -0.05245199 0.06442189 -0.03463304 -0.04821643 0.06407175 -0.037159 -0.05966045 0.06423461 -0.02466253 -0.05985471 0.06437863 -0.02527429 -0.06071498 0.0641389 -0.0220713 -0.0586403 0.06445608 -0.02878367 -0.05985471 0.06437863 -0.02527429 -0.05879429 0.06447098 -0.02844414 -0.05874342 0.06447436 -0.0293262 -0.05400487 0.06446282 -0.03459411 -0.0526553 0.06446282 -0.03600883 -0.04897016 0.06444169 -0.03779521 -0.04944885 0.06446007 -0.03842315 -0.04377305 0.06431299 -0.04065647 -0.05400487 0.06446282 -0.03459411 -0.05492858 0.06446881 -0.03659503 -0.05526187 0.06446928 -0.03624606 -0.05598321 0.06450843 -0.03601854 -0.05526187 0.06446928 -0.03624606 -0.05661713 0.06447121 -0.03598859 -0.05874342 0.06447436 -0.0293262 -0.05889023 0.06446745 -0.02989362 -0.05712026 0.06447464 -0.03616397 -0.05753038 0.06445723 -0.03645592 -0.05712026 0.06447464 -0.03616397 -0.05781947 0.06441448 -0.03678685 -0.05753038 0.06445723 -0.03645592 -0.05807265 0.06447706 -0.03757288 -0.05919951 0.06447183 -0.03032515 -0.05970119 0.06448442 -0.03069369 -0.05492858 0.06446881 -0.03659503 -0.04944885 0.06446007 -0.03842315 -0.0515645 0.06444741 -0.04132831 -0.04777798 0.06440506 -0.04548298 -0.04748417 0.06446747 -0.04602502 -0.04011201 0.06446274 -0.04375347 -0.04741621 0.06446921 -0.04670664 -0.03856931 0.06432866 -0.04338413 -0.04308396 0.06377617 -0.04005634 -0.03315202 0.06432593 -0.04576843 -0.03811945 0.06398227 -0.04289355 -0.03760543 0.06336424 -0.04261435 -0.03279932 0.06413105 -0.04539032 -0.03811945 0.06398227 -0.04289355 -0.03279932 0.06413105 -0.04539032 -0.02185707 0.06433684 -0.04965073 -0.02169506 0.06428665 -0.04918277 -0.01590923 0.06421998 -0.05086011 -0.03230475 0.06334274 -0.04487232 -0.03279932 0.06413105 -0.04539032 -0.03760543 0.06336424 -0.04261435 -0.04435616 0.06277414 -0.03884129 -0.01801932 0.06334326 -0.04943124 -0.03398085 0.06253489 -0.04401544 -0.0420471 0.06180216 -0.04010934 -0.04702267 0.06175835 -0.03699802 -0.04698778 0.06140304 -0.03715937 -0.04702267 0.06175835 -0.03699802 -0.05250101 0.06131928 -0.03265568 -0.05306337 0.0617432 -0.0320373 -0.0492113 0.0604455 -0.03625819 -0.05507241 0.06040481 -0.030615 -0.05583288 0.06137857 -0.0287643 -0.05746359 0.06042292 -0.02716747 -0.05507241 0.06040481 -0.030615 -0.05754827 0.06137972 -0.02631761 -0.05754827 0.06137972 -0.02631761 -0.0600101 0.06109943 -0.02136392 -0.05883381 0.06107862 -0.02412123 -0.05647253 0.06212383 -0.02767057 -0.06084331 0.06112767 -0.01848314 -0.06129742 0.06116479 -0.01551324 -0.06099455 0.06044379 -0.01881887 -0.06025914 0.06042685 -0.02150558 -0.0600101 0.06109943 -0.02136392 -0.05911224 0.06044204 -0.02423538 -0.06025914 0.06042685 -0.02150558 -0.05883381 0.06107862 -0.02412123 -0.05746359 0.06042292 -0.02716747 -0.05911224 0.06044204 -0.02423538 -0.05353219 0.06232204 -0.03152914 -0.05561152 0.06275269 -0.02898796 -0.05353219 0.06232204 -0.03152914 -0.05561152 0.06275269 -0.02898796 -0.05186194 0.0628681 -0.03315685 -0.05186194 0.0628681 -0.03315685 -0.04763936 0.06328486 -0.03682757 -0.04277499 0.06331947 -0.03995442 -0.05352574 0.06321966 -0.03189165 -0.0561238 0.06362652 -0.02897021 -0.05230202 0.06362049 -0.03323034 -0.04788522 0.06363249 -0.03691313 -0.04763936 0.06328486 -0.03682757 -0.04308396 0.06377617 -0.04005634 -0.05255293 0.06392133 -0.03334994 -0.05230202 0.06362049 -0.03323034 -0.04788522 0.06363249 -0.03691313 -0.04377305 0.06431299 -0.04065647 -0.05983021 0.0644327 0.002715468 -0.05900769 0.06444212 0.004121927 -0.06018876 0.06470615 0.002265052 -0.057305 0.06442872 0.007291103 -0.05900769 0.06444212 0.004121927 -0.06620765 0.07050875 -0.01338009 -0.06881241 0.06476393 -0.01416931 -0.06829914 0.0651527 -0.01280391 -0.06620765 0.07050875 -0.01338009 -0.0680178 0.06495513 -0.01161936 -0.06576204 0.07010315 -0.01101879 -0.05807265 0.06447706 -0.03757288 -0.05970119 0.06448442 -0.03069369 -0.05800278 0.06447063 -0.03824016 -0.05781947 0.06441448 -0.03678685 -0.05889023 0.06446745 -0.02989362 -0.03937891 0.07150493 -0.04933986 -0.03879223 0.07178542 -0.04935655 -0.0410967 0.0644739 -0.05093023 -0.04062861 0.06446282 -0.05114131 -0.03879223 0.07178542 -0.04935655 -0.03372025 0.07191332 -0.05211561 -0.03468356 0.06446129 -0.05437686 -0.03879223 0.07178542 -0.04935655 -0.04176361 0.06450932 -0.05085024 -0.04036191 0.0710976 -0.04959511 -0.03993123 0.07127299 -0.04940123 -0.04176361 0.06450932 -0.05085024 -0.04236943 0.06447506 -0.05102325 -0.04070299 0.07087055 -0.0497757 -0.04036191 0.0710976 -0.04959511 -0.04236943 0.06447506 -0.05102325 -0.04236943 0.06447506 -0.05102325 -0.04278281 0.06452452 -0.05134698 -0.04096182 0.07086128 -0.05006769 -0.04070299 0.07087055 -0.0497757 -0.03078121 0.06446282 -0.05590713 -0.02852596 0.07162695 -0.05440358 -0.03044709 0.06448378 -0.05606126 -0.03468356 0.06446129 -0.05437686 -0.02852596 0.07162695 -0.05440358 -0.03372025 0.07191332 -0.05211561 -0.04777798 0.06440506 -0.04548298 -0.04956615 0.07157986 -0.03967721 -0.04580216 0.07162067 -0.04391513 -0.0515645 0.06444741 -0.04132831 -0.04956615 0.07157986 -0.03967721 -0.05492858 0.06446881 -0.03659503 -0.05286661 0.07168557 -0.03506597 -0.0495781 0.07153489 -0.03968463 0.02111807 0.06288023 -0.04584683 0.02172636 0.06334849 -0.04661194 0.02652602 0.06289404 -0.04294086 0.0271367 0.06343373 -0.04372192 0.02652602 0.06289404 -0.04294086 0.0318643 0.0629335 -0.03928209 0.02989105 0.06345876 -0.04204371 0.03721726 0.06290591 -0.03409321 0.03784289 0.06348215 -0.03483346 0.03959634 0.06290591 -0.03129861 0.04274201 0.06346868 -0.02858006 0.04201097 0.06290591 -0.02797416 -0.01243632 0.07058693 -0.05729149 -0.009540466 0.07050615 -0.05658624 -0.02295928 0.07051334 -0.06089459 -0.02299481 0.07031412 -0.06113417 -0.02540054 0.0705025 -0.06159353 -0.02295928 0.07051334 -0.06089459 -0.009540466 0.07050615 -0.05658624 -0.008115753 0.07030778 -0.05634869 -0.02299481 0.07031412 -0.06113417 -0.05194129 0.06449839 0.01738358 -0.04874028 0.06439959 0.02298491 -0.04768385 0.06459635 0.02478784 -0.04874028 0.06439959 0.02298491 -0.04507791 0.06452679 0.02845321 -0.04480428 0.06428558 0.02836864 0.00403471 0.06449462 -0.0545572 0.00439861 0.06471712 -0.05465328 0.00911925 0.06460444 -0.05338398 0.006829769 0.06444516 -0.05380379 0.00911925 0.06460444 -0.05338398 0.01419238 0.06440081 -0.05158301 0.01112241 0.0642959 -0.05226826 -0.04215759 0.06042255 -0.04075675 -0.0492113 0.0604455 -0.03625819 -0.04698579 0.06105837 -0.03735145 -0.04698579 0.06105837 -0.03735145 -0.04698778 0.06140304 -0.03715937 -0.04215759 0.06042255 -0.04075675 -0.0419182 0.06108345 -0.04047869 -0.03886215 0.06169956 -0.04187042 -0.0420471 0.06180216 -0.04010934 -0.03398085 0.06253489 -0.04401544 -0.03153637 0.06230227 -0.04484864 -0.03082233 0.06182791 -0.04520631 -0.01841222 0.06293366 -0.04916345 -0.03886215 0.06169956 -0.04187042 -0.0419182 0.06108345 -0.04047869 -0.03339503 0.06032265 -0.04484444 -0.04215759 0.06042255 -0.04075675 -0.03173256 0.0604328 -0.04536888 -0.02375636 0.06055653 -0.04790285 -0.03173256 0.0604328 -0.04536888 -0.01458806 0.06211369 -0.05008417 -0.03153637 0.06230227 -0.04484864 -0.01214855 0.06041584 -0.05067285 -0.01375355 0.06044869 -0.05032451 -0.01975572 0.06120631 -0.04878737 -0.01930768 0.06041529 -0.04909833 -0.02375636 0.06055653 -0.04790285 -0.01685779 0.05609955 -0.05092201 -0.01375355 0.06044869 -0.05032451 -0.01930768 0.06041529 -0.04909833 -0.01458806 0.06211369 -0.05008417 -0.007219158 0.06040588 -0.05143385 -0.01214855 0.06041584 -0.05067285 -0.009028481 0.06243708 -0.05097415 -0.01930768 0.06041529 -0.04909833 -0.01474226 0.05778831 -0.05080099 -0.01551138 0.05506891 -0.05147769 -0.02375636 0.06055653 -0.04790285 -0.01930768 0.06041529 -0.04909833 -0.0127749 0.05972134 -0.05070576 -0.01375355 0.06044869 -0.05032451 -0.02222953 0.05403376 -0.05110404 -0.03173256 0.0604328 -0.04536888 -0.03339503 0.06032265 -0.04484444 -0.03252077 0.05490397 -0.04838925 -0.02752117 0.05373138 -0.05029876 -0.031561 0.05370182 -0.04955575 -0.01214855 0.06041584 -0.05067285 -0.0127749 0.05972134 -0.05070576 -0.009329995 0.05740476 -0.05171841 -0.007219158 0.06040588 -0.05143385 -0.01004643 0.05677375 -0.05175218 -0.01474226 0.05778831 -0.05080099 -0.01551138 0.05506891 -0.05147769 -0.009329995 0.05740476 -0.05171841 -0.01004643 0.05677375 -0.05175218 -0.003820511 0.05975023 -0.05187842 -0.00442942 0.05873145 -0.05200043 -0.003422114 0.05908126 -0.05201606 -0.001182035 0.05983813 -0.05199871 -0.003422114 0.05908126 -0.05201606 -0.004219564 0.06042074 -0.05173777 -0.003820511 0.05975023 -0.05187842 -0.007219158 0.06040588 -0.05143385 -0.003423356 0.06241854 -0.05160546 -0.002300034 0.06041883 -0.05181895 0.0005329562 0.06036857 -0.05191994 -0.0033928 0.0628665 -0.05174222 0.0005329562 0.06036857 -0.05191994 0.001229212 0.06226354 -0.05169281 0.0008625404 0.06285889 -0.05183619 -0.003423356 0.06241854 -0.05160546 0.001229212 0.06226354 -0.05169281 -0.03997347 0.05655783 -0.04454368 -0.031561 0.05370182 -0.04955575 -0.04215759 0.06042255 -0.04075675 -0.03450884 0.05369581 -0.0488652 -0.0365985 0.05376758 -0.04840467 -0.04245839 0.05550819 -0.04450369 -0.0365985 0.05376758 -0.04840467 -0.04245839 0.05550819 -0.04450369 -0.04225229 0.05370678 -0.04657805 -0.05241766 0.05579767 -0.03816285 -0.04225229 0.05370678 -0.04657805 -0.0492113 0.0604455 -0.03625819 -0.04792666 0.05369808 -0.04392619 -0.05507241 0.06040481 -0.030615 -0.05236911 0.05368618 -0.04068873 -0.05622245 0.05856187 -0.03084013 -0.05746359 0.06042292 -0.02716747 -0.05807342 0.06026936 -0.02635322 -0.05911224 0.06044204 -0.02423538 -0.05379273 0.05369088 -0.03969017 -0.05622245 0.05856187 -0.03084013 -0.05807342 0.06026936 -0.02635322 -0.05911224 0.06044204 -0.02423538 -0.06025914 0.06042685 -0.02150558 -0.06099455 0.06044379 -0.01881887 -0.06210286 0.0584056 -0.01735404 -0.06099455 0.06044379 -0.01881887 -0.06125911 0.06040323 -0.01776814 -0.005381134 0.06448758 -0.05696439 -0.02378677 0.06450367 -0.06292733 -0.005102326 0.06461062 -0.05708317 -0.0238834 0.06446282 -0.06273339 -0.005381134 0.06448758 -0.05696439 -0.004773162 0.0644627 -0.0565806 -0.005381134 0.06448758 -0.05696439 0.0009877228 0.06447281 -0.05516247 -0.02981706 0.06446201 -0.05852688 -0.03001676 0.06446743 -0.05878546 -0.03027957 0.0644671 -0.05905071 -0.02677 0.06446271 -0.06339689 -0.03027957 0.0644671 -0.05905071 -0.0307957 0.06448974 -0.05929043 -0.03024832 0.06446282 -0.06330391 -0.0307957 0.06448974 -0.05929043 -0.03139105 0.06448708 -0.05938787 -0.03166505 0.06446718 -0.0631627 -0.03197494 0.06446282 -0.05933415 -0.03997255 0.06446554 -0.05947328 -0.03746003 0.06447323 -0.05714745 -0.04671793 0.0644631 -0.05483966 -0.04260709 0.06446473 -0.05418741 -0.04290587 0.06448438 -0.05392082 -0.04323621 0.06455098 -0.0533951 -0.04326842 0.06452628 -0.05257349 -0.04318637 0.06449143 -0.05188648 -0.04934555 0.06447172 -0.04839678 -0.04606171 0.06448013 -0.05555928 -0.03997255 0.06446554 -0.05947328 -0.0519086 0.06457322 -0.05079505 -0.04640912 0.06469011 -0.05563229 -0.04640912 0.06469011 -0.05563229 -0.04045398 0.06464474 -0.05950504 -0.03997255 0.06446554 -0.05947328 -0.03149358 0.06459355 -0.06354816 -0.04326842 0.06452628 -0.05257349 -0.04934555 0.06447172 -0.04839678 -0.05179163 0.06446506 -0.0506753 -0.04998269 0.06447554 -0.04826497 -0.04880102 0.06447972 -0.04840144 -0.04843175 0.06450416 -0.04826447 -0.0478517 0.06449188 -0.04785299 -0.04278281 0.06452452 -0.05134698 -0.04753086 0.06446959 -0.04736774 -0.04236943 0.06447506 -0.05102325 -0.04998269 0.06447554 -0.04826497 -0.05044266 0.06446282 -0.04793761 -0.05866959 0.06446376 -0.04244105 -0.05445505 0.06447066 -0.04360323 -0.04753086 0.06446959 -0.04736774 -0.04176361 0.06450932 -0.05085024 -0.0410967 0.0644739 -0.05093023 -0.05674089 0.06448641 -0.04524422 -0.05179163 0.06446506 -0.0506753 -0.05179163 0.06446506 -0.0506753 -0.04606171 0.06448013 -0.05555928 -0.05674089 0.06448641 -0.04524422 -0.05687274 0.06471618 -0.04552475 -0.05712508 0.06509642 -0.04533229 -0.06114281 0.06481096 -0.03967237 -0.06087451 0.06451398 -0.03945952 -0.06053219 0.06446282 -0.0392428 -0.05782008 0.06446282 -0.03872098 -0.05800278 0.06447063 -0.03824016 -0.06297985 0.06446333 -0.03539062 -0.06433042 0.06459273 -0.0331547 -0.06114281 0.06481096 -0.03967237 -0.06459162 0.06497493 -0.03300359 -0.06045221 0.06448179 -0.03084143 -0.06094372 0.06447114 -0.03080515 -0.06297985 0.06446333 -0.03539062 -0.06142106 0.06449644 -0.0305867 -0.05800278 0.06447063 -0.03824016 -0.06045221 0.06448179 -0.03084143 -0.05970119 0.06448442 -0.03069369 -0.06401984 0.06446151 -0.03297003 -0.06433042 0.06459273 -0.0331547 -0.06196294 0.06448021 -0.03012254 -0.06220463 0.06446282 -0.02970176 -0.06620691 0.06446282 -0.02731356 -0.06395523 0.06447388 -0.02406569 -0.06836165 0.06446593 -0.01926926 -0.06489597 0.06446282 -0.01820586 -0.06483844 0.06449325 -0.01768759 -0.06847014 0.06445194 -0.0165079 -0.0645375 0.06451663 -0.01710029 -0.06869692 0.06467869 -0.01905894 -0.06793919 0.06446307 -0.01267853 -0.06888596 0.06471523 -0.01659803 -0.0645375 0.06451663 -0.01710029 -0.06408227 0.0645102 -0.0166236 -0.064321 0.06446166 -0.008066277 -0.06650859 0.06446135 -0.009603511 -0.06675131 0.06456547 -0.009473319 -0.06402066 0.06453811 -0.004854205 -0.06403496 0.06446712 -0.005502987 -0.06402066 0.06453811 -0.004854205 -0.06225111 0.0644535 -0.002410702 -0.06650859 0.06446135 -0.009603511 -0.06225111 0.0644535 -0.002410702 -0.06244131 0.06435176 -0.008019222 -0.06403496 0.06446712 -0.005502987 -0.06244131 0.06435176 -0.008019222 -0.06353544 0.06444821 -0.01380814 -0.06408227 0.0645102 -0.0166236 -0.06342019 0.06454653 -0.01624545 -0.06793919 0.06446307 -0.01267853 -0.06781328 0.06451929 -0.01171138 -0.06675131 0.06456547 -0.009473319 -0.06718969 0.06472179 -0.009680339 -0.06342019 0.06454653 -0.01624545 -0.06253257 0.06428289 -0.01270528 -0.06244363 0.06429612 -0.01635951 -0.06215896 0.06417311 -0.01655418 -0.06342019 0.06454653 -0.01624545 -0.06282932 0.06441396 -0.01621879 -0.06282932 0.06441396 -0.01621879 -0.06244363 0.06429612 -0.01635951 -0.06215896 0.06417311 -0.01655418 -0.0618628 0.06400954 -0.01688909 -0.06220965 0.06423245 -0.00877981 -0.06076748 0.0641216 -0.0030863 -0.06142259 0.06434748 -0.002983468 -0.06076748 0.0641216 -0.0030863 -0.001182035 0.05983813 -0.05199871 -0.002300034 0.06041883 -0.05181895 0.0005329562 0.06036857 -0.05191994 -0.002300034 0.06041883 -0.05181895 -0.004219564 0.06042074 -0.05173777 -0.00442942 0.05873145 -0.05200043 -0.003254425 0.05873067 -0.05105762 -0.006284294 0.05768823 -0.0509437 -0.006284294 0.05768823 -0.0509437 -0.01004643 0.05677375 -0.05175218 -0.009458464 0.05659964 -0.05082745 -0.01551138 0.05506891 -0.05147769 -0.009458464 0.05659964 -0.05082745 -0.01561418 0.05475963 -0.05046852 -0.001182035 0.05983813 -0.05199871 0.0005329562 0.06036857 -0.05191994 1.7509e-07 0.05981669 -0.05098625 0.0005329562 0.06036857 -0.05191994 0.003780243 0.06093453 -0.0506456 0.002901732 0.06109571 -0.05173093 0.002901732 0.06109571 -0.05173093 0.005732997 0.06173359 -0.0513478 0.006731378 0.06165469 -0.05024517 0.006901067 0.06206397 -0.05122313 0.00899627 0.06208776 -0.04980504 0.008789973 0.06253956 -0.05095688 0.01021948 0.06264666 -0.0505329 0.006731378 0.06165469 -0.05024517 0.008789973 0.06253956 -0.05095688 0.006901067 0.06206397 -0.05122313 -0.02819055 0.1012649 -0.01976907 -0.02466921 0.1010722 -0.02357691 -0.02478611 0.1012541 -0.02389648 -0.03044081 0.1012023 -0.01608164 -0.02923122 0.1011139 -0.01762138 -0.03127038 0.101152 -0.01376284 -0.03194465 0.1012098 -0.01273374 -0.03237035 0.1010823 -0.01094349 -0.03194465 0.1012098 -0.01273374 -0.03305902 0.1012059 -0.009334845 -0.003274591 0.08312482 -0.04632059 -0.006727706 0.0831364 -0.04613931 -0.006748227 0.08295438 -0.04529697 -9.534955e-05 0.08295897 -0.04581331 -0.003274591 0.08312482 -0.04632059 1.099892e-07 0.08312634 -0.04643572 0.00337801 0.08312949 -0.04631215 -9.534955e-05 0.08295897 -0.04581331 0.006755353 0.08297866 -0.04529045 0.006905815 0.08321325 -0.04588578 -0.02677096 0.1011825 0.02154305 -0.02496907 0.1010145 0.02331001 -0.02488816 0.1005249 0.02315431 -0.0231022 0.1012468 0.02545232 -0.02488816 0.1005249 0.02315431 -0.02065282 0.1005203 0.02690161 -0.02081354 0.1010145 0.02708507 -0.0231022 0.1012468 0.02545232 -0.03297587 0.1005428 -0.007962052 -0.03211605 0.1005887 -0.01093744 -0.03237035 0.1010823 -0.01094349 -0.03297587 0.1005428 -0.007962052 -0.03305902 0.1012059 -0.009334845 -0.03281792 0.0528946 -0.04812775 -0.03389696 0.05290999 -0.04775426 -0.03277883 0.05322843 -0.04838101 -0.03721688 0.05323257 -0.04707526 -0.03277883 0.05322843 -0.04838101 -0.03924211 0.05280689 -0.04624195 -0.04071416 0.05323139 -0.04610774 -0.01561418 0.05475963 -0.05046852 -0.01592277 0.05440321 -0.04981875 -0.019568 0.05410021 -0.05018516 -0.01592277 0.05440321 -0.04981875 -0.01933693 0.05375278 -0.04966916 -0.02422771 0.0534172 -0.04976753 -0.02314701 0.05324132 -0.04942027 -0.02314701 0.05324132 -0.04942027 -0.02587298 0.05303403 -0.04911235 -0.02829977 0.0533378 -0.04911427 -0.03281792 0.0528946 -0.04812775 -0.03277883 0.05322843 -0.04838101 -0.02587298 0.05303403 -0.04911235 0.02989105 0.06345876 -0.04204371 0.0271367 0.06343373 -0.04372192 0.02809966 0.06445043 -0.04501476 0.02269709 0.064307 -0.04785816 0.0271367 0.06343373 -0.04372192 0.02172636 0.06334849 -0.04661194 0.02989105 0.06345876 -0.04204371 0.03321407 0.06453252 -0.04151414 0.03784289 0.06348215 -0.03483346 0.03960106 0.06447585 -0.03537728 0.03784289 0.06348215 -0.03483346 0.04274201 0.06346868 -0.02858006 0.04032013 0.06432987 -0.03394552 0.03829901 0.09407115 0.02483865 0.04048371 0.09433494 0.02078477 0.03816763 0.0943921 0.02467969 0.04068802 0.09401357 0.02082217 0.04254907 0.0939844 0.01679707 0.04238564 0.09429446 0.01663821 -0.04923471 0.08868525 0.004250888 -0.0503657 0.08836542 -0.001230704 -0.05055461 0.08804914 -0.001167367 -0.05055461 0.08804914 -0.001167367 -0.04945979 0.08829955 0.003590351 -0.0479451 0.08893458 0.008554337 -0.04848981 0.08850535 0.007404988 -0.04750558 0.0892337 0.009593066 -0.0490613 0.08884251 0.003541851 -0.04626612 0.08904928 0.01306826 -0.0454172 0.08898907 0.01548317 -0.04412142 0.08961502 0.01765419 -0.04602902 0.08942012 0.01282277 -0.04750558 0.0892337 0.009593066 -0.04602902 0.08942012 0.01282277 -0.0490613 0.08884251 0.003541851 -0.04923471 0.08868525 0.004250888 -0.05002776 0.08860763 -4.04727e-05 -0.04602902 0.08942012 0.01282277 -0.03971789 0.09557626 0.01478136 -0.03534335 0.1011817 0.01110651 -0.03639872 0.101055 0.007968287 -0.04232398 0.09535695 0.006926893 -0.03972412 0.09829216 0.005646437 -0.03639872 0.101055 0.007968287 -0.04319683 0.09524704 0.002743215 -0.04750558 0.0892337 0.009593066 -0.0490613 0.08884251 0.003541851 -0.04372843 0.09513945 -0.001578287 -0.04319683 0.09524704 0.002743215 -0.05002776 0.08860763 -4.04727e-05 -0.04372843 0.09513945 -0.001578287 -0.05083985 0.08821202 -0.006450185 -0.0434645 0.09495606 -0.01049674 -0.05063552 0.08805937 -0.01097027 -0.04412142 0.08961502 0.01765419 -0.03971789 0.09557626 0.01478136 -0.03428065 0.1011028 0.0143836 -0.03534335 0.1011817 0.01110651 -0.03403065 0.1011082 0.01561753 -0.03970655 0.09027276 0.02509473 -0.03604927 0.09578839 0.02183502 -0.0318662 0.1011035 0.01904081 -0.03049831 0.1010626 0.02143043 -0.03385095 0.09588747 0.02501964 -0.02715089 0.1012326 0.02537448 -0.03604927 0.09578839 0.02183502 -0.03970655 0.09027276 0.02509473 -0.03486212 0.09083879 0.0312005 -0.03486212 0.09083879 0.0312005 -0.03279418 0.09082145 0.03343482 -0.02930595 0.0912043 0.03660942 -0.02327765 0.1011332 0.02906517 -0.00672724 0.08338874 -0.04587764 -0.006727706 0.0831364 -0.04613931 -0.00691542 0.08321191 -0.05115326 -0.00379834 0.08870183 -0.04868559 -0.00691542 0.08321191 -0.05115326 -0.005522539 0.0855313 -0.04539133 -0.03450884 0.05369581 -0.0488652 -0.031561 0.05370182 -0.04955575 -0.03277883 0.05322843 -0.04838101 -0.03450884 0.05369581 -0.0488652 -0.0365985 0.05376758 -0.04840467 -0.03721688 0.05323257 -0.04707526 -0.04225229 0.05370678 -0.04657805 -0.0365985 0.05376758 -0.04840467 -0.04071416 0.05323139 -0.04610774 -0.04792666 0.05369808 -0.04392619 -0.04225229 0.05370678 -0.04657805 -0.04679467 0.053206 -0.04332045 -0.05034546 0.05323048 -0.0409035 -0.05236911 0.05368618 -0.04068873 -0.04792666 0.05369808 -0.04392619 -0.05283375 0.0532323 -0.03908849 -0.05034546 0.05323048 -0.0409035 -0.05283375 0.0532323 -0.03908849 -0.05379273 0.05369088 -0.03969017 -0.05487872 0.05323355 -0.03685967 -0.05792814 0.05375156 -0.03506134 -0.05705642 0.05323358 -0.03448476 -0.05705642 0.05323358 -0.03448476 -0.05793228 0.05322025 -0.03299131 -0.06020082 0.05370338 -0.03141552 -0.05792814 0.05375156 -0.03506134 -0.06052877 0.05325094 -0.02855015 -0.06211374 0.05368577 -0.02686859 -0.06159605 0.06448833 -0.0006302263 -0.06146212 0.06474243 -9.295301e-05 -0.06286012 0.06463052 -0.002681396 -0.06159605 0.06448833 -0.0006302263 -0.05983021 0.0644327 0.002715468 -0.06018876 0.06470615 0.002265052 -0.0409111 0.07061292 -0.05246923 -0.04290587 0.06448438 -0.05392082 -0.04260709 0.06446473 -0.05418741 -0.03746003 0.06447323 -0.05714745 -0.035515 0.07066048 -0.05548993 -0.0409111 0.07061292 -0.05246923 -0.0478517 0.06449188 -0.04785299 -0.0463086 0.07066423 -0.04651407 -0.04843175 0.06450416 -0.04826447 -0.04683186 0.07070491 -0.04677533 -0.04880102 0.06447972 -0.04840144 -0.0463086 0.07066423 -0.04651407 -0.04683186 0.07070491 -0.04677533 -0.0663166 0.07053411 -0.01811095 -0.06659336 0.07023879 -0.01819241 -0.06660362 0.07045587 -0.01574181 -0.06619581 0.07070308 -0.015856 -0.0663166 0.07053411 -0.01811095 -0.06594159 0.0706844 -0.01811472 -0.06620765 0.07050875 -0.01338009 -0.06560541 0.07041231 -0.01115611 -0.06576204 0.07010315 -0.01101879 -0.06464912 0.07032981 -0.009034223 -0.06476872 0.0701101 -0.008962327 -0.06576204 0.07010315 -0.01101879 -0.04888533 0.07236707 -0.03911806 -0.05152112 0.07230426 -0.03560421 -0.04860337 0.07284612 -0.03890444 -0.04569222 0.07313408 -0.04184195 -0.04888533 0.07236707 -0.03911806 -0.04659528 0.07173809 -0.04276138 -0.04933576 0.07184496 -0.03949076 -0.04956615 0.07157986 -0.03967721 -0.04271799 0.07286748 -0.04509977 -0.04369358 0.07336901 -0.04371879 -0.04659528 0.07173809 -0.04276138 -0.04580216 0.07162067 -0.04391513 -0.0433298 0.07184145 -0.04574621 -0.04551024 0.07136815 -0.044503 -0.04580216 0.07162067 -0.04391513 -0.04371251 0.07143286 -0.04618329 -0.04369358 0.07336901 -0.04371879 -0.04049816 0.07346318 -0.04638262 -0.03941179 0.07343052 -0.04730986 -0.04036191 0.0710976 -0.04959511 -0.04565253 0.07101133 -0.04556627 -0.04551024 0.07136815 -0.044503 -0.03372025 0.07191332 -0.05211561 -0.03310206 0.07339547 -0.05099614 -0.03879223 0.07178542 -0.04935655 -0.0433298 0.07184145 -0.04574621 -0.04371251 0.07143286 -0.04618329 -0.03937891 0.07150493 -0.04933986 -0.04036191 0.0710976 -0.04959511 -0.02824312 0.07265264 -0.05347656 -0.02602014 0.0737704 -0.05337908 -0.02804128 0.07198127 -0.05413134 -0.02813554 0.07149246 -0.0548069 -0.02852596 0.07162695 -0.05440358 -0.03372025 0.07191332 -0.05211561 -0.02375911 0.07202599 -0.05517187 -0.02804128 0.07198127 -0.05413134 -0.02813554 0.07149246 -0.0548069 -0.02388055 0.07155166 -0.05576716 -0.02365457 0.07258043 -0.0546595 -0.02783912 0.0711005 -0.05550237 -0.02813554 0.07149246 -0.0548069 -0.01954879 0.07215755 -0.05572377 -0.02401497 0.0711753 -0.056426 -0.02778383 0.07090037 -0.05624271 -0.02415751 0.07090806 -0.05712469 -0.01949178 0.07116817 -0.05705347 -0.01954879 0.07215755 -0.05572377 -0.02401497 0.0711753 -0.056426 -0.02430303 0.07075327 -0.05783793 -0.01966147 0.07079709 -0.05851965 -0.02812959 0.07071555 -0.05707489 -0.02415751 0.07090806 -0.05712469 -0.02778383 0.07090037 -0.05624271 -0.01612721 0.07118432 -0.05696548 -0.01954879 0.07215755 -0.05572377 -0.01966147 0.07079709 -0.05851965 -0.01724877 0.07066018 -0.05858183 -0.01975285 0.07071278 -0.0592732 -0.01724877 0.07066018 -0.05858183 -0.02320123 0.07066819 -0.06066088 -0.02295928 0.07051334 -0.06089459 -0.01243632 0.07058693 -0.05729149 -0.01243632 0.07058693 -0.05729149 -0.01724877 0.07066018 -0.05858183 -0.02540054 0.0705025 -0.06159353 -0.02295928 0.07051334 -0.06089459 -0.01064561 0.07229293 -0.05521749 -0.0265784 0.07070671 -0.06098153 -0.009540466 0.07050615 -0.05658624 -0.02765606 0.07052413 -0.06166229 -0.009339578 0.07156198 -0.05558514 -0.01975285 0.07071278 -0.0592732 -0.02430303 0.07075327 -0.05783793 -0.01966147 0.07079709 -0.05851965 -0.02812959 0.07071555 -0.05707489 -0.02841457 0.07071676 -0.05749422 -0.0290381 0.0706518 -0.05773819 -0.01319696 0.07294929 -0.05519195 -0.01490543 0.07379495 -0.05481334 -0.01047947 0.07320581 -0.05490904 -0.02972177 0.07071388 -0.06082038 -0.0290381 0.0706518 -0.05773819 -0.03068884 0.07050569 -0.06139569 -0.03216989 0.07061581 -0.06057516 -0.03222695 0.07070728 -0.06023939 -0.02981645 0.0706955 -0.05783469 -0.0290381 0.0706518 -0.05773819 -0.035515 0.07066048 -0.05548993 -0.03216989 0.07061581 -0.06057516 -0.03924196 0.07063951 -0.05744334 -0.03216989 0.07061581 -0.06057516 -0.03951433 0.0707067 -0.05669245 -0.0409111 0.07061292 -0.05246923 -0.04136864 0.07076299 -0.05195766 -0.04459184 0.07070739 -0.05347076 -0.04136864 0.07076299 -0.05195766 -0.04150435 0.07072285 -0.05121 -0.04632874 0.0707067 -0.05209814 -0.04814304 0.07069787 -0.0466016 -0.04854731 0.07070405 -0.04657641 -0.05270238 0.07070702 -0.04215042 -0.05248581 0.07061682 -0.04205209 -0.04854731 0.07070405 -0.04657641 -0.04814304 0.07069787 -0.0466016 -0.04683186 0.07070491 -0.04677533 -0.04150435 0.07072285 -0.05121 -0.04134069 0.07071886 -0.05055426 -0.04501235 0.07074703 -0.04766778 -0.0463086 0.07066423 -0.04651407 -0.0463086 0.07066423 -0.04651407 -0.04588917 0.07083925 -0.04609578 -0.04096182 0.07086128 -0.05006769 -0.04036191 0.0710976 -0.04959511 -0.04134069 0.07071886 -0.05055426 -0.04501235 0.07074703 -0.04766778 0.01833747 0.06476893 -0.05011722 0.022807 0.06452718 -0.048056 0.01833948 0.06444094 -0.05004692 0.01419238 0.06440081 -0.05158301 0.01316389 0.06469277 -0.05218062 0.01833747 0.06476893 -0.05011722 0.04762514 0.06290591 0.01671338 0.04835005 0.06290591 0.0144832 0.04910941 0.06347413 0.01471016 0.05040125 0.06347451 0.0102035 0.04910941 0.06347413 0.01471016 0.04962667 0.06290591 0.009202288 0.05138532 0.06347384 0.002119001 0.05040125 0.06347451 0.0102035 0.05045784 0.06290534 0.004234437 0.05117735 0.06349604 -0.005283465 0.05138532 0.06347384 0.002119001 0.05013711 0.06290893 -0.006210609 0.05015795 0.06347301 -0.01061823 0.04848837 0.0629006 -0.01400976 0.04848837 0.0629006 -0.01400976 0.04954163 0.06347765 -0.01378506 0.04718881 0.06347251 -0.02039294 0.04848837 0.0629006 -0.01400976 0.04580658 0.06291524 -0.02133242 0.04274201 0.06346868 -0.02858006 0.04201097 0.06290591 -0.02797416 -0.0512368 0.06177714 0.01447472 -0.05165922 0.06223761 0.01542216 -0.05305287 0.06192832 0.01336198 -0.0512368 0.06177714 0.01447472 -0.05055181 0.06187101 0.01540053 -0.0506532 0.06249522 0.01699951 -0.0496995 0.06287558 0.01875496 -0.04580596 0.06270812 0.02259183 -0.0496995 0.06287558 0.01875496 -0.04709857 0.06321266 0.02262821 -0.0409089 0.06335069 0.03115573 -0.04014123 0.06288074 0.03060356 0.004891965 0.06423075 -0.05316089 0.001236948 0.0642961 -0.05313946 0.001104242 0.06438303 -0.05388135 0.00403471 0.06449462 -0.0545572 0.001104242 0.06438303 -0.05388135 0.0009877228 0.06447281 -0.05516247 0.004459113 0.06387708 -0.05233939 0.001236948 0.0642961 -0.05313946 0.0009614893 0.06398798 -0.05261967 0.001293485 0.06340306 -0.05194033 0.006829769 0.06444516 -0.05380379 0.004891965 0.06423075 -0.05316089 0.01112241 0.0642959 -0.05226826 0.01419238 0.06440081 -0.05158301 0.01202313 0.06405615 -0.05147528 0.01147143 0.0635285 -0.05077492 0.01202313 0.06405615 -0.05147528 0.01422521 0.06316365 -0.04950933 0.01162191 0.06286144 -0.05022901 0.008686054 0.06303916 -0.05114406 0.01021948 0.06264666 -0.0505329 0.008789973 0.06253956 -0.05095688 0.004240982 0.06298251 -0.05168476 0.005790874 0.06256955 -0.05144499 0.008686054 0.06303916 -0.05114406 0.01162191 0.06286144 -0.05022901 0.003979931 0.06230925 -0.05152901 0.0008625404 0.06285889 -0.05183619 0.01453111 0.06367195 -0.05006932 0.01422521 0.06316365 -0.04950933 0.01724272 0.06370806 -0.04915618 0.01711926 0.06330027 -0.04851203 0.01453111 0.06367195 -0.05006932 0.01749753 0.06406558 -0.04971904 0.01724272 0.06370806 -0.04915618 0.01711926 0.06330027 -0.04851203 0.01419238 0.06440081 -0.05158301 0.01749753 0.06406558 -0.04971904 0.02269709 0.064307 -0.04785816 0.01711926 0.06330027 -0.04851203 0.02172636 0.06334849 -0.04661194 0.001229212 0.06226354 -0.05169281 0.0008625404 0.06285889 -0.05183619 0.002775123 0.06196293 -0.05162053 0.005732997 0.06173359 -0.0513478 0.002901732 0.06109571 -0.05173093 0.002775123 0.06196293 -0.05162053 0.002901732 0.06109571 -0.05173093 0.0005329562 0.06036857 -0.05191994 -0.02378677 0.06450367 -0.06292733 -0.02379913 0.06469258 -0.06316531 -0.005102326 0.06461062 -0.05708317 -0.02591985 0.06463966 -0.06368175 -0.02378677 0.06450367 -0.06292733 -0.02379913 0.06469258 -0.06316531 -0.02960135 0.06446446 -0.05763008 -0.02965809 0.06446791 -0.05817739 -0.02872089 0.06446614 -0.06361248 -0.02924122 0.06477084 -0.06401057 -0.02677 0.06446271 -0.06339689 -0.03024832 0.06446282 -0.06330391 -0.03149358 0.06459355 -0.06354816 -0.02924122 0.06477084 -0.06401057 -0.03121864 0.06511346 -0.06362867 -0.03121864 0.06511346 -0.06362867 -0.03249846 0.0648565 -0.06350142 -0.01527819 0.06446262 -0.05323101 -0.02968753 0.06452347 -0.05706086 -0.03007978 0.0644682 -0.05639528 -0.003855147 0.06446284 -0.05508798 0.0009877228 0.06447281 -0.05516247 -6.697328e-05 0.06433813 -0.05331782 0.0009877228 0.06447281 -0.05516247 0.001104242 0.06438303 -0.05388135 0.001236948 0.0642961 -0.05313946 -6.697328e-05 0.06433813 -0.05331782 -0.007434269 0.06435395 -0.05282542 0.001236948 0.0642961 -0.05313946 0.0009614893 0.06398798 -0.05261967 0.001293485 0.06340306 -0.05194033 -0.0003576165 0.06351106 -0.05218352 -0.0162334 0.06433579 -0.05120119 -0.02185707 0.06433684 -0.04965073 -0.01590923 0.06421998 -0.05086011 -0.03360919 0.06446045 -0.04650537 -0.03315202 0.06432593 -0.04576843 -0.03044709 0.06448378 -0.05606126 -0.04062861 0.06446282 -0.05114131 -0.03078121 0.06446282 -0.05590713 -0.03468356 0.06446129 -0.05437686 -0.005101786 0.06330831 -0.05182933 -0.0003576165 0.06351106 -0.05218352 -0.005101786 0.06330831 -0.05182933 0.001293485 0.06340306 -0.05194033 0.0008625404 0.06285889 -0.05183619 -0.0033928 0.0628665 -0.05174222 -0.009028481 0.06243708 -0.05097415 0.009926917 0.06220649 -0.0495748 0.00899627 0.06208776 -0.04980504 0.01021948 0.06264666 -0.0505329 0.01021948 0.06264666 -0.0505329 0.01162191 0.06286144 -0.05022901 0.01394041 0.06268607 -0.04854966 0.01422521 0.06316365 -0.04950933 0.004205928 0.1005154 0.03365662 -6.710104e-05 0.10051 0.03399324 -0.0005572436 0.1012594 0.03454259 -0.0005572436 0.1012594 0.03454259 0.006047404 0.1012422 0.0339857 0.008157664 0.1005176 0.03291565 0.006047404 0.1012422 0.0339857 0.01145932 0.1005188 0.03189214 0.01507797 0.1012852 0.03115614 0.01295855 0.1005176 0.03128781 0.01625515 0.1005318 0.02975944 0.01886792 0.1005198 0.02816996 0.01507797 0.1012852 0.03115614 0.02076799 0.1012823 0.02763926 0.02391076 0.1005502 0.02413494 0.02449093 0.101241 0.02416337 0.02523887 0.1005207 0.02263098 0.02449093 0.101241 0.02416337 0.02763921 0.1005243 0.01964503 0.02449093 0.101241 0.02416337 0.0288657 0.1012693 0.01901774 0.03110918 0.1005154 0.01375286 0.03112193 0.1011849 0.01459567 -0.01183964 0.101024 -0.03216343 -0.01172873 0.1005309 -0.0319153 -0.009465615 0.1011917 -0.03303565 -0.0145668 0.1011992 -0.03113619 -0.01183964 0.101024 -0.03216343 -0.01719804 0.1005262 -0.02923231 -0.01729923 0.1010209 -0.02958606 -0.0188537 0.101159 -0.0287219 -0.01719804 0.1005262 -0.02923231 -0.02189291 0.1005651 -0.02600138 -0.02221506 0.1011266 -0.02617091 0.0482879 0.06456851 -0.02201 0.05036643 0.06442577 -0.01609158 0.04747993 0.06443392 -0.0233978 0.0482879 0.06456851 -0.02201 0.05039327 0.06460969 -0.0166389 0.05181425 0.06459963 -0.01154345 0.05186393 0.06443843 -0.009821539 0.05295391 0.06463096 -0.003279287 0.05273743 0.064423 -0.002910116 0.05242556 0.06434269 -0.005898215 0.05273743 0.064423 -0.002910116 0.05265988 0.06437734 0.004285987 0.05242556 0.06434269 -0.005898215 0.05295391 0.06463096 -0.003279287 0.05291557 0.0646408 0.004195307 -0.05002776 0.08860763 -4.04727e-05 -0.0503657 0.08836542 -0.001230704 -0.04923471 0.08868525 0.004250888 -0.05002776 0.08860763 -4.04727e-05 -0.05083985 0.08821202 -0.006450185 -0.05115061 0.08780228 -0.006171067 -0.05055461 0.08804914 -0.001167367 -0.05083985 0.08821202 -0.006450185 -0.05088485 0.08780713 -0.01080366 -0.05063552 0.08805937 -0.01097027 -0.05045412 0.08785445 -0.01411099 -0.04912105 0.08734134 -0.02067499 -0.04904847 0.08767875 -0.02014652 -0.04912105 0.08734134 -0.02067499 -0.05068155 0.08750864 -0.01425009 -0.05088485 0.08780713 -0.01080366 -0.0680178 0.06495513 -0.01161936 -0.06781328 0.06451929 -0.01171138 -0.06718969 0.06472179 -0.009680339 -0.06881241 0.06476393 -0.01416931 -0.0680178 0.06495513 -0.01161936 -0.06839129 0.06447361 -0.01410204 -0.06793919 0.06446307 -0.01267853 -0.06888596 0.06471523 -0.01659803 -0.06881241 0.06476393 -0.01416931 -0.01755949 0.09218707 0.0434443 -0.01336717 0.0923884 0.04480055 -0.008855617 0.09276394 0.04574276 -0.0130347 0.1011235 0.03490921 -0.008393344 0.1010678 0.03634846 -0.003006196 0.1009946 0.03729858 -0.01755949 0.09218707 0.0434443 -0.004458087 0.09302729 0.04623795 -0.01857048 0.09221068 0.04281259 0.0001083989 0.09325121 0.04629626 -0.01626178 0.1009726 0.03368077 0.002866834 0.1009857 0.03734668 -0.01876211 0.1010797 0.03220184 -0.0130347 0.1011235 0.03490921 0.004741744 0.09348124 0.04594893 0.007404509 0.101079 0.0365257 0.009144651 0.09369585 0.04511386 0.002083814 0.1011354 0.03712754 0.007404509 0.101079 0.0365257 0.002866834 0.1009857 0.03734668 -0.003006196 0.1009946 0.03729858 -0.003027878 0.1011356 0.03706079 0.007404509 0.101079 0.0365257 0.01011378 0.101006 0.03600607 0.01349261 0.09386892 0.04386763 0.01445074 0.1011066 0.0343858 0.01771702 0.09401531 0.04217615 0.01865988 0.09418992 0.0415982 -0.02327765 0.1011332 0.02906517 -0.01884263 0.101206 0.03184784 -0.01393025 0.1012267 0.03422575 -0.0130347 0.1011235 0.03490921 -0.008591051 0.1012188 0.03597505 -0.008393344 0.1010678 0.03634846 -0.01626178 0.1009726 0.03368077 -0.02173987 0.09185538 0.04149218 -0.01876211 0.1010797 0.03220184 -0.02602223 0.09151074 0.03901909 -0.02091909 0.1009673 0.03093184 -0.02930595 0.0912043 0.03660942 -0.02602223 0.09151074 0.03901909 -0.02327765 0.1011332 0.02906517 -0.06707022 0.06510562 -0.02651583 -0.06707726 0.06478833 -0.02623118 -0.06866208 0.06499068 -0.01981897 -0.06707022 0.06510562 -0.02651583 -0.06459162 0.06497493 -0.03300359 -0.06433042 0.06459273 -0.0331547 -0.06683001 0.06448828 -0.02588586 -0.06836165 0.06446593 -0.01926926 -0.06620691 0.06446282 -0.02731356 -0.06620691 0.06446282 -0.02731356 -0.06836165 0.06446593 -0.01926926 -0.04999766 0.06183474 0.01496495 -0.0512368 0.06177714 0.01447472 -0.05056697 0.06163788 0.01409538 -0.05055181 0.06187101 0.01540053 -0.04999766 0.06183474 0.01496495 -0.04580596 0.06270812 0.02259183 -0.04528685 0.06258591 0.02209887 -0.03957365 0.06275964 0.03019391 -0.04014123 0.06288074 0.03060356 -0.04528685 0.06258591 0.02209887 -0.06119046 0.05426637 -0.01176095 -0.0608837 0.05461455 -0.01050409 -0.06201363 0.05446647 -0.01151808 -0.06010121 0.05644368 -0.004787322 -0.0608837 0.05461455 -0.01050409 -0.05823079 0.05746169 -0.00143961 -0.06010121 0.05644368 -0.004787322 -0.05809341 0.05817318 0.000806194 -0.05823079 0.05746169 -0.00143961 -0.05779163 0.05781302 -0.0003018595 -0.05650646 0.05886165 0.002961794 -0.05670895 0.05931219 0.004446019 -0.03924211 0.05280689 -0.04624195 -0.04647424 0.05293308 -0.04329536 -0.04071416 0.05323139 -0.04610774 -0.04679467 0.053206 -0.04332045 -0.04647424 0.05293308 -0.04329536 -0.05036671 0.05284889 -0.0407817 -0.04679467 0.053206 -0.04332045 -0.05034546 0.05323048 -0.0409035 -0.003207052 0.05862383 -0.05036518 -0.00611714 0.0575911 -0.05028876 -0.003254425 0.05873067 -0.05105762 -0.006284294 0.05768823 -0.0509437 -0.00611714 0.0575911 -0.05028876 -0.009458464 0.05659964 -0.05082745 -0.009294982 0.05657018 -0.05014045 0.03110233 0.06278615 -0.03885581 0.0318643 0.0629335 -0.03928209 0.03589482 0.06278252 -0.03447809 0.03721726 0.06290591 -0.03409321 0.03589482 0.06278252 -0.03447809 0.03855434 0.06278593 -0.03147513 0.03959634 0.06290591 -0.03129861 0.03978959 0.06278615 -0.02989845 0.03959634 0.06290591 -0.03129861 0.04209727 0.06278459 -0.0266316 0.04201097 0.06290591 -0.02797416 0.02918844 0.06290591 0.04117676 0.02993372 0.06278963 0.03996942 0.03266174 0.06290591 0.03847989 0.02993372 0.06278963 0.03996942 0.03516502 0.06290591 0.03620653 0.03589712 0.0627845 0.03445907 0.02471939 0.06290591 0.04400502 0.0231282 0.06278612 0.04407057 0.02251958 0.06290591 0.04517033 0.02136704 0.06278516 0.04499502 0.01590214 0.0627896 0.04712481 0.02251958 0.06290591 0.04517033 0.01534365 0.06290517 0.04810204 0.008878792 0.06279282 0.04909858 0.007508679 0.06291247 0.0499575 3.860807e-05 0.06278325 0.04981995 0.008878792 0.06279282 0.04909858 1.705201e-07 0.06290591 0.05047261 3.860807e-05 0.06278325 0.04981995 -0.00745105 0.06278856 0.04928317 -0.003224561 0.06290591 0.05022725 -0.007636052 0.06290591 0.0498916 0.006731378 0.06165469 -0.05024517 0.006645384 0.0615478 -0.04955051 0.003780243 0.06093453 -0.0506456 0.004408921 0.0610136 -0.04988616 1.750642e-07 0.05970245 -0.0502814 1.7509e-07 0.05981669 -0.05098625 0.004408921 0.0610136 -0.04988616 0.003780243 0.06093453 -0.0506456 0.01523751 0.06265932 -0.04740349 0.01382514 0.06254083 -0.04781701 0.01394041 0.06268607 -0.04854966 0.01142225 0.06235007 -0.0485243 0.01394041 0.06268607 -0.04854966 0.009926917 0.06220649 -0.0495748 0.01394041 0.06268607 -0.04854966 0.01708518 0.06270617 -0.046718 0.01752716 0.06285405 -0.04734331 0.01752716 0.06285405 -0.04734331 0.02080627 0.06276964 -0.04523196 0.02111807 0.06288023 -0.04584683 0.01142225 0.06235007 -0.0485243 0.00899627 0.06208776 -0.04980504 0.006645384 0.0615478 -0.04955051 0.006731378 0.06165469 -0.05024517 0.007299264 0.06465042 0.05262183 -0.001227165 0.06467623 0.05307958 -0.0002287006 0.06452494 0.05292411 -0.008486013 0.06457088 0.05240885 0.04689804 0.06464622 0.02483015 0.04449727 0.06478143 0.02887129 0.04299939 0.06464408 0.03098667 0.0421769 0.06477848 0.03214862 0.05265988 0.06437734 0.004285987 0.05291557 0.0646408 0.004195307 0.05181958 0.06436771 0.009737081 0.05194165 0.06462225 0.01079478 0.02082697 0.06436621 0.04837808 0.0288199 0.06436904 0.04409271 0.02105888 0.06465852 0.04878099 0.02746289 0.06461763 0.04539725 0.0288199 0.06436904 0.04409271 0.03329488 0.06469282 0.04136939 0.0351152 0.06436228 0.0392189 0.03864053 0.0646494 0.03636044 0.03813921 0.06433827 0.03605119 0.04109222 0.06433347 0.03287982 0.03813921 0.06433827 0.03605119 0.04299939 0.06464408 0.03098667 0.04266468 0.06433523 0.03057439 0.04674757 0.06452263 0.02472588 0.04689804 0.06464622 0.02483015 0.05021808 0.06465375 0.0172744 0.04576729 0.06434409 0.0260314 0.04299939 0.06464408 0.03098667 0.04674757 0.06452263 0.02472588 0.04929484 0.06435087 0.01856401 0.04929484 0.06435087 0.01856401 0.05181958 0.06436771 0.009737081 0.05194165 0.06462225 0.01079478 0.02082697 0.06436621 0.04837808 0.02105888 0.06465852 0.04878099 0.0141084 0.06436088 0.05076862 0.01415964 0.06462909 0.05112975 -0.02607992 0.06442706 0.04611554 -0.02021721 0.0645842 0.0492097 -0.02838764 0.06459396 0.04484693 -0.02540363 0.06473838 0.04656592 0.05242556 0.06434269 -0.005898215 0.05265988 0.06437734 0.004285987 0.05117735 0.06349604 -0.005283465 0.05138532 0.06347384 0.002119001 0.05265988 0.06437734 0.004285987 0.05181958 0.06436771 0.009737081 0.05040125 0.06347451 0.0102035 0.04506743 0.09403818 0.007936201 0.03672988 0.1010758 0.006606958 0.04389258 0.09419727 0.01242685 0.03598227 0.1009938 0.0102422 -0.004385108 0.09264177 0.04644474 0.0004690311 0.09289183 0.04650988 0.0001083989 0.09325121 0.04629626 -0.004458087 0.09302729 0.04623795 -0.004385108 0.09264177 0.04644474 -0.008894202 0.09235329 0.04592654 -0.008855617 0.09276394 0.04574276 -0.008855617 0.09276394 0.04574276 -0.01336717 0.0923884 0.04480055 -0.01765171 0.09176487 0.04354788 -0.01755949 0.09218707 0.0434443 -0.02181711 0.09148588 0.04167987 -0.02173987 0.09185538 0.04149218 -0.0251338 0.09122465 0.03982675 -0.02602223 0.09151074 0.03901909 -0.02930595 0.0912043 0.03660942 -0.0251338 0.09122465 0.03982675 -0.02854125 0.09088552 0.03748614 -0.02945902 0.0907917 0.03677701 -0.02173987 0.09185538 0.04149218 -0.02181711 0.09148588 0.04167987 -0.01755949 0.09218707 0.0434443 -0.01765171 0.09176487 0.04354788 0.004741744 0.09348124 0.04594893 0.004838494 0.09312485 0.0461158 0.009144651 0.09369585 0.04511386 0.009389819 0.09336463 0.04524925 0.03823534 0.09173 -0.02732704 0.03596701 0.09156099 -0.03053384 0.03574916 0.09187396 -0.03027399 0.03854715 0.09217463 -0.02643853 0.04078194 0.09203819 -0.02316226 0.03823534 0.09173 -0.02732704 0.04044355 0.09239963 -0.02331395 0.03574916 0.09187396 -0.03027399 0.03596701 0.09156099 -0.03053384 0.03275138 0.09147847 -0.03364727 0.03228801 0.0911056 -0.03430317 0.0452264 0.0937304 0.008101267 0.04600875 0.09352192 0.003274854 0.04506743 0.09403818 0.007936201 0.04575401 0.0938936 0.003277187 0.03672988 0.1010758 0.006606958 0.04506743 0.09403818 0.007936201 0.03731382 0.1010595 0.001382954 0.04603751 0.09367706 -0.0009579418 0.03739778 0.1009898 -0.000780966 0.04254907 0.0939844 0.01679707 0.04419583 0.09382721 0.01230648 0.04238564 0.09429446 0.01663821 0.04389258 0.09419727 0.01242685 0.04506743 0.09403818 0.007936201 0.04389258 0.09419727 0.01242685 0.0452264 0.0937304 0.008101267 0.04419583 0.09382721 0.01230648 0.03544543 0.09443118 0.02838527 0.0356352 0.09406026 0.0285274 0.03816763 0.0943921 0.02467969 0.03829901 0.09407115 0.02483865 -0.03812387 0.08754224 -0.03739295 -0.03861856 0.08721751 -0.03725067 -0.04173196 0.08751903 -0.03338281 -0.04190653 0.08718172 -0.03354426 -0.04439476 0.08760759 -0.02928481 -0.04173196 0.08751903 -0.03338281 -0.04593102 0.08727145 -0.02760309 -0.04690041 0.08753458 -0.02531758 -0.04191547 0.08964086 0.02198598 -0.04412142 0.08961502 0.01765419 -0.04415438 0.0891688 0.01785648 -0.0454172 0.08898907 0.01548317 1.7509e-07 0.05981669 -0.05098625 -0.001639716 0.05927754 -0.05104683 -0.001182035 0.05983813 -0.05199871 -0.003422114 0.05908126 -0.05201606 -0.06176284 0.0561351 -0.00677916 -0.06295369 0.05458589 -0.01176888 -0.06201363 0.05446647 -0.01151808 -0.06010121 0.05644368 -0.004787322 -0.05809341 0.05817318 0.000806194 -0.06176284 0.0561351 -0.00677916 -0.05863679 0.05906398 0.002362815 -0.05684388 0.06032526 0.006430156 -0.05670895 0.05931219 0.004446019 -0.05684388 0.06032526 0.006430156 -0.0548972 0.06023322 0.007906888 -0.0001185778 0.08893199 -0.04842658 0.003485069 0.08914182 -0.04778159 -6.293932e-05 0.08889193 -0.04436741 0.003444235 0.08910801 -0.04412927 -0.06052877 0.05325094 -0.02855015 -0.06224078 0.05323948 -0.02356267 -0.06211374 0.05368577 -0.02686859 -0.06361026 0.05370735 -0.02125428 -0.04277657 0.06504519 -0.0582042 -0.04030105 0.06489753 -0.05968745 -0.04640912 0.06469011 -0.05563229 -0.04045398 0.06464474 -0.05950504 -0.06395523 0.06447388 -0.02406569 -0.06199491 0.07047451 -0.02256562 -0.06489597 0.06446282 -0.01820586 -0.06300675 0.07054668 -0.01648567 -0.06220463 0.06446282 -0.02970176 -0.06031914 0.07043253 -0.02823538 -0.06395523 0.06447388 -0.02406569 -0.06199491 0.07047451 -0.02256562 -0.05445505 0.06447066 -0.04360323 -0.05248581 0.07061682 -0.04205209 -0.05782008 0.06446282 -0.03872098 -0.05593463 0.07044957 -0.03723719 -0.05609985 0.07051273 -0.03687129 -0.05782008 0.06446282 -0.03872098 -0.05800278 0.06447063 -0.03824016 -0.02981645 0.0706955 -0.05783469 -0.035515 0.07066048 -0.05548993 -0.03746003 0.06447323 -0.05714745 -0.03197494 0.06446282 -0.05933415 -0.03139105 0.06448708 -0.05938787 -0.02981645 0.0706955 -0.05783469 -0.0290381 0.0706518 -0.05773819 -0.03139105 0.06448708 -0.05938787 -0.0307957 0.06448974 -0.05929043 -0.06394958 0.07031014 -0.02850803 -0.06127598 0.07029963 -0.03507293 -0.06459162 0.06497493 -0.03300359 -0.06114281 0.06481096 -0.03967237 -0.05941477 0.07162275 -0.01564605 -0.05930453 0.07166006 -0.01601374 -0.06157324 0.06386583 -0.01741937 -0.06146192 0.06384712 -0.01793611 -0.06127186 0.06392557 -0.01898691 -0.05930453 0.07166006 -0.01601374 -0.06071498 0.0641389 -0.0220713 -0.06127186 0.06392557 -0.01898691 -0.05833618 0.07175139 -0.02149969 -0.06244363 0.06429612 -0.01635951 -0.06282932 0.06441396 -0.01621879 -0.06047164 0.07105729 -0.01485781 -0.06119316 0.07080708 -0.01483446 -0.06282932 0.06441396 -0.01621879 -0.06342019 0.06454653 -0.01624545 -0.06119316 0.07080708 -0.01483446 -0.06175912 0.07072377 -0.01491683 -0.06175912 0.07072377 -0.01491683 -0.06342019 0.06454653 -0.01624545 -0.06223626 0.07067466 -0.01518135 -0.06408227 0.0645102 -0.0166236 -0.0645375 0.06451663 -0.01710029 -0.06279674 0.07066812 -0.01577234 -0.06408227 0.0645102 -0.0166236 -0.06223626 0.07067466 -0.01518135 -0.06300675 0.07054668 -0.01648567 -0.06279674 0.07066812 -0.01577234 -0.06483844 0.06449325 -0.01768759 -0.0645375 0.06451663 -0.01710029 -0.05671556 0.07172661 -0.02695407 -0.05676154 0.07143919 -0.02768709 -0.0586403 0.06445608 -0.02878367 -0.05874342 0.06447436 -0.0293262 -0.05874342 0.06447436 -0.0293262 -0.05676154 0.07143919 -0.02768709 -0.05889023 0.06446745 -0.02989362 -0.05716782 0.07112581 -0.02843244 -0.05804877 0.07072025 -0.0291692 -0.05848977 0.07074559 -0.02929794 -0.05970119 0.06448442 -0.03069369 -0.06045221 0.06448179 -0.03084143 -0.05848977 0.07074559 -0.02929794 -0.05911624 0.07070004 -0.0292259 -0.06045221 0.06448179 -0.03084143 -0.06094372 0.06447114 -0.03080515 -0.06300133 0.05598867 -0.01709249 -0.06371664 0.05378221 -0.01679322 -0.06273347 0.05655338 -0.01347079 -0.06322862 0.05436222 -0.01311595 -0.06620765 0.07050875 -0.01338009 -0.06660362 0.07045587 -0.01574181 -0.06881241 0.06476393 -0.01416931 -0.06897817 0.06494892 -0.01656309 -0.04318637 0.06449143 -0.05188648 -0.04134069 0.07071886 -0.05055426 -0.04278281 0.06452452 -0.05134698 -0.04096182 0.07086128 -0.05006769 -0.04150435 0.07072285 -0.05121 -0.04134069 0.07071886 -0.05055426 -0.04326842 0.06452628 -0.05257349 -0.04318637 0.06449143 -0.05188648 -0.04136864 0.07076299 -0.05195766 -0.04150435 0.07072285 -0.05121 -0.04323621 0.06455098 -0.0533951 -0.04326842 0.06452628 -0.05257349 -0.04323621 0.06455098 -0.0533951 -0.04290587 0.06448438 -0.05392082 -0.04136864 0.07076299 -0.05195766 -0.0409111 0.07061292 -0.05246923 -0.02852596 0.07162695 -0.05440358 -0.02813554 0.07149246 -0.0548069 -0.03044709 0.06448378 -0.05606126 -0.03007978 0.0644682 -0.05639528 -0.03007978 0.0644682 -0.05639528 -0.02813554 0.07149246 -0.0548069 -0.02968753 0.06452347 -0.05706086 -0.02783912 0.0711005 -0.05550237 -0.02960135 0.06446446 -0.05763008 -0.02968753 0.06452347 -0.05706086 -0.02778383 0.07090037 -0.05624271 -0.02783912 0.0711005 -0.05550237 -0.02778383 0.07090037 -0.05624271 -0.0279405 0.07066657 -0.0567015 -0.02965809 0.06446791 -0.05817739 -0.02981706 0.06446201 -0.05852688 -0.02841457 0.07071676 -0.05749422 -0.0290381 0.0706518 -0.05773819 -0.03027957 0.0644671 -0.05905071 -0.0307957 0.06448974 -0.05929043 -0.04580216 0.07162067 -0.04391513 -0.04551024 0.07136815 -0.044503 -0.04777798 0.06440506 -0.04548298 -0.04748417 0.06446747 -0.04602502 -0.04565253 0.07101133 -0.04556627 -0.04588917 0.07083925 -0.04609578 -0.04753086 0.06446959 -0.04736774 -0.0478517 0.06449188 -0.04785299 -0.04683186 0.07070491 -0.04677533 -0.0474886 0.07067351 -0.0468729 -0.04880102 0.06447972 -0.04840144 -0.04934555 0.06447172 -0.04839678 -0.04934555 0.06447172 -0.04839678 -0.0474886 0.07067351 -0.0468729 -0.04998269 0.06447554 -0.04826497 -0.04814304 0.07069787 -0.0466016 -0.05044266 0.06446282 -0.04793761 -0.04998269 0.06447554 -0.04826497 -0.04814304 0.07069787 -0.0466016 -0.04853044 0.07055219 -0.04641847 -0.05044266 0.06446282 -0.04793761 -0.05445505 0.06447066 -0.04360323 -0.05248581 0.07061682 -0.04205209 -0.0409089 0.06335069 0.03115573 -0.04014123 0.06288074 0.03060356 -0.03681233 0.06342607 0.0359073 -0.03712049 0.06289226 0.03420199 -0.005102326 0.06461062 -0.05708317 -0.005156642 0.06480388 -0.0572163 0.0009735091 0.06461813 -0.05538502 0.001138243 0.0648873 -0.05550145 -0.005156642 0.06480388 -0.0572163 -0.005188938 0.0649993 -0.05726459 0.001138243 0.0648873 -0.05550145 -0.0009149626 0.06501906 -0.05602349 -0.008115753 0.07030778 -0.05634869 -0.008113923 0.07000718 -0.05650635 -0.02299481 0.07031412 -0.06113417 -0.02284687 0.07000718 -0.06124414 -0.006707371 0.07077142 -0.05556993 -0.004458623 0.07009644 -0.05545308 -0.008115753 0.07030778 -0.05634869 -0.001977582 0.07012436 -0.05484871 -0.008115753 0.07030778 -0.05634869 -0.00774316 0.07192724 -0.05510583 -0.009339578 0.07156198 -0.05558514 -0.004458623 0.07009644 -0.05545308 -0.006707371 0.07077142 -0.05556993 -0.00774316 0.07192724 -0.05510583 -0.007529332 0.07252186 -0.05489641 -0.01047947 0.07320581 -0.05490904 -0.00774316 0.07192724 -0.05510583 -0.005802773 0.07785438 -0.05310358 -0.004757679 0.07148483 -0.05487124 -0.01047947 0.07320581 -0.05490904 -0.001922532 0.08294947 -0.05101554 -0.01081486 0.07763842 -0.05346553 -0.006833489 0.08296747 -0.05139147 -0.01319696 0.07294929 -0.05519195 -0.01490543 0.07379495 -0.05481334 -0.0185731 0.0738781 -0.0546273 -0.01954879 0.07215755 -0.05572377 -0.01925601 0.07395985 -0.054535 -0.02335771 0.07365038 -0.05402337 -0.02356961 0.07319254 -0.05424306 -0.02602014 0.0737704 -0.05337908 -0.02365457 0.07258043 -0.0546595 -0.02335771 0.07365038 -0.05402337 -0.01960867 0.07720882 -0.05318716 -0.02397202 0.07700259 -0.05244096 -0.01925601 0.07395985 -0.054535 -0.0185731 0.0738781 -0.0546273 -0.01536819 0.07742225 -0.05350178 -0.0185731 0.0738781 -0.0546273 -0.01490543 0.07379495 -0.05481334 -0.006965631 0.0833027 -0.05125052 -0.006833489 0.08296747 -0.05139147 -0.01081486 0.07763842 -0.05346553 -0.01047947 0.07320581 -0.05490904 -0.005802773 0.07785438 -0.05310358 -0.01538623 0.08306295 -0.05124467 -0.006965631 0.0833027 -0.05125052 -0.01126894 0.08808128 -0.04915076 -0.009685625 0.08817603 -0.04914689 -0.005403277 0.08847172 -0.04906942 -0.003685442 0.08889208 -0.04876938 -0.006965631 0.0833027 -0.05125052 -0.01496998 0.08792312 -0.04881718 -0.01126894 0.08808128 -0.04915076 -0.01641936 0.08786178 -0.0486405 -0.02020537 0.08274581 -0.05056723 -0.02397202 0.07700259 -0.05244096 -0.02511254 0.08251084 -0.04934751 -0.02335771 0.07365038 -0.05402337 -0.02602014 0.0737704 -0.05337908 -0.03310206 0.07339547 -0.05099614 -0.03007327 0.08230042 -0.04738358 -0.03941179 0.07343052 -0.04730986 -0.03797087 0.07652096 -0.04640299 -0.02897892 0.08740277 -0.04453293 -0.02676982 0.08761628 -0.04551966 -0.03423332 0.08739456 -0.04110246 -0.02676982 0.08761628 -0.04551966 -0.02511254 0.08251084 -0.04934751 -0.0236073 0.08765825 -0.04685134 -0.02017976 0.08770368 -0.04790333 -0.02020537 0.08274581 -0.05056723 -0.01641936 0.08786178 -0.0486405 -0.03941179 0.07343052 -0.04730986 -0.04049816 0.07346318 -0.04638262 -0.03797087 0.07652096 -0.04640299 -0.04257987 0.07634064 -0.0425681 -0.04369358 0.07336901 -0.04371879 -0.03984997 0.08198443 -0.0406646 -0.03861856 0.08721751 -0.03725067 -0.04257987 0.07634064 -0.0425681 -0.04569222 0.07313408 -0.04184195 -0.04707389 0.07619515 -0.03768679 -0.04830907 0.07339423 -0.03866884 -0.04522117 0.08041545 -0.03619714 -0.04522117 0.08041545 -0.03619714 -0.04451834 0.08185396 -0.03563095 -0.04190653 0.08718172 -0.03354426 -0.03861856 0.08721751 -0.03725067 -0.04843249 0.08192223 -0.0300037 -0.04451834 0.08185396 -0.03563095 -0.04593102 0.08727145 -0.02760309 -0.04843249 0.08192223 -0.0300037 -0.05114858 0.08205955 -0.02443607 -0.04862032 0.08732006 -0.02190027 -0.05114858 0.08205955 -0.02443607 -0.04912105 0.08734134 -0.02067499 -0.05284708 0.0822384 -0.01899773 -0.05088158 0.07628654 -0.03224531 -0.04707389 0.07619515 -0.03768679 -0.05088158 0.07628654 -0.03224531 -0.05195775 0.0733403 -0.03350513 -0.05294466 0.07344119 -0.03144134 -0.05354373 0.07641724 -0.02687847 -0.05284708 0.0822384 -0.01899773 -0.05454876 0.07345922 -0.02846037 -0.05525759 0.07657471 -0.02166979 -0.05649687 0.07347351 -0.02295022 -0.05525759 0.07657471 -0.02166979 -0.0561729 0.07675276 -0.01667127 -0.05770957 0.0736918 -0.01542166 -0.05068155 0.08750864 -0.01425009 -0.04912105 0.08734134 -0.02067499 -0.053678 0.08244866 -0.01373035 -0.05088485 0.08780713 -0.01080366 -0.0561729 0.07675276 -0.01667127 -0.05379526 0.08268341 -0.008678752 -0.05644177 0.07694679 -0.01193668 -0.05770957 0.0736918 -0.01542166 -0.05335303 0.08293586 -0.003887682 -0.05621635 0.07715242 -0.00751935 -0.05751045 0.07367226 -0.006647957 -0.05754968 0.07389176 -0.009459941 -0.05732028 0.07371579 -0.005633444 -0.05649544 0.07370329 -0.00139069 -0.05456651 0.07758074 0.001117468 -0.05559708 0.07736523 -0.003316301 -0.05621635 0.07715242 -0.00751935 -0.05762629 0.07384886 -0.01110661 -0.05644177 0.07694679 -0.01193668 -0.05775245 0.07378787 -0.01365941 -0.04945979 0.08829955 0.003590351 -0.05335303 0.08293586 -0.003887682 -0.05055461 0.08804914 -0.001167367 -0.05055461 0.08804914 -0.001167367 -0.05379526 0.08268341 -0.008678752 -0.05115061 0.08780228 -0.006171067 -0.053678 0.08244866 -0.01373035 -0.05115061 0.08780228 -0.006171067 -0.05088485 0.08780713 -0.01080366 -0.06422434 0.06481705 -0.00467713 -0.06718969 0.06472179 -0.009680339 -0.06402066 0.06453811 -0.004854205 -0.06675131 0.06456547 -0.009473319 0.02471743 0.06347404 0.04490935 0.02107325 0.06344248 0.04684774 0.02251958 0.06290591 0.04517033 0.02471939 0.06290591 0.04400502 0.02861376 0.06347577 0.04272454 0.02471743 0.06347404 0.04490935 0.02918844 0.06290591 0.04117676 0.03333223 0.06347173 0.03920016 0.03266174 0.06290591 0.03847989 0.03516502 0.06290591 0.03620653 0.03333223 0.06347173 0.03920016 0.04014457 0.06347282 0.03213364 0.03940394 0.06290591 0.03154079 0.04030753 0.06290591 0.03037755 0.0401446 0.06347282 0.03213359 0.04297507 0.06347283 0.02795865 0.04462033 0.06290883 0.02363351 0.04546661 0.06348377 0.02393696 0.04812831 0.06347656 0.01809671 0.04462033 0.06290883 0.02363351 0.04762514 0.06290591 0.01671338 0.04910941 0.06347413 0.01471016 0.005732997 0.06173359 -0.0513478 0.003979931 0.06230925 -0.05152901 0.005790874 0.06256955 -0.05144499 0.004240982 0.06298251 -0.05168476 -0.05876438 0.06133457 0.001050748 -0.0588523 0.06244311 0.0008135366 -0.06011289 0.06215251 -0.003506819 -0.05990204 0.06260207 -0.003079457 -0.05849057 0.0604295 0.002148616 -0.05684388 0.06032526 0.006430156 -0.05682953 0.06093065 0.006176144 -0.05559801 0.0608698 0.008751207 -0.0534598 0.07127034 -0.03466526 -0.05286661 0.07168557 -0.03506597 -0.05492858 0.06446881 -0.03659503 -0.05526187 0.06446928 -0.03624606 -0.05598321 0.06450843 -0.03601854 -0.0534598 0.07127034 -0.03466526 -0.05433166 0.07101765 -0.03452772 -0.05598321 0.06450843 -0.03601854 -0.05661713 0.06447121 -0.03598859 -0.05433166 0.07101765 -0.03452772 -0.0549296 0.07083099 -0.0346704 -0.05531526 0.07071511 -0.03487263 -0.05712026 0.06447464 -0.03616397 -0.05571854 0.07060598 -0.03520843 -0.05753038 0.06445723 -0.03645592 -0.05800278 0.06447063 -0.03824016 -0.05609985 0.07051273 -0.03687129 -0.05807265 0.06447706 -0.03757288 -0.05612817 0.07066869 -0.03621611 -0.005188938 0.0649993 -0.05726459 -0.005156642 0.06480388 -0.0572163 -0.02379956 0.06495172 -0.06324119 -0.02379913 0.06469258 -0.06316531 0.05130331 0.07336097 -0.006218251 0.05238446 0.06478389 -0.008271071 0.05046509 0.07324958 -0.01128403 0.05181425 0.06459963 -0.01154345 0.05163592 0.07346054 -0.001096334 0.05146133 0.07354779 0.004031565 0.05306595 0.06478773 -0.001073864 0.05291557 0.0646408 0.004195307 0.04616252 0.08836293 0.01295692 0.04419583 0.09382721 0.01230648 0.0445743 0.08846345 0.01748572 0.04254907 0.0939844 0.01679707 0.04419583 0.09382721 0.01230648 0.04616252 0.08836293 0.01295692 0.0452264 0.0937304 0.008101267 0.04730448 0.08823476 0.008295443 0.003485069 0.08914182 -0.04778159 -0.0001185778 0.08893199 -0.04842658 0.004142791 0.08930387 -0.04783169 -0.003685442 0.08889208 -0.04876938 0.03112193 0.1011849 0.01459567 0.03285115 0.101216 0.01016562 0.03237503 0.1010145 0.01123447 0.03430282 0.1012706 0.004345324 0.003444235 0.08910801 -0.04412927 0.004850279 0.08664043 -0.04506682 0.003382284 0.08884093 -0.04361964 0.006755353 0.08297866 -0.04529045 -0.0005572436 0.1012594 0.03454259 -6.710104e-05 0.10051 0.03399324 -0.005571081 0.1010145 0.0337034 -0.005547253 0.1005189 0.03346564 -0.005571081 0.1010145 0.0337034 -0.008821253 0.101245 0.03318574 -0.01083252 0.1005279 0.03218004 -0.01097769 0.1010145 0.03234776 -0.01387084 0.1011768 0.03143048 -0.01083252 0.1005279 0.03218004 -0.01338553 0.1005139 0.03116959 -0.0161786 0.1006385 0.02988916 -0.01387084 0.1011768 0.03143048 -0.01612536 0.1010145 0.03011311 -0.0161786 0.1006385 0.02988916 -0.01859342 0.1011969 0.02891132 -0.02081354 0.1010145 0.02708507 -0.02065282 0.1005203 0.02690161 -0.03347053 0.1005179 0.00547934 -0.03429703 0.1012825 0.003580897 -0.03276932 0.1005142 0.008726916 -0.03325502 0.1012549 0.00904099 -0.03347053 0.1005179 0.00547934 -0.03397705 0.1004929 7.904395e-05 -0.03429703 0.1012825 0.003580897 -0.03454782 0.1012799 -0.0004300819 -0.0338241 0.1004975 -0.002624981 -0.03397705 0.1004929 7.904395e-05 -0.03409506 0.1012874 -0.005413134 -0.03237035 0.1010823 -0.01094349 -0.03211605 0.1005887 -0.01093744 -0.03127038 0.101152 -0.01376284 -0.03131637 0.1006089 -0.0131211 -0.03127038 0.101152 -0.01376284 -0.03044081 0.1012023 -0.01608164 -0.02923122 0.1011139 -0.01762138 -0.02919737 0.1006102 -0.01725761 -0.02919737 0.1006102 -0.01725761 -0.02819055 0.1012649 -0.01976907 -0.02723092 0.1005989 -0.02022174 -0.0256648 0.1005819 -0.02217379 -0.02466921 0.1010722 -0.02357691 -0.02189291 0.1005651 -0.02600138 -0.02221506 0.1011266 -0.02617091 -0.01172873 0.1005309 -0.0319153 -0.006105943 0.1005306 -0.03336342 -0.009465615 0.1011917 -0.03303565 -0.005911574 0.1010283 -0.03382152 -0.05056697 0.06163788 0.01409538 -0.0512368 0.06177714 0.01447472 -0.0534312 0.06071645 0.009307351 -0.0548972 0.06023322 0.007906888 -0.05549744 0.05948243 0.00519882 -0.05650646 0.05886165 0.002961794 -0.05670895 0.05931219 0.004446019 -0.05195662 0.05289095 -0.03952205 -0.05572358 0.05276849 -0.03578734 -0.05487872 0.05323355 -0.03685967 -0.05283375 0.0532323 -0.03908849 -0.05195662 0.05289095 -0.03952205 -0.05036671 0.05284889 -0.0407817 -0.05034546 0.05323048 -0.0409035 -0.05572358 0.05276849 -0.03578734 -0.05705642 0.05323358 -0.03448476 -0.05793228 0.05322025 -0.03299131 -0.05808767 0.05286399 -0.03232692 -0.05808767 0.05286399 -0.03232692 -0.06052877 0.05325094 -0.02855015 -0.05996171 0.05277159 -0.02887354 -0.06052877 0.05325094 -0.02855015 -0.05996171 0.05277159 -0.02887354 -0.06122697 0.05288398 -0.02507416 -0.06224078 0.05323948 -0.02356267 -0.06147479 0.0528958 -0.02404251 0.04938344 0.06278649 -0.00619684 0.05013711 0.06290893 -0.006210609 0.04970515 0.06278335 -0.002599862 0.05045784 0.06290534 0.004234437 0.04969374 0.0627794 0.00386432 0.04875956 0.06278388 0.01023889 0.04962667 0.06290591 0.009202288 0.04762514 0.06290591 0.01671338 0.04720152 0.06278121 0.01579799 0.04835005 0.06290591 0.0144832 0.04875956 0.06278388 0.01023889 0.04962667 0.06290591 0.009202288 -0.01671305 0.06290591 0.04762512 -0.01647219 0.06278908 0.04696584 -0.01273484 0.06290591 0.04861845 -0.01204255 0.06278614 0.0482919 -0.007636052 0.06290591 0.0498916 -0.00745105 0.06278856 0.04928317 -0.03469693 0.06277344 0.03557089 -0.03368312 0.0628994 0.037592 -0.03702451 0.06276944 0.03302385 -0.03712049 0.06289226 0.03420199 -0.03957365 0.06275964 0.03019391 -0.04014123 0.06288074 0.03060356 -0.03110198 0.06278615 0.03885612 -0.03153802 0.06290646 0.03940498 -0.03268377 0.06278273 0.03753608 -0.03368312 0.0628994 0.037592 -0.03469693 0.06277344 0.03557089 1.7509e-07 0.05981669 -0.05098625 1.750642e-07 0.05970245 -0.0502814 -0.001639716 0.05927754 -0.05104683 -0.003207052 0.05862383 -0.05036518 -0.003254425 0.05873067 -0.05105762 0.05040125 0.06347451 0.0102035 0.05181958 0.06436771 0.009737081 0.04910941 0.06347413 0.01471016 0.04929484 0.06435087 0.01856401 0.04812831 0.06347656 0.01809671 0.04546661 0.06348377 0.02393696 0.04576729 0.06434409 0.0260314 0.04297507 0.06347283 0.02795865 0.04576729 0.06434409 0.0260314 0.04266468 0.06433523 0.03057439 0.0401446 0.06347282 0.03213359 0.04109222 0.06433347 0.03287982 0.03813921 0.06433827 0.03605119 0.04014457 0.06347282 0.03213364 0.03333223 0.06347173 0.03920016 0.0351152 0.06436228 0.0392189 0.02861376 0.06347577 0.04272454 0.0288199 0.06436904 0.04409271 0.02471743 0.06347404 0.04490935 0.02107325 0.06344248 0.04684774 0.02082697 0.06436621 0.04837808 0.02082697 0.06436621 0.04837808 0.01366975 0.06347501 0.0495734 0.0141084 0.06436088 0.05076862 0.006029683 0.06440581 0.05244355 0.006073413 0.06348619 0.05108808 0.006029683 0.06440581 0.05244355 -0.003202697 0.06348477 0.05133739 -0.0005359584 0.06432432 0.05275746 -0.01019377 0.06349091 0.05041189 -0.009651886 0.06443648 0.05202206 -0.01467875 0.06434408 0.05052371 -0.01913124 0.06347705 0.04775854 -0.02092065 0.06445995 0.04864299 -0.01913124 0.06347705 0.04775854 -0.02365108 0.06347967 0.0455401 -0.02434875 0.06433388 0.0467137 -0.02540078 0.06347322 0.04471011 0.04032013 0.06432987 -0.03394552 0.04383672 0.06439807 -0.02963385 0.04274201 0.06346868 -0.02858006 0.04747993 0.06443392 -0.0233978 0.04718881 0.06347251 -0.02039294 0.05036643 0.06442577 -0.01609158 0.02337074 0.1010232 -0.02919124 0.02932685 0.09118053 -0.03667045 0.0208247 0.1010228 -0.03097956 0.02370956 0.09073392 -0.04060946 0.01665638 0.1009992 -0.03354835 0.01733303 0.09036394 -0.04362724 0.01733303 0.09036394 -0.04362724 0.01343145 0.09574765 -0.03998707 -0.03681233 0.06342607 0.0359073 -0.03712049 0.06289226 0.03420199 -0.03368312 0.0628994 0.037592 -0.03214307 0.06346975 0.04016708 -0.03153802 0.06290646 0.03940498 -0.03153802 0.06290646 0.03940498 -0.02795889 0.06347325 0.04297566 -0.0252158 0.06290591 0.04372226 -0.02540078 0.06347322 0.04471011 -0.02795889 0.06347325 0.04297566 -0.02365108 0.06347967 0.0455401 -0.02178087 0.06290591 0.04529893 -0.01913124 0.06347705 0.04775854 -0.02365108 0.06347967 0.0455401 -0.01671305 0.06290591 0.04762512 -0.01019377 0.06349091 0.05041189 -0.01671305 0.06290591 0.04762512 -0.01273484 0.06290591 0.04861845 -0.007636052 0.06290591 0.0498916 -0.01019377 0.06349091 0.05041189 -0.003202697 0.06348477 0.05133739 -0.003224561 0.06290591 0.05022725 1.705201e-07 0.06290591 0.05047261 -0.003202697 0.06348477 0.05133739 0.006073413 0.06348619 0.05108808 0.007508679 0.06291247 0.0499575 0.01366975 0.06347501 0.0495734 0.01534365 0.06290517 0.04810204 0.02107325 0.06344248 0.04684774 0.01366975 0.06347501 0.0495734 0.02251958 0.06290591 0.04517033 -0.03277883 0.05322843 -0.04838101 -0.031561 0.05370182 -0.04955575 -0.02829977 0.0533378 -0.04911427 -0.02752117 0.05373138 -0.05029876 -0.02422771 0.0534172 -0.04976753 -0.02222953 0.05403376 -0.05110404 -0.02422771 0.0534172 -0.04976753 -0.019568 0.05410021 -0.05018516 -0.01551138 0.05506891 -0.05147769 -0.02222953 0.05403376 -0.05110404 -0.01561418 0.05475963 -0.05046852 0.02172636 0.06334849 -0.04661194 0.02111807 0.06288023 -0.04584683 0.01752716 0.06285405 -0.04734331 0.01711926 0.06330027 -0.04851203 0.01394041 0.06268607 -0.04854966 0.01422521 0.06316365 -0.04950933 0.03063092 0.08853572 0.03673923 0.02925666 0.09401456 0.03509238 0.02287503 0.08839232 0.04238569 0.02558907 0.09391037 0.03794247 0.02176612 0.09382047 0.04035332 0.02185244 0.09419065 0.04006919 0.02577396 0.09430681 0.03751301 0.02558907 0.09391037 0.03794247 0.02185244 0.09419065 0.04006919 0.02052601 0.1011284 0.03122185 0.01865988 0.09418992 0.0415982 0.01445074 0.1011066 0.0343858 0.02953419 0.09436754 0.0345731 0.02400548 0.1009948 0.028681 0.03244228 0.09439666 0.03183236 0.02657967 0.1012117 0.02596042 0.02400548 0.1009948 0.028681 -6.293932e-05 0.08889193 -0.04436741 0.003444235 0.08910801 -0.04412927 7.424057e-06 0.08860289 -0.04376925 0.003382284 0.08884093 -0.04361964 -0.003688223 0.0883783 -0.04371159 -6.293932e-05 0.08889193 -0.04436741 -0.001869684 0.08878276 -0.04437881 -0.003738474 0.08866947 -0.04431351 0.0325923 0.1005176 -0.009150275 0.03335976 0.1012697 -0.008753454 0.03209729 0.1005176 -0.01094286 0.03232523 0.1010145 -0.01137664 0.03127626 0.1005164 -0.01294878 -0.03115326 0.1010145 0.01401421 -0.03090457 0.100528 0.01400766 -0.03228762 0.1011802 0.01177524 -0.03276932 0.1005142 0.008726916 -0.03325502 0.1012549 0.00904099 -0.02677096 0.1011825 0.02154305 -0.02488816 0.1005249 0.02315431 -0.02843096 0.1010145 0.01893468 -0.02855258 0.100521 0.01829743 -0.02855258 0.100521 0.01829743 -0.02990871 0.1012339 0.01687786 -0.03115326 0.1010145 0.01401421 -0.03090457 0.100528 0.01400766 -0.0338241 0.1004975 -0.002624981 -0.03354009 0.100522 -0.005121439 -0.03409506 0.1012874 -0.005413134 -0.03297587 0.1005428 -0.007962052 -0.03305902 0.1012059 -0.009334845 -0.06217699 0.05299802 -0.01921295 -0.06283156 0.05329499 -0.01931068 -0.06169839 0.05289553 -0.02322179 -0.06224078 0.05323948 -0.02356267 -0.06276897 0.0534334 -0.01757031 -0.06217699 0.05299802 -0.01921295 -0.06272129 0.05355762 -0.01605159 -0.06205903 0.05327846 -0.01600969 -0.06244757 0.05381894 -0.01434629 -0.06272129 0.05355762 -0.01605159 -0.06201363 0.05446647 -0.01151808 -0.06119046 0.05426637 -0.01176095 -0.009294982 0.05657018 -0.05014045 -0.01304292 0.05531682 -0.04993461 -0.009458464 0.05659964 -0.05082745 -0.01561418 0.05475963 -0.05046852 -0.01592277 0.05440321 -0.04981875 0.02300441 0.06276356 -0.0441434 0.02080627 0.06276964 -0.04523196 0.02111807 0.06288023 -0.04584683 0.02652602 0.06289404 -0.04294086 0.02615697 0.06277445 -0.04234469 0.02951515 0.06278247 -0.04007568 0.02652602 0.06289404 -0.04294086 0.0318643 0.0629335 -0.03928209 0.03110233 0.06278615 -0.03885581 0.04580658 0.06291524 -0.02133242 0.04521604 0.06278179 -0.02076233 0.04201097 0.06290591 -0.02797416 0.04209727 0.06278459 -0.0266316 0.04816619 0.06278396 -0.01303479 0.04580658 0.06291524 -0.02133242 0.04848837 0.0629006 -0.01400976 0.05013711 0.06290893 -0.006210609 0.04938344 0.06278649 -0.00619684 0.03940394 0.06290591 0.03154079 0.03516502 0.06290591 0.03620653 0.03589712 0.0627845 0.03445907 0.03855143 0.06278469 0.03147908 0.04030753 0.06290591 0.03037755 0.03978799 0.06278445 0.02990094 0.04232906 0.06278396 0.02616894 0.04030753 0.06290591 0.03037755 0.04462033 0.06290883 0.02363351 0.04442914 0.06278539 0.022387 0.04720152 0.06278121 0.01579799 0.04762514 0.06290591 0.01671338 -0.03110198 0.06278615 0.03885612 -0.02738471 0.06278619 0.04153246 -0.03153802 0.06290646 0.03940498 -0.0252158 0.06290591 0.04372226 -0.02212131 0.06278048 0.04461103 -0.02178087 0.06290591 0.04529893 -0.01671305 0.06290591 0.04762512 -0.01647219 0.06278908 0.04696584 0.05186393 0.06443843 -0.009821539 0.05242556 0.06434269 -0.005898215 0.05117735 0.06349604 -0.005283465 0.05015795 0.06347301 -0.01061823 0.05036643 0.06442577 -0.01609158 0.04954163 0.06347765 -0.01378506 0.04718881 0.06347251 -0.02039294 -0.03639872 0.101055 0.007968287 -0.03724333 0.1010406 0.002449885 -0.03972412 0.09829216 0.005646437 -0.0404314 0.09824386 0.00169479 -0.03714002 0.101111 0.0006629259 -0.01641936 0.08786178 -0.0486405 -0.02017976 0.08770368 -0.04790333 -0.02005231 0.08804417 -0.04765971 -0.01495348 0.08831376 -0.0485729 -0.01496998 0.08792312 -0.04881718 -0.01496998 0.08792312 -0.04881718 -0.01126894 0.08808128 -0.04915076 -0.01002658 0.08856823 -0.04892379 -0.009685625 0.08817603 -0.04914689 -0.003685442 0.08889208 -0.04876938 -0.005403277 0.08847172 -0.04906942 -0.009685625 0.08817603 -0.04914689 -0.04593102 0.08727145 -0.02760309 -0.04862032 0.08732006 -0.02190027 -0.04690041 0.08753458 -0.02531758 -0.04904847 0.08767875 -0.02014652 -0.04912105 0.08734134 -0.02067499 -0.05979924 0.07060932 -0.02887181 -0.06023259 0.07072373 -0.02846818 -0.06196294 0.06448021 -0.03012254 -0.06220463 0.06446282 -0.02970176 -0.06031914 0.07043253 -0.02823538 -0.05684388 0.06032526 0.006430156 -0.05849057 0.0604295 0.002148616 -0.05863679 0.05906398 0.002362815 -0.05932395 0.05951285 0.0001334431 -0.06009151 0.06042218 -0.003021702 -0.04607626 0.07033816 -0.05332596 -0.03858589 0.0704508 -0.05809799 -0.03996243 0.07025323 -0.05742106 -0.035777 0.07022176 -0.05941955 -0.03068884 0.07050569 -0.06139569 -0.06138566 0.06120744 -0.01249947 -0.06157859 0.06042816 -0.01498438 -0.06160457 0.06034775 -0.01217902 -0.06125911 0.06040323 -0.01776814 -0.06084331 0.06112767 -0.01848314 -0.06099455 0.06044379 -0.01881887 -0.06322862 0.05436222 -0.01311595 -0.06371664 0.05378221 -0.01679322 -0.06244757 0.05381894 -0.01434629 -0.06272129 0.05355762 -0.01605159 -0.06276897 0.0534334 -0.01757031 -0.06371664 0.05378221 -0.01679322 -0.06283156 0.05329499 -0.01931068 -0.06371254 0.05370319 -0.01975201 -0.06361026 0.05370735 -0.02125428 -0.06224078 0.05323948 -0.02356267 -0.05612817 0.07066869 -0.03621611 -0.05619523 0.07079597 -0.03575283 -0.05807265 0.06447706 -0.03757288 -0.05781947 0.06441448 -0.03678685 -0.05571854 0.07060598 -0.03520843 -0.0001168092 0.1010728 -0.0342915 -0.0002321256 0.1012508 -0.03437569 -0.004423664 0.1012511 -0.03409276 0.007577376 0.1012712 -0.03383218 -0.004114726 0.1010647 -0.03403814 -0.005911574 0.1010283 -0.03382152 -0.005911574 0.1010283 -0.03382152 -0.004423664 0.1012511 -0.03409276 -0.009418583 0.1012571 -0.03325488 -0.005522539 0.0855313 -0.04539133 -0.003738474 0.08866947 -0.04431351 -0.003688223 0.0883783 -0.04371159 -0.006748227 0.08295438 -0.04529697 -0.00672724 0.08338874 -0.04587764 0.03112193 0.1011849 0.01459567 0.03237503 0.1010145 0.01123447 0.03110918 0.1005154 0.01375286 0.03318322 0.1005202 0.007557468 0.03430282 0.1012706 0.004345324 0.03318322 0.1005202 0.007557468 0.0339168 0.1005177 9.549483e-05 0.03448008 0.1012738 -0.000404384 0.03232523 0.1010145 -0.01137664 0.03135262 0.1012844 -0.01458066 0.03127626 0.1005164 -0.01294878 0.02950317 0.1004973 -0.01685179 0.02874698 0.1012841 -0.01909023 0.0262804 0.1005211 -0.02142492 0.02508469 0.1012776 -0.02385164 0.0262804 0.1005211 -0.02142492 0.02358844 0.100514 -0.02436035 0.0190167 0.1005122 -0.02818456 0.02074158 0.1012809 -0.02760286 0.02074158 0.1012809 -0.02760286 0.01495708 0.1012725 -0.03114816 0.01304 0.1005128 -0.03129642 0.008358746 0.1004569 -0.03294269 0.01495708 0.1012725 -0.03114816 0.007577376 0.1012712 -0.03383218 -0.0001512662 0.1005266 -0.03402067 -0.0001168092 0.1010728 -0.0342915 -0.005911574 0.1010283 -0.03382152 -0.006105943 0.1005306 -0.03336342 -0.02540078 0.06347322 0.04471011 -0.02434875 0.06433388 0.0467137 -0.02607992 0.06442706 0.04611554 -0.02795889 0.06347325 0.04297566 -0.03214307 0.06346975 0.04016708 -0.03345211 0.06439731 0.04104618 -0.03787681 0.06444001 0.03714626 -0.03681233 0.06342607 0.0359073 -0.04170802 0.06392186 0.03173088 -0.04216031 0.06428508 0.03205653 -0.0409089 0.06335069 0.03115573 0.02657967 0.1012117 0.02596042 0.03244228 0.09439666 0.03183236 0.02952569 0.1010908 0.0228101 0.03544543 0.09443118 0.02838527 0.03816763 0.0943921 0.02467969 0.03136125 0.1010268 0.0203478 -0.0512368 0.06177714 0.01447472 -0.05305287 0.06192832 0.01336198 -0.0548972 0.06023322 0.007906888 -0.05448483 0.06151891 0.01090563 -0.05559801 0.0608698 0.008751207 -0.05684388 0.06032526 0.006430156 -0.05448483 0.06151891 0.01090563 -0.06707022 0.06510562 -0.02651583 -0.06394958 0.07031014 -0.02850803 -0.06459162 0.06497493 -0.03300359 -0.06510182 0.07018078 -0.02527518 -0.06767272 0.06765287 -0.01863448 -0.06866208 0.06499068 -0.01981897 -0.06767272 0.06765287 -0.01863448 -0.06659336 0.07023879 -0.01819241 -0.06897817 0.06494892 -0.01656309 -0.06767272 0.06765287 -0.01863448 -0.06660362 0.07045587 -0.01574181 0.049316 0.06478765 0.01952437 0.05021808 0.06465375 0.0172744 0.04960432 0.07368369 0.01410629 0.05078134 0.07362227 0.009115435 0.05194165 0.06462225 0.01079478 0.0339168 0.1005177 9.549483e-05 0.03448008 0.1012738 -0.000404384 0.03341291 0.1004926 -0.006369669 0.03414958 0.1012653 -0.004741753 0.03335976 0.1012697 -0.008753454 0.0325923 0.1005176 -0.009150275 -0.06009151 0.06042218 -0.003021702 -0.05876438 0.06133457 0.001050748 -0.06001854 0.06131675 -0.003222942 -0.06011289 0.06215251 -0.003506819 -0.05849057 0.0604295 0.002148616 -0.05682953 0.06093065 0.006176144 -0.05789223 0.06182747 0.003503026 -0.0588523 0.06244311 0.0008135366 -0.02984939 0.0005999763 -0.07960979 -0.02751223 0.0006237671 -0.09103885 -0.02867151 0.0005968076 -0.09103991 -0.02984514 -0.01560206 -0.09101419 -0.03032517 -0.0169062 -0.09076491 -0.03097801 -0.01554389 -0.0910302 -0.01243896 -0.0004764817 -0.05758845 -0.01270404 0.0006828617 -0.05715942 -0.0125132 -0.0005619389 -0.05664524 -0.01299481 0.000595757 -0.05813279 -0.01270404 0.0006828617 -0.05715942 -0.01243896 -0.0004764817 -0.05758845 -0.07350583 -0.01259718 -0.01328104 -0.07346666 -0.01573835 -0.01402565 -0.07328062 -0.01248379 -0.01320387 -0.07106037 -0.01837134 -0.01650378 -0.07050348 -0.01790567 -0.0165907 -0.0678687 -0.01839776 -0.01740682 -0.07350663 -0.01572267 -0.01461979 -0.07346666 -0.01573835 -0.01402565 -0.07350583 -0.01259718 -0.01328104 -0.07350361 -0.006938664 -0.01235405 -0.0734569 -0.01020024 -0.01417497 -0.07350583 -0.01259718 -0.01328104 -0.07287051 -0.01705203 -0.01429796 -0.073035 -0.01706866 -0.01483053 -0.07179551 -0.01819037 -0.01447081 -0.05628408 -0.004290569 -0.01173421 -0.05388318 -0.003308691 -0.01980206 -0.05387164 -0.002588254 -0.01982772 -0.0532671 -0.01175502 -0.02140383 -0.05362172 -0.008166327 -0.02050673 -0.05619015 -0.009084571 -0.0126111 -0.05441593 -0.01845096 -0.0187153 -0.0520313 -0.01834863 -0.02442029 -0.05230295 -0.01723841 -0.02364565 -0.05611806 0.0006018493 -0.01206427 -0.05733883 0.0005964621 -0.003718045 -0.05725181 0.0005056639 -0.004172075 -0.05285162 -0.01777084 -0.0237725 -0.05344364 -0.01442648 -0.02222619 -0.05335016 -0.01451709 -0.02205018 -0.07050348 -0.01790567 -0.0165907 -0.06890013 -0.01786008 -0.01703605 -0.06262839 -0.01787495 -0.01895095 -0.05539455 -0.01785702 -0.02224129 -0.05795918 -0.01791764 -0.02073129 -0.06262839 -0.01787495 -0.01895095 -0.07295584 0.00010553 -0.01314492 -0.07303067 9.014441e-05 -0.01345202 -0.07302615 -0.0007986698 -0.01342481 -0.07302755 -0.006027426 -0.01380947 -0.07302889 -0.003933656 -0.01336282 -0.07302615 -0.0007986698 -0.01342481 -0.0730149 -0.008019024 -0.01389972 -0.0730072 -0.009361409 -0.01429901 -0.07303374 -0.0103656 -0.01447608 -0.06576658 1.635148e-05 -0.01511552 -0.07303067 9.014441e-05 -0.01345202 -0.07295584 0.00010553 -0.01314492 -0.05335016 -0.01451709 -0.02205018 -0.05344364 -0.01442648 -0.02222619 -0.05373963 -0.01267695 -0.02139527 -0.05373963 -0.01267695 -0.02139527 -0.05404905 -0.008791651 -0.02072118 -0.05402469 -0.008741397 -0.02040656 -0.0543155 -0.002515451 -0.01958362 -0.05436696 -0.004125677 -0.01990971 -0.05441697 9.133578e-05 -0.01957583 -0.05723196 0.004487943 0.002140035 -0.05611463 0.002716548 0.005303251 -0.05646589 0.01178466 0.004821111 -0.002207089 0.05705087 -0.05064747 -0.003063464 0.05862235 -0.05039608 -0.001928476 0.05906617 -0.05034653 0.04720152 0.06278121 0.01579799 0.04694881 0.06278611 0.01644798 0.04909863 0.04762739 0.01720183 -0.1282203 0.004264599 -0.04147832 -0.1279372 0.005978934 -0.04147832 -0.1312587 0.006419193 -0.0575791 -0.02818171 0.007653933 -0.1125886 -0.02813096 0.007158326 -0.112623 -0.02797054 0.007178935 -0.12295 -0.02800713 0.005949174 -0.1127069 -0.02773657 0.003307616 -0.1128885 -0.02751599 0.0007791189 -0.1193841 -0.0825691 0.04746125 -0.04866002 -0.08249415 0.04841394 -0.05342505 -0.08242094 0.04937854 -0.05868192 -0.02763259 0.0007058529 -0.1130681 -0.02814865 0.0006498226 -0.1011177 -0.02786469 -4.824194e-09 -0.1065264 -0.02750582 0.000799995 -0.12295 -0.0275 -4.808253e-09 -0.12295 -0.0825 -7.21238e-09 -0.12295 -0.04002904 -0.01788661 -0.04159837 -0.03967757 -0.01657629 -0.04147832 -0.04058276 -0.01808962 -0.04057366 -0.04333585 -0.02396193 -0.04145498 -0.04279294 -0.02292841 -0.04147832 -0.04151896 -0.01967368 -0.03971123 -0.07566617 0.0002902909 -0.01309115 -0.06960539 0.0006488374 -0.0141524 -0.07991166 0.0006989093 -0.01271216 -0.02770509 0.0005329927 -0.1103597 -0.02771902 0.001383977 -0.1097957 -0.02774164 0.0006472798 -0.1082954 -0.02895266 0.01182595 -0.1120409 -0.03133524 0.01981653 -0.1101781 -0.02926931 0.01257767 -0.1014352 -0.02771902 0.001383977 -0.1097957 -0.02771521 0.002783033 -0.1124556 -0.02800713 0.005949174 -0.1127069 -0.02766091 0.001445337 -0.1127751 -0.02770509 0.0005329927 -0.1103597 -0.02763259 0.0007058529 -0.1130681 -0.02774698 0.0006499951 -0.1043658 -0.02774164 0.0006472798 -0.1082954 -0.02787682 0.00408873 -0.1091529 -0.02713229 0.0062723 -0.0853225 -0.02694837 0.0006555154 -0.08615488 -0.02701117 0.0006499951 -0.08689057 -0.02713229 0.0062723 -0.0853225 -0.02701117 0.0006499951 -0.08689057 -0.0277094 0.007376723 -0.08901262 -0.02850581 -4.852219e-09 -0.12195 -0.02850581 0.0009999952 -0.1189735 -0.02850581 -0.001000005 -0.1189735 0.054 0.001649998 2.360415e-09 0.054 0.004626506 -0.0009999976 0.054 0.004626506 0.001000002 -0.03939909 -0.01661667 -0.04175362 -0.04051448 -0.01832409 -0.04076773 -0.03796041 -0.01835681 -0.04309832 -0.03491149 -0.01834954 -0.04557622 -0.03939909 -0.01661667 -0.04175362 -0.03830442 -0.01421866 -0.04276012 -0.03325442 -0.01396142 -0.04690779 -0.03830442 -0.01421866 -0.04276012 -0.03724922 -0.01126319 -0.04367652 -0.03674453 -0.00940085 -0.04410867 -0.03019581 -0.01830453 -0.04883486 -0.02764147 -0.01392187 -0.05050758 -0.02631328 -0.01827182 -0.05102982 -0.03674453 -0.00940085 -0.04410867 -0.03165048 -0.009310327 -0.0480406 -0.03585545 -0.004583923 -0.04483201 -0.03165048 -0.009310327 -0.0480406 -0.03063622 -0.004414566 -0.04865797 -0.03568849 -0.002802036 -0.04496294 -0.03063622 -0.004414566 -0.04865797 -0.02596804 -0.009269088 -0.05144938 -0.02764147 -0.01392187 -0.05050758 -0.03063622 -0.004414566 -0.04865797 -0.03559737 0.0006020508 -0.04502874 -0.03021885 0.0006001882 -0.04872987 -0.02934449 0.0005998854 -0.04933156 -0.02165703 -0.01387737 -0.05348745 -0.02631328 -0.01827182 -0.05102982 -0.02377987 -0.01807661 -0.05221467 -0.02165703 -0.01387737 -0.05348745 -0.02211406 -0.01824276 -0.05298951 -0.01641784 -0.016055 -0.05519085 -0.01765044 -0.01807326 -0.05464767 -0.01557294 -0.01375978 -0.05554543 -0.01765044 -0.01807326 -0.05464767 -0.01723541 -0.01831506 -0.05484895 -0.02428518 0.0005853061 -0.05195349 -0.02934449 0.0005998854 -0.04933156 -0.02486633 -0.004389942 -0.05192996 -0.01874452 -0.004365318 -0.05450274 -0.02165703 -0.01387737 -0.05348745 -0.01377949 -0.006143566 -0.05605688 -0.01416573 -0.009461341 -0.05601354 -0.01352218 -0.004116801 -0.05605806 -0.01874452 -0.004365318 -0.05450274 -0.01491174 -0.013267 -0.05586138 -0.02486633 -0.004389942 -0.05192996 -0.01347555 -0.009731903 -0.05670802 -0.01811556 0.0005999195 -0.05429855 -0.01352218 -0.004116801 -0.05605806 -0.01343384 -0.0005712578 -0.05588743 -0.01343384 -0.0005712578 -0.05588743 -0.01291231 0.0006937264 -0.05604176 -0.01301806 -0.0005956431 -0.05605647 -0.01291231 0.0006937264 -0.05604176 -0.01301806 -0.0005956431 -0.05605647 -0.01265747 -0.00417443 -0.0566349 -0.0125132 -0.0005619389 -0.05664524 -0.01301806 -0.0005956431 -0.05605647 -0.01291231 0.0006937264 -0.05604176 -0.01291231 0.0006937264 -0.05604176 -0.01270404 0.0006828617 -0.05715942 -0.01243896 -0.0004764817 -0.05758845 -0.01308328 -0.004266783 -0.05831425 -0.01299481 0.000595757 -0.05813279 -0.01262919 -0.004146456 -0.0578053 -0.01278112 -0.006292516 -0.05738111 -0.01306272 -0.006169972 -0.05810866 -0.01308328 -0.004266783 -0.05831425 -0.01326769 -0.006280743 -0.0562396 -0.01375668 -0.009283174 -0.05812882 -0.01345032 -0.006821958 -0.05832297 -0.01352218 -0.004116801 -0.05605806 -0.01377949 -0.006143566 -0.05605688 -0.01416573 -0.009461341 -0.05601354 -0.01347555 -0.009731903 -0.05670802 -0.01278112 -0.006292516 -0.05738111 -0.01357913 -0.009824753 -0.05772848 -0.01375668 -0.009283174 -0.05812882 -0.01512325 -0.01426459 -0.05759768 -0.0147713 -0.01353412 -0.05751919 -0.0144814 -0.01346841 -0.05665455 -0.01595829 -0.01676006 -0.05679115 -0.01580371 -0.01667819 -0.05615257 -0.01606691 -0.01641042 -0.05549347 -0.01691912 -0.01838864 -0.05521335 -0.01670023 -0.01839912 -0.05598884 -0.01606691 -0.01641042 -0.05549347 -0.01641784 -0.016055 -0.05519085 -0.01557294 -0.01375978 -0.05554543 -0.01723541 -0.01831506 -0.05484895 -0.01606691 -0.01641042 -0.05549347 -0.01691912 -0.01838864 -0.05521335 -0.01556393 -0.001889064 -0.06012082 -0.01575182 -0.004359634 -0.06036422 -0.01902213 -0.004341871 -0.06387773 -0.01556393 -0.001889064 -0.06012082 -0.01299481 0.000595757 -0.05813279 -0.01554747 0.0005982843 -0.05983533 -0.01924541 0.0005982184 -0.06358291 -0.01554747 0.0005982843 -0.05983533 -0.02212728 0.0005970936 -0.06815774 -0.02164031 -0.004324109 -0.06791336 -0.02212728 0.0005970936 -0.06815774 -0.02366359 -0.004306345 -0.07227645 -0.02440862 0.0005971641 -0.0737669 -0.02212728 0.0005970936 -0.06815774 -0.02518902 -0.004288583 -0.07683328 -0.02622099 0.0006074792 -0.08114097 -0.02630741 -0.00427082 -0.08150373 -0.02622099 0.0006074792 -0.08114097 -0.02747078 -0.002304282 -0.09095584 -0.02792153 -0.006879456 -0.09110403 -0.02747078 -0.002304282 -0.09095584 -0.01958531 -0.009202954 -0.06426172 -0.02164031 -0.004324109 -0.06791336 -0.02209488 -0.009173287 -0.06829251 -0.02366359 -0.004306345 -0.07227645 -0.01607696 -0.00680869 -0.06053806 -0.02490823 -0.009132584 -0.07451241 -0.01575182 -0.004359634 -0.06036422 -0.02518902 -0.004288583 -0.07683328 -0.01308328 -0.004266783 -0.05831425 -0.01306272 -0.006169972 -0.05810866 -0.01345032 -0.006821958 -0.05832297 -0.01607696 -0.00680869 -0.06053806 -0.01375668 -0.009283174 -0.05812882 -0.01653841 -0.009232624 -0.06064012 -0.01958531 -0.009202954 -0.06426172 -0.02630741 -0.00427082 -0.08150373 -0.02684491 -0.009084282 -0.08165831 -0.02792153 -0.006879456 -0.09110403 -0.02809173 -0.008184871 -0.09096565 -0.01653841 -0.009232624 -0.06064012 -0.01963402 -0.01389436 -0.06269248 -0.01375668 -0.009283174 -0.05812882 -0.02209488 -0.009173287 -0.06829251 -0.01512325 -0.01426459 -0.05759768 -0.01680809 -0.01836083 -0.0564743 -0.02074172 -0.01843731 -0.06166289 -0.023108 -0.0183902 -0.06579469 -0.02304599 -0.01387711 -0.06846152 -0.02448016 -0.01839364 -0.06840956 -0.02502231 -0.01384922 -0.07274221 -0.02304599 -0.01387711 -0.06846152 -0.02650181 -0.01842766 -0.07275932 -0.02661209 -0.01382133 -0.07717685 -0.02502231 -0.01384922 -0.07274221 -0.02684491 -0.009084282 -0.08165831 -0.02802244 -0.01833392 -0.07716605 -0.02783998 -0.01379343 -0.08172168 -0.02661209 -0.01382133 -0.07717685 -0.02927906 -0.01837929 -0.08169808 -0.02925927 -0.01369406 -0.09105864 -0.02809173 -0.008184871 -0.09096565 -0.03055647 -0.01835933 -0.0886783 -0.02783998 -0.01379343 -0.08172168 -0.03008431 -0.01685287 -0.08943103 -0.03070222 -0.01796679 -0.08982833 -0.03032517 -0.0169062 -0.09076491 -0.02984514 -0.01560206 -0.09101419 -0.02925927 -0.01369406 -0.09105864 -0.02749376 -0.0009523934 -0.09115043 -0.02751223 0.0006237671 -0.09103885 -0.02622099 0.0006074792 -0.08114097 -0.02749376 -0.0009523934 -0.09115043 -0.02747078 -0.002304282 -0.09095584 -0.03008431 -0.01685287 -0.08943103 -0.03032517 -0.0169062 -0.09076491 -0.02984514 -0.01560206 -0.09101419 -0.03055647 -0.01835933 -0.0886783 -0.03070222 -0.01796679 -0.08982833 -0.03674453 -0.00940085 -0.04410867 -0.03674757 -0.009964022 -0.04454361 -0.03724922 -0.01126319 -0.04367652 -0.03571943 -0.004786973 -0.04533269 -0.03674453 -0.00940085 -0.04410867 -0.03585545 -0.004583923 -0.04483201 -0.02836594 -0.008150919 -0.09105936 -0.02792153 -0.006879456 -0.09110403 -0.02809173 -0.008184871 -0.09096565 -0.02836594 -0.008150919 -0.09105936 -0.02925927 -0.01369406 -0.09105864 -0.03188443 -0.01740116 -0.08945015 -0.03137816 -0.01599841 -0.09034649 -0.03103182 -0.01586745 -0.09053055 -0.03203772 -0.0179192 -0.08800777 -0.03217014 -0.01784655 -0.08846293 -0.03497913 -0.01791902 -0.06585874 -0.03203772 -0.0179192 -0.08800777 -0.03526198 -0.01784112 -0.0654409 -0.03851088 -0.01784373 -0.04944765 -0.03752624 -0.01792294 -0.0533067 -0.03832439 -0.01792361 -0.04939138 -0.039871 -0.01782808 -0.04291878 -0.04002904 -0.01788661 -0.04159837 -0.06006172 -0.007931152 -0.004094469 -0.0600048 -0.01192261 -0.004947482 -0.05968823 -0.01204542 -0.004576075 -0.05968823 -0.01204542 -0.004576075 -0.05968018 -0.01489644 -0.00553168 -0.05914766 -0.01497942 -0.005242903 -0.05914766 -0.01497942 -0.005242903 -0.0593225 -0.01833446 -0.006805832 -0.05878555 -0.01838895 -0.006509965 -0.05866159 -0.006751861 -0.003200399 -0.05860248 -0.01497188 -0.005190096 -0.05764083 -0.01480646 -0.005422992 -0.05793536 -0.01835228 -0.006523272 -0.05878555 -0.01838895 -0.006509965 -0.05860248 -0.01497188 -0.005190096 -0.05914766 -0.01497942 -0.005242903 -0.05759582 -0.01195024 -0.004757458 -0.05764083 -0.01480646 -0.005422992 -0.05718732 -0.01448239 -0.006441783 -0.05733157 -0.01164824 -0.005520688 -0.0595863 -0.004691361 -0.003147488 -0.06006172 -0.007931152 -0.004094469 -0.05761108 -0.007026971 -0.004014132 -0.05736408 -0.009039851 -0.00512269 -0.05733157 -0.01164824 -0.005520688 -0.05736408 -0.009039851 -0.00512269 -0.05738825 -0.00781239 -0.004873942 -0.05743279 -0.003875399 -0.003754845 -0.05737935 -0.003935703 -0.004332182 -0.05738825 -0.00781239 -0.004873942 -0.05619015 -0.009084571 -0.0126111 -0.05736408 -0.009039851 -0.00512269 -0.05667655 -0.01376007 -0.009932437 -0.05573989 -0.01378642 -0.01413531 -0.0532671 -0.01175502 -0.02140383 -0.05448283 -0.01381278 -0.01825099 -0.05299657 -0.01375812 -0.02206294 -0.05737935 -0.003935703 -0.004332182 -0.05725181 0.0005056639 -0.004172075 -0.05733883 0.0005964621 -0.003718045 -0.05829847 0.0005943742 -0.002752224 -0.05947679 0.0006263701 -0.002932276 -0.06002524 -0.004247825 -0.003592873 -0.06000493 0.0005999937 -0.003465426 -0.06186869 0.0005999937 -0.005686786 -0.06002524 -0.004247825 -0.003592873 -0.06344008 -0.00421424 -0.007637066 -0.06186869 0.0005999937 -0.005686786 -0.0630648 0.0005999936 -0.007112406 -0.06645744 0.0005880976 -0.009512527 -0.06533502 -0.004235861 -0.008950908 -0.06002524 -0.004247825 -0.003592873 -0.06344008 -0.00421424 -0.007637066 -0.0600048 -0.01192261 -0.004947482 -0.06219056 -0.009026141 -0.006981983 -0.0600048 -0.01192261 -0.004947482 -0.05968018 -0.01489644 -0.00553168 -0.06210101 -0.01849181 -0.009743041 -0.0593225 -0.01833446 -0.006805832 -0.06390013 -0.01374617 -0.009507564 -0.06562014 -0.01373334 -0.0106857 -0.06405675 -0.01842368 -0.01157151 -0.06210101 -0.01849181 -0.009743041 -0.06562014 -0.01373334 -0.0106857 -0.06550792 -0.009019881 -0.009609256 -0.06533502 -0.004235861 -0.008950908 -0.06920775 -0.004220901 -0.01090858 -0.06913076 0.0005999934 -0.01058855 -0.07348923 -0.001652685 -0.01198668 -0.07337555 0.000624923 -0.01205091 -0.06920775 -0.004220901 -0.01090858 -0.07326767 -0.007671316 -0.01235749 -0.06930716 -0.008996791 -0.01149182 -0.07348923 -0.001652685 -0.01198668 -0.07350361 -0.006938664 -0.01235405 -0.06930716 -0.008996791 -0.01149182 -0.07326831 -0.008968102 -0.01260474 -0.07350361 -0.006938664 -0.01235405 -0.07326831 -0.008968102 -0.01260474 -0.07350583 -0.01259718 -0.01328104 -0.07326831 -0.008968102 -0.01260474 -0.07328062 -0.01248379 -0.01320387 -0.06937145 -0.01370769 -0.01247067 -0.07326831 -0.008968102 -0.01260474 -0.07346666 -0.01573835 -0.01402565 -0.06405675 -0.01842368 -0.01157151 -0.07061642 -0.01828924 -0.01421512 -0.07346666 -0.01573835 -0.01402565 -0.07287051 -0.01705203 -0.01429796 -0.07179551 -0.01819037 -0.01447081 -0.07061642 -0.01828924 -0.01421512 -0.07287051 -0.01705203 -0.01429796 -0.07261612 -0.0166583 -0.01596601 -0.0718728 -0.01733952 -0.01623442 -0.07273351 -0.01759252 -0.01582097 -0.0718728 -0.01733952 -0.01623442 -0.07106037 -0.01837134 -0.01650378 -0.07050348 -0.01790567 -0.0165907 -0.07179551 -0.01819037 -0.01447081 -0.07050926 -0.01840075 -0.01495792 -0.07061642 -0.01828924 -0.01421512 -0.06405675 -0.01842368 -0.01157151 -0.07050926 -0.01840075 -0.01495792 -0.06284995 -0.01839652 -0.01886546 -0.0678687 -0.01839776 -0.01740682 -0.05270514 -0.0184107 -0.02348794 -0.07106037 -0.01837134 -0.01650378 -0.05441593 -0.01845096 -0.0187153 -0.05441593 -0.01845096 -0.0187153 -0.0520313 -0.01834863 -0.02442029 -0.06210101 -0.01849181 -0.009743041 -0.05613996 -0.0183943 -0.01338088 -0.05567215 -0.01832973 -0.01405508 -0.07180408 -0.01820189 -0.01527341 -0.07273351 -0.01759252 -0.01582097 -0.07179551 -0.01819037 -0.01447081 -0.07180408 -0.01820189 -0.01527341 -0.073035 -0.01706866 -0.01483053 -0.07350663 -0.01572267 -0.01461979 -0.07349591 -0.01589688 -0.0153326 -0.05721311 -0.01839778 -0.007634381 -0.05878555 -0.01838895 -0.006509965 -0.06210101 -0.01849181 -0.009743041 -0.0593225 -0.01833446 -0.006805832 -0.05793536 -0.01835228 -0.006523272 -0.05717913 -0.01833773 -0.007009929 -0.05717913 -0.01833773 -0.007009929 -0.05609361 -0.0183522 -0.01219523 -0.05690828 -0.01821562 -0.007720253 -0.05613996 -0.0183943 -0.01338088 -0.05567215 -0.01832973 -0.01405508 -0.05848661 0.05101296 -0.03565993 -0.05808767 0.05286399 -0.03232692 -0.05572358 0.05276849 -0.03578734 -0.05848661 0.05101296 -0.03565993 -0.05426653 0.05177876 -0.03936343 -0.05572358 0.05276849 -0.03578734 -0.05195662 0.05289095 -0.03952205 -0.05426653 0.05177876 -0.03936343 -0.05897703 0.05022214 -0.03774636 -0.05239276 0.05107115 -0.04270418 -0.05036671 0.05284889 -0.0407817 -0.04917553 0.05209523 -0.04295695 -0.04647424 0.05293308 -0.04329536 -0.04917553 0.05209523 -0.04295695 -0.04666566 0.0511729 -0.04615014 -0.04647424 0.05293308 -0.04329536 -0.06184617 0.04983054 -0.03196254 -0.059528 0.05167481 -0.03214356 -0.05848661 0.05101296 -0.03565993 -0.05808767 0.05286399 -0.03232692 -0.06438038 0.04799245 -0.03193034 -0.06230551 0.05032792 -0.02844347 -0.059528 0.05167481 -0.03214356 -0.05996171 0.05277159 -0.02887354 -0.05808767 0.05286399 -0.03232692 -0.05996171 0.05277159 -0.02887354 -0.06256396 0.05092735 -0.0249464 -0.06147479 0.0528958 -0.02404251 -0.06122697 0.05288398 -0.02507416 -0.05996171 0.05277159 -0.02887354 -0.06256396 0.05092735 -0.0249464 -0.06169839 0.05289553 -0.02322179 -0.06147479 0.0528958 -0.02404251 -0.06262808 0.05157138 -0.02160442 -0.06217699 0.05299802 -0.01921295 -0.06249674 0.0521671 -0.01853885 -0.06205903 0.05327846 -0.01600969 -0.06217699 0.05299802 -0.01921295 -0.06377372 0.04882573 -0.01788931 -0.06320789 0.04687641 -0.01368915 -0.06205903 0.05327846 -0.01600969 -0.06114182 0.05303726 -0.01066365 -0.06119046 0.05426637 -0.01176095 -0.0622346 0.04683914 -0.01130358 -0.06457329 0.04061088 -0.01466994 -0.0622346 0.04683914 -0.01130358 -0.06335144 0.04037307 -0.01228539 -0.06482749 0.04556372 -0.01775892 -0.0622346 0.04683914 -0.01130358 -0.06065804 0.04658543 -0.006405833 -0.06213089 0.0402215 -0.009785878 -0.06309916 0.03331574 -0.01074712 -0.06480926 0.03399453 -0.01328444 -0.06457329 0.04061088 -0.01466994 -0.06587017 0.04082629 -0.01709042 -0.06712984 0.03804266 -0.01765183 -0.06584841 0.04374411 -0.01915416 -0.06857341 0.03537189 -0.01810375 -0.06537656 0.04635762 -0.02175144 -0.06961332 0.03578424 -0.01931397 -0.06712984 0.03804266 -0.01765183 -0.06405407 0.04906324 -0.02171219 -0.06262808 0.05157138 -0.02160442 -0.06230551 0.05032792 -0.02844347 -0.06615158 0.0461497 -0.02520708 -0.07068302 0.03623534 -0.02054543 -0.06820522 0.03942904 -0.02004594 -0.06587017 0.04082629 -0.01709042 -0.07050531 0.04381834 -0.03021225 -0.06844023 0.04415159 -0.02683623 -0.07259074 0.0420344 -0.02902291 -0.07065018 0.04230677 -0.02692313 -0.06537656 0.04635762 -0.02175144 -0.06615158 0.0461497 -0.02520708 -0.06844023 0.04415159 -0.02683623 -0.07423576 0.04107842 -0.02835844 -0.07724249 0.03979092 -0.02805311 -0.07218027 0.03579181 -0.02213565 -0.07503867 0.03967094 -0.02692542 -0.07068302 0.03623534 -0.02054543 -0.06961332 0.03578424 -0.01931397 -0.07916629 0.03787132 -0.02636568 -0.08249977 0.03754942 -0.02633359 -0.08249984 0.03692782 -0.02578017 -0.07025432 0.03307917 -0.01851502 -0.07920697 0.03467618 -0.0235513 -0.06660479 0.03452322 -0.01584468 -0.06907254 0.02886798 -0.01617528 -0.07480247 0.02842634 -0.01873523 -0.06907254 0.02886798 -0.01617528 -0.08249991 0.0362455 -0.0251727 -0.08248539 0.03498047 -0.02404454 -0.08249984 0.03692782 -0.02578017 -0.08245723 0.03806955 -0.02703228 -0.08249977 0.03754942 -0.02633359 -0.07503867 0.03967094 -0.02692542 -0.07065018 0.04230677 -0.02692313 -0.07423576 0.04107842 -0.02835844 -0.07724249 0.03979092 -0.02805311 -0.08254223 0.04020453 -0.0294002 -0.08249906 0.03960978 -0.02860644 -0.08254223 0.04020453 -0.0294002 -0.07927956 0.04115384 -0.03039705 -0.07927956 0.04115384 -0.03039705 -0.08250552 0.04237783 -0.03250293 -0.08247181 0.04320057 -0.03403333 -0.07724787 0.04312574 -0.03337039 -0.08247181 0.04320057 -0.03403333 -0.08522106 0.04229161 -0.03255183 -0.08250552 0.04237783 -0.03250293 -0.0824792 0.04451967 -0.03694026 -0.08535703 0.04440482 -0.03687718 -0.0824792 0.04451967 -0.03694026 -0.07544352 0.0455713 -0.03914088 -0.08251111 0.04625537 -0.04302254 -0.08250047 0.04591822 -0.04147727 -0.07620884 0.04612923 -0.04163635 -0.06922056 0.04595479 -0.03759414 -0.07620884 0.04612923 -0.04163635 -0.06031653 0.04920565 -0.03873651 -0.05418562 0.05035861 -0.04359307 -0.05239276 0.05107115 -0.04270418 -0.06679524 0.04704244 -0.04082797 -0.04666566 0.0511729 -0.04615014 -0.06031653 0.04920565 -0.03873651 -0.07719932 0.04681246 -0.04510483 -0.08251111 0.04625537 -0.04302254 -0.0825691 0.04746125 -0.04866002 -0.07813419 0.04760059 -0.04904545 -0.05925097 0.04906423 -0.04191685 -0.05403608 0.04976578 -0.04546236 -0.04788442 0.04994367 -0.04879701 -0.05403608 0.04976578 -0.04546236 -0.05554526 0.04910936 -0.05002254 -0.05925097 0.04906423 -0.04191685 -0.0605173 0.04875251 -0.0529612 -0.05001698 0.04884885 -0.05272069 -0.06566501 0.04842168 -0.05032129 -0.05001698 0.04884885 -0.05272069 -0.07813419 0.04760059 -0.04904545 -0.03797594 0.04908099 -0.05261821 -0.04532438 0.04893005 -0.05268213 -0.06716859 0.04859552 -0.05262131 -0.06699935 0.04862576 -0.05312147 -0.0605173 0.04875251 -0.0529612 -0.06716859 0.04859552 -0.05262131 -0.07072307 0.04857402 -0.05319664 -0.07088014 0.0484052 -0.05226228 -0.0825691 0.04746125 -0.04866002 -0.08249415 0.04841394 -0.05342505 -0.0730055 0.04854638 -0.05330158 -0.07072307 0.04857402 -0.05319664 -0.0730055 0.04854638 -0.05330158 -0.0354308 0.04910713 -0.05232839 -0.04347247 0.05024939 -0.04925067 -0.04647424 0.05293308 -0.04329536 -0.03924211 0.05280689 -0.04624195 -0.03638004 0.05113007 -0.04926785 -0.03638004 0.05113007 -0.04926785 -0.0354308 0.04910713 -0.05232839 -0.03924211 0.05280689 -0.04624195 -0.03389696 0.05290999 -0.04775426 -0.03290216 0.05171925 -0.04915848 -0.03389696 0.05290999 -0.04775426 -0.03281792 0.0528946 -0.04812775 -0.02748936 0.04917307 -0.05232678 -0.03089562 0.04912201 -0.05239142 -0.02605754 0.04915096 -0.052319 -0.02523421 0.05017474 -0.05140613 -0.03281792 0.0528946 -0.04812775 -0.02587298 0.05303403 -0.04911235 -0.02191369 0.05086376 -0.05103609 -0.02201627 0.04923475 -0.05220187 -0.02201627 0.04923475 -0.05220187 -0.02605754 0.04915096 -0.052319 -0.02191369 0.05086376 -0.05103609 -0.01470978 0.04922806 -0.05210642 -0.02314701 0.05324132 -0.04942027 -0.01882574 0.05186383 -0.05064096 -0.01933693 0.05375278 -0.04966916 -0.01596826 0.05321649 -0.05028364 -0.01882574 0.05186383 -0.05064096 -0.01470978 0.04922806 -0.05210642 -0.01592277 0.05440321 -0.04981875 -0.01304292 0.05531682 -0.04993461 -0.01133936 0.04941902 -0.05196369 -0.01304292 0.05531682 -0.04993461 -0.007998289 0.05125682 -0.05141636 -0.005349522 0.0495387 -0.05186203 -0.009505534 0.04942043 -0.05196567 -0.01133936 0.04941902 -0.05196369 -0.0009640297 0.05370711 -0.0512343 -0.003063464 0.05862235 -0.05039608 -0.002207089 0.05705087 -0.05064747 -0.003458371 0.04950228 -0.05184405 -0.005349522 0.0495387 -0.05186203 -3.964044e-06 0.04955527 -0.05177921 -0.1224159 0.02269919 -0.04147832 -0.12225 0.02294818 -0.04147832 -0.1250906 0.02458969 -0.0575791 -0.12225 0.02294818 -0.04147832 -0.1211797 0.02199619 -0.03687719 -0.09811444 0.04317851 -0.04146211 -0.0943547 0.04424847 -0.04147832 -0.09522858 0.04750366 -0.05757909 -0.0884766 0.0455946 -0.04148615 -0.09522858 0.04750366 -0.05757909 -0.08250047 0.04591822 -0.04147727 -0.08251111 0.04625537 -0.04302254 -0.0825691 0.04746125 -0.04866002 -0.08250047 0.04591822 -0.04147727 -0.0824792 0.04451967 -0.03694026 -0.09158444 0.04355944 -0.03687718 -0.08522106 0.04229161 -0.03255183 -0.09091254 0.04032806 -0.03048156 -0.08504372 0.03953534 -0.02860665 -0.09158444 0.04355944 -0.03687718 -0.0943547 0.04424847 -0.04147832 -0.09811444 0.04317851 -0.04146211 -0.09763065 0.04184514 -0.03687718 -0.09763065 0.04184514 -0.03687718 -0.09091254 0.04032806 -0.03048156 -0.09691058 0.03985373 -0.03255183 -0.09569225 0.03648356 -0.02743854 -0.0899064 0.03551332 -0.02513686 -0.08912495 0.03176278 -0.02222987 -0.08250552 0.04237783 -0.03250293 -0.08254223 0.04020453 -0.0294002 -0.08504372 0.03953534 -0.02860665 -0.08249906 0.03960978 -0.02860644 -0.08245723 0.03806955 -0.02703228 -0.08249906 0.03960978 -0.02860644 -0.08249977 0.03754942 -0.02633359 -0.08482929 0.03620256 -0.02513686 -0.08249984 0.03692782 -0.02578017 -0.08249991 0.0362455 -0.0251727 -0.08482929 0.03620256 -0.02513686 -0.08248539 0.03498047 -0.02404454 -0.08249991 0.0362455 -0.0251727 -0.0899064 0.03551332 -0.02513686 -0.08912495 0.03176278 -0.02222987 -0.08797426 0.03191331 -0.02222619 -0.08458294 0.03237369 -0.02222619 -0.08458294 0.03237369 -0.02222619 -0.08250006 0.03355036 -0.02302076 -0.08248539 0.03498047 -0.02404454 -0.08245564 0.03014247 -0.02083909 -0.08250006 0.03355036 -0.02302076 -0.08797426 0.03191331 -0.02222619 -0.08249998 0.02870787 -0.02001358 -0.08249998 0.02870787 -0.02001358 -0.08697433 0.0260943 -0.018857 -0.09131993 0.0249628 -0.018857 -0.0825022 0.02394862 -0.01768759 -0.08249998 0.02870787 -0.02001358 -0.07909879 0.02760459 -0.01924234 -0.09353112 0.03050752 -0.02222619 -0.08245564 0.03014247 -0.02083909 -0.09741119 0.02207407 -0.01884819 -0.0977191 0.02864915 -0.02222619 -0.0803539 0.03198811 -0.02184383 -0.08250006 0.03355036 -0.02302076 -0.08245564 0.03014247 -0.02083909 -0.08250006 0.03355036 -0.02302076 -0.08248539 0.03498047 -0.02404454 -0.0825022 0.02394862 -0.01768759 -0.07709099 0.02264608 -0.01680393 -0.0825022 0.02394862 -0.01768759 -0.08250094 0.02016214 -0.01622976 -0.08249988 0.01912014 -0.01582803 -0.08248565 0.01524309 -0.01471544 -0.07421795 0.01717891 -0.01466455 -0.0704107 0.02600162 -0.01605843 -0.0704107 0.02600162 -0.01605843 -0.06772867 0.0282402 -0.01505276 -0.06556462 0.03080659 -0.01367817 -0.06772867 0.0282402 -0.01505276 -0.06644058 0.02764613 -0.0138781 -0.06753766 0.02425485 -0.01398412 -0.06772867 0.0282402 -0.01505276 -0.06644058 0.02764613 -0.0138781 -0.06522303 0.02707645 -0.01263335 -0.06556462 0.03080659 -0.01367817 -0.06358347 0.02992674 -0.0110939 -0.06309916 0.03331574 -0.01074712 -0.06522303 0.02707645 -0.01263335 -0.06400122 0.02649233 -0.01140339 -0.06522303 0.02707645 -0.01263335 -0.06731581 0.01962529 -0.01284932 -0.06450991 0.02315332 -0.01129348 -0.06211944 0.02541441 -0.008403002 -0.06358347 0.02992674 -0.0110939 -0.06174117 0.03167276 -0.008083703 -0.06213089 0.0402215 -0.009785878 -0.05938655 0.03851907 -0.001546023 -0.06047176 0.03182069 -0.004995829 -0.05909506 0.04580668 -0.001056361 -0.06045104 0.02416533 -0.005344685 -0.06211944 0.02541441 -0.008403002 -0.05995148 0.05326451 -0.005801378 -0.05943526 0.05616366 -0.005566627 -0.05823079 0.05746169 -0.00143961 -0.06114182 0.05303726 -0.01066365 -0.05943526 0.05616366 -0.005566627 -0.0608837 0.05461455 -0.01050409 -0.0608837 0.05461455 -0.01050409 -0.06119046 0.05426637 -0.01176095 -0.06450991 0.02315332 -0.01129348 -0.06253004 0.01803479 -0.008314075 -0.0651656 0.01338202 -0.01028237 -0.06049436 0.0164657 -0.005049112 -0.05922894 0.02305363 -0.00197423 -0.0594187 0.03093085 -0.00190681 -0.05744701 0.02891014 0.004311864 -0.05754994 0.03689463 0.004385159 -0.05556402 0.03462502 0.009997109 -0.05507115 0.04267427 0.0103194 -0.07071006 0.0113285 -0.01235772 -0.07631135 0.01097102 -0.01337396 -0.08250243 0.00928102 -0.01341003 -0.06690896 0.005059903 -0.009889657 -0.07210834 0.0007175409 -0.01170551 -0.08249964 0.007761132 -0.01324876 -0.08250149 0.004037173 -0.01283642 -0.07991166 0.0006989093 -0.01271216 -0.08230698 0.0008687754 -0.01268972 -0.0716324 0.006075353 -0.01180714 -0.07071006 0.0113285 -0.01235772 -0.07210834 0.0007175409 -0.01170551 -0.06724875 0.0006992788 -0.009903288 -0.06495783 0.003728628 -0.008693576 -0.06724875 0.0006992788 -0.009903288 -0.06500579 0.0006565735 -0.008673487 -0.06293479 0.01037536 -0.007784263 -0.06253004 0.01803479 -0.008314075 -0.06324637 0.00245017 -0.007303653 -0.06293479 0.01037536 -0.007784263 -0.06187769 0.000640882 -0.005937157 -0.06495783 0.003728628 -0.008693576 -0.06048157 0.008376226 -0.00453213 -0.06187769 0.000640882 -0.005937157 -0.05988138 0.0006582745 -0.003300981 -0.06048157 0.008376226 -0.00453213 -0.06048157 0.008376226 -0.00453213 -0.05863646 0.006392893 -0.001168452 -0.05988138 0.0006582745 -0.003300981 -0.05825932 0.0006408658 -0.0005697003 -0.05723196 0.004487943 0.002140035 -0.05759161 0.01330132 0.001631726 -0.05646589 0.01178466 0.004821111 -0.05703206 0.02053251 0.004452679 -0.05496583 0.01812094 0.01049924 -0.05920607 0.01398988 -0.002735985 -0.05863646 0.006392893 -0.001168452 -0.05759161 0.01330132 0.001631726 -0.05922894 0.02305363 -0.00197423 -0.05744701 0.02891014 0.004311864 -0.05297039 0.02462176 0.01607158 -0.05073393 0.04019414 0.01937956 -0.05039739 0.02260594 0.02156897 -0.05439326 0.0499783 0.01044411 -0.05337804 0.05686713 0.01063113 -0.05061403 0.0546749 0.01610796 -0.05056697 0.06163788 0.01409538 -0.04999766 0.06183474 0.01496495 -0.0534312 0.06071645 0.009307351 -0.05337804 0.05686713 0.01063113 -0.05061403 0.0546749 0.01610796 -0.04929901 0.06119306 0.01632492 -0.04528685 0.06258591 0.02209887 -0.04911288 0.06200382 0.0163586 -0.04911288 0.06200382 0.0163586 -0.04999766 0.06183474 0.01496495 -0.0534312 0.06071645 0.009307351 -0.05572967 0.058442 0.005159772 -0.0534312 0.06071645 0.009307351 -0.05549744 0.05948243 0.00519882 -0.05669122 0.05165948 0.004876851 -0.05507115 0.04267427 0.0103194 -0.04528685 0.06258591 0.02209887 -0.04632597 0.05837809 0.02179775 -0.04528685 0.06258591 0.02209887 -0.04334011 0.06263722 0.02485173 -0.04448228 0.04863787 0.02699822 -0.04649834 0.0352422 0.02663499 -0.04189234 0.06093203 0.02762116 -0.04334011 0.06263722 0.02485173 -0.03957365 0.06275964 0.03019391 -0.04191127 0.04340457 0.03168244 -0.04159015 0.04550318 0.03176733 -0.04346437 0.03246921 0.03147006 -0.04448228 0.04863787 0.02699822 -0.03993249 0.05881785 0.03079168 -0.03957365 0.06275964 0.03019391 -0.04649834 0.0352422 0.02663499 -0.04351148 0.03201321 0.03139027 -0.04706924 0.02806845 0.02670409 -0.04432534 0.02590049 0.0311041 -0.04529305 0.01631744 0.03063006 -0.04432534 0.02590049 0.0311041 -0.04750678 0.02068259 0.026785 -0.04594056 0.007665611 0.03012414 -0.04750678 0.02068259 0.026785 -0.04807309 0.005011568 0.02666768 -0.04614574 0.0006798059 0.03002107 -0.04807309 0.005011568 0.02666768 -0.04816483 0.0006569857 0.02657233 -0.05056126 0.0006499867 0.02165414 -0.05058109 0.005700952 0.02154604 -0.05369035 0.007816502 0.01361773 -0.05297039 0.02462176 0.01607158 -0.054506 0.009096311 0.0107914 -0.05297039 0.02462176 0.01607158 -0.05496583 0.01812094 0.01049924 -0.05646589 0.01178466 0.004821111 -0.05476171 0.0006499939 0.009654401 -0.05611463 0.002716548 0.005303251 -0.05825932 0.0006408658 -0.0005697003 -0.05723196 0.004487943 0.002140035 -0.05430894 0.0006502641 0.01112088 -0.05476171 0.0006499939 0.009654401 -0.054506 0.009096311 0.0107914 -0.05189945 0.0006497311 0.01829329 -0.05058109 0.005700952 0.02154604 -0.05056126 0.0006499867 0.02165414 -0.04529305 0.01631744 0.03063006 -0.04614574 0.0006798059 0.03002107 -0.04432534 0.02590049 0.0311041 -0.04080076 0.01634652 0.03639314 -0.04104459 0.0006499945 0.03661064 -0.04080076 0.01634652 0.03639314 -0.03596204 0.0006499948 0.04161404 -0.04351148 0.03201321 0.03139027 -0.04432534 0.02590049 0.0311041 -0.03775515 0.03201519 0.03861323 -0.03027478 0.000649995 0.04591769 -0.04346437 0.03246921 0.03147006 -0.04351148 0.03201321 0.03139027 -0.04191127 0.04340457 0.03168244 -0.03882432 0.04762739 0.03463022 -0.04159015 0.04550318 0.03176733 -0.04191127 0.04340457 0.03168244 -0.0340167 0.04762739 0.03936296 -0.03993249 0.05881785 0.03079168 -0.03882432 0.04762739 0.03463022 -0.03702451 0.06276944 0.03302385 -0.03957365 0.06275964 0.03019391 -0.03702451 0.06276944 0.03302385 -0.03469693 0.06277344 0.03557089 -0.03268377 0.06278273 0.03753608 -0.03110198 0.06278615 0.03885612 -0.0340167 0.04762739 0.03936296 -0.02805482 0.06278615 0.0411103 -0.02863709 0.04762739 0.04343382 -0.02805482 0.06278615 0.0411103 -0.02738471 0.06278619 0.04153246 -0.02805482 0.06278615 0.0411103 -0.02863709 0.04762739 0.04343382 -0.02212131 0.06278048 0.04461103 -0.02277593 0.04762739 0.04677432 -0.01647219 0.06278908 0.04696584 -0.02729997 0.02238492 0.04742788 -0.02407843 0.0006499953 0.04944922 -0.02277593 0.04762739 0.04677432 -0.0174772 0.0006499955 0.05214925 -0.01656296 0.03816197 0.05080277 -0.01058207 0.0006499958 0.05397237 -0.01204255 0.06278614 0.0482919 -0.01647219 0.06278908 0.04696584 -0.01169866 0.03729524 0.05231672 -0.007531157 0.06278341 0.04919808 -0.003509018 0.0006499962 0.05488792 -0.007531157 0.06278341 0.04919808 -0.003169379 0.06277593 0.04976756 0.0005925691 0.02471969 0.05454824 0.003623046 0.0006499965 0.05488051 -0.0033192 0.04762739 0.05191879 0.01069419 0.0006499967 0.05395027 0.003427061 0.04762739 0.05191179 -0.0033192 0.04762739 0.05191879 0.005998128 0.06278613 0.04940802 0.01841304 0.02648121 0.05152975 0.01758551 0.000649997 0.05211282 0.02418112 0.0006499974 0.04939908 0.01011568 0.04762739 0.05103186 0.03037011 0.0006499976 0.04585469 0.003427061 0.04762739 0.05191179 0.009696779 0.06278432 0.04889223 0.01663423 0.04762739 0.04929382 0.01011568 0.04762739 0.05103186 0.01590214 0.0627896 0.04712481 0.02287306 0.04762739 0.04672688 0.01663423 0.04762739 0.04929382 0.02136704 0.06278516 0.04499502 0.0231282 0.06278612 0.04407057 0.02136704 0.06278516 0.04499502 0.02993372 0.06278963 0.03996942 0.0231282 0.06278612 0.04407057 0.03284833 0.03230603 0.04302008 0.03604843 0.0006499978 0.04153923 0.03589712 0.0627845 0.03445907 0.04112057 0.0006499981 0.03652527 0.03855143 0.06278469 0.03147908 0.03899599 0.0432358 0.03543871 0.04396825 0.01635215 0.0327742 0.04550125 0.0006499983 0.03089713 0.04911683 0.0006499984 0.02474944 0.03978799 0.06278445 0.02990094 0.03855143 0.06278469 0.03147908 0.0430399 0.04762739 0.02922577 0.04882505 0.01634652 0.0246024 0.05190647 0.0006499985 0.01818558 0.05159812 0.01634652 0.01807755 0.05382328 0.0006499986 0.0113159 0.05350355 0.01634652 0.01124869 0.05483506 0.0006499987 0.004255976 0.0545093 0.01634652 0.004230684 0.05497112 0.004626506 0.001000002 0.05459846 0.01634652 -0.002858449 0.05497112 0.004626506 -0.0009999976 0.04712302 0.03201377 0.02603511 0.04882505 0.01634652 0.0246024 0.05159812 0.01634652 0.01807755 0.04645987 0.04762739 0.02341063 0.0506616 0.03201506 0.01774944 0.05350355 0.01634652 0.01124869 0.05253245 0.03201506 0.01104452 0.0545093 0.01634652 0.004230684 0.05351995 0.03201506 0.004153902 0.05360749 0.03201506 -0.002806578 0.05376953 0.01634652 -0.009899527 0.0506616 0.03201506 0.01774944 0.04578763 0.06278612 0.01950954 0.04442914 0.06278539 0.022387 0.04694881 0.06278611 0.01644798 0.04645987 0.04762739 0.02341063 0.04909863 0.04762739 0.01720183 0.05253245 0.03201506 0.01104452 0.05091174 0.04762739 0.01070378 0.05351995 0.03201506 0.004153902 0.05186878 0.04762739 0.004025751 0.04442914 0.06278539 0.022387 0.04232906 0.06278396 0.02616894 0.0430399 0.04762739 0.02922577 0.03978799 0.06278445 0.02990094 0.04969374 0.0627794 0.00386432 0.04875956 0.06278388 0.01023889 0.05091174 0.04762739 0.01070378 0.05195364 0.04762739 -0.002719984 0.04909863 0.04762739 0.01720183 0.04875956 0.06278388 0.01023889 0.04720152 0.06278121 0.01579799 0.05211122 0.03287827 -0.01329647 0.05203643 0.01634652 -0.01677414 0.05116485 0.04762739 -0.00941998 0.04942834 0.01634652 -0.02336669 0.04837264 0.06278532 -0.01191579 0.04938344 0.06278649 -0.00619684 0.05116485 0.04762739 -0.00941998 0.04738844 0.06278453 -0.01527756 0.04951571 0.04762739 -0.01596157 0.05195364 0.04762739 -0.002719984 0.04938344 0.06278649 -0.00619684 0.04970515 0.06278335 -0.002599862 0.04521604 0.06278179 -0.02076233 0.04738844 0.06278453 -0.01527756 0.04598908 0.01634652 -0.02956632 0.04322771 0.03296718 -0.03188274 0.03839705 0.01634374 -0.03974982 0.0437613 0.04762739 -0.02813408 0.04209727 0.06278459 -0.0266316 0.03975279 0.04762739 -0.03356031 0.0437613 0.04762739 -0.02813408 0.03978959 0.06278615 -0.02989845 0.03855434 0.06278593 -0.03147513 0.03589482 0.06278252 -0.03447809 0.03975279 0.04762739 -0.03356031 0.03507581 0.04762739 -0.03842219 0.03110233 0.06278615 -0.03885581 0.02951515 0.06278247 -0.04007568 0.02980902 0.04762739 -0.04263801 0.02980902 0.04762739 -0.04263801 0.02615697 0.06277445 -0.04234469 0.02469743 0.03802383 -0.04739942 0.02300441 0.06276356 -0.0441434 0.02080627 0.06276964 -0.04523196 0.02300441 0.06276356 -0.0441434 0.01786869 0.04762739 -0.04885988 0.01708518 0.06270617 -0.046718 0.01523751 0.06265932 -0.04740349 0.01786869 0.04762739 -0.04885988 0.01382514 0.06254083 -0.04781701 0.01142225 0.06235007 -0.0485243 0.01139593 0.04762739 -0.05076131 0.007216872 0.06166524 -0.04944423 0.004567918 0.06103913 -0.04982504 0.01139593 0.04762739 -0.05076131 0.004731539 0.04762739 -0.05180918 -0.0009640297 0.05370711 -0.0512343 -3.964044e-06 0.04955527 -0.05177921 -0.0009640297 0.05370711 -0.0512343 1.773192e-07 0.05970245 -0.0502814 -0.0009640297 0.05370711 -0.0512343 -0.001928476 0.05906617 -0.05034653 1.773192e-07 0.05970245 -0.0502814 -0.002207089 0.05705087 -0.05064747 -0.001928476 0.05906617 -0.05034653 0.01518644 0.0235148 -0.05243448 0.00488216 0.03201506 -0.05345844 0.004731539 0.04762739 -0.05180918 -3.487692e-06 0.04762042 -0.05203053 -3.964044e-06 0.04955527 -0.05177921 1.881161e-07 0.03006244 -0.0538757 -4.562783e-05 0.02573583 -0.05413696 -2.305981e-05 0.01844723 -0.05453335 0.004972416 0.01634652 -0.05444665 -2.305981e-05 0.01844723 -0.05453335 -6.312256e-05 0.01634611 -0.05469402 -1.223383e-05 0.004921741 -0.05497023 0.004972416 0.01634652 -0.05444665 1.20062e-05 0.0006499582 -0.05500085 0.005002125 0.0006499965 -0.05477202 -1.223383e-05 0.004921741 -0.05497023 0.01204764 0.0006499969 -0.05366424 0.01889057 0.0006499971 -0.05165407 0.02541584 0.0006499974 -0.04877531 0.03151374 0.0006499977 -0.04507638 0.03708171 0.0006499978 -0.04061948 0.04202616 0.0006499981 -0.03547954 0.04598908 0.01634652 -0.02956632 0.04626391 0.0006499983 -0.029743 0.04942834 0.01634652 -0.02336669 0.04972372 0.0006499985 -0.02350633 0.05203643 0.01634652 -0.01677414 0.05234741 0.0006499985 -0.01687438 0.05376953 0.01634652 -0.009899527 0.05409085 0.0006499986 -0.009958684 0.05459846 0.01634652 -0.002858449 0.05492475 0.0006499987 -0.00287554 0.05497112 0.004626506 -0.0009999976 0.05499902 0.001649998 2.404084e-09 -3.487692e-06 0.04762042 -0.05203053 -0.001495495 0.03119198 -0.05379144 -0.001318448 0.04436635 -0.05251163 -0.002039649 0.04721019 -0.05209203 -0.004827841 0.04252351 -0.05315878 -0.002039649 0.04721019 -0.05209203 -3.964044e-06 0.04955527 -0.05177921 -0.003458371 0.04950228 -0.05184405 -0.005419019 0.04847272 -0.05213648 -0.00848001 0.04385895 -0.05358576 -0.005349522 0.0495387 -0.05186203 -0.005419019 0.04847272 -0.05213648 -0.008939947 0.04664641 -0.05288653 -0.005419019 0.04847272 -0.05213648 -0.009505534 0.04942043 -0.05196567 -0.005349522 0.0495387 -0.05186203 -0.01133936 0.04941902 -0.05196369 -0.009505534 0.04942043 -0.05196567 -0.01470978 0.04922806 -0.05210642 -0.01479398 0.04103078 -0.05564578 -0.02042991 0.03893522 -0.05811545 -0.02605754 0.04915096 -0.052319 -0.02201627 0.04923475 -0.05220187 -0.02748936 0.04917307 -0.05232678 -0.02960805 0.04811667 -0.05359939 -0.03089562 0.04912201 -0.05239142 -0.02748936 0.04917307 -0.05232678 -0.02943106 0.04415532 -0.05782821 -0.03103917 0.04600388 -0.05654289 -0.03089562 0.04912201 -0.05239142 -0.0354308 0.04910713 -0.05232839 -0.02766793 0.04181152 -0.05928517 -0.0343562 0.04308274 -0.06121864 -0.03103917 0.04600388 -0.05654289 -0.02943106 0.04415532 -0.05782821 -0.03617149 0.04471469 -0.05973935 -0.02533618 0.03755467 -0.06110501 -0.02947998 0.03671832 -0.06445029 -0.03416319 0.03609715 -0.0692184 -0.03811357 0.04605418 -0.05823117 -0.0354308 0.04910713 -0.05232839 -0.04632607 0.0449146 -0.06502397 -0.0354308 0.04910713 -0.05232839 -0.03797594 0.04908099 -0.05261821 -0.04222419 0.04800839 -0.05496111 -0.04265821 0.04528925 -0.06169387 -0.0473529 0.04721601 -0.05836483 -0.04265821 0.04528925 -0.06169387 -0.05001698 0.04884885 -0.05272069 -0.04532438 0.04893005 -0.05268213 -0.05234792 0.04840763 -0.05482731 -0.0473529 0.04721601 -0.05836483 -0.04222419 0.04800839 -0.05496111 -0.04532438 0.04893005 -0.05268213 -0.05151156 0.04691635 -0.06174415 -0.0570525 0.04813213 -0.05807515 -0.0606974 0.04829312 -0.06116047 -0.0605173 0.04875251 -0.0529612 -0.05001698 0.04884885 -0.05272069 -0.06695779 0.0488006 -0.05737866 -0.06285252 0.04864148 -0.05437118 -0.0570525 0.04813213 -0.05807515 -0.06695779 0.0488006 -0.05737866 -0.06699935 0.04862576 -0.05312147 -0.07072307 0.04857402 -0.05319664 -0.06285252 0.04864148 -0.05437118 -0.0605173 0.04875251 -0.0529612 -0.0730055 0.04854638 -0.05330158 -0.08249415 0.04841394 -0.05342505 -0.07662622 0.04906525 -0.05682147 -0.08242094 0.04937854 -0.05868192 -0.08249415 0.04841394 -0.05342505 -0.08168857 0.04972501 -0.06073402 -0.07868136 0.0496181 -0.06033193 -0.07662622 0.04906525 -0.05682147 -0.06990827 0.04924846 -0.06044719 -0.06038292 0.04829846 -0.064214 -0.05151156 0.04691635 -0.06174415 -0.07183383 0.04974452 -0.06379747 -0.07868136 0.0496181 -0.06033193 -0.08078466 0.05031137 -0.0643146 -0.08168857 0.04972501 -0.06073402 -0.07868136 0.0496181 -0.06033193 -0.07837058 0.05099197 -0.0697616 -0.07292213 0.05023057 -0.06763481 -0.07183383 0.04974452 -0.06379747 -0.06513813 0.04911621 -0.0672146 -0.05707112 0.04734968 -0.06755594 -0.04914403 0.04497995 -0.06800234 -0.0415829 0.04209272 -0.06781903 -0.03868803 0.03823285 -0.07160879 -0.04952335 0.04363198 -0.07510624 -0.04914403 0.04497995 -0.06800234 -0.05707112 0.04734968 -0.06755594 -0.03671535 0.03362202 -0.07832112 -0.04138302 0.03851037 -0.07579561 -0.04138302 0.03851037 -0.07579561 -0.03050889 0.03374659 -0.06740792 -0.02947998 0.03671832 -0.06445029 -0.02533618 0.03755467 -0.06110501 -0.02422995 0.03494905 -0.0619257 -0.01955823 0.03625327 -0.05886451 -0.01479398 0.04103078 -0.05564578 -0.01416949 0.03824958 -0.0562537 -0.00848001 0.04385895 -0.05358576 -0.008103704 0.04092724 -0.05403991 -0.007618359 0.03478712 -0.05460412 -0.008103704 0.04092724 -0.05403991 -0.01955823 0.03625327 -0.05886451 -0.01327347 0.03236877 -0.05698966 -0.001495495 0.03119198 -0.05379144 -0.001318448 0.04436635 -0.05251163 -0.00456326 0.02972815 -0.05426827 -4.562783e-05 0.02573583 -0.05413696 -0.005393718 0.01620461 -0.05516573 -2.305981e-05 0.01844723 -0.05453335 -6.312256e-05 0.01634611 -0.05469402 -0.004651737 0.0006309004 -0.0552889 -0.007150767 0.002542581 -0.05580308 -1.223383e-05 0.004921741 -0.05497023 1.20062e-05 0.0006499582 -0.05500085 -0.006578563 0.000649996 -0.05567348 -0.007453837 0.0006499959 -0.05592399 -0.007150767 0.002542581 -0.05580308 -0.007453837 0.0006499959 -0.05592399 -0.009648723 0.00064865 -0.05656977 -0.007836031 0.0269402 -0.05541624 -0.005393718 0.01620461 -0.05516573 -0.00456326 0.02972815 -0.05426827 -0.01070458 0.01423134 -0.0568583 -0.01310336 0.000649581 -0.05813786 -0.01070458 0.01423134 -0.0568583 -0.01309929 0.01341643 -0.05809595 -0.01280896 0.01988528 -0.05776085 -0.01309929 0.01341643 -0.05809595 -0.01529467 0.01271596 -0.05956546 -0.01628538 0.0006505552 -0.06047302 -0.01893121 0.0006510073 -0.06315719 -0.01761545 0.005795215 -0.06168508 -0.01761545 0.005795215 -0.06168508 -0.0187186 0.01167904 -0.06257712 -0.02185209 0.0006267772 -0.06734388 -0.01720117 0.01843236 -0.06086067 -0.01529467 0.01271596 -0.05956546 -0.01284119 0.0262224 -0.05741833 -0.01824246 0.03057205 -0.05988067 -0.02422995 0.03494905 -0.0619257 -0.02035386 0.02392017 -0.06270719 -0.01824246 0.03057205 -0.05988067 -0.02270129 0.01545624 -0.0672401 -0.02810811 0.02271594 -0.07344785 -0.03052568 0.02320566 -0.07882919 -0.0331466 0.02490225 -0.0866309 -0.02717105 0.01697068 -0.07610544 -0.02437369 0.008965392 -0.07226356 -0.02985774 0.01805983 -0.08439878 -0.02451901 0.0006499952 -0.07411305 -0.03052568 0.02320566 -0.07882919 -0.02565964 0.004885 -0.07784159 -0.02751408 0.01135429 -0.08226556 -0.02717105 0.01697068 -0.07610544 -0.02648852 0.005437555 -0.0816445 -0.02713229 0.0062723 -0.0853225 -0.0277094 0.007376723 -0.08901262 -0.02938624 0.01452688 -0.09152866 -0.03087724 0.01794585 -0.09987219 -0.02938624 0.01452688 -0.09152866 -0.03302609 0.02308265 -0.0981534 -0.03319626 0.02375838 -0.1088049 -0.03484236 0.02675594 -0.107609 -0.03518473 0.02739024 -0.1072074 -0.03302609 0.02308265 -0.0981534 -0.03753461 0.03080336 -0.09650756 -0.03518473 0.02739024 -0.1072074 -0.03636354 0.02917588 -0.1065262 -0.03787858 0.03171166 -0.1054737 -0.0436984 0.03809368 -0.1014616 -0.03799951 0.03303294 -0.08334802 -0.04294603 0.03693175 -0.09402511 -0.04409013 0.03844134 -0.1011955 -0.04370654 0.03899289 -0.0803704 -0.04639871 0.04024159 -0.08975574 -0.04639871 0.04024159 -0.08975574 -0.05042539 0.04361685 -0.09682111 -0.04409013 0.03844134 -0.1011955 -0.04803009 0.0418336 -0.09850867 -0.05009845 0.0429539 -0.09178669 -0.05702744 0.04731612 -0.09226678 -0.0620391 0.04932488 -0.0882282 -0.05592003 0.04633206 -0.0850818 -0.0579734 0.04730804 -0.07686253 -0.0620391 0.04932488 -0.0882282 -0.06721281 0.05069011 -0.08380544 -0.06721298 0.05029111 -0.08002254 -0.06592872 0.04967418 -0.07481341 -0.06513813 0.04911621 -0.0672146 -0.06721298 0.05029111 -0.08002254 -0.06902364 0.05098244 -0.08202194 -0.07223611 0.05130913 -0.07854445 -0.07333082 0.05132284 -0.07716311 -0.07223611 0.05130913 -0.07854445 -0.07333399 0.05088257 -0.07206435 -0.07333082 0.05132284 -0.07716311 -0.0749593 0.05135693 -0.07511936 -0.07837058 0.05099197 -0.0697616 -0.07726842 0.05115616 -0.07162567 -0.08250001 0.05172214 -0.07380873 -0.07837058 0.05099197 -0.0697616 -0.08078466 0.05031137 -0.0643146 -0.08168857 0.04972501 -0.06073402 -0.0749593 0.05135693 -0.07511936 -0.08242094 0.04937854 -0.05868192 -0.08250131 0.05432914 -0.09814175 -0.07551138 0.05308392 -0.09013523 -0.08250001 0.05499999 -0.12295 -0.08967894 0.05452945 -0.12295 -0.0749593 0.05135693 -0.07511936 -0.07333082 0.05132284 -0.07716311 -0.07223611 0.05130913 -0.07854445 -0.06902364 0.05098244 -0.08202194 -0.06864233 0.05171758 -0.09013523 -0.08960105 0.05393791 -0.09623542 -0.06902364 0.05098244 -0.08202194 -0.06721281 0.05069011 -0.08380544 -0.0620391 0.04932488 -0.0882282 -0.08250001 0.05172214 -0.07380873 -0.07536867 0.05416789 -0.1065264 -0.08250001 0.05499999 -0.12295 -0.07532106 0.05452945 -0.12295 -0.06835935 0.05277365 -0.1065264 -0.07532106 0.05452945 -0.12295 -0.06826495 0.05312591 -0.12295 -0.06159197 0.05047645 -0.1065264 -0.06826495 0.05312591 -0.12295 -0.06145241 0.05081336 -0.12295 -0.0620391 0.04932488 -0.0882282 -0.05702744 0.04731612 -0.09226678 -0.05518235 0.04731557 -0.1065264 -0.06145241 0.05081336 -0.12295 -0.05042539 0.04361685 -0.09682111 -0.05499999 0.04763139 -0.12295 -0.04924013 0.0433451 -0.1065264 -0.04803009 0.0418336 -0.09850867 -0.04924013 0.0433451 -0.1065264 -0.04409013 0.03844134 -0.1011955 -0.04901813 0.04363443 -0.12295 -0.043867 0.038633 -0.1065264 -0.0436984 0.03809368 -0.1014616 -0.043867 0.038633 -0.1065264 -0.03787858 0.03171166 -0.1054737 -0.04360913 0.03889086 -0.12295 -0.03915489 0.03325987 -0.1065264 -0.03886557 0.03348187 -0.12295 -0.03636354 0.02917588 -0.1065262 -0.03636354 0.02917588 -0.1065262 -0.03787858 0.03171166 -0.1054737 -0.03518473 0.02739024 -0.1072074 -0.03486861 0.0275 -0.12295 -0.03518473 0.02739024 -0.1072074 -0.03484236 0.02675594 -0.107609 -0.1352737 -0.01414067 -0.1065264 -0.1356259 -0.01423506 -0.12295 -0.1333134 -0.0210476 -0.12295 -0.1329765 -0.02090804 -0.1065264 -0.1352737 -0.01414067 -0.1065264 -0.1333134 -0.0210476 -0.12295 -0.1301314 -0.0275 -0.12295 -0.1342176 -0.0138577 -0.09013524 -0.1355839 -0.006988641 -0.09013524 -0.1337797 -0.006751104 -0.07380874 -0.1342221 -9.473226e-09 -0.07380874 -0.1316794 -9.362081e-09 -0.0575791 -0.1312587 0.006419193 -0.0575791 -0.1283156 -2.313262e-06 -0.04147832 -0.1282203 0.004264599 -0.04147832 -0.1279372 0.005978934 -0.04147832 -0.1268043 0.004132524 -0.03687719 -0.1283651 -0.002219172 -0.04147832 -0.1316794 -9.362081e-09 -0.0575791 -0.1283156 -2.313262e-06 -0.04147832 -0.1269447 -0.002150445 -0.03687719 -0.1268043 0.004132524 -0.03687719 -0.1282203 0.004264599 -0.04147832 -0.1269447 -0.002150445 -0.03687719 -0.1283651 -0.002219172 -0.04147832 -0.1279153 -0.005980384 -0.04147832 -0.1246959 0.003935856 -0.03255183 -0.1235863 -0.00198676 -0.03049278 -0.1204391 0.003539145 -0.02671324 -0.1248867 -0.008137705 -0.03367482 -0.118735 -0.001753224 -0.02513686 -0.1235863 -0.00198676 -0.03049278 -0.127595 -0.008658679 -0.04147832 -0.1279153 -0.005980384 -0.04147832 -0.1312587 -0.006419211 -0.0575791 -0.1245805 -0.01446321 -0.03687719 -0.1214064 -0.007470401 -0.02860666 -0.118735 -0.001753224 -0.02513686 -0.1181266 -0.006840656 -0.02513686 -0.1145986 -0.004111064 -0.02222619 -0.1143587 -0.006117173 -0.02222619 -0.1149027 -0.0015678 -0.02222619 -0.1134616 -0.009484169 -0.02222619 -0.1143587 -0.006117173 -0.02222619 -0.1134616 -0.009484169 -0.02222619 -0.1078146 -0.007752528 -0.018857 -0.1131748 -0.01055027 -0.022225 -0.1061403 -0.01191921 -0.018857 -0.1168076 -0.01179163 -0.02513686 -0.1181266 -0.006840656 -0.02513686 -0.1214661 -0.01339519 -0.03049761 -0.1214064 -0.007470401 -0.02860666 -0.1267434 -0.01185517 -0.04147832 -0.1259254 -0.01492546 -0.04147832 -0.127595 -0.008658679 -0.04147832 -0.1259254 -0.01492546 -0.04147832 -0.1248196 -0.01752828 -0.04147832 -0.1233895 -0.02089452 -0.04147832 -0.1221232 -0.02024742 -0.03687719 -0.1221232 -0.02024742 -0.03687719 -0.1214661 -0.01339519 -0.03049761 -0.1202375 -0.01928383 -0.03255183 -0.116431 -0.01733868 -0.02671055 -0.1168076 -0.01179163 -0.02513686 -0.1113876 -0.01476153 -0.02222619 -0.113687 -0.02196638 -0.02671948 -0.1113876 -0.01476153 -0.02222619 -0.1090198 -0.01868414 -0.02222622 -0.118077 -0.02506616 -0.03431131 -0.1202375 -0.01928383 -0.03255183 -0.1221232 -0.02024742 -0.03687719 -0.1221762 -0.02290466 -0.04147832 -0.1233895 -0.02089452 -0.04147832 -0.120038 -0.02644679 -0.04147832 -0.120038 -0.02644679 -0.04147832 -0.118857 -0.02789412 -0.04147832 -0.1149021 -0.03049681 -0.03687718 -0.1123744 -0.02812289 -0.03034206 -0.113687 -0.02196638 -0.02671948 -0.1089169 -0.02486357 -0.02513686 -0.1049144 -0.02338413 -0.02218031 -0.114996 -0.03247965 -0.04147097 -0.1149021 -0.03049681 -0.03687718 -0.09520573 -0.0185852 -0.01652614 -0.1113876 -0.01476153 -0.02222619 -0.1061403 -0.01191921 -0.018857 -0.1131748 -0.01055027 -0.022225 -0.1097075 -0.03403825 -0.0344774 -0.1123744 -0.02812289 -0.03034206 -0.1111704 -0.03586842 -0.04147832 -0.1104222 -0.03638431 -0.04147832 -0.1051086 -0.03832499 -0.03687718 -0.1040326 -0.03650109 -0.03255183 -0.1019077 -0.03289432 -0.02653646 -0.1089169 -0.02486357 -0.02513686 -0.1111704 -0.03586842 -0.04147832 -0.102755 -0.02534027 -0.02222619 -0.1172751 -0.0347751 -0.05757909 -0.09732541 -0.0219349 -0.018857 -0.09899431 -0.02794542 -0.02223231 -0.09340515 -0.0241249 -0.018857 -0.1097497 -0.04357762 -0.06958233 -0.1104222 -0.03638431 -0.04147832 -0.1139865 -0.04103395 -0.07380874 -0.1058312 -0.03954986 -0.04147832 -0.109271 -0.04636872 -0.09013523 -0.1051086 -0.03832499 -0.03687718 -0.1029896 -0.04946634 -0.09013523 -0.103408 -0.05047645 -0.1065264 -0.1070897 -0.04259062 -0.05757909 -0.1054467 -0.03974143 -0.04147832 -0.09664066 -0.05277367 -0.1065264 -0.1005453 -0.04969909 -0.07974222 -0.09673505 -0.05312593 -0.12295 -0.08967894 -0.05452947 -0.12295 -0.09673505 -0.05312593 -0.12295 -0.1035476 -0.05081338 -0.12295 -0.1029896 -0.04946634 -0.09013523 -0.08963135 -0.05416791 -0.1065264 -0.09664066 -0.05277367 -0.1065264 -0.08967894 -0.05452947 -0.12295 -0.0825 -0.055 -0.12295 -0.09635768 -0.05171759 -0.09013523 -0.1070897 -0.04259062 -0.05757909 -0.1000265 -0.04244237 -0.04147832 -0.09437382 -0.04432154 -0.04147832 -0.09522858 -0.04750368 -0.05757909 -0.1054467 -0.03974143 -0.04147832 -0.09948374 -0.04112792 -0.03687718 -0.1058312 -0.03954986 -0.04147832 -0.09948374 -0.04112792 -0.03687718 -0.1040326 -0.03650109 -0.03255183 -0.09823603 -0.03814197 -0.0306049 -0.09634658 -0.03353094 -0.02513686 -0.09488221 -0.02998468 -0.02222624 -0.09059545 -0.03141292 -0.02222478 -0.09634658 -0.03353094 -0.02513686 -0.08917116 -0.02562086 -0.018857 -0.09059545 -0.03141292 -0.02222478 -0.09207706 -0.03763869 -0.02712592 -0.09823603 -0.03814197 -0.0306049 -0.08474525 -0.02637976 -0.018857 -0.09732541 -0.0219349 -0.018857 -0.09899431 -0.02794542 -0.02223231 -0.102755 -0.02534027 -0.02222619 -0.08917116 -0.02562086 -0.018857 -0.09059545 -0.03141292 -0.02222478 -0.08474525 -0.02637976 -0.018857 -0.08644323 -0.03606248 -0.02513686 -0.08602619 -0.03224842 -0.02222619 -0.08699776 -0.04097096 -0.03055977 -0.08602619 -0.03224842 -0.02222619 -0.08733664 -0.04423301 -0.03687718 -0.08524941 -0.03227814 -0.02222619 -0.08144775 -0.03242356 -0.02222619 -0.08524941 -0.03227814 -0.02222619 -0.08644323 -0.03606248 -0.02513686 -0.08025476 -0.02637976 -0.018857 -0.08132331 -0.03625833 -0.02513686 -0.07975662 -0.03224856 -0.02222619 -0.08644323 -0.03606248 -0.02513686 -0.08121498 -0.03959625 -0.02860665 -0.08699776 -0.04097096 -0.03055977 -0.08108366 -0.04363914 -0.034602 -0.08101058 -0.04589462 -0.04147832 -0.07456992 -0.04524113 -0.04143704 -0.07495441 -0.04296551 -0.03455511 -0.08249691 -0.04583776 -0.04147832 -0.08101058 -0.04589462 -0.04147832 -0.08754488 -0.04563688 -0.0414485 -0.08121498 -0.03959625 -0.02860665 -0.08249691 -0.04583776 -0.04147832 -0.08250001 -0.04917942 -0.05757909 -0.07456992 -0.04524113 -0.04143704 -0.07456992 -0.04524113 -0.04143704 -0.07064144 -0.04424959 -0.04147832 -0.0760808 -0.04875868 -0.05757909 -0.06912543 -0.04102733 -0.03366107 -0.06826708 -0.04365728 -0.04147832 -0.06288534 -0.03994017 -0.03687718 -0.06228432 -0.04128252 -0.04144015 -0.06826708 -0.04365728 -0.04147832 -0.06427809 -0.03708757 -0.03062087 -0.07022034 -0.03766595 -0.02860665 -0.07125551 -0.03449076 -0.02513686 -0.06650849 -0.03256259 -0.02513686 -0.06915901 -0.02950832 -0.02222619 -0.06819978 -0.0291187 -0.02222619 -0.07587346 -0.03774494 -0.02693062 -0.07022034 -0.03766595 -0.02860665 -0.08132331 -0.03625833 -0.02513686 -0.0768903 -0.03195194 -0.02222619 -0.07125551 -0.03449076 -0.02513686 -0.07566176 -0.03215114 -0.02221318 -0.0768903 -0.03195194 -0.02222619 -0.07975662 -0.03224856 -0.02222619 -0.08144775 -0.03242356 -0.02222619 -0.07961304 -0.02028745 -0.01619341 -0.07159486 -0.0241249 -0.018857 -0.06915901 -0.02950832 -0.02222619 -0.06819978 -0.0291187 -0.02222619 -0.07050348 -0.01790567 -0.0165907 -0.0718728 -0.01733952 -0.01623442 -0.06767461 -0.0219349 -0.018857 -0.0718728 -0.01733952 -0.01623442 -0.07419425 -0.01837441 -0.01618986 -0.07050348 -0.01790567 -0.0165907 -0.06890013 -0.01786008 -0.01703605 -0.06262839 -0.01787495 -0.01895095 -0.06767461 -0.0219349 -0.018857 -0.05748508 -0.02065547 -0.02222619 -0.05539455 -0.01785702 -0.02224129 -0.06008718 -0.02338824 -0.02222619 -0.06064459 -0.02397364 -0.02222619 -0.06424007 -0.02681361 -0.02222619 -0.06819978 -0.0291187 -0.02222619 -0.06008718 -0.02338824 -0.02222619 -0.05805973 -0.02680903 -0.02513686 -0.05539455 -0.01785702 -0.02224129 -0.05452655 -0.02309841 -0.02513686 -0.05748508 -0.02065547 -0.02222619 -0.05285162 -0.01777084 -0.0237725 -0.05805973 -0.02680903 -0.02513686 -0.06424007 -0.02681361 -0.02222619 -0.05165974 -0.01899707 -0.02505035 -0.05255007 -0.01548688 -0.02309221 -0.05344364 -0.01442648 -0.02222619 -0.0530198 -0.01302932 -0.02201335 -0.05373963 -0.01267695 -0.02139527 -0.05071041 -0.02114945 -0.02692804 -0.05165974 -0.01899707 -0.02505035 -0.05082603 -0.02615959 -0.0303031 -0.05452655 -0.02309841 -0.02513686 -0.05082603 -0.02615959 -0.0303031 -0.04859184 -0.02333545 -0.03059631 -0.04650833 -0.02351508 -0.03364128 -0.04818869 -0.02833173 -0.03687718 -0.04429429 -0.02264059 -0.03652835 -0.04453944 -0.02321526 -0.03687718 -0.04151896 -0.01967368 -0.03971123 -0.04429429 -0.02264059 -0.03652835 -0.05468059 -0.03050385 -0.03055877 -0.05252239 -0.03288305 -0.03687718 -0.05010358 -0.03239992 -0.04147832 -0.06208044 -0.02998487 -0.02513686 -0.05468059 -0.03050385 -0.03055877 -0.05925259 -0.03412319 -0.03056102 -0.06208044 -0.02998487 -0.02513686 -0.06650849 -0.03256259 -0.02513686 -0.05925259 -0.03412319 -0.03056102 -0.06427809 -0.03708757 -0.03062087 -0.05745406 -0.03677843 -0.03687718 -0.06288534 -0.03994017 -0.03687718 -0.06228432 -0.04128252 -0.04144015 -0.05959813 -0.03966801 -0.04147832 -0.05665357 -0.03795388 -0.04147832 -0.05461468 -0.03634341 -0.04147832 -0.05665357 -0.03795388 -0.04147832 -0.05156429 -0.033934 -0.04147832 -0.05252239 -0.03288305 -0.03687718 -0.04818869 -0.02833173 -0.03687718 -0.0470921 -0.02923722 -0.04147832 -0.04333585 -0.02396193 -0.04145498 -0.04151896 -0.01967368 -0.03971123 -0.04279294 -0.02292841 -0.04147832 -0.04058276 -0.01808962 -0.04057366 -0.04002904 -0.01788661 -0.04159837 -0.05461468 -0.03634341 -0.04147832 -0.05256146 -0.03901665 -0.05757909 -0.05665357 -0.03795388 -0.04147832 -0.05791029 -0.04259062 -0.05757909 -0.05959813 -0.03966801 -0.04147832 -0.05791029 -0.04259062 -0.05757909 -0.06367986 -0.04543585 -0.05757909 -0.05663892 -0.0447927 -0.07380873 -0.05101354 -0.04103395 -0.07380873 -0.05663892 -0.0447927 -0.07380873 -0.04990571 -0.04247771 -0.09013523 -0.06270678 -0.04778504 -0.07380873 -0.055729 -0.04636872 -0.09013523 -0.06201036 -0.04946634 -0.09013523 -0.05959813 -0.03966801 -0.04147832 -0.06228432 -0.04128252 -0.04144015 -0.06977144 -0.04750367 -0.05757909 -0.07064144 -0.04424959 -0.04147832 -0.0760808 -0.04875868 -0.05757909 -0.06977144 -0.04750367 -0.05757909 -0.06270678 -0.04778504 -0.07380873 -0.06911332 -0.04995976 -0.07380873 -0.05518234 -0.04731557 -0.1065264 -0.05499999 -0.0476314 -0.12295 -0.04901812 -0.04363444 -0.12295 -0.04924012 -0.04334511 -0.1065264 -0.04901812 -0.04363444 -0.12295 -0.04360912 -0.03889088 -0.12295 -0.04386699 -0.03863301 -0.1065264 -0.04360912 -0.03889088 -0.12295 -0.03886556 -0.03348188 -0.12295 -0.03915488 -0.03325988 -0.1065264 -0.0446401 -0.0378599 -0.09013523 -0.05101354 -0.04103395 -0.07380873 -0.03886556 -0.03348188 -0.12295 -0.0348686 -0.0275 -0.12295 -0.04592691 -0.03657308 -0.07380873 -0.03518442 -0.02731766 -0.1065264 -0.0477249 -0.0347751 -0.05757909 -0.05010358 -0.03239992 -0.04147832 -0.0470921 -0.02923722 -0.04147832 -0.04348335 -0.02993853 -0.05757909 -0.04333585 -0.02396193 -0.04145498 -0.04146605 -0.03148646 -0.07380873 -0.04592691 -0.03657308 -0.07380873 -0.04002229 -0.03259429 -0.09013523 -0.0348686 -0.0275 -0.12295 -0.03168662 -0.02104759 -0.12295 -0.03202355 -0.02090803 -0.1065264 -0.03613129 -0.02677099 -0.09013523 -0.04146605 -0.03148646 -0.07380873 -0.0377073 -0.02586108 -0.07380873 -0.04348335 -0.02993853 -0.05757909 -0.03990938 -0.02458971 -0.05757909 -0.04279294 -0.02292841 -0.04147832 -0.03303365 -0.02048963 -0.09013523 -0.0377073 -0.02586108 -0.07380873 -0.03137816 -0.01599841 -0.09034649 -0.03471496 -0.01979322 -0.07380873 -0.02937407 -0.01423505 -0.12295 -0.03168662 -0.02104759 -0.12295 -0.03303365 -0.02048963 -0.09013523 -0.03217014 -0.01784655 -0.08846293 -0.03526198 -0.01784112 -0.0654409 -0.03706415 -0.01882015 -0.05757909 -0.03851088 -0.01784373 -0.04944765 -0.03706415 -0.01882015 -0.05757909 -0.04279294 -0.02292841 -0.04147832 -0.039871 -0.01782808 -0.04291878 -0.04279294 -0.02292841 -0.04147832 -0.04002904 -0.01788661 -0.04159837 -0.03755658 -0.01214708 -0.04408616 -0.03967757 -0.01657629 -0.04147832 -0.03799421 -0.01262071 -0.04302522 -0.03621616 -0.006113645 -0.04454013 -0.03604763 -0.006013687 -0.04529226 -0.02972633 -0.01414066 -0.1065264 -0.03137816 -0.01599841 -0.09034649 -0.03052014 -0.01299511 -0.09056114 -0.02797053 -0.007178945 -0.12295 -0.02833209 -0.007131344 -0.1065264 -0.02753047 -0.001000005 -0.1189735 -0.02786469 -4.824194e-09 -0.1065264 -0.02752104 9.263778e-08 -0.1189732 -0.02763259 0.0007058529 -0.1130681 -0.1371353 -9.600566e-09 -0.1065264 -0.1375 -9.616507e-09 -0.12295 -0.1370295 -0.00717895 -0.12295 -0.1366679 -0.007131349 -0.1065264 -0.1371353 -9.600566e-09 -0.1065264 -0.1370295 -0.00717895 -0.12295 -0.1356259 -0.01423506 -0.12295 -0.136042 -9.552776e-09 -0.09013524 -0.1355839 0.006988621 -0.09013524 -0.1337797 0.006751085 -0.07380874 -0.1324598 0.01338666 -0.07380874 -0.1300037 0.01272855 -0.0575791 -0.1366679 -0.007131349 -0.1065264 -0.1355839 -0.006988641 -0.09013524 -0.136042 -9.552776e-09 -0.09013524 -0.1342221 -9.473226e-09 -0.07380874 -0.1337797 0.006751085 -0.07380874 -0.1312587 0.006419193 -0.0575791 -0.1279372 0.005978934 -0.04147832 -0.1271635 0.0106633 -0.04147832 -0.1267857 0.0118631 -0.04147832 -0.1300037 0.01272855 -0.0575791 -0.1279359 0.01882013 -0.0575791 -0.1252158 0.0168493 -0.04147832 -0.1248797 0.01755142 -0.04147832 -0.1279359 0.01882013 -0.0575791 -0.1248797 0.01755142 -0.04147832 -0.1238928 0.01632747 -0.03687719 -0.1211797 0.02199619 -0.03687719 -0.1224159 0.02269919 -0.04147832 -0.1238928 0.01632747 -0.03687719 -0.1252158 0.0168493 -0.04147832 -0.1267857 0.0118631 -0.04147832 -0.1271635 0.0106633 -0.04147832 -0.1257803 0.01033305 -0.03687719 -0.1257803 0.01033305 -0.03687719 -0.1209094 0.0151421 -0.0305604 -0.1225439 0.009557077 -0.03043639 -0.1162469 0.01331152 -0.02513686 -0.1177857 0.008424375 -0.02513686 -0.1184897 0.02045949 -0.03075751 -0.1209094 0.0151421 -0.0305604 -0.114035 0.01793314 -0.02513686 -0.1126367 0.01197812 -0.02221841 -0.1126367 0.01197812 -0.02221841 -0.1140538 0.007533393 -0.02222619 -0.1141704 0.0068276 -0.02222619 -0.1083809 0.005577752 -0.018857 -0.1148158 0.003012656 -0.02223608 -0.1089513 0.001123628 -0.018857 -0.1140538 0.007533393 -0.02222619 -0.107066 0.009871415 -0.018857 -0.1106997 0.01603649 -0.02222619 -0.1126367 0.01197812 -0.02221841 -0.114035 0.01793314 -0.02513686 -0.1141704 0.0068276 -0.02222619 -0.1177857 0.008424375 -0.02513686 -0.1149027 -0.0015678 -0.02222619 -0.1089513 0.001123628 -0.018857 -0.1087607 -0.003362822 -0.018857 -0.1148158 0.003012656 -0.02223608 -0.1225439 0.009557077 -0.03043639 -0.1246959 0.003935856 -0.03255183 -0.1257803 0.01033305 -0.03687719 -0.1279372 0.005978934 -0.04147832 -0.1271635 0.0106633 -0.04147832 -0.1148158 0.003012656 -0.02223608 -0.1149027 -0.0015678 -0.02222619 -0.1145986 -0.004111064 -0.02222619 -0.1087607 -0.003362822 -0.018857 -0.1143587 -0.006117173 -0.02222619 -0.1078146 -0.007752528 -0.018857 -0.1078146 -0.007752528 -0.018857 -0.0973867 -0.001798074 -0.01403585 -0.1089513 0.001123628 -0.018857 -0.09275917 -0.009029384 -0.01425831 -0.0887452 -0.01224361 -0.01400937 -0.07419425 -0.01837441 -0.01618986 -0.0718728 -0.01733952 -0.01623442 -0.07261612 -0.0166583 -0.01596601 -0.07261612 -0.0166583 -0.01596601 -0.07297973 -0.01575853 -0.01551854 -0.07690193 -0.01238434 -0.01425952 -0.07297973 -0.01575853 -0.01551854 -0.08250116 1.252969e-06 -0.01271007 -0.09275917 -0.009029384 -0.01425831 -0.07991166 0.0006989093 -0.01271216 -0.08230698 0.0008687754 -0.01268972 -0.07566617 0.0002902909 -0.01309115 -0.07991166 0.0006989093 -0.01271216 -0.0748895 -0.01126013 -0.01425952 -0.07690193 -0.01238434 -0.01425952 -0.07297973 -0.01575853 -0.01551854 -0.07303374 -0.0103656 -0.01447608 -0.0730072 -0.009361409 -0.01429901 -0.0748895 -0.01126013 -0.01425952 -0.07783379 -0.004886745 -0.01306316 -0.0730072 -0.009361409 -0.01429901 -0.0730149 -0.008019024 -0.01389972 -0.0730149 -0.008019024 -0.01389972 -0.07302755 -0.006027426 -0.01380947 -0.07302615 -0.0007986698 -0.01342481 -0.07571541 -0.0008688088 -0.01309115 -0.07566617 0.0002902909 -0.01309115 -0.07302615 -0.0007986698 -0.01342481 -0.07566617 0.0002902909 -0.01309115 -0.07303067 9.014441e-05 -0.01345202 -0.06960539 0.0006488374 -0.0141524 -0.06576658 1.635148e-05 -0.01511552 -0.06605443 0.0006499896 -0.01520096 -0.08365598 0.006741605 -0.01309115 -0.08250116 1.252969e-06 -0.01271007 -0.08230698 0.0008687754 -0.01268972 -0.08250149 0.004037173 -0.01283642 -0.08702765 0.01281447 -0.01425952 -0.08479687 0.01339532 -0.01425952 -0.08249964 0.007761132 -0.01324876 -0.08250243 0.00928102 -0.01341003 -0.08250149 0.004037173 -0.01283642 -0.08365598 0.006741605 -0.01309115 -0.08479687 0.01339532 -0.01425952 -0.08248565 0.01524309 -0.01471544 -0.09428819 0.009465721 -0.01412431 -0.1083809 0.005577752 -0.018857 -0.107066 0.009871415 -0.018857 -0.1050444 0.0138811 -0.018857 -0.1023742 0.01749144 -0.018857 -0.09158649 0.01839423 -0.01619372 -0.08702765 0.01281447 -0.01425952 -0.08590782 0.01987438 -0.01618986 -0.08248565 0.01524309 -0.01471544 -0.08249988 0.01912014 -0.01582803 -0.08250094 0.02016214 -0.01622976 -0.08590782 0.01987438 -0.01618986 -0.09131993 0.0249628 -0.018857 -0.08697433 0.0260943 -0.018857 -0.08250094 0.02016214 -0.01622976 -0.0825022 0.02394862 -0.01768759 -0.105107 0.02326658 -0.02222633 -0.1023742 0.01749144 -0.018857 -0.1081629 0.01985063 -0.02222858 -0.1050444 0.0138811 -0.018857 -0.1106997 0.01603649 -0.02222619 -0.107066 0.009871415 -0.018857 -0.1081629 0.01985063 -0.02222858 -0.1106997 0.01603649 -0.02222619 -0.114035 0.01793314 -0.02513686 -0.1149967 0.02514222 -0.03025878 -0.1184897 0.02045949 -0.03075751 -0.09836122 0.02834726 -0.02207847 -0.09951908 0.0320375 -0.02513686 -0.117695 0.02722614 -0.03687719 -0.12225 0.02294818 -0.04147832 -0.1188424 0.02805188 -0.04143604 -0.1149383 0.03244156 -0.04147832 -0.1188424 0.02805188 -0.04143604 -0.1135083 0.03191298 -0.03687718 -0.1144993 0.03293293 -0.04147832 -0.117695 0.02722614 -0.03687719 -0.1079822 0.03496236 -0.03380711 -0.1104108 0.03637904 -0.04147832 -0.1095405 0.03711263 -0.04147832 -0.1144993 0.03293293 -0.04147832 -0.1135083 0.03191298 -0.03687718 -0.105197 0.03114665 -0.02712936 -0.09951908 0.0320375 -0.02513686 -0.09353112 0.03050752 -0.02222619 -0.1010858 0.03498685 -0.02860666 -0.1079822 0.03496236 -0.03380711 -0.1010858 0.03498685 -0.02860666 -0.1029745 0.03854196 -0.03460374 -0.09691058 0.03985373 -0.03255183 -0.09811444 0.04317851 -0.04146211 -0.1040422 0.04055203 -0.04147832 -0.1054139 0.039694 -0.04147832 -0.1040422 0.04055203 -0.04147832 -0.1095405 0.03711263 -0.04147832 -0.1054139 0.039694 -0.04147832 -0.1070897 0.04259061 -0.05757909 -0.1040422 0.04055203 -0.04147832 -0.1070897 0.04259061 -0.05757909 -0.1155475 0.04306766 -0.09110466 -0.1104108 0.03637904 -0.04147832 -0.1083611 0.04479269 -0.07380874 -0.1144993 0.03293293 -0.04147832 -0.1096651 0.04704724 -0.09806106 -0.11 0.04763138 -0.12295 -0.1159819 0.04363442 -0.12295 -0.1159819 0.04363442 -0.12295 -0.1213909 0.03889086 -0.12295 -0.1209161 0.03841348 -0.09807612 -0.1213909 0.03889086 -0.12295 -0.1261344 0.03348186 -0.12295 -0.1190731 0.03657307 -0.07380874 -0.1255941 0.03306695 -0.09244878 -0.1172751 0.03477509 -0.05757909 -0.1190731 0.03657307 -0.07380874 -0.1149383 0.03244156 -0.04147832 -0.1188424 0.02805188 -0.04143604 -0.1188424 0.02805188 -0.04143604 -0.1261344 0.03348186 -0.12295 -0.1301314 0.02749999 -0.12295 -0.1296199 0.0272047 -0.09650872 -0.1250906 0.02458969 -0.0575791 -0.12225 0.02294818 -0.04147832 -0.1301314 0.02749999 -0.12295 -0.1333134 0.02104758 -0.12295 -0.1328749 0.02086597 -0.1016182 -0.1248797 0.01755142 -0.04147832 -0.1224159 0.02269919 -0.04147832 -0.130285 0.0197932 -0.07380874 -0.130285 0.0197932 -0.07380874 -0.1342176 0.01385767 -0.09013524 -0.1324598 0.01338666 -0.07380874 -0.1342176 0.01385767 -0.09013524 -0.1355839 0.006988621 -0.09013524 -0.1366679 0.00713133 -0.1065264 -0.1371353 -9.600566e-09 -0.1065264 -0.1375 -9.616507e-09 -0.12295 -0.1366679 0.00713133 -0.1065264 -0.1370295 0.00717893 -0.12295 -0.1352737 0.01414065 -0.1065264 -0.1333134 0.02104758 -0.12295 -0.1356259 0.01423503 -0.12295 -0.1356259 0.01423503 -0.12295 -0.1370295 0.00717893 -0.12295 -0.1366679 0.00713133 -0.1065264 -0.1342176 0.01385767 -0.09013524 -0.03303365 -0.02048963 -0.09013523 -0.03137816 -0.01599841 -0.09034649 -0.03188443 -0.01740116 -0.08945015 -0.03188443 -0.01740116 -0.08945015 -0.03217014 -0.01784655 -0.08846293 -0.1250906 -0.02458971 -0.0575791 -0.1221762 -0.02290466 -0.04147832 -0.1233895 -0.02089452 -0.04147832 -0.1250906 -0.02458971 -0.0575791 -0.120038 -0.02644679 -0.04147832 -0.1201185 -0.03501251 -0.06950618 -0.118857 -0.02789412 -0.04147832 -0.1172751 -0.0347751 -0.05757909 -0.1139865 -0.04103395 -0.07380874 -0.123534 -0.03148647 -0.07380874 -0.1150943 -0.04247772 -0.09013523 -0.109271 -0.04636872 -0.09013523 -0.1098177 -0.04731557 -0.1065264 -0.1035476 -0.05081338 -0.12295 -0.11 -0.04763141 -0.12295 -0.1203599 -0.03785991 -0.09013523 -0.1150943 -0.04247772 -0.09013523 -0.1157599 -0.04334511 -0.1065264 -0.11 -0.04763141 -0.12295 -0.1159819 -0.04363444 -0.12295 -0.123416 -0.03587139 -0.09748071 -0.1203599 -0.03785991 -0.09013523 -0.1213909 -0.03889089 -0.12295 -0.1258451 -0.03325988 -0.1065264 -0.1261344 -0.03348188 -0.12295 -0.1288687 -0.02677099 -0.09013523 -0.1290477 -0.02098747 -0.06654652 -0.1250906 -0.02458971 -0.0575791 -0.1248196 -0.01752828 -0.04147832 -0.1259254 -0.01492546 -0.04147832 -0.130285 -0.01979323 -0.07380874 -0.1300037 -0.01272858 -0.0575791 -0.1259254 -0.01492546 -0.04147832 -0.1267434 -0.01185517 -0.04147832 -0.1324598 -0.01338669 -0.07380874 -0.1312587 -0.006419211 -0.0575791 -0.1267434 -0.01185517 -0.04147832 -0.127595 -0.008658679 -0.04147832 -0.1319663 -0.02048963 -0.09013523 -0.1288687 -0.02677099 -0.09013523 -0.1298156 -0.02731766 -0.1065264 -0.1261344 -0.03348188 -0.12295 -0.1301314 -0.0275 -0.12295 -0.1329765 -0.02090804 -0.1065264 -0.1319663 -0.02048963 -0.09013523 -0.1342176 -0.0138577 -0.09013524 -0.1337797 -0.006751104 -0.07380874 -0.1312587 -0.006419211 -0.0575791 -0.1316794 -9.362081e-09 -0.0575791 -0.1279153 -0.005980384 -0.04147832 -0.1283651 -0.002219172 -0.04147832 -0.0319187 0.02096303 -0.1097439 -0.03319626 0.02375838 -0.1088049 -0.03087724 0.01794585 -0.09987219 -0.03087724 0.01794585 -0.09987219 -0.03133524 0.01981653 -0.1101781 -0.02926931 0.01257767 -0.1014352 -0.0285921 0.009513057 -0.1077754 -0.02895266 0.01182595 -0.1120409 -0.02823373 0.007077273 -0.1028526 -0.02787682 0.00408873 -0.1091529 -0.02779441 0.001556943 -0.1041355 -0.02774698 0.0006499951 -0.1043658 -0.02775054 0.0006537018 -0.1020057 -0.02823373 0.007077273 -0.1028526 -0.02792593 0.004934466 -0.09828997 -0.02777523 0.0006620209 -0.09908671 -0.02775054 0.0006537018 -0.1020057 -0.02823373 0.007077273 -0.1028526 -0.02779441 0.001556943 -0.1041355 -0.02764418 0.003103667 -0.09404127 -0.02735547 0.0006583616 -0.09021736 -0.02777523 0.0006620209 -0.09908671 -0.02792593 0.004934466 -0.09828997 -0.02733914 0.001592523 -0.09003809 -0.02701117 0.0006499951 -0.08689057 -0.02735547 0.0006583616 -0.09021736 -0.02764418 0.003103667 -0.09404127 -0.02735547 0.0006583616 -0.09021736 -0.02074172 -0.01843731 -0.06166289 -0.01680809 -0.01836083 -0.0564743 -0.01670023 -0.01839912 -0.05598884 -0.01691912 -0.01838864 -0.05521335 -0.02216224 -0.01839782 -0.05329998 -0.02074172 -0.01843731 -0.06166289 -0.01723541 -0.01831506 -0.05484895 -0.01765044 -0.01807326 -0.05464767 -0.02211406 -0.01824276 -0.05298951 -0.02377987 -0.01807661 -0.05221467 -0.02631328 -0.01827182 -0.05102982 -0.02656771 -0.01839776 -0.05124297 -0.02312071 -0.01839776 -0.06536891 -0.023108 -0.0183902 -0.06579469 -0.02448016 -0.01839364 -0.06840956 -0.02448016 -0.01839364 -0.06840956 -0.03505845 -0.01839799 -0.06597804 -0.02650181 -0.01842766 -0.07275932 -0.02865266 -0.01839776 -0.07843831 -0.02927906 -0.01837929 -0.08169808 -0.02802244 -0.01833392 -0.07716605 -0.02650181 -0.01842766 -0.07275932 -0.02927906 -0.01837929 -0.08169808 -0.03204566 -0.01837803 -0.08918205 -0.03124049 -0.01839597 -0.088527 -0.03055647 -0.01835933 -0.0886783 -0.03070222 -0.01796679 -0.08982833 -0.03055647 -0.01835933 -0.0886783 -0.03128421 -0.0166801 -0.09079978 -0.03032517 -0.0169062 -0.09076491 -0.03097801 -0.01554389 -0.0910302 -0.03070222 -0.01796679 -0.08982833 -0.03204566 -0.01837803 -0.08918205 -0.03128421 -0.0166801 -0.09079978 -0.03753126 -0.01839922 -0.05308055 -0.03065108 -0.01839776 -0.04890515 -0.03019581 -0.01830453 -0.04883486 -0.02631328 -0.01827182 -0.05102982 -0.03065108 -0.01839776 -0.04890515 -0.03491149 -0.01834954 -0.04557622 -0.03465706 -0.01839776 -0.04614622 -0.0389902 -0.01839776 -0.0467691 -0.03796041 -0.01835681 -0.04309832 -0.04015561 -0.01840242 -0.04151237 -0.04051448 -0.01832409 -0.04076773 -0.05365691 -0.007481005 -0.02041205 -0.05388318 -0.003308691 -0.01980206 -0.05628408 -0.004290569 -0.01173421 -0.05362172 -0.008166327 -0.02050673 -0.05619015 -0.009084571 -0.0126111 -0.05628408 -0.004290569 -0.01173421 -0.05738825 -0.00781239 -0.004873942 -0.05736408 -0.009039851 -0.00512269 -0.05737935 -0.003935703 -0.004332182 -0.05738825 -0.00781239 -0.004873942 -0.05628408 -0.004290569 -0.01173421 -0.05611806 0.0006018493 -0.01206427 -0.05628408 -0.004290569 -0.01173421 -0.05387164 -0.002588254 -0.01982772 -0.05393873 0.0006059172 -0.01971549 -0.05705239 0.0583923 0.001563908 -0.05779163 0.05781302 -0.0003018595 -0.0585064 0.0527641 -0.0005900065 -0.0585064 0.0527641 -0.0005900065 -0.05650646 0.05886165 0.002961794 -0.05549744 0.05948243 0.00519882 -0.05572967 0.058442 0.005159772 -0.05669122 0.05165948 0.004876851 -0.0572995 0.04447832 0.004600218 -0.05938655 0.03851907 -0.001546023 -0.05754994 0.03689463 0.004385159 -0.05938655 0.03851907 -0.001546023 -0.0594187 0.03093085 -0.00190681 -0.06047176 0.03182069 -0.004995829 -0.06045104 0.02416533 -0.005344685 0.004596834 0.1005184 0.03361557 0.006066331 0.1005253 0.03343871 0.005622033 0.1015309 0.03193895 -4.09566e-05 0.100512 0.0339875 0.004596834 0.1005184 0.03361557 0.0003847703 0.1015276 0.03243219 0.004474301 0.104893 0.02609432 -1.11166e-08 0.104893 0.02647514 -0.006041443 0.1005255 0.03338612 0.0003847703 0.1015276 0.03243219 0.005622033 0.1015309 0.03193895 -0.005478658 0.1015439 0.03194903 0.01097327 0.1048853 0.0242638 -1.11166e-08 0.104893 0.02647514 -0.005478658 0.1015439 0.03194903 -0.01083252 0.1005279 0.03218004 -0.0104071 0.1014941 0.03077804 -0.004474331 0.104893 0.02609432 -0.01338553 0.1005139 0.03116959 -0.01083252 0.1005279 0.03218004 -0.0161786 0.1006385 0.02988916 0.006066331 0.1005253 0.03343871 0.01096239 0.101524 0.03053172 0.01145932 0.1005188 0.03189214 0.01096239 0.101524 0.03053172 0.01295855 0.1005176 0.03128781 0.01588172 0.1015238 0.02828719 0.01588172 0.1015238 0.02828719 0.01295855 0.1005176 0.03128781 0.01625515 0.1005318 0.02975944 0.01989256 0.1049924 0.01751917 0.01886792 0.1005198 0.02816996 0.02391076 0.1005502 0.02413494 0.02426065 0.1015238 0.02153636 0.02523887 0.1005207 0.02263098 0.007537411 0.1075495 0.01951846 0.004474301 0.104893 0.02609432 0.02748617 0.1015274 0.01721786 0.02254433 0.104893 0.0138811 0.02426065 0.1015238 0.02153636 -1.095733e-08 0.1075601 0.02016443 0.02139878 0.1075188 0.004254133 -0.01349238 0.1075775 0.01711779 0.02254433 0.104893 0.0138811 -0.004474331 0.104893 0.02609432 -0.00229687 0.1094905 0.01339532 -0.01975381 0.1015233 0.02573259 -0.02065282 0.1005203 0.02690161 -0.02488816 0.1005249 0.02315431 -0.02065282 0.1005203 0.02690161 -0.02374012 0.1015287 0.02209939 -0.01987416 0.104893 0.01749146 -0.01663222 0.104893 0.0205986 -0.02708429 0.1015238 0.01785599 -0.02756439 0.1015238 0.01697624 -0.02855258 0.100521 0.01829743 -0.03090457 0.100528 0.01400766 -0.02855258 0.100521 0.01829743 -0.0296685 0.1015244 0.01312276 -0.02488816 0.1005249 0.02315431 -0.02374012 0.1015287 0.02209939 -0.02708429 0.1015238 0.01785599 -0.01663222 0.104893 0.0205986 -0.01987416 0.104893 0.01749146 -0.02254435 0.104893 0.0138811 -0.02756439 0.1015238 0.01697624 -0.02254435 0.104893 0.0138811 -0.0296685 0.1015244 0.01312276 -0.02456599 0.104893 0.009871429 -0.02456599 0.104893 0.009871429 -0.03143501 0.1015238 0.008014694 -0.03276932 0.1005142 0.008726916 -0.03090457 0.100528 0.01400766 -0.03170824 0.1015237 0.006854933 -0.03143501 0.1015238 0.008014694 -0.02588091 0.104893 0.005577758 -0.02917129 0.1034162 0.001289591 -0.02992279 0.1029776 0.002796741 -0.02645128 0.104893 0.001123641 -0.02645128 0.104893 0.001123641 -0.02670128 0.1046775 -0.003544465 -0.02570072 0.1050298 -0.005441463 -0.02000111 0.1075601 -0.002561234 -0.02020106 0.1075585 0.00215947 -0.02588091 0.104893 0.005577758 -0.02992279 0.1029776 0.002796741 -0.03170824 0.1015237 0.006854933 -0.01378436 0.1095087 0.001145062 -0.02000111 0.1075601 -0.002561234 -0.01212568 0.1094909 0.006329707 -0.00945593 0.1094919 0.009865912 -0.005974336 0.1094823 0.01231 -0.01273281 0.1094905 -0.005036014 0.0052936 0.1094327 0.01365845 -1.095733e-08 0.1075601 0.02016443 -0.01928056 0.1075601 -0.005904603 -0.02421109 0.1052753 -0.008564751 -0.01800535 0.1075601 -0.009078104 -0.009205202 0.1094595 -0.0103502 -0.01621216 0.1075601 -0.01199044 -0.01800535 0.1075601 -0.009078104 -0.02324571 0.1052285 -0.01116005 -0.02421109 0.1052753 -0.008564751 -0.01621216 0.1075601 -0.01199044 -0.01800535 0.1075601 -0.009078104 -0.0224089 0.1050086 -0.0137493 -0.002941953 0.1073763 -0.02218014 -0.003223459 0.1094863 -0.01341779 0.002309829 0.1094911 -0.01347338 0.006200095 0.1094835 -0.01224485 -0.01506724 0.1049411 -0.02179774 -0.02183732 0.1032474 -0.01996345 -0.02189291 0.1005651 -0.02600138 -0.02095475 0.1015238 -0.02476476 -0.0165631 0.1015328 -0.02789964 -0.01090514 0.104893 -0.02412489 -0.01170288 0.101524 -0.03025538 -0.01090514 0.104893 -0.02412489 -0.006521813 0.101522 -0.03177762 -0.005968817 0.10052 -0.0333903 -0.01172873 0.1005309 -0.0319153 -0.01170288 0.101524 -0.03025538 -0.01719804 0.1005262 -0.02923231 -0.0165631 0.1015328 -0.02789964 -0.01170288 0.101524 -0.03025538 0.004106982 0.1016671 -0.03225347 -0.005968817 0.10052 -0.0333903 -2.287835e-05 0.1005045 -0.03403251 0.006827151 0.1004998 -0.03330152 0.009480944 0.101526 -0.03101901 0.009480944 0.101526 -0.03101901 0.006827151 0.1004998 -0.03330152 0.01304 0.1005128 -0.03129642 0.01430878 0.1018454 -0.0306015 0.01026324 0.1094906 -0.009033579 0.0190167 0.1005122 -0.02818456 0.01242502 0.1094933 -0.00581643 0.02318799 0.1015254 -0.0226836 0.02358844 0.100514 -0.02436035 0.0262804 0.1005211 -0.02142492 0.02232311 0.1050014 -0.01530433 0.01365902 0.1094813 -0.0005734385 0.02670169 0.1015227 -0.01841959 0.02318799 0.1015254 -0.0226836 0.02936328 0.1015218 -0.01379676 0.02670169 0.1015227 -0.01841959 0.0262804 0.1005211 -0.02142492 0.02950317 0.1004973 -0.01685179 0.03127626 0.1005164 -0.01294878 0.03209729 0.1005176 -0.01094286 0.02537562 0.1050195 -0.007749371 0.03123269 0.101523 -0.008768352 0.02936328 0.1015218 -0.01379676 0.0325923 0.1005176 -0.009150275 0.03341291 0.1004926 -0.006369669 0.01313814 0.1094753 0.00384679 0.01098809 0.1094918 0.008126394 0.02537562 0.1050195 -0.007749371 0.03259565 0.1015211 0.0004401256 0.03341291 0.1004926 -0.006369669 0.0339168 0.1005177 9.549483e-05 0.03318322 0.1005202 0.007557468 0.03161564 0.1015306 0.007216884 0.03161564 0.1015306 0.007216884 0.02456597 0.104893 0.009871431 0.02997051 0.1015238 0.01241618 0.03110918 0.1005154 0.01375286 0.03318322 0.1005202 0.007557468 0.02997051 0.1015238 0.01241618 0.02748617 0.1015274 0.01721786 0.02456597 0.104893 0.009871431 0.02763921 0.1005243 0.01964503 0.02748617 0.1015274 0.01721786 0.02523887 0.1005207 0.02263098 0.02426065 0.1015238 0.02153636 0.0002486088 0.1116448 0.0009445703 -0.00229687 0.1094905 0.01339532 0.01098809 0.1094918 0.008126394 -0.005974336 0.1094823 0.01231 0.01313814 0.1094753 0.00384679 -0.00945593 0.1094919 0.009865912 0.01365902 0.1094813 -0.0005734385 -0.01212568 0.1094909 0.006329707 0.01242502 0.1094933 -0.00581643 -0.01378436 0.1095087 0.001145062 0.01026324 0.1094906 -0.009033579 -0.01273281 0.1094905 -0.005036014 0.006200095 0.1094835 -0.01224485 -0.009205202 0.1094595 -0.0103502 0.002309829 0.1094911 -0.01347338 -0.003223459 0.1094863 -0.01341779 -0.06284995 -0.01839652 -0.01886546 -0.06262839 -0.01787495 -0.01895095 -0.05795918 -0.01791764 -0.02073129 -0.0678687 -0.01839776 -0.01740682 -0.07050348 -0.01790567 -0.0165907 -0.06262839 -0.01787495 -0.01895095 -0.05270514 -0.0184107 -0.02348794 -0.05795918 -0.01791764 -0.02073129 -0.05539455 -0.01785702 -0.02224129 -0.05285162 -0.01777084 -0.0237725 -0.0520313 -0.01834863 -0.02442029 -0.005616278 0.08500365 -0.04481886 -0.005092575 0.0859205 -0.04451419 -0.00221669 0.08593386 -0.04479669 -0.005092575 0.0859205 -0.04451419 -0.003698106 0.08836155 -0.04379028 0.002177445 0.08593386 -0.04479862 0.003385444 0.08882965 -0.04361771 0.006696155 0.08298793 -0.0453456 -0.001165995 0.08295033 -0.04578069 0.006696155 0.08298793 -0.0453456 -0.005616278 0.08500365 -0.04481886 -0.006615222 0.08295736 -0.04528338 -0.03021885 0.0006001882 -0.04872987 -0.02934449 0.0005998854 -0.04933156 -0.01924541 0.0005982184 -0.06358291 -0.02428518 0.0005853061 -0.05195349 -0.01554747 0.0005982843 -0.05983533 -0.01924541 0.0005982184 -0.06358291 -0.01299481 0.000595757 -0.05813279 -0.01811556 0.0005999195 -0.05429855 -0.01270404 0.0006828617 -0.05715942 -0.01291231 0.0006937264 -0.05604176 -0.02212728 0.0005970936 -0.06815774 -0.03327024 0.0006000255 -0.05675367 -0.03141337 0.0006000155 -0.06794292 -0.02440862 0.0005971641 -0.0737669 -0.02984939 0.0005999763 -0.07960979 -0.02622099 0.0006074792 -0.08114097 -0.02751223 0.0006237671 -0.09103885 -0.03327024 0.0006000255 -0.05675367 -0.03559737 0.0006020508 -0.04502874 -0.01924541 0.0005982184 -0.06358291 -0.03021885 0.0006001882 -0.04872987 -0.03046705 -0.01358061 -0.09104289 -0.02945675 -0.009664774 -0.09107447 -0.02925927 -0.01369406 -0.09105864 -0.02836594 -0.008150919 -0.09105936 -0.02836594 -0.008150919 -0.09105936 -0.02945675 -0.009664774 -0.09107447 -0.02792153 -0.006879456 -0.09110403 -0.02887789 -0.004490151 -0.09104554 -0.02925927 -0.01369406 -0.09105864 -0.02984514 -0.01560206 -0.09101419 -0.03046705 -0.01358061 -0.09104289 -0.03097801 -0.01554389 -0.0910302 -0.02904612 -0.004165608 -0.09054347 -0.02887789 -0.004490151 -0.09104554 -0.02957158 -0.008288736 -0.09055196 -0.02945675 -0.009664774 -0.09107447 -0.02887789 -0.004490151 -0.09104554 -0.02904612 -0.004165608 -0.09054347 -0.02867151 0.0005968076 -0.09103991 -0.02864727 8.815093e-05 -0.0906526 -0.03813894 -0.01418651 -0.04332584 -0.03724922 -0.01126319 -0.04367652 -0.03674757 -0.009964022 -0.04454361 -0.03830442 -0.01421866 -0.04276012 -0.03813894 -0.01418651 -0.04332584 -0.04002904 -0.01788661 -0.04159837 -0.03939909 -0.01661667 -0.04175362 -0.04051448 -0.01832409 -0.04076773 -0.03832439 -0.01792361 -0.04939138 -0.03752624 -0.01792294 -0.0533067 -0.03753126 -0.01839922 -0.05308055 -0.0389902 -0.01839776 -0.0467691 -0.04002904 -0.01788661 -0.04159837 -0.03832439 -0.01792361 -0.04939138 -0.04015561 -0.01840242 -0.04151237 -0.04051448 -0.01832409 -0.04076773 -0.03752624 -0.01792294 -0.0533067 -0.03497913 -0.01791902 -0.06585874 -0.03753126 -0.01839922 -0.05308055 -0.03505845 -0.01839799 -0.06597804 -0.03203772 -0.0179192 -0.08800777 -0.03204566 -0.01837803 -0.08918205 -0.03497913 -0.01791902 -0.06585874 -0.03505845 -0.01839799 -0.06597804 -0.01580371 -0.01667819 -0.05615257 -0.01670023 -0.01839912 -0.05598884 -0.01595829 -0.01676006 -0.05679115 -0.01680809 -0.01836083 -0.0564743 -0.01680809 -0.01836083 -0.0564743 -0.01512325 -0.01426459 -0.05759768 -0.01595829 -0.01676006 -0.05679115 -0.0147713 -0.01353412 -0.05751919 -0.03604763 -0.006013687 -0.04529226 -0.03755658 -0.01214708 -0.04408616 -0.03674757 -0.009964022 -0.04454361 -0.03571943 -0.004786973 -0.04533269 -0.03604763 -0.006013687 -0.04529226 -0.03568276 9.360595e-05 -0.04556547 -0.03551387 0.0001085884 -0.04552314 -0.03674757 -0.009964022 -0.04454361 -0.03755658 -0.01214708 -0.04408616 -0.03813894 -0.01418651 -0.04332584 -0.04002904 -0.01788661 -0.04159837 -0.03137816 -0.01599841 -0.09034649 -0.03052014 -0.01299511 -0.09056114 -0.03103182 -0.01586745 -0.09053055 -0.02957158 -0.008288736 -0.09055196 -0.02864727 8.815093e-05 -0.0906526 -0.02904612 -0.004165608 -0.09054347 -0.02892508 9.477508e-05 -0.09053843 -0.02957158 -0.008288736 -0.09055196 -0.07303002 -0.01250371 -0.01457139 -0.07297973 -0.01575853 -0.01551854 -0.07349591 -0.01589688 -0.0153326 -0.0735018 -0.01193227 -0.01442194 -0.0734569 -0.01020024 -0.01417497 -0.07303002 -0.01250371 -0.01457139 -0.0730149 -0.008019024 -0.01389972 -0.07350296 -0.008468805 -0.01382079 -0.07350235 -0.006069588 -0.01353287 -0.07350296 -0.008468805 -0.01382079 -0.07302755 -0.006027426 -0.01380947 -0.07349591 -0.01589688 -0.0153326 -0.07297973 -0.01575853 -0.01551854 -0.07273351 -0.01759252 -0.01582097 -0.07261612 -0.0166583 -0.01596601 -0.07302755 -0.006027426 -0.01380947 -0.07350235 -0.006069588 -0.01353287 -0.07302889 -0.003933656 -0.01336282 -0.07350142 -0.004050141 -0.01332496 -0.07349995 -0.0008398425 -0.01322684 -0.07302889 -0.003933656 -0.01336282 -0.07302615 -0.0007986698 -0.01342481 -0.0532671 -0.01175502 -0.02140383 -0.05299657 -0.01375812 -0.02206294 -0.05373963 -0.01267695 -0.02139527 -0.05335016 -0.01451709 -0.02205018 -0.05299657 -0.01375812 -0.02206294 -0.05254049 -0.01628986 -0.02312368 -0.05285162 -0.01777084 -0.0237725 -0.05230295 -0.01723841 -0.02364565 -0.0520313 -0.01834863 -0.02442029 -0.07350001 0.0005999932 -0.01317958 -0.07349995 -0.0008398425 -0.01322684 -0.07337555 0.000624923 -0.01205091 -0.07348923 -0.001652685 -0.01198668 -0.07349995 -0.0008398425 -0.01322684 -0.07350142 -0.004050141 -0.01332496 -0.07348923 -0.001652685 -0.01198668 -0.07350361 -0.006938664 -0.01235405 -0.07287051 -0.01705203 -0.01429796 -0.07346666 -0.01573835 -0.01402565 -0.073035 -0.01706866 -0.01483053 -0.07350663 -0.01572267 -0.01461979 -0.07180408 -0.01820189 -0.01527341 -0.073035 -0.01706866 -0.01483053 -0.07273351 -0.01759252 -0.01582097 -0.07349591 -0.01589688 -0.0153326 -0.07297973 -0.01575853 -0.01551854 -0.07303002 -0.01250371 -0.01457139 -0.07303374 -0.0103656 -0.01447608 -0.0730149 -0.008019024 -0.01389972 -0.05404905 -0.008791651 -0.02072118 -0.05436696 -0.004125677 -0.01990971 -0.05402469 -0.008741397 -0.02040656 -0.0543155 -0.002515451 -0.01958362 0.04970515 0.06278335 -0.002599862 0.04969374 0.0627794 0.00386432 0.05195364 0.04762739 -0.002719984 0.05186878 0.04762739 0.004025751 0.05492475 0.0006499987 -0.00287554 0.05499902 0.001649998 2.404084e-09 0.05483506 0.0006499987 0.004255976 0.05497112 0.004626506 0.001000002 -0.02773657 0.003307616 -0.1128885 -0.02763259 0.0007058529 -0.1130681 -0.02751599 0.0007791189 -0.1193841 -0.02752104 9.263778e-08 -0.1189732 -0.02751599 0.0007791189 -0.1193841 -0.02813096 0.007158326 -0.112623 -0.02800713 0.005949174 -0.1127069 -0.02797054 0.007178935 -0.12295 -0.02751599 0.0007791189 -0.1193841 -0.02750582 0.000799995 -0.12295 -0.0275 -4.808253e-09 -0.12295 -0.02750135 -4.808312e-09 -0.12195 -0.02797053 -0.007178945 -0.12295 -0.02753047 -0.001000005 -0.1189735 -0.02818171 0.007653933 -0.1125886 -0.02797054 0.007178935 -0.12295 -0.02895266 0.01182595 -0.1120409 -0.02937407 0.01423504 -0.12295 -0.03133524 0.01981653 -0.1101781 -0.02895266 0.01182595 -0.1120409 -0.02937407 0.01423504 -0.12295 -0.03168663 0.02104759 -0.12295 -0.0319187 0.02096303 -0.1097439 -0.03133524 0.01981653 -0.1101781 -0.03486861 0.0275 -0.12295 -0.03319626 0.02375838 -0.1088049 -0.03484236 0.02675594 -0.107609 -0.02833209 -0.007131344 -0.1065264 -0.02957158 -0.008288736 -0.09055196 -0.02972633 -0.01414066 -0.1065264 -0.03052014 -0.01299511 -0.09056114 -0.04650833 0.0006499942 -0.03364128 -0.04859184 -0.02333545 -0.03059631 -0.04650833 -0.02351508 -0.03364128 -0.04429429 -0.02264059 -0.03652835 -0.04650833 0.0006499942 -0.03364128 -0.05071041 -0.02114945 -0.02692804 -0.04151896 -0.01967368 -0.03971123 -0.05068287 0.0006499941 -0.02694452 -0.04145474 0.0006499945 -0.03970219 -0.05165974 -0.01899707 -0.02505035 -0.05255007 -0.01548688 -0.02309221 -0.04058276 -0.01808962 -0.04057366 -0.03967757 -0.01657629 -0.04147832 -0.03799421 -0.01262071 -0.04302522 -0.03621616 -0.006113645 -0.04454013 -0.03585102 0.0006501316 -0.04482027 -0.05379051 0.0006499971 -0.02002453 -0.05376125 -0.002928289 -0.02011189 -0.05376125 -0.002928289 -0.02011189 -0.05360712 -0.006458868 -0.02051407 -0.0530198 -0.01302932 -0.02201335 -0.05255007 -0.01548688 -0.02309221 -0.02763259 0.0007058529 -0.1130681 -0.02773657 0.003307616 -0.1128885 -0.02771521 0.002783033 -0.1124556 -0.02800713 0.005949174 -0.1127069 -0.02648852 0.005437555 -0.0816445 -0.02645719 0.0006631379 -0.08220625 -0.02713229 0.0062723 -0.0853225 -0.02694837 0.0006555154 -0.08615488 -0.02451901 0.0006499952 -0.07411305 -0.02645719 0.0006631379 -0.08220625 -0.02565964 0.004885 -0.07784159 -0.02648852 0.005437555 -0.0816445 -0.02850581 -0.001000005 -0.1189735 -0.02753047 -0.001000005 -0.1189735 -0.02850581 -4.852219e-09 -0.12195 -0.02750135 -4.808312e-09 -0.12195 -0.02850581 -4.852219e-09 -0.12195 -0.02750135 -4.808312e-09 -0.12195 -0.02850581 0.0009999952 -0.1189735 -0.02751599 0.0007791189 -0.1193841 0.054 0.004626506 0.001000002 0.05497112 0.004626506 0.001000002 0.054 0.001649998 2.360415e-09 0.05499902 0.001649998 2.404084e-09 0.054 0.001649998 2.360415e-09 0.05499902 0.001649998 2.404084e-09 0.054 0.004626506 -0.0009999976 0.05497112 0.004626506 -0.0009999976 0.054 0.004626506 -0.0009999976 0.05497112 0.004626506 -0.0009999976 0.054 0.004626506 0.001000002 0.05497112 0.004626506 0.001000002 -0.0165631 0.1015328 -0.02789964 -0.01719804 0.1005262 -0.02923231 -0.02095475 0.1015238 -0.02476476 -0.02189291 0.1005651 -0.02600138 -0.02747078 -0.002304282 -0.09095584 -0.02792153 -0.006879456 -0.09110403 -0.02887789 -0.004490151 -0.09104554 -0.02749376 -0.0009523934 -0.09115043 -0.02867151 0.0005968076 -0.09103991 -0.02751223 0.0006237671 -0.09103885 -0.03103182 -0.01586745 -0.09053055 -0.03128421 -0.0166801 -0.09079978 -0.03188443 -0.01740116 -0.08945015 -0.03204566 -0.01837803 -0.08918205 -0.03203772 -0.0179192 -0.08800777 -0.02867151 0.0005968076 -0.09103991 -0.02864727 8.815093e-05 -0.0906526 -0.02984939 0.0005999763 -0.07960979 -0.0314093 9.696073e-05 -0.06794685 -0.03141337 0.0006000155 -0.06794292 -0.05690828 -0.01821562 -0.007720253 -0.05718732 -0.01448239 -0.006441783 -0.05717913 -0.01833773 -0.007009929 -0.05764083 -0.01480646 -0.005422992 -0.05793536 -0.01835228 -0.006523272 -0.07350142 -0.004050141 -0.01332496 -0.07350235 -0.006069588 -0.01353287 -0.07350361 -0.006938664 -0.01235405 -0.07350296 -0.008468805 -0.01382079 -0.0734569 -0.01020024 -0.01417497 -0.05667655 -0.01376007 -0.009932437 -0.05609361 -0.0183522 -0.01219523 -0.05573989 -0.01378642 -0.01413531 -0.05567215 -0.01832973 -0.01405508 -0.05448283 -0.01381278 -0.01825099 -0.05567215 -0.01832973 -0.01405508 -0.05441593 -0.01845096 -0.0187153 -0.05254049 -0.01628986 -0.02312368 -0.05299657 -0.01375812 -0.02206294 -0.05448283 -0.01381278 -0.01825099 -0.05441593 -0.01845096 -0.0187153 -0.05230295 -0.01723841 -0.02364565 -0.05779163 0.05781302 -0.0003018595 -0.05823079 0.05746169 -0.00143961 -0.0585064 0.0527641 -0.0005900065 -0.05995148 0.05326451 -0.005801378 -0.05909506 0.04580668 -0.001056361 -0.03621616 -0.006113645 -0.04454013 -0.03604763 -0.006013687 -0.04529226 -0.03585102 0.0006501316 -0.04482027 -0.03568276 9.360595e-05 -0.04556547 -0.03427391 9.549846e-05 -0.0532428 -0.07210834 0.0007175409 -0.01170551 -0.07991166 0.0006989093 -0.01271216 -0.06960539 0.0006488374 -0.0141524 -0.06724875 0.0006992788 -0.009903288 -0.06605443 0.0006499896 -0.01520096 -0.06044216 0.0006498181 -0.01690639 -0.06500579 0.0006565735 -0.008673487 -0.06187769 0.000640882 -0.005937157 -0.05988138 0.0006582745 -0.003300981 -0.05825932 0.0006408658 -0.0005697003 -0.05379051 0.0006499971 -0.02002453 -0.05476171 0.0006499939 0.009654401 -0.05068287 0.0006499941 -0.02694452 -0.04650833 0.0006499942 -0.03364128 -0.04145474 0.0006499945 -0.03970219 -0.03585102 0.0006501316 -0.04482027 -0.05189945 0.0006497311 0.01829329 -0.05430894 0.0006502641 0.01112088 -0.01628538 0.0006505552 -0.06047302 -0.01893121 0.0006510073 -0.06315719 -0.01310336 0.000649581 -0.05813786 -0.03248602 0.0006470964 -0.06191906 -0.009648723 0.00064865 -0.05656977 -0.02185209 0.0006267772 -0.06734388 -0.007453837 0.0006499959 -0.05592399 -0.02451901 0.0006499952 -0.07411305 -0.006578563 0.000649996 -0.05567348 -0.004651737 0.0006309004 -0.0552889 1.20062e-05 0.0006499582 -0.05500085 -0.02949708 0.0006519769 -0.08389559 -0.05056126 0.0006499867 0.02165414 -0.02645719 0.0006631379 -0.08220625 0.005002125 0.0006499965 -0.05477202 -0.02694837 0.0006555154 -0.08615488 0.01204764 0.0006499969 -0.05366424 -0.02701117 0.0006499951 -0.08689057 -0.02735547 0.0006583616 -0.09021736 -0.02777523 0.0006620209 -0.09908671 0.01889057 0.0006499971 -0.05165407 -0.02814865 0.0006498226 -0.1011177 0.02541584 0.0006499974 -0.04877531 -0.02775054 0.0006537018 -0.1020057 0.03151374 0.0006499977 -0.04507638 -0.02774698 0.0006499951 -0.1043658 0.03708171 0.0006499978 -0.04061948 -0.02774164 0.0006472798 -0.1082954 0.04202616 0.0006499981 -0.03547954 -0.02770509 0.0005329927 -0.1103597 -0.02763259 0.0007058529 -0.1130681 0.04626391 0.0006499983 -0.029743 -0.04816483 0.0006569857 0.02657233 -0.04614574 0.0006798059 0.03002107 -0.04104459 0.0006499945 0.03661064 -0.04614574 0.0006798059 0.03002107 -0.03596204 0.0006499948 0.04161404 -0.03027478 0.000649995 0.04591769 -0.02407843 0.0006499953 0.04944922 -0.0174772 0.0006499955 0.05214925 -0.01058207 0.0006499958 0.05397237 -0.003509018 0.0006499962 0.05488792 0.003623046 0.0006499965 0.05488051 0.01069419 0.0006499967 0.05395027 0.01758551 0.000649997 0.05211282 0.04972372 0.0006499985 -0.02350633 0.05234741 0.0006499985 -0.01687438 0.05409085 0.0006499986 -0.009958684 0.05492475 0.0006499987 -0.00287554 0.05483506 0.0006499987 0.004255976 0.05382328 0.0006499986 0.0113159 0.05190647 0.0006499985 0.01818558 0.04911683 0.0006499984 0.02474944 0.04550125 0.0006499983 0.03089713 0.04112057 0.0006499981 0.03652527 0.03604843 0.0006499978 0.04153923 0.03037011 0.0006499976 0.04585469 0.02418112 0.0006499974 0.04939908 -0.02753047 -0.001000005 -0.1189735 -0.02850581 -0.001000005 -0.1189735 -0.02752104 9.263778e-08 -0.1189732 -0.02850581 0.0009999952 -0.1189735 -0.02751599 0.0007791189 -0.1193841 -0.03211605 0.1005887 -0.01093744 -0.03297587 0.1005428 -0.007962052 -0.02882808 0.1030659 -0.007991671 -0.03354009 0.100522 -0.005121439 -0.02914018 0.1033672 -0.003630052 -0.03354009 0.100522 -0.005121439 -0.0338241 0.1004975 -0.002624981 -0.02924132 0.1034385 0.0005941683 -0.02917129 0.1034162 0.001289591 -0.02917129 0.1034162 0.001289591 -0.02670128 0.1046775 -0.003544465 -0.02882808 0.1030659 -0.007991671 -0.02421109 0.1052753 -0.008564751 -0.02820223 0.1025523 -0.01247684 -0.02324571 0.1052285 -0.01116005 -0.0224089 0.1050086 -0.0137493 -0.02882808 0.1030659 -0.007991671 -0.03211605 0.1005887 -0.01093744 -0.03131637 0.1006089 -0.0131211 -0.02919737 0.1006102 -0.01725761 -0.02718794 0.1017986 -0.01706029 -0.02723092 0.1005989 -0.02022174 -0.02718794 0.1017986 -0.01706029 -0.0256648 0.1005819 -0.02217379 -0.02723092 0.1005989 -0.02022174 -0.02183732 0.1032474 -0.01996345 -0.02189291 0.1005651 -0.02600138 -0.02718794 0.1017986 -0.01706029 -0.03347053 0.1005179 0.00547934 -0.03170824 0.1015237 0.006854933 -0.03276932 0.1005142 0.008726916 -0.03397705 0.1004929 7.904395e-05 -0.02924132 0.1034385 0.0005941683 -0.0338241 0.1004975 -0.002624981 -0.03585545 -0.004583923 -0.04483201 -0.03568849 -0.002802036 -0.04496294 -0.03571943 -0.004786973 -0.04533269 -0.03551387 0.0001085884 -0.04552314 -0.03559737 0.0006020508 -0.04502874 -0.03327024 0.0006000255 -0.05675367 -0.0314093 9.696073e-05 -0.06794685 -0.03141337 0.0006000155 -0.06794292 -0.03427391 9.549846e-05 -0.0532428 -0.03568276 9.360595e-05 -0.04556547 -0.03551387 0.0001085884 -0.04552314 -0.0314093 9.696073e-05 -0.06794685 -0.03162256 8.799718e-05 -0.06795787 -0.02892508 9.477508e-05 -0.09053843 -0.02864727 8.815093e-05 -0.0906526 -0.05362172 -0.008166327 -0.02050673 -0.0532671 -0.01175502 -0.02140383 -0.05373963 -0.01267695 -0.02139527 -0.05402469 -0.008741397 -0.02040656 -0.05365691 -0.007481005 -0.02041205 -0.05388318 -0.003308691 -0.01980206 -0.0543155 -0.002515451 -0.01958362 -0.0543155 -0.002515451 -0.01958362 -0.05387164 -0.002588254 -0.01982772 -0.05393873 0.0006059172 -0.01971549 -0.05441697 9.133578e-05 -0.01957583 -0.05981693 6.293939e-06 -0.01685933 -0.05981693 6.293939e-06 -0.01685933 -0.0634107 0.0006027783 -0.01561072 -0.06576658 1.635148e-05 -0.01511552 -0.06576658 1.635148e-05 -0.01511552 -0.07295584 0.00010553 -0.01314492 -0.07350001 0.0005999932 -0.01317958 -0.07349995 -0.0008398425 -0.01322684 -0.07302615 -0.0007986698 -0.01342481 -0.05733883 0.0005964621 -0.003718045 -0.05947679 0.0006263701 -0.002932276 -0.05829847 0.0005943742 -0.002752224 -0.06000493 0.0005999937 -0.003465426 -0.05611806 0.0006018493 -0.01206427 -0.06186869 0.0005999937 -0.005686786 -0.0630648 0.0005999936 -0.007112406 -0.05393873 0.0006059172 -0.01971549 -0.06645744 0.0005880976 -0.009512527 -0.0634107 0.0006027783 -0.01561072 -0.06913076 0.0005999934 -0.01058855 -0.07337555 0.000624923 -0.01205091 -0.07350001 0.0005999932 -0.01317958 -0.07350663 -0.01572267 -0.01461979 -0.07350583 -0.01259718 -0.01328104 -0.07349591 -0.01589688 -0.0153326 -0.0735018 -0.01193227 -0.01442194 -0.0734569 -0.01020024 -0.01417497 -0.05733157 -0.01164824 -0.005520688 -0.05718732 -0.01448239 -0.006441783 -0.05667655 -0.01376007 -0.009932437 -0.05609361 -0.0183522 -0.01219523 -0.05690828 -0.01821562 -0.007720253 -0.03248602 0.0006470964 -0.06191906 -0.03585102 0.0006501316 -0.04482027 -0.03427391 9.549846e-05 -0.0532428 -0.03162256 8.799718e-05 -0.06795787 -0.02949708 0.0006519769 -0.08389559 -0.02892508 9.477508e-05 -0.09053843 -0.02814865 0.0006498226 -0.1011177 -0.02786469 -4.824194e-09 -0.1065264 -0.02833209 -0.007131344 -0.1065264 -0.02957158 -0.008288736 -0.09055196 -0.05404905 -0.008791651 -0.02072118 -0.05373963 -0.01267695 -0.02139527 -0.05360712 -0.006458868 -0.02051407 -0.05436696 -0.004125677 -0.01990971 -0.05376125 -0.002928289 -0.02011189 -0.05360712 -0.006458868 -0.02051407 -0.05441697 9.133578e-05 -0.01957583 -0.05379051 0.0006499971 -0.02002453 -0.06044216 0.0006498181 -0.01690639 -0.05981693 6.293939e-06 -0.01685933 -0.06605443 0.0006499896 -0.01520096 -0.06576658 1.635148e-05 -0.01511552 -0.05981693 6.293939e-06 -0.01685933 -0.02763259 0.0007058529 -0.1130681 -0.02771521 0.002783033 -0.1124556 -0.02766091 0.001445337 -0.1127751 -0.02770509 0.0005329927 -0.1103597 -0.02771902 0.001383977 -0.1097957 -0.02787682 0.00408873 -0.1091529 -0.02774164 0.0006472798 -0.1082954 -0.02771902 0.001383977 -0.1097957 -0.02800713 0.005949174 -0.1127069 -0.0285921 0.009513057 -0.1077754 -0.02813096 0.007158326 -0.112623 -0.02818171 0.007653933 -0.1125886 -0.02895266 0.01182595 -0.1120409 -0.02957158 -0.008288736 -0.09055196 -0.02945675 -0.009664774 -0.09107447 -0.03103182 -0.01586745 -0.09053055 -0.03046705 -0.01358061 -0.09104289 -0.03097801 -0.01554389 -0.0910302 -0.03128421 -0.0166801 -0.09079978 -0.08967894 0.05452945 -0.12295 -0.09673505 0.05312591 -0.12295 -0.09656271 0.05247496 -0.09806103 -0.09673505 0.05312591 -0.12295 -0.1035476 0.05081336 -0.12295 -0.09588668 0.04995975 -0.07380873 -0.1032749 0.05015439 -0.09114272 -0.09588668 0.04995975 -0.07380873 -0.1083611 0.04479269 -0.07380874 -0.11 0.04763138 -0.12295 -0.1035476 0.05081336 -0.12295 -0.09437382 -0.04432154 -0.04147832 -0.09387231 -0.04448826 -0.04147832 -0.0935201 -0.04311044 -0.03687718 -0.1000265 -0.04244237 -0.04147832 -0.0935201 -0.04311044 -0.03687718 -0.08754488 -0.04563688 -0.0414485 -0.09387231 -0.04448826 -0.04147832 -0.09437382 -0.04432154 -0.04147832 -0.09057476 -0.05083796 -0.07060663 -0.08249691 -0.04583776 -0.04147832 -0.09588668 -0.04995976 -0.07380873 -0.08948863 -0.05308393 -0.09013523 -0.08963135 -0.05416791 -0.1065264 -0.08948863 -0.05308393 -0.09013523 -0.0825 -0.05463532 -0.1065264 -0.0825 -0.05354198 -0.09013523 -0.07536866 -0.05416791 -0.1065264 -0.0825 -0.055 -0.12295 -0.07532106 -0.05452947 -0.12295 -0.07532106 -0.05452947 -0.12295 -0.06826495 -0.05312593 -0.12295 -0.06835934 -0.05277367 -0.1065264 -0.06826495 -0.05312593 -0.12295 -0.0614524 -0.05081338 -0.12295 -0.06159196 -0.05047645 -0.1065264 -0.07551137 -0.05308393 -0.09013523 -0.0825 -0.05354198 -0.09013523 -0.0825 -0.05172215 -0.07380873 -0.07574891 -0.05127966 -0.07380873 -0.07551137 -0.05308393 -0.09013523 -0.06911332 -0.04995976 -0.07380873 -0.06864233 -0.05171759 -0.09013523 -0.06864233 -0.05171759 -0.09013523 -0.05499999 -0.0476314 -0.12295 -0.0614524 -0.05081338 -0.12295 -0.0825 -7.21238e-09 -0.12295 -0.02797054 0.007178935 -0.12295 -0.02750582 0.000799995 -0.12295 -0.02937407 0.01423504 -0.12295 -0.03168663 0.02104759 -0.12295 -0.03486861 0.0275 -0.12295 -0.03886557 0.03348187 -0.12295 -0.04360913 0.03889086 -0.12295 -0.04901813 0.04363443 -0.12295 -0.05499999 0.04763139 -0.12295 -0.06145241 0.05081336 -0.12295 -0.06826495 0.05312591 -0.12295 -0.07532106 0.05452945 -0.12295 -0.08250001 0.05499999 -0.12295 -0.08967894 0.05452945 -0.12295 -0.09673505 0.05312591 -0.12295 -0.1035476 0.05081336 -0.12295 -0.11 0.04763138 -0.12295 -0.1159819 0.04363442 -0.12295 -0.1213909 0.03889086 -0.12295 -0.1261344 0.03348186 -0.12295 -0.1301314 0.02749999 -0.12295 -0.1333134 0.02104758 -0.12295 -0.1356259 0.01423503 -0.12295 -0.1370295 0.00717893 -0.12295 -0.1375 -9.616507e-09 -0.12295 -0.1370295 -0.00717895 -0.12295 -0.1356259 -0.01423506 -0.12295 -0.1333134 -0.0210476 -0.12295 -0.1301314 -0.0275 -0.12295 -0.1261344 -0.03348188 -0.12295 -0.1213909 -0.03889089 -0.12295 -0.1159819 -0.04363444 -0.12295 -0.11 -0.04763141 -0.12295 -0.1035476 -0.05081338 -0.12295 -0.09673505 -0.05312593 -0.12295 -0.08967894 -0.05452947 -0.12295 -0.0825 -0.055 -0.12295 -0.07532106 -0.05452947 -0.12295 -0.06826495 -0.05312593 -0.12295 -0.0614524 -0.05081338 -0.12295 -0.05499999 -0.0476314 -0.12295 -0.04901812 -0.04363444 -0.12295 -0.04360912 -0.03889088 -0.12295 -0.03886556 -0.03348188 -0.12295 -0.0348686 -0.0275 -0.12295 -0.03168662 -0.02104759 -0.12295 -0.02937407 -0.01423505 -0.12295 -0.02797053 -0.007178945 -0.12295 -0.0275 -4.808253e-09 -0.12295</float_array>
          <technique_common>
            <accessor count="6820" source="#verts-array-array" stride="3">
              <param type="float" name="X"/>
              <param type="float" name="Y"/>
              <param type="float" name="Z"/>
            </accessor>
          </technique_common>
        </source>
        <source id="normals-array">
          <float_array count="20460" id="normals-array-array">-0.4720292 -0.8721109 -0.1288835 -0.4720292 -0.8721109 -0.1288835 -0.4720292 -0.8721109 -0.1288835 0.3394622 -0.9032265 -0.262578 0.3394622 -0.9032265 -0.262578 0.3394622 -0.9032265 -0.262578 -0.1796964 -0.9079379 0.3786263 -0.1796964 -0.9079379 0.3786263 -0.1796964 -0.9079379 0.3786263 -0.4925664 -0.5378557 0.6841708 -0.4925664 -0.5378557 0.6841708 -0.4925664 -0.5378557 0.6841708 0.7075015 -0.5856014 -0.3956167 0.7075015 -0.5856014 -0.3956167 0.7075015 -0.5856014 -0.3956167 0.7802352 -0.6254677 0.004826557 0.7802352 -0.6254677 0.004826557 0.7802352 -0.6254677 0.004826557 0.7913425 -0.5032057 0.3472191 0.7913425 -0.5032057 0.3472191 0.7913425 -0.5032057 0.3472191 0.6362384 -0.5729575 0.5166434 0.6362384 -0.5729575 0.5166434 0.6362384 -0.5729575 0.5166434 0.5275986 -0.6430938 -0.5550407 0.5275986 -0.6430938 -0.5550407 0.5275986 -0.6430938 -0.5550407 0.5525268 0.1894192 -0.8116862 0.5525268 0.1894192 -0.8116862 0.5525268 0.1894192 -0.8116862 0.3466252 -0.7030239 -0.6209737 0.3466252 -0.7030239 -0.6209737 0.3466252 -0.7030239 -0.6209737 -0.613071 -0.3822765 0.6913817 -0.613071 -0.3822765 0.6913817 -0.613071 -0.3822765 0.6913817 -0.7117163 -0.3227937 0.6239104 -0.7117163 -0.3227937 0.6239104 -0.7117163 -0.3227937 0.6239104 -0.6707893 0.08295747 0.7369937 -0.6707893 0.08295747 0.7369937 -0.6707893 0.08295747 0.7369937 -0.7309717 -0.2166993 0.6470872 -0.7309717 -0.2166993 0.6470872 -0.7309717 -0.2166993 0.6470872 0.3209737 0.7888839 -0.5240593 0.3209737 0.7888839 -0.5240593 0.3209737 0.7888839 -0.5240593 -0.3057639 0.7981017 0.5191744 -0.3057639 0.7981017 0.5191744 -0.3057639 0.7981017 0.5191744 0.2193992 0.503895 0.8354363 0.2193992 0.503895 0.8354363 0.2193992 0.503895 0.8354363 0.3768771 0.507065 0.7751443 0.3768771 0.507065 0.7751443 0.3768771 0.507065 0.7751443 0.03647893 0.5374076 0.8425333 0.03647893 0.5374076 0.8425333 0.03647893 0.5374076 0.8425333 0.7377631 0.5192479 0.4313782 0.7377631 0.5192479 0.4313782 0.7377631 0.5192479 0.4313782 -0.1775518 0.02570582 -0.9837757 -0.1775518 0.02570582 -0.9837757 -0.1775518 0.02570582 -0.9837757 -0.2168784 0.7864569 -0.5783159 -0.2168784 0.7864569 -0.5783159 -0.2168784 0.7864569 -0.5783159 -0.6749191 0.5722673 -0.4658264 -0.6749191 0.5722673 -0.4658264 -0.6749191 0.5722673 -0.4658264 -0.7415316 0.4464302 0.5008302 -0.7415316 0.4464302 0.5008302 -0.7415316 0.4464302 0.5008302 -0.6523972 0.4838766 0.5833021 -0.6523972 0.4838766 0.5833021 -0.6523972 0.4838766 0.5833021 0.2991301 -0.8780679 -0.3735211 0.2991301 -0.8780679 -0.3735211 0.2991301 -0.8780679 -0.3735211 0.2997998 -0.8778271 -0.3735502 0.2997998 -0.8778271 -0.3735502 0.2997998 -0.8778271 -0.3735502 0.9113472 0.4000363 -0.09704241 0.9113472 0.4000363 -0.09704241 0.9113472 0.4000363 -0.09704241 0.9385685 0.3437898 -0.02996141 0.9385685 0.3437898 -0.02996141 0.9385685 0.3437898 -0.02996141 0.060221 -0.9981513 -0.008211933 0.060221 -0.9981513 -0.008211933 0.060221 -0.9981513 -0.008211933 0.06317196 -0.9979452 -0.01071322 0.06317196 -0.9979452 -0.01071322 0.06317196 -0.9979452 -0.01071322 0.8715174 -0.4901175 -0.0155609 0.8715174 -0.4901175 -0.0155609 0.8715174 -0.4901175 -0.0155609 -0.9307743 -0.3530657 -0.09488854 -0.9307743 -0.3530657 -0.09488854 -0.9307743 -0.3530657 -0.09488854 -0.7536786 -0.1802406 -0.6320458 -0.7536786 -0.1802406 -0.6320458 -0.7536786 -0.1802406 -0.6320458 -0.3684083 -0.5524063 -0.747745 -0.3684083 -0.5524063 -0.747745 -0.3684083 -0.5524063 -0.747745 -0.4118763 -0.3560895 -0.8387837 -0.4118763 -0.3560895 -0.8387837 -0.4118763 -0.3560895 -0.8387837 0.2340504 -0.2728392 -0.9331555 0.2340504 -0.2728392 -0.9331555 0.2340504 -0.2728392 -0.9331555 0.2340592 -0.2729465 -0.9331219 0.2340592 -0.2729465 -0.9331219 0.2340592 -0.2729465 -0.9331219 0.05568388 0.06825456 -0.9961128 0.05568388 0.06825456 -0.9961128 0.05568388 0.06825456 -0.9961128 0.07467866 -0.39947 -0.9136995 0.07467866 -0.39947 -0.9136995 0.07467866 -0.39947 -0.9136995 -0.5324537 0.323276 -0.7822952 -0.5324537 0.323276 -0.7822952 -0.5324537 0.323276 -0.7822952 -0.4392518 0.3149805 -0.8413353 -0.4392518 0.3149805 -0.8413353 -0.4392518 0.3149805 -0.8413353 0.9580574 -0.271949 -0.09038702 0.9580574 -0.271949 -0.09038702 0.9580574 -0.271949 -0.09038702 -0.5001097 -0.07831318 0.8624136 -0.5001097 -0.07831318 0.8624136 -0.5001097 -0.07831318 0.8624136 0.3782731 -0.3302355 0.8647855 0.3782731 -0.3302355 0.8647855 0.3782731 -0.3302355 0.8647855 0.4672607 -0.3515475 0.8112224 0.4672607 -0.3515475 0.8112224 0.4672607 -0.3515475 0.8112224 0.6131313 -0.359948 0.7032123 0.6131313 -0.359948 0.7032123 0.6131313 -0.359948 0.7032123 -0.9608691 0.2269179 0.1588674 -0.9608691 0.2269179 0.1588674 -0.9608691 0.2269179 0.1588674 -0.8929004 0.4462983 -0.05955339 -0.8929004 0.4462983 -0.05955339 -0.8929004 0.4462983 -0.05955339 -0.6268331 -0.6888488 0.3640982 -0.6268331 -0.6888488 0.3640982 -0.6268331 -0.6888488 0.3640982 -0.7730125 -0.4019039 0.4908411 -0.7730125 -0.4019039 0.4908411 -0.7730125 -0.4019039 0.4908411 -0.8076899 -0.3779149 0.4525676 -0.8076899 -0.3779149 0.4525676 -0.8076899 -0.3779149 0.4525676 -0.7041858 -0.6054023 0.3709588 -0.7041858 -0.6054023 0.3709588 -0.7041858 -0.6054023 0.3709588 0.009153338 -0.9998772 0.01271857 0.009153338 -0.9998772 0.01271857 0.009153338 -0.9998772 0.01271857 -0.1259661 -0.9653194 -0.2286722 -0.1259661 -0.9653194 -0.2286722 -0.1259661 -0.9653194 -0.2286722 -0.1027618 0.24327 -0.9644997 -0.1027618 0.24327 -0.9644997 -0.1027618 0.24327 -0.9644997 0.0233754 0.2033644 -0.978824 0.0233754 0.2033644 -0.978824 0.0233754 0.2033644 -0.978824 -0.9629037 0.2500667 0.1014056 -0.9629037 0.2500667 0.1014056 -0.9629037 0.2500667 0.1014056 -0.8776397 0.1296837 0.4614441 -0.8776397 0.1296837 0.4614441 -0.8776397 0.1296837 0.4614441 -0.7887301 0.07105572 0.6106192 -0.7887301 0.07105572 0.6106192 -0.7887301 0.07105572 0.6106192 -0.8231804 0.09539918 0.559708 -0.8231804 0.09539918 0.559708 -0.8231804 0.09539918 0.559708 -0.7099112 0.03668308 0.7033352 -0.7099112 0.03668308 0.7033352 -0.7099112 0.03668308 0.7033352 -0.9514882 0.2929337 -0.09412766 -0.9514882 0.2929337 -0.09412766 -0.9514882 0.2929337 -0.09412766 -0.9350502 0.3120602 -0.1682245 -0.9350502 0.3120602 -0.1682245 -0.9350502 0.3120602 -0.1682245 -0.9477533 0.214316 0.2362889 -0.9477533 0.214316 0.2362889 -0.9477533 0.214316 0.2362889 -0.9589696 0.2295168 0.1664311 -0.9589696 0.2295168 0.1664311 -0.9589696 0.2295168 0.1664311 -0.7112089 0.02541106 0.7025213 -0.7112089 0.02541106 0.7025213 -0.7112089 0.02541106 0.7025213 0.9464495 0.1632668 0.2785269 0.9464495 0.1632668 0.2785269 0.9464495 0.1632668 0.2785269 0.9552429 -0.05097603 0.2913973 0.9552429 -0.05097603 0.2913973 0.9552429 -0.05097603 0.2913973 0.8298895 0.5497819 -0.09499085 0.8298895 0.5497819 -0.09499085 0.8298895 0.5497819 -0.09499085 0.6019758 0.6706624 0.4334017 0.6019758 0.6706624 0.4334017 0.6019758 0.6706624 0.4334017 0.05397263 0.7226834 0.6890687 0.05397263 0.7226834 0.6890687 0.05397263 0.7226834 0.6890687 0.02508728 -0.9884761 0.1492838 0.02508728 -0.9884761 0.1492838 0.02508728 -0.9884761 0.1492838 0.2018912 0.4151275 -0.887079 0.2018912 0.4151275 -0.887079 0.2018912 0.4151275 -0.887079 0.4952218 0.7256516 -0.4776873 0.4952218 0.7256516 -0.4776873 0.4952218 0.7256516 -0.4776873 0.3151913 0.9158592 -0.2487095 0.3151913 0.9158592 -0.2487095 0.3151913 0.9158592 -0.2487095 -0.09954516 0.9930386 0.06296973 -0.09954516 0.9930386 0.06296973 -0.09954516 0.9930386 0.06296973 -0.7279637 0.5361241 0.4273638 -0.7279637 0.5361241 0.4273638 -0.7279637 0.5361241 0.4273638 -0.1305198 -0.5561176 -0.820791 -0.1305198 -0.5561176 -0.820791 -0.1305198 -0.5561176 -0.820791 -0.2639243 -0.5430149 0.7971692 -0.2639243 -0.5430149 0.7971692 -0.2639243 -0.5430149 0.7971692 -0.6890557 0.6250384 0.3667823 -0.6890557 0.6250384 0.3667823 -0.6890557 0.6250384 0.3667823 -0.713994 0.5836587 0.3867234 -0.713994 0.5836587 0.3867234 -0.713994 0.5836587 0.3867234 -0.8375446 -0.4157438 0.3545083 -0.8375446 -0.4157438 0.3545083 -0.8375446 -0.4157438 0.3545083 -0.772121 -0.5005135 0.3915551 -0.772121 -0.5005135 0.3915551 -0.772121 -0.5005135 0.3915551 0.1528942 -0.8229523 -0.5471498 0.1528942 -0.8229523 -0.5471498 0.1528942 -0.8229523 -0.5471498 0.1473326 -0.8392364 -0.5234265 0.1473326 -0.8392364 -0.5234265 0.1473326 -0.8392364 -0.5234265 0.2414867 -0.1510335 -0.9585786 0.2414867 -0.1510335 -0.9585786 0.2414867 -0.1510335 -0.9585786 0.1958418 -0.4878193 -0.8506928 0.1958418 -0.4878193 -0.8506928 0.1958418 -0.4878193 -0.8506928 0.1805151 -0.6236466 -0.7605782 0.1805151 -0.6236466 -0.7605782 0.1805151 -0.6236466 -0.7605782 0.1148406 -0.8283822 -0.5482651 0.1148406 -0.8283822 -0.5482651 0.1148406 -0.8283822 -0.5482651 0.1814435 0.6079852 -0.7729374 0.1814435 0.6079852 -0.7729374 0.1814435 0.6079852 -0.7729374 0.2367083 0.452416 -0.8598191 0.2367083 0.452416 -0.8598191 0.2367083 0.452416 -0.8598191 0.0600802 0.9839163 -0.1682232 0.0600802 0.9839163 -0.1682232 0.0600802 0.9839163 -0.1682232 0.6442645 -0.5268517 -0.554392 0.6442645 -0.5268517 -0.554392 0.6442645 -0.5268517 -0.554392 0.3902067 -0.9200822 -0.03445814 0.3902067 -0.9200822 -0.03445814 0.3902067 -0.9200822 -0.03445814 -0.880582 -0.2266209 0.4161951 -0.880582 -0.2266209 0.4161951 -0.880582 -0.2266209 0.4161951 -0.6366448 0.7306772 -0.2465648 -0.6366448 0.7306772 -0.2465648 -0.6366448 0.7306772 -0.2465648 -0.6710315 0.7405531 0.0360266 -0.6710315 0.7405531 0.0360266 -0.6710315 0.7405531 0.0360266 -0.5396319 -0.747796 0.3867798 -0.5396319 -0.747796 0.3867798 -0.5396319 -0.747796 0.3867798 -0.5639985 -0.71764 0.4085323 -0.5639985 -0.71764 0.4085323 -0.5639985 -0.71764 0.4085323 -0.7891612 -0.1804814 0.5870699 -0.7891612 -0.1804814 0.5870699 -0.7891612 -0.1804814 0.5870699 0.2269132 -0.6622789 -0.7140707 0.2269132 -0.6622789 -0.7140707 0.2269132 -0.6622789 -0.7140707 0.3017253 -0.7005206 -0.6467092 0.3017253 -0.7005206 -0.6467092 0.3017253 -0.7005206 -0.6467092 0.116974 -0.9495473 -0.2909933 0.116974 -0.9495473 -0.2909933 0.116974 -0.9495473 -0.2909933 -0.1120506 -0.9934629 0.02182241 -0.1120506 -0.9934629 0.02182241 -0.1120506 -0.9934629 0.02182241 -0.8119824 -0.5580739 0.1709917 -0.8119824 -0.5580739 0.1709917 -0.8119824 -0.5580739 0.1709917 0.1398991 -0.1238978 -0.9823836 0.1398991 -0.1238978 -0.9823836 0.1398991 -0.1238978 -0.9823836 0.1593004 -0.08192709 -0.9838248 0.1593004 -0.08192709 -0.9838248 0.1593004 -0.08192709 -0.9838248 0.001607319 0.9994469 -0.03321679 0.001607319 0.9994469 -0.03321679 0.001607319 0.9994469 -0.03321679 -0.9582902 -0.1704796 0.2293832 -0.9582902 -0.1704796 0.2293832 -0.9582902 -0.1704796 0.2293832 -0.8958638 -0.05759418 0.4405802 -0.8958638 -0.05759418 0.4405802 -0.8958638 -0.05759418 0.4405802 -0.8998082 -0.01403142 0.43606 -0.8998082 -0.01403142 0.43606 -0.8998082 -0.01403142 0.43606 -0.9529715 0.06951881 0.2949788 -0.9529715 0.06951881 0.2949788 -0.9529715 0.06951881 0.2949788 -0.9471112 -0.2048414 0.2470232 -0.9471112 -0.2048414 0.2470232 -0.9471112 -0.2048414 0.2470232 -0.1865462 -0.9510533 0.24637 -0.1865462 -0.9510533 0.24637 -0.1865462 -0.9510533 0.24637 -0.3046375 -0.9276056 0.2162034 -0.3046375 -0.9276056 0.2162034 -0.3046375 -0.9276056 0.2162034 0.8644885 -0.5020353 0.02490398 0.8644885 -0.5020353 0.02490398 0.8644885 -0.5020353 0.02490398 0.7832761 -0.1980962 -0.5892678 0.7832761 -0.1980962 -0.5892678 0.7832761 -0.1980962 -0.5892678 -0.6251948 -0.135112 -0.7686848 -0.6251948 -0.135112 -0.7686848 -0.6251948 -0.135112 -0.7686848 0.4141281 -0.6563394 0.6306477 0.4141281 -0.6563394 0.6306477 0.4141281 -0.6563394 0.6306477 0.3279002 0.1075317 -0.9385725 0.3279002 0.1075317 -0.9385725 0.3279002 0.1075317 -0.9385725 0.4509794 0.05391281 -0.8909046 0.4509794 0.05391281 -0.8909046 0.4509794 0.05391281 -0.8909046 0.755779 -0.09114173 -0.648453 0.755779 -0.09114173 -0.648453 0.755779 -0.09114173 -0.648453 -0.4469734 0.8054267 -0.3892332 -0.4469734 0.8054267 -0.3892332 -0.4469734 0.8054267 -0.3892332 0.2022656 -0.9362896 0.2871418 0.2022656 -0.9362896 0.2871418 0.2022656 -0.9362896 0.2871418 0.2668803 -0.4947017 -0.8270702 0.2668803 -0.4947017 -0.8270702 0.2668803 -0.4947017 -0.8270702 0.3013593 0.1617272 -0.9396951 0.3013593 0.1617272 -0.9396951 0.3013593 0.1617272 -0.9396951 0.1524954 0.2693201 -0.9509005 0.1524954 0.2693201 -0.9509005 0.1524954 0.2693201 -0.9509005 0.9381902 0.3433244 0.04390312 0.9381902 0.3433244 0.04390312 0.9381902 0.3433244 0.04390312 0.9132738 0.1495683 -0.3788935 0.9132738 0.1495683 -0.3788935 0.9132738 0.1495683 -0.3788935 0.3599008 0.8613386 0.3585628 0.3599008 0.8613386 0.3585628 0.3599008 0.8613386 0.3585628 0.05805747 0.3681655 0.9279458 0.05805747 0.3681655 0.9279458 0.05805747 0.3681655 0.9279458 0.8302344 0.397034 -0.3912478 0.8302344 0.397034 -0.3912478 0.8302344 0.397034 -0.3912478 0.7725956 0.3705453 -0.5155503 0.7725956 0.3705453 -0.5155503 0.7725956 0.3705453 -0.5155503 0.6408639 0.4671864 -0.6091226 0.6408639 0.4671864 -0.6091226 0.6408639 0.4671864 -0.6091226 0.5537829 0.4255403 -0.7157094 0.5537829 0.4255403 -0.7157094 0.5537829 0.4255403 -0.7157094 0.4073419 0.5070323 -0.7595991 0.4073419 0.5070323 -0.7595991 0.4073419 0.5070323 -0.7595991 0.298596 0.3835951 -0.8738966 0.298596 0.3835951 -0.8738966 0.298596 0.3835951 -0.8738966 0.1615447 0.06662193 -0.9846141 0.1615447 0.06662193 -0.9846141 0.1615447 0.06662193 -0.9846141 -0.8544264 0.4274404 0.2953815 -0.8544264 0.4274404 0.2953815 -0.8544264 0.4274404 0.2953815 0.01354479 0.9998825 -0.007175611 0.01354479 0.9998825 -0.007175611 0.01354479 0.9998825 -0.007175611 -0.3295457 0.8081216 0.4881998 -0.3295457 0.8081216 0.4881998 -0.3295457 0.8081216 0.4881998 0.07676352 0.9611453 0.2651548 0.07676352 0.9611453 0.2651548 0.07676352 0.9611453 0.2651548 -0.07899559 0.8542684 0.5137949 -0.07899559 0.8542684 0.5137949 -0.07899559 0.8542684 0.5137949 0.2304789 0.9619386 0.1468113 0.2304789 0.9619386 0.1468113 0.2304789 0.9619386 0.1468113 -0.1570054 0.9412069 -0.29913 -0.1570054 0.9412069 -0.29913 -0.1570054 0.9412069 -0.29913 0.001834406 0.9999849 -0.005175461 0.001834406 0.9999849 -0.005175461 0.001834406 0.9999849 -0.005175461 -0.205906 0.9606203 -0.186578 -0.205906 0.9606203 -0.186578 -0.205906 0.9606203 -0.186578 -0.832519 -0.4103999 -0.3721346 -0.832519 -0.4103999 -0.3721346 -0.832519 -0.4103999 -0.3721346 0.9278246 0.08015356 -0.3643032 0.9278246 0.08015356 -0.3643032 0.9179161 0.003659345 -0.3967577 0.8511355 -0.2244681 -0.474534 0.6444065 -0.6543286 -0.39572 0.6470265 -0.6078717 -0.4602703 0.6476433 -0.587175 -0.4855756 -0.1116593 -0.9326432 0.3430871 -0.1116593 -0.9326432 0.3430871 -0.2097288 -0.8677459 0.4505894 -0.221285 -0.8583584 0.4628756 -0.2924865 -0.8377767 0.4610661 -0.3129974 -0.8308904 0.4600585 -0.3129974 -0.8308904 0.4600585 0.04353116 -0.6769692 0.7347229 0.04353116 -0.6769692 0.7347229 -0.04679246 -0.5948892 0.8024446 -0.07309395 -0.5686373 0.8193344 -0.07309395 -0.5686373 0.8193344 -0.1477458 -0.880424 0.4505827 -0.1541419 -0.8756794 0.4576306 -0.1541419 -0.8756794 0.4576306 -0.1497334 -0.7090475 0.6890802 -0.102391 -0.910914 0.3996895 -0.1512205 -0.6991898 0.6987604 -0.1512205 -0.6991898 0.6987604 0.9242797 -0.363479 -0.116576 0.8172495 -0.5655795 -0.1105582 0.8172495 -0.5655795 -0.1105582 0.9842033 0.1575089 -0.08083863 0.984026 0.1592889 -0.07949745 0.981247 0.1886145 -0.03973403 0.9848314 0.1622261 -0.06156096 0.9764717 0.1903287 0.1013805 0.9777679 0.2074733 0.03040857 0.968448 0.1920484 0.1588266 0.9778705 0.1560001 0.1394034 0.977571 0.1530302 0.1446948 0.9618449 0.2108533 0.1743423 0.9424639 0.2047464 0.2642741 0.9598744 0.2288419 -0.1620882 0.9178561 0.2431201 0.3137401 0.9749017 0.1953968 -0.1067084 0.9100496 0.1895327 0.3686286 0.9552698 0.1948975 -0.2224287 0.8979867 0.1614864 0.409319 0.8735116 0.1657123 0.4577302 0.8960017 0.1638981 0.4126965 0.8518212 0.1659959 0.496836 0.8287979 0.1662841 0.5342692 0.8359434 0.1909506 0.5145256 0.8005028 0.1682176 0.5752374 0.7808991 0.1632691 0.6029426 0.7989427 0.1692488 0.5771008 0.7183332 0.1592396 0.6772297 0.734461 0.1711277 0.6567209 0.6583052 0.1997328 0.7257693 0.6176015 0.1590287 0.7702456 0.5180485 0.1673549 0.8388194 0.5112975 0.1524561 0.845773 0.4527372 0.1619377 0.8768154 0.389004 0.1694088 0.9055255 0.2667579 0.1752138 0.9477027 0.3263206 0.1558054 0.9323302 0.264089 0.150049 0.9527551 0.1940135 0.1636514 0.9672523 0.09834699 0.1842581 0.9779452 -0.01570971 0.14959 0.9886233 0.05345875 0.1493488 0.9873384 0.2203597 0.2357152 0.9465093 -0.09396655 0.224983 0.9698211 -0.1592607 0.1497075 0.9758195 -0.2651882 0.1867354 0.9459414 -0.3578835 0.1711194 0.9179529 0.3832346 0.2076292 0.9000119 0.3847216 0.2056057 0.899842 0.5333762 0.240781 0.8108849 0.5139254 0.1942204 0.8355591 -0.2816727 0.1620414 0.9457289 -0.4185204 0.1863572 0.8888823 -0.4581669 0.1802735 0.8703933 -0.473115 0.1483817 0.8684153 -0.5497552 0.1705313 0.8177336 -0.5084186 0.1541108 0.8472074 -0.5379433 0.1484132 0.8298135 -0.5423924 0.2194317 0.8109625 -0.5831804 0.1415784 0.7999101 -0.5766126 0.1470979 0.8036667 -0.5834651 0.1935318 0.7887419 -0.6232829 0.1954011 0.7571901 -0.6992739 0.2015931 0.6858398 -0.6610233 0.1951298 0.7245499 -0.7048735 0.1786972 0.6864551 -0.6618821 0.194331 0.7239804 -0.7411468 0.1602317 0.6519412 -0.7713419 0.1629006 0.6152195 -0.7745718 0.1849067 0.6048538 -0.8025557 0.1682779 0.5723521 -0.665713 0.1477751 0.7314292 -0.6656415 0.1476728 0.731515 -0.6652328 0.1470888 0.7320042 -0.8056445 0.1708145 0.5672383 -0.8010676 0.1736783 0.5728233 -0.7870888 0.2413348 0.5676695 -0.8289573 0.2395228 0.5054292 -0.8628536 0.232169 0.4489779 -0.8765824 0.2210642 0.4274739 -0.8765824 0.2210642 0.4274739 -0.8827441 0.197178 0.4264782 -0.8798905 0.2253549 0.4183394 -0.8731721 0.2382936 0.4251902 -0.8570016 0.2340938 0.4590734 -0.8855908 0.2841767 0.3673862 -0.893327 0.2726458 0.3572551 -0.893327 0.2726458 0.3572551 -0.8984032 0.2772961 0.3405561 -0.8907729 0.2427482 0.3841834 -0.9037551 0.2819327 0.3220879 -0.8707696 0.2117948 0.4437378 -0.862978 0.2533013 0.4371583 -0.8711043 0.2060716 0.4457709 -0.8705318 0.2717685 0.4102637 -0.8176744 0.4304142 0.3822986 -0.8176744 0.4304142 0.3822986 -0.864819 0.2662227 0.4256919 -0.878524 0.2615099 0.39976 -0.878524 0.2615099 0.39976 -0.85744 0.3509157 0.3763707 -0.8451119 0.3844444 0.3714679 -0.8396596 0.2871317 0.4610067 -0.8322086 0.2913286 0.471759 -0.8315807 0.2956348 0.4701847 -0.8211069 0.2968527 0.4875059 -0.8415397 0.2894384 0.45611 -0.8284967 0.3022422 0.4714265 -0.8199962 0.307458 0.4827793 -0.8205812 0.3070303 0.4820569 -0.8339562 0.3150739 0.4530404 -0.8224886 0.3043958 0.4804744 -0.8410536 0.3183405 0.4373651 -0.8511442 0.3277841 0.4100136 -0.8541833 0.3271367 0.4041689 -0.8541833 0.3271367 0.4041689 -0.8240961 0.4209281 0.3790583 -0.8262884 0.4243213 0.3704037 -0.854737 0.3853334 0.3477683 -0.8811753 0.3230084 0.3452474 -0.8688462 0.3602519 0.3395951 -0.8540079 0.1919727 0.4835463 -0.8630543 0.1980744 0.4646545 -0.8511731 0.1896958 0.4894077 -0.849664 0.1914934 0.4913261 -0.9054838 0.3110508 0.2886981 -0.8888508 0.313544 0.3341173 -0.8747543 0.3024624 0.3785782 -0.8498194 0.3036279 0.430833 -0.8553353 0.286567 0.4316027 -0.8914952 0.3277005 0.3128077 -0.8242571 0.2767703 0.4939619 -0.8888493 0.4133667 0.1976736 -0.8182282 0.3310453 0.4700124 -0.796926 0.3280616 0.5072322 -0.8458387 0.3375677 0.4130435 -0.8536617 0.3432812 0.3916884 -0.8536617 0.3432812 0.3916884 -0.8574835 0.3351723 0.3903608 -0.8691174 0.3813043 0.3150271 -0.7884045 0.2979794 0.5381696 -0.9103565 0.3896014 0.1395056 -0.8698548 0.3883059 0.304255 -0.8858149 0.3832842 0.261582 -0.7969769 0.3281445 0.5070987 -0.786254 0.3325354 0.5207926 -0.7794858 0.3352012 0.5291899 -0.9044342 0.3787639 0.1963075 -0.8890707 0.409821 0.2039608 -0.7650326 0.321267 0.5581332 -0.7620849 0.3166204 0.5647815 -0.7328191 0.2802447 0.6200315 -0.7004312 0.3296073 0.6330523 -0.6988568 0.3257047 0.6368011 -0.6831477 0.3293034 0.6518194 -0.6413563 0.3178644 0.698301 -0.6067522 0.4362606 0.6644761 -0.6833273 0.2559442 0.683781 -0.6999757 0.2587324 0.6656512 -0.6544353 0.250793 0.7133143 -0.6319242 0.306442 0.7118743 -0.6319242 0.306442 0.7118743 -0.653158 0.2518495 0.7141124 -0.604673 0.2722107 0.7485131 -0.5860597 0.5039003 0.6345223 -0.544188 0.6566933 0.5221239 -0.5989986 0.5680788 0.5643467 -0.6873932 0.3654313 0.6276549 -0.613926 0.6612412 0.4311089 -0.7713605 0.3436152 0.5356599 -0.790331 0.2936659 0.5377148 -0.8066039 0.2924272 0.5136892 -0.6675973 0.6625124 0.3396926 -0.6602259 0.6736059 0.3322 -0.5748793 0.3281797 0.7495411 -0.5161081 0.3057153 0.8001066 -0.5760286 0.3122632 0.7554354 -0.5997569 0.3184597 0.7340811 -0.5997569 0.3184597 0.7340811 -0.496006 0.3137482 0.8096543 -0.4923515 0.3093873 0.8135536 -0.4681888 0.2868174 0.8357841 -0.5810638 0.2501983 0.7744454 -0.5454056 0.2504622 0.7998759 -0.4224014 0.2466836 0.8721951 -0.4117984 0.3152961 0.8549915 -0.4062972 0.3093571 0.8597795 -0.3853887 0.2739492 0.8811511 -0.286465 0.2805431 0.9160968 -0.2930967 0.2483596 0.9232615 -0.1990647 0.2975869 0.9337105 -0.327752 0.3132505 0.8913208 -0.3283892 0.3138025 0.890892 -0.3259878 0.311722 0.8925029 -0.2726384 0.4201628 0.8655238 -0.2247241 0.3268929 0.9179543 -0.07756146 0.3237026 0.9429745 -0.1283137 0.3184951 0.9391999 -0.1103822 0.32405 0.9395783 -0.03740631 0.3295706 0.9433896 -0.0393565 0.331237 0.9427264 0.01179174 0.304595 0.952409 0.0933466 0.2413918 0.9659277 0.1871046 0.3209195 0.9284409 0.06723317 0.3310265 0.9412232 0.0964454 0.3657214 0.9257138 0.05772938 0.4361618 0.8980146 0.09438257 0.3418783 0.9349926 0.1513083 0.3395719 0.9283301 0.2477774 0.3463547 0.9047899 0.2418307 0.3441666 0.9072306 0.2229679 0.4918595 0.841641 0.2672806 0.4937517 0.8275085 0.3020607 0.3090558 0.9018004 0.3073353 0.4973343 0.8112975 0.3327349 0.5398434 0.7732119 0.2915445 0.5430501 0.7874632 0.3634275 0.5411344 0.7583495 0.3614614 0.547118 0.7549885 0.3639417 0.4115303 0.8355772 0.3325659 0.3470577 0.8768984 0.4261478 0.307568 0.8507643 0.4064965 0.3920352 0.8252691 0.3560055 0.2866905 0.8894204 0.6395547 0.2753016 0.7177595 0.6652951 0.3656773 0.6508936 0.6342129 0.3640976 0.6820608 0.6658097 0.3655748 0.6504249 0.6666071 0.4522712 0.5925248 0.669512 0.2583773 0.6964157 0.7267091 0.3652459 0.5817983 0.6201201 0.4937798 0.6096168 0.6295479 0.5371886 0.5613358 0.6570455 0.484806 0.5772819 0.6570455 0.484806 0.5772819 0.7547657 0.3645713 0.5453591 0.7544772 0.3648305 0.5455849 0.7542544 0.3650305 0.5457592 0.5913658 0.4957963 0.6359815 0.5999625 0.4771106 0.6421919 0.5818497 0.4935173 0.6464454 0.5204465 0.5061957 0.6876782 0.502624 0.5641789 0.6550353 0.521219 0.5034274 0.6891238 0.7512579 0.2493152 0.6111084 0.7387922 0.3220812 0.591988 0.7624687 0.1756297 0.6227324 0.8117043 0.3081396 0.4961714 0.8038217 0.3637777 0.4706766 0.8023842 0.3652036 0.4720232 0.8372877 0.303867 0.4545483 0.8677855 0.2161314 0.4474769 0.8523983 0.2753304 0.4445339 0.8687664 0.2158838 0.4456895 0.8766012 0.3070447 0.370532 0.9262988 0.274585 0.2580186 0.941407 0.2960207 0.1616314 0.8482276 0.3603599 0.3881375 0.8479972 0.3606102 0.3884082 0.8473528 0.3613092 0.3891644 0.9474651 0.2675031 0.1753625 0.9307389 0.3445194 0.1226033 0.9276766 0.350239 0.1294169 0.9252594 0.3546279 0.1346627 0.9582252 0.2725342 0.08677336 0.9647833 0.2617195 0.02638461 0.9526932 0.3031499 -0.02181149 0.9597317 0.2626274 -0.09970872 0.9406013 0.2612403 -0.2168471 0.9221149 0.2538966 -0.2919599 0.9401192 0.3399114 0.0252225 0.9417095 0.3358125 0.02032528 0.9394392 0.3424812 0.0126767 0.8942503 0.4475195 0.00653388 0.8942503 0.4475195 0.00653388 0.9105103 0.2237873 -0.3476928 0.8817028 0.2747268 -0.3835693 0.9369257 0.1747574 -0.3027046 0.9518965 0.153576 -0.2651557 0.9521837 0.1545492 -0.2635542 0.9527244 0.1564123 -0.2604831 0.8445825 0.2686873 -0.4631279 0.9214396 0.1508913 -0.3580235 0.9219536 0.152033 -0.3562127 0.9208343 0.1495584 -0.360134 0.8828419 0.1761071 -0.4354039 0.8964746 0.3279564 -0.2979561 0.8812708 0.3244947 -0.3436057 0.8608569 0.4091978 -0.3024609 0.8659223 0.3372364 -0.3693917 0.804625 0.5084196 -0.3067379 0.8943571 0.3893558 -0.2202895 0.9089296 0.3318471 -0.2524369 0.8872322 0.3070477 -0.3442975 0.8363165 0.3547934 -0.4179669 0.7534581 0.5215475 -0.4003612 0.747275 0.5331783 -0.3966119 0.8450935 0.318045 -0.4297259 0.8429175 0.3203675 -0.4322669 0.8523642 0.4672588 -0.2348286 0.8800798 0.4062619 -0.2457861 0.8811523 0.403666 -0.2462203 0.9340326 0.339647 -0.1105578 0.9291481 0.3336271 -0.1593009 0.9306808 0.329119 -0.1597306 0.9349826 0.3471163 -0.07292282 0.9280564 0.3640095 -0.078794 0.8673223 0.4828031 -0.1210506 0.8974572 0.4076054 -0.1686073 0.9022386 0.3959648 -0.1708139 0.6744583 0.7291589 -0.115902 0.6494489 0.7582737 -0.0568959 0.6492163 0.7583611 -0.05836614 0.6426057 0.7609091 -0.08986267 0.6479283 0.7598731 -0.0527432 0.6431439 0.7634428 -0.05933845 0.6279817 0.7766743 -0.04915192 0.7548326 0.6526001 -0.06588539 0.641522 0.7648061 -0.05933993 0.7587725 0.649163 -0.05340086 0.860204 0.5057099 -0.06562374 0.6408233 0.7572784 -0.1259956 0.3301392 0.9418525 -0.06262611 0.640174 0.7554704 -0.1394335 0.6250972 0.7543015 -0.2007057 0.6242958 0.754229 -0.2034535 0.636586 0.7521131 -0.1705406 0.4177917 0.9056882 -0.07196516 0.2344509 0.9712123 -0.04218238 0.3021319 0.9503569 -0.07441794 0.6315529 0.7512005 -0.1919342 0.6307219 0.7514405 -0.1937187 0.4885303 0.8558847 -0.1697044 0.3151443 0.9416735 -0.1180473 0.3151443 0.9416735 -0.1180473 0.6066516 0.7465873 -0.2730957 0.6154204 0.7458311 -0.2549385 0.6110872 0.7681171 -0.1912292 0.6110872 0.7681171 -0.1912292 0.6007429 0.7410937 -0.2998136 0.5931353 0.742824 -0.3104884 0.5850584 0.7352382 -0.3422448 0.6441894 0.7624896 -0.0602461 0.6467313 0.7624451 -0.02039852 0.6467733 0.7624312 -0.01956642 0.8258633 0.5633711 0.0237236 0.8330863 0.552468 0.02731961 0.824716 0.5650728 0.02315887 0.3772683 0.9082781 -0.1808298 0.4419072 0.8815504 -0.1660932 0.3942444 0.880229 -0.2641369 0.3925761 0.8911766 -0.2273507 0.1487533 0.9881686 -0.03735232 0.389429 0.8612893 -0.3263829 0.2644321 0.9334192 -0.242496 0.3090222 0.9193551 -0.2434985 0.05881841 0.9962664 -0.06319466 0.281642 0.9323219 -0.2268341 0.2763237 0.9273062 -0.2524844 0.2459869 0.9210076 -0.3020519 0.3625012 0.8566193 -0.3671461 0.2680068 0.8729691 -0.4075504 0.2450312 0.8781053 -0.4109632 0.1569244 0.9325715 -0.3250923 0.12177 0.9692035 -0.2140481 0.1713621 0.8816154 -0.4397606 0.1751078 0.8716564 -0.457769 0.1425618 0.9226907 -0.358215 0.1612061 0.9379625 -0.3069837 0.1081705 0.8965489 -0.4295338 0.1279041 0.9176833 -0.3761622 0.03476176 0.9420193 -0.3337532 0.04044749 0.9785985 -0.2017647 0.02941958 0.9519395 -0.30487 0.02821661 0.9309761 -0.363988 0.05865913 0.9667946 -0.2487313 0.2530989 0.6980322 -0.6698447 0.0213272 0.913728 -0.4057663 -0.0469426 0.8354578 -0.547546 -0.08239091 0.9185865 -0.3865366 -0.01820414 0.9631467 -0.26836 -0.08904782 0.9402696 -0.3285781 -0.07729269 0.973081 -0.2171157 -0.3819386 0.6357467 -0.6707824 -0.104309 0.9820855 -0.1569325 -0.1618501 0.9535469 -0.2540726 -0.3351802 0.8575749 -0.3901532 -0.2920362 0.9123241 -0.2870184 -0.4197358 0.8550128 -0.30459 -0.239773 0.9581007 -0.1566906 -0.239773 0.9581007 -0.1566906 -0.4532686 0.8006061 -0.3918896 -0.4689042 0.7936673 -0.3875836 -0.404435 0.8126081 -0.4196433 -0.4875105 0.8019992 -0.3451532 -0.4898729 0.8045396 -0.3357686 -0.5158285 0.7912753 -0.3283356 -0.5041941 0.7884929 -0.3522318 -0.5528387 0.7615825 -0.3381739 -0.5060298 0.7691838 -0.3902438 -0.5318207 0.8030119 -0.2689584 -0.4642741 0.8208255 -0.3327088 -0.5938346 0.7645398 -0.2506778 -0.6108372 0.7677837 -0.1933549 -0.5593771 0.8040496 -0.201498 -0.6567021 0.7310498 -0.1852257 -0.6727968 0.7270423 -0.1369451 -0.6875918 0.7208971 -0.08674606 -0.6595663 0.741402 -0.1236742 -0.5581425 0.8036396 -0.2064956 -0.5825802 0.7969237 -0.1597275 -0.6250696 0.7695663 -0.1305973 -0.6455829 0.7602928 -0.07195539 -0.6088793 0.7846968 -0.116262 -0.6077442 0.786943 -0.1066195 -0.6888155 0.7242548 -0.0314361 -0.5455164 0.8360022 -0.05926376 -0.4086964 0.9103186 -0.06547759 -0.4086964 0.9103186 -0.06547759 -0.6914067 0.7210368 0.04541731 -0.6580731 0.752836 -0.01333252 -0.6593701 0.751677 -0.01458388 -0.3201878 0.9473487 0.00320228 -0.2088506 0.9778699 -0.01232353 -0.5303013 0.8443709 0.07627714 -0.3853367 0.9226685 0.01408727 -0.3978372 0.9172632 0.0188113 -0.340021 0.9374918 0.07412753 -0.1838224 0.9816407 0.05090003 -0.1314535 0.9897924 0.05505511 -0.004871028 0.9999871 0.001458929 -0.2289812 0.9683743 0.09909029 -0.3867995 0.898618 0.2070552 -0.3002931 0.933428 0.1963063 -0.03718247 0.9987056 0.03470669 -0.2108343 0.9678408 0.1372334 -0.2015926 0.9616245 0.186115 -0.193117 0.9542281 0.2283735 -0.1818361 0.9550742 0.2340276 -0.1671097 0.9559466 0.2413307 -0.07418894 0.9902751 0.117691 -0.03742189 0.9989018 0.02819266 -0.002475911 0.9999948 0.002079932 0.001753037 0.9999971 -0.001671596 0.1299992 0.9867901 -0.09667231 0.08091764 0.9903427 -0.1125772 0.0002856627 1 0.0001055293 0.008960422 0.9999472 -0.005024517 0.1584924 0.984975 -0.06858792 0.3832823 0.9169896 -0.1105659 0.3623908 0.9238117 -0.1234701 0.2944589 0.9411517 -0.165914 0.2694181 0.9340244 -0.2345472 0.2211462 0.94501 -0.2409367 -0.001183541 0.9999993 7.815587e-05 0.1610009 0.9506758 -0.2651308 -0.002230366 0.9999973 0.0005861486 0.06698181 0.9849069 -0.159599 -0.2110864 0.9774639 0.002631892 -0.02369597 0.9996832 0.008487701 -0.2310401 0.9719347 -0.04431115 -0.01097793 0.9999397 -0.0004189854 -0.01528386 0.9998154 0.01164274 -0.08674085 0.9960343 -0.01979067 0.08211586 0.9828227 -0.1652772 -0.07323634 0.9664106 -0.2463474 0.9343699 0.1202107 0.3354136 0.5886943 0.7309209 0.3452443 0.06177813 0.9977788 0.02491717 -0.1999519 0.9712359 -0.1293062 0.09668676 0.9875999 0.1236854 -0.9209469 0.2853841 -0.2653541 -0.8873261 0.3103073 -0.3411185 -0.8031863 0.5907206 -0.07707744 -0.1337041 0.9909132 0.01464005 -0.2144372 0.9671494 -0.1365235 -0.2144372 0.9671494 -0.1365235 -0.002988547 0.9999936 0.001983518 -0.009169511 0.9999265 -0.007932148 -0.001407317 0.9999984 -0.00110653 -0.002040503 0.9999963 -0.001801184 -0.001033901 0.9999993 -0.0006029513 0.1035488 0.9762464 0.1903172 -0.001890568 0.9999946 -0.002705768 0.05335974 0.990545 0.1263858 -0.03664626 0.9890971 -0.1426325 0.168224 0.939552 0.2982326 0.3334958 0.8143654 0.4749627 0.4892396 0.06427062 0.8697781 0.3517988 0.8129248 0.4641021 0.3517988 0.8129248 0.4641021 -0.08255284 0.9699857 -0.22872 -0.01736534 0.9951085 -0.09725022 -0.001128895 0.9999963 -0.002484697 -0.01647462 0.995443 -0.09392417 0.02734664 0.9969426 0.07319608 0.1003101 0.9366458 0.3356077 0.001285705 0.9999975 0.00184631 0.1199789 0.9403075 0.3184758 0.3481455 -0.0642434 0.9352366 -0.001565257 0.9999983 0.0009593076 0.001353719 0.9999819 -0.0058624 0.003062209 0.9999712 -0.006948369 0.003960589 0.9999638 -0.007529259 0.007769476 0.9999029 -0.01156825 0.008255532 0.9999109 -0.01048656 0.008106566 0.99993 -0.008619768 0.008361347 0.9999425 -0.006718107 0.01066603 0.9999175 -0.007151158 0.01080129 0.9999069 -0.008340768 0.0112435 0.9999245 -0.00496046 0.009210879 0.9999537 -0.002784782 0.002916784 0.9999956 -0.0004562492 0.1578794 0.9870977 -0.02668668 0.003734089 0.999993 -4.138102e-05 0.3810576 0.9238023 -0.03720648 0.4792409 0.8762649 -0.04988048 0.2607476 0.9653348 -0.01181005 0.4029008 0.9149612 0.02273579 0.1239137 0.9922809 -0.004894463 0.1045628 0.9944881 0.007744918 0.00762006 0.9999704 -0.001020903 0.3544174 0.93171 0.07940312 0.004709183 0.9999886 0.0007934489 0.007213567 0.9999729 0.001477148 0.09811793 0.9943103 0.04147225 0.1313425 0.9905173 0.04030624 -0.1064166 0.9938045 -0.03206471 -0.2256911 0.9723327 -0.06027051 -0.1268266 0.9907059 -0.04916161 -0.3556239 0.9146316 -0.1923036 0.0008105366 0.9999996 -0.0004423494 0.009449117 0.9999409 0.00536805 0.2292567 0.9659975 0.1195416 0.1945494 0.9773583 0.08319474 0.04424246 0.9982606 0.03896748 0.07175539 0.9946177 0.07474425 -0.004226631 0.9999522 -0.008814818 0.008984391 0.9998851 0.01221284 0.006482553 0.9999474 0.007949464 0.007055222 0.9998877 0.01322384 0.005235965 0.9999104 0.01231888 -0.001652607 0.9999984 -0.0006655649 0.01642566 0.9988432 0.04519298 -0.001492862 0.9999928 -0.003485524 0.009198999 0.9887373 0.1493786 -0.0002297464 1 -0.0001195002 -0.001569875 0.9999972 0.00177063 0.001063853 0.9999927 -0.003671538 0.03034643 0.9562648 0.2909239 0.01098792 0.9568061 0.290519 -0.000609629 0.9999951 0.003084819 -0.02133633 0.9949923 0.09764742 -0.06509588 0.9769919 0.2030991 -0.06509588 0.9769919 0.2030991 -0.04911984 0.9941344 0.09635349 -0.02991359 0.997067 0.07044503 0.1795614 0.9270147 -0.3292438 0.1479402 0.9297604 -0.3371339 0.1078935 0.9318032 -0.346557 -0.01554446 0.9389921 0.3435872 -0.04329429 0.9300445 0.3648874 0.09377214 0.8897208 0.4467703 0.09302667 0.8903679 0.4456355 0.1516924 0.8528886 0.4995703 0.1242177 0.9500251 0.2863954 0.204958 0.8940067 0.3984271 0.1246171 0.9732993 0.1927668 0.2258935 0.9338477 0.2773095 0.2586422 0.9279526 0.2683435 0.2808781 0.8984818 0.3373988 0.2808781 0.8984818 0.3373988 0.2545727 0.9468828 0.1964833 0.4211344 0.8676394 0.2642872 0.3499829 0.918067 0.1861855 0.4257278 0.895284 0.1312338 0.3992305 0.9013361 0.1679529 0.4467905 0.8785472 0.1689174 0.5705874 0.7970785 0.1977271 0.5978201 0.771626 0.2172659 0.5978201 0.771626 0.2172659 0.6075306 0.7698914 0.1953811 0.6070187 0.769387 0.1989269 0.6069456 0.7693148 0.1994283 0.4477889 0.8830382 0.1404585 0.3759943 0.9212428 0.09969964 0.3525744 0.9340364 0.05715999 0.3861978 0.9224155 -0.0009699362 0.004677703 0.9999425 -0.009649788 0.561983 0.8271346 -0.004843721 0.561983 0.8271346 -0.004843721 -0.03060346 -0.911963 0.4091295 0.01076581 -0.8097923 0.5866178 -0.03060346 -0.911963 0.4091295 0.04780429 -0.7363062 0.6749577 0.09633098 -0.8623216 0.4971135 0.1155544 -0.8079881 0.5777564 0.1160881 -0.8051972 0.5815333 0.4951268 -0.09159543 -0.863979 0.4951268 -0.09159543 -0.863979 0.493345 0.002730631 -0.8698294 0.4499087 0.1626844 -0.8781321 0.5226376 0.1594184 -0.8375176 0.5554451 0.1475262 -0.8183623 0.5610409 0.1535879 -0.813415 0.6099816 0.1574111 -0.7766236 0.6550071 0.1575812 -0.7390087 0.6594883 0.1611023 -0.7342488 0.6681769 0.1768792 -0.722671 0.5644152 0.1747825 -0.8067754 0.5690614 0.1496867 -0.8085561 0.4136959 0.1979532 -0.8886339 0.4204723 0.161694 -0.8927811 0.6449182 0.1496712 -0.7494525 0.6454049 0.1693171 -0.7448384 0.6728664 0.2216981 -0.7057626 0.6385056 0.1980358 -0.7437019 0.6385056 0.1980358 -0.7437019 0.7888605 0.1715188 -0.5901529 0.719242 0.1499115 -0.6783933 0.7132224 0.1578424 -0.6829345 0.7364686 0.1460643 -0.6605144 0.8227505 0.132565 -0.5527279 0.8617276 0.1618164 -0.4808752 0.8808758 0.1536488 -0.4477162 0.8551792 0.1903358 -0.4821213 0.7612286 0.2084661 -0.6140626 0.8413526 0.2442785 -0.4821347 0.7747103 0.2653631 -0.5739393 0.7506203 0.2523284 -0.610655 0.7218681 0.296099 -0.6254852 0.7821585 0.3183924 -0.5355878 0.7954035 0.3169816 -0.5165809 0.796156 0.3190493 -0.5141432 0.7970604 0.321562 -0.5111678 0.6580968 0.2791405 -0.6992776 0.659996 0.3146634 -0.6821966 0.6281527 0.2502221 -0.7367585 0.5902657 0.2529431 -0.7665547 0.6083815 0.3154212 -0.7282729 0.6095284 0.3166668 -0.7267718 0.6076803 0.3146605 -0.7291868 0.552856 0.2518433 -0.794308 0.5079626 0.2893983 -0.8113092 0.5039748 0.2241408 -0.8341285 0.5613378 0.1974873 -0.8036782 0.4989477 0.2089723 -0.8410599 0.4580723 0.2687759 -0.8473071 0.4377201 0.3597811 -0.8239895 0.4113402 0.7722063 -0.4842486 0.5425588 0.3154296 -0.7785462 0.542065 0.314988 -0.7790687 0.5434264 0.3162056 -0.7776258 0.4732799 0.3160899 -0.8222489 0.4775572 0.3121579 -0.8212774 0.4641391 0.3080023 -0.8304875 0.4066743 0.3169886 -0.8568163 0.4015762 0.3142868 -0.8602095 0.3626474 0.3425235 -0.8666975 0.3784962 0.3151747 -0.8702905 0.2722962 0.3355719 -0.9018017 0.2575827 0.318646 -0.9122039 0.2289789 0.3155266 -0.9208755 0.2718556 0.2554824 -0.9278056 0.2575757 0.2706881 -0.9275682 0.2058751 0.3238167 -0.9234491 0.1942974 0.3337181 -0.922432 0.1960281 0.332863 -0.9223748 0.03514985 0.3930117 -0.9188614 0.2111733 0.2089623 -0.9548511 0.2111733 0.2089623 -0.9548511 -0.1899469 0.5119536 -0.8377492 -0.1899469 0.5119536 -0.8377492 0.3052574 0.2230788 -0.925772 0.3612042 0.1910606 -0.9127033 0.2242391 0.2590946 -0.9394609 0.2586977 0.2621748 -0.9296988 0.2379589 0.2749704 -0.93154 0.2173464 0.2221853 -0.9504705 0.1670891 0.2627701 -0.9502805 0.1532892 0.2590988 -0.9536091 0.2447976 0.2302471 -0.9418389 0.1370411 0.3003746 -0.9439252 0.1678274 0.3065341 -0.9369476 0.1630482 0.3127101 -0.9357498 0.2495137 0.2395337 -0.9382785 0.1635635 0.3900203 -0.9061629 0.1760093 0.3444003 -0.9221763 0.2669146 0.1261565 -0.9554272 -0.2032673 0.5926831 0.7793645 0.2286249 0.1981355 -0.9531385 0.2593886 -0.09771532 -0.960817 0.27595 -0.09156896 -0.9568002 0.253199 -0.1529222 -0.9552513 0.2858336 -0.08627337 -0.9543878 0.2858336 -0.08627337 -0.9543878 0.253026 0.1680007 -0.952761 0.2369731 0.2507607 -0.9385962 0.2145645 0.2459633 -0.9452323 0.2045054 0.248008 -0.9469264 0.2731104 0.2956113 -0.9154368 0.2427227 0.2754813 -0.930159 0.203217 0.2507765 -0.9464745 0.203217 0.2507765 -0.9464745 0.2602889 0.2900085 -0.9209478 0.2796146 0.3013809 -0.9115839 0.246891 0.3224126 -0.9138353 0.2460285 0.3199346 -0.9149382 0.1909597 0.3332108 -0.923312 0.2434755 0.2875107 -0.9263138 0.2344051 0.1903072 -0.9533297 0.2344051 0.1903072 -0.9533297 0.1692744 0.342699 -0.924069 0.09086514 0.3597225 -0.9286244 0.03749156 0.36931 -0.9285497 0.07330955 0.3768406 -0.9233726 0.04082049 0.3764889 -0.9255213 -0.05461299 0.3853999 -0.9211321 -0.06685377 0.3927854 -0.9171969 -0.1764164 0.394773 -0.9016826 -0.1512737 0.4037809 -0.9022623 -0.3231146 0.4012392 -0.8570905 -0.1731063 0.4212991 -0.8902479 -0.3912597 0.3955976 -0.8309142 -0.3813575 0.4059255 -0.8305365 -0.3798453 0.4044308 -0.8319575 -0.3747063 0.3975777 -0.8375722 -0.4555885 0.3900752 -0.8001753 -0.3990644 0.4057992 -0.8222376 -0.493457 0.3798288 -0.7824514 -0.5654211 0.3850528 -0.7294061 -0.5715172 0.3822462 -0.7261239 -0.6170078 0.3834081 -0.6872406 -0.6172779 0.3831528 -0.6871404 -0.5345935 -0.7015125 0.4712644 -0.5345935 -0.7015125 0.4712644 -0.4966203 -0.7679603 0.4044814 -0.424998 -0.8492492 0.313293 -0.4662174 -0.8173992 0.3383782 -0.399442 -0.8649106 0.3039337 -0.399442 -0.8649106 0.3039337 -0.52486 -0.7788617 0.3433605 -0.5121122 -0.801289 0.3093172 -0.6523968 -0.6249758 0.4286999 -0.6894923 -0.5224309 0.5016636 -0.6735878 -0.5445762 0.4997162 -0.6860045 -0.5920967 0.4228703 -0.7042263 -0.6031538 0.3745274 -0.7298523 -0.5634204 0.3871344 -0.7094481 -0.5165297 0.4794585 -0.7441794 -0.4687655 0.4758738 -0.7040333 -0.4932193 0.510952 -0.7947083 -0.3528206 0.4939194 -0.6950206 -0.4926044 0.5237245 -0.8055665 -0.3702004 0.4626168 -0.8453233 -0.2501409 0.4720784 -0.8308969 -0.3600525 0.4242317 -0.8000307 -0.4556098 0.3903468 -0.7961261 -0.435469 0.4201784 -0.7283412 -0.5523262 0.4055303 -0.7387058 -0.5422669 0.4003253 -0.8182556 -0.3804011 0.4309905 -0.6854657 -0.6111139 0.395824 -0.7873511 -0.4676401 0.401735 -0.6788937 -0.6377708 0.3638017 -0.6606847 -0.6553803 0.3660224 -0.6814977 -0.6351831 0.3634602 -0.6814977 -0.6351831 0.3634602 -0.7560208 -0.5160213 0.4026843 -0.739405 -0.5499027 0.3884421 -0.6278426 -0.7182569 0.2998677 -0.6278426 -0.7182569 0.2998677 -0.8808608 -0.2597361 0.3957542 -0.8502828 -0.2982676 0.4336537 -0.779713 -0.5254339 0.340539 -0.5617828 -0.7865415 0.2564226 -0.5162085 -0.8140323 0.2662335 -0.5359827 -0.8170338 0.2125518 -0.5822104 -0.7360133 0.3454206 -0.6093857 -0.7610782 0.2222817 -0.7384697 -0.6292162 0.2423829 -0.4447412 -0.8905677 0.09536499 -0.5787226 -0.8005089 0.1557743 -0.5194892 -0.850311 0.08427457 -0.2139648 -0.9738921 0.07585032 -0.231874 -0.9711122 0.05635265 -0.3158391 -0.9464573 0.06681516 -0.2648844 -0.9635254 0.03814596 -0.0907404 -0.994472 0.05283522 -0.893608 -0.2869478 0.3451458 -0.8767513 -0.3279365 0.3518022 -0.9117728 -0.2671713 0.3119131 -0.9388095 -0.1793129 0.2940809 -0.9131789 -0.3217678 0.2501397 -0.916198 -0.1246574 0.3808435 -0.9132749 -0.1240032 0.3880105 -0.9176008 0.01530723 0.3972083 -0.9069442 0.05705837 0.4173687 -0.896896 0.08386102 0.4342176 -0.8960754 0.1060263 0.4310538 -0.8588596 -0.4707192 0.2019495 -0.9273336 -0.3138084 0.2039038 -0.8029339 -0.5623292 0.1976945 -0.8029339 -0.5623292 0.1976945 -0.7847086 -0.5978252 0.1638215 -0.7694795 -0.6195465 0.1551239 -0.8114 -0.5561962 0.1796548 -0.7822549 -0.5813079 0.2239607 -0.6028516 -0.7889792 0.118667 -0.6028516 -0.7889792 0.118667 -0.7678323 -0.5845338 0.2622094 -0.7678323 -0.5845338 0.2622094 -0.8547226 -0.121081 0.504766 -0.8650039 -0.2235927 0.4491933 -0.8048422 -0.3082672 0.5071492 -0.8256477 -0.03173939 0.5632926 -0.879822 -0.0203731 0.4748664 -0.8513265 -0.1056224 0.5138941 -0.8815519 0.1635252 0.4428609 -0.8796966 -0.1619101 0.447123 -0.8784475 -0.1695319 0.4467539 -0.4733935 0.7890123 -0.3916097 -0.4733935 0.7890123 -0.3916097 -0.414392 0.8049871 -0.4245881 -0.3670309 0.8076414 -0.4615232 -0.3612796 0.806 -0.4688721 -0.32557 0.776409 -0.5396232 -0.3034008 0.7977996 -0.5210219 -0.3022135 0.7983589 -0.5208551 -0.283236 0.8022547 -0.5255138 -0.197177 0.7572598 -0.6226386 -0.2617471 0.7514148 -0.6056932 -0.09919869 0.7225095 -0.6842073 -0.07355105 0.7098077 -0.700545 -0.02341285 0.6950517 -0.7185785 -0.008591074 0.6881077 -0.7255577 0.06188047 0.6688426 -0.7408242 0.1012363 0.6642627 -0.7406121 0.1707705 0.6526551 -0.738159 0.08716327 0.7866369 -0.6112324 0.08716327 0.7866369 -0.6112324 0.0452055 0.6912661 -0.7211849 0.1251755 0.6760901 -0.7261083 0.1905468 0.6731616 -0.7145246 0.1964938 0.6650913 -0.7204469 0.2245288 0.6522423 -0.7239936 0.2687026 0.5341089 -0.8015776 0.2609 0.5427601 -0.7983375 0.2788032 0.4613915 -0.8422509 0.4886484 0.2410715 -0.8385149 0.356412 0.4780147 -0.8027904 0.4273488 0.2766224 -0.8607282 0.5118535 0.196932 -0.836196 0.5118535 0.196932 -0.836196 0.3360755 0.5342835 -0.7756252 0.3360755 0.5342835 -0.7756252 0.4924184 0.4397674 -0.7510851 0.434513 0.6038626 -0.6682427 0.5331311 0.4345749 -0.7258898 0.56939 0.4334473 -0.6985117 0.5499243 0.4957239 -0.6721912 0.5491063 0.4981136 -0.6710924 -0.0124485 0.678729 -0.7342833 0.003409611 0.6841668 -0.7293176 0.05324995 0.6712355 -0.739329 -0.05057827 0.6987589 -0.7135669 -0.1231203 0.7062475 -0.6971771 -0.1415132 0.7064741 -0.6934467 -0.1584986 0.7114237 -0.6846565 -0.1699351 0.7157749 -0.6773392 -0.1785812 0.756593 -0.6290277 -0.2294901 0.7335458 -0.6397225 -0.2150491 0.710658 -0.669865 -0.3030419 0.7200501 -0.6242543 -0.2606632 0.7171391 -0.6463484 -0.2814737 0.7319852 -0.6204596 -0.3453026 0.7204514 -0.6014282 -0.3161808 0.739711 -0.5940179 -0.3482292 0.7559478 -0.5543279 -0.4031669 0.7651405 -0.5020124 -0.4311383 0.7704679 -0.4695732 -0.4691443 0.7717967 -0.4292243 -0.431121 0.7751444 -0.4618288 -0.3887116 0.7352679 -0.5552336 -0.4544377 0.7484332 -0.4830467 -0.322285 0.722276 -0.611923 -0.3683213 0.7274267 -0.5789558 -0.3995376 0.7334856 -0.5498806 -0.4523319 0.718769 -0.5279839 -0.4900855 0.7118837 -0.5030287 -0.4900855 0.7118837 -0.5030287 -0.4649126 0.736856 -0.4908152 -0.5298655 0.7367286 -0.4200875 -0.471176 0.7129766 -0.5192855 -0.496978 0.7202438 -0.484006 -0.5147319 0.7295785 -0.4502957 -0.528166 0.7332063 -0.4283098 -0.5629666 0.7262607 -0.3944794 -0.5628562 0.7263303 -0.3945087 -0.5772773 0.7170655 -0.3905997 -0.5537214 0.7305841 -0.3995491 -0.5905512 0.7313652 -0.3411073 -0.607858 0.7350623 -0.3003201 -0.6152213 0.7222495 -0.3160037 -0.6015445 0.7096142 -0.3668676 -0.6269521 0.7267318 -0.2806989 0.5971531 0.734845 -0.3215757 0.5971531 0.734845 -0.3215757 0.5604977 0.7310411 -0.3891288 0.5486852 0.7255812 -0.415303 0.5593835 0.7307283 -0.3913135 0.5216714 0.7240441 -0.4512418 0.5061528 0.7141082 -0.4835896 0.4831263 0.7136677 -0.5072154 0.4810697 0.6467379 -0.5918632 0.3432447 0.8477168 -0.4044246 0.3432447 0.8477168 -0.4044246 0.4330413 0.688852 -0.5813417 0.4268814 0.6965471 -0.5767101 0.5152187 0.5702511 -0.6398151 0.4687704 0.8369919 -0.2823099 0.5651766 0.7320747 -0.3803183 0.5651766 0.7320747 -0.3803183 0.3782215 0.9036899 -0.2007315 0.3450665 0.9215194 -0.1781324 0.3432514 0.9224346 -0.1768983 0.5815147 0.7711396 0.2591996 0.5815147 0.7711396 0.2591996 0.579467 0.771882 0.2615649 0.5645477 0.7724137 0.2909691 0.5571004 0.7717776 0.3065916 0.5513862 0.7715692 0.3172604 0.5496604 0.7721146 0.3189239 -0.2847111 0.5598854 -0.7781182 -0.2371719 0.62245 -0.7458589 -0.2371719 0.62245 -0.7458589 -0.3491122 0.4634029 -0.8144804 -0.3491122 0.4634029 -0.8144804 -0.3685439 0.6225167 -0.6903973 -0.3685439 0.6225167 -0.6903973 -0.3799259 0.6044078 -0.7002482 -0.5219988 0.2989993 -0.7988221 -0.5196507 0.3193617 -0.7924464 -0.3461869 0.8270974 -0.4427917 -0.5489452 0.5808536 -0.601056 -0.5493594 0.5830043 -0.5985902 -0.3722472 0.8440357 -0.3860514 -0.5519556 0.577146 -0.6018701 -0.5519556 0.577146 -0.6018701 0.01679181 0.9993313 -0.03248147 0.01679181 0.9993313 -0.03248147 0.009751785 0.9994423 -0.03193629 0.0002600504 0.9995132 -0.03119878 0.004072244 0.9994179 -0.03387134 0.001600294 0.9993191 -0.03686226 0.0004651638 0.9993996 -0.03464305 -0.0003697094 0.999261 -0.03843553 -0.006272938 0.999494 -0.03118439 -0.0388206 0.9936698 0.1054198 -0.06178033 0.9696493 0.236566 -0.06178033 0.9696493 0.236566 -0.02071696 0.999474 -0.02494882 -0.02039233 0.9994737 -0.02522792 -0.02004184 0.9994732 -0.02552925 -0.8710856 -0.4909235 -0.01428358 -0.8710856 -0.4909235 -0.01428358 -0.8734921 -0.4867508 -0.009228765 -0.863571 -0.5039476 0.01678992 -0.8694182 -0.4940384 0.006170343 -0.8534286 -0.5200761 0.03435649 0.06036542 -0.998142 -0.008276779 0.09302067 -0.6275602 -0.7729912 0.06036542 -0.998142 -0.008276779 0.09057006 -0.4459251 -0.8904762 0.09057006 -0.4459251 -0.8904762 -0.9277953 -0.3713924 0.03554546 -0.9785437 0.05946995 0.1972701 -0.9277953 -0.3713924 0.03554546 -0.9216397 0.2825186 0.2660141 -0.9216397 0.2825186 0.2660141 -0.4586628 0.3798855 -0.8033153 -0.4586628 0.3798855 -0.8033153 -0.5328913 0.01027528 -0.8461213 -0.540445 -0.3072214 -0.7832843 -0.5092268 -0.6287121 -0.5877152 -0.6603946 -0.2030188 -0.7229539 -0.621667 -0.4222693 -0.6597111 -0.5050585 -0.6304583 -0.5894389 -0.4638187 0.7704447 -0.4373639 -0.7290099 0.364434 -0.5794242 -0.5498767 -0.6658437 -0.5042695 -0.5250639 -0.7011904 -0.4823275 -0.4708655 -0.7544665 -0.4572373 -0.6914721 0.3683898 -0.6214139 -0.6716169 0.3606186 -0.6472132 -0.6432531 0.3832291 -0.662843 -0.7702462 0.3668733 -0.5216557 -0.7872728 0.3588428 -0.5014313 -0.7999485 0.3738965 -0.469344 -0.766602 0.3770724 -0.5197477 -0.7225969 0.2604567 -0.6403249 -0.5179388 0.8087106 -0.2787949 -0.6320392 -0.2516231 -0.7329476 -0.694328 0.1133557 -0.7106751 -0.6238613 -0.2804109 -0.7294976 -0.8421956 0.3978266 -0.3639238 -0.6856481 0.6926789 -0.2237916 -0.5449754 0.7107097 -0.4448524 -0.5617789 0.6319401 -0.5339065 -0.4681132 0.8736165 -0.1329069 -0.3717697 0.9260159 -0.06543621 -0.3717697 0.9260159 -0.06543621 -0.914272 0.3491463 -0.2054353 -0.7063772 0.6966065 -0.1255812 -0.7063772 0.6966065 -0.1255812 -0.5951278 0.7958666 -0.1114415 -0.8176083 0.5112899 -0.2647627 -0.8017118 0.5361052 -0.2642903 -0.9548992 -0.220119 -0.1992864 -0.3408972 0.9380893 -0.06146258 -0.1738002 0.9839604 -0.04019145 -0.7104232 0.6702568 -0.2146034 -0.1784561 0.9793916 -0.0945811 -0.1601843 0.9822433 -0.09766855 -0.4610015 0.8512599 -0.2506676 -0.4738632 0.842427 -0.2564576 -0.1535518 0.9831911 -0.09877845 -0.08674588 0.9937723 -0.06994097 -0.3954109 0.8632501 -0.3137667 -0.2680782 0.9471934 -0.175951 -0.266342 0.9292543 -0.2560243 -0.3514267 0.8589428 -0.3724467 -0.3498095 0.8355239 -0.4237136 -0.1538691 0.9639666 -0.2170086 -0.06512264 0.9953255 -0.071318 -0.4011815 0.686851 -0.6060438 -0.3661712 0.8009098 -0.4737743 -0.2154654 0.8590749 -0.4642898 -0.1853 0.967825 -0.1702315 -0.08525569 0.9943495 -0.06324914 -0.09385195 0.9940907 -0.05454894 -0.03945434 0.9989811 -0.02191314 -0.006718468 0.9999769 -0.001003337 -0.007520481 0.9999672 -0.002997318 -0.00830569 0.9999655 0.0001663903 -0.001568067 0.9999988 -0.000124966 -0.0007613885 0.9999989 -0.001252212 0.006687478 0.9999766 0.001425147 -0.1989468 0.9770552 0.07604838 0.02056002 0.9997801 0.004118913 -0.03380393 0.999421 -0.00385694 -0.09355348 0.9955454 -0.01170561 -0.09575563 0.9953315 -0.01208304 -0.07541478 0.9971242 -0.007477722 -0.1445722 0.9894669 -0.007354302 -0.1445722 0.9894669 -0.007354302 0.01217938 0.9999119 -0.005286112 -0.00305326 0.9999951 0.0006388487 0.01711021 0.9998353 -0.006045283 0.02154899 0.9995711 -0.01983017 -0.04727148 0.9962953 -0.07184032 0.7406976 0.6675066 -0.07617125 0.7406976 0.6675066 -0.07617125 9.160636e-05 1 0.0001555172 -0.0002256812 0.9999991 0.001288604 -0.01294432 0.9999155 -0.001170738 0.1337216 0.9860662 0.09895425 0.05927171 0.998161 -0.01270406 -0.1541927 0.9770431 -0.1470084 -0.07450358 0.9966721 -0.03307393 -0.05124564 0.9983588 -0.025567 -0.07631817 0.9965152 -0.0336594 -0.1168918 0.9893564 -0.08666098 -0.2271396 0.9646735 -0.1334638 -0.2129406 0.965891 -0.1473459 -0.1493161 0.9801716 -0.1302626 -0.1524198 0.9856572 -0.07244375 -0.2206631 0.9664347 -0.1315746 -0.243509 0.9634031 -0.1120613 -0.3256801 0.9231568 -0.2042399 -0.3161788 0.9376467 -0.144394 -0.2580365 0.9495163 -0.1784265 -0.2542924 0.9506166 -0.1779425 -0.5812634 0.7440943 -0.3293272 -0.3018417 0.9318652 -0.2012931 -0.5462663 0.7777818 -0.3108835 -0.6857714 0.6329435 -0.3593051 -0.4769248 0.85206 -0.2157231 -0.5240622 0.8343999 -0.1706916 -0.556436 0.8296428 -0.04551655 -0.5248802 0.8305552 -0.1862225 -0.5533179 0.7393064 -0.3837516 -0.6438156 0.6279982 -0.4371724 -0.5397805 0.7451874 -0.3915773 -0.2307456 0.9572942 -0.174196 -0.5404075 0.7591006 -0.3629407 -0.08511859 0.9928504 -0.08368317 -0.6691222 0.6511484 -0.3581638 -0.6649534 0.6930751 -0.2783594 -0.7200548 0.5500175 -0.4230861 -0.6685269 0.5777963 -0.4682129 -0.6690189 0.5407909 -0.5098616 -0.7015983 0.607051 -0.3731606 -0.7048833 0.6071483 -0.3667567 -0.7850516 0.4726511 -0.4003685 -0.7874675 0.5375322 -0.301586 -0.6683694 0.6859699 -0.2876242 -0.7454139 0.6076337 -0.2741158 -0.7830931 0.5561582 -0.2783043 -0.7545913 0.6146475 -0.2297833 -0.4783586 0.8659322 -0.1460636 -0.685779 0.7167559 -0.126365 -0.8820054 0.4603281 -0.1008196 -0.8456953 0.5118389 -0.1510645 -0.7500978 0.6588891 -0.05673144 -0.642979 0.7584654 -0.1063402 -0.6384151 0.7611775 -0.114171 -0.85435 0.5103732 -0.09800617 -0.9099213 0.4123739 -0.04462188 -0.8226659 0.5684294 0.01043242 -0.8195063 0.5729418 -0.01213245 -0.8178243 0.5750054 0.02306836 -0.8178243 0.5750054 0.02306836 -0.8366915 0.5473755 -0.01809169 -0.9077891 0.4192975 0.01041748 -0.9620682 0.2696951 0.04110104 -0.683953 0.7292923 0.01846699 -0.9510288 0.3082714 -0.02264916 -0.5310789 0.8472592 -0.01035127 -0.3785764 0.9253169 -0.0216474 -0.5633139 0.8243268 0.05623944 -0.5861555 0.8041911 0.09848069 -0.6661269 0.7288233 0.1584031 -0.5226265 0.8508372 0.05420032 -0.5226265 0.8508372 0.05420032 -0.3778361 0.9257889 0.01244447 -0.5336397 0.8457014 -0.004217869 -0.3639451 0.9312644 0.0170468 -0.2562156 0.9666029 0.005697431 -0.3512042 0.9362499 -0.009582019 -0.3309969 0.943513 -0.01497826 -0.3280575 0.9445263 -0.01575902 -0.1571138 0.9875787 -0.001887479 -0.2083316 0.977912 -0.01691507 -0.2203342 0.9732196 0.06554815 -0.1458208 0.9893081 0.002404981 -0.1154499 0.9932891 0.006938885 -0.2178793 0.9691354 0.1153484 -0.07871008 0.9955585 0.05165297 -0.2978956 0.9364335 0.1853391 -0.3615534 0.913314 0.1874478 -0.2164808 0.9663198 0.1391477 -0.2278481 0.9670303 0.1137439 -0.4193713 0.890891 0.1744734 -0.5802933 0.750381 0.3165248 -0.5255836 0.7930887 0.3078509 -0.525087 0.7935402 0.3075347 -0.5694084 0.7503346 0.3358155 -0.4074274 0.9060474 0.1143724 -0.3538382 0.930955 0.09011884 -0.3740287 0.9196423 0.1198355 -0.1212328 0.9883231 0.09230372 -0.1100696 0.9898882 0.08947603 -0.6727057 0.6886241 0.2706731 -0.5736629 0.801566 0.1685313 -0.5807775 0.7554197 0.3033786 -0.6436451 0.7437567 0.1804078 -0.7580868 0.642329 0.1127733 -0.6862729 0.6313673 0.3611162 -0.6896851 0.6136118 0.3844672 -0.6896851 0.6136118 0.3844672 -0.8383888 0.5335369 0.1115462 -0.8249681 0.5632815 0.04627682 -0.8476526 0.5278943 0.05303413 -0.8288272 0.5341263 0.1665969 -0.8713972 0.467993 0.1471376 -0.8576236 0.4642483 0.2212583 -0.7166077 0.6013283 0.3533804 -0.7956767 0.5317665 0.2900395 -0.6638704 0.6482557 0.3728816 -0.7995868 0.5397332 0.2633421 -0.8327041 0.4859855 0.2653713 -0.6937006 0.6185669 0.3689911 -0.6774118 0.6276679 0.3835966 -0.6665106 0.6334514 0.3930686 -0.6665106 0.6334514 0.3930686 -0.7713009 0.5298112 0.3526968 -0.9167321 0.2859157 0.2790242 -0.866015 0.408777 0.2879574 -0.9187201 0.3006707 0.2560283 -0.9184146 0.3006489 0.2571474 -0.9089169 0.3226952 0.2640793 -0.8317425 0.4821442 0.2752116 -0.8317425 0.4821442 0.2752116 -0.7847641 0.3353868 -0.5212112 -0.7857004 0.3352542 -0.5198841 -0.7857004 0.3352542 -0.5198841 -0.7618323 0.3382818 -0.5524283 -0.7618323 0.3382818 -0.5524283 -0.7484637 0.3353743 -0.5721243 -0.6232102 0.3354897 -0.7064387 -0.7484637 0.3353743 -0.5721243 -0.6184652 0.3352897 -0.710691 -0.6184652 0.3352897 -0.710691 -0.908576 0.3228429 -0.2650702 -0.924945 0.3059675 -0.225523 -0.924945 0.3059675 -0.225523 -0.8969631 0.3333951 -0.2903531 -0.9058402 0.3208439 -0.2766092 -0.9090097 0.3161913 -0.2715224 -0.870874 0.3251917 -0.3685497 -0.8549893 0.327538 -0.4021344 -0.8549893 0.327538 -0.4021344 -0.8096813 0.08192453 0.5811235 -0.8096813 0.08192453 0.5811235 -0.7429008 0.0367102 0.6683941 -0.7321023 0.0305623 0.6805087 -0.59814 -0.02962649 0.8008438 -0.5922496 -0.03204607 0.8051171 -0.9083592 0.3415439 -0.2413117 -0.9133233 0.3255166 -0.2447031 -0.9133233 0.3255166 -0.2447031 -0.8649839 0.4534359 -0.214939 -0.8809447 0.4358659 -0.1842752 -0.786885 0.5151043 -0.3398227 0.979484 0.1832398 0.08387001 -0.5916457 0.6846916 -0.4256205 -0.04604766 0.9988189 -0.01550422 -0.8785038 0.4257403 -0.2167401 -0.9329402 0.354748 -0.06145264 -0.7982503 0.4835895 -0.3590789 -0.9058301 0.4092559 -0.1094598 -0.9227056 0.3775872 -0.07773229 -0.9515949 0.3072075 -0.009525335 -0.5194912 0.7185493 -0.4624022 -0.5303586 0.6967577 -0.4829581 -0.5303586 0.6967577 -0.4829581 -0.9408301 0.3294516 -0.07937497 -0.9587144 0.2813567 0.04129346 -0.9578522 0.241614 0.1553767 -0.9578522 0.241614 0.1553767 -0.9580442 0.2860357 0.01829806 -0.9549109 0.2688856 0.1258794 -0.948261 0.3145251 -0.04330169 -0.9235987 0.3674523 -0.1092898 -0.9667576 0.2466901 0.06725824 -0.9630945 0.2691541 0.002260653 -0.970632 0.2240018 0.08773056 -0.9576759 0.2752547 0.08421214 -0.9527937 0.2907622 0.08741534 -0.969323 0.1846909 0.1621793 -0.9728739 0.1334022 0.1889979 -0.9708759 0.1251464 0.2042995 -0.976961 0.05738539 0.2055579 -0.9704566 0.130912 0.2026724 -0.9811444 0.001647509 0.1932691 -0.9582775 0.2623226 0.1135388 -0.9836323 0.1739765 0.04689959 -0.9841541 0.1705237 0.04860481 -0.9625123 0.2583954 -0.08247294 -0.9482119 0.263834 0.1768782 -0.9595188 0.2191267 0.1769384 -0.9449338 0.2601851 0.1985038 -0.9692439 0.04389176 0.2421567 -0.9531379 0.07731784 0.2924895 -0.7416317 0.1577346 -0.6519986 -0.964238 0.2149724 0.1550223 -0.9589659 0.2391148 0.1523434 -0.9600346 0.1716954 0.2210299 -0.9502834 0.06140715 0.3052714 -0.9536602 0.1839313 0.2381206 -0.9687613 0.242056 -0.05394801 -0.9810072 0.08980771 -0.1719288 -0.9459936 0.1762541 -0.2720858 -0.8985388 -0.18763 -0.3967656 -0.9781598 0.2041387 -0.03912593 -0.9936554 -0.0515133 0.09997633 -0.9485611 0.2744107 0.1578946 -0.9432076 0.2922712 0.1579143 -0.896201 -0.4140044 0.1594496 -0.8806225 -0.4468151 0.1576716 -0.9635095 -0.1784938 0.1994729 -0.9635095 -0.1784938 0.1994729 -0.9345364 -0.3551978 0.02182181 -0.8873887 0.39833 -0.2321088 -0.9123243 -0.1956551 -0.3596992 -0.7767124 -0.6177093 -0.1230978 -0.8946899 -0.4248768 0.1378761 -0.933993 -0.3148602 0.1688789 -0.9341236 -0.2920522 0.2052283 -0.8184406 -0.3869143 -0.4247969 -0.7843732 -0.6075703 0.1249682 -0.8491495 -0.4937321 0.1875466 -0.9480942 -0.2940776 -0.1209785 -0.6029698 -0.7852885 0.1405324 -0.6129477 -0.7774909 0.140723 -0.56035 -0.8273108 0.0395554 -0.895791 -0.4402712 -0.06098973 -0.6209756 -0.7730437 -0.129587 -0.6209756 -0.7730437 -0.129587 -0.8742021 -0.4844377 -0.03302679 -0.7149237 -0.6871763 -0.129123 -0.4839758 -0.8672821 -0.1165726 -0.6966462 -0.6732702 -0.2477726 -0.8420145 -0.5049236 -0.1899046 -0.7995719 -0.5384393 -0.2660224 -0.8249281 -0.5338065 -0.185861 -0.4008037 -0.8823006 -0.2467835 -0.3303968 -0.9109274 -0.2470813 -0.2246532 -0.9571024 -0.1829918 -0.5717679 -0.7000852 -0.4277407 -0.5646496 -0.7170496 -0.4086693 -0.3892285 -0.8450306 -0.3666395 -0.1703872 -0.9665532 -0.191685 -0.3325479 -0.8267771 -0.4537087 -0.2546559 -0.9562119 -0.1442541 -0.2405052 -0.9590778 -0.1494224 -0.2615679 -0.9547255 -0.1417092 -0.1014308 -0.9928438 -0.06303233 -0.1229758 -0.9903172 -0.06441094 -0.5129054 -0.8357856 -0.1959349 -0.02640789 -0.9993686 -0.02376876 -0.0269137 -0.9993745 -0.02294152 -0.01109938 -0.99985 -0.01329901 -0.1116883 -0.9827501 -0.1474044 -0.0145433 -0.999729 -0.01817646 -0.1701948 -0.9425378 -0.2875001 -0.0120834 -0.9999217 -0.003241615 -0.002659101 -0.9999949 -0.001766179 -0.003062632 -0.9999941 -0.001579888 0.001733138 -0.9999455 0.01029965 -0.04470165 -0.9985465 0.03010972 0.03026226 -0.9994967 0.009512802 0.02026248 -0.9997706 0.006939675 0.01484959 -0.9998769 0.005064476 -0.005850675 -0.999979 -0.002799303 0.03600828 -0.9993108 0.009017239 0.03600828 -0.9993108 0.009017239 0.1172347 -0.992768 0.02583901 0.1172347 -0.992768 0.02583901 -0.01776396 -0.9998361 -0.003482421 -0.01436918 -0.9998924 -0.002954644 -0.02203213 -0.9997487 -0.004145967 -0.00109911 -0.9999983 0.001486052 -0.002627292 -0.9999898 -0.003664082 -0.002136294 -0.9999802 0.005912914 0.3183898 -0.9443445 0.08271228 0.02756772 -0.9996056 0.005353337 -0.02920146 -0.9978504 -0.05866726 7.340941e-05 -0.9999986 -0.001664716 -0.1290521 -0.9507991 -0.2816497 -0.3128347 -0.763644 -0.5647852 -0.1362135 -0.9309472 -0.3387968 -0.3080934 -0.7438232 -0.593132 -0.3751605 -0.5996393 -0.7068857 -0.1684178 -0.8639862 -0.4745137 -0.2412542 -0.7852793 -0.5702041 -0.185564 -0.8748048 -0.4475294 -0.0304135 -0.9944687 -0.1005335 -0.1329918 -0.8972796 -0.4209544 -0.1027362 -0.8546915 -0.5088691 -0.2916843 -0.4960916 -0.8178101 -0.3079511 -0.6498242 -0.6949062 -0.2721145 -0.7257193 -0.6318902 -0.5263416 -0.1505677 -0.8368356 -0.2029307 -0.5475682 -0.8117809 -0.4302563 -0.05823091 -0.9008267 -0.4543383 0.08703252 -0.8865676 -0.6084123 0.2024235 -0.7673716 -0.5493391 0.3001842 -0.779818 -0.5692403 0.2928902 -0.7682322 -0.6444227 0.3035234 -0.7018497 -0.7095968 0.05540154 -0.7024266 -0.6560387 0.3295104 -0.6789964 -0.6353993 0.5267974 -0.5645814 -0.6635701 0.5777571 -0.4752594 -0.7499659 0.4020696 -0.5252535 -0.74963 0.4068088 -0.5220742 -0.80797 0.3626895 -0.4643714 -0.6725686 0.5707355 -0.4710759 -0.8046111 0.4746026 -0.3568662 -0.646448 0.7092738 -0.2811329 -0.7392898 -0.5125502 -0.4367413 -0.9101697 0.3714515 -0.1833439 -0.897298 0.4178182 -0.1424229 -0.9116042 0.325097 -0.2515743 -0.8905728 0.3740017 -0.2588491 -0.8688142 0.3893509 -0.3058885 -0.8334747 0.4216285 -0.3571405 -0.8499171 0.3894554 -0.3549161 -0.8142628 0.4163355 -0.4045254 -0.825812 0.3453917 -0.4458017 -0.7879941 0.4246063 -0.4458417 -0.7748413 -0.1972833 -0.6005832 -0.8139785 0.0116813 -0.5807775 -0.7458512 0.09893607 -0.6587242 -0.7146345 0.2942188 -0.6346123 -0.7146345 0.2942188 -0.6346123 -0.5815219 -0.3797352 -0.7194674 -0.4862684 -0.59868 -0.6364946 -0.4248045 -0.4445991 -0.7885891 -0.686204 -0.3616909 -0.6311132 -0.5455653 -0.7450822 -0.3836809 -0.5652169 -0.4902493 -0.6634647 -0.5086831 -0.5269111 -0.6808863 -0.4926908 -0.5193846 -0.6982087 -0.4706054 -0.4841665 -0.7376404 -0.5297421 -0.6557009 -0.5379867 -0.5202086 -0.6539933 -0.5492502 -0.4314756 -0.6659631 -0.6085409 -0.2917005 -0.8546374 -0.4295412 -0.8267254 -0.2844639 0.485392 -0.8267254 -0.2844639 0.485392 -0.815539 -0.336385 0.4708941 -0.7457486 -0.5339759 0.3984078 -0.7457486 -0.5339759 0.3984078 -0.8977355 0.3753641 0.2305922 -0.8977355 0.3753641 0.2305922 -0.8921766 0.3754078 0.2511771 -0.8984012 0.3685498 0.2388438 -0.8896752 0.373326 0.2628798 -0.9004146 0.3673606 0.2330229 0.03468517 -0.9993275 0.01189636 0.06472734 -0.9977684 0.01639086 0.06472734 -0.9977684 0.01639086 -0.1798248 -0.9834876 -0.02037637 -0.1798248 -0.9834876 -0.02037637 -0.1478996 0.2524307 -0.956245 -0.1478996 0.2524307 -0.956245 -0.3748804 0.3064742 -0.8749504 -0.4186696 0.311424 -0.8530715 -0.3849449 0.3085459 -0.8698372 -0.4569321 0.3148963 -0.8318974 -0.4541165 0.3119388 -0.8345492 -0.4593095 0.3173966 -0.8296349 0.3759594 0.09560389 -0.9216911 0.3719255 0.09675088 -0.9232067 0.3759594 0.09560389 -0.9216911 0.2658584 0.1255276 -0.9558044 0.2658584 0.1255276 -0.9558044 0.4402607 0.06003606 -0.8958606 0.4344575 0.06207294 -0.8985509 0.4344575 0.06207294 -0.8985509 0.616044 -0.006868762 -0.7876818 0.6217848 -0.00987831 -0.7831258 0.7471033 -0.08151196 -0.6596912 0.7471033 -0.08151196 -0.6596912 -0.3770644 0.3024254 -0.8754207 -0.4142096 0.3099935 -0.8557654 -0.4142096 0.3099935 -0.8557654 -0.3568682 0.30337 -0.8835223 -0.3621876 0.3079551 -0.8797635 -0.3683036 0.3132272 -0.875352 -0.6989489 0.3364641 -0.6310803 -0.7074775 0.32957 -0.6251873 -0.7074775 0.32957 -0.6251873 -0.7296737 0.3399332 -0.5933142 -0.6930124 0.3411817 -0.6350818 -0.7672639 0.3350832 -0.5468321 -0.7632937 0.3386791 -0.5501628 -0.7604119 0.3412638 -0.5525511 0.2088255 -0.8992609 -0.3843459 0.2119355 -0.8969089 -0.3881208 0.2088255 -0.8992609 -0.3843459 0.2530748 -0.8810678 -0.3995907 0.256278 -0.8772907 -0.4058111 0.4233939 -0.7844279 -0.4532223 0.2232118 -0.9162631 -0.3326235 0.3730394 -0.8563887 -0.3569873 0.3728278 -0.8552828 -0.3598483 0.447001 -0.8223428 -0.3520546 0.4196819 -0.8534771 -0.3089399 0.413165 -0.8597903 -0.3000922 0.1067445 0.9376083 -0.3309023 0.1067445 0.9376083 -0.3309023 0.1802323 0.7467919 -0.6401704 0.191646 0.7404875 -0.6441662 0.1812366 0.7427854 -0.6445333 0.2069985 0.7369352 -0.643489 0.2101427 0.728141 -0.6524191 0.2101649 0.7280781 -0.6524822 0.2101649 0.7280781 -0.6524822 -0.8632449 0.09860634 0.4950606 -0.8632449 0.09860634 0.4950606 -0.6521751 -0.6109276 0.4488153 -0.6072688 -0.6729263 0.422368 -0.5450541 -0.7461129 0.3824024 -0.5424483 -0.7488666 0.3807212 0.1865648 -0.635718 -0.7490368 0.1872908 -0.6312828 -0.7525983 0.1872908 -0.6312828 -0.7525983 0.1751593 -0.7021675 -0.6901304 0.1559982 -0.8297077 -0.5359567 0.1412474 -0.8627443 -0.4855116 0.1310811 -0.8822338 -0.4521961 -0.4905662 0.4055634 -0.7712737 -0.4741712 0.6362146 -0.6085989 -0.4905662 0.4055634 -0.7712737 -0.5091414 0.4482407 -0.7347484 -0.5372927 0.4008761 -0.7420343 -0.4621727 0.480887 -0.74508 -0.4431511 0.5423645 -0.7137632 -0.428073 0.4128526 -0.8039317 -0.4695365 -0.295633 -0.8319475 -0.3376151 -0.2950046 -0.8938615 -0.3464034 0.08349639 -0.9343624 -0.3054566 0.2831657 -0.9091278 -0.2709669 -0.3051259 -0.9129486 -0.3729862 -0.197666 -0.9065371 -0.3746457 0.431656 -0.8205569 -0.3500943 0.4574779 -0.8174032 -0.3685702 0.4707569 -0.8015884 -0.3048607 0.3040777 -0.9025501 -0.273049 0.3485133 -0.8966508 -0.2932802 0.2972326 -0.9086471 -0.2087865 0.1175385 -0.9708722 -0.2858523 0.2177888 -0.9331969 -0.2112798 0.03510027 -0.9767952 -0.2112798 0.03510027 -0.9767952 -0.1167904 -0.4508169 -0.884943 -0.2439611 0.2490445 -0.9372619 -0.2431678 0.2571746 -0.9352704 -0.3477139 0.06114439 -0.9356048 -0.2425145 0.04492605 -0.969107 -0.2100474 0.2523484 -0.9445636 -0.2231154 0.03913712 -0.974006 -0.1591284 0.09034026 -0.9831159 -0.151174 0.1228647 -0.9808418 -0.1460859 0.08068703 -0.9859759 -0.18092 0.2938996 -0.9385579 -0.1914937 0.2732458 -0.9426913 -0.1621307 0.32217 -0.9326951 -0.2425668 0.378895 -0.8930845 -0.2067382 0.2468034 -0.9467563 -0.2076915 0.2408781 -0.9480728 -0.2099047 0.2172507 -0.9532797 -0.169281 0.4322315 -0.8857313 -0.3000012 0.3498689 -0.8874633 -0.230596 0.4495502 -0.8629775 -0.2414869 0.5359328 -0.8089871 -0.1523661 0.6129179 -0.7753169 -0.1453834 0.6267567 -0.7655323 -0.1682262 0.2015921 -0.9649148 -0.1705061 0.2073868 -0.9632852 -0.1504491 0.1956658 -0.9690614 -0.1152196 0.1526308 -0.9815438 -0.1435104 0.2366798 -0.9609305 -0.1408865 0.2467993 -0.9587706 -0.1335263 0.2747142 -0.9522094 -0.1106504 0.1775091 -0.9778788 -0.1333607 0.2037591 -0.9698954 -0.06240346 0.1722415 -0.9830761 -0.09823258 0.1760158 -0.9794737 -0.07095415 0.1603153 -0.9845123 -0.05063034 0.1739096 -0.9834592 -0.05058937 0.1722859 -0.9837471 -0.08287399 0.1306735 -0.9879556 -0.09292102 0.1511327 -0.9841365 -0.1002498 0.1635684 -0.9814252 -0.08029287 -0.03411019 -0.9961875 -0.03664878 0.08570611 -0.9956462 -0.03394496 0.08722115 -0.9956105 -0.06149605 -0.2875881 -0.9557779 -0.01448826 0.12424 -0.9921464 -0.01448826 0.12424 -0.9921464 -0.02623569 -0.2515696 -0.9674836 -0.02208808 -0.286826 -0.957728 -0.0264843 -0.2494357 -0.9680291 -0.2922185 0.5929869 -0.7503166 -0.2257679 0.6243376 -0.7478178 -0.386605 0.5679458 -0.7266183 -0.2131574 -0.3479312 -0.9129665 -0.1421238 0.7341686 -0.6639257 -0.3650216 0.6277784 -0.687498 -0.250464 0.6865552 -0.6825758 -0.2503148 0.6867472 -0.6824374 -0.2184945 0.7259415 -0.6521266 -0.5147153 0.631974 -0.5793765 -0.3438855 0.725828 -0.5957487 -0.4869205 0.5971313 -0.6374501 -0.2554563 0.8272359 -0.5004227 -0.6679203 0.5237634 -0.5287291 -0.4410584 0.7045389 -0.5559608 -0.6966939 0.4948187 -0.5193959 -0.7431611 0.4684949 -0.4777281 -0.6848288 0.6105767 -0.3977507 -0.668374 0.6394447 -0.3799825 -0.3011814 0.8493947 -0.4333802 -0.8257394 0.2396569 -0.5106065 -0.7657517 0.4460544 -0.463314 -0.7840926 0.4956312 -0.373562 -0.8957509 0.3549824 -0.2676151 -0.8699121 0.4122945 -0.2706772 -0.9127718 0.366 -0.1813605 -0.9132984 0.360752 -0.189061 -0.9145468 0.3412811 -0.2170978 0.1616213 -0.8501245 -0.5011656 0.05772771 -0.9818178 -0.1808351 0.1616213 -0.8501245 -0.5011656 0.02528335 -0.9951781 -0.09476968 0.04224542 -0.9904505 -0.1312371 0.01492348 -0.9983805 -0.0548973 0.02885172 -0.9934992 -0.110122 0.02885172 -0.9934992 -0.110122 -0.009519518 -0.9998619 -0.01362117 -0.004296983 -0.999975 -0.00561525 0.0001258001 -0.9999994 0.001111294 0.009942538 -0.9984316 -0.05509611 -0.0322073 -0.9991685 -0.02499868 -0.02114049 -0.9996764 -0.01414618 -0.0007386345 -0.9999802 0.006256132 0.003284031 -0.999969 0.007154822 0.020679 -0.9997752 0.004675327 -0.01316923 -0.9961245 -0.08696244 0.01682067 -0.9998582 0.0007902395 0.0007689004 -0.9999981 0.001766186 0.0002638064 -0.9999964 0.002658095 -0.03523626 -0.9984463 -0.04316743 -0.002044342 -0.9998795 0.015386 -0.01393672 -0.9966247 0.08090125 0.009309447 -0.999221 0.03834976 0.005753831 -0.999243 -0.03847498 0.0006977409 -0.9999523 -0.009737196 -0.02389186 -0.9985708 -0.04780719 -0.2212507 -0.923854 -0.312317 -0.04243091 -0.9971556 -0.06229301 -0.3868636 -0.7996974 -0.4591522 -0.3868636 -0.7996974 -0.4591522 -0.3526724 -0.7689064 -0.5332964 -0.2824123 -0.8373618 -0.4680476 -0.263764 -0.8032684 -0.5340304 -0.2566573 -0.7885709 -0.5588229 0.01375065 -0.9998813 0.006945773 0.003879192 -0.9999654 0.007359296 0.001324084 -0.999999 0.0004247721 -0.004413672 -0.9999609 0.007661454 0.02194336 -0.9992471 0.03199413 0.02281194 -0.9990715 0.03654836 -0.01286356 -0.9996893 -0.02135203 -0.01531477 -0.999536 -0.02632929 -0.0193641 -0.9991315 -0.03689642 0.005461018 -0.9999658 0.006214771 0.0200464 -0.9997418 -0.01069667 0.008394112 -0.9999547 -0.004485077 -0.2151978 -0.964729 -0.1516175 0.002486586 -0.999991 0.003451384 0.001034493 -0.9999994 -0.0001995799 -0.04240348 -0.9957642 -0.08158204 -0.06731219 -0.99015 -0.1227684 -0.2550702 -0.949072 -0.1849367 -0.05367347 -0.9975445 -0.04498975 -0.3760262 -0.841285 -0.3883862 -0.1271434 -0.9801391 -0.1521902 -0.4655399 -0.7803733 -0.4174805 -0.5801327 -0.6742652 -0.4569601 -0.7872731 -0.233619 -0.570634 -0.5473163 -0.7419069 -0.3873228 -0.3601797 -0.9065741 -0.2199863 -0.05213644 -0.9981453 -0.03142844 -0.001043125 -0.9999848 0.005421545 -0.002911298 -0.9998813 0.0151312 -0.5865538 -0.7470702 -0.312795 -0.8108725 -0.4170287 -0.4105762 -0.5951897 -0.7389179 -0.3158315 -0.8194493 -0.3963254 -0.4140398 0.0218076 -0.9997601 0.002049714 -0.01038808 -0.9998912 0.0104719 -0.01292166 -0.999908 -0.004136445 -0.007604941 -0.9999559 0.005511758 0.002246324 -0.9999949 0.002252159 0.002859116 -0.9999929 0.002455027 0.003009192 -0.9999923 0.00250471 -0.1595974 -0.9849548 -0.06627747 -0.3156733 -0.9390227 -0.1363333 0.0305198 -0.9994142 -0.01548508 0.01169091 -0.9999166 -0.005482823 0.001649711 -0.9999973 0.001610243 0.002058031 -0.9999974 0.0009921122 -0.1472712 -0.9890718 -0.006946904 -0.01146798 -0.9993407 0.0344483 0.006560962 -0.9994851 0.03140966 -0.2791887 -0.9602357 0.001062017 0.01919502 -0.9996488 0.01827164 -0.561891 -0.8249938 -0.06052881 0.008601027 -0.9999561 -0.003718172 -0.5303856 -0.8472886 -0.02816357 -0.0007894031 -0.9999188 -0.01271795 0.001557628 -0.9999445 -0.01042367 -0.02793843 -0.9996095 0.0005446501 -0.1692343 -0.9811338 0.09346806 -0.306903 -0.9353467 0.1758894 -0.1949101 -0.9737162 0.117842 -0.118565 -0.9905195 0.06937933 -0.1997236 -0.9735531 0.1109267 -0.1997236 -0.9735531 0.1109267 -0.001469339 -0.9999963 0.002294531 -0.04147989 -0.9989485 0.01952875 -0.2616003 -0.9639934 0.04776957 -0.05858306 -0.9982449 0.008664235 -0.05838247 -0.9982941 0.0005365132 -0.2737324 -0.9608087 -0.04378715 0.0571056 -0.9983598 -0.004069965 0.04081686 -0.9991494 -0.005872118 -0.1720038 -0.9818854 0.07947231 -0.1914765 -0.9772995 0.09067822 -0.3470906 -0.91967 0.1836715 -0.4168339 -0.8829442 0.2160072 -0.1136589 -0.9924814 -0.04541314 -0.3105695 -0.9505501 -0.001057761 -0.4041932 -0.9145791 -0.01314684 -0.4041932 -0.9145791 -0.01314684 -0.218109 -0.9757588 -0.01797905 -0.218109 -0.9757588 -0.01797905 -0.2957514 -0.9552055 -0.01065469 -0.2957514 -0.9552055 -0.01065469 -0.504249 -0.8632157 -0.02432403 -0.4919142 -0.8703686 -0.02188205 -0.3817923 -0.9229549 0.04887646 -0.3610859 -0.9296422 0.07336449 -0.3158126 -0.9468151 0.06167258 -0.3166534 -0.9465272 0.06178104 -0.03147172 0.2397772 -0.9703177 -0.0302814 0.2419162 -0.9698245 -0.0302814 0.2419162 -0.9698245 -0.04097091 0.2226409 -0.9740392 -0.04097091 0.2226409 -0.9740392 0.291233 -0.8852266 -0.3627081 0.2908747 -0.8851269 -0.3632385 0.2908747 -0.8851269 -0.3632385 0.2926655 -0.88596 -0.3597524 0.2747184 -0.8977506 -0.3443452 0.2919307 -0.8889192 -0.3529861 0.26308 -0.9275482 -0.2654113 0.264558 -0.9072778 -0.3268883 0.262835 -0.9296664 -0.2581437 0.2908426 -0.8871115 -0.3583906 0.2908426 -0.8871115 -0.3583906 0.2923636 -0.8869905 -0.3574512 0.2951209 -0.8855569 -0.3587376 0.2655841 -0.9018017 -0.3409089 0.2993595 -0.8783155 -0.3727543 0.2501118 -0.9075871 -0.3372385 0.2686319 -0.9101802 -0.3152918 0.2784197 -0.9066477 -0.3169739 0.2893588 -0.8998552 -0.3263927 0.2166335 -0.8950265 -0.3898685 0.1825437 -0.9037508 -0.387185 0.1825437 -0.9037508 -0.387185 0.2640599 -0.8977998 -0.3524596 0.2533238 -0.8914701 -0.3756437 0.2739812 -0.9031807 -0.3304527 0.390258 0.8770646 0.2801006 0.407983 0.8495889 0.3342881 0.407983 0.8495889 0.3342881 0.3315867 0.922975 0.1953647 0.3785681 0.8922337 0.2461814 0.2542894 0.9605447 0.1126534 0.251621 0.9614563 0.1108539 0.5887698 0.7842086 0.1958747 0.301614 0.9432547 0.1389231 0.6018801 0.7735909 0.1982357 0.01438128 0.9772668 0.2115247 0.01438128 0.9772668 0.2115247 0.0146472 0.9770741 0.212395 0.0097334 0.9668615 0.255116 0.01569035 0.9752547 0.2205269 -0.001719232 0.9657562 0.2594455 -0.02082407 0.9757692 0.2178093 -0.01156507 0.9680742 0.250397 -0.05884541 0.940937 0.3334287 -0.06467739 0.9338884 0.3516665 0.6779626 0.322161 -0.6607413 0.6882301 0.3206863 -0.6507685 0.6779626 0.322161 -0.6607413 0.5445598 0.5803408 -0.6055239 0.6693142 0.3787923 -0.6391673 0.5482899 0.4737646 -0.6891482 0.5502688 0.441927 -0.7084523 0.5502688 0.441927 -0.7084523 0.8583028 0.4453514 0.2549088 0.8583028 0.4453514 0.2549088 0.8384271 0.4804915 0.2572313 0.7269689 0.634528 0.2624699 0.7269689 0.634528 0.2624699 -0.2781928 -0.5596452 -0.7806446 -0.2182943 -0.6514499 -0.726609 -0.2781928 -0.5596452 -0.7806446 -0.2188874 -0.5488081 -0.8067825 -0.2110005 -0.6664707 -0.7150493 -0.2259368 -0.5278373 -0.8187432 -0.2265288 -0.5264491 -0.819473 0.1178642 -0.8931851 -0.4339681 0.1178642 -0.8931851 -0.4339681 0.09249635 -0.8126787 -0.575324 0.1256848 -0.795935 -0.5921915 0.1006604 -0.803064 -0.5873293 0.01120873 -0.8544885 -0.5193494 0.06652088 -0.7913046 -0.6077927 0.01220769 -0.8762126 -0.4817702 -0.08188331 -0.7569626 -0.6483076 -0.08802637 -0.6980846 -0.7105838 -0.1139847 -0.6002036 -0.7916837 -0.1161605 -0.5916304 -0.7977971 -0.08678597 -0.6978375 -0.7109789 0.2837918 -0.8450439 -0.45317 0.2837918 -0.8450439 -0.45317 0.2852613 -0.8394405 -0.4625642 0.25864 -0.8508951 -0.4572558 0.2652607 -0.8456013 -0.4632443 0.2567764 -0.8523648 -0.4555658 0.3386991 -0.8257348 -0.4510487 0.3406005 -0.8553471 -0.3903493 0.3585012 -0.8516612 -0.3822959 0.3870336 -0.8560798 -0.342538 0.3933205 -0.8655613 -0.3100043 0.4103411 -0.855303 -0.3163494 0.6895543 -0.5988055 -0.4073657 0.7392603 0.516585 0.4320118 0.7679643 0.5324027 0.3560594 0.7392603 0.516585 0.4320118 0.7706233 0.5309547 0.3524583 0.7508372 0.5668185 0.3390579 0.7498083 0.5685892 0.3383693 -0.9573105 0.1004002 0.2710653 -0.8370708 0.5283775 0.1418793 -0.8370708 0.5283775 0.1418793 -0.9572187 0.1993102 0.2097803 -0.9563162 0.1942663 0.2184489 -0.8646478 0.4346079 0.2519924 -0.8223676 0.5365124 0.1893831 -0.7914534 0.5884149 0.165437 -0.7914534 0.5884149 0.165437 -0.7328682 0.6217521 0.2762762 -0.755709 0.5918397 0.2804097 -0.7449448 0.6085704 0.2733117 -0.7256978 0.6366488 0.2608466 -0.871655 0.3735609 0.317285 -0.7093958 0.6436535 0.287172 -0.4813014 0.873257 0.07596824 -0.4603947 0.8837864 0.0834168 -0.4863792 0.870597 0.07413635 -0.7135602 0.6430811 0.2779902 -0.7000939 0.6790976 0.2206693 -0.6984495 0.6845252 0.2087907 -0.6982928 0.6847555 0.2085595 -0.7093061 0.6835509 0.1721717 -0.7039998 0.6935973 0.1526667 -0.6983004 0.6943671 0.1738701 -0.718891 0.6858801 0.1129792 -0.7229265 0.676728 0.1393435 -0.7204788 0.6779319 0.1460091 -0.7008461 0.7123616 0.03681814 -0.7126821 0.6957713 0.08936739 -0.7119005 0.6977984 0.07921462 -0.7194457 0.6945422 0.002989362 -0.695915 0.7180327 -0.01146327 -0.6931573 0.717633 -0.06734901 -0.6902068 0.7214754 -0.05556774 -0.695876 0.6532965 0.298262 -0.6911924 0.6624625 0.2887844 -0.6938604 0.695962 0.1849181 -0.6836716 0.689781 0.2383175 -0.6719361 0.6869239 0.2768348 -0.6760366 0.6529041 0.3416002 -0.6546763 0.6644369 0.3604479 -0.6194767 0.6871149 0.3796337 -0.5990918 0.6850924 0.4144121 -0.5985827 0.6728455 0.4347157 -0.5341544 0.6880993 0.4911195 -0.6276448 0.6600936 0.4127208 -0.623291 0.6557314 0.4260571 -0.6212029 0.6536369 0.4322797 -0.544912 0.6795826 0.4911602 -0.5346694 0.6791459 0.5028811 -0.5226737 0.6833724 0.5097199 -0.4856419 0.6963648 0.5284202 0.937375 -0.3476725 -0.02125781 0.9986595 0.03635834 -0.03684067 0.9986595 0.03635834 -0.03684067 0.8724736 -0.4884554 -0.01418114 0.872341 -0.4886758 -0.01473643 0.872821 -0.4878747 -0.01272004 -0.1071834 -0.8786923 -0.4652006 -0.1071834 -0.8786923 -0.4652006 -0.1111981 -0.8835167 -0.455009 -0.1240709 -0.8975603 -0.4230744 -0.1242851 -0.8989451 -0.4200605 -0.1257556 -0.8973816 -0.422956 -0.1276452 -0.8841294 -0.4494684 -0.1261254 -0.8985782 -0.420297 -0.1387947 -0.885163 -0.4440974 -0.1771923 -0.902403 -0.3927744 -0.1702774 -0.9143611 -0.3673547 -0.1966683 -0.907023 -0.3723317 -0.2408891 -0.9072764 -0.3447057 -0.238067 -0.9135971 -0.3296429 -0.2295042 -0.9197869 -0.3183079 -0.2405481 -0.9132271 -0.3288661 -0.2405481 -0.9132271 -0.3288661 -0.2586279 -0.9214023 -0.2900507 -0.2655897 -0.9202124 -0.2875262 -0.3103065 -0.9115832 -0.2696775 -0.3478103 -0.8979642 -0.2696076 -0.3305864 -0.8937729 -0.3031214 -0.3797323 -0.8958685 -0.2307009 -0.3550816 -0.9072463 -0.2254357 -0.3422897 -0.9198188 -0.191758 -0.354752 -0.9054349 -0.2331064 -0.4236505 -0.8860193 -0.1883881 -0.4412102 -0.8772721 -0.1890167 -0.7490744 -0.5069467 0.4264886 -0.7873145 -0.4567602 0.4141328 -0.7490744 -0.5069467 0.4264886 -0.7924771 -0.4508316 0.4107686 -0.8188453 -0.3751792 0.4344341 -0.8243228 -0.3566361 0.439662 0.6064223 -0.3647371 0.7065542 0.6064223 -0.3647371 0.7065542 0.5380783 -0.3631975 0.7606309 0.4650624 -0.3625557 0.8076326 0.4619201 -0.3581701 0.811384 0.4591529 -0.3543183 0.8146393 -0.5787428 -0.03207829 0.814879 -0.5787428 -0.03207829 0.814879 -0.432222 -0.09847189 0.8963746 -0.3365165 -0.136919 0.9316705 -0.3365165 -0.136919 0.9316705 -0.4506185 -0.09685828 0.8874466 -0.4506185 -0.09685828 0.8874466 -0.7192534 0.6917668 -0.06428949 -0.7192534 0.6917668 -0.06428949 -0.5260891 0.8502445 0.01773445 -0.4916122 0.8707554 0.01012016 -0.3909493 0.9191632 -0.04793326 -0.3719728 0.9269212 -0.04953115 -0.3323226 0.9389721 0.08884313 -0.6816454 0.6862537 0.253802 -0.8171247 0.5223119 0.243921 -0.7626105 0.5344029 0.3644704 -0.7619416 0.5354333 0.3643572 -0.7560412 0.5444109 0.3633436 -0.64861 0.5939784 -0.4759146 -0.64861 0.5939784 -0.4759146 -0.619754 0.5851379 -0.5229901 -0.5511126 0.6599339 -0.5106487 -0.5529383 0.675337 -0.488036 -0.5540716 0.6889871 -0.4672274 -0.4988164 0.7453442 -0.442317 -0.4990998 0.7450197 -0.4425439 -0.5054018 0.63357 -0.585797 -0.6342962 0.4655713 -0.6171804 -0.4899965 0.7130117 -0.5015154 -0.3033476 0.9042377 -0.3005569 -0.4679249 0.739535 -0.4838742 -0.453651 0.7236285 -0.5201563 -0.4583147 0.7111816 -0.5330744 -0.343219 0.8566355 -0.3851965 -0.5085302 0.629226 -0.5877684 -0.5178611 0.5844151 -0.624723 -0.5512818 0.3558102 -0.754644 -0.3126868 0.8651545 -0.3920901 -0.2547301 0.9336847 -0.2516855 -0.2857382 0.9193967 -0.2703024 -0.3285618 0.6536767 -0.6817286 -0.3214086 0.6503253 -0.6883121 -0.3094832 0.8185772 -0.4838921 -0.41091 0.7432318 -0.5279768 -0.3457678 0.8245805 -0.4477852 -0.3550769 0.8086686 -0.4690155 -0.2762472 0.8915599 -0.358899 -0.2498606 0.6226573 -0.7415306 -0.254583 0.5878612 -0.7678585 -0.2280006 0.6991637 -0.6776325 -0.2803124 0.7958305 -0.5367296 -0.2470699 0.7798612 -0.5751286 -0.2227535 0.767023 -0.6017114 -0.1358277 0.7413343 -0.6572475 -0.1461133 0.8110357 -0.5664557 -0.1461061 0.808622 -0.5698978 -0.1139878 0.8303424 -0.5454707 -0.1473704 0.6468542 -0.748239 -0.1140518 0.8952065 -0.4308103 -0.1309464 0.8387584 -0.5285238 -0.06930052 0.5939354 -0.8015224 -0.08703465 0.9192579 -0.383914 -0.08321792 0.958118 -0.2740158 -0.06127336 0.9549059 -0.2905173 -0.03109783 0.9074829 -0.4189364 -0.1030743 0.7958857 -0.5966085 -0.06587474 0.8721553 -0.4847738 -0.04996442 0.9772998 -0.2058852 -0.04444535 0.9696867 -0.2402757 -0.04992509 0.979039 -0.197459 -0.04993534 0.9782526 -0.2013163 -0.04992306 0.9791868 -0.1967254 0.05527681 0.8717964 -0.4867397 0.01175013 0.8024661 -0.5965819 0.03528193 0.9806843 -0.1923887 0.04589981 0.9496389 -0.3099663 0.08093488 0.9723258 -0.2191623 0.09153823 0.961698 -0.2583753 0.0768483 0.9588457 -0.27333 0.143996 0.8870397 -0.4386636 0.143996 0.8870397 -0.4386636 0.103097 0.7522022 -0.650817 0.115306 0.9186383 -0.3778996 0.03643589 0.9621397 -0.2701103 0.1260525 0.8820679 -0.4539459 0.09297719 0.509365 -0.855513 0.006840385 0.9894426 -0.1447636 0.1702494 0.6445603 -0.7453571 -0.007348387 0.9665152 -0.2565041 0.1646556 0.661981 -0.7312111 -0.01664123 0.9964982 -0.08194126 -0.04069721 0.9867826 -0.1568563 -0.02526445 0.9938158 -0.1081288 -0.0003835117 0.9999962 -0.002722175 -0.0380131 0.9990474 -0.02143101 -0.08504401 0.9952373 -0.04764646 0.1614239 0.6561552 -0.7371585 0.08280313 0.471124 -0.8781719 0.02162482 0.3164999 -0.948346 -0.01698192 0.9897292 -0.1419428 0.003274875 0.9998062 0.01941066 -0.06317385 0.9614899 -0.2674814 -0.1522675 0.9016749 -0.4047185 -0.05431915 0.9880564 -0.144201 0.02385204 0.9996875 0.007476158 0.05508555 0.9984505 0.007891074 0.004685682 0.9998651 0.01573976 -0.1950848 0.8729344 -0.4471325 -0.2272827 0.9005064 -0.3707167 -0.1207907 0.9523799 -0.2799681 -0.02955705 0.9982661 -0.05090311 0.3862265 0.9104603 0.1479562 0.09727774 0.9949105 0.02626952 -0.07793575 0.9912305 -0.1067149 -0.03905074 0.9981545 0.04650513 -0.02866359 0.9990667 0.03231335 -0.04284848 0.9977119 -0.05229779 0.002003116 0.9999881 -0.004453286 -0.00478071 0.9642507 -0.2649487 0.138442 0.9843768 0.1087943 0.2821825 0.930807 0.2323174 0.2712907 0.9283607 0.2540626 -0.005392756 0.9999854 -0.0001738 0.0004194061 0.9997792 0.02100925 -0.0006825099 0.9999946 0.003223996 -0.001008668 0.999997 0.002225148 -0.1033542 0.9868164 -0.1245447 0.02670388 0.9944905 0.1013686 -0.220987 0.9586158 -0.1795004 -0.2400893 0.9520216 -0.1897685 -0.1629726 0.9650151 -0.2053917 -0.1925028 0.9533853 -0.2323769 -0.1344349 0.9743425 -0.1805103 -0.1344349 0.9743425 -0.1805103 0.4027294 -0.1894763 -0.895493 0.4027294 -0.1894763 -0.895493 0.3843317 -0.1990023 -0.9014917 0.2931106 -0.5574196 -0.7767687 0.3117079 -0.4902294 -0.8139492 0.3659473 -0.1929027 -0.9104236 0.5542368 -0.812629 0.1801546 0.5517948 -0.8170743 0.1670691 0.5542368 -0.812629 0.1801546 0.4922325 -0.8619565 0.1214007 0.5601562 -0.8126896 0.1605012 0.5259348 -0.8464962 0.08268459 0.6399991 -0.762127 0.09779342 0.5344295 -0.8427006 0.06512219 0.6721952 -0.7339464 0.0973461 0.5160129 -0.8557595 -0.03750213 0.4948767 -0.8688063 -0.01650915 0.5392517 -0.8383508 -0.0798477 0.5117805 -0.8525956 -0.1056479 0.5097227 -0.8536786 -0.106844 0.4996292 -0.8528353 -0.151798 0.4972641 -0.858302 -0.1266732 0.4789606 -0.8562246 -0.1935875 0.4670538 -0.8671829 -0.1727848 0.5040726 -0.8245625 -0.2569192 0.4542472 -0.8529395 -0.2572036 0.4482509 -0.8567765 -0.2549611 -0.2716414 -0.9076339 0.3200182 -0.2855262 -0.9031904 0.3205025 -0.2716414 -0.9076339 0.3200182 -0.2934655 -0.9047001 0.3088621 -0.3001246 -0.8958676 0.3276377 -0.2655438 -0.903677 0.3359379 -0.2591637 -0.9051617 0.3369221 -0.3463719 -0.8945989 0.282346 -0.380991 -0.8560766 0.3492546 -0.3406805 -0.8938197 0.2915872 -0.3534132 -0.8958632 0.2693107 -0.3541746 -0.8954409 0.2697144 -0.01336603 -0.9557515 -0.2938713 -0.01842269 -0.9934116 -0.1131106 -0.01842269 -0.9934116 -0.1131106 0.009762771 -0.9846673 -0.1741694 0.01548164 -0.9951456 -0.09718823 0.02140793 -0.9971872 -0.07182908 0.03130034 -0.7914718 -0.6104037 0.008772801 -0.8708758 -0.4914249 0.02088276 -0.8127899 -0.5821825 0.03981286 -0.4995765 -0.8653544 0.03960249 -0.9776105 -0.2066623 0.04110251 -0.9554355 -0.2923245 0.1063433 -0.8875105 -0.4483483 0.1229225 -0.9026149 -0.4125244 0.1229225 -0.9026149 -0.4125244 0.1871342 -0.7378343 -0.6485224 0.1737958 -0.8543233 -0.4898232 0.2797883 -0.5694486 -0.7729468 0.2773171 -0.5512698 -0.7868906 0.1871292 -0.3167293 -0.9298738 0.2562246 -0.3817442 -0.888043 0.2206437 -0.2924903 -0.9304653 0.05115485 -0.4750053 -0.8784948 0.1608632 0.03097827 -0.9864904 0.1817803 -0.4062394 -0.8955029 0.2071609 -0.5911795 -0.7794814 0.07191228 -0.1177748 -0.9904331 0.05524795 -0.229704 -0.9716912 0.1763169 -0.774875 -0.6070264 0.1924105 -0.7826726 -0.5919475 0.2101711 -0.8342223 -0.5098052 0.2100325 -0.8437646 -0.4939105 0.184682 -0.8141945 -0.5504361 0.1600411 -0.85913 -0.4860891 0.06625804 -0.855563 -0.5134411 0.006823052 -0.8454891 -0.533949 0.1314733 -0.9085599 -0.3965269 0.2247146 -0.8183275 -0.5290024 0.2120182 -0.8450866 -0.4907921 0.209974 -0.8528011 -0.4781644 0.2101113 -0.847207 -0.4879483 0.05889158 -0.05324759 -0.9968433 0.06154476 -0.1977 -0.9783286 0.06190686 0.04808132 -0.9969231 0.09616399 0.05863733 -0.9936368 0.1016831 0.1402281 -0.9848841 0.08483145 0.1380107 -0.9867911 0.05980856 0.1180082 -0.9912099 0.04815949 0.1014054 -0.9936788 0.1343252 -0.883109 -0.4495277 0.1969755 -0.7628886 -0.6157935 0.1969755 -0.7628886 -0.6157935 0.07032499 -0.9141831 -0.3991536 0.1696728 -0.7675738 -0.6180951 0.1696728 -0.7675738 -0.6180951 -0.01428543 -0.9991056 0.03979923 -0.005401266 -0.999969 -0.005729158 0.005803285 -0.9386018 -0.3449535 0.03220767 -0.772918 -0.633688 0.04545446 -0.903721 -0.4257021 -0.007771016 -0.9987576 -0.04922294 -0.1048101 -0.54101 -0.8344597 -0.06841115 -0.7736897 -0.6298605 -0.1973058 -0.04729735 -0.9792004 -0.07574527 -0.1133564 -0.9906629 -0.07574527 -0.1133564 -0.9906629 -0.007105168 -0.999442 -0.03263717 -0.006462327 -0.9999436 0.008426543 -0.003596881 -0.9995264 -0.03056337 -0.00195447 -0.9995677 -0.02933598 0.001159871 -0.9983048 -0.0581904 0.001869271 -0.9974207 -0.07175233 0.004410691 -0.9975157 -0.07030618 -0.003998575 -0.9961412 -0.08767405 -0.01650685 -0.9934063 -0.1134527 -0.01612205 -0.9403756 -0.3397554 -0.05490147 -0.9423376 -0.3301297 0.03955958 -0.8686064 -0.493921 0.02467579 -0.8108775 -0.5846955 0.04928779 -0.744853 -0.6654056 0.04928779 -0.744853 -0.6654056 -0.04326564 -0.9847678 -0.1684059 -0.2080703 -0.623584 -0.7535581 -0.07158601 -0.9632218 -0.2589967 -0.02797944 -0.996992 -0.07227808 -0.05466925 -0.9877162 -0.1463827 -0.04161483 -0.9991263 -0.003844679 0.02505696 -0.9985491 0.04766468 0.4109807 -0.3316144 0.8491918 0.00206282 -0.9999888 0.004262316 -0.0604927 -0.5966563 -0.8002137 -0.01274921 -0.7845901 -0.6198837 0.005716041 -0.89895 -0.438014 -0.01174257 -0.318013 -0.9480136 -0.01471088 -0.1802141 -0.9835174 -0.02871405 -0.2991194 -0.9537836 -0.1281245 -0.3378064 -0.9324543 0.2074327 -0.9098418 -0.3593876 0.2044849 -0.9116818 -0.3564016 0.2044849 -0.9116818 -0.3564016 0.2158258 -0.9106055 -0.3524441 0.2072129 -0.9045367 -0.3726609 0.2090222 -0.8999786 -0.3825549 0.2106793 -0.8986741 -0.3847065 -0.07949908 0.5722836 -0.8161933 -0.06568836 0.5616184 -0.8247847 -0.06568836 0.5616184 -0.8247847 -0.06869966 0.5507439 -0.8318422 -0.1252656 0.6548796 -0.7452793 -0.2450488 0.5068469 -0.8264728 -0.2636153 0.4683694 -0.8432895 -0.2700923 0.4718719 -0.8392777 -0.3077872 0.6805265 -0.6649442 -0.28409 0.6661162 -0.6896246 -0.3887975 0.6332017 -0.6692474 -0.4290172 0.6085636 -0.6675287 -0.4270032 0.5828696 -0.6913258 -0.4470656 0.6868058 -0.5730882 -0.5882651 0.5416916 -0.6004285 -0.5820098 0.5147716 -0.6295035 -0.6814399 0.4756939 -0.5561969 -0.6347557 0.5323764 -0.560054 -0.6253304 0.6060186 -0.4916333 -0.6216399 0.581043 -0.5253122 -0.6234646 0.6723867 -0.3989837 -0.7312314 0.5585449 -0.3915715 -0.7596421 0.5147885 -0.3974125 0.2723055 0.480671 0.8335497 0.3080398 0.4980392 0.8105976 0.2723055 0.480671 0.8335497 0.3419049 0.6227989 0.7037205 0.3357128 0.4825632 0.8089683 0.3640098 0.597674 0.7143407 0.3993982 0.5859186 0.7051103 0.4431489 0.6270616 0.6406347 0.4357904 0.5967623 0.6737667 0.5105866 0.5208707 0.6841016 0.5184505 0.5056718 0.6895688 0.4565923 -0.8709949 -0.1813597 0.6762843 -0.7091898 -0.199222 0.4565923 -0.8709949 -0.1813597 0.5984164 -0.7678562 -0.2286802 0.6140158 -0.7567836 -0.2241944 0.4309312 -0.8970075 -0.09836636 0.6535109 -0.7515282 -0.09016015 0.6173165 -0.7826556 -0.07981609 0.7936933 0.6002131 -0.09897053 0.7936933 0.6002131 -0.09897053 0.4977374 -0.8672643 -0.01049399 0.708639 -0.7055577 0.004367605 0.2772331 -0.9607977 -0.00310935 0.6970093 -0.7170556 0.003051917 0.7183943 -0.6956209 0.004601659 -0.8715438 0.4659551 0.1526341 -0.745404 0.6642886 0.05561909 -0.8715438 0.4659551 0.1526341 -0.6691621 0.7420935 0.03897837 -0.6691621 0.7420935 0.03897837 -0.7924962 0.6095853 0.01885539 -0.8493591 0.5224029 0.07539461 -0.7982968 0.6021631 -0.01103378 -0.734431 0.6754873 -0.06578728 -0.7336236 0.6753584 -0.07541522 -0.7985119 0.5850257 -0.1418581 -0.8356804 0.5077273 -0.209407 -0.8356804 0.5077273 -0.209407 -0.7780852 0.5939557 -0.2044506 -0.7934638 0.5867962 -0.1615099 -0.813024 0.5739797 -0.0976697 -0.836745 -0.4565109 0.3024162 -0.8166334 -0.5003526 0.2876753 -0.836745 -0.4565109 0.3024162 -0.6238371 -0.7610528 0.177837 -0.8392552 -0.4562787 0.2957372 -0.3470839 -0.9357285 0.06280948 -0.3144499 -0.9447198 0.09287488 -0.5434584 -0.8390182 0.02648614 -0.5709226 -0.8203103 0.0337402 -0.1395061 0.946586 0.2907111 -0.1395061 0.946586 0.2907111 -0.1618578 0.7470736 0.6447349 -0.2373468 0.7330306 0.6374423 -0.152356 0.7442123 0.6503351 -0.05949502 0.7529176 0.6554201 -0.2875378 0.7336411 0.6157051 -0.08432697 0.7506359 0.6553127 -0.3355372 0.7275659 0.5983834 -0.01554439 0.7530958 0.6577272 -0.2197501 0.8535427 0.4724138 0.05192381 0.8331282 0.5506372 -0.1995429 0.9073375 0.3700288 -0.1884848 0.9038473 0.384101 0.05072594 0.7596237 0.6483816 0.09658771 0.7613247 0.6411361 0.1151979 0.7641351 0.6346865 0.004297448 0.8335392 0.5524437 0.05677198 0.9071634 0.4169311 -0.003448626 0.8199036 0.5724912 -0.006539127 0.8586901 0.5124535 -0.006636611 0.8598485 0.5105062 0.1412057 0.764666 0.6287661 0.1740419 0.7660825 0.6187302 0.1828988 0.7650195 0.6174894 0.2116263 0.7666195 0.6062251 0.2212052 0.76557 0.6041281 0.2270727 0.765698 0.6017845 -0.2501522 0.8924912 0.3753443 -0.2302776 0.8987738 0.3730656 -0.1766455 0.9124587 0.3690739 -0.09041388 0.9595707 0.2665508 -0.1044076 0.9034339 0.4158199 -0.08094547 0.9084361 0.4101117 -0.3304216 0.7206927 0.6094453 -0.3624163 0.717168 0.5952516 -0.3609086 0.7158338 0.5977683 -0.3919568 0.7122414 0.5823076 -0.4036871 0.7049008 0.5832252 -0.4534849 0.7059492 0.544047 -0.4599423 0.7072976 0.5368269 -0.414481 0.6966125 0.5856079 -0.9553041 -0.1854033 -0.2302602 -0.8298868 -0.5014771 -0.244558 -0.9553041 -0.1854033 -0.2302602 -0.8979147 -0.2827486 -0.3373462 -0.8381087 -0.4419425 -0.3197823 -0.585123 -0.779457 -0.223781 -0.4039133 -0.9078107 -0.1128443 -0.5915261 -0.7941068 -0.1396112 -0.330599 -0.9351042 -0.1276102 -0.1028958 -0.9943208 -0.02717667 -0.1028958 -0.9943208 -0.02717667 -0.01545495 -0.9877738 0.1551262 -0.03160278 -0.9802815 0.1950626 -0.05611615 -0.9652432 0.2552577 0.01316415 -0.9949411 0.09959325 0.01161556 -0.9941417 0.1074585 -0.1043831 -0.9859472 0.1304309 -0.08190318 -0.984084 0.1577042 -0.1289438 -0.9852627 0.1123877 -0.1290425 -0.9852405 0.1124684 -0.1269049 -0.9857162 0.1107191 -0.1421561 -0.9444462 0.2963325 -0.1611359 -0.9349435 0.3160948 -0.1505647 -0.9403416 0.3051031 -0.1659089 -0.9324186 0.3210449 -0.03575527 -0.9503956 0.3089819 -0.02521044 -0.9524311 0.3037093 -0.03513304 -0.9505195 0.3086719 -0.006897504 -0.952106 0.3056903 -0.02351002 -0.952624 0.3032406 -0.01997573 -0.952419 0.3041365 0.01517822 -0.9556692 0.294051 0.01733969 -0.9560804 0.292591 -0.2681273 -0.7316281 -0.62676 -0.3572157 -0.5057277 -0.785262 -0.2700205 -0.7279287 -0.630245 -0.3602218 -0.4955795 -0.7903425 -0.4351712 -0.5746402 -0.6931195 -0.544808 -0.2471477 -0.8013128 -0.4410123 -0.5622119 -0.6995898 -0.5491742 -0.2262085 -0.8045107 0.3259377 -0.930721 -0.1659007 0.3123941 -0.9264505 -0.2099984 0.3238365 -0.930177 -0.172918 0.3099457 -0.925799 -0.2164019 0.3083837 -0.9295936 -0.2018792 0.3008508 -0.9452707 -0.1263018 0.2992127 -0.9476098 -0.1118364 0.1177954 -0.9845219 -0.1297721 0.1186528 -0.9843247 -0.1304852 0.1224593 -0.9860864 -0.1124164 0.1257865 -0.9854631 -0.114194 0.1329524 -0.9808433 -0.142373 0.1314062 -0.9852048 -0.1100174 0.1313307 -0.9857343 -0.1052623 0.1444684 -0.9840177 -0.104106 0.1436967 -0.9842899 -0.1025898 0.1374208 -0.9855269 -0.09925888 0.1345893 -0.9860677 -0.0977556 0.1033252 -0.981961 0.1583554 0.1398341 -0.9736597 0.1800923 0.1074205 -0.9869831 0.1196876 0.09725218 -0.9857255 0.1374306 0.1023036 -0.9884642 0.1116804 0.1021583 -0.9885022 0.1114772 0.08048114 -0.9875279 0.1353195 0.08027434 -0.9856356 0.148588 0.08021097 -0.9851669 0.1516984 0.07485556 -0.9802478 0.1830596 0.05689139 -0.9870289 0.1501244 0.07145888 -0.9804002 0.1836004 0.04427247 -0.9885604 0.1441811 0.04974537 -0.975851 0.2126974 0.01817658 -0.98577 0.167114 0.01361473 -0.98284 0.183957 0.01412747 -0.9870112 0.1600288 -0.0006484471 -0.982794 0.184704 -0.01387697 -0.9828477 0.1838962 -0.01408237 -0.9826076 0.1851595 -0.01409319 -0.9825949 0.1852257 -0.01409301 -0.9825951 0.185225 0.2503859 -0.9610643 -0.1168859 0.2497532 -0.961455 -0.1150116 0.247122 -0.9630313 -0.1072447 0.2456869 -0.9638586 -0.1030267 0.2942762 -0.9434096 -0.1529045 0.2941037 -0.9436104 -0.1519951 0.2928593 -0.9450251 -0.1454685 0.2925241 -0.9453961 -0.1437216 0.06868584 -0.9925229 -0.1008986 0.1306256 -0.9762255 -0.1729759 0.1324327 -0.9760389 -0.1726546 0.1313375 -0.9892087 -0.06493546 0.1291459 -0.9795351 -0.1543769 0.1415997 -0.9876832 -0.06656845 0.07981961 -0.9887891 -0.1261944 0.09168744 -0.982548 -0.161842 0.1002455 -0.9817944 -0.1613401 0.08351296 -0.9820776 -0.1689647 0.06919471 -0.9867262 -0.146913 0.06703358 -0.9873655 -0.1435822 0.1832454 -0.9718539 -0.1480576 0.197445 -0.9656289 -0.1690454 0.2078719 -0.9687665 -0.1352066 0.2094437 -0.9700118 -0.123331 0.04249612 -0.565764 0.8234714 -0.03465451 -0.8183012 0.573744 0.03607432 -0.5904593 0.8062608 -0.03929774 -0.8304333 0.5557303 0.6037687 -0.6996186 0.3820957 0.6102824 -0.6910737 0.3872628 0.8165363 -0.01794663 0.5770151 0.81615 -0.001042604 0.5778391 0.7320561 -0.672031 0.1116609 0.7291395 -0.6753161 0.1109222 0.677403 -0.7290493 0.09804255 0.6760895 -0.7303107 0.09772062 0.2518288 -0.8464551 0.4691438 0.202869 -0.8976431 0.3912558 0.2494847 -0.8491937 0.4654324 0.2045284 -0.9002646 0.3843068 0.3804751 -0.7539296 0.535564 0.3106239 -0.8631003 0.3982094 0.4554059 -0.7398934 0.4951396 0.3567344 -0.8705327 0.3389889 0.3409298 -0.8794637 0.3321301 0.552797 -0.7031555 0.4472 0.3464986 -0.8803294 0.3239735 0.4437385 -0.8414692 0.3082624 0.4292825 -0.8547412 0.2917773 0.4980166 -0.8268455 0.2613541 0.4951383 -0.8271389 0.2658558 0.4880312 -0.8603385 0.1471165 0.6358957 -0.6665082 0.3891061 0.4386975 -0.8483448 0.2964044 0.4472475 -0.8681198 0.2152617 0.625945 -0.7282297 0.2790598 0.4721784 -0.8713516 0.1333939 0.5121782 -0.8472301 0.1409775 0.520465 -0.8419024 0.142536 0.1810981 -0.8426496 0.5070948 0.1817889 -0.8408818 0.509775 0.1956475 -0.8022475 0.5640222 0.1962833 -0.8003201 0.5665339 -0.4621062 0.191761 0.8658438 -0.4534949 -0.2721879 0.848679 -0.4629113 -0.1867693 0.8665047 -0.3776523 -0.5992217 0.7059122 0.5579317 -0.8298265 -0.01001327 0.5890574 -0.8079154 -0.01685325 0.5613733 -0.8274927 -0.01076139 0.5801497 -0.8145092 0.001032737 0.4899389 -0.8686111 0.073991 0.5404485 -0.8386573 0.06759708 0.5473165 -0.8342644 0.06669014 0.6261618 0.7676299 0.136623 0.6226577 0.7693276 0.142942 0.625185 0.7681091 0.1383915 0.62142 0.7699133 0.1451575 -0.03433474 0.4682714 0.8829173 -0.03662867 0.4831942 0.8747467 -0.03652385 0.4825138 0.8751265 -0.08666123 0.4570303 0.8852193 -0.1303188 0.4493902 0.8837791 -0.1775984 0.4169375 0.8914157 -0.1263138 0.4150872 0.9009703 -0.2231089 0.4129202 0.8830172 -0.2375145 0.3807191 0.8936665 -0.3078235 0.3037973 0.9016385 -0.3071792 0.2895137 0.9065444 -0.4570436 0.4768988 0.7507854 -0.4563414 0.4839704 0.7466761 -0.4455794 0.5658581 0.6937317 -0.566984 0.347583 0.7468033 -0.5550203 0.4938143 0.6694027 -0.5631966 0.3911831 0.7278635 -0.5099486 0.5637093 0.6497571 -0.566105 0.4817261 0.6689283 -0.402151 0.4800702 0.7796199 -0.4029027 0.4695573 0.7856115 -0.4071357 0.3123768 0.8582897 -0.4069663 0.3005263 0.8625905 0.1449632 0.4515836 0.8803737 0.1448214 0.452168 0.8800971 0.1423201 0.4623972 0.8751765 0.1421975 0.4628947 0.8749333 0.6358688 0.5809815 -0.5080662 0.541794 0.7271495 -0.4215601 0.5492115 0.7175925 -0.4282847 0.7296702 0.4741882 -0.4926733 0.7334448 0.4810496 -0.4802604 0.7444312 0.4548082 -0.4888472 0.7320402 0.4842674 -0.4791683 0.4622947 0.7343962 -0.4969365 0.4715898 0.7220492 -0.5062095 0.6328969 0.3978137 -0.6642181 0.637243 0.3837337 -0.6683336 0.8554539 0.504519 0.1168728 0.8226686 0.5588849 0.1042309 0.8538503 0.5073752 0.1162326 0.7113005 0.7001617 0.06184799 0.6367247 0.7679895 0.06909178 0.6368927 0.7677652 0.0700308 0.6421044 0.7659097 0.03292757 0.6465762 0.7628399 0.003802898 0.6460607 0.7632859 0.0004753874 0.7880124 0.5534911 0.2696 0.7862025 0.556586 0.2685099 0.7879114 0.5536644 0.2695391 0.7860588 0.5568307 0.2684234 0.824092 0.5311768 0.1967829 0.7913683 0.5839314 0.1809983 0.8223153 0.5342465 0.1959037 0.7887353 0.5878624 0.1797621 0.6817577 0.5385418 0.4951557 0.6820694 0.538001 0.4953142 0.6872585 0.5288927 0.497944 0.6876441 0.5282078 0.4981387 -0.5698634 0.6451185 -0.5089969 -0.5714911 0.6427833 -0.5101251 -0.6119516 0.5799094 -0.5377921 -0.61424 0.5760461 -0.539333 -0.5850138 0.7096847 -0.3925641 -0.5898611 0.7023495 -0.3984583 -0.5189894 0.794505 -0.3152965 -0.5145498 0.7993562 -0.3102712 -0.8607108 0.2615776 0.436754 -0.8603353 0.2618194 0.4373486 -0.860438 0.2617533 0.4371861 -0.8600565 0.2619986 0.4377893 0.3023192 -0.8777932 -0.3715941 0.3006883 -0.8779755 -0.3724856 0.3011204 -0.8779275 -0.3722496 0.2995797 -0.8780976 -0.3730906 -0.2290127 -0.9143081 0.3340568 -0.206101 -0.9195176 0.3346786 -0.208779 -0.9189362 0.3346156 -0.2786529 -0.8863507 0.369777 -0.313142 -0.8667355 0.3882161 -0.2959293 -0.8769035 0.3787692 -0.2947293 -0.870101 0.395043 -0.2890519 -0.8708955 0.3974795 -0.3657119 -0.8387684 0.4033887 -0.3513296 -0.8433112 0.4066862 -0.3488395 -0.8440748 0.4072454 0.06002909 -0.9981396 -0.01067206 0.06096203 -0.998093 -0.009699141 0.0610573 -0.9980881 -0.009599776 0.06206839 -0.9980353 -0.008545196 -0.3953297 -0.9081458 -0.1377884 -0.5023345 -0.8541314 -0.1346088 -0.4075951 -0.9027466 -0.1375309 -0.5151989 -0.8465187 -0.1340755 -0.4660324 -0.5032565 -0.7276995 -0.5227307 -0.2886965 -0.8021265 -0.4930342 -0.4163364 -0.7639249 -0.5272706 -0.2638491 -0.8076938 0.9284845 -0.3404248 0.1484166 0.9289551 -0.3367032 0.1538615 0.9289091 -0.3370822 0.1533083 0.9293335 -0.3334351 0.1586198 0.8941135 -0.3507863 0.2784061 0.8942685 -0.3551182 0.2723508 0.8942535 -0.3546304 0.2730349 0.894364 -0.358922 0.2669984 0.7629061 -0.376989 0.5252177 0.7618294 -0.3740973 0.5288357 0.7619591 -0.3744437 0.5284035 0.7950455 -0.3695889 0.4809436 0.8257063 -0.366015 0.4292343 0.8713291 -0.3522127 0.3416605 0.8732326 -0.3514885 0.3375213 0.3542911 -0.3389579 0.871542 0.3589434 -0.3451528 0.8671962 0.353632 -0.3380811 0.87215 0.2492915 -0.3072787 0.9183864 0.09926823 -0.2651162 0.9590929 -0.1216343 -0.2117503 0.9697252 -0.1335013 -0.208325 0.9689056 -0.1552005 -0.1996654 0.967495 -0.1574385 -0.1987641 0.967319 -0.8506767 0.3948251 -0.3470767 -0.8409619 0.370348 -0.3944939 -0.8415169 0.3716218 -0.3921053 -0.8296916 0.3465765 -0.4376032 -0.9185045 0.3113183 -0.2437836 -0.9188789 0.3111996 -0.2425209 -0.9274393 0.3081646 -0.2118749 -0.9367802 0.3021134 -0.1765513 -0.9432736 0.2969884 -0.1484347 -0.9400228 0.3028125 -0.1570403 -0.9413391 0.3003862 -0.1537818 -0.9429516 0.2973853 -0.1496803 -0.9385978 0.3053584 -0.1605936 -0.2526012 0.2794225 -0.9263453 -0.2453001 0.2773596 -0.9289239 -0.1222486 0.2406465 -0.9628834 -0.1137404 0.2379763 -0.9645882 0.08665745 0.1896001 -0.9780298 0.0881474 0.1890635 -0.9780005 0.1135973 0.1798119 -0.9771199 0.115849 0.1789855 -0.9770073 0.4793175 0.05944265 -0.8756262 0.4923488 0.05570732 -0.8686134 0.480067 0.05922904 -0.87523 0.4928993 0.05554853 -0.8683114 0.7217195 -0.05528596 -0.6899742 0.7245911 -0.05631392 -0.6868745 0.7219092 -0.05535374 -0.6897703 0.7247462 -0.05636958 -0.6867062 0.9419548 -0.2380062 -0.2367997 0.939015 -0.2316565 -0.2541378 0.8886614 -0.1606101 -0.4295176 0.8819061 -0.1533281 -0.4457939 -0.9629807 0.2659744 -0.0438833 -0.9636008 0.2649071 -0.0360241 -0.9568718 0.2294616 0.1781678 -0.9552664 0.2272946 0.1892175 -0.9466642 0.2123401 0.2423604 -0.8987267 0.1432358 0.4144561 -0.9441298 0.2071409 0.2563428 -0.8928166 0.1367809 0.4291497 -0.2850546 -0.1556819 0.9457838 -0.2794538 -0.1570861 0.947222 -0.19285 -0.177802 0.9649846 -0.1893163 -0.1786085 0.9655353 0.1295633 -0.2753213 0.9525815 0.1275451 -0.2749838 0.9529513 0.07926437 -0.2665842 0.9605467 0.07668081 -0.2661172 0.9608859 -0.9501636 0.3109898 0.02178204 -0.9577385 0.2838276 0.04667897 -0.9629108 0.261388 0.06692599 -0.9680098 0.2335851 0.09162462 -0.9085909 0.3922434 0.1435534 -0.9111238 0.3902086 0.1326302 -0.917022 0.3848152 0.1048232 -0.9192528 0.3824733 0.09321253 0.7990912 -0.1104053 -0.5909855 0.799586 -0.1106112 -0.5902774 0.7991138 -0.1104147 -0.5909533 0.7996097 -0.1106211 -0.5902434 0.946756 -0.2172427 -0.2376102 0.9480842 -0.2203692 -0.2292898 0.9576985 -0.2540512 -0.1351726 0.9580568 -0.2566863 -0.1274332 0.9360861 -0.3168035 0.1528996 0.9386255 -0.3139625 0.1428626 0.9583814 -0.2827921 0.03916295 0.9596639 -0.2796283 0.02921029 0.7709401 -0.3542519 0.5292985 0.7624354 -0.3556839 0.5405379 0.6465068 -0.3673547 0.66864 0.6369125 -0.3677912 0.6775486 -0.6201198 0.3317558 -0.7109075 -0.6203675 0.3317955 -0.7106729 -0.6263581 0.3327471 -0.7049503 -0.6266746 0.3327969 -0.7046454 -0.8244925 0.3318564 -0.4583486 -0.7834455 0.3422446 -0.5187309 -0.8218291 0.3326241 -0.462556 -0.7785799 0.3432928 -0.5253221 -0.9374124 0.3020718 -0.1732359 -0.9376606 0.301991 -0.172029 -0.9414779 0.3006209 -0.1524677 -0.9416449 0.3005548 -0.1515638 -0.9527676 0.2122932 0.2171762 -0.9520262 0.2110318 0.2216114 -0.9026231 0.1544479 0.4017678 -0.9005641 0.1526192 0.4070524 -0.3499546 -0.1267255 0.9281554 -0.3530561 -0.1258781 0.9270955 -0.4191259 -0.1072003 0.9015773 -0.422692 -0.106157 0.9000345 -0.7817845 0.3291472 -0.5295991 -0.7846852 0.3294582 -0.5250966 -0.8410721 0.3338232 -0.4256286 -0.8442623 0.3339521 -0.4191625 -0.919296 0.1656429 0.3570116 -0.9167215 0.1634737 0.3645518 -0.8318026 0.1055651 0.5449408 -0.8275224 0.1030743 0.5518898 -0.1338062 -0.210626 0.9683659 -0.1278277 -0.2120171 0.9688699 0.004505816 -0.2404947 0.97064 0.01186236 -0.2419489 0.9702165 0.1923436 -0.2880942 0.9380862 0.3398996 -0.334217 0.8790718 0.2045408 -0.2921401 0.9342469 0.3498017 -0.3370804 0.8740799 0.5451829 -0.3629919 0.7556537 0.5468622 -0.3633175 0.7542826 0.5084222 -0.3555656 0.7842703 0.5860513 -0.3658445 0.7229811 0.6810401 -0.3713124 0.6311192 0.6822981 -0.3738685 0.6282448 0.6837245 -0.3767872 0.6249418 -0.3316559 -0.8943877 0.300125 -0.3385596 -0.8904651 0.3040548 -0.3813761 -0.8641872 0.3282268 -0.4004211 -0.8513724 0.3388628 0.2326759 -0.5065051 -0.8302497 0.2327046 -0.5063586 -0.830331 0.2333799 -0.5029009 -0.8322407 0.2333926 -0.5028352 -0.8322768 0.260363 -0.1908703 -0.9464563 0.2610808 -0.1801772 -0.9483528 0.2654406 0.2206576 -0.9385369 0.2470354 0.4505641 -0.8578843 0.2739026 0.4480305 -0.8510265 0.2739176 0.4479152 -0.8510823 0.2750383 0.4391749 -0.8552656 0.2750577 0.4390211 -0.8553384 0.2350927 0.5870451 -0.7746673 0.2132003 0.4467717 -0.8688732 0.2219165 0.6072662 -0.7628767 0.210791 0.4160993 -0.8845499 0.2271489 0.5594826 -0.7971089 0.1805867 0.5903202 -0.7867087 0.0854142 0.6346103 -0.7680977 0.1701306 0.411822 -0.895242 0.1472481 0.4567896 -0.8773034 0.125941 0.3596236 -0.9245592 0.09529637 0.2944565 -0.9509017 0.07517805 0.3069218 -0.9487609 0.07523177 0.3070307 -0.9487214 0.08629015 0.3120969 -0.9461234 0.1145572 0.2830578 -0.9522368 0.07282866 0.2965667 -0.9522311 0.08935765 0.3137436 -0.9452937 0.06174349 0.3309883 -0.9416127 0.07362084 0.3134676 -0.9467408 0.03880117 0.2790175 -0.9595018 -0.03995193 0.3399516 -0.9395939 -0.01792961 0.5349448 -0.8446968 -0.0457841 0.5551954 -0.8304589 -0.09352882 0.5587301 -0.8240589 -0.1751555 0.511386 -0.8413114 -0.1813131 0.5257834 -0.83107 -0.1953078 0.4637824 -0.8641532 -0.1966887 0.5700257 -0.797737 -0.1705231 0.4313609 -0.8859174 -0.1329163 0.3861122 -0.9128256 -0.1729849 0.3943414 -0.9025359 -0.1080674 0.3709129 -0.9223584 -0.08001927 0.3745359 -0.9237531 -0.04375609 0.3587878 -0.932393 -0.064957 0.3549193 -0.9326376 -0.01404959 0.3295793 -0.9440234 -0.01906217 0.3811074 -0.9243342 -0.01761047 0.3791848 -0.9251534 0.01393184 0.3397508 -0.9404123 0.0337248 0.3117807 -0.9495554 0.05498818 0.3129414 -0.9481793 -0.08495102 0.4081864 -0.9089374 -0.01122097 0.3714535 -0.9283838 -0.02170305 0.4000997 -0.9162146 -0.01281587 0.3917391 -0.9199871 0.04121406 0.3775481 -0.9250723 0.0714468 0.3693624 -0.9265348 -0.00297543 0.3895259 -0.9210107 -0.1124212 0.451689 -0.8850641 -0.09921793 0.4514155 -0.8867806 -0.1366154 0.4496112 -0.8827151 -0.1778111 0.4247931 -0.8876565 -0.2504961 0.4184486 -0.8730134 -0.2877988 0.4368552 -0.8522496 -0.2002191 0.3879898 -0.8996534 -0.26938 0.4219521 -0.8656736 -0.3849862 0.4470039 -0.8074485 -0.3993461 0.4842621 -0.7784683 -0.4515309 0.4385439 -0.7770451 -0.4906977 0.4768637 -0.7292577 -0.4301513 0.5111618 -0.7440991 -0.3911919 0.511387 -0.7651485 -0.5152445 0.5208468 -0.6806186 -0.3416076 0.4902864 -0.8018251 -0.2978135 0.4816535 -0.8242069 -0.3010258 0.48593 -0.8205215 -0.2214474 0.4695719 -0.8546714 -0.2215683 0.4624345 -0.858523 -0.1890633 0.4655323 -0.8646009 -0.5669535 0.464058 -0.6805982 -0.571685 0.4691844 -0.6730842 -0.5750765 0.4708488 -0.6690205 -0.5734085 0.4724535 -0.6693208 -0.603688 0.4743603 -0.6407364 -0.5913152 0.5163559 -0.6194538 -0.5679284 0.5392846 -0.6217954 -0.6185608 0.4945316 -0.6105908 -0.6435102 0.4885807 -0.5892228 -0.648978 0.4915907 -0.5806601 -0.6522286 0.4903152 -0.5780906 -0.681384 0.5063619 -0.5285011 -0.6281986 0.5308229 -0.5688529 -0.6509339 0.531393 -0.5421315 -0.6674522 0.5287554 -0.5243332 -0.6418247 0.5191989 -0.5643523 -0.7462901 0.5011772 -0.4380326 -0.6934841 0.5347076 -0.4828743 -0.7304511 0.5354064 -0.4240061 -0.7215953 0.534764 -0.4396904 -0.7934261 0.5023485 -0.3436874 -0.7713016 0.5360808 -0.3430906 -0.8122207 0.5115044 -0.2804653 -0.7968341 0.5222423 -0.3038393 -0.8175554 0.5075458 -0.2720303 -0.7495438 0.4888302 -0.4463509 -0.710229 0.4902346 -0.5052176 -0.7529232 0.4757429 -0.4547256 -0.7529449 0.4713851 -0.4592059 -0.7868807 0.4651608 -0.4055173 -0.8108371 0.4738088 -0.3435817 -0.8542609 0.4804722 -0.1984561 -0.8434971 0.4493834 -0.294223 -0.8410736 0.452991 -0.2956252 -0.863407 0.4405736 -0.2458117 -0.8618718 0.4586544 -0.2163634 -0.9018373 0.4003346 -0.1625476 -0.9068352 0.3909889 -0.1574088 -0.8495761 0.5074494 -0.143929 -0.8211 0.5294644 -0.2132189 -0.8831409 0.4570186 -0.1058117 -0.8608348 0.50011 -0.09409237 -0.8860146 0.4492979 -0.1144966 -0.9149407 0.4027617 0.02581693 -0.9002634 0.4335049 -0.03999166 -0.9072089 0.4165222 -0.05900264 -0.9197544 0.3725204 0.1236137 -0.9148671 0.3973654 0.07154631 -0.9292675 0.3568051 0.09566602 -0.9323915 0.3596141 0.036383 -0.9272796 0.334128 0.1688519 -0.9221899 0.3421407 0.1802931 -0.9257836 0.3263871 0.190778 -0.9289147 0.3111276 0.2007914 -0.9311755 0.3632073 0.03150679 -0.9307733 0.3639879 0.03426251 -0.9305824 0.3646085 0.03281776 -0.9300349 0.3655806 0.03722713 -0.8946232 0.4135799 0.1691185 -0.8907844 0.4450817 0.0916809 -0.9002247 0.393489 0.1864452 -0.8963104 0.4371359 0.07443026 -0.8857874 0.4640801 -0.003210726 -0.9017526 0.4235062 0.08651454 -0.8770401 0.4782597 -0.04547908 -0.8762729 0.4795513 -0.04665036 -0.8742936 0.4828516 -0.04964949 -0.6164641 -0.6904317 0.3785183 -0.4473566 -0.8553638 0.2611988 -0.6112156 -0.6970842 0.3748188 -0.4269029 -0.8698493 0.2472168 0.2715727 -0.8166747 0.509206 0.271988 -0.8234604 0.4979312 0.2719044 -0.8220414 0.5003159 0.2792167 -0.8178614 0.5031309 0.2785444 -0.8596951 0.4281791 0.286408 -0.8110107 0.5101295 0.3069213 -0.8517426 0.4246573 0.3088019 -0.8627346 0.4004127 0.3205484 -0.8666169 0.3823923 0.4188618 -0.8116286 0.4072025 0.3524297 -0.8562732 0.3776102 0.3853888 -0.8527802 0.352479 0.3925976 -0.8583392 0.3303345 0.4460458 -0.8400757 0.3087327 0.4262848 -0.8485315 0.3134893 0.4379904 -0.8540816 0.2805514 0.4616106 -0.8400093 0.2851316 0.479855 -0.8399948 0.2532742 0.4709015 -0.862058 0.1873706 0.4863839 -0.8452045 0.221495 0.5048823 -0.8471136 0.1658084 0.5268639 -0.836022 0.1532373 0.06315542 -0.1195648 -0.9908156 0.07601587 -0.2145458 -0.9737513 0.06748725 -0.1511928 -0.9861979 0.08128306 -0.2544465 -0.9636649 -0.9595591 -0.01595967 0.2810545 -0.959893 -0.003882191 0.2803396 -0.9527731 0.1419763 0.2684514 -0.945245 0.1935324 0.2627871 -0.9180852 0.1716753 0.3572774 -0.8975952 0.188483 0.3984934 -0.9044779 0.1830806 0.3852288 -0.8820826 0.1998999 0.4265798 -0.6767484 0.3325076 -0.6568487 -0.6765825 0.3325187 -0.6570141 -0.6815864 0.3321756 -0.6519964 -0.4840933 0.317767 -0.8152778 -0.2704456 0.2849654 -0.9195944 -0.230834 0.2730453 -0.9338961 -0.2263061 0.2716581 -0.9354076 -0.05973694 0.2372299 -0.9696151 -0.04532262 0.2326207 -0.9715109 0.1634625 0.1601657 -0.9734613 0.1841295 0.1524045 -0.9710145 0.6441037 -0.0281201 -0.7644212 0.5825234 -0.006504131 -0.8127879 0.641954 -0.02734277 -0.7662555 0.5800796 -0.005672383 -0.81454 0.9420337 -0.3197318 0.1017056 0.9400073 -0.3207545 0.1162022 0.9419214 -0.3197931 0.1025496 0.9398905 -0.3208084 0.1169946 0.3010967 -0.1815901 -0.9361441 0.3010399 -0.1824765 -0.93599 0.2943838 -0.2675201 -0.9174809 0.2943297 -0.2681039 -0.9173278 0.9729683 0.1620287 -0.164558 0.9719343 0.1584846 -0.1738573 0.9726301 0.1608341 -0.1676992 0.9714292 0.1568591 -0.1781027 0.9861961 0.1626904 0.03080826 0.9862359 0.1623271 0.03144417 0.9862733 0.1619805 0.03205058 0.9863103 0.1616341 0.0326566 0.8848125 0.3544605 0.3024311 0.8817971 0.3583255 0.3066542 0.8824969 0.357434 0.3056798 0.8794712 0.3612647 0.3098681 0.9104742 0.3532889 0.2149972 0.9109446 0.3525959 0.2141404 0.9108185 0.3527819 0.2143704 0.9112643 0.3521235 0.2135566 0.1513303 -0.7955398 -0.5866988 0.07985881 0.4812851 -0.8729188 0.158261 -0.7008277 -0.695553 0.07764801 0.4947999 -0.8655309 -0.8969707 0.2723832 -0.348211 -0.6840972 0.7090454 -0.1710722 -0.8901892 0.304146 -0.3392026 -0.6659382 0.7288096 -0.1592576 -0.8725511 -0.3810198 -0.3057425 -0.8721358 -0.4366148 -0.2207863 -0.8731096 -0.3906198 -0.2917118 -0.8717598 -0.4404368 -0.2145934 0.09828135 0.6293471 -0.7708846 0.09751102 0.6136972 -0.7834969 0.08847848 0.4567279 -0.8851956 0.1322956 0.4458533 -0.8852755 0.1716436 0.4327928 -0.8850022 0.2021338 0.550463 -0.81002 0.2763603 0.430165 -0.8594085 0.2977303 0.3892431 -0.8716917 0.3073429 0.5137067 -0.801028 0.3005328 0.4153468 -0.8585843 0.3294586 0.5447113 -0.7711981 0.4223696 0.4470277 -0.788524 0.3715442 0.5496126 -0.7482519 0.4311776 0.4158892 -0.800701 0.4261408 0.4571238 -0.7806676 0.3967482 0.7210089 -0.5680995 0.4826889 0.4781702 -0.7337334 0.4908898 0.4389835 -0.7525428 0.8622863 0.4711697 -0.1856378 0.8372001 0.5194834 -0.1709766 0.8032128 0.5758488 -0.1524708 0.7967416 0.5856412 -0.1490876 0.764162 0.6406909 -0.07464293 0.816502 0.5747184 -0.05498455 0.7705633 0.6332406 -0.07237808 0.8104754 0.5855491 0.01618384 0.8244801 0.5613226 0.07176011 0.7943128 0.6057673 0.0459701 0.8293935 0.5534454 0.07618814 0.8353644 0.4345359 0.3366672 0.8422419 0.4214849 0.3361237 0.8782978 0.3444711 0.3315609 0.8763717 0.3465886 0.3344385 0.8930811 0.3098154 0.3262218 0.4789321 0.8225985 0.3065221 0.8091464 0.4086206 0.4222693 0.8293679 0.3626882 0.4249778 0.7843418 0.4463489 0.4307907 0.6612872 0.5985316 0.4521715 0.6411643 0.5915772 0.4888198 0.6821091 0.3989889 0.6128091 0.63058 0.4767894 0.6124057 0.6125192 0.5240018 0.5918128 0.6111012 0.5285366 0.5892406 0.1959653 0.6187332 0.7607673 0.1962357 0.6210995 0.7587668 0.1959867 0.6189199 0.7606099 0.1962733 0.6214297 0.7584866 -0.07171366 -0.9706183 0.2296895 -0.05185183 -0.973693 0.221886 0.1919081 -0.9731405 0.1271571 0.08318459 -0.9673796 0.2392844 0.006974308 -0.9640243 0.2657225 -0.0434458 -0.958981 0.2801212 -0.05431283 -0.9575073 0.2832488 -0.5552632 -0.6437241 -0.5265948 -0.6513148 -0.3586514 -0.6686989 -0.6564726 -0.3592576 -0.6633081 -0.5212575 -0.6894098 -0.5029957 -0.5324141 -0.5373388 -0.6540659 -0.5743022 -0.2429925 -0.7817491 -0.5750328 -0.2195383 -0.7881245 -0.7208257 -0.2628535 -0.641341 -0.6180662 -0.6834872 -0.3883804 -0.7011875 -0.552782 -0.4502978 -0.6946809 -0.5535778 -0.4593149 -0.7532212 -0.4921343 -0.4364192 -0.7551371 -0.4876714 -0.4381148 -0.7139098 -0.572827 -0.402743 -0.6990955 -0.6665469 -0.2588064 -0.6986689 -0.6831707 -0.2124605 -0.569353 -0.8002293 -0.1883354 -0.5103186 -0.848042 -0.1428277 -0.4588244 -0.8828708 -0.1000969 0.1600598 -0.9869906 -0.01517859 0.1662218 -0.9859831 -0.01440637 0.217068 -0.9761279 -0.007472739 0.1583512 -0.9872786 0.01434599 0.158528 -0.9873164 0.008668366 0.1682532 -0.9853558 0.02765613 0.1733406 -0.9844315 0.02911371 0.1701258 -0.9838695 0.05529938 0.1676824 -0.9844092 0.05311367 0.1604375 -0.9860085 0.04524409 0.1915042 -0.9803819 0.04666357 0.1939469 -0.979891 0.04688514 -0.03999325 -0.986279 0.1601693 -0.04203942 -0.9854412 0.1647374 -0.06267328 -0.9739615 0.2178787 -0.05904702 -0.9721082 0.2269782 -0.03926688 -0.9825647 0.1817272 -0.03793356 -0.9832795 0.178108 -0.1444848 -0.9804498 0.1335753 -0.1190923 -0.9861816 0.1151649 -0.1010338 -0.9901907 0.0965121 -0.09616547 -0.9906846 0.09641668 -0.1264063 -0.9858621 0.1099879 -0.1294884 -0.985252 0.1118541 -0.1071328 -0.985586 0.1309308 -0.1072529 -0.9855633 0.1310029 -0.1079233 -0.9859758 0.1272964 -0.1084696 -0.9867896 0.1203355 -0.1087633 -0.9872667 0.1160818 0.3137585 -0.9372721 -0.1519097 0.3149179 -0.9363968 -0.1548796 0.3176108 -0.9342114 -0.1623958 0.3175862 -0.9337249 -0.1652173 0.3173383 -0.9337106 -0.1657736 0.5633675 -0.8102839 0.1614219 0.5622363 -0.8112252 0.1606363 0.5581601 -0.8143997 0.1587782 0.5377369 -0.8189386 0.2004461 0.5356232 -0.8207776 0.198575 0.5173498 -0.8156381 0.2590051 0.4791405 -0.8339514 0.2737688 0.4760879 -0.819523 0.3189396 0.479086 -0.8151446 0.3256007 0.4800811 -0.8144644 0.3258372 0.4806705 -0.8137264 0.3268107 0.4537428 -0.8140148 0.3626257 0.4069974 -0.8254662 0.3910993 0.4210449 -0.816117 0.395821 0.3880885 -0.7878171 0.4782588 0.3994976 -0.8132588 0.4230979 0.3313573 -0.8105309 0.4829513 0.3113941 -0.8146164 0.4893197 0.279005 -0.8139207 0.5095971 0.2514336 -0.8108155 0.5285447 0.2836812 -0.8000772 0.5285845 0.191422 -0.8257927 0.5304942 0.1507564 -0.8204656 0.5514605 0.1540744 -0.8200097 0.5512215 0.1108148 -0.8203505 0.5610215 0.06642363 -0.8246945 0.5616644 0.01729039 -0.8345865 0.5506056 -0.06315338 -0.7998198 0.5969087 0.01620323 -0.8758668 0.4822809 -0.1134017 -0.8393118 0.5316915 -0.08480089 -0.8464754 0.5256313 -0.151597 -0.8443143 0.513957 -0.1755326 -0.8227499 0.5406209 -0.2181677 -0.8410395 0.4950308 -0.2327739 -0.849619 0.4732481 -0.2308137 -0.847228 0.4784661 -0.2325538 -0.8469118 0.4781832 -0.2255696 -0.8465827 0.4820955 0.4124043 -0.8518626 -0.3228821 0.43564 -0.849752 -0.2968826 0.4403031 -0.8510978 -0.285947 0.4556541 -0.8588685 -0.2339322 0.5104018 -0.8321576 -0.2168035 0.5316303 -0.8202865 -0.2109487 0.4125647 0.6961177 -0.5875462 0.384626 0.6880542 -0.6153408 0.3928509 0.6908233 -0.6069855 0.3376391 0.6796158 -0.6512466 0.3186229 0.6812752 -0.6590475 0.2860328 0.6686523 -0.6863595 0.2823033 0.6692893 -0.6872821 0.2767748 0.6720901 -0.6867974 -0.3327862 -0.8781797 0.3435895 -0.3292993 -0.8825125 0.3357583 -0.3507915 -0.8502487 0.3924571 -0.3048889 -0.8630182 0.4027933 -0.3218079 -0.8653802 0.3841313 -0.2812828 -0.8633239 0.4189891 -0.2924498 -0.8547433 0.4288205 -0.2601118 -0.8582068 0.4425188 -0.2461385 -0.8596815 0.4476199 -0.2942304 -0.8515423 0.4339402 -0.2087522 -0.8666145 0.4532129 -0.2091355 -0.8762059 0.4341954 -0.1876878 -0.8817664 0.432737 -0.212933 -0.8759849 0.4327932 -0.1881728 -0.8924856 0.4099517 -0.1312471 -0.8628286 0.4881608 -0.1594594 -0.8226518 0.5457258 -0.1118108 -0.8871197 0.4477913 -0.07727249 -0.8407299 0.5359125 -0.1063701 -0.8787975 0.4651885 -0.04133896 -0.8773643 0.4780408 -0.03519851 -0.8858612 0.4626133 0.01127535 -0.8175836 0.5756995 -0.02568049 -0.8720996 0.488654 0.04722503 -0.861251 0.5059807 0.09465537 -0.837547 0.5381036 0.1092818 -0.875544 0.4706168 0.1798803 -0.8342243 0.5212609 0.1792984 -0.8785769 0.4426678 0.1948478 -0.8194393 0.5390301 0.1781404 -0.8822323 0.435812 -0.04550805 -0.9093187 -0.4136044 -0.04710019 -0.9131146 -0.4049732 -0.05015268 -0.9346673 -0.3519684 -0.03915985 -0.9356215 -0.3508261 -0.03556843 -0.9411526 -0.3361052 0.09328591 -0.9497804 -0.2986886 0.008161595 -0.9125883 -0.4087983 0.1276167 -0.94632 -0.2969722 0.1367982 -0.9495256 -0.2822894 0.1285353 -0.9439476 -0.3040422 0.1386943 -0.9507359 -0.2772456 0.1764402 -0.8961276 -0.4072151 0.1765219 -0.8957963 -0.407908 0.1767232 -0.8972641 -0.4045813 0.1775824 -0.8976136 -0.4034281 0.1786186 -0.9001194 -0.3973418 0.1787607 -0.9009785 -0.3953255 0.5438479 0.3637339 0.7562586 0.5547092 0.3497362 0.7549717 0.525774 0.3673471 0.7672144 0.5504039 0.3424171 0.76145 0.4792117 0.424431 0.7682542 0.4740816 0.4638608 0.7483848 0.3808994 0.7255491 0.5731441 0.4314603 0.5626629 0.7051613 0.2977876 0.7723813 0.5610255 0.3431562 0.7715598 0.5356671 0.279257 0.7742442 0.567945 0.2927029 0.7697129 0.5673332 0.4101846 0.7712674 0.4867188 0.3938804 0.7720518 0.4987928 0.4313804 0.7725427 0.4659278 0.4293746 0.773017 0.4669928 0.428751 0.7731634 0.4673231 0.08501242 -0.8931734 -0.4416041 0.08300178 -0.8876288 -0.4530186 0.06728342 -0.894884 -0.4411978 0.08270694 -0.8868066 -0.4546796 0.04224386 -0.9002136 -0.4333947 0.04890646 -0.8995123 -0.4341495 0.05577034 -0.9139335 -0.402014 0.03915319 -0.8982273 -0.437784 -0.7369348 0.6446046 0.2034993 -0.7488687 0.6262988 0.216669 -0.760422 0.5937835 0.2630201 -0.7551292 0.5920876 0.2814464 -0.7387458 0.6025288 0.302016 0.8200051 0.4243871 -0.3840407 0.8023043 0.4781073 -0.3573811 0.7296997 0.6308902 -0.2636586 0.7495653 0.612014 -0.2521719 0.7570827 0.603015 -0.2513935 0.600752 0.6765443 -0.4258929 0.6311301 0.6266188 -0.4571911 0.7010203 0.5000178 -0.5084808 0.6899203 0.502627 -0.5209377 0.7457518 0.4719179 -0.4702635 0.7032959 0.6096309 -0.3656845 0.7865237 0.4470587 -0.4260504 0.7984362 0.4140737 -0.4370841 0.7881922 0.6079533 0.0956342 0.7807144 0.6127656 0.1224883 0.7831869 0.605828 0.139967 0.8162074 0.542025 0.200036 0.8224521 0.530124 0.2062548 -0.4098428 -0.9117963 -0.0256192 -0.4220702 -0.9061833 0.02624044 -0.4990436 -0.8647481 -0.05626861 -0.5077301 -0.8594712 -0.05932431 -0.422123 -0.9023503 0.08704039 -0.4183314 -0.9040257 0.08795677 -0.3958817 -0.9135247 0.0935432 -0.3679128 -0.9162557 0.158479 -0.2538104 -0.9357714 0.2447695 -0.3912771 -0.8981782 0.2004449 -0.1648774 -0.9531114 0.25376 -0.1570538 -0.9543646 0.2540124 0.3094336 -0.9440489 -0.1141159 0.2631578 -0.922606 -0.2820393 0.3046009 -0.9432394 -0.1323545 0.2675358 -0.896712 -0.3526078 0.2686107 -0.8926145 -0.3620602 0.09236085 -0.9813811 -0.1684059 0.06810499 -0.9873709 -0.1430398 0.07243297 -0.9863667 -0.1477638 0.08693327 -0.9852061 -0.1476874 0.09088157 -0.9857604 -0.1414812 0.1154272 -0.9807832 -0.1572924 0.09819758 -0.9851549 -0.1408083 0.112607 -0.9828128 -0.1462829 0.1110568 -0.983685 -0.1415279 0.1444887 -0.9861703 -0.08118589 0.1565084 -0.9851951 -0.06996962 0.1784366 -0.979242 -0.09615374 0.1880152 -0.9770239 -0.1003725 0.2047289 -0.9776381 -0.04806005 0.1630191 -0.9846768 -0.0619379 0.1753593 -0.9826978 -0.05961664 0.1629014 -0.9862164 -0.02898805 0.1597854 -0.9867524 -0.02807828 0.1327084 -0.9852876 0.107689 0.1393753 -0.9821102 0.1266254 0.1389502 -0.9822369 0.1261093 0.1320012 -0.9847897 0.1129821 0.1336784 -0.9854816 0.1046717 0.1380865 -0.985301 0.1005686 0.1756924 -0.9781213 0.1114045 0.1451412 -0.9845212 0.09824425 0.1460349 -0.9862327 0.07758092 0.1623482 -0.9840631 0.07254503 0.1512326 -0.9863002 0.0658837 0.1493756 -0.9866235 0.0652772 -0.09893811 -0.9855572 0.1374347 -0.1097004 -0.980742 0.161589 -0.1001685 -0.9850912 0.1398631 -0.08144992 -0.9870245 0.1383786 -0.1012653 -0.9706198 0.2182715 -0.1048164 -0.9679198 0.2283523 -0.06426612 -0.9856122 0.156328 -0.06193396 -0.9864109 0.1521766 0.5269395 -0.8432967 -0.1057611 0.5259694 -0.8450778 -0.09591489 0.5253766 -0.8454281 -0.09607732 0.5351997 -0.8368265 -0.1152502 0.5104374 -0.8446503 -0.161306 0.5692381 -0.8118064 -0.1301477 0.4921528 -0.8528245 -0.1745738 -0.6767791 0.7291304 0.1016808 -0.668003 0.7420618 0.05582292 -0.6737926 0.7312979 0.1058622 -0.6681301 0.7395372 0.08177403 -0.6583162 0.7526947 -0.008394364 -0.1633202 0.6394193 -0.7513119 -0.1764459 0.6155991 -0.7680525 -0.1757598 0.6183245 -0.7660178 -0.1155644 0.5465097 -0.8294408 -0.1246857 0.5298466 -0.8388778 -0.09855408 0.5306116 -0.841866 -0.08113541 0.5801978 -0.8104243 -0.03123241 0.4981141 -0.8665488 -0.02638788 0.476849 -0.878589 -0.01208207 0.613159 -0.7898671 -0.01227769 0.6088281 -0.7932071 -0.017501 0.4828375 -0.8755351 -0.838025 0.3728489 -0.3983688 -0.6909308 0.6552875 -0.3053079 -0.8342397 0.3839433 -0.3957673 -0.7060291 0.6399672 -0.3032572 -0.7156656 0.6291088 -0.303389 0.5851476 -0.3553189 0.7289381 0.7910316 -0.3641533 0.4915907 0.8087747 -0.3494837 0.4730165 0.8256151 -0.347617 0.4444346 0.9546219 -0.2973348 -0.01700081 -0.920839 0.1547444 0.3579243 -0.929117 0.1606552 0.333064 -0.9281962 0.1526188 0.3393514 -0.934119 0.201512 0.2946432 -0.9332407 0.2138558 0.2886651 -0.3975481 0.6874284 -0.6077809 -0.4345545 -0.0307489 -0.9001205 -0.4048036 0.6630913 -0.629638 -0.3435744 0.4717944 -0.812014 -0.3403681 0.4825051 -0.8070554 -0.9653874 0.2607312 -0.006811686 -0.9490129 0.3107253 -0.05314454 -0.9692441 0.2460939 -0.001921931 -0.921216 0.3549763 -0.159226 -0.9206952 0.3409075 -0.1900063 -0.9239226 0.3125987 -0.2205655 -0.3404979 -0.920762 0.1904164 -0.308042 -0.9424281 0.1301517 -0.342304 -0.9199005 0.1913402 -0.3328161 -0.9283492 0.1655333 -0.2809808 -0.9558183 0.08637806 -0.3427095 -0.9374625 0.06094506 -0.4007684 -0.9161442 0.008035745 -0.4161894 -0.9092211 -0.01017086 -0.389062 -0.9203691 -0.03938839 -0.384847 -0.9220499 -0.04143375 0.9144752 -0.3364506 0.2248023 0.9153094 -0.206384 -0.345853 0.9367427 -0.1944974 -0.2910049 0.9236827 -0.1803188 -0.3380759 0.7362853 -0.07849795 -0.6721027 -0.0238615 0.418763 0.907782 0.01889727 0.4375883 0.8989769 0.05988929 0.4583654 0.8867437 -0.06489016 0.3921129 0.9176256 0.04638828 0.9051225 0.4226125 0.01727761 0.9527687 0.303205 0.08288662 -0.8324626 0.5478466 0.1674976 0.5337472 0.8288899 0.050736 0.9539626 0.2956032 0.8734523 -0.4230532 -0.2410543 0.8741037 -0.4046399 -0.2687178 0.8742064 -0.4072501 -0.264406 0.8650655 -0.4214254 -0.2721438 0.861993 -0.4203722 -0.2832938 -0.8357837 0.4360197 -0.3336951 -0.7593989 0.5987542 -0.2545717 -0.8285651 0.4549738 -0.3263108 -0.7382368 0.627828 -0.2466545 -0.7120081 0.6979828 -0.07657937 -0.9017414 0.3668852 -0.2285993 -0.7969433 0.6030705 -0.03445684 -0.8109371 0.5843703 -0.02987271 -0.7130986 0.6465909 0.2709438 -0.6780583 0.668112 0.3063712 -0.7010411 0.6573122 0.2765539 -0.7221121 0.5508506 0.4184708 -0.6370895 0.6303201 0.4436367 -0.6169794 0.6536998 0.4381928 -0.5358794 0.6758139 0.5060719 -0.6339144 0.5925226 0.4970609 -0.5172521 0.6218588 0.5879983 -0.4619347 0.5164753 0.7210198 -0.487278 0.6660347 0.5647636 -0.4624246 0.4675373 0.753374 -0.3322146 0.6771018 0.6566328 -0.2900762 0.5840746 0.7580981 -0.2276673 0.6097653 0.7591798 -0.2803076 0.5725811 0.7704405 -0.135732 0.6621769 0.7369523 0.003800117 0.4642892 0.8856755 -0.00106113 0.4442535 0.8959005 0.08252322 0.6462851 0.7586208 0.08313865 0.6570812 0.7492211 -0.2670676 -0.8524344 0.449478 -0.2107945 -0.8531597 0.4771627 -0.2529773 -0.852775 0.4569215 -0.2905643 -0.8532418 0.4330713 -0.3202773 -0.8496378 0.4189727 -0.3286428 -0.8513462 0.4089054 -0.3704166 -0.8492194 0.3763215 -0.3713954 -0.8498909 0.3738328 -0.391964 -0.8491755 0.3539282 -0.4067584 -0.836233 0.3677799 -0.3748617 -0.8637043 0.3368881 0.4787362 0.7720354 0.4180585 0.4751906 0.7731529 0.4200338 0.4986911 0.7724794 0.3931701 0.4949719 0.7726925 0.3974281 0.5175006 0.7711339 0.3708715 0.5190468 0.7720105 0.3668654 -0.3024992 -0.8764449 0.3746179 -0.3180531 -0.8695713 0.3777407 -0.327266 -0.8606806 0.3900332 -0.4642621 -0.7891236 0.4021747 -0.3042388 -0.8647827 0.3994868 -0.3286505 -0.8649255 0.379332 -0.2905251 -0.864328 0.4105267 -0.8783322 0.3981874 -0.2645362 -0.8624022 0.396747 -0.3144108 -0.8589571 0.3864395 -0.3359423 -0.8829804 0.402835 -0.2409762 -0.8902477 0.4090847 -0.2002719 -0.9010744 0.4044702 -0.1564247 -0.8936854 0.4057656 -0.1915218 -0.9083084 0.4031349 -0.111616 -0.9190999 0.3878891 -0.06926293 -0.9182927 0.3896473 -0.07009649 -0.9154162 0.4005838 -0.03931704 0.9189459 0.1639895 0.3586725 0.9380947 0.1651948 0.3044487 0.9518275 0.1570865 0.2633405 0.9592328 0.1548399 0.2364254 0.9525454 0.1699288 0.2525499 -0.7816409 0.6209782 0.05851217 -0.7815929 0.6210402 0.05849546 -0.8420398 0.515036 0.1603339 -0.7964771 0.5999175 0.07565207 -0.7636382 0.6086382 0.2154443 -0.7387408 0.6357711 0.2237345 -0.9502295 0.140103 0.2782717 -0.9414094 0.0349238 0.335453 -0.9583097 0.051722 0.2810114 -0.9594446 -0.01265956 0.2816129 -0.9196257 0.1580097 0.3596131 -0.9342394 0.03205093 0.3552034 -0.9361429 -0.06385575 0.3457731 -0.9419991 -0.002894476 0.3356028 -0.02324653 0.9997262 -0.002672713 -0.02324653 0.9997262 -0.002672713 -0.02324653 0.9997262 -0.002672713 0.004161424 -0.1892234 -0.9819253 0.004161424 -0.1892234 -0.9819253 0.004161424 -0.1892234 -0.9819253 0.9775207 0.1887082 0.09403457 0.9775207 0.1887082 0.09403457 0.9775207 0.1887082 0.09403457 0.9009218 0.3160532 -0.297406 0.9009218 0.3160532 -0.297406 0.9009218 0.3160532 -0.297406 -0.210916 -0.2279591 0.950552 -0.210916 -0.2279591 0.950552 -0.210916 -0.2279591 0.950552 -0.2683492 0.1431061 -0.9526329 -0.2683492 0.1431061 -0.9526329 -0.2683492 0.1431061 -0.9526329 -0.9973981 -0.02816747 0.06636023 -0.9973981 -0.02816747 0.06636023 -0.9973981 -0.02816747 0.06636023 -0.999284 0.006497035 -0.03727363 -0.999284 0.006497035 -0.03727363 -0.999284 0.006497035 -0.03727363 -0.6888292 -0.686056 0.2341828 -0.6888292 -0.686056 0.2341828 -0.6888292 -0.686056 0.2341828 0.9586208 -0.005222768 0.2846383 0.9586208 -0.005222768 0.2846383 0.9586208 -0.005222768 0.2846383 0.9502725 0.01616079 0.3109999 0.9502725 0.01616079 0.3109999 0.9502725 0.01616079 0.3109999 0.9220715 -0.0427764 0.3846483 0.9220715 -0.0427764 0.3846483 0.9220715 -0.0427764 0.3846483 0.9655592 0.2184268 0.1413687 0.9655592 0.2184268 0.1413687 0.9655592 0.2184268 0.1413687 0.8970062 0.3061885 -0.3187921 0.8970062 0.3061885 -0.3187921 0.8970062 0.3061885 -0.3187921 -0.2203891 0.6504475 -0.7268746 -0.2203891 0.6504475 -0.7268746 -0.2203891 0.6504475 -0.7268746 -0.06837836 -0.9854349 -0.1556999 -0.06837836 -0.9854349 -0.1556999 -0.06837836 -0.9854349 -0.1556999 -0.9715997 0.002308107 0.2366194 -0.9715997 0.002308107 0.2366194 -0.9715997 0.002308107 0.2366194 -0.9999786 0.0007460317 -0.006499678 -0.9999786 0.0007460317 -0.006499678 -0.9999786 0.0007460317 -0.006499678 -0.9640872 0.07062616 -0.2560229 -0.9640872 0.07062616 -0.2560229 -0.9640872 0.07062616 -0.2560229 -0.001243386 0.9987617 -0.0497348 -0.001243386 0.9987617 -0.0497348 -0.001243386 0.9987617 -0.0497348 0.8973131 0.3038595 -0.320154 0.8973131 0.3038595 -0.320154 0.8973131 0.3038595 -0.320154 0.9912369 0.09488621 -0.09190271 0.9912369 0.09488621 -0.09190271 0.9912369 0.09488621 -0.09190271 0.9416317 0.03765277 -0.3345325 0.9416317 0.03765277 -0.3345325 0.9416317 0.03765277 -0.3345325 -0.9460998 -0.01945913 0.32329 -0.9460998 -0.01945913 0.32329 -0.9460998 -0.01945913 0.32329 -0.01540559 0.1497538 -0.9886033 -0.01540559 0.1497538 -0.9886033 -0.01540559 0.1497538 -0.9886033 0.9220765 0.148541 0.357366 0.9220765 0.148541 0.357366 0.9220765 0.148541 0.357366 -0.9659638 0.1595203 0.2036348 -0.9659638 0.1595203 0.2036348 -0.9659638 0.1595203 0.2036348 0.9947839 0.100797 0.0156542 0.9947839 0.100797 0.0156542 0.9947839 0.100797 0.0156542 0.9947348 0.1023044 -0.006044918 0.9947348 0.1023044 -0.006044918 0.9947348 0.1023044 -0.006044918 -0.9940394 0.1088495 0.00612833 -0.9940394 0.1088495 0.00612833 -0.9940394 0.1088495 0.00612833 0.9962871 0.07437044 0.04337167 0.9962871 0.07437044 0.04337167 0.9962871 0.07437044 0.04337167 0 0 -1 0 0 -1 0 0 -1 0.8682884 -0.2709703 0.4155123 0.8682884 -0.2709703 0.4155123 0.8682884 -0.2709703 0.4155123 0.8682883 -0.4514692 0.2055506 0.8682883 -0.4514692 0.2055506 0.8682883 -0.4514692 0.2055506 0.123718 0.4797485 0.8686399 0.123718 0.4797485 0.8686399 0.123718 0.4797485 0.8686399 0.9998364 0.004817408 0.01743485 0.9998364 0.004817408 0.01743485 0.9998364 0.004817408 0.01743485 0.9588132 0.2839102 0.008503126 0.9588132 0.2839102 0.008503126 0.9588132 0.2839102 0.008503126 0.9940552 0.09576661 0.05179865 0.9940552 0.09576661 0.05179865 0.9940552 0.09576661 0.05179865 0.9992306 0.02697702 0.02846791 0.9992306 0.02697702 0.02846791 0.9992306 0.02697702 0.02846791 0.9992154 0.0395832 0.001332449 0.9992154 0.0395832 0.001332449 0.9992154 0.0395832 0.001332449 0.995327 0.04523394 -0.08531109 0.995327 0.04523394 -0.08531109 0.995327 0.04523394 -0.08531109 0.9888059 0.05946647 -0.1368454 0.9888059 0.05946647 -0.1368454 0.9888059 0.05946647 -0.1368454 1 0 0 1 0 0 1 0 0 1 0 0 1 0 0 1 0 0 0.6738923 -0.01368227 0.7387029 0.6738923 -0.01368227 0.7387029 0.6395843 -0.06323033 0.7661161 0.6141036 0.006112542 0.7892017 0.6473683 -0.004794233 0.7621623 0.6527579 0.01987613 0.7573058 0.5852564 0.00607048 0.8108256 0.6345149 0.005451453 0.7728914 0.633212 0.01069561 0.7739045 0.6322973 0.008412438 0.7746802 0.5333825 0.02652535 0.8454581 0.516331 0.02577595 0.8560011 0.4913371 0.04560016 0.869775 0.6110517 -0.00304157 0.7915849 0.5401623 0.00977067 0.8415042 0.597837 -0.001133967 0.8016169 0.5995443 -0.00988245 0.8002805 0.5572726 -0.01075237 0.83026 0.5906633 0.001617894 0.8069165 0.5911295 0.003878528 0.8065674 0.4624606 -0.005506674 0.8866228 0.4884776 0.003118093 0.8725709 0.5230774 -0.02551173 0.8519033 0.5802872 -0.01520532 0.81427 0.5665248 -0.03534688 0.8232862 0.5665298 -0.03534735 0.8232828 0.388171 0.0466824 0.9204043 0.4363201 0.04039502 0.8988843 0.4212279 0.0613252 0.9048792 0.4258138 0.05841406 0.9029233 0.385532 0.06157658 0.9206375 0.3364019 0.03782322 0.9409586 0.3465927 0.04054575 0.937139 0.3458935 -0.001590243 0.9382724 0.4277758 -0.01803261 0.903705 0.4277758 -0.01803261 0.903705 0.4238105 -0.04552517 0.9046061 0.4601227 0.0007373128 0.887855 0.4540767 -0.02447788 0.8906263 0.3446824 -0.0006828956 0.9387191 0.3579038 -0.01349164 0.933661 0.3025057 -0.0182522 0.9529728 0.458164 -0.04993833 0.8874638 0.286814 -0.03585574 0.957315 0.3267566 -0.06671871 0.9427506 0.6769601 -0.1478309 0.7210209 0.387256 -0.04087857 0.9210656 0.9088749 -0.2053422 0.3630164 0.3247953 -0.07069781 0.9431383 0.4214633 -0.07152642 0.9040203 0.3089148 -0.05339554 0.9495897 0.3522299 -0.03550317 0.9352399 0.3178828 -0.0153965 0.948005 0.3742215 -0.04125687 0.9264212 0.3742215 -0.04125687 0.9264212 0.5761299 -0.04605126 0.8160598 0.8800434 -0.06906 0.4698449 0.9148589 -0.0004403738 0.4037734 0.7592521 -0.06964973 0.6470588 0.7592521 -0.06964973 0.6470588 0.9593646 0.2200438 0.1766358 0.9593646 0.2200438 0.1766358 0.8978997 -0.009593497 -0.4400956 0.6688405 0.01457061 -0.7432631 0.7125103 0.01321567 -0.7015371 0.935142 -0.0503592 -0.3506757 0.9874955 -0.1573355 0.009908213 0.8769903 -0.1462498 -0.4577107 0.7520324 -0.06275162 -0.6561323 0.6700508 -0.09284866 0.7364857 0.6487112 -0.1397593 -0.7480917 0.6487112 -0.1397593 -0.7480917 0.5209662 -0.01033799 0.8535147 0.3279267 -0.03409218 0.9440878 0.6469023 -0.1292375 0.7515418 0.9261861 -0.1868998 0.327487 0.9868962 -0.1580799 -0.03235205 0.8863896 -0.2517519 -0.3885029 0.7714969 -0.1947001 -0.6057098 0.6930343 -0.2617442 -0.6717093 0.8173607 -0.3136018 -0.4832965 0.9419816 -0.3138943 0.1189159 0.8996839 -0.3960473 -0.1836178 0.9057594 -0.3510272 0.2374443 0.8391219 -0.2969593 0.4557298 0.8657012 -0.3974358 0.3043128 0.8680948 -0.4283688 0.2508221 0.750311 -0.212343 0.6260542 0.5782353 -0.1036268 0.8092623 0.4469348 -0.02638548 0.8941773 0.6969625 -0.1939677 0.6903765 0.6090884 -0.1077853 0.785744 0.7158343 -0.2142747 0.6645807 0.671503 0.02190265 -0.740678 0.6777631 0.02086561 -0.7349842 0.7842425 0.009208549 -0.620386 0.647508 0.0612086 -0.7595965 0.5805614 0.04994582 -0.8126832 0.5526104 0.09142745 -0.8284098 0.7786962 0.069453 -0.6235451 0.7097635 0.07569039 -0.7003619 0.844724 0.05716342 -0.5321407 0.8731728 0.0660228 -0.4829184 0.9051636 0.06873928 -0.4194684 0.9298698 0.04615504 -0.3649821 0.9483707 0.02235577 -0.3163752 0.9259973 0.02621953 -0.3766185 0.964886 0.01298899 -0.2623476 0.9710846 -0.005312749 -0.2386766 0.9845409 -0.01622737 -0.1744018 0.9857894 -0.004976343 -0.1679122 0.9922633 -0.008366213 -0.1238694 0.9857326 -0.09256223 -0.1405828 0.9857326 -0.09256223 -0.1405828 0.8068223 -0.04106434 -0.5893654 0.874069 -0.04909326 -0.4833149 0.8819279 -0.04347781 -0.469375 0.9221089 -0.06460188 -0.3814995 0.6969209 -0.07115665 -0.7136091 0.9345251 -0.1232782 -0.3338643 0.6744429 -0.04581554 -0.7369042 0.9622577 -0.07019749 -0.2629303 0.6090292 -0.07867499 -0.7892361 0.6251262 -0.08304663 -0.7760931 0.6384587 -0.1341117 -0.7578816 0.6387785 -0.1305189 -0.7582393 0.6492453 -0.1221303 -0.7507095 0.7189249 -0.1079523 -0.6866537 0.794822 -0.1882862 -0.5768937 0.9751089 -0.09296036 -0.2012984 0.9743389 -0.1040828 -0.1995758 0.9808547 -0.1324908 -0.1427244 0.9790452 -0.1430139 -0.1449744 0.6906486 -0.1468685 -0.7081202 0.7723385 -0.2544743 -0.5820103 0.6962818 -0.2074003 -0.6871511 0.8704426 -0.1662711 -0.4633396 0.7142952 -0.3284871 -0.6179633 0.7176956 -0.4426268 -0.5375821 0.7673054 -0.3389414 -0.5443906 0.8328003 -0.2932248 -0.4695348 0.8622699 -0.2088842 -0.4613654 0.8622342 -0.2783177 -0.4231919 0.8971047 -0.2064472 -0.3906183 0.8706051 -0.2810945 -0.4037731 0.8889348 -0.2838525 -0.3594755 0.9297585 -0.2184054 -0.296392 0.9003799 -0.2897424 -0.3246004 0.9583842 -0.2000127 -0.2037022 0.9149376 -0.2871289 -0.2836302 0.9474832 -0.2381723 -0.2134236 0.9236628 -0.28928 -0.2513247 0.9322599 -0.2936398 -0.2113459 0.9678302 -0.202562 -0.1492424 0.9678268 -0.2025885 -0.1492285 0.9306049 -0.3373753 -0.1419595 0.9375374 -0.3061944 -0.1651318 0.9184319 -0.3721666 -0.1340706 0.8862329 -0.4408089 -0.1424039 0.8862329 -0.4408089 -0.1424039 0.9385787 -0.3148296 -0.141253 0.9446397 -0.2934794 -0.1467163 0.9913881 0.02077256 -0.1292989 0.9913881 0.02077256 -0.1292989 0.9917484 0.01060408 -0.1277601 0.9920362 -0.001266426 -0.1259468 0.9920362 -0.001266426 -0.1259468 0.901199 -0.384328 -0.2003307 0.9179607 -0.3667683 -0.1510932 0.9179607 -0.3667683 -0.1510932 0.8819224 -0.4005767 -0.2484978 0.8819224 -0.4005767 -0.2484978 -0.9475041 0.1986252 -0.2505674 -0.9535873 0.1872589 -0.2358078 -0.9475041 0.1986252 -0.2505674 -0.9445712 0.1298707 -0.3015276 -0.9652372 0.1595273 -0.2070463 -0.9427879 0.1277744 -0.307936 0.3047104 -0.1396005 -0.9421588 0.3047104 -0.1396005 -0.9421588 0.3111857 -0.09638438 -0.9454489 0.3172843 -0.051257 -0.9469442 0.3172843 -0.051257 -0.9469442 0.1362713 -0.7848683 -0.6044931 -0.2856345 -0.4406908 -0.8510021 -0.2856345 -0.4406908 -0.8510021 0.4330433 -0.8619797 -0.2635611 0.3311345 -0.9120603 -0.2418592 -0.3300644 -0.9427571 -0.04760776 -0.3521388 -0.9347792 -0.04675666 -0.3592744 -0.9306253 -0.06970242 -0.3730767 -0.924693 -0.07587267 -0.3695917 -0.9261388 -0.07529191 -0.3736434 -0.9244557 -0.0759758 -0.4413185 -0.8925932 -0.09227845 -0.4420173 -0.8922295 -0.09245079 -0.7760504 -0.1423685 0.6143915 -0.7770152 -0.1697169 0.6061713 -0.7760504 -0.1423685 0.6143915 -0.372661 -0.2379566 0.8969395 -0.5064612 -0.3080712 0.8053504 -0.2755915 -0.2602533 0.9253743 -0.4873179 -0.3477449 0.8009961 -0.4800408 -0.349759 0.8045057 -0.4790699 -0.3500252 0.8049685 0.1461074 -0.1524605 0.9774499 0.1452963 -0.258064 0.9551398 0.273463 -0.3057138 0.9120071 0.06939584 -0.3541166 0.932623 0.01962677 -0.3611586 0.9322978 -0.06963739 -0.3561899 0.9318151 -0.08526395 -0.3550229 0.9309612 0.6982504 -0.1591495 0.6979383 0.6405989 -0.1733262 0.7480582 0.9197798 -0.0781692 0.3845707 0.9444514 -0.08264153 0.3180911 -0.4460172 -0.07281325 0.8920577 -0.6897299 -0.1294168 0.7124072 0.8022018 -0.09558783 0.5893516 0.9563965 -0.03984389 0.2893411 0.9735344 -0.02327049 0.2273526 0.9581682 -0.03860341 0.2835905 0.9558872 -0.04632969 0.2900571 0.856657 -0.05737149 0.5126863 0.9954769 -0.01538574 0.09375003 0.9954769 -0.01538574 0.09375003 0.9734287 -0.002392604 0.2289779 0.9878604 -0.01133019 0.1549307 0.9839338 -7.579873e-05 0.1785337 0.9608393 -0.007319837 0.2770095 0.9391374 -0.01451371 0.343235 0.9480444 -0.09481779 0.3036797 0.9316395 0.006268177 0.3633297 0.9949208 -0.03201066 0.09543507 0.9858677 -0.02784326 0.1651958 0.8738354 -0.02235814 0.4857075 0.3040578 -0.03909458 0.9518511 -0.4467555 -0.02776764 0.8942251 -0.7345343 -0.03280884 0.6777779 -0.7379186 -0.01464669 0.6747308 -0.7650495 -0.01282575 0.6438437 -0.764048 -0.01192424 0.6450492 -0.6662545 -0.02716569 0.7452295 -0.7660377 -0.01032826 0.6427127 -0.6850234 -0.02594472 0.7280589 -0.4804646 -0.03573646 0.8762857 -0.5691161 -0.03678632 0.8214339 -0.7619334 -0.07997705 0.6426984 -0.6698729 -0.08595442 0.7374837 -0.7696679 -0.1439066 0.6220146 -0.7075371 -0.1394479 0.692781 -0.7959885 -0.1991782 0.5716032 -0.7594764 -0.2177577 0.6130066 -0.6899887 -0.2474826 0.680197 -0.6807883 -0.3157692 0.6609214 -0.5508615 -0.2594561 0.7932428 -0.5359367 -0.3257392 0.7788875 -0.6312721 -0.2953018 0.7171418 -0.6599521 -0.2846943 0.6952786 -0.4668384 -0.234522 0.8526789 -0.5281252 -0.1298648 0.8391775 -0.4954906 -0.07024301 0.8657684 -0.4340212 -0.05152342 0.8994281 -0.3336561 -0.04238842 0.9417414 -0.2960928 -0.02706548 0.9547756 -0.325194 0.04287149 0.944675 -0.3053748 -0.08198751 0.9486961 -0.366503 -0.1418114 0.9195461 -0.247922 -0.1123505 0.9622432 -0.1952325 -0.06746882 0.9784336 -0.1952325 -0.06746882 0.9784336 -0.3784894 -0.1594339 0.9117711 -0.4928461 -0.1627321 0.8547637 -0.4357228 -0.1599376 0.8857571 -0.2670633 -0.1848871 0.9457769 -0.2507774 -0.1614597 0.9544849 -0.3218336 -0.1530556 0.9343431 -0.2410459 -0.1785032 0.9539567 -0.3295614 -0.2288006 0.915991 -0.2308543 -0.1626711 0.9592937 -0.2469435 -0.2239419 0.9427985 -0.3875011 -0.268554 0.8818853 -0.3669275 -0.2422678 0.8981484 -0.2110623 -0.2893168 0.9336747 -0.2110623 -0.2893168 0.9336747 -0.204234 -0.3046543 0.9303087 -0.2260151 -0.292385 0.9292084 -0.1844851 -0.3155536 0.9308014 -0.4097781 -0.08944754 -0.9077891 -0.4097781 -0.08944754 -0.9077891 -0.4100979 -0.08830609 -0.9077564 -0.3744325 -0.05315191 -0.9257296 -0.2655485 0.04235507 -0.9631667 -0.2194783 0.08100108 -0.972249 -0.1111816 -0.9850164 0.1318381 -0.1111816 -0.9850164 0.1318381 -0.09184305 -0.9865983 0.1348653 -0.01060462 -0.9999235 -0.006360016 -0.06953555 -0.9968654 0.03773754 -0.002629423 -0.9999885 -0.004022739 -0.001994589 -0.9999923 -0.003372208 0.1215621 -0.9919391 0.03576905 -0.1599883 -0.9865651 -0.03306133 -0.007600412 -0.9999285 -0.009232075 0.2159061 -0.9736495 0.07342492 0.1574132 -0.9863605 0.04810563 0.001223663 -0.9999916 -0.003910768 0.05383481 -0.9982764 0.02336871 0.2745064 -0.9564881 0.09887759 -0.3429227 -0.9360895 -0.07836161 -0.4708291 -0.8666108 -0.1652445 -0.4474334 -0.894144 0.01760065 -0.4312776 -0.9020488 0.01754155 -0.8379811 -0.5437463 0.04612696 -0.9380881 -0.3394829 0.06886328 -0.9380881 -0.3394829 0.06886328 0.1899695 -0.9805175 0.04996949 -0.01122663 -0.9979861 0.06243134 -0.2526984 -0.9235258 0.2885196 -0.2526984 -0.9235258 0.2885196 0.04963026 -0.9960926 0.07305006 0.07780673 -0.9927856 0.09123013 0.5138099 -0.8515214 0.1044542 0.1414827 -0.9894422 0.031412 0.7046693 -0.6936172 0.1494537 0.1762201 -0.9839511 0.02804929 0.1762201 -0.9839511 0.02804929 -0.5103018 0.7763071 -0.3700532 -0.5103018 0.7763071 -0.3700532 -0.504951 0.7658484 -0.3981215 -0.4733145 0.8430245 -0.2555053 -0.4405158 0.8028652 -0.401688 -0.4201541 0.8159914 -0.3970246 -0.3868416 0.82353 -0.4149119 -0.4093322 0.8258129 -0.3879178 -0.4154043 0.8742077 -0.2513963 -0.3496057 0.828842 -0.436803 -0.3140646 0.8372447 -0.4476436 -0.3151008 0.83005 -0.4601397 -0.3151008 0.83005 -0.4601397 -0.3040176 0.8277407 -0.4716128 -0.3091169 0.8209489 -0.4800934 -0.3140353 0.8174071 -0.4829363 -0.588591 0.7782551 -0.2188141 -0.6151658 0.7214323 -0.3179725 -0.6153905 0.7212282 -0.3180006 -0.6271665 0.7103647 -0.3194435 -0.5556142 0.8310442 -0.02565916 -0.6803488 0.7034951 -0.2054751 -0.6488317 0.7061069 -0.2836025 -0.6269152 0.7097869 -0.3212162 -0.6269152 0.7097869 -0.3212162 -0.7192819 0.644043 -0.2604652 -0.8512479 0.5049923 -0.1426877 -0.8147339 0.5435339 -0.2019395 -0.8074805 0.5356259 -0.2471441 -0.8005691 0.5286116 -0.2822391 -0.8026271 0.5336894 -0.2663934 -0.8536763 0.4999231 -0.1459918 -0.8073379 0.5476335 -0.2197794 -0.8954643 0.4364607 -0.08744053 -0.9254285 0.3756686 -0.04955 -0.9438333 0.3287282 0.03341324 -0.9325382 0.361061 0.0027319 -0.9325382 0.361061 0.0027319 -0.9183842 0.3465722 0.1909403 -0.9420325 0.1831431 0.2811288 -0.9696193 0.2089438 0.127204 -0.9583908 0.1663482 0.2319813 -0.9780883 0.1157727 0.1730318 -0.9181984 0.1230093 0.3765375 -0.908025 0.1366167 0.3960132 -0.9083904 0.1255274 0.3988355 -0.8825908 0.09114039 0.4612232 -0.8801871 0.3114784 0.3581228 -0.9400632 0.0961378 0.3271677 -0.9538466 0.07893782 0.2897334 -0.9075962 0.0711623 0.4137694 -0.8360647 0.08814291 0.541504 -0.8061811 0.1115538 0.5810575 -0.8465158 0.18969 0.4974221 -0.8487356 0.2660561 0.4570143 -0.78057 0.273012 0.5622944 -0.8639747 0.3563935 0.3557125 -0.6766688 0.2982974 0.6731552 -0.8881476 0.4182256 0.1904764 -0.6734336 0.3477465 0.6523493 -0.6879641 0.2570026 0.6787158 -0.8722671 0.486435 0.05030984 -0.8684361 0.4949745 -0.02861656 -0.7392661 0.6701588 -0.06612682 -0.7519766 0.6557143 0.06760142 -0.6255731 0.3786639 0.6821084 -0.7690605 0.389724 0.5066174 -0.8115129 0.3145938 0.4924201 -0.4540524 0.8461241 0.2791243 -0.714919 0.5873651 0.3793324 -0.3895346 0.8237795 0.4118861 -0.6144517 0.6505147 0.4464075 -0.7483317 0.5918688 0.2994845 -0.666823 0.739517 0.09198776 -0.6412433 0.7667703 0.02950039 -0.337001 0.8545651 0.3951568 -0.1772262 0.7677896 0.6157028 -0.499544 0.5274663 0.6871936 -0.2846673 0.6547735 0.7001687 -0.7378927 0.2641222 0.6210909 -0.680232 0.3298622 0.6545804 -0.1431829 0.6305825 0.7628004 -0.05692997 0.6638812 0.745668 -0.05692997 0.6638812 0.745668 -0.5864023 0.3698528 0.7206534 -0.1463425 0.5931089 0.7917106 -0.7720639 -0.2383919 0.5891406 -0.6326006 0.232863 0.7386416 -0.2867295 0.399646 0.8706717 -0.492685 0.2656474 0.8286694 -0.05070812 0.6641935 0.7458389 -0.05051857 0.6644075 0.7456611 -0.05341313 0.6619621 0.7476317 -0.09030787 0.7622512 0.6409506 -0.07175418 0.8021537 0.5927907 -0.296185 0.7671686 0.56897 -0.4507197 0.7500014 0.4840967 -0.3940742 0.7563827 0.5221022 -0.2098854 0.840453 0.4995867 -0.04388998 0.7411938 0.6698548 0.9825434 -0.1192493 -0.1427866 -0.06720462 0.8231065 0.5638965 -0.1265261 0.8356953 0.5344198 -0.04504255 0.832175 0.5526807 -0.00154469 0.8635404 0.5042773 0.02471361 0.8802916 0.4737889 -0.1472337 0.8949103 0.4212574 -0.0443689 0.8936161 0.4466337 -0.04407771 0.8575772 0.5124631 -0.0364695 0.8805366 0.4725731 -0.0332789 0.9359634 0.3505211 -0.07242745 0.9294663 0.3617273 -0.02727152 0.9102654 0.4131261 -0.1019788 0.9540806 0.2816567 -0.005126399 0.964456 0.2641936 0.9996283 -0.02438093 -0.01220214 -0.02836168 0.9755986 0.2177225 -0.2558588 0.9518632 0.1687981 -0.1153679 0.9657474 0.2324269 -0.3781448 0.851697 -0.3627928 -0.2730774 0.9219752 -0.2745734 -0.2314358 0.931674 -0.2800376 -0.1969687 0.9758188 0.09476857 -0.2300603 0.8379376 -0.4949069 -0.2882749 0.9519379 -0.1034981 -0.04647017 0.9791838 0.1975845 -0.0217738 0.9782717 0.2061804 -0.01757871 0.9785764 0.2051321 -0.01347689 0.9798717 0.1991731 -0.274407 0.951036 -0.1422371 -0.2385021 0.9200433 -0.3108652 -0.07061266 0.9722376 -0.2230872 -0.144342 0.9850507 -0.09402421 -0.08138899 0.9931069 -0.08434784 -0.2730578 0.9545441 -0.1195202 -0.05584429 0.998082 -0.02671569 -0.006611479 0.9939632 -0.1095147 -0.0534769 0.9926163 0.108872 -0.04744937 0.968334 -0.2451077 -0.02427733 0.977859 0.2078516 0.009521283 0.9530758 -0.3025818 0.005583857 0.1470135 -0.9891187 -0.01594023 0.9961923 0.08571334 -0.00988655 0.9976703 0.06750052 -0.02153108 0.9963276 0.08287174 -0.01912981 0.9965715 0.08049398 -0.03230239 0.9861434 0.1627198 -0.02872355 0.9844145 0.1735023 -0.01780682 0.9798416 0.1989808 -0.01869523 0.9808022 0.1941071 -0.01592781 0.9859121 0.1665039 -0.01994452 0.9844517 0.1745196 -0.01994452 0.9844517 0.1745196 0.02356555 0.9557759 -0.2931504 -0.1348667 0.8720318 -0.4705014 -0.1914004 0.8411502 -0.5057987 -0.1416036 0.8394808 -0.5246146 -0.103797 0.8250799 -0.5554002 -0.1311892 0.7928575 -0.5951188 -0.07791284 0.7994221 -0.5956961 -0.1861151 0.7741417 -0.6050337 -0.1366126 0.7454105 -0.652457 -0.0907398 0.7308785 -0.6764487 -0.2403658 0.6496867 -0.7212014 -0.2403658 0.6496867 -0.7212014 -0.002035784 0.2213987 0.9751812 -0.007752908 0.9419932 -0.3355425 -0.002402613 0.6724816 -0.7401099 -0.03297084 0.6476531 -0.7612216 -0.09625869 0.6451841 -0.7579392 -0.1063544 0.5900689 -0.8003171 -0.0347841 0.5977644 -0.8009168 -0.03048613 0.5829641 -0.8119258 0.01050819 0.5988158 -0.8008179 0.008000247 0.661908 -0.7495424 -0.04491066 0.536365 -0.8427904 -0.01310188 0.5064585 -0.8621648 -0.1157936 0.5039275 -0.8559491 -0.06176261 0.4469763 -0.8924111 -0.1077988 0.4242319 -0.8991144 -0.09338488 0.3706936 -0.9240484 -0.09404688 0.4352025 -0.8954072 -0.009011295 0.4132938 -0.9105532 -0.1348855 0.365897 -0.9208286 -0.1529009 0.3655389 -0.9181517 -0.02737422 0.345454 -0.9380363 -0.07556213 0.2699357 -0.9599089 -0.02567965 0.2689313 -0.962817 0.01616793 0.2743374 -0.9614976 0.003623863 0.2838451 -0.9588633 -0.00125451 0.287523 -0.9577729 -0.04281932 0.1618407 -0.9858875 -0.07934515 0.1345524 -0.9877247 0.08743343 0.2036409 -0.9751337 -0.009882931 0.1652995 -0.9861939 0.01438333 0.2717817 -0.9622514 0.01654587 0.1338709 -0.9908606 -0.8064137 0.5372914 0.247012 -0.8155109 0.5433526 0.1992737 -0.8155109 0.5433526 0.1992737 -0.7952633 0.5298622 0.2946222 -0.7952633 0.5298622 0.2946222 -0.2670924 0.9416413 0.2048739 -0.2427495 0.9482071 0.2048802 -0.2670924 0.9416413 0.2048739 -0.1323734 0.9605125 0.2447305 -0.257348 0.9520072 0.1656931 -0.05314526 0.9755585 0.2132163 -0.05376807 0.976008 0.2109914 -0.107451 0.9794245 0.1708271 -0.05211256 0.9542612 0.2943974 -0.04360887 0.9578257 0.2840213 -0.1289603 0.9058513 0.4034882 -0.1088054 0.8614964 0.495969 -0.1121884 0.81257 0.5719648 -0.07001903 0.7618762 0.643927 -0.240619 0.9030963 0.355696 -0.2447129 0.9263991 0.2861823 -0.2603712 0.9193871 0.294846 -0.2603712 0.9193871 0.294846 -0.321465 0.8717146 0.3698297 -0.2181555 0.799232 0.5600326 -0.2353226 0.839715 0.4893895 -0.2530336 0.6935607 0.674498 -0.1969671 0.6224148 0.7574983 -0.1334434 0.5236442 0.8414212 -0.03659622 0.8185233 0.5733065 -0.03196486 0.8114587 0.583535 -0.0234382 0.7994447 0.6002823 -0.0234382 0.7994447 0.6002823 0.0571402 0.7757858 0.6284038 -0.02095673 0.7143326 0.6994925 -0.007871194 0.7245143 0.6892148 -0.03584576 0.6977196 0.7154735 -0.0007667229 0.6649551 0.7468829 -0.0007658109 0.6649535 0.7468844 -0.07495342 0.6524827 0.7540878 -0.0007858008 0.6655754 0.7463302 -0.0007858008 0.6655754 0.7463302 -0.09088832 0.6697314 0.7370204 -0.08103761 0.5999963 0.7958878 -0.08127092 0.5999061 0.795932 -0.04722618 0.5358117 0.8430157 -0.03687934 0.6032628 0.7966894 -0.04754205 0.5971274 0.8007363 -0.07479483 0.580969 0.8104818 -0.04257843 0.5053033 0.8618908 0.01656686 0.5392434 0.841987 -0.06497632 0.4904538 0.8690415 -0.05710592 0.4992579 0.8645695 -0.04524569 0.4965238 0.8668431 -0.075466 0.4704145 0.8792128 -0.1680775 0.4599811 0.8718758 -0.03895967 0.4387762 0.8977514 -0.04436371 0.4386793 0.897548 -0.1242172 0.3942089 0.9105874 -0.1693088 0.4589566 0.8721774 -0.08974281 0.5038412 0.8591218 -0.2513524 0.361883 0.8976985 -0.1535568 0.5218037 0.8391312 -0.08458697 0.5565552 0.8264934 -0.06990997 0.5371985 0.8405536 -0.06990997 0.5371985 0.8405536 -0.02201556 0.5821003 0.8128189 -0.05388573 0.5664139 0.8223574 -0.04498047 0.4261186 0.9035484 -0.07232291 0.3527823 0.9329062 -0.0657732 0.3585034 0.9312085 -0.06589522 0.3587456 0.9311066 -0.0249939 0.3020946 0.9529502 -0.05544519 0.2546568 0.9654407 -0.2031163 0.2620119 0.9434477 -0.4200103 0.2795217 0.8633997 -0.4451975 0.2429747 0.8618367 -0.5881198 0.2324703 0.7746435 -0.7118615 0.1741702 0.6803807 -0.6354253 0.1279435 0.7614888 -0.6354253 0.1279435 0.7614888 -0.5345741 0.2122456 0.8180357 -0.5540909 0.190724 0.8103133 -0.6501046 0.1683796 0.7409537 -0.699293 0.1488955 0.6991562 -0.7574363 0.1109924 0.6434057 -0.7731765 0.08127906 0.6289609 -0.855804 0.06173703 0.513603 -0.7041181 0.02168804 0.7097516 -0.7521996 0.09665056 0.6518086 -0.6525309 0.1833027 0.7352574 -0.4643478 0.1731892 0.8685544 -0.6588972 0.1248 0.7418082 -0.8367098 0.07934433 0.5418682 -0.8575438 0.04697715 0.5122615 -0.901416 0.01932937 0.4325222 -0.9410705 0.03279497 0.3366168 -0.9452081 0.01093719 0.3262852 -0.9236979 -0.03581453 0.3814439 -0.9508542 0.04477664 0.3063842 -0.8994581 0.02073928 0.4365146 -0.8500826 0.1200637 0.512781 -0.9634741 0.1188007 0.2400084 -0.9606156 0.1522236 0.2324771 -0.9606156 0.1522236 0.2324771 -0.9666551 0.1211775 0.2255968 -0.9615846 0.1487027 0.2307436 -0.9615304 0.1330437 0.2403303 -0.9702588 0.1387155 0.1983833 -0.9702588 0.1387155 0.1983833 -0.7536822 0.08867786 0.6512292 -0.7901883 0.06149708 0.6097709 -0.5669564 0.1363763 0.8123804 -0.860126 0.03542734 0.5088498 -0.944165 -0.007915137 0.329378 -0.9528897 -0.02164507 0.3025438 -0.9523045 -0.0185596 0.3045845 -0.9448225 0.005339651 0.3275393 -0.9244472 0.01398692 0.3810534 -0.9032554 0.05547397 0.4255025 -0.3292923 0.1882095 0.9252804 -0.1115285 0.1853387 0.9763252 -0.06151222 0.1619289 0.9848834 -0.4185565 0.09017119 0.9037033 -0.1361418 0.06788444 0.9883608 -0.07503968 0.1065279 0.9914741 -0.06717856 0.06421505 0.9956724 -0.08938057 -0.03228685 0.9954741 0.01269129 0.04702492 0.9988131 -0.2999813 0.08550947 0.9501049 -0.1851991 0.1345432 0.9734472 -0.3471454 0.04860343 0.936551 -0.358917 0.03760973 0.9326114 -0.5385543 0.06932726 0.8397339 -0.4904846 0.02304967 0.871145 -0.5621537 0.02631148 0.8266141 -0.7477154 0.07345315 0.6599442 -0.7838233 0.08501559 0.6151369 -0.6677445 0.04032384 0.7432976 -0.5958554 0.07193282 0.7998637 -0.6565614 0.07050981 0.7509697 -0.6236414 0.01484678 0.7815696 -0.7070851 -0.0008224115 0.707128 -0.7585132 0.01858323 0.6513926 -0.7968493 0.03425475 0.6032063 -0.8519041 0.0172451 0.5234139 -0.8192727 0.03225082 0.5724963 -0.9015985 -0.006756381 0.4325211 -0.8647442 0.0009690502 0.5022117 -0.8844227 -0.009419228 0.4665917 -0.9276492 -0.01893074 0.3729726 -0.944422 -0.0337137 0.3270023 -0.9480185 -0.0352513 0.3162567 -0.9481464 -0.03835099 0.3155116 -0.9459374 -0.03336449 0.3226286 -0.8963014 0.002408834 0.4434389 -0.8993699 0.02265352 0.4366012 -0.9391565 -0.0337001 0.3418323 -0.9427603 -0.03557197 0.3315685 -0.9398777 -0.04085363 0.3390589 -0.9142591 0.01126158 0.4049734 -0.8634521 0.07956004 0.4981171 -0.8887271 0.02579071 0.4577105 -0.8927369 0.09941868 0.4394732 -0.8632472 0.1310699 0.4874679 -0.8323953 0.1339784 0.5377434 -0.8510411 0.1528282 0.5023669 -0.8444534 0.154568 0.5128423 -0.8606608 0.1549192 0.4850393 -0.8882494 0.1336173 0.439499 -0.8474424 0.1540591 0.5080425 -0.8375678 0.157832 0.5230384 -0.8280669 0.1678759 0.5349046 -0.8280669 0.1678759 0.5349046 -0.8409868 0.171749 0.5130726 -0.8409868 0.171749 0.5130726 -0.8960475 0.1332623 0.4234856 -0.9003429 0.1425574 0.4111691 -0.8990962 0.1858059 0.3963612 -0.8990962 0.1858059 0.3963612 -0.9259402 0.09016129 0.3667502 -0.9235546 0.04856467 0.3803792 -0.8281201 0.1661944 0.5353471 -0.8271944 0.1485917 0.5419132 -0.8075087 0.1587613 0.5680884 -0.8075087 0.1587613 0.5680884 -0.8246116 0.122185 0.5523464 -0.8327763 0.0858031 0.5469199 -0.8033461 0.1805344 0.5674877 -0.8147605 0.1950292 0.5460118 -0.7982491 0.2278305 0.5575765 -0.8166465 0.1054794 0.5674175 -0.8132935 0.1158705 0.5701997 -0.8362292 0.03883979 0.547003 -0.8032186 0.1398703 0.5790304 -0.7938099 0.1485447 0.589746 -0.7874705 0.1618741 0.5947158 -0.8240471 0.06631583 0.5626265 -0.8343034 0.04508536 0.549459 -0.8496255 0.06958457 0.5227758 -0.8264293 0.08396873 0.556744 -0.8457299 0.03944529 0.5321514 -0.8342635 0.0571177 0.5483995 -0.8549133 0.04637426 0.5166939 -0.7840355 0.01765218 0.620465 -0.8534403 0.03077682 0.5202812 -0.8581497 0.02149231 0.5129495 -0.8601365 0.01204534 0.5099216 -0.8892896 0.009736063 0.4572408 -0.8819687 0.008261367 0.4712355 -0.8982541 0.0073331 0.4394153 -0.9079834 0.008251166 0.4189249 -0.9474856 -0.00595534 0.3197429 -0.9158688 -0.01931758 0.4010127 -0.955399 -0.01516276 0.2949286 -0.9271514 -0.03516428 0.3730333 -0.9346241 -0.0361679 0.3537932 -0.9541777 -0.02795927 0.2979314 -0.9530016 0.002208986 0.3029573 -0.9498905 0.02152025 0.3118413 -0.9422298 0.02947223 0.3336681 -0.9406495 0.01231129 0.3391562 -0.9533433 -0.01807508 0.3013466 -0.9554405 -0.01078403 0.2949868 -0.9554405 -0.01078403 0.2949868 -0.9356067 -0.005001271 0.3530086 -0.9298996 0.005878118 0.3677666 -0.9290537 0.004270571 0.3699202 -0.7878615 0.03373724 0.6149276 -0.7885506 0.01906011 0.6146744 -0.7878609 0.04919259 0.6138854 -0.7878609 0.04919259 0.6138854 -0.7473093 0.02027326 0.664167 -0.7334211 0.03229876 0.6790068 -0.6485865 0.03300238 0.7604251 -0.7763265 0.06585959 0.6268809 -0.7651575 0.07192187 0.6398135 -0.6895119 0.08202199 0.719615 -0.5592301 0.02479999 0.8286414 -0.7798199 0.03091305 0.6252402 -0.7817156 -0.02824806 0.622995 -0.765235 0.1070452 0.6347887 -0.7272876 0.1194717 0.6758545 -0.753069 0.1052105 0.649475 -0.7481996 0.08788275 0.6576275 -0.6462761 0.1276304 0.7523548 -0.7321539 0.1579502 0.6625725 -0.7328018 0.1452414 0.6647604 -0.7328918 0.1667445 0.6595952 -0.7328918 0.1667445 0.6595952 -0.7284202 0.1573226 0.6668236 -0.7081521 0.1508508 0.6897569 -0.6633802 0.1467927 0.7337429 -0.6098109 0.1433168 0.7794812 -0.6056215 0.1426245 0.7828671 -0.5888782 0.1398452 0.7960312 -0.5665803 0.1158072 0.8158281 -0.5971449 0.143893 0.7891215 -0.5131762 0.148429 0.8453514 -0.5271282 0.1484979 0.8367103 -0.4922322 0.1449784 0.8583057 -0.4406024 0.1472886 0.8855369 -0.4688331 0.1446514 0.8713619 -0.3791213 0.1460845 0.9137431 -0.4989325 0.05155018 0.8651063 -0.4313099 0.01995559 0.9019831 -0.423943 0.1252031 0.8969931 -0.3145118 0.03729966 0.9485205 -0.3411728 0.09764831 0.9349149 -0.1922344 0.04069081 0.9805051 -0.2398858 0.1495249 0.9592169 -0.2835096 0.1486476 0.9473786 -0.1952826 0.08956561 0.9766487 -0.1946048 0.1504167 0.96928 -0.07222808 0.02853285 0.9969799 -0.1279303 0.1410351 0.9817041 -0.0495111 0.1471124 0.9878798 0.01578281 0.05968088 0.9980927 0.07095642 0.02269954 0.9972211 -0.0799761 0.1258116 0.9888252 0.1892757 0.02649397 0.9815665 0.05475339 0.1147735 0.9918816 0.00102728 0.1405881 0.9900676 0.09340527 0.1468078 0.9847451 0.3304961 0.06651357 0.9414607 0.3182498 0.0112016 0.9479407 0.4480864 0.02634877 0.8936019 0.1624751 0.1095196 0.9806158 0.5478242 0.03217853 0.8359744 0.1303478 0.1415766 0.9813081 0.2012657 0.1438019 0.9689237 0.2968544 0.1319616 0.9457609 0.2550175 0.1420644 0.9564433 0.315296 0.1492899 0.9371771 0.4486961 0.130889 0.8840474 0.3725733 0.1436801 0.9168125 0.3637253 0.1472868 0.9197883 0.4597431 0.1457669 0.876007 0.4597431 0.1457669 0.876007 0.5953497 0.1381516 0.7915004 0.5110088 0.140013 0.8480957 0.6060986 0.07916032 0.7914406 0.6584109 0.03138014 0.7520042 0.7032296 0.1438851 0.6962509 0.7403729 0.02436731 0.6717546 0.7382822 0.1499869 0.6576042 0.7366782 0.1154926 0.6663082 0.7914275 0.04213906 0.6098089 0.8307246 0.01457899 0.5564927 0.8924648 0.02172135 0.4505937 0.7797543 0.1411981 0.609956 0.7792475 0.1413895 0.610559 0.8102064 0.1205108 0.5736225 0.8917975 0.02081126 0.4519559 0.9435507 0.02081112 0.3305737 0.9435504 0.02081062 0.3305747 0.9783938 0.02081046 0.2056998 0.9783939 0.02081073 0.2056993 0.9926557 0.02079259 0.1191732 0.9962599 0.02709212 0.08204964 0.9989172 0.02644187 0.03827853 0.9979806 0.05458845 -0.03247745 0.9994948 0.03178141 0 0.8690379 0.0859542 0.4872217 0.8930769 0.05620052 0.4463801 0.9417514 0.06354327 0.3302523 0.8794492 0.1236228 0.4596591 0.9415768 0.06320609 0.3308144 0.9766492 0.06320602 0.2053321 0.9766492 0.06320587 0.2053324 0.9950081 0.06320584 0.07722649 0.9950081 0.06320585 0.0772265 0.9945733 0.08537861 -0.0594512 0.9827376 0.05792572 -0.1757024 0.938301 0.1052075 0.3294277 0.9134989 0.1389183 0.3823892 0.8942698 0.14832 0.4222354 0.9226211 0.136021 0.3609275 0.9126273 0.1459532 0.3818495 0.9297147 0.1197625 0.3482637 0.973146 0.1054867 0.2045957 0.9731461 0.105487 0.2045951 0.991439 0.105487 0.07694943 0.9881337 0.1180229 0.09829721 0.8645706 0.1482518 0.4801448 0.842268 0.1484652 0.5182111 0.8474374 0.1428674 0.5113108 0.8171739 0.1505389 0.5563855 0.979403 0.1421192 0.143429 0.9794702 0.1424608 0.1426292 0.9684341 0.1437609 0.2036373 0.9932465 0.1020804 -0.05514415 0.953144 0.1436353 0.2662431 0.9529435 0.1438957 0.2668195 0.9528384 0.1440319 0.2671212 0.9577528 0.09324736 -0.2720561 0.9474221 0.06176103 -0.3139695 0.9805637 0.1201183 -0.1551337 0.8958928 0.0953217 -0.4339237 0.9626358 0.1390649 -0.2323647 0.9734437 0.1509816 -0.1720813 0.9582749 0.1431329 -0.2474313 0.9538265 0.133706 -0.2689568 0.8941746 0.08612935 -0.4393559 0.983668 0.1411689 -0.1116627 0.9848441 0.1452329 -0.09481285 0.9852353 0.1468637 -0.08799172 0.8995274 0.1290657 -0.4173637 0.9198046 0.1455364 -0.3643881 0.8466758 0.08035893 -0.5260062 0.8329712 0.09255644 -0.5455202 0.6827259 0.04259929 -0.7294318 0.9257755 0.06630051 -0.372215 0.842283 0.1406521 -0.5203617 0.7574154 0.1264139 -0.640579 0.7957553 0.1456331 -0.5878473 0.7960869 0.1402782 -0.5887 0.7605146 0.1471233 -0.6324336 0.7056023 0.1499163 -0.692568 0.7402087 0.1487216 -0.6557233 0.6680918 0.122575 -0.7339133 0.6313387 0.1436901 -0.7620791 0.5821446 0.1431634 -0.8003824 0.618521 0.1426394 -0.7727132 0.5625671 0.1203776 -0.817941 0.5213495 0.1473283 -0.8405291 0.4685797 0.09289555 -0.8785235 0.4898294 0.146627 -0.8593996 0.4032277 0.1473396 -0.9031603 0.4393061 0.1467069 -0.8862772 0.3492784 0.1265424 -0.928435 0.3527439 0.1495357 -0.9236941 0.3023312 0.1442092 -0.9422312 0.2771314 0.1430237 -0.9501276 0.2685262 0.1394567 -0.9531241 0.2345433 0.1437646 -0.9614162 0.2339188 0.1201568 -0.9648028 0.1484662 0.1360988 -0.9795075 0.09506671 0.1379883 -0.9858608 0.147804 0.1435595 -0.9785421 0.1113646 0.1459483 -0.9830041 0.05701619 0.1467901 -0.9875231 0.05140376 0.1416326 -0.9885838 0.05140376 0.1416326 -0.9885838 0.05532941 0.1480452 -0.9874317 0.01137055 0.1533356 -0.9881088 -0.019451 0.1599916 -0.9869267 -0.019451 0.1599916 -0.9869267 -0.05064202 0.1543438 -0.9867185 -0.05064202 0.1543438 -0.9867185 0.2869711 0.05519808 -0.9563476 0.1077697 0.08770882 -0.9902994 0.09457339 0.1080667 -0.989635 0.04590273 0.1168994 -0.9920824 0.04611886 0.1286827 -0.9906128 0.02698094 0.07495138 -0.9968221 0.06650457 0.05545972 -0.9962436 0.06786458 0.05438889 -0.9962109 0.123081 0.04272003 -0.9914767 0.04600428 0.06826685 -0.9966059 0.04900052 0.04964919 -0.997564 0.04686522 0.01294206 -0.9988174 0.0490485 0.02435993 -0.9984993 0.0458071 0.007419746 -0.9989227 0.1070779 0.02182222 -0.9940111 0.05717398 0.02079865 -0.9981476 0.2131675 0.02327012 -0.9767385 0.3517444 0.02826398 -0.9356693 0.4662839 0.04680236 -0.8833962 0.5553705 0.03836396 -0.8307177 0.6711121 -0.01517501 -0.7412006 0.7724791 0.004544955 -0.635024 0.8401049 0.02153745 -0.5419962 0.8409806 0.02081053 -0.5406649 0.9038727 0.02081061 -0.427295 0.9038724 0.02081098 -0.4272958 0.9515654 0.02081122 -0.3067412 0.9515655 0.02081109 -0.3067409 0.9832577 0.02081081 -0.1810282 0.9832577 0.02081078 -0.1810281 0.993435 0.02077275 -0.1124962 0.9963812 0.01507506 -0.08364929 0.9981331 0.01614179 -0.05890431 0.9996609 0.000620673 -0.02603435 0.01499995 0.1304222 -0.9913451 0.02659273 0.1041506 -0.994206 0.1005567 0.1264715 -0.9868603 0.05832806 0.1507833 -0.9868446 0.179241 0.1008456 -0.9786229 0.04538488 0.1557329 -0.986756 0.01096149 0.1228617 -0.9923633 0.04300346 0.1553123 -0.986929 0.09079268 0.2087443 -0.9737466 0.07563904 0.3033386 -0.949876 0.03576792 0.2469775 -0.9683609 0.01399377 0.2484445 -0.968545 0.02058491 0.2701658 -0.9625938 0.07841032 0.2456376 -0.9661853 0.01459932 0.3177004 -0.9480788 0.01459932 0.3177004 -0.9480788 0.01468433 0.3271916 -0.9448439 -0.001266226 0.3148213 -0.9491501 0.07338388 0.4078877 -0.9100783 0.2050894 0.3861982 -0.8993271 0.2891863 0.4411215 -0.8495782 0.1083387 0.6297068 -0.7692412 0.01106671 0.5923659 -0.805593 0.01523731 0.7567391 -0.6535394 0.0504922 0.7638637 -0.6433994 0.000605385 0.7689464 -0.639313 0.000605385 0.7689464 -0.639313 0.2468758 0.6796888 -0.6907065 0.1773504 0.7793889 -0.6009158 0.01105063 0.7993488 -0.6007656 -0.01096546 0.7997151 -0.6002795 0.3412184 0.602383 -0.7215987 0.3287327 0.7324438 -0.5962054 0.2647186 0.7222229 -0.6389978 0.321506 0.6624465 -0.6766081 0.2172805 0.8129991 -0.5402052 0.3953556 0.5355795 -0.7462229 0.4371689 0.6253648 -0.6463762 0.5833846 0.6598877 -0.4735089 0.1435524 0.8767258 -0.4590692 0.1254531 0.8567979 -0.5001588 0.2485694 0.9183485 -0.3079761 0.04506544 0.8788231 -0.4750149 0.03361526 0.8862697 -0.461948 0.08780605 0.9035181 -0.4194581 0.1210132 0.9176876 -0.3784248 0.06037908 0.943162 -0.3268024 -0.2601656 0.9486713 0.1798239 0.01854456 0.9627468 -0.2697679 -0.01425554 0.9586953 -0.2840778 0.03751713 0.9789174 -0.2007813 0.1256198 0.9558886 -0.265512 0.01321459 0.9330957 -0.3593854 0.03103975 0.9405758 -0.3381622 0.125385 0.966785 -0.2227228 0.08096457 0.9895106 -0.1196391 0.1073172 0.9941616 -0.01121367 0.01565853 0.9929602 -0.1174086 -0.004400781 0.9797195 -0.2003254 0.06801287 0.9959111 0.05945948 0.03873098 0.998517 -0.03825909 0.04384274 0.9966937 -0.0684064 0.01815966 0.999667 0.01833138 -0.005680314 0.9994721 0.03198981 -0.01419891 0.9990441 0.0413428 -0.01833419 0.9986658 -0.04827459 -0.01833419 0.9986658 -0.04827459 0.01212533 0.993876 0.1098336 -0.01587736 0.9866986 0.1617834 -0.00148267 0.9879852 0.1545411 0.002494052 0.9853517 0.1705161 -0.004747557 0.9835793 0.180414 0.01220513 0.9852468 0.1707037 0.0181759 0.9886848 0.1489028 0.03156601 0.9905213 0.1336832 0.07543568 0.9930498 0.09034131 0.1730302 0.9846493 -0.02294134 0.2068649 0.9559895 -0.2080647 0.07330921 0.991302 0.1092987 0.05184995 0.989 0.1385301 0.05026914 0.9878744 0.1468915 0.01303046 0.9862417 0.1647957 0.01303046 0.9862417 0.1647957 0.07636481 0.9846613 0.1568776 0.100785 0.9873896 0.1220822 0.1030927 0.9903017 0.09313707 0.1446175 0.988432 0.04569396 0.2696551 0.9629373 -0.006154 0.2612648 0.9433849 -0.2043667 0.3738546 0.8330515 -0.4077474 0.52387 0.7504125 -0.4030401 0.4300533 0.8921009 -0.1386008 0.3121948 0.9301719 -0.1931702 0.2987246 0.9493819 -0.09714717 0.7013618 0.6404207 -0.3129744 0.5908584 0.735489 -0.3315755 0.5496668 0.8011016 -0.2368599 0.6594837 0.4673149 -0.5888107 0.4978299 0.5191022 -0.6947649 0.4517151 0.4483379 -0.7713279 0.470474 0.431698 -0.7696045 0.4060248 0.3104628 -0.8595096 0.2487601 0.2694184 -0.9303398 0.3128107 0.2043002 -0.9275834 0.1812046 0.1814945 -0.966553 0.2454631 0.1520162 -0.9574126 0.2862817 0.1041949 -0.9524633 0.2098364 0.1059013 -0.9719844 0.3774172 0.1713931 -0.9100443 0.3866619 0.1408046 -0.9114092 0.09290917 0.08542942 -0.9920029 0.1325549 0.0940706 -0.9867015 0.1246902 0.08293281 -0.9887237 0.08089209 0.06190509 -0.9947986 0.1540335 0.02204093 -0.9878198 0.7052338 0.0406776 -0.7078069 -0.057021 0.05606422 -0.9967976 0.1326306 0.01255409 -0.991086 0.2258658 0.01784584 -0.973995 0.05018299 0.01989905 -0.9985418 0.06161486 0.007503347 -0.9980718 0.2278895 0.002224882 -0.9736845 0.2751188 0.01735541 -0.9612536 0.2612174 0.01629926 -0.9651424 0.2822096 0.01608986 -0.9592178 0.3502362 0.01626874 -0.9365201 0.3245498 0.06015134 -0.9439541 0.2029209 0.02332087 -0.9789174 0.2708467 0.07715047 -0.9595259 0.4209963 0.01592405 -0.9069225 0.5053448 0.01120131 -0.8628448 0.449286 0.00481426 -0.893375 0.5192943 0.008570703 -0.8545525 0.4896008 0.02642972 -0.8715461 0.4520075 0.02590274 -0.891638 0.5886808 0.007941151 -0.8083266 0.6524748 0.01303151 -0.7576984 0.7697952 0.01700815 -0.6380643 0.7120517 0.01872958 -0.7018771 0.6853921 0.01208608 -0.7280739 0.7486585 0.03296189 -0.662136 0.8746428 0.01492295 -0.4845382 0.6394427 0.05781534 -0.7666618 0.6518836 0.04590893 -0.7569281 0.4462044 0.08554311 -0.8908333 0.451451 0.2083343 -0.867634 0.5402346 0.2558051 -0.8016922 0.6432333 0.1982612 -0.7395562 0.4878663 0.2056279 -0.8483535 0.8196636 0.1426572 -0.5547977 0.8395214 0.3450575 -0.4196893 0.8308574 0.4647182 -0.3061259 0.8726899 0.4730733 -0.1208881 0.9042941 0.2535251 -0.3434781 0.9185193 0.08853929 -0.3853351 0.9280067 0.3323357 -0.1683943 0.9461663 0.05443216 -0.3190712 0.8523737 0.4310647 -0.2960445 0.9646964 0.0799121 -0.2509481 0.9618525 0.1960081 -0.1908416 0.9404392 0.2235157 -0.2561541 0.974036 0.1511388 -0.1685553 0.9816294 0.1469487 -0.1216956 0.9862698 0.1432723 -0.08212764 0.9596222 0.272089 -0.07136465 0.9261583 0.3757295 -0.03252933 0.9726608 0.2234843 -0.06313283 0.9141302 0.404783 -0.02272858 0.8933079 0.4492199 0.01422698 0.8811541 0.4726116 0.01434348 0.8832017 0.4688273 0.01248003 0.87038 0.4916469 -0.02686955 0.8087914 0.5877141 -0.02118086 0.8511037 0.5246329 0.01956558 0.8447574 0.5350186 0.01183159 0.8199369 0.5718415 0.0264738 0.7235843 0.6892067 0.03768031 0.7452452 0.6457716 -0.1660982 0.7019971 0.7117623 -0.02438216 0.6802059 0.731608 0.04549356 0.6099271 0.7811565 -0.1333545 0.6415587 0.7659162 -0.04212926 0.6036724 0.795312 -0.05530312 0.6028107 0.7957193 0.05873756 0.6592601 0.748751 0.06890587 0.6401514 0.1461156 0.7542257 0.5462609 0.8369733 0.03278303 0.4877019 0.8714214 0.0526461 0.4131614 0.9086282 0.06076599 0.4874562 0.872688 0.02832293 0.3636172 0.9235651 0.1216965 0.3547926 0.9341376 0.03884719 0.2814197 0.9559218 0.08376435 0.2742608 0.9563489 0.1008851 0.2418164 0.9693061 0.04439023 0.192168 0.9793089 0.06344684 0.239578 0.9671133 0.08540621 0.2438602 0.9632935 0.1122403 0.2319143 0.964852 0.1235974 0.1854087 0.9770844 0.1045449 0.2476437 0.9506684 0.1868211 0.128891 0.9860295 0.105513 0.1909734 0.9779458 0.08456435 0.1114875 0.9892819 0.09429678 0.08409369 0.9869896 0.1370395 0.07217344 0.9902414 0.119218 0.05392939 0.9917596 0.1162092 0.04532091 0.9901599 0.1323983 -0.0217144 0.9883284 0.1507826 -0.03759298 0.9874848 0.1531683 0.06416568 0.9923963 0.1050348 -0.2823286 0.9439212 0.1711821 0.01956514 0.9978388 0.06272932 0.1252146 0.9878256 0.09231393 -0.06538011 0.9974959 0.02697043 -0.06247755 0.9977042 0.02613233 0.1551453 0.9820535 0.1072425 0.1535057 0.9822776 0.1075485 0.1654646 0.9807781 0.1034206 0.1981012 0.9756354 0.09429488 0.2559022 0.963539 0.07814449 -0.1294288 0.9886354 0.07647372 0.2529559 0.9623901 0.09908933 0.2762416 0.9565889 0.09288886 0.3207832 0.944346 0.07286115 -0.1610155 0.9758827 0.1474009 0.1307847 0.9906114 0.03980497 0.06249185 0.9977707 0.02341714 0.06538772 0.997614 0.02215177 0.2586909 0.9649338 0.04451645 0.1950417 0.9805448 0.022152 0.1950415 0.9805448 0.02215208 0.3809037 0.9236226 0.0428209 0.3213607 0.9466977 0.02215162 0.3213611 0.9466976 0.02215144 0.4174098 0.9062279 0.0672319 0.4513848 0.8898908 0.06592582 0.4982181 0.8661854 0.03874853 0.4421799 0.8966528 0.02215175 0.5593505 0.8268478 0.05873381 0.4998768 0.865812 0.0221995 0.5678055 0.8218579 0.04633151 0.6402784 0.7666483 0.0478966 0.6252455 0.7798683 0.02955516 0.6703034 0.7404493 0.04927649 0.6086114 0.7931578 0.02219953 0.659924 0.7493486 0.05456253 0.7108916 0.701448 0.05102811 0.7216865 0.691578 0.02980722 0.7514852 0.6578343 0.05023872 0.7069326 0.7069324 0.02219914 0.7770181 0.6290754 0.02251598 0.792845 0.6090491 0.02135429 0.8253828 0.5641383 0.02216554 0.835087 0.5498259 -0.01792051 0.8137673 0.5561899 -0.1686287 0.835866 0.5486742 0.01687384 0.8329945 0.5528983 0.02058238 0.8852957 0.4645533 0.02101669 0.8852957 0.4645533 0.02101669 -0.9466999 -0.3213544 0.02214884 -0.9466999 -0.3213544 0.02214884 -0.9466994 -0.3213559 0.02214952 -0.9405793 -0.3373777 0.03855883 -0.9660928 -0.2540814 0.04590569 -0.8966508 -0.4421839 0.02215146 -0.8966511 -0.4421834 0.02215119 -0.9739595 -0.2110203 0.08290551 -0.9794648 -0.1782706 0.09417123 -0.9885399 -0.08136744 0.127154 -0.9892005 -0.04933638 0.1380155 -0.9830168 0.0500574 0.1765565 -0.981742 0.06043468 0.1803614 -0.9797848 0.02691175 0.1982362 -0.9669624 0.08610931 0.2399351 -0.9428411 0.1557018 0.2946312 -0.9428411 0.1557018 0.2946312 -0.9676293 0.02160681 0.2514493 -0.9786309 0.02185247 0.2044605 -0.9553759 0.02133966 0.2946211 -0.9553781 0.02133325 0.2946142 -0.9232862 0.08504597 0.3745795 -0.9553729 0.02133634 0.2946309 -0.9251564 -0.0536895 0.37577 -0.9488551 -0.1134744 0.2946141 -0.9399016 -0.123741 0.3182344 -0.8627651 0.02468318 0.505002 -0.8240992 0.00776436 0.5663923 -0.7161809 0.06527448 0.6948555 -0.875477 -0.1649827 0.4542255 -0.6569276 -0.008183951 0.7539093 -0.8135031 -0.07955146 0.576094 -0.9480411 -0.1375656 0.2868688 -0.9718421 -0.1162237 0.2049754 -0.9718421 -0.1162237 0.2049754 -0.8777016 -0.3035187 0.3708318 -0.7624924 -0.092777 0.6403107 -0.6810789 -0.07281796 0.7285802 -0.6506094 -0.09178595 0.7538453 -0.6010673 -0.07187573 0.7959598 -0.6010694 -0.07187688 0.7959581 -0.6010646 -0.07187043 0.7959623 -0.5848207 -0.1560706 0.7960068 -0.542827 -0.1446308 0.8272973 -0.4789856 -0.1277562 0.8684763 -0.46117 -0.1657815 0.8716873 -0.5364136 -0.1818583 0.8241286 -0.4532242 -0.1821193 0.8725941 -0.6532881 -0.1740899 0.7368225 -0.6627775 -0.1847795 0.72566 -0.7861797 -0.2185459 0.578065 -0.7351993 -0.1993654 0.6478699 -0.9234033 -0.2460128 0.2946253 -0.9234031 -0.2460161 0.2946233 -0.9234034 -0.2460113 0.2946262 -0.8795286 -0.3736665 0.2946233 -0.8795337 -0.3736588 0.2946176 -0.8795361 -0.3736562 0.2946138 -0.8795361 -0.3736562 0.2946138 -0.8494241 -0.3531969 0.3920851 -0.7620759 -0.3220711 0.5617032 -0.7990086 -0.3397755 0.4961228 -0.6429188 -0.32824 0.6920361 -0.6065668 -0.2548293 0.7530861 -0.5722236 -0.2430647 0.7832495 -0.6268714 -0.3737568 0.6836213 -0.5318819 -0.3193693 0.7842862 -0.4398052 -0.3046203 0.8448538 -0.7310003 -0.5147623 0.447949 -0.7284565 -0.4335786 0.5304345 -0.802697 -0.4807963 0.3528633 -0.8117055 -0.4979344 0.3052794 -0.8620124 -0.4424358 0.2473562 -0.8120667 -0.4902031 0.3166205 -0.7349329 -0.5996942 0.3166078 -0.7390818 -0.5999551 0.3062874 -0.7035424 -0.5949505 0.388667 -0.6262186 -0.5276238 0.573989 -0.5601362 -0.4593474 0.6893819 -0.4952534 -0.4277749 0.7561301 -0.3871205 -0.3932172 0.8339772 -0.6895968 -0.6798219 0.2495967 -0.6629211 -0.6594295 0.3545256 -0.2186355 -0.3103919 0.9251245 -0.4150012 -0.2314947 0.8798774 -0.36543 -0.2315521 0.9015789 -0.454016 -0.1929239 0.8698562 -0.5599536 -0.6974803 0.4471836 -0.5425252 -0.603237 0.5846123 -0.5384366 -0.7809063 0.3166564 -0.5441306 -0.7792038 0.311068 -0.5172599 -0.7672219 0.3792264 -0.4823644 -0.7053651 0.519408 -0.3762837 -0.6149779 0.6929738 -0.4495109 -0.5190343 0.7270099 -0.6135322 -0.7541381 0.2342092 -0.3705413 -0.4506774 0.8121508 -0.6186037 -0.7647609 0.180195 -0.2575517 -0.4367768 0.8619125 -0.2839259 -0.4986844 0.8189627 -0.1893286 -0.437909 0.8788574 -0.5251711 -0.8374278 0.1513607 -0.5569314 -0.8077244 0.1934132 -0.5990502 -0.790978 0.1244692 -0.5147341 -0.8260565 0.2295199 -0.4546094 -0.8858281 0.09294538 -0.4436381 -0.8243383 0.3516413 -0.4254854 -0.9011506 0.08300404 -0.3823062 -0.9229709 0.04434766 -0.5593471 -0.8067418 0.1905216 -0.4369857 -0.8770001 0.1997857 -0.3049307 -0.9515937 0.03855876 -0.3414081 -0.9330918 0.1130494 -0.1950417 -0.9805448 0.02215199 -0.1950419 -0.9805447 0.02215191 -0.3213614 -0.9466975 0.02215269 -0.3213608 -0.9466977 0.02215295 -0.3526701 -0.9333762 0.0665775 -0.1781119 -0.9832545 0.0385585 -0.2112674 -0.9761451 0.05006907 -0.06538669 -0.9976141 0.02215174 -0.06538674 -0.9976141 0.02215172 -0.2499117 -0.9651002 0.07826707 -0.3913431 -0.9024718 0.1799868 -0.388947 -0.8937176 0.2235823 -0.3216905 -0.9290986 0.1824583 -0.3140697 -0.9298326 0.1917589 -0.4261831 -0.8553159 0.294623 -0.3233267 -0.8757783 0.3584303 -0.426156 -0.8553285 0.2946257 -0.4020659 -0.8219054 0.4035028 -0.3933998 -0.774213 0.4958134 -0.3551458 -0.75167 0.555755 -0.2587106 -0.605756 0.7524151 -0.2093313 -0.5096604 0.8345218 -0.1915811 -0.5742002 0.7959841 -0.2373958 -0.6102927 0.7557686 -0.1009512 -0.397146 0.9121863 -0.1881084 -0.57949 0.7929732 -0.1817093 -0.7242586 0.665155 -0.2641564 -0.796206 0.5443136 -0.04143524 -0.3717105 0.9274236 -0.2517699 -0.4197826 0.872006 -0.2674299 -0.4142901 0.8699684 -0.2819614 -0.4090655 0.8678498 -0.1029682 -0.4809379 0.8706873 -0.1177199 -0.5190189 0.8466176 -0.0432318 -0.4874314 0.8720904 -0.08414692 -0.6487786 0.7563105 -0.1086492 -0.5955394 0.7959448 -0.191833 -0.8308004 0.5224661 -0.04424664 -0.5301903 0.8467234 -0.1132906 -0.9185058 0.3788302 -0.01892487 -0.4946843 0.8688667 0.008700449 -0.5666579 0.8239072 -0.02314113 -0.6049032 0.7959627 -0.02314409 -0.6049026 0.795963 0.05946417 -0.4375732 0.8972144 -0.017067 -0.6610159 0.7501778 0.07102513 -0.6112668 0.7882311 -0.03295919 -0.6755721 0.7365568 -0.02288632 -0.7708834 0.636565 -0.04096895 -0.8181142 0.5735946 0.02899345 -0.8997394 0.4354634 0.09395836 -0.945691 0.3111919 0.09721375 -0.9444331 0.3139994 0.1593781 -0.8835985 0.4402866 -0.03184132 -0.951387 0.3063478 0.01130246 -0.9719858 0.2347678 -0.08071892 -0.9715245 0.2227657 0.07333496 -0.7849364 0.615221 -0.03743014 -0.9784464 0.2030804 -0.02340378 -0.9821302 0.1867419 0.1725231 -0.9665514 0.1897738 0.2352351 -0.9188042 0.3169595 0.236559 -0.9153342 0.3258883 0.07819008 -0.9807948 0.1786838 0.2701438 -0.8463597 0.4590182 0.2645479 -0.90488 0.3334764 0.3498863 -0.8625136 0.3655815 0.349487 -0.8853907 0.3064997 0.3138684 -0.9252052 0.2132648 0.3138004 -0.7559083 0.5745711 0.2884715 -0.704113 0.6488521 0.2662553 -0.634662 0.7254738 0.2543872 -0.6262833 0.7369236 0.2283387 -0.5609417 0.7957423 0.2278063 -0.5608467 0.7959618 0.123985 -0.7262312 0.6761774 0.194034 -0.7613887 0.6185775 0.06845337 -0.6560008 0.7516496 0.06439449 -0.6222564 0.7801605 0.2003505 -0.6297785 0.7504923 0.0597343 -0.5646078 0.8231949 -0.0649666 -0.5669567 0.8211818 0.05111625 -0.493957 0.8679825 0.05111515 -0.4939571 0.8679825 0.0449585 -0.3173242 0.9472508 0.1685268 -0.4102728 0.8962561 0.1872766 -0.4588443 0.8685559 0.2022037 -0.4495447 0.8700708 0.09495391 -0.3554987 0.9298411 0.09495391 -0.3554987 0.9298411 0.2543771 -0.3873014 0.8861658 0.1732084 -0.3488841 0.9210205 0.1507725 -0.3590448 0.9210616 0.2368079 -0.3446636 0.9083661 0.267004 -0.3251067 0.9072015 0.3276749 -0.3420142 0.8807131 0.2757816 -0.321817 0.9057474 0.419244 -0.3315341 0.8451743 0.3966407 -0.2916044 0.8704269 0.3635779 -0.3461922 0.864848 0.3705921 -0.4088772 0.833955 0.2770286 -0.4062967 0.8707343 0.2832178 -0.4865157 0.8264926 0.4383979 -0.4174343 0.7959622 0.4383979 -0.4174339 0.7959624 0.4889142 -0.3583952 0.7953086 0.4961779 -0.4271822 0.755859 0.4383978 -0.4174354 0.7959617 0.506239 -0.3312192 0.7962512 0.4540201 -0.500494 0.7371374 0.340193 -0.4995526 0.7966906 0.4967154 -0.3464598 0.7957634 0.4631897 -0.3034988 0.8326726 0.4870852 -0.2807054 0.8270142 0.5511195 -0.2270748 0.8029349 0.5405193 -0.2845847 0.7917389 0.5714009 -0.4374956 0.6943333 0.548625 -0.3989831 0.7347266 0.5950309 -0.5607471 0.5757611 0.5604116 -0.4715816 0.6808448 0.6532849 -0.4946612 0.5731746 0.6745533 -0.4749704 0.5651381 0.7172531 -0.5353325 0.4460572 0.6860919 -0.5971857 0.4155083 0.7477838 -0.5357407 0.3921751 0.7887262 -0.5284055 0.3141633 0.8263557 -0.5044585 0.2503155 0.8263557 -0.5044585 0.2503155 0.598154 -0.5676748 0.5656475 0.6283296 -0.6767029 0.3837643 0.6920647 -0.6589715 0.2946233 0.4185686 -0.5297303 0.7376897 0.5107783 -0.6457388 0.5675623 0.5107973 -0.6459032 0.5673581 0.3396561 -0.5834668 0.7376993 0.3392846 -0.5840071 0.7374426 0.4136968 -0.7117762 0.5676527 0.413887 -0.7133167 0.5655766 0.5220507 -0.7665441 0.3739963 0.4692238 -0.7996903 0.374599 0.4938408 -0.8144415 0.3046412 0.4849995 -0.8222241 0.2978643 0.4807675 -0.8258685 0.294625 0.592324 -0.7498991 0.2946245 0.5923246 -0.7498984 0.2946251 0.6524993 -0.7156388 0.2492102 0.5923239 -0.7498994 0.294624 0.7519617 -0.5893559 0.295319 0.7365621 -0.608503 0.2952969 0.8016142 -0.5197443 0.2954328 0.8711819 -0.4470933 0.2028537 0.8648237 -0.4401733 0.2415109 0.842293 -0.442322 0.3080484 0.8226925 -0.4425005 0.3568899 0.6066867 -0.7680822 0.2048926 0.5994819 -0.781127 0.1745337 0.5510943 -0.8091439 0.2039145 0.5472897 -0.8190782 0.1720023 0.4811211 -0.8523127 0.2051475 0.4386746 -0.880216 0.1810649 0.375323 -0.9091005 0.1807454 0.4383942 -0.8889753 0.132414 0.5506778 -0.8241484 0.1324136 0.550678 -0.8241483 0.1324137 0.6063672 -0.7902326 0.08860708 0.4383942 -0.8889753 0.132414 0.4980335 -0.862619 0.08860691 0.381178 -0.9202457 0.08860687 0.5091929 -0.843098 0.1729402 0.4404944 -0.87918 0.181679 0.3174979 -0.9258933 0.2047354 0.2335752 -0.9521519 0.1971023 0.1963591 -0.9638394 0.1801576 0.234482 -0.9569097 0.1712952 0.3186083 -0.9385922 0.1324136 0.3036888 -0.9427216 0.1380186 0.4995079 -0.8651735 0.0443471 0.5554342 -0.8312654 0.02215251 0.555434 -0.8312655 0.02215238 0.6081621 -0.7925731 0.04434706 0.659184 -0.7516553 0.02215197 0.6591839 -0.7516554 0.0221519 0.706411 -0.7064112 0.04434716 0.7516555 -0.6591838 0.02215172 0.7516555 -0.6591838 0.0221517 0.792573 -0.6081622 0.04434732 0.7043259 -0.7043251 0.08860737 0.6535411 -0.7452185 0.1324138 0.8312658 -0.5554336 0.02215164 0.8312658 -0.5554336 0.02215166 0.6535412 -0.7452184 0.1324138 0.8651735 -0.4995079 0.04434729 0.6963267 -0.6961312 0.1747297 0.7089327 -0.6750328 0.2043162 0.755236 -0.6232152 0.2030306 0.7472351 -0.6406333 0.1767164 0.8351207 -0.5115477 0.2022188 0.7452187 -0.6535411 0.1324131 0.7452187 -0.6535409 0.1324132 0.7902329 -0.6063669 0.08860717 0.8966525 -0.4421805 0.02215169 0.8966526 -0.4421804 0.02215174 0.9226273 -0.3832919 0.04296768 0.8626187 -0.4980339 0.08860682 0.8241481 -0.5506783 0.1324135 0.8241481 -0.5506783 0.1324136 0.8190244 -0.547255 0.1723686 0.8529917 -0.4911029 0.1767005 0.8688694 -0.4518494 0.2022325 0.9089399 -0.4089153 0.08134257 0.8889752 -0.4383945 0.1324136 0.9372211 -0.3423377 0.06649494 0.9207347 -0.3675972 0.130843 0.9656878 -0.2587551 0.02219944 0.9466977 -0.3213609 0.02215187 0.9218911 -0.3712765 0.1107731 0.9240719 -0.3654643 0.1119239 0.9061511 -0.3937404 0.1544624 0.9573984 -0.2150872 0.1926805 0.9494374 -0.2435153 0.1981637 0.883443 -0.4334371 0.1779346 0.8749817 -0.4415174 0.198669 0.8775479 -0.4544201 0.1530099 0.8746555 -0.4774953 0.08352252 0.8911932 -0.434723 0.1295787 0.9342577 -0.2110496 0.2874382 0.9193248 -0.2738658 0.2825587 0.9271635 -0.2662485 0.2635897 0.9599163 -0.1983609 0.1980243 0.9615291 -0.1994022 0.188946 0.9599245 -0.2780276 0.03529204 0.95718 -0.2820235 0.06533843 0.9606178 -0.2696471 0.06711043 0.9880469 -0.1525477 0.02219385 0.9907316 -0.1333815 0.02569625 0.998318 -0.05191729 0.02580057 0.9975041 -0.06317655 0.03153376 0.9995226 -0.01389404 0.02759564 0.9969725 -0.07271969 0.02752477 -0.9976144 -0.06538108 0.02215232 -0.9976144 -0.06538108 0.02215232 -0.9976144 -0.06538236 0.02215288 -0.9958496 -0.082442 0.03855977 -0.9975638 -0.04857501 0.05006931 -0.9805431 -0.1950496 0.02215441 -0.9805438 -0.1950462 0.02215292 -0.9953889 0.04824886 0.0829038 -0.9922305 0.08130582 0.0941702 -0.9759176 0.1772468 0.1271552 -0.9682655 0.2083579 0.1380174 -0.9506505 0.2540829 0.1780601 -0.9826897 -0.1783648 0.05006871 -0.99317 -0.08209557 0.08290806 -0.9943534 -0.04891152 0.09417567 -0.9907038 0.04833489 0.1271599 -0.9871786 0.08017974 0.1380204 -0.9681324 0.1779518 0.1762179 -0.9665812 0.1673421 0.1942099 -0.9544215 0.2241161 0.1971082 -0.9339219 0.2967839 0.1992715 -0.9340681 0.294128 0.2024983 -0.9093907 0.3760718 0.1777036 -0.8974589 0.3763032 0.2301379 -0.8835683 0.4229524 0.2010432 -0.8835683 0.4229524 0.2010432 -0.8619603 0.4125743 0.2946302 -0.8619452 0.4126017 0.2946359 -0.8056404 0.4584382 0.375204 -0.8619725 0.4125547 0.2946219 -0.8626911 0.3381565 0.376051 -0.9114982 0.2869838 0.2946375 -0.9114964 0.2870075 0.2946199 -0.911494 0.2870197 0.2946155 -0.911494 0.2870197 0.2946155 -0.8821404 0.275713 0.3818516 -0.786554 0.2449016 0.5668828 -0.7835027 0.2421172 0.5722785 -0.6273454 0.2471763 0.7384725 -0.6485197 0.1587709 0.7444555 -0.7447251 0.3602645 0.5617776 -0.7413231 0.3566043 0.5685713 -0.6273031 0.3028918 0.717459 -0.5465142 0.2615616 0.795555 -0.4995636 0.1809745 0.8471626 -0.5373176 0.1354921 0.8324252 -0.4883029 0.08051847 0.8689517 -0.4780639 0.1046168 0.8720724 -0.4911088 0.04647186 0.8698577 -0.4832474 0.06188536 0.8732939 -0.5345559 0.1231254 0.8361161 -0.4637955 0.1630408 0.8708108 -0.5072323 0.2436807 0.8266409 -0.5456794 0.2619722 0.7959928 -0.5456794 0.2619722 0.7959928 -0.6047154 0.09374214 0.7909056 -0.5972505 0.09866336 0.7959631 -0.4927296 0.0002303256 0.8701824 -0.4893226 -0.009640835 0.8720496 -0.4151133 -0.04076918 0.9088558 -0.6137834 0.101816 0.7828815 -0.8152713 0.1355086 0.563001 -0.8568976 0.1415049 0.4956842 -0.9140583 0.1509578 0.3764427 -0.9428408 0.1557143 0.2946255 -0.9428421 0.1557253 0.2946157 -0.613262 0.02375979 0.7895221 -0.5588327 -0.01777191 0.82909 -0.4933005 -0.0589873 0.8678566 -0.4813615 -0.08838838 0.8720543 -0.487574 -0.07325363 0.8700032 -0.4754535 -0.1024735 0.8737523 -0.3620267 -0.1149786 0.9250495 -0.2435817 -0.02698007 0.9695051 -0.3627546 0.03224784 0.9313266 -0.2146741 -0.1731572 0.9612136 -0.07601966 -0.1851883 0.9797583 0.08336698 -0.2654585 0.9605112 0.1261228 -0.2414906 0.9621722 0.1261228 -0.2414906 0.9621722 0.2503784 -0.3480902 0.9034068 0.2503784 -0.3480902 0.9034068 0.03325878 -0.1982674 0.9795835 0.06862369 -0.277765 0.9581949 -0.02782736 -0.04801403 0.998459 -0.09109926 -0.06686391 0.9935946 0.007580981 -0.02514781 0.999655 0.007580981 -0.02514781 0.999655 0.06400351 -0.2346604 0.9699681 0.06400351 -0.2346604 0.9699681 0.1205446 -0.1459966 0.9819134 0.1223379 -0.2189952 0.9680261 0.1590331 -0.2029048 0.9661978 0.1984965 -0.1784806 0.9637136 0.1087722 -0.1280396 0.9857862 0.1970672 -0.1753035 0.9645897 -0.5364761 -0.6259512 0.5660199 -0.01898958 -0.2851521 0.9582941 -0.01898958 -0.2851521 0.9582941 0.1431126 -0.04389377 0.9887326 0.1401864 -0.05609393 0.9885349 0.1310377 -0.06659732 0.989138 0.0942566 -0.02535345 0.995225 0.05576787 -0.002369132 0.998441 0.1341236 0.02159917 0.9907292 0.1286357 0.02423713 0.9913957 0.1499666 0.1725956 0.9735095 0.2217746 -0.1032201 0.9696193 0.2695927 0.2027647 0.9413853 0.2741511 0.2497716 0.9286847 -0.09114772 0.1063894 0.9901381 -0.1983715 0.021414 0.979893 -0.1944225 0.0223737 0.9806627 -0.1298272 0.03790505 0.9908118 -0.06871352 0.1174282 0.9907013 -0.04879151 0.1621752 0.985555 -0.02111493 0.1462949 0.9890157 -0.145439 0.1216203 0.9818635 0.03842739 0.1099548 0.9931935 0.03842739 0.1099548 0.9931935 -0.02610415 0.2518902 0.9674037 0.02174431 0.2137757 0.9766407 -0.1652503 0.1303391 0.9776012 -0.3335 0.06389887 0.9405821 -0.3407144 0.1304232 0.9310765 -0.3258551 0.1972518 0.9246135 -0.3232951 0.275927 0.9051765 -0.1529705 0.3121869 0.9376243 -0.0823734 0.265665 0.9605398 -0.05723049 0.2751285 0.9597026 -0.0362875 0.2787148 0.9596881 -0.03191433 0.3114155 0.9497378 -0.01945261 0.3596392 0.9328887 -0.05692279 0.3822688 0.9222962 -0.1284267 0.3772972 0.9171442 -0.07904043 0.3766561 0.922975 -0.04025797 0.3790798 0.9244879 -0.07146601 0.358361 0.9308437 -0.4135927 0.4541547 0.7891037 -0.3291526 0.3547911 0.8750896 -0.3773892 0.3173244 0.86999 -0.4158099 0.2554042 0.8728521 -0.4198849 0.2583105 0.8700416 -0.436083 0.2198638 0.8726348 -0.4859384 0.3886823 0.782809 -0.5038049 0.3355756 0.7959709 -0.5365182 0.4129622 0.7359418 -0.6192535 0.5107475 0.5963741 -0.6930274 0.4576248 0.5570391 -0.2119319 0.4995399 0.8399671 -0.108729 0.6138853 0.7818714 -0.7596348 0.5423327 0.3589292 -0.795368 0.5293909 0.2951864 -0.7955294 0.5287003 0.2959882 -0.7126463 0.6366513 0.2946361 -0.7126357 0.6366442 0.2946769 -0.6495582 0.6511413 0.392542 -0.7126318 0.6366742 0.2946215 -0.68101 0.6083367 0.4076173 -0.5881224 0.6602428 0.4671098 -0.6046657 0.730266 0.3179481 -0.6092163 0.7227425 0.3263414 -0.6158753 0.7306819 0.294621 -0.6158753 0.7306819 0.294621 -0.4611165 0.5326508 0.7096863 -0.3069062 0.5860395 0.7499109 -0.2041246 0.593005 0.7788955 -0.398624 0.6769503 0.6187383 -0.4717284 0.7547959 0.455802 -0.3317196 0.715895 0.6143748 -0.4217355 0.7965875 0.4331137 -0.3453267 0.7799876 0.5218897 -0.3995479 0.8870026 0.2314906 -0.3853782 0.867835 0.3136019 -0.5060709 0.8014711 0.3186476 -0.5035663 0.8050335 0.3135953 -0.5613975 0.7948206 0.2304194 -0.5192402 0.8300764 0.2033783 -0.6065332 0.7767541 0.1696189 -0.4506475 0.8731777 0.1856812 -0.3196286 0.9310809 0.1758574 -0.6060676 0.7899383 0.09316438 -0.6354002 0.7538262 0.1673696 -0.554054 0.8191265 0.1485124 -0.6769672 0.7123566 0.1851039 -0.5015767 0.8639036 0.04573261 -0.5553668 0.8311677 0.02698051 -0.5529976 0.8327721 0.02615921 -0.65918 0.7516524 0.02236844 -0.6613537 0.7497208 0.02302064 -0.7085897 0.7040498 0.04705771 -0.7515703 0.6591003 0.02699634 -0.7496546 0.6613122 0.02615591 -0.6478388 0.7471623 0.1485039 -0.7855331 0.611714 0.0935077 -0.6646603 0.725836 0.1771688 -0.7629565 0.6291453 0.1485721 -0.730824 0.6524156 0.2006246 -0.7310739 0.6521367 0.2006205 -0.8036424 0.5655183 0.1853321 -0.8312606 0.5554363 0.02228028 -0.8312615 0.5554349 0.02228068 -0.8761206 0.4770247 0.0697149 -0.8330668 0.5262449 0.1704875 -0.815745 0.542999 0.1992789 -0.8966483 0.4421825 0.02228306 -0.8966246 0.4422312 0.02226842 -0.9278651 0.3692294 0.05230694 -0.8830347 0.4256621 0.1976398 -0.8844016 0.4232896 0.1966206 -0.8795033 0.4588975 0.126044 -0.9327829 0.3329682 0.1380157 -0.938329 0.3328766 0.09344484 -0.944431 0.3031198 0.1271551 -0.9731306 0.2101151 0.09417256 -0.9805768 0.1777517 0.0829062 -0.99537 0.08204556 0.05007004 -0.9970203 0.06534705 0.04099217 -0.9976143 0.06538236 0.02215389 -0.9976144 0.06538108 0.02215445 -0.9976144 0.06538108 0.02215445 -0.9663326 0.2541526 0.04009764 -0.9466991 0.3213536 0.02219618 -0.9466899 0.3213814 0.02218638 -0.9805433 0.1950496 0.0221486 -0.9805439 0.1950462 0.02215012 -0.979962 0.1949204 0.04099353 -0.978621 0.1946537 0.0664144 0.9319055 -0.3586926 0.05377499 0.9380306 -0.3463377 -0.01219791 0.9380306 -0.3463377 -0.01219791 0.9246965 -0.3667425 0.1021585 0.9246965 -0.3667425 0.1021585 -0.8380174 -0.5058206 0.2046272 -0.8380069 -0.5058381 0.2046271 -0.8380174 -0.5058206 0.2046272 -0.7971133 -0.5760268 0.1811175 -0.799293 -0.5681418 0.1958203 -0.7232109 -0.6741016 0.1501768 -0.756 -0.6255059 0.1928896 -0.7499441 -0.6332093 0.191389 -0.6373673 -0.7606592 0.1231285 -0.8136692 -0.5699681 0.1143629 -0.5665908 -0.8186003 0.09417238 -0.5394752 -0.83791 0.08290572 -0.4995071 -0.865174 0.04434729 -0.44218 -0.8966527 0.02215161 -0.4421812 -0.8966522 0.02215105 -0.6683888 -0.7379847 0.09292429 -0.6442238 -0.7603198 0.08300338 -0.6179572 -0.7852171 0.03953513 -0.5554328 -0.8312663 0.02215158 -0.6119927 -0.7903802 0.02764401 -0.7507679 -0.6568106 0.07033768 -0.7098909 -0.6961525 0.1068953 -0.7034819 -0.7100946 0.0296448 -0.8008033 -0.5979858 0.03357218 -0.7516599 -0.6591788 0.02215096 -0.8109957 -0.5720609 0.1226065 -0.9061467 -0.3987649 0.1410135 -0.8567202 -0.4816216 0.1845837 -0.9008823 -0.3827319 0.2047616 -0.9008798 -0.3827376 0.204762 -0.9294007 -0.3516157 0.1121642 -0.9515919 -0.2488214 0.1804458 -0.9424442 -0.2661405 0.2024057 -0.9457362 -0.2519661 0.2051736 -0.9573832 -0.2565348 0.1326925 -0.9638738 -0.1963424 0.1799913 -0.9530266 -0.2384559 0.1867594 -0.9503292 -0.2531848 0.1810302 -0.8999479 -0.4257054 0.09417365 -0.8861548 -0.4559124 0.08290757 -0.8651719 -0.4995106 0.04434819 -0.8312634 -0.5554372 0.02215063 -0.8312635 -0.555437 0.02215053 -0.9030381 -0.4266323 0.05007155 -0.9380793 -0.336353 0.08290853 -0.9478122 -0.3046035 0.09417395 -0.9742958 -0.1780411 0.1380185 -0.9811032 -0.07867099 0.1767695 -0.9812283 -0.06863842 0.1802217 -0.9763273 -0.1041913 0.1895498 -0.9758254 -0.1166998 0.1847864 0.9048156 0.4244228 0.03426204 0.9127094 0.4076285 0.02829621 0.9127094 0.4076285 0.02829621 0.9542888 0.2984448 -0.01623375 0.9159637 0.3999912 0.03189827 0.9740136 0.2260608 -0.01392598 0.9858477 0.1673652 0.009657296 0.982907 0.1833757 0.01634827 0.9905395 0.1367266 0.0117218 0.9950893 0.09868657 0.007632645 0.9982802 0.05774051 0.01013343 0.9986883 0.05096446 0.004936157 0.9986536 0.05185449 0.001423922 0.983419 0.1804133 0.01838925 0.9935426 0.1088306 -0.03207911 0.9993973 0.03369403 0.008356535 0.9981104 0.0613515 -0.003416608 0.9971546 0.07210866 -0.02197717 0.9969929 0.07656828 0.01193897 0.9974814 0.05491354 -0.04489207 0.9979157 0.04399283 -0.04721004 0.9979152 0.04400113 -0.04721405 0.9979149 0.04400513 -0.04721598 0.996296 0.03670839 -0.07776105 0.9944947 0.06062514 -0.08546891 0.9946852 0.002360031 -0.1029363 0.9970292 -0.002662411 -0.07697813 0.9970292 -0.002662411 -0.07697813 0.1709035 -0.9785367 -0.1151434 0.1709035 -0.9785367 -0.1151434 0.02991864 -0.9995014 -0.01008865 0.0265445 -0.9973354 0.06795187 0.08402722 -0.974311 0.2089439 -0.01334216 -0.9999088 0.002082177 0.1546947 -0.8967579 0.4146019 0.3488668 -0.1686043 0.921881 0.1908479 -0.8729699 0.4488883 0.422784 0.01305364 0.9061365 0.1760466 -0.9094866 0.3766188 0.08885643 -0.9823682 0.1644906 0.003605697 -0.9999615 -0.008004562 0.03023634 -0.9994009 -0.01683942 0.03435693 -0.9992699 -0.01671416 0.0007149629 -0.9999956 0.002868815 -0.0005769467 -0.9999998 0.0002304478 -0.002604779 -0.999996 0.001087459 0.0864489 -0.9959806 -0.02343554 0.1809792 -0.9826591 -0.04034432 0.4097729 -0.8984162 -0.1579066 0.4234463 -0.8907564 -0.1650642 0.0005399906 -0.9999989 -0.001345489 -0.01596429 -0.9998561 0.005732545 0.03262373 -0.994601 -0.09851173 0.05080931 -0.9986344 -0.01215442 -0.07918758 -0.8040324 -0.5892887 -0.02019776 -0.9469766 -0.3206672 -0.05630021 -0.3811258 -0.9228073 -0.08244045 -0.4840392 -0.8711542 -0.01055889 -0.1960088 -0.9805453 -0.06933607 -0.7700977 -0.6341467 0.04309626 -0.8810596 -0.4710379 -0.1646574 -0.640681 -0.7499439 9.879237e-05 -1 6.49017e-05 0.1534045 -0.9511426 0.2679454 0.1565242 -0.9533132 0.258252 0.1896888 -0.9276453 0.3217022 0.06863086 -0.9932219 0.09380869 0.1068978 -0.9854193 0.1323693 0.04263432 -0.9973026 0.05974823 4.957581e-05 -0.9999999 -0.0003448802 0.1370001 -0.9772845 0.1616973 0.1169135 -0.9833738 0.1389502 0.1446502 -0.9743837 0.1721999 0.9537752 0.0001814042 0.3005208 0.9580748 0.01009652 0.2863402 0.9580748 0.01009652 0.2863402 0.9507292 0.005983612 0.3099649 0.971645 -0.022947 0.2353283 0.97491 -0.02142565 0.2215659 0.9878908 -0.01090014 0.1547671 0.9878527 -0.01194609 0.1549332 0.9890106 -0.02678661 0.1453978 0.988811 -0.02286931 0.14741 0.988811 -0.02286931 0.14741 0.9759862 -0.01704997 0.2171643 0.9777787 -0.01909452 0.2087683 0.9608743 0.002592019 0.2769727 0.9616917 0.01057366 0.2739294 -0.9365376 0.1126688 0.3319685 -0.9352462 0.1132609 0.3353901 -0.9352462 0.1132609 0.3353901 -0.9408344 0.08769562 0.3273227 -0.9315929 0.1247174 0.3414385 -0.9136081 0.1904381 0.3592403 -0.9224131 0.1520357 0.3550201 -0.9291303 0.1170924 0.3507225 -0.9383707 0.04209986 0.343057 -0.9517951 0.01749354 0.3062352 -0.9486394 0.01188558 0.3161362 -0.9537877 0.001571248 0.3004772 -0.9495903 -0.01317285 0.3132167 -0.9476537 -0.0141332 0.3189871 -0.9478652 -0.01706656 0.3182143 0.06145502 0.8373395 0.543218 0.06145502 0.8373395 0.543218 0.05175228 0.8386879 0.5421478 -0.008576121 0.8396628 0.5430404 0.04174936 0.8437823 0.5350592 0.04947228 0.8398239 0.5406 0.08869975 0.871259 0.4827424 0.04165523 0.8710574 0.4894117 -0.09537243 0.8311896 0.547748 -0.02147296 0.8590587 0.5114266 0.105468 0.8618762 0.4960302 -0.06747856 0.8538984 0.5160467 0.1997618 0.8900989 0.4096574 -0.02470694 0.9079268 0.4183999 -0.1349396 0.8330308 0.5365175 -0.1352178 0.8341017 0.5347808 -0.166903 0.8583944 0.4850799 -0.06473641 0.8709406 0.4871053 -0.2040329 0.8284081 0.5216422 -0.2070997 0.8337851 0.5117735 -0.2338757 0.86578 0.4424107 0.1426809 0.8372157 0.5279319 0.1544872 0.8249932 0.5436175 0.1864521 0.8214894 0.5388792 0.1817391 0.855836 0.4842681 0.2246011 0.829575 0.5112335 0.2295492 0.8332269 0.503031 0.3316497 0.8348804 0.4392985 0.2296683 0.8331413 0.5031184 0.2803645 0.8454137 0.4546112 0.30949 0.904214 0.294301 0.03814139 0.9977471 0.05518999 0.3048108 0.8792815 0.3659979 0.3339147 0.8588743 0.388376 0.4336254 0.8230813 0.3667508 0.1410384 0.9382852 0.3157991 0.06008192 0.9152649 0.3983469 0.4685417 0.8336882 0.2922886 0.4082433 0.8708538 0.2737719 0.4054865 0.8622209 0.3035716 -0.03707335 0.9294518 0.3670762 0.34948 0.9345985 0.06625193 -0.2223836 0.9321065 0.2858723 0.3764669 0.9011758 0.2148368 -0.08149612 0.9294515 0.3598308 -0.04494395 0.9587186 0.2807824 -0.3233741 0.850763 0.4142844 -0.32737 0.8267256 0.4575519 -0.3666869 0.8370329 0.4060992 -0.3727277 0.8262833 0.4222913 -0.3707833 0.8570638 0.3577169 -0.3554211 0.8714313 0.3380581 -0.3383414 0.872297 0.3530198 -0.4473348 0.8482006 0.2836325 -0.486399 0.8320223 0.2667486 -0.4600415 0.8264884 0.324467 -0.4841551 0.8338698 0.2650566 -0.4860551 0.8318639 0.2678673 -0.4835454 0.834509 0.2641562 -0.4339121 0.8396362 0.3266976 -0.3980671 0.8496804 0.3458118 -0.4379793 0.8460526 0.3039229 -0.3397079 0.8678179 0.3626164 -0.3655335 0.8833221 0.2934745 -0.4166719 0.8721639 0.2563489 -0.4358324 0.8679968 0.2379742 -0.3410409 0.9205962 0.1902464 -0.4823363 0.854081 0.1946726 -0.3362843 0.9314733 0.1388179 -0.4538577 0.872272 0.1820842 -0.5230092 0.8403839 0.1421837 -0.5354464 0.8270348 0.1712033 -0.5325277 0.8257511 0.1858748 -0.5053532 0.8546705 0.1189808 -0.4982415 0.854414 0.1474183 -0.4672495 0.8774026 0.1088241 -0.465318 0.8847229 0.02728722 -0.4483063 0.893138 0.03641416 -0.4734006 0.8787588 0.06062129 -0.422718 0.9062609 0.0007638848 -0.4122993 0.9108491 -0.01905886 -0.417971 0.9043275 -0.08655608 -0.3921451 0.9196687 -0.02077551 -0.333044 0.9412946 0.05519187 -0.4002561 0.9119315 0.09042134 -0.5136476 0.8560827 0.05734544 -0.4814984 0.8707118 0.1001008 -0.2841598 0.9579984 0.03862964 -0.3102155 0.9491082 -0.05440603 -0.3236396 0.9378425 0.1253352 -0.1667135 0.9722918 0.1638757 -0.09558733 0.9675594 0.233863 -0.2543885 0.9613603 -0.1052277 0.102749 0.9706676 0.2173639 0.01104606 0.958502 0.2848718 -0.3236641 0.9412722 -0.09616708 -0.3673045 0.9252806 -0.09456813 -0.246313 0.9603249 -0.13079 -0.1940742 0.9550131 -0.2242436 -0.2358253 0.9455619 -0.2242745 -0.3545681 0.9241115 -0.1424763 -0.3398635 0.9252471 -0.1685544 -0.3496222 0.9253268 -0.146747 -0.3294083 0.9232317 -0.1978216 -0.3296197 0.9220415 -0.2029542 -0.3448939 0.9056849 -0.2465421 -0.04123813 0.9298321 -0.365666 -0.07345346 0.9690447 -0.2357053 0.06351463 0.9603214 -0.2715671 0.1773743 0.9370193 -0.3008874 -0.2520381 0.9038862 -0.3456393 -0.3146137 0.8922408 -0.3239205 -0.3747589 0.8485561 -0.3735082 -0.341423 0.85867 -0.3822514 -0.2518342 0.8674636 -0.429053 -0.2248882 0.8704874 -0.4378093 -0.1768523 0.8693498 -0.4614695 -0.1787737 0.8943771 -0.410036 -0.09828704 0.8480983 -0.5206429 -0.1410682 0.8184956 -0.5569243 -0.1851563 0.8404815 -0.5092229 -0.1483489 0.8496737 -0.5060111 -0.2486951 0.8261926 -0.5055259 -0.2468835 0.8278187 -0.5037507 -0.2387989 0.8349599 -0.4957994 0.06894261 0.8387281 -0.5401686 -0.03712267 0.8487868 -0.5274305 -0.03252308 0.8695561 -0.492762 0.07042165 0.752265 -0.6550864 0.031571 0.8193029 -0.5724911 0.1754222 0.8054623 -0.5660897 0.1537684 0.8219928 -0.5483457 0.1741438 0.4070774 -0.8966393 0.3193913 0.5890099 -0.7423318 0.3228287 0.9095162 -0.2618434 0.4631116 0.7129172 -0.5265707 0.3171466 0.935537 -0.1555268 0.4040171 0.8174143 -0.4106143 0.377422 0.8300562 -0.4105598 0.4244465 0.8165821 -0.3912017 0.3315182 0.9084111 -0.2547253 0.2914859 0.9548954 -0.05666297 0.4260841 0.8468848 -0.31818 0.1784998 0.9729792 -0.1464561 0.4946825 0.8384337 -0.2287317 0.4660921 0.8232383 -0.3240938 0.4290884 0.8371702 -0.3391595 0.4777511 0.8347011 -0.2739123 0.5294907 0.8180472 -0.224585 0.5223239 0.8326302 -0.1841323 0.4731149 0.8611229 -0.1860904 0.5139669 0.8468487 -0.1366942 0.5057015 0.8419293 -0.1882051 0.5586204 0.8146406 -0.1558974 0.5581967 0.8146408 -0.1574062 0.2263763 0.9712197 0.07406802 0.2726296 0.9259944 0.2611657 0.3694379 0.9255257 -0.08317322 0.5426429 0.8399436 0.005778052 0.5011707 0.8625026 -0.07012194 0.6044164 0.7966645 -0.002554072 0.5421129 0.8371317 0.07296612 0.4893474 0.8693109 0.06955323 0.5048128 0.8532192 0.1310762 0.435726 0.8840631 0.1690424 0.4711275 0.8691825 0.150202 0.4960522 0.8394185 0.2220557 0.5073667 0.8446932 0.1705062 0.4876469 0.8483571 0.206133 0.4391275 0.8693904 0.2265555 0.4387784 0.8709372 0.2212282 0.430852 0.8432712 0.3213411 0.4256663 0.8413103 0.3331745 0.4460354 0.8282479 0.3392018 0.4578283 0.8203639 0.3426315 0.002873165 0.999942 0.0103808 -0.02469938 0.9858942 0.1655371 0.1319943 0.9863624 0.09831931 -0.0721823 0.986327 0.1481508 0.1560233 0.9867423 0.0446809 -0.1120736 0.9868769 0.1162472 0.1583808 0.9873453 -0.00804602 -0.1400009 0.9874378 0.07325576 0.1402025 0.9881823 -0.06195927 -0.1503445 0.9885862 0.009691393 0.1095512 0.9885802 -0.1034783 -0.1367297 0.9888258 -0.05940184 0.06876306 0.98899 -0.1310363 -0.09708561 0.9891645 -0.110127 0.0219771 0.9892423 -0.1446261 -0.03696201 0.989493 -0.1397761 -0.3140212 -0.0002675234 -0.9494159 -0.3562881 -0.001800925 -0.9343744 -0.3562881 -0.001800925 -0.9343744 -0.2777773 0.09766032 -0.9556685 -0.2816003 0.04993129 -0.9582318 -0.286791 -0.03508811 -0.9573504 -0.5903949 -0.4093856 -0.6955842 -0.3527352 0.5346646 -0.7679269 -0.4510907 -0.428968 -0.7826261 -0.5813266 -0.4380291 -0.685704 -0.7254835 -0.4114425 -0.5517143 -0.09281856 0.3613329 -0.9278056 -0.09281856 0.3613329 -0.9278056 -0.0387912 0.3357675 -0.9411458 -0.09374621 0.3319125 -0.9386404 -0.045251 0.3581373 -0.9325717 0.0445781 0.3255502 -0.9444733 0.04502184 0.3610677 -0.9314522 0.1065022 0.3370486 -0.935444 -0.01861941 0.2872903 -0.9576626 0.05213464 0.259042 -0.964458 -0.08280172 0.2699106 -0.9593186 -0.08740235 0.2609132 -0.9613975 0.000518675 0.9999998 0.0002505779 0.001093023 0.9999992 0.0006575839 0.004115327 0.9999876 0.002799311 0.003017547 0.9999931 0.0021454 -0.0003961059 0.9999992 0.00120747 -0.0003521692 0.9999999 0.0002053452 -0.02719386 0.9989752 -0.03618102 -0.00890291 0.9998874 -0.01208137 -0.04335889 0.9976478 -0.05309232 -0.02269459 0.9996452 -0.0139466 0.0001900685 1 -0.0001303847 0.0002044341 1 -5.734088e-05 0.0003476531 0.9999999 1.790199e-05 0.000122379 1 0.0002500646 -0.000811627 0.9999989 0.00127556 -0.001317769 0.9999976 0.001777387 -0.001301723 0.9999975 0.001815409 4.953208e-05 1 -0.0001629016 0.0001988509 1 -3.130556e-05 0.0001334691 1 -8.892717e-05 0.0005188118 0.9999998 0.0002506789 -0.01347042 -0.004587328 -0.9998987 0.01463172 -0.003209929 -0.9998878 -0.009448948 -0.00439041 -0.9999457 0.01806369 -0.003041501 -0.9998322 0.1203225 -0.07682522 -0.9897577 0.0003764282 -0.01082105 -0.9999414 -0.02592659 0.003679742 -0.9996571 -0.0368601 0.009710185 -0.9992733 -0.01479799 -0.01874615 -0.9997148 0.004293106 -0.01287542 -0.9999079 -0.005724532 -0.01595666 -0.9998563 0.0136176 -0.01000597 -0.9998572 -0.9162357 0.1175542 -0.3830053 -0.9140031 0.1164135 -0.3886467 -0.8838387 0.1020862 -0.4565168 -0.881919 0.1012307 -0.4604033 -0.9397194 0.0384997 -0.3397722 -0.946104 0.04093102 -0.321266 -0.990806 0.08859476 0.1022473 -0.9774432 0.09646995 0.1878785 -0.9343786 0.2544678 -0.2493648 -0.9507929 0.2714631 -0.1493337 -0.9515798 0.2725655 -0.1421406 -0.9169927 0.3180091 -0.2408205 -0.9049622 0.3479223 -0.2449358 -0.8762678 0.3982048 -0.2712703 -0.8899987 0.4502628 0.07187248 -0.8686636 0.3942129 -0.3000328 -0.9683245 0.1128672 -0.2227298 -0.9763633 -0.08422855 -0.1990483 -0.9770183 -0.07139264 -0.2008439 -0.9607659 0.1791955 -0.2117024 -0.9394852 0.1814338 -0.2906018 -0.9604065 0.1819939 -0.2109445 -0.9238911 0.169516 -0.3430591 -0.8855121 0.1436258 -0.4418597 -0.9765717 -0.08382162 -0.1981959 -0.9623737 0.1992864 -0.1847211 -0.9773764 -0.0743698 -0.1980014 -0.9612407 0.2050813 -0.184277 -0.9344515 0.3337662 -0.1240985 -0.9369765 0.3265442 -0.124274 -0.9726992 0.1947726 -0.1261737 -0.9731339 0.1925819 -0.1261852 0.8707822 -0.4679769 -0.1507843 0.848369 -0.4863682 -0.2090838 0.8665666 -0.4718393 -0.1625734 0.8412688 -0.4912681 -0.2256601 0.4901968 -0.4122355 -0.7679642 0.8654876 -0.3908665 -0.3132964 0.5047071 -0.413765 -0.7576736 0.8720571 -0.3881494 -0.2980878 -0.8304035 0.2422253 0.5017538 0.1015666 0.1678368 0.9805687 0.08927022 0.1701661 0.9813635 -0.09484454 0.05753221 0.9938282 -0.05654257 0.04798916 0.9972462 -0.2411505 0.0480434 0.9692978 -0.246845 0.04801783 0.9678646 -0.8161051 0.3915113 0.4250781 -0.7941247 0.3979964 0.4593091 0.3496387 0.2379826 0.9061551 0.3751801 0.2278408 0.8985146 -0.4907441 0.07818263 -0.8677889 0.4444297 -0.08866398 -0.8914151 -0.4850724 0.07713737 -0.8710652 0.4718638 -0.0933946 -0.8767109 -0.3798363 0.0118854 -0.9249774 8.13318e-05 0.001179881 -0.9999993 -0.3690481 0.01158404 -0.9293381 0.008863906 0.0009303046 -0.9999603 -0.06034878 0.2263785 -0.9721681 -0.3870709 0.2521126 -0.8869134 -0.3558074 0.2508171 -0.9002732 -0.1155461 0.1609415 -0.980177 -0.1326866 0.1499943 -0.9797428 -0.1313037 0.144453 -0.9807613 -0.2863995 0.1249278 -0.9499307 -0.318067 0.1818686 -0.9304608 -0.4694801 0.04850859 -0.8816095 -0.2610455 0.1150848 -0.9584418 -0.5054218 0.03585537 -0.8621271 -0.3616742 0.1042161 -0.9264614 -0.4514394 0.085849 -0.8881624 -0.6218442 0.04543539 -0.7818218 -0.7763652 -0.0002988568 -0.6302833 -0.5070465 0.1795115 -0.8430181 -0.4561413 0.1706461 -0.8733928 -0.1813338 0.1179269 -0.9763254 -0.09718818 0.07160065 -0.9926872 -0.3581989 -0.01350615 -0.9335476 -0.1145526 0.02620701 -0.9930714 -0.3841617 -0.01791873 -0.9230919 -0.4513623 0.2233192 -0.8639448 -0.4680042 0.2086662 -0.8587377 -0.454674 0.2204289 -0.86295 -0.5042117 0.247813 -0.8272601 -0.5429628 0.2394224 -0.8049027 -0.2455696 0.4171483 -0.8750331 -0.2643035 0.4720135 -0.8410392 -0.2406896 0.452601 -0.8586157 -0.2940655 0.4974791 -0.8161127 -0.9939595 -0.003640773 0.1096867 -0.9974396 0.03436205 0.06271764 -0.9966167 0.02080994 0.07951142 -0.9978137 0.05098903 0.04204625 -0.9999615 0.0001891694 0.00876883 -0.9999828 0.002008522 0.005509753 -0.9999683 0.0006532042 0.007937598 -0.9999855 0.002385744 0.004834006 -0.8520697 -0.444098 0.2770454 -0.9242302 -0.365912 0.1091189 -0.8795292 -0.4203342 0.2230417 -0.9396658 -0.3377562 0.05430472 -0.619865 -0.7557916 0.2110603 -0.8517588 -0.5236358 0.01767864 -0.7408558 -0.6601824 0.1236603 -0.9172764 -0.3916776 -0.07206046 -0.9984564 0.0007357715 -0.05553595 -0.9986502 0.0005750122 -0.05193688 -0.9990413 -0.003685059 0.04362271 -0.9988132 -0.003904206 0.04854821 0.9924393 0.08329635 -0.0901446 0.671741 0.1283464 -0.729583 0.9910382 0.08461514 -0.1033612 0.6609675 0.128595 -0.7393141 0.989174 0.1467361 0.001835557 0.9893406 0.1455462 0.004630993 0.9896218 0.1433661 0.009744407 0.9897582 0.1422102 0.01245127 0.9938801 -0.1097546 0.0124991 0.9972376 -0.07102879 0.0217276 0.9990267 -0.0312318 0.03114737 0.9992829 -0.003308245 0.03771827 0.9990753 0.03862079 0.01889226 0.9991737 0.03599987 0.01886368 0.999748 0.01256704 0.01860245 0.9998236 0.003274429 0.01849605 0.9966074 0.08107761 0.01414953 0.9958584 0.09078414 0.004923121 0.9947371 0.1022826 -0.006027819 0.9969402 0.0772956 0.01164511 0.9982754 0.05862218 0.003099236 0.9991908 0.04010255 0.003086582 0.9995888 -0.02860315 0.002017542 0.9996881 -0.02490579 -0.001819965 0.9979115 -0.06403805 -0.008472753 0.9979079 -0.0636011 -0.01160787 0.9835585 0.1802047 0.01178512 0.9814588 0.1915541 0.00676151 0.9825327 0.1858581 0.009284547 0.9807723 0.1950867 0.005194923 0.9551761 0.2955191 0.01752453 0.9595819 0.2803313 0.0248383 0.9517824 0.3065315 0.01219084 0.9221444 0.3866529 0.01221712 0.9015138 0.4326006 0.01138374 0.8939015 0.4478783 0.01857676 0.8961138 0.4435086 0.01673884 0.8950707 0.4457604 0.01208858 0.8799251 0.474625 0.02151437 0.9789077 -0.1947166 0.06184725 0.9784808 -0.1966279 0.06255154 0.9787989 -0.1952056 0.06202742 0.9783291 -0.1973025 0.06280013 0.8252936 0 0.5647039 0.8431915 -0.00499682 0.5375901 0.8107456 0 0.5853986 0.779432 -0.003563151 0.6264767 0.8098379 -0.002718449 0.5866474 0.8696813 -0.006846843 0.4935661 0.7415894 -0.006556237 0.670822 0.8817916 -0.003283854 0.4716277 0.7237428 -0.004724081 0.6900537 0.8955731 -0.001634749 0.4449113 0.9072105 -0.004552169 0.4206524 0.6864569 -0.001874552 0.7271681 0.7015361 -0.001101832 0.712633 0.6800605 -0.006242604 0.7331295 0.6719829 -0.00921074 0.7405094 0.6743758 -0.005823781 0.7383653 0.9122321 -0.002543382 0.4096659 0.9122321 -0.002543382 0.4096659 0.9130084 -0.006607672 0.4078871 0.9141058 -0.009337508 0.4053683 0.9117252 -0.007695276 0.4107285 0.9109554 -0.00694448 0.4124464 0.9991998 0.03998793 -0.0008427444 0.9951776 0.08328465 0.05181844 0.9985113 0.05259188 0.01446346 0.9929227 0.09699081 0.06853748 0.9856784 0.02606946 -0.166609 0.9893416 0.04153601 -0.1395632 0.9883542 0.03694166 -0.147619 0.9910621 0.05073548 -0.1233772 0.970948 0.05687266 -0.2324337 0.9742389 0.04451479 -0.2210815 0.9735099 0.04734785 -0.2236887 0.9775192 0.03095207 -0.2085619 0 0.9479319 0.318473 -8.141091e-09 0.9479319 0.318473 -3.349116e-08 0.9479319 0.318473 -4.143575e-08 0.9479319 0.318473 4.143575e-08 -0.947932 0.3184729 -0.01811565 -0.9496061 0.3129219 -0.06764965 -0.9524299 0.2971547 -0.09283018 -0.9528762 0.2888071 1.136352e-07 0.3184713 -0.9479325 9.952027e-08 0.3184713 -0.9479325 5.522225e-08 0.3184714 -0.9479325 4.143573e-08 0.3184714 -0.9479325 -4.143573e-08 0.3184714 0.9479325 -3.349967e-08 0.3184714 0.9479325 -8.125484e-09 0.3184714 0.9479325 0 0.3184714 0.9479325 0 -1 0 0 -1 0 0 -1 0 0 -1 0 -0.3319669 0.8220156 -0.4626968 -0.3236582 0.8284139 -0.4571387 -0.300829 0.8452258 -0.4416959 -0.293445 0.8504283 -0.4366484 0.2289579 -0.1076871 -0.9674615 0.01584629 0.03080982 -0.9993996 0.02251484 0.01518621 -0.9996312 -0.02461922 0.0003224252 -0.9996968 -0.03741315 0.04278319 -0.9983836 -0.000725349 0.07061171 -0.9975036 -0.9100441 0.354046 -0.2155715 -0.9187075 0.3123354 -0.2417088 -0.9523249 0.110184 -0.284494 -0.9825545 0.1241722 -0.1384482 -0.9875173 0.148857 -0.05149019 -0.9870008 -0.1244639 -0.1016764 -0.9879475 -0.1162906 -0.1021582 -0.9593113 0.2571082 -0.1166925 -0.9911778 0.0007462697 -0.132537 -0.9911101 -0.006977729 -0.132861 0.9360328 -0.04935934 0.3484341 0.9208314 -0.05493813 0.3860717 0.8091303 -0.1567001 0.5663509 0.8834482 -0.09103496 0.4595997 0.5215244 -0.2920858 0.8016846 -0.9999996 0.00053146 -0.0006826442 -0.9999996 0.0004716545 -0.000726735 -0.9999894 -0.003363158 0.003145936 -0.9992586 -0.02686374 0.02757815 -0.9988317 -0.03366303 0.0346715 0.9759398 0.0167655 0.2173948 0.9754416 0.01771762 0.2195446 0.9666361 0.01831839 0.2554979 0.975058 0.01844326 0.2211824 0.9555796 0.005740575 0.2946773 0.9612702 0.002900036 0.2755924 0.9653843 -0.0121581 0.2605483 0.9227997 0.002885418 0.3852694 0.9315002 0.01554676 0.3634084 0.9242307 -0.02481233 0.3810276 0.9234559 -0.019713 0.3831978 0.9180286 0.01180221 0.3963385 -0.938151 0.1141587 0.3268647 -0.9448897 0.1111331 0.3079494 -0.9568357 0.08506367 0.2779023 -0.9581857 0.08344287 0.2737107 -0.9601511 0.06298569 0.2722913 0.976093 -0.04387621 0.2128785 0.9754866 -0.04405141 0.2156047 0.9745475 -0.009241835 0.2239905 0.9767719 0.008636339 0.2141074 0.9820524 0.05559917 0.1802272 -0.004168337 -0.9997079 0.02380587 -0.001090168 -0.9996361 0.02695254 -0.002926771 -0.999863 0.01628942 -0.006900155 -0.999965 0.004728792 0.00309949 -0.9999452 0.01000218 -0.001228107 -0.9999991 0.0005297463 -0.009060314 -0.9999501 -0.004201794 0.004761648 -0.9999886 -0.0001914912 -0.008739068 -0.9999613 0.0009817181 0.0002931547 -0.9999999 0.0001421797 6.648917e-05 -1 -0.0001220533 0.0001375215 -1 2.654298e-05 2.707524e-06 -1 1.661707e-06 8.844641e-07 -1 6.867429e-07 5.497414e-05 -1 3.45989e-05 5.93847e-05 -1 3.113317e-05 2.590811e-05 -1 3.94701e-05 -0.009505207 -0.99995 0.003118861 -0.0001176325 -1 -9.345543e-05 0.0002840267 -0.9999986 0.001673973 -0.0002220184 -1 -0.0001107314 -0.000219986 -0.9999999 0.000370287 0.0001869056 -1 0.0001199255 -0.0011167 -0.9999982 0.001556585 0.0002190198 -1 0.0001275933 -0.0004878845 -0.9999994 -0.0009943031 -0.005268556 -0.9999809 -0.003231729 -0.0007401915 -0.9999997 -0.0002193691 0.001265854 -0.9999988 0.0008955342 0.002373695 -0.9999972 0.0001017848 0.0003367556 -0.9999998 0.0006067697 0.004558335 -0.9999883 -0.001595813 2.468535e-06 -1 1.665962e-06 0.006046807 -0.9999679 0.005255244 6.492555e-08 -1 -8.127396e-08 -0.0006938841 -0.9999998 8.574551e-05 0.0008819265 -0.9999994 -0.0007111919 0.02102321 -0.9997773 0.001828392 7.234668e-08 -1 -7.438143e-08 0.01473596 -0.9998878 0.002683453 7.789776e-08 -1 -6.886283e-08 0.01370137 -0.9999046 0.001774689 8.101184e-08 -1 -6.522055e-08 0.006362405 -0.9999795 0.0007337139 8.947012e-08 -1 -5.354505e-08 0.8064676 -0.5894909 0.04594009 9.86955e-08 -1 -3.974433e-08 -0.9590249 -0.2801181 -0.04248671 -0.9626745 -0.2672525 -0.0428245 -9.876126e-06 -1 6.51444e-06 0.001769396 -0.9999937 0.003090972 0.002870061 -0.9999837 0.004936551 -0.001137107 -0.9999982 -0.001496269 -0.002164635 -0.9999936 -0.002848297 4.331406e-08 -1 1.523639e-10 4.356126e-08 -1 2.152337e-10 4.224514e-08 -1 -6.967422e-10 3.933465e-08 -1 -3.501351e-09 4.485168e-08 -1 5.579439e-10 4.613945e-08 -1 1.687465e-09 4.086172e-08 -1 -1.421194e-09 4.128218e-08 -1 -1.233209e-09 4.358429e-08 -1 1.810641e-09 4.458117e-08 -1 -2.966517e-10 3.556898e-08 -1 -4.014568e-09 4.424556e-08 -1 7.022979e-10 5.661673e-08 -1 7.74716e-09 4.322001e-08 -1 -1.631863e-09 3.255508e-08 -1 -9.605709e-09 4.691588e-08 -1 2.85314e-09 3.311055e-08 -1 -1.077195e-08 5.283683e-08 -1 1.190715e-08 4.897044e-08 -1 6.722316e-09 4.087213e-08 -1 -5.701782e-09 2.439488e-08 -1 -3.387434e-08 1.160701e-07 -1 1.53407e-07 0 0.0002830944 -1 0.0001423369 0.0001429388 -1 -0.1220741 -0.1203662 -0.9851954 -0.2089701 -0.2060785 -0.9559619 -0.4261022 -0.419881 -0.8013344 -0.5155915 0.845984 -0.1359281 -0.5169373 0.8484591 -0.1135471 -0.5170518 0.8491521 -0.1076944 -0.5176117 0.8501862 -0.09623741 -0.495651 0.8666912 -0.05636001 -0.5297914 0.8465346 -0.05196457 -0.528628 0.8477619 -0.04303836 0.09167396 0.9957778 -0.004741822 -0.3397936 0.9404294 -0.01152436 -0.395809 0.9157246 0.06916447 -0.4726964 0.8764568 -0.0915505 -0.4519037 0.8817841 -0.1350549 -0.4376372 0.8846825 -0.1606563 -0.4587235 0.8650499 -0.203129 -0.4256463 0.8838322 -0.1940772 -0.4204635 0.882475 -0.2108275 -0.4937422 0.8534944 -0.1666312 -0.494507 0.8523895 -0.1699853 -0.4873929 0.8488524 -0.2046893 -0.4707818 0.8402511 -0.2689657 -0.4511167 0.8493308 -0.2741003 -0.4613995 0.831539 -0.3092788 -0.4477891 0.8379736 -0.3119056 -0.3909231 0.8529336 -0.3459529 -0.3917166 0.8619839 -0.3217792 -0.3918485 0.8607318 -0.3249547 -0.3751811 0.8484014 -0.3734356 -0.4079496 0.8752767 -0.2597455 -0.545428 0.8348415 0.0744848 -0.5484166 0.8307749 0.0951436 -0.5622748 0.8178496 0.122348 -0.5326984 0.8463027 0.002014144 -0.5284092 0.8489839 0.003161435 -0.525733 0.8501795 -0.02827864 -0.9553987 0.06840961 -0.2872864 -0.9901104 0.03903198 -0.1347512 -0.9643137 0.06293915 -0.2571727 -0.9815183 0.02955479 -0.1890722 -0.9811667 0.02577407 -0.1914355 -0.9251805 0.3395764 -0.1694959 -0.9864234 0.003916641 -0.1641754 -0.986486 -0.006699563 -0.1637086 -0.05260077 0.9985641 -0.01014044 -0.08455561 0.9963017 -0.01527096 -0.08409102 0.9963422 -0.0151964 -0.04146344 0.9991207 -0.006218268 -0.0416618 0.999111 -0.006444916 0.0246228 0.9996934 0.002610864 0.0249234 0.9996859 0.002643919 -0.4013274 0.1263316 -0.9071806 -0.3834517 0.1881382 -0.9041951 -0.4002398 0.1871776 -0.8970912 -0.4521493 0.1656292 -0.8764291 -0.3947234 0.1112069 -0.9120452 -0.3164361 0.08963777 -0.9443692 -0.2744096 0.1134002 -0.954903 -0.4688541 0.004231663 -0.8832655 -0.4823031 -0.003383877 -0.8759979 -0.3810683 0.05109535 -0.9231339 -0.3618937 0.08438105 -0.9283926 -0.444672 0.1748651 -0.8784583 -0.3593168 -0.3949257 -0.8455325 -0.2757822 0.252039 -0.9275885 -0.267606 0.3025859 -0.9147835 -0.2546315 0.2297098 -0.9393595 -0.1245695 -0.1109559 -0.9859874 -0.06147019 -0.1369496 -0.9886689 -0.2378506 0.2188873 -0.9463168 -0.3898766 0.2998329 -0.8706874 0.004756871 0.9999887 0.0002460002 0.002235275 0.9994866 -0.03196068 0.02327408 0.9994093 0.02528572 -0.0004668328 0.9999144 -0.01307609 0.0001987649 0.9999998 0.0005260353 -0.000167174 1 0.0001402284 -0.001241485 0.9999991 -0.000520599 -0.0004091364 0.9999997 0.0007125615 0.0005547309 0.9999984 0.001719007 0.001297379 0.9999961 0.002460417 0.003671993 0.999982 0.004736768 -0.002255378 0.9999189 -0.01253363 -0.005452081 0.9997544 -0.021481 -0.9998297 0.007482129 -0.01686708 -0.9999745 0.007125149 -0.0005074984 -0.9999029 0.005067819 -0.01298429 -0.9998817 0.01456302 0.004954675 -0.9996455 0.02438928 0.01068217 0.9893665 0.003099197 0.1454106 0.9878238 0.01661538 0.1546872 0.9876491 0.03716924 0.1522094 0.9854824 0.03010504 0.167087 0.9838215 0.01233022 0.1787267 0.9209317 -0.3529998 0.1651545 0.9713416 -0.1412258 0.1911828 0.9706791 -0.1463105 0.190723 0.9892005 0.05554574 0.1356355 0.9301481 -0.35029 0.1100976 0.9967614 0.02610306 0.07606128 0.9909856 -0.1162223 0.06663198 0.9954049 -0.06896677 0.06642849 0.9953147 -0.06874808 0.06798785 0.9944721 -0.07680469 0.07159797 0.4425771 -0.1559098 0.8830729 0.6248555 -0.08488987 0.7761116 0.3245426 -0.1444727 0.9347726 0.440213 -0.08358721 0.8939942 0.4486848 -0.06486584 0.8913329 0.4560433 -0.08104891 0.8862593 0.493389 0.1288033 0.8602192 0.5253779 0.09037229 0.8460561 0.3063083 0.3529972 0.8840634 0.396983 0.4444302 0.8030481 0.2813231 0.2526354 0.9257606 0.2804489 0.2571881 0.9247717 0.2664749 0.325257 0.9073032 0.9989224 0.04404345 -0.01463341 0.9993272 0.02827617 0.02335919 0.9991928 0.04013227 0.001787846 0.999765 0.01701307 0.01343868 0.9999069 0.01143551 0.007450312 0.9965712 0.0817386 0.01282773 0.9980371 0.04894091 0.0390736 0.9983139 0.05221901 0.02534823 0.9944364 0.1016285 0.0277103 0.9888083 0.1472116 0.02422586 0.9940356 0.0985576 0.04668715 0.9912891 0.1268191 0.03553593 0.9835855 0.1798678 0.01438881 -0.8013203 0.1527622 -0.5784025 -0.8110333 0.1565203 -0.5636722 -0.963355 0.2642638 0.04595494 -0.9669466 0.2500172 0.05005728 -0.9641792 0.2576595 0.06300789 -0.9590638 0.2734152 0.07376195 -0.1950409 0.980542 0.02228091 -0.1979148 0.9799478 0.02306642 -0.253984 0.9657894 0.05237395 -0.3213234 0.946585 0.02698232 -0.3186174 0.9475223 0.02616031 -0.1096067 0.9833648 0.1448449 -0.3808902 0.9199264 0.09304867 -0.3238234 0.9343884 0.1485151 -0.4317378 0.8896886 0.148515 -0.4447703 0.8953488 0.023018 -0.4421783 0.8966483 0.02236688 -0.3014597 -0.9068182 0.2946231 -0.2616974 -0.9372714 0.2302972 -0.3014598 -0.9068178 0.2946242 -0.3014619 -0.9068186 0.2946196 -0.2203849 -0.8919025 0.3948929 -0.1711938 -0.9398318 0.29565 -0.1720265 -0.9399935 0.2946509 -0.3090782 -0.9297347 0.2001599 -0.1493841 -0.9784093 0.1428275 -0.05296317 -0.9816482 0.1831986 -0.2332344 -0.963373 0.1323415 -0.1777562 -0.980576 0.08290602 -0.08204705 -0.99537 0.05006899 -0.08117364 -0.9923525 0.09299074 1.534607e-07 -0.9990162 0.044347 -0.048244 -0.995392 0.08286945 0.1303977 -0.9904695 0.04434703 0.06538734 -0.9976141 0.02215166 0.06538726 -0.9976141 0.02215162 0.195041 -0.9805449 0.02215147 0.1950414 -0.9805448 0.02215167 0.2585648 -0.9649754 0.04434733 0.3213603 -0.9466978 0.02215218 0.3213606 -0.9466978 0.02215229 0.3823074 -0.9229704 0.0443474 0.08209139 -0.9931705 0.08290581 0.04893572 -0.9943525 0.09417259 0.003423192 -0.9915018 0.1300478 0.1293721 -0.9826777 0.1326928 0.1782773 -0.9794634 0.09417318 0.2097135 -0.9694592 0.1271574 0.2110254 -0.9739583 0.08290613 0.3045973 -0.9478143 0.09417291 0.4421807 -0.8966524 0.02215256 0.4421808 -0.8966523 0.0221526 9.611545e-08 1.211095e-15 -1 0 0 -1 0 0 -1 0 0 -1 0 0 -1 0 0 -1 0 0 -1 0 0 -1 0 0 -1 0 0 -1 0 0 -1 0 0 -1 0 0 -1 0 0 -1 0 0 -1 0 0 -1 0 0 -1 0 0 -1 0 0 -1 0 0 -1 6.317946e-07 8.233703e-07 -1 7.53549e-07 7.633247e-07 -1 2.503069e-07 -1.036801e-07 -1 2.616986e-07 -7.012196e-08 -1 2.686122e-07 -3.536363e-08 -1 2.709302e-07 8.050836e-17 -1 2.686122e-07 3.536363e-08 -1 2.616985e-07 7.012201e-08 -1 2.503069e-07 1.036802e-07 -1 7.535483e-07 -7.633236e-07 -1 6.317935e-07 -8.233687e-07 -1 0 0 -1 0 0 -1 0 0 -1 0 0 -1 0 0 -1 0 0 -1 0 0 -1 0 0 -1 0 0 -1 0 0 -1 0 0 -1 0 0 -1 0 0 -1 0 0 -1 0 0 -1 0 0 -1 0 0 -1 0 0 -1 0 0 -1</float_array>
          <technique_common>
            <accessor count="6820" source="#normals-array-array" stride="3">
              <param type="float" name="X"/>
              <param type="float" name="Y"/>
              <param type="float" name="Z"/>
            </accessor>
          </technique_common>
        </source>
        <source id="texcoords-array">
          <float_array count="13640" id="texcoords-array-array">0.5489583 0.3794643 0.5489583 0.3794643 0.5489583 0.3794643 0.5489583 0.3794643 0.5489583 0.3794643 0.5489583 0.3794643 0.5489583 0.3794643 0.5489583 0.3794643 0.5489583 0.3794643 0.5489583 0.3794643 0.5489583 0.3794643 0.5489583 0.3794643 0.5489583 0.3794643 0.5489583 0.3794643 0.5489583 0.3794643 0.5489583 0.3794643 0.5489583 0.3794643 0.5489583 0.3794643 0.5489583 0.3794643 0.5489583 0.3794643 0.5489583 0.3794643 0.5489583 0.3794643 0.5489583 0.3794643 0.5489583 0.3794643 0.5489583 0.3794643 0.5489583 0.3794643 0.5489583 0.3794643 0.5489583 0.3794643 0.5489583 0.3794643 0.5489583 0.3794643 0.5489583 0.3794643 0.5489583 0.3794643 0.5489583 0.3794643 0.5489583 0.3794643 0.5489583 0.3794643 0.5489583 0.3794643 0.5489583 0.3794643 0.5489583 0.3794643 0.5489583 0.3794643 0.5489583 0.3794643 0.5489583 0.3794643 0.5489583 0.3794643 0.5489583 0.3794643 0.5489583 0.3794643 0.5489583 0.3794643 0.5489583 0.3794643 0.5489583 0.3794643 0.5489583 0.3794643 0.5489583 0.3794643 0.5489583 0.3794643 0.5489583 0.3794643 0.5489583 0.3794643 0.5489583 0.3794643 0.5489583 0.3794643 0.5489583 0.3794643 0.5489583 0.3794643 0.5489583 0.3794643 0.5489583 0.3794643 0.5489583 0.3794643 0.5489583 0.3794643 0.5489583 0.3794643 0.5489583 0.3794643 0.5489583 0.3794643 0.5489583 0.3794643 0.5489583 0.3794643 0.5489583 0.3794643 0.5489583 0.3794643 0.5489583 0.3794643 0.5489583 0.3794643 0.5489583 0.3794643 0.5489583 0.3794643 0.5489583 0.3794643 0.5489583 0.3794643 0.5489583 0.3794643 0.5489583 0.3794643 0.5489583 0.3794643 0.5489583 0.3794643 0.5489583 0.3794643 0.5489583 0.3794643 0.5489583 0.3794643 0.5489583 0.3794643 0.5489583 0.3794643 0.5489583 0.3794643 0.5489583 0.3794643 0.5489583 0.3794643 0.5489583 0.3794643 0.5489583 0.3794643 0.5489583 0.3794643 0.5489583 0.3794643 0.5489583 0.3794643 0.5489583 0.3794643 0.5489583 0.3794643 0.5489583 0.3794643 0.5489583 0.3794643 0.5489583 0.3794643 0.5489583 0.3794643 0.5489583 0.3794643 0.5489583 0.3794643 0.5489583 0.3794643 0.5489583 0.3794643 0.5489583 0.3794643 0.5489583 0.3794643 0.5489583 0.3794643 0.5489583 0.3794643 0.5489583 0.3794643 0.5489583 0.3794643 0.5489583 0.3794643 0.5489583 0.3794643 0.5489583 0.3794643 0.5489583 0.3794643 0.5489583 0.3794643 0.5489583 0.3794643 0.5489583 0.3794643 0.5489583 0.3794643 0.5489583 0.3794643 0.5489583 0.3794643 0.5489583 0.3794643 0.5489583 0.3794643 0.5489583 0.3794643 0.5489583 0.3794643 0.5489583 0.3794643 0.5489583 0.3794643 0.5489583 0.3794643 0.5489583 0.3794643 0.5489583 0.3794643 0.5489583 0.3794643 0.5489583 0.3794643 0.5489583 0.3794643 0.5489583 0.3794643 0.5489583 0.3794643 0.5489583 0.3794643 0.5489583 0.3794643 0.5489583 0.3794643 0.5489583 0.3794643 0.5489583 0.3794643 0.5489583 0.3794643 0.5489583 0.3794643 0.5489583 0.3794643 0.5489583 0.3794643 0.5489583 0.3794643 0.5489583 0.3794643 0.5489583 0.3794643 0.5489583 0.3794643 0.5489583 0.3794643 0.5489583 0.3794643 0.5489583 0.3794643 0.5489583 0.3794643 0.5489583 0.3794643 0.5489583 0.3794643 0.5489583 0.3794643 0.5489583 0.3794643 0.5489583 0.3794643 0.5489583 0.3794643 0.5489583 0.3794643 0.5489583 0.3794643 0.5489583 0.3794643 0.5489583 0.3794643 0.5489583 0.3794643 0.5489583 0.3794643 0.5489583 0.3794643 0.5489583 0.3794643 0.5489583 0.3794643 0.5489583 0.3794643 0.5489583 0.3794643 0.5489583 0.3794643 0.5489583 0.3794643 0.5489583 0.3794643 0.5489583 0.3794643 0.5489583 0.3794643 0.5489583 0.3794643 0.5489583 0.3794643 0.5489583 0.3794643 0.5489583 0.3794643 0.5489583 0.3794643 0.5489583 0.3794643 0.5489583 0.3794643 0.5489583 0.3794643 0.5489583 0.3794643 0.5489583 0.3794643 0.5489583 0.3794643 0.5489583 0.3794643 0.5489583 0.3794643 0.5489583 0.3794643 0.5489583 0.3794643 0.5489583 0.3794643 0.5489583 0.3794643 0.5489583 0.3794643 0.5489583 0.3794643 0.5489583 0.3794643 0.5489583 0.3794643 0.5489583 0.3794643 0.5489583 0.3794643 0.5489583 0.3794643 0.5489583 0.3794643 0.5489583 0.3794643 0.5489583 0.3794643 0.5489583 0.3794643 0.5489583 0.3794643 0.5489583 0.3794643 0.5489583 0.3794643 0.5489583 0.3794643 0.5489583 0.3794643 0.5489583 0.3794643 0.5489583 0.3794643 0.5489583 0.3794643 0.5489583 0.3794643 0.5489583 0.3794643 0.5489583 0.3794643 0.5489583 0.3794643 0.5489583 0.3794643 0.5489583 0.3794643 0.5489583 0.3794643 0.5489583 0.3794643 0.5489583 0.3794643 0.5489583 0.3794643 0.5489583 0.3794643 0.5489583 0.3794643 0.5489583 0.3794643 0.5489583 0.3794643 0.5489583 0.3794643 0.5489583 0.3794643 0.5489583 0.3794643 0.5489583 0.3794643 0.5489583 0.3794643 0.5489583 0.3794643 0.5489583 0.3794643 0.5489583 0.3794643 0.5489583 0.3794643 0.5489583 0.3794643 0.5489583 0.3794643 0.5489583 0.3794643 0.5489583 0.3794643 0.5489583 0.3794643 0.5489583 0.3794643 0.5489583 0.3794643 0.5489583 0.3794643 0.5489583 0.3794643 0.5489583 0.3794643 0.5489583 0.3794643 0.5489583 0.3794643 0.5489583 0.3794643 0.5489583 0.3794643 0.5489583 0.3794643 0.5489583 0.3794643 0.5489583 0.3794643 0.5489583 0.3794643 0.5489583 0.3794643 0.5489583 0.3794643 0.5489583 0.3794643 0.5489583 0.3794643 0.5489583 0.3794643 0.5489583 0.3794643 0.5489583 0.3794643 0.5489583 0.3794643 0.5489583 0.3794643 0.5489583 0.3794643 0.5489583 0.3794643 0.5489583 0.3794643 0.5489583 0.3794643 0.5489583 0.3794643 0.5489583 0.3794643 0.5489583 0.3794643 0.5489583 0.3794643 0.5489583 0.3794643 0.5489583 0.3794643 0.5489583 0.3794643 0.5489583 0.3794643 0.5489583 0.3794643 0.5489583 0.3794643 0.5489583 0.3794643 0.5489583 0.3794643 0.5489583 0.3794643 0.5489583 0.3794643 0.5489583 0.3794643 0.5489583 0.3794643 0.5489583 0.3794643 0.5489583 0.3794643 0.5489583 0.3794643 0.5489583 0.3794643 0.5489583 0.3794643 0.5489583 0.3794643 0.5489583 0.3794643 0.5489583 0.3794643 0.5489583 0.3794643 0.5489583 0.3794643 0.5489583 0.3794643 0.5489583 0.3794643 0.5489583 0.3794643 0.5489583 0.3794643 0.5489583 0.3794643 0.5489583 0.3794643 0.5489583 0.3794643 0.5489583 0.3794643 0.5489583 0.3794643 0.5489583 0.3794643 0.5489583 0.3794643 0.5489583 0.3794643 0.5489583 0.3794643 0.5489583 0.3794643 0.5489583 0.3794643 0.5489583 0.3794643 0.5489583 0.3794643 0.5489583 0.3794643 0.5489583 0.3794643 0.5489583 0.3794643 0.5489583 0.3794643 0.5489583 0.3794643 0.5489583 0.3794643 0.5489583 0.3794643 0.5489583 0.3794643 0.5489583 0.3794643 0.5489583 0.3794643 0.5489583 0.3794643 0.5489583 0.3794643 0.5489583 0.3794643 0.5489583 0.3794643 0.5489583 0.3794643 0.5489583 0.3794643 0.5489583 0.3794643 0.5489583 0.3794643 0.5489583 0.3794643 0.5489583 0.3794643 0.5489583 0.3794643 0.5489583 0.3794643 0.5489583 0.3794643 0.5489583 0.3794643 0.5489583 0.3794643 0.5489583 0.3794643 0.5489583 0.3794643 0.5489583 0.3794643 0.5489583 0.3794643 0.5489583 0.3794643 0.5489583 0.3794643 0.5489583 0.3794643 0.5489583 0.3794643 0.5489583 0.3794643 0.5489583 0.3794643 0.5489583 0.3794643 0.5489583 0.3794643 0.5489583 0.3794643 0.5489583 0.3794643 0.5489583 0.3794643 0.5489583 0.3794643 0.5489583 0.3794643 0.5489583 0.3794643 0.5489583 0.3794643 0.5489583 0.3794643 0.5489583 0.3794643 0.5489583 0.3794643 0.5489583 0.3794643 0.5489583 0.3794643 0.5489583 0.3794643 0.5489583 0.3794643 0.5489583 0.3794643 0.5489583 0.3794643 0.5489583 0.3794643 0.5489583 0.3794643 0.5489583 0.3794643 0.5489583 0.3794643 0.5489583 0.3794643 0.5489583 0.3794643 0.5489583 0.3794643 0.5489583 0.3794643 0.5489583 0.3794643 0.5489583 0.3794643 0.5489583 0.3794643 0.5489583 0.3794643 0.5489583 0.3794643 0.5489583 0.3794643 0.5489583 0.3794643 0.5489583 0.3794643 0.5489583 0.3794643 0.5489583 0.3794643 0.5489583 0.3794643 0.5489583 0.3794643 0.5489583 0.3794643 0.5489583 0.3794643 0.5489583 0.3794643 0.5489583 0.3794643 0.5489583 0.3794643 0.5489583 0.3794643 0.5489583 0.3794643 0.5489583 0.3794643 0.5489583 0.3794643 0.5489583 0.3794643 0.5489583 0.3794643 0.5489583 0.3794643 0.5489583 0.3794643 0.5489583 0.3794643 0.5489583 0.3794643 0.5489583 0.3794643 0.5489583 0.3794643 0.5489583 0.3794643 0.5489583 0.3794643 0.5489583 0.3794643 0.5489583 0.3794643 0.5489583 0.3794643 0.5489583 0.3794643 0.5489583 0.3794643 0.5489583 0.3794643 0.5489583 0.3794643 0.5489583 0.3794643 0.5489583 0.3794643 0.5489583 0.3794643 0.5489583 0.3794643 0.5489583 0.3794643 0.5489583 0.3794643 0.5489583 0.3794643 0.5489583 0.3794643 0.5489583 0.3794643 0.5489583 0.3794643 0.5489583 0.3794643 0.5489583 0.3794643 0.5489583 0.3794643 0.5489583 0.3794643 0.5489583 0.3794643 0.5489583 0.3794643 0.5489583 0.3794643 0.5489583 0.3794643 0.5489583 0.3794643 0.5489583 0.3794643 0.5489583 0.3794643 0.5489583 0.3794643 0.5489583 0.3794643 0.5489583 0.3794643 0.5489583 0.3794643 0.5489583 0.3794643 0.5489583 0.3794643 0.5489583 0.3794643 0.5489583 0.3794643 0.5489583 0.3794643 0.5489583 0.3794643 0.5489583 0.3794643 0.5489583 0.3794643 0.5489583 0.3794643 0.5489583 0.3794643 0.5489583 0.3794643 0.5489583 0.3794643 0.5489583 0.3794643 0.5489583 0.3794643 0.5489583 0.3794643 0.5489583 0.3794643 0.5489583 0.3794643 0.5489583 0.3794643 0.5489583 0.3794643 0.5489583 0.3794643 0.5489583 0.3794643 0.5489583 0.3794643 0.5489583 0.3794643 0.5489583 0.3794643 0.5489583 0.3794643 0.5489583 0.3794643 0.5489583 0.3794643 0.5489583 0.3794643 0.5489583 0.3794643 0.5489583 0.3794643 0.5489583 0.3794643 0.5489583 0.3794643 0.5489583 0.3794643 0.5489583 0.3794643 0.5489583 0.3794643 0.5489583 0.3794643 0.5489583 0.3794643 0.5489583 0.3794643 0.5489583 0.3794643 0.5489583 0.3794643 0.5489583 0.3794643 0.5489583 0.3794643 0.5489583 0.3794643 0.5489583 0.3794643 0.5489583 0.3794643 0.5489583 0.3794643 0.5489583 0.3794643 0.5489583 0.3794643 0.5489583 0.3794643 0.5489583 0.3794643 0.5489583 0.3794643 0.5489583 0.3794643 0.5489583 0.3794643 0.5489583 0.3794643 0.5489583 0.3794643 0.5489583 0.3794643 0.5489583 0.3794643 0.5489583 0.3794643 0.5489583 0.3794643 0.5489583 0.3794643 0.5489583 0.3794643 0.5489583 0.3794643 0.5489583 0.3794643 0.5489583 0.3794643 0.5489583 0.3794643 0.5489583 0.3794643 0.5489583 0.3794643 0.5489583 0.3794643 0.5489583 0.3794643 0.5489583 0.3794643 0.5489583 0.3794643 0.5489583 0.3794643 0.5489583 0.3794643 0.5489583 0.3794643 0.5489583 0.3794643 0.5489583 0.3794643 0.5489583 0.3794643 0.5489583 0.3794643 0.5489583 0.3794643 0.5489583 0.3794643 0.5489583 0.3794643 0.5489583 0.3794643 0.5489583 0.3794643 0.5489583 0.3794643 0.5489583 0.3794643 0.5489583 0.3794643 0.5489583 0.3794643 0.5489583 0.3794643 0.5489583 0.3794643 0.5489583 0.3794643 0.5489583 0.3794643 0.5489583 0.3794643 0.5489583 0.3794643 0.5489583 0.3794643 0.5489583 0.3794643 0.5489583 0.3794643 0.5489583 0.3794643 0.5489583 0.3794643 0.5489583 0.3794643 0.5489583 0.3794643 0.5489583 0.3794643 0.5489583 0.3794643 0.5489583 0.3794643 0.5489583 0.3794643 0.5489583 0.3794643 0.5489583 0.3794643 0.5489583 0.3794643 0.5489583 0.3794643 0.5489583 0.3794643 0.5489583 0.3794643 0.5489583 0.3794643 0.5489583 0.3794643 0.5489583 0.3794643 0.5489583 0.3794643 0.5489583 0.3794643 0.5489583 0.3794643 0.5489583 0.3794643 0.5489583 0.3794643 0.5489583 0.3794643 0.5489583 0.3794643 0.5489583 0.3794643 0.5489583 0.3794643 0.5489583 0.3794643 0.5489583 0.3794643 0.5489583 0.3794643 0.5489583 0.3794643 0.5489583 0.3794643 0.5489583 0.3794643 0.5489583 0.3794643 0.5489583 0.3794643 0.5489583 0.3794643 0.5489583 0.3794643 0.5489583 0.3794643 0.5489583 0.3794643 0.5489583 0.3794643 0.5489583 0.3794643 0.5489583 0.3794643 0.5489583 0.3794643 0.5489583 0.3794643 0.5489583 0.3794643 0.5489583 0.3794643 0.5489583 0.3794643 0.5489583 0.3794643 0.5489583 0.3794643 0.5489583 0.3794643 0.5489583 0.3794643 0.5489583 0.3794643 0.5489583 0.3794643 0.5489583 0.3794643 0.5489583 0.3794643 0.5489583 0.3794643 0.5489583 0.3794643 0.5489583 0.3794643 0.5489583 0.3794643 0.5489583 0.3794643 0.5489583 0.3794643 0.5489583 0.3794643 0.5489583 0.3794643 0.5489583 0.3794643 0.5489583 0.3794643 0.5489583 0.3794643 0.5489583 0.3794643 0.5489583 0.3794643 0.5489583 0.3794643 0.5489583 0.3794643 0.5489583 0.3794643 0.5489583 0.3794643 0.5489583 0.3794643 0.5489583 0.3794643 0.5489583 0.3794643 0.5489583 0.3794643 0.5489583 0.3794643 0.5489583 0.3794643 0.5489583 0.3794643 0.5489583 0.3794643 0.5489583 0.3794643 0.5489583 0.3794643 0.5489583 0.3794643 0.5489583 0.3794643 0.5489583 0.3794643 0.5489583 0.3794643 0.5489583 0.3794643 0.5489583 0.3794643 0.5489583 0.3794643 0.5489583 0.3794643 0.5489583 0.3794643 0.5489583 0.3794643 0.5489583 0.3794643 0.5489583 0.3794643 0.5489583 0.3794643 0.5489583 0.3794643 0.5489583 0.3794643 0.5489583 0.3794643 0.5489583 0.3794643 0.5489583 0.3794643 0.5489583 0.3794643 0.5489583 0.3794643 0.5489583 0.3794643 0.5489583 0.3794643 0.5489583 0.3794643 0.5489583 0.3794643 0.5489583 0.3794643 0.5489583 0.3794643 0.5489583 0.3794643 0.5489583 0.3794643 0.5489583 0.3794643 0.5489583 0.3794643 0.5489583 0.3794643 0.5489583 0.3794643 0.5489583 0.3794643 0.5489583 0.3794643 0.5489583 0.3794643 0.5489583 0.3794643 0.5489583 0.3794643 0.5489583 0.3794643 0.5489583 0.3794643 0.5489583 0.3794643 0.5489583 0.3794643 0.5489583 0.3794643 0.5489583 0.3794643 0.5489583 0.3794643 0.5489583 0.3794643 0.5489583 0.3794643 0.5489583 0.3794643 0.5489583 0.3794643 0.5489583 0.3794643 0.5489583 0.3794643 0.5489583 0.3794643 0.5489583 0.3794643 0.5489583 0.3794643 0.5489583 0.3794643 0.5489583 0.3794643 0.5489583 0.3794643 0.5489583 0.3794643 0.5489583 0.3794643 0.5489583 0.3794643 0.5489583 0.3794643 0.5489583 0.3794643 0.5489583 0.3794643 0.5489583 0.3794643 0.5489583 0.3794643 0.5489583 0.3794643 0.5489583 0.3794643 0.5489583 0.3794643 0.5489583 0.3794643 0.5489583 0.3794643 0.5489583 0.3794643 0.5489583 0.3794643 0.5489583 0.3794643 0.5489583 0.3794643 0.5489583 0.3794643 0.5489583 0.3794643 0.5489583 0.3794643 0.5489583 0.3794643 0.5489583 0.3794643 0.5489583 0.3794643 0.5489583 0.3794643 0.5489583 0.3794643 0.5489583 0.3794643 0.5489583 0.3794643 0.5489583 0.3794643 0.5489583 0.3794643 0.5489583 0.3794643 0.5489583 0.3794643 0.5489583 0.3794643 0.5489583 0.3794643 0.5489583 0.3794643 0.5489583 0.3794643 0.5489583 0.3794643 0.5489583 0.3794643 0.5489583 0.3794643 0.5489583 0.3794643 0.5489583 0.3794643 0.5489583 0.3794643 0.5489583 0.3794643 0.5489583 0.3794643 0.5489583 0.3794643 0.5489583 0.3794643 0.5489583 0.3794643 0.5489583 0.3794643 0.5489583 0.3794643 0.5489583 0.3794643 0.5489583 0.3794643 0.5489583 0.3794643 0.5489583 0.3794643 0.5489583 0.3794643 0.5489583 0.3794643 0.5489583 0.3794643 0.5489583 0.3794643 0.5489583 0.3794643 0.5489583 0.3794643 0.5489583 0.3794643 0.5489583 0.3794643 0.5489583 0.3794643 0.5489583 0.3794643 0.5489583 0.3794643 0.5489583 0.3794643 0.5489583 0.3794643 0.5489583 0.3794643 0.5489583 0.3794643 0.5489583 0.3794643 0.5489583 0.3794643 0.5489583 0.3794643 0.5489583 0.3794643 0.5489583 0.3794643 0.5489583 0.3794643 0.5489583 0.3794643 0.5489583 0.3794643 0.5489583 0.3794643 0.5489583 0.3794643 0.5489583 0.3794643 0.5489583 0.3794643 0.5489583 0.3794643 0.5489583 0.3794643 0.5489583 0.3794643 0.5489583 0.3794643 0.5489583 0.3794643 0.5489583 0.3794643 0.5489583 0.3794643 0.5489583 0.3794643 0.5489583 0.3794643 0.5489583 0.3794643 0.5489583 0.3794643 0.5489583 0.3794643 0.5489583 0.3794643 0.5489583 0.3794643 0.5489583 0.3794643 0.5489583 0.3794643 0.5489583 0.3794643 0.5489583 0.3794643 0.5489583 0.3794643 0.5489583 0.3794643 0.5489583 0.3794643 0.5489583 0.3794643 0.5489583 0.3794643 0.5489583 0.3794643 0.5489583 0.3794643 0.5489583 0.3794643 0.5489583 0.3794643 0.5489583 0.3794643 0.5489583 0.3794643 0.5489583 0.3794643 0.5489583 0.3794643 0.5489583 0.3794643 0.5489583 0.3794643 0.5489583 0.3794643 0.5489583 0.3794643 0.5489583 0.3794643 0.5489583 0.3794643 0.5489583 0.3794643 0.5489583 0.3794643 0.5489583 0.3794643 0.5489583 0.3794643 0.5489583 0.3794643 0.5489583 0.3794643 0.5489583 0.3794643 0.5489583 0.3794643 0.5489583 0.3794643 0.5489583 0.3794643 0.5489583 0.3794643 0.5489583 0.3794643 0.5489583 0.3794643 0.5489583 0.3794643 0.5489583 0.3794643 0.5489583 0.3794643 0.5489583 0.3794643 0.5489583 0.3794643 0.5489583 0.3794643 0.5489583 0.3794643 0.5489583 0.3794643 0.5489583 0.3794643 0.5489583 0.3794643 0.5489583 0.3794643 0.5489583 0.3794643 0.5489583 0.3794643 0.5489583 0.3794643 0.5489583 0.3794643 0.5489583 0.3794643 0.5489583 0.3794643 0.5489583 0.3794643 0.5489583 0.3794643 0.5489583 0.3794643 0.5489583 0.3794643 0.5489583 0.3794643 0.5489583 0.3794643 0.5489583 0.3794643 0.5489583 0.3794643 0.5489583 0.3794643 0.5489583 0.3794643 0.5489583 0.3794643 0.5489583 0.3794643 0.5489583 0.3794643 0.5489583 0.3794643 0.5489583 0.3794643 0.5489583 0.3794643 0.5489583 0.3794643 0.5489583 0.3794643 0.5489583 0.3794643 0.5489583 0.3794643 0.5489583 0.3794643 0.5489583 0.3794643 0.5489583 0.3794643 0.5489583 0.3794643 0.5489583 0.3794643 0.5489583 0.3794643 0.5489583 0.3794643 0.5489583 0.3794643 0.5489583 0.3794643 0.5489583 0.3794643 0.5489583 0.3794643 0.5489583 0.3794643 0.5489583 0.3794643 0.5489583 0.3794643 0.5489583 0.3794643 0.5489583 0.3794643 0.5489583 0.3794643 0.5489583 0.3794643 0.5489583 0.3794643 0.5489583 0.3794643 0.5489583 0.3794643 0.5489583 0.3794643 0.5489583 0.3794643 0.5489583 0.3794643 0.5489583 0.3794643 0.5489583 0.3794643 0.5489583 0.3794643 0.5489583 0.3794643 0.5489583 0.3794643 0.5489583 0.3794643 0.5489583 0.3794643 0.5489583 0.3794643 0.5489583 0.3794643 0.5489583 0.3794643 0.5489583 0.3794643 0.5489583 0.3794643 0.5489583 0.3794643 0.5489583 0.3794643 0.5489583 0.3794643 0.5489583 0.3794643 0.5489583 0.3794643 0.5489583 0.3794643 0.5489583 0.3794643 0.5489583 0.3794643 0.5489583 0.3794643 0.5489583 0.3794643 0.5489583 0.3794643 0.5489583 0.3794643 0.5489583 0.3794643 0.5489583 0.3794643 0.5489583 0.3794643 0.5489583 0.3794643 0.5489583 0.3794643 0.5489583 0.3794643 0.5489583 0.3794643 0.5489583 0.3794643 0.5489583 0.3794643 0.5489583 0.3794643 0.5489583 0.3794643 0.5489583 0.3794643 0.5489583 0.3794643 0.5489583 0.3794643 0.5489583 0.3794643 0.5489583 0.3794643 0.5489583 0.3794643 0.5489583 0.3794643 0.5489583 0.3794643 0.5489583 0.3794643 0.5489583 0.3794643 0.5489583 0.3794643 0.5489583 0.3794643 0.5489583 0.3794643 0.5489583 0.3794643 0.5489583 0.3794643 0.5489583 0.3794643 0.5489583 0.3794643 0.5489583 0.3794643 0.5489583 0.3794643 0.5489583 0.3794643 0.5489583 0.3794643 0.5489583 0.3794643 0.5489583 0.3794643 0.5489583 0.3794643 0.5489583 0.3794643 0.5489583 0.3794643 0.5489583 0.3794643 0.5489583 0.3794643 0.5489583 0.3794643 0.5489583 0.3794643 0.5489583 0.3794643 0.5489583 0.3794643 0.5489583 0.3794643 0.5489583 0.3794643 0.5489583 0.3794643 0.5489583 0.3794643 0.5489583 0.3794643 0.5489583 0.3794643 0.5489583 0.3794643 0.5489583 0.3794643 0.5489583 0.3794643 0.5489583 0.3794643 0.5489583 0.3794643 0.5489583 0.3794643 0.5489583 0.3794643 0.5489583 0.3794643 0.5489583 0.3794643 0.5489583 0.3794643 0.5489583 0.3794643 0.5489583 0.3794643 0.5489583 0.3794643 0.5489583 0.3794643 0.5489583 0.3794643 0.5489583 0.3794643 0.5489583 0.3794643 0.5489583 0.3794643 0.5489583 0.3794643 0.5489583 0.3794643 0.5489583 0.3794643 0.5489583 0.3794643 0.5489583 0.3794643 0.5489583 0.3794643 0.5489583 0.3794643 0.5489583 0.3794643 0.5489583 0.3794643 0.5489583 0.3794643 0.5489583 0.3794643 0.5489583 0.3794643 0.5489583 0.3794643 0.5489583 0.3794643 0.5489583 0.3794643 0.5489583 0.3794643 0.5489583 0.3794643 0.5489583 0.3794643 0.5489583 0.3794643 0.5489583 0.3794643 0.5489583 0.3794643 0.5489583 0.3794643 0.5489583 0.3794643 0.5489583 0.3794643 0.5489583 0.3794643 0.5489583 0.3794643 0.5489583 0.3794643 0.5489583 0.3794643 0.5489583 0.3794643 0.5489583 0.3794643 0.5489583 0.3794643 0.5489583 0.3794643 0.5489583 0.3794643 0.5489583 0.3794643 0.5489583 0.3794643 0.5489583 0.3794643 0.5489583 0.3794643 0.5489583 0.3794643 0.5489583 0.3794643 0.5489583 0.3794643 0.5489583 0.3794643 0.5489583 0.3794643 0.5489583 0.3794643 0.5489583 0.3794643 0.5489583 0.3794643 0.5489583 0.3794643 0.5489583 0.3794643 0.5489583 0.3794643 0.5489583 0.3794643 0.5489583 0.3794643 0.5489583 0.3794643 0.5489583 0.3794643 0.5489583 0.3794643 0.5489583 0.3794643 0.5489583 0.3794643 0.5489583 0.3794643 0.5489583 0.3794643 0.5489583 0.3794643 0.5489583 0.3794643 0.5489583 0.3794643 0.5489583 0.3794643 0.5489583 0.3794643 0.5489583 0.3794643 0.5489583 0.3794643 0.5489583 0.3794643 0.5489583 0.3794643 0.5489583 0.3794643 0.5489583 0.3794643 0.5489583 0.3794643 0.5489583 0.3794643 0.5489583 0.3794643 0.5489583 0.3794643 0.5489583 0.3794643 0.5489583 0.3794643 0.5489583 0.3794643 0.5489583 0.3794643 0.5489583 0.3794643 0.5489583 0.3794643 0.5489583 0.3794643 0.5489583 0.3794643 0.5489583 0.3794643 0.5489583 0.3794643 0.5489583 0.3794643 0.5489583 0.3794643 0.5489583 0.3794643 0.5489583 0.3794643 0.5489583 0.3794643 0.5489583 0.3794643 0.5489583 0.3794643 0.5489583 0.3794643 0.5489583 0.3794643 0.5489583 0.3794643 0.5489583 0.3794643 0.5489583 0.3794643 0.5489583 0.3794643 0.5489583 0.3794643 0.5489583 0.3794643 0.5489583 0.3794643 0.5489583 0.3794643 0.5489583 0.3794643 0.5489583 0.3794643 0.5489583 0.3794643 0.5489583 0.3794643 0.5489583 0.3794643 0.5489583 0.3794643 0.5489583 0.3794643 0.5489583 0.3794643 0.5489583 0.3794643 0.5489583 0.3794643 0.5489583 0.3794643 0.5489583 0.3794643 0.5489583 0.3794643 0.5489583 0.3794643 0.5489583 0.3794643 0.5489583 0.3794643 0.5489583 0.3794643 0.5489583 0.3794643 0.5489583 0.3794643 0.5489583 0.3794643 0.5489583 0.3794643 0.5489583 0.3794643 0.5489583 0.3794643 0.5489583 0.3794643 0.5489583 0.3794643 0.5489583 0.3794643 0.5489583 0.3794643 0.5489583 0.3794643 0.5489583 0.3794643 0.5489583 0.3794643 0.5489583 0.3794643 0.5489583 0.3794643 0.5489583 0.3794643 0.5489583 0.3794643 0.5489583 0.3794643 0.5489583 0.3794643 0.5489583 0.3794643 0.5489583 0.3794643 0.5489583 0.3794643 0.5489583 0.3794643 0.5489583 0.3794643 0.5489583 0.3794643 0.5489583 0.3794643 0.5489583 0.3794643 0.5489583 0.3794643 0.5489583 0.3794643 0.5489583 0.3794643 0.5489583 0.3794643 0.5489583 0.3794643 0.5489583 0.3794643 0.5489583 0.3794643 0.5489583 0.3794643 0.5489583 0.3794643 0.5489583 0.3794643 0.5489583 0.3794643 0.5489583 0.3794643 0.5489583 0.3794643 0.5489583 0.3794643 0.5489583 0.3794643 0.5489583 0.3794643 0.5489583 0.3794643 0.5489583 0.3794643 0.5489583 0.3794643 0.5489583 0.3794643 0.5489583 0.3794643 0.5489583 0.3794643 0.5489583 0.3794643 0.5489583 0.3794643 0.5489583 0.3794643 0.5489583 0.3794643 0.5489583 0.3794643 0.5489583 0.3794643 0.5489583 0.3794643 0.5489583 0.3794643 0.5489583 0.3794643 0.5489583 0.3794643 0.5489583 0.3794643 0.5489583 0.3794643 0.5489583 0.3794643 0.5489583 0.3794643 0.5489583 0.3794643 0.5489583 0.3794643 0.5489583 0.3794643 0.5489583 0.3794643 0.5489583 0.3794643 0.5489583 0.3794643 0.5489583 0.3794643 0.5489583 0.3794643 0.5489583 0.3794643 0.5489583 0.3794643 0.5489583 0.3794643 0.5489583 0.3794643 0.5489583 0.3794643 0.5489583 0.3794643 0.5489583 0.3794643 0.5489583 0.3794643 0.5489583 0.3794643 0.5489583 0.3794643 0.5489583 0.3794643 0.5489583 0.3794643 0.5489583 0.3794643 0.5489583 0.3794643 0.5489583 0.3794643 0.5489583 0.3794643 0.5489583 0.3794643 0.5489583 0.3794643 0.5489583 0.3794643 0.5489583 0.3794643 0.5489583 0.3794643 0.5489583 0.3794643 0.5489583 0.3794643 0.5489583 0.3794643 0.5489583 0.3794643 0.5489583 0.3794643 0.5489583 0.3794643 0.5489583 0.3794643 0.5489583 0.3794643 0.5489583 0.3794643 0.5489583 0.3794643 0.5489583 0.3794643 0.5489583 0.3794643 0.5489583 0.3794643 0.5489583 0.3794643 0.5489583 0.3794643 0.5489583 0.3794643 0.5489583 0.3794643 0.5489583 0.3794643 0.5489583 0.3794643 0.5489583 0.3794643 0.5489583 0.3794643 0.5489583 0.3794643 0.5489583 0.3794643 0.5489583 0.3794643 0.5489583 0.3794643 0.5489583 0.3794643 0.5489583 0.3794643 0.5489583 0.3794643 0.5489583 0.3794643 0.5489583 0.3794643 0.5489583 0.3794643 0.5489583 0.3794643 0.5489583 0.3794643 0.5489583 0.3794643 0.5489583 0.3794643 0.5489583 0.3794643 0.5489583 0.3794643 0.5489583 0.3794643 0.5489583 0.3794643 0.5489583 0.3794643 0.5489583 0.3794643 0.5489583 0.3794643 0.5489583 0.3794643 0.5489583 0.3794643 0.5489583 0.3794643 0.5489583 0.3794643 0.5489583 0.3794643 0.5489583 0.3794643 0.5489583 0.3794643 0.5489583 0.3794643 0.5489583 0.3794643 0.5489583 0.3794643 0.5489583 0.3794643 0.5489583 0.3794643 0.5489583 0.3794643 0.5489583 0.3794643 0.5489583 0.3794643 0.5489583 0.3794643 0.5489583 0.3794643 0.5489583 0.3794643 0.5489583 0.3794643 0.5489583 0.3794643 0.5489583 0.3794643 0.5489583 0.3794643 0.5489583 0.3794643 0.5489583 0.3794643 0.5489583 0.3794643 0.5489583 0.3794643 0.5489583 0.3794643 0.5489583 0.3794643 0.5489583 0.3794643 0.5489583 0.3794643 0.5489583 0.3794643 0.5489583 0.3794643 0.5489583 0.3794643 0.5489583 0.3794643 0.5489583 0.3794643 0.5489583 0.3794643 0.5489583 0.3794643 0.5489583 0.3794643 0.5489583 0.3794643 0.5489583 0.3794643 0.5489583 0.3794643 0.5489583 0.3794643 0.5489583 0.3794643 0.5489583 0.3794643 0.5489583 0.3794643 0.5489583 0.3794643 0.5489583 0.3794643 0.5489583 0.3794643 0.5489583 0.3794643 0.5489583 0.3794643 0.5489583 0.3794643 0.5489583 0.3794643 0.5489583 0.3794643 0.5489583 0.3794643 0.5489583 0.3794643 0.5489583 0.3794643 0.5489583 0.3794643 0.5489583 0.3794643 0.5489583 0.3794643 0.5489583 0.3794643 0.5489583 0.3794643 0.5489583 0.3794643 0.5489583 0.3794643 0.5489583 0.3794643 0.5489583 0.3794643 0.5489583 0.3794643 0.5489583 0.3794643 0.5489583 0.3794643 0.5489583 0.3794643 0.5489583 0.3794643 0.5489583 0.3794643 0.5489583 0.3794643 0.5489583 0.3794643 0.5489583 0.3794643 0.5489583 0.3794643 0.5489583 0.3794643 0.5489583 0.3794643 0.5489583 0.3794643 0.5489583 0.3794643 0.5489583 0.3794643 0.5489583 0.3794643 0.5489583 0.3794643 0.5489583 0.3794643 0.5489583 0.3794643 0.5489583 0.3794643 0.5489583 0.3794643 0.5489583 0.3794643 0.5489583 0.3794643 0.5489583 0.3794643 0.5489583 0.3794643 0.5489583 0.3794643 0.5489583 0.3794643 0.5489583 0.3794643 0.5489583 0.3794643 0.5489583 0.3794643 0.5489583 0.3794643 0.5489583 0.3794643 0.5489583 0.3794643 0.5489583 0.3794643 0.5489583 0.3794643 0.5489583 0.3794643 0.5489583 0.3794643 0.5489583 0.3794643 0.5489583 0.3794643 0.5489583 0.3794643 0.5489583 0.3794643 0.5489583 0.3794643 0.5489583 0.3794643 0.5489583 0.3794643 0.5489583 0.3794643 0.5489583 0.3794643 0.5489583 0.3794643 0.5489583 0.3794643 0.5489583 0.3794643 0.5489583 0.3794643 0.5489583 0.3794643 0.5489583 0.3794643 0.5489583 0.3794643 0.5489583 0.3794643 0.5489583 0.3794643 0.5489583 0.3794643 0.5489583 0.3794643 0.5489583 0.3794643 0.5489583 0.3794643 0.5489583 0.3794643 0.5489583 0.3794643 0.5489583 0.3794643 0.5489583 0.3794643 0.5489583 0.3794643 0.5489583 0.3794643 0.5489583 0.3794643 0.5489583 0.3794643 0.5489583 0.3794643 0.5489583 0.3794643 0.5489583 0.3794643 0.5489583 0.3794643 0.5489583 0.3794643 0.5489583 0.3794643 0.5489583 0.3794643 0.5489583 0.3794643 0.5489583 0.3794643 0.5489583 0.3794643 0.5489583 0.3794643 0.5489583 0.3794643 0.5489583 0.3794643 0.5489583 0.3794643 0.5489583 0.3794643 0.5489583 0.3794643 0.5489583 0.3794643 0.5489583 0.3794643 0.5489583 0.3794643 0.5489583 0.3794643 0.5489583 0.3794643 0.5489583 0.3794643 0.5489583 0.3794643 0.5489583 0.3794643 0.5489583 0.3794643 0.5489583 0.3794643 0.5489583 0.3794643 0.5489583 0.3794643 0.5489583 0.3794643 0.5489583 0.3794643 0.5489583 0.3794643 0.5489583 0.3794643 0.5489583 0.3794643 0.5489583 0.3794643 0.5489583 0.3794643 0.5489583 0.3794643 0.5489583 0.3794643 0.5489583 0.3794643 0.5489583 0.3794643 0.5489583 0.3794643 0.5489583 0.3794643 0.5489583 0.3794643 0.5489583 0.3794643 0.5489583 0.3794643 0.5489583 0.3794643 0.5489583 0.3794643 0.5489583 0.3794643 0.5489583 0.3794643 0.5489583 0.3794643 0.5489583 0.3794643 0.5489583 0.3794643 0.5489583 0.3794643 0.5489583 0.3794643 0.5489583 0.3794643 0.5489583 0.3794643 0.5489583 0.3794643 0.5489583 0.3794643 0.5489583 0.3794643 0.5489583 0.3794643 0.5489583 0.3794643 0.5489583 0.3794643 0.5489583 0.3794643 0.5489583 0.3794643 0.5489583 0.3794643 0.5489583 0.3794643 0.5489583 0.3794643 0.5489583 0.3794643 0.5489583 0.3794643 0.5489583 0.3794643 0.5489583 0.3794643 0.5489583 0.3794643 0.5489583 0.3794643 0.5489583 0.3794643 0.5489583 0.3794643 0.5489583 0.3794643 0.5489583 0.3794643 0.5489583 0.3794643 0.5489583 0.3794643 0.5489583 0.3794643 0.5489583 0.3794643 0.5489583 0.3794643 0.5489583 0.3794643 0.5489583 0.3794643 0.5489583 0.3794643 0.5489583 0.3794643 0.5489583 0.3794643 0.5489583 0.3794643 0.5489583 0.3794643 0.5489583 0.3794643 0.5489583 0.3794643 0.5489583 0.3794643 0.5489583 0.3794643 0.5489583 0.3794643 0.5489583 0.3794643 0.5489583 0.3794643 0.5489583 0.3794643 0.5489583 0.3794643 0.5489583 0.3794643 0.5489583 0.3794643 0.5489583 0.3794643 0.5489583 0.3794643 0.5489583 0.3794643 0.5489583 0.3794643 0.5489583 0.3794643 0.5489583 0.3794643 0.5489583 0.3794643 0.5489583 0.3794643 0.5489583 0.3794643 0.5489583 0.3794643 0.5489583 0.3794643 0.5489583 0.3794643 0.5489583 0.3794643 0.5489583 0.3794643 0.5489583 0.3794643 0.5489583 0.3794643 0.5489583 0.3794643 0.5489583 0.3794643 0.5489583 0.3794643 0.5489583 0.3794643 0.5489583 0.3794643 0.5489583 0.3794643 0.5489583 0.3794643 0.5489583 0.3794643 0.5489583 0.3794643 0.5489583 0.3794643 0.5489583 0.3794643 0.5489583 0.3794643 0.5489583 0.3794643 0.5489583 0.3794643 0.5489583 0.3794643 0.5489583 0.3794643 0.5489583 0.3794643 0.5489583 0.3794643 0.5489583 0.3794643 0.5489583 0.3794643 0.5489583 0.3794643 0.5489583 0.3794643 0.5489583 0.3794643 0.5489583 0.3794643 0.5489583 0.3794643 0.5489583 0.3794643 0.5489583 0.3794643 0.5489583 0.3794643 0.5489583 0.3794643 0.5489583 0.3794643 0.5489583 0.3794643 0.5489583 0.3794643 0.5489583 0.3794643 0.5489583 0.3794643 0.5489583 0.3794643 0.5489583 0.3794643 0.5489583 0.3794643 0.5489583 0.3794643 0.5489583 0.3794643 0.5489583 0.3794643 0.5489583 0.3794643 0.5489583 0.3794643 0.5489583 0.3794643 0.5489583 0.3794643 0.5489583 0.3794643 0.5489583 0.3794643 0.5489583 0.3794643 0.5489583 0.3794643 0.5489583 0.3794643 0.5489583 0.3794643 0.5489583 0.3794643 0.5489583 0.3794643 0.5489583 0.3794643 0.5489583 0.3794643 0.5489583 0.3794643 0.5489583 0.3794643 0.5489583 0.3794643 0.5489583 0.3794643 0.5489583 0.3794643 0.5489583 0.3794643 0.5489583 0.3794643 0.5489583 0.3794643 0.5489583 0.3794643 0.5489583 0.3794643 0.5489583 0.3794643 0.5489583 0.3794643 0.5489583 0.3794643 0.5489583 0.3794643 0.5489583 0.3794643 0.5489583 0.3794643 0.5489583 0.3794643 0.5489583 0.3794643 0.5489583 0.3794643 0.5489583 0.3794643 0.5489583 0.3794643 0.5489583 0.3794643 0.5489583 0.3794643 0.5489583 0.3794643 0.5489583 0.3794643 0.5489583 0.3794643 0.5489583 0.3794643 0.5489583 0.3794643 0.5489583 0.3794643 0.5489583 0.3794643 0.5489583 0.3794643 0.5489583 0.3794643 0.5489583 0.3794643 0.5489583 0.3794643 0.5489583 0.3794643 0.5489583 0.3794643 0.5489583 0.3794643 0.5489583 0.3794643 0.5489583 0.3794643 0.5489583 0.3794643 0.5489583 0.3794643 0.5489583 0.3794643 0.5489583 0.3794643 0.5489583 0.3794643 0.5489583 0.3794643 0.5489583 0.3794643 0.5489583 0.3794643 0.5489583 0.3794643 0.5489583 0.3794643 0.5489583 0.3794643 0.5489583 0.3794643 0.5489583 0.3794643 0.5489583 0.3794643 0.5489583 0.3794643 0.5489583 0.3794643 0.5489583 0.3794643 0.5489583 0.3794643 0.5489583 0.3794643 0.5489583 0.3794643 0.5489583 0.3794643 0.5489583 0.3794643 0.5489583 0.3794643 0.5489583 0.3794643 0.5489583 0.3794643 0.5489583 0.3794643 0.5489583 0.3794643 0.5489583 0.3794643 0.5489583 0.3794643 0.5489583 0.3794643 0.5489583 0.3794643 0.5489583 0.3794643 0.5489583 0.3794643 0.5489583 0.3794643 0.5489583 0.3794643 0.5489583 0.3794643 0.5489583 0.3794643 0.5489583 0.3794643 0.5489583 0.3794643 0.5489583 0.3794643 0.5489583 0.3794643 0.5489583 0.3794643 0.5489583 0.3794643 0.5489583 0.3794643 0.5489583 0.3794643 0.5489583 0.3794643 0.5489583 0.3794643 0.5489583 0.3794643 0.5489583 0.3794643 0.5489583 0.3794643 0.5489583 0.3794643 0.5489583 0.3794643 0.5489583 0.3794643 0.5489583 0.3794643 0.5489583 0.3794643 0.5489583 0.3794643 0.5489583 0.3794643 0.5489583 0.3794643 0.5489583 0.3794643 0.5489583 0.3794643 0.5489583 0.3794643 0.5489583 0.3794643 0.5489583 0.3794643 0.5489583 0.3794643 0.5489583 0.3794643 0.5489583 0.3794643 0.5489583 0.3794643 0.5489583 0.3794643 0.5489583 0.3794643 0.5489583 0.3794643 0.5489583 0.3794643 0.5489583 0.3794643 0.5489583 0.3794643 0.5489583 0.3794643 0.5489583 0.3794643 0.5489583 0.3794643 0.5489583 0.3794643 0.5489583 0.3794643 0.5489583 0.3794643 0.5489583 0.3794643 0.5489583 0.3794643 0.5489583 0.3794643 0.5489583 0.3794643 0.5489583 0.3794643 0.5489583 0.3794643 0.5489583 0.3794643 0.5489583 0.3794643 0.5489583 0.3794643 0.5489583 0.3794643 0.5489583 0.3794643 0.5489583 0.3794643 0.5489583 0.3794643 0.5489583 0.3794643 0.5489583 0.3794643 0.5489583 0.3794643 0.5489583 0.3794643 0.5489583 0.3794643 0.5489583 0.3794643 0.5489583 0.3794643 0.5489583 0.3794643 0.5489583 0.3794643 0.5489583 0.3794643 0.5489583 0.3794643 0.5489583 0.3794643 0.5489583 0.3794643 0.5489583 0.3794643 0.5489583 0.3794643 0.5489583 0.3794643 0.5489583 0.3794643 0.5489583 0.3794643 0.5489583 0.3794643 0.5489583 0.3794643 0.5489583 0.3794643 0.5489583 0.3794643 0.5489583 0.3794643 0.5489583 0.3794643 0.5489583 0.3794643 0.5489583 0.3794643 0.5489583 0.3794643 0.5489583 0.3794643 0.5489583 0.3794643 0.5489583 0.3794643 0.5489583 0.3794643 0.5489583 0.3794643 0.5489583 0.3794643 0.5489583 0.3794643 0.5489583 0.3794643 0.5489583 0.3794643 0.5489583 0.3794643 0.5489583 0.3794643 0.5489583 0.3794643 0.5489583 0.3794643 0.5489583 0.3794643 0.5489583 0.3794643 0.5489583 0.3794643 0.5489583 0.3794643 0.5489583 0.3794643 0.5489583 0.3794643 0.5489583 0.3794643 0.5489583 0.3794643 0.5489583 0.3794643 0.5489583 0.3794643 0.5489583 0.3794643 0.5489583 0.3794643 0.5489583 0.3794643 0.5489583 0.3794643 0.5489583 0.3794643 0.5489583 0.3794643 0.5489583 0.3794643 0.5489583 0.3794643 0.5489583 0.3794643 0.5489583 0.3794643 0.5489583 0.3794643 0.5489583 0.3794643 0.5489583 0.3794643 0.5489583 0.3794643 0.5489583 0.3794643 0.5489583 0.3794643 0.5489583 0.3794643 0.5489583 0.3794643 0.5489583 0.3794643 0.5489583 0.3794643 0.5489583 0.3794643 0.5489583 0.3794643 0.5489583 0.3794643 0.5489583 0.3794643 0.5489583 0.3794643 0.5489583 0.3794643 0.5489583 0.3794643 0.5489583 0.3794643 0.5489583 0.3794643 0.5489583 0.3794643 0.5489583 0.3794643 0.5489583 0.3794643 0.5489583 0.3794643 0.5489583 0.3794643 0.5489583 0.3794643 0.5489583 0.3794643 0.5489583 0.3794643 0.5489583 0.3794643 0.5489583 0.3794643 0.5489583 0.3794643 0.5489583 0.3794643 0.5489583 0.3794643 0.5489583 0.3794643 0.5489583 0.3794643 0.5489583 0.3794643 0.5489583 0.3794643 0.5489583 0.3794643 0.5489583 0.3794643 0.5489583 0.3794643 0.5489583 0.3794643 0.5489583 0.3794643 0.5489583 0.3794643 0.5489583 0.3794643 0.5489583 0.3794643 0.5489583 0.3794643 0.5489583 0.3794643 0.5489583 0.3794643 0.5489583 0.3794643 0.5489583 0.3794643 0.5489583 0.3794643 0.5489583 0.3794643 0.5489583 0.3794643 0.5489583 0.3794643 0.5489583 0.3794643 0.5489583 0.3794643 0.5489583 0.3794643 0.5489583 0.3794643 0.5489583 0.3794643 0.5489583 0.3794643 0.5489583 0.3794643 0.5489583 0.3794643 0.5489583 0.3794643 0.5489583 0.3794643 0.5489583 0.3794643 0.5489583 0.3794643 0.5489583 0.3794643 0.5489583 0.3794643 0.5489583 0.3794643 0.5489583 0.3794643 0.5489583 0.3794643 0.5489583 0.3794643 0.5489583 0.3794643 0.5489583 0.3794643 0.5489583 0.3794643 0.5489583 0.3794643 0.5489583 0.3794643 0.5489583 0.3794643 0.5489583 0.3794643 0.5489583 0.3794643 0.5489583 0.3794643 0.5489583 0.3794643 0.5489583 0.3794643 0.5489583 0.3794643 0.5489583 0.3794643 0.5489583 0.3794643 0.5489583 0.3794643 0.5489583 0.3794643 0.5489583 0.3794643 0.5489583 0.3794643 0.5489583 0.3794643 0.5489583 0.3794643 0.5489583 0.3794643 0.5489583 0.3794643 0.5489583 0.3794643 0.5489583 0.3794643 0.5489583 0.3794643 0.5489583 0.3794643 0.5489583 0.3794643 0.5489583 0.3794643 0.5489583 0.3794643 0.5489583 0.3794643 0.5489583 0.3794643 0.5489583 0.3794643 0.5489583 0.3794643 0.5489583 0.3794643 0.5489583 0.3794643 0.5489583 0.3794643 0.5489583 0.3794643 0.5489583 0.3794643 0.5489583 0.3794643 0.5489583 0.3794643 0.5489583 0.3794643 0.5489583 0.3794643 0.5489583 0.3794643 0.5489583 0.3794643 0.5489583 0.3794643 0.5489583 0.3794643 0.5489583 0.3794643 0.5489583 0.3794643 0.5489583 0.3794643 0.5489583 0.3794643 0.5489583 0.3794643 0.5489583 0.3794643 0.5489583 0.3794643 0.5489583 0.3794643 0.5489583 0.3794643 0.5489583 0.3794643 0.5489583 0.3794643 0.5489583 0.3794643 0.5489583 0.3794643 0.5489583 0.3794643 0.5489583 0.3794643 0.5489583 0.3794643 0.5489583 0.3794643 0.5489583 0.3794643 0.5489583 0.3794643 0.5489583 0.3794643 0.5489583 0.3794643 0.5489583 0.3794643 0.5489583 0.3794643 0.5489583 0.3794643 0.5489583 0.3794643 0.5489583 0.3794643 0.5489583 0.3794643 0.5489583 0.3794643 0.5489583 0.3794643 0.5489583 0.3794643 0.5489583 0.3794643 0.5489583 0.3794643 0.5489583 0.3794643 0.5489583 0.3794643 0.5489583 0.3794643 0.5489583 0.3794643 0.5489583 0.3794643 0.5489583 0.3794643 0.5489583 0.3794643 0.5489583 0.3794643 0.5489583 0.3794643 0.5489583 0.3794643 0.5489583 0.3794643 0.5489583 0.3794643 0.5489583 0.3794643 0.5489583 0.3794643 0.5489583 0.3794643 0.5489583 0.3794643 0.5489583 0.3794643 0.5489583 0.3794643 0.5489583 0.3794643 0.5489583 0.3794643 0.5489583 0.3794643 0.5489583 0.3794643 0.5489583 0.3794643 0.5489583 0.3794643 0.5489583 0.3794643 0.5489583 0.3794643 0.5489583 0.3794643 0.5489583 0.3794643 0.5489583 0.3794643 0.5489583 0.3794643 0.5489583 0.3794643 0.5489583 0.3794643 0.5489583 0.3794643 0.5489583 0.3794643 0.5489583 0.3794643 0.5489583 0.3794643 0.5489583 0.3794643 0.5489583 0.3794643 0.5489583 0.3794643 0.5489583 0.3794643 0.5489583 0.3794643 0.5489583 0.3794643 0.5489583 0.3794643 0.5489583 0.3794643 0.5489583 0.3794643 0.5489583 0.3794643 0.5489583 0.3794643 0.5489583 0.3794643 0.5489583 0.3794643 0.5489583 0.3794643 0.5489583 0.3794643 0.5489583 0.3794643 0.5489583 0.3794643 0.5489583 0.3794643 0.5489583 0.3794643 0.5489583 0.3794643 0.5489583 0.3794643 0.5489583 0.3794643 0.5489583 0.3794643 0.5489583 0.3794643 0.5489583 0.3794643 0.5489583 0.3794643 0.5489583 0.3794643 0.5489583 0.3794643 0.5489583 0.3794643 0.5489583 0.3794643 0.5489583 0.3794643 0.5489583 0.3794643 0.5489583 0.3794643 0.5489583 0.3794643 0.5489583 0.3794643 0.5489583 0.3794643 0.5489583 0.3794643 0.5489583 0.3794643 0.5489583 0.3794643 0.5489583 0.3794643 0.5489583 0.3794643 0.5489583 0.3794643 0.5489583 0.3794643 0.5489583 0.3794643 0.5489583 0.3794643 0.5489583 0.3794643 0.5489583 0.3794643 0.5489583 0.3794643 0.5489583 0.3794643 0.5489583 0.3794643 0.5489583 0.3794643 0.5489583 0.3794643 0.5489583 0.3794643 0.5489583 0.3794643 0.5489583 0.3794643 0.5489583 0.3794643 0.5489583 0.3794643 0.5489583 0.3794643 0.5489583 0.3794643 0.5489583 0.3794643 0.5489583 0.3794643 0.5489583 0.3794643 0.5489583 0.3794643 0.5489583 0.3794643 0.5489583 0.3794643 0.5489583 0.3794643 0.5489583 0.3794643 0.5489583 0.3794643 0.5489583 0.3794643 0.5489583 0.3794643 0.5489583 0.3794643 0.5489583 0.3794643 0.5489583 0.3794643 0.5489583 0.3794643 0.5489583 0.3794643 0.5489583 0.3794643 0.5489583 0.3794643 0.5489583 0.3794643 0.5489583 0.3794643 0.5489583 0.3794643 0.5489583 0.3794643 0.5489583 0.3794643 0.5489583 0.3794643 0.5489583 0.3794643 0.5489583 0.3794643 0.5489583 0.3794643 0.5489583 0.3794643 0.5489583 0.3794643 0.5489583 0.3794643 0.5489583 0.3794643 0.5489583 0.3794643 0.5489583 0.3794643 0.5489583 0.3794643 0.5489583 0.3794643 0.5489583 0.3794643 0.5489583 0.3794643 0.5489583 0.3794643 0.5489583 0.3794643 0.5489583 0.3794643 0.5489583 0.3794643 0.5489583 0.3794643 0.5489583 0.3794643 0.5489583 0.3794643 0.5489583 0.3794643 0.5489583 0.3794643 0.5489583 0.3794643 0.5489583 0.3794643 0.5489583 0.3794643 0.5489583 0.3794643 0.5489583 0.3794643 0.5489583 0.3794643 0.5489583 0.3794643 0.5489583 0.3794643 0.5489583 0.3794643 0.5489583 0.3794643 0.5489583 0.3794643 0.5489583 0.3794643 0.5489583 0.3794643 0.5489583 0.3794643 0.5489583 0.3794643 0.5489583 0.3794643 0.5489583 0.3794643 0.5489583 0.3794643 0.5489583 0.3794643 0.5489583 0.3794643 0.5489583 0.3794643 0.5489583 0.3794643 0.5489583 0.3794643 0.5489583 0.3794643 0.5489583 0.3794643 0.5489583 0.3794643 0.5489583 0.3794643 0.5489583 0.3794643 0.5489583 0.3794643 0.5489583 0.3794643 0.5489583 0.3794643 0.5489583 0.3794643 0.5489583 0.3794643 0.5489583 0.3794643 0.5489583 0.3794643 0.5489583 0.3794643 0.5489583 0.3794643 0.5489583 0.3794643 0.5489583 0.3794643 0.5489583 0.3794643 0.5489583 0.3794643 0.5489583 0.3794643 0.5489583 0.3794643 0.5489583 0.3794643 0.5489583 0.3794643 0.5489583 0.3794643 0.5489583 0.3794643 0.5489583 0.3794643 0.5489583 0.3794643 0.5489583 0.3794643 0.5489583 0.3794643 0.5489583 0.3794643 0.5489583 0.3794643 0.5489583 0.3794643 0.5489583 0.3794643 0.5489583 0.3794643 0.5489583 0.3794643 0.5489583 0.3794643 0.5489583 0.3794643 0.5489583 0.3794643 0.5489583 0.3794643 0.5489583 0.3794643 0.5489583 0.3794643 0.5489583 0.3794643 0.5489583 0.3794643 0.5489583 0.3794643 0.5489583 0.3794643 0.5489583 0.3794643 0.5489583 0.3794643 0.5489583 0.3794643 0.5489583 0.3794643 0.5489583 0.3794643 0.5489583 0.3794643 0.5489583 0.3794643 0.5489583 0.3794643 0.5489583 0.3794643 0.5489583 0.3794643 0.5489583 0.3794643 0.5489583 0.3794643 0.5489583 0.3794643 0.5489583 0.3794643 0.5489583 0.3794643 0.5489583 0.3794643 0.5489583 0.3794643 0.5489583 0.3794643 0.5489583 0.3794643 0.5489583 0.3794643 0.5489583 0.3794643 0.5489583 0.3794643 0.5489583 0.3794643 0.5489583 0.3794643 0.5489583 0.3794643 0.5489583 0.3794643 0.5489583 0.3794643 0.5489583 0.3794643 0.5489583 0.3794643 0.5489583 0.3794643 0.5489583 0.3794643 0.5489583 0.3794643 0.5489583 0.3794643 0.5489583 0.3794643 0.5489583 0.3794643 0.5489583 0.3794643 0.5489583 0.3794643 0.5489583 0.3794643 0.5489583 0.3794643 0.5489583 0.3794643 0.5489583 0.3794643 0.5489583 0.3794643 0.5489583 0.3794643 0.5489583 0.3794643 0.5489583 0.3794643 0.5489583 0.3794643 0.5489583 0.3794643 0.5489583 0.3794643 0.5489583 0.3794643 0.5489583 0.3794643 0.5489583 0.3794643 0.5489583 0.3794643 0.5489583 0.3794643 0.5489583 0.3794643 0.5489583 0.3794643 0.5489583 0.3794643 0.5489583 0.3794643 0.5489583 0.3794643 0.5489583 0.3794643 0.5489583 0.3794643 0.5489583 0.3794643 0.5489583 0.3794643 0.5489583 0.3794643 0.5489583 0.3794643 0.5489583 0.3794643 0.5489583 0.3794643 0.5489583 0.3794643 0.5489583 0.3794643 0.5489583 0.3794643 0.5489583 0.3794643 0.5489583 0.3794643 0.5489583 0.3794643 0.5489583 0.3794643 0.5489583 0.3794643 0.5489583 0.3794643 0.5489583 0.3794643 0.5489583 0.3794643 0.5489583 0.3794643 0.5489583 0.3794643 0.5489583 0.3794643 0.5489583 0.3794643 0.5489583 0.3794643 0.5489583 0.3794643 0.5489583 0.3794643 0.5489583 0.3794643 0.5489583 0.3794643 0.5489583 0.3794643 0.5489583 0.3794643 0.5489583 0.3794643 0.5489583 0.3794643 0.5489583 0.3794643 0.5489583 0.3794643 0.5489583 0.3794643 0.5489583 0.3794643 0.5489583 0.3794643 0.5489583 0.3794643 0.5489583 0.3794643 0.5489583 0.3794643 0.5489583 0.3794643 0.5489583 0.3794643 0.5489583 0.3794643 0.5489583 0.3794643 0.5489583 0.3794643 0.5489583 0.3794643 0.5489583 0.3794643 0.5489583 0.3794643 0.5489583 0.3794643 0.5489583 0.3794643 0.5489583 0.3794643 0.5489583 0.3794643 0.5489583 0.3794643 0.5489583 0.3794643 0.5489583 0.3794643 0.5489583 0.3794643 0.5489583 0.3794643 0.5489583 0.3794643 0.5489583 0.3794643 0.5489583 0.3794643 0.5489583 0.3794643 0.5489583 0.3794643 0.5489583 0.3794643 0.5489583 0.3794643 0.5489583 0.3794643 0.5489583 0.3794643 0.5489583 0.3794643 0.5489583 0.3794643 0.5489583 0.3794643 0.5489583 0.3794643 0.5489583 0.3794643 0.5489583 0.3794643 0.5489583 0.3794643 0.5489583 0.3794643 0.5489583 0.3794643 0.5489583 0.3794643 0.5489583 0.3794643 0.5489583 0.3794643 0.5489583 0.3794643 0.5489583 0.3794643 0.5489583 0.3794643 0.5489583 0.3794643 0.5489583 0.3794643 0.5489583 0.3794643 0.5489583 0.3794643 0.5489583 0.3794643 0.5489583 0.3794643 0.5489583 0.3794643 0.5489583 0.3794643 0.5489583 0.3794643 0.5489583 0.3794643 0.5489583 0.3794643 0.5489583 0.3794643 0.5489583 0.3794643 0.5489583 0.3794643 0.5489583 0.3794643 0.5489583 0.3794643 0.5489583 0.3794643 0.5489583 0.3794643 0.5489583 0.3794643 0.5489583 0.3794643 0.5489583 0.3794643 0.5489583 0.3794643 0.5489583 0.3794643 0.5489583 0.3794643 0.5489583 0.3794643 0.5489583 0.3794643 0.5489583 0.3794643 0.5489583 0.3794643 0.5489583 0.3794643 0.5489583 0.3794643 0.5489583 0.3794643 0.5489583 0.3794643 0.5489583 0.3794643 0.5489583 0.3794643 0.5489583 0.3794643 0.5489583 0.3794643 0.5489583 0.3794643 0.5489583 0.3794643 0.5489583 0.3794643 0.5489583 0.3794643 0.5489583 0.3794643 0.5489583 0.3794643 0.5489583 0.3794643 0.5489583 0.3794643 0.5489583 0.3794643 0.5489583 0.3794643 0.5489583 0.3794643 0.5489583 0.3794643 0.5489583 0.3794643 0.5489583 0.3794643 0.5489583 0.3794643 0.5489583 0.3794643 0.5489583 0.3794643 0.5489583 0.3794643 0.5489583 0.3794643 0.5489583 0.3794643 0.5489583 0.3794643 0.5489583 0.3794643 0.5489583 0.3794643 0.5489583 0.3794643 0.5489583 0.3794643 0.5489583 0.3794643 0.5489583 0.3794643 0.5489583 0.3794643 0.5489583 0.3794643 0.5489583 0.3794643 0.5489583 0.3794643 0.5489583 0.3794643 0.5489583 0.3794643 0.5489583 0.3794643 0.5489583 0.3794643 0.5489583 0.3794643 0.5489583 0.3794643 0.5489583 0.3794643 0.5489583 0.3794643 0.5489583 0.3794643 0.5489583 0.3794643 0.5489583 0.3794643 0.5489583 0.3794643 0.5489583 0.3794643 0.5489583 0.3794643 0.5489583 0.3794643 0.5489583 0.3794643 0.5489583 0.3794643 0.5489583 0.3794643 0.5489583 0.3794643 0.5489583 0.3794643 0.5489583 0.3794643 0.5489583 0.3794643 0.5489583 0.3794643 0.5489583 0.3794643 0.5489583 0.3794643 0.5489583 0.3794643 0.5489583 0.3794643 0.5489583 0.3794643 0.5489583 0.3794643 0.5489583 0.3794643 0.5489583 0.3794643 0.5489583 0.3794643 0.5489583 0.3794643 0.5489583 0.3794643 0.5489583 0.3794643 0.5489583 0.3794643 0.5489583 0.3794643 0.5489583 0.3794643 0.5489583 0.3794643 0.5489583 0.3794643 0.5489583 0.3794643 0.5489583 0.3794643 0.5489583 0.3794643 0.5489583 0.3794643 0.5489583 0.3794643 0.5489583 0.3794643 0.5489583 0.3794643 0.5489583 0.3794643 0.5489583 0.3794643 0.5489583 0.3794643 0.5489583 0.3794643 0.5489583 0.3794643 0.5489583 0.3794643 0.5489583 0.3794643 0.5489583 0.3794643 0.5489583 0.3794643 0.5489583 0.3794643 0.5489583 0.3794643 0.5489583 0.3794643 0.5489583 0.3794643 0.5489583 0.3794643 0.5489583 0.3794643 0.5489583 0.3794643 0.5489583 0.3794643 0.5489583 0.3794643 0.5489583 0.3794643 0.5489583 0.3794643 0.5489583 0.3794643 0.5489583 0.3794643 0.5489583 0.3794643 0.5489583 0.3794643 0.5489583 0.3794643 0.5489583 0.3794643 0.5489583 0.3794643 0.5489583 0.3794643 0.5489583 0.3794643 0.5489583 0.3794643 0.5489583 0.3794643 0.5489583 0.3794643 0.5489583 0.3794643 0.5489583 0.3794643 0.5489583 0.3794643 0.5489583 0.3794643 0.5489583 0.3794643 0.5489583 0.3794643 0.5489583 0.3794643 0.5489583 0.3794643 0.5489583 0.3794643 0.5489583 0.3794643 0.5489583 0.3794643 0.5489583 0.3794643 0.5489583 0.3794643 0.5489583 0.3794643 0.5489583 0.3794643 0.5489583 0.3794643 0.5489583 0.3794643 0.5489583 0.3794643 0.5489583 0.3794643 0.5489583 0.3794643 0.5489583 0.3794643 0.5489583 0.3794643 0.5489583 0.3794643 0.5489583 0.3794643 0.5489583 0.3794643 0.5489583 0.3794643 0.5489583 0.3794643 0.5489583 0.3794643 0.5489583 0.3794643 0.5489583 0.3794643 0.5489583 0.3794643 0.5489583 0.3794643 0.5489583 0.3794643 0.5489583 0.3794643 0.5489583 0.3794643 0.5489583 0.3794643 0.5489583 0.3794643 0.5489583 0.3794643 0.5489583 0.3794643 0.5489583 0.3794643 0.5489583 0.3794643 0.5489583 0.3794643 0.5489583 0.3794643 0.5489583 0.3794643 0.5489583 0.3794643 0.5489583 0.3794643 0.5489583 0.3794643 0.5489583 0.3794643 0.5489583 0.3794643 0.5489583 0.3794643 0.5489583 0.3794643 0.5489583 0.3794643 0.5489583 0.3794643 0.5489583 0.3794643 0.5489583 0.3794643 0.5489583 0.3794643 0.5489583 0.3794643 0.5489583 0.3794643 0.5489583 0.3794643 0.5489583 0.3794643 0.5489583 0.3794643 0.5489583 0.3794643 0.5489583 0.3794643 0.5489583 0.3794643 0.5489583 0.3794643 0.5489583 0.3794643 0.5489583 0.3794643 0.5489583 0.3794643 0.5489583 0.3794643 0.5489583 0.3794643 0.5489583 0.3794643 0.5489583 0.3794643 0.5489583 0.3794643 0.5489583 0.3794643 0.5489583 0.3794643 0.5489583 0.3794643 0.5489583 0.3794643 0.5489583 0.3794643 0.5489583 0.3794643 0.5489583 0.3794643 0.5489583 0.3794643 0.5489583 0.3794643 0.5489583 0.3794643 0.5489583 0.3794643 0.5489583 0.3794643 0.5489583 0.3794643 0.5489583 0.3794643 0.5489583 0.3794643 0.5489583 0.3794643 0.5489583 0.3794643 0.5489583 0.3794643 0.5489583 0.3794643 0.5489583 0.3794643 0.5489583 0.3794643 0.5489583 0.3794643 0.5489583 0.3794643 0.5489583 0.3794643 0.5489583 0.3794643 0.5489583 0.3794643 0.5489583 0.3794643 0.5489583 0.3794643 0.5489583 0.3794643 0.5489583 0.3794643 0.5489583 0.3794643 0.5489583 0.3794643 0.5489583 0.3794643 0.5489583 0.3794643 0.5489583 0.3794643 0.5489583 0.3794643 0.5489583 0.3794643 0.5489583 0.3794643 0.5489583 0.3794643 0.5489583 0.3794643 0.5489583 0.3794643 0.5489583 0.3794643 0.5489583 0.3794643 0.5489583 0.3794643 0.5489583 0.3794643 0.5489583 0.3794643 0.5489583 0.3794643 0.5489583 0.3794643 0.5489583 0.3794643 0.5489583 0.3794643 0.5489583 0.3794643 0.5489583 0.3794643 0.5489583 0.3794643 0.5489583 0.3794643 0.5489583 0.3794643 0.5489583 0.3794643 0.5489583 0.3794643 0.5489583 0.3794643 0.5489583 0.3794643 0.5489583 0.3794643 0.5489583 0.3794643 0.5489583 0.3794643 0.5489583 0.3794643 0.5489583 0.3794643 0.5489583 0.3794643 0.5489583 0.3794643 0.5489583 0.3794643 0.5489583 0.3794643 0.5489583 0.3794643 0.5489583 0.3794643 0.5489583 0.3794643 0.5489583 0.3794643 0.5489583 0.3794643 0.5489583 0.3794643 0.5489583 0.3794643 0.5489583 0.3794643 0.5489583 0.3794643 0.5489583 0.3794643 0.5489583 0.3794643 0.5489583 0.3794643 0.5489583 0.3794643 0.5489583 0.3794643 0.5489583 0.3794643 0.5489583 0.3794643 0.5489583 0.3794643 0.5489583 0.3794643 0.5489583 0.3794643 0.5489583 0.3794643 0.5489583 0.3794643 0.5489583 0.3794643 0.5489583 0.3794643 0.5489583 0.3794643 0.5489583 0.3794643 0.5489583 0.3794643 0.5489583 0.3794643 0.5489583 0.3794643 0.5489583 0.3794643 0.5489583 0.3794643 0.5489583 0.3794643 0.5489583 0.3794643 0.5489583 0.3794643 0.5489583 0.3794643 0.5489583 0.3794643 0.5489583 0.3794643 0.5489583 0.3794643 0.5489583 0.3794643 0.5489583 0.3794643 0.5489583 0.3794643 0.5489583 0.3794643 0.5489583 0.3794643 0.5489583 0.3794643 0.5489583 0.3794643 0.5489583 0.3794643 0.5489583 0.3794643 0.5489583 0.3794643 0.5489583 0.3794643 0.5489583 0.3794643 0.5489583 0.3794643 0.5489583 0.3794643 0.5489583 0.3794643 0.5489583 0.3794643 0.5489583 0.3794643 0.5489583 0.3794643 0.5489583 0.3794643 0.5489583 0.3794643 0.5489583 0.3794643 0.5489583 0.3794643 0.5489583 0.3794643 0.5489583 0.3794643 0.5489583 0.3794643 0.5489583 0.3794643 0.5489583 0.3794643 0.5489583 0.3794643 0.5489583 0.3794643 0.5489583 0.3794643 0.5489583 0.3794643 0.5489583 0.3794643 0.5489583 0.3794643 0.5489583 0.3794643 0.5489583 0.3794643 0.5489583 0.3794643 0.5489583 0.3794643 0.5489583 0.3794643 0.5489583 0.3794643 0.5489583 0.3794643 0.5489583 0.3794643 0.5489583 0.3794643 0.5489583 0.3794643 0.5489583 0.3794643 0.5489583 0.3794643 0.5489583 0.3794643 0.5489583 0.3794643 0.5489583 0.3794643 0.5489583 0.3794643 0.5489583 0.3794643 0.5489583 0.3794643 0.5489583 0.3794643 0.5489583 0.3794643 0.5489583 0.3794643 0.5489583 0.3794643 0.5489583 0.3794643 0.5489583 0.3794643 0.5489583 0.3794643 0.5489583 0.3794643 0.5489583 0.3794643 0.5489583 0.3794643 0.5489583 0.3794643 0.5489583 0.3794643 0.5489583 0.3794643 0.5489583 0.3794643 0.5489583 0.3794643 0.5489583 0.3794643 0.5489583 0.3794643 0.5489583 0.3794643 0.5489583 0.3794643 0.5489583 0.3794643 0.5489583 0.3794643 0.5489583 0.3794643 0.5489583 0.3794643 0.5489583 0.3794643 0.5489583 0.3794643 0.5489583 0.3794643 0.5489583 0.3794643 0.5489583 0.3794643 0.5489583 0.3794643 0.5489583 0.3794643 0.5489583 0.3794643 0.5489583 0.3794643 0.5489583 0.3794643 0.5489583 0.3794643 0.5489583 0.3794643 0.5489583 0.3794643 0.5489583 0.3794643 0.5489583 0.3794643 0.5489583 0.3794643 0.5489583 0.3794643 0.5489583 0.3794643 0.5489583 0.3794643 0.5489583 0.3794643 0.5489583 0.3794643 0.5489583 0.3794643 0.5489583 0.3794643 0.5489583 0.3794643 0.5489583 0.3794643 0.5489583 0.3794643 0.5489583 0.3794643 0.5489583 0.3794643 0.5489583 0.3794643 0.5489583 0.3794643 0.5489583 0.3794643 0.5489583 0.3794643 0.5489583 0.3794643 0.5489583 0.3794643 0.5489583 0.3794643 0.5489583 0.3794643 0.5489583 0.3794643 0.5489583 0.3794643 0.5489583 0.3794643 0.5489583 0.3794643 0.5489583 0.3794643 0.5489583 0.3794643 0.5489583 0.3794643 0.5489583 0.3794643 0.5489583 0.3794643 0.5489583 0.3794643 0.5489583 0.3794643 0.5489583 0.3794643 0.5489583 0.3794643 0.5489583 0.3794643 0.5489583 0.3794643 0.5489583 0.3794643 0.5489583 0.3794643 0.5489583 0.3794643 0.5489583 0.3794643 0.5489583 0.3794643 0.5489583 0.3794643 0.5489583 0.3794643 0.5489583 0.3794643 0.5489583 0.3794643 0.5489583 0.3794643 0.5489583 0.3794643 0.5489583 0.3794643 0.5489583 0.3794643 0.5489583 0.3794643 0.5489583 0.3794643 0.5489583 0.3794643 0.5489583 0.3794643 0.5489583 0.3794643 0.5489583 0.3794643 0.5489583 0.3794643 0.5489583 0.3794643 0.5489583 0.3794643 0.5489583 0.3794643 0.5489583 0.3794643 0.5489583 0.3794643 0.5489583 0.3794643 0.5489583 0.3794643 0.5489583 0.3794643 0.5489583 0.3794643 0.5489583 0.3794643 0.5489583 0.3794643 0.5489583 0.3794643 0.5489583 0.3794643 0.5489583 0.3794643 0.5489583 0.3794643 0.5489583 0.3794643 0.5489583 0.3794643 0.5489583 0.3794643 0.5489583 0.3794643 0.5489583 0.3794643 0.5489583 0.3794643 0.5489583 0.3794643 0.5489583 0.3794643 0.5489583 0.3794643 0.5489583 0.3794643 0.5489583 0.3794643 0.5489583 0.3794643 0.5489583 0.3794643 0.5489583 0.3794643 0.5489583 0.3794643 0.5489583 0.3794643 0.5489583 0.3794643 0.5489583 0.3794643 0.5489583 0.3794643 0.5489583 0.3794643 0.5489583 0.3794643 0.5489583 0.3794643 0.5489583 0.3794643 0.5489583 0.3794643 0.5489583 0.3794643 0.5489583 0.3794643 0.5489583 0.3794643 0.5489583 0.3794643 0.5489583 0.3794643 0.5489583 0.3794643 0.5489583 0.3794643 0.5489583 0.3794643 0.5489583 0.3794643 0.5489583 0.3794643 0.5489583 0.3794643 0.5489583 0.3794643 0.5489583 0.3794643 0.5489583 0.3794643 0.5489583 0.3794643 0.5489583 0.3794643 0.5489583 0.3794643 0.5489583 0.3794643 0.5489583 0.3794643 0.5489583 0.3794643 0.5489583 0.3794643 0.5489583 0.3794643 0.5489583 0.3794643 0.5489583 0.3794643 0.5489583 0.3794643 0.5489583 0.3794643 0.5489583 0.3794643 0.5489583 0.3794643 0.5489583 0.3794643 0.5489583 0.3794643 0.5489583 0.3794643 0.5489583 0.3794643 0.5489583 0.3794643 0.5489583 0.3794643 0.5489583 0.3794643 0.5489583 0.3794643 0.5489583 0.3794643 0.5489583 0.3794643 0.5489583 0.3794643 0.5489583 0.3794643 0.5489583 0.3794643 0.5489583 0.3794643 0.5489583 0.3794643 0.5489583 0.3794643 0.5489583 0.3794643 0.5489583 0.3794643 0.5489583 0.3794643 0.5489583 0.3794643 0.5489583 0.3794643 0.5489583 0.3794643 0.5489583 0.3794643 0.5489583 0.3794643 0.5489583 0.3794643 0.5489583 0.3794643 0.5489583 0.3794643 0.5489583 0.3794643 0.5489583 0.3794643 0.5489583 0.3794643 0.5489583 0.3794643 0.5489583 0.3794643 0.5489583 0.3794643 0.5489583 0.3794643 0.5489583 0.3794643 0.5489583 0.3794643 0.5489583 0.3794643 0.5489583 0.3794643 0.5489583 0.3794643 0.5489583 0.3794643 0.5489583 0.3794643 0.5489583 0.3794643 0.5489583 0.3794643 0.5489583 0.3794643 0.5489583 0.3794643 0.5489583 0.3794643 0.5489583 0.3794643 0.5489583 0.3794643 0.5489583 0.3794643 0.5489583 0.3794643 0.5489583 0.3794643 0.5489583 0.3794643 0.5489583 0.3794643 0.5489583 0.3794643 0.5489583 0.3794643 0.5489583 0.3794643 0.5489583 0.3794643 0.5489583 0.3794643 0.5489583 0.3794643 0.5489583 0.3794643 0.5489583 0.3794643 0.5489583 0.3794643 0.5489583 0.3794643 0.5489583 0.3794643 0.5489583 0.3794643 0.5489583 0.3794643 0.5489583 0.3794643 0.5489583 0.3794643 0.5489583 0.3794643 0.5489583 0.3794643 0.5489583 0.3794643 0.5489583 0.3794643 0.5489583 0.3794643 0.5489583 0.3794643 0.5489583 0.3794643 0.5489583 0.3794643 0.5489583 0.3794643 0.5489583 0.3794643 0.5489583 0.3794643 0.5489583 0.3794643 0.5489583 0.3794643 0.5489583 0.3794643 0.5489583 0.3794643 0.5489583 0.3794643 0.5489583 0.3794643 0.5489583 0.3794643 0.5489583 0.3794643 0.5489583 0.3794643 0.5489583 0.3794643 0.5489583 0.3794643 0.5489583 0.3794643 0.5489583 0.3794643 0.5489583 0.3794643 0.5489583 0.3794643 0.5489583 0.3794643 0.5489583 0.3794643 0.5489583 0.3794643 0.5489583 0.3794643 0.5489583 0.3794643 0.5489583 0.3794643 0.5489583 0.3794643 0.5489583 0.3794643 0.5489583 0.3794643 0.5489583 0.3794643 0.5489583 0.3794643 0.5489583 0.3794643 0.5489583 0.3794643 0.5489583 0.3794643 0.5489583 0.3794643 0.5489583 0.3794643 0.5489583 0.3794643 0.5489583 0.3794643 0.5489583 0.3794643 0.5489583 0.3794643 0.5489583 0.3794643 0.5489583 0.3794643 0.5489583 0.3794643 0.5489583 0.3794643 0.5489583 0.3794643 0.5489583 0.3794643 0.5489583 0.3794643 0.5489583 0.3794643 0.5489583 0.3794643 0.5489583 0.3794643 0.5489583 0.3794643 0.5489583 0.3794643 0.5489583 0.3794643 0.5489583 0.3794643 0.5489583 0.3794643 0.5489583 0.3794643 0.5489583 0.3794643 0.5489583 0.3794643 0.5489583 0.3794643 0.5489583 0.3794643 0.5489583 0.3794643 0.5489583 0.3794643 0.5489583 0.3794643 0.5489583 0.3794643 0.5489583 0.3794643 0.5489583 0.3794643 0.5489583 0.3794643 0.5489583 0.3794643 0.5489583 0.3794643 0.5489583 0.3794643 0.5489583 0.3794643 0.5489583 0.3794643 0.5489583 0.3794643 0.5489583 0.3794643 0.5489583 0.3794643 0.5489583 0.3794643 0.5489583 0.3794643 0.5489583 0.3794643 0.5489583 0.3794643 0.5489583 0.3794643 0.5489583 0.3794643 0.5489583 0.3794643 0.5489583 0.3794643 0.5489583 0.3794643 0.5489583 0.3794643 0.5489583 0.3794643 0.5489583 0.3794643 0.5489583 0.3794643 0.5489583 0.3794643 0.5489583 0.3794643 0.5489583 0.3794643 0.5489583 0.3794643 0.5489583 0.3794643 0.5489583 0.3794643 0.5489583 0.3794643 0.5489583 0.3794643 0.5489583 0.3794643 0.5489583 0.3794643 0.5489583 0.3794643 0.5489583 0.3794643 0.5489583 0.3794643 0.5489583 0.3794643 0.5489583 0.3794643 0.5489583 0.3794643 0.5489583 0.3794643 0.5489583 0.3794643 0.5489583 0.3794643 0.5489583 0.3794643 0.5489583 0.3794643 0.5489583 0.3794643 0.5489583 0.3794643 0.5489583 0.3794643 0.5489583 0.3794643 0.5489583 0.3794643 0.5489583 0.3794643 0.5489583 0.3794643 0.5489583 0.3794643 0.5489583 0.3794643 0.5489583 0.3794643 0.5489583 0.3794643 0.5489583 0.3794643 0.5489583 0.3794643 0.5489583 0.3794643 0.5489583 0.3794643 0.5489583 0.3794643 0.5489583 0.3794643 0.5489583 0.3794643 0.5489583 0.3794643 0.5489583 0.3794643 0.5489583 0.3794643 0.5489583 0.3794643 0.5489583 0.3794643 0.5489583 0.3794643 0.5489583 0.3794643 0.5489583 0.3794643 0.5489583 0.3794643 0.5489583 0.3794643 0.5489583 0.3794643 0.5489583 0.3794643 0.5489583 0.3794643 0.5489583 0.3794643 0.5489583 0.3794643 0.5489583 0.3794643 0.5489583 0.3794643 0.5489583 0.3794643 0.5489583 0.3794643 0.5489583 0.3794643 0.5489583 0.3794643 0.5489583 0.3794643 0.5489583 0.3794643 0.5489583 0.3794643 0.5489583 0.3794643 0.5489583 0.3794643 0.5489583 0.3794643 0.5489583 0.3794643 0.5489583 0.3794643 0.5489583 0.3794643 0.5489583 0.3794643 0.5489583 0.3794643 0.5489583 0.3794643 0.5489583 0.3794643 0.5489583 0.3794643 0.5489583 0.3794643 0.5489583 0.3794643 0.5489583 0.3794643 0.5489583 0.3794643 0.5489583 0.3794643 0.5489583 0.3794643 0.5489583 0.3794643 0.5489583 0.3794643 0.5489583 0.3794643 0.5489583 0.3794643 0.5489583 0.3794643 0.5489583 0.3794643 0.5489583 0.3794643 0.5489583 0.3794643 0.5489583 0.3794643 0.5489583 0.3794643 0.5489583 0.3794643 0.5489583 0.3794643 0.5489583 0.3794643 0.5489583 0.3794643 0.5489583 0.3794643 0.5489583 0.3794643 0.5489583 0.3794643 0.5489583 0.3794643 0.5489583 0.3794643 0.5489583 0.3794643 0.5489583 0.3794643 0.5489583 0.3794643 0.5489583 0.3794643 0.5489583 0.3794643 0.5489583 0.3794643 0.5489583 0.3794643 0.5489583 0.3794643 0.5489583 0.3794643 0.5489583 0.3794643 0.5489583 0.3794643 0.5489583 0.3794643 0.5489583 0.3794643 0.5489583 0.3794643 0.5489583 0.3794643 0.5489583 0.3794643 0.5489583 0.3794643 0.5489583 0.3794643 0.5489583 0.3794643 0.5489583 0.3794643 0.5489583 0.3794643 0.5489583 0.3794643 0.5489583 0.3794643 0.5489583 0.3794643 0.5489583 0.3794643 0.5489583 0.3794643 0.5489583 0.3794643 0.5489583 0.3794643 0.5489583 0.3794643 0.5489583 0.3794643 0.5489583 0.3794643 0.5489583 0.3794643 0.5489583 0.3794643 0.5489583 0.3794643 0.5489583 0.3794643 0.5489583 0.3794643 0.5489583 0.3794643 0.5489583 0.3794643 0.5489583 0.3794643 0.5489583 0.3794643 0.5489583 0.3794643 0.5489583 0.3794643 0.5489583 0.3794643 0.5489583 0.3794643 0.5489583 0.3794643 0.5489583 0.3794643 0.5489583 0.3794643 0.5489583 0.3794643 0.5489583 0.3794643 0.5489583 0.3794643 0.5489583 0.3794643 0.5489583 0.3794643 0.5489583 0.3794643 0.5489583 0.3794643 0.5489583 0.3794643 0.5489583 0.3794643 0.5489583 0.3794643 0.5489583 0.3794643 0.5489583 0.3794643 0.5489583 0.3794643 0.5489583 0.3794643 0.5489583 0.3794643 0.5489583 0.3794643 0.5489583 0.3794643 0.5489583 0.3794643 0.5489583 0.3794643 0.5489583 0.3794643 0.5489583 0.3794643 0.5489583 0.3794643 0.5489583 0.3794643 0.5489583 0.3794643 0.5489583 0.3794643 0.5489583 0.3794643 0.5489583 0.3794643 0.5489583 0.3794643 0.5489583 0.3794643 0.5489583 0.3794643 0.5489583 0.3794643 0.5489583 0.3794643 0.5489583 0.3794643 0.5489583 0.3794643 0.5489583 0.3794643 0.5489583 0.3794643 0.5489583 0.3794643 0.5489583 0.3794643 0.5489583 0.3794643 0.5489583 0.3794643 0.5489583 0.3794643 0.5489583 0.3794643 0.5489583 0.3794643 0.5489583 0.3794643 0.5489583 0.3794643 0.5489583 0.3794643 0.5489583 0.3794643 0.5489583 0.3794643 0.5489583 0.3794643 0.5489583 0.3794643 0.5489583 0.3794643 0.5489583 0.3794643 0.5489583 0.3794643 0.5489583 0.3794643 0.5489583 0.3794643 0.5489583 0.3794643 0.5489583 0.3794643 0.5489583 0.3794643 0.5489583 0.3794643 0.5489583 0.3794643 0.5489583 0.3794643 0.5489583 0.3794643 0.5489583 0.3794643 0.5489583 0.3794643 0.5489583 0.3794643 0.5489583 0.3794643 0.5489583 0.3794643 0.5489583 0.3794643 0.5489583 0.3794643 0.5489583 0.3794643 0.5489583 0.3794643 0.5489583 0.3794643 0.5489583 0.3794643 0.5489583 0.3794643 0.5489583 0.3794643 0.5489583 0.3794643 0.5489583 0.3794643 0.5489583 0.3794643 0.5489583 0.3794643 0.5489583 0.3794643 0.5489583 0.3794643 0.5489583 0.3794643 0.5489583 0.3794643 0.5489583 0.3794643 0.5489583 0.3794643 0.5489583 0.3794643 0.5489583 0.3794643 0.5489583 0.3794643 0.5489583 0.3794643 0.5489583 0.3794643 0.5489583 0.3794643 0.5489583 0.3794643 0.5489583 0.3794643 0.5489583 0.3794643 0.5489583 0.3794643 0.5489583 0.3794643 0.5489583 0.3794643 0.5489583 0.3794643 0.5489583 0.3794643 0.5489583 0.3794643 0.5489583 0.3794643 0.5489583 0.3794643 0.5489583 0.3794643 0.5489583 0.3794643 0.5489583 0.3794643 0.5489583 0.3794643 0.5489583 0.3794643 0.5489583 0.3794643 0.5489583 0.3794643 0.5489583 0.3794643 0.5489583 0.3794643 0.5489583 0.3794643 0.5489583 0.3794643 0.5489583 0.3794643 0.5489583 0.3794643 0.5489583 0.3794643 0.5489583 0.3794643 0.5489583 0.3794643 0.5489583 0.3794643 0.5489583 0.3794643 0.5489583 0.3794643 0.5489583 0.3794643 0.5489583 0.3794643 0.5489583 0.3794643 0.5489583 0.3794643 0.5489583 0.3794643 0.5489583 0.3794643 0.5489583 0.3794643 0.5489583 0.3794643 0.5489583 0.3794643 0.5489583 0.3794643 0.5489583 0.3794643 0.5489583 0.3794643 0.5489583 0.3794643 0.5489583 0.3794643 0.5489583 0.3794643 0.5489583 0.3794643 0.5489583 0.3794643 0.5489583 0.3794643 0.5489583 0.3794643 0.5489583 0.3794643 0.5489583 0.3794643 0.5489583 0.3794643 0.5489583 0.3794643 0.5489583 0.3794643 0.5489583 0.3794643 0.5489583 0.3794643 0.5489583 0.3794643 0.5489583 0.3794643 0.5489583 0.3794643 0.5489583 0.3794643 0.5489583 0.3794643 0.5489583 0.3794643 0.5489583 0.3794643 0.5489583 0.3794643 0.5489583 0.3794643 0.5489583 0.3794643 0.5489583 0.3794643 0.5489583 0.3794643 0.5489583 0.3794643 0.5489583 0.3794643 0.5489583 0.3794643 0.5489583 0.3794643 0.5489583 0.3794643 0.5489583 0.3794643 0.5489583 0.3794643 0.5489583 0.3794643 0.5489583 0.3794643 0.5489583 0.3794643 0.5489583 0.3794643 0.5489583 0.3794643 0.5489583 0.3794643 0.5489583 0.3794643 0.5489583 0.3794643 0.5489583 0.3794643 0.5489583 0.3794643 0.5489583 0.3794643 0.5489583 0.3794643 0.5489583 0.3794643 0.5489583 0.3794643 0.5489583 0.3794643 0.5489583 0.3794643 0.5489583 0.3794643 0.5489583 0.3794643 0.5489583 0.3794643 0.5489583 0.3794643 0.5489583 0.3794643 0.5489583 0.3794643 0.5489583 0.3794643 0.5489583 0.3794643 0.5489583 0.3794643 0.5489583 0.3794643 0.5489583 0.3794643 0.5489583 0.3794643 0.5489583 0.3794643 0.5489583 0.3794643 0.5489583 0.3794643 0.5489583 0.3794643 0.5489583 0.3794643 0.5489583 0.3794643 0.5489583 0.3794643 0.5489583 0.3794643 0.5489583 0.3794643 0.5489583 0.3794643 0.5489583 0.3794643 0.5489583 0.3794643 0.5489583 0.3794643 0.5489583 0.3794643 0.5489583 0.3794643 0.5489583 0.3794643 0.5489583 0.3794643 0.5489583 0.3794643 0.5489583 0.3794643 0.5489583 0.3794643 0.5489583 0.3794643 0.5489583 0.3794643 0.5489583 0.3794643 0.5489583 0.3794643 0.5489583 0.3794643 0.5489583 0.3794643 0.5489583 0.3794643 0.5489583 0.3794643 0.5489583 0.3794643 0.5489583 0.3794643 0.5489583 0.3794643 0.5489583 0.3794643 0.5489583 0.3794643 0.5489583 0.3794643 0.5489583 0.3794643 0.5489583 0.3794643 0.5489583 0.3794643 0.5489583 0.3794643 0.5489583 0.3794643 0.5489583 0.3794643 0.5489583 0.3794643 0.5489583 0.3794643 0.5489583 0.3794643 0.5489583 0.3794643 0.5489583 0.3794643 0.5489583 0.3794643 0.5489583 0.3794643 0.5489583 0.3794643 0.5489583 0.3794643 0.5489583 0.3794643 0.5489583 0.3794643 0.5489583 0.3794643 0.5489583 0.3794643 0.5489583 0.3794643 0.5489583 0.3794643 0.5489583 0.3794643 0.5489583 0.3794643 0.5489583 0.3794643 0.5489583 0.3794643 0.5489583 0.3794643 0.5489583 0.3794643 0.5489583 0.3794643 0.5489583 0.3794643 0.5489583 0.3794643 0.5489583 0.3794643 0.5489583 0.3794643 0.5489583 0.3794643 0.5489583 0.3794643 0.5489583 0.3794643 0.5489583 0.3794643 0.5489583 0.3794643 0.5489583 0.3794643 0.5489583 0.3794643 0.5489583 0.3794643 0.5489583 0.3794643 0.5489583 0.3794643 0.5489583 0.3794643 0.5489583 0.3794643 0.5489583 0.3794643 0.5489583 0.3794643 0.5489583 0.3794643 0.5489583 0.3794643 0.5489583 0.3794643 0.5489583 0.3794643 0.5489583 0.3794643 0.5489583 0.3794643 0.5489583 0.3794643 0.5489583 0.3794643 0.5489583 0.3794643 0.5489583 0.3794643 0.5489583 0.3794643 0.5489583 0.3794643 0.5489583 0.3794643 0.5489583 0.3794643 0.5489583 0.3794643 0.5489583 0.3794643 0.5489583 0.3794643 0.5489583 0.3794643 0.5489583 0.3794643 0.5489583 0.3794643 0.5489583 0.3794643 0.5489583 0.3794643 0.5489583 0.3794643 0.5489583 0.3794643 0.5489583 0.3794643 0.5489583 0.3794643 0.5489583 0.3794643 0.5489583 0.3794643 0.5489583 0.3794643 0.5489583 0.3794643 0.5489583 0.3794643 0.5489583 0.3794643 0.5489583 0.3794643 0.5489583 0.3794643 0.5489583 0.3794643 0.5489583 0.3794643 0.5489583 0.3794643 0.5489583 0.3794643 0.5489583 0.3794643 0.5489583 0.3794643 0.5489583 0.3794643 0.5489583 0.3794643 0.5489583 0.3794643 0.5489583 0.3794643 0.5489583 0.3794643 0.5489583 0.3794643 0.5489583 0.3794643 0.5489583 0.3794643 0.5489583 0.3794643 0.5489583 0.3794643 0.5489583 0.3794643 0.5489583 0.3794643 0.5489583 0.3794643 0.5489583 0.3794643 0.5489583 0.3794643 0.5489583 0.3794643 0.5489583 0.3794643 0.5489583 0.3794643 0.5489583 0.3794643 0.5489583 0.3794643 0.5489583 0.3794643 0.5489583 0.3794643 0.5489583 0.3794643 0.5489583 0.3794643 0.5489583 0.3794643 0.5489583 0.3794643 0.5489583 0.3794643 0.5489583 0.3794643 0.5489583 0.3794643 0.5489583 0.3794643 0.5489583 0.3794643 0.5489583 0.3794643 0.5489583 0.3794643 0.5489583 0.3794643 0.5489583 0.3794643 0.5489583 0.3794643 0.5489583 0.3794643 0.5489583 0.3794643 0.5489583 0.3794643 0.5489583 0.3794643 0.5489583 0.3794643 0.5489583 0.3794643 0.5489583 0.3794643 0.5489583 0.3794643 0.5489583 0.3794643 0.5489583 0.3794643 0.5489583 0.3794643 0.5489583 0.3794643 0.5489583 0.3794643 0.5489583 0.3794643 0.5489583 0.3794643 0.5489583 0.3794643 0.5489583 0.3794643 0.5489583 0.3794643 0.5489583 0.3794643 0.5489583 0.3794643 0.5489583 0.3794643 0.5489583 0.3794643 0.5489583 0.3794643 0.5489583 0.3794643 0.5489583 0.3794643 0.5489583 0.3794643 0.5489583 0.3794643 0.5489583 0.3794643 0.5489583 0.3794643 0.5489583 0.3794643 0.5489583 0.3794643 0.5489583 0.3794643 0.5489583 0.3794643 0.5489583 0.3794643 0.5489583 0.3794643 0.5489583 0.3794643 0.5489583 0.3794643 0.5489583 0.3794643 0.5489583 0.3794643 0.5489583 0.3794643 0.5489583 0.3794643 0.5489583 0.3794643 0.5489583 0.3794643 0.5489583 0.3794643 0.5489583 0.3794643 0.5489583 0.3794643 0.5489583 0.3794643 0.5489583 0.3794643 0.5489583 0.3794643 0.5489583 0.3794643 0.5489583 0.3794643 0.5489583 0.3794643 0.5489583 0.3794643 0.5489583 0.3794643 0.5489583 0.3794643 0.5489583 0.3794643 0.5489583 0.3794643 0.5489583 0.3794643 0.5489583 0.3794643 0.5489583 0.3794643 0.5489583 0.3794643 0.5489583 0.3794643 0.5489583 0.3794643 0.5489583 0.3794643 0.5489583 0.3794643 0.5489583 0.3794643 0.5489583 0.3794643 0.5489583 0.3794643 0.5489583 0.3794643 0.5489583 0.3794643 0.5489583 0.3794643 0.5489583 0.3794643 0.5489583 0.3794643 0.5489583 0.3794643 0.5489583 0.3794643 0.5489583 0.3794643 0.5489583 0.3794643 0.5489583 0.3794643 0.5489583 0.3794643 0.5489583 0.3794643 0.5489583 0.3794643 0.5489583 0.3794643 0.5489583 0.3794643 0.5489583 0.3794643 0.5489583 0.3794643 0.5489583 0.3794643 0.5489583 0.3794643 0.5489583 0.3794643 0.5489583 0.3794643 0.5489583 0.3794643 0.5489583 0.3794643 0.5489583 0.3794643 0.5489583 0.3794643 0.5489583 0.3794643 0.5489583 0.3794643 0.5489583 0.3794643 0.5489583 0.3794643 0.5489583 0.3794643 0.5489583 0.3794643 0.5489583 0.3794643 0.5489583 0.3794643 0.5489583 0.3794643 0.5489583 0.3794643 0.5489583 0.3794643 0.5489583 0.3794643 0.5489583 0.3794643 0.5489583 0.3794643 0.5489583 0.3794643 0.5489583 0.3794643 0.5489583 0.3794643 0.5489583 0.3794643 0.5489583 0.3794643 0.5489583 0.3794643 0.5489583 0.3794643 0.5489583 0.3794643 0.5489583 0.3794643 0.5489583 0.3794643 0.5489583 0.3794643 0.5489583 0.3794643 0.5489583 0.3794643 0.5489583 0.3794643 0.5489583 0.3794643 0.5489583 0.3794643 0.5489583 0.3794643 0.5489583 0.3794643 0.5489583 0.3794643 0.5489583 0.3794643 0.5489583 0.3794643 0.5489583 0.3794643 0.5489583 0.3794643 0.5489583 0.3794643 0.5489583 0.3794643 0.5489583 0.3794643 0.5489583 0.3794643 0.5489583 0.3794643 0.5489583 0.3794643 0.5489583 0.3794643 0.5489583 0.3794643 0.5489583 0.3794643 0.5489583 0.3794643 0.5489583 0.3794643 0.5489583 0.3794643 0.5489583 0.3794643 0.5489583 0.3794643 0.5489583 0.3794643 0.5489583 0.3794643 0.5489583 0.3794643 0.5489583 0.3794643 0.5489583 0.3794643 0.5489583 0.3794643 0.5489583 0.3794643 0.5489583 0.3794643 0.5489583 0.3794643 0.5489583 0.3794643 0.5489583 0.3794643 0.5489583 0.3794643 0.5489583 0.3794643 0.5489583 0.3794643 0.5489583 0.3794643 0.5489583 0.3794643 0.5489583 0.3794643 0.5489583 0.3794643 0.5489583 0.3794643 0.5489583 0.3794643 0.5489583 0.3794643 0.5489583 0.3794643 0.5489583 0.3794643 0.5489583 0.3794643 0.5489583 0.3794643 0.5489583 0.3794643 0.5489583 0.3794643 0.5489583 0.3794643 0.5489583 0.3794643 0.5489583 0.3794643 0.5489583 0.3794643 0.5489583 0.3794643 0.5489583 0.3794643 0.5489583 0.3794643 0.5489583 0.3794643 0.5489583 0.3794643 0.5489583 0.3794643 0.5489583 0.3794643 0.5489583 0.3794643 0.5489583 0.3794643 0.5489583 0.3794643 0.5489583 0.3794643 0.5489583 0.3794643 0.5489583 0.3794643 0.5489583 0.3794643 0.5489583 0.3794643 0.5489583 0.3794643 0.5489583 0.3794643 0.5489583 0.3794643 0.5489583 0.3794643 0.5489583 0.3794643 0.5489583 0.3794643 0.5489583 0.3794643 0.5489583 0.3794643 0.5489583 0.3794643 0.5489583 0.3794643 0.5489583 0.3794643 0.5489583 0.3794643 0.5489583 0.3794643 0.5489583 0.3794643 0.5489583 0.3794643 0.5489583 0.3794643 0.5489583 0.3794643 0.5489583 0.3794643 0.5489583 0.3794643 0.5489583 0.3794643 0.5489583 0.3794643 0.5489583 0.3794643 0.5489583 0.3794643 0.5489583 0.3794643 0.5489583 0.3794643 0.5489583 0.3794643 0.5489583 0.3794643 0.5489583 0.3794643 0.5489583 0.3794643 0.5489583 0.3794643 0.5489583 0.3794643 0.5489583 0.3794643 0.5489583 0.3794643 0.5489583 0.3794643 0.5489583 0.3794643 0.5489583 0.3794643 0.5489583 0.3794643 0.5489583 0.3794643 0.5489583 0.3794643 0.5489583 0.3794643 0.5489583 0.3794643 0.5489583 0.3794643 0.5489583 0.3794643 0.5489583 0.3794643 0.5489583 0.3794643 0.5489583 0.3794643 0.5489583 0.3794643 0.5489583 0.3794643 0.5489583 0.3794643 0.5489583 0.3794643 0.5489583 0.3794643 0.5489583 0.3794643 0.5489583 0.3794643 0.5489583 0.3794643 0.5489583 0.3794643 0.5489583 0.3794643 0.5489583 0.3794643 0.5489583 0.3794643 0.5489583 0.3794643 0.5489583 0.3794643 0.5489583 0.3794643 0.5489583 0.3794643 0.5489583 0.3794643 0.5489583 0.3794643 0.5489583 0.3794643 0.5489583 0.3794643 0.5489583 0.3794643 0.5489583 0.3794643 0.5489583 0.3794643 0.5489583 0.3794643 0.5489583 0.3794643 0.5489583 0.3794643 0.5489583 0.3794643 0.5489583 0.3794643 0.5489583 0.3794643 0.5489583 0.3794643 0.5489583 0.3794643 0.5489583 0.3794643 0.5489583 0.3794643 0.5489583 0.3794643 0.5489583 0.3794643 0.5489583 0.3794643 0.5489583 0.3794643 0.5489583 0.3794643 0.5489583 0.3794643 0.5489583 0.3794643 0.5489583 0.3794643 0.5489583 0.3794643 0.5489583 0.3794643 0.5489583 0.3794643 0.5489583 0.3794643 0.5489583 0.3794643 0.5489583 0.3794643 0.5489583 0.3794643 0.5489583 0.3794643 0.5489583 0.3794643 0.5489583 0.3794643 0.5489583 0.3794643 0.5489583 0.3794643 0.5489583 0.3794643 0.5489583 0.3794643 0.5489583 0.3794643 0.5489583 0.3794643 0.5489583 0.3794643 0.5489583 0.3794643 0.5489583 0.3794643 0.5489583 0.3794643 0.5489583 0.3794643 0.5489583 0.3794643 0.5489583 0.3794643 0.5489583 0.3794643 0.5489583 0.3794643 0.5489583 0.3794643 0.5489583 0.3794643 0.5489583 0.3794643 0.5489583 0.3794643 0.5489583 0.3794643 0.5489583 0.3794643 0.5489583 0.3794643 0.5489583 0.3794643 0.5489583 0.3794643 0.5489583 0.3794643 0.5489583 0.3794643 0.5489583 0.3794643 0.5489583 0.3794643 0.5489583 0.3794643 0.5489583 0.3794643 0.5489583 0.3794643 0.5489583 0.3794643 0.5489583 0.3794643 0.5489583 0.3794643 0.5489583 0.3794643 0.5489583 0.3794643 0.5489583 0.3794643 0.5489583 0.3794643 0.5489583 0.3794643 0.5489583 0.3794643 0.5489583 0.3794643 0.5489583 0.3794643 0.5489583 0.3794643 0.5489583 0.3794643 0.5489583 0.3794643 0.5489583 0.3794643 0.5489583 0.3794643 0.5489583 0.3794643 0.5489583 0.3794643 0.5489583 0.3794643 0.5489583 0.3794643 0.5489583 0.3794643 0.5489583 0.3794643 0.5489583 0.3794643 0.5489583 0.3794643 0.5489583 0.3794643 0.5489583 0.3794643 0.5489583 0.3794643 0.5489583 0.3794643 0.5489583 0.3794643 0.5489583 0.3794643 0.5489583 0.3794643 0.5489583 0.3794643 0.5489583 0.3794643 0.5489583 0.3794643 0.5489583 0.3794643 0.5489583 0.3794643 0.5489583 0.3794643 0.5489583 0.3794643 0.5489583 0.3794643 0.5489583 0.3794643 0.5489583 0.3794643 0.5489583 0.3794643 0.5489583 0.3794643 0.5489583 0.3794643 0.5489583 0.3794643 0.5489583 0.3794643 0.5489583 0.3794643 0.5489583 0.3794643 0.5489583 0.3794643 0.5489583 0.3794643 0.5489583 0.3794643 0.5489583 0.3794643 0.5489583 0.3794643 0.5489583 0.3794643 0.5489583 0.3794643 0.5489583 0.3794643 0.5489583 0.3794643 0.5489583 0.3794643 0.5489583 0.3794643 0.5489583 0.3794643 0.5489583 0.3794643 0.5489583 0.3794643 0.5489583 0.3794643 0.5489583 0.3794643 0.5489583 0.3794643 0.5489583 0.3794643 0.5489583 0.3794643 0.5489583 0.3794643 0.5489583 0.3794643 0.5489583 0.3794643 0.5489583 0.3794643 0.5489583 0.3794643 0.5489583 0.3794643 0.5489583 0.3794643 0.5489583 0.3794643 0.5489583 0.3794643 0.5489583 0.3794643 0.5489583 0.3794643 0.5489583 0.3794643 0.5489583 0.3794643 0.5489583 0.3794643 0.5489583 0.3794643 0.5489583 0.3794643 0.5489583 0.3794643 0.5489583 0.3794643 0.5489583 0.3794643 0.5489583 0.3794643 0.5489583 0.3794643 0.5489583 0.3794643 0.5489583 0.3794643 0.5489583 0.3794643 0.5489583 0.3794643 0.5489583 0.3794643 0.5489583 0.3794643 0.5489583 0.3794643 0.5489583 0.3794643 0.5489583 0.3794643 0.5489583 0.3794643 0.5489583 0.3794643 0.5489583 0.3794643 0.5489583 0.3794643 0.5489583 0.3794643 0.5489583 0.3794643 0.5489583 0.3794643 0.5489583 0.3794643 0.5489583 0.3794643 0.5489583 0.3794643 0.5489583 0.3794643 0.5489583 0.3794643 0.5489583 0.3794643 0.5489583 0.3794643 0.5489583 0.3794643 0.5489583 0.3794643 0.5489583 0.3794643 0.5489583 0.3794643 0.5489583 0.3794643 0.5489583 0.3794643 0.5489583 0.3794643 0.5489583 0.3794643 0.5489583 0.3794643 0.5489583 0.3794643 0.5489583 0.3794643 0.5489583 0.3794643 0.5489583 0.3794643 0.5489583 0.3794643 0.5489583 0.3794643 0.5489583 0.3794643 0.5489583 0.3794643 0.5489583 0.3794643 0.5489583 0.3794643 0.5489583 0.3794643 0.5489583 0.3794643 0.5489583 0.3794643 0.5489583 0.3794643 0.5489583 0.3794643 0.5489583 0.3794643 0.5489583 0.3794643 0.5489583 0.3794643 0.5489583 0.3794643 0.5489583 0.3794643 0.5489583 0.3794643 0.5489583 0.3794643 0.5489583 0.3794643 0.5489583 0.3794643 0.5489583 0.3794643 0.5489583 0.3794643 0.5489583 0.3794643 0.5489583 0.3794643 0.5489583 0.3794643 0.5489583 0.3794643 0.5489583 0.3794643 0.5489583 0.3794643 0.5489583 0.3794643 0.5489583 0.3794643 0.5489583 0.3794643 0.5489583 0.3794643 0.5489583 0.3794643 0.5489583 0.3794643 0.5489583 0.3794643 0.5489583 0.3794643 0.5489583 0.3794643 0.5489583 0.3794643 0.5489583 0.3794643 0.5489583 0.3794643 0.5489583 0.3794643 0.5489583 0.3794643 0.5489583 0.3794643 0.5489583 0.3794643 0.5489583 0.3794643 0.5489583 0.3794643 0.5489583 0.3794643 0.5489583 0.3794643 0.5489583 0.3794643 0.5489583 0.3794643 0.5489583 0.3794643 0.5489583 0.3794643 0.5489583 0.3794643 0.5489583 0.3794643 0.5489583 0.3794643 0.5489583 0.3794643 0.5489583 0.3794643 0.5489583 0.3794643 0.5489583 0.3794643 0.5489583 0.3794643 0.5489583 0.3794643 0.5489583 0.3794643 0.5489583 0.3794643 0.5489583 0.3794643 0.5489583 0.3794643 0.5489583 0.3794643 0.5489583 0.3794643 0.5489583 0.3794643 0.5489583 0.3794643 0.5489583 0.3794643 0.5489583 0.3794643 0.5489583 0.3794643 0.5489583 0.3794643 0.5489583 0.3794643 0.5489583 0.3794643 0.5489583 0.3794643 0.5489583 0.3794643 0.5489583 0.3794643 0.5489583 0.3794643 0.5489583 0.3794643 0.5489583 0.3794643 0.5489583 0.3794643 0.5489583 0.3794643 0.5489583 0.3794643 0.5489583 0.3794643 0.5489583 0.3794643 0.5489583 0.3794643 0.5489583 0.3794643 0.5489583 0.3794643 0.5489583 0.3794643 0.1489583 0.3794643 0.1489583 0.3794643 0.1489583 0.3794643 0.1489583 0.3794643 0.1489583 0.3794643 0.1489583 0.3794643 0.1489583 0.3794643 0.1489583 0.3794643 0.1489583 0.3794643 0.1489583 0.3794643 0.1489583 0.3794643 0.1489583 0.3794643 0.1489583 0.3794643 0.1489583 0.3794643 0.1489583 0.3794643 0.1489583 0.3794643 0.1489583 0.3794643 0.1489583 0.3794643 0.1489583 0.3794643 0.1489583 0.3794643 0.1489583 0.3794643 0.1489583 0.3794643 0.1489583 0.3794643 0.1489583 0.3794643 0.1489583 0.3794643 0.1489583 0.3794643 0.1489583 0.3794643 0.1489583 0.3794643 0.1489583 0.3794643 0.1489583 0.3794643 0.1489583 0.3794643 0.1489583 0.3794643 0.1489583 0.3794643 0.1489583 0.3794643 0.1489583 0.3794643 0.1489583 0.3794643 0.1489583 0.3794643 0.1489583 0.3794643 0.1489583 0.3794643 0.1489583 0.3794643 0.1489583 0.3794643 0.1489583 0.3794643 0.1489583 0.3794643 0.1489583 0.3794643 0.1489583 0.3794643 0.1489583 0.3794643 0.1489583 0.3794643 0.1489583 0.3794643 0.1489583 0.3794643 0.1489583 0.3794643 0.1489583 0.3794643 0.1489583 0.3794643 0.1489583 0.3794643 0.1489583 0.3794643 0.1489583 0.3794643 0.1489583 0.3794643 0.1489583 0.3794643 0.1489583 0.3794643 0.1489583 0.3794643 0.1489583 0.3794643 0.1489583 0.3794643 0.1489583 0.3794643 0.1489583 0.3794643 0.1489583 0.3794643 0.1489583 0.3794643 0.1489583 0.3794643 0.1489583 0.3794643 0.1489583 0.3794643 0.1489583 0.3794643 0.1489583 0.3794643 0.1489583 0.3794643 0.1489583 0.3794643 0.1489583 0.3794643 0.1489583 0.3794643 0.1489583 0.3794643 0.1489583 0.3794643 0.1489583 0.3794643 0.1489583 0.3794643 0.1489583 0.3794643 0.1489583 0.3794643 0.1489583 0.3794643 0.1489583 0.3794643 0.1489583 0.3794643 0.1489583 0.3794643 0.1489583 0.3794643 0.1489583 0.3794643 0.1489583 0.3794643 0.1489583 0.3794643 0.1489583 0.3794643 0.1489583 0.3794643 0.1489583 0.3794643 0.1489583 0.3794643 0.1489583 0.3794643 0.1489583 0.3794643 0.1489583 0.3794643 0.1489583 0.3794643 0.1489583 0.3794643 0.1489583 0.3794643 0.1489583 0.3794643 0.1489583 0.3794643 0.1489583 0.3794643 0.1489583 0.3794643 0.1489583 0.3794643 0.1489583 0.3794643 0.1489583 0.3794643 0.1489583 0.3794643 0.1489583 0.3794643 0.1489583 0.3794643 0.1489583 0.3794643 0.1489583 0.3794643 0.1489583 0.3794643 0.1489583 0.3794643 0.1489583 0.3794643 0.1489583 0.3794643 0.1489583 0.3794643 0.1489583 0.3794643 0.1489583 0.3794643 0.1489583 0.3794643 0.1489583 0.3794643 0.1489583 0.3794643 0.1489583 0.3794643 0.1489583 0.3794643 0.1489583 0.3794643 0.1489583 0.3794643 0.1489583 0.3794643 0.1489583 0.3794643 0.1489583 0.3794643 0.1489583 0.3794643 0.1489583 0.3794643 0.1489583 0.3794643 0.1489583 0.3794643 0.1489583 0.3794643 0.1489583 0.3794643 0.1489583 0.3794643 0.1489583 0.3794643 0.1489583 0.3794643 0.1489583 0.3794643 0.1489583 0.3794643 0.1489583 0.3794643 0.1489583 0.3794643 0.1489583 0.3794643 0.1489583 0.3794643 0.1489583 0.3794643 0.1489583 0.3794643 0.1489583 0.3794643 0.1489583 0.3794643 0.1489583 0.3794643 0.1489583 0.3794643 0.1489583 0.3794643 0.1489583 0.3794643 0.1489583 0.3794643 0.1489583 0.3794643 0.1489583 0.3794643 0.1489583 0.3794643 0.1489583 0.3794643 0.1489583 0.3794643 0.1489583 0.3794643 0.1489583 0.3794643 0.1489583 0.3794643 0.1489583 0.3794643 0.1489583 0.3794643 0.1489583 0.3794643 0.1489583 0.3794643 0.1489583 0.3794643 0.1489583 0.3794643 0.1489583 0.3794643 0.1489583 0.3794643 0.1489583 0.3794643 0.1489583 0.3794643 0.1489583 0.3794643 0.1489583 0.3794643 0.1489583 0.3794643 0.1489583 0.3794643 0.1489583 0.3794643 0.1489583 0.3794643 0.1489583 0.3794643 0.1489583 0.3794643 0.1489583 0.3794643 0.1489583 0.3794643 0.1489583 0.3794643 0.1489583 0.3794643 0.1489583 0.3794643 0.1489583 0.3794643 0.1489583 0.3794643 0.1489583 0.3794643 0.1489583 0.3794643 0.1489583 0.3794643 0.1489583 0.3794643 0.1489583 0.3794643 0.1489583 0.3794643 0.1489583 0.3794643 0.1489583 0.3794643 0.1489583 0.3794643 0.1489583 0.3794643 0.1489583 0.3794643 0.1489583 0.3794643 0.1489583 0.3794643 0.1489583 0.3794643 0.1489583 0.3794643 0.1489583 0.3794643 0.1489583 0.3794643 0.1489583 0.3794643 0.1489583 0.3794643 0.1489583 0.3794643 0.1489583 0.3794643 0.1489583 0.3794643 0.1489583 0.3794643 0.1489583 0.3794643 0.1489583 0.3794643 0.1489583 0.3794643 0.1489583 0.3794643 0.1489583 0.3794643 0.1489583 0.3794643 0.1489583 0.3794643 0.1489583 0.3794643 0.1489583 0.3794643 0.1489583 0.3794643 0.1489583 0.3794643 0.1489583 0.3794643 0.1489583 0.3794643 0.1489583 0.3794643 0.1489583 0.3794643 0.1489583 0.3794643 0.1489583 0.3794643 0.1489583 0.3794643 0.1489583 0.3794643 0.1489583 0.3794643 0.1489583 0.3794643 0.1489583 0.3794643 0.1489583 0.3794643 0.1489583 0.3794643 0.1489583 0.3794643 0.1489583 0.3794643 0.1489583 0.3794643 0.1489583 0.3794643 0.1489583 0.3794643 0.1489583 0.3794643 0.1489583 0.3794643 0.1489583 0.3794643 0.1489583 0.3794643 0.1489583 0.3794643 0.1489583 0.3794643 0.1489583 0.3794643 0.1489583 0.3794643 0.1489583 0.3794643 0.1489583 0.3794643 0.1489583 0.3794643 0.1489583 0.3794643 0.1489583 0.3794643 0.1489583 0.3794643 0.1489583 0.3794643 0.1489583 0.3794643 0.1489583 0.3794643 0.1489583 0.3794643 0.1489583 0.3794643 0.1489583 0.3794643 0.1489583 0.3794643 0.1489583 0.3794643 0.1489583 0.3794643 0.1489583 0.3794643 0.1489583 0.3794643 0.1489583 0.3794643 0.1489583 0.3794643 0.1489583 0.3794643 0.1489583 0.3794643 0.1489583 0.3794643 0.1489583 0.3794643 0.1489583 0.3794643 0.1489583 0.3794643 0.1489583 0.3794643 0.1489583 0.3794643 0.1489583 0.3794643 0.1489583 0.3794643 0.1489583 0.3794643 0.1489583 0.3794643 0.1489583 0.3794643 0.1489583 0.3794643 0.1489583 0.3794643 0.1489583 0.3794643 0.1489583 0.3794643 0.1489583 0.3794643 0.1489583 0.3794643 0.1489583 0.3794643 0.1489583 0.3794643 0.1489583 0.3794643 0.1489583 0.3794643 0.1489583 0.3794643 0.1489583 0.3794643 0.1489583 0.3794643 0.1489583 0.3794643 0.1489583 0.3794643 0.1489583 0.3794643 0.1489583 0.3794643 0.1489583 0.3794643 0.1489583 0.3794643 0.1489583 0.3794643 0.1489583 0.3794643 0.1489583 0.3794643 0.1489583 0.3794643 0.1489583 0.3794643 0.1489583 0.3794643 0.1489583 0.3794643 0.1489583 0.3794643 0.1489583 0.3794643 0.1489583 0.3794643 0.1489583 0.3794643 0.1489583 0.3794643 0.1489583 0.3794643 0.1489583 0.3794643 0.1489583 0.3794643 0.1489583 0.3794643 0.1489583 0.3794643 0.1489583 0.3794643 0.1489583 0.3794643 0.1489583 0.3794643 0.1489583 0.3794643 0.1489583 0.3794643 0.1489583 0.3794643 0.1489583 0.3794643 0.1489583 0.3794643 0.1489583 0.3794643 0.1489583 0.3794643 0.1489583 0.3794643 0.1489583 0.3794643 0.1489583 0.3794643 0.1489583 0.3794643 0.1489583 0.3794643 0.1489583 0.3794643 0.1489583 0.3794643 0.1489583 0.3794643 0.1489583 0.3794643 0.1489583 0.3794643 0.1489583 0.3794643 0.1489583 0.3794643 0.1489583 0.3794643 0.1489583 0.3794643 0.1489583 0.3794643 0.1489583 0.3794643 0.1489583 0.3794643 0.1489583 0.3794643 0.1489583 0.3794643 0.1489583 0.3794643 0.1489583 0.3794643 0.1489583 0.3794643 0.1489583 0.3794643 0.1489583 0.3794643 0.1489583 0.3794643 0.1489583 0.3794643 0.1489583 0.3794643 0.1489583 0.3794643 0.1489583 0.3794643 0.1489583 0.3794643 0.1489583 0.3794643 0.1489583 0.3794643 0.1489583 0.3794643 0.1489583 0.3794643 0.1489583 0.3794643 0.1489583 0.3794643 0.1489583 0.3794643 0.1489583 0.3794643 0.1489583 0.3794643 0.1489583 0.3794643 0.1489583 0.3794643 0.1489583 0.3794643 0.1489583 0.3794643 0.1489583 0.3794643 0.1489583 0.3794643 0.1489583 0.3794643 0.1489583 0.3794643 0.1489583 0.3794643 0.1489583 0.3794643 0.1489583 0.3794643 0.1489583 0.3794643 0.1489583 0.3794643 0.1489583 0.3794643 0.1489583 0.3794643 0.1489583 0.3794643 0.1489583 0.3794643 0.1489583 0.3794643 0.1489583 0.3794643 0.1489583 0.3794643 0.1489583 0.3794643 0.1489583 0.3794643 0.1489583 0.3794643 0.1489583 0.3794643 0.1489583 0.3794643 0.1489583 0.3794643 0.1489583 0.3794643 0.1489583 0.3794643 0.1489583 0.3794643 0.1489583 0.3794643 0.1489583 0.3794643 0.1489583 0.3794643 0.1489583 0.3794643 0.1489583 0.3794643 0.1489583 0.3794643 0.1489583 0.3794643 0.1489583 0.3794643 0.1489583 0.3794643 0.1489583 0.3794643 0.1489583 0.3794643 0.1489583 0.3794643 0.1489583 0.3794643 0.1489583 0.3794643 0.1489583 0.3794643 0.1489583 0.3794643 0.1489583 0.3794643 0.1489583 0.3794643 0.1489583 0.3794643 0.1489583 0.3794643 0.1489583 0.3794643 0.1489583 0.3794643 0.1489583 0.3794643 0.1489583 0.3794643 0.1489583 0.3794643 0.1489583 0.3794643 0.1489583 0.3794643 0.1489583 0.3794643 0.1489583 0.3794643 0.1489583 0.3794643 0.1489583 0.3794643 0.1489583 0.3794643 0.1489583 0.3794643 0.1489583 0.3794643 0.1489583 0.3794643 0.1489583 0.3794643 0.1489583 0.3794643 0.1489583 0.3794643 0.1489583 0.3794643 0.1489583 0.3794643 0.1489583 0.3794643 0.1489583 0.3794643 0.1489583 0.3794643 0.1489583 0.3794643 0.1489583 0.3794643 0.1489583 0.3794643 0.1489583 0.3794643 0.1489583 0.3794643 0.1489583 0.3794643 0.1489583 0.3794643 0.1489583 0.3794643 0.1489583 0.3794643 0.1489583 0.3794643 0.1489583 0.3794643 0.1489583 0.3794643 0.1489583 0.3794643 0.1489583 0.3794643 0.1489583 0.3794643 0.1489583 0.3794643 0.1489583 0.3794643 0.1489583 0.3794643 0.1489583 0.3794643 0.1489583 0.3794643 0.1489583 0.3794643 0.1489583 0.3794643 0.1489583 0.3794643 0.1489583 0.3794643 0.1489583 0.3794643 0.1489583 0.3794643 0.1489583 0.3794643 0.1489583 0.3794643 0.1489583 0.3794643 0.1489583 0.3794643 0.1489583 0.3794643 0.1489583 0.3794643 0.1489583 0.3794643 0.1489583 0.3794643 0.1489583 0.3794643 0.1489583 0.3794643 0.1489583 0.3794643 0.1489583 0.3794643 0.1489583 0.3794643 0.1489583 0.3794643 0.1489583 0.3794643 0.1489583 0.3794643 0.1489583 0.3794643 0.1489583 0.3794643 0.1489583 0.3794643 0.1489583 0.3794643 0.1489583 0.3794643 0.1489583 0.3794643 0.1489583 0.3794643 0.1489583 0.3794643 0.1489583 0.3794643 0.1489583 0.3794643 0.1489583 0.3794643 0.1489583 0.3794643 0.1489583 0.3794643 0.1489583 0.3794643 0.1489583 0.3794643 0.1489583 0.3794643 0.1489583 0.3794643 0.1489583 0.3794643 0.1489583 0.3794643 0.1489583 0.3794643 0.1489583 0.3794643 0.1489583 0.3794643 0.1489583 0.3794643 0.1489583 0.3794643 0.1489583 0.3794643 0.1489583 0.3794643 0.1489583 0.3794643 0.1489583 0.3794643 0.1489583 0.3794643 0.1489583 0.3794643 0.1489583 0.3794643 0.1489583 0.3794643 0.1489583 0.3794643 0.1489583 0.3794643 0.1489583 0.3794643 0.1489583 0.3794643 0.1489583 0.3794643 0.1489583 0.3794643 0.1489583 0.3794643 0.1489583 0.3794643 0.1489583 0.3794643 0.1489583 0.3794643 0.1489583 0.3794643 0.1489583 0.3794643 0.1489583 0.3794643 0.1489583 0.3794643 0.1489583 0.3794643 0.1489583 0.3794643 0.1489583 0.3794643 0.1489583 0.3794643 0.1489583 0.3794643 0.1489583 0.3794643 0.1489583 0.3794643 0.1489583 0.3794643 0.1489583 0.3794643 0.1489583 0.3794643 0.1489583 0.3794643 0.1489583 0.3794643 0.1489583 0.3794643 0.1489583 0.3794643 0.1489583 0.3794643 0.1489583 0.3794643 0.1489583 0.3794643 0.1489583 0.3794643 0.1489583 0.3794643 0.1489583 0.3794643 0.1489583 0.3794643 0.1489583 0.3794643 0.1489583 0.3794643 0.1489583 0.3794643 0.1489583 0.3794643 0.1489583 0.3794643 0.1489583 0.3794643 0.1489583 0.3794643 0.1489583 0.3794643 0.1489583 0.3794643 0.1489583 0.3794643 0.1489583 0.3794643 0.1489583 0.3794643 0.1489583 0.3794643 0.1489583 0.3794643 0.1489583 0.3794643 0.1489583 0.3794643 0.1489583 0.3794643 0.1489583 0.3794643 0.1489583 0.3794643 0.1489583 0.3794643 0.1489583 0.3794643 0.1489583 0.3794643 0.1489583 0.3794643 0.1489583 0.3794643 0.1489583 0.3794643 0.1489583 0.3794643 0.1489583 0.3794643 0.1489583 0.3794643 0.1489583 0.3794643 0.1489583 0.3794643 0.1489583 0.3794643 0.1489583 0.3794643 0.1489583 0.3794643 0.1489583 0.3794643 0.1489583 0.3794643 0.1489583 0.3794643 0.1489583 0.3794643 0.1489583 0.3794643 0.1489583 0.3794643 0.1489583 0.3794643 0.1489583 0.3794643 0.1489583 0.3794643 0.1489583 0.3794643 0.1489583 0.3794643 0.1489583 0.3794643 0.1489583 0.3794643 0.1489583 0.3794643 0.1489583 0.3794643 0.1489583 0.3794643 0.1489583 0.3794643 0.1489583 0.3794643 0.1489583 0.3794643 0.1489583 0.3794643 0.1489583 0.3794643 0.1489583 0.3794643 0.1489583 0.3794643 0.1489583 0.3794643 0.1489583 0.3794643 0.1489583 0.3794643 0.1489583 0.3794643 0.1489583 0.3794643 0.1489583 0.3794643 0.1489583 0.3794643 0.1489583 0.3794643 0.1489583 0.3794643 0.1489583 0.3794643 0.1489583 0.3794643 0.1489583 0.3794643 0.1489583 0.3794643 0.1489583 0.3794643 0.1489583 0.3794643 0.1489583 0.3794643 0.1489583 0.3794643 0.1489583 0.3794643 0.1489583 0.3794643 0.1489583 0.3794643 0.1489583 0.3794643 0.1489583 0.3794643 0.1489583 0.3794643 0.1489583 0.3794643 0.1489583 0.3794643 0.1489583 0.3794643 0.1489583 0.3794643 0.1489583 0.3794643 0.1489583 0.3794643 0.1489583 0.3794643 0.1489583 0.3794643 0.1489583 0.3794643 0.1489583 0.3794643 0.1489583 0.3794643 0.1489583 0.3794643 0.1489583 0.3794643 0.1489583 0.3794643 0.1489583 0.3794643 0.1489583 0.3794643 0.1489583 0.3794643 0.1489583 0.3794643 0.1489583 0.3794643 0.1489583 0.3794643 0.1489583 0.3794643 0.1489583 0.3794643 0.1489583 0.3794643 0.1489583 0.3794643 0.1489583 0.3794643 0.1489583 0.3794643 0.1489583 0.3794643 0.1489583 0.3794643 0.1489583 0.3794643 0.1489583 0.3794643 0.1489583 0.3794643 0.1489583 0.3794643 0.1489583 0.3794643 0.1489583 0.3794643 0.1489583 0.3794643 0.1489583 0.3794643 0.1489583 0.3794643 0.1489583 0.3794643 0.1489583 0.3794643 0.1489583 0.3794643 0.1489583 0.3794643 0.1489583 0.3794643 0.1489583 0.3794643 0.1489583 0.3794643 0.1489583 0.3794643 0.1489583 0.3794643 0.1489583 0.3794643 0.1489583 0.3794643 0.1489583 0.3794643 0.1489583 0.3794643 0.1489583 0.3794643 0.1489583 0.3794643 0.1489583 0.3794643 0.1489583 0.3794643 0.1489583 0.3794643 0.1489583 0.3794643 0.1489583 0.3794643 0.1489583 0.3794643 0.1489583 0.3794643 0.1489583 0.3794643 0.1489583 0.3794643 0.1489583 0.3794643 0.1489583 0.3794643 0.1489583 0.3794643 0.1489583 0.3794643 0.1489583 0.3794643 0.1489583 0.3794643 0.1489583 0.3794643 0.1489583 0.3794643 0.1489583 0.3794643 0.1489583 0.3794643 0.1489583 0.3794643 0.1489583 0.3794643 0.1489583 0.3794643 0.1489583 0.3794643 0.1489583 0.3794643 0.1489583 0.3794643 0.1489583 0.3794643 0.1489583 0.3794643 0.1489583 0.3794643 0.1489583 0.3794643 0.1489583 0.3794643 0.1489583 0.3794643 0.1489583 0.3794643 0.1489583 0.3794643 0.1489583 0.3794643 0.1489583 0.3794643 0.1489583 0.3794643 0.1489583 0.3794643 0.1489583 0.3794643 0.1489583 0.3794643 0.1489583 0.3794643 0.1489583 0.3794643 0.1489583 0.3794643 0.1489583 0.3794643 0.1489583 0.3794643 0.1489583 0.3794643 0.1489583 0.3794643 0.1489583 0.3794643 0.1489583 0.3794643 0.1489583 0.3794643 0.1489583 0.3794643 0.1489583 0.3794643 0.1489583 0.3794643 0.1489583 0.3794643 0.1489583 0.3794643 0.1489583 0.3794643 0.1489583 0.3794643 0.1489583 0.3794643 0.1489583 0.3794643 0.1489583 0.3794643 0.1489583 0.3794643 0.1489583 0.3794643 0.1489583 0.3794643 0.1489583 0.3794643 0.1489583 0.3794643 0.1489583 0.3794643 0.1489583 0.3794643 0.1489583 0.3794643 0.1489583 0.3794643 0.1489583 0.3794643 0.1489583 0.3794643 0.1489583 0.3794643 0.1489583 0.3794643 0.1489583 0.3794643 0.1489583 0.3794643 0.1489583 0.3794643 0.1489583 0.3794643 0.1489583 0.3794643 0.1489583 0.3794643 0.1489583 0.3794643 0.1489583 0.3794643 0.1489583 0.3794643 0.1489583 0.3794643 0.1489583 0.3794643 0.1489583 0.3794643 0.1489583 0.3794643 0.1489583 0.3794643 0.1489583 0.3794643 0.1489583 0.3794643 0.1489583 0.3794643 0.1489583 0.3794643 0.1489583 0.3794643 0.1489583 0.3794643 0.1489583 0.3794643 0.1489583 0.3794643 0.1489583 0.3794643 0.1489583 0.3794643 0.1489583 0.3794643 0.1489583 0.3794643 0.1489583 0.3794643 0.1489583 0.3794643 0.1489583 0.3794643 0.1489583 0.3794643 0.1489583 0.3794643 0.1489583 0.3794643 0.1489583 0.3794643 0.1489583 0.3794643 0.1489583 0.3794643 0.1489583 0.3794643 0.1489583 0.3794643 0.1489583 0.3794643 0.1489583 0.3794643 0.1489583 0.3794643 0.1489583 0.3794643 0.1489583 0.3794643 0.1489583 0.3794643 0.1489583 0.3794643 0.1489583 0.3794643 0.1489583 0.3794643 0.1489583 0.3794643 0.1489583 0.3794643 0.1489583 0.3794643 0.1489583 0.3794643 0.1489583 0.3794643 0.1489583 0.3794643 0.1489583 0.3794643 0.1489583 0.3794643 0.1489583 0.3794643 0.1489583 0.3794643 0.1489583 0.3794643 0.1489583 0.3794643 0.1489583 0.3794643 0.1489583 0.3794643 0.1489583 0.3794643 0.1489583 0.3794643 0.1489583 0.3794643 0.1489583 0.3794643 0.1489583 0.3794643 0.1489583 0.3794643 0.1489583 0.3794643 0.1489583 0.3794643 0.1489583 0.3794643 0.1489583 0.3794643 0.1489583 0.3794643 0.1489583 0.3794643 0.1489583 0.3794643 0.1489583 0.3794643 0.1489583 0.3794643 0.1489583 0.3794643 0.1489583 0.3794643 0.1489583 0.3794643 0.1489583 0.3794643 0.1489583 0.3794643 0.1489583 0.3794643 0.1489583 0.3794643 0.1489583 0.3794643 0.1489583 0.3794643 0.1489583 0.3794643 0.1489583 0.3794643 0.1489583 0.3794643 0.1489583 0.3794643 0.1489583 0.3794643 0.1489583 0.3794643 0.1489583 0.3794643 0.1489583 0.3794643 0.1489583 0.3794643 0.1489583 0.3794643 0.1489583 0.3794643 0.1489583 0.3794643 0.1489583 0.3794643 0.1489583 0.3794643 0.1489583 0.3794643 0.1489583 0.3794643 0.1489583 0.3794643 0.1489583 0.3794643 0.1489583 0.3794643 0.1489583 0.3794643 0.1489583 0.3794643 0.1489583 0.3794643 0.1489583 0.3794643 0.1489583 0.3794643 0.1489583 0.3794643 0.1489583 0.3794643 0.1489583 0.3794643 0.1489583 0.3794643 0.1489583 0.3794643 0.1489583 0.3794643 0.1489583 0.3794643 0.1489583 0.3794643 0.1489583 0.3794643 0.1489583 0.3794643 0.1489583 0.3794643 0.1489583 0.3794643 0.1489583 0.3794643 0.1489583 0.3794643 0.1489583 0.3794643 0.1489583 0.3794643 0.1489583 0.3794643 0.1489583 0.3794643 0.1489583 0.3794643 0.1489583 0.3794643 0.1489583 0.3794643 0.1489583 0.3794643 0.1489583 0.3794643 0.1489583 0.3794643 0.1489583 0.3794643 0.1489583 0.3794643 0.1489583 0.3794643 0.1489583 0.3794643 0.1489583 0.3794643 0.1489583 0.3794643 0.1489583 0.3794643 0.1489583 0.3794643 0.1489583 0.3794643 0.1489583 0.3794643 0.1489583 0.3794643 0.1489583 0.3794643 0.1489583 0.3794643 0.1489583 0.3794643 0.1489583 0.3794643 0.1489583 0.3794643 0.1489583 0.3794643 0.1489583 0.3794643 0.1489583 0.3794643 0.1489583 0.3794643 0.1489583 0.3794643 0.1489583 0.3794643 0.1489583 0.3794643 0.1489583 0.3794643 0.1489583 0.3794643 0.1489583 0.3794643 0.1489583 0.3794643 0.1489583 0.3794643 0.1489583 0.3794643 0.1489583 0.3794643 0.1489583 0.3794643 0.1489583 0.3794643 0.1489583 0.3794643 0.1489583 0.3794643 0.1489583 0.3794643 0.1489583 0.3794643 0.1489583 0.3794643 0.1489583 0.3794643 0.1489583 0.3794643 0.1489583 0.3794643 0.1489583 0.3794643 0.1489583 0.3794643 0.1489583 0.3794643 0.1489583 0.3794643 0.1489583 0.3794643 0.1489583 0.3794643 0.1489583 0.3794643 0.1489583 0.3794643 0.1489583 0.3794643 0.1489583 0.3794643 0.1489583 0.3794643 0.1489583 0.3794643 0.1489583 0.3794643 0.1489583 0.3794643 0.1489583 0.3794643 0.1489583 0.3794643 0.1489583 0.3794643 0.1489583 0.3794643 0.1489583 0.3794643 0.1489583 0.3794643 0.1489583 0.3794643 0.1489583 0.3794643 0.1489583 0.3794643 0.1489583 0.3794643 0.1489583 0.3794643 0.1489583 0.3794643 0.1489583 0.3794643 0.1489583 0.3794643 0.1489583 0.3794643 0.1489583 0.3794643 0.1489583 0.3794643 0.1489583 0.3794643 0.1489583 0.3794643 0.1489583 0.3794643 0.1489583 0.3794643 0.1489583 0.3794643 0.1489583 0.3794643 0.1489583 0.3794643 0.1489583 0.3794643 0.1489583 0.3794643 0.1489583 0.3794643 0.1489583 0.3794643 0.1489583 0.3794643 0.1489583 0.3794643 0.1489583 0.3794643 0.1489583 0.3794643 0.1489583 0.3794643 0.1489583 0.3794643 0.1489583 0.3794643 0.1489583 0.3794643 0.1489583 0.3794643 0.1489583 0.3794643 0.1489583 0.3794643 0.1489583 0.3794643 0.1489583 0.3794643 0.1489583 0.3794643 0.1489583 0.3794643 0.1489583 0.3794643 0.1489583 0.3794643 0.1489583 0.3794643 0.1489583 0.3794643 0.1489583 0.3794643 0.1489583 0.3794643 0.1489583 0.3794643 0.1489583 0.3794643 0.1489583 0.3794643 0.1489583 0.3794643 0.1489583 0.3794643 0.1489583 0.3794643 0.1489583 0.3794643 0.1489583 0.3794643 0.1489583 0.3794643 0.1489583 0.3794643 0.1489583 0.3794643 0.1489583 0.3794643 0.1489583 0.3794643 0.1489583 0.3794643 0.1489583 0.3794643 0.1489583 0.3794643 0.1489583 0.3794643 0.1489583 0.3794643 0.1489583 0.3794643 0.1489583 0.3794643 0.1489583 0.3794643 0.1489583 0.3794643 0.1489583 0.3794643 0.1489583 0.3794643 0.1489583 0.3794643 0.1489583 0.3794643 0.1489583 0.3794643 0.1489583 0.3794643 0.1489583 0.3794643 0.1489583 0.3794643 0.1489583 0.3794643 0.1489583 0.3794643 0.1489583 0.3794643 0.1489583 0.3794643 0.1489583 0.3794643 0.1489583 0.3794643 0.1489583 0.3794643 0.1489583 0.3794643 0.1489583 0.3794643 0.1489583 0.3794643 0.1489583 0.3794643 0.1489583 0.3794643 0.1489583 0.3794643 0.1489583 0.3794643 0.1489583 0.3794643 0.1489583 0.3794643 0.1489583 0.3794643 0.1489583 0.3794643 0.1489583 0.3794643 0.1489583 0.3794643 0.1489583 0.3794643 0.1489583 0.3794643 0.1489583 0.3794643 0.1489583 0.3794643 0.1489583 0.3794643 0.1489583 0.3794643 0.1489583 0.3794643 0.1489583 0.3794643 0.1489583 0.3794643 0.1489583 0.3794643 0.1489583 0.3794643 0.1489583 0.3794643 0.1489583 0.3794643 0.1489583 0.3794643 0.1489583 0.3794643 0.1489583 0.3794643 0.1489583 0.3794643 0.1489583 0.3794643 0.1489583 0.3794643 0.1489583 0.3794643 0.1489583 0.3794643 0.1489583 0.3794643 0.1489583 0.3794643 0.1489583 0.3794643 0.1489583 0.3794643 0.1489583 0.3794643 0.1489583 0.3794643 0.1489583 0.3794643 0.1489583 0.3794643 0.1489583 0.3794643 0.1489583 0.3794643 0.1489583 0.3794643 0.1489583 0.3794643 0.1489583 0.3794643 0.1489583 0.3794643 0.1489583 0.3794643 0.1489583 0.3794643 0.1489583 0.3794643 0.1489583 0.3794643 0.1489583 0.3794643 0.1489583 0.3794643 0.1489583 0.3794643 0.1489583 0.3794643 0.1489583 0.3794643 0.1489583 0.3794643 0.1489583 0.3794643 0.1489583 0.3794643 0.1489583 0.3794643 0.1489583 0.3794643 0.1489583 0.3794643 0.1489583 0.3794643 0.1489583 0.3794643 0.1489583 0.3794643 0.1489583 0.3794643 0.1489583 0.3794643 0.1489583 0.3794643 0.1489583 0.3794643 0.1489583 0.3794643 0.1489583 0.3794643 0.1489583 0.3794643 0.1489583 0.3794643 0.1489583 0.3794643 0.1489583 0.3794643 0.1489583 0.3794643 0.1489583 0.3794643 0.1489583 0.3794643 0.1489583 0.3794643 0.1489583 0.3794643 0.1489583 0.3794643 0.1489583 0.3794643 0.1489583 0.3794643 0.1489583 0.3794643 0.1489583 0.3794643 0.1489583 0.3794643 0.1489583 0.3794643 0.1489583 0.3794643 0.1489583 0.3794643 0.1489583 0.3794643 0.1489583 0.3794643 0.1489583 0.3794643 0.1489583 0.3794643 0.1489583 0.3794643 0.1489583 0.3794643 0.1489583 0.3794643 0.1489583 0.3794643 0.1489583 0.3794643 0.1489583 0.3794643 0.1489583 0.3794643 0.1489583 0.3794643 0.1489583 0.3794643 0.1489583 0.3794643 0.1489583 0.3794643 0.1489583 0.3794643 0.1489583 0.3794643 0.1489583 0.3794643 0.1489583 0.3794643 0.1489583 0.3794643 0.1489583 0.3794643 0.1489583 0.3794643 0.1489583 0.3794643 0.1489583 0.3794643 0.1489583 0.3794643 0.1489583 0.3794643 0.1489583 0.3794643 0.1489583 0.3794643 0.1489583 0.3794643 0.1489583 0.3794643 0.1489583 0.3794643 0.1489583 0.3794643 0.1489583 0.3794643 0.1489583 0.3794643 0.1489583 0.3794643 0.1489583 0.3794643 0.1489583 0.3794643 0.1489583 0.3794643 0.1489583 0.3794643 0.1489583 0.3794643 0.1489583 0.3794643 0.1489583 0.3794643 0.1489583 0.3794643 0.1489583 0.3794643 0.1489583 0.3794643 0.1489583 0.3794643 0.1489583 0.3794643 0.1489583 0.3794643 0.1489583 0.3794643 0.1489583 0.3794643 0.1489583 0.3794643 0.1489583 0.3794643 0.1489583 0.3794643 0.1489583 0.3794643 0.1489583 0.3794643 0.1489583 0.3794643 0.1489583 0.3794643 0.1489583 0.3794643 0.1489583 0.3794643 0.1489583 0.3794643 0.1489583 0.3794643 0.1489583 0.3794643 0.1489583 0.3794643 0.1489583 0.3794643 0.1489583 0.3794643 0.1489583 0.3794643 0.1489583 0.3794643 0.1489583 0.3794643 0.1489583 0.3794643 0.1489583 0.3794643 0.1489583 0.3794643 0.1489583 0.3794643 0.1489583 0.3794643 0.1489583 0.3794643 0.1489583 0.3794643 0.1489583 0.3794643 0.1489583 0.3794643 0.1489583 0.3794643 0.1489583 0.3794643 0.1489583 0.3794643 0.1489583 0.3794643 0.1489583 0.3794643 0.1489583 0.3794643 0.1489583 0.3794643 0.1489583 0.3794643 0.1489583 0.3794643 0.1489583 0.3794643 0.1489583 0.3794643 0.1489583 0.3794643 0.1489583 0.3794643 0.1489583 0.3794643 0.1489583 0.3794643 0.1489583 0.3794643 0.1489583 0.3794643 0.1489583 0.3794643 0.1489583 0.3794643 0.1489583 0.3794643 0.1489583 0.3794643 0.1489583 0.3794643 0.1489583 0.3794643 0.1489583 0.3794643 0.1489583 0.3794643 0.1489583 0.3794643 0.1489583 0.3794643 0.1489583 0.3794643 0.1489583 0.3794643 0.1489583 0.3794643 0.1489583 0.3794643 0.1489583 0.3794643 0.1489583 0.3794643 0.1489583 0.3794643 0.1489583 0.3794643 0.1489583 0.3794643 0.1489583 0.3794643 0.1489583 0.3794643 0.1489583 0.3794643 0.1489583 0.3794643 0.1489583 0.3794643 0.1489583 0.3794643 0.1489583 0.3794643 0.1489583 0.3794643 0.1489583 0.3794643 0.1489583 0.3794643 0.1489583 0.3794643 0.1489583 0.3794643 0.1489583 0.3794643 0.1489583 0.3794643 0.1489583 0.3794643 0.1489583 0.3794643 0.1489583 0.3794643 0.1489583 0.3794643 0.1489583 0.3794643 0.1489583 0.3794643 0.1489583 0.3794643 0.1489583 0.3794643 0.1489583 0.3794643 0.1489583 0.3794643 0.1489583 0.3794643 0.1489583 0.3794643 0.1489583 0.3794643 0.1489583 0.3794643 0.1489583 0.3794643 0.1489583 0.3794643 0.1489583 0.3794643 0.1489583 0.3794643 0.1489583 0.3794643 0.1489583 0.3794643 0.1489583 0.3794643 0.1489583 0.3794643 0.1489583 0.3794643 0.1489583 0.3794643 0.1489583 0.3794643 0.1489583 0.3794643 0.1489583 0.3794643 0.1489583 0.3794643 0.1489583 0.3794643 0.1489583 0.3794643 0.1489583 0.3794643 0.1489583 0.3794643 0.1489583 0.3794643 0.1489583 0.3794643 0.1489583 0.3794643 0.1489583 0.3794643 0.1489583 0.3794643 0.1489583 0.3794643 0.1489583 0.3794643 0.1489583 0.3794643 0.1489583 0.3794643 0.1489583 0.3794643 0.1489583 0.3794643 0.1489583 0.3794643 0.1489583 0.3794643 0.1489583 0.3794643 0.1489583 0.3794643 0.1489583 0.3794643 0.1489583 0.3794643 0.1489583 0.3794643 0.1489583 0.3794643 0.1489583 0.3794643 0.1489583 0.3794643 0.1489583 0.3794643 0.1489583 0.3794643 0.1489583 0.3794643 0.1489583 0.3794643 0.1489583 0.3794643 0.1489583 0.3794643 0.1489583 0.3794643 0.1489583 0.3794643 0.1489583 0.3794643 0.1489583 0.3794643 0.1489583 0.3794643 0.1489583 0.3794643 0.1489583 0.3794643 0.1489583 0.3794643 0.1489583 0.3794643 0.1489583 0.3794643 0.1489583 0.3794643 0.1489583 0.3794643 0.1489583 0.3794643 0.1489583 0.3794643 0.1489583 0.3794643 0.1489583 0.3794643 0.1489583 0.3794643 0.1489583 0.3794643 0.1489583 0.3794643 0.1489583 0.3794643 0.1489583 0.3794643 0.1489583 0.3794643 0.1489583 0.3794643 0.1489583 0.3794643 0.1489583 0.3794643 0.1489583 0.3794643 0.1489583 0.3794643 0.1489583 0.3794643 0.1489583 0.3794643 0.1489583 0.3794643 0.1489583 0.3794643 0.1489583 0.3794643 0.1489583 0.3794643 0.1489583 0.3794643 0.1489583 0.3794643 0.1489583 0.3794643 0.1489583 0.3794643 0.1489583 0.3794643 0.1489583 0.3794643 0.1489583 0.3794643 0.1489583 0.3794643 0.1489583 0.3794643 0.1489583 0.3794643 0.1489583 0.3794643 0.1489583 0.3794643 0.1489583 0.3794643 0.1489583 0.3794643 0.1489583 0.3794643 0.1489583 0.3794643 0.1489583 0.3794643 0.1489583 0.3794643 0.1489583 0.3794643 0.1489583 0.3794643 0.1489583 0.3794643 0.1489583 0.3794643 0.1489583 0.3794643 0.1489583 0.3794643 0.1489583 0.3794643 0.1489583 0.3794643 0.1489583 0.3794643 0.1489583 0.3794643 0.1489583 0.3794643 0.1489583 0.3794643 0.1489583 0.3794643 0.1489583 0.3794643 0.1489583 0.3794643 0.1489583 0.3794643 0.1489583 0.3794643 0.1489583 0.3794643 0.1489583 0.3794643 0.1489583 0.3794643 0.1489583 0.3794643 0.1489583 0.3794643 0.1489583 0.3794643 0.1489583 0.3794643 0.1489583 0.3794643 0.1489583 0.3794643 0.1489583 0.3794643 0.1489583 0.3794643 0.1489583 0.3794643 0.1489583 0.3794643 0.1489583 0.3794643 0.1489583 0.3794643 0.1489583 0.3794643 0.1489583 0.3794643 0.1489583 0.3794643 0.1489583 0.3794643 0.1489583 0.3794643 0.1489583 0.3794643 0.1489583 0.3794643 0.1489583 0.3794643 0.1489583 0.3794643 0.1489583 0.3794643 0.1489583 0.3794643 0.1489583 0.3794643 0.1489583 0.3794643 0.1489583 0.3794643 0.1489583 0.3794643 0.1489583 0.3794643 0.1489583 0.3794643 0.1489583 0.3794643 0.1489583 0.3794643 0.1489583 0.3794643 0.1489583 0.3794643 0.1489583 0.3794643 0.1489583 0.3794643 0.1489583 0.3794643 0.1489583 0.3794643 0.1489583 0.3794643 0.1489583 0.3794643 0.1489583 0.3794643 0.1489583 0.3794643 0.1489583 0.3794643 0.1489583 0.3794643 0.1489583 0.3794643 0.1489583 0.3794643 0.1489583 0.3794643 0.1489583 0.3794643 0.1489583 0.3794643 0.1489583 0.3794643 0.1489583 0.3794643 0.1489583 0.3794643 0.1489583 0.3794643 0.1489583 0.3794643 0.1489583 0.3794643 0.1489583 0.3794643 0.1489583 0.3794643 0.1489583 0.3794643 0.1489583 0.3794643 0.1489583 0.3794643 0.1489583 0.3794643 0.1489583 0.3794643 0.1489583 0.3794643 0.1489583 0.3794643 0.1489583 0.3794643 0.1489583 0.3794643 0.1489583 0.3794643 0.1489583 0.3794643 0.1489583 0.3794643 0.1489583 0.3794643 0.1489583 0.3794643 0.1489583 0.3794643 0.1489583 0.3794643 0.1489583 0.3794643 0.1489583 0.3794643 0.1489583 0.3794643 0.1489583 0.3794643 0.1489583 0.3794643 0.1489583 0.3794643 0.1489583 0.3794643 0.1489583 0.3794643 0.1489583 0.3794643 0.1489583 0.3794643 0.1489583 0.3794643 0.1489583 0.3794643 0.1489583 0.3794643 0.1489583 0.3794643 0.1489583 0.3794643 0.1489583 0.3794643 0.1489583 0.3794643 0.1489583 0.3794643 0.1489583 0.3794643 0.1489583 0.3794643 0.1489583 0.3794643 0.1489583 0.3794643 0.1489583 0.3794643 0.1489583 0.3794643 0.1489583 0.3794643 0.1489583 0.3794643 0.1489583 0.3794643 0.1489583 0.3794643 0.1489583 0.3794643 0.1489583 0.3794643 0.1489583 0.3794643 0.1489583 0.3794643 0.1489583 0.3794643 0.1489583 0.3794643 0.1489583 0.3794643 0.1489583 0.3794643 0.1489583 0.3794643 0.1489583 0.3794643 0.1489583 0.3794643 0.1489583 0.3794643 0.1489583 0.3794643 0.1489583 0.3794643 0.1489583 0.3794643 0.1489583 0.3794643 0.1489583 0.3794643 0.1489583 0.3794643 0.1489583 0.3794643 0.1489583 0.3794643 0.1489583 0.3794643 0.1489583 0.3794643 0.1489583 0.3794643 0.1489583 0.3794643 0.1489583 0.3794643 0.1489583 0.3794643 0.1489583 0.3794643 0.1489583 0.3794643 0.1489583 0.3794643 0.1489583 0.3794643 0.1489583 0.3794643 0.1489583 0.3794643 0.1489583 0.3794643 0.1489583 0.3794643 0.1489583 0.3794643 0.1489583 0.3794643 0.1489583 0.3794643 0.1489583 0.3794643 0.1489583 0.3794643 0.1489583 0.3794643 0.1489583 0.3794643 0.1489583 0.3794643 0.1489583 0.3794643 0.1489583 0.3794643 0.1489583 0.3794643 0.1489583 0.3794643 0.1489583 0.3794643 0.1489583 0.3794643 0.1489583 0.3794643 0.1489583 0.3794643 0.1489583 0.3794643 0.1489583 0.3794643 0.1489583 0.3794643 0.1489583 0.3794643 0.1489583 0.3794643 0.1489583 0.3794643 0.1489583 0.3794643 0.1489583 0.3794643 0.1489583 0.3794643 0.1489583 0.3794643 0.1489583 0.3794643 0.1489583 0.3794643 0.1489583 0.3794643 0.1489583 0.3794643 0.1489583 0.3794643 0.1489583 0.3794643 0.1489583 0.3794643 0.1489583 0.3794643 0.1489583 0.3794643 0.1489583 0.3794643 0.1489583 0.3794643 0.1489583 0.3794643 0.1489583 0.3794643 0.1489583 0.3794643 0.1489583 0.3794643 0.1489583 0.3794643 0.1489583 0.3794643 0.1489583 0.3794643 0.1489583 0.3794643 0.1489583 0.3794643 0.1489583 0.3794643 0.1489583 0.3794643 0.1489583 0.3794643 0.1489583 0.3794643 0.1489583 0.3794643 0.1489583 0.3794643 0.1489583 0.3794643 0.1489583 0.3794643 0.1489583 0.3794643 0.1489583 0.3794643 0.1489583 0.3794643 0.1489583 0.3794643 0.1489583 0.3794643 0.1489583 0.3794643 0.1489583 0.3794643 0.1489583 0.3794643 0.1489583 0.3794643 0.1489583 0.3794643 0.1489583 0.3794643 0.1489583 0.3794643 0.1489583 0.3794643 0.1489583 0.3794643 0.1489583 0.3794643 0.1489583 0.3794643 0.1489583 0.3794643 0.1489583 0.3794643 0.1489583 0.3794643 0.1489583 0.3794643 0.1489583 0.3794643 0.1489583 0.3794643 0.1489583 0.3794643 0.1489583 0.3794643 0.1489583 0.3794643 0.1489583 0.3794643 0.1489583 0.3794643 0.1489583 0.3794643 0.1489583 0.3794643 0.1489583 0.3794643 0.1489583 0.3794643 0.1489583 0.3794643 0.1489583 0.3794643 0.1489583 0.3794643 0.1489583 0.3794643 0.1489583 0.3794643 0.1489583 0.3794643 0.1489583 0.3794643 0.1489583 0.3794643 0.1489583 0.3794643 0.1489583 0.3794643 0.1489583 0.3794643 0.1489583 0.3794643 0.1489583 0.3794643 0.1489583 0.3794643 0.1489583 0.3794643 0.1489583 0.3794643 0.1489583 0.3794643 0.1489583 0.3794643 0.1489583 0.3794643 0.1489583 0.3794643 0.1489583 0.3794643 0.1489583 0.3794643 0.1489583 0.3794643 0.1489583 0.3794643 0.1489583 0.3794643 0.1489583 0.3794643 0.1489583 0.3794643 0.1489583 0.3794643 0.1489583 0.3794643 0.1489583 0.3794643 0.1489583 0.3794643 0.1489583 0.3794643 0.1489583 0.3794643 0.1489583 0.3794643 0.1489583 0.3794643 0.1489583 0.3794643 0.1489583 0.3794643 0.1489583 0.3794643 0.1489583 0.3794643 0.1489583 0.3794643 0.1489583 0.3794643 0.1489583 0.3794643 0.1489583 0.3794643 0.1489583 0.3794643 0.1489583 0.3794643 0.1489583 0.3794643 0.1489583 0.3794643 0.1489583 0.3794643 0.1489583 0.3794643 0.1489583 0.3794643 0.1489583 0.3794643 0.1489583 0.3794643 0.1489583 0.3794643 0.1489583 0.3794643 0.1489583 0.3794643 0.1489583 0.3794643 0.1489583 0.3794643 0.1489583 0.3794643 0.1489583 0.3794643 0.1489583 0.3794643 0.1489583 0.3794643 0.1489583 0.3794643 0.1489583 0.3794643 0.1489583 0.3794643 0.1489583 0.3794643 0.1489583 0.3794643 0.1489583 0.3794643 0.1489583 0.3794643 0.1489583 0.3794643 0.1489583 0.3794643 0.1489583 0.3794643 0.1489583 0.3794643 0.1489583 0.3794643 0.1489583 0.3794643 0.1489583 0.3794643 0.1489583 0.3794643 0.1489583 0.3794643 0.1489583 0.3794643 0.1489583 0.3794643 0.1489583 0.3794643 0.1489583 0.3794643 0.1489583 0.3794643 0.1489583 0.3794643 0.1489583 0.3794643 0.1489583 0.3794643 0.1489583 0.3794643 0.1489583 0.3794643 0.1489583 0.3794643 0.1489583 0.3794643 0.1489583 0.3794643 0.1489583 0.3794643 0.1489583 0.3794643 0.1489583 0.3794643 0.1489583 0.3794643 0.1489583 0.3794643 0.1489583 0.3794643 0.1489583 0.3794643 0.1489583 0.3794643 0.1489583 0.3794643 0.1489583 0.3794643 0.1489583 0.3794643 0.1489583 0.3794643 0.1489583 0.3794643 0.1489583 0.3794643 0.1489583 0.3794643 0.1489583 0.3794643 0.1489583 0.3794643 0.1489583 0.3794643 0.1489583 0.3794643 0.1489583 0.3794643 0.1489583 0.3794643 0.1489583 0.3794643 0.1489583 0.3794643 0.1489583 0.3794643 0.1489583 0.3794643 0.1489583 0.3794643 0.1489583 0.3794643 0.1489583 0.3794643 0.1489583 0.3794643 0.1489583 0.3794643 0.1489583 0.3794643 0.1489583 0.3794643 0.1489583 0.3794643 0.1489583 0.3794643 0.1489583 0.3794643 0.1489583 0.3794643 0.1489583 0.3794643 0.1489583 0.3794643 0.1489583 0.3794643 0.1489583 0.3794643 0.1489583 0.3794643 0.1489583 0.3794643 0.1489583 0.3794643 0.1489583 0.3794643 0.1489583 0.3794643 0.1489583 0.3794643 0.1489583 0.3794643 0.1489583 0.3794643 0.1489583 0.3794643 0.1489583 0.3794643 0.1489583 0.3794643 0.1489583 0.3794643 0.1489583 0.3794643 0.1489583 0.3794643 0.1489583 0.3794643 0.1489583 0.3794643 0.1489583 0.3794643 0.1489583 0.3794643 0.1489583 0.3794643 0.1489583 0.3794643 0.1489583 0.3794643 0.1489583 0.3794643 0.1489583 0.3794643 0.1489583 0.3794643 0.1489583 0.3794643 0.1489583 0.3794643 0.1489583 0.3794643 0.1489583 0.3794643 0.1489583 0.3794643 0.1489583 0.3794643 0.1489583 0.3794643 0.1489583 0.3794643 0.1489583 0.3794643 0.1489583 0.3794643 0.1489583 0.3794643 0.1489583 0.3794643 0.1489583 0.3794643 0.1489583 0.3794643 0.1489583 0.3794643 0.1489583 0.3794643 0.1489583 0.3794643 0.1489583 0.3794643 0.1489583 0.3794643 0.1489583 0.3794643 0.1489583 0.3794643 0.1489583 0.3794643 0.1489583 0.3794643 0.1489583 0.3794643 0.1489583 0.3794643 0.1489583 0.3794643 0.1489583 0.3794643 0.1489583 0.3794643 0.1489583 0.3794643 0.1489583 0.3794643 0.1489583 0.3794643 0.1489583 0.3794643 0.1489583 0.3794643 0.1489583 0.3794643 0.1489583 0.3794643 0.1489583 0.3794643 0.1489583 0.3794643 0.1489583 0.3794643 0.1489583 0.3794643 0.1489583 0.3794643 0.1489583 0.3794643 0.1489583 0.3794643 0.1489583 0.3794643 0.1489583 0.3794643 0.1489583 0.3794643 0.1489583 0.3794643 0.1489583 0.3794643 0.1489583 0.3794643 0.1489583 0.3794643 0.1489583 0.3794643 0.1489583 0.3794643 0.1489583 0.3794643 0.1489583 0.3794643 0.1489583 0.3794643 0.1489583 0.3794643 0.1489583 0.3794643 0.1489583 0.3794643 0.1489583 0.3794643 0.1489583 0.3794643 0.1489583 0.3794643 0.1489583 0.3794643 0.1489583 0.3794643 0.1489583 0.3794643 0.1489583 0.3794643 0.1489583 0.3794643 0.1489583 0.3794643 0.1489583 0.3794643 0.1489583 0.3794643 0.1489583 0.3794643 0.1489583 0.3794643 0.1489583 0.3794643 0.1489583 0.3794643 0.1489583 0.3794643 0.1489583 0.3794643 0.1489583 0.3794643 0.1489583 0.3794643 0.1489583 0.3794643 0.1489583 0.3794643 0.1489583 0.3794643 0.1489583 0.3794643 0.1489583 0.3794643 0.1489583 0.3794643 0.1489583 0.3794643 0.1489583 0.3794643 0.1489583 0.3794643 0.1489583 0.3794643 0.1489583 0.3794643 0.1489583 0.3794643 0.1489583 0.3794643 0.1489583 0.3794643 0.1489583 0.3794643 0.1489583 0.3794643 0.1489583 0.3794643 0.1489583 0.3794643 0.1489583 0.3794643 0.1489583 0.3794643 0.1489583 0.3794643 0.1489583 0.3794643 0.1489583 0.3794643 0.1489583 0.3794643 0.1489583 0.3794643 0.1489583 0.3794643 0.1489583 0.3794643 0.1489583 0.3794643 0.1489583 0.3794643 0.1489583 0.3794643 0.1489583 0.3794643 0.1489583 0.3794643 0.1489583 0.3794643 0.1489583 0.3794643 0.1489583 0.3794643 0.1489583 0.3794643 0.1489583 0.3794643 0.1489583 0.3794643 0.1489583 0.3794643 0.1489583 0.3794643 0.1489583 0.3794643 0.1489583 0.3794643 0.1489583 0.3794643 0.1489583 0.3794643 0.1489583 0.3794643 0.1489583 0.3794643 0.1489583 0.3794643 0.1489583 0.3794643 0.1489583 0.3794643 0.1489583 0.3794643 0.1489583 0.3794643 0.1489583 0.3794643 0.1489583 0.3794643 0.1489583 0.3794643 0.1489583 0.3794643 0.1489583 0.3794643 0.1489583 0.3794643 0.1489583 0.3794643 0.1489583 0.3794643 0.1489583 0.3794643 0.1489583 0.3794643 0.1489583 0.3794643 0.1489583 0.3794643 0.1489583 0.3794643 0.1489583 0.3794643 0.1489583 0.3794643 0.1489583 0.3794643 0.1489583 0.3794643 0.1489583 0.3794643 0.1489583 0.3794643 0.1489583 0.3794643 0.1489583 0.3794643 0.1489583 0.3794643 0.1489583 0.3794643 0.1489583 0.3794643 0.1489583 0.3794643 0.1489583 0.3794643 0.1489583 0.3794643 0.1489583 0.3794643 0.1489583 0.3794643 0.1489583 0.3794643 0.1489583 0.3794643 0.1489583 0.3794643 0.1489583 0.3794643 0.1489583 0.3794643 0.1489583 0.3794643 0.1489583 0.3794643 0.1489583 0.3794643 0.1489583 0.3794643 0.1489583 0.3794643 0.1489583 0.3794643 0.1489583 0.3794643 0.1489583 0.3794643 0.1489583 0.3794643 0.1489583 0.3794643 0.1489583 0.3794643 0.1489583 0.3794643 0.1489583 0.3794643 0.1489583 0.3794643 0.1489583 0.3794643 0.1489583 0.3794643 0.1489583 0.3794643 0.1489583 0.3794643 0.1489583 0.3794643 0.1489583 0.3794643 0.1489583 0.3794643 0.1489583 0.3794643 0.1489583 0.3794643 0.1489583 0.3794643 0.1489583 0.3794643 0.1489583 0.3794643 0.1489583 0.3794643 0.1489583 0.3794643 0.1489583 0.3794643 0.1489583 0.3794643 0.1489583 0.3794643 0.1489583 0.3794643 0.1489583 0.3794643 0.1489583 0.3794643 0.1489583 0.3794643 0.1489583 0.3794643 0.1489583 0.3794643 0.1489583 0.3794643 0.1489583 0.3794643 0.1489583 0.3794643 0.1489583 0.3794643 0.1489583 0.3794643 0.1489583 0.3794643 0.1489583 0.3794643 0.1489583 0.3794643 0.1489583 0.3794643 0.1489583 0.3794643 0.1489583 0.3794643 0.1489583 0.3794643 0.1489583 0.3794643 0.1489583 0.3794643 0.1489583 0.3794643 0.1489583 0.3794643 0.1489583 0.3794643 0.1489583 0.3794643 0.1489583 0.3794643 0.1489583 0.3794643 0.1489583 0.3794643 0.1489583 0.3794643 0.1489583 0.3794643 0.1489583 0.3794643 0.1489583 0.3794643 0.1489583 0.3794643 0.1489583 0.3794643 0.1489583 0.3794643 0.1489583 0.3794643 0.1489583 0.3794643 0.1489583 0.3794643 0.1489583 0.3794643 0.1489583 0.3794643 0.1489583 0.3794643 0.1489583 0.3794643 0.1489583 0.3794643 0.1489583 0.3794643 0.1489583 0.3794643 0.1489583 0.3794643 0.1489583 0.3794643 0.1489583 0.3794643 0.1489583 0.3794643 0.1489583 0.3794643 0.1489583 0.3794643 0.1489583 0.3794643 0.1489583 0.3794643 0.1489583 0.3794643 0.1489583 0.3794643 0.1489583 0.3794643 0.1489583 0.3794643 0.1489583 0.3794643 0.1489583 0.3794643 0.1489583 0.3794643 0.1489583 0.3794643 0.1489583 0.3794643 0.1489583 0.3794643 0.1489583 0.3794643 0.1489583 0.3794643 0.1489583 0.3794643 0.1489583 0.3794643 0.1489583 0.3794643 0.1489583 0.3794643 0.1489583 0.3794643 0.1489583 0.3794643 0.1489583 0.3794643 0.1489583 0.3794643 0.1489583 0.3794643 0.1489583 0.3794643 0.1489583 0.3794643 0.1489583 0.3794643 0.1489583 0.3794643 0.1489583 0.3794643 0.1489583 0.3794643 0.1489583 0.3794643 0.1489583 0.3794643 0.1489583 0.3794643 0.1489583 0.3794643 0.1489583 0.3794643 0.1489583 0.3794643 0.1489583 0.3794643 0.1489583 0.3794643 0.1489583 0.3794643 0.1489583 0.3794643 0.1489583 0.3794643 0.1489583 0.3794643 0.1489583 0.3794643 0.1489583 0.3794643 0.1489583 0.3794643 0.1489583 0.3794643 0.1489583 0.3794643 0.1489583 0.3794643 0.1489583 0.3794643 0.1489583 0.3794643 0.1489583 0.3794643 0.1489583 0.3794643 0.1489583 0.3794643 0.1489583 0.3794643 0.1489583 0.3794643 0.1489583 0.3794643 0.1489583 0.3794643 0.1489583 0.3794643 0.1489583 0.3794643 0.1489583 0.3794643 0.1489583 0.3794643 0.1489583 0.3794643 0.1489583 0.3794643 0.1489583 0.3794643 0.1489583 0.3794643 0.1489583 0.3794643 0.1489583 0.3794643 0.1489583 0.3794643 0.1489583 0.3794643 0.1489583 0.3794643 0.1489583 0.3794643 0.1489583 0.3794643 0.1489583 0.3794643 0.1489583 0.3794643 0.1489583 0.3794643 0.1489583 0.3794643 0.1489583 0.3794643 0.1489583 0.3794643 0.1489583 0.3794643 0.1489583 0.3794643 0.1489583 0.3794643 0.1489583 0.3794643 0.1489583 0.3794643 0.1489583 0.3794643 0.1489583 0.3794643 0.1489583 0.3794643 0.1489583 0.3794643 0.1489583 0.3794643 0.1489583 0.3794643 0.1489583 0.3794643 0.1489583 0.3794643 0.1489583 0.3794643 0.1489583 0.3794643 0.1489583 0.3794643 0.1489583 0.3794643 0.1489583 0.3794643 0.1489583 0.3794643 0.1489583 0.3794643 0.1489583 0.3794643 0.1489583 0.3794643 0.1489583 0.3794643 0.1489583 0.3794643 0.1489583 0.3794643 0.1489583 0.3794643 0.1489583 0.3794643 0.1489583 0.3794643 0.1489583 0.3794643 0.1489583 0.3794643 0.1489583 0.3794643 0.1489583 0.3794643 0.1489583 0.3794643 0.1489583 0.3794643 0.1489583 0.3794643 0.1489583 0.3794643 0.1489583 0.3794643 0.1489583 0.3794643 0.1489583 0.3794643 0.1489583 0.3794643 0.1489583 0.3794643 0.1489583 0.3794643 0.1489583 0.3794643 0.1489583 0.3794643 0.1489583 0.3794643 0.1489583 0.3794643 0.1489583 0.3794643 0.1489583 0.3794643 0.1489583 0.3794643 0.1489583 0.3794643 0.1489583 0.3794643 0.1489583 0.3794643 0.1489583 0.3794643 0.1489583 0.3794643 0.1489583 0.3794643 0.1489583 0.3794643 0.1489583 0.3794643 0.1489583 0.3794643 0.1489583 0.3794643 0.1489583 0.3794643 0.1489583 0.3794643 0.1489583 0.3794643 0.1489583 0.3794643 0.1489583 0.3794643 0.1489583 0.3794643 0.1489583 0.3794643 0.1489583 0.3794643 0.1489583 0.3794643 0.1489583 0.3794643 0.1489583 0.3794643 0.1489583 0.3794643 0.1489583 0.3794643 0.1489583 0.3794643 0.1489583 0.3794643 0.1489583 0.3794643 0.1489583 0.3794643 0.1489583 0.3794643 0.1489583 0.3794643 0.1489583 0.3794643 0.1489583 0.3794643 0.1489583 0.3794643 0.1489583 0.3794643 0.1489583 0.3794643 0.1489583 0.3794643 0.1489583 0.3794643 0.1489583 0.3794643 0.1489583 0.3794643 0.1489583 0.3794643 0.1489583 0.3794643 0.1489583 0.3794643 0.1489583 0.3794643 0.1489583 0.3794643 0.1489583 0.3794643 0.1489583 0.3794643 0.1489583 0.3794643 0.1489583 0.3794643 0.1489583 0.3794643 0.1489583 0.3794643 0.1489583 0.3794643 0.1489583 0.3794643 0.1489583 0.3794643 0.1489583 0.3794643 0.1489583 0.3794643 0.1489583 0.3794643 0.1489583 0.3794643 0.1489583 0.3794643 0.1489583 0.3794643 0.1489583 0.3794643 0.1489583 0.3794643 0.1489583 0.3794643 0.1489583 0.3794643 0.1489583 0.3794643 0.1489583 0.3794643 0.1489583 0.3794643 0.1489583 0.3794643 0.1489583 0.3794643 0.1489583 0.3794643 0.1489583 0.3794643 0.1489583 0.3794643 0.1489583 0.3794643 0.1489583 0.3794643 0.1489583 0.3794643 0.1489583 0.3794643 0.1489583 0.3794643 0.1489583 0.3794643 0.1489583 0.3794643 0.1489583 0.3794643 0.1489583 0.3794643 0.1489583 0.3794643 0.1489583 0.3794643 0.1489583 0.3794643 0.1489583 0.3794643 0.1489583 0.3794643 0.1489583 0.3794643 0.1489583 0.3794643 0.1489583 0.3794643 0.1489583 0.3794643 0.1489583 0.3794643 0.1489583 0.3794643 0.1489583 0.3794643 0.1489583 0.3794643 0.1489583 0.3794643 0.1489583 0.3794643 0.1489583 0.3794643 0.1489583 0.3794643 0.1489583 0.3794643 0.1489583 0.3794643 0.1489583 0.3794643 0.1489583 0.3794643 0.1489583 0.3794643 0.1489583 0.3794643 0.1489583 0.3794643 0.1489583 0.3794643 0.1489583 0.3794643 0.1489583 0.3794643 0.1489583 0.3794643 0.1489583 0.3794643 0.1489583 0.3794643 0.1489583 0.3794643 0.1489583 0.3794643 0.1489583 0.3794643 0.1489583 0.3794643 0.1489583 0.3794643 0.1489583 0.3794643 0.1489583 0.3794643 0.1489583 0.3794643 0.1489583 0.3794643 0.1489583 0.3794643 0.1489583 0.3794643 0.1489583 0.3794643 0.1489583 0.3794643 0.1489583 0.3794643 0.1489583 0.3794643 0.1489583 0.3794643 0.1489583 0.3794643 0.1489583 0.3794643 0.1489583 0.3794643 0.1489583 0.3794643 0.1489583 0.3794643 0.1489583 0.3794643 0.1489583 0.3794643 0.1489583 0.3794643 0.1489583 0.3794643 0.1489583 0.3794643 0.1489583 0.3794643 0.1489583 0.3794643 0.1489583 0.3794643 0.1489583 0.3794643 0.1489583 0.3794643 0.1489583 0.3794643 0.1489583 0.3794643 0.1489583 0.3794643 0.1489583 0.3794643 0.1489583 0.3794643 0.1489583 0.3794643 0.1489583 0.3794643 0.1489583 0.3794643 0.1489583 0.3794643 0.1489583 0.3794643 0.1489583 0.3794643 0.1489583 0.3794643 0.1489583 0.3794643 0.1489583 0.3794643 0.1489583 0.3794643 0.1489583 0.3794643 0.1489583 0.3794643 0.1489583 0.3794643 0.1489583 0.3794643 0.1489583 0.3794643 0.1489583 0.3794643 0.1489583 0.3794643 0.1489583 0.3794643 0.1489583 0.3794643 0.1489583 0.3794643 0.1489583 0.3794643 0.1489583 0.3794643 0.1489583 0.3794643 0.1489583 0.3794643 0.1489583 0.3794643 0.1489583 0.3794643 0.1489583 0.3794643 0.1489583 0.3794643 0.1489583 0.3794643 0.1489583 0.3794643 0.1489583 0.3794643 0.1489583 0.3794643 0.1489583 0.3794643 0.1489583 0.3794643 0.1489583 0.3794643 0.1489583 0.3794643 0.1489583 0.3794643 0.1489583 0.3794643 0.1489583 0.3794643 0.1489583 0.3794643 0.1489583 0.3794643 0.1489583 0.3794643 0.1489583 0.3794643 0.1489583 0.3794643 0.1489583 0.3794643 0.1489583 0.3794643 0.1489583 0.3794643 0.1489583 0.3794643 0.1489583 0.3794643 0.1489583 0.3794643 0.1489583 0.3794643 0.1489583 0.3794643 0.1489583 0.3794643 0.1489583 0.3794643 0.1489583 0.3794643 0.1489583 0.3794643 0.1489583 0.3794643 0.1489583 0.3794643 0.1489583 0.3794643 0.1489583 0.3794643 0.1489583 0.3794643 0.1489583 0.3794643 0.1489583 0.3794643 0.1489583 0.3794643 0.1489583 0.3794643 0.1489583 0.3794643 0.1489583 0.3794643 0.1489583 0.3794643 0.1489583 0.3794643 0.1489583 0.3794643 0.1489583 0.3794643 0.1489583 0.3794643 0.1489583 0.3794643 0.1489583 0.3794643 0.1489583 0.3794643 0.1489583 0.3794643 0.1489583 0.3794643 0.1489583 0.3794643 0.1489583 0.3794643 0.1489583 0.3794643 0.1489583 0.3794643 0.1489583 0.3794643 0.1489583 0.3794643 0.1489583 0.3794643 0.1489583 0.3794643 0.1489583 0.3794643 0.1489583 0.3794643 0.1489583 0.3794643 0.1489583 0.3794643 0.1489583 0.3794643 0.1489583 0.3794643 0.1489583 0.3794643 0.1489583 0.3794643 0.1489583 0.3794643 0.1489583 0.3794643 0.1489583 0.3794643 0.1489583 0.3794643 0.1489583 0.3794643 0.1489583 0.3794643 0.1489583 0.3794643 0.1489583 0.3794643 0.1489583 0.3794643 0.1489583 0.3794643 0.1489583 0.3794643 0.1489583 0.3794643 0.1489583 0.3794643 0.1489583 0.3794643 0.1489583 0.3794643 0.1489583 0.3794643 0.1489583 0.3794643 0.1489583 0.3794643 0.1489583 0.3794643 0.1489583 0.3794643 0.1489583 0.3794643 0.1489583 0.3794643 0.1489583 0.3794643 0.1489583 0.3794643 0.1489583 0.3794643 0.1489583 0.3794643 0.1489583 0.3794643 0.1489583 0.3794643 0.1489583 0.3794643 0.1489583 0.3794643 0.1489583 0.3794643 0.1489583 0.3794643 0.1489583 0.3794643 0.1489583 0.3794643 0.1489583 0.3794643 0.1489583 0.3794643 0.1489583 0.3794643 0.1489583 0.3794643 0.1489583 0.3794643 0.1489583 0.3794643 0.1489583 0.3794643 0.1489583 0.3794643 0.1489583 0.3794643 0.1489583 0.3794643 0.1489583 0.3794643 0.1489583 0.3794643 0.1489583 0.3794643 0.1489583 0.3794643 0.1489583 0.3794643 0.1489583 0.3794643 0.1489583 0.3794643 0.1489583 0.3794643 0.1489583 0.3794643 0.1489583 0.3794643 0.1489583 0.3794643 0.1489583 0.3794643 0.1489583 0.3794643 0.1489583 0.3794643 0.1489583 0.3794643 0.1489583 0.3794643 0.1489583 0.3794643 0.1489583 0.3794643 0.1489583 0.3794643 0.1489583 0.3794643 0.1489583 0.3794643 0.1489583 0.3794643 0.1489583 0.3794643 0.1489583 0.3794643 0.1489583 0.3794643 0.1489583 0.3794643 0.1489583 0.3794643 0.1489583 0.3794643 0.1489583 0.3794643 0.1489583 0.3794643 0.1489583 0.3794643 0.1489583 0.3794643 0.1489583 0.3794643 0.1489583 0.3794643 0.1489583 0.3794643 0.1489583 0.3794643 0.1489583 0.3794643 0.1489583 0.3794643 0.1489583 0.3794643 0.1489583 0.3794643 0.1489583 0.3794643 0.1489583 0.3794643 0.1489583 0.3794643 0.1489583 0.3794643 0.1489583 0.3794643 0.1489583 0.3794643 0.1489583 0.3794643 0.1489583 0.3794643 0.1489583 0.3794643 0.1489583 0.3794643 0.1489583 0.3794643 0.1489583 0.3794643 0.1489583 0.3794643 0.1489583 0.3794643 0.1489583 0.3794643 0.1489583 0.3794643 0.1489583 0.3794643 0.1489583 0.3794643 0.1489583 0.3794643 0.1489583 0.3794643 0.1489583 0.3794643 0.1489583 0.3794643 0.1489583 0.3794643 0.1489583 0.3794643 0.1489583 0.3794643 0.1489583 0.3794643 0.1489583 0.3794643 0.1489583 0.3794643 0.1489583 0.3794643 0.1489583 0.3794643 0.1489583 0.3794643 0.1489583 0.3794643 0.1489583 0.3794643 0.1489583 0.3794643 0.1489583 0.3794643 0.1489583 0.3794643 0.1489583 0.3794643 0.1489583 0.3794643 0.1489583 0.3794643 0.1489583 0.3794643 0.1489583 0.3794643 0.1489583 0.3794643 0.1489583 0.3794643 0.1489583 0.3794643 0.1489583 0.3794643 0.1489583 0.3794643 0.1489583 0.3794643 0.1489583 0.3794643 0.1489583 0.3794643 0.1489583 0.3794643 0.1489583 0.3794643 0.1489583 0.3794643 0.1489583 0.3794643 0.1489583 0.3794643 0.1489583 0.3794643 0.1489583 0.3794643 0.1489583 0.3794643 0.1489583 0.3794643 0.1489583 0.3794643 0.1489583 0.3794643 0.1489583 0.3794643 0.1489583 0.3794643 0.1489583 0.3794643 0.1489583 0.3794643 0.1489583 0.3794643 0.1489583 0.3794643 0.1489583 0.3794643 0.1489583 0.3794643 0.1489583 0.3794643 0.1489583 0.3794643 0.1489583 0.3794643 0.1489583 0.3794643 0.1489583 0.3794643 0.1489583 0.3794643 0.1489583 0.3794643 0.1489583 0.3794643 0.1489583 0.3794643 0.1489583 0.3794643 0.1489583 0.3794643 0.1489583 0.3794643 0.1489583 0.3794643 0.1489583 0.3794643 0.1489583 0.3794643 0.1489583 0.3794643 0.1489583 0.3794643 0.1489583 0.3794643 0.1489583 0.3794643 0.1489583 0.3794643 0.1489583 0.3794643 0.1489583 0.3794643 0.1489583 0.3794643 0.1489583 0.3794643 0.1489583 0.3794643 0.1489583 0.3794643 0.1489583 0.3794643 0.1489583 0.3794643 0.1489583 0.3794643 0.1489583 0.3794643 0.1489583 0.3794643 0.1489583 0.3794643 0.1489583 0.3794643 0.1489583 0.3794643 0.1489583 0.3794643 0.1489583 0.3794643 0.1489583 0.3794643 0.1489583 0.3794643 0.1489583 0.3794643 0.1489583 0.3794643 0.1489583 0.3794643 0.1489583 0.3794643 0.1489583 0.3794643 0.1489583 0.3794643 0.1489583 0.3794643 0.1489583 0.3794643 0.1489583 0.3794643 0.1489583 0.3794643 0.1489583 0.3794643 0.1489583 0.3794643 0.1489583 0.3794643 0.1489583 0.3794643 0.1489583 0.3794643 0.1489583 0.3794643 0.1489583 0.3794643 0.1489583 0.3794643 0.1489583 0.3794643 0.1489583 0.3794643 0.1489583 0.3794643 0.1489583 0.3794643 0.1489583 0.3794643 0.1489583 0.3794643 0.1489583 0.3794643 0.1489583 0.3794643 0.1489583 0.3794643 0.1489583 0.3794643 0.1489583 0.3794643 0.1489583 0.3794643 0.1489583 0.3794643 0.1489583 0.3794643 0.1489583 0.3794643 0.1489583 0.3794643 0.1489583 0.3794643 0.1489583 0.3794643 0.1489583 0.3794643 0.1489583 0.3794643 0.1489583 0.3794643 0.1489583 0.3794643 0.1489583 0.3794643 0.1489583 0.3794643 0.1489583 0.3794643 0.1489583 0.3794643 0.1489583 0.3794643 0.1489583 0.3794643 0.1489583 0.3794643 0.1489583 0.3794643 0.1489583 0.3794643 0.1489583 0.3794643 0.1489583 0.3794643 0.1489583 0.3794643 0.1489583 0.3794643 0.1489583 0.3794643 0.1489583 0.3794643 0.1489583 0.3794643 0.1489583 0.3794643 0.1489583 0.3794643 0.1489583 0.3794643 0.1489583 0.3794643 0.1489583 0.3794643 0.1489583 0.3794643 0.1489583 0.3794643 0.1489583 0.3794643 0.1489583 0.3794643 0.1489583 0.3794643 0.1489583 0.3794643 0.1489583 0.3794643 0.1489583 0.3794643 0.1489583 0.3794643 0.1489583 0.3794643 0.1489583 0.3794643 0.1489583 0.3794643 0.1489583 0.3794643 0.1489583 0.3794643 0.1489583 0.3794643 0.1489583 0.3794643 0.1489583 0.3794643 0.1489583 0.3794643 0.1489583 0.3794643 0.1489583 0.3794643 0.1489583 0.3794643 0.1489583 0.3794643 0.1489583 0.3794643 0.1489583 0.3794643 0.1489583 0.3794643 0.1489583 0.3794643 0.1489583 0.3794643 0.1489583 0.3794643 0.1489583 0.3794643 0.1489583 0.3794643 0.1489583 0.3794643 0.1489583 0.3794643 0.1489583 0.3794643 0.1489583 0.3794643 0.1489583 0.3794643 0.1489583 0.3794643 0.1489583 0.3794643 0.1489583 0.3794643 0.1489583 0.3794643 0.1489583 0.3794643 0.1489583 0.3794643 0.1489583 0.3794643 0.1489583 0.3794643 0.1489583 0.3794643 0.1489583 0.3794643 0.1489583 0.3794643 0.1489583 0.3794643 0.1489583 0.3794643 0.1489583 0.3794643 0.1489583 0.3794643 0.1489583 0.3794643 0.1489583 0.3794643 0.1489583 0.3794643 0.1489583 0.3794643 0.1489583 0.3794643 0.1489583 0.3794643 0.1489583 0.3794643 0.1489583 0.3794643 0.1489583 0.3794643 0.1489583 0.3794643 0.1489583 0.3794643 0.1489583 0.3794643 0.1489583 0.3794643 0.1489583 0.3794643 0.1489583 0.3794643 0.1489583 0.3794643 0.1489583 0.3794643 0.1489583 0.3794643 0.1489583 0.3794643 0.1489583 0.3794643 0.1489583 0.3794643 0.1489583 0.3794643 0.1489583 0.3794643 0.1489583 0.3794643 0.1489583 0.3794643 0.1489583 0.3794643 0.1489583 0.3794643 0.1489583 0.3794643 0.1489583 0.3794643 0.1489583 0.3794643 0.1489583 0.3794643 0.1489583 0.3794643 0.1489583 0.3794643 0.1489583 0.3794643 0.1489583 0.3794643 0.1489583 0.3794643 0.1489583 0.3794643 0.1489583 0.3794643 0.1489583 0.3794643 0.1489583 0.3794643 0.1489583 0.3794643 0.1489583 0.3794643 0.1489583 0.3794643 0.1489583 0.3794643 0.1489583 0.3794643 0.1489583 0.3794643 0.1489583 0.3794643 0.1489583 0.3794643 0.1489583 0.3794643 0.1489583 0.3794643 0.1489583 0.3794643 0.1489583 0.3794643 0.1489583 0.3794643 0.1489583 0.3794643 0.1489583 0.3794643 0.1489583 0.3794643 0.1489583 0.3794643 0.1489583 0.3794643 0.1489583 0.3794643 0.1489583 0.3794643 0.1489583 0.3794643 0.1489583 0.3794643 0.1489583 0.3794643 0.1489583 0.3794643 0.1489583 0.3794643 0.1489583 0.3794643 0.1489583 0.3794643 0.1489583 0.3794643 0.1489583 0.3794643 0.1489583 0.3794643 0.1489583 0.3794643 0.1489583 0.3794643 0.1489583 0.3794643 0.1489583 0.3794643 0.1489583 0.3794643 0.1489583 0.3794643 0.1489583 0.3794643 0.1489583 0.3794643 0.1489583 0.3794643 0.1489583 0.3794643 0.1489583 0.3794643 0.1489583 0.3794643 0.1489583 0.3794643 0.1489583 0.3794643 0.1489583 0.3794643 0.1489583 0.3794643 0.1489583 0.3794643 0.1489583 0.3794643 0.1489583 0.3794643 0.1489583 0.3794643 0.1489583 0.3794643 0.1489583 0.3794643 0.1489583 0.3794643 0.1489583 0.3794643 0.1489583 0.3794643 0.1489583 0.3794643 0.1489583 0.3794643 0.1489583 0.3794643 0.1489583 0.3794643 0.1489583 0.3794643 0.1489583 0.3794643 0.1489583 0.3794643 0.1489583 0.3794643 0.1489583 0.3794643 0.1489583 0.3794643 0.1489583 0.3794643 0.1489583 0.3794643 0.1489583 0.3794643 0.1489583 0.3794643 0.1489583 0.3794643 0.1489583 0.3794643 0.1489583 0.3794643 0.1489583 0.3794643 0.1489583 0.3794643 0.1489583 0.3794643 0.1489583 0.3794643 0.1489583 0.3794643 0.1489583 0.3794643 0.1489583 0.3794643 0.1489583 0.3794643 0.1489583 0.3794643 0.1489583 0.3794643 0.1489583 0.3794643 0.1489583 0.3794643 0.1489583 0.3794643 0.1489583 0.3794643 0.1489583 0.3794643 0.1489583 0.3794643 0.1489583 0.3794643 0.1489583 0.3794643 0.1489583 0.3794643 0.1489583 0.3794643 0.1489583 0.3794643 0.1489583 0.3794643 0.1489583 0.3794643 0.1489583 0.3794643 0.1489583 0.3794643 0.1489583 0.3794643 0.1489583 0.3794643 0.1489583 0.3794643 0.1489583 0.3794643 0.1489583 0.3794643 0.1489583 0.3794643 0.1489583 0.3794643 0.1489583 0.3794643 0.1489583 0.3794643 0.1489583 0.3794643 0.1489583 0.3794643 0.1489583 0.3794643 0.1489583 0.3794643 0.1489583 0.3794643 0.1489583 0.3794643 0.1489583 0.3794643 0.1489583 0.3794643 0.1489583 0.3794643 0.1489583 0.3794643 0.1489583 0.3794643 0.1489583 0.3794643 0.1489583 0.3794643 0.1489583 0.3794643 0.1489583 0.3794643 0.1489583 0.3794643 0.1489583 0.3794643 0.1489583 0.3794643 0.1489583 0.3794643 0.1489583 0.3794643 0.1489583 0.3794643 0.1489583 0.3794643 0.1489583 0.3794643 0.1489583 0.3794643 0.1489583 0.3794643 0.1489583 0.3794643 0.1489583 0.3794643 0.1489583 0.3794643 0.1489583 0.3794643 0.1489583 0.3794643 0.1489583 0.3794643 0.1489583 0.3794643 0.1489583 0.3794643 0.1489583 0.3794643 0.1489583 0.3794643 0.1489583 0.3794643 0.1489583 0.3794643 0.1489583 0.3794643 0.1489583 0.3794643 0.1489583 0.3794643 0.1489583 0.3794643 0.1489583 0.3794643 0.1489583 0.3794643 0.1489583 0.3794643 0.1489583 0.3794643 0.1489583 0.3794643 0.1489583 0.3794643 0.1489583 0.3794643 0.1489583 0.3794643 0.1489583 0.3794643 0.1489583 0.3794643 0.1489583 0.3794643 0.1489583 0.3794643 0.1489583 0.3794643 0.1489583 0.3794643 0.1489583 0.3794643 0.1489583 0.3794643 0.1489583 0.3794643 0.1489583 0.3794643 0.1489583 0.3794643 0.1489583 0.3794643 0.1489583 0.3794643 0.1489583 0.3794643 0.1489583 0.3794643 0.1489583 0.3794643 0.1489583 0.3794643 0.1489583 0.3794643 0.1489583 0.3794643 0.1489583 0.3794643 0.1489583 0.3794643 0.1489583 0.3794643 0.1489583 0.3794643 0.1489583 0.3794643 0.1489583 0.3794643 0.1489583 0.3794643 0.1489583 0.3794643 0.1489583 0.3794643 0.1489583 0.3794643 0.1489583 0.3794643 0.1489583 0.3794643 0.1489583 0.3794643 0.1489583 0.3794643 0.1489583 0.3794643 0.1489583 0.3794643 0.1489583 0.3794643 0.1489583 0.3794643 0.1489583 0.3794643 0.1489583 0.3794643 0.1489583 0.3794643 0.1489583 0.3794643 0.1489583 0.3794643 0.1489583 0.3794643 0.1489583 0.3794643 0.1489583 0.3794643 0.1489583 0.3794643 0.1489583 0.3794643 0.1489583 0.3794643 0.1489583 0.3794643 0.1489583 0.3794643 0.1489583 0.3794643 0.1489583 0.3794643 0.1489583 0.3794643 0.1489583 0.3794643 0.1489583 0.3794643 0.1489583 0.3794643 0.1489583 0.3794643 0.1489583 0.3794643 0.1489583 0.3794643 0.1489583 0.3794643 0.1489583 0.3794643 0.1489583 0.3794643 0.1489583 0.3794643 0.1489583 0.3794643 0.1489583 0.3794643 0.1489583 0.3794643 0.1489583 0.3794643 0.1489583 0.3794643 0.1489583 0.3794643 0.1489583 0.3794643 0.1489583 0.3794643 0.1489583 0.3794643 0.1489583 0.3794643 0.1489583 0.3794643 0.1489583 0.3794643 0.1489583 0.3794643 0.1489583 0.3794643</float_array>
          <technique_common>
            <accessor count="6820" source="#texcoords-array-array" stride="2">
              <param type="float" name="S"/>
              <param type="float" name="T"/>
            </accessor>
          </technique_common>
        </source>
        <vertices id="verts-array-vertices">
          <input semantic="POSITION" source="#verts-array"/>
        </vertices>
        <triangles count="5338" material="material0">
          <input offset="0" semantic="VERTEX" source="#verts-array-vertices"/>
          <input offset="1" semantic="NORMAL" source="#normals-array"/>
          <input offset="2" semantic="TEXCOORD" source="#texcoords-array"/>
          <p>0 0 0 1 1 1 2 2 2 3 3 3 4 4 4 5 5 5 6 6 6 7 7 7 8 8 8 9 9 9 10 10 10 11 11 11 12 12 12 13 13 13 14 14 14 15 15 15 16 16 16 17 17 17 18 18 18 19 19 19 20 20 20 21 21 21 22 22 22 23 23 23 24 24 24 25 25 25 26 26 26 27 27 27 28 28 28 29 29 29 30 30 30 31 31 31 32 32 32 33 33 33 34 34 34 35 35 35 36 36 36 37 37 37 38 38 38 39 39 39 40 40 40 41 41 41 42 42 42 43 43 43 44 44 44 45 45 45 46 46 46 47 47 47 48 48 48 49 49 49 50 50 50 51 51 51 52 52 52 53 53 53 54 54 54 55 55 55 56 56 56 57 57 57 58 58 58 59 59 59 60 60 60 61 61 61 62 62 62 63 63 63 64 64 64 65 65 65 66 66 66 67 67 67 68 68 68 69 69 69 70 70 70 71 71 71 72 72 72 73 73 73 74 74 74 75 75 75 76 76 76 77 77 77 78 78 78 79 79 79 80 80 80 81 81 81 82 82 82 83 83 83 84 84 84 85 85 85 86 86 86 87 87 87 88 88 88 89 89 89 90 90 90 91 91 91 92 92 92 93 93 93 94 94 94 95 95 95 96 96 96 97 97 97 98 98 98 99 99 99 100 100 100 101 101 101 102 102 102 103 103 103 104 104 104 105 105 105 106 106 106 107 107 107 108 108 108 109 109 109 110 110 110 111 111 111 112 112 112 113 113 113 114 114 114 115 115 115 116 116 116 117 117 117 118 118 118 119 119 119 120 120 120 121 121 121 122 122 122 123 123 123 124 124 124 125 125 125 126 126 126 127 127 127 128 128 128 129 129 129 130 130 130 131 131 131 132 132 132 133 133 133 134 134 134 135 135 135 136 136 136 137 137 137 138 138 138 139 139 139 140 140 140 141 141 141 142 142 142 143 143 143 144 144 144 145 145 145 146 146 146 147 147 147 148 148 148 149 149 149 150 150 150 151 151 151 152 152 152 153 153 153 154 154 154 155 155 155 156 156 156 157 157 157 158 158 158 159 159 159 160 160 160 161 161 161 162 162 162 163 163 163 164 164 164 165 165 165 166 166 166 167 167 167 168 168 168 169 169 169 170 170 170 171 171 171 172 172 172 173 173 173 174 174 174 175 175 175 176 176 176 177 177 177 178 178 178 179 179 179 180 180 180 181 181 181 182 182 182 183 183 183 184 184 184 185 185 185 186 186 186 187 187 187 188 188 188 189 189 189 190 190 190 191 191 191 192 192 192 193 193 193 194 194 194 195 195 195 196 196 196 197 197 197 198 198 198 199 199 199 200 200 200 201 201 201 202 202 202 203 203 203 204 204 204 205 205 205 206 206 206 207 207 207 208 208 208 209 209 209 210 210 210 211 211 211 212 212 212 213 213 213 214 214 214 215 215 215 216 216 216 217 217 217 218 218 218 219 219 219 220 220 220 221 221 221 222 222 222 223 223 223 224 224 224 225 225 225 226 226 226 227 227 227 228 228 228 229 229 229 230 230 230 231 231 231 232 232 232 233 233 233 234 234 234 235 235 235 236 236 236 237 237 237 238 238 238 239 239 239 240 240 240 241 241 241 242 242 242 243 243 243 244 244 244 245 245 245 246 246 246 247 247 247 248 248 248 249 249 249 250 250 250 251 251 251 252 252 252 253 253 253 254 254 254 255 255 255 256 256 256 257 257 257 258 258 258 259 259 259 260 260 260 261 261 261 262 262 262 263 263 263 264 264 264 265 265 265 266 266 266 267 267 267 268 268 268 269 269 269 270 270 270 271 271 271 272 272 272 273 273 273 274 274 274 275 275 275 276 276 276 277 277 277 278 278 278 279 279 279 280 280 280 281 281 281 282 282 282 283 283 283 284 284 284 285 285 285 286 286 286 287 287 287 288 288 288 289 289 289 290 290 290 291 291 291 292 292 292 293 293 293 294 294 294 295 295 295 296 296 296 297 297 297 298 298 298 299 299 299 300 300 300 301 301 301 302 302 302 303 303 303 304 304 304 305 305 305 306 306 306 307 307 307 308 308 308 309 309 309 310 310 310 311 311 311 312 312 312 313 313 313 314 314 314 315 315 315 316 316 316 317 317 317 318 318 318 319 319 319 320 320 320 321 321 321 322 322 322 323 323 323 324 324 324 325 325 325 326 326 326 327 327 327 328 328 328 329 329 329 330 330 330 331 331 331 332 332 332 333 333 333 334 334 334 335 335 335 336 336 336 337 337 337 338 338 338 339 339 339 340 340 340 341 341 341 342 342 342 343 343 343 344 344 344 345 345 345 346 346 346 347 347 347 348 348 348 349 349 349 350 350 350 351 351 351 352 352 352 353 353 353 354 354 354 355 355 355 356 356 356 357 357 357 358 358 358 359 359 359 360 360 360 361 361 361 362 362 362 363 363 363 364 364 364 365 365 365 366 366 366 367 367 367 368 368 368 369 369 369 370 370 370 371 371 371 372 372 372 373 373 373 374 374 374 375 375 375 376 376 376 377 377 377 378 378 378 379 379 379 380 380 380 381 381 381 382 382 382 383 383 383 384 384 384 385 385 385 386 386 386 387 387 387 388 388 388 389 389 389 390 390 390 391 391 391 392 392 392 393 393 393 394 394 394 395 395 395 396 396 396 397 397 397 398 398 398 399 399 399 400 400 400 401 401 401 402 402 402 403 403 403 404 404 404 405 405 405 406 406 406 407 407 407 408 408 408 409 409 409 410 410 410 411 411 411 412 412 412 413 413 413 414 414 414 415 415 415 416 416 416 417 417 417 418 418 418 419 419 419 420 420 420 421 421 421 422 422 422 423 423 423 424 424 424 425 425 425 426 426 426 427 427 427 428 428 428 429 429 429 430 430 430 431 431 431 432 432 432 433 433 433 434 434 434 435 435 435 436 436 436 437 437 437 438 438 438 439 439 439 440 440 440 441 441 441 442 442 442 443 443 443 444 444 444 445 445 445 446 446 446 447 447 447 448 448 448 449 449 449 450 450 450 451 451 451 452 452 452 452 452 452 453 453 453 454 454 454 453 453 453 455 455 455 454 454 454 454 454 454 455 455 455 456 456 456 457 457 457 458 458 458 459 459 459 460 460 460 461 461 461 459 459 459 462 462 462 463 463 463 461 461 461 464 464 464 465 465 465 466 466 466 467 467 467 466 466 466 468 468 468 469 469 469 470 470 470 471 471 471 472 472 472 473 473 473 469 469 469 474 474 474 472 472 472 475 475 475 476 476 476 477 477 477 478 478 478 479 479 479 476 476 476 480 480 480 481 481 481 479 479 479 480 480 480 482 482 482 479 479 479 481 481 481 483 483 483 481 481 481 484 484 484 485 485 485 483 483 483 484 484 484 485 485 485 486 486 486 483 483 483 487 487 487 486 486 486 485 485 485 488 488 488 485 485 485 484 484 484 489 489 489 485 485 485 488 488 488 484 484 484 481 481 481 490 490 490 491 491 491 489 489 489 488 488 488 481 481 481 492 492 492 490 490 490 493 493 493 489 489 489 491 491 491 492 492 492 494 494 494 490 490 490 495 495 495 496 496 496 493 493 493 496 496 496 497 497 497 493 493 493 496 496 496 498 498 498 499 499 499 498 498 498 500 500 500 499 499 499 501 501 501 502 502 502 499 499 499 503 503 503 502 502 502 501 501 501 504 504 504 502 502 502 505 505 505 506 506 506 504 504 504 505 505 505 504 504 504 506 506 506 507 507 507 508 508 508 507 507 507 506 506 506 509 509 509 507 507 507 508 508 508 509 509 509 508 508 508 510 510 510 508 508 508 511 511 511 510 510 510 512 512 512 513 513 513 511 511 511 514 514 514 513 513 513 512 512 512 514 514 514 512 512 512 515 515 515 512 512 512 516 516 516 515 515 515 517 517 517 518 518 518 516 516 516 516 516 516 512 512 512 519 519 519 520 520 520 517 517 517 516 516 516 520 520 520 516 516 516 519 519 519 521 521 521 517 517 517 520 520 520 522 522 522 521 521 521 520 520 520 522 522 522 520 520 520 523 523 523 519 519 519 512 512 512 524 524 524 512 512 512 525 525 525 524 524 524 524 524 524 525 525 525 526 526 526 525 525 525 527 527 527 526 526 526 527 527 527 506 506 506 526 526 526 523 523 523 520 520 520 528 528 528 529 529 529 523 523 523 528 528 528 530 530 530 523 523 523 529 529 529 531 531 531 523 523 523 530 530 530 532 532 532 530 530 530 529 529 529 533 533 533 534 534 534 531 531 531 532 532 532 534 534 534 533 533 533 535 535 535 532 532 532 529 529 529 534 534 534 532 532 532 536 536 536 537 537 537 534 534 534 536 536 536 538 538 538 532 532 532 535 535 535 539 539 539 538 538 538 535 535 535 539 539 539 540 540 540 541 541 541 540 540 540 542 542 542 543 543 543 544 544 544 542 542 542 545 545 545 546 546 546 542 542 542 540 540 540 542 542 542 546 546 546 545 545 545 545 545 545 546 546 546 547 547 547 548 548 548 542 542 542 549 549 549 550 550 550 548 548 548 549 549 549 546 546 546 551 551 551 547 547 547 547 547 547 551 551 551 552 552 552 553 553 553 546 546 546 540 540 540 554 554 554 546 546 546 553 553 553 555 555 555 554 554 554 553 553 553 556 556 556 557 557 557 555 555 555 558 558 558 559 559 559 555 555 555 559 559 559 560 560 560 555 555 555 561 561 561 555 555 555 553 553 553 562 562 562 555 555 555 561 561 561 562 562 562 563 563 563 564 564 564 565 565 565 562 562 562 561 561 561 566 566 566 565 565 565 561 561 561 567 567 567 565 565 565 566 566 566 568 568 568 560 560 560 569 569 569 570 570 570 568 568 568 569 569 569 571 571 571 569 569 569 560 560 560 572 572 572 571 571 571 573 573 573 574 574 574 569 569 569 571 571 571 575 575 575 576 576 576 574 574 574 571 571 571 577 577 577 578 578 578 569 569 569 579 579 579 580 580 580 579 579 579 581 581 581 580 580 580 580 580 580 581 581 581 582 582 582 574 574 574 583 583 583 581 581 581 581 581 581 583 583 583 584 584 584 581 581 581 584 584 584 585 585 585 585 585 585 584 584 584 586 586 586 584 584 584 587 587 587 586 586 586 586 586 586 587 587 587 588 588 588 587 587 587 589 589 589 588 588 588 590 590 590 589 589 589 587 587 587 591 591 591 589 589 589 592 592 592 593 593 593 578 578 578 594 594 594 594 594 594 578 578 578 595 595 595 578 578 578 596 596 596 595 595 595 595 595 595 596 596 596 597 597 597 598 598 598 568 568 568 599 599 599 600 600 600 598 598 598 599 599 599 601 601 601 598 598 598 600 600 600 602 602 602 597 597 597 603 603 603 602 602 602 603 603 603 604 604 604 604 604 604 603 603 603 605 605 605 603 603 603 606 606 606 605 605 605 607 607 607 602 602 602 604 604 604 605 605 605 606 606 606 608 608 608 609 609 609 602 602 602 607 607 607 608 608 608 610 610 610 605 605 605 611 611 611 610 610 610 608 608 608 605 605 605 610 610 610 612 612 612 612 612 612 613 613 613 614 614 614 612 612 612 615 615 615 604 604 604 604 604 604 615 615 615 607 607 607 615 615 615 616 616 616 607 607 607 608 608 608 606 606 606 617 617 617 618 618 618 609 609 609 607 607 607 606 606 606 553 553 553 617 617 617 619 619 619 620 620 620 607 607 607 621 621 621 617 617 617 622 622 622 622 622 622 617 617 617 623 623 623 607 607 607 620 620 620 624 624 624 620 620 620 625 625 625 624 624 624 624 624 624 618 618 618 607 607 607 626 626 626 617 617 617 627 627 627 617 617 617 628 628 628 627 627 627 617 617 617 553 553 553 628 628 628 629 629 629 630 630 630 628 628 628 631 631 631 629 629 629 628 628 628 631 631 631 632 632 632 633 633 633 628 628 628 553 553 553 634 634 634 553 553 553 635 635 635 634 634 634 634 634 634 635 635 635 636 636 636 637 637 637 638 638 638 634 634 634 639 639 639 640 640 640 634 634 634 633 633 633 641 641 641 642 642 642 641 641 641 643 643 643 642 642 642 643 643 643 644 644 644 645 645 645 644 644 644 646 646 646 645 645 645 645 645 645 646 646 646 647 647 647 647 647 647 648 648 648 649 649 649 648 648 648 650 650 650 649 649 649 640 640 640 651 651 651 652 652 652 653 653 653 640 640 640 652 652 652 653 653 653 654 654 654 655 655 655 652 652 652 656 656 656 657 657 657 656 656 656 658 658 658 657 657 657 640 640 640 659 659 659 660 660 660 659 659 659 535 535 535 660 660 660 660 660 660 535 535 535 658 658 658 535 535 535 661 661 661 658 658 658 662 662 662 663 663 663 658 658 658 664 664 664 662 662 662 658 658 658 658 658 658 661 661 661 664 664 664 664 664 664 661 661 661 665 665 665 661 661 661 666 666 666 665 665 665 665 665 665 666 666 666 667 667 667 666 666 666 520 520 520 667 667 667 665 665 665 668 668 668 669 669 669 668 668 668 670 670 670 669 669 669 667 667 667 671 671 671 665 665 665 672 672 672 671 671 671 667 667 667 673 673 673 674 674 674 667 667 667 675 675 675 673 673 673 667 667 667 667 667 667 520 520 520 675 675 675 676 676 676 673 673 673 677 677 677 678 678 678 676 676 676 677 677 677 675 675 675 520 520 520 678 678 678 678 678 678 520 520 520 679 679 679 520 520 520 519 519 519 679 679 679 679 679 679 519 519 519 680 680 680 681 681 681 678 678 678 682 682 682 681 681 681 682 682 682 683 683 683 678 678 678 684 684 684 682 682 682 685 685 685 682 682 682 684 684 684 680 680 680 685 685 685 684 684 684 686 686 686 680 680 680 687 687 687 686 686 686 688 688 688 689 689 689 680 680 680 690 690 690 687 687 687 680 680 680 519 519 519 690 690 690 689 689 689 691 691 691 692 692 692 692 692 692 691 691 691 693 693 693 694 694 694 695 695 695 692 692 692 696 696 696 694 694 694 692 692 692 696 696 696 697 697 697 690 690 690 698 698 698 696 696 696 690 690 690 690 690 690 519 519 519 698 698 698 699 699 699 696 696 696 698 698 698 519 519 519 700 700 700 698 698 698 700 700 700 526 526 526 698 698 698 698 698 698 526 526 526 701 701 701 702 702 702 703 703 703 701 701 701 704 704 704 702 702 702 701 701 701 705 705 705 702 702 702 704 704 704 701 701 701 526 526 526 706 706 706 707 707 707 705 705 705 704 704 704 708 708 708 705 705 705 709 709 709 708 708 708 710 710 710 711 711 711 707 707 707 712 712 712 713 713 713 714 714 714 707 707 707 713 713 713 715 715 715 716 716 716 708 708 708 717 717 717 716 716 716 715 715 715 718 718 718 719 719 719 717 717 717 720 720 720 719 719 719 718 718 718 526 526 526 721 721 721 706 706 706 526 526 526 506 506 506 721 721 721 706 706 706 721 721 721 722 722 722 506 506 506 723 723 723 721 721 721 722 722 722 721 721 721 724 724 724 723 723 723 500 500 500 721 721 721 725 725 725 726 726 726 724 724 724 727 727 727 725 725 725 724 724 724 724 724 724 721 721 721 727 727 727 721 721 721 500 500 500 728 728 728 721 721 721 729 729 729 727 727 727 500 500 500 730 730 730 728 728 728 727 727 727 729 729 729 731 731 731 728 728 728 730 730 730 491 491 491 729 729 729 491 491 491 731 731 731 730 730 730 493 493 493 491 491 491 731 731 731 491 491 491 732 732 732 732 732 732 491 491 491 733 733 733 734 734 734 731 731 731 735 735 735 736 736 736 734 734 734 735 735 735 491 491 491 737 737 737 733 733 733 738 738 738 739 739 739 733 733 733 739 739 739 740 740 740 733 733 733 733 733 733 737 737 737 741 741 741 737 737 737 742 742 742 741 741 741 741 741 741 742 742 742 743 743 743 743 743 743 742 742 742 744 744 744 742 742 742 490 490 490 744 744 744 744 744 744 490 490 490 745 745 745 745 745 745 490 490 490 746 746 746 747 747 747 743 743 743 748 748 748 749 749 749 747 747 747 748 748 748 749 749 749 750 750 750 751 751 751 490 490 490 752 752 752 746 746 746 490 490 490 494 494 494 752 752 752 746 746 746 752 752 752 753 753 753 494 494 494 754 754 754 752 752 752 755 755 755 754 754 754 756 756 756 754 754 754 757 757 757 756 756 756 753 753 753 752 752 752 758 758 758 754 754 754 759 759 759 760 760 760 759 759 759 761 761 761 760 760 760 754 754 754 762 762 762 752 752 752 763 763 763 753 753 753 764 764 764 765 765 765 763 763 763 764 764 764 765 765 765 766 766 766 767 767 767 765 765 765 768 768 768 763 763 763 763 763 763 768 768 768 769 769 769 770 770 770 771 771 771 766 766 766 766 766 766 771 771 771 772 772 772 772 772 772 771 771 771 773 773 773 771 771 771 758 758 758 774 774 774 775 775 775 758 758 758 771 771 771 776 776 776 768 768 768 777 777 777 777 777 777 768 768 768 778 778 778 779 779 779 780 780 780 768 768 768 781 781 781 779 779 779 768 768 768 782 782 782 781 781 781 783 783 783 779 779 779 782 782 782 743 743 743 784 784 784 782 782 782 779 779 779 785 785 785 784 784 784 786 786 786 787 787 787 784 784 784 785 785 785 788 788 788 789 789 789 787 787 787 787 787 787 789 789 789 790 790 790 790 790 790 791 791 791 792 792 792 793 793 793 791 791 791 790 790 790 794 794 794 792 792 792 795 795 795 794 794 794 796 796 796 787 787 787 797 797 797 787 787 787 796 796 796 798 798 798 799 799 799 787 787 787 800 800 800 799 799 799 798 798 798 801 801 801 800 800 800 802 802 802 803 803 803 800 800 800 801 801 801 804 804 804 805 805 805 799 799 799 806 806 806 805 805 805 804 804 804 807 807 807 803 803 803 808 808 808 809 809 809 803 803 803 807 807 807 810 810 810 809 809 809 811 811 811 812 812 812 809 809 809 813 813 813 813 813 813 814 814 814 815 815 815 813 813 813 816 816 816 812 812 812 812 812 812 816 816 816 817 817 817 816 816 816 818 818 818 817 817 817 819 819 819 820 820 820 796 796 796 821 821 821 820 820 820 819 819 819 796 796 796 822 822 822 823 823 823 822 822 822 824 824 824 823 823 823 806 806 806 825 825 825 826 826 826 826 826 826 825 825 825 827 827 827 825 825 825 828 828 828 827 827 827 826 826 826 829 829 829 806 806 806 827 827 827 828 828 828 830 830 830 831 831 831 832 832 832 827 827 827 833 833 833 832 832 832 831 831 831 834 834 834 835 835 835 828 828 828 836 836 836 835 835 835 834 834 834 830 830 830 836 836 836 837 837 837 837 837 837 836 836 836 838 838 838 836 836 836 839 839 839 838 838 838 838 838 838 839 839 839 840 840 840 841 841 841 842 842 842 839 839 839 843 843 843 842 842 842 841 841 841 840 840 840 844 844 844 845 845 845 846 846 846 844 844 844 840 840 840 840 840 840 847 847 847 846 846 846 846 846 846 847 847 847 848 848 848 848 848 848 849 849 849 846 846 846 850 850 850 849 849 849 848 848 848 851 851 851 848 848 848 852 852 852 848 848 848 853 853 853 852 852 852 848 848 848 854 854 854 855 855 855 855 855 855 854 854 854 856 856 856 854 854 854 857 857 857 856 856 856 856 856 856 857 857 857 858 858 858 857 857 857 859 859 859 858 858 858 858 858 858 859 859 859 860 860 860 860 860 860 859 859 859 861 861 861 859 859 859 862 862 862 861 861 861 861 861 861 862 862 862 863 863 863 862 862 862 864 864 864 863 863 863 863 863 863 864 864 864 865 865 865 866 866 866 865 865 865 867 867 867 865 865 865 868 868 868 869 869 869 870 870 870 868 868 868 865 865 865 865 865 865 871 871 871 872 872 872 872 872 872 871 871 871 873 873 873 871 871 871 874 874 874 875 875 875 876 876 876 875 875 875 873 873 873 877 877 877 878 878 878 873 873 873 873 873 873 875 875 875 877 877 877 875 875 875 879 879 879 877 877 877 877 877 877 879 879 879 880 880 880 877 877 877 880 880 880 881 881 881 879 879 879 882 882 882 880 880 880 883 883 883 880 880 880 882 882 882 884 884 884 885 885 885 883 883 883 885 885 885 880 880 880 883 883 883 886 886 886 880 880 880 887 887 887 880 880 880 888 888 888 887 887 887 880 880 880 885 885 885 888 888 888 888 888 888 885 885 885 889 889 889 890 890 890 887 887 887 891 891 891 889 889 889 890 890 890 891 891 891 885 885 885 892 892 892 889 889 889 893 893 893 890 890 890 889 889 889 893 893 893 894 894 894 895 895 895 889 889 889 892 892 892 896 896 896 897 897 897 896 896 896 893 893 893 893 893 893 896 896 896 898 898 898 893 893 893 899 899 899 900 900 900 900 900 900 899 899 899 901 901 901 901 901 901 902 902 902 903 903 903 904 904 904 901 901 901 903 903 903 905 905 905 901 901 901 904 904 904 906 906 906 901 901 901 905 905 905 906 906 906 905 905 905 907 907 907 907 907 907 905 905 905 908 908 908 909 909 909 908 908 908 910 910 910 911 911 911 909 909 909 910 910 910 910 910 910 912 912 912 913 913 913 913 913 913 914 914 914 915 915 915 915 915 915 916 916 916 917 917 917 918 918 918 907 907 907 911 911 911 919 919 919 918 918 918 911 911 911 918 918 918 919 919 919 920 920 920 921 921 921 918 918 918 920 920 920 920 920 920 919 919 919 922 922 922 921 921 921 907 907 907 923 923 923 924 924 924 907 907 907 921 921 921 925 925 925 907 907 907 924 924 924 925 925 925 906 906 906 907 907 907 926 926 926 925 925 925 927 927 927 925 925 925 928 928 928 927 927 927 929 929 929 928 928 928 921 921 921 930 930 930 929 929 929 921 921 921 931 931 931 906 906 906 925 925 925 932 932 932 930 930 930 922 922 922 933 933 933 906 906 906 931 931 931 934 934 934 932 932 932 922 922 922 935 935 935 933 933 933 931 931 931 933 933 933 935 935 935 900 900 900 936 936 936 935 935 935 931 931 931 900 900 900 935 935 935 937 937 937 936 936 936 938 938 938 935 935 935 937 937 937 939 939 939 940 940 940 935 935 935 938 938 938 941 941 941 935 935 935 941 941 941 937 937 937 938 938 938 942 942 942 941 941 941 937 937 937 941 941 941 943 943 943 939 939 939 944 944 944 945 945 945 945 945 945 944 944 944 946 946 946 941 941 941 947 947 947 943 943 943 943 943 943 947 947 947 944 944 944 941 941 941 942 942 942 947 947 947 942 942 942 948 948 948 947 947 947 948 948 948 949 949 949 947 947 947 949 949 949 950 950 950 947 947 947 947 947 947 951 951 951 944 944 944 950 950 950 951 951 951 947 947 947 952 952 952 953 953 953 951 951 951 954 954 954 951 951 951 950 950 950 946 946 946 951 951 951 955 955 955 955 955 955 951 951 951 954 954 954 956 956 956 955 955 955 954 954 954 957 957 957 955 955 955 956 956 956 958 958 958 957 957 957 956 956 956 959 959 959 957 957 957 958 958 958 957 957 957 960 960 960 861 861 861 960 960 960 957 957 957 959 959 959 959 959 959 961 961 961 960 960 960 962 962 962 960 960 960 961 961 961 963 963 963 961 961 961 959 959 959 964 964 964 963 963 963 959 959 959 965 965 965 963 963 963 964 964 964 966 966 966 967 967 967 964 964 964 968 968 968 962 962 962 858 858 858 858 858 858 962 962 962 969 969 969 970 970 970 969 969 969 971 971 971 972 972 972 962 962 962 961 961 961 962 962 962 972 972 972 970 970 970 973 973 973 972 972 972 961 961 961 972 972 972 974 974 974 970 970 970 975 975 975 973 973 973 961 961 961 976 976 976 973 973 973 975 975 975 977 977 977 970 970 970 974 974 974 977 977 977 978 978 978 970 970 970 970 970 970 978 978 978 849 849 849 849 849 849 978 978 978 979 979 979 978 978 978 980 980 980 979 979 979 979 979 979 980 980 980 981 981 981 980 980 980 982 982 982 981 981 981 982 982 982 983 983 983 981 981 981 833 833 833 981 981 981 984 984 984 981 981 981 983 983 983 984 984 984 983 983 983 985 985 985 984 984 984 985 985 985 983 983 983 986 986 986 987 987 987 985 985 985 986 986 986 988 988 988 985 985 985 987 987 987 989 989 989 988 988 988 987 987 987 829 829 829 988 988 988 989 989 989 990 990 990 829 829 829 989 989 989 991 991 991 990 990 990 989 989 989 829 829 829 990 990 990 992 992 992 806 806 806 829 829 829 992 992 992 992 992 992 993 993 993 806 806 806 992 992 992 990 990 990 994 994 994 993 993 993 992 992 992 995 995 995 996 996 996 990 990 990 991 991 991 990 990 990 996 996 996 997 997 997 998 998 998 996 996 996 991 991 991 997 997 997 996 996 996 999 999 999 996 996 996 998 998 998 1000 1000 1000 1001 1001 1001 996 996 996 1000 1000 1000 1002 1002 1002 1001 1001 1001 1000 1000 1000 999 999 999 1002 1002 1002 1003 1003 1003 1004 1004 1004 1002 1002 1002 1000 1000 1000 1000 1000 1000 1005 1005 1005 1004 1004 1004 1005 1005 1005 1006 1006 1006 1004 1004 1004 1006 1006 1006 1002 1002 1002 1004 1004 1004 1005 1005 1005 1007 1007 1007 1006 1006 1006 1007 1007 1007 1008 1008 1008 1006 1006 1006 1009 1009 1009 1002 1002 1002 1006 1006 1006 1008 1008 1008 1009 1009 1009 1006 1006 1006 1010 1010 1010 1011 1011 1011 1002 1002 1002 1002 1002 1002 1009 1009 1009 1010 1010 1010 1012 1012 1012 1009 1009 1009 1008 1008 1008 1009 1009 1009 1012 1012 1012 1013 1013 1013 1014 1014 1014 1012 1012 1012 1008 1008 1008 1013 1013 1013 1012 1012 1012 1015 1015 1015 1016 1016 1016 1012 1012 1012 1014 1014 1014 1015 1015 1015 1012 1012 1012 1016 1016 1016 1017 1017 1017 1015 1015 1015 1016 1016 1016 1018 1018 1018 1017 1017 1017 1016 1016 1016 1019 1019 1019 1017 1017 1017 1018 1018 1018 1020 1020 1020 1017 1017 1017 1019 1019 1019 1021 1021 1021 1019 1019 1019 1018 1018 1018 1022 1022 1022 1019 1019 1019 1021 1021 1021 1023 1023 1023 1022 1022 1022 1021 1021 1021 1024 1024 1024 1022 1022 1022 1023 1023 1023 1025 1025 1025 1024 1024 1024 1023 1023 1023 1026 1026 1026 1022 1022 1022 1027 1027 1027 1028 1028 1028 1024 1024 1024 1025 1025 1025 1029 1029 1029 1024 1024 1024 1028 1028 1028 1030 1030 1030 1029 1029 1029 1031 1031 1031 1032 1032 1032 1028 1028 1028 1025 1025 1025 1028 1028 1028 1032 1032 1032 1033 1033 1033 1033 1033 1033 1032 1032 1032 917 917 917 917 917 917 1032 1032 1032 919 919 919 919 919 919 1032 1032 1032 922 922 922 934 934 934 1032 1032 1032 1025 1025 1025 922 922 922 1032 1032 1032 934 934 934 1034 1034 1034 934 934 934 1035 1035 1035 934 934 934 1036 1036 1036 1035 1035 1035 1037 1037 1037 1038 1038 1038 1029 1029 1029 1022 1022 1022 1038 1038 1038 1037 1037 1037 1027 1027 1027 1022 1022 1022 1037 1037 1037 1027 1027 1027 1039 1039 1039 1040 1040 1040 1040 1040 1040 1039 1039 1039 1041 1041 1041 1039 1039 1039 1042 1042 1042 1041 1041 1041 1041 1041 1041 1042 1042 1042 1043 1043 1043 1042 1042 1042 1044 1044 1044 1043 1043 1043 1043 1043 1043 1044 1044 1044 1045 1045 1045 1045 1045 1045 1044 1044 1044 1046 1046 1046 1047 1047 1047 1048 1048 1048 1046 1046 1046 1046 1046 1046 1049 1049 1049 1050 1050 1050 1050 1050 1050 1049 1049 1049 1010 1010 1010 1049 1049 1049 1051 1051 1051 1010 1010 1010 1010 1010 1010 1051 1051 1051 1052 1052 1052 1051 1051 1051 1053 1053 1053 1054 1054 1054 1053 1053 1053 1055 1055 1055 1054 1054 1054 1055 1055 1055 1056 1056 1056 1057 1057 1057 1058 1058 1058 1055 1055 1055 1059 1059 1059 1059 1059 1059 1055 1055 1055 1060 1060 1060 1061 1061 1061 1062 1062 1062 1052 1052 1052 1052 1052 1052 1062 1062 1062 1063 1063 1063 1052 1052 1052 1063 1063 1063 999 999 999 999 999 999 1063 1063 1063 995 995 995 1063 1063 1063 1064 1064 1064 995 995 995 995 995 995 1064 1064 1064 793 793 793 1064 1064 1064 1065 1065 1065 793 793 793 1066 1066 1066 1067 1067 1067 1065 1065 1065 1068 1068 1068 1069 1069 1069 1070 1070 1070 1069 1069 1069 1071 1071 1071 1072 1072 1072 1072 1072 1072 1071 1071 1071 1073 1073 1073 1071 1071 1071 1074 1074 1074 1073 1073 1073 1075 1075 1075 1076 1076 1076 1077 1077 1077 1077 1077 1077 1078 1078 1078 1079 1079 1079 1080 1080 1080 1079 1079 1079 1081 1081 1081 1079 1079 1079 1082 1082 1082 1081 1081 1081 1082 1082 1082 1083 1083 1083 1084 1084 1084 1085 1085 1085 1083 1083 1083 1082 1082 1082 1086 1086 1086 1087 1087 1087 1079 1079 1079 1079 1079 1079 1078 1078 1078 1088 1088 1088 1078 1078 1078 1089 1089 1089 1088 1088 1088 1085 1085 1085 1090 1090 1090 1091 1091 1091 1092 1092 1092 1085 1085 1085 1091 1091 1091 1093 1093 1093 1094 1094 1094 1092 1092 1092 1095 1095 1095 1085 1085 1085 1092 1092 1092 1096 1096 1096 1095 1095 1095 1097 1097 1097 1097 1097 1097 1095 1095 1095 1098 1098 1098 1099 1099 1099 1098 1098 1098 1095 1095 1095 1095 1095 1095 1100 1100 1100 1099 1099 1099 1101 1101 1101 1100 1100 1100 762 762 762 762 762 762 1100 1100 1100 1095 1095 1095 762 762 762 1095 1095 1095 1102 1102 1102 752 752 752 762 762 762 1102 1102 1102 1102 1102 1102 1095 1095 1095 1103 1103 1103 1103 1103 1103 1095 1095 1095 1092 1092 1092 752 752 752 1104 1104 1104 758 758 758 758 758 758 1104 1104 1104 1105 1105 1105 1104 1104 1104 1106 1106 1106 1105 1105 1105 1105 1105 1105 1106 1106 1106 1107 1107 1107 1108 1108 1108 1105 1105 1105 1107 1107 1107 1109 1109 1109 1108 1108 1108 1110 1110 1110 1108 1108 1108 1111 1111 1111 1110 1110 1110 1107 1107 1107 1106 1106 1106 1112 1112 1112 1112 1112 1112 1113 1113 1113 1107 1107 1107 1106 1106 1106 1092 1092 1092 1112 1112 1112 1112 1112 1112 1092 1092 1092 1114 1114 1114 1114 1114 1114 1115 1115 1115 1112 1112 1112 1116 1116 1116 1112 1112 1112 1117 1117 1117 1118 1118 1118 1112 1112 1112 1116 1116 1116 1115 1115 1115 1119 1119 1119 1120 1120 1120 1119 1119 1119 1121 1121 1121 1120 1120 1120 1122 1122 1122 1086 1086 1086 1121 1121 1121 1086 1086 1086 1123 1123 1123 1121 1121 1121 1120 1120 1120 1121 1121 1121 1124 1124 1124 1121 1121 1121 1123 1123 1123 1125 1125 1125 1121 1121 1121 1125 1125 1125 1124 1124 1124 1123 1123 1123 1088 1088 1088 1125 1125 1125 1124 1124 1124 1125 1125 1125 1126 1126 1126 1127 1127 1127 1128 1128 1128 1120 1120 1120 1129 1129 1129 1128 1128 1128 1127 1127 1127 1120 1120 1120 1130 1130 1130 1131 1131 1131 1131 1131 1131 1130 1130 1130 1132 1132 1132 1133 1133 1133 1132 1132 1132 1134 1134 1134 1126 1126 1126 1133 1133 1133 1134 1134 1134 1135 1135 1135 1136 1136 1136 1126 1126 1126 1125 1125 1125 1135 1135 1135 1126 1126 1126 1125 1125 1125 1137 1137 1137 1135 1135 1135 1138 1138 1138 1137 1137 1137 1125 1125 1125 1139 1139 1139 1137 1137 1137 1138 1138 1138 1140 1140 1140 1139 1139 1139 1141 1141 1141 1142 1142 1142 1141 1141 1141 1139 1139 1139 1143 1143 1143 1144 1144 1144 1139 1139 1139 1144 1144 1144 1145 1145 1145 1139 1139 1139 1145 1145 1145 1146 1146 1146 1147 1147 1147 1148 1148 1148 1149 1149 1149 1145 1145 1145 1150 1150 1150 1088 1088 1088 1151 1151 1151 1088 1088 1088 1150 1150 1150 1125 1125 1125 1125 1125 1125 1150 1150 1150 1152 1152 1152 1125 1125 1125 1152 1152 1152 1153 1153 1153 1153 1153 1153 1152 1152 1152 1154 1154 1154 1150 1150 1150 1155 1155 1155 1152 1152 1152 1152 1152 1152 1155 1155 1155 1156 1156 1156 1155 1155 1155 1157 1157 1157 1156 1156 1156 1150 1150 1150 1158 1158 1158 1155 1155 1155 1159 1159 1159 1160 1160 1160 1152 1152 1152 1161 1161 1161 1160 1160 1160 1159 1159 1159 1162 1162 1162 1158 1158 1158 1150 1150 1150 1163 1163 1163 1158 1158 1158 1164 1164 1164 1165 1165 1165 1162 1162 1162 1150 1150 1150 1166 1166 1166 1165 1165 1165 1150 1150 1150 1162 1162 1162 1165 1165 1165 1167 1167 1167 1168 1168 1168 1169 1169 1169 1165 1165 1165 1165 1165 1165 1169 1169 1169 1170 1170 1170 1171 1171 1171 1172 1172 1172 1169 1169 1169 1173 1173 1173 1174 1174 1174 1162 1162 1162 1175 1175 1175 1162 1162 1162 1174 1174 1174 1176 1176 1176 1175 1175 1175 1174 1174 1174 1174 1174 1174 1177 1177 1177 1178 1178 1178 1179 1179 1179 1180 1180 1180 1178 1178 1178 1178 1178 1178 1177 1177 1177 1181 1181 1181 1181 1181 1181 1177 1177 1177 1182 1182 1182 1182 1182 1182 1177 1177 1177 1183 1183 1183 1184 1184 1184 1182 1182 1182 1183 1183 1183 1185 1185 1185 1184 1184 1184 1183 1183 1183 1183 1183 1183 1177 1177 1177 1186 1186 1186 1186 1186 1186 1187 1187 1187 1188 1188 1188 1189 1189 1189 1183 1183 1183 1186 1186 1186 1190 1190 1190 1183 1183 1183 1189 1189 1189 1191 1191 1191 1190 1190 1190 1189 1189 1189 1192 1192 1192 1193 1193 1193 1191 1191 1191 1193 1193 1193 1194 1194 1194 1195 1195 1195 1195 1195 1195 1194 1194 1194 1196 1196 1196 1196 1196 1196 1194 1194 1194 1197 1197 1197 1198 1198 1198 1196 1196 1196 1197 1197 1197 1197 1197 1197 1199 1199 1199 1198 1198 1198 1200 1200 1200 1198 1198 1198 1201 1201 1201 1198 1198 1198 1202 1202 1202 1203 1203 1203 1200 1200 1200 1203 1203 1203 1204 1204 1204 1203 1203 1203 1202 1202 1202 1204 1204 1204 1204 1204 1204 1202 1202 1202 1205 1205 1205 1205 1205 1205 1206 1206 1206 1204 1204 1204 1204 1204 1204 1206 1206 1206 1207 1207 1207 1206 1206 1206 1208 1208 1208 1207 1207 1207 1209 1209 1209 1207 1207 1207 1208 1208 1208 1210 1210 1210 1209 1209 1209 1208 1208 1208 1211 1211 1211 1212 1212 1212 1213 1213 1213 1214 1214 1214 1213 1213 1213 1215 1215 1215 1216 1216 1216 1214 1214 1214 1217 1217 1217 1214 1214 1214 1215 1215 1215 1218 1218 1218 1215 1215 1215 1219 1219 1219 1218 1218 1218 1218 1218 1218 1219 1219 1219 1220 1220 1220 1218 1218 1218 1220 1220 1220 1221 1221 1221 1222 1222 1222 1218 1218 1218 1221 1221 1221 1221 1221 1221 1220 1220 1220 1223 1223 1223 1223 1223 1223 1224 1224 1224 1225 1225 1225 1226 1226 1226 1221 1221 1221 1227 1227 1227 1228 1228 1228 1226 1226 1226 1227 1227 1227 1229 1229 1229 1228 1228 1228 1230 1230 1230 1229 1229 1229 1227 1227 1227 1231 1231 1231 1231 1231 1231 1227 1227 1227 1232 1232 1232 1227 1227 1227 1233 1233 1233 1232 1232 1232 1232 1232 1232 1233 1233 1233 1234 1234 1234 1235 1235 1235 1227 1227 1227 1236 1236 1236 1237 1237 1237 1235 1235 1235 1236 1236 1236 1225 1225 1225 1238 1238 1238 1237 1237 1237 1237 1237 1237 1238 1238 1238 1239 1239 1239 1237 1237 1237 1234 1234 1234 1240 1240 1240 1241 1241 1241 1237 1237 1237 1242 1242 1242 1243 1243 1243 1244 1244 1244 1241 1241 1241 1234 1234 1234 1245 1245 1245 1246 1246 1246 1246 1246 1246 1247 1247 1247 1248 1248 1248 1234 1234 1234 1249 1249 1249 1250 1250 1250 1234 1234 1234 1251 1251 1251 1252 1252 1252 1251 1251 1251 1253 1253 1253 1252 1252 1252 1252 1252 1252 1253 1253 1253 1254 1254 1254 1253 1253 1253 1255 1255 1255 1254 1254 1254 1234 1234 1234 1256 1256 1256 1257 1257 1257 1256 1256 1256 1258 1258 1258 1257 1257 1257 1259 1259 1259 1254 1254 1254 1258 1258 1258 1257 1257 1257 1258 1258 1258 1260 1260 1260 1258 1258 1258 1254 1254 1254 1261 1261 1261 1262 1262 1262 1263 1263 1263 1258 1258 1258 1264 1264 1264 1261 1261 1261 1262 1262 1262 1262 1262 1262 1261 1261 1261 1265 1265 1265 1257 1257 1257 1266 1266 1266 1267 1267 1267 1267 1267 1267 1266 1266 1266 1249 1249 1249 1266 1266 1266 1268 1268 1268 1269 1269 1269 1270 1270 1270 1268 1268 1268 1266 1266 1266 1249 1249 1249 1266 1266 1266 1271 1271 1271 1266 1266 1266 1272 1272 1272 1271 1271 1271 1271 1271 1271 1272 1272 1272 1273 1273 1273 1272 1272 1272 1274 1274 1274 1273 1273 1273 1273 1273 1273 1274 1274 1274 1275 1275 1275 1274 1274 1274 1276 1276 1276 1275 1275 1275 1270 1270 1270 1277 1277 1277 1278 1278 1278 1279 1279 1279 1280 1280 1280 1277 1277 1277 1281 1281 1281 1282 1282 1282 1270 1270 1270 1281 1281 1281 1283 1283 1283 1284 1284 1284 1284 1284 1284 1285 1285 1285 1286 1286 1286 1287 1287 1287 1288 1288 1288 1284 1284 1284 1249 1249 1249 1289 1289 1289 1290 1290 1290 1290 1290 1290 1289 1289 1289 1291 1291 1291 1291 1291 1291 1289 1289 1289 1229 1229 1229 1289 1289 1289 1292 1292 1292 1229 1229 1229 1289 1289 1289 1293 1293 1293 1294 1294 1294 1295 1295 1295 1293 1293 1293 1289 1289 1289 1296 1296 1296 1295 1295 1295 1289 1289 1289 1297 1297 1297 1296 1296 1296 1289 1289 1289 1298 1298 1298 1299 1299 1299 1300 1300 1300 1300 1300 1300 870 870 870 1301 1301 1301 870 870 870 1302 1302 1302 1301 1301 1301 1303 1303 1303 1301 1301 1301 1302 1302 1302 1304 1304 1304 1303 1303 1303 1305 1305 1305 1306 1306 1306 1304 1304 1304 1305 1305 1305 1306 1306 1306 1307 1307 1307 1308 1308 1308 1309 1309 1309 1308 1308 1308 1307 1307 1307 1310 1310 1310 1309 1309 1309 1307 1307 1307 1309 1309 1309 1310 1310 1310 1311 1311 1311 1312 1312 1312 1309 1309 1309 1311 1311 1311 1312 1312 1312 1311 1311 1311 1313 1313 1313 1314 1314 1314 1312 1312 1312 1313 1313 1313 1314 1314 1314 1313 1313 1313 1315 1315 1315 1316 1316 1316 1317 1317 1317 1315 1315 1315 1313 1313 1313 1318 1318 1318 1319 1319 1319 1313 1313 1313 1319 1319 1319 1315 1315 1315 1319 1319 1319 1320 1320 1320 1321 1321 1321 1321 1321 1321 1315 1315 1315 1319 1319 1319 1321 1321 1321 1322 1322 1322 1315 1315 1315 1323 1323 1323 1315 1315 1315 1324 1324 1324 1325 1325 1325 1315 1315 1315 1323 1323 1323 1326 1326 1326 1327 1327 1327 1323 1323 1323 1328 1328 1328 1327 1327 1327 1326 1326 1326 1326 1326 1326 1329 1329 1329 1330 1330 1330 1331 1331 1331 1326 1326 1326 1332 1332 1332 1326 1326 1326 1333 1333 1333 1334 1334 1334 1335 1335 1335 1333 1333 1333 1326 1326 1326 1336 1336 1336 1335 1335 1335 1337 1337 1337 1337 1337 1337 1335 1335 1335 1338 1338 1338 1339 1339 1339 1340 1340 1340 1309 1309 1309 1340 1340 1340 1339 1339 1339 1341 1341 1341 1340 1340 1340 1342 1342 1342 1309 1309 1309 1342 1342 1342 1343 1343 1343 1344 1344 1344 1344 1344 1344 1343 1343 1343 1345 1345 1345 1345 1345 1345 1343 1343 1343 1346 1346 1346 1347 1347 1347 1308 1308 1308 1309 1309 1309 1347 1347 1347 1346 1346 1346 1348 1348 1348 1348 1348 1348 1308 1308 1308 1347 1347 1347 1346 1346 1346 1349 1349 1349 1348 1348 1348 1303 1303 1303 1308 1308 1308 1348 1348 1348 1349 1349 1349 1350 1350 1350 1351 1351 1351 1351 1351 1351 1350 1350 1350 1352 1352 1352 1350 1350 1350 1353 1353 1353 1354 1354 1354 1355 1355 1355 1303 1303 1303 1348 1348 1348 1348 1348 1348 1354 1354 1354 1355 1355 1355 1356 1356 1356 1303 1303 1303 1355 1355 1355 1357 1357 1357 1356 1356 1356 1355 1355 1355 1358 1358 1358 1357 1357 1357 1359 1359 1359 1359 1359 1359 1357 1357 1357 1355 1355 1355 1354 1354 1354 1360 1360 1360 1355 1355 1355 1355 1355 1355 1360 1360 1360 1361 1361 1361 1362 1362 1362 1363 1363 1363 1354 1354 1354 1354 1354 1354 1363 1363 1363 1364 1364 1364 1365 1365 1365 1364 1364 1364 1363 1363 1363 1365 1365 1365 1366 1366 1366 1367 1367 1367 1368 1368 1368 1364 1364 1364 1365 1365 1365 1361 1361 1361 1364 1364 1364 1368 1368 1368 1369 1369 1369 1361 1361 1361 1368 1368 1368 1368 1368 1368 1370 1370 1370 1371 1371 1371 1371 1371 1371 1372 1372 1372 1368 1368 1368 1372 1372 1372 1373 1373 1373 1368 1368 1368 1373 1373 1373 1369 1369 1369 1368 1368 1368 1374 1374 1374 1373 1373 1373 1375 1375 1375 1376 1376 1376 1374 1374 1374 1375 1375 1375 1369 1369 1369 1377 1377 1377 1378 1378 1378 1369 1369 1369 1378 1378 1378 875 875 875 1378 1378 1378 1379 1379 1379 875 875 875 1378 1378 1378 1380 1380 1380 1379 1379 1379 1381 1381 1381 1380 1380 1380 1378 1378 1378 1380 1380 1380 1382 1382 1382 1379 1379 1379 1383 1383 1383 1384 1384 1384 1385 1385 1385 1385 1385 1385 1386 1386 1386 1387 1387 1387 1387 1387 1387 1386 1386 1386 1388 1388 1388 1386 1386 1386 1389 1389 1389 1388 1388 1388 1390 1390 1390 1388 1388 1388 1389 1389 1389 1391 1391 1391 1390 1390 1390 1389 1389 1389 1391 1391 1391 1392 1392 1392 1393 1393 1393 1394 1394 1394 1395 1395 1395 1391 1391 1391 1396 1396 1396 1394 1394 1394 1391 1391 1391 1397 1397 1397 1398 1398 1398 1399 1399 1399 1400 1400 1400 1401 1401 1401 1397 1397 1397 1402 1402 1402 1401 1401 1401 1400 1400 1400 1403 1403 1403 1404 1404 1404 1405 1405 1405 1405 1405 1405 1406 1406 1406 1407 1407 1407 1407 1407 1407 1406 1406 1406 1408 1408 1408 1406 1406 1406 1409 1409 1409 1408 1408 1408 1410 1410 1410 1411 1411 1411 1412 1412 1412 1410 1410 1410 1413 1413 1413 1414 1414 1414 1415 1415 1415 1416 1416 1416 1417 1417 1417 1417 1417 1417 1418 1418 1418 1419 1419 1419 1420 1420 1420 1421 1421 1421 1419 1419 1419 1422 1422 1422 1421 1421 1421 1420 1420 1420 1423 1423 1423 1421 1421 1421 1422 1422 1422 1424 1424 1424 1425 1425 1425 1422 1422 1422 1426 1426 1426 1427 1427 1427 1428 1428 1428 1428 1428 1428 1429 1429 1429 1430 1430 1430 1431 1431 1431 1432 1432 1432 1430 1430 1430 1433 1433 1433 1432 1432 1432 1431 1431 1431 1434 1434 1434 1432 1432 1432 1433 1433 1433 1435 1435 1435 1432 1432 1432 1434 1434 1434 1435 1435 1435 1436 1436 1436 1437 1437 1437 1435 1435 1435 1438 1438 1438 1439 1439 1439 1440 1440 1440 1435 1435 1435 1439 1439 1439 1441 1441 1441 1442 1442 1442 1443 1443 1443 1444 1444 1444 1445 1445 1445 1443 1443 1443 1446 1446 1446 1445 1445 1445 1444 1444 1444 1447 1447 1447 1448 1448 1448 1449 1449 1449 1450 1450 1450 1448 1448 1448 1451 1451 1451 1452 1452 1452 1453 1453 1453 1454 1454 1454 1453 1453 1453 1455 1455 1455 1456 1456 1456 1457 1457 1457 1458 1458 1458 1459 1459 1459 1459 1459 1459 1460 1460 1460 1461 1461 1461 1461 1461 1461 1460 1460 1460 1462 1462 1462 1463 1463 1463 1460 1460 1460 1464 1464 1464 1462 1462 1462 1460 1460 1460 1463 1463 1463 1465 1465 1465 1462 1462 1462 1463 1463 1463 1466 1466 1466 1462 1462 1462 1465 1465 1465 1463 1463 1463 1467 1467 1467 1468 1468 1468 1469 1469 1469 1467 1467 1467 1463 1463 1463 1466 1466 1466 1470 1470 1470 1471 1471 1471 1470 1470 1470 1472 1472 1472 1471 1471 1471 1473 1473 1473 1470 1470 1470 1466 1466 1466 1474 1474 1474 1473 1473 1473 1466 1466 1466 1475 1475 1475 1473 1473 1473 1474 1474 1474 1473 1473 1473 1476 1476 1476 1477 1477 1477 1478 1478 1478 1476 1476 1476 1473 1473 1473 1477 1477 1477 1479 1479 1479 1480 1480 1480 1480 1480 1480 1479 1479 1479 1481 1481 1481 1478 1478 1478 1482 1482 1482 1476 1476 1476 1483 1483 1483 1482 1482 1482 1478 1478 1478 1476 1476 1476 1484 1484 1484 1485 1485 1485 1485 1485 1485 1484 1484 1484 1479 1479 1479 1486 1486 1486 1482 1482 1482 1483 1483 1483 1487 1487 1487 1488 1488 1488 1486 1486 1486 1489 1489 1489 1486 1486 1486 1483 1483 1483 1490 1490 1490 1491 1491 1491 1489 1489 1489 1492 1492 1492 1486 1486 1486 1489 1489 1489 1493 1493 1493 1489 1489 1489 1494 1494 1494 1495 1495 1495 1489 1489 1489 1493 1493 1493 1496 1496 1496 1497 1497 1497 1486 1486 1486 1486 1486 1486 1497 1497 1497 1482 1482 1482 1497 1497 1497 1498 1498 1498 1482 1482 1482 1498 1498 1498 1499 1499 1499 1500 1500 1500 1498 1498 1498 1501 1501 1501 1482 1482 1482 1482 1482 1482 1501 1501 1501 1502 1502 1502 1500 1500 1500 1503 1503 1503 1504 1504 1504 1505 1505 1505 1506 1506 1506 1501 1501 1501 1484 1484 1484 1506 1506 1506 1505 1505 1505 1507 1507 1507 1484 1484 1484 1505 1505 1505 1508 1508 1508 1484 1484 1484 1507 1507 1507 1509 1509 1509 1508 1508 1508 1507 1507 1507 1510 1510 1510 1508 1508 1508 1509 1509 1509 1504 1504 1504 1511 1511 1511 1507 1507 1507 1508 1508 1508 1512 1512 1512 1513 1513 1513 1513 1513 1513 1512 1512 1512 1514 1514 1514 1511 1511 1511 1504 1504 1504 1515 1515 1515 1504 1504 1504 1516 1516 1516 1515 1515 1515 1516 1516 1516 1517 1517 1517 1518 1518 1518 1518 1518 1518 1519 1519 1519 1520 1520 1520 1520 1520 1520 1519 1519 1519 1521 1521 1521 1521 1521 1521 1519 1519 1519 1522 1522 1522 1523 1523 1523 1522 1522 1522 1519 1519 1519 1519 1519 1519 1497 1497 1497 1523 1523 1523 1524 1524 1524 1522 1522 1522 1523 1523 1523 1525 1525 1525 1524 1524 1524 1523 1523 1523 1526 1526 1526 1524 1524 1524 1525 1525 1525 1527 1527 1527 1526 1526 1526 1525 1525 1525 1527 1527 1527 1528 1528 1528 1529 1529 1529 1530 1530 1530 1528 1528 1528 1527 1527 1527 1530 1530 1530 1531 1531 1531 1532 1532 1532 1520 1520 1520 1533 1533 1533 1534 1534 1534 1533 1533 1533 1535 1535 1535 1534 1534 1534 1536 1536 1536 1534 1534 1534 1537 1537 1537 1538 1538 1538 1539 1539 1539 1536 1536 1536 1534 1534 1534 1536 1536 1536 1540 1540 1540 1540 1540 1540 1536 1536 1536 1515 1515 1515 1534 1534 1534 1541 1541 1541 1542 1542 1542 1543 1543 1543 1534 1534 1534 1542 1542 1542 1544 1544 1544 1543 1543 1543 1542 1542 1542 1542 1542 1542 1545 1545 1545 1544 1544 1544 1546 1546 1546 1547 1547 1547 1542 1542 1542 1548 1548 1548 1546 1546 1546 1542 1542 1542 1549 1549 1549 1545 1545 1545 1542 1542 1542 1550 1550 1550 1551 1551 1551 1545 1545 1545 1550 1550 1550 1552 1552 1552 1549 1549 1549 1549 1549 1549 1553 1553 1553 1554 1554 1554 1553 1553 1553 1555 1555 1555 1554 1554 1554 1550 1550 1550 1555 1555 1555 1556 1556 1556 1556 1556 1556 1555 1555 1555 1557 1557 1557 1556 1556 1556 1558 1558 1558 1554 1554 1554 1559 1559 1559 1558 1558 1558 1556 1556 1556 1560 1560 1560 1561 1561 1561 1556 1556 1556 1562 1562 1562 1560 1560 1560 1556 1556 1556 1563 1563 1563 1560 1560 1560 1562 1562 1562 1564 1564 1564 1565 1565 1565 1562 1562 1562 1565 1565 1565 1566 1566 1566 1567 1567 1567 1562 1562 1562 1565 1565 1565 1567 1567 1567 1568 1568 1568 1562 1562 1562 1569 1569 1569 1570 1570 1570 1568 1568 1568 1569 1569 1569 1571 1571 1571 1568 1568 1568 1572 1572 1572 1573 1573 1573 1571 1571 1571 1572 1572 1572 1569 1569 1569 1562 1562 1562 1574 1574 1574 1574 1574 1574 1562 1562 1562 1575 1575 1575 1574 1574 1574 1576 1576 1576 1569 1569 1569 1569 1569 1569 1576 1576 1576 1577 1577 1577 1577 1577 1577 1576 1576 1576 1578 1578 1578 1574 1574 1574 1579 1579 1579 1580 1580 1580 1581 1581 1581 1579 1579 1579 1574 1574 1574 1582 1582 1582 1581 1581 1581 1574 1574 1574 1575 1575 1575 1583 1583 1583 1574 1574 1574 1584 1584 1584 1585 1585 1585 1582 1582 1582 1586 1586 1586 1584 1584 1584 1582 1582 1582 1586 1586 1586 1583 1583 1583 1575 1575 1575 1575 1575 1575 1587 1587 1587 1588 1588 1588 1588 1588 1588 1586 1586 1586 1575 1575 1575 1589 1589 1589 1590 1590 1590 1586 1586 1586 1591 1591 1591 1586 1586 1586 1588 1588 1588 1588 1588 1588 1592 1592 1592 1591 1591 1591 1591 1591 1591 1592 1592 1592 1593 1593 1593 1594 1594 1594 1589 1589 1589 1586 1586 1586 1586 1586 1586 1591 1591 1591 1594 1594 1594 1595 1595 1595 1589 1589 1589 1594 1594 1594 1591 1591 1591 1596 1596 1596 1594 1594 1594 1594 1594 1594 1596 1596 1596 1597 1597 1597 1598 1598 1598 1599 1599 1599 1597 1597 1597 1597 1597 1597 1600 1600 1600 1601 1601 1601 1600 1600 1600 1602 1602 1602 1601 1601 1601 1591 1591 1591 1603 1603 1603 1604 1604 1604 1603 1603 1603 1591 1591 1591 1605 1605 1605 1606 1606 1606 1603 1603 1603 1605 1605 1605 1606 1606 1606 1607 1607 1607 1603 1603 1603 1608 1608 1608 1609 1609 1609 1607 1607 1607 1610 1610 1610 1608 1608 1608 1611 1611 1611 1612 1612 1612 1607 1607 1607 1606 1606 1606 1606 1606 1606 1613 1613 1613 1612 1612 1612 1607 1607 1607 1612 1612 1612 1614 1614 1614 1612 1612 1612 1615 1615 1615 1614 1614 1614 1616 1616 1616 1612 1612 1612 1617 1617 1617 1617 1617 1617 1612 1612 1612 1618 1618 1618 1619 1619 1619 1615 1615 1615 1620 1620 1620 1621 1621 1621 1615 1615 1615 1619 1619 1619 1622 1622 1622 1621 1621 1621 1619 1619 1619 1619 1619 1619 1527 1527 1527 1623 1623 1623 1623 1623 1623 1527 1527 1527 1624 1624 1624 1625 1625 1625 1624 1624 1624 1527 1527 1527 1626 1626 1626 1624 1624 1624 1625 1625 1625 1625 1625 1625 1527 1527 1527 1525 1525 1525 1627 1627 1627 1628 1628 1628 1625 1625 1625 1525 1525 1525 1627 1627 1627 1629 1629 1629 1630 1630 1630 1627 1627 1627 1525 1525 1525 1631 1631 1631 1627 1627 1627 1630 1630 1630 1632 1632 1632 1631 1631 1631 1633 1633 1633 1634 1634 1634 1631 1631 1631 1632 1632 1632 1635 1635 1635 1636 1636 1636 1621 1621 1621 1635 1635 1635 1621 1621 1621 1637 1637 1637 1637 1637 1637 1621 1621 1621 1638 1638 1638 1639 1639 1639 1637 1637 1637 1638 1638 1638 1640 1640 1640 1635 1635 1635 1637 1637 1637 1641 1641 1641 1635 1635 1635 1640 1640 1640 1637 1637 1637 1642 1642 1642 1640 1640 1640 1643 1643 1643 1641 1641 1641 1640 1640 1640 1644 1644 1644 1643 1643 1643 1640 1640 1640 1642 1642 1642 1645 1645 1645 1640 1640 1640 1646 1646 1646 1645 1645 1645 1647 1647 1647 1644 1644 1644 1648 1648 1648 1596 1596 1596 1596 1596 1596 1648 1648 1648 1649 1649 1649 1649 1649 1649 1648 1648 1648 1650 1650 1650 1648 1648 1648 1651 1651 1651 1640 1640 1640 1652 1652 1652 1648 1648 1648 1640 1640 1640 1653 1653 1653 1652 1652 1652 1640 1640 1640 1640 1640 1640 1654 1654 1654 1653 1653 1653 1645 1645 1645 1655 1655 1655 1640 1640 1640 1655 1655 1655 1645 1645 1645 1656 1656 1656 1640 1640 1640 1655 1655 1655 1657 1657 1657 1657 1657 1657 1658 1658 1658 1653 1653 1653 1655 1655 1655 1658 1658 1658 1657 1657 1657 1659 1659 1659 1660 1660 1660 1656 1656 1656 1660 1660 1660 1661 1661 1661 1662 1662 1662 1655 1655 1655 1656 1656 1656 1663 1663 1663 1664 1664 1664 1655 1655 1655 1663 1663 1663 1655 1655 1655 1664 1664 1664 1665 1665 1665 1653 1653 1653 1666 1666 1666 1667 1667 1667 1667 1667 1667 1666 1666 1666 602 602 602 602 602 602 1666 1666 1666 1668 1668 1668 1669 1669 1669 1670 1670 1670 1668 1668 1668 1671 1671 1671 1672 1672 1672 1673 1673 1673 1671 1671 1671 1674 1674 1674 1675 1675 1675 1676 1676 1676 1677 1677 1677 1678 1678 1678 1677 1677 1677 1679 1679 1679 1680 1680 1680 1681 1681 1681 1682 1682 1682 1683 1683 1683 1684 1684 1684 1681 1681 1681 1685 1685 1685 1685 1685 1685 1686 1686 1686 1687 1687 1687 1687 1687 1687 1688 1688 1688 1689 1689 1689 1690 1690 1690 1691 1691 1691 1692 1692 1692 1692 1692 1692 1693 1693 1693 1694 1694 1694 1694 1694 1694 1693 1693 1693 1695 1695 1695 1696 1696 1696 1697 1697 1697 1698 1698 1698 1696 1696 1696 1699 1699 1699 1700 1700 1700 1700 1700 1700 1701 1701 1701 1702 1702 1702 1703 1703 1703 1704 1704 1704 1701 1701 1701 1705 1705 1705 1701 1701 1701 1700 1700 1700 1706 1706 1706 1705 1705 1705 1700 1700 1700 1701 1701 1701 1707 1707 1707 1703 1703 1703 1705 1705 1705 1707 1707 1707 1701 1701 1701 1708 1708 1708 1709 1709 1709 1706 1706 1706 1706 1706 1706 1709 1709 1709 1710 1710 1710 1707 1707 1707 1711 1711 1711 1703 1703 1703 1712 1712 1712 1713 1713 1713 1711 1711 1711 1714 1714 1714 1705 1705 1705 1706 1706 1706 1715 1715 1715 1714 1714 1714 1706 1706 1706 1715 1715 1715 1716 1716 1716 1717 1717 1717 1718 1718 1718 1714 1714 1714 1715 1715 1715 1719 1719 1719 1718 1718 1718 1715 1715 1715 1714 1714 1714 1720 1720 1720 1721 1721 1721 1722 1722 1722 1720 1720 1720 1718 1718 1718 1723 1723 1723 1720 1720 1720 1714 1714 1714 1724 1724 1724 1722 1722 1722 1723 1723 1723 1725 1725 1725 1719 1719 1719 1726 1726 1726 1726 1726 1726 1719 1719 1719 1727 1727 1727 1727 1727 1727 1719 1719 1719 1728 1728 1728 1729 1729 1729 1730 1730 1730 1728 1728 1728 1730 1730 1730 1731 1731 1731 1728 1728 1728 1730 1730 1730 1732 1732 1732 1733 1733 1733 1733 1733 1733 1732 1732 1732 1734 1734 1734 1732 1732 1732 1735 1735 1735 1734 1734 1734 1734 1734 1734 1735 1735 1735 1736 1736 1736 1737 1737 1737 1719 1719 1719 1738 1738 1738 1739 1739 1739 1738 1738 1738 1740 1740 1740 1738 1738 1738 1741 1741 1741 1740 1740 1740 1738 1738 1738 1719 1719 1719 1742 1742 1742 1719 1719 1719 1743 1743 1743 1742 1742 1742 1742 1742 1742 1743 1743 1743 1744 1744 1744 1745 1745 1745 1746 1746 1746 1741 1741 1741 1742 1742 1742 1745 1745 1745 1747 1747 1747 1747 1747 1747 1745 1745 1745 1741 1741 1741 1736 1736 1736 1748 1748 1748 1749 1749 1749 1750 1750 1750 1736 1736 1736 1749 1749 1749 1751 1751 1751 1750 1750 1750 1749 1749 1749 1752 1752 1752 1753 1753 1753 1749 1749 1749 1754 1754 1754 1753 1753 1753 1752 1752 1752 1755 1755 1755 1753 1753 1753 1754 1754 1754 1756 1756 1756 1753 1753 1753 1757 1757 1757 1758 1758 1758 1759 1759 1759 1756 1756 1756 1760 1760 1760 1753 1753 1753 1756 1756 1756 1761 1761 1761 1753 1753 1753 1760 1760 1760 1762 1762 1762 1761 1761 1761 1760 1760 1760 1760 1760 1760 1763 1763 1763 1762 1762 1762 1764 1764 1764 1763 1763 1763 1760 1760 1760 1765 1765 1765 1764 1764 1764 1760 1760 1760 1766 1766 1766 1764 1764 1764 1765 1765 1765 1763 1763 1763 1767 1767 1767 1762 1762 1762 1768 1768 1768 1764 1764 1764 1769 1769 1769 1770 1770 1770 1764 1764 1764 1768 1768 1768 1771 1771 1771 1772 1772 1772 1768 1768 1768 1772 1772 1772 1773 1773 1773 1768 1768 1768 1774 1774 1774 1770 1770 1770 1768 1768 1768 1768 1768 1768 1773 1773 1773 1774 1774 1774 1767 1767 1767 1770 1770 1770 1774 1774 1774 1775 1775 1775 1776 1776 1776 1774 1774 1774 1773 1773 1773 1777 1777 1777 1774 1774 1774 1778 1778 1778 1779 1779 1779 1774 1774 1774 1774 1774 1774 1779 1779 1779 1780 1780 1780 1780 1780 1780 1767 1767 1767 1774 1774 1774 1780 1780 1780 1779 1779 1779 1781 1781 1781 1782 1782 1782 1783 1783 1783 1781 1781 1781 1782 1782 1782 1784 1784 1784 1780 1780 1780 1780 1780 1780 1784 1784 1784 1785 1785 1785 1784 1784 1784 1786 1786 1786 1785 1785 1785 1787 1787 1787 1767 1767 1767 1780 1780 1780 1788 1788 1788 1787 1787 1787 1780 1780 1780 1789 1789 1789 1787 1787 1787 1788 1788 1788 1790 1790 1790 1789 1789 1789 1788 1788 1788 1785 1785 1785 1786 1786 1786 1790 1790 1790 1791 1791 1791 1789 1789 1789 1790 1790 1790 1792 1792 1792 1793 1793 1793 1786 1786 1786 1794 1794 1794 1793 1793 1793 1792 1792 1792 1786 1786 1786 1795 1795 1795 1790 1790 1790 1796 1796 1796 1795 1795 1795 1786 1786 1786 1796 1796 1796 1797 1797 1797 1795 1795 1795 1795 1795 1795 1798 1798 1798 1790 1790 1790 1790 1790 1790 1798 1798 1798 1799 1799 1799 1790 1790 1790 1799 1799 1799 1800 1800 1800 1790 1790 1790 1800 1800 1800 1801 1801 1801 1801 1801 1801 1791 1791 1791 1790 1790 1790 1801 1801 1801 1800 1800 1800 1802 1802 1802 1803 1803 1803 1791 1791 1791 1801 1801 1801 1804 1804 1804 1805 1805 1805 1800 1800 1800 1806 1806 1806 1805 1805 1805 1804 1804 1804 1798 1798 1798 1807 1807 1807 1804 1804 1804 1804 1804 1804 1807 1807 1807 1808 1808 1808 1809 1809 1809 1807 1807 1807 1798 1798 1798 1809 1809 1809 1810 1810 1810 1811 1811 1811 1812 1812 1812 1809 1809 1809 1811 1811 1811 1813 1813 1813 1814 1814 1814 1811 1811 1811 1811 1811 1811 1815 1815 1815 1816 1816 1816 1817 1817 1817 1811 1811 1811 1818 1818 1818 1818 1818 1818 1819 1819 1819 1817 1817 1817 1800 1800 1800 1820 1820 1820 1821 1821 1821 1821 1821 1821 1820 1820 1820 1822 1822 1822 1822 1822 1822 1823 1823 1823 1821 1821 1821 1823 1823 1823 1824 1824 1824 1821 1821 1821 1821 1821 1821 1824 1824 1824 1825 1825 1825 1801 1801 1801 1821 1821 1821 1825 1825 1825 1825 1825 1825 1803 1803 1803 1801 1801 1801 1825 1825 1825 1824 1824 1824 1826 1826 1826 1825 1825 1825 1827 1827 1827 1803 1803 1803 1803 1803 1803 1827 1827 1827 1828 1828 1828 1829 1829 1829 1827 1827 1827 1825 1825 1825 1827 1827 1827 1830 1830 1830 1828 1828 1828 1830 1830 1830 1831 1831 1831 1828 1828 1828 1832 1832 1832 1827 1827 1827 1829 1829 1829 1833 1833 1833 1827 1827 1827 1834 1834 1834 1835 1835 1835 1832 1832 1832 1829 1829 1829 1836 1836 1836 1832 1832 1832 1835 1835 1835 1837 1837 1837 1836 1836 1836 1835 1835 1835 1832 1832 1832 1836 1836 1836 1838 1838 1838 1839 1839 1839 1838 1838 1838 1833 1833 1833 1833 1833 1833 1838 1838 1838 1840 1840 1840 1840 1840 1840 1838 1838 1838 1841 1841 1841 1838 1838 1838 1836 1836 1836 1842 1842 1842 1842 1842 1842 1836 1836 1836 1837 1837 1837 1843 1843 1843 1838 1838 1838 1842 1842 1842 1841 1841 1841 1838 1838 1838 1843 1843 1843 1844 1844 1844 1841 1841 1841 1843 1843 1843 1845 1845 1845 1841 1841 1841 1844 1844 1844 1844 1844 1844 1846 1846 1846 1847 1847 1847 1846 1846 1846 1848 1848 1848 1847 1847 1847 1847 1847 1847 1848 1848 1848 1849 1849 1849 1848 1848 1848 1850 1850 1850 1851 1851 1851 1852 1852 1852 1848 1848 1848 1851 1851 1851 1848 1848 1848 1852 1852 1852 1849 1849 1849 1853 1853 1853 1852 1852 1852 1854 1854 1854 1855 1855 1855 1852 1852 1852 1853 1853 1853 1852 1852 1852 1856 1856 1856 1849 1849 1849 1857 1857 1857 1855 1855 1855 1858 1858 1858 1849 1849 1849 1856 1856 1856 1751 1751 1751 1856 1856 1856 1750 1750 1750 1751 1751 1751 1750 1750 1750 1855 1855 1855 1857 1857 1857 1751 1751 1751 1859 1859 1859 1849 1849 1849 1860 1860 1860 1750 1750 1750 1857 1857 1857 1861 1861 1861 1750 1750 1750 1860 1860 1860 1862 1862 1862 1860 1860 1860 1863 1863 1863 1860 1860 1860 1864 1864 1864 1863 1863 1863 1865 1865 1865 1866 1866 1866 1864 1864 1864 1867 1867 1867 1865 1865 1865 1864 1864 1864 1855 1855 1855 1868 1868 1868 1867 1867 1867 1868 1868 1868 1869 1869 1869 1867 1867 1867 1870 1870 1870 1859 1859 1859 1871 1871 1871 1871 1871 1871 1859 1859 1859 1762 1762 1762 1762 1762 1762 1767 1767 1767 1871 1871 1871 1859 1859 1859 1872 1872 1872 1849 1849 1849 1849 1849 1849 1872 1872 1872 1845 1845 1845 1873 1873 1873 1874 1874 1874 1872 1872 1872 1872 1872 1872 1841 1841 1841 1845 1845 1845 1841 1841 1841 1872 1872 1872 1875 1875 1875 1841 1841 1841 1875 1875 1875 1876 1876 1876 1877 1877 1877 1841 1841 1841 1876 1876 1876 1831 1831 1831 1841 1841 1841 1877 1877 1877 1876 1876 1876 1875 1875 1875 1878 1878 1878 1828 1828 1828 1831 1831 1831 1877 1877 1877 1875 1875 1875 1871 1871 1871 1878 1878 1878 1878 1878 1878 1871 1871 1871 1767 1767 1767 1767 1767 1767 1879 1879 1879 1878 1878 1878 1879 1879 1879 1880 1880 1880 1878 1878 1878 1880 1880 1880 1881 1881 1881 1878 1878 1878 1878 1878 1878 1881 1881 1881 1882 1882 1882 1881 1881 1881 1883 1883 1883 1882 1882 1882 1882 1882 1882 1883 1883 1883 1877 1877 1877 1879 1879 1879 1884 1884 1884 1885 1885 1885 1884 1884 1884 1791 1791 1791 1885 1885 1885 1885 1885 1885 1791 1791 1791 1886 1886 1886 1791 1791 1791 1828 1828 1828 1886 1886 1886 1828 1828 1828 1791 1791 1791 1887 1887 1887 1888 1888 1888 1889 1889 1889 1890 1890 1890 1891 1891 1891 1890 1890 1890 1892 1892 1892 1893 1893 1893 1894 1894 1894 1895 1895 1895 1896 1896 1896 1895 1895 1895 1897 1897 1897 1898 1898 1898 1896 1896 1896 1897 1897 1897 1899 1899 1899 1900 1900 1900 1901 1901 1901 1899 1899 1899 1902 1902 1902 1903 1903 1903 1904 1904 1904 1905 1905 1905 1906 1906 1906 1907 1907 1907 1906 1906 1906 1908 1908 1908 1907 1907 1907 1909 1909 1909 1910 1910 1910 1911 1911 1911 1909 1909 1909 1907 1907 1907 1912 1912 1912 1913 1913 1913 1914 1914 1914 1915 1915 1915 1916 1916 1916 1913 1913 1913 1917 1917 1917 1918 1918 1918 1919 1919 1919 1920 1920 1920 1921 1921 1921 1917 1917 1917 1921 1921 1921 1922 1922 1922 1923 1923 1923 1924 1924 1924 1925 1925 1925 1926 1926 1926 1924 1924 1924 1927 1927 1927 1928 1928 1928 1927 1927 1927 1929 1929 1929 1928 1928 1928 1930 1930 1930 1931 1931 1931 1932 1932 1932 1930 1930 1930 1933 1933 1933 1934 1934 1934 1933 1933 1933 1935 1935 1935 1936 1936 1936 1937 1937 1937 1933 1933 1933 1936 1936 1936 1938 1938 1938 1939 1939 1939 1940 1940 1940 1939 1939 1939 1941 1941 1941 1942 1942 1942 1942 1942 1942 1941 1941 1941 1943 1943 1943 1941 1941 1941 1944 1944 1944 1943 1943 1943 1943 1943 1943 1944 1944 1944 1945 1945 1945 1944 1944 1944 1946 1946 1946 1945 1945 1945 1947 1947 1947 1945 1945 1945 1946 1946 1946 1946 1946 1946 1948 1948 1948 1947 1947 1947 1947 1947 1947 1948 1948 1948 1949 1949 1949 1950 1950 1950 1951 1951 1951 1952 1952 1952 1952 1952 1952 1953 1953 1953 1954 1954 1954 1955 1955 1955 1956 1956 1956 1953 1953 1953 1956 1956 1956 1957 1957 1957 1958 1958 1958 1959 1959 1959 1960 1960 1960 1961 1961 1961 1962 1962 1962 1963 1963 1963 1961 1961 1961 1964 1964 1964 1963 1963 1963 1962 1962 1962 1965 1965 1965 1966 1966 1966 1967 1967 1967 1968 1968 1968 1965 1965 1965 1969 1969 1969 1970 1970 1970 1968 1968 1968 1969 1969 1969 1970 1970 1970 1971 1971 1971 1968 1968 1968 1972 1972 1972 1973 1973 1973 1974 1974 1974 1973 1973 1973 1848 1848 1848 1975 1975 1975 1848 1848 1848 1976 1976 1976 1975 1975 1975 1977 1977 1977 1975 1975 1975 1978 1978 1978 1975 1975 1975 1979 1979 1979 1978 1978 1978 1975 1975 1975 1976 1976 1976 1979 1979 1979 1976 1976 1976 1980 1980 1980 1979 1979 1979 1980 1980 1980 1981 1981 1981 1979 1979 1979 1979 1979 1979 1981 1981 1981 1982 1982 1982 1982 1982 1982 1983 1983 1983 1979 1979 1979 1982 1982 1982 1981 1981 1981 1984 1984 1984 1981 1981 1981 1842 1842 1842 1984 1984 1984 1985 1985 1985 1983 1983 1983 1986 1986 1986 1986 1986 1986 1987 1987 1987 1988 1988 1988 1983 1983 1983 1987 1987 1987 1986 1986 1986 1989 1989 1989 1987 1987 1987 1983 1983 1983 1990 1990 1990 1991 1991 1991 1983 1983 1983 1983 1983 1983 1992 1992 1992 1990 1990 1990 1993 1993 1993 1992 1992 1992 1983 1983 1983 1984 1984 1984 1992 1992 1992 1993 1993 1993 1994 1994 1994 1995 1995 1995 1992 1992 1992 1992 1992 1992 1996 1996 1996 1990 1990 1990 1996 1996 1996 1997 1997 1997 1990 1990 1990 1998 1998 1998 1997 1997 1997 1999 1999 1999 2000 2000 2000 2001 2001 2001 1996 1996 1996 2002 2002 2002 2000 2000 2000 1996 1996 1996 2002 2002 2002 2003 2003 2003 2004 2004 2004 2005 2005 2005 2003 2003 2003 2002 2002 2002 2006 2006 2006 2007 2007 2007 1999 1999 1999 2007 2007 2007 2008 2008 2008 1999 1999 1999 2009 2009 2009 1999 1999 1999 2008 2008 2008 2007 2007 2007 2010 2010 2010 2011 2011 2011 2010 2010 2010 2012 2012 2012 2011 2011 2011 2013 2013 2013 2009 2009 2009 2008 2008 2008 2009 2009 2009 2013 2013 2013 2014 2014 2014 2014 2014 2014 2013 2013 2013 2015 2015 2015 2013 2013 2013 2016 2016 2016 2015 2015 2015 2013 2013 2013 2017 2017 2017 2016 2016 2016 2017 2017 2017 2018 2018 2018 2016 2016 2016 2012 2012 2012 2019 2019 2019 2020 2020 2020 2020 2020 2020 2019 2019 2019 2021 2021 2021 2019 2019 2019 2022 2022 2022 2021 2021 2021 2020 2020 2020 2023 2023 2023 2024 2024 2024 2024 2024 2024 2023 2023 2023 2025 2025 2025 2026 2026 2026 2027 2027 2027 2020 2020 2020 2028 2028 2028 2027 2027 2027 2026 2026 2026 2029 2029 2029 2027 2027 2027 2028 2028 2028 2030 2030 2030 2029 2029 2029 2028 2028 2028 2028 2028 2028 2031 2031 2031 2032 2032 2032 2033 2033 2033 2031 2031 2031 2028 2028 2028 2034 2034 2034 2026 2026 2026 2033 2033 2033 2033 2033 2033 2026 2026 2026 2035 2035 2035 2005 2005 2005 2033 2033 2033 2022 2022 2022 2036 2036 2036 2033 2033 2033 2005 2005 2005 2037 2037 2037 2033 2033 2033 2036 2036 2036 2038 2038 2038 2037 2037 2037 2036 2036 2036 2039 2039 2039 2036 2036 2036 2005 2005 2005 2040 2040 2040 2036 2036 2036 2041 2041 2041 2039 2039 2039 2042 2042 2042 2043 2043 2043 2043 2043 2043 2042 2042 2042 2044 2044 2044 1987 1987 1987 2016 2016 2016 2045 2045 2045 2016 2016 2016 2046 2046 2046 2045 2045 2045 2045 2045 2045 2047 2047 2047 1987 1987 1987 2046 2046 2046 2048 2048 2048 2049 2049 2049 2045 2045 2045 2046 2046 2046 2049 2049 2049 2050 2050 2050 2047 2047 2047 2045 2045 2045 2045 2045 2045 2051 2051 2051 2052 2052 2052 2051 2051 2051 2053 2053 2053 2052 2052 2052 2054 2054 2054 2047 2047 2047 2050 2050 2050 2050 2050 2050 2055 2055 2055 2054 2054 2054 2054 2054 2054 2056 2056 2056 2047 2047 2047 2055 2055 2055 2057 2057 2057 2054 2054 2054 2054 2054 2054 2058 2058 2058 2056 2056 2056 2054 2054 2054 2057 2057 2057 2059 2059 2059 2060 2060 2060 2058 2058 2058 2054 2054 2054 2061 2061 2061 2058 2058 2058 2060 2060 2060 2062 2062 2062 2061 2061 2061 2060 2060 2060 2063 2063 2063 2061 2061 2061 2062 2062 2062 1711 1711 1711 2054 2054 2054 2059 2059 2059 2064 2064 2064 1711 1711 1711 2059 2059 2059 1707 1707 1707 2054 2054 2054 1711 1711 1711 2065 2065 2065 2054 2054 2054 1707 1707 1707 2066 2066 2066 2065 2065 2065 1707 1707 1707 2067 2067 2067 2066 2066 2066 1707 1707 1707 2068 2068 2068 2067 2067 2067 1707 1707 1707 1707 1707 1707 2069 2069 2069 2068 2068 2068 2069 2069 2069 1707 1707 1707 1705 1705 1705 2070 2070 2070 2071 2071 2071 1705 1705 1705 2072 2072 2072 2071 2071 2071 2070 2070 2070 2073 2073 2073 2074 2074 2074 2075 2075 2075 2076 2076 2076 2074 2074 2074 2077 2077 2077 2078 2078 2078 2076 2076 2076 2077 2077 2077 2078 2078 2078 2079 2079 2079 2080 2080 2080 2081 2081 2081 2082 2082 2082 2076 2076 2076 2082 2082 2082 2083 2083 2083 2084 2084 2084 2076 2076 2076 2082 2082 2082 2084 2084 2084 2085 2085 2085 2086 2086 2086 2084 2084 2084 2084 2084 2084 2086 2086 2086 2087 2087 2087 2087 2087 2087 2088 2088 2088 2089 2089 2089 2090 2090 2090 2087 2087 2087 2089 2089 2089 2089 2089 2089 2091 2091 2091 2090 2090 2090 2090 2090 2090 2091 2091 2091 2092 2092 2092 2091 2091 2091 2093 2093 2093 2092 2092 2092 2092 2092 2092 2093 2093 2093 2094 2094 2094 2093 2093 2093 2095 2095 2095 2094 2094 2094 2095 2095 2095 2096 2096 2096 2094 2094 2094 2096 2096 2096 2097 2097 2097 2094 2094 2094 2094 2094 2094 2097 2097 2097 2098 2098 2098 2098 2098 2098 2099 2099 2099 2100 2100 2100 2094 2094 2094 2101 2101 2101 2102 2102 2102 2101 2101 2101 2103 2103 2103 2104 2104 2104 2105 2105 2105 2106 2106 2106 2101 2101 2101 2101 2101 2101 2106 2106 2106 2107 2107 2107 2106 2106 2106 2108 2108 2108 2107 2107 2107 2094 2094 2094 2109 2109 2109 2110 2110 2110 2111 2111 2111 2094 2094 2094 2110 2110 2110 2112 2112 2112 2111 2111 2111 2110 2110 2110 2113 2113 2113 2110 2110 2110 2099 2099 2099 2099 2099 2099 2114 2114 2114 2113 2113 2113 2115 2115 2115 2114 2114 2114 2099 2099 2099 2099 2099 2099 2116 2116 2116 2115 2115 2115 2115 2115 2115 2116 2116 2116 2117 2117 2117 2117 2117 2117 2116 2116 2116 2118 2118 2118 2119 2119 2119 2120 2120 2120 2111 2111 2111 2120 2120 2120 2121 2121 2121 2111 2111 2111 2120 2120 2120 2122 2122 2122 2121 2121 2121 2123 2123 2123 2118 2118 2118 2124 2124 2124 2124 2124 2124 2125 2125 2125 2123 2123 2123 2121 2121 2121 2126 2126 2126 2127 2127 2127 2128 2128 2128 2129 2129 2129 2094 2094 2094 1469 1469 1469 2129 2129 2129 2128 2128 2128 2130 2130 2130 1469 1469 1469 2128 2128 2128 2131 2131 2131 1469 1469 1469 2130 2130 2130 2132 2132 2132 2131 2131 2131 2133 2133 2133 2133 2133 2133 2131 2131 2131 2134 2134 2134 2131 2131 2131 2126 2126 2126 2134 2134 2134 2126 2126 2126 2121 2121 2121 2134 2134 2134 2121 2121 2121 2122 2122 2122 2135 2135 2135 2134 2134 2134 2121 2121 2121 2135 2135 2135 2122 2122 2122 2136 2136 2136 2135 2135 2135 2135 2135 2135 2136 2136 2136 2137 2137 2137 2138 2138 2138 2134 2134 2134 2135 2135 2135 2139 2139 2139 2134 2134 2134 2138 2138 2138 2140 2140 2140 2134 2134 2134 2139 2139 2139 2141 2141 2141 2140 2140 2140 2139 2139 2139 2142 2142 2142 2143 2143 2143 2135 2135 2135 2135 2135 2135 2143 2143 2143 2144 2144 2144 2143 2143 2143 2145 2145 2145 2144 2144 2144 2146 2146 2146 2147 2147 2147 2135 2135 2135 2148 2148 2148 2147 2147 2147 2146 2146 2146 2144 2144 2144 2145 2145 2145 2149 2149 2149 2150 2150 2150 2144 2144 2144 2149 2149 2149 2149 2149 2149 2145 2145 2145 2151 2151 2151 2151 2151 2151 2152 2152 2152 2149 2149 2149 2149 2149 2149 2152 2152 2152 2153 2153 2153 2152 2152 2152 2154 2154 2154 2153 2153 2153 2153 2153 2153 2154 2154 2154 2155 2155 2155 2154 2154 2154 2156 2156 2156 2155 2155 2155 2155 2155 2155 2156 2156 2156 2157 2157 2157 2155 2155 2155 2157 2157 2157 2158 2158 2158 2157 2157 2157 2159 2159 2159 2158 2158 2158 2160 2160 2160 2155 2155 2155 2158 2158 2158 2158 2158 2158 2159 2159 2159 2161 2161 2161 2162 2162 2162 2160 2160 2160 2158 2158 2158 2163 2163 2163 2164 2164 2164 2161 2161 2161 2164 2164 2164 2165 2165 2165 2161 2161 2161 2161 2161 2161 2165 2165 2165 2166 2166 2166 2167 2167 2167 2166 2166 2166 2168 2168 2168 2168 2168 2168 2166 2166 2166 2169 2169 2169 2170 2170 2170 2169 2169 2169 2171 2171 2171 2172 2172 2172 2165 2165 2165 2169 2169 2169 2173 2173 2173 2169 2169 2169 2174 2174 2174 2175 2175 2175 2165 2165 2165 2176 2176 2176 2176 2176 2176 2165 2165 2165 2177 2177 2177 2178 2178 2178 2179 2179 2179 2165 2165 2165 2165 2165 2165 2179 2179 2179 2177 2177 2177 2180 2180 2180 2166 2166 2166 2181 2181 2181 2166 2166 2166 2182 2182 2182 2181 2181 2181 2181 2181 2181 2182 2182 2182 2183 2183 2183 2177 2177 2177 2184 2184 2184 2185 2185 2185 2174 2174 2174 2177 2177 2177 2185 2185 2185 2185 2185 2185 2186 2186 2186 2187 2187 2187 2188 2188 2188 2189 2189 2189 2185 2185 2185 2190 2190 2190 2191 2191 2191 2185 2185 2185 2185 2185 2185 2192 2192 2192 2193 2193 2193 1773 1773 1773 2185 2185 2185 2193 2193 2193 2194 2194 2194 2185 2185 2185 1773 1773 1773 2174 2174 2174 2185 2185 2185 2194 2194 2194 2195 2195 2195 2194 2194 2194 1773 1773 1773 2196 2196 2196 2174 2174 2174 2194 2194 2194 2197 2197 2197 2196 2196 2196 2194 2194 2194 2198 2198 2198 2199 2199 2199 2200 2200 2200 2201 2201 2201 2198 2198 2198 2202 2202 2202 2203 2203 2203 2204 2204 2204 2205 2205 2205 2203 2203 2203 2206 2206 2206 2207 2207 2207 2206 2206 2206 2208 2208 2208 2207 2207 2207 2209 2209 2209 2207 2207 2207 2210 2210 2210 2211 2211 2211 2209 2209 2209 2210 2210 2210 2212 2212 2212 2213 2213 2213 2214 2214 2214 2214 2214 2214 2215 2215 2215 2216 2216 2216 2215 2215 2215 2217 2217 2217 2216 2216 2216 2218 2218 2218 2219 2219 2219 2216 2216 2216 2216 2216 2216 2219 2219 2219 2220 2220 2220 2219 2219 2219 2221 2221 2221 2220 2220 2220 2222 2222 2222 2223 2223 2223 2224 2224 2224 2222 2222 2222 2225 2225 2225 2226 2226 2226 2225 2225 2225 2227 2227 2227 2226 2226 2226 2228 2228 2228 2229 2229 2229 2230 2230 2230 2228 2228 2228 2231 2231 2231 2232 2232 2232 2233 2233 2233 2231 2231 2231 2234 2234 2234 2235 2235 2235 2233 2233 2233 2236 2236 2236 2235 2235 2235 2236 2236 2236 2237 2237 2237 2238 2238 2238 2239 2239 2239 2240 2240 2240 2240 2240 2240 2241 2241 2241 2242 2242 2242 2242 2242 2242 2241 2241 2241 2243 2243 2243 2244 2244 2244 2243 2243 2243 2245 2245 2245 2246 2246 2246 2244 2244 2244 2245 2245 2245 2247 2247 2247 2244 2244 2244 2246 2246 2246 2248 2248 2248 2249 2249 2249 2250 2250 2250 2251 2251 2251 2252 2252 2252 2249 2249 2249 2253 2253 2253 2252 2252 2252 2251 2251 2251 2254 2254 2254 2253 2253 2253 2255 2255 2255 2256 2256 2256 2257 2257 2257 2258 2258 2258 2259 2259 2259 2258 2258 2258 2260 2260 2260 2261 2261 2261 2262 2262 2262 2263 2263 2263 2264 2264 2264 2265 2265 2265 2262 2262 2262 2266 2266 2266 2264 2264 2264 2262 2262 2262 2267 2267 2267 2264 2264 2264 2266 2266 2266 2268 2268 2268 2269 2269 2269 2270 2270 2270 2271 2271 2271 2272 2272 2272 2270 2270 2270 2270 2270 2270 2272 2272 2272 2273 2273 2273 2272 2272 2272 2274 2274 2274 2273 2273 2273 2273 2273 2273 2275 2275 2275 2276 2276 2276 2277 2277 2277 2273 2273 2273 2276 2276 2276 2277 2277 2277 2278 2278 2278 2279 2279 2279 2280 2280 2280 2278 2278 2278 2277 2277 2277 2281 2281 2281 2282 2282 2282 2283 2283 2283 2284 2284 2284 2283 2283 2283 2285 2285 2285 2286 2286 2286 2284 2284 2284 2285 2285 2285 2287 2287 2287 2283 2283 2283 2288 2288 2288 2287 2287 2287 2288 2288 2288 2289 2289 2289 2288 2288 2288 2290 2290 2290 2289 2289 2289 2291 2291 2291 2290 2290 2290 2292 2292 2292 2290 2290 2290 2293 2293 2293 2292 2292 2292 2294 2294 2294 2295 2295 2295 2296 2296 2296 2295 2295 2295 2297 2297 2297 2298 2298 2298 2299 2299 2299 2295 2295 2295 2298 2298 2298 2300 2300 2300 2301 2301 2301 2302 2302 2302 2303 2303 2303 2304 2304 2304 2300 2300 2300 2300 2300 2300 2304 2304 2304 2305 2305 2305 2304 2304 2304 2306 2306 2306 2305 2305 2305 2305 2305 2305 2307 2307 2307 2308 2308 2308 2305 2305 2305 2306 2306 2306 2309 2309 2309 2310 2310 2310 2311 2311 2311 2309 2309 2309 2309 2309 2309 2311 2311 2311 2312 2312 2312 2313 2313 2313 2305 2305 2305 2309 2309 2309 2314 2314 2314 2313 2313 2313 2309 2309 2309 2305 2305 2305 2315 2315 2315 2316 2316 2316 2316 2316 2316 2315 2315 2315 2317 2317 2317 2318 2318 2318 2319 2319 2319 2313 2313 2313 2319 2319 2319 2320 2320 2320 2313 2313 2313 2313 2313 2313 2320 2320 2320 2321 2321 2321 2321 2321 2321 2322 2322 2322 2313 2313 2313 2323 2323 2323 2322 2322 2322 2324 2324 2324 2325 2325 2325 2322 2322 2322 2323 2323 2323 2322 2322 2322 2325 2325 2325 2326 2326 2326 2326 2326 2326 2325 2325 2325 2327 2327 2327 896 896 896 2325 2325 2325 2323 2323 2323 2328 2328 2328 2325 2325 2325 896 896 896 892 892 892 2328 2328 2328 896 896 896 2327 2327 2327 2329 2329 2329 2330 2330 2330 2329 2329 2329 2328 2328 2328 2330 2330 2330 2331 2331 2331 892 892 892 2330 2330 2330 2330 2330 2330 892 892 892 2332 2332 2332 2333 2333 2333 2332 2332 2332 892 892 892 2334 2334 2334 2332 2332 2332 2333 2333 2333 2318 2318 2318 2335 2335 2335 2336 2336 2336 2337 2337 2337 2338 2338 2338 2336 2336 2336 2339 2339 2339 2337 2337 2337 2336 2336 2336 2336 2336 2336 2335 2335 2335 2339 2339 2339 2339 2339 2339 2335 2335 2335 2340 2340 2340 2340 2340 2340 2341 2341 2341 2339 2339 2339 2341 2341 2341 2342 2342 2342 2339 2339 2339 2343 2343 2343 2342 2342 2342 2341 2341 2341 2344 2344 2344 2343 2343 2343 2341 2341 2341 2344 2344 2344 2345 2345 2345 2343 2343 2343 2346 2346 2346 2347 2347 2347 2344 2344 2344 2344 2344 2344 2347 2347 2347 2348 2348 2348 2349 2349 2349 2345 2345 2345 2344 2344 2344 2345 2345 2345 2349 2349 2349 2350 2350 2350 2351 2351 2351 2345 2345 2345 2350 2350 2350 2345 2345 2345 2351 2351 2351 2352 2352 2352 2353 2353 2353 2354 2354 2354 2355 2355 2355 2356 2356 2356 2353 2353 2353 2357 2357 2357 2358 2358 2358 2353 2353 2353 2356 2356 2356 2359 2359 2359 2360 2360 2360 2361 2361 2361 2362 2362 2362 2361 2361 2361 2363 2363 2363 2361 2361 2361 2364 2364 2364 2363 2363 2363 2364 2364 2364 2365 2365 2365 2366 2366 2366 2367 2367 2367 2365 2365 2365 2364 2364 2364 2368 2368 2368 2369 2369 2369 2367 2367 2367 2370 2370 2370 2368 2368 2368 2367 2367 2367 2371 2371 2371 2372 2372 2372 2370 2370 2370 2372 2372 2372 2373 2373 2373 2370 2370 2370 2374 2374 2374 2372 2372 2372 2375 2375 2375 2376 2376 2376 2377 2377 2377 2372 2372 2372 2378 2378 2378 2377 2377 2377 2376 2376 2376 2379 2379 2379 2377 2377 2377 2378 2378 2378 2380 2380 2380 2379 2379 2379 2378 2378 2378 2379 2379 2379 2381 2381 2381 2382 2382 2382 2382 2382 2382 2383 2383 2383 2384 2384 2384 2385 2385 2385 2383 2383 2383 2382 2382 2382 2386 2386 2386 2383 2383 2383 2385 2385 2385 2387 2387 2387 2388 2388 2388 2389 2389 2389 2388 2388 2388 2390 2390 2390 2391 2391 2391 2392 2392 2392 2388 2388 2388 2391 2391 2391 2393 2393 2393 2394 2394 2394 2395 2395 2395 2396 2396 2396 2397 2397 2397 2395 2395 2395 2397 2397 2397 2398 2398 2398 2395 2395 2395 2399 2399 2399 2400 2400 2400 2401 2401 2401 2401 2401 2401 2402 2402 2402 2403 2403 2403 2404 2404 2404 2405 2405 2405 2401 2401 2401 2406 2406 2406 2407 2407 2407 2408 2408 2408 2408 2408 2408 2409 2409 2409 2410 2410 2410 2409 2409 2409 2411 2411 2411 2410 2410 2410 2408 2408 2408 2412 2412 2412 2409 2409 2409 2412 2412 2412 1525 1525 1525 2409 2409 2409 2413 2413 2413 1525 1525 1525 2412 2412 2412 2414 2414 2414 2413 2413 2413 2412 2412 2412 2415 2415 2415 2413 2413 2413 2416 2416 2416 2413 2413 2413 2417 2417 2417 2416 2416 2416 2418 2418 2418 2419 2419 2419 2420 2420 2420 2420 2420 2420 2421 2421 2421 2422 2422 2422 1578 1578 1578 2421 2421 2421 2420 2420 2420 2421 2421 2421 2423 2423 2423 2422 2422 2422 2422 2422 2422 2423 2423 2423 2424 2424 2424 2424 2424 2424 2423 2423 2423 2425 2425 2425 2426 2426 2426 2421 2421 2421 2427 2427 2427 2428 2428 2428 2421 2421 2421 2426 2426 2426 2429 2429 2429 2428 2428 2428 2430 2430 2430 2430 2430 2430 2428 2428 2428 2426 2426 2426 2430 2430 2430 2431 2431 2431 2432 2432 2432 2430 2430 2430 2433 2433 2433 2431 2431 2431 2434 2434 2434 2435 2435 2435 2426 2426 2426 2435 2435 2435 2436 2436 2436 2426 2426 2426 2437 2437 2437 2438 2438 2438 2433 2433 2433 2433 2433 2433 2438 2438 2438 2439 2439 2439 2440 2440 2440 2426 2426 2426 2436 2436 2436 2436 2436 2436 2441 2441 2441 2440 2440 2440 2442 2442 2442 2426 2426 2426 2440 2440 2440 2426 2426 2426 2442 2442 2442 2443 2443 2443 2443 2443 2443 2442 2442 2442 2444 2444 2444 2442 2442 2442 2445 2445 2445 2444 2444 2444 2444 2444 2444 2445 2445 2445 2446 2446 2446 2447 2447 2447 2440 2440 2440 2441 2441 2441 2447 2447 2447 2441 2441 2441 2448 2448 2448 2449 2449 2449 2440 2440 2440 2447 2447 2447 2450 2450 2450 2451 2451 2451 2449 2449 2449 2449 2449 2449 2451 2451 2451 2452 2452 2452 2453 2453 2453 2449 2449 2449 2447 2447 2447 2454 2454 2454 2453 2453 2453 2455 2455 2455 2453 2453 2453 2456 2456 2456 2455 2455 2455 2457 2457 2457 2453 2453 2453 2447 2447 2447 2458 2458 2458 2459 2459 2459 2456 2456 2456 2460 2460 2460 2453 2453 2453 2457 2457 2457 2461 2461 2461 2458 2458 2458 2456 2456 2456 2462 2462 2462 2458 2458 2458 2461 2461 2461 2461 2461 2461 2463 2463 2463 2462 2462 2462 2461 2461 2461 2464 2464 2464 2463 2463 2463 2453 2453 2453 2464 2464 2464 2456 2456 2456 2465 2465 2465 2464 2464 2464 2453 2453 2453 2456 2456 2456 2464 2464 2464 2466 2466 2466 2463 2463 2463 2464 2464 2464 2467 2467 2467 2467 2467 2467 2464 2464 2464 2468 2468 2468 2467 2467 2467 2469 2469 2469 2470 2470 2470 2469 2469 2469 2471 2471 2471 2470 2470 2470 2472 2472 2472 2464 2464 2464 2473 2473 2473 2474 2474 2474 2464 2464 2464 2472 2472 2472 2474 2474 2474 2472 2472 2472 2475 2475 2475 2476 2476 2476 2474 2474 2474 2475 2475 2475 2477 2477 2477 2478 2478 2478 2476 2476 2476 2479 2479 2479 2478 2478 2478 2480 2480 2480 2472 2472 2472 2481 2481 2481 2482 2482 2482 2483 2483 2483 2478 2478 2478 2484 2484 2484 2472 2472 2472 2485 2485 2485 2481 2481 2481 2486 2486 2486 2478 2478 2478 2483 2483 2483 2487 2487 2487 2481 2481 2481 2485 2485 2485 2483 2483 2483 2488 2488 2488 2486 2486 2486 2485 2485 2485 2489 2489 2489 2487 2487 2487 2486 2486 2486 2490 2490 2490 2478 2478 2478 2460 2460 2460 2485 2485 2485 2472 2472 2472 2491 2491 2491 2492 2492 2492 2490 2490 2490 2493 2493 2493 2491 2491 2491 2490 2490 2490 2494 2494 2494 2493 2493 2493 2490 2490 2490 2494 2494 2494 2490 2490 2490 2486 2486 2486 2495 2495 2495 2494 2494 2494 2486 2486 2486 2496 2496 2496 2497 2497 2497 2485 2485 2485 2497 2497 2497 2498 2498 2498 2485 2485 2485 2499 2499 2499 2500 2500 2500 2486 2486 2486 2499 2499 2499 2486 2486 2486 2488 2488 2488 2501 2501 2501 2499 2499 2499 2488 2488 2488 2501 2501 2501 2502 2502 2502 2499 2499 2499 1514 1514 1514 2502 2502 2502 2501 2501 2501 2502 2502 2502 2503 2503 2503 2499 2499 2499 2504 2504 2504 2505 2505 2505 2499 2499 2499 2503 2503 2503 2504 2504 2504 2499 2499 2499 2506 2506 2506 2504 2504 2504 2503 2503 2503 2507 2507 2507 1514 1514 1514 2508 2508 2508 2508 2508 2508 2503 2503 2503 2509 2509 2509 2508 2508 2508 1514 1514 1514 1510 1510 1510 2506 2506 2506 2503 2503 2503 2510 2510 2510 2503 2503 2503 2508 2508 2508 2510 2510 2510 2511 2511 2511 2506 2506 2506 2510 2510 2510 2512 2512 2512 2511 2511 2511 2510 2510 2510 2513 2513 2513 2512 2512 2512 2510 2510 2510 2508 2508 2508 2513 2513 2513 2510 2510 2510 2508 2508 2508 1510 1510 1510 2513 2513 2513 2513 2513 2513 1510 1510 1510 1511 1511 1511 2514 2514 2514 2513 2513 2513 2515 2515 2515 2513 2513 2513 2516 2516 2516 2515 2515 2515 2513 2513 2513 1511 1511 1511 2516 2516 2516 2516 2516 2516 1511 1511 1511 1515 1515 1515 1515 1515 1515 2517 2517 2517 2516 2516 2516 2518 2518 2518 2517 2517 2517 1515 1515 1515 2519 2519 2519 2518 2518 2518 1515 1515 1515 1536 1536 1536 2519 2519 2519 1515 1515 1515 1536 1536 1536 2520 2520 2520 2519 2519 2519 2519 2519 2519 2520 2520 2520 2521 2521 2521 2522 2522 2522 2523 2523 2523 2516 2516 2516 2516 2516 2516 2523 2523 2523 2524 2524 2524 2523 2523 2523 2525 2525 2525 2524 2524 2524 2526 2526 2526 2525 2525 2525 2523 2523 2523 2527 2527 2527 2526 2526 2526 2523 2523 2523 2526 2526 2526 2528 2528 2528 2529 2529 2529 2438 2438 2438 2526 2526 2526 2529 2529 2529 2530 2530 2530 2526 2526 2526 2438 2438 2438 2531 2531 2531 2530 2530 2530 2438 2438 2438 2530 2530 2530 2532 2532 2532 2533 2533 2533 2534 2534 2534 2535 2535 2535 2536 2536 2536 2537 2537 2537 2538 2538 2538 2536 2536 2536 2536 2536 2536 2538 2538 2538 2539 2539 2539 2540 2540 2540 2541 2541 2541 2542 2542 2542 2543 2543 2543 2544 2544 2544 2541 2541 2541 2545 2545 2545 2543 2543 2543 2541 2541 2541 2546 2546 2546 2547 2547 2547 2545 2545 2545 2548 2548 2548 2546 2546 2546 2545 2545 2545 2549 2549 2549 2550 2550 2550 2548 2548 2548 2551 2551 2551 2549 2549 2549 2548 2548 2548 2552 2552 2552 2549 2549 2549 2551 2551 2551 2553 2553 2553 2552 2552 2552 2551 2551 2551 2554 2554 2554 2555 2555 2555 2552 2552 2552 2556 2556 2556 2555 2555 2555 2554 2554 2554 2557 2557 2557 2558 2558 2558 2556 2556 2556 2559 2559 2559 2556 2556 2556 2558 2558 2558 2558 2558 2558 2560 2560 2560 2559 2559 2559 2561 2561 2561 2562 2562 2562 2563 2563 2563 2564 2564 2564 2565 2565 2565 2562 2562 2562 2562 2562 2562 2565 2565 2565 2566 2566 2566 2565 2565 2565 2567 2567 2567 2566 2566 2566 2565 2565 2565 2568 2568 2568 2569 2569 2569 2568 2568 2568 2570 2570 2570 2569 2569 2569 2571 2571 2571 2570 2570 2570 2568 2568 2568 2568 2568 2568 2572 2572 2572 2571 2571 2571 2573 2573 2573 2574 2574 2574 2575 2575 2575 2576 2576 2576 2573 2573 2573 2577 2577 2577 2577 2577 2577 2578 2578 2578 2576 2576 2576 2573 2573 2573 2579 2579 2579 2580 2580 2580 2580 2580 2580 2579 2579 2579 2581 2581 2581 2581 2581 2581 2579 2579 2579 2582 2582 2582 2583 2583 2583 2584 2584 2584 2576 2576 2576 2584 2584 2584 2583 2583 2583 2585 2585 2585 2585 2585 2585 2586 2586 2586 2587 2587 2587 2588 2588 2588 2584 2584 2584 2585 2585 2585 2579 2579 2579 2584 2584 2584 2588 2588 2588 2588 2588 2588 2585 2585 2585 2589 2589 2589 2588 2588 2588 2590 2590 2590 2591 2591 2591 2592 2592 2592 2591 2591 2591 2593 2593 2593 2594 2594 2594 2592 2592 2592 2593 2593 2593 2595 2595 2595 2592 2592 2592 2594 2594 2594 2596 2596 2596 2595 2595 2595 2594 2594 2594 2579 2579 2579 2595 2595 2595 2582 2582 2582 2595 2595 2595 2579 2579 2579 2597 2597 2597 2597 2597 2597 2579 2579 2579 2588 2588 2588 2598 2598 2598 2597 2597 2597 2588 2588 2588 2599 2599 2599 2582 2582 2582 2595 2595 2595 2600 2600 2600 2582 2582 2582 2599 2599 2599 2601 2601 2601 2602 2602 2602 2588 2588 2588 2603 2603 2603 2604 2604 2604 2602 2602 2602 2605 2605 2605 2603 2603 2603 2602 2602 2602 2588 2588 2588 2589 2589 2589 2605 2605 2605 2589 2589 2589 2606 2606 2606 2605 2605 2605 2605 2605 2605 2606 2606 2606 2607 2607 2607 2606 2606 2606 2608 2608 2608 2607 2607 2607 2589 2589 2589 2609 2609 2609 2610 2610 2610 2609 2609 2609 2611 2611 2611 2610 2610 2610 2610 2610 2610 2611 2611 2611 2612 2612 2612 2612 2612 2612 2611 2611 2611 2613 2613 2613 2599 2599 2599 2614 2614 2614 2615 2615 2615 2616 2616 2616 2614 2614 2614 2599 2599 2599 2617 2617 2617 2616 2616 2616 2599 2599 2599 2617 2617 2617 2618 2618 2618 2619 2619 2619 2619 2619 2619 2620 2620 2620 2614 2614 2614 2620 2620 2620 2621 2621 2621 2614 2614 2614 2622 2622 2622 2623 2623 2623 2624 2624 2624 2076 2076 2076 2084 2084 2084 2622 2622 2622 2084 2084 2084 2625 2625 2625 2622 2622 2622 2626 2626 2626 2625 2625 2625 2627 2627 2627 2628 2628 2628 2629 2629 2629 2076 2076 2076 2078 2078 2078 2628 2628 2628 2076 2076 2076 2630 2630 2630 2631 2631 2631 2625 2625 2625 2632 2632 2632 2630 2630 2630 2625 2625 2625 2084 2084 2084 2633 2633 2633 2630 2630 2630 2633 2633 2633 2090 2090 2090 2630 2630 2630 2090 2090 2090 2634 2634 2634 2630 2630 2630 2630 2630 2630 2634 2634 2634 2635 2635 2635 2635 2635 2635 2634 2634 2634 2636 2636 2636 2637 2637 2637 2634 2634 2634 2638 2638 2638 2639 2639 2639 2628 2628 2628 2078 2078 2078 2640 2640 2640 2628 2628 2628 2639 2639 2639 2641 2641 2641 2640 2640 2640 2639 2639 2639 2642 2642 2642 2639 2639 2639 2078 2078 2078 2643 2643 2643 2642 2642 2642 2078 2078 2078 2642 2642 2642 2643 2643 2643 2644 2644 2644 2645 2645 2645 2646 2646 2646 2644 2644 2644 2646 2646 2646 2647 2647 2647 2648 2648 2648 2642 2642 2642 2648 2648 2648 2649 2649 2649 2639 2639 2639 2642 2642 2642 2649 2649 2649 2650 2650 2650 2651 2651 2651 2648 2648 2648 2649 2649 2649 2648 2648 2648 2651 2651 2651 2652 2652 2652 2653 2653 2653 2651 2651 2651 2654 2654 2654 2639 2639 2639 2649 2649 2649 2655 2655 2655 2654 2654 2654 2656 2656 2656 1837 1837 1837 2654 2654 2654 2649 2649 2649 2657 2657 2657 2654 2654 2654 2655 2655 2655 2639 2639 2639 2654 2654 2654 2657 2657 2657 2657 2657 2657 2641 2641 2641 2639 2639 2639 2657 2657 2657 2655 2655 2655 2658 2658 2658 1825 1825 1825 2657 2657 2657 2658 2658 2658 1826 1826 1826 2657 2657 2657 1825 1825 1825 2641 2641 2641 2657 2657 2657 2659 2659 2659 2657 2657 2657 1826 1826 1826 2659 2659 2659 1826 1826 1826 2123 2123 2123 2659 2659 2659 2123 2123 2123 2660 2660 2660 2659 2659 2659 2659 2659 2659 2660 2660 2660 2661 2661 2661 2660 2660 2660 2662 2662 2662 2661 2661 2661 2663 2663 2663 1837 1837 1837 2649 2649 2649 2649 2649 2649 2651 2651 2651 2663 2663 2663 1842 1842 1842 1837 1837 1837 2663 2663 2663 2651 2651 2651 2664 2664 2664 2663 2663 2663 2665 2665 2665 2664 2664 2664 2666 2666 2666 1984 1984 1984 1842 1842 1842 2663 2663 2663 2666 2666 2666 2667 2667 2667 2663 2663 2663 2663 2663 2663 1992 1992 1992 1984 1984 1984 2667 2667 2667 2668 2668 2668 2663 2663 2663 2663 2663 2663 2669 2669 2669 1992 1992 1992 2668 2668 2668 2669 2669 2669 2663 2663 2663 2670 2670 2670 2671 2671 2671 2672 2672 2672 2673 2673 2673 2674 2674 2674 2670 2670 2670 2670 2670 2670 2674 2674 2674 2675 2675 2675 2674 2674 2674 2676 2676 2676 2675 2675 2675 2677 2677 2677 2678 2678 2678 2679 2679 2679 2680 2680 2680 2681 2681 2681 2677 2677 2677 2681 2681 2681 2682 2682 2682 2677 2677 2677 2682 2682 2682 2683 2683 2683 2684 2684 2684 2683 2683 2683 2685 2685 2685 2684 2684 2684 2684 2684 2684 2685 2685 2685 2686 2686 2686 2686 2686 2686 2685 2685 2685 2687 2687 2687 2688 2688 2688 2687 2687 2687 2685 2685 2685 2689 2689 2689 2690 2690 2690 2688 2688 2688 2688 2688 2688 2690 2690 2690 2691 2691 2691 2690 2690 2690 2692 2692 2692 2691 2691 2691 2693 2693 2693 2691 2691 2691 2694 2694 2694 2695 2695 2695 2693 2693 2693 2694 2694 2694 2696 2696 2696 2697 2697 2697 2695 2695 2695 2695 2695 2695 2697 2697 2697 2698 2698 2698 2697 2697 2697 2699 2699 2699 2698 2698 2698 2700 2700 2700 2701 2701 2701 2702 2702 2702 2703 2703 2703 2701 2701 2701 2704 2704 2704 2705 2705 2705 2701 2701 2701 2703 2703 2703 2706 2706 2706 2705 2705 2705 2703 2703 2703 2707 2707 2707 2708 2708 2708 2706 2706 2706 2709 2709 2709 2708 2708 2708 2707 2707 2707 2710 2710 2710 2709 2709 2709 2707 2707 2707 2711 2711 2711 2712 2712 2712 2713 2713 2713 2714 2714 2714 2715 2715 2715 2712 2712 2712 2715 2715 2715 2716 2716 2716 2712 2712 2712 2712 2712 2712 2716 2716 2716 2717 2717 2717 2716 2716 2716 2718 2718 2718 2717 2717 2717 2719 2719 2719 2720 2720 2720 2717 2717 2717 2717 2717 2717 2718 2718 2718 2721 2721 2721 2721 2721 2721 2722 2722 2722 2723 2723 2723 2724 2724 2724 2722 2722 2722 2721 2721 2721 2725 2725 2725 2722 2722 2722 2724 2724 2724 2726 2726 2726 2727 2727 2727 2728 2728 2728 2727 2727 2727 2729 2729 2729 2730 2730 2730 2731 2731 2731 2732 2732 2732 2727 2727 2727 2733 2733 2733 2731 2731 2731 2727 2727 2727 2731 2731 2731 2733 2733 2733 2734 2734 2734 2734 2734 2734 2733 2733 2733 2735 2735 2735 2735 2735 2735 2736 2736 2736 2734 2734 2734 2737 2737 2737 2736 2736 2736 2738 2738 2738 2739 2739 2739 2740 2740 2740 2736 2736 2736 2736 2736 2736 2740 2740 2740 2741 2741 2741 2742 2742 2742 2743 2743 2743 2744 2744 2744 2745 2745 2745 2743 2743 2743 2746 2746 2746 2747 2747 2747 2743 2743 2743 2745 2745 2745 2748 2748 2748 2743 2743 2743 2747 2747 2747 2158 2158 2158 2748 2748 2748 2747 2747 2747 2158 2158 2158 2747 2747 2747 2749 2749 2749 2747 2747 2747 2750 2750 2750 2749 2749 2749 2751 2751 2751 2752 2752 2752 2753 2753 2753 2754 2754 2754 2753 2753 2753 2755 2755 2755 2755 2755 2755 2753 2753 2753 2756 2756 2756 2757 2757 2757 2753 2753 2753 2754 2754 2754 2753 2753 2753 2758 2758 2758 2756 2756 2756 2759 2759 2759 2757 2757 2757 2754 2754 2754 2758 2758 2758 2760 2760 2760 2756 2756 2756 2761 2761 2761 2759 2759 2759 2754 2754 2754 2756 2756 2756 2760 2760 2760 2762 2762 2762 2763 2763 2763 2761 2761 2761 2764 2764 2764 2760 2760 2760 2765 2765 2765 2762 2762 2762 2762 2762 2762 2765 2765 2765 2766 2766 2766 2765 2765 2765 2767 2767 2767 2766 2766 2766 2768 2768 2768 2762 2762 2762 2769 2769 2769 2770 2770 2770 2768 2768 2768 2771 2771 2771 2768 2768 2768 2772 2772 2772 2771 2771 2771 2773 2773 2773 2767 2767 2767 2774 2774 2774 2767 2767 2767 2775 2775 2775 2774 2774 2774 2774 2774 2774 2775 2775 2775 2776 2776 2776 2775 2775 2775 2777 2777 2777 2776 2776 2776 2776 2776 2776 2777 2777 2777 2778 2778 2778 2779 2779 2779 2763 2763 2763 2780 2780 2780 2780 2780 2780 2763 2763 2763 2781 2781 2781 2763 2763 2763 2782 2782 2782 2781 2781 2781 2781 2781 2781 2782 2782 2782 2783 2783 2783 2782 2782 2782 2784 2784 2784 2783 2783 2783 2783 2783 2783 2784 2784 2784 1037 1037 1037 2785 2785 2785 2786 2786 2786 2759 2759 2759 2787 2787 2787 2786 2786 2786 2785 2785 2785 2788 2788 2788 2786 2786 2786 2787 2787 2787 2789 2789 2789 2788 2788 2788 2787 2787 2787 2790 2790 2790 2791 2791 2791 2789 2789 2789 2792 2792 2792 2790 2790 2790 2789 2789 2789 2793 2793 2793 2794 2794 2794 2795 2795 2795 2794 2794 2794 2796 2796 2796 2797 2797 2797 2798 2798 2798 2794 2794 2794 2797 2797 2797 2799 2799 2799 2794 2794 2794 2798 2798 2798 2799 2799 2799 2160 2160 2160 2794 2794 2794 2800 2800 2800 2160 2160 2160 2799 2799 2799 2149 2149 2149 2799 2799 2799 2798 2798 2798 2801 2801 2801 2799 2799 2799 2149 2149 2149 2802 2802 2802 2803 2803 2803 2799 2799 2799 2804 2804 2804 2805 2805 2805 2806 2806 2806 2807 2807 2807 2805 2805 2805 2804 2804 2804 2807 2807 2807 2808 2808 2808 2809 2809 2809 2808 2808 2808 2810 2810 2810 2809 2809 2809 2809 2809 2809 2811 2811 2811 2812 2812 2812 2813 2813 2813 2811 2811 2811 2809 2809 2809 2814 2814 2814 2815 2815 2815 2816 2816 2816 2816 2816 2816 2815 2815 2815 2817 2817 2817 2818 2818 2818 2819 2819 2819 2820 2820 2820 2819 2819 2819 2821 2821 2821 2820 2820 2820 2822 2822 2822 2823 2823 2823 2821 2821 2821 2823 2823 2823 2824 2824 2824 2821 2821 2821 2821 2821 2821 2824 2824 2824 2825 2825 2825 2826 2826 2826 2827 2827 2827 2828 2828 2828 2828 2828 2828 2827 2827 2827 2829 2829 2829 2830 2830 2830 2831 2831 2831 2832 2832 2832 2832 2832 2832 2831 2831 2831 2833 2833 2833 2834 2834 2834 2835 2835 2835 2836 2836 2836 2835 2835 2835 2837 2837 2837 2836 2836 2836 2837 2837 2837 2838 2838 2838 2839 2839 2839 2838 2838 2838 2840 2840 2840 2839 2839 2839 2841 2841 2841 2842 2842 2842 2843 2843 2843 2842 2842 2842 2844 2844 2844 2845 2845 2845 2846 2846 2846 2843 2843 2843 2844 2844 2844 2847 2847 2847 2846 2846 2846 2844 2844 2844 2848 2848 2848 2846 2846 2846 2847 2847 2847 2848 2848 2848 2849 2849 2849 2850 2850 2850 2849 2849 2849 2851 2851 2851 2850 2850 2850 2852 2852 2852 2853 2853 2853 2854 2854 2854 2854 2854 2854 2855 2855 2855 2856 2856 2856 2855 2855 2855 2857 2857 2857 2856 2856 2856 2858 2858 2858 2855 2855 2855 2852 2852 2852 2859 2859 2859 2855 2855 2855 2858 2858 2858 2860 2860 2860 2859 2859 2859 2858 2858 2858 2861 2861 2861 2859 2859 2859 2860 2860 2860 2862 2862 2862 2861 2861 2861 2863 2863 2863 2864 2864 2864 2862 2862 2862 2863 2863 2863 2862 2862 2862 2864 2864 2864 2865 2865 2865 2864 2864 2864 2866 2866 2866 2865 2865 2865 2867 2867 2867 2868 2868 2868 2866 2866 2866 2869 2869 2869 2867 2867 2867 2866 2866 2866 2870 2870 2870 2869 2869 2869 2871 2871 2871 2869 2869 2869 2872 2872 2872 2871 2871 2871 2872 2872 2872 2873 2873 2873 2871 2871 2871 2874 2874 2874 2875 2875 2875 2876 2876 2876 2875 2875 2875 2877 2877 2877 2876 2876 2876 2878 2878 2878 2879 2879 2879 2880 2880 2880 2879 2879 2879 2881 2881 2881 2880 2880 2880 2882 2882 2882 2883 2883 2883 2884 2884 2884 2883 2883 2883 2885 2885 2885 2886 2886 2886 2886 2886 2886 2885 2885 2885 2887 2887 2887 2882 2882 2882 2888 2888 2888 2889 2889 2889 2888 2888 2888 2890 2890 2890 2889 2889 2889 2891 2891 2891 2892 2892 2892 2889 2889 2889 2893 2893 2893 2892 2892 2892 2891 2891 2891 2887 2887 2887 2894 2894 2894 2895 2895 2895 2894 2894 2894 2896 2896 2896 2895 2895 2895 2895 2895 2895 2896 2896 2896 2897 2897 2897 2898 2898 2898 2899 2899 2899 2900 2900 2900 2900 2900 2900 2899 2899 2899 2901 2901 2901 2902 2902 2902 2903 2903 2903 2904 2904 2904 2903 2903 2903 2905 2905 2905 2904 2904 2904 2906 2906 2906 2907 2907 2907 2908 2908 2908 2907 2907 2907 2909 2909 2909 2908 2908 2908 2910 2910 2910 2911 2911 2911 2912 2912 2912 2912 2912 2912 2911 2911 2911 2913 2913 2913 2913 2913 2913 2914 2914 2914 2915 2915 2915 2915 2915 2915 2914 2914 2914 2916 2916 2916 2915 2915 2915 2916 2916 2916 2917 2917 2917 2916 2916 2916 2918 2918 2918 2917 2917 2917 2919 2919 2919 2917 2917 2917 2920 2920 2920 2921 2921 2921 2917 2917 2917 2919 2919 2919 2922 2922 2922 2921 2921 2921 2919 2919 2919 2921 2921 2921 2923 2923 2923 2924 2924 2924 2923 2923 2923 2925 2925 2925 2924 2924 2924 2922 2922 2922 2926 2926 2926 2927 2927 2927 2927 2927 2927 2926 2926 2926 2928 2928 2928 2929 2929 2929 2928 2928 2928 2926 2926 2926 2925 2925 2925 2928 2928 2928 2929 2929 2929 2930 2930 2930 2931 2931 2931 2925 2925 2925 2925 2925 2925 2931 2931 2931 2932 2932 2932 2933 2933 2933 2934 2934 2934 2935 2935 2935 2934 2934 2934 2936 2936 2936 2935 2935 2935 2937 2937 2937 2938 2938 2938 2939 2939 2939 2939 2939 2939 2938 2938 2938 2940 2940 2940 2941 2941 2941 2942 2942 2942 2943 2943 2943 2943 2943 2943 2942 2942 2942 2944 2944 2944 2945 2945 2945 2946 2946 2946 2944 2944 2944 2944 2944 2944 2946 2946 2946 2947 2947 2947 2948 2948 2948 2949 2949 2949 2950 2950 2950 2949 2949 2949 2951 2951 2951 2950 2950 2950 2952 2952 2952 2953 2953 2953 2954 2954 2954 2955 2955 2955 2952 2952 2952 2954 2954 2954 2956 2956 2956 2955 2955 2955 2957 2957 2957 2955 2955 2955 2958 2958 2958 2957 2957 2957 671 671 671 2957 2957 2957 2959 2959 2959 2960 2960 2960 671 671 671 2959 2959 2959 671 671 671 2960 2960 2960 2961 2961 2961 2960 2960 2960 2962 2962 2962 2961 2961 2961 2963 2963 2963 2964 2964 2964 2965 2965 2965 2964 2964 2964 2966 2966 2966 2965 2965 2965 2967 2967 2967 2968 2968 2968 2966 2966 2966 2969 2969 2969 2968 2968 2968 2967 2967 2967 2970 2970 2970 2969 2969 2969 2967 2967 2967 2971 2971 2971 2972 2972 2972 2973 2973 2973 2972 2972 2972 2974 2974 2974 2973 2973 2973 2975 2975 2975 2976 2976 2976 2977 2977 2977 2977 2977 2977 2976 2976 2976 2978 2978 2978 2979 2979 2979 2980 2980 2980 2981 2981 2981 2982 2982 2982 2979 2979 2979 2981 2981 2981 2982 2982 2982 2983 2983 2983 2984 2984 2984 2985 2985 2985 2983 2983 2983 2982 2982 2982 2986 2986 2986 2987 2987 2987 2988 2988 2988 2988 2988 2988 2987 2987 2987 2989 2989 2989 2990 2990 2990 2991 2991 2991 2992 2992 2992 2992 2992 2992 2991 2991 2991 2993 2993 2993 2993 2993 2993 2994 2994 2994 2995 2995 2995 2996 2996 2996 2994 2994 2994 2993 2993 2993 2997 2997 2997 2996 2996 2996 2993 2993 2993 2998 2998 2998 2996 2996 2996 2997 2997 2997 2999 2999 2999 3000 3000 3000 3001 3001 3001 3001 3001 3001 3000 3000 3000 3002 3002 3002 3003 3003 3003 3004 3004 3004 3005 3005 3005 3004 3004 3004 3006 3006 3006 3005 3005 3005 3007 3007 3007 3008 3008 3008 3009 3009 3009 3009 3009 3009 3008 3008 3008 3010 3010 3010 3011 3011 3011 3012 3012 3012 3013 3013 3013 3013 3013 3013 3012 3012 3012 3014 3014 3014 3015 3015 3015 3016 3016 3016 3017 3017 3017 3017 3017 3017 3018 3018 3018 3015 3015 3015 3019 3019 3019 3020 3020 3020 3021 3021 3021 3020 3020 3020 3022 3022 3022 3021 3021 3021 3023 3023 3023 3024 3024 3024 3025 3025 3025 3025 3025 3025 3024 3024 3024 3026 3026 3026 3027 3027 3027 3028 3028 3028 3029 3029 3029 3030 3030 3030 3027 3027 3027 3029 3029 3029 3031 3031 3031 3032 3032 3032 3030 3030 3030 3031 3031 3031 3033 3033 3033 3032 3032 3032 3034 3034 3034 3033 3033 3033 3031 3031 3031 3031 3031 3031 3035 3035 3035 3036 3036 3036 3035 3035 3035 3037 3037 3037 3036 3036 3036 3038 3038 3038 3039 3039 3039 3040 3040 3040 3040 3040 3040 3039 3039 3039 3041 3041 3041 3042 3042 3042 3043 3043 3043 3044 3044 3044 3043 3043 3043 3045 3045 3045 3044 3044 3044 3046 3046 3046 3047 3047 3047 3048 3048 3048 3047 3047 3047 3049 3049 3049 3048 3048 3048 3050 3050 3050 3051 3051 3051 3052 3052 3052 3051 3051 3051 3053 3053 3053 3052 3052 3052 3054 3054 3054 3055 3055 3055 3056 3056 3056 3055 3055 3055 3057 3057 3057 3056 3056 3056 3058 3058 3058 3059 3059 3059 3060 3060 3060 3059 3059 3059 3061 3061 3061 3060 3060 3060 3062 3062 3062 3063 3063 3063 3061 3061 3061 3064 3064 3064 3063 3063 3063 3062 3062 3062 3065 3065 3065 3066 3066 3066 3067 3067 3067 3068 3068 3068 3065 3065 3065 3067 3067 3067 3068 3068 3068 3069 3069 3069 3070 3070 3070 3071 3071 3071 3070 3070 3070 3072 3072 3072 3073 3073 3073 3071 3071 3071 3072 3072 3072 3074 3074 3074 3075 3075 3075 3076 3076 3076 3076 3076 3076 3075 3075 3075 3077 3077 3077 3078 3078 3078 3079 3079 3079 3080 3080 3080 3080 3080 3080 3079 3079 3079 3081 3081 3081 3082 3082 3082 3081 3081 3081 3083 3083 3083 3084 3084 3084 3085 3085 3085 3083 3083 3083 3086 3086 3086 3084 3084 3084 3083 3083 3083 3087 3087 3087 3088 3088 3088 3089 3089 3089 3088 3088 3088 3090 3090 3090 3089 3089 3089 3091 3091 3091 3092 3092 3092 3093 3093 3093 3093 3093 3093 3092 3092 3092 3094 3094 3094 3095 3095 3095 3096 3096 3096 3097 3097 3097 3096 3096 3096 3098 3098 3098 3097 3097 3097 3099 3099 3099 3100 3100 3100 3101 3101 3101 3101 3101 3101 3100 3100 3100 3102 3102 3102 3103 3103 3103 3104 3104 3104 3105 3105 3105 3105 3105 3105 3104 3104 3104 3106 3106 3106 3107 3107 3107 3108 3108 3108 3109 3109 3109 3109 3109 3109 3108 3108 3108 3110 3110 3110 3111 3111 3111 3112 3112 3112 3113 3113 3113 3113 3113 3113 3112 3112 3112 3114 3114 3114 3115 3115 3115 3116 3116 3116 3117 3117 3117 3117 3117 3117 3116 3116 3116 3118 3118 3118 3119 3119 3119 3120 3120 3120 3121 3121 3121 3121 3121 3121 3120 3120 3120 3122 3122 3122 3123 3123 3123 3124 3124 3124 3125 3125 3125 3124 3124 3124 3126 3126 3126 3125 3125 3125 3127 3127 3127 3128 3128 3128 3129 3129 3129 3129 3129 3129 3128 3128 3128 3130 3130 3130 3131 3131 3131 3132 3132 3132 3133 3133 3133 3133 3133 3133 3132 3132 3132 3134 3134 3134 3135 3135 3135 3136 3136 3136 3137 3137 3137 3137 3137 3137 3136 3136 3136 3138 3138 3138 3139 3139 3139 3140 3140 3140 3141 3141 3141 3141 3141 3141 3140 3140 3140 3142 3142 3142 3143 3143 3143 3144 3144 3144 3145 3145 3145 3145 3145 3145 3144 3144 3144 3146 3146 3146 3147 3147 3147 3148 3148 3148 3149 3149 3149 3149 3149 3149 3148 3148 3148 3150 3150 3150 3151 3151 3151 3152 3152 3152 3153 3153 3153 3152 3152 3152 3154 3154 3154 3153 3153 3153 3155 3155 3155 3156 3156 3156 3157 3157 3157 3157 3157 3157 3156 3156 3156 3158 3158 3158 3159 3159 3159 3160 3160 3160 3161 3161 3161 3161 3161 3161 3160 3160 3160 3162 3162 3162 3163 3163 3163 3164 3164 3164 3165 3165 3165 3165 3165 3165 3164 3164 3164 3166 3166 3166 3167 3167 3167 3168 3168 3168 3169 3169 3169 3169 3169 3169 3168 3168 3168 3170 3170 3170 3171 3171 3171 3172 3172 3172 3173 3173 3173 3173 3173 3173 3172 3172 3172 3174 3174 3174 3175 3175 3175 3176 3176 3176 3177 3177 3177 3177 3177 3177 3176 3176 3176 3178 3178 3178 3179 3179 3179 3180 3180 3180 3181 3181 3181 3180 3180 3180 3182 3182 3182 3181 3181 3181 3183 3183 3183 3184 3184 3184 3185 3185 3185 3186 3186 3186 3183 3183 3183 3185 3185 3185 3187 3187 3187 3186 3186 3186 3188 3188 3188 3186 3186 3186 3189 3189 3189 3188 3188 3188 3190 3190 3190 3191 3191 3191 3192 3192 3192 3191 3191 3191 3193 3193 3193 3192 3192 3192 3194 3194 3194 3195 3195 3195 3196 3196 3196 3195 3195 3195 3197 3197 3197 3196 3196 3196 3198 3198 3198 3199 3199 3199 3200 3200 3200 3200 3200 3200 3199 3199 3199 3201 3201 3201 3202 3202 3202 3203 3203 3203 3204 3204 3204 3204 3204 3204 3203 3203 3203 3205 3205 3205 3206 3206 3206 3207 3207 3207 3208 3208 3208 3209 3209 3209 3207 3207 3207 1163 1163 1163 3210 3210 3210 3211 3211 3211 3206 3206 3206 3210 3210 3210 2487 2487 2487 3211 3211 3211 2487 2487 2487 3212 3212 3212 3211 3211 3211 3212 3212 3212 2485 2485 2485 3211 3211 3211 3213 3213 3213 3214 3214 3214 1163 1163 1163 3214 3214 3214 3215 3215 3215 1163 1163 1163 3215 3215 3215 3216 3216 3216 1163 1163 1163 2485 2485 2485 3217 3217 3217 3218 3218 3218 3217 3217 3217 3216 3216 3216 3218 3218 3218 1163 1163 1163 3219 3219 3219 1159 1159 1159 3220 3220 3220 3216 3216 3216 3219 3219 3219 3219 3219 3219 3216 3216 3216 3221 3221 3221 1159 1159 1159 3219 3219 3219 3222 3222 3222 3219 3219 3219 3223 3223 3223 3222 3222 3222 3222 3222 3222 3223 3223 3223 3224 3224 3224 3225 3225 3225 2485 2485 2485 2460 2460 2460 3226 3226 3226 3225 3225 3225 3227 3227 3227 3227 3227 3227 3225 3225 3225 2460 2460 2460 3228 3228 3228 3229 3229 3229 3227 3227 3227 2460 2460 2460 3230 3230 3230 3229 3229 3229 3231 3231 3231 3230 3230 3230 2460 2460 2460 2457 2457 2457 3231 3231 3231 2460 2460 2460 3232 3232 3232 3231 3231 3231 2447 2447 2447 3231 3231 3231 3233 3233 3233 2447 2447 2447 2448 2448 2448 3234 3234 3234 3231 3231 3231 3235 3235 3235 3234 3234 3234 3236 3236 3236 3237 3237 3237 3234 3234 3234 3235 3235 3235 3238 3238 3238 3237 3237 3237 3235 3235 3235 3235 3235 3235 3239 3239 3239 3240 3240 3240 3240 3240 3240 3239 3239 3239 3241 3241 3241 3242 3242 3242 3243 3243 3243 3239 3239 3239 3239 3239 3239 3243 3243 3243 3244 3244 3244 3244 3244 3244 3241 3241 3241 3239 3239 3239 3245 3245 3245 3241 3241 3241 3244 3244 3244 3244 3244 3244 3246 3246 3246 3245 3245 3245 3239 3239 3239 3247 3247 3247 3248 3248 3248 3235 3235 3235 3247 3247 3247 3239 3239 3239 3249 3249 3249 3250 3250 3250 3247 3247 3247 3247 3247 3247 3250 3250 3250 3251 3251 3251 3252 3252 3252 3253 3253 3253 3251 3251 3251 3253 3253 3253 3247 3247 3247 3251 3251 3251 3254 3254 3254 3255 3255 3255 3247 3247 3247 3256 3256 3256 3254 3254 3254 3247 3247 3247 3257 3257 3257 3256 3256 3256 3247 3247 3247 3257 3257 3257 3247 3247 3247 3235 3235 3235 3258 3258 3258 3257 3257 3257 3235 3235 3235 3259 3259 3259 3257 3257 3257 3258 3258 3258 3260 3260 3260 3261 3261 3261 3258 3258 3258 3258 3258 3258 3261 3261 3261 3262 3262 3262 3262 3262 3262 3259 3259 3259 3258 3258 3258 3263 3263 3263 3259 3259 3259 3262 3262 3262 3262 3262 3262 3264 3264 3264 3265 3265 3265 3265 3265 3265 3263 3263 3263 3262 3262 3262 3266 3266 3266 3267 3267 3267 3263 3263 3263 3263 3263 3263 3265 3265 3265 3266 3266 3266 3266 3266 3266 3265 3265 3265 3268 3268 3268 3263 3263 3263 3269 3269 3269 3270 3270 3270 3270 3270 3270 3269 3269 3269 3271 3271 3271 3271 3271 3271 3272 3272 3272 3270 3270 3270 3270 3270 3270 3272 3272 3272 3273 3273 3273 3273 3273 3273 3272 3272 3272 3274 3274 3274 3265 3265 3265 3275 3275 3275 3276 3276 3276 3277 3277 3277 3276 3276 3276 3278 3278 3278 3276 3276 3276 3279 3279 3279 3278 3278 3278 3280 3280 3280 3268 3268 3268 3265 3265 3265 3281 3281 3281 3268 3268 3268 3280 3280 3280 3282 3282 3282 3280 3280 3280 3265 3265 3265 3279 3279 3279 3283 3283 3283 3282 3282 3282 3284 3284 3284 3283 3283 3283 3285 3285 3285 3282 3282 3282 3283 3283 3283 3284 3284 3284 3284 3284 3284 3286 3286 3286 3282 3282 3282 3286 3286 3286 3280 3280 3280 3282 3282 3282 3287 3287 3287 3288 3288 3288 3280 3280 3280 3280 3280 3280 3288 3288 3288 3289 3289 3289 3289 3289 3289 3290 3290 3290 3280 3280 3280 3288 3288 3288 3286 3286 3286 3291 3291 3291 3289 3289 3289 3292 3292 3292 3293 3293 3293 3292 3292 3292 3294 3294 3294 3293 3293 3293 3294 3294 3294 3295 3295 3295 3293 3293 3293 3293 3293 3293 3295 3295 3295 3296 3296 3296 3297 3297 3297 3298 3298 3298 3296 3296 3296 3299 3299 3299 3298 3298 3298 3297 3297 3297 3286 3286 3286 3300 3300 3300 3291 3291 3291 3291 3291 3291 3300 3300 3300 3295 3295 3295 3286 3286 3286 3301 3301 3301 3302 3302 3302 3302 3302 3302 3301 3301 3301 1578 1578 1578 1578 1578 1578 3303 3303 3303 3300 3300 3300 3300 3300 3300 3303 3303 3303 3304 3304 3304 3302 3302 3302 3304 3304 3304 3305 3305 3305 3300 3300 3300 3305 3305 3305 3295 3295 3295 3304 3304 3304 1581 1581 1581 3305 3305 3305 3295 3295 3295 3305 3305 3305 3306 3306 3306 3305 3305 3305 3307 3307 3307 3308 3308 3308 3307 3307 3307 3309 3309 3309 3308 3308 3308 3305 3305 3305 3310 3310 3310 3306 3306 3306 3311 3311 3311 3309 3309 3309 3312 3312 3312 3310 3310 3310 3309 3309 3309 3311 3311 3311 3306 3306 3306 3313 3313 3313 3314 3314 3314 3306 3306 3306 3310 3310 3310 3315 3315 3315 3315 3315 3315 3313 3313 3313 3306 3306 3306 3316 3316 3316 3313 3313 3313 3315 3315 3315 3310 3310 3310 3317 3317 3317 3315 3315 3315 3315 3315 3315 3317 3317 3317 3318 3318 3318 3317 3317 3317 3319 3319 3319 3318 3318 3318 3317 3317 3317 3320 3320 3320 3319 3319 3319 3320 3320 3320 1595 1595 1595 3319 3319 3319 3318 3318 3318 3319 3319 3319 3321 3321 3321 3319 3319 3319 3322 3322 3322 3321 3321 3321 3321 3321 3321 3322 3322 3322 624 624 624 3322 3322 3322 618 618 618 624 624 624 618 618 618 3322 3322 3322 3323 3323 3323 3323 3323 3323 3322 3322 3322 3324 3324 3324 3325 3325 3325 618 618 618 3323 3323 3323 3326 3326 3326 3327 3327 3327 3325 3325 3325 3327 3327 3327 3328 3328 3328 3325 3325 3325 3324 3324 3324 3329 3329 3329 3330 3330 3330 3329 3329 3329 3331 3331 3331 3330 3330 3330 3330 3330 3330 3331 3331 3331 3332 3332 3332 624 624 624 3333 3333 3333 3334 3334 3334 3333 3333 3333 3335 3335 3335 3334 3334 3334 3334 3334 3334 3336 3336 3336 3337 3337 3337 3336 3336 3336 3338 3338 3338 3337 3337 3337 3339 3339 3339 3337 3337 3337 3340 3340 3340 3341 3341 3341 3339 3339 3339 3340 3340 3340 3342 3342 3342 3343 3343 3343 3344 3344 3344 3343 3343 3343 3345 3345 3345 3344 3344 3344 3346 3346 3346 3347 3347 3347 3348 3348 3348 3349 3349 3349 3346 3346 3346 3348 3348 3348 3350 3350 3350 3351 3351 3351 3349 3349 3349 3352 3352 3352 3350 3350 3350 3349 3349 3349 3353 3353 3353 3350 3350 3350 3352 3352 3352 3354 3354 3354 3353 3353 3353 3352 3352 3352 3355 3355 3355 3356 3356 3356 3354 3354 3354 3357 3357 3357 3356 3356 3356 3355 3355 3355 3358 3358 3358 3357 3357 3357 3355 3355 3355 3359 3359 3359 3360 3360 3360 3358 3358 3358 3361 3361 3361 3360 3360 3360 3359 3359 3359 3362 3362 3362 3361 3361 3361 3359 3359 3359 3363 3363 3363 3361 3361 3361 3362 3362 3362 3364 3364 3364 3363 3363 3363 3365 3365 3365 3366 3366 3366 3364 3364 3364 3365 3365 3365 3367 3367 3367 3364 3364 3364 3366 3366 3366 3368 3368 3368 3369 3369 3369 3370 3370 3370 3369 3369 3369 3371 3371 3371 3370 3370 3370 3372 3372 3372 3373 3373 3373 3374 3374 3374 3374 3374 3374 3373 3373 3373 3375 3375 3375 3376 3376 3376 3377 3377 3377 3378 3378 3378 3378 3378 3378 3377 3377 3377 3379 3379 3379 3380 3380 3380 3381 3381 3381 3382 3382 3382 3383 3383 3383 3380 3380 3380 3382 3382 3382 3383 3383 3383 3384 3384 3384 3385 3385 3385 3384 3384 3384 3386 3386 3386 3385 3385 3385 3387 3387 3387 3388 3388 3388 3389 3389 3389 3389 3389 3389 3388 3388 3388 3390 3390 3390 3391 3391 3391 3392 3392 3392 3393 3393 3393 3392 3392 3392 3394 3394 3394 3393 3393 3393 3395 3395 3395 3396 3396 3396 3397 3397 3397 3397 3397 3397 3396 3396 3396 3398 3398 3398 3399 3399 3399 3400 3400 3400 3401 3401 3401 3401 3401 3401 3400 3400 3400 3402 3402 3402 3403 3403 3403 3404 3404 3404 3405 3405 3405 3405 3405 3405 3404 3404 3404 3406 3406 3406 3407 3407 3407 3408 3408 3408 3409 3409 3409 3409 3409 3409 3408 3408 3408 3410 3410 3410 3411 3411 3411 3412 3412 3412 3413 3413 3413 3412 3412 3412 3414 3414 3414 3413 3413 3413 3415 3415 3415 3416 3416 3416 3417 3417 3417 3416 3416 3416 3418 3418 3418 3417 3417 3417 3419 3419 3419 3420 3420 3420 3421 3421 3421 3421 3421 3421 3420 3420 3420 3422 3422 3422 3423 3423 3423 3424 3424 3424 3425 3425 3425 3425 3425 3425 3424 3424 3424 3426 3426 3426 3427 3427 3427 3428 3428 3428 3429 3429 3429 3428 3428 3428 3430 3430 3430 3429 3429 3429 3431 3431 3431 3432 3432 3432 3433 3433 3433 3432 3432 3432 3434 3434 3434 3433 3433 3433 3435 3435 3435 3434 3434 3434 3436 3436 3436 3434 3434 3434 3437 3437 3437 3436 3436 3436 3436 3436 3436 3437 3437 3437 3438 3438 3438 3439 3439 3439 3438 3438 3438 3440 3440 3440 3441 3441 3441 3439 3439 3439 3440 3440 3440 3441 3441 3441 3442 3442 3442 3443 3443 3443 3443 3443 3443 3442 3442 3442 3444 3444 3444 3444 3444 3444 3445 3445 3445 3446 3446 3446 3446 3446 3446 3445 3445 3445 3447 3447 3447 3445 3445 3445 3448 3448 3448 3447 3447 3447 3449 3449 3449 3450 3450 3450 3451 3451 3451 3450 3450 3450 3452 3452 3452 3451 3451 3451 3453 3453 3453 3454 3454 3454 3455 3455 3455 3455 3455 3455 3454 3454 3454 3456 3456 3456 3457 3457 3457 3456 3456 3456 3458 3458 3458 3459 3459 3459 3456 3456 3456 3457 3457 3457 3460 3460 3460 3461 3461 3461 3462 3462 3462 3461 3461 3461 3463 3463 3463 3462 3462 3462 3464 3464 3464 3463 3463 3463 3465 3465 3465 3463 3463 3463 3466 3466 3466 3465 3465 3465 3463 3463 3463 3467 3467 3467 3466 3466 3466 3466 3466 3466 3468 3468 3468 3469 3469 3469 3468 3468 3468 3470 3470 3470 3469 3469 3469 3469 3469 3469 3470 3470 3470 3471 3471 3471 3472 3472 3472 3469 3469 3469 3471 3471 3471 3473 3473 3473 3472 3472 3472 3471 3471 3471 3474 3474 3474 3472 3472 3472 3473 3473 3473 3475 3475 3475 3476 3476 3476 3477 3477 3477 3477 3477 3477 3476 3476 3476 3478 3478 3478 3479 3479 3479 3480 3480 3480 3481 3481 3481 3480 3480 3480 3482 3482 3482 3481 3481 3481 3483 3483 3483 3481 3481 3481 3482 3482 3482 3484 3484 3484 3483 3483 3483 3482 3482 3482 3485 3485 3485 3484 3484 3484 3482 3482 3482 3486 3486 3486 3487 3487 3487 3488 3488 3488 3489 3489 3489 3486 3486 3486 3488 3488 3488 3490 3490 3490 3489 3489 3489 3491 3491 3491 3489 3489 3489 3492 3492 3492 3491 3491 3491 3488 3488 3488 3493 3493 3493 3494 3494 3494 3494 3494 3494 3493 3493 3493 3495 3495 3495 3493 3493 3493 3496 3496 3496 3495 3495 3495 3495 3495 3495 3497 3497 3497 3498 3498 3498 3497 3497 3497 3499 3499 3499 3500 3500 3500 3501 3501 3501 3502 3502 3502 3500 3500 3500 3500 3500 3500 3502 3502 3502 3503 3503 3503 3503 3503 3503 3502 3502 3502 3504 3504 3504 3505 3505 3505 3506 3506 3506 3507 3507 3507 3506 3506 3506 3508 3508 3508 3507 3507 3507 3507 3507 3507 3508 3508 3508 3509 3509 3509 3510 3510 3510 3509 3509 3509 3508 3508 3508 3511 3511 3511 3510 3510 3510 3508 3508 3508 3512 3512 3512 3513 3513 3513 3514 3514 3514 3513 3513 3513 3515 3515 3515 3514 3514 3514 3514 3514 3514 3515 3515 3515 3516 3516 3516 3517 3517 3517 3518 3518 3518 3519 3519 3519 3518 3518 3518 3520 3520 3520 3519 3519 3519 3519 3519 3519 3520 3520 3520 3521 3521 3521 3520 3520 3520 3522 3522 3522 3521 3521 3521 3523 3523 3523 3524 3524 3524 3525 3525 3525 3524 3524 3524 3526 3526 3526 3525 3525 3525 3525 3525 3525 3526 3526 3526 3527 3527 3527 3526 3526 3526 3528 3528 3528 3527 3527 3527 3529 3529 3529 3530 3530 3530 3531 3531 3531 3530 3530 3530 3532 3532 3532 3531 3531 3531 3532 3532 3532 3533 3533 3533 3531 3531 3531 3534 3534 3534 3535 3535 3535 3536 3536 3536 3535 3535 3535 3537 3537 3537 3536 3536 3536 3536 3536 3536 3537 3537 3537 3538 3538 3538 3539 3539 3539 3540 3540 3540 3541 3541 3541 3540 3540 3540 3542 3542 3542 3541 3541 3541 3541 3541 3541 3542 3542 3542 3543 3543 3543 3543 3543 3543 3542 3542 3542 3544 3544 3544 3542 3542 3542 3545 3545 3545 3544 3544 3544 3544 3544 3544 3545 3545 3545 3546 3546 3546 3547 3547 3547 3548 3548 3548 3546 3546 3546 3546 3546 3546 3548 3548 3548 3549 3549 3549 3548 3548 3548 3550 3550 3550 3549 3549 3549 3550 3550 3550 3551 3551 3551 3552 3552 3552 3552 3552 3552 3551 3551 3551 3553 3553 3553 3551 3551 3551 3554 3554 3554 3553 3553 3553 3553 3553 3553 3554 3554 3554 3555 3555 3555 3554 3554 3554 3556 3556 3556 3555 3555 3555 3555 3555 3555 3556 3556 3556 3557 3557 3557 3557 3557 3557 3556 3556 3556 3558 3558 3558 3556 3556 3556 3559 3559 3559 3558 3558 3558 3558 3558 3558 3560 3560 3560 3561 3561 3561 3560 3560 3560 3562 3562 3562 3561 3561 3561 3562 3562 3562 3563 3563 3563 3561 3561 3561 3561 3561 3561 3563 3563 3563 3564 3564 3564 3564 3564 3564 3565 3565 3565 3566 3566 3566 3565 3565 3565 3567 3567 3567 3566 3566 3566 3567 3567 3567 3568 3568 3568 3566 3566 3566 3567 3567 3567 3569 3569 3569 3568 3568 3568 3569 3569 3569 3570 3570 3570 3568 3568 3568 3568 3568 3568 3570 3570 3570 3571 3571 3571 3570 3570 3570 3572 3572 3572 3571 3571 3571 3573 3573 3573 3572 3572 3572 3574 3574 3574 3572 3572 3572 3575 3575 3575 3574 3574 3574 3575 3575 3575 3576 3576 3576 3574 3574 3574 3577 3577 3577 3578 3578 3578 3579 3579 3579 3578 3578 3578 3580 3580 3580 3579 3579 3579 3579 3579 3579 3580 3580 3580 3581 3581 3581 3580 3580 3580 3582 3582 3582 3581 3581 3581 3583 3583 3583 3584 3584 3584 3585 3585 3585 3585 3585 3585 3584 3584 3584 3586 3586 3586 3587 3587 3587 3585 3585 3585 3586 3586 3586 3588 3588 3588 3587 3587 3587 3586 3586 3586 3589 3589 3589 3590 3590 3590 3587 3587 3587 3590 3590 3590 853 853 853 3587 3587 3587 3591 3591 3591 3592 3592 3592 3593 3593 3593 3594 3594 3594 3591 3591 3591 3593 3593 3593 3595 3595 3595 3594 3594 3594 3593 3593 3593 3594 3594 3594 3596 3596 3596 3597 3597 3597 3596 3596 3596 3598 3598 3598 3597 3597 3597 3598 3598 3598 3599 3599 3599 3600 3600 3600 3601 3601 3601 3599 3599 3599 3598 3598 3598 3602 3602 3602 3601 3601 3601 3598 3598 3598 3603 3603 3603 3604 3604 3604 3602 3602 3602 3605 3605 3605 3603 3603 3603 3602 3602 3602 3606 3606 3606 3603 3603 3603 3607 3607 3607 3608 3608 3608 3606 3606 3606 3607 3607 3607 3608 3608 3608 3609 3609 3609 3610 3610 3610 3610 3610 3610 3609 3609 3609 3611 3611 3611 3609 3609 3609 3612 3612 3612 3611 3611 3611 3613 3613 3613 3614 3614 3614 3612 3612 3612 3615 3615 3615 3614 3614 3614 3613 3613 3613 3616 3616 3616 3615 3615 3615 3613 3613 3613 3616 3616 3616 3617 3617 3617 3615 3615 3615 3618 3618 3618 3617 3617 3617 3616 3616 3616 3619 3619 3619 3620 3620 3620 3618 3618 3618 3621 3621 3621 3619 3619 3619 3618 3618 3618 3622 3622 3622 3623 3623 3623 3624 3624 3624 3623 3623 3623 3625 3625 3625 3624 3624 3624 3624 3624 3624 3625 3625 3625 3626 3626 3626 3625 3625 3625 3627 3627 3627 3628 3628 3628 3628 3628 3628 3627 3627 3627 3629 3629 3629 3630 3630 3630 3629 3629 3629 3631 3631 3631 3632 3632 3632 3629 3629 3629 3630 3630 3630 3633 3633 3633 3634 3634 3634 3635 3635 3635 3633 3633 3633 3635 3635 3635 3636 3636 3636 3635 3635 3635 3637 3637 3637 3636 3636 3636 3636 3636 3636 3637 3637 3637 3638 3638 3638 3639 3639 3639 3640 3640 3640 3641 3641 3641 3640 3640 3640 3642 3642 3642 3641 3641 3641 3642 3642 3642 3643 3643 3643 3641 3641 3641 3644 3644 3644 3643 3643 3643 3645 3645 3645 3645 3645 3645 3643 3643 3643 3646 3646 3646 3647 3647 3647 3645 3645 3645 3648 3648 3648 3649 3649 3649 3647 3647 3647 3648 3648 3648 3650 3650 3650 3649 3649 3649 3648 3648 3648 3645 3645 3645 3651 3651 3651 3648 3648 3648 3648 3648 3648 3651 3651 3651 3652 3652 3652 3653 3653 3653 3654 3654 3654 3651 3651 3651 3654 3654 3654 3655 3655 3655 3651 3651 3651 3656 3656 3656 3657 3657 3657 3658 3658 3658 3658 3658 3658 3657 3657 3657 3659 3659 3659 3660 3660 3660 3661 3661 3661 3658 3658 3658 3662 3662 3662 3661 3661 3661 3660 3660 3660 3663 3663 3663 3662 3662 3662 3660 3660 3660 3664 3664 3664 3665 3665 3665 3666 3666 3666 3665 3665 3665 3667 3667 3667 3666 3666 3666 3666 3666 3666 3667 3667 3667 3668 3668 3668 3669 3669 3669 3670 3670 3670 3671 3671 3671 3670 3670 3670 3672 3672 3672 3671 3671 3671 3671 3671 3671 3672 3672 3672 3673 3673 3673 3674 3674 3674 3675 3675 3675 3676 3676 3676 3675 3675 3675 3677 3677 3677 3676 3676 3676 3676 3676 3676 3678 3678 3678 3679 3679 3679 3679 3679 3679 3678 3678 3678 3680 3680 3680 3678 3678 3678 3681 3681 3681 3680 3680 3680 3682 3682 3682 3683 3683 3683 3684 3684 3684 3683 3683 3683 3685 3685 3685 3684 3684 3684 3684 3684 3684 3685 3685 3685 3686 3686 3686 3687 3687 3687 3688 3688 3688 3689 3689 3689 3688 3688 3688 3690 3690 3690 3689 3689 3689 3691 3691 3691 3688 3688 3688 3692 3692 3692 3693 3693 3693 3691 3691 3691 3692 3692 3692 3694 3694 3694 3693 3693 3693 3692 3692 3692 3695 3695 3695 3696 3696 3696 3694 3694 3694 3697 3697 3697 3695 3695 3695 3694 3694 3694 3694 3694 3694 3698 3698 3698 3697 3697 3697 3699 3699 3699 3700 3700 3700 3701 3701 3701 3701 3701 3701 3700 3700 3700 3702 3702 3702 3702 3702 3702 3700 3700 3700 3703 3703 3703 3704 3704 3704 3705 3705 3705 3706 3706 3706 3707 3707 3707 3704 3704 3704 3706 3706 3706 3708 3708 3708 3704 3704 3704 3707 3707 3707 3709 3709 3709 3708 3708 3708 3710 3710 3710 3711 3711 3711 3709 3709 3709 3710 3710 3710 3712 3712 3712 3709 3709 3709 3711 3711 3711 3713 3713 3713 3714 3714 3714 3715 3715 3715 3714 3714 3714 3716 3716 3716 3715 3715 3715 3717 3717 3717 3714 3714 3714 3718 3718 3718 3719 3719 3719 3717 3717 3717 3718 3718 3718 3720 3720 3720 3717 3717 3717 3719 3719 3719 3721 3721 3721 3717 3717 3717 3720 3720 3720 3722 3722 3722 3723 3723 3723 3724 3724 3724 3725 3725 3725 3722 3722 3722 3724 3724 3724 3726 3726 3726 3722 3722 3722 3725 3725 3725 3727 3727 3727 3726 3726 3726 3725 3725 3725 3727 3727 3727 3728 3728 3728 3729 3729 3729 3729 3729 3729 3728 3728 3728 3730 3730 3730 3728 3728 3728 3731 3731 3731 3730 3730 3730 3730 3730 3730 3731 3731 3731 3732 3732 3732 3733 3733 3733 3730 3730 3730 3732 3732 3732 3734 3734 3734 3735 3735 3735 3736 3736 3736 3736 3736 3736 3735 3735 3735 3737 3737 3737 3737 3737 3737 3735 3735 3735 3738 3738 3738 3739 3739 3739 3737 3737 3737 3738 3738 3738 3740 3740 3740 3739 3739 3739 3738 3738 3738 3741 3741 3741 3740 3740 3740 3738 3738 3738 3742 3742 3742 3743 3743 3743 3744 3744 3744 3745 3745 3745 3742 3742 3742 3744 3744 3744 3746 3746 3746 3742 3742 3742 3745 3745 3745 3746 3746 3746 3745 3745 3745 3747 3747 3747 3748 3748 3748 3746 3746 3746 3747 3747 3747 3749 3749 3749 3750 3750 3750 3751 3751 3751 3751 3751 3751 3750 3750 3750 3752 3752 3752 3752 3752 3752 3750 3750 3750 3753 3753 3753 3754 3754 3754 3755 3755 3755 3756 3756 3756 3757 3757 3757 3754 3754 3754 3756 3756 3756 3758 3758 3758 3754 3754 3754 3757 3757 3757 3759 3759 3759 3757 3757 3757 3760 3760 3760 3757 3757 3757 3761 3761 3761 3760 3760 3760 3761 3761 3761 3762 3762 3762 3760 3760 3760 3761 3761 3761 3763 3763 3763 3764 3764 3764 3765 3765 3765 3761 3761 3761 3764 3764 3764 3766 3766 3766 3767 3767 3767 3768 3768 3768 3768 3768 3768 3767 3767 3767 3769 3769 3769 3767 3767 3767 3770 3770 3770 3769 3769 3769 3771 3771 3771 3772 3772 3772 3773 3773 3773 3773 3773 3773 3772 3772 3772 3774 3774 3774 3772 3772 3772 3775 3775 3775 3774 3774 3774 3776 3776 3776 3777 3777 3777 3778 3778 3778 3778 3778 3778 3777 3777 3777 3779 3779 3779 3779 3779 3779 3777 3777 3777 3780 3780 3780 3781 3781 3781 3782 3782 3782 3783 3783 3783 3783 3783 3783 3782 3782 3782 3784 3784 3784 3784 3784 3784 3782 3782 3782 3785 3785 3785 3786 3786 3786 3787 3787 3787 3788 3788 3788 1736 1736 1736 3787 3787 3787 3786 3786 3786 3789 3789 3789 3787 3787 3787 1736 1736 1736 3790 3790 3790 3789 3789 3789 1736 1736 1736 3791 3791 3791 3789 3789 3789 3790 3790 3790 3792 3792 3792 3793 3793 3793 3794 3794 3794 3794 3794 3794 3793 3793 3793 3795 3795 3795 3795 3795 3795 3793 3793 3793 3796 3796 3796 3796 3796 3796 3797 3797 3797 3798 3798 3798 3797 3797 3797 3799 3799 3799 3798 3798 3798 3798 3798 3798 3799 3799 3799 3800 3800 3800 3801 3801 3801 3798 3798 3798 3800 3800 3800 3802 3802 3802 3803 3803 3803 3804 3804 3804 3804 3804 3804 3803 3803 3803 3805 3805 3805 3803 3803 3803 3806 3806 3806 3805 3805 3805 3807 3807 3807 3808 3808 3808 3809 3809 3809 3808 3808 3808 3807 3807 3807 3810 3810 3810 3807 3807 3807 3811 3811 3811 3812 3812 3812 3813 3813 3813 3811 3811 3811 973 973 973 3811 3811 3811 3814 3814 3814 973 973 973 973 973 973 3814 3814 3814 3815 3815 3815 3816 3816 3816 3817 3817 3817 3818 3818 3818 3816 3816 3816 3818 3818 3818 3819 3819 3819 3820 3820 3820 3816 3816 3816 3819 3819 3819 3821 3821 3821 3822 3822 3822 3823 3823 3823 3823 3823 3823 3822 3822 3822 3824 3824 3824 3822 3822 3822 3825 3825 3825 3826 3826 3826 3826 3826 3826 3825 3825 3825 3827 3827 3827 3825 3825 3825 3828 3828 3828 3827 3827 3827 3829 3829 3829 3830 3830 3830 3831 3831 3831 3831 3831 3831 3830 3830 3830 3832 3832 3832 3830 3830 3830 3833 3833 3833 3832 3832 3832 3832 3832 3832 3833 3833 3833 3834 3834 3834 3833 3833 3833 3835 3835 3835 3836 3836 3836 3836 3836 3836 3835 3835 3835 3837 3837 3837 3837 3837 3837 3835 3835 3835 3838 3838 3838 3835 3835 3835 3839 3839 3839 3838 3838 3838 3840 3840 3840 3841 3841 3841 3838 3838 3838 3838 3838 3838 3841 3841 3841 3842 3842 3842 3842 3842 3842 3841 3841 3841 3843 3843 3843 3844 3844 3844 3845 3845 3845 3843 3843 3843 3843 3843 3843 3845 3845 3845 3846 3846 3846 3845 3845 3845 3847 3847 3847 3846 3846 3846 3848 3848 3848 3846 3846 3846 3847 3847 3847 3849 3849 3849 3846 3846 3846 3848 3848 3848 3850 3850 3850 3851 3851 3851 3852 3852 3852 3853 3853 3853 3850 3850 3850 3852 3852 3852 3854 3854 3854 3853 3853 3853 3852 3852 3852 3855 3855 3855 3854 3854 3854 3852 3852 3852 3854 3854 3854 3855 3855 3855 3856 3856 3856 3854 3854 3854 3856 3856 3856 3857 3857 3857 3856 3856 3856 3858 3858 3858 3857 3857 3857 3859 3859 3859 3858 3858 3858 3856 3856 3856 3857 3857 3857 3858 3858 3858 3860 3860 3860 3861 3861 3861 3862 3862 3862 3863 3863 3863 3862 3862 3862 3864 3864 3864 3863 3863 3863 3864 3864 3864 3865 3865 3865 3863 3863 3863 3863 3863 3863 3865 3865 3865 3866 3866 3866 3867 3867 3867 3868 3868 3868 3869 3869 3869 3868 3868 3868 3870 3870 3870 3869 3869 3869 3871 3871 3871 3872 3872 3872 3869 3869 3869 3873 3873 3873 3871 3871 3871 3869 3869 3869 3874 3874 3874 3875 3875 3875 3876 3876 3876 3877 3877 3877 3875 3875 3875 3874 3874 3874 3878 3878 3878 3877 3877 3877 3874 3874 3874 3879 3879 3879 3878 3878 3878 3874 3874 3874 3880 3880 3880 3881 3881 3881 3877 3877 3877 3882 3882 3882 3883 3883 3883 3879 3879 3879 3881 3881 3881 3883 3883 3883 3882 3882 3882 3884 3884 3884 3881 3881 3881 3882 3882 3882 3885 3885 3885 3886 3886 3886 493 493 493 493 493 493 3886 3886 3886 3887 3887 3887 3887 3887 3887 3886 3886 3886 3888 3888 3888 3886 3886 3886 3889 3889 3889 3888 3888 3888 3890 3890 3890 3891 3891 3891 3892 3892 3892 3891 3891 3891 3893 3893 3893 3892 3892 3892 3893 3893 3893 3894 3894 3894 3892 3892 3892 3892 3892 3892 3894 3894 3894 3895 3895 3895 3896 3896 3896 3897 3897 3897 3898 3898 3898 3898 3898 3898 3897 3897 3897 3899 3899 3899 3900 3900 3900 3901 3901 3901 3897 3897 3897 3901 3901 3901 3902 3902 3902 3897 3897 3897 3897 3897 3897 3902 3902 3902 3903 3903 3903 3904 3904 3904 3905 3905 3905 3906 3906 3906 3907 3907 3907 3908 3908 3908 3909 3909 3909 3910 3910 3910 3911 3911 3911 3912 3912 3912 3913 3913 3913 3914 3914 3914 3915 3915 3915 3916 3916 3916 3917 3917 3917 3918 3918 3918 3919 3919 3919 3920 3920 3920 3921 3921 3921 3922 3922 3922 3923 3923 3923 3924 3924 3924 3925 3925 3925 3926 3926 3926 3927 3927 3927 3928 3928 3928 3929 3929 3929 3930 3930 3930 3931 3931 3931 3932 3932 3932 3933 3933 3933 3934 3934 3934 3935 3935 3935 3936 3936 3936 3937 3937 3937 3938 3938 3938 3939 3939 3939 3940 3940 3940 3941 3941 3941 3942 3942 3942 3943 3943 3943 3944 3944 3944 3945 3945 3945 3946 3946 3946 3947 3947 3947 3948 3948 3948 3949 3949 3949 3950 3950 3950 3951 3951 3951 3952 3952 3952 3953 3953 3953 3954 3954 3954 3955 3955 3955 3956 3956 3956 3957 3957 3957 3958 3958 3958 3959 3959 3959 3960 3960 3960 3961 3961 3961 3962 3962 3962 3963 3963 3963 3964 3964 3964 3965 3965 3965 3966 3966 3966 3967 3967 3967 3968 3968 3968 3969 3969 3969 3970 3970 3970 3971 3971 3971 3972 3972 3972 3973 3973 3973 3974 3974 3974 3975 3975 3975 3976 3976 3976 3977 3977 3977 3978 3978 3978 3979 3979 3979 3980 3980 3980 3981 3981 3981 3982 3982 3982 3983 3983 3983 3984 3984 3984 3985 3985 3985 3986 3986 3986 3987 3987 3987 3988 3988 3988 3989 3989 3989 3990 3990 3990 3991 3991 3991 3992 3992 3992 3993 3993 3993 3994 3994 3994 3995 3995 3995 3996 3996 3996 3997 3997 3997 3998 3998 3998 3999 3999 3999 4000 4000 4000 4001 4001 4001 4002 4002 4002 4003 4003 4003 4004 4004 4004 4005 4005 4005 4006 4006 4006 4007 4007 4007 4008 4008 4008 4009 4009 4009 4010 4010 4010 4011 4011 4011 4012 4012 4012 4013 4013 4013 4014 4014 4014 4015 4015 4015 4016 4016 4016 4017 4017 4017 4018 4018 4018 4019 4019 4019 4020 4020 4020 4021 4021 4021 4022 4022 4022 4023 4023 4023 4024 4024 4024 4025 4025 4025 4026 4026 4026 4027 4027 4027 4028 4028 4028 4029 4029 4029 4030 4030 4030 4031 4031 4031 4032 4032 4032 4033 4033 4033 4034 4034 4034 4035 4035 4035 4036 4036 4036 4037 4037 4037 4038 4038 4038 4038 4038 4038 4039 4039 4039 4040 4040 4040 4040 4040 4040 4039 4039 4039 4041 4041 4041 4042 4042 4042 4043 4043 4043 4039 4039 4039 4044 4044 4044 4043 4043 4043 4042 4042 4042 4045 4045 4045 4044 4044 4044 4042 4042 4042 4039 4039 4039 4046 4046 4046 4042 4042 4042 4047 4047 4047 4046 4046 4046 4048 4048 4048 4042 4042 4042 4046 4046 4046 4047 4047 4047 4049 4049 4049 4042 4042 4042 4050 4050 4050 4051 4051 4051 4049 4049 4049 4052 4052 4052 4053 4053 4053 4051 4051 4051 4052 4052 4052 4054 4054 4054 4051 4051 4051 4055 4055 4055 4053 4053 4053 4050 4050 4050 4056 4056 4056 4050 4050 4050 4042 4042 4042 4056 4056 4056 4042 4042 4042 4057 4057 4057 4056 4056 4056 4058 4058 4058 4059 4059 4059 4054 4054 4054 4060 4060 4060 4059 4059 4059 4058 4058 4058 4061 4061 4061 4060 4060 4060 4058 4058 4058 4056 4056 4056 4057 4057 4057 4062 4062 4062 4057 4057 4057 4063 4063 4063 4062 4062 4062 4062 4062 4062 4063 4063 4063 4064 4064 4064 4065 4065 4065 4064 4064 4064 4066 4066 4066 4062 4062 4062 4066 4066 4066 4067 4067 4067 4067 4067 4067 4066 4066 4066 4068 4068 4068 4069 4069 4069 4062 4062 4062 4067 4067 4067 4070 4070 4070 4071 4071 4071 4067 4067 4067 4058 4058 4058 4072 4072 4072 4073 4073 4073 4074 4074 4074 4072 4072 4072 4058 4058 4058 4056 4056 4056 4074 4074 4074 4058 4058 4058 4075 4075 4075 4074 4074 4074 4056 4056 4056 4076 4076 4076 4075 4075 4075 4056 4056 4056 4077 4077 4077 4075 4075 4075 4076 4076 4076 4078 4078 4078 4077 4077 4077 4076 4076 4076 4078 4078 4078 4076 4076 4076 4069 4069 4069 4077 4077 4077 4079 4079 4079 4080 4080 4080 4081 4081 4081 4078 4078 4078 4069 4069 4069 4082 4082 4082 4080 4080 4080 4072 4072 4072 4083 4083 4083 4078 4078 4078 4081 4081 4081 4072 4072 4072 4080 4080 4080 4084 4084 4084 4080 4080 4080 4085 4085 4085 4084 4084 4084 4084 4084 4084 4085 4085 4085 4086 4086 4086 4087 4087 4087 4088 4088 4088 4084 4084 4084 4087 4087 4087 4089 4089 4089 4090 4090 4090 4087 4087 4087 4085 4085 4085 4091 4091 4091 4085 4085 4085 4092 4092 4092 4091 4091 4091 4091 4091 4091 4092 4092 4092 4093 4093 4093 4094 4094 4094 4093 4093 4093 4095 4095 4095 4096 4096 4096 4093 4093 4093 4097 4097 4097 4093 4093 4093 4092 4092 4092 4098 4098 4098 4099 4099 4099 4100 4100 4100 4098 4098 4098 4092 4092 4092 4101 4101 4101 4098 4098 4098 4098 4098 4098 4101 4101 4101 4099 4099 4099 4092 4092 4092 4102 4102 4102 4101 4101 4101 4102 4102 4102 4103 4103 4103 4101 4101 4101 4103 4103 4103 4104 4104 4104 4101 4101 4101 4105 4105 4105 4102 4102 4102 4092 4092 4092 4106 4106 4106 4107 4107 4107 4103 4103 4103 4108 4108 4108 4105 4105 4105 4092 4092 4092 4105 4105 4105 4108 4108 4108 4109 4109 4109 4110 4110 4110 4105 4105 4105 4109 4109 4109 4111 4111 4111 4105 4105 4105 4110 4110 4110 4112 4112 4112 4105 4105 4105 4111 4111 4111 4113 4113 4113 4112 4112 4112 4111 4111 4111 4103 4103 4103 4112 4112 4112 4113 4113 4113 4114 4114 4114 4103 4103 4103 4113 4113 4113 4115 4115 4115 4114 4114 4114 4116 4116 4116 4114 4114 4114 4113 4113 4113 4116 4116 4116 4116 4116 4116 4113 4113 4113 4117 4117 4117 4117 4117 4117 4118 4118 4118 4116 4116 4116 4113 4113 4113 4083 4083 4083 4117 4117 4117 4119 4119 4119 4118 4118 4118 4117 4117 4117 4117 4117 4117 4083 4083 4083 4081 4081 4081 4120 4120 4120 4121 4121 4121 4119 4119 4119 4119 4119 4119 4121 4121 4121 4122 4122 4122 4123 4123 4123 4119 4119 4119 4117 4117 4117 4081 4081 4081 4123 4123 4123 4117 4117 4117 4124 4124 4124 4123 4123 4123 4081 4081 4081 4125 4125 4125 4124 4124 4124 4081 4081 4081 4124 4124 4124 4126 4126 4126 4127 4127 4127 4127 4127 4127 4126 4126 4126 4128 4128 4128 4129 4129 4129 4099 4099 4099 4130 4130 4130 4131 4131 4131 4129 4129 4129 4130 4130 4130 4099 4099 4099 4132 4132 4132 4133 4133 4133 4132 4132 4132 4134 4134 4134 4133 4133 4133 4135 4135 4135 4136 4136 4136 4132 4132 4132 4131 4131 4131 4135 4135 4135 4132 4132 4132 4137 4137 4137 4135 4135 4135 4138 4138 4138 4138 4138 4138 4135 4135 4135 4131 4131 4131 4139 4139 4139 4138 4138 4138 4140 4140 4140 4141 4141 4141 4142 4142 4142 4140 4140 4140 4143 4143 4143 4141 4141 4141 4140 4140 4140 4144 4144 4144 4141 4141 4141 4143 4143 4143 4145 4145 4145 4146 4146 4146 4143 4143 4143 4147 4147 4147 4146 4146 4146 4145 4145 4145 4148 4148 4148 4149 4149 4149 4145 4145 4145 4131 4131 4131 4150 4150 4150 4151 4151 4151 4150 4150 4150 4152 4152 4152 4151 4151 4151 4151 4151 4151 4152 4152 4152 4153 4153 4153 4154 4154 4154 4150 4150 4150 4131 4131 4131 4152 4152 4152 4155 4155 4155 4153 4153 4153 4156 4156 4156 4154 4154 4154 4131 4131 4131 4153 4153 4153 4155 4155 4155 4157 4157 4157 4158 4158 4158 4159 4159 4159 4156 4156 4156 4159 4159 4159 4154 4154 4154 4156 4156 4156 4159 4159 4159 4160 4160 4160 4161 4161 4161 4160 4160 4160 4162 4162 4162 4154 4154 4154 4162 4162 4162 4163 4163 4163 4154 4154 4154 4154 4154 4154 4163 4163 4163 4164 4164 4164 4157 4157 4157 4155 4155 4155 4165 4165 4165 4155 4155 4155 4166 4166 4166 4165 4165 4165 4165 4165 4165 4166 4166 4166 4167 4167 4167 4166 4166 4166 4168 4168 4168 4167 4167 4167 4169 4169 4169 4170 4170 4170 4164 4164 4164 4171 4171 4171 4170 4170 4170 4169 4169 4169 4164 4164 4164 4170 4170 4170 4172 4172 4172 4170 4170 4170 4171 4171 4171 4173 4173 4173 4174 4174 4174 4175 4175 4175 4173 4173 4173 4175 4175 4175 4170 4170 4170 4173 4173 4173 4176 4176 4176 4170 4170 4170 4175 4175 4175 4170 4170 4170 4177 4177 4177 4172 4172 4172 4177 4177 4177 4170 4170 4170 4176 4176 4176 4172 4172 4172 4177 4177 4177 4155 4155 4155 4178 4178 4178 4177 4177 4177 4176 4176 4176 4177 4177 4177 4179 4179 4179 4155 4155 4155 4179 4179 4179 4180 4180 4180 4178 4178 4178 4181 4181 4181 4179 4179 4179 4178 4178 4178 4179 4179 4179 4182 4182 4182 4155 4155 4155 4182 4182 4182 4183 4183 4183 4181 4181 4181 4155 4155 4155 4182 4182 4182 4184 4184 4184 4185 4185 4185 4182 4182 4182 4181 4181 4181 4182 4182 4182 4186 4186 4186 4184 4184 4184 4186 4186 4186 4187 4187 4187 4185 4185 4185 4188 4188 4188 4186 4186 4186 4185 4185 4185 4189 4189 4189 4190 4190 4190 4184 4184 4184 4184 4184 4184 4186 4186 4186 4189 4189 4189 4188 4188 4188 4191 4191 4191 4192 4192 4192 4192 4192 4192 4191 4191 4191 4193 4193 4193 4194 4194 4194 4195 4195 4195 4193 4193 4193 4186 4186 4186 4193 4193 4193 4196 4196 4196 4197 4197 4197 4186 4186 4186 4196 4196 4196 4198 4198 4198 4199 4199 4199 4200 4200 4200 4201 4201 4201 4200 4200 4200 4202 4202 4202 4203 4203 4203 4204 4204 4204 4205 4205 4205 4206 4206 4206 4207 4207 4207 4203 4203 4203 4208 4208 4208 4209 4209 4209 4210 4210 4210 4211 4211 4211 4209 4209 4209 4212 4212 4212 4213 4213 4213 4211 4211 4211 4212 4212 4212 4214 4214 4214 4215 4215 4215 4216 4216 4216 4217 4217 4217 4216 4216 4216 4218 4218 4218 4219 4219 4219 4220 4220 4220 4221 4221 4221 4222 4222 4222 4223 4223 4223 4219 4219 4219 4224 4224 4224 4223 4223 4223 4225 4225 4225 4226 4226 4226 4223 4223 4223 4224 4224 4224 4227 4227 4227 4226 4226 4226 4224 4224 4224 4228 4228 4228 4227 4227 4227 4224 4224 4224 4229 4229 4229 4227 4227 4227 4228 4228 4228 4230 4230 4230 4227 4227 4227 4229 4229 4229 4231 4231 4231 4230 4230 4230 4229 4229 4229 4232 4232 4232 4233 4233 4233 4234 4234 4234 4235 4235 4235 4233 4233 4233 4236 4236 4236 4237 4237 4237 4235 4235 4235 4236 4236 4236 4238 4238 4238 4236 4236 4236 4239 4239 4239 4240 4240 4240 4238 4238 4238 4239 4239 4239 4241 4241 4241 4235 4235 4235 4237 4237 4237 4242 4242 4242 4241 4241 4241 4237 4237 4237 4243 4243 4243 4242 4242 4242 4244 4244 4244 4245 4245 4245 4244 4244 4244 4246 4246 4246 4247 4247 4247 4245 4245 4245 4246 4246 4246 4248 4248 4248 4241 4241 4241 4242 4242 4242 4249 4249 4249 4248 4248 4248 4242 4242 4242 4250 4250 4250 4251 4251 4251 4249 4249 4249 4251 4251 4251 4248 4248 4248 4249 4249 4249 4252 4252 4252 4235 4235 4235 4241 4241 4241 4253 4253 4253 4235 4235 4235 4252 4252 4252 4241 4241 4241 4248 4248 4248 4254 4254 4254 4254 4254 4254 4248 4248 4248 4255 4255 4255 4248 4248 4248 4256 4256 4256 4255 4255 4255 4254 4254 4254 4257 4257 4257 4258 4258 4258 4259 4259 4259 4254 4254 4254 4258 4258 4258 4241 4241 4241 4254 4254 4254 4259 4259 4259 4260 4260 4260 4259 4259 4259 4261 4261 4261 4262 4262 4262 4263 4263 4263 4256 4256 4256 4264 4264 4264 4262 4262 4262 4256 4256 4256 4265 4265 4265 4262 4262 4262 4264 4264 4264 4266 4266 4266 4262 4262 4262 4265 4265 4265 4267 4267 4267 4266 4266 4266 4265 4265 4265 4268 4268 4268 4266 4266 4266 4267 4267 4267 4259 4259 4259 4269 4269 4269 4270 4270 4270 4271 4271 4271 4259 4259 4259 4270 4270 4270 4272 4272 4272 4259 4259 4259 4271 4271 4271 4241 4241 4241 4259 4259 4259 4272 4272 4272 4252 4252 4252 4241 4241 4241 4272 4272 4272 4273 4273 4273 4252 4252 4252 4272 4272 4272 4274 4274 4274 4252 4252 4252 4273 4273 4273 4275 4275 4275 4274 4274 4274 4273 4273 4273 4274 4274 4274 4275 4275 4275 4276 4276 4276 4274 4274 4274 4253 4253 4253 4252 4252 4252 4277 4277 4277 4276 4276 4276 4278 4278 4278 4279 4279 4279 4280 4280 4280 4278 4278 4278 4280 4280 4280 4281 4281 4281 4278 4278 4278 4278 4278 4278 4281 4281 4281 4282 4282 4282 4253 4253 4253 4283 4283 4283 4284 4284 4284 4285 4285 4285 4253 4253 4253 4286 4286 4286 4253 4253 4253 4284 4284 4284 4286 4286 4286 4287 4287 4287 4286 4286 4286 4288 4288 4288 4288 4288 4288 4289 4289 4289 4290 4290 4290 4286 4286 4286 4289 4289 4289 4288 4288 4288 4291 4291 4291 4289 4289 4289 4286 4286 4286 4292 4292 4292 4293 4293 4293 4291 4291 4291 4291 4291 4291 4293 4293 4293 4294 4294 4294 4295 4295 4295 4291 4291 4291 4286 4286 4286 4286 4286 4286 4284 4284 4284 4296 4296 4296 4296 4296 4296 4295 4295 4295 4286 4286 4286 4284 4284 4284 4297 4297 4297 4296 4296 4296 4297 4297 4297 4281 4281 4281 4298 4298 4298 4296 4296 4296 4297 4297 4297 4298 4298 4298 4298 4298 4298 4281 4281 4281 4299 4299 4299 4300 4300 4300 4299 4299 4299 4301 4301 4301 4302 4302 4302 4299 4299 4299 4300 4300 4300 4303 4303 4303 4302 4302 4302 4300 4300 4300 4304 4304 4304 4302 4302 4302 4303 4303 4303 4303 4303 4303 4305 4305 4305 4306 4306 4306 4302 4302 4302 4307 4307 4307 4296 4296 4296 4308 4308 4308 4303 4303 4303 4309 4309 4309 4303 4303 4303 4310 4310 4310 4307 4307 4307 4309 4309 4309 4311 4311 4311 4312 4312 4312 4311 4311 4311 4313 4313 4313 4312 4312 4312 4310 4310 4310 4314 4314 4314 4307 4307 4307 4307 4307 4307 4314 4314 4314 4296 4296 4296 4314 4314 4314 4295 4295 4295 4296 4296 4296 4315 4315 4315 4313 4313 4313 4314 4314 4314 4314 4314 4314 4313 4313 4313 4316 4316 4316 4314 4314 4314 4317 4317 4317 4295 4295 4295 4318 4318 4318 4317 4317 4317 4314 4314 4314 4314 4314 4314 4319 4319 4319 4320 4320 4320 4314 4314 4314 4321 4321 4321 4322 4322 4322 4323 4323 4323 4321 4321 4321 4314 4314 4314 4324 4324 4324 4325 4325 4325 4326 4326 4326 4326 4326 4326 4327 4327 4327 4328 4328 4328 4327 4327 4327 4329 4329 4329 4328 4328 4328 4330 4330 4330 4331 4331 4331 4332 4332 4332 4333 4333 4333 4332 4332 4332 4334 4334 4334 4333 4333 4333 4334 4334 4334 4335 4335 4335 4335 4335 4335 4334 4334 4334 4336 4336 4336 4333 4333 4333 4335 4335 4335 4337 4337 4337 4336 4336 4336 4334 4334 4334 4338 4338 4338 4333 4333 4333 4337 4337 4337 4339 4339 4339 4340 4340 4340 4337 4337 4337 4341 4341 4341 4342 4342 4342 4333 4333 4333 4339 4339 4339 4343 4343 4343 4340 4340 4340 4344 4344 4344 4342 4342 4342 4339 4339 4339 4343 4343 4343 4338 4338 4338 4334 4334 4334 4345 4345 4345 4346 4346 4346 4338 4338 4338 4345 4345 4345 4334 4334 4334 4347 4347 4347 4348 4348 4348 4347 4347 4347 4349 4349 4349 4348 4348 4348 4349 4349 4349 4350 4350 4350 4351 4351 4351 4343 4343 4343 4352 4352 4352 4342 4342 4342 4342 4342 4342 4352 4352 4352 4353 4353 4353 4354 4354 4354 4353 4353 4353 4355 4355 4355 4352 4352 4352 4356 4356 4356 4353 4353 4353 4352 4352 4352 4357 4357 4357 4356 4356 4356 4352 4352 4352 4343 4343 4343 4358 4358 4358 4343 4343 4343 4359 4359 4359 4358 4358 4358 4358 4358 4358 4359 4359 4359 4360 4360 4360 4361 4361 4361 4362 4362 4362 4359 4359 4359 4363 4363 4363 4364 4364 4364 4365 4365 4365 4366 4366 4366 4365 4365 4365 4367 4367 4367 4368 4368 4368 4369 4369 4369 4367 4367 4367 4366 4366 4366 4370 4370 4370 4371 4371 4371 4370 4370 4370 4369 4369 4369 4372 4372 4372 4371 4371 4371 4370 4370 4370 4372 4372 4372 4372 4372 4372 4369 4369 4369 4373 4373 4373 4374 4374 4374 4373 4373 4373 4375 4375 4375 4376 4376 4376 4372 4372 4372 4373 4373 4373 4377 4377 4377 4372 4372 4372 4376 4376 4376 4378 4378 4378 4377 4377 4377 4376 4376 4376 4379 4379 4379 4366 4366 4366 4371 4371 4371 4380 4380 4380 4381 4381 4381 4379 4379 4379 4382 4382 4382 4381 4381 4381 4380 4380 4380 4379 4379 4379 4371 4371 4371 4383 4383 4383 4384 4384 4384 4379 4379 4379 4383 4383 4383 4385 4385 4385 4379 4379 4379 4384 4384 4384 4386 4386 4386 4387 4387 4387 4385 4385 4385 4388 4388 4388 4385 4385 4385 4384 4384 4384 4388 4388 4388 4384 4384 4384 4389 4389 4389 4389 4389 4389 4390 4390 4390 4391 4391 4391 4392 4392 4392 4393 4393 4393 4391 4391 4391 4393 4393 4393 4394 4394 4394 4395 4395 4395 4396 4396 4396 4394 4394 4394 4389 4389 4389 4397 4397 4397 4394 4394 4394 4396 4396 4396 4398 4398 4398 4397 4397 4397 4396 4396 4396 4399 4399 4399 4400 4400 4400 4398 4398 4398 4401 4401 4401 4398 4398 4398 4396 4396 4396 4402 4402 4402 4398 4398 4398 4401 4401 4401 4398 4398 4398 4402 4402 4402 4403 4403 4403 4404 4404 4404 4405 4405 4405 4403 4403 4403 4403 4403 4403 4402 4402 4402 4404 4404 4404 4404 4404 4404 4402 4402 4402 4406 4406 4406 4407 4407 4407 4402 4402 4402 4401 4401 4401 4408 4408 4408 4402 4402 4402 4407 4407 4407 4409 4409 4409 4408 4408 4408 4407 4407 4407 4401 4401 4401 4410 4410 4410 4407 4407 4407 4411 4411 4411 4412 4412 4412 4404 4404 4404 4409 4409 4409 4413 4413 4413 4411 4411 4411 4413 4413 4413 4412 4412 4412 4411 4411 4411 4414 4414 4414 4413 4413 4413 4409 4409 4409 4415 4415 4415 4414 4414 4414 4409 4409 4409 4415 4415 4415 4409 4409 4409 4416 4416 4416 4416 4416 4416 4410 4410 4410 4417 4417 4417 4418 4418 4418 4416 4416 4416 4417 4417 4417 4415 4415 4415 4416 4416 4416 4418 4418 4418 4417 4417 4417 4410 4410 4410 4419 4419 4419 4420 4420 4420 4415 4415 4415 4418 4418 4418 4419 4419 4419 4410 4410 4410 4421 4421 4421 4422 4422 4422 4420 4420 4420 4423 4423 4423 4410 4410 4410 4424 4424 4424 4421 4421 4421 4424 4424 4424 4410 4410 4410 4401 4401 4401 4425 4425 4425 4424 4424 4424 4401 4401 4401 4389 4389 4389 4424 4424 4424 4425 4425 4425 4426 4426 4426 4424 4424 4424 4389 4389 4389 4421 4421 4421 4424 4424 4424 4427 4427 4427 4383 4383 4383 4424 4424 4424 4426 4426 4426 4424 4424 4424 4383 4383 4383 4427 4427 4427 4428 4428 4428 4422 4422 4422 4429 4429 4429 4422 4422 4422 4418 4418 4418 4429 4429 4429 4418 4418 4418 4430 4430 4430 4429 4429 4429 4429 4429 4429 4430 4430 4430 4419 4419 4419 4427 4427 4427 4383 4383 4383 4431 4431 4431 4427 4427 4427 4431 4431 4431 4432 4432 4432 4432 4432 4432 4431 4431 4431 4433 4433 4433 4419 4419 4419 4434 4434 4434 4429 4429 4429 4435 4435 4435 4434 4434 4434 4419 4419 4419 4436 4436 4436 4434 4434 4434 4435 4435 4435 4437 4437 4437 4434 4434 4434 4436 4436 4436 4433 4433 4433 4434 4434 4434 4437 4437 4437 4438 4438 4438 4434 4434 4434 4433 4433 4433 4439 4439 4439 4438 4438 4438 4433 4433 4433 4434 4434 4434 4440 4440 4440 4429 4429 4429 4434 4434 4434 4441 4441 4441 4440 4440 4440 4429 4429 4429 4440 4440 4440 4442 4442 4442 4442 4442 4442 4440 4440 4440 4443 4443 4443 4441 4441 4441 4444 4444 4444 4440 4440 4440 4444 4444 4444 4445 4445 4445 4446 4446 4446 4440 4440 4440 4447 4447 4447 4443 4443 4443 4443 4443 4443 4447 4447 4447 4420 4420 4420 4448 4448 4448 4440 4440 4440 4444 4444 4444 4420 4420 4420 4447 4447 4447 4449 4449 4449 4447 4447 4447 4450 4450 4450 4449 4449 4449 4449 4449 4449 4415 4415 4415 4420 4420 4420 4440 4440 4440 4451 4451 4451 4447 4447 4447 4440 4440 4440 4448 4448 4448 4451 4451 4451 4447 4447 4447 4451 4451 4451 4452 4452 4452 4448 4448 4448 4453 4453 4453 4454 4454 4454 4455 4455 4455 4453 4453 4453 4448 4448 4448 4444 4444 4444 4455 4455 4455 4448 4448 4448 4444 4444 4444 4456 4456 4456 4457 4457 4457 4458 4458 4458 4456 4456 4456 4444 4444 4444 4459 4459 4459 4460 4460 4460 4458 4458 4458 4460 4460 4460 4461 4461 4461 4458 4458 4458 4461 4461 4461 4456 4456 4456 4458 4458 4458 4462 4462 4462 4463 4463 4463 4456 4456 4456 4462 4462 4462 4456 4456 4456 4439 4439 4439 4464 4464 4464 4439 4439 4439 4465 4465 4465 4465 4465 4465 4439 4439 4439 4433 4433 4433 4466 4466 4466 4467 4467 4467 4464 4464 4464 4468 4468 4468 4467 4467 4467 4466 4466 4466 4433 4433 4433 4469 4469 4469 4465 4465 4465 4431 4431 4431 4469 4469 4469 4433 4433 4433 4465 4465 4465 4469 4469 4469 4470 4470 4470 4471 4471 4471 4472 4472 4472 4470 4470 4470 4470 4470 4470 4469 4469 4469 4473 4473 4473 4471 4471 4471 4470 4470 4470 4474 4474 4474 4474 4474 4474 4470 4470 4470 4475 4475 4475 4469 4469 4469 4476 4476 4476 4473 4473 4473 4431 4431 4431 4476 4476 4476 4469 4469 4469 4473 4473 4473 4477 4477 4477 4478 4478 4478 4476 4476 4476 4477 4477 4477 4473 4473 4473 4476 4476 4476 4479 4479 4479 4477 4477 4477 4431 4431 4431 4480 4480 4480 4476 4476 4476 4431 4431 4431 4383 4383 4383 4480 4480 4480 4476 4476 4476 4480 4480 4480 4481 4481 4481 4383 4383 4383 4371 4371 4371 4480 4480 4480 4482 4482 4482 4480 4480 4480 4371 4371 4371 4483 4483 4483 4482 4482 4482 4371 4371 4371 4484 4484 4484 4483 4483 4483 4371 4371 4371 4480 4480 4480 4485 4485 4485 4481 4481 4481 4486 4486 4486 4483 4483 4483 4484 4484 4484 4487 4487 4487 4485 4485 4485 4480 4480 4480 4481 4481 4481 4485 4485 4485 4488 4488 4488 4479 4479 4479 4488 4488 4488 4489 4489 4489 4489 4489 4489 4488 4488 4488 4490 4490 4490 4488 4488 4488 4491 4491 4491 4490 4490 4490 4492 4492 4492 4485 4485 4485 4487 4487 4487 4483 4483 4483 4492 4492 4492 4487 4487 4487 4493 4493 4493 4492 4492 4492 4483 4483 4483 4494 4494 4494 4493 4493 4493 4483 4483 4483 4495 4495 4495 4496 4496 4496 4492 4492 4492 4496 4496 4496 4495 4495 4495 4494 4494 4494 4496 4496 4496 4485 4485 4485 4497 4497 4497 4498 4498 4498 4496 4496 4496 4499 4499 4499 4498 4498 4498 4500 4500 4500 4496 4496 4496 4500 4500 4500 4485 4485 4485 4496 4496 4496 4485 4485 4485 4500 4500 4500 4488 4488 4488 4494 4494 4494 4501 4501 4501 4496 4496 4496 4488 4488 4488 4500 4500 4500 4502 4502 4502 4503 4503 4503 4501 4501 4501 4494 4494 4494 4503 4503 4503 4504 4504 4504 4501 4501 4501 4502 4502 4502 4500 4500 4500 4505 4505 4505 4500 4500 4500 4506 4506 4506 4505 4505 4505 4507 4507 4507 4506 4506 4506 4500 4500 4500 4508 4508 4508 4506 4506 4506 4509 4509 4509 4510 4510 4510 4508 4508 4508 4509 4509 4509 4502 4502 4502 4508 4508 4508 4510 4510 4510 4511 4511 4511 4502 4502 4502 4510 4510 4510 4512 4512 4512 4511 4511 4511 4510 4510 4510 4512 4512 4512 4510 4510 4510 4513 4513 4513 4510 4510 4510 4514 4514 4514 4515 4515 4515 4516 4516 4516 4503 4503 4503 4517 4517 4517 4503 4503 4503 4494 4494 4494 4517 4517 4517 4517 4517 4517 4494 4494 4494 4483 4483 4483 4517 4517 4517 4483 4483 4483 4486 4486 4486 4486 4486 4486 4518 4518 4518 4519 4519 4519 4519 4519 4519 4517 4517 4517 4486 4486 4486 4520 4520 4520 4517 4517 4517 4519 4519 4519 4521 4521 4521 4522 4522 4522 4517 4517 4517 4523 4523 4523 4524 4524 4524 4521 4521 4521 4521 4521 4521 4524 4524 4524 4525 4525 4525 4525 4525 4525 4522 4522 4522 4521 4521 4521 4525 4525 4525 4526 4526 4526 4527 4527 4527 4528 4528 4528 4529 4529 4529 4522 4522 4522 4530 4530 4530 4528 4528 4528 4522 4522 4522 4530 4530 4530 4522 4522 4522 4531 4531 4531 4531 4531 4531 4522 4522 4522 4525 4525 4525 4525 4525 4525 4532 4532 4532 4531 4531 4531 4532 4532 4532 4533 4533 4533 4531 4531 4531 4531 4531 4531 4533 4533 4533 4534 4534 4534 4535 4535 4535 4531 4531 4531 4534 4534 4534 4536 4536 4536 4537 4537 4537 4531 4531 4531 4538 4538 4538 4539 4539 4539 4536 4536 4536 4533 4533 4533 4540 4540 4540 4538 4538 4538 4538 4538 4538 4541 4541 4541 4539 4539 4539 4538 4538 4538 4540 4540 4540 4541 4541 4541 4540 4540 4540 4542 4542 4542 4541 4541 4541 4543 4543 4543 4544 4544 4544 4542 4542 4542 4543 4543 4543 4545 4545 4545 4541 4541 4541 4546 4546 4546 4543 4543 4543 4542 4542 4542 4547 4547 4547 4543 4543 4543 4546 4546 4546 4548 4548 4548 4545 4545 4545 4543 4543 4543 4543 4543 4543 4549 4549 4549 4548 4548 4548 4548 4548 4548 4549 4549 4549 4550 4550 4550 4551 4551 4551 4552 4552 4552 4550 4550 4550 4550 4550 4550 4552 4552 4552 4553 4553 4553 4550 4550 4550 4549 4549 4549 4554 4554 4554 4549 4549 4549 4555 4555 4555 4554 4554 4554 4556 4556 4556 4554 4554 4554 4555 4555 4555 4550 4550 4550 4554 4554 4554 4557 4557 4557 4558 4558 4558 4550 4550 4550 4557 4557 4557 4557 4557 4557 4554 4554 4554 4559 4559 4559 4560 4560 4560 4561 4561 4561 4562 4562 4562 4563 4563 4563 4560 4560 4560 4564 4564 4564 4565 4565 4565 4566 4566 4566 4567 4567 4567 4566 4566 4566 4568 4568 4568 4569 4569 4569 4570 4570 4570 4571 4571 4571 4568 4568 4568 4568 4568 4568 4571 4571 4571 4572 4572 4572 4568 4568 4568 4572 4572 4572 4569 4569 4569 4573 4573 4573 4568 4568 4568 4574 4574 4574 4568 4568 4568 4474 4474 4474 4574 4574 4574 4575 4575 4575 4474 4474 4474 4568 4568 4568 4576 4576 4576 4474 4474 4474 4575 4575 4575 4577 4577 4577 4576 4576 4576 4575 4575 4575 4578 4578 4578 4576 4576 4576 4577 4577 4577 4579 4579 4579 4568 4568 4568 4580 4580 4580 4580 4580 4580 4581 4581 4581 4582 4582 4582 4583 4583 4583 4579 4579 4579 4580 4580 4580 4584 4584 4584 4579 4579 4579 4583 4583 4583 4585 4585 4585 4584 4584 4584 4583 4583 4583 4586 4586 4586 4584 4584 4584 4585 4585 4585 4587 4587 4587 4584 4584 4584 4586 4586 4586 4588 4588 4588 4587 4587 4587 4586 4586 4586 4578 4578 4578 4589 4589 4589 4471 4471 4471 4590 4590 4590 4589 4589 4589 4578 4578 4578 4590 4590 4590 4591 4591 4591 4592 4592 4592 4578 4578 4578 4593 4593 4593 4594 4594 4594 4595 4595 4595 4593 4593 4593 4578 4578 4578 4596 4596 4596 4595 4595 4595 4578 4578 4578 4597 4597 4597 4595 4595 4595 4596 4596 4596 4598 4598 4598 4597 4597 4597 4596 4596 4596 4599 4599 4599 4578 4578 4578 4577 4577 4577 4600 4600 4600 4601 4601 4601 4599 4599 4599 4602 4602 4602 4599 4599 4599 4577 4577 4577 4603 4603 4603 4604 4604 4604 4602 4602 4602 4604 4604 4604 4599 4599 4599 4602 4602 4602 4604 4604 4604 4605 4605 4605 4599 4599 4599 4606 4606 4606 4607 4607 4607 4599 4599 4599 4607 4607 4607 4608 4608 4608 4599 4599 4599 4605 4605 4605 4609 4609 4609 4610 4610 4610 4611 4611 4611 4609 4609 4609 4605 4605 4605 4612 4612 4612 4609 4609 4609 4611 4611 4611 4613 4613 4613 4611 4611 4611 4614 4614 4614 4611 4611 4611 4588 4588 4588 4614 4614 4614 4614 4614 4614 4588 4588 4588 4615 4615 4615 4614 4614 4614 4616 4616 4616 4617 4617 4617 4618 4618 4618 4617 4617 4617 4616 4616 4616 4619 4619 4619 4615 4615 4615 4588 4588 4588 4618 4618 4618 4620 4620 4620 4613 4613 4613 4621 4621 4621 4615 4615 4615 4619 4619 4619 4622 4622 4622 4621 4621 4621 4619 4619 4619 4451 4451 4451 4620 4620 4620 4618 4618 4618 4451 4451 4451 4623 4623 4623 4620 4620 4620 4624 4624 4624 4625 4625 4625 4623 4623 4623 4626 4626 4626 4623 4623 4623 4627 4627 4627 4623 4623 4623 4448 4448 4448 4627 4627 4627 4451 4451 4451 4448 4448 4448 4623 4623 4623 4628 4628 4628 4629 4629 4629 4618 4618 4618 4618 4618 4618 4629 4629 4629 4451 4451 4451 4630 4630 4630 4631 4631 4631 4629 4629 4629 4631 4631 4631 4632 4632 4632 4629 4629 4629 4629 4629 4629 4632 4632 4632 4633 4633 4633 4629 4629 4629 4634 4634 4634 4451 4451 4451 4634 4634 4634 4629 4629 4629 4633 4633 4633 4635 4635 4635 4451 4451 4451 4634 4634 4634 4451 4451 4451 4636 4636 4636 4452 4452 4452 4636 4636 4636 4637 4637 4637 4452 4452 4452 4452 4452 4452 4637 4637 4637 4449 4449 4449 4637 4637 4637 4638 4638 4638 4449 4449 4449 4639 4639 4639 4640 4640 4640 4638 4638 4638 4638 4638 4638 4415 4415 4415 4449 4449 4449 4641 4641 4641 4635 4635 4635 4634 4634 4634 4642 4642 4642 4635 4635 4635 4641 4641 4641 4643 4643 4643 4642 4642 4642 4641 4641 4641 4641 4641 4641 4644 4644 4644 4643 4643 4643 4643 4643 4643 4644 4644 4644 4645 4645 4645 4644 4644 4644 4646 4646 4646 4645 4645 4645 4645 4645 4645 4646 4646 4646 4415 4415 4415 4646 4646 4646 4647 4647 4647 4415 4415 4415 4648 4648 4648 4649 4649 4649 4646 4646 4646 4650 4650 4650 4641 4641 4641 4649 4649 4649 4649 4649 4649 4641 4641 4641 4651 4651 4651 4641 4641 4641 4634 4634 4634 4651 4651 4651 4651 4651 4651 4652 4652 4652 4649 4649 4649 4652 4652 4652 4653 4653 4653 4649 4649 4649 4649 4649 4649 4653 4653 4653 4654 4654 4654 4653 4653 4653 4655 4655 4655 4654 4654 4654 4654 4654 4654 4655 4655 4655 4647 4647 4647 4647 4647 4647 4655 4655 4655 4656 4656 4656 4655 4655 4655 4657 4657 4657 4656 4656 4656 4658 4658 4658 4657 4657 4657 4655 4655 4655 4657 4657 4657 4659 4659 4659 4656 4656 4656 4660 4660 4660 4658 4658 4658 4655 4655 4655 4656 4656 4656 4659 4659 4659 4412 4412 4412 4661 4661 4661 4660 4660 4660 4655 4655 4655 4659 4659 4659 4662 4662 4662 4412 4412 4412 4663 4663 4663 4662 4662 4662 4664 4664 4664 4412 4412 4412 4662 4662 4662 4665 4665 4665 4662 4662 4662 4666 4666 4666 4665 4665 4665 4665 4665 4665 4666 4666 4666 4667 4667 4667 4665 4665 4665 4668 4668 4668 4669 4669 4669 4670 4670 4670 4660 4660 4660 4661 4661 4661 4670 4670 4670 4671 4671 4671 4660 4660 4660 4672 4672 4672 4671 4671 4671 4670 4670 4670 4671 4671 4671 4673 4673 4673 4660 4660 4660 4672 4672 4672 4670 4670 4670 4651 4651 4651 4673 4673 4673 4674 4674 4674 4660 4660 4660 4660 4660 4660 4674 4674 4674 4675 4675 4675 4674 4674 4674 4676 4676 4676 4675 4675 4675 4675 4675 4675 4676 4676 4676 4677 4677 4677 4676 4676 4676 4678 4678 4678 4677 4677 4677 4677 4677 4677 4678 4678 4678 4679 4679 4679 4680 4680 4680 4672 4672 4672 4651 4651 4651 4680 4680 4680 4651 4651 4651 4634 4634 4634 4681 4681 4681 4680 4680 4680 4634 4634 4634 4633 4633 4633 4681 4681 4681 4634 4634 4634 4682 4682 4682 4681 4681 4681 4633 4633 4633 4680 4680 4680 4683 4683 4683 4672 4672 4672 4684 4684 4684 4681 4681 4681 4682 4682 4682 4685 4685 4685 4684 4684 4684 4682 4682 4682 4686 4686 4686 4684 4684 4684 4685 4685 4685 4687 4687 4687 4684 4684 4684 4686 4686 4686 4688 4688 4688 4687 4687 4687 4686 4686 4686 4681 4681 4681 4684 4684 4684 4689 4689 4689 4681 4681 4681 4689 4689 4689 4690 4690 4690 4689 4689 4689 4683 4683 4683 4680 4680 4680 4691 4691 4691 4692 4692 4692 4689 4689 4689 4692 4692 4692 4683 4683 4683 4689 4689 4689 4672 4672 4672 4683 4683 4683 4693 4693 4693 4693 4693 4693 4683 4683 4683 4694 4694 4694 4695 4695 4695 4693 4693 4693 4694 4694 4694 4696 4696 4696 4672 4672 4672 4693 4693 4693 4697 4697 4697 4672 4672 4672 4696 4696 4696 4693 4693 4693 4698 4698 4698 4699 4699 4699 4698 4698 4698 4695 4695 4695 4700 4700 4700 4701 4701 4701 4695 4695 4695 4698 4698 4698 4702 4702 4702 4698 4698 4698 4703 4703 4703 4703 4703 4703 4704 4704 4704 4705 4705 4705 4696 4696 4696 4698 4698 4698 4706 4706 4706 4707 4707 4707 4705 4705 4705 4708 4708 4708 4709 4709 4709 4707 4707 4707 4708 4708 4708 4709 4709 4709 4710 4710 4710 4707 4707 4707 4707 4707 4707 4710 4710 4710 4711 4711 4711 4710 4710 4710 4712 4712 4712 4711 4711 4711 4711 4711 4711 4712 4712 4712 4713 4713 4713 4712 4712 4712 4714 4714 4714 4713 4713 4713 4715 4715 4715 4696 4696 4696 4706 4706 4706 4715 4715 4715 4697 4697 4697 4696 4696 4696 4716 4716 4716 4715 4715 4715 4706 4706 4706 4673 4673 4673 4697 4697 4697 4715 4715 4715 4717 4717 4717 4715 4715 4715 4716 4716 4716 4715 4715 4715 4717 4717 4717 4713 4713 4713 4718 4718 4718 4673 4673 4673 4715 4715 4715 4713 4713 4713 4718 4718 4718 4715 4715 4715 4719 4719 4719 4718 4718 4718 4713 4713 4713 4678 4678 4678 4719 4719 4719 4713 4713 4713 4713 4713 4713 4714 4714 4714 4678 4678 4678 4714 4714 4714 4720 4720 4720 4678 4678 4678 4678 4678 4678 4720 4720 4720 4721 4721 4721 4678 4678 4678 4721 4721 4721 4679 4679 4679 4720 4720 4720 4722 4722 4722 4721 4721 4721 4679 4679 4679 4721 4721 4721 4723 4723 4723 4723 4723 4723 4721 4721 4721 4724 4724 4724 4721 4721 4721 4725 4725 4725 4724 4724 4724 4724 4724 4724 4725 4725 4725 4726 4726 4726 4725 4725 4725 4727 4727 4727 4726 4726 4726 4726 4726 4726 4728 4728 4728 4729 4729 4729 4730 4730 4730 4731 4731 4731 4727 4727 4727 4731 4731 4731 4725 4725 4725 4721 4721 4721 4732 4732 4732 4733 4733 4733 4731 4731 4731 4734 4734 4734 4735 4735 4735 4731 4731 4731 4736 4736 4736 4737 4737 4737 4729 4729 4729 4729 4729 4729 4737 4737 4737 4723 4723 4723 4738 4738 4738 4739 4739 4739 4737 4737 4737 4737 4737 4737 4740 4740 4740 4723 4723 4723 4723 4723 4723 4740 4740 4740 4741 4741 4741 4742 4742 4742 4731 4731 4731 4743 4743 4743 4743 4743 4743 4731 4731 4731 4721 4721 4721 4744 4744 4744 4743 4743 4743 4745 4745 4745 4721 4721 4721 4746 4746 4746 4743 4743 4743 4747 4747 4747 4746 4746 4746 4721 4721 4721 4722 4722 4722 4747 4747 4747 4721 4721 4721 4746 4746 4746 4748 4748 4748 4743 4743 4743 4743 4743 4743 4748 4748 4748 4749 4749 4749 4749 4749 4749 4748 4748 4748 4750 4750 4750 4746 4746 4746 4747 4747 4747 4751 4751 4751 4752 4752 4752 4746 4746 4746 4751 4751 4751 4751 4751 4751 4747 4747 4747 4753 4753 4753 4748 4748 4748 4754 4754 4754 4752 4752 4752 4755 4755 4755 4748 4748 4748 4752 4752 4752 4756 4756 4756 4748 4748 4748 4755 4755 4755 4753 4753 4753 4757 4757 4757 4758 4758 4758 4757 4757 4757 4759 4759 4759 4758 4758 4758 4758 4758 4758 4759 4759 4759 4760 4760 4760 4747 4747 4747 4722 4722 4722 4759 4759 4759 4761 4761 4761 4762 4762 4762 4759 4759 4759 4763 4763 4763 4761 4761 4761 4759 4759 4759 4759 4759 4759 4722 4722 4722 4763 4763 4763 4764 4764 4764 4761 4761 4761 4765 4765 4765 4766 4766 4766 4764 4764 4764 4765 4765 4765 4767 4767 4767 4764 4764 4764 4766 4766 4766 4722 4722 4722 4768 4768 4768 4763 4763 4763 4768 4768 4768 4769 4769 4769 4767 4767 4767 4768 4768 4768 4770 4770 4770 4769 4769 4769 4771 4771 4771 4770 4770 4770 4768 4768 4768 4722 4722 4722 4771 4771 4771 4768 4768 4768 4772 4772 4772 4771 4771 4771 4722 4722 4722 4773 4773 4773 4772 4772 4772 4722 4722 4722 4774 4774 4774 4772 4772 4772 4773 4773 4773 4774 4774 4774 4775 4775 4775 4776 4776 4776 4777 4777 4777 4774 4774 4774 4776 4776 4776 4778 4778 4778 4774 4774 4774 4777 4777 4777 4779 4779 4779 4778 4778 4778 4777 4777 4777 4780 4780 4780 4778 4778 4778 4779 4779 4779 4779 4779 4779 4781 4781 4781 4780 4780 4780 4782 4782 4782 4772 4772 4772 4774 4774 4774 4783 4783 4783 4782 4782 4782 4784 4784 4784 4782 4782 4782 4785 4785 4785 4772 4772 4772 4772 4772 4772 4785 4785 4785 4786 4786 4786 4785 4785 4785 4787 4787 4787 4786 4786 4786 4788 4788 4788 4764 4764 4764 4789 4789 4789 4790 4790 4790 4788 4788 4788 4791 4791 4791 4792 4792 4792 4788 4788 4788 4789 4789 4789 4793 4793 4793 4788 4788 4788 4792 4792 4792 4794 4794 4794 4793 4793 4793 4792 4792 4792 4793 4793 4793 4795 4795 4795 4796 4796 4796 4797 4797 4797 4795 4795 4795 4793 4793 4793 4797 4797 4797 4793 4793 4793 4794 4794 4794 4798 4798 4798 4797 4797 4797 4794 4794 4794 4797 4797 4797 4799 4799 4799 4800 4800 4800 4801 4801 4801 4799 4799 4799 4797 4797 4797 4802 4802 4802 4801 4801 4801 4797 4797 4797 4803 4803 4803 4804 4804 4804 4802 4802 4802 4805 4805 4805 4802 4802 4802 4797 4797 4797 4806 4806 4806 4803 4803 4803 4807 4807 4807 4808 4808 4808 4809 4809 4809 4806 4806 4806 4806 4806 4806 4807 4807 4807 4810 4810 4810 4810 4810 4810 4807 4807 4807 4811 4811 4811 4807 4807 4807 4805 4805 4805 4811 4811 4811 4805 4805 4805 4812 4812 4812 4811 4811 4811 4813 4813 4813 4812 4812 4812 4814 4814 4814 4815 4815 4815 4813 4813 4813 4814 4814 4814 4816 4816 4816 4817 4817 4817 4805 4805 4805 4816 4816 4816 4818 4818 4818 4819 4819 4819 4820 4820 4820 4821 4821 4821 4818 4818 4818 4822 4822 4822 4821 4821 4821 4820 4820 4820 4823 4823 4823 4821 4821 4821 4822 4822 4822 4816 4816 4816 4805 4805 4805 4824 4824 4824 4824 4824 4824 4805 4805 4805 4797 4797 4797 4824 4824 4824 4797 4797 4797 4798 4798 4798 4825 4825 4825 4824 4824 4824 4798 4798 4798 4826 4826 4826 4816 4816 4816 4824 4824 4824 4827 4827 4827 4824 4824 4824 4825 4825 4825 4826 4826 4826 4828 4828 4828 4823 4823 4823 4828 4828 4828 4826 4826 4826 4824 4824 4824 4828 4828 4828 4824 4824 4824 4827 4827 4827 4829 4829 4829 4828 4828 4828 4827 4827 4827 4830 4830 4830 4831 4831 4831 4828 4828 4828 4832 4832 4832 4828 4828 4828 4829 4829 4829 4832 4832 4832 4830 4830 4830 4828 4828 4828 4833 4833 4833 4830 4830 4830 4832 4832 4832 4834 4834 4834 4832 4832 4832 4829 4829 4829 4835 4835 4835 4832 4832 4832 4836 4836 4836 4837 4837 4837 4832 4832 4832 4834 4834 4834 4838 4838 4838 4837 4837 4837 4834 4834 4834 4832 4832 4832 4839 4839 4839 4836 4836 4836 4839 4839 4839 4832 4832 4832 4837 4837 4837 4840 4840 4840 4837 4837 4837 4838 4838 4838 4841 4841 4841 4839 4839 4839 4837 4837 4837 4841 4841 4841 4836 4836 4836 4842 4842 4842 4843 4843 4843 4836 4836 4836 4841 4841 4841 4844 4844 4844 4837 4837 4837 4840 4840 4840 4844 4844 4844 4841 4841 4841 4837 4837 4837 4845 4845 4845 4844 4844 4844 4840 4840 4840 4846 4846 4846 4844 4844 4844 4845 4845 4845 4847 4847 4847 4841 4841 4841 4844 4844 4844 4848 4848 4848 4844 4844 4844 4846 4846 4846 4843 4843 4843 4849 4849 4849 4850 4850 4850 4849 4849 4849 4847 4847 4847 4850 4850 4850 4851 4851 4851 4847 4847 4847 4844 4844 4844 4851 4851 4851 4850 4850 4850 4852 4852 4852 4853 4853 4853 4850 4850 4850 4851 4851 4851 4854 4854 4854 4851 4851 4851 4844 4844 4844 4855 4855 4855 4856 4856 4856 4853 4853 4853 4854 4854 4854 4856 4856 4856 4855 4855 4855 4857 4857 4857 4858 4858 4858 4854 4854 4854 4859 4859 4859 4860 4860 4860 4854 4854 4854 4861 4861 4861 4859 4859 4859 4854 4854 4854 4861 4861 4861 4854 4854 4854 4844 4844 4844 4861 4861 4861 4844 4844 4844 4848 4848 4848 4862 4862 4862 4861 4861 4861 4848 4848 4848 4863 4863 4863 4859 4859 4859 4861 4861 4861 4864 4864 4864 4861 4861 4861 4862 4862 4862 4865 4865 4865 4863 4863 4863 4866 4866 4866 4866 4866 4866 4863 4863 4863 4861 4861 4861 4867 4867 4867 4861 4861 4861 4864 4864 4864 4866 4866 4866 4861 4861 4861 4867 4867 4867 4868 4868 4868 4867 4867 4867 4864 4864 4864 4869 4869 4869 4867 4867 4867 4868 4868 4868 4866 4866 4866 4870 4870 4870 4871 4871 4871 4872 4872 4872 4870 4870 4870 4866 4866 4866 4873 4873 4873 4867 4867 4867 4869 4869 4869 4874 4874 4874 4873 4873 4873 4869 4869 4869 4875 4875 4875 4873 4873 4873 4874 4874 4874 4876 4876 4876 4875 4875 4875 4874 4874 4874 4877 4877 4877 4875 4875 4875 4876 4876 4876 4878 4878 4878 4877 4877 4877 4876 4876 4876 4879 4879 4879 4877 4877 4877 4878 4878 4878 4880 4880 4880 4879 4879 4879 4878 4878 4878 4881 4881 4881 4879 4879 4879 4880 4880 4880 4882 4882 4882 4881 4881 4881 4880 4880 4880 4883 4883 4883 4866 4866 4866 4867 4867 4867 4872 4872 4872 4866 4866 4866 4883 4883 4883 4884 4884 4884 4883 4883 4883 4867 4867 4867 4885 4885 4885 4883 4883 4883 4884 4884 4884 4886 4886 4886 4872 4872 4872 4883 4883 4883 4887 4887 4887 4883 4883 4883 4885 4885 4885 4888 4888 4888 4887 4887 4887 4885 4885 4885 4889 4889 4889 4887 4887 4887 4888 4888 4888 4890 4890 4890 4889 4889 4889 4888 4888 4888 4891 4891 4891 4889 4889 4889 4890 4890 4890 4881 4881 4881 4891 4891 4891 4890 4890 4890 4892 4892 4892 4891 4891 4891 4881 4881 4881 4893 4893 4893 4892 4892 4892 4881 4881 4881 4894 4894 4894 4886 4886 4886 4883 4883 4883 4895 4895 4895 4896 4896 4896 4886 4886 4886 4897 4897 4897 4895 4895 4895 4898 4898 4898 4899 4899 4899 4897 4897 4897 4898 4898 4898 4899 4899 4899 4886 4886 4886 4894 4894 4894 4900 4900 4900 4899 4899 4899 4894 4894 4894 4901 4901 4901 4899 4899 4899 4900 4900 4900 4902 4902 4902 4901 4901 4901 4900 4900 4900 4903 4903 4903 4901 4901 4901 4902 4902 4902 4892 4892 4892 4903 4903 4903 4902 4902 4902 4904 4904 4904 4905 4905 4905 4886 4886 4886 4886 4886 4886 4905 4905 4905 4906 4906 4906 4906 4906 4906 4905 4905 4905 4907 4907 4907 4908 4908 4908 4909 4909 4909 4903 4903 4903 4903 4903 4903 4909 4909 4909 4910 4910 4910 4911 4911 4911 4903 4903 4903 4892 4892 4892 4912 4912 4912 4910 4910 4910 4913 4913 4913 4914 4914 4914 4912 4912 4912 4913 4913 4913 4915 4915 4915 4911 4911 4911 4892 4892 4892 4915 4915 4915 4892 4892 4892 4893 4893 4893 4916 4916 4916 4915 4915 4915 4893 4893 4893 4917 4917 4917 4911 4911 4911 4915 4915 4915 4918 4918 4918 4915 4915 4915 4916 4916 4916 4917 4917 4917 4919 4919 4919 4920 4920 4920 4919 4919 4919 4921 4921 4921 4922 4922 4922 4921 4921 4921 4923 4923 4923 4922 4922 4922 4923 4923 4923 4917 4917 4917 4915 4915 4915 4924 4924 4924 4917 4917 4917 4925 4925 4925 4926 4926 4926 4924 4924 4924 4925 4925 4925 4927 4927 4927 4923 4923 4923 4915 4915 4915 4927 4927 4927 4915 4915 4915 4918 4918 4918 4927 4927 4927 4928 4928 4928 4923 4923 4923 4929 4929 4929 4927 4927 4927 4918 4918 4918 4930 4930 4930 4927 4927 4927 4929 4929 4929 4931 4931 4931 4930 4930 4930 4929 4929 4929 4932 4932 4932 4927 4927 4927 4930 4930 4930 4932 4932 4932 4933 4933 4933 4927 4927 4927 4934 4934 4934 4932 4932 4932 4930 4930 4930 4934 4934 4934 4933 4933 4933 4935 4935 4935 4931 4931 4931 4934 4934 4934 4930 4930 4930 4936 4936 4936 4933 4933 4933 4934 4934 4934 4937 4937 4937 4936 4936 4936 4934 4934 4934 4938 4938 4938 4937 4937 4937 4939 4939 4939 4940 4940 4940 4938 4938 4938 4934 4934 4934 4940 4940 4940 4934 4934 4934 4931 4931 4931 4941 4941 4941 4938 4938 4938 4940 4940 4940 4942 4942 4942 4941 4941 4941 4940 4940 4940 4943 4943 4943 4942 4942 4942 4940 4940 4940 4944 4944 4944 4940 4940 4940 4931 4931 4931 4944 4944 4944 4945 4945 4945 4942 4942 4942 4946 4946 4946 4945 4945 4945 4944 4944 4944 4947 4947 4947 4945 4945 4945 4946 4946 4946 4946 4946 4946 4944 4944 4944 4931 4931 4931 4946 4946 4946 4948 4948 4948 4949 4949 4949 4950 4950 4950 4948 4948 4948 4946 4946 4946 4951 4951 4951 4948 4948 4948 4950 4950 4950 4952 4952 4952 4951 4951 4951 4950 4950 4950 4953 4953 4953 4954 4954 4954 4952 4952 4952 4955 4955 4955 4954 4954 4954 4953 4953 4953 4956 4956 4956 4955 4955 4955 4953 4953 4953 4957 4957 4957 4955 4955 4955 4956 4956 4956 4958 4958 4958 4957 4957 4957 4959 4959 4959 4960 4960 4960 4958 4958 4958 4959 4959 4959 4961 4961 4961 4958 4958 4958 4960 4960 4960 4960 4960 4960 4962 4962 4962 4963 4963 4963 4964 4964 4964 4958 4958 4958 4965 4965 4965 4965 4965 4965 4966 4966 4966 4967 4967 4967 4965 4965 4965 4968 4968 4968 4969 4969 4969 4956 4956 4956 4950 4950 4950 4970 4970 4970 4950 4950 4950 4946 4946 4946 4970 4970 4970 4971 4971 4971 4956 4956 4956 4970 4970 4970 4972 4972 4972 4956 4956 4956 4971 4971 4971 4972 4972 4972 4973 4973 4973 4974 4974 4974 4973 4973 4973 4972 4972 4972 4971 4971 4971 4971 4971 4971 4975 4975 4975 4973 4973 4973 4976 4976 4976 4971 4971 4971 4977 4977 4977 4976 4976 4976 4975 4975 4975 4971 4971 4971 4971 4971 4971 4970 4970 4970 4978 4978 4978 4979 4979 4979 4971 4971 4971 4978 4978 4978 4978 4978 4978 4980 4980 4980 4979 4979 4979 4981 4981 4981 4980 4980 4980 4982 4982 4982 4983 4983 4983 4981 4981 4981 4984 4984 4984 4985 4985 4985 4978 4978 4978 4984 4984 4984 4978 4978 4978 4970 4970 4970 4984 4984 4984 4984 4984 4984 4970 4970 4970 4986 4986 4986 4986 4986 4986 4970 4970 4970 4987 4987 4987 4970 4970 4970 4946 4946 4946 4987 4987 4987 4987 4987 4987 4946 4946 4946 4988 4988 4988 4946 4946 4946 4931 4931 4931 4988 4988 4988 4988 4988 4988 4931 4931 4931 4989 4989 4989 4989 4989 4989 4931 4931 4931 4990 4990 4990 4990 4990 4990 4931 4931 4931 4991 4991 4991 4931 4931 4931 4992 4992 4992 4991 4991 4991 4991 4991 4991 4992 4992 4992 4993 4993 4993 4992 4992 4992 4994 4994 4994 4993 4993 4993 4993 4993 4993 4994 4994 4994 4995 4995 4995 4994 4994 4994 4996 4996 4996 4995 4995 4995 4995 4995 4995 4996 4996 4996 4997 4997 4997 4996 4996 4996 4998 4998 4998 4997 4997 4997 4997 4997 4997 4998 4998 4998 4999 4999 4999 4998 4998 4998 5000 5000 5000 4999 4999 4999 4999 4999 4999 5000 5000 5000 5001 5001 5001 5000 5000 5000 5002 5002 5002 5001 5001 5001 5001 5001 5001 5002 5002 5002 5003 5003 5003 5004 5004 5004 4975 4975 4975 5005 5005 5005 5005 5005 5005 5006 5006 5006 5004 5004 5004 5007 5007 5007 5004 5004 5004 5006 5006 5006 5008 5008 5008 5007 5007 5007 5006 5006 5006 5004 5004 5004 5009 5009 5009 5010 5010 5010 5009 5009 5009 5011 5011 5011 5010 5010 5010 5012 5012 5012 5011 5011 5011 5009 5009 5009 5013 5013 5013 5012 5012 5012 5009 5009 5009 5014 5014 5014 5011 5011 5011 5015 5015 5015 5016 5016 5016 5014 5014 5014 5017 5017 5017 5013 5013 5013 5016 5016 5016 5017 5017 5017 5016 5016 5016 5018 5018 5018 5019 5019 5019 5020 5020 5020 5021 5021 5021 5016 5016 5016 5022 5022 5022 5020 5020 5020 5016 5016 5016 5022 5022 5022 5016 5016 5016 5013 5013 5013 5013 5013 5013 5023 5023 5023 5022 5022 5022 5023 5023 5023 5024 5024 5024 5022 5022 5022 5022 5022 5022 5025 5025 5025 5026 5026 5026 5024 5024 5024 5025 5025 5025 5022 5022 5022 5027 5027 5027 5025 5025 5025 5028 5028 5028 5028 5028 5028 5029 5029 5029 5030 5030 5030 5028 5028 5028 5025 5025 5025 5031 5031 5031 5032 5032 5032 5028 5028 5028 5031 5031 5031 5028 5028 5028 5032 5032 5032 5033 5033 5033 5033 5033 5033 5032 5032 5032 5034 5034 5034 5031 5031 5031 5025 5025 5025 5035 5035 5035 5025 5025 5025 5024 5024 5024 5035 5035 5035 5036 5036 5036 5037 5037 5037 5031 5031 5031 5036 5036 5036 5038 5038 5038 5035 5035 5035 5039 5039 5039 5037 5037 5037 5036 5036 5036 5024 5024 5024 5040 5040 5040 5035 5035 5035 5035 5035 5035 5040 5040 5040 5041 5041 5041 5035 5035 5035 5041 5041 5041 5036 5036 5036 5036 5036 5036 5041 5041 5041 5042 5042 5042 5043 5043 5043 5032 5032 5032 5039 5039 5039 5043 5043 5043 5044 5044 5044 5032 5032 5032 5045 5045 5045 5039 5039 5039 5036 5036 5036 5045 5045 5045 5043 5043 5043 5039 5039 5039 5046 5046 5046 5043 5043 5043 5047 5047 5047 5047 5047 5047 5043 5043 5043 5048 5048 5048 5043 5043 5043 5049 5049 5049 5048 5048 5048 5048 5048 5048 5049 5049 5049 5050 5050 5050 5051 5051 5051 5043 5043 5043 5045 5045 5045 5050 5050 5050 5052 5052 5052 5053 5053 5053 5054 5054 5054 5052 5052 5052 5050 5050 5050 5055 5055 5055 5051 5051 5051 5045 5045 5045 5056 5056 5056 5057 5057 5057 5047 5047 5047 5055 5055 5055 5057 5057 5057 5056 5056 5056 5054 5054 5054 5055 5055 5055 5058 5058 5058 5058 5058 5058 5055 5055 5055 5045 5045 5045 5059 5059 5059 5054 5054 5054 5058 5058 5058 5060 5060 5060 5059 5059 5059 5058 5058 5058 5061 5061 5061 5054 5054 5054 5059 5059 5059 5054 5054 5054 5061 5061 5061 5062 5062 5062 5063 5063 5063 5059 5059 5059 5060 5060 5060 5064 5064 5064 5061 5061 5061 5065 5065 5065 5066 5066 5066 5064 5064 5064 5065 5065 5065 5067 5067 5067 5064 5064 5064 5066 5066 5066 5068 5068 5068 5067 5067 5067 5066 5066 5066 5069 5069 5069 5067 5067 5067 5070 5070 5070 5063 5063 5063 5071 5071 5071 5068 5068 5068 5072 5072 5072 5071 5071 5071 5073 5073 5073 5073 5073 5073 5071 5071 5071 5063 5063 5063 5074 5074 5074 5075 5075 5075 5073 5073 5073 5076 5076 5076 5074 5074 5074 5077 5077 5077 5074 5074 5074 5078 5078 5078 5077 5077 5077 5077 5077 5077 5078 5078 5078 5079 5079 5079 5078 5078 5078 5063 5063 5063 5079 5079 5079 5079 5079 5079 5063 5063 5063 5060 5060 5060 5079 5079 5079 5060 5060 5060 5080 5080 5080 5060 5060 5060 5081 5081 5081 5080 5080 5080 5080 5080 5080 5081 5081 5081 5045 5045 5045 5082 5082 5082 5079 5079 5079 5080 5080 5080 5083 5083 5083 5079 5079 5079 5082 5082 5082 5084 5084 5084 5083 5083 5083 5082 5082 5082 5084 5084 5084 5085 5085 5085 5086 5086 5086 5087 5087 5087 5084 5084 5084 5088 5088 5088 5084 5084 5084 5089 5089 5089 5088 5088 5088 5088 5088 5088 5089 5089 5089 5090 5090 5090 5089 5089 5089 5080 5080 5080 5090 5090 5090 5090 5090 5090 5080 5080 5080 5091 5091 5091 5091 5091 5091 5080 5080 5080 5092 5092 5092 5080 5080 5080 5045 5045 5045 5092 5092 5092 5092 5092 5092 5045 5045 5045 5093 5093 5093 5093 5093 5093 5045 5045 5045 5036 5036 5036 5093 5093 5093 5036 5036 5036 5094 5094 5094 5036 5036 5036 5042 5042 5042 5094 5094 5094 5095 5095 5095 5093 5093 5093 5094 5094 5094 5096 5096 5096 5093 5093 5093 5095 5095 5095 5097 5097 5097 5096 5096 5096 5095 5095 5095 5042 5042 5042 5098 5098 5098 5094 5094 5094 5094 5094 5094 5098 5098 5098 5099 5099 5099 5094 5094 5094 5100 5100 5100 5095 5095 5095 5101 5101 5101 5098 5098 5098 5042 5042 5042 5042 5042 5042 5102 5102 5102 5101 5101 5101 5102 5102 5102 5103 5103 5103 5101 5101 5101 5101 5101 5101 5103 5103 5103 5104 5104 5104 5103 5103 5103 5024 5024 5024 5104 5104 5104 5104 5104 5104 5024 5024 5024 5105 5105 5105 5024 5024 5024 5106 5106 5106 5105 5105 5105 5105 5105 5105 5106 5106 5106 5107 5107 5107 5106 5106 5106 5108 5108 5108 5107 5107 5107 5107 5107 5107 5108 5108 5108 5109 5109 5109 5108 5108 5108 5007 5007 5007 5109 5109 5109 5109 5109 5109 5007 5007 5007 5008 5008 5008 5107 5107 5107 5109 5109 5109 5110 5110 5110 5110 5110 5110 5111 5111 5111 5008 5008 5008 5112 5112 5112 5107 5107 5107 5113 5113 5113 5107 5107 5107 5110 5110 5110 5113 5113 5113 5114 5114 5114 5008 5008 5008 5115 5115 5115 5116 5116 5116 5110 5110 5110 5008 5008 5008 5116 5116 5116 5008 5008 5008 5114 5114 5114 5117 5117 5117 5116 5116 5116 5114 5114 5114 5117 5117 5117 5114 5114 5114 4975 4975 4975 5118 5118 5118 5116 5116 5116 5117 5117 5117 5117 5117 5117 5119 5119 5119 5120 5120 5120 5121 5121 5121 5118 5118 5118 5117 5117 5117 5121 5121 5121 5117 5117 5117 5120 5120 5120 5122 5122 5122 5118 5118 5118 5121 5121 5121 5120 5120 5120 5123 5123 5123 5121 5121 5121 5123 5123 5123 5124 5124 5124 5121 5121 5121 5125 5125 5125 5126 5126 5126 5122 5122 5122 5125 5125 5125 5127 5127 5127 5121 5121 5121 5127 5127 5127 5128 5128 5128 5129 5129 5129 5130 5130 5130 5127 5127 5127 5129 5129 5129 5131 5131 5131 5127 5127 5127 5130 5130 5130 5132 5132 5132 5131 5131 5131 5130 5130 5130 5110 5110 5110 5132 5132 5132 5130 5130 5130 5113 5113 5113 5110 5110 5110 5130 5130 5130 5133 5133 5133 5130 5130 5130 5129 5129 5129 5129 5129 5129 5134 5134 5134 5135 5135 5135 5135 5135 5135 5134 5134 5134 5136 5136 5136 5137 5137 5137 5130 5130 5130 5133 5133 5133 5133 5133 5133 5138 5138 5138 5137 5137 5137 5139 5139 5139 5136 5136 5136 5134 5134 5134 5137 5137 5137 5136 5136 5136 5139 5139 5139 5134 5134 5134 5140 5140 5140 5139 5139 5139 5140 5140 5140 5141 5141 5141 5142 5142 5142 5140 5140 5140 5143 5143 5143 5139 5139 5139 5143 5143 5143 5141 5141 5141 5144 5144 5144 5139 5139 5139 5143 5143 5143 5144 5144 5144 5141 5141 5141 5145 5145 5145 5144 5144 5144 5146 5146 5146 5137 5137 5137 5139 5139 5139 5147 5147 5147 5144 5144 5144 5146 5146 5146 5148 5148 5148 5130 5130 5130 5137 5137 5137 5113 5113 5113 5130 5130 5130 5148 5148 5148 5149 5149 5149 5113 5113 5113 5148 5148 5148 5105 5105 5105 5113 5113 5113 5149 5149 5149 5150 5150 5150 5105 5105 5105 5149 5149 5149 5151 5151 5151 5148 5148 5148 5137 5137 5137 5151 5151 5151 5137 5137 5137 5146 5146 5146 5152 5152 5152 5148 5148 5148 5151 5151 5151 5150 5150 5150 5152 5152 5152 5151 5151 5151 5101 5101 5101 5150 5150 5150 5151 5151 5151 5146 5146 5146 5153 5153 5153 5151 5151 5151 5144 5144 5144 5153 5153 5153 5146 5146 5146 5151 5151 5151 5154 5154 5154 5101 5101 5101 5153 5153 5153 5154 5154 5154 5151 5151 5151 5154 5154 5154 5155 5155 5155 5101 5101 5101 5101 5101 5101 5155 5155 5155 5098 5098 5098 5155 5155 5155 5156 5156 5156 5098 5098 5098 5153 5153 5153 5157 5157 5157 5154 5154 5154 5144 5144 5144 5158 5158 5158 5153 5153 5153 5158 5158 5158 5157 5157 5157 5153 5153 5153 5144 5144 5144 5145 5145 5145 5158 5158 5158 5157 5157 5157 5159 5159 5159 5154 5154 5154 5145 5145 5145 5160 5160 5160 5158 5158 5158 5154 5154 5154 5159 5159 5159 5161 5161 5161 5160 5160 5160 5162 5162 5162 5158 5158 5158 5161 5161 5161 5159 5159 5159 5156 5156 5156 5158 5158 5158 5162 5162 5162 5163 5163 5163 5158 5158 5158 5163 5163 5163 5164 5164 5164 5164 5164 5164 5163 5163 5163 5159 5159 5159 5162 5162 5162 5165 5165 5165 5163 5163 5163 5165 5165 5165 5166 5166 5166 5163 5163 5163 5166 5166 5166 5167 5167 5167 5163 5163 5163 5163 5163 5163 5168 5168 5168 5159 5159 5159 5168 5168 5168 5169 5169 5169 5159 5159 5159 5163 5163 5163 5167 5167 5167 5170 5170 5170 5159 5159 5159 5169 5169 5169 5171 5171 5171 5169 5169 5169 5172 5172 5172 5171 5171 5171 5171 5171 5171 5172 5172 5172 5173 5173 5173 5173 5173 5173 5174 5174 5174 5171 5171 5171 5159 5159 5159 5175 5175 5175 5156 5156 5156 5156 5156 5156 5175 5175 5175 5176 5176 5176 5175 5175 5175 5177 5177 5177 5176 5176 5176 5176 5176 5176 5177 5177 5177 5178 5178 5178 5178 5178 5178 5179 5179 5179 5176 5176 5176 5176 5176 5176 5179 5179 5179 5180 5180 5180 5156 5156 5156 5176 5176 5176 5181 5181 5181 5098 5098 5098 5156 5156 5156 5181 5181 5181 5100 5100 5100 5098 5098 5098 5181 5181 5181 5176 5176 5176 5180 5180 5180 5182 5182 5182 5181 5181 5181 5176 5176 5176 5182 5182 5182 5182 5182 5182 5180 5180 5180 5183 5183 5183 5184 5184 5184 5100 5100 5100 5181 5181 5181 5181 5181 5181 5182 5182 5182 5184 5184 5184 5095 5095 5095 5100 5100 5100 5184 5184 5184 5184 5184 5184 5182 5182 5182 5185 5185 5185 5186 5186 5186 5095 5095 5095 5184 5184 5184 5182 5182 5182 5187 5187 5187 5185 5185 5185 5188 5188 5188 5187 5187 5187 5182 5182 5182 5188 5188 5188 5189 5189 5189 5187 5187 5187 5185 5185 5185 5187 5187 5187 5190 5190 5190 5190 5190 5190 5095 5095 5095 5186 5186 5186 5190 5190 5190 5187 5187 5187 5191 5191 5191 5192 5192 5192 5193 5193 5193 5191 5191 5191 5191 5191 5191 5193 5193 5193 5190 5190 5190 5193 5193 5193 5194 5194 5194 5190 5190 5190 5194 5194 5194 5095 5095 5095 5190 5190 5190 5195 5195 5195 5194 5194 5194 5193 5193 5193 5195 5195 5195 5196 5196 5196 5194 5194 5194 5196 5196 5196 5197 5197 5197 5194 5194 5194 5095 5095 5095 5194 5194 5194 5198 5198 5198 5198 5198 5198 5097 5097 5097 5095 5095 5095 5199 5199 5199 5097 5097 5097 5198 5198 5198 5194 5194 5194 5200 5200 5200 5198 5198 5198 5196 5196 5196 5201 5201 5201 5200 5200 5200 5200 5200 5200 5201 5201 5201 5202 5202 5202 5198 5198 5198 5200 5200 5200 5203 5203 5203 5200 5200 5200 5204 5204 5204 5203 5203 5203 5205 5205 5205 5199 5199 5199 5198 5198 5198 5198 5198 5198 5206 5206 5206 5205 5205 5205 5088 5088 5088 5199 5199 5199 5205 5205 5205 5205 5205 5205 5203 5203 5203 5207 5207 5207 5208 5208 5208 5088 5088 5088 5205 5205 5205 5207 5207 5207 5209 5209 5209 5205 5205 5205 5209 5209 5209 5208 5208 5208 5205 5205 5205 5210 5210 5210 5211 5211 5211 5209 5209 5209 5212 5212 5212 5211 5211 5211 5210 5210 5210 5213 5213 5213 5212 5212 5212 5210 5210 5210 5214 5214 5214 5210 5210 5210 5209 5209 5209 5215 5215 5215 5213 5213 5213 5210 5210 5210 5216 5216 5216 5210 5210 5210 5214 5214 5214 5217 5217 5217 5216 5216 5216 5214 5214 5214 5218 5218 5218 5219 5219 5219 5216 5216 5216 5220 5220 5220 5221 5221 5221 5217 5217 5217 5217 5217 5217 5221 5221 5221 5222 5222 5222 5217 5217 5217 5222 5222 5222 5223 5223 5223 5224 5224 5224 5217 5217 5217 5223 5223 5223 5219 5219 5219 5225 5225 5225 5216 5216 5216 5226 5226 5226 5227 5227 5227 5224 5224 5224 5224 5224 5224 5227 5227 5227 5228 5228 5228 5216 5216 5216 5225 5225 5225 5229 5229 5229 5229 5229 5229 5225 5225 5225 5215 5215 5215 5225 5225 5225 4572 4572 4572 5215 5215 5215 5230 5230 5230 5216 5216 5216 5217 5217 5217 5230 5230 5230 5217 5217 5217 5224 5224 5224 5231 5231 5231 5216 5216 5216 5230 5230 5230 5232 5232 5232 5231 5231 5231 5230 5230 5230 5233 5233 5233 5230 5230 5230 5224 5224 5224 5233 5233 5233 5224 5224 5224 5228 5228 5228 5234 5234 5234 5230 5230 5230 5233 5233 5233 5235 5235 5235 5234 5234 5234 5233 5233 5233 5236 5236 5236 5233 5233 5233 5228 5228 5228 5237 5237 5237 5233 5233 5233 5236 5236 5236 5238 5238 5238 5237 5237 5237 5236 5236 5236 5239 5239 5239 5240 5240 5240 5236 5236 5236 5236 5236 5236 5240 5240 5240 5241 5241 5241 5241 5241 5241 5242 5242 5242 5236 5236 5236 5240 5240 5240 5243 5243 5243 5241 5241 5241 5244 5244 5244 5242 5242 5242 5241 5241 5241 5241 5241 5241 5243 5243 5243 5245 5245 5245 5243 5243 5243 5246 5246 5246 5245 5245 5245 5247 5247 5247 5244 5244 5244 5241 5241 5241 5246 5246 5246 5248 5248 5248 5247 5247 5247 5249 5249 5249 5244 5244 5244 5247 5247 5247 5247 5247 5247 5248 5248 5248 5250 5250 5250 5250 5250 5250 5248 5248 5248 5251 5251 5251 5252 5252 5252 5249 5249 5249 5247 5247 5247 5251 5251 5251 5253 5253 5253 5252 5252 5252 5254 5254 5254 5249 5249 5249 5252 5252 5252 5252 5252 5252 5253 5253 5253 5255 5255 5255 5255 5255 5255 5254 5254 5254 5252 5252 5252 5256 5256 5256 5254 5254 5254 5255 5255 5255 5257 5257 5257 5256 5256 5256 5255 5255 5255 5258 5258 5258 5255 5255 5255 5259 5259 5259 5260 5260 5260 5256 5256 5256 5258 5258 5258 5261 5261 5261 5256 5256 5256 5260 5260 5260 5261 5261 5261 5262 5262 5262 5263 5263 5263 5264 5264 5264 5265 5265 5265 5266 5266 5266 5266 5266 5266 5267 5267 5267 5268 5268 5268 5267 5267 5267 5269 5269 5269 5270 5270 5270 5267 5267 5267 5271 5271 5271 5268 5268 5268 5268 5268 5268 5271 5271 5271 5272 5272 5272 5271 5271 5271 5273 5273 5273 5272 5272 5272 5272 5272 5272 5273 5273 5273 5274 5274 5274 5273 5273 5273 5275 5275 5275 5274 5274 5274 5274 5274 5274 5275 5275 5275 5276 5276 5276 5275 5275 5275 5277 5277 5277 5276 5276 5276 5276 5276 5276 5277 5277 5277 5278 5278 5278 5279 5279 5279 5278 5278 5278 5280 5280 5280 5281 5281 5281 5277 5277 5277 5282 5282 5282 5283 5283 5283 5281 5281 5281 5284 5284 5284 5285 5285 5285 5286 5286 5286 5283 5283 5283 5287 5287 5287 5285 5285 5285 5283 5283 5283 5287 5287 5287 5288 5288 5288 5289 5289 5289 5290 5290 5290 5285 5285 5285 5287 5287 5287 5291 5291 5291 5290 5290 5290 5287 5287 5287 5292 5292 5292 5290 5290 5290 5291 5291 5291 5293 5293 5293 5287 5287 5287 5289 5289 5289 5294 5294 5294 5292 5292 5292 5291 5291 5291 5295 5295 5295 5287 5287 5287 5293 5293 5293 5293 5293 5293 5289 5289 5289 5296 5296 5296 5296 5296 5296 5297 5297 5297 5298 5298 5298 5299 5299 5299 5293 5293 5293 5296 5296 5296 5300 5300 5300 5295 5295 5295 5293 5293 5293 5301 5301 5301 5295 5295 5295 5300 5300 5300 5302 5302 5302 5301 5301 5301 5300 5300 5300 5303 5303 5303 5301 5301 5301 5302 5302 5302 5304 5304 5304 5303 5303 5303 5302 5302 5302 5303 5303 5303 5305 5305 5305 5294 5294 5294 5306 5306 5306 5307 5307 5307 5302 5302 5302 5307 5307 5307 5308 5308 5308 5309 5309 5309 5308 5308 5308 5310 5310 5310 5309 5309 5309 5309 5309 5309 5310 5310 5310 5311 5311 5311 5310 5310 5310 5306 5306 5306 5312 5312 5312 5306 5306 5306 5313 5313 5313 5312 5312 5312 5312 5312 5312 5313 5313 5313 5314 5314 5314 5313 5313 5313 5315 5315 5315 5314 5314 5314 5315 5315 5315 5293 5293 5293 5314 5314 5314 5314 5314 5314 5293 5293 5293 5299 5299 5299 5316 5316 5316 5317 5317 5317 5299 5299 5299 5316 5316 5316 5299 5299 5299 5318 5318 5318 5299 5299 5299 5319 5319 5319 5320 5320 5320 5320 5320 5320 5321 5321 5321 5322 5322 5322 5323 5323 5323 5299 5299 5299 5320 5320 5320 5324 5324 5324 5299 5299 5299 5323 5323 5323 5325 5325 5325 5324 5324 5324 5323 5323 5323 5326 5326 5326 5324 5324 5324 5325 5325 5325 5327 5327 5327 5324 5324 5324 5326 5326 5326 5310 5310 5310 5327 5327 5327 5326 5326 5326 5328 5328 5328 5310 5310 5310 5326 5326 5326 5326 5326 5326 5329 5329 5329 5330 5330 5330 5329 5329 5329 5331 5331 5331 5330 5330 5330 5332 5332 5332 5329 5329 5329 5326 5326 5326 5333 5333 5333 5332 5332 5332 5326 5326 5326 5334 5334 5334 5332 5332 5332 5333 5333 5333 5335 5335 5335 5332 5332 5332 5334 5334 5334 5336 5336 5336 5335 5335 5335 5334 5334 5334 5335 5335 5335 5337 5337 5337 5332 5332 5332 5332 5332 5332 5338 5338 5338 5339 5339 5339 5340 5340 5340 5332 5332 5332 5339 5339 5339 5341 5341 5341 5332 5332 5332 5340 5340 5340 5342 5342 5342 5332 5332 5332 5341 5341 5341 5343 5343 5343 5342 5342 5342 5341 5341 5341 5331 5331 5331 5342 5342 5342 5343 5343 5343 5344 5344 5344 5331 5331 5331 5343 5343 5343 5339 5339 5339 5345 5345 5345 5346 5346 5346 5331 5331 5331 5344 5344 5344 5347 5347 5347 5331 5331 5331 5347 5347 5347 5348 5348 5348 5348 5348 5348 5349 5349 5349 5350 5350 5350 5347 5347 5347 5349 5349 5349 5348 5348 5348 5351 5351 5351 5346 5346 5346 5345 5345 5345 5352 5352 5352 5346 5346 5346 5351 5351 5351 5351 5351 5351 5353 5353 5353 5354 5354 5354 5355 5355 5355 5351 5351 5351 5354 5354 5354 5356 5356 5356 5351 5351 5351 5355 5355 5355 5357 5357 5357 5351 5351 5351 5356 5356 5356 5357 5357 5357 5352 5352 5352 5351 5351 5351 5358 5358 5358 5352 5352 5352 5357 5357 5357 5344 5344 5344 5358 5358 5358 5357 5357 5357 5345 5345 5345 5359 5359 5359 5351 5351 5351 5360 5360 5360 5344 5344 5344 5357 5357 5357 5344 5344 5344 5360 5360 5360 5347 5347 5347 5361 5361 5361 5359 5359 5359 5345 5345 5345 5347 5347 5347 5360 5360 5360 5362 5362 5362 5363 5363 5363 5360 5360 5360 5357 5357 5357 5364 5364 5364 5347 5347 5347 5362 5362 5362 5365 5365 5365 5359 5359 5359 5361 5361 5361 5365 5365 5365 5366 5366 5366 5359 5359 5359 5367 5367 5367 5365 5365 5365 5361 5361 5361 5365 5365 5365 5368 5368 5368 5366 5366 5366 5369 5369 5369 5365 5365 5365 5367 5367 5367 5354 5354 5354 5368 5368 5368 5370 5370 5370 5371 5371 5371 5365 5365 5365 5369 5369 5369 5372 5372 5372 5371 5371 5371 5369 5369 5369 5373 5373 5373 5368 5368 5368 5365 5365 5365 5373 5373 5373 5374 5374 5374 5368 5368 5368 5375 5375 5375 5371 5371 5371 5372 5372 5372 5376 5376 5376 5373 5373 5373 5365 5365 5365 5375 5375 5375 5377 5377 5377 5378 5378 5378 5379 5379 5379 5375 5375 5375 5372 5372 5372 5372 5372 5372 5380 5380 5380 5379 5379 5379 5381 5381 5381 5376 5376 5376 5365 5365 5365 5378 5378 5378 5382 5382 5382 5383 5383 5383 5382 5382 5382 5384 5384 5384 5385 5385 5385 5382 5382 5382 5386 5386 5386 5383 5383 5383 5383 5383 5383 5386 5386 5386 5381 5381 5381 5386 5386 5386 5376 5376 5376 5381 5381 5381 5387 5387 5387 5388 5388 5388 5374 5374 5374 5376 5376 5376 5388 5388 5388 5387 5387 5387 5376 5376 5376 5389 5389 5389 5388 5388 5388 5390 5390 5390 5389 5389 5389 5376 5376 5376 5391 5391 5391 5388 5388 5388 5392 5392 5392 5370 5370 5370 5393 5393 5393 5391 5391 5391 5394 5394 5394 5370 5370 5370 5391 5391 5391 5395 5395 5395 5370 5370 5370 5394 5394 5394 5396 5396 5396 5395 5395 5395 5394 5394 5394 5357 5357 5357 5395 5395 5395 5396 5396 5396 5397 5397 5397 5357 5357 5357 5396 5396 5396 5398 5398 5398 5357 5357 5357 5397 5397 5397 5398 5398 5398 5363 5363 5363 5357 5357 5357 5363 5363 5363 5398 5398 5398 5364 5364 5364 5399 5399 5399 5398 5398 5398 5400 5400 5400 5364 5364 5364 5398 5398 5398 5401 5401 5401 5402 5402 5402 5400 5400 5400 5403 5403 5403 5401 5401 5401 5347 5347 5347 5364 5364 5364 5400 5400 5400 5404 5404 5404 5403 5403 5403 5405 5405 5405 5347 5347 5347 5401 5401 5401 5406 5406 5406 5407 5407 5407 5364 5364 5364 5408 5408 5408 5407 5407 5407 5406 5406 5406 5409 5409 5409 5398 5398 5398 5410 5410 5410 5411 5411 5411 5409 5409 5409 5410 5410 5410 5412 5412 5412 5413 5413 5413 5410 5410 5410 5403 5403 5403 5412 5412 5412 5410 5410 5410 5414 5414 5414 5412 5412 5412 5403 5403 5403 5415 5415 5415 5411 5411 5411 5410 5410 5410 5416 5416 5416 5414 5414 5414 5403 5403 5403 5415 5415 5415 5417 5417 5417 5411 5411 5411 5417 5417 5417 5418 5418 5418 5411 5411 5411 5419 5419 5419 5415 5415 5415 5420 5420 5420 5411 5411 5411 5418 5418 5418 5421 5421 5421 5418 5418 5418 5419 5419 5419 5422 5422 5422 5423 5423 5423 5418 5418 5418 5422 5422 5422 5419 5419 5419 5424 5424 5424 5422 5422 5422 5422 5422 5422 5424 5424 5424 5425 5425 5425 5424 5424 5424 5426 5426 5426 5425 5425 5425 5425 5425 5425 5426 5426 5426 5427 5427 5427 5426 5426 5426 5416 5416 5416 5427 5427 5427 5427 5427 5427 5428 5428 5428 5429 5429 5429 5430 5430 5430 5427 5427 5427 5429 5429 5429 5427 5427 5427 5416 5416 5416 5431 5431 5431 5431 5431 5431 5432 5432 5432 5427 5427 5427 5416 5416 5416 5433 5433 5433 5431 5431 5431 5434 5434 5434 5427 5427 5427 5430 5430 5430 5432 5432 5432 5435 5435 5435 5436 5436 5436 5436 5436 5436 5437 5437 5437 5432 5432 5432 5430 5430 5430 5438 5438 5438 5439 5439 5439 5440 5440 5440 5437 5437 5437 5436 5436 5436 5441 5441 5441 5430 5430 5430 5439 5439 5439 5441 5441 5441 5439 5439 5439 5442 5442 5442 5443 5443 5443 5441 5441 5441 5442 5442 5442 5444 5444 5444 5443 5443 5443 5445 5445 5445 5446 5446 5446 5441 5441 5441 5443 5443 5443 5447 5447 5447 5441 5441 5441 5446 5446 5446 5448 5448 5448 5447 5447 5447 5446 5446 5446 5449 5449 5449 5448 5448 5448 5446 5446 5446 5450 5450 5450 5448 5448 5448 5449 5449 5449 5451 5451 5451 5450 5450 5450 5449 5449 5449 5452 5452 5452 5430 5430 5430 5441 5441 5441 5452 5452 5452 5434 5434 5434 5430 5430 5430 5453 5453 5453 5452 5452 5452 5441 5441 5441 5454 5454 5454 5434 5434 5434 5452 5452 5452 5423 5423 5423 5454 5454 5454 5452 5452 5452 5455 5455 5455 5423 5423 5423 5452 5452 5452 5456 5456 5456 5452 5452 5452 5453 5453 5453 5450 5450 5450 5457 5457 5457 5456 5456 5456 5457 5457 5457 5452 5452 5452 5456 5456 5456 5457 5457 5457 5458 5458 5458 5452 5452 5452 5421 5421 5421 5458 5458 5458 5457 5457 5457 5459 5459 5459 5458 5458 5458 5421 5421 5421 5460 5460 5460 5459 5459 5459 5421 5421 5421 5457 5457 5457 5461 5461 5461 5421 5421 5421 5421 5421 5421 5461 5461 5461 5405 5405 5405 5461 5461 5461 5347 5347 5347 5405 5405 5405 5462 5462 5462 5461 5461 5461 5457 5457 5457 5463 5463 5463 5462 5462 5462 5457 5457 5457 5463 5463 5463 5464 5464 5464 5462 5462 5462 5465 5465 5465 5466 5466 5466 5462 5462 5462 5464 5464 5464 5467 5467 5467 5462 5462 5462 5468 5468 5468 5469 5469 5469 5462 5462 5462 5469 5469 5469 5461 5461 5461 5462 5462 5462 5462 5462 5462 5467 5467 5467 5470 5470 5470 5467 5467 5467 5471 5471 5471 5470 5470 5470 5472 5472 5472 5471 5471 5471 5473 5473 5473 5472 5472 5472 5474 5474 5474 5475 5475 5475 5476 5476 5476 5474 5474 5474 5472 5472 5472 5477 5477 5477 5476 5476 5476 5472 5472 5472 5467 5467 5467 5477 5477 5477 5472 5472 5472 5478 5478 5478 5477 5477 5477 5467 5467 5467 5479 5479 5479 5478 5478 5478 5467 5467 5467 5480 5480 5480 5477 5477 5477 5481 5481 5481 5482 5482 5482 5474 5474 5474 5483 5483 5483 5484 5484 5484 5480 5480 5480 5483 5483 5483 5482 5482 5482 5483 5483 5483 5485 5485 5485 5480 5480 5480 5486 5486 5486 5483 5483 5483 5486 5486 5486 5477 5477 5477 5487 5487 5487 5483 5483 5483 5488 5488 5488 5485 5485 5485 5488 5488 5488 5489 5489 5489 5485 5485 5485 5485 5485 5485 5489 5489 5489 5490 5490 5490 5489 5489 5489 5491 5491 5491 5490 5490 5490 5492 5492 5492 5490 5490 5490 5491 5491 5491 5493 5493 5493 5494 5494 5494 5483 5483 5483 5483 5483 5483 5486 5486 5486 5495 5495 5495 5496 5496 5496 5497 5497 5497 5493 5493 5493 5493 5493 5493 5497 5497 5497 5498 5498 5498 5499 5499 5499 5498 5498 5498 5497 5497 5497 5500 5500 5500 5499 5499 5499 5497 5497 5497 5500 5500 5500 5501 5501 5501 5499 5499 5499 5502 5502 5502 5501 5501 5501 5500 5500 5500 5503 5503 5503 5504 5504 5504 5502 5502 5502 5495 5495 5495 5505 5505 5505 5500 5500 5500 5486 5486 5486 5505 5505 5505 5495 5495 5495 5505 5505 5505 5506 5506 5506 5500 5500 5500 5500 5500 5500 5506 5506 5506 5507 5507 5507 5508 5508 5508 5486 5486 5486 5487 5487 5487 5509 5509 5509 5486 5486 5486 5508 5508 5508 5510 5510 5510 5509 5509 5509 5508 5508 5508 5506 5506 5506 5509 5509 5509 5510 5510 5510 5511 5511 5511 5487 5487 5487 5479 5479 5479 5512 5512 5512 5511 5511 5511 5479 5479 5479 5513 5513 5513 5511 5511 5511 5512 5512 5512 5514 5514 5514 5513 5513 5513 5512 5512 5512 5515 5515 5515 5513 5513 5513 5514 5514 5514 5515 5515 5515 5506 5506 5506 5510 5510 5510 5516 5516 5516 5515 5515 5515 5514 5514 5514 5517 5517 5517 5518 5518 5518 5516 5516 5516 5518 5518 5518 5515 5515 5515 5516 5516 5516 5518 5518 5518 5519 5519 5519 5515 5515 5515 5520 5520 5520 5506 5506 5506 5515 5515 5515 5521 5521 5521 5520 5520 5520 5515 5515 5515 5520 5520 5520 5522 5522 5522 5523 5523 5523 5506 5506 5506 5522 5522 5522 5507 5507 5507 5524 5524 5524 5507 5507 5507 5525 5525 5525 5526 5526 5526 5524 5524 5524 5525 5525 5525 5502 5502 5502 5524 5524 5524 5526 5526 5526 5527 5527 5527 5502 5502 5502 5526 5526 5526 5527 5527 5527 5528 5528 5528 5529 5529 5529 5528 5528 5528 5530 5530 5530 5529 5529 5529 5522 5522 5522 5531 5531 5531 5532 5532 5532 5531 5531 5531 5533 5533 5533 5532 5532 5532 5533 5533 5533 5534 5534 5534 5532 5532 5532 5533 5533 5533 5535 5535 5535 5536 5536 5536 5535 5535 5535 5537 5537 5537 5536 5536 5536 5536 5536 5536 5537 5537 5537 5538 5538 5538 5532 5532 5532 5534 5534 5534 5539 5539 5539 5534 5534 5534 5540 5540 5540 5539 5539 5539 5539 5539 5539 5540 5540 5540 5541 5541 5541 5537 5537 5537 5542 5542 5542 5538 5538 5538 5538 5538 5538 5542 5542 5542 5543 5543 5543 5540 5540 5540 5543 5543 5543 5541 5541 5541 5542 5542 5542 5544 5544 5544 5543 5543 5543 5545 5545 5545 5546 5546 5546 5537 5537 5537 5537 5537 5537 5546 5546 5546 5547 5547 5547 5546 5546 5546 5445 5445 5445 5547 5547 5547 5547 5547 5547 5445 5445 5445 5548 5548 5548 5549 5549 5549 5548 5548 5548 5437 5437 5437 5550 5550 5550 5548 5548 5548 5549 5549 5549 5551 5551 5551 5537 5537 5537 5550 5550 5550 5552 5552 5552 5550 5550 5550 5549 5549 5549 5551 5551 5551 5550 5550 5550 5552 5552 5552 5544 5544 5544 5551 5551 5551 5552 5552 5552 5543 5543 5543 5544 5544 5544 5553 5553 5553 5553 5553 5553 5554 5554 5554 5555 5555 5555 5556 5556 5556 5553 5553 5553 5555 5555 5555 5543 5543 5543 5553 5553 5553 5556 5556 5556 5541 5541 5541 5543 5543 5543 5556 5556 5556 5556 5556 5556 5557 5557 5557 5558 5558 5558 5559 5559 5559 5556 5556 5556 5558 5558 5558 5541 5541 5541 5556 5556 5556 5559 5559 5559 5559 5559 5559 5560 5560 5560 5561 5561 5561 5562 5562 5562 5559 5559 5559 5561 5561 5561 5563 5563 5563 5541 5541 5541 5559 5559 5559 5563 5563 5563 5559 5559 5559 5562 5562 5562 5564 5564 5564 5541 5541 5541 5563 5563 5563 5562 5562 5562 5565 5565 5565 5566 5566 5566 5567 5567 5567 5564 5564 5564 5563 5563 5563 5532 5532 5532 5564 5564 5564 5567 5567 5567 5568 5568 5568 5562 5562 5562 5566 5566 5566 5569 5569 5569 5532 5532 5532 5567 5567 5567 5522 5522 5522 5532 5532 5532 5569 5569 5569 5570 5570 5570 5522 5522 5522 5569 5569 5569 5571 5571 5571 5570 5570 5570 5569 5569 5569 5571 5571 5571 5569 5569 5569 5572 5572 5572 5573 5573 5573 5571 5571 5571 5572 5572 5572 5572 5572 5572 5569 5569 5569 5574 5574 5574 5569 5569 5569 5575 5575 5575 5574 5574 5574 5574 5574 5574 5575 5575 5575 5576 5576 5576 5575 5575 5575 5563 5563 5563 5576 5576 5576 5576 5576 5576 5563 5563 5563 5562 5562 5562 5576 5576 5576 5562 5562 5562 5568 5568 5568 5577 5577 5577 5578 5578 5578 5568 5568 5568 5578 5578 5578 5579 5579 5579 5568 5568 5568 5580 5580 5580 5576 5576 5576 5568 5568 5568 5568 5568 5568 5579 5579 5579 5580 5580 5580 5581 5581 5581 5576 5576 5576 5580 5580 5580 5582 5582 5582 5581 5581 5581 5580 5580 5580 5583 5583 5583 5581 5581 5581 5582 5582 5582 5584 5584 5584 5583 5583 5583 5582 5582 5582 5573 5573 5573 5583 5583 5583 5584 5584 5584 5585 5585 5585 5573 5573 5573 5584 5584 5584 5579 5579 5579 5586 5586 5586 5580 5580 5580 5580 5580 5580 5586 5586 5586 5587 5587 5587 5579 5579 5579 5588 5588 5588 5586 5586 5586 5586 5586 5586 5589 5589 5589 5587 5587 5587 5587 5587 5587 5589 5589 5589 5584 5584 5584 5590 5590 5590 5579 5579 5579 5591 5591 5591 5592 5592 5592 5593 5593 5593 5589 5589 5589 5593 5593 5593 5594 5594 5594 5589 5589 5589 5589 5589 5589 5594 5594 5594 5595 5595 5595 5594 5594 5594 5596 5596 5596 5595 5595 5595 5589 5589 5589 5597 5597 5597 5584 5584 5584 5584 5584 5584 5597 5597 5597 5598 5598 5598 5596 5596 5596 5599 5599 5599 5597 5597 5597 5597 5597 5597 5599 5599 5599 5598 5598 5598 5600 5600 5600 5599 5599 5599 5601 5601 5601 5601 5601 5601 5602 5602 5602 5603 5603 5603 5603 5603 5603 5602 5602 5602 5604 5604 5604 5605 5605 5605 5604 5604 5604 5602 5602 5602 5606 5606 5606 5605 5605 5605 5602 5602 5602 5607 5607 5607 5579 5579 5579 5590 5590 5590 5607 5607 5607 5608 5608 5608 5579 5579 5579 5609 5609 5609 5608 5608 5608 5607 5607 5607 5610 5610 5610 5607 5607 5607 5590 5590 5590 5611 5611 5611 5607 5607 5607 5610 5610 5610 5612 5612 5612 5611 5611 5611 5610 5610 5610 5613 5613 5613 5611 5611 5611 5612 5612 5612 5614 5614 5614 5613 5613 5613 5612 5612 5612 5615 5615 5615 5613 5613 5613 5614 5614 5614 5616 5616 5616 5617 5617 5617 5618 5618 5618 5618 5618 5618 5619 5619 5619 5620 5620 5620 5619 5619 5619 5621 5621 5621 5622 5622 5622 5619 5619 5619 5623 5623 5623 5620 5620 5620 5620 5620 5620 5623 5623 5623 5624 5624 5624 5623 5623 5623 5625 5625 5625 5624 5624 5624 5624 5624 5624 5625 5625 5625 5626 5626 5626 5625 5625 5625 5627 5627 5627 5626 5626 5626 5622 5622 5622 5268 5268 5268 5628 5628 5628 5268 5268 5268 5629 5629 5629 5628 5628 5628 5628 5628 5628 5629 5629 5629 5630 5630 5630 5629 5629 5629 5631 5631 5631 5630 5630 5630 5630 5630 5630 5631 5631 5631 5632 5632 5632 5631 5631 5631 5633 5633 5633 5632 5632 5632 5632 5632 5632 5633 5633 5633 5627 5627 5627 5633 5633 5633 5634 5634 5634 5627 5627 5627 5627 5627 5627 5634 5634 5634 5635 5635 5635 5635 5635 5635 5636 5636 5636 5637 5637 5637 5626 5626 5626 5627 5627 5627 5638 5638 5638 5627 5627 5627 5636 5636 5636 5638 5638 5638 5638 5638 5638 5636 5636 5636 5639 5639 5639 5639 5639 5639 5640 5640 5640 5641 5641 5641 5642 5642 5642 5639 5639 5639 5643 5643 5643 5644 5644 5644 5645 5645 5645 5642 5642 5642 5646 5646 5646 5644 5644 5644 5642 5642 5642 5647 5647 5647 5648 5648 5648 5646 5646 5646 5648 5648 5648 5649 5649 5649 5650 5650 5650 5648 5648 5648 5651 5651 5651 5646 5646 5646 5646 5646 5646 5651 5651 5651 5652 5652 5652 5651 5651 5651 5653 5653 5653 5652 5652 5652 5652 5652 5652 5653 5653 5653 5654 5654 5654 5653 5653 5653 5655 5655 5655 5654 5654 5654 5656 5656 5656 5644 5644 5644 5646 5646 5646 5657 5657 5657 5656 5656 5656 5646 5646 5646 5658 5658 5658 5656 5656 5656 5657 5657 5657 5654 5654 5654 5658 5658 5658 5657 5657 5657 5659 5659 5659 5658 5658 5658 5654 5654 5654 5654 5654 5654 5655 5655 5655 5660 5660 5660 5655 5655 5655 5661 5661 5661 5660 5660 5660 5661 5661 5661 5662 5662 5662 5663 5663 5663 5662 5662 5662 5664 5664 5664 5663 5663 5663 5663 5663 5663 5664 5664 5664 5665 5665 5665 5666 5666 5666 5663 5663 5663 5660 5660 5660 5663 5663 5663 5667 5667 5667 5660 5660 5660 5667 5667 5667 5668 5668 5668 5660 5660 5660 5669 5669 5669 5668 5668 5668 5670 5670 5670 5671 5671 5671 5666 5666 5666 5672 5672 5672 5664 5664 5664 5673 5673 5673 5674 5674 5674 5674 5674 5674 5673 5673 5673 5675 5675 5675 5676 5676 5676 5671 5671 5671 5292 5292 5292 5671 5671 5671 5655 5655 5655 5292 5292 5292 5655 5655 5655 5677 5677 5677 5292 5292 5292 5292 5292 5292 5677 5677 5677 5678 5678 5678 5678 5678 5678 5677 5677 5677 5285 5285 5285 5677 5677 5677 5679 5679 5679 5285 5285 5285 5285 5285 5285 5679 5679 5679 5680 5680 5680 5679 5679 5679 5681 5681 5681 5680 5680 5680 5682 5682 5682 5292 5292 5292 5294 5294 5294 5683 5683 5683 5682 5682 5682 5294 5294 5294 5683 5683 5683 5684 5684 5684 5685 5685 5685 5684 5684 5684 5686 5686 5686 5685 5685 5685 5685 5685 5685 5686 5686 5686 5687 5687 5687 5688 5688 5688 5689 5689 5689 5675 5675 5675 5349 5349 5349 5689 5689 5689 5688 5688 5688 5675 5675 5675 5689 5689 5689 5690 5690 5690 5347 5347 5347 5689 5689 5689 5349 5349 5349 5691 5691 5691 5689 5689 5689 5347 5347 5347 5692 5692 5692 5691 5691 5691 5347 5347 5347 5461 5461 5461 5692 5692 5692 5347 5347 5347 5693 5693 5693 5692 5692 5692 5461 5461 5461 5694 5694 5694 5695 5695 5695 5693 5693 5693 5696 5696 5696 5697 5697 5697 5693 5693 5693 5698 5698 5698 5692 5692 5692 5693 5693 5693 5699 5699 5699 5698 5698 5698 5693 5693 5693 5698 5698 5698 5700 5700 5700 5692 5692 5692 5692 5692 5692 5700 5700 5700 5701 5701 5701 5701 5701 5701 5700 5700 5700 5689 5689 5689 5700 5700 5700 5702 5702 5702 5703 5703 5703 5704 5704 5704 5705 5705 5705 5700 5700 5700 5706 5706 5706 5700 5700 5700 5698 5698 5698 5707 5707 5707 5708 5708 5708 5706 5706 5706 5708 5708 5708 5709 5709 5709 5706 5706 5706 5709 5709 5709 5710 5710 5710 5711 5711 5711 5710 5710 5710 5700 5700 5700 5706 5706 5706 5712 5712 5712 5700 5700 5700 5710 5710 5710 5713 5713 5713 5714 5714 5714 5712 5712 5712 5715 5715 5715 5716 5716 5716 5712 5712 5712 5716 5716 5716 5717 5717 5717 5712 5712 5712 5712 5712 5712 5717 5717 5717 5718 5718 5718 5712 5712 5712 5718 5718 5718 5700 5700 5700 5718 5718 5718 5719 5719 5719 5700 5700 5700 5718 5718 5718 5720 5720 5720 5721 5721 5721 5720 5720 5720 5722 5722 5722 5721 5721 5721 5721 5721 5721 5722 5722 5722 5723 5723 5723 5722 5722 5722 5724 5724 5724 5723 5723 5723 5723 5723 5723 5724 5724 5724 5725 5725 5725 5726 5726 5726 5689 5689 5689 5700 5700 5700 5727 5727 5727 5728 5728 5728 5726 5726 5726 5726 5726 5726 5728 5728 5728 5729 5729 5729 5689 5689 5689 5726 5726 5726 5730 5730 5730 5730 5730 5730 5726 5726 5726 5731 5731 5731 5726 5726 5726 5732 5732 5732 5731 5731 5731 5731 5731 5731 5732 5732 5732 5733 5733 5733 5734 5734 5734 5732 5732 5732 5735 5735 5735 5736 5736 5736 5733 5733 5733 5737 5737 5737 5738 5738 5738 5689 5689 5689 5730 5730 5730 5689 5689 5689 5738 5738 5738 5690 5690 5690 5690 5690 5690 5738 5738 5738 5739 5739 5739 5739 5739 5739 5738 5738 5738 5740 5740 5740 5740 5740 5740 5738 5738 5738 5741 5741 5741 5741 5741 5741 5738 5738 5738 5742 5742 5742 5738 5738 5738 5743 5743 5743 5742 5742 5742 5738 5738 5738 5744 5744 5744 5743 5743 5743 5744 5744 5744 5736 5736 5736 5743 5743 5743 5743 5743 5743 5736 5736 5736 5745 5745 5745 5736 5736 5736 5746 5746 5746 5745 5745 5745 5745 5745 5745 5746 5746 5746 5747 5747 5747 5747 5747 5747 5748 5748 5748 5749 5749 5749 5743 5743 5743 5749 5749 5749 5750 5750 5750 5750 5750 5750 5749 5749 5749 5751 5751 5751 5749 5749 5749 5752 5752 5752 5751 5751 5751 5752 5752 5752 5753 5753 5753 5751 5751 5751 4621 4621 4621 5743 5743 5743 5750 5750 5750 5742 5742 5742 5743 5743 5743 4621 4621 4621 4621 4621 4621 5754 5754 5754 5755 5755 5755 5754 5754 5754 5756 5756 5756 5742 5742 5742 5742 5742 5742 5756 5756 5756 5757 5757 5757 5757 5757 5757 5758 5758 5758 5759 5759 5759 5760 5760 5760 5758 5758 5758 5757 5757 5757 5761 5761 5761 5760 5760 5760 5762 5762 5762 5760 5760 5760 5763 5763 5763 5762 5762 5762 5760 5760 5760 5754 5754 5754 5763 5763 5763 5762 5762 5762 5763 5763 5763 5764 5764 5764 5764 5764 5764 5763 5763 5763 5644 5644 5644 5765 5765 5765 5754 5754 5754 4621 4621 4621 5754 5754 5754 5765 5765 5765 5763 5763 5763 4622 4622 4622 5765 5765 5765 4621 4621 4621 5765 5765 5765 4622 4622 4622 5766 5766 5766 5763 5763 5763 5767 5767 5767 5644 5644 5644 5644 5644 5644 5767 5767 5767 5768 5768 5768 5767 5767 5767 5769 5769 5769 5768 5768 5768 5770 5770 5770 5771 5771 5771 5767 5767 5767 5772 5772 5772 5773 5773 5773 5770 5770 5770 5774 5774 5774 5772 5772 5772 5770 5770 5770 5763 5763 5763 5772 5772 5772 5774 5774 5774 5763 5763 5763 5775 5775 5775 5772 5772 5772 5772 5772 5772 5775 5775 5775 5776 5776 5776 5775 5775 5775 5777 5777 5777 5776 5776 5776 5776 5776 5776 5778 5778 5778 5779 5779 5779 5780 5780 5780 5775 5775 5775 5763 5763 5763 5765 5765 5765 5780 5780 5780 5763 5763 5763 5765 5765 5765 5781 5781 5781 5780 5780 5780 5781 5781 5781 4622 4622 4622 5782 5782 5782 5781 5781 5781 5783 5783 5783 5780 5780 5780 5780 5780 5780 5783 5783 5783 5784 5784 5784 4586 4586 4586 5781 5781 5781 5782 5782 5782 5782 5782 5782 4588 4588 4588 4586 4586 4586 5785 5785 5785 5781 5781 5781 4586 4586 4586 5786 5786 5786 5785 5785 5785 4586 4586 4586 5783 5783 5783 5786 5786 5786 5784 5784 5784 5787 5787 5787 5786 5786 5786 4586 4586 4586 4583 4583 4583 5786 5786 5786 5787 5787 5787 5788 5788 5788 5786 5786 5786 4583 4583 4583 5788 5788 5788 5789 5789 5789 5786 5786 5786 5784 5784 5784 5786 5786 5786 5790 5790 5790 5786 5786 5786 5791 5791 5791 5790 5790 5790 5790 5790 5790 5792 5792 5792 5784 5784 5784 5792 5792 5792 5793 5793 5793 5794 5794 5794 5793 5793 5793 5795 5795 5795 5796 5796 5796 5792 5792 5792 5794 5794 5794 5797 5797 5797 5798 5798 5798 5792 5792 5792 5797 5797 5797 5794 5794 5794 5799 5799 5799 5797 5797 5797 5800 5800 5800 5798 5798 5798 5797 5797 5797 5799 5799 5799 5801 5801 5801 5797 5797 5797 5801 5801 5801 5802 5802 5802 5803 5803 5803 5797 5797 5797 5801 5801 5801 5803 5803 5803 5797 5797 5797 5804 5804 5804 5805 5805 5805 5806 5806 5806 5797 5797 5797 5805 5805 5805 5806 5806 5806 5807 5807 5807 5808 5808 5808 5809 5809 5809 5797 5797 5797 5806 5806 5806 5810 5810 5810 5806 5806 5806 5808 5808 5808 5811 5811 5811 5797 5797 5797 5809 5809 5809 5800 5800 5800 5797 5797 5797 5811 5811 5811 5812 5812 5812 5806 5806 5806 5810 5810 5810 5813 5813 5813 5800 5800 5800 5811 5811 5811 5814 5814 5814 5813 5813 5813 5811 5811 5811 5811 5811 5811 5812 5812 5812 5810 5810 5810 5815 5815 5815 5811 5811 5811 5810 5810 5810 5816 5816 5816 5817 5817 5817 5810 5810 5810 5817 5817 5817 5818 5818 5818 5810 5810 5810 5810 5810 5810 5819 5819 5819 5815 5815 5815 5819 5819 5819 5820 5820 5820 5815 5815 5815 5818 5818 5818 5819 5819 5819 5810 5810 5810 5821 5821 5821 5822 5822 5822 5818 5818 5818 5822 5822 5822 5823 5823 5823 5818 5818 5818 5819 5819 5819 5824 5824 5824 5825 5825 5825 5638 5638 5638 5824 5824 5824 5819 5819 5819 5818 5818 5818 5826 5826 5826 5819 5819 5819 5823 5823 5823 5826 5826 5826 5818 5818 5818 5827 5827 5827 5638 5638 5638 5819 5819 5819 5823 5823 5823 5828 5828 5828 5826 5826 5826 5829 5829 5829 5638 5638 5638 5827 5827 5827 5830 5830 5830 5829 5829 5829 5827 5827 5827 5831 5831 5831 5829 5829 5829 5830 5830 5830 5832 5832 5832 5831 5831 5831 5830 5830 5830 5833 5833 5833 5831 5831 5831 5832 5832 5832 5834 5834 5834 5833 5833 5833 5832 5832 5832 5835 5835 5835 5836 5836 5836 5834 5834 5834 5837 5837 5837 5828 5828 5828 5823 5823 5823 5838 5838 5838 5839 5839 5839 5823 5823 5823 5839 5839 5839 5837 5837 5837 5823 5823 5823 5840 5840 5840 5841 5841 5841 5837 5837 5837 5841 5841 5841 5842 5842 5842 5837 5837 5837 5837 5837 5837 5842 5842 5842 5843 5843 5843 5844 5844 5844 5845 5845 5845 5846 5846 5846 5847 5847 5847 5848 5848 5848 5844 5844 5844 5849 5849 5849 5850 5850 5850 5851 5851 5851 5852 5852 5852 5853 5853 5853 5850 5850 5850 5854 5854 5854 5853 5853 5853 5852 5852 5852 5854 5854 5854 5855 5855 5855 5853 5853 5853 5854 5854 5854 5345 5345 5345 5855 5855 5855 5856 5856 5856 5345 5345 5345 5854 5854 5854 5857 5857 5857 5856 5856 5856 5854 5854 5854 5858 5858 5858 5854 5854 5854 5852 5852 5852 5859 5859 5859 5857 5857 5857 5854 5854 5854 5860 5860 5860 5857 5857 5857 5859 5859 5859 5861 5861 5861 5860 5860 5860 5859 5859 5859 5372 5372 5372 5860 5860 5860 5861 5861 5861 5862 5862 5862 5372 5372 5372 5861 5861 5861 5861 5861 5861 5863 5863 5863 5862 5862 5862 5864 5864 5864 5854 5854 5854 5858 5858 5858 5865 5865 5865 5854 5854 5854 5864 5864 5864 5866 5866 5866 5865 5865 5865 5864 5864 5864 5861 5861 5861 5865 5865 5865 5866 5866 5866 5867 5867 5867 5861 5861 5861 5866 5866 5866 5866 5866 5866 5868 5868 5868 5867 5867 5867 5868 5868 5868 5866 5866 5866 5869 5869 5869 5866 5866 5866 5870 5870 5870 5869 5869 5869 5870 5870 5870 5858 5858 5858 5869 5869 5869 5869 5869 5869 5871 5871 5871 5868 5868 5868 5872 5872 5872 5873 5873 5873 5871 5871 5871 5871 5871 5871 5869 5869 5869 5872 5872 5872 5872 5872 5872 5869 5869 5869 5874 5874 5874 5869 5869 5869 5858 5858 5858 5875 5875 5875 5869 5869 5869 5875 5875 5875 5874 5874 5874 5858 5858 5858 5876 5876 5876 5875 5875 5875 5876 5876 5876 5336 5336 5336 5875 5875 5875 5875 5875 5875 5336 5336 5336 5877 5877 5877 5875 5875 5875 5877 5877 5877 5878 5878 5878 5874 5874 5874 5875 5875 5875 5879 5879 5879 5879 5879 5879 5875 5875 5875 5880 5880 5880 5875 5875 5875 5881 5881 5881 5880 5880 5880 5880 5880 5880 5881 5881 5881 5882 5882 5882 5879 5879 5879 5880 5880 5880 5883 5883 5883 5883 5883 5883 5880 5880 5880 5884 5884 5884 5880 5880 5880 5885 5885 5885 5884 5884 5884 5884 5884 5884 5885 5885 5885 5886 5886 5886 5887 5887 5887 5879 5879 5879 5883 5883 5883 5888 5888 5888 5879 5879 5879 5887 5887 5887 5889 5889 5889 5888 5888 5888 5887 5887 5887 5872 5872 5872 5888 5888 5888 5889 5889 5889 5890 5890 5890 5872 5872 5872 5889 5889 5889 5889 5889 5889 5891 5891 5891 5890 5890 5890 5270 5270 5270 5889 5889 5889 5892 5892 5892 5889 5889 5889 5893 5893 5893 5892 5892 5892 5892 5892 5892 5893 5893 5893 5894 5894 5894 5893 5893 5893 5883 5883 5883 5894 5894 5894 5894 5894 5894 5883 5883 5883 5895 5895 5895 5883 5883 5883 5896 5896 5896 5895 5895 5895 5895 5895 5895 5896 5896 5896 5897 5897 5897 5896 5896 5896 5898 5898 5898 5897 5897 5897 5897 5897 5897 5898 5898 5898 5899 5899 5899 5900 5900 5900 5901 5901 5901 5902 5902 5902 5903 5903 5903 5904 5904 5904 5900 5900 5900 5905 5905 5905 5904 5904 5904 5903 5903 5903 5170 5170 5170 5905 5905 5905 5903 5903 5903 5167 5167 5167 5905 5905 5905 5170 5170 5170 5906 5906 5906 5907 5907 5907 5905 5905 5905 5908 5908 5908 5906 5906 5906 5905 5905 5905 5909 5909 5909 5906 5906 5906 5908 5908 5908 5910 5910 5910 5909 5909 5909 5908 5908 5908 5911 5911 5911 5909 5909 5909 5910 5910 5910 5912 5912 5912 5911 5911 5911 5910 5910 5910 5913 5913 5913 5905 5905 5905 5914 5914 5914 5905 5905 5905 5167 5167 5167 5914 5914 5914 5914 5914 5914 5915 5915 5915 5916 5916 5916 5917 5917 5917 5914 5914 5914 5916 5916 5916 5918 5918 5918 5917 5917 5917 5916 5916 5916 5914 5914 5914 5167 5167 5167 5919 5919 5919 5920 5920 5920 5921 5921 5921 5919 5919 5919 5919 5919 5919 5921 5921 5921 5922 5922 5922 5919 5919 5919 5167 5167 5167 5923 5923 5923 5167 5167 5167 5924 5924 5924 5923 5923 5923 5923 5923 5923 5924 5924 5924 5925 5925 5925 5926 5926 5926 5923 5923 5923 5927 5927 5927 5928 5928 5928 5929 5929 5929 5930 5930 5930 5930 5930 5930 5931 5931 5931 5932 5932 5932 5932 5932 5932 5933 5933 5933 5930 5930 5930 5934 5934 5934 5932 5932 5932 5931 5931 5931 5935 5935 5935 5936 5936 5936 5934 5934 5934 5936 5936 5936 5932 5932 5932 5934 5934 5934 5937 5937 5937 5938 5938 5938 5936 5936 5936 5936 5936 5936 5938 5938 5938 5932 5932 5932 5938 5938 5938 5939 5939 5939 5932 5932 5932 5932 5932 5932 5940 5940 5940 5933 5933 5933 5933 5933 5933 5940 5940 5940 5941 5941 5941 5940 5940 5940 5942 5942 5942 5941 5941 5941 5943 5943 5943 5940 5940 5940 5932 5932 5932 5944 5944 5944 5943 5943 5943 5932 5932 5932 5939 5939 5939 5944 5944 5944 5932 5932 5932 5945 5945 5945 5943 5943 5943 5944 5944 5944 5946 5946 5946 5945 5945 5945 5944 5944 5944 5946 5946 5946 5947 5947 5947 5948 5948 5948 5949 5949 5949 5946 5946 5946 5948 5948 5948 5946 5946 5946 5944 5944 5944 5950 5950 5950 5944 5944 5944 5951 5951 5951 5950 5950 5950 5951 5951 5951 5952 5952 5952 5950 5950 5950 5950 5950 5950 5952 5952 5952 5953 5953 5953 5954 5954 5954 5955 5955 5955 5952 5952 5952 5956 5956 5956 5957 5957 5957 5954 5954 5954 5958 5958 5958 5957 5957 5957 5956 5956 5956 5959 5959 5959 5952 5952 5952 5960 5960 5960 5959 5959 5959 5960 5960 5960 5961 5961 5961 5962 5962 5962 5944 5944 5944 5939 5939 5939 5963 5963 5963 5939 5939 5939 5964 5964 5964 5939 5939 5939 5965 5965 5965 5964 5964 5964 5939 5939 5939 5966 5966 5966 5962 5962 5962 5964 5964 5964 5967 5967 5967 5966 5966 5966 5968 5968 5968 5962 5962 5962 5966 5966 5966 5967 5967 5967 5968 5968 5968 5966 5966 5966 5969 5969 5969 5962 5962 5962 5968 5968 5968 5967 5967 5967 5970 5970 5970 5968 5968 5968 5971 5971 5971 5969 5969 5969 5968 5968 5968 5970 5970 5970 5971 5971 5971 5968 5968 5968 5970 5970 5970 5972 5972 5972 5971 5971 5971 5973 5973 5973 5974 5974 5974 5975 5975 5975 5976 5976 5976 5973 5973 5973 5977 5977 5977 5973 5973 5973 5978 5978 5978 5977 5977 5977 5978 5978 5978 5979 5979 5979 5977 5977 5977 5977 5977 5977 5979 5979 5979 5980 5980 5980 5981 5981 5981 5982 5982 5982 5983 5983 5983 4270 4270 4270 5981 5981 5981 5984 5984 5984 5981 5981 5981 5985 5985 5985 5984 5984 5984 5985 5985 5985 5986 5986 5986 5984 5984 5984 5984 5984 5984 5986 5986 5986 5987 5987 5987 5988 5988 5988 5989 5989 5989 5990 5990 5990 5988 5988 5988 5991 5991 5991 4740 4740 4740 5992 5992 5992 5988 5988 5988 4740 4740 4740 5993 5993 5993 5992 5992 5992 5994 5994 5994 5994 5994 5994 5992 5992 5992 5995 5995 5995 4740 4740 4740 5991 5991 5991 5996 5996 5996 4740 4740 4740 5996 5996 5996 4741 4741 4741 5991 5991 5991 4659 4659 4659 5996 5996 5996 5996 5996 5996 4659 4659 4659 5997 5997 5997 4741 4741 4741 5996 5996 5996 5998 5998 5998 5996 5996 5996 5999 5999 5999 5998 5998 5998 5998 5998 5998 5999 5999 5999 6000 6000 6000 5999 5999 5999 6001 6001 6001 6000 6000 6000 6000 6000 6000 6001 6001 6001 6002 6002 6002 6003 6003 6003 6004 6004 6004 6005 6005 6005 6006 6006 6006 6007 6007 6007 6005 6005 6005 6008 6008 6008 6006 6006 6006 6005 6005 6005 6009 6009 6009 6010 6010 6010 6008 6008 6008 6011 6011 6011 6006 6006 6006 6012 6012 6012 6012 6012 6012 6013 6013 6013 6009 6009 6009 6014 6014 6014 6011 6011 6011 6012 6012 6012 6009 6009 6009 6013 6013 6013 6015 6015 6015 6014 6014 6014 6012 6012 6012 6016 6016 6016 6011 6011 6011 6017 6017 6017 6018 6018 6018 6017 6017 6017 6019 6019 6019 6018 6018 6018 6020 6020 6020 6014 6014 6014 6016 6016 6016 6019 6019 6019 6014 6014 6014 6020 6020 6020 6019 6019 6019 6021 6021 6021 6022 6022 6022 6023 6023 6023 6021 6021 6021 6019 6019 6019 6013 6013 6013 6024 6024 6024 6025 6025 6025 6024 6024 6024 6026 6026 6026 6025 6025 6025 6013 6013 6013 6027 6027 6027 6015 6015 6015 6026 6026 6026 6028 6028 6028 6027 6027 6027 6027 6027 6027 6028 6028 6028 6029 6029 6029 6027 6027 6027 6030 6030 6030 6015 6015 6015 6031 6031 6031 6032 6032 6032 6030 6030 6030 6015 6015 6015 6030 6030 6030 6033 6033 6033 6030 6030 6030 6032 6032 6032 6033 6033 6033 6034 6034 6034 6035 6035 6035 6032 6032 6032 6032 6032 6032 6035 6035 6035 6036 6036 6036 6036 6036 6036 6035 6035 6035 6037 6037 6037 6032 6032 6032 6036 6036 6036 6033 6033 6033 6033 6033 6033 6038 6038 6038 6015 6015 6015 6015 6015 6015 6038 6038 6038 6039 6039 6039 6033 6033 6033 6040 6040 6040 6041 6041 6041 6042 6042 6042 6040 6040 6040 6033 6033 6033 6038 6038 6038 6043 6043 6043 6039 6039 6039 6039 6039 6039 6043 6043 6043 6016 6016 6016 6044 6044 6044 6038 6038 6038 6033 6033 6033 6043 6043 6043 6045 6045 6045 6016 6016 6016 6046 6046 6046 6044 6044 6044 6033 6033 6033 6016 6016 6016 6045 6045 6045 6047 6047 6047 6045 6045 6045 6019 6019 6019 6047 6047 6047 6023 6023 6023 6019 6019 6019 6045 6045 6045 6043 6043 6043 6048 6048 6048 6045 6045 6045 6023 6023 6023 6049 6049 6049 6050 6050 6050 6049 6049 6049 6023 6023 6023 6045 6045 6045 6051 6051 6051 6052 6052 6052 6049 6049 6049 6053 6053 6053 6051 6051 6051 6049 6049 6049 6054 6054 6054 6053 6053 6053 6055 6055 6055 6056 6056 6056 6053 6053 6053 6054 6054 6054 6056 6056 6056 6057 6057 6057 6058 6058 6058 6059 6059 6059 6060 6060 6060 6057 6057 6057 6061 6061 6061 6059 6059 6059 6057 6057 6057 6058 6058 6058 6062 6062 6062 6063 6063 6063 6064 6064 6064 6058 6058 6058 6063 6063 6063 6063 6063 6063 6049 6049 6049 6065 6065 6065 6065 6065 6065 6049 6049 6049 6045 6045 6045 6065 6065 6065 6045 6045 6045 6066 6066 6066 6067 6067 6067 6064 6064 6064 6066 6066 6066 6068 6068 6068 6064 6064 6064 6067 6067 6067 6066 6066 6066 6045 6045 6045 6069 6069 6069 6070 6070 6070 6068 6068 6068 6067 6067 6067 6069 6069 6069 6045 6045 6045 6071 6071 6071 6072 6072 6072 6070 6070 6070 6067 6067 6067 6073 6073 6073 6070 6070 6070 6072 6072 6072 6074 6074 6074 6075 6075 6075 6070 6070 6070 6074 6074 6074 6073 6073 6073 6076 6076 6076 6077 6077 6077 6074 6074 6074 6070 6070 6070 6076 6076 6076 6077 6077 6077 6078 6078 6078 6078 6078 6078 6077 6077 6077 6072 6072 6072 6078 6078 6078 6079 6079 6079 6080 6080 6080 6081 6081 6081 6079 6079 6079 6078 6078 6078 6082 6082 6082 6083 6083 6083 6079 6079 6079 6084 6084 6084 6083 6083 6083 6082 6082 6082 6082 6082 6082 6085 6085 6085 6084 6084 6084 6086 6086 6086 6085 6085 6085 6082 6082 6082 6087 6087 6087 6086 6086 6086 6082 6082 6082 6071 6071 6071 6086 6086 6086 6087 6087 6087 6045 6045 6045 6086 6086 6086 6071 6071 6071 6087 6087 6087 6088 6088 6088 6089 6089 6089 6045 6045 6045 6090 6090 6090 6086 6086 6086 6086 6086 6086 6090 6090 6090 6091 6091 6091 6092 6092 6092 6090 6090 6090 6045 6045 6045 6093 6093 6093 6092 6092 6092 6045 6045 6045 6094 6094 6094 6093 6093 6093 6045 6045 6045 6048 6048 6048 6094 6094 6094 6045 6045 6045 6090 6090 6090 6095 6095 6095 6091 6091 6091 6096 6096 6096 6048 6048 6048 6097 6097 6097 6038 6038 6038 6096 6096 6096 6097 6097 6097 6044 6044 6044 6096 6096 6096 6038 6038 6038 6091 6091 6091 6095 6095 6095 6098 6098 6098 6091 6091 6091 6098 6098 6098 6099 6099 6099 6084 6084 6084 6091 6091 6091 6099 6099 6099 6098 6098 6098 6095 6095 6095 6100 6100 6100 6095 6095 6095 6101 6101 6101 6100 6100 6100 6100 6100 6100 6101 6101 6101 6102 6102 6102 6103 6103 6103 6104 6104 6104 6098 6098 6098 6104 6104 6104 6105 6105 6105 6098 6098 6098 6106 6106 6106 6104 6104 6104 6107 6107 6107 6108 6108 6108 6104 6104 6104 6106 6106 6106 6102 6102 6102 6101 6101 6101 6109 6109 6109 6101 6101 6101 6110 6110 6110 6109 6109 6109 6110 6110 6110 6111 6111 6111 6109 6109 6109 6111 6111 6111 6112 6112 6112 6109 6109 6109 6108 6108 6108 6102 6102 6102 6113 6113 6113 6102 6102 6102 6109 6109 6109 6113 6113 6113 6114 6114 6114 6108 6108 6108 6113 6113 6113 6115 6115 6115 6114 6114 6114 6116 6116 6116 6114 6114 6114 6113 6113 6113 6116 6116 6116 6116 6116 6116 6113 6113 6113 6117 6117 6117 6113 6113 6113 6118 6118 6118 6117 6117 6117 6117 6117 6117 6118 6118 6118 6119 6119 6119 6113 6113 6113 6109 6109 6109 6120 6120 6120 6109 6109 6109 6119 6119 6119 6120 6120 6120 6121 6121 6121 6119 6119 6119 6109 6109 6109 6122 6122 6122 6123 6123 6123 6121 6121 6121 6124 6124 6124 6121 6121 6121 6123 6123 6123 6125 6125 6125 6126 6126 6126 6123 6123 6123 6126 6126 6126 6127 6127 6127 6123 6123 6123 6128 6128 6128 6121 6121 6121 6109 6109 6109 6121 6121 6121 6128 6128 6128 6129 6129 6129 6128 6128 6128 6130 6130 6130 6129 6129 6129 6131 6131 6131 6130 6130 6130 6128 6128 6128 6132 6132 6132 6128 6128 6128 6109 6109 6109 6133 6133 6133 6134 6134 6134 6128 6128 6128 6135 6135 6135 6134 6134 6134 6133 6133 6133 6136 6136 6136 6132 6132 6132 6109 6109 6109 6132 6132 6132 6136 6136 6136 6135 6135 6135 6109 6109 6109 6112 6112 6112 6136 6136 6136 6112 6112 6112 6137 6137 6137 6136 6136 6136 6138 6138 6138 6135 6135 6135 6136 6136 6136 6137 6137 6137 6139 6139 6139 6136 6136 6136 6140 6140 6140 6138 6138 6138 6136 6136 6136 6141 6141 6141 6138 6138 6138 6140 6140 6140 6142 6142 6142 6141 6141 6141 6140 6140 6140 6136 6136 6136 6139 6139 6139 6143 6143 6143 6139 6139 6139 6144 6144 6144 6143 6143 6143 6143 6143 6143 6145 6145 6145 6136 6136 6136 6145 6145 6145 6146 6146 6146 6136 6136 6136 6147 6147 6147 6145 6145 6145 6143 6143 6143 6148 6148 6148 6149 6149 6149 6146 6146 6146 6150 6150 6150 6149 6149 6149 6148 6148 6148 6147 6147 6147 6150 6150 6150 6148 6148 6148 6151 6151 6151 6150 6150 6150 6147 6147 6147 6152 6152 6152 6151 6151 6151 6147 6147 6147 6153 6153 6153 6147 6147 6147 6143 6143 6143 6154 6154 6154 6147 6147 6147 6153 6153 6153 6154 6154 6154 6152 6152 6152 6155 6155 6155 6156 6156 6156 6152 6152 6152 6154 6154 6154 6157 6157 6157 6156 6156 6156 6154 6154 6154 6143 6143 6143 6144 6144 6144 6044 6044 6044 6144 6144 6144 6158 6158 6158 6044 6044 6044 6158 6158 6158 6159 6159 6159 6044 6044 6044 6143 6143 6143 6044 6044 6044 6160 6160 6160 6159 6159 6159 6096 6096 6096 6044 6044 6044 6161 6161 6161 6154 6154 6154 6160 6160 6160 6044 6044 6044 6161 6161 6161 6160 6160 6160 6154 6154 6154 6161 6161 6161 6162 6162 6162 6163 6163 6163 6162 6162 6162 6161 6161 6161 6164 6164 6164 6163 6163 6163 6161 6161 6161 6165 6165 6165 6161 6161 6161 6044 6044 6044 6166 6166 6166 6164 6164 6164 6161 6161 6161 6167 6167 6167 6166 6166 6166 6044 6044 6044 6168 6168 6168 6166 6166 6166 6167 6167 6167 6167 6167 6167 6044 6044 6044 6046 6046 6046 6166 6166 6166 6169 6169 6169 6170 6170 6170 6171 6171 6171 6169 6169 6169 6166 6166 6166 6172 6172 6172 6171 6171 6171 6046 6046 6046 6046 6046 6046 6171 6171 6171 6173 6173 6173 6040 6040 6040 6169 6169 6169 6171 6171 6171 6174 6174 6174 6169 6169 6169 6040 6040 6040 6174 6174 6174 6175 6175 6175 6176 6176 6176 6176 6176 6176 6175 6175 6175 6177 6177 6177 6096 6096 6096 6178 6178 6178 6179 6179 6179 6180 6180 6180 6178 6178 6178 6096 6096 6096 6179 6179 6179 6178 6178 6178 6181 6181 6181 6182 6182 6182 6178 6178 6178 6180 6180 6180 6181 6181 6181 6178 6178 6178 6183 6183 6183 6184 6184 6184 6178 6178 6178 6182 6182 6182 6183 6183 6183 6178 6178 6178 6185 6185 6185 6186 6186 6186 6178 6178 6178 6184 6184 6184 6185 6185 6185 6178 6178 6178 6187 6187 6187 6188 6188 6188 6178 6178 6178 6186 6186 6186 6187 6187 6187 6178 6178 6178 6189 6189 6189 6190 6190 6190 6178 6178 6178 6188 6188 6188 6189 6189 6189 6178 6178 6178 6191 6191 6191 6192 6192 6192 6178 6178 6178 6190 6190 6190 6191 6191 6191 6178 6178 6178 6193 6193 6193 6193 6193 6193 6178 6178 6178 6192 6192 6192 6194 6194 6194 6195 6195 6195 6196 6196 6196 6197 6197 6197 6198 6198 6198 6194 6194 6194 6198 6198 6198 6199 6199 6199 6194 6194 6194 6200 6200 6200 6194 6194 6194 6201 6201 6201 6202 6202 6202 6200 6200 6200 6201 6201 6201 6203 6203 6203 6200 6200 6200 6202 6202 6202 6204 6204 6204 6200 6200 6200 6203 6203 6203 6205 6205 6205 6206 6206 6206 6207 6207 6207 6207 6207 6207 6208 6208 6208 6209 6209 6209 6210 6210 6210 6207 6207 6207 6209 6209 6209 6210 6210 6210 6209 6209 6209 6211 6211 6211 6210 6210 6210 6211 6211 6211 6212 6212 6212 6210 6210 6210 6213 6213 6213 6207 6207 6207 6214 6214 6214 6213 6213 6213 6210 6210 6210 6207 6207 6207 6213 6213 6213 6215 6215 6215 6215 6215 6215 6213 6213 6213 6216 6216 6216 6217 6217 6217 6218 6218 6218 6219 6219 6219 6218 6218 6218 6220 6220 6220 6219 6219 6219 6221 6221 6221 6222 6222 6222 6220 6220 6220 6223 6223 6223 6221 6221 6221 6220 6220 6220 6224 6224 6224 6223 6223 6223 6220 6220 6220 6224 6224 6224 6225 6225 6225 6223 6223 6223 6226 6226 6226 6225 6225 6225 6224 6224 6224 6222 6222 6222 6227 6227 6227 6228 6228 6228 6228 6228 6228 6227 6227 6227 6229 6229 6229 6227 6227 6227 6230 6230 6230 6229 6229 6229 6229 6229 6229 6230 6230 6230 6231 6231 6231 6230 6230 6230 6232 6232 6232 6231 6231 6231 6232 6232 6232 6233 6233 6233 6231 6231 6231 6234 6234 6234 6235 6235 6235 6236 6236 6236 6236 6236 6236 6235 6235 6235 6237 6237 6237 6238 6238 6238 6239 6239 6239 6240 6240 6240 6240 6240 6240 6239 6239 6239 6241 6241 6241 6242 6242 6242 6243 6243 6243 6244 6244 6244 6243 6243 6243 6245 6245 6245 6244 6244 6244 6246 6246 6246 6247 6247 6247 6248 6248 6248 6247 6247 6247 6249 6249 6249 6248 6248 6248 6250 6250 6250 6251 6251 6251 6252 6252 6252 6251 6251 6251 6253 6253 6253 6252 6252 6252 6254 6254 6254 6255 6255 6255 6256 6256 6256 6255 6255 6255 6257 6257 6257 6256 6256 6256 6258 6258 6258 6259 6259 6259 6260 6260 6260 6261 6261 6261 6259 6259 6259 6258 6258 6258 6262 6262 6262 6263 6263 6263 6261 6261 6261 6261 6261 6261 6263 6263 6263 6264 6264 6264 6264 6264 6264 6263 6263 6263 6265 6265 6265 6266 6266 6266 6267 6267 6267 6268 6268 6268 6269 6269 6269 6266 6266 6266 6268 6268 6268 6270 6270 6270 6271 6271 6271 6269 6269 6269 6272 6272 6272 6270 6270 6270 6269 6269 6269 6273 6273 6273 6270 6270 6270 6272 6272 6272 6274 6274 6274 6275 6275 6275 6276 6276 6276 6276 6276 6276 6275 6275 6275 6277 6277 6277 6278 6278 6278 6279 6279 6279 6280 6280 6280 6279 6279 6279 6281 6281 6281 6280 6280 6280 6282 6282 6282 6283 6283 6283 6284 6284 6284 6284 6284 6284 6283 6283 6283 6285 6285 6285 6286 6286 6286 6287 6287 6287 6288 6288 6288 6288 6288 6288 6287 6287 6287 6289 6289 6289 6290 6290 6290 6291 6291 6291 6292 6292 6292 6293 6293 6293 6290 6290 6290 6292 6292 6292 6294 6294 6294 6293 6293 6293 6295 6295 6295 6293 6293 6293 6296 6296 6296 6295 6295 6295 6297 6297 6297 6298 6298 6298 6299 6299 6299 6299 6299 6299 6298 6298 6298 6300 6300 6300 6301 6301 6301 6302 6302 6302 6303 6303 6303 6303 6303 6303 6302 6302 6302 6304 6304 6304 6305 6305 6305 6306 6306 6306 6307 6307 6307 6307 6307 6307 6306 6306 6306 6308 6308 6308 6309 6309 6309 6310 6310 6310 6311 6311 6311 6312 6312 6312 6309 6309 6309 6311 6311 6311 6312 6312 6312 6313 6313 6313 6314 6314 6314 6314 6314 6314 6313 6313 6313 6315 6315 6315 6315 6315 6315 6313 6313 6313 6316 6316 6316 6317 6317 6317 6315 6315 6315 6318 6318 6318 6319 6319 6319 6315 6315 6315 6317 6317 6317 6320 6320 6320 6321 6321 6321 6322 6322 6322 6321 6321 6321 6323 6323 6323 6322 6322 6322 6324 6324 6324 6325 6325 6325 6326 6326 6326 6325 6325 6325 6327 6327 6327 6326 6326 6326 6327 6327 6327 6328 6328 6328 6329 6329 6329 6329 6329 6329 6328 6328 6328 6330 6330 6330 6331 6331 6331 6332 6332 6332 6333 6333 6333 6333 6333 6333 6332 6332 6332 6334 6334 6334 6335 6335 6335 6336 6336 6336 6334 6334 6334 6334 6334 6334 6336 6336 6336 6337 6337 6337 6336 6336 6336 6338 6338 6338 6337 6337 6337 6337 6337 6337 6338 6338 6338 6339 6339 6339 6340 6340 6340 6341 6341 6341 6342 6342 6342 6342 6342 6342 6341 6341 6341 6343 6343 6343 6344 6344 6344 6345 6345 6345 6346 6346 6346 6346 6346 6346 6345 6345 6345 6347 6347 6347 6348 6348 6348 6349 6349 6349 6350 6350 6350 6350 6350 6350 6349 6349 6349 6351 6351 6351 6352 6352 6352 6353 6353 6353 6354 6354 6354 6354 6354 6354 6353 6353 6353 6355 6355 6355 6356 6356 6356 6357 6357 6357 6358 6358 6358 6358 6358 6358 6357 6357 6357 6359 6359 6359 6360 6360 6360 6361 6361 6361 6362 6362 6362 6362 6362 6362 6361 6361 6361 6363 6363 6363 6364 6364 6364 6365 6365 6365 6366 6366 6366 6366 6366 6366 6365 6365 6365 6367 6367 6367 6368 6368 6368 6369 6369 6369 6370 6370 6370 6369 6369 6369 6371 6371 6371 6370 6370 6370 6372 6372 6372 6373 6373 6373 6374 6374 6374 6374 6374 6374 6373 6373 6373 6375 6375 6375 6376 6376 6376 6377 6377 6377 6378 6378 6378 6379 6379 6379 6377 6377 6377 6376 6376 6376 6380 6380 6380 6381 6381 6381 6379 6379 6379 6382 6382 6382 6381 6381 6381 6380 6380 6380 6383 6383 6383 6382 6382 6382 6380 6380 6380 6384 6384 6384 6382 6382 6382 6383 6383 6383 6385 6385 6385 6384 6384 6384 6383 6383 6383 6386 6386 6386 6387 6387 6387 6388 6388 6388 6387 6387 6387 6389 6389 6389 6388 6388 6388 6390 6390 6390 6391 6391 6391 6392 6392 6392 6393 6393 6393 6390 6390 6390 6392 6392 6392 6393 6393 6393 6394 6394 6394 6395 6395 6395 6396 6396 6396 6394 6394 6394 6393 6393 6393 6397 6397 6397 6394 6394 6394 6396 6396 6396 6398 6398 6398 6397 6397 6397 6396 6396 6396 6399 6399 6399 6400 6400 6400 6401 6401 6401 6401 6401 6401 6400 6400 6400 6402 6402 6402 6403 6403 6403 6404 6404 6404 6405 6405 6405 6405 6405 6405 6406 6406 6406 6407 6407 6407 6407 6407 6407 6408 6408 6408 6404 6404 6404 6406 6406 6406 6409 6409 6409 6407 6407 6407 6410 6410 6410 6408 6408 6408 6407 6407 6407 6407 6407 6407 6409 6409 6409 6411 6411 6411 6412 6412 6412 6408 6408 6408 6410 6410 6410 6413 6413 6413 6412 6412 6412 6410 6410 6410 6411 6411 6411 6409 6409 6409 6414 6414 6414 6411 6411 6411 6414 6414 6414 6415 6415 6415 6416 6416 6416 6411 6411 6411 6415 6415 6415 6416 6416 6416 6417 6417 6417 6411 6411 6411 6417 6417 6417 6418 6418 6418 6411 6411 6411 6410 6410 6410 6419 6419 6419 6420 6420 6420 6421 6421 6421 6422 6422 6422 6410 6410 6410 6422 6422 6422 6423 6423 6423 6410 6410 6410 6410 6410 6410 6423 6423 6423 6424 6424 6424 6425 6425 6425 6426 6426 6426 6427 6427 6427 6427 6427 6427 6426 6426 6426 6428 6428 6428 6429 6429 6429 6430 6430 6430 6431 6431 6431 6430 6430 6430 6432 6432 6432 6431 6431 6431 6433 6433 6433 6434 6434 6434 6435 6435 6435 6435 6435 6435 6434 6434 6434 6436 6436 6436 6437 6437 6437 6438 6438 6438 6439 6439 6439 6438 6438 6438 6440 6440 6440 6439 6439 6439 6441 6441 6441 6442 6442 6442 6443 6443 6443 6442 6442 6442 6444 6444 6444 6443 6443 6443 6445 6445 6445 6446 6446 6446 6447 6447 6447 6446 6446 6446 6448 6448 6448 6447 6447 6447 6449 6449 6449 6450 6450 6450 6451 6451 6451 6450 6450 6450 6452 6452 6452 6451 6451 6451 6453 6453 6453 6454 6454 6454 6455 6455 6455 6454 6454 6454 6456 6456 6456 6455 6455 6455 6457 6457 6457 6458 6458 6458 6459 6459 6459 6458 6458 6458 6460 6460 6460 6459 6459 6459 6461 6461 6461 6462 6462 6462 6463 6463 6463 6464 6464 6464 6461 6461 6461 6463 6463 6463 6465 6465 6465 6464 6464 6464 6463 6463 6463 6466 6466 6466 6464 6464 6464 6465 6465 6465 6467 6467 6467 6468 6468 6468 6469 6469 6469 6468 6468 6468 6470 6470 6470 6469 6469 6469 6470 6470 6470 6471 6471 6471 6469 6469 6469 6472 6472 6472 6473 6473 6473 6474 6474 6474 6473 6473 6473 6475 6475 6475 6474 6474 6474 6474 6474 6474 6475 6475 6475 6476 6476 6476 6477 6477 6477 6478 6478 6478 6479 6479 6479 6478 6478 6478 6480 6480 6480 6479 6479 6479 6479 6479 6479 6480 6480 6480 6481 6481 6481 6482 6482 6482 6483 6483 6483 6484 6484 6484 6483 6483 6483 6485 6485 6485 6484 6484 6484 6484 6484 6484 6485 6485 6485 6486 6486 6486 6487 6487 6487 6488 6488 6488 6489 6489 6489 6489 6489 6489 6488 6488 6488 6490 6490 6490 6491 6491 6491 6489 6489 6489 6492 6492 6492 6493 6493 6493 6491 6491 6491 6492 6492 6492 6494 6494 6494 6495 6495 6495 6491 6491 6491 6494 6494 6494 6496 6496 6496 6497 6497 6497 6498 6498 6498 6494 6494 6494 6497 6497 6497 6499 6499 6499 6500 6500 6500 6501 6501 6501 6500 6500 6500 6502 6502 6502 6501 6501 6501 6501 6501 6501 6502 6502 6502 6503 6503 6503 6504 6504 6504 6505 6505 6505 6506 6506 6506 6505 6505 6505 6507 6507 6507 6506 6506 6506 6506 6506 6506 6507 6507 6507 6508 6508 6508 6509 6509 6509 6510 6510 6510 6511 6511 6511 6512 6512 6512 6509 6509 6509 6511 6511 6511 6513 6513 6513 6512 6512 6512 6511 6511 6511 6514 6514 6514 6512 6512 6512 6513 6513 6513 6515 6515 6515 6512 6512 6512 6514 6514 6514 6516 6516 6516 6515 6515 6515 6514 6514 6514 6517 6517 6517 6516 6516 6516 6514 6514 6514 6518 6518 6518 6517 6517 6517 6514 6514 6514 6519 6519 6519 6518 6518 6518 6514 6514 6514 6520 6520 6520 6518 6518 6518 6519 6519 6519 6519 6519 6519 6521 6521 6521 6522 6522 6522 6523 6523 6523 6519 6519 6519 6522 6522 6522 6524 6524 6524 6519 6519 6519 6523 6523 6523 6525 6525 6525 6520 6520 6520 6519 6519 6519 6525 6525 6525 6519 6519 6519 6524 6524 6524 6526 6526 6526 6520 6520 6520 6525 6525 6525 6524 6524 6524 6527 6527 6527 6525 6525 6525 6524 6524 6524 6528 6528 6528 6527 6527 6527 6527 6527 6527 6529 6529 6529 6525 6525 6525 6530 6530 6530 6528 6528 6528 6524 6524 6524 6525 6525 6525 6529 6529 6529 6531 6531 6531 6532 6532 6532 6528 6528 6528 6530 6530 6530 6531 6531 6531 6533 6533 6533 6525 6525 6525 6534 6534 6534 6532 6532 6532 6530 6530 6530 6533 6533 6533 6535 6535 6535 6525 6525 6525 6525 6525 6525 6535 6535 6535 6536 6536 6536 6536 6536 6536 6537 6537 6537 6525 6525 6525 6538 6538 6538 6534 6534 6534 6530 6530 6530 6537 6537 6537 6539 6539 6539 6525 6525 6525 6540 6540 6540 6534 6534 6534 6538 6538 6538 6537 6537 6537 6541 6541 6541 6539 6539 6539 6538 6538 6538 6542 6542 6542 6540 6540 6540 6541 6541 6541 6543 6543 6543 6539 6539 6539 6544 6544 6544 6542 6542 6542 6538 6538 6538 6545 6545 6545 6544 6544 6544 6538 6538 6538 6545 6545 6545 6538 6538 6538 6546 6546 6546 6539 6539 6539 6543 6543 6543 6547 6547 6547 6538 6538 6538 6548 6548 6548 6546 6546 6546 6547 6547 6547 6549 6549 6549 6539 6539 6539 6546 6546 6546 6548 6548 6548 6550 6550 6550 6549 6549 6549 6551 6551 6551 6539 6539 6539 6552 6552 6552 6550 6550 6550 6548 6548 6548 6539 6539 6539 6551 6551 6551 6553 6553 6553 6548 6548 6548 6554 6554 6554 6552 6552 6552 6539 6539 6539 6553 6553 6553 6555 6555 6555 6556 6556 6556 6554 6554 6554 6548 6548 6548 6557 6557 6557 6556 6556 6556 6548 6548 6548 6558 6558 6558 6539 6539 6539 6555 6555 6555 6559 6559 6559 6539 6539 6539 6558 6558 6558 6560 6560 6560 6559 6559 6559 6558 6558 6558 6561 6561 6561 6562 6562 6562 6558 6558 6558 6563 6563 6563 6561 6561 6561 6558 6558 6558 6564 6564 6564 6563 6563 6563 6558 6558 6558 6558 6558 6558 6565 6565 6565 6564 6564 6564 6566 6566 6566 6565 6565 6565 6558 6558 6558 6567 6567 6567 6566 6566 6566 6558 6558 6558 6558 6558 6558 6568 6568 6568 6567 6567 6567 6569 6569 6569 6568 6568 6568 6558 6558 6558 6570 6570 6570 6569 6569 6569 6558 6558 6558 6558 6558 6558 6571 6571 6571 6570 6570 6570 6558 6558 6558 6572 6572 6572 6571 6571 6571 6572 6572 6572 6573 6573 6573 6571 6571 6571 6571 6571 6571 6573 6573 6573 6574 6574 6574 6574 6574 6574 6575 6575 6575 6571 6571 6571 6575 6575 6575 6576 6576 6576 6571 6571 6571 6571 6571 6571 6576 6576 6576 6577 6577 6577 6577 6577 6577 6578 6578 6578 6571 6571 6571 6578 6578 6578 6579 6579 6579 6571 6571 6571 6579 6579 6579 6580 6580 6580 6571 6571 6571 6571 6571 6571 6580 6580 6580 6581 6581 6581 6581 6581 6581 6582 6582 6582 6571 6571 6571 6582 6582 6582 6583 6583 6583 6571 6571 6571 6571 6571 6571 6583 6583 6583 6584 6584 6584 6585 6585 6585 6586 6586 6586 6587 6587 6587 6586 6586 6586 6588 6588 6588 6587 6587 6587 6588 6588 6588 6589 6589 6589 6587 6587 6587 6590 6590 6590 6591 6591 6591 6592 6592 6592 6593 6593 6593 6592 6592 6592 6591 6591 6591 6594 6594 6594 6592 6592 6592 6593 6593 6593 6595 6595 6595 6596 6596 6596 6594 6594 6594 6597 6597 6597 6594 6594 6594 6596 6596 6596 6597 6597 6597 6598 6598 6598 6594 6594 6594 6598 6598 6598 6083 6083 6083 6594 6594 6594 6088 6088 6088 6599 6599 6599 6597 6597 6597 6594 6594 6594 6600 6600 6600 6601 6601 6601 6600 6600 6600 6084 6084 6084 6601 6601 6601 6084 6084 6084 6602 6602 6602 6601 6601 6601 6601 6601 6601 6602 6602 6602 6603 6603 6603 6603 6603 6603 6602 6602 6602 6604 6604 6604 6603 6603 6603 6604 6604 6604 6605 6605 6605 6606 6606 6606 6603 6603 6603 6607 6607 6607 6607 6607 6607 6603 6603 6603 6608 6608 6608 6609 6609 6609 6608 6608 6608 6603 6603 6603 6610 6610 6610 6609 6609 6609 6603 6603 6603 6611 6611 6611 6609 6609 6609 6612 6612 6612 6613 6613 6613 6614 6614 6614 6612 6612 6612 6610 6610 6610 6615 6615 6615 6613 6613 6613 6613 6613 6613 6615 6615 6615 6616 6616 6616 6603 6603 6603 6108 6108 6108 6617 6617 6617 6617 6617 6617 6108 6108 6108 6615 6615 6615 6088 6088 6088 6618 6618 6618 6619 6619 6619 6618 6618 6618 6620 6620 6620 6619 6619 6619 6621 6621 6621 6618 6618 6618 6088 6088 6088 6622 6622 6622 6621 6621 6621 6088 6088 6088 6623 6623 6623 6621 6621 6621 6622 6622 6622 6624 6624 6624 6625 6625 6625 6626 6626 6626 6626 6626 6626 6625 6625 6625 6627 6627 6627 6625 6625 6625 6628 6628 6628 6627 6627 6627 6628 6628 6628 6629 6629 6629 6627 6627 6627 6627 6627 6627 6629 6629 6629 6630 6630 6630 6629 6629 6629 6631 6631 6631 6630 6630 6630 6632 6632 6632 6633 6633 6633 6634 6634 6634 6635 6635 6635 6632 6632 6632 6634 6634 6634 6636 6636 6636 6632 6632 6632 6635 6635 6635 6637 6637 6637 6636 6636 6636 6635 6635 6635 6638 6638 6638 6637 6637 6637 6635 6635 6635 6639 6639 6639 6640 6640 6640 6641 6641 6641 6642 6642 6642 6639 6639 6639 6641 6641 6641 6643 6643 6643 6639 6639 6639 6642 6642 6642 6644 6644 6644 6643 6643 6643 6642 6642 6642 6645 6645 6645 6644 6644 6644 6642 6642 6642 6644 6644 6644 6646 6646 6646 6647 6647 6647 6647 6647 6647 6646 6646 6646 6648 6648 6648 6646 6646 6646 6649 6649 6649 6648 6648 6648 6648 6648 6648 6649 6649 6649 6650 6650 6650 6648 6648 6648 6651 6651 6651 6652 6652 6652 6652 6652 6652 6651 6651 6651 6653 6653 6653 6654 6654 6654 6655 6655 6655 6652 6652 6652 6652 6652 6652 6655 6655 6655 6656 6656 6656 6656 6656 6656 6655 6655 6655 6657 6657 6657 6655 6655 6655 6658 6658 6658 6657 6657 6657 6659 6659 6659 6660 6660 6660 6661 6661 6661 6662 6662 6662 6660 6660 6660 6659 6659 6659 6663 6663 6663 6662 6662 6662 6659 6659 6659 6664 6664 6664 6662 6662 6662 6663 6663 6663 6665 6665 6665 6664 6664 6664 6663 6663 6663 6666 6666 6666 6665 6665 6665 6663 6663 6663 6667 6667 6667 6665 6665 6665 6666 6666 6666 6668 6668 6668 6667 6667 6667 6666 6666 6666 6669 6669 6669 6667 6667 6667 6668 6668 6668 6670 6670 6670 6669 6669 6669 6668 6668 6668 6671 6671 6671 6670 6670 6670 6668 6668 6668 6672 6672 6672 6673 6673 6673 6674 6674 6674 6674 6674 6674 6673 6673 6673 6675 6675 6675 6673 6673 6673 6676 6676 6676 6675 6675 6675 6677 6677 6677 6678 6678 6678 6679 6679 6679 6679 6679 6679 6678 6678 6678 6680 6680 6680 6678 6678 6678 6681 6681 6681 6680 6680 6680 6682 6682 6682 6683 6683 6683 6684 6684 6684 6684 6684 6684 6685 6685 6685 6682 6682 6682 6682 6682 6682 6685 6685 6685 6686 6686 6686 6685 6685 6685 6687 6687 6687 6686 6686 6686 6686 6686 6686 6687 6687 6687 6688 6688 6688 6688 6688 6688 6687 6687 6687 6689 6689 6689 6689 6689 6689 6687 6687 6687 6690 6690 6690 6687 6687 6687 6691 6691 6691 6690 6690 6690 6692 6692 6692 6693 6693 6693 5491 5491 5491 6694 6694 6694 6692 6692 6692 5491 5491 5491 6695 6695 6695 6692 6692 6692 6694 6694 6694 6696 6696 6696 6695 6695 6695 6697 6697 6697 6698 6698 6698 6695 6695 6695 6696 6696 6696 6699 6699 6699 6698 6698 6698 6696 6696 6696 6700 6700 6700 6698 6698 6698 6699 6699 6699 6701 6701 6701 6698 6698 6698 6700 6700 6700 6702 6702 6702 6703 6703 6703 6700 6700 6700 6703 6703 6703 6704 6704 6704 6700 6700 6700 6705 6705 6705 6706 6706 6706 6707 6707 6707 6707 6707 6707 6706 6706 6706 6708 6708 6708 6706 6706 6706 6709 6709 6709 6708 6708 6708 6710 6710 6710 6711 6711 6711 6712 6712 6712 6713 6713 6713 6710 6710 6710 6712 6712 6712 6714 6714 6714 6710 6710 6710 6713 6713 6713 6715 6715 6715 6714 6714 6714 6713 6713 6713 6714 6714 6714 6715 6715 6715 6716 6716 6716 6717 6717 6717 6714 6714 6714 6716 6716 6716 6718 6718 6718 6719 6719 6719 6720 6720 6720 6719 6719 6719 6721 6721 6721 6720 6720 6720 6721 6721 6721 6722 6722 6722 6720 6720 6720 6722 6722 6722 6723 6723 6723 6720 6720 6720 5225 5225 5225 6724 6724 6724 6725 6725 6725 6726 6726 6726 5225 5225 5225 6725 6725 6725 6726 6726 6726 6727 6727 6727 6728 6728 6728 6729 6729 6729 5225 5225 5225 6726 6726 6726 4572 4572 4572 5225 5225 5225 6729 6729 6729 4569 4569 4569 4572 4572 4572 6729 6729 6729 6730 6730 6730 6726 6726 6726 6728 6728 6728 6731 6731 6731 6726 6726 6726 6730 6730 6730 4569 4569 4569 6731 6731 6731 6730 6730 6730 5788 5788 5788 4569 4569 4569 6730 6730 6730 5795 5795 5795 5788 5788 5788 6730 6730 6730 5795 5795 5795 6730 6730 6730 5796 5796 5796 5796 5796 5796 6730 6730 6730 6732 6732 6732 6732 6732 6732 6730 6730 6730 5801 5801 5801 5801 5801 5801 6730 6730 6730 6733 6733 6733 6730 6730 6730 6734 6734 6734 6733 6733 6733 6735 6735 6735 6736 6736 6736 6737 6737 6737 5392 5392 5392 6738 6738 6738 6735 6735 6735 6739 6739 6739 5392 5392 5392 6735 6735 6735 5404 5404 5404 5392 5392 5392 6739 6739 6739 5403 5403 5403 5404 5404 5404 6739 6739 6739 6739 6739 6739 5416 5416 5416 5403 5403 5403 6740 6740 6740 5416 5416 5416 6739 6739 6739 6741 6741 6741 6740 6740 6740 6739 6739 6739 6736 6736 6736 6742 6742 6742 5390 5390 5390 5390 5390 5390 5433 5433 5433 6736 6736 6736 6743 6743 6743 5433 5433 5433 5390 5390 5390 6743 6743 6743 6744 6744 6744 5433 5433 5433 5436 5436 5436 6744 6744 6744 6743 6743 6743 6743 6743 6743 5390 5390 5390 6745 6745 6745 6745 6745 6745 5390 5390 5390 5376 5376 5376 5386 5386 5386 6745 6745 6745 5376 5376 5376 6746 6746 6746 6745 6745 6745 5386 5386 5386 6747 6747 6747 6746 6746 6746 5386 5386 5386 6748 6748 6748 6743 6743 6743 6745 6745 6745 6749 6749 6749 6746 6746 6746 6747 6747 6747 5385 5385 5385 6749 6749 6749 6747 6747 6747 6750 6750 6750 6743 6743 6743 6748 6748 6748 6749 6749 6749 6750 6750 6750 6748 6748 6748 6751 6751 6751 6750 6750 6750 6749 6749 6749 6749 6749 6749 6752 6752 6752 6753 6753 6753 6753 6753 6753 6751 6751 6751 6749 6749 6749 6751 6751 6751 6754 6754 6754 6755 6755 6755 6755 6755 6755 6756 6756 6756 6751 6751 6751 6756 6756 6756 6757 6757 6757 6758 6758 6758 6758 6758 6758 6759 6759 6759 6756 6756 6756 6756 6756 6756 6760 6760 6760 6751 6751 6751 6751 6751 6751 6760 6760 6760 6761 6761 6761 6760 6760 6760 6762 6762 6762 6761 6761 6761 6761 6761 6761 6762 6762 6762 6743 6743 6743 6762 6762 6762 5436 5436 5436 6743 6743 6743 6763 6763 6763 5436 5436 5436 6762 6762 6762 6763 6763 6763 5440 5440 5440 5436 5436 5436 6764 6764 6764 6763 6763 6763 6762 6762 6762 6765 6765 6765 5440 5440 5440 6763 6763 6763 6766 6766 6766 6763 6763 6763 6764 6764 6764 6756 6756 6756 6766 6766 6766 6764 6764 6764 6759 6759 6759 6766 6766 6766 6756 6756 6756 6767 6767 6767 6765 6765 6765 6763 6763 6763 5544 5544 5544 6765 6765 6765 6767 6767 6767 6759 6759 6759 5544 5544 5544 6767 6767 6767 5544 5544 5544 6759 6759 6759 5553 5553 5553 5553 5553 5553 6759 6759 6759 6768 6768 6768 6759 6759 6759 6769 6769 6769 6768 6768 6768 6770 6770 6770 6771 6771 6771 6772 6772 6772 6773 6773 6773 6771 6771 6771 6770 6770 6770 6774 6774 6774 6773 6773 6773 6770 6770 6770 6770 6770 6770 6775 6775 6775 6774 6774 6774 6776 6776 6776 6775 6775 6775 6770 6770 6770 6777 6777 6777 6776 6776 6776 6770 6770 6770 6770 6770 6770 6778 6778 6778 6777 6777 6777 6779 6779 6779 6778 6778 6778 6770 6770 6770 6780 6780 6780 6779 6779 6779 6770 6770 6770 6770 6770 6770 6781 6781 6781 6780 6780 6780 6782 6782 6782 6781 6781 6781 6770 6770 6770 6783 6783 6783 6782 6782 6782 6770 6770 6770 6770 6770 6770 6784 6784 6784 6783 6783 6783 6785 6785 6785 6784 6784 6784 6770 6770 6770 6786 6786 6786 6785 6785 6785 6770 6770 6770 6770 6770 6770 6787 6787 6787 6786 6786 6786 6788 6788 6788 6787 6787 6787 6770 6770 6770 6789 6789 6789 6788 6788 6788 6770 6770 6770 6770 6770 6770 6790 6790 6790 6789 6789 6789 6791 6791 6791 6790 6790 6790 6770 6770 6770 6792 6792 6792 6791 6791 6791 6770 6770 6770 6770 6770 6770 6793 6793 6793 6792 6792 6792 6794 6794 6794 6793 6793 6793 6770 6770 6770 6795 6795 6795 6794 6794 6794 6770 6770 6770 6770 6770 6770 6796 6796 6796 6795 6795 6795 6797 6797 6797 6796 6796 6796 6770 6770 6770 6798 6798 6798 6797 6797 6797 6770 6770 6770 6770 6770 6770 6799 6799 6799 6798 6798 6798 6800 6800 6800 6799 6799 6799 6770 6770 6770 6801 6801 6801 6800 6800 6800 6770 6770 6770 6770 6770 6770 6802 6802 6802 6801 6801 6801 6803 6803 6803 6802 6802 6802 6770 6770 6770 6804 6804 6804 6803 6803 6803 6770 6770 6770 6770 6770 6770 6805 6805 6805 6804 6804 6804 6806 6806 6806 6805 6805 6805 6770 6770 6770 6807 6807 6807 6806 6806 6806 6770 6770 6770 6770 6770 6770 6808 6808 6808 6807 6807 6807 6809 6809 6809 6808 6808 6808 6770 6770 6770 6810 6810 6810 6809 6809 6809 6770 6770 6770 6770 6770 6770 6811 6811 6811 6810 6810 6810 6812 6812 6812 6811 6811 6811 6770 6770 6770 6813 6813 6813 6812 6812 6812 6770 6770 6770 6770 6770 6770 6814 6814 6814 6813 6813 6813 6815 6815 6815 6814 6814 6814 6770 6770 6770 6816 6816 6816 6815 6815 6815 6770 6770 6770 6770 6770 6770 6817 6817 6817 6816 6816 6816 6818 6818 6818 6817 6817 6817 6770 6770 6770 6819 6819 6819 6818 6818 6818 6770 6770 6770</p>
        </triangles>
      </mesh>
    </geometry>
  </library_geometries>
  <library_materials>
    <material id="51994c38c8c04f3ca190fd4a38316510" name="pbrmaterial">
      <instance_effect url="#d0559f88d39a45159a4ed428ad2a1aa3"/>
    </material>
  </library_materials>
  <library_visual_scenes>
    <visual_scene id="scene">
      <node id="node0" name="node0">
        <instance_geometry url="#04a009944f924f3487be49f929900fee">
          <bind_material>
            <technique_common>
              <instance_material symbol="material0" target="#51994c38c8c04f3ca190fd4a38316510"/>
            </technique_common>
          </bind_material>
        </instance_geometry>
      </node>
    </visual_scene>
  </library_visual_scenes>
  <scene>
    <instance_visual_scene url="#scene"/>
  </scene>
</COLLADA>
